fetched_at_et,quote_ts,spot,expiry,type,strike,bid,ask,bid_size,ask_size,last_trade_price,iv,delta,gamma,theta,vega,rho,volume,open_interest
2026-08-27 09:45:42,2026-08-27T09:30:13,768.47,2026-08-27,C,731.0,35.73,38.73,9.0,9.0,34.96,0.0,0.9981,0.0005,-0.0071,0.0014,0.0,0.0,0.0
2026-08-27 09:45:42,2026-08-27T09:30:13,768.47,2026-08-27,P,731.0,0.0,0.01,0.0,1092.0,0.02,0.593,-0.0019,0.0005,-0.0071,0.0014,0.0,0.0,3610.0
2026-08-27 09:45:42,2026-08-27T09:30:13,768.47,2026-08-27,C,732.0,34.73,37.73,9.0,9.0,33.52,0.0,0.998,0.0005,-0.0071,0.0014,0.0,0.0,1.0
2026-08-27 09:45:42,2026-08-27T09:30:13,768.47,2026-08-27,P,732.0,0.0,0.01,0.0,1047.0,0.03,0.5781,-0.002,0.0005,-0.0071,0.0014,0.0,0.0,6718.0
2026-08-27 09:45:42,2026-08-27T09:30:13,768.47,2026-08-27,C,733.0,33.73,36.73,9.0,9.0,33.04,0.0,0.998,0.0005,-0.0072,0.0015,0.0,0.0,0.0
2026-08-27 09:45:42,2026-08-27T09:30:13,768.47,2026-08-27,P,733.0,0.0,0.01,0.0,974.0,0.02,0.5631,-0.002,0.0005,-0.0072,0.0015,0.0,0.0,2383.0
2026-08-27 09:45:42,2026-08-27T09:30:13,768.47,2026-08-27,C,734.0,32.73,35.73,9.0,9.0,32.39,0.0,0.9979,0.0005,-0.0073,0.0015,0.0,0.0,1.0
2026-08-27 09:45:42,2026-08-27T09:30:13,768.47,2026-08-27,P,734.0,0.0,0.01,0.0,951.0,0.02,0.5482,-0.0021,0.0005,-0.0073,0.0015,0.0,0.0,2467.0
2026-08-27 09:45:42,2026-08-27T09:30:13,768.47,2026-08-27,C,735.0,31.61,35.01,9.0,8.0,31.33,0.0,0.9978,0.0006,-0.0073,0.0016,0.0,0.0,6.0
2026-08-27 09:45:42,2026-08-27T09:30:13,768.47,2026-08-27,P,735.0,0.0,0.01,0.0,871.0,0.01,0.5332,-0.0022,0.0006,-0.0073,0.0016,0.0,1.0,526.0
2026-08-27 09:45:42,2026-08-27T09:30:13,768.47,2026-08-27,C,736.0,30.73,33.73,9.0,9.0,30.47,0.0,0.9978,0.0006,-0.0074,0.0016,0.0,0.0,3.0
2026-08-27 09:45:42,2026-08-27T09:30:13,768.47,2026-08-27,P,736.0,0.0,0.01,0.0,851.0,0.01,0.5182,-0.0022,0.0006,-0.0074,0.0016,0.0,0.0,227.0
2026-08-27 09:45:42,2026-08-27T09:30:13,768.47,2026-08-27,C,737.0,29.73,32.73,9.0,9.0,29.89,0.0,0.9977,0.0006,-0.0074,0.0016,0.0,0.0,3.0
2026-08-27 09:45:42,2026-08-27T09:30:13,768.47,2026-08-27,P,737.0,0.0,0.01,0.0,798.0,0.01,0.5032,-0.0023,0.0006,-0.0074,0.0016,0.0,0.0,627.0
2026-08-27 09:45:42,2026-08-27T09:30:13,768.47,2026-08-27,C,738.0,28.73,31.73,9.0,9.0,28.46,0.0,0.9976,0.0007,-0.0075,0.0017,0.0,0.0,2.0
2026-08-27 09:45:42,2026-08-27T09:30:13,768.47,2026-08-27,P,738.0,0.0,0.01,0.0,744.0,0.01,0.4882,-0.0024,0.0007,-0.0075,0.0017,0.0,0.0,563.0
2026-08-27 09:45:42,2026-08-27T09:30:13,768.47,2026-08-27,C,739.0,27.73,30.73,9.0,9.0,28.04,0.0,0.9975,0.0007,-0.0076,0.0018,0.0,0.0,3.0
2026-08-27 09:45:42,2026-08-27T09:30:13,768.47,2026-08-27,P,739.0,0.0,0.01,0.0,714.0,0.01,0.4732,-0.0025,0.0007,-0.0076,0.0018,0.0,0.0,378.0
2026-08-27 09:45:42,2026-08-27T09:30:13,768.47,2026-08-27,C,740.0,26.61,30.02,9.0,9.0,26.78,0.4582,0.9974,0.0008,-0.0076,0.0018,0.0,0.0,4.0
2026-08-27 09:45:42,2026-08-27T09:30:13,768.47,2026-08-27,P,740.0,0.0,0.01,0.0,841.0,0.02,0.4582,-0.0026,0.0008,-0.0076,0.0018,0.0,0.0,1521.0
2026-08-27 09:45:42,2026-08-27T09:30:13,768.47,2026-08-27,C,741.0,25.73,28.73,9.0,9.0,24.06,0.0,0.9973,0.0008,-0.0077,0.0019,0.0,0.0,5.0
2026-08-27 09:45:42,2026-08-27T09:30:13,768.47,2026-08-27,P,741.0,0.0,0.01,0.0,714.0,0.01,0.4431,-0.0027,0.0008,-0.0077,0.0019,0.0,15.0,686.0
2026-08-27 09:45:42,2026-08-27T09:30:13,768.47,2026-08-27,C,742.0,24.73,27.73,9.0,9.0,24.17,0.0,0.9972,0.0009,-0.0078,0.002,0.0,0.0,24.0
2026-08-27 09:45:42,2026-08-27T09:30:13,768.47,2026-08-27,P,742.0,0.0,0.01,0.0,597.0,0.02,0.428,-0.0028,0.0009,-0.0078,0.002,0.0,0.0,680.0
2026-08-27 09:45:42,2026-08-27T09:30:13,768.47,2026-08-27,C,743.0,23.73,26.73,9.0,9.0,23.21,0.0,0.9971,0.001,-0.0078,0.002,0.0,0.0,8.0
2026-08-27 09:45:42,2026-08-27T09:30:13,768.47,2026-08-27,P,743.0,0.0,0.01,0.0,597.0,0.01,0.413,-0.0029,0.001,-0.0078,0.002,0.0,0.0,580.0
2026-08-27 09:45:42,2026-08-27T09:30:13,768.47,2026-08-27,C,744.0,22.73,25.73,9.0,9.0,22.7,0.0,0.997,0.001,-0.0079,0.0021,0.0,0.0,24.0
2026-08-27 09:45:42,2026-08-27T09:30:13,768.47,2026-08-27,P,744.0,0.0,0.01,0.0,777.0,0.01,0.3978,-0.003,0.001,-0.0079,0.0021,0.0,2.0,1156.0
2026-08-27 09:45:42,2026-08-27T09:30:13,768.47,2026-08-27,C,745.0,21.61,25.02,9.0,9.0,21.74,0.3827,0.9968,0.0011,-0.008,0.0022,0.0,0.0,16.0
2026-08-27 09:45:42,2026-08-27T09:30:13,768.47,2026-08-27,P,745.0,0.0,0.01,0.0,587.0,0.02,0.3827,-0.0032,0.0011,-0.008,0.0022,0.0,0.0,2626.0
2026-08-27 09:45:42,2026-08-27T09:30:13,768.47,2026-08-27,C,746.0,20.73,23.54,9.0,8.0,20.61,0.0,0.9967,0.0012,-0.0081,0.0023,0.0,0.0,56.0
2026-08-27 09:45:42,2026-08-27T09:30:13,768.47,2026-08-27,P,746.0,0.0,0.01,0.0,587.0,0.01,0.3675,-0.0033,0.0012,-0.0081,0.0023,0.0,4.0,5788.0
2026-08-27 09:45:42,2026-08-27T09:30:13,768.47,2026-08-27,C,747.0,19.62,22.54,19.0,19.0,20.08,0.0,0.9965,0.0013,-0.0082,0.0024,0.0,0.0,57.0
2026-08-27 09:45:42,2026-08-27T09:30:13,768.47,2026-08-27,P,747.0,0.0,0.01,0.0,587.0,0.01,0.3523,-0.0035,0.0013,-0.0082,0.0024,0.0,12.0,12314.0
2026-08-27 09:45:42,2026-08-27T09:30:13,768.47,2026-08-27,C,748.0,18.62,21.56,11.0,18.0,18.69,0.0,0.9963,0.0014,-0.0083,0.0026,0.0,0.0,78.0
2026-08-27 09:45:42,2026-08-27T09:30:13,768.47,2026-08-27,P,748.0,0.01,0.02,36.0,999.0,0.02,0.3771,-0.0037,0.0014,-0.0083,0.0026,0.0,1.0,2141.0
2026-08-27 09:45:42,2026-08-27T09:30:13,768.47,2026-08-27,C,749.0,17.62,20.55,11.0,9.0,17.94,0.0,0.9961,0.0016,-0.0085,0.0027,0.0,0.0,134.0
2026-08-27 09:45:42,2026-08-27T09:30:13,768.47,2026-08-27,P,749.0,0.01,0.01,771.0,87.0,0.02,0.3448,-0.0039,0.0016,-0.0085,0.0027,0.0,500.0,957.0
2026-08-27 09:45:42,2026-08-27T09:30:13,768.47,2026-08-27,C,750.0,16.62,19.55,19.0,19.0,16.78,0.0,0.9958,0.0017,-0.0088,0.0029,0.0,0.0,235.0
2026-08-27 09:45:42,2026-08-27T09:30:13,768.47,2026-08-27,P,750.0,0.01,0.02,508.0,820.0,0.02,0.3435,-0.0042,0.0017,-0.0088,0.0029,0.0,24.0,7475.0
2026-08-27 09:45:42,2026-08-27T09:30:13,768.47,2026-08-27,C,751.0,15.62,18.55,11.0,19.0,13.91,0.0,0.9955,0.002,-0.0091,0.0031,0.0,0.0,51.0
2026-08-27 09:45:42,2026-08-27T09:30:13,768.47,2026-08-27,P,751.0,0.01,0.02,548.0,756.0,0.02,0.3266,-0.0045,0.002,-0.0091,0.0031,0.0,10.0,2036.0
2026-08-27 09:45:42,2026-08-27T09:30:13,768.47,2026-08-27,C,752.0,14.62,17.55,9.0,8.0,15.16,0.0,0.9951,0.0022,-0.0096,0.0034,0.0,0.0,50.0
2026-08-27 09:45:42,2026-08-27T09:30:13,768.47,2026-08-27,P,752.0,0.0,0.01,0.0,4.0,0.01,0.2756,-0.0049,0.0022,-0.0096,0.0034,0.0,46.0,6184.0
2026-08-27 09:45:42,2026-08-27T09:30:13,768.47,2026-08-27,C,753.0,15.03,15.55,15.0,20.0,13.91,0.0,0.9945,0.0026,-0.0104,0.0038,0.0,0.0,224.0
2026-08-27 09:45:42,2026-08-27T09:30:13,768.47,2026-08-27,P,753.0,0.01,0.02,723.0,617.0,0.01,0.2927,-0.0055,0.0026,-0.0104,0.0038,0.0,51.0,1905.0
2026-08-27 09:45:42,2026-08-27T09:30:13,768.47,2026-08-27,C,754.0,12.63,15.55,17.0,19.0,13.21,0.0,0.9937,0.0031,-0.0115,0.0043,0.0,0.0,155.0
2026-08-27 09:45:42,2026-08-27T09:30:13,768.47,2026-08-27,P,754.0,0.01,0.02,706.0,639.0,0.07,0.2756,-0.0063,0.0031,-0.0115,0.0043,0.0,66.0,2518.0
2026-08-27 09:45:42,2026-08-27T09:30:13,768.47,2026-08-27,C,755.0,13.04,13.56,15.0,9.0,11.66,0.0,0.9925,0.0038,-0.0134,0.005,0.0,0.0,243.0
2026-08-27 09:45:42,2026-08-27T09:30:13,768.47,2026-08-27,P,755.0,0.01,0.02,1295.0,412.0,0.02,0.2584,-0.0075,0.0038,-0.0134,0.005,0.0,75.0,6635.0
2026-08-27 09:45:42,2026-08-27T09:30:13,768.47,2026-08-27,C,756.0,11.14,13.55,17.0,15.0,10.0,0.0,0.9907,0.0048,-0.0162,0.006,0.0,0.0,180.0
2026-08-27 09:45:42,2026-08-27T09:30:13,768.47,2026-08-27,P,756.0,0.02,0.03,449.0,600.0,0.02,0.2574,-0.0093,0.0048,-0.0162,0.006,0.0,35.0,2466.0
2026-08-27 09:45:42,2026-08-27T09:30:13,768.47,2026-08-27,C,757.0,11.09,11.76,1.0,12.0,10.0,0.2892,0.9879,0.0062,-0.0209,0.0075,0.0,0.0,369.0
2026-08-27 09:45:42,2026-08-27T09:30:13,768.47,2026-08-27,P,757.0,0.02,0.03,600.0,404.0,0.02,0.239,-0.0121,0.0062,-0.0209,0.0075,0.0,22.0,2179.0
2026-08-27 09:45:42,2026-08-27T09:30:13,768.47,2026-08-27,C,758.0,10.08,10.57,15.0,11.0,8.42,0.0,0.9836,0.0084,-0.0283,0.0098,0.0,0.0,994.0
2026-08-27 09:45:42,2026-08-27T09:30:13,768.47,2026-08-27,P,758.0,0.03,0.04,469.0,554.0,0.04,0.2315,-0.0164,0.0084,-0.0283,0.0098,0.0,161.0,5271.0
2026-08-27 09:45:42,2026-08-27T09:30:13,768.47,2026-08-27,C,759.0,9.1,9.58,10.0,11.0,8.44,0.1658,0.9769,0.0116,-0.0403,0.0129,0.0,0.0,244.0
2026-08-27 09:45:42,2026-08-27T09:30:13,768.47,2026-08-27,P,759.0,0.04,0.05,432.0,428.0,0.04,0.2207,-0.0231,0.0116,-0.0403,0.0129,0.0,241.0,5933.0
2026-08-27 09:45:42,2026-08-27T09:30:13,768.47,2026-08-27,C,760.0,8.13,8.6,1.0,13.0,7.64,0.1831,0.9666,0.0163,-0.0595,0.0174,0.0,0.0,840.0
2026-08-27 09:45:42,2026-08-27T09:30:13,768.47,2026-08-27,P,760.0,0.06,0.07,377.0,443.0,0.06,0.2136,-0.0334,0.0163,-0.0595,0.0174,0.0,330.0,6095.0
2026-08-27 09:45:42,2026-08-27T09:30:13,768.47,2026-08-27,C,761.0,7.15,7.61,14.0,11.0,6.6,0.1834,0.9512,0.0228,-0.09,0.0234,0.0,0.0,745.0
2026-08-27 09:45:42,2026-08-27T09:30:13,768.47,2026-08-27,P,761.0,0.08,0.09,415.0,342.0,0.1,0.2069,-0.0488,0.0228,-0.09,0.0234,0.0,267.0,2929.0
2026-08-27 09:45:42,2026-08-27T09:30:13,768.47,2026-08-27,C,762.0,5.94,7.65,22.0,24.0,5.9,0.284,0.9284,0.0315,-0.1378,0.0312,0.0,0.0,690.0
2026-08-27 09:45:42,2026-08-27T09:30:13,768.47,2026-08-27,P,762.0,0.13,0.14,367.0,339.0,0.12,0.1988,-0.0716,0.0315,-0.1378,0.0312,0.0,516.0,3422.0
2026-08-27 09:45:42,2026-08-27T09:30:13,768.47,2026-08-27,C,763.0,5.44,5.5,14.0,14.0,5.14,0.1606,0.8958,0.0426,-0.2112,0.0408,0.0,0.0,1330.0
2026-08-27 09:45:42,2026-08-27T09:30:13,768.47,2026-08-27,P,763.0,0.2,0.21,336.0,328.0,0.23,0.1939,-0.1042,0.0426,-0.2112,0.0408,0.0,44.0,5031.0
2026-08-27 09:45:42,2026-08-27T09:30:13,768.47,2026-08-27,C,764.0,4.56,4.62,14.0,16.0,4.43,0.1813,0.8511,0.0558,-0.3213,0.0518,0.0,8.0,1924.0
2026-08-27 09:45:42,2026-08-27T09:30:13,768.47,2026-08-27,P,764.0,0.31,0.32,24.0,68.0,0.32,0.1915,-0.1489,0.0558,-0.3213,0.0518,0.0,124.0,7873.0
2026-08-27 09:45:42,2026-08-27T09:30:13,768.47,2026-08-27,C,765.0,3.74,3.79,38.0,8.0,3.72,0.1841,0.7921,0.07,-0.4814,0.0633,0.0,3.0,4303.0
2026-08-27 09:45:42,2026-08-27T09:30:13,768.47,2026-08-27,P,765.0,0.48,0.49,30.0,86.0,0.47,0.1874,-0.2079,0.07,-0.4814,0.0633,0.0,173.0,5495.0
2026-08-27 09:45:42,2026-08-27T09:30:13,768.47,2026-08-27,C,766.0,2.96,3.01,127.0,16.0,2.99,0.1824,0.7182,0.0839,-0.7066,0.074,0.0,19.0,5065.0
2026-08-27 09:45:42,2026-08-27T09:30:13,768.47,2026-08-27,P,766.0,0.71,0.72,46.0,74.0,0.72,0.1866,-0.2818,0.0839,-0.7066,0.074,0.0,114.0,5339.0
2026-08-27 09:45:42,2026-08-27T09:30:13,768.47,2026-08-27,C,767.0,2.28,2.31,100.0,9.0,2.34,0.1794,0.6305,0.0952,-1.0121,0.0822,0.0,62.0,6518.0
2026-08-27 09:45:42,2026-08-27T09:30:13,768.47,2026-08-27,P,767.0,1.01,1.03,51.0,219.0,1.0,0.1842,-0.3695,0.0952,-1.0121,0.0822,0.0,100.0,3089.0
2026-08-27 09:45:42,2026-08-27T09:30:13,768.47,2026-08-27,C,768.0,1.68,1.71,150.0,64.0,1.73,0.1778,0.5326,0.1017,-1.4107,0.0864,0.0,110.0,4522.0
2026-08-27 09:45:42,2026-08-27T09:30:13,768.47,2026-08-27,P,768.0,1.42,1.43,19.0,17.0,1.43,0.1818,-0.4674,0.1017,-1.4107,0.0864,0.0,18.0,2666.0
2026-08-27 09:45:42,2026-08-27T09:30:13,768.47,2026-08-27,C,769.0,1.19,1.21,19.0,72.0,1.21,0.1759,0.4301,0.1018,-1.2211,0.0854,0.0,180.0,7157.0
2026-08-27 09:45:42,2026-08-27T09:30:13,768.47,2026-08-27,P,769.0,1.91,1.94,7.0,94.0,1.95,0.1789,-0.5699,0.1018,-1.2211,0.0854,0.0,4.0,521.0
2026-08-27 09:45:42,2026-08-27T09:30:13,768.47,2026-08-27,C,770.0,0.8,0.81,5.0,28.0,0.82,0.1737,0.3299,0.095,-0.8257,0.0791,0.0,446.0,7702.0
2026-08-27 09:45:42,2026-08-27T09:30:13,768.47,2026-08-27,P,770.0,2.52,2.56,6.0,55.0,2.5,0.1756,-0.6701,0.095,-0.8257,0.0791,0.0,17.0,984.0
2026-08-27 09:45:42,2026-08-27T09:30:13,768.47,2026-08-27,C,771.0,0.5,0.51,100.0,4.0,0.51,0.1709,0.239,0.0822,-0.5294,0.0684,0.0,108.0,5376.0
2026-08-27 09:45:42,2026-08-27T09:30:13,768.47,2026-08-27,P,771.0,3.2,3.26,14.0,17.0,4.65,0.1877,-0.761,0.0822,-0.5294,0.0684,0.0,0.0,1468.0
2026-08-27 09:45:42,2026-08-27T09:30:13,768.47,2026-08-27,C,772.0,0.3,0.31,64.0,140.0,0.31,0.1691,0.1629,0.0659,-0.3211,0.0549,0.0,114.0,4406.0
2026-08-27 09:45:42,2026-08-27T09:30:13,768.47,2026-08-27,P,772.0,3.99,4.07,39.0,10.0,5.6,0.1802,-0.8371,0.0659,-0.3211,0.0549,0.0,0.0,555.0
2026-08-27 09:45:42,2026-08-27T09:30:13,768.47,2026-08-27,C,773.0,0.17,0.18,104.0,274.0,0.17,0.1686,0.1043,0.0488,-0.1843,0.0411,0.0,62.0,3955.0
2026-08-27 09:45:42,2026-08-27T09:30:13,768.47,2026-08-27,P,773.0,4.68,5.11,14.0,12.0,6.28,0.1797,-0.8957,0.0488,-0.1843,0.0411,0.0,0.0,1148.0
2026-08-27 09:45:42,2026-08-27T09:30:13,768.47,2026-08-27,C,774.0,0.09,0.1,534.0,341.0,0.09,0.1683,0.0631,0.0335,-0.1009,0.0287,0.0,66.0,9159.0
2026-08-27 09:45:42,2026-08-27T09:30:13,768.47,2026-08-27,P,774.0,5.6,6.05,13.0,1.0,7.17,0.187,-0.9369,0.0335,-0.1009,0.0287,0.0,0.0,763.0
2026-08-27 09:45:42,2026-08-27T09:30:13,768.47,2026-08-27,C,775.0,0.05,0.06,422.0,1242.0,0.05,0.1718,0.0366,0.0216,-0.0537,0.019,0.0,114.0,8218.0
2026-08-27 09:45:42,2026-08-27T09:30:13,768.47,2026-08-27,P,775.0,6.53,7.01,22.0,31.0,8.03,0.1931,-0.9634,0.0216,-0.0537,0.019,0.0,0.0,858.0
2026-08-27 09:45:42,2026-08-27T09:30:13,768.47,2026-08-27,C,776.0,0.03,0.04,485.0,466.0,0.04,0.1785,0.021,0.0134,-0.0288,0.0123,0.0,109.0,4528.0
2026-08-27 09:45:42,2026-08-27T09:30:13,768.47,2026-08-27,P,776.0,6.51,8.92,15.0,8.0,10.46,0.1984,-0.979,0.0134,-0.0288,0.0123,0.0,0.0,94.0
2026-08-27 09:45:42,2026-08-27T09:30:13,768.47,2026-08-27,C,777.0,0.02,0.03,517.0,521.0,0.02,0.1881,0.0124,0.0084,-0.0163,0.008,0.0,66.0,4442.0
2026-08-27 09:45:42,2026-08-27T09:30:13,768.47,2026-08-27,P,777.0,7.5,9.91,15.0,8.0,11.0,0.2129,-0.9876,0.0084,-0.0163,0.008,0.0,0.0,199.0
2026-08-27 09:45:42,2026-08-27T09:30:13,768.47,2026-08-27,C,778.0,0.01,0.02,702.0,631.0,0.02,0.1927,0.008,0.0055,-0.0102,0.0054,0.0,5.0,2468.0
2026-08-27 09:45:42,2026-08-27T09:30:13,768.47,2026-08-27,P,778.0,8.49,10.9,15.0,1.0,10.98,0.2364,-0.992,0.0055,-0.0102,0.0054,0.0,0.0,0.0
2026-08-27 09:45:42,2026-08-27T09:30:13,768.47,2026-08-27,C,779.0,0.01,0.02,731.0,758.0,0.01,0.2099,0.0056,0.0038,-0.0073,0.004,0.0,224.0,2257.0
2026-08-27 09:45:42,2026-08-27T09:30:13,768.47,2026-08-27,P,779.0,9.49,11.9,15.0,9.0,14.71,0.2527,-0.9944,0.0038,-0.0073,0.004,0.0,0.0,0.0
2026-08-27 09:45:42,2026-08-27T09:30:13,768.47,2026-08-27,C,780.0,0.01,0.02,485.0,802.0,0.01,0.2268,0.0044,0.0029,-0.0058,0.0032,0.0,117.0,5535.0
2026-08-27 09:45:42,2026-08-27T09:30:13,768.47,2026-08-27,P,780.0,10.49,12.9,10.0,1.0,12.95,0.2722,-0.9956,0.0029,-0.0058,0.0032,0.0,0.0,1.0
2026-08-27 09:45:42,2026-08-27T09:30:13,768.47,2026-08-27,C,781.0,0.0,0.01,0.0,510.0,0.01,0.2157,0.0037,0.0024,-0.0051,0.0028,0.0,11.0,1478.0
2026-08-27 09:45:42,2026-08-27T09:30:13,768.47,2026-08-27,P,781.0,11.48,13.9,9.0,9.0,15.5,0.2872,-0.9963,0.0024,-0.0051,0.0028,0.0,0.0,1.0
2026-08-27 09:45:42,2026-08-27T09:30:13,768.47,2026-08-27,C,782.0,0.0,0.01,0.0,620.0,0.01,0.2308,0.0033,0.002,-0.0048,0.0025,0.0,100.0,2919.0
2026-08-27 09:45:42,2026-08-27T09:30:13,768.47,2026-08-27,P,782.0,12.47,15.39,8.0,9.0,16.55,0.4072,-0.9967,0.002,-0.0048,0.0025,0.0,0.0,0.0
2026-08-27 09:45:42,2026-08-27T09:30:13,768.47,2026-08-27,C,783.0,0.0,0.01,0.0,1240.0,0.01,0.2458,0.003,0.0017,-0.0046,0.0023,0.0,264.0,1573.0
2026-08-27 09:45:42,2026-08-27T09:30:13,768.47,2026-08-27,P,783.0,13.46,16.39,9.0,9.0,16.79,0.428,-0.997,0.0017,-0.0046,0.0023,0.0,0.0,0.0
2026-08-27 09:45:42,2026-08-27T09:30:13,768.47,2026-08-27,C,784.0,0.0,0.01,0.0,762.0,0.01,0.2607,0.0028,0.0015,-0.0045,0.0021,0.0,3.0,1820.0
2026-08-27 09:45:42,2026-08-27T09:30:13,768.47,2026-08-27,P,784.0,14.46,17.39,19.0,19.0,18.93,0.4505,-0.9972,0.0015,-0.0045,0.0021,0.0,0.0,0.0
2026-08-27 09:45:42,2026-08-27T09:30:13,768.47,2026-08-27,C,785.0,0.0,0.01,0.0,689.0,0.02,0.2754,0.0026,0.0014,-0.0044,0.002,0.0,0.0,1464.0
2026-08-27 09:45:42,2026-08-27T09:30:13,768.47,2026-08-27,P,785.0,15.46,18.39,8.0,9.0,19.97,0.4728,-0.9974,0.0014,-0.0044,0.002,0.0,0.0,0.0
2026-08-27 09:45:42,2026-08-27T09:30:13,768.47,2026-08-27,C,786.0,0.0,0.01,0.0,638.0,0.01,0.2901,0.0025,0.0012,-0.0044,0.0019,0.0,0.0,1211.0
2026-08-27 09:45:42,2026-08-27T09:30:13,768.47,2026-08-27,P,786.0,16.46,19.39,8.0,9.0,20.55,0.4949,-0.9975,0.0012,-0.0044,0.0019,0.0,0.0,0.0
2026-08-27 09:45:42,2026-08-27T09:30:13,768.47,2026-08-27,C,787.0,0.0,0.01,0.0,1123.0,0.01,0.3047,0.0024,0.0011,-0.0043,0.0018,0.0,0.0,3748.0
2026-08-27 09:45:42,2026-08-27T09:30:13,768.47,2026-08-27,P,787.0,17.46,20.39,19.0,11.0,21.96,0.5167,-0.9976,0.0011,-0.0043,0.0018,0.0,0.0,0.0
2026-08-27 09:45:42,2026-08-27T09:30:13,768.47,2026-08-27,C,788.0,0.0,0.01,0.0,729.0,0.01,0.3193,0.0023,0.001,-0.0043,0.0017,0.0,93.0,1662.0
2026-08-27 09:45:42,2026-08-27T09:30:13,768.47,2026-08-27,P,788.0,18.47,21.39,19.0,19.0,23.87,0.5406,-0.9977,0.001,-0.0043,0.0017,0.0,0.0,0.0
2026-08-27 09:45:42,2026-08-27T09:30:13,768.47,2026-08-27,C,789.0,0.0,0.01,0.0,877.0,0.02,0.3337,0.0022,0.001,-0.0043,0.0016,0.0,0.0,1705.0
2026-08-27 09:45:42,2026-08-27T09:30:13,768.47,2026-08-27,P,789.0,19.47,22.39,9.0,11.0,22.03,0.5622,-0.9978,0.001,-0.0043,0.0016,0.0,0.0,0.0
2026-08-27 09:45:42,2026-08-27T09:30:13,768.47,2026-08-27,C,790.0,0.0,0.01,0.0,1700.0,0.01,0.3481,0.0021,0.0009,-0.0042,0.0015,0.0,0.0,294.0
2026-08-27 09:45:42,2026-08-27T09:30:13,768.47,2026-08-27,P,790.0,21.55,23.39,8.0,11.0,24.38,0.774,-0.9979,0.0009,-0.0042,0.0015,0.0,0.0,2.0
2026-08-27 09:45:42,2026-08-27T09:30:13,768.47,2026-08-27,C,791.0,0.0,0.01,0.0,850.0,0.01,0.3624,0.002,0.0008,-0.0042,0.0015,0.0,0.0,479.0
2026-08-27 09:45:42,2026-08-27T09:30:13,768.47,2026-08-27,P,791.0,21.45,24.39,1.0,11.0,23.85,0.5998,-0.998,0.0008,-0.0042,0.0015,0.0,0.0,0.0
2026-08-27 09:45:42,2026-08-27T09:30:13,768.47,2026-08-27,C,792.0,0.0,0.01,0.0,886.0,0.01,0.3766,0.0019,0.0008,-0.0042,0.0014,0.0,0.0,563.0
2026-08-27 09:45:42,2026-08-27T09:30:13,768.47,2026-08-27,P,792.0,22.03,25.39,9.0,9.0,26.8,0.434,-0.9981,0.0008,-0.0042,0.0014,0.0,0.0,0.0
2026-08-27 09:45:42,2026-08-27T09:30:13,768.47,2026-08-27,C,793.0,0.0,0.01,0.0,926.0,0.02,0.3908,0.0018,0.0007,-0.0041,0.0014,0.0,0.0,582.0
2026-08-27 09:45:42,2026-08-27T09:30:13,768.47,2026-08-27,P,793.0,23.03,26.39,9.0,9.0,27.62,0.4499,-0.9982,0.0007,-0.0041,0.0014,0.0,0.0,0.0
2026-08-27 09:45:42,2026-08-27T09:30:13,768.47,2026-08-27,C,794.0,0.0,0.01,0.0,1086.0,0.01,0.4049,0.0018,0.0006,-0.0041,0.0013,0.0,0.0,133.0
2026-08-27 09:45:42,2026-08-27T09:30:13,768.47,2026-08-27,P,794.0,24.03,27.39,9.0,9.0,29.84,0.4657,-0.9982,0.0006,-0.0041,0.0013,0.0,0.0,0.0
2026-08-27 09:45:42,2026-08-27T09:30:13,768.47,2026-08-27,C,795.0,0.0,0.01,0.0,3351.0,0.01,0.419,0.0017,0.0006,-0.0041,0.0013,0.0,0.0,71.0
2026-08-27 09:45:42,2026-08-27T09:30:13,768.47,2026-08-27,P,795.0,25.03,28.39,9.0,9.0,30.48,0.4815,-0.9983,0.0006,-0.0041,0.0013,0.0,0.0,0.0
2026-08-27 09:45:42,2026-08-27T09:30:13,768.47,2026-08-27,C,796.0,0.0,0.01,0.0,1026.0,0.01,0.433,0.0016,0.0006,-0.004,0.0012,0.0,0.0,117.0
2026-08-27 09:45:42,2026-08-27T09:30:13,768.47,2026-08-27,P,796.0,26.03,29.39,9.0,9.0,29.1,0.4972,-0.9984,0.0006,-0.004,0.0012,0.0,0.0,0.0
2026-08-27 09:45:42,2026-08-27T09:30:13,768.47,2026-08-27,C,797.0,0.0,0.01,0.0,1194.0,0.01,0.4469,0.0016,0.0005,-0.004,0.0012,0.0,0.0,30.0
2026-08-27 09:45:42,2026-08-27T09:30:13,768.47,2026-08-27,P,797.0,27.03,30.39,9.0,9.0,31.86,0.5128,-0.9984,0.0005,-0.004,0.0012,0.0,0.0,0.0
2026-08-27 09:45:42,2026-08-27T09:30:13,768.47,2026-08-27,C,798.0,0.0,0.01,0.0,2121.0,0.01,0.4608,0.0015,0.0005,-0.004,0.0011,0.0,0.0,50.0
2026-08-27 09:45:42,2026-08-27T09:30:13,768.47,2026-08-27,P,798.0,28.03,31.39,9.0,9.0,32.86,0.5283,-0.9985,0.0005,-0.004,0.0011,0.0,0.0,0.0
2026-08-27 09:45:42,2026-08-27T09:30:13,768.47,2026-08-27,C,799.0,0.0,0.01,0.0,2121.0,0.02,0.4746,0.0015,0.0005,-0.004,0.0011,0.0,0.0,59.0
2026-08-27 09:45:42,2026-08-27T09:30:13,768.47,2026-08-27,P,799.0,29.03,32.39,9.0,9.0,31.53,0.5438,-0.9985,0.0005,-0.004,0.0011,0.0,0.0,0.0
2026-08-27 09:45:42,2026-08-27T09:30:13,768.47,2026-08-27,C,800.0,0.0,0.01,0.0,4570.0,0.01,0.4884,0.0014,0.0004,-0.0039,0.0011,0.0,0.0,245.0
2026-08-27 09:45:42,2026-08-27T09:30:13,768.47,2026-08-27,P,800.0,30.03,33.39,9.0,9.0,33.4,0.5592,-0.9986,0.0004,-0.0039,0.0011,0.0,0.0,0.0
2026-08-27 09:45:42,2026-08-27T09:30:13,768.47,2026-08-27,C,801.0,0.0,0.01,0.0,1173.0,0.01,0.5021,0.0014,0.0004,-0.0039,0.001,0.0,0.0,18.0
2026-08-27 09:45:42,2026-08-27T09:30:13,768.47,2026-08-27,P,801.0,31.39,34.39,9.0,7.0,34.58,0.7842,-0.9986,0.0004,-0.0039,0.001,0.0,0.0,0.0
2026-08-27 09:45:42,2026-08-27T09:30:13,768.47,2026-08-27,C,802.0,0.0,0.01,0.0,2121.0,0.01,0.5158,0.0013,0.0004,-0.0038,0.001,0.0,0.0,58.0
2026-08-27 09:45:42,2026-08-27T09:30:13,768.47,2026-08-27,P,802.0,32.39,35.39,9.0,9.0,36.19,0.8036,-0.9987,0.0004,-0.0038,0.001,0.0,0.0,0.0
2026-08-27 09:45:42,2026-08-27T09:30:13,768.47,2026-08-27,C,803.0,0.0,0.01,0.0,1224.0,0.02,0.5294,0.0013,0.0004,-0.0038,0.001,0.0,0.0,64.0
2026-08-27 09:45:42,2026-08-27T09:30:13,768.47,2026-08-27,P,803.0,32.95,36.47,1.0,1.0,0.0,0.605,-0.9987,0.0004,-0.0038,0.001,0.0,0.0,0.0
2026-08-27 09:45:42,2026-08-27T09:30:13,768.47,2026-08-27,C,804.0,0.0,0.01,0.0,1251.0,0.03,0.543,0.0012,0.0004,-0.0038,0.0009,0.0,0.0,33.0
2026-08-27 09:45:42,2026-08-27T09:30:13,768.47,2026-08-27,P,804.0,33.95,37.47,1.0,1.0,0.0,0.6202,-0.9988,0.0004,-0.0038,0.0009,0.0,0.0,0.0
2026-08-27 09:45:42,2026-08-27T09:30:13,768.47,2026-08-27,C,805.0,0.0,0.01,0.0,2121.0,0.01,0.5565,0.0012,0.0003,-0.0038,0.0009,0.0,0.0,315.0
2026-08-27 09:45:42,2026-08-27T09:30:13,768.47,2026-08-27,P,805.0,34.95,38.47,1.0,1.0,39.15,0.6353,-0.9988,0.0003,-0.0038,0.0009,0.0,0.0,0.0
2026-08-27 09:45:42,2026-08-27T09:30:13,768.47,2026-08-27,C,806.0,0.0,0.01,0.0,2121.0,0.02,0.57,0.0012,0.0003,-0.0037,0.0009,0.0,0.0,315.0
2026-08-27 09:45:42,2026-08-27T09:30:13,768.47,2026-08-27,P,806.0,35.95,39.47,1.0,1.0,0.0,0.6503,-0.9988,0.0003,-0.0037,0.0009,0.0,0.0,0.0
2026-08-27 09:50:43,2026-08-27T09:35:13,767.2699,2026-08-27,C,729.0,38.0,39.99,148.0,36.0,37.8,1.209,0.9967,0.0007,-0.0141,0.0022,0.0,0.0,1.0
2026-08-27 09:50:43,2026-08-27T09:35:13,767.2699,2026-08-27,P,729.0,0.0,0.01,0.0,1258.0,0.01,0.6118,-0.0033,0.0007,-0.0141,0.0022,0.0,3.0,765.0
2026-08-27 09:50:43,2026-08-27T09:35:13,767.2699,2026-08-27,C,730.0,37.0,38.99,148.0,36.0,37.27,1.1836,0.9966,0.0007,-0.0142,0.0023,0.0,0.0,2.0
2026-08-27 09:50:43,2026-08-27T09:35:13,767.2699,2026-08-27,P,730.0,0.0,0.01,0.0,2055.0,0.02,0.5968,-0.0034,0.0007,-0.0142,0.0023,0.0,0.0,369.0
2026-08-27 09:50:43,2026-08-27T09:35:13,767.2699,2026-08-27,C,731.0,36.0,37.99,148.0,36.0,34.96,1.1582,0.9965,0.0008,-0.0143,0.0023,0.0,0.0,0.0
2026-08-27 09:50:43,2026-08-27T09:35:13,767.2699,2026-08-27,P,731.0,0.0,0.01,0.0,1664.0,0.02,0.5817,-0.0035,0.0008,-0.0143,0.0023,0.0,0.0,3610.0
2026-08-27 09:50:43,2026-08-27T09:35:13,767.2699,2026-08-27,C,732.0,35.0,36.99,148.0,36.0,33.52,1.1327,0.9964,0.0008,-0.0144,0.0024,0.0,0.0,1.0
2026-08-27 09:50:43,2026-08-27T09:35:13,767.2699,2026-08-27,P,732.0,0.0,0.01,0.0,2022.0,0.03,0.5667,-0.0036,0.0008,-0.0144,0.0024,0.0,0.0,6718.0
2026-08-27 09:50:43,2026-08-27T09:35:13,767.2699,2026-08-27,C,733.0,34.0,35.99,148.0,36.0,33.04,1.1072,0.9963,0.0008,-0.0145,0.0025,0.0,0.0,0.0
2026-08-27 09:50:43,2026-08-27T09:35:13,767.2699,2026-08-27,P,733.0,0.0,0.01,0.0,1987.0,0.02,0.5516,-0.0037,0.0008,-0.0145,0.0025,0.0,0.0,2383.0
2026-08-27 09:50:43,2026-08-27T09:35:13,767.2699,2026-08-27,C,734.0,33.0,35.0,149.0,148.0,32.39,1.0832,0.9962,0.0009,-0.0146,0.0026,0.0,0.0,1.0
2026-08-27 09:50:43,2026-08-27T09:35:13,767.2699,2026-08-27,P,734.0,0.0,0.01,0.0,1517.0,0.02,0.5365,-0.0038,0.0009,-0.0146,0.0026,0.0,0.0,2467.0
2026-08-27 09:50:43,2026-08-27T09:35:13,767.2699,2026-08-27,C,735.0,32.0,34.0,148.0,148.0,31.33,1.0575,0.996,0.0009,-0.0148,0.0026,0.0,0.0,6.0
2026-08-27 09:50:43,2026-08-27T09:35:13,767.2699,2026-08-27,P,735.0,0.0,0.01,0.0,2394.0,0.01,0.5214,-0.004,0.0009,-0.0148,0.0026,0.0,8.0,526.0
2026-08-27 09:50:43,2026-08-27T09:35:13,767.2699,2026-08-27,C,736.0,31.0,33.0,148.0,149.0,30.47,1.0317,0.9959,0.001,-0.0149,0.0027,0.0,0.0,3.0
2026-08-27 09:50:43,2026-08-27T09:35:13,767.2699,2026-08-27,P,736.0,0.0,0.01,0.0,2006.0,0.01,0.5063,-0.0041,0.001,-0.0149,0.0027,0.0,0.0,227.0
2026-08-27 09:50:43,2026-08-27T09:35:13,767.2699,2026-08-27,C,737.0,30.0,32.0,148.0,148.0,29.89,1.0058,0.9958,0.0011,-0.015,0.0028,0.0,0.0,3.0
2026-08-27 09:50:43,2026-08-27T09:35:13,767.2699,2026-08-27,P,737.0,0.0,0.01,0.0,1667.0,0.01,0.4912,-0.0042,0.0011,-0.015,0.0028,0.0,0.0,627.0
2026-08-27 09:50:43,2026-08-27T09:35:13,767.2699,2026-08-27,C,738.0,29.0,31.0,148.0,148.0,28.46,0.9797,0.9956,0.0011,-0.0151,0.0029,0.0,0.0,2.0
2026-08-27 09:50:43,2026-08-27T09:35:13,767.2699,2026-08-27,P,738.0,0.0,0.01,0.0,1301.0,0.01,0.4761,-0.0044,0.0011,-0.0151,0.0029,0.0,0.0,563.0
2026-08-27 09:50:43,2026-08-27T09:35:13,767.2699,2026-08-27,C,739.0,28.21,30.0,29.0,160.0,28.36,0.9858,0.9955,0.0012,-0.0152,0.003,0.0,1.0,3.0
2026-08-27 09:50:43,2026-08-27T09:35:13,767.2699,2026-08-27,P,739.0,0.0,0.01,0.0,1500.0,0.01,0.4609,-0.0045,0.0012,-0.0152,0.003,0.0,0.0,378.0
2026-08-27 09:50:43,2026-08-27T09:35:13,767.2699,2026-08-27,C,740.0,27.01,29.0,36.0,148.0,26.78,0.929,0.9953,0.0013,-0.0154,0.0031,0.0,0.0,4.0
2026-08-27 09:50:43,2026-08-27T09:35:13,767.2699,2026-08-27,P,740.0,0.0,0.01,0.0,1143.0,0.01,0.4458,-0.0047,0.0013,-0.0154,0.0031,0.0,5.0,1521.0
2026-08-27 09:50:43,2026-08-27T09:35:13,767.2699,2026-08-27,C,741.0,26.01,28.0,36.0,148.0,24.06,0.9026,0.9951,0.0014,-0.0155,0.0032,0.0,0.0,5.0
2026-08-27 09:50:43,2026-08-27T09:35:13,767.2699,2026-08-27,P,741.0,0.0,0.01,0.0,1285.0,0.01,0.4306,-0.0049,0.0014,-0.0155,0.0032,0.0,438.0,686.0
2026-08-27 09:50:43,2026-08-27T09:35:13,767.2699,2026-08-27,C,742.0,25.01,25.79,36.0,36.0,27.0,0.6198,0.9949,0.0015,-0.0157,0.0033,0.0,1.0,24.0
2026-08-27 09:50:43,2026-08-27T09:35:13,767.2699,2026-08-27,P,742.0,0.0,0.01,0.0,1260.0,0.02,0.4153,-0.0051,0.0015,-0.0157,0.0033,0.0,0.0,680.0
2026-08-27 09:50:43,2026-08-27T09:35:13,767.2699,2026-08-27,C,743.0,24.21,26.0,19.0,148.0,23.21,0.878,0.9947,0.0016,-0.0159,0.0035,0.0,0.0,8.0
2026-08-27 09:50:43,2026-08-27T09:35:13,767.2699,2026-08-27,P,743.0,0.0,0.01,0.0,1030.0,0.01,0.4001,-0.0053,0.0016,-0.0159,0.0035,0.0,18.0,580.0
2026-08-27 09:50:43,2026-08-27T09:35:13,767.2699,2026-08-27,C,744.0,23.21,23.44,20.0,35.0,22.7,0.5101,0.9944,0.0017,-0.0161,0.0036,0.0,0.0,24.0
2026-08-27 09:50:43,2026-08-27T09:35:13,767.2699,2026-08-27,P,744.0,0.0,0.01,0.0,824.0,0.01,0.3848,-0.0056,0.0017,-0.0161,0.0036,0.0,22.0,1156.0
2026-08-27 09:50:43,2026-08-27T09:35:13,767.2699,2026-08-27,C,745.0,22.21,22.44,96.0,61.0,21.74,0.4909,0.9942,0.0018,-0.0163,0.0038,0.0,0.0,16.0
2026-08-27 09:50:43,2026-08-27T09:35:13,767.2699,2026-08-27,P,745.0,0.0,0.01,0.0,180.0,0.01,0.3695,-0.0058,0.0018,-0.0163,0.0038,0.0,26.0,2626.0
2026-08-27 09:50:43,2026-08-27T09:35:13,767.2699,2026-08-27,C,746.0,21.23,21.44,20.0,117.0,20.61,0.4824,0.9938,0.002,-0.0166,0.004,0.0,0.0,56.0
2026-08-27 09:50:43,2026-08-27T09:35:13,767.2699,2026-08-27,P,746.0,0.0,0.01,0.0,431.0,0.01,0.3542,-0.0062,0.002,-0.0166,0.004,0.0,31.0,5788.0
2026-08-27 09:50:43,2026-08-27T09:35:13,767.2699,2026-08-27,C,747.0,20.23,20.44,20.0,61.0,20.08,0.4627,0.9935,0.0022,-0.017,0.0042,0.0,0.0,57.0
2026-08-27 09:50:43,2026-08-27T09:35:13,767.2699,2026-08-27,P,747.0,0.0,0.01,0.0,367.0,0.03,0.3388,-0.0065,0.0022,-0.017,0.0042,0.0,5213.0,12314.0
2026-08-27 09:50:43,2026-08-27T09:35:13,767.2699,2026-08-27,C,748.0,19.23,19.44,98.0,120.0,18.69,0.4429,0.9931,0.0024,-0.0174,0.0044,0.0,0.0,78.0
2026-08-27 09:50:43,2026-08-27T09:35:13,767.2699,2026-08-27,P,748.0,0.01,0.02,2451.0,2047.0,0.02,0.3623,-0.0069,0.0024,-0.0174,0.0044,0.0,499.0,2141.0
2026-08-27 09:50:43,2026-08-27T09:35:13,767.2699,2026-08-27,C,749.0,18.24,18.45,27.0,117.0,17.94,0.4319,0.9926,0.0027,-0.018,0.0047,0.0,0.0,134.0
2026-08-27 09:50:43,2026-08-27T09:35:13,767.2699,2026-08-27,P,749.0,0.01,0.02,2192.0,1695.0,0.02,0.3453,-0.0074,0.0027,-0.018,0.0047,0.0,5042.0,957.0
2026-08-27 09:50:43,2026-08-27T09:35:13,767.2699,2026-08-27,C,750.0,17.22,17.44,64.0,49.0,16.78,0.3986,0.992,0.003,-0.0188,0.0051,0.0,0.0,235.0
2026-08-27 09:50:43,2026-08-27T09:35:13,767.2699,2026-08-27,P,750.0,0.01,0.02,2454.0,1331.0,0.02,0.3283,-0.008,0.003,-0.0188,0.0051,0.0,741.0,7475.0
2026-08-27 09:50:43,2026-08-27T09:35:13,767.2699,2026-08-27,C,751.0,16.23,16.45,88.0,119.0,17.24,0.3873,0.9913,0.0034,-0.0197,0.0055,0.0,1.0,51.0
2026-08-27 09:50:43,2026-08-27T09:35:13,767.2699,2026-08-27,P,751.0,0.01,0.02,2720.0,566.0,0.02,0.3112,-0.0087,0.0034,-0.0197,0.0055,0.0,90.0,2036.0
2026-08-27 09:50:43,2026-08-27T09:35:13,767.2699,2026-08-27,C,752.0,15.24,15.46,41.0,28.0,15.16,0.3745,0.9904,0.0039,-0.0211,0.006,0.0,0.0,50.0
2026-08-27 09:50:43,2026-08-27T09:35:13,767.2699,2026-08-27,P,752.0,0.02,0.03,2822.0,2120.0,0.02,0.3132,-0.0096,0.0039,-0.0211,0.006,0.0,1163.0,6184.0
2026-08-27 09:50:43,2026-08-27T09:35:13,767.2699,2026-08-27,C,753.0,14.24,14.46,81.0,27.0,15.79,0.3537,0.9892,0.0046,-0.0229,0.0067,0.0,1.0,224.0
2026-08-27 09:50:43,2026-08-27T09:35:13,767.2699,2026-08-27,P,753.0,0.02,0.03,2355.0,2429.0,0.02,0.295,-0.0108,0.0046,-0.0229,0.0067,0.0,208.0,1905.0
2026-08-27 09:50:43,2026-08-27T09:35:13,767.2699,2026-08-27,C,754.0,13.25,13.46,26.0,93.0,13.99,0.3361,0.9875,0.0054,-0.0254,0.0075,0.0,13.0,155.0
2026-08-27 09:50:43,2026-08-27T09:35:13,767.2699,2026-08-27,P,754.0,0.02,0.03,2296.0,612.0,0.02,0.2768,-0.0125,0.0054,-0.0254,0.0075,0.0,293.0,2518.0
2026-08-27 09:50:43,2026-08-27T09:35:13,767.2699,2026-08-27,C,755.0,12.25,12.46,50.0,87.0,11.66,0.3149,0.9853,0.0065,-0.0291,0.0087,0.0,0.0,243.0
2026-08-27 09:50:43,2026-08-27T09:35:13,767.2699,2026-08-27,P,755.0,0.02,0.03,2579.0,240.0,0.03,0.2585,-0.0147,0.0065,-0.0291,0.0087,0.0,1029.0,6635.0
2026-08-27 09:50:43,2026-08-27T09:35:13,767.2699,2026-08-27,C,756.0,11.26,11.47,50.0,50.0,11.97,0.2991,0.9822,0.0081,-0.0345,0.0102,0.0,1.0,180.0
2026-08-27 09:50:43,2026-08-27T09:35:13,767.2699,2026-08-27,P,756.0,0.03,0.04,2224.0,1012.0,0.04,0.2517,-0.0178,0.0081,-0.0345,0.0102,0.0,5312.0,2466.0
2026-08-27 09:50:43,2026-08-27T09:35:13,767.2699,2026-08-27,C,757.0,10.26,10.48,29.0,73.0,11.11,0.2798,0.9776,0.0103,-0.0427,0.0124,0.0,6.0,369.0
2026-08-27 09:50:43,2026-08-27T09:35:13,767.2699,2026-08-27,P,757.0,0.04,0.05,2096.0,1459.0,0.05,0.2415,-0.0224,0.0103,-0.0427,0.0124,0.0,728.0,2179.0
2026-08-27 09:50:43,2026-08-27T09:35:13,767.2699,2026-08-27,C,758.0,9.28,9.49,47.0,49.0,9.7,0.2643,0.9707,0.0135,-0.0554,0.0155,0.0,14.0,994.0
2026-08-27 09:50:43,2026-08-27T09:35:13,767.2699,2026-08-27,P,758.0,0.05,0.06,2289.0,377.0,0.06,0.2288,-0.0293,0.0135,-0.0554,0.0155,0.0,2399.0,5271.0
2026-08-27 09:50:43,2026-08-27T09:35:13,767.2699,2026-08-27,C,759.0,8.3,8.5,35.0,47.0,8.55,0.2474,0.9604,0.018,-0.0754,0.0197,0.0,14.0,244.0
2026-08-27 09:50:43,2026-08-27T09:35:13,767.2699,2026-08-27,P,759.0,0.07,0.08,1708.0,446.0,0.08,0.2199,-0.0396,0.018,-0.0754,0.0197,0.0,2921.0,5933.0
2026-08-27 09:50:43,2026-08-27T09:35:13,767.2699,2026-08-27,C,760.0,7.33,7.45,53.0,284.0,7.5,0.2158,0.9449,0.0243,-0.1068,0.0254,0.0,189.0,840.0
2026-08-27 09:50:43,2026-08-27T09:35:13,767.2699,2026-08-27,P,760.0,0.1,0.11,1968.0,405.0,0.11,0.2117,-0.0551,0.0243,-0.1068,0.0254,0.0,5711.0,6095.0
2026-08-27 09:50:43,2026-08-27T09:35:13,767.2699,2026-08-27,C,761.0,6.38,6.55,30.0,58.0,6.5,0.2193,0.9222,0.0328,-0.1555,0.0329,0.0,30.0,745.0
2026-08-27 09:50:43,2026-08-27T09:35:13,767.2699,2026-08-27,P,761.0,0.15,0.16,667.0,637.0,0.15,0.2058,-0.0778,0.0328,-0.1555,0.0329,0.0,4762.0,2929.0
2026-08-27 09:50:43,2026-08-27T09:35:13,767.2699,2026-08-27,C,762.0,5.49,5.52,15.0,13.0,5.67,0.2041,0.89,0.0436,-0.2298,0.0421,0.0,186.0,690.0
2026-08-27 09:50:43,2026-08-27T09:35:13,767.2699,2026-08-27,P,762.0,0.22,0.23,655.0,411.0,0.23,0.1992,-0.11,0.0436,-0.2298,0.0421,0.0,11026.0,3422.0
2026-08-27 09:50:43,2026-08-27T09:35:13,767.2699,2026-08-27,C,763.0,4.59,4.63,20.0,48.0,4.64,0.1965,0.8456,0.0564,-0.3404,0.0526,0.0,195.0,1330.0
2026-08-27 09:50:43,2026-08-27T09:35:13,767.2699,2026-08-27,P,763.0,0.33,0.34,175.0,453.0,0.34,0.1945,-0.1544,0.0564,-0.3404,0.0526,0.0,4790.0,5031.0
2026-08-27 09:50:43,2026-08-27T09:35:13,767.2699,2026-08-27,C,764.0,3.75,3.79,28.0,76.0,3.78,0.1921,0.7871,0.0705,-0.5004,0.0636,0.0,615.0,1924.0
2026-08-27 09:50:43,2026-08-27T09:35:13,767.2699,2026-08-27,P,764.0,0.49,0.5,126.0,403.0,0.49,0.1905,-0.2129,0.0705,-0.5004,0.0636,0.0,5717.0,7873.0
2026-08-27 09:50:43,2026-08-27T09:35:13,767.2699,2026-08-27,C,765.0,2.99,3.02,32.0,230.0,3.01,0.1882,0.7137,0.0842,-0.7245,0.074,0.0,582.0,4303.0
2026-08-27 09:50:43,2026-08-27T09:35:13,767.2699,2026-08-27,P,765.0,0.71,0.72,280.0,305.0,0.71,0.1862,-0.2863,0.0842,-0.7245,0.074,0.0,7977.0,5495.0
2026-08-27 09:50:43,2026-08-27T09:35:13,767.2699,2026-08-27,C,766.0,2.3,2.31,46.0,32.0,2.3,0.1848,0.6263,0.0956,-1.0282,0.0819,0.0,1365.0,5065.0
2026-08-27 09:50:43,2026-08-27T09:35:13,767.2699,2026-08-27,P,766.0,1.02,1.03,20.0,363.0,1.01,0.1836,-0.3737,0.0956,-1.0282,0.0819,0.0,8583.0,5339.0
2026-08-27 09:50:43,2026-08-27T09:35:13,767.2699,2026-08-27,C,767.0,1.69,1.7,55.0,20.0,1.7,0.1813,0.5282,0.1022,-1.4252,0.0858,0.0,3860.0,6518.0
2026-08-27 09:50:43,2026-08-27T09:35:13,767.2699,2026-08-27,P,767.0,1.42,1.43,23.0,257.0,1.43,0.1807,-0.4718,0.1022,-1.4252,0.0858,0.0,11684.0,3089.0
2026-08-27 09:50:43,2026-08-27T09:35:13,767.2699,2026-08-27,C,768.0,1.19,1.2,221.0,100.0,1.21,0.1783,0.4249,0.1023,-1.1905,0.0846,0.0,10685.0,4522.0
2026-08-27 09:50:43,2026-08-27T09:35:13,767.2699,2026-08-27,P,768.0,1.91,1.93,94.0,48.0,1.92,0.1771,-0.5751,0.1023,-1.1905,0.0846,0.0,8830.0,2666.0
2026-08-27 09:50:43,2026-08-27T09:35:13,767.2699,2026-08-27,C,769.0,0.8,0.81,114.0,396.0,0.81,0.1762,0.3241,0.0952,-0.7979,0.078,0.0,12199.0,7157.0
2026-08-27 09:50:43,2026-08-27T09:35:13,767.2699,2026-08-27,P,769.0,2.51,2.55,87.0,247.0,2.53,0.1743,-0.6759,0.0952,-0.7979,0.078,0.0,3365.0,521.0
2026-08-27 09:50:43,2026-08-27T09:35:13,767.2699,2026-08-27,C,770.0,0.51,0.52,302.0,461.0,0.52,0.1745,0.2332,0.0819,-0.5079,0.067,0.0,13219.0,7702.0
2026-08-27 09:50:43,2026-08-27T09:35:13,767.2699,2026-08-27,P,770.0,3.22,3.24,9.0,30.0,3.23,0.173,-0.7668,0.0819,-0.5079,0.067,0.0,875.0,984.0
2026-08-27 09:50:43,2026-08-27T09:35:13,767.2699,2026-08-27,C,771.0,0.31,0.32,175.0,646.0,0.31,0.1736,0.1584,0.0651,-0.3083,0.0536,0.0,7287.0,5376.0
2026-08-27 09:50:43,2026-08-27T09:35:13,767.2699,2026-08-27,P,771.0,4.02,4.04,9.0,15.0,4.03,0.1698,-0.8416,0.0651,-0.3083,0.0536,0.0,390.0,1468.0
2026-08-27 09:50:43,2026-08-27T09:35:13,767.2699,2026-08-27,C,772.0,0.18,0.19,450.0,698.0,0.18,0.1736,0.1025,0.0481,-0.1806,0.0403,0.0,7234.0,4406.0
2026-08-27 09:50:43,2026-08-27T09:35:13,767.2699,2026-08-27,P,772.0,4.77,4.96,73.0,77.0,4.96,0.1584,-0.8975,0.0481,-0.1806,0.0403,0.0,194.0,555.0
2026-08-27 09:50:43,2026-08-27T09:35:13,767.2699,2026-08-27,C,773.0,0.11,0.12,346.0,2162.0,0.11,0.178,0.0645,0.0335,-0.105,0.0289,0.0,3308.0,3955.0
2026-08-27 09:50:43,2026-08-27T09:35:13,767.2699,2026-08-27,P,773.0,5.69,5.89,48.0,40.0,5.8,0.1528,-0.9355,0.0335,-0.105,0.0289,0.0,33.0,1148.0
2026-08-27 09:50:43,2026-08-27T09:35:13,767.2699,2026-08-27,C,774.0,0.07,0.08,510.0,2281.0,0.07,0.1845,0.0408,0.0228,-0.063,0.0205,0.0,2432.0,9159.0
2026-08-27 09:50:43,2026-08-27T09:35:13,767.2699,2026-08-27,P,774.0,6.64,6.85,51.0,64.0,6.74,0.1345,-0.9592,0.0228,-0.063,0.0205,0.0,57.0,763.0
2026-08-27 09:50:43,2026-08-27T09:35:13,767.2699,2026-08-27,C,775.0,0.04,0.05,901.0,1723.0,0.05,0.1883,0.0271,0.0156,-0.0407,0.0148,0.0,3310.0,8218.0
2026-08-27 09:50:43,2026-08-27T09:35:13,767.2699,2026-08-27,P,775.0,7.62,7.82,62.0,56.0,7.7,0.0,-0.9729,0.0156,-0.0407,0.0148,0.0,9.0,858.0
2026-08-27 09:50:43,2026-08-27T09:35:13,767.2699,2026-08-27,C,776.0,0.03,0.04,558.0,2216.0,0.04,0.2002,0.0193,0.0112,-0.029,0.0112,0.0,897.0,4528.0
2026-08-27 09:50:43,2026-08-27T09:35:13,767.2699,2026-08-27,P,776.0,8.58,8.82,32.0,45.0,8.47,0.0,-0.9807,0.0112,-0.029,0.0112,0.0,5.0,94.0
2026-08-27 09:50:43,2026-08-27T09:35:13,767.2699,2026-08-27,C,777.0,0.02,0.03,921.0,1913.0,0.03,0.2088,0.0148,0.0084,-0.0229,0.009,0.0,1452.0,4442.0
2026-08-27 09:50:43,2026-08-27T09:35:13,767.2699,2026-08-27,P,777.0,9.59,9.8,38.0,26.0,9.28,0.0,-0.9852,0.0084,-0.0229,0.009,0.0,14.0,199.0
2026-08-27 09:50:43,2026-08-27T09:35:13,767.2699,2026-08-27,C,778.0,0.01,0.02,2195.0,2973.0,0.02,0.2122,0.0123,0.0067,-0.0197,0.0076,0.0,330.0,2468.0
2026-08-27 09:50:43,2026-08-27T09:35:13,767.2699,2026-08-27,P,778.0,10.59,10.81,74.0,49.0,10.57,0.0,-0.9877,0.0067,-0.0197,0.0076,0.0,40.0,0.0
2026-08-27 09:50:43,2026-08-27T09:35:13,767.2699,2026-08-27,C,779.0,0.01,0.02,2848.0,3055.0,0.01,0.2293,0.0107,0.0056,-0.018,0.0067,0.0,644.0,2257.0
2026-08-27 09:50:43,2026-08-27T09:35:13,767.2699,2026-08-27,P,779.0,11.58,11.8,35.0,33.0,14.71,0.0,-0.9893,0.0056,-0.018,0.0067,0.0,0.0,0.0
2026-08-27 09:50:43,2026-08-27T09:35:13,767.2699,2026-08-27,C,780.0,0.01,0.02,894.0,2671.0,0.02,0.2462,0.0097,0.0048,-0.0172,0.0062,0.0,2725.0,5535.0
2026-08-27 09:50:43,2026-08-27T09:35:13,767.2699,2026-08-27,P,780.0,12.58,12.79,120.0,80.0,12.5,0.0,-0.9903,0.0048,-0.0172,0.0062,0.0,22.0,1.0
2026-08-27 09:50:43,2026-08-27T09:35:13,767.2699,2026-08-27,C,781.0,0.0,0.01,0.0,1511.0,0.01,0.2332,0.009,0.0042,-0.0168,0.0057,0.0,288.0,1478.0
2026-08-27 09:50:43,2026-08-27T09:35:13,767.2699,2026-08-27,P,781.0,13.57,13.79,61.0,27.0,15.5,0.0,-0.991,0.0042,-0.0168,0.0057,0.0,0.0,1.0
2026-08-27 09:50:43,2026-08-27T09:35:13,767.2699,2026-08-27,C,782.0,0.0,0.01,0.0,1977.0,0.01,0.2483,0.0084,0.0038,-0.0166,0.0054,0.0,230.0,2919.0
2026-08-27 09:50:43,2026-08-27T09:35:13,767.2699,2026-08-27,P,782.0,14.57,14.79,61.0,19.0,16.55,0.0,-0.9916,0.0038,-0.0166,0.0054,0.0,0.0,0.0
2026-08-27 09:50:43,2026-08-27T09:35:13,767.2699,2026-08-27,C,783.0,0.0,0.01,0.0,2178.0,0.01,0.2633,0.0079,0.0034,-0.0164,0.0051,0.0,320.0,1573.0
2026-08-27 09:50:43,2026-08-27T09:35:13,767.2699,2026-08-27,P,783.0,15.57,15.79,85.0,34.0,16.79,0.0,-0.9921,0.0034,-0.0164,0.0051,0.0,0.0,0.0
2026-08-27 09:50:43,2026-08-27T09:35:13,767.2699,2026-08-27,C,784.0,0.0,0.01,0.0,2369.0,0.01,0.2782,0.0075,0.0031,-0.0163,0.0048,0.0,3.0,1820.0
2026-08-27 09:50:43,2026-08-27T09:35:13,767.2699,2026-08-27,P,784.0,16.57,16.79,92.0,19.0,18.93,0.0,-0.9925,0.0031,-0.0163,0.0048,0.0,0.0,0.0
2026-08-27 09:50:43,2026-08-27T09:35:13,767.2699,2026-08-27,C,785.0,0.0,0.01,0.0,2468.0,0.01,0.293,0.0071,0.0028,-0.0162,0.0046,0.0,2.0,1464.0
2026-08-27 09:50:43,2026-08-27T09:35:13,767.2699,2026-08-27,P,785.0,17.57,17.79,113.0,20.0,19.97,0.0,-0.9929,0.0028,-0.0162,0.0046,0.0,0.0,0.0
2026-08-27 09:50:43,2026-08-27T09:35:13,767.2699,2026-08-27,C,786.0,0.0,0.01,0.0,2447.0,0.01,0.3077,0.0068,0.0025,-0.0161,0.0044,0.0,101.0,1211.0
2026-08-27 09:50:43,2026-08-27T09:35:13,767.2699,2026-08-27,P,786.0,18.57,18.79,120.0,66.0,20.55,0.0,-0.9932,0.0025,-0.0161,0.0044,0.0,0.0,0.0
2026-08-27 09:50:43,2026-08-27T09:35:13,767.2699,2026-08-27,C,787.0,0.0,0.01,0.0,2480.0,0.01,0.3223,0.0065,0.0023,-0.016,0.0042,0.0,8.0,3748.0
2026-08-27 09:50:43,2026-08-27T09:35:13,767.2699,2026-08-27,P,787.0,19.57,19.79,88.0,85.0,19.48,0.0,-0.9935,0.0023,-0.016,0.0042,0.0,5.0,0.0
2026-08-27 09:50:43,2026-08-27T09:35:13,767.2699,2026-08-27,C,788.0,0.0,0.01,0.0,2520.0,0.01,0.3368,0.0062,0.0022,-0.0159,0.004,0.0,94.0,1662.0
2026-08-27 09:50:43,2026-08-27T09:35:13,767.2699,2026-08-27,P,788.0,20.57,20.79,121.0,20.0,23.87,0.0,-0.9938,0.0022,-0.0159,0.004,0.0,0.0,0.0
2026-08-27 09:50:43,2026-08-27T09:35:13,767.2699,2026-08-27,C,789.0,0.0,0.01,0.0,2591.0,0.02,0.3513,0.006,0.002,-0.0158,0.0039,0.0,0.0,1705.0
2026-08-27 09:50:43,2026-08-27T09:35:13,767.2699,2026-08-27,P,789.0,21.57,21.79,120.0,65.0,22.03,0.0,-0.994,0.002,-0.0158,0.0039,0.0,0.0,0.0
2026-08-27 09:50:43,2026-08-27T09:35:13,767.2699,2026-08-27,C,790.0,0.0,0.01,0.0,2921.0,0.01,0.3657,0.0058,0.0018,-0.0157,0.0038,0.0,5.0,294.0
2026-08-27 09:50:43,2026-08-27T09:35:13,767.2699,2026-08-27,P,790.0,22.57,22.79,93.0,91.0,21.57,0.0,-0.9942,0.0018,-0.0157,0.0038,0.0,4.0,2.0
2026-08-27 09:50:43,2026-08-27T09:35:13,767.2699,2026-08-27,C,791.0,0.0,0.01,0.0,2651.0,0.01,0.3801,0.0055,0.0017,-0.0156,0.0036,0.0,0.0,479.0
2026-08-27 09:50:43,2026-08-27T09:35:13,767.2699,2026-08-27,P,791.0,23.57,23.79,20.0,20.0,23.85,0.0,-0.9945,0.0017,-0.0156,0.0036,0.0,0.0,0.0
2026-08-27 09:50:43,2026-08-27T09:35:13,767.2699,2026-08-27,C,792.0,0.0,0.01,0.0,2666.0,0.01,0.3943,0.0053,0.0016,-0.0155,0.0035,0.0,0.0,563.0
2026-08-27 09:50:43,2026-08-27T09:35:13,767.2699,2026-08-27,P,792.0,24.57,24.79,20.0,20.0,26.8,0.0,-0.9947,0.0016,-0.0155,0.0035,0.0,0.0,0.0
2026-08-27 09:50:43,2026-08-27T09:35:13,767.2699,2026-08-27,C,793.0,0.0,0.01,0.0,2666.0,0.02,0.4086,0.0051,0.0015,-0.0154,0.0034,0.0,0.0,582.0
2026-08-27 09:50:43,2026-08-27T09:35:13,767.2699,2026-08-27,P,793.0,24.01,26.0,36.0,148.0,27.62,0.0,-0.9949,0.0015,-0.0154,0.0034,0.0,0.0,0.0
2026-08-27 09:50:43,2026-08-27T09:35:13,767.2699,2026-08-27,C,794.0,0.0,0.01,0.0,2166.0,0.01,0.4227,0.005,0.0014,-0.0154,0.0033,0.0,0.0,133.0
2026-08-27 09:50:43,2026-08-27T09:35:13,767.2699,2026-08-27,P,794.0,25.01,27.0,36.0,149.0,29.84,0.0,-0.995,0.0014,-0.0154,0.0033,0.0,0.0,0.0
2026-08-27 09:50:43,2026-08-27T09:35:13,767.2699,2026-08-27,C,795.0,0.0,0.01,0.0,3412.0,0.01,0.4368,0.0048,0.0013,-0.0153,0.0032,0.0,0.0,71.0
2026-08-27 09:50:43,2026-08-27T09:35:13,767.2699,2026-08-27,P,795.0,26.01,28.0,36.0,136.0,30.48,0.0,-0.9952,0.0013,-0.0153,0.0032,0.0,0.0,0.0
2026-08-27 09:50:43,2026-08-27T09:35:13,767.2699,2026-08-27,C,796.0,0.0,0.01,0.0,2166.0,0.01,0.4508,0.0046,0.0012,-0.0152,0.0031,0.0,0.0,117.0
2026-08-27 09:50:43,2026-08-27T09:35:13,767.2699,2026-08-27,P,796.0,27.01,29.0,36.0,136.0,29.1,0.0,-0.9954,0.0012,-0.0152,0.0031,0.0,0.0,0.0
2026-08-27 09:50:43,2026-08-27T09:35:13,767.2699,2026-08-27,C,797.0,0.0,0.01,0.0,2167.0,0.01,0.4648,0.0045,0.0012,-0.0151,0.003,0.0,2.0,30.0
2026-08-27 09:50:43,2026-08-27T09:35:13,767.2699,2026-08-27,P,797.0,28.01,30.0,36.0,136.0,31.86,0.0,-0.9955,0.0012,-0.0151,0.003,0.0,0.0,0.0
2026-08-27 09:50:43,2026-08-27T09:35:13,767.2699,2026-08-27,C,798.0,0.0,0.01,0.0,2167.0,0.01,0.4787,0.0044,0.0011,-0.015,0.0029,0.0,0.0,50.0
2026-08-27 09:50:43,2026-08-27T09:35:13,767.2699,2026-08-27,P,798.0,29.01,31.0,36.0,136.0,32.86,0.0,-0.9956,0.0011,-0.015,0.0029,0.0,0.0,0.0
2026-08-27 09:50:43,2026-08-27T09:35:13,767.2699,2026-08-27,C,799.0,0.0,0.01,0.0,2167.0,0.02,0.4926,0.0042,0.0011,-0.0149,0.0028,0.0,0.0,59.0
2026-08-27 09:50:43,2026-08-27T09:35:13,767.2699,2026-08-27,P,799.0,30.01,32.0,36.0,36.0,31.53,0.0,-0.9958,0.0011,-0.0149,0.0028,0.0,0.0,0.0
2026-08-27 09:50:43,2026-08-27T09:35:13,767.2699,2026-08-27,C,800.0,0.0,0.01,0.0,5114.0,0.01,0.5064,0.0041,0.001,-0.0148,0.0027,0.0,0.0,245.0
2026-08-27 09:50:43,2026-08-27T09:35:13,767.2699,2026-08-27,P,800.0,31.01,33.0,36.0,36.0,33.4,0.0,-0.9959,0.001,-0.0148,0.0027,0.0,0.0,0.0
2026-08-27 09:50:43,2026-08-27T09:35:13,767.2699,2026-08-27,C,801.0,0.0,0.01,0.0,2167.0,0.01,0.5202,0.004,0.001,-0.0148,0.0027,0.0,0.0,18.0
2026-08-27 09:50:43,2026-08-27T09:35:13,767.2699,2026-08-27,P,801.0,31.98,35.07,12.0,3.0,34.58,0.0,-0.996,0.001,-0.0148,0.0027,0.0,0.0,0.0
2026-08-27 09:50:43,2026-08-27T09:35:13,767.2699,2026-08-27,C,802.0,0.0,0.01,0.0,2167.0,0.01,0.5339,0.0039,0.0009,-0.0147,0.0026,0.0,0.0,58.0
2026-08-27 09:50:43,2026-08-27T09:35:13,767.2699,2026-08-27,P,802.0,32.98,36.07,12.0,3.0,36.19,0.0,-0.9961,0.0009,-0.0147,0.0026,0.0,0.0,0.0
2026-08-27 09:50:43,2026-08-27T09:35:13,767.2699,2026-08-27,C,803.0,0.0,0.01,0.0,2167.0,0.02,0.5476,0.0038,0.0009,-0.0146,0.0025,0.0,0.0,64.0
2026-08-27 09:50:43,2026-08-27T09:35:13,767.2699,2026-08-27,P,803.0,33.98,37.07,1.0,3.0,0.0,0.0,-0.9962,0.0009,-0.0146,0.0025,0.0,0.0,0.0
2026-08-27 09:50:43,2026-08-27T09:35:13,767.2699,2026-08-27,C,804.0,0.0,0.01,0.0,2167.0,0.03,0.5612,0.0037,0.0008,-0.0145,0.0025,0.0,0.0,33.0
2026-08-27 09:50:43,2026-08-27T09:35:13,767.2699,2026-08-27,P,804.0,34.98,38.07,1.0,3.0,0.0,0.0,-0.9963,0.0008,-0.0145,0.0025,0.0,0.0,0.0
2026-08-27 09:50:43,2026-08-27T09:35:13,767.2699,2026-08-27,C,805.0,0.0,0.01,0.0,2167.0,0.01,0.5748,0.0036,0.0008,-0.0144,0.0024,0.0,0.0,315.0
2026-08-27 09:50:43,2026-08-27T09:35:13,767.2699,2026-08-27,P,805.0,35.98,39.07,1.0,3.0,39.15,0.0,-0.9964,0.0008,-0.0144,0.0024,0.0,0.0,0.0
2026-08-27 09:55:43,2026-08-27T09:40:13,768.22,2026-08-27,C,730.0,37.0,38.98,210.0,210.0,37.27,0.0,0.9963,0.0007,-0.016,0.0024,0.0,0.0,2.0
2026-08-27 09:55:43,2026-08-27T09:40:13,768.22,2026-08-27,P,730.0,0.0,0.01,0.0,1601.0,0.02,0.615,-0.0037,0.0007,-0.016,0.0024,0.0,0.0,369.0
2026-08-27 09:55:43,2026-08-27T09:40:13,768.22,2026-08-27,C,731.0,36.0,37.98,210.0,210.0,34.96,0.0,0.9962,0.0008,-0.0161,0.0025,0.0,0.0,0.0
2026-08-27 09:55:43,2026-08-27T09:40:13,768.22,2026-08-27,P,731.0,0.0,0.01,0.0,1710.0,0.02,0.5998,-0.0038,0.0008,-0.0161,0.0025,0.0,0.0,3610.0
2026-08-27 09:55:43,2026-08-27T09:40:13,768.22,2026-08-27,C,732.0,35.0,36.98,210.0,210.0,33.52,0.0,0.9961,0.0008,-0.0162,0.0026,0.0,0.0,1.0
2026-08-27 09:55:43,2026-08-27T09:40:13,768.22,2026-08-27,P,732.0,0.0,0.01,0.0,2068.0,0.03,0.5847,-0.0039,0.0008,-0.0162,0.0026,0.0,0.0,6718.0
2026-08-27 09:55:43,2026-08-27T09:40:13,768.22,2026-08-27,C,733.0,34.0,35.98,211.0,211.0,33.04,0.0,0.996,0.0009,-0.0164,0.0026,0.0,0.0,0.0
2026-08-27 09:55:43,2026-08-27T09:40:13,768.22,2026-08-27,P,733.0,0.0,0.01,0.0,2033.0,0.02,0.5696,-0.004,0.0009,-0.0164,0.0026,0.0,0.0,2383.0
2026-08-27 09:55:43,2026-08-27T09:40:13,768.22,2026-08-27,C,734.0,33.0,34.98,210.0,210.0,32.39,0.0,0.9959,0.0009,-0.0165,0.0027,0.0,0.0,1.0
2026-08-27 09:55:43,2026-08-27T09:40:13,768.22,2026-08-27,P,734.0,0.0,0.01,0.0,1563.0,0.02,0.5545,-0.0041,0.0009,-0.0165,0.0027,0.0,2.0,2467.0
2026-08-27 09:55:43,2026-08-27T09:40:13,768.22,2026-08-27,C,735.0,32.0,33.98,210.0,210.0,31.33,0.0,0.9957,0.001,-0.0167,0.0028,0.0,0.0,6.0
2026-08-27 09:55:43,2026-08-27T09:40:13,768.22,2026-08-27,P,735.0,0.0,0.01,0.0,2440.0,0.02,0.5393,-0.0043,0.001,-0.0167,0.0028,0.0,10.0,526.0
2026-08-27 09:55:43,2026-08-27T09:40:13,768.22,2026-08-27,C,736.0,31.0,32.98,210.0,210.0,30.47,0.0,0.9956,0.001,-0.0168,0.0029,0.0,0.0,3.0
2026-08-27 09:55:43,2026-08-27T09:40:13,768.22,2026-08-27,P,736.0,0.0,0.01,0.0,2052.0,0.01,0.5242,-0.0044,0.001,-0.0168,0.0029,0.0,0.0,227.0
2026-08-27 09:55:43,2026-08-27T09:40:13,768.22,2026-08-27,C,737.0,30.0,31.98,210.0,210.0,29.89,0.0,0.9954,0.0011,-0.017,0.003,0.0,0.0,3.0
2026-08-27 09:55:43,2026-08-27T09:40:13,768.22,2026-08-27,P,737.0,0.0,0.01,0.0,1713.0,0.01,0.509,-0.0046,0.0011,-0.017,0.003,0.0,0.0,627.0
2026-08-27 09:55:43,2026-08-27T09:40:13,768.22,2026-08-27,C,738.0,29.0,30.98,210.0,210.0,28.46,0.0,0.9953,0.0012,-0.0172,0.0031,0.0,0.0,2.0
2026-08-27 09:55:43,2026-08-27T09:40:13,768.22,2026-08-27,P,738.0,0.0,0.01,0.0,1347.0,0.01,0.4938,-0.0047,0.0012,-0.0172,0.0031,0.0,0.0,563.0
2026-08-27 09:55:43,2026-08-27T09:40:13,768.22,2026-08-27,C,739.0,28.14,29.98,218.0,218.0,28.36,0.0,0.9951,0.0012,-0.0173,0.0032,0.0,1.0,3.0
2026-08-27 09:55:43,2026-08-27T09:40:13,768.22,2026-08-27,P,739.0,0.0,0.01,0.0,1456.0,0.01,0.4786,-0.0049,0.0012,-0.0173,0.0032,0.0,0.0,378.0
2026-08-27 09:55:43,2026-08-27T09:40:13,768.22,2026-08-27,C,740.0,27.01,28.98,36.0,211.0,26.78,0.0,0.9949,0.0013,-0.0176,0.0033,0.0,0.0,4.0
2026-08-27 09:55:43,2026-08-27T09:40:13,768.22,2026-08-27,P,740.0,0.0,0.01,0.0,1204.0,0.01,0.4634,-0.0051,0.0013,-0.0176,0.0033,0.0,9.0,1521.0
2026-08-27 09:55:43,2026-08-27T09:40:13,768.22,2026-08-27,C,741.0,26.01,27.98,36.0,210.0,24.06,0.0,0.9947,0.0014,-0.0178,0.0034,0.0,0.0,5.0
2026-08-27 09:55:43,2026-08-27T09:40:13,768.22,2026-08-27,P,741.0,0.0,0.01,0.0,1346.0,0.01,0.4481,-0.0053,0.0014,-0.0178,0.0034,0.0,438.0,686.0
2026-08-27 09:55:43,2026-08-27T09:40:13,768.22,2026-08-27,C,742.0,25.01,26.37,37.0,37.0,27.0,0.0,0.9945,0.0015,-0.018,0.0036,0.0,1.0,24.0
2026-08-27 09:55:43,2026-08-27T09:40:13,768.22,2026-08-27,P,742.0,0.0,0.01,0.0,1290.0,0.02,0.4329,-0.0055,0.0015,-0.018,0.0036,0.0,0.0,680.0
2026-08-27 09:55:43,2026-08-27T09:40:13,768.22,2026-08-27,C,743.0,24.79,25.98,36.0,210.0,23.21,0.594,0.9942,0.0016,-0.0183,0.0037,0.0,0.0,8.0
2026-08-27 09:55:43,2026-08-27T09:40:13,768.22,2026-08-27,P,743.0,0.0,0.01,0.0,1205.0,0.01,0.4176,-0.0058,0.0016,-0.0183,0.0037,0.0,18.0,580.0
2026-08-27 09:55:43,2026-08-27T09:40:13,768.22,2026-08-27,C,744.0,23.99,24.36,36.0,36.0,22.7,0.0,0.994,0.0017,-0.0187,0.0039,0.0,0.0,24.0
2026-08-27 09:55:43,2026-08-27T09:40:13,768.22,2026-08-27,P,744.0,0.0,0.01,0.0,1182.0,0.01,0.4023,-0.006,0.0017,-0.0187,0.0039,0.0,22.0,1156.0
2026-08-27 09:55:43,2026-08-27T09:40:13,768.22,2026-08-27,C,745.0,23.0,23.36,216.0,36.0,21.74,0.0,0.9936,0.0019,-0.0191,0.004,0.0,0.0,16.0
2026-08-27 09:55:43,2026-08-27T09:40:13,768.22,2026-08-27,P,745.0,0.0,0.01,0.0,687.0,0.01,0.3869,-0.0064,0.0019,-0.0191,0.004,0.0,61.0,2626.0
2026-08-27 09:55:43,2026-08-27T09:40:13,768.22,2026-08-27,C,746.0,22.0,22.36,76.0,100.0,21.84,0.0,0.9933,0.002,-0.0196,0.0043,0.0,1.0,56.0
2026-08-27 09:55:43,2026-08-27T09:40:13,768.22,2026-08-27,P,746.0,0.0,0.01,0.0,302.0,0.02,0.3716,-0.0067,0.002,-0.0196,0.0043,0.0,4050.0,5788.0
2026-08-27 09:55:43,2026-08-27T09:40:13,768.22,2026-08-27,C,747.0,21.1,21.37,63.0,36.0,20.08,0.0,0.9929,0.0022,-0.0201,0.0045,0.0,0.0,57.0
2026-08-27 09:55:43,2026-08-27T09:40:13,768.22,2026-08-27,P,747.0,0.01,0.02,2830.0,2784.0,0.01,0.3982,-0.0071,0.0022,-0.0201,0.0045,0.0,5416.0,12314.0
2026-08-27 09:55:43,2026-08-27T09:40:13,768.22,2026-08-27,C,748.0,20.0,20.37,104.0,37.0,18.69,0.0,0.9924,0.0025,-0.0208,0.0048,0.0,0.0,78.0
2026-08-27 09:55:43,2026-08-27T09:40:13,768.22,2026-08-27,P,748.0,0.01,0.02,2995.0,2766.0,0.01,0.3813,-0.0076,0.0025,-0.0208,0.0048,0.0,687.0,2141.0
2026-08-27 09:55:43,2026-08-27T09:40:13,768.22,2026-08-27,C,749.0,19.01,19.37,100.0,36.0,17.94,0.0,0.9918,0.0027,-0.0217,0.0051,0.0,0.0,134.0
2026-08-27 09:55:43,2026-08-27T09:40:13,768.22,2026-08-27,P,749.0,0.01,0.02,2765.0,2560.0,0.01,0.3643,-0.0082,0.0027,-0.0217,0.0051,0.0,5228.0,957.0
2026-08-27 09:55:43,2026-08-27T09:40:13,768.22,2026-08-27,C,750.0,18.01,18.36,100.0,36.0,16.78,0.0,0.9911,0.0031,-0.0227,0.0055,0.0,0.0,235.0
2026-08-27 09:55:43,2026-08-27T09:40:13,768.22,2026-08-27,P,750.0,0.01,0.02,2764.0,1394.0,0.01,0.3473,-0.0089,0.0031,-0.0227,0.0055,0.0,1421.0,7475.0
2026-08-27 09:55:43,2026-08-27T09:40:13,768.22,2026-08-27,C,751.0,17.02,17.37,121.0,100.0,17.24,0.0,0.9903,0.0035,-0.024,0.006,0.0,1.0,51.0
2026-08-27 09:55:43,2026-08-27T09:40:13,768.22,2026-08-27,P,751.0,0.02,0.03,1620.0,2674.0,0.02,0.3511,-0.0097,0.0035,-0.024,0.006,0.0,2080.0,2036.0
2026-08-27 09:55:43,2026-08-27T09:40:13,768.22,2026-08-27,C,752.0,16.02,16.38,112.0,37.0,15.16,0.0,0.9893,0.004,-0.0257,0.0065,0.0,0.0,50.0
2026-08-27 09:55:43,2026-08-27T09:40:13,768.22,2026-08-27,P,752.0,0.02,0.03,2650.0,2325.0,0.02,0.3331,-0.0107,0.004,-0.0257,0.0065,0.0,1438.0,6184.0
2026-08-27 09:55:43,2026-08-27T09:40:13,768.22,2026-08-27,C,753.0,15.14,15.38,100.0,100.0,15.79,0.0,0.988,0.0046,-0.0279,0.0072,0.0,1.0,224.0
2026-08-27 09:55:43,2026-08-27T09:40:13,768.22,2026-08-27,P,753.0,0.02,0.03,2589.0,2000.0,0.02,0.315,-0.012,0.0046,-0.0279,0.0072,0.0,281.0,1905.0
2026-08-27 09:55:43,2026-08-27T09:40:13,768.22,2026-08-27,C,754.0,14.02,14.38,110.0,100.0,13.73,0.0,0.9864,0.0053,-0.0306,0.008,0.0,14.0,155.0
2026-08-27 09:55:43,2026-08-27T09:40:13,768.22,2026-08-27,P,754.0,0.02,0.03,2330.0,1296.0,0.02,0.2968,-0.0136,0.0053,-0.0306,0.008,0.0,838.0,2518.0
2026-08-27 09:55:43,2026-08-27T09:40:13,768.22,2026-08-27,C,755.0,13.14,13.38,100.0,100.0,13.29,0.0,0.9844,0.0063,-0.0343,0.0091,0.0,16.0,243.0
2026-08-27 09:55:43,2026-08-27T09:40:13,768.22,2026-08-27,P,755.0,0.03,0.04,2092.0,1865.0,0.04,0.2916,-0.0156,0.0063,-0.0343,0.0091,0.0,1807.0,6635.0
2026-08-27 09:55:43,2026-08-27T09:40:13,768.22,2026-08-27,C,756.0,12.13,12.39,65.0,150.0,11.97,0.0,0.9816,0.0076,-0.0392,0.0104,0.0,1.0,180.0
2026-08-27 09:55:43,2026-08-27T09:40:13,768.22,2026-08-27,P,756.0,0.04,0.05,780.0,2448.0,0.04,0.2828,-0.0184,0.0076,-0.0392,0.0104,0.0,5422.0,2466.0
2026-08-27 09:55:43,2026-08-27T09:40:13,768.22,2026-08-27,C,757.0,11.13,11.4,62.0,68.0,11.11,0.0,0.978,0.0093,-0.0458,0.0121,0.0,6.0,369.0
2026-08-27 09:55:43,2026-08-27T09:40:13,768.22,2026-08-27,P,757.0,0.05,0.06,54.0,2863.0,0.05,0.2715,-0.022,0.0093,-0.0458,0.0121,0.0,1339.0,2179.0
2026-08-27 09:55:43,2026-08-27T09:40:13,768.22,2026-08-27,C,758.0,10.14,10.41,76.0,95.0,10.32,0.0,0.973,0.0116,-0.0552,0.0143,0.0,35.0,994.0
2026-08-27 09:55:43,2026-08-27T09:40:13,768.22,2026-08-27,P,758.0,0.06,0.07,61.0,2561.0,0.06,0.2581,-0.027,0.0116,-0.0552,0.0143,0.0,5243.0,5271.0
2026-08-27 09:55:43,2026-08-27T09:40:13,768.22,2026-08-27,C,759.0,9.2,9.36,64.0,47.0,9.25,0.2039,0.9659,0.0147,-0.0684,0.0173,0.0,22.0,244.0
2026-08-27 09:55:43,2026-08-27T09:40:13,768.22,2026-08-27,P,759.0,0.07,0.08,872.0,2727.0,0.07,0.2432,-0.0341,0.0147,-0.0684,0.0173,0.0,6346.0,5933.0
2026-08-27 09:55:43,2026-08-27T09:40:13,768.22,2026-08-27,C,760.0,8.28,8.37,104.0,63.0,8.32,0.2094,0.956,0.019,-0.0877,0.0212,0.0,266.0,840.0
2026-08-27 09:55:43,2026-08-27T09:40:13,768.22,2026-08-27,P,760.0,0.09,0.1,473.0,1974.0,0.09,0.2316,-0.044,0.019,-0.0877,0.0212,0.0,10671.0,6095.0
2026-08-27 09:55:43,2026-08-27T09:40:13,768.22,2026-08-27,C,761.0,7.32,7.4,12.0,20.0,7.3,0.2232,0.9419,0.0249,-0.1159,0.0263,0.0,36.0,745.0
2026-08-27 09:55:43,2026-08-27T09:40:13,768.22,2026-08-27,P,761.0,0.11,0.12,1035.0,1234.0,0.11,0.2173,-0.0581,0.0249,-0.1159,0.0263,0.0,8884.0,2929.0
2026-08-27 09:55:43,2026-08-27T09:40:13,768.22,2026-08-27,C,762.0,6.36,6.44,2.0,72.0,6.35,0.2006,0.9218,0.0328,-0.1576,0.0329,0.0,224.0,690.0
2026-08-27 09:55:43,2026-08-27T09:40:13,768.22,2026-08-27,P,762.0,0.15,0.16,1435.0,795.0,0.16,0.2073,-0.0782,0.0328,-0.1576,0.0329,0.0,15674.0,3422.0
2026-08-27 09:55:43,2026-08-27T09:40:13,768.22,2026-08-27,C,763.0,5.43,5.5,17.0,10.0,5.43,0.202,0.8931,0.0431,-0.2196,0.0411,0.0,381.0,1330.0
2026-08-27 09:55:43,2026-08-27T09:40:13,768.22,2026-08-27,P,763.0,0.22,0.23,264.0,1026.0,0.23,0.1982,-0.1069,0.0431,-0.2196,0.0411,0.0,7808.0,5031.0
2026-08-27 09:55:43,2026-08-27T09:40:13,768.22,2026-08-27,C,764.0,4.52,4.55,100.0,13.0,4.56,0.19,0.853,0.056,-0.3119,0.0508,0.0,820.0,1924.0
2026-08-27 09:55:43,2026-08-27T09:40:13,768.22,2026-08-27,P,764.0,0.31,0.32,576.0,455.0,0.32,0.19,-0.147,0.056,-0.3119,0.0508,0.0,8218.0,7873.0
2026-08-27 09:55:43,2026-08-27T09:40:13,768.22,2026-08-27,C,765.0,3.67,3.71,64.0,43.0,3.69,0.1839,0.7981,0.0712,-0.4482,0.0616,0.0,937.0,4303.0
2026-08-27 09:55:43,2026-08-27T09:40:13,768.22,2026-08-27,P,765.0,0.45,0.46,491.0,336.0,0.46,0.1839,-0.2019,0.0712,-0.4482,0.0616,0.0,12521.0,5495.0
2026-08-27 09:55:43,2026-08-27T09:40:13,768.22,2026-08-27,C,766.0,2.88,2.91,83.0,45.0,2.88,0.1781,0.7261,0.0871,-0.6458,0.0722,0.0,2387.0,5065.0
2026-08-27 09:55:43,2026-08-27T09:40:13,768.22,2026-08-27,P,766.0,0.65,0.66,401.0,74.0,0.66,0.1781,-0.2739,0.0871,-0.6458,0.0722,0.0,14690.0,5339.0
2026-08-27 09:55:43,2026-08-27T09:40:13,768.22,2026-08-27,C,767.0,2.17,2.19,201.0,93.0,2.18,0.1736,0.6365,0.1012,-0.9243,0.0808,0.0,9177.0,6518.0
2026-08-27 09:55:43,2026-08-27T09:40:13,768.22,2026-08-27,P,767.0,0.94,0.95,281.0,326.0,0.95,0.173,-0.3634,0.1012,-0.9243,0.0808,0.0,20885.0,3089.0
2026-08-27 09:55:43,2026-08-27T09:40:13,768.22,2026-08-27,C,768.0,1.56,1.57,125.0,82.0,1.56,0.1692,0.5324,0.1101,-1.3032,0.0854,0.0,21649.0,4522.0
2026-08-27 09:55:43,2026-08-27T09:40:13,768.22,2026-08-27,P,768.0,1.32,1.33,215.0,90.0,1.34,0.1686,-0.4676,0.1101,-1.3032,0.0854,0.0,16627.0,2666.0
2026-08-27 09:55:43,2026-08-27T09:40:13,768.22,2026-08-27,C,769.0,1.06,1.07,215.0,102.0,1.06,0.1651,0.4207,0.1107,-1.0815,0.084,0.0,21000.0,7157.0
2026-08-27 09:55:43,2026-08-27T09:40:13,768.22,2026-08-27,P,769.0,1.82,1.84,102.0,46.0,1.82,0.1645,-0.5793,0.1107,-1.0815,0.084,0.0,4608.0,521.0
2026-08-27 09:55:43,2026-08-27T09:40:13,768.22,2026-08-27,C,770.0,0.67,0.68,254.0,300.0,0.67,0.1619,0.3116,0.1019,-0.6948,0.0765,0.0,21706.0,7702.0
2026-08-27 09:55:43,2026-08-27T09:40:13,768.22,2026-08-27,P,770.0,2.43,2.46,52.0,137.0,2.44,0.1619,-0.6884,0.1019,-0.6948,0.0765,0.0,1296.0,984.0
2026-08-27 09:55:43,2026-08-27T09:40:13,768.22,2026-08-27,C,771.0,0.4,0.41,422.0,282.0,0.4,0.159,0.2156,0.0852,-0.4216,0.064,0.0,11898.0,5376.0
2026-08-27 09:55:43,2026-08-27T09:40:13,768.22,2026-08-27,P,771.0,3.16,3.19,50.0,4.0,3.19,0.159,-0.7844,0.0852,-0.4216,0.064,0.0,584.0,1468.0
2026-08-27 09:55:43,2026-08-27T09:40:13,768.22,2026-08-27,C,772.0,0.23,0.24,697.0,546.0,0.23,0.1599,0.1402,0.065,-0.2442,0.0495,0.0,11174.0,4406.0
2026-08-27 09:55:43,2026-08-27T09:40:13,768.22,2026-08-27,P,772.0,4.0,4.03,20.0,100.0,4.06,0.1599,-0.8598,0.065,-0.2442,0.0495,0.0,264.0,555.0
2026-08-27 09:55:43,2026-08-27T09:40:13,768.22,2026-08-27,C,773.0,0.13,0.14,609.0,512.0,0.14,0.1601,0.0873,0.0459,-0.1385,0.036,0.0,6831.0,3955.0
2026-08-27 09:55:43,2026-08-27T09:40:13,768.22,2026-08-27,P,773.0,4.79,5.02,60.0,72.0,4.9,0.1752,-0.9127,0.0459,-0.1385,0.036,0.0,59.0,1148.0
2026-08-27 09:55:43,2026-08-27T09:40:13,768.22,2026-08-27,C,774.0,0.07,0.08,1877.0,561.0,0.08,0.1627,0.0539,0.031,-0.0801,0.0253,0.0,7924.0,9159.0
2026-08-27 09:55:43,2026-08-27T09:40:13,768.22,2026-08-27,P,774.0,5.73,5.98,93.0,72.0,6.6,0.1867,-0.9461,0.031,-0.0801,0.0253,0.0,100.0,763.0
2026-08-27 09:55:43,2026-08-27T09:40:13,768.22,2026-08-27,C,775.0,0.04,0.05,2386.0,790.0,0.05,0.1684,0.0346,0.0208,-0.0498,0.018,0.0,3825.0,8218.0
2026-08-27 09:55:43,2026-08-27T09:40:13,768.22,2026-08-27,P,775.0,6.7,6.96,60.0,95.0,7.31,0.202,-0.9654,0.0208,-0.0498,0.018,0.0,12.0,858.0
2026-08-27 09:55:43,2026-08-27T09:40:13,768.22,2026-08-27,C,776.0,0.03,0.04,2299.0,2476.0,0.04,0.1812,0.0239,0.0145,-0.0342,0.0134,0.0,1023.0,4528.0
2026-08-27 09:55:43,2026-08-27T09:40:13,768.22,2026-08-27,P,776.0,7.68,8.04,84.0,66.0,8.62,0.2368,-0.9761,0.0145,-0.0342,0.0134,0.0,6.0,94.0
2026-08-27 09:55:43,2026-08-27T09:40:13,768.22,2026-08-27,C,777.0,0.02,0.03,2605.0,2888.0,0.02,0.1909,0.0177,0.0106,-0.0258,0.0104,0.0,1794.0,4442.0
2026-08-27 09:55:43,2026-08-27T09:40:13,768.22,2026-08-27,P,777.0,8.67,8.94,60.0,105.0,9.5,0.2361,-0.9823,0.0106,-0.0258,0.0104,0.0,24.0,199.0
2026-08-27 09:55:43,2026-08-27T09:40:13,768.22,2026-08-27,C,778.0,0.01,0.02,2325.0,1398.0,0.01,0.1955,0.0139,0.0081,-0.021,0.0085,0.0,549.0,2468.0
2026-08-27 09:55:43,2026-08-27T09:40:13,768.22,2026-08-27,P,778.0,9.72,9.87,150.0,100.0,9.79,0.0886,-0.9861,0.0081,-0.021,0.0085,0.0,66.0,0.0
2026-08-27 09:55:43,2026-08-27T09:40:13,768.22,2026-08-27,C,779.0,0.01,0.02,1340.0,2212.0,0.01,0.2128,0.0116,0.0065,-0.0183,0.0072,0.0,655.0,2257.0
2026-08-27 09:55:43,2026-08-27T09:40:13,768.22,2026-08-27,P,779.0,10.66,10.93,73.0,100.0,11.49,0.2731,-0.9884,0.0065,-0.0183,0.0072,0.0,3.0,0.0
2026-08-27 09:55:43,2026-08-27T09:40:13,768.22,2026-08-27,C,780.0,0.01,0.02,1326.0,2372.0,0.01,0.23,0.0102,0.0054,-0.0168,0.0064,0.0,3197.0,5535.0
2026-08-27 09:55:43,2026-08-27T09:40:13,768.22,2026-08-27,P,780.0,11.66,12.02,80.0,124.0,12.13,0.3188,-0.9898,0.0054,-0.0168,0.0064,0.0,24.0,1.0
2026-08-27 09:55:43,2026-08-27T09:40:13,768.22,2026-08-27,C,781.0,0.0,0.01,0.0,1704.0,0.01,0.2187,0.0092,0.0046,-0.016,0.0058,0.0,2388.0,1478.0
2026-08-27 09:55:43,2026-08-27T09:40:13,768.22,2026-08-27,P,781.0,12.66,13.02,100.0,104.0,15.5,0.3404,-0.9908,0.0046,-0.016,0.0058,0.0,0.0,1.0
2026-08-27 09:55:43,2026-08-27T09:40:13,768.22,2026-08-27,C,782.0,0.0,0.01,0.0,2109.0,0.01,0.234,0.0085,0.004,-0.0156,0.0054,0.0,230.0,2919.0
2026-08-27 09:55:43,2026-08-27T09:40:13,768.22,2026-08-27,P,782.0,13.66,14.01,36.0,100.0,16.55,0.359,-0.9915,0.004,-0.0156,0.0054,0.0,0.0,0.0
2026-08-27 09:55:43,2026-08-27T09:40:13,768.22,2026-08-27,C,783.0,0.0,0.01,0.0,2683.0,0.01,0.2492,0.0079,0.0036,-0.0153,0.0051,0.0,320.0,1573.0
2026-08-27 09:55:43,2026-08-27T09:40:13,768.22,2026-08-27,P,783.0,14.66,15.01,36.0,100.0,16.79,0.38,-0.9921,0.0036,-0.0153,0.0051,0.0,0.0,0.0
2026-08-27 09:55:43,2026-08-27T09:40:13,768.22,2026-08-27,C,784.0,0.0,0.01,0.0,2682.0,0.01,0.2642,0.0074,0.0032,-0.0151,0.0048,0.0,3.0,1820.0
2026-08-27 09:55:43,2026-08-27T09:40:13,768.22,2026-08-27,P,784.0,15.66,16.01,37.0,100.0,18.93,0.4008,-0.9926,0.0032,-0.0151,0.0048,0.0,0.0,0.0
2026-08-27 09:55:43,2026-08-27T09:40:13,768.22,2026-08-27,C,785.0,0.0,0.01,0.0,2683.0,0.01,0.2792,0.007,0.0029,-0.015,0.0046,0.0,2.0,1464.0
2026-08-27 09:55:43,2026-08-27T09:40:13,768.22,2026-08-27,P,785.0,16.65,17.01,36.0,100.0,19.97,0.4183,-0.993,0.0029,-0.015,0.0046,0.0,0.0,0.0
2026-08-27 09:55:43,2026-08-27T09:40:13,768.22,2026-08-27,C,786.0,0.0,0.01,0.0,2682.0,0.01,0.294,0.0067,0.0026,-0.0149,0.0043,0.0,446.0,1211.0
2026-08-27 09:55:43,2026-08-27T09:40:13,768.22,2026-08-27,P,786.0,17.66,18.01,37.0,100.0,20.55,0.4419,-0.9933,0.0026,-0.0149,0.0043,0.0,0.0,0.0
2026-08-27 09:55:43,2026-08-27T09:40:13,768.22,2026-08-27,C,787.0,0.0,0.01,0.0,2683.0,0.01,0.3088,0.0064,0.0024,-0.0148,0.0042,0.0,10.0,3748.0
2026-08-27 09:55:43,2026-08-27T09:40:13,768.22,2026-08-27,P,787.0,18.65,19.01,100.0,100.0,19.79,0.4588,-0.9936,0.0024,-0.0148,0.0042,0.0,10.0,0.0
2026-08-27 09:55:43,2026-08-27T09:40:13,768.22,2026-08-27,C,788.0,0.0,0.01,0.0,2629.0,0.01,0.3235,0.0061,0.0022,-0.0147,0.004,0.0,94.0,1662.0
2026-08-27 09:55:43,2026-08-27T09:40:13,768.22,2026-08-27,P,788.0,19.65,20.01,36.0,100.0,23.87,0.4788,-0.9939,0.0022,-0.0147,0.004,0.0,0.0,0.0
2026-08-27 09:55:43,2026-08-27T09:40:13,768.22,2026-08-27,C,789.0,0.0,0.01,0.0,2667.0,0.01,0.3381,0.0058,0.002,-0.0146,0.0038,0.0,31.0,1705.0
2026-08-27 09:55:43,2026-08-27T09:40:13,768.22,2026-08-27,P,789.0,20.65,21.01,36.0,100.0,22.03,0.4986,-0.9942,0.002,-0.0146,0.0038,0.0,0.0,0.0
2026-08-27 09:55:43,2026-08-27T09:40:13,768.22,2026-08-27,C,790.0,0.0,0.01,0.0,2967.0,0.01,0.3527,0.0056,0.0019,-0.0145,0.0037,0.0,22.0,294.0
2026-08-27 09:55:43,2026-08-27T09:40:13,768.22,2026-08-27,P,790.0,21.65,22.01,100.0,100.0,21.57,0.5183,-0.9944,0.0019,-0.0145,0.0037,0.0,4.0,2.0
2026-08-27 09:55:43,2026-08-27T09:40:13,768.22,2026-08-27,C,791.0,0.0,0.01,0.0,2667.0,0.01,0.3672,0.0054,0.0018,-0.0144,0.0035,0.0,2.0,479.0
2026-08-27 09:55:43,2026-08-27T09:40:13,768.22,2026-08-27,P,791.0,22.65,23.01,36.0,100.0,23.85,0.5378,-0.9946,0.0018,-0.0144,0.0035,0.0,0.0,0.0
2026-08-27 09:55:43,2026-08-27T09:40:13,768.22,2026-08-27,C,792.0,0.0,0.01,0.0,2667.0,0.01,0.3816,0.0052,0.0016,-0.0144,0.0034,0.0,2.0,563.0
2026-08-27 09:55:43,2026-08-27T09:40:13,768.22,2026-08-27,P,792.0,23.65,24.01,36.0,36.0,26.8,0.5573,-0.9948,0.0016,-0.0144,0.0034,0.0,0.0,0.0
2026-08-27 09:55:43,2026-08-27T09:40:13,768.22,2026-08-27,C,793.0,0.0,0.01,0.0,2167.0,0.02,0.3959,0.005,0.0015,-0.0143,0.0033,0.0,0.0,582.0
2026-08-27 09:55:43,2026-08-27T09:40:13,768.22,2026-08-27,P,793.0,24.03,26.0,36.0,210.0,27.62,0.6841,-0.995,0.0015,-0.0143,0.0033,0.0,0.0,0.0
2026-08-27 09:55:43,2026-08-27T09:40:13,768.22,2026-08-27,C,794.0,0.0,0.01,0.0,2167.0,0.01,0.4102,0.0048,0.0014,-0.0142,0.0032,0.0,0.0,133.0
2026-08-27 09:55:43,2026-08-27T09:40:13,768.22,2026-08-27,P,794.0,25.03,27.0,36.0,210.0,29.84,0.7058,-0.9952,0.0014,-0.0142,0.0032,0.0,0.0,0.0
2026-08-27 09:55:43,2026-08-27T09:40:13,768.22,2026-08-27,C,795.0,0.0,0.01,0.0,3357.0,0.01,0.4244,0.0046,0.0014,-0.0141,0.0031,0.0,2.0,71.0
2026-08-27 09:55:43,2026-08-27T09:40:13,768.22,2026-08-27,P,795.0,26.03,28.0,36.0,210.0,30.48,0.7272,-0.9954,0.0014,-0.0141,0.0031,0.0,0.0,0.0
2026-08-27 09:55:43,2026-08-27T09:40:13,768.22,2026-08-27,C,796.0,0.0,0.01,0.0,2166.0,0.01,0.4386,0.0045,0.0013,-0.014,0.003,0.0,4.0,117.0
2026-08-27 09:55:43,2026-08-27T09:40:13,768.22,2026-08-27,P,796.0,27.03,29.0,36.0,210.0,29.1,0.7486,-0.9955,0.0013,-0.014,0.003,0.0,0.0,0.0
2026-08-27 09:55:43,2026-08-27T09:40:13,768.22,2026-08-27,C,797.0,0.0,0.01,0.0,2167.0,0.01,0.4527,0.0044,0.0012,-0.014,0.0029,0.0,3.0,30.0
2026-08-27 09:55:43,2026-08-27T09:40:13,768.22,2026-08-27,P,797.0,28.03,30.0,36.0,210.0,31.86,0.7698,-0.9956,0.0012,-0.014,0.0029,0.0,0.0,0.0
2026-08-27 09:55:43,2026-08-27T09:40:13,768.22,2026-08-27,C,798.0,0.0,0.01,0.0,2167.0,0.01,0.4667,0.0042,0.0011,-0.0139,0.0028,0.0,0.0,50.0
2026-08-27 09:55:43,2026-08-27T09:40:13,768.22,2026-08-27,P,798.0,29.03,31.0,36.0,210.0,32.86,0.791,-0.9958,0.0011,-0.0139,0.0028,0.0,0.0,0.0
2026-08-27 09:55:43,2026-08-27T09:40:13,768.22,2026-08-27,C,799.0,0.0,0.01,0.0,2167.0,0.02,0.4807,0.0041,0.0011,-0.0138,0.0027,0.0,0.0,59.0
2026-08-27 09:55:43,2026-08-27T09:40:13,768.22,2026-08-27,P,799.0,30.03,32.0,36.0,36.0,31.53,0.8119,-0.9959,0.0011,-0.0138,0.0027,0.0,0.0,0.0
2026-08-27 09:55:43,2026-08-27T09:40:13,768.22,2026-08-27,C,800.0,0.0,0.01,0.0,4972.0,0.01,0.4947,0.004,0.001,-0.0137,0.0026,0.0,0.0,245.0
2026-08-27 09:55:43,2026-08-27T09:40:13,768.22,2026-08-27,P,800.0,31.03,33.0,36.0,36.0,33.4,0.8328,-0.996,0.001,-0.0137,0.0026,0.0,0.0,0.0
2026-08-27 09:55:43,2026-08-27T09:40:13,768.22,2026-08-27,C,801.0,0.0,0.01,0.0,2167.0,0.01,0.5085,0.0038,0.001,-0.0136,0.0026,0.0,0.0,18.0
2026-08-27 09:55:43,2026-08-27T09:40:13,768.22,2026-08-27,P,801.0,31.35,34.59,12.0,12.0,34.58,0.9,-0.9962,0.001,-0.0136,0.0026,0.0,0.0,0.0
2026-08-27 09:55:43,2026-08-27T09:40:13,768.22,2026-08-27,C,802.0,0.0,0.01,0.0,2167.0,0.01,0.5224,0.0037,0.0009,-0.0135,0.0025,0.0,0.0,58.0
2026-08-27 09:55:43,2026-08-27T09:40:13,768.22,2026-08-27,P,802.0,32.69,35.49,12.0,12.0,36.19,0.9214,-0.9963,0.0009,-0.0135,0.0025,0.0,0.0,0.0
2026-08-27 09:55:43,2026-08-27T09:40:13,768.22,2026-08-27,C,803.0,0.0,0.01,0.0,2167.0,0.02,0.5362,0.0036,0.0009,-0.0135,0.0024,0.0,0.0,64.0
2026-08-27 09:55:43,2026-08-27T09:40:13,768.22,2026-08-27,P,803.0,33.69,36.59,2.0,1.0,0.0,0.9332,-0.9964,0.0009,-0.0135,0.0024,0.0,0.0,0.0
2026-08-27 09:55:43,2026-08-27T09:40:13,768.22,2026-08-27,C,804.0,0.0,0.01,0.0,2167.0,0.03,0.5499,0.0035,0.0008,-0.0134,0.0024,0.0,0.0,33.0
2026-08-27 09:55:43,2026-08-27T09:40:13,768.22,2026-08-27,P,804.0,34.34,37.59,2.0,1.0,0.0,0.9542,-0.9965,0.0008,-0.0134,0.0024,0.0,0.0,0.0
2026-08-27 09:55:43,2026-08-27T09:40:13,768.22,2026-08-27,C,805.0,0.0,0.01,0.0,2167.0,0.01,0.5636,0.0034,0.0008,-0.0133,0.0023,0.0,0.0,315.0
2026-08-27 09:55:43,2026-08-27T09:40:13,768.22,2026-08-27,P,805.0,35.34,38.59,2.0,1.0,39.15,0.9752,-0.9966,0.0008,-0.0133,0.0023,0.0,0.0,0.0
2026-08-27 09:55:43,2026-08-27T09:40:13,768.22,2026-08-27,C,806.0,0.0,0.01,0.0,2167.0,0.02,0.5773,0.0034,0.0008,-0.0132,0.0022,0.0,0.0,315.0
2026-08-27 09:55:43,2026-08-27T09:40:13,768.22,2026-08-27,P,806.0,36.69,39.59,2.0,1.0,0.0,0.996,-0.9966,0.0008,-0.0132,0.0022,0.0,0.0,0.0
2026-08-27 10:00:44,2026-08-27T09:45:14,769.27,2026-08-27,C,731.0,36.73,39.67,36.0,36.0,34.96,0.0,0.9965,0.0007,-0.0153,0.0023,0.0,0.0,0.0
2026-08-27 10:00:44,2026-08-27T09:45:14,769.27,2026-08-27,P,731.0,0.0,0.01,0.0,2692.0,0.02,0.6179,-0.0035,0.0007,-0.0153,0.0023,0.0,0.0,3610.0
2026-08-27 10:00:44,2026-08-27T09:45:14,769.27,2026-08-27,C,732.0,35.73,38.67,36.0,36.0,33.52,0.0,0.9964,0.0008,-0.0154,0.0024,0.0,0.0,1.0
2026-08-27 10:00:44,2026-08-27T09:45:14,769.27,2026-08-27,P,732.0,0.0,0.01,0.0,2692.0,0.03,0.6027,-0.0036,0.0008,-0.0154,0.0024,0.0,0.0,6718.0
2026-08-27 10:00:44,2026-08-27T09:45:14,769.27,2026-08-27,C,733.0,34.73,37.69,36.0,36.0,33.04,0.0,0.9963,0.0008,-0.0155,0.0025,0.0,0.0,0.0
2026-08-27 10:00:44,2026-08-27T09:45:14,769.27,2026-08-27,P,733.0,0.0,0.01,0.0,2692.0,0.02,0.5875,-0.0037,0.0008,-0.0155,0.0025,0.0,0.0,2383.0
2026-08-27 10:00:44,2026-08-27T09:45:14,769.27,2026-08-27,C,734.0,33.73,36.62,36.0,36.0,32.39,0.0,0.9961,0.0008,-0.0157,0.0025,0.0,0.0,1.0
2026-08-27 10:00:44,2026-08-27T09:45:14,769.27,2026-08-27,P,734.0,0.0,0.01,0.0,2692.0,0.02,0.5723,-0.0039,0.0008,-0.0157,0.0025,0.0,2.0,2467.0
2026-08-27 10:00:44,2026-08-27T09:45:14,769.27,2026-08-27,C,735.0,32.73,35.67,36.0,46.0,31.33,0.0,0.996,0.0009,-0.0158,0.0026,0.0,0.0,6.0
2026-08-27 10:00:44,2026-08-27T09:45:14,769.27,2026-08-27,P,735.0,0.0,0.01,0.0,2692.0,0.02,0.5571,-0.004,0.0009,-0.0158,0.0026,0.0,10.0,526.0
2026-08-27 10:00:44,2026-08-27T09:45:14,769.27,2026-08-27,C,736.0,31.73,34.62,36.0,36.0,30.47,0.0,0.9959,0.0009,-0.0159,0.0027,0.0,0.0,3.0
2026-08-27 10:00:44,2026-08-27T09:45:14,769.27,2026-08-27,P,736.0,0.0,0.01,0.0,1258.0,0.01,0.5419,-0.0041,0.0009,-0.0159,0.0027,0.0,0.0,227.0
2026-08-27 10:00:44,2026-08-27T09:45:14,769.27,2026-08-27,C,737.0,30.73,33.62,36.0,36.0,29.89,0.0,0.9958,0.001,-0.0161,0.0028,0.0,0.0,3.0
2026-08-27 10:00:44,2026-08-27T09:45:14,769.27,2026-08-27,P,737.0,0.0,0.01,0.0,2602.0,0.01,0.5267,-0.0042,0.001,-0.0161,0.0028,0.0,0.0,627.0
2026-08-27 10:00:44,2026-08-27T09:45:14,769.27,2026-08-27,C,738.0,29.73,32.61,36.0,36.0,28.46,0.0,0.9956,0.001,-0.0162,0.0028,0.0,0.0,2.0
2026-08-27 10:00:44,2026-08-27T09:45:14,769.27,2026-08-27,P,738.0,0.0,0.01,0.0,2662.0,0.01,0.5114,-0.0044,0.001,-0.0162,0.0028,0.0,0.0,563.0
2026-08-27 10:00:44,2026-08-27T09:45:14,769.27,2026-08-27,C,739.0,28.74,31.67,37.0,38.0,28.36,0.0,0.9954,0.0011,-0.0164,0.003,0.0,1.0,3.0
2026-08-27 10:00:44,2026-08-27T09:45:14,769.27,2026-08-27,P,739.0,0.0,0.01,0.0,2662.0,0.01,0.4962,-0.0046,0.0011,-0.0164,0.003,0.0,0.0,378.0
2026-08-27 10:00:44,2026-08-27T09:45:14,769.27,2026-08-27,C,740.0,27.74,30.61,136.0,36.0,26.78,0.0,0.9953,0.0012,-0.0166,0.0031,0.0,0.0,4.0
2026-08-27 10:00:44,2026-08-27T09:45:14,769.27,2026-08-27,P,740.0,0.0,0.01,0.0,2662.0,0.01,0.4809,-0.0047,0.0012,-0.0166,0.0031,0.0,9.0,1521.0
2026-08-27 10:00:44,2026-08-27T09:45:14,769.27,2026-08-27,C,741.0,26.74,29.69,136.0,36.0,24.06,0.0,0.9951,0.0013,-0.0168,0.0032,0.0,0.0,5.0
2026-08-27 10:00:44,2026-08-27T09:45:14,769.27,2026-08-27,P,741.0,0.0,0.01,0.0,2662.0,0.01,0.4656,-0.0049,0.0013,-0.0168,0.0032,0.0,438.0,686.0
2026-08-27 10:00:44,2026-08-27T09:45:14,769.27,2026-08-27,C,742.0,25.74,28.66,137.0,43.0,27.0,0.0,0.9949,0.0014,-0.017,0.0033,0.0,1.0,24.0
2026-08-27 10:00:44,2026-08-27T09:45:14,769.27,2026-08-27,P,742.0,0.0,0.01,0.0,2692.0,0.02,0.4503,-0.0051,0.0014,-0.017,0.0033,0.0,0.0,680.0
2026-08-27 10:00:44,2026-08-27T09:45:14,769.27,2026-08-27,C,743.0,24.74,27.62,137.0,36.0,23.21,0.0,0.9947,0.0015,-0.0173,0.0034,0.0,0.0,8.0
2026-08-27 10:00:44,2026-08-27T09:45:14,769.27,2026-08-27,P,743.0,0.0,0.01,0.0,1074.0,0.01,0.435,-0.0053,0.0015,-0.0173,0.0034,0.0,18.0,580.0
2026-08-27 10:00:44,2026-08-27T09:45:14,769.27,2026-08-27,C,744.0,23.74,26.62,136.0,36.0,22.7,0.0,0.9944,0.0016,-0.0175,0.0036,0.0,0.0,24.0
2026-08-27 10:00:44,2026-08-27T09:45:14,769.27,2026-08-27,P,744.0,0.0,0.01,0.0,2003.0,0.01,0.4196,-0.0056,0.0016,-0.0175,0.0036,0.0,272.0,1156.0
2026-08-27 10:00:44,2026-08-27T09:45:14,769.27,2026-08-27,C,745.0,22.74,25.67,137.0,46.0,21.74,0.0,0.9942,0.0017,-0.0179,0.0037,0.0,0.0,16.0
2026-08-27 10:00:44,2026-08-27T09:45:14,769.27,2026-08-27,P,745.0,0.0,0.01,0.0,807.0,0.01,0.4042,-0.0058,0.0017,-0.0179,0.0037,0.0,173.0,2626.0
2026-08-27 10:00:44,2026-08-27T09:45:14,769.27,2026-08-27,C,746.0,21.76,24.23,36.0,36.0,22.4,0.0,0.9939,0.0018,-0.0182,0.0039,0.0,2.0,56.0
2026-08-27 10:00:44,2026-08-27T09:45:14,769.27,2026-08-27,P,746.0,0.01,0.02,2768.0,2387.0,0.01,0.434,-0.0061,0.0018,-0.0182,0.0039,0.0,4384.0,5788.0
2026-08-27 10:00:44,2026-08-27T09:45:14,769.27,2026-08-27,C,747.0,20.74,23.23,98.0,42.0,20.08,0.0,0.9935,0.002,-0.0187,0.0041,0.0,0.0,57.0
2026-08-27 10:00:44,2026-08-27T09:45:14,769.27,2026-08-27,P,747.0,0.01,0.02,2768.0,2708.0,0.01,0.4171,-0.0065,0.002,-0.0187,0.0041,0.0,5419.0,12314.0
2026-08-27 10:00:44,2026-08-27T09:45:14,769.27,2026-08-27,C,748.0,19.75,21.5,36.0,36.0,20.54,0.0,0.9931,0.0022,-0.0192,0.0043,0.0,1.0,78.0
2026-08-27 10:00:44,2026-08-27T09:45:14,769.27,2026-08-27,P,748.0,0.01,0.02,2768.0,1649.0,0.01,0.4001,-0.0069,0.0022,-0.0192,0.0043,0.0,867.0,2141.0
2026-08-27 10:00:44,2026-08-27T09:45:14,769.27,2026-08-27,C,749.0,18.75,21.0,36.0,43.0,17.94,0.0,0.9927,0.0024,-0.0199,0.0046,0.0,0.0,134.0
2026-08-27 10:00:44,2026-08-27T09:45:14,769.27,2026-08-27,P,749.0,0.01,0.02,2859.0,2131.0,0.01,0.3831,-0.0073,0.0024,-0.0199,0.0046,0.0,5408.0,957.0
2026-08-27 10:00:44,2026-08-27T09:45:14,769.27,2026-08-27,C,750.0,18.87,19.5,36.0,36.0,18.53,0.0,0.9921,0.0027,-0.0207,0.0049,0.0,1.0,235.0
2026-08-27 10:00:44,2026-08-27T09:45:14,769.27,2026-08-27,P,750.0,0.01,0.02,2769.0,1559.0,0.01,0.3661,-0.0079,0.0027,-0.0207,0.0049,0.0,1640.0,7475.0
2026-08-27 10:00:44,2026-08-27T09:45:14,769.27,2026-08-27,C,751.0,17.88,19.24,100.0,100.0,17.24,0.5464,0.9915,0.003,-0.0216,0.0053,0.0,1.0,51.0
2026-08-27 10:00:44,2026-08-27T09:45:14,769.27,2026-08-27,P,751.0,0.01,0.02,2859.0,1358.0,0.02,0.349,-0.0085,0.003,-0.0216,0.0053,0.0,3002.0,2036.0
2026-08-27 10:00:44,2026-08-27T09:45:14,769.27,2026-08-27,C,752.0,15.75,18.24,100.0,100.0,16.54,0.0,0.9907,0.0034,-0.0228,0.0057,0.0,1.0,50.0
2026-08-27 10:00:44,2026-08-27T09:45:14,769.27,2026-08-27,P,752.0,0.02,0.03,1915.0,2269.0,0.02,0.3528,-0.0093,0.0034,-0.0228,0.0057,0.0,1458.0,6184.0
2026-08-27 10:00:44,2026-08-27T09:45:14,769.27,2026-08-27,C,753.0,16.13,16.48,37.0,43.0,15.79,0.3347,0.9897,0.0038,-0.0244,0.0062,0.0,1.0,224.0
2026-08-27 10:00:44,2026-08-27T09:45:14,769.27,2026-08-27,P,753.0,0.02,0.03,2800.0,2121.0,0.03,0.3347,-0.0103,0.0038,-0.0244,0.0062,0.0,317.0,1905.0
2026-08-27 10:00:44,2026-08-27T09:45:14,769.27,2026-08-27,C,754.0,13.76,15.6,37.0,100.0,14.45,0.0,0.9885,0.0044,-0.0264,0.0069,0.0,15.0,155.0
2026-08-27 10:00:44,2026-08-27T09:45:14,769.27,2026-08-27,P,754.0,0.02,0.03,2485.0,2089.0,0.03,0.3165,-0.0115,0.0044,-0.0264,0.0069,0.0,956.0,2518.0
2026-08-27 10:00:44,2026-08-27T09:45:14,769.27,2026-08-27,C,755.0,14.22,14.44,100.0,100.0,13.59,0.3676,0.987,0.0052,-0.0289,0.0077,0.0,19.0,243.0
2026-08-27 10:00:44,2026-08-27T09:45:14,769.27,2026-08-27,P,755.0,0.03,0.04,978.0,2857.0,0.03,0.3121,-0.013,0.0052,-0.0289,0.0077,0.0,2364.0,6635.0
2026-08-27 10:00:44,2026-08-27T09:45:14,769.27,2026-08-27,C,756.0,11.76,14.26,99.0,100.0,12.13,0.0,0.9851,0.0061,-0.0323,0.0087,0.0,2.0,180.0
2026-08-27 10:00:44,2026-08-27T09:45:14,769.27,2026-08-27,P,756.0,0.03,0.04,2034.0,2040.0,0.04,0.293,-0.0149,0.0061,-0.0323,0.0087,0.0,5688.0,2466.0
2026-08-27 10:00:44,2026-08-27T09:45:14,769.27,2026-08-27,C,757.0,12.23,12.45,80.0,47.0,11.94,0.3301,0.9825,0.0073,-0.0367,0.0099,0.0,7.0,369.0
2026-08-27 10:00:44,2026-08-27T09:45:14,769.27,2026-08-27,P,757.0,0.03,0.04,2573.0,1286.0,0.04,0.2738,-0.0175,0.0073,-0.0367,0.0099,0.0,1571.0,2179.0
2026-08-27 10:00:44,2026-08-27T09:45:14,769.27,2026-08-27,C,758.0,11.16,11.45,64.0,48.0,10.97,0.2767,0.9791,0.009,-0.0428,0.0115,0.0,64.0,994.0
2026-08-27 10:00:44,2026-08-27T09:45:14,769.27,2026-08-27,P,758.0,0.04,0.05,1788.0,1203.0,0.05,0.2643,-0.0209,0.009,-0.0428,0.0115,0.0,5487.0,5271.0
2026-08-27 10:00:44,2026-08-27T09:45:14,769.27,2026-08-27,C,759.0,10.15,10.46,64.0,43.0,10.52,0.2522,0.9744,0.0112,-0.0513,0.0137,0.0,39.0,244.0
2026-08-27 10:00:44,2026-08-27T09:45:14,769.27,2026-08-27,P,759.0,0.05,0.06,1578.0,1338.0,0.05,0.2522,-0.0256,0.0112,-0.0513,0.0137,0.0,6673.0,5933.0
2026-08-27 10:00:44,2026-08-27T09:45:14,769.27,2026-08-27,C,760.0,9.24,9.47,72.0,72.0,9.24,0.2553,0.9678,0.0143,-0.0634,0.0165,0.0,459.0,840.0
2026-08-27 10:00:44,2026-08-27T09:45:14,769.27,2026-08-27,P,760.0,0.06,0.07,1555.0,957.0,0.07,0.2382,-0.0322,0.0143,-0.0634,0.0165,0.0,11783.0,6095.0
2026-08-27 10:00:44,2026-08-27T09:45:14,769.27,2026-08-27,C,761.0,8.26,8.49,72.0,72.0,8.05,0.2461,0.9584,0.0185,-0.081,0.0202,0.0,87.0,745.0
2026-08-27 10:00:44,2026-08-27T09:45:14,769.27,2026-08-27,P,761.0,0.08,0.09,1610.0,1226.0,0.08,0.2278,-0.0416,0.0185,-0.081,0.0202,0.0,9747.0,2929.0
2026-08-27 10:00:44,2026-08-27T09:45:14,769.27,2026-08-27,C,762.0,7.31,7.4,72.0,1.0,7.34,0.2433,0.9448,0.0243,-0.1073,0.0252,0.0,284.0,690.0
2026-08-27 10:00:44,2026-08-27T09:45:14,769.27,2026-08-27,P,762.0,0.1,0.11,967.0,471.0,0.11,0.2142,-0.0552,0.0243,-0.1073,0.0252,0.0,17764.0,3422.0
2026-08-27 10:00:44,2026-08-27T09:45:14,769.27,2026-08-27,C,763.0,6.4,6.43,64.0,18.0,6.09,0.2066,0.9252,0.0322,-0.1469,0.0317,0.0,492.0,1330.0
2026-08-27 10:00:44,2026-08-27T09:45:14,769.27,2026-08-27,P,763.0,0.14,0.15,845.0,461.0,0.14,0.205,-0.0748,0.0322,-0.1469,0.0317,0.0,11719.0,5031.0
2026-08-27 10:00:44,2026-08-27T09:45:14,769.27,2026-08-27,C,764.0,5.45,5.48,30.0,40.0,5.46,0.1978,0.8968,0.0427,-0.2068,0.0399,0.0,1165.0,1924.0
2026-08-27 10:00:44,2026-08-27T09:45:14,769.27,2026-08-27,P,764.0,0.2,0.21,657.0,343.0,0.2,0.1966,-0.1032,0.0427,-0.2068,0.0399,0.0,12159.0,7873.0
2026-08-27 10:00:44,2026-08-27T09:45:14,769.27,2026-08-27,C,765.0,4.55,4.57,78.0,16.0,4.56,0.1899,0.8568,0.0559,-0.2972,0.0497,0.0,1321.0,4303.0
2026-08-27 10:00:44,2026-08-27T09:45:14,769.27,2026-08-27,P,765.0,0.3,0.31,291.0,621.0,0.31,0.1889,-0.1432,0.0559,-0.2972,0.0497,0.0,17231.0,5495.0
2026-08-27 10:00:44,2026-08-27T09:45:14,769.27,2026-08-27,C,766.0,3.7,3.71,61.0,19.0,3.7,0.1839,0.8016,0.0715,-0.4317,0.0607,0.0,4019.0,5065.0
2026-08-27 10:00:44,2026-08-27T09:45:14,769.27,2026-08-27,P,766.0,0.43,0.44,451.0,230.0,0.43,0.1831,-0.1984,0.0715,-0.4317,0.0607,0.0,20670.0,5339.0
2026-08-27 10:00:44,2026-08-27T09:45:14,769.27,2026-08-27,C,767.0,2.89,2.92,122.0,36.0,2.89,0.1776,0.729,0.0879,-0.6276,0.0715,0.0,15184.0,6518.0
2026-08-27 10:00:44,2026-08-27T09:45:14,769.27,2026-08-27,P,767.0,0.63,0.64,290.0,48.0,0.64,0.1776,-0.271,0.0879,-0.6276,0.0715,0.0,31728.0,3089.0
2026-08-27 10:00:44,2026-08-27T09:45:14,769.27,2026-08-27,C,768.0,2.19,2.2,47.0,89.0,2.19,0.1726,0.6384,0.1025,-0.9041,0.0803,0.0,32880.0,4522.0
2026-08-27 10:00:44,2026-08-27T09:45:14,769.27,2026-08-27,P,768.0,0.91,0.92,320.0,18.0,0.92,0.1726,-0.3616,0.1025,-0.9041,0.0803,0.0,29068.0,2666.0
2026-08-27 10:00:44,2026-08-27T09:45:14,769.27,2026-08-27,C,769.0,1.56,1.57,103.0,113.0,1.55,0.1664,0.5329,0.1118,-1.2808,0.0849,0.0,40559.0,7157.0
2026-08-27 10:00:44,2026-08-27T09:45:14,769.27,2026-08-27,P,769.0,1.28,1.29,158.0,1.0,1.29,0.167,-0.4671,0.1118,-1.2808,0.0849,0.0,8929.0,521.0
2026-08-27 10:00:44,2026-08-27T09:45:14,769.27,2026-08-27,C,770.0,1.04,1.05,86.0,1.0,1.05,0.1623,0.4193,0.1126,-1.0579,0.0836,0.0,40276.0,7702.0
2026-08-27 10:00:44,2026-08-27T09:45:14,769.27,2026-08-27,P,770.0,1.77,1.78,33.0,105.0,1.79,0.1623,-0.5807,0.1126,-1.0579,0.0836,0.0,2685.0,984.0
2026-08-27 10:00:44,2026-08-27T09:45:14,769.27,2026-08-27,C,771.0,0.65,0.66,127.0,246.0,0.65,0.1587,0.3083,0.1033,-0.6719,0.0758,0.0,33843.0,5376.0
2026-08-27 10:00:44,2026-08-27T09:45:14,769.27,2026-08-27,P,771.0,2.38,2.4,26.0,56.0,2.41,0.1587,-0.6917,0.1033,-0.6719,0.0758,0.0,863.0,1468.0
2026-08-27 10:00:44,2026-08-27T09:45:14,769.27,2026-08-27,C,772.0,0.39,0.4,222.0,835.0,0.39,0.1566,0.211,0.0858,-0.4021,0.063,0.0,16731.0,4406.0
2026-08-27 10:00:44,2026-08-27T09:45:14,769.27,2026-08-27,P,772.0,3.12,3.14,21.0,93.0,3.08,0.1558,-0.789,0.0858,-0.4021,0.063,0.0,345.0,555.0
2026-08-27 10:00:44,2026-08-27T09:45:14,769.27,2026-08-27,C,773.0,0.22,0.23,427.0,635.0,0.22,0.1564,0.1354,0.0648,-0.2295,0.0482,0.0,10861.0,3955.0
2026-08-27 10:00:44,2026-08-27T09:45:14,769.27,2026-08-27,P,773.0,3.95,3.96,21.0,85.0,3.99,0.1553,-0.8646,0.0648,-0.2295,0.0482,0.0,93.0,1148.0
2026-08-27 10:00:44,2026-08-27T09:45:14,769.27,2026-08-27,C,774.0,0.12,0.13,800.0,879.0,0.13,0.1579,0.0831,0.0451,-0.1281,0.0346,0.0,13239.0,9159.0
2026-08-27 10:00:44,2026-08-27T09:45:14,769.27,2026-08-27,P,774.0,4.83,4.87,44.0,48.0,4.88,0.1563,-0.9169,0.0451,-0.1281,0.0346,0.0,117.0,763.0
2026-08-27 10:00:44,2026-08-27T09:45:14,769.27,2026-08-27,C,775.0,0.06,0.07,1604.0,599.0,0.07,0.1588,0.0505,0.03,-0.0727,0.024,0.0,7509.0,8218.0
2026-08-27 10:00:44,2026-08-27T09:45:14,769.27,2026-08-27,P,775.0,5.64,5.95,57.0,66.0,5.83,0.1511,-0.9495,0.03,-0.0727,0.024,0.0,17.0,858.0
2026-08-27 10:00:44,2026-08-27T09:45:14,769.27,2026-08-27,C,776.0,0.03,0.04,2914.0,542.0,0.04,0.1622,0.0319,0.0199,-0.0444,0.0168,0.0,2235.0,4528.0
2026-08-27 10:00:44,2026-08-27T09:45:14,769.27,2026-08-27,P,776.0,6.06,7.82,54.0,50.0,7.37,0.2383,-0.9681,0.0199,-0.0444,0.0168,0.0,31.0,94.0
2026-08-27 10:00:44,2026-08-27T09:45:14,769.27,2026-08-27,C,777.0,0.02,0.03,2287.0,1885.0,0.03,0.1729,0.0216,0.0136,-0.03,0.0123,0.0,2197.0,4442.0
2026-08-27 10:00:44,2026-08-27T09:45:14,769.27,2026-08-27,P,777.0,7.7,7.83,62.0,50.0,7.77,0.186,-0.9784,0.0136,-0.03,0.0123,0.0,38.0,199.0
2026-08-27 10:00:44,2026-08-27T09:45:14,769.27,2026-08-27,C,778.0,0.01,0.02,2650.0,948.0,0.02,0.1788,0.0158,0.0098,-0.0222,0.0094,0.0,738.0,2468.0
2026-08-27 10:00:44,2026-08-27T09:45:14,769.27,2026-08-27,P,778.0,8.54,9.14,66.0,62.0,9.0,0.2534,-0.9842,0.0098,-0.0222,0.0094,0.0,91.0,0.0
2026-08-27 10:00:44,2026-08-27T09:45:14,769.27,2026-08-27,C,779.0,0.01,0.02,2060.0,2060.0,0.01,0.1965,0.0123,0.0074,-0.0179,0.0076,0.0,673.0,2257.0
2026-08-27 10:00:44,2026-08-27T09:45:14,769.27,2026-08-27,P,779.0,8.81,10.79,60.0,71.0,10.51,0.2562,-0.9877,0.0074,-0.0179,0.0076,0.0,4.0,0.0
2026-08-27 10:00:44,2026-08-27T09:45:14,769.27,2026-08-27,C,780.0,0.01,0.02,1945.0,2834.0,0.02,0.2139,0.0103,0.006,-0.0156,0.0065,0.0,3608.0,5535.0
2026-08-27 10:00:44,2026-08-27T09:45:14,769.27,2026-08-27,P,780.0,9.81,11.78,42.0,121.0,12.13,0.2744,-0.9897,0.006,-0.0156,0.0065,0.0,24.0,1.0
2026-08-27 10:00:44,2026-08-27T09:45:14,769.27,2026-08-27,C,781.0,0.0,0.01,0.0,1177.0,0.02,0.2043,0.009,0.005,-0.0144,0.0058,0.0,2802.0,1478.0
2026-08-27 10:00:44,2026-08-27T09:45:14,769.27,2026-08-27,P,781.0,10.8,12.78,51.0,96.0,15.5,0.2919,-0.991,0.005,-0.0144,0.0058,0.0,0.0,1.0
2026-08-27 10:00:44,2026-08-27T09:45:14,769.27,2026-08-27,C,782.0,0.0,0.01,0.0,2134.0,0.01,0.2198,0.0081,0.0042,-0.0137,0.0053,0.0,235.0,2919.0
2026-08-27 10:00:44,2026-08-27T09:45:14,769.27,2026-08-27,P,782.0,11.78,13.98,97.0,36.0,16.55,0.4151,-0.9919,0.0042,-0.0137,0.0053,0.0,0.0,0.0
2026-08-27 10:00:44,2026-08-27T09:45:14,769.27,2026-08-27,C,783.0,0.0,0.01,0.0,2687.0,0.01,0.2351,0.0075,0.0037,-0.0134,0.0049,0.0,345.0,1573.0
2026-08-27 10:00:44,2026-08-27T09:45:14,769.27,2026-08-27,P,783.0,12.78,15.27,42.0,36.0,16.79,0.4395,-0.9925,0.0037,-0.0134,0.0049,0.0,0.0,0.0
2026-08-27 10:00:44,2026-08-27T09:45:14,769.27,2026-08-27,C,784.0,0.0,0.01,0.0,2687.0,0.01,0.2504,0.007,0.0033,-0.0132,0.0046,0.0,4.0,1820.0
2026-08-27 10:00:44,2026-08-27T09:45:14,769.27,2026-08-27,P,784.0,13.78,16.27,42.0,36.0,18.93,0.4636,-0.993,0.0033,-0.0132,0.0046,0.0,0.0,0.0
2026-08-27 10:00:44,2026-08-27T09:45:14,769.27,2026-08-27,C,785.0,0.0,0.01,0.0,2627.0,0.01,0.2655,0.0066,0.003,-0.013,0.0043,0.0,7.0,1464.0
2026-08-27 10:00:44,2026-08-27T09:45:14,769.27,2026-08-27,P,785.0,14.78,17.27,42.0,100.0,19.97,0.4874,-0.9934,0.003,-0.013,0.0043,0.0,0.0,0.0
2026-08-27 10:00:44,2026-08-27T09:45:14,769.27,2026-08-27,C,786.0,0.0,0.01,0.0,2627.0,0.01,0.2805,0.0063,0.0027,-0.0129,0.0041,0.0,447.0,1211.0
2026-08-27 10:00:44,2026-08-27T09:45:14,769.27,2026-08-27,P,786.0,15.78,18.27,42.0,100.0,20.55,0.5109,-0.9937,0.0027,-0.0129,0.0041,0.0,0.0,0.0
2026-08-27 10:00:44,2026-08-27T09:45:14,769.27,2026-08-27,C,787.0,0.0,0.01,0.0,2627.0,0.01,0.2955,0.006,0.0024,-0.0128,0.0039,0.0,11.0,3748.0
2026-08-27 10:00:44,2026-08-27T09:45:14,769.27,2026-08-27,P,787.0,16.78,19.27,42.0,36.0,19.79,0.5343,-0.994,0.0024,-0.0128,0.0039,0.0,10.0,0.0
2026-08-27 10:00:44,2026-08-27T09:45:14,769.27,2026-08-27,C,788.0,0.0,0.01,0.0,2633.0,0.01,0.3103,0.0057,0.0022,-0.0128,0.0037,0.0,95.0,1662.0
2026-08-27 10:00:44,2026-08-27T09:45:14,769.27,2026-08-27,P,788.0,17.78,20.27,42.0,36.0,23.87,0.5574,-0.9943,0.0022,-0.0128,0.0037,0.0,0.0,0.0
2026-08-27 10:00:44,2026-08-27T09:45:14,769.27,2026-08-27,C,789.0,0.0,0.01,0.0,2717.0,0.01,0.3251,0.0054,0.002,-0.0127,0.0036,0.0,32.0,1705.0
2026-08-27 10:00:44,2026-08-27T09:45:14,769.27,2026-08-27,P,789.0,18.78,21.27,42.0,36.0,22.03,0.5802,-0.9946,0.002,-0.0127,0.0036,0.0,0.0,0.0
2026-08-27 10:00:44,2026-08-27T09:45:14,769.27,2026-08-27,C,790.0,0.0,0.01,0.0,3016.0,0.01,0.3398,0.0052,0.0019,-0.0126,0.0034,0.0,23.0,294.0
2026-08-27 10:00:44,2026-08-27T09:45:14,769.27,2026-08-27,P,790.0,19.78,22.27,42.0,36.0,21.57,0.603,-0.9948,0.0019,-0.0126,0.0034,0.0,4.0,2.0
2026-08-27 10:00:44,2026-08-27T09:45:14,769.27,2026-08-27,C,791.0,0.0,0.01,0.0,2717.0,0.01,0.3544,0.005,0.0017,-0.0125,0.0033,0.0,3.0,479.0
2026-08-27 10:00:44,2026-08-27T09:45:14,769.27,2026-08-27,P,791.0,20.78,23.27,42.0,100.0,23.85,0.6255,-0.995,0.0017,-0.0125,0.0033,0.0,0.0,0.0
2026-08-27 10:00:44,2026-08-27T09:45:14,769.27,2026-08-27,C,792.0,0.0,0.01,0.0,2717.0,0.01,0.3689,0.0048,0.0016,-0.0124,0.0032,0.0,2.0,563.0
2026-08-27 10:00:44,2026-08-27T09:45:14,769.27,2026-08-27,P,792.0,21.78,24.21,42.0,70.0,26.8,0.6345,-0.9952,0.0016,-0.0124,0.0032,0.0,0.0,0.0
2026-08-27 10:00:44,2026-08-27T09:45:14,769.27,2026-08-27,C,793.0,0.0,0.01,0.0,2217.0,0.02,0.3834,0.0046,0.0015,-0.0124,0.003,0.0,0.0,582.0
2026-08-27 10:00:44,2026-08-27T09:45:14,769.27,2026-08-27,P,793.0,22.34,25.27,36.0,36.0,27.62,0.5388,-0.9954,0.0015,-0.0124,0.003,0.0,0.0,0.0
2026-08-27 10:00:44,2026-08-27T09:45:14,769.27,2026-08-27,C,794.0,0.0,0.01,0.0,2217.0,0.01,0.3978,0.0044,0.0014,-0.0123,0.0029,0.0,0.0,133.0
2026-08-27 10:00:44,2026-08-27T09:45:14,769.27,2026-08-27,P,794.0,23.34,26.27,42.0,36.0,29.84,0.5577,-0.9956,0.0014,-0.0123,0.0029,0.0,0.0,0.0
2026-08-27 10:00:44,2026-08-27T09:45:14,769.27,2026-08-27,C,795.0,0.0,0.01,0.0,3397.0,0.01,0.4122,0.0043,0.0013,-0.0122,0.0028,0.0,2.0,71.0
2026-08-27 10:00:44,2026-08-27T09:45:14,769.27,2026-08-27,P,795.0,24.34,27.27,52.0,36.0,30.48,0.5764,-0.9957,0.0013,-0.0122,0.0028,0.0,0.0,0.0
2026-08-27 10:00:44,2026-08-27T09:45:14,769.27,2026-08-27,C,796.0,0.0,0.01,0.0,2217.0,0.01,0.4265,0.0041,0.0012,-0.0122,0.0027,0.0,4.0,117.0
2026-08-27 10:00:44,2026-08-27T09:45:14,769.27,2026-08-27,P,796.0,25.34,28.27,36.0,36.0,29.1,0.5951,-0.9959,0.0012,-0.0122,0.0027,0.0,0.0,0.0
2026-08-27 10:00:44,2026-08-27T09:45:14,769.27,2026-08-27,C,797.0,0.0,0.01,0.0,2218.0,0.01,0.4407,0.004,0.0012,-0.0121,0.0026,0.0,3.0,30.0
2026-08-27 10:00:44,2026-08-27T09:45:14,769.27,2026-08-27,P,797.0,26.34,29.27,42.0,36.0,31.86,0.6136,-0.996,0.0012,-0.0121,0.0026,0.0,0.0,0.0
2026-08-27 10:00:44,2026-08-27T09:45:14,769.27,2026-08-27,C,798.0,0.0,0.01,0.0,2218.0,0.01,0.4549,0.0038,0.0011,-0.012,0.0026,0.0,0.0,50.0
2026-08-27 10:00:44,2026-08-27T09:45:14,769.27,2026-08-27,P,798.0,27.34,30.27,42.0,36.0,32.86,0.632,-0.9962,0.0011,-0.012,0.0026,0.0,0.0,0.0
2026-08-27 10:00:44,2026-08-27T09:45:14,769.27,2026-08-27,C,799.0,0.0,0.01,0.0,2218.0,0.02,0.469,0.0037,0.001,-0.0119,0.0025,0.0,0.0,59.0
2026-08-27 10:00:44,2026-08-27T09:45:14,769.27,2026-08-27,P,799.0,28.44,31.27,36.0,36.0,31.53,0.6958,-0.9963,0.001,-0.0119,0.0025,0.0,0.0,0.0
2026-08-27 10:00:44,2026-08-27T09:45:14,769.27,2026-08-27,C,800.0,0.0,0.01,0.0,5110.0,0.01,0.483,0.0036,0.001,-0.0118,0.0024,0.0,0.0,245.0
2026-08-27 10:00:44,2026-08-27T09:45:14,769.27,2026-08-27,P,800.0,29.37,32.27,42.0,36.0,33.4,0.6839,-0.9964,0.001,-0.0118,0.0024,0.0,0.0,0.0
2026-08-27 10:00:44,2026-08-27T09:45:14,769.27,2026-08-27,C,801.0,0.0,0.01,0.0,2218.0,0.01,0.4971,0.0035,0.0009,-0.0118,0.0024,0.0,0.0,18.0
2026-08-27 10:00:44,2026-08-27T09:45:14,769.27,2026-08-27,P,801.0,30.34,33.38,10.0,12.0,34.58,0.6868,-0.9965,0.0009,-0.0118,0.0024,0.0,0.0,0.0
2026-08-27 10:00:44,2026-08-27T09:45:14,769.27,2026-08-27,C,802.0,0.0,0.01,0.0,2218.0,0.01,0.511,0.0034,0.0009,-0.0117,0.0023,0.0,0.0,58.0
2026-08-27 10:00:44,2026-08-27T09:45:14,769.27,2026-08-27,P,802.0,31.32,34.35,10.0,12.0,36.19,0.6932,-0.9966,0.0009,-0.0117,0.0023,0.0,0.0,0.0
2026-08-27 10:00:44,2026-08-27T09:45:14,769.27,2026-08-27,C,803.0,0.0,0.01,0.0,2218.0,0.02,0.5249,0.0033,0.0008,-0.0116,0.0022,0.0,0.0,64.0
2026-08-27 10:00:44,2026-08-27T09:45:14,769.27,2026-08-27,P,803.0,32.34,35.4,10.0,1.0,0.0,0.7961,-0.9967,0.0008,-0.0116,0.0022,0.0,0.0,0.0
2026-08-27 10:00:44,2026-08-27T09:45:14,769.27,2026-08-27,C,804.0,0.0,0.01,0.0,2218.0,0.03,0.5388,0.0032,0.0008,-0.0116,0.0022,0.0,0.0,33.0
2026-08-27 10:00:44,2026-08-27T09:45:14,769.27,2026-08-27,P,804.0,33.34,36.4,10.0,1.0,0.0,0.7863,-0.9968,0.0008,-0.0116,0.0022,0.0,0.0,0.0
2026-08-27 10:00:44,2026-08-27T09:45:14,769.27,2026-08-27,C,805.0,0.0,0.01,0.0,2218.0,0.01,0.5526,0.0031,0.0008,-0.0115,0.0021,0.0,0.0,315.0
2026-08-27 10:00:44,2026-08-27T09:45:14,769.27,2026-08-27,P,805.0,34.34,37.4,10.0,1.0,39.15,0.8094,-0.9969,0.0008,-0.0115,0.0021,0.0,0.0,0.0
2026-08-27 10:00:44,2026-08-27T09:45:14,769.27,2026-08-27,C,806.0,0.0,0.01,0.0,2218.0,0.02,0.5664,0.0031,0.0007,-0.0114,0.002,0.0,0.0,315.0
2026-08-27 10:00:44,2026-08-27T09:45:14,769.27,2026-08-27,P,806.0,35.34,38.4,10.0,1.0,0.0,0.8325,-0.997,0.0007,-0.0114,0.002,0.0,0.0,0.0
2026-08-27 10:00:44,2026-08-27T09:45:14,769.27,2026-08-27,C,807.0,0.0,0.01,0.0,2218.0,0.0,0.5801,0.003,0.0007,-0.0114,0.002,0.0,0.0,0.0
2026-08-27 10:00:44,2026-08-27T09:45:14,769.27,2026-08-27,P,807.0,36.34,39.4,10.0,1.0,0.0,0.8511,-0.997,0.0007,-0.0114,0.002,0.0,0.0,0.0
2026-08-27 10:05:45,2026-08-27T09:50:14,768.24,2026-08-27,C,730.0,37.69,39.56,44.0,179.0,37.27,1.1016,0.9969,0.0006,-0.0129,0.002,0.0,0.0,2.0
2026-08-27 10:05:45,2026-08-27T09:50:14,768.24,2026-08-27,P,730.0,0.0,0.01,0.0,2193.0,0.02,0.6213,-0.0031,0.0006,-0.0129,0.002,0.0,0.0,369.0
2026-08-27 10:05:45,2026-08-27T09:50:14,768.24,2026-08-27,C,731.0,36.69,38.56,44.0,180.0,34.96,1.0776,0.9968,0.0007,-0.013,0.0021,0.0,0.0,0.0
2026-08-27 10:05:45,2026-08-27T09:50:14,768.24,2026-08-27,P,731.0,0.0,0.01,0.0,2693.0,0.02,0.606,-0.0032,0.0007,-0.013,0.0021,0.0,0.0,3610.0
2026-08-27 10:05:45,2026-08-27T09:50:14,768.24,2026-08-27,C,732.0,35.69,37.56,44.0,179.0,33.52,1.0536,0.9967,0.0007,-0.0132,0.0022,0.0,0.0,1.0
2026-08-27 10:05:45,2026-08-27T09:50:14,768.24,2026-08-27,P,732.0,0.0,0.01,0.0,2693.0,0.03,0.5907,-0.0033,0.0007,-0.0132,0.0022,0.0,0.0,6718.0
2026-08-27 10:05:45,2026-08-27T09:50:14,768.24,2026-08-27,C,733.0,34.69,36.56,44.0,179.0,33.04,1.0296,0.9966,0.0008,-0.0133,0.0022,0.0,0.0,0.0
2026-08-27 10:05:45,2026-08-27T09:50:14,768.24,2026-08-27,P,733.0,0.0,0.01,0.0,2693.0,0.02,0.5754,-0.0034,0.0008,-0.0133,0.0022,0.0,0.0,2383.0
2026-08-27 10:05:45,2026-08-27T09:50:14,768.24,2026-08-27,C,734.0,33.69,35.56,44.0,179.0,32.39,1.0055,0.9965,0.0008,-0.0134,0.0023,0.0,0.0,1.0
2026-08-27 10:05:45,2026-08-27T09:50:14,768.24,2026-08-27,P,734.0,0.0,0.01,0.0,2693.0,0.02,0.56,-0.0035,0.0008,-0.0134,0.0023,0.0,2.0,2467.0
2026-08-27 10:05:45,2026-08-27T09:50:14,768.24,2026-08-27,C,735.0,32.69,34.56,44.0,179.0,31.33,0.9813,0.9964,0.0008,-0.0135,0.0024,0.0,0.0,6.0
2026-08-27 10:05:45,2026-08-27T09:50:14,768.24,2026-08-27,P,735.0,0.0,0.01,0.0,2693.0,0.02,0.5447,-0.0036,0.0008,-0.0135,0.0024,0.0,10.0,526.0
2026-08-27 10:05:45,2026-08-27T09:50:14,768.24,2026-08-27,C,736.0,31.7,33.54,187.0,187.0,30.47,0.9548,0.9963,0.0009,-0.0137,0.0024,0.0,0.0,3.0
2026-08-27 10:05:45,2026-08-27T09:50:14,768.24,2026-08-27,P,736.0,0.0,0.01,0.0,2693.0,0.01,0.5293,-0.0037,0.0009,-0.0137,0.0024,0.0,0.0,227.0
2026-08-27 10:05:45,2026-08-27T09:50:14,768.24,2026-08-27,C,737.0,30.7,32.56,187.0,187.0,29.89,0.9349,0.9961,0.001,-0.0138,0.0025,0.0,0.0,3.0
2026-08-27 10:05:45,2026-08-27T09:50:14,768.24,2026-08-27,P,737.0,0.0,0.01,0.0,2603.0,0.01,0.514,-0.0039,0.001,-0.0138,0.0025,0.0,0.0,627.0
2026-08-27 10:05:45,2026-08-27T09:50:14,768.24,2026-08-27,C,738.0,29.7,31.56,187.0,187.0,28.46,0.9105,0.996,0.001,-0.014,0.0026,0.0,0.0,2.0
2026-08-27 10:05:45,2026-08-27T09:50:14,768.24,2026-08-27,P,738.0,0.0,0.01,0.0,2663.0,0.01,0.4986,-0.004,0.001,-0.014,0.0026,0.0,0.0,563.0
2026-08-27 10:05:45,2026-08-27T09:50:14,768.24,2026-08-27,C,739.0,28.7,30.56,146.0,148.0,28.36,0.886,0.9958,0.0011,-0.0142,0.0027,0.0,1.0,3.0
2026-08-27 10:05:45,2026-08-27T09:50:14,768.24,2026-08-27,P,739.0,0.0,0.01,0.0,2663.0,0.01,0.4832,-0.0042,0.0011,-0.0142,0.0027,0.0,0.0,378.0
2026-08-27 10:05:45,2026-08-27T09:50:14,768.24,2026-08-27,C,740.0,27.7,29.56,175.0,175.0,26.78,0.8614,0.9957,0.0012,-0.0143,0.0028,0.0,0.0,4.0
2026-08-27 10:05:45,2026-08-27T09:50:14,768.24,2026-08-27,P,740.0,0.0,0.01,0.0,2227.0,0.01,0.4678,-0.0043,0.0012,-0.0143,0.0028,0.0,9.0,1521.0
2026-08-27 10:05:45,2026-08-27T09:50:14,768.24,2026-08-27,C,741.0,26.7,28.56,183.0,183.0,24.06,0.8367,0.9955,0.0012,-0.0146,0.0029,0.0,0.0,5.0
2026-08-27 10:05:45,2026-08-27T09:50:14,768.24,2026-08-27,P,741.0,0.0,0.01,0.0,2103.0,0.01,0.4523,-0.0045,0.0012,-0.0146,0.0029,0.0,438.0,686.0
2026-08-27 10:05:45,2026-08-27T09:50:14,768.24,2026-08-27,C,742.0,25.7,27.56,146.0,148.0,27.0,0.8119,0.9953,0.0013,-0.0148,0.0031,0.0,1.0,24.0
2026-08-27 10:05:45,2026-08-27T09:50:14,768.24,2026-08-27,P,742.0,0.0,0.01,0.0,1941.0,0.02,0.4369,-0.0047,0.0013,-0.0148,0.0031,0.0,0.0,680.0
2026-08-27 10:05:45,2026-08-27T09:50:14,768.24,2026-08-27,C,743.0,24.7,26.56,187.0,187.0,23.21,0.787,0.9951,0.0014,-0.015,0.0032,0.0,0.0,8.0
2026-08-27 10:05:45,2026-08-27T09:50:14,768.24,2026-08-27,P,743.0,0.0,0.01,0.0,1775.0,0.01,0.4214,-0.0049,0.0014,-0.015,0.0032,0.0,18.0,580.0
2026-08-27 10:05:45,2026-08-27T09:50:14,768.24,2026-08-27,C,744.0,23.7,25.57,187.0,44.0,22.7,0.764,0.9948,0.0016,-0.0154,0.0033,0.0,0.0,24.0
2026-08-27 10:05:45,2026-08-27T09:50:14,768.24,2026-08-27,P,744.0,0.0,0.01,0.0,1603.0,0.01,0.4059,-0.0052,0.0016,-0.0154,0.0033,0.0,272.0,1156.0
2026-08-27 10:05:45,2026-08-27T09:50:14,768.24,2026-08-27,C,745.0,22.7,24.06,188.0,187.0,21.74,0.6223,0.9945,0.0017,-0.0157,0.0035,0.0,0.0,16.0
2026-08-27 10:05:45,2026-08-27T09:50:14,768.24,2026-08-27,P,745.0,0.0,0.01,0.0,1282.0,0.01,0.3903,-0.0055,0.0017,-0.0157,0.0035,0.0,388.0,2626.0
2026-08-27 10:05:45,2026-08-27T09:50:14,768.24,2026-08-27,C,746.0,21.7,23.07,138.0,152.0,22.4,0.6027,0.9942,0.0018,-0.0162,0.0037,0.0,2.0,56.0
2026-08-27 10:05:45,2026-08-27T09:50:14,768.24,2026-08-27,P,746.0,0.01,0.02,2772.0,2892.0,0.01,0.4187,-0.0058,0.0018,-0.0162,0.0037,0.0,4946.0,5788.0
2026-08-27 10:05:45,2026-08-27T09:50:14,768.24,2026-08-27,C,747.0,20.7,22.07,135.0,44.0,20.08,0.5801,0.9938,0.002,-0.0167,0.0039,0.0,0.0,57.0
2026-08-27 10:05:45,2026-08-27T09:50:14,768.24,2026-08-27,P,747.0,0.01,0.02,2772.0,2802.0,0.02,0.4016,-0.0062,0.002,-0.0167,0.0039,0.0,5443.0,12314.0
2026-08-27 10:05:45,2026-08-27T09:50:14,768.24,2026-08-27,C,748.0,19.71,20.55,103.0,44.0,20.54,0.0,0.9934,0.0022,-0.0173,0.0042,0.0,1.0,78.0
2026-08-27 10:05:45,2026-08-27T09:50:14,768.24,2026-08-27,P,748.0,0.01,0.02,2904.0,2359.0,0.02,0.3845,-0.0066,0.0022,-0.0173,0.0042,0.0,868.0,2141.0
2026-08-27 10:05:45,2026-08-27T09:50:14,768.24,2026-08-27,C,749.0,18.71,20.07,103.0,136.0,17.94,0.5371,0.9929,0.0025,-0.0181,0.0045,0.0,0.0,134.0
2026-08-27 10:05:45,2026-08-27T09:50:14,768.24,2026-08-27,P,749.0,0.01,0.02,2958.0,2601.0,0.02,0.3673,-0.0071,0.0025,-0.0181,0.0045,0.0,5424.0,957.0
2026-08-27 10:05:45,2026-08-27T09:50:14,768.24,2026-08-27,C,750.0,17.71,18.51,103.0,44.0,18.53,0.0,0.9922,0.0028,-0.0191,0.0048,0.0,1.0,235.0
2026-08-27 10:05:45,2026-08-27T09:50:14,768.24,2026-08-27,P,750.0,0.01,0.02,3018.0,2672.0,0.01,0.35,-0.0078,0.0028,-0.0191,0.0048,0.0,1704.0,7475.0
2026-08-27 10:05:45,2026-08-27T09:50:14,768.24,2026-08-27,C,751.0,16.72,18.08,140.0,141.0,17.01,0.4957,0.9915,0.0032,-0.0203,0.0053,0.0,2.0,51.0
2026-08-27 10:05:45,2026-08-27T09:50:14,768.24,2026-08-27,P,751.0,0.01,0.02,3283.0,1672.0,0.01,0.3327,-0.0085,0.0032,-0.0203,0.0053,0.0,3044.0,2036.0
2026-08-27 10:05:45,2026-08-27T09:50:14,768.24,2026-08-27,C,752.0,15.71,17.08,105.0,151.0,16.93,0.47,0.9905,0.0036,-0.0218,0.0058,0.0,2.0,50.0
2026-08-27 10:05:45,2026-08-27T09:50:14,768.24,2026-08-27,P,752.0,0.02,0.03,2171.0,2888.0,0.02,0.3356,-0.0095,0.0036,-0.0218,0.0058,0.0,1751.0,6184.0
2026-08-27 10:05:45,2026-08-27T09:50:14,768.24,2026-08-27,C,753.0,15.01,15.26,105.0,15.0,14.93,0.0,0.9894,0.0042,-0.0238,0.0064,0.0,2.0,224.0
2026-08-27 10:05:45,2026-08-27T09:50:14,768.24,2026-08-27,P,753.0,0.02,0.03,2953.0,2526.0,0.03,0.3172,-0.0106,0.0042,-0.0238,0.0064,0.0,340.0,1905.0
2026-08-27 10:05:45,2026-08-27T09:50:14,768.24,2026-08-27,C,754.0,13.72,14.45,112.0,44.0,14.45,0.0,0.9879,0.005,-0.0263,0.0072,0.0,15.0,155.0
2026-08-27 10:05:45,2026-08-27T09:50:14,768.24,2026-08-27,P,754.0,0.02,0.03,2503.0,2007.0,0.03,0.2988,-0.0121,0.005,-0.0263,0.0072,0.0,997.0,2518.0
2026-08-27 10:05:45,2026-08-27T09:50:14,768.24,2026-08-27,C,755.0,13.04,13.27,112.0,15.0,13.59,0.0,0.9859,0.0059,-0.0296,0.0082,0.0,19.0,243.0
2026-08-27 10:05:45,2026-08-27T09:50:14,768.24,2026-08-27,P,755.0,0.03,0.04,1926.0,3043.0,0.03,0.2935,-0.0141,0.0059,-0.0296,0.0082,0.0,2533.0,6635.0
2026-08-27 10:05:45,2026-08-27T09:50:14,768.24,2026-08-27,C,756.0,11.73,13.1,62.0,83.0,12.13,0.3822,0.9834,0.0072,-0.0341,0.0094,0.0,2.0,180.0
2026-08-27 10:05:45,2026-08-27T09:50:14,768.24,2026-08-27,P,756.0,0.03,0.04,2481.0,2173.0,0.04,0.2741,-0.0166,0.0072,-0.0341,0.0094,0.0,5883.0,2466.0
2026-08-27 10:05:45,2026-08-27T09:50:14,768.24,2026-08-27,C,757.0,11.05,11.28,62.0,25.0,12.24,0.0,0.9799,0.0088,-0.0402,0.0111,0.0,10.0,369.0
2026-08-27 10:05:45,2026-08-27T09:50:14,768.24,2026-08-27,P,757.0,0.04,0.05,2154.0,2362.0,0.04,0.2644,-0.0201,0.0088,-0.0402,0.0111,0.0,2134.0,2179.0
2026-08-27 10:05:45,2026-08-27T09:50:14,768.24,2026-08-27,C,758.0,10.07,10.29,1.0,9.0,11.14,0.0,0.9751,0.0111,-0.0488,0.0133,0.0,67.0,994.0
2026-08-27 10:05:45,2026-08-27T09:50:14,768.24,2026-08-27,P,758.0,0.05,0.06,1355.0,3390.0,0.06,0.2522,-0.0249,0.0111,-0.0488,0.0133,0.0,6120.0,5271.0
2026-08-27 10:05:45,2026-08-27T09:50:14,768.24,2026-08-27,C,759.0,9.07,9.3,64.0,15.0,9.0,0.0,0.9683,0.0143,-0.0614,0.0162,0.0,54.0,244.0
2026-08-27 10:05:45,2026-08-27T09:50:14,768.24,2026-08-27,P,759.0,0.06,0.07,1862.0,2093.0,0.07,0.238,-0.0317,0.0143,-0.0614,0.0162,0.0,7870.0,5933.0
2026-08-27 10:05:45,2026-08-27T09:50:14,768.24,2026-08-27,C,760.0,8.1,8.32,157.0,60.0,8.23,0.0,0.9584,0.0187,-0.0801,0.0201,0.0,554.0,840.0
2026-08-27 10:05:45,2026-08-27T09:50:14,768.24,2026-08-27,P,760.0,0.08,0.09,1427.0,2829.0,0.08,0.2274,-0.0416,0.0187,-0.0801,0.0201,0.0,15808.0,6095.0
2026-08-27 10:05:45,2026-08-27T09:50:14,768.24,2026-08-27,C,761.0,7.12,7.35,15.0,106.0,7.29,0.1746,0.9439,0.0248,-0.1084,0.0253,0.0,94.0,745.0
2026-08-27 10:05:45,2026-08-27T09:50:14,768.24,2026-08-27,P,761.0,0.11,0.12,511.0,2008.0,0.12,0.2178,-0.0561,0.0248,-0.1084,0.0253,0.0,11183.0,2929.0
2026-08-27 10:05:45,2026-08-27T09:50:14,768.24,2026-08-27,C,762.0,6.33,6.37,36.0,74.0,6.31,0.2106,0.9228,0.0331,-0.1519,0.0322,0.0,321.0,690.0
2026-08-27 10:05:45,2026-08-27T09:50:14,768.24,2026-08-27,P,762.0,0.15,0.16,474.0,1678.0,0.15,0.2075,-0.0772,0.0331,-0.1519,0.0322,0.0,19964.0,3422.0
2026-08-27 10:05:45,2026-08-27T09:50:14,768.24,2026-08-27,C,763.0,5.4,5.43,37.0,23.0,5.38,0.2006,0.8923,0.044,-0.2184,0.0408,0.0,701.0,1330.0
2026-08-27 10:05:45,2026-08-27T09:50:14,768.24,2026-08-27,P,763.0,0.21,0.22,910.0,856.0,0.22,0.1981,-0.1077,0.044,-0.2184,0.0408,0.0,14705.0,5031.0
2026-08-27 10:05:45,2026-08-27T09:50:14,768.24,2026-08-27,C,764.0,4.5,4.53,39.0,72.0,4.5,0.1936,0.8495,0.0574,-0.3186,0.0509,0.0,1398.0,1924.0
2026-08-27 10:05:45,2026-08-27T09:50:14,768.24,2026-08-27,P,764.0,0.31,0.32,579.0,412.0,0.32,0.1916,-0.1505,0.0574,-0.3186,0.0509,0.0,15799.0,7873.0
2026-08-27 10:05:45,2026-08-27T09:50:14,768.24,2026-08-27,C,765.0,3.64,3.67,43.0,79.0,3.6,0.1871,0.7916,0.0726,-0.4664,0.0619,0.0,1802.0,4303.0
2026-08-27 10:05:45,2026-08-27T09:50:14,768.24,2026-08-27,P,765.0,0.45,0.46,712.0,129.0,0.46,0.1863,-0.2084,0.0726,-0.4664,0.0619,0.0,24987.0,5495.0
2026-08-27 10:05:45,2026-08-27T09:50:14,768.24,2026-08-27,C,766.0,2.86,2.89,46.0,108.0,2.86,0.1816,0.7168,0.0881,-0.6785,0.0724,0.0,5935.0,5065.0
2026-08-27 10:05:45,2026-08-27T09:50:14,768.24,2026-08-27,P,766.0,0.67,0.68,348.0,234.0,0.66,0.1809,-0.2832,0.0881,-0.6785,0.0724,0.0,30076.0,5339.0
2026-08-27 10:05:45,2026-08-27T09:50:14,768.24,2026-08-27,C,767.0,2.16,2.17,43.0,160.0,2.17,0.177,0.6258,0.1013,-0.9726,0.0806,0.0,17950.0,6518.0
2026-08-27 10:05:45,2026-08-27T09:50:14,768.24,2026-08-27,P,767.0,0.96,0.97,235.0,262.0,0.96,0.177,-0.3742,0.1013,-0.9726,0.0806,0.0,48375.0,3089.0
2026-08-27 10:05:45,2026-08-27T09:50:14,768.24,2026-08-27,C,768.0,1.55,1.56,177.0,10.0,1.59,0.1725,0.5217,0.109,-1.3654,0.0844,0.0,40886.0,4522.0
2026-08-27 10:05:45,2026-08-27T09:50:14,768.24,2026-08-27,P,768.0,1.35,1.36,211.0,105.0,1.34,0.1725,-0.4783,0.109,-1.3654,0.0844,0.0,50010.0,2666.0
2026-08-27 10:05:45,2026-08-27T09:50:14,768.24,2026-08-27,C,769.0,1.06,1.07,18.0,296.0,1.07,0.1695,0.4113,0.1088,-1.0594,0.0826,0.0,59819.0,7157.0
2026-08-27 10:05:45,2026-08-27T09:50:14,768.24,2026-08-27,P,769.0,1.86,1.87,37.0,1.0,1.87,0.1683,-0.5887,0.1088,-1.0594,0.0826,0.0,18105.0,521.0
2026-08-27 10:05:45,2026-08-27T09:50:14,768.24,2026-08-27,C,770.0,0.67,0.68,422.0,10.0,0.7,0.1651,0.304,0.0997,-0.6794,0.0747,0.0,65740.0,7702.0
2026-08-27 10:05:45,2026-08-27T09:50:14,768.24,2026-08-27,P,770.0,2.48,2.5,24.0,62.0,2.47,0.1645,-0.696,0.0997,-0.6794,0.0747,0.0,6811.0,984.0
2026-08-27 10:05:45,2026-08-27T09:50:14,768.24,2026-08-27,C,771.0,0.4,0.41,995.0,65.0,0.41,0.1627,0.2095,0.0832,-0.4096,0.0622,0.0,52726.0,5376.0
2026-08-27 10:05:45,2026-08-27T09:50:14,768.24,2026-08-27,P,771.0,3.19,3.21,133.0,41.0,3.28,0.1619,-0.7905,0.0832,-0.4096,0.0622,0.0,2058.0,1468.0
2026-08-27 10:05:45,2026-08-27T09:50:14,768.24,2026-08-27,C,772.0,0.23,0.24,1001.0,556.0,0.24,0.1626,0.135,0.0631,-0.234,0.0477,0.0,28886.0,4406.0
2026-08-27 10:05:45,2026-08-27T09:50:14,768.24,2026-08-27,P,772.0,4.03,4.06,72.0,50.0,4.0,0.1604,-0.865,0.0631,-0.234,0.0477,0.0,702.0,555.0
2026-08-27 10:05:45,2026-08-27T09:50:14,768.24,2026-08-27,C,773.0,0.12,0.13,2549.0,511.0,0.13,0.1615,0.0828,0.0442,-0.13,0.0342,0.0,15775.0,3955.0
2026-08-27 10:05:45,2026-08-27T09:50:14,768.24,2026-08-27,P,773.0,4.93,4.97,48.0,35.0,4.91,0.1599,-0.9172,0.0442,-0.13,0.0342,0.0,193.0,1148.0
2026-08-27 10:05:45,2026-08-27T09:50:14,768.24,2026-08-27,C,774.0,0.07,0.08,1203.0,1521.0,0.08,0.1669,0.0504,0.0295,-0.0737,0.0238,0.0,15947.0,9159.0
2026-08-27 10:05:45,2026-08-27T09:50:14,768.24,2026-08-27,P,774.0,5.82,5.98,158.0,60.0,5.91,0.1773,-0.9496,0.0295,-0.0737,0.0238,0.0,203.0,763.0
2026-08-27 10:05:45,2026-08-27T09:50:14,768.24,2026-08-27,C,775.0,0.04,0.05,1356.0,2231.0,0.05,0.1725,0.032,0.0196,-0.0452,0.0167,0.0,10630.0,8218.0
2026-08-27 10:05:45,2026-08-27T09:50:14,768.24,2026-08-27,P,775.0,6.79,7.02,200.0,1.0,7.15,0.2125,-0.968,0.0196,-0.0452,0.0167,0.0,66.0,858.0
2026-08-27 10:05:45,2026-08-27T09:50:14,768.24,2026-08-27,C,776.0,0.03,0.04,754.0,2833.0,0.03,0.1854,0.0218,0.0135,-0.0306,0.0122,0.0,5308.0,4528.0
2026-08-27 10:05:45,2026-08-27T09:50:14,768.24,2026-08-27,P,776.0,6.98,8.34,83.0,29.0,7.89,0.0,-0.9782,0.0135,-0.0306,0.0122,0.0,37.0,94.0
2026-08-27 10:05:45,2026-08-27T09:50:14,768.24,2026-08-27,C,777.0,0.02,0.03,2427.0,3267.0,0.03,0.1951,0.0159,0.0098,-0.0228,0.0094,0.0,2314.0,4442.0
2026-08-27 10:05:45,2026-08-27T09:50:14,768.24,2026-08-27,P,777.0,8.78,9.02,37.0,82.0,8.95,0.2412,-0.9841,0.0098,-0.0228,0.0094,0.0,78.0,199.0
2026-08-27 10:05:45,2026-08-27T09:50:14,768.24,2026-08-27,C,778.0,0.01,0.02,2125.0,2825.0,0.02,0.1996,0.0126,0.0075,-0.0186,0.0077,0.0,1998.0,2468.0
2026-08-27 10:05:45,2026-08-27T09:50:14,768.24,2026-08-27,P,778.0,9.57,10.33,51.0,111.0,9.9,0.2869,-0.9874,0.0075,-0.0186,0.0077,0.0,129.0,0.0
2026-08-27 10:05:45,2026-08-27T09:50:14,768.24,2026-08-27,C,779.0,0.01,0.02,2976.0,2797.0,0.01,0.2172,0.0106,0.006,-0.0164,0.0066,0.0,695.0,2257.0
2026-08-27 10:05:45,2026-08-27T09:50:14,768.24,2026-08-27,P,779.0,10.57,11.32,51.0,82.0,10.93,0.3074,-0.9894,0.006,-0.0164,0.0066,0.0,6.0,0.0
2026-08-27 10:05:45,2026-08-27T09:50:14,768.24,2026-08-27,C,780.0,0.01,0.02,1222.0,2807.0,0.02,0.2345,0.0094,0.005,-0.0152,0.0059,0.0,3741.0,5535.0
2026-08-27 10:05:45,2026-08-27T09:50:14,768.24,2026-08-27,P,780.0,10.96,12.32,109.0,81.0,12.0,0.0,-0.9906,0.005,-0.0152,0.0059,0.0,25.0,1.0
2026-08-27 10:05:45,2026-08-27T09:50:14,768.24,2026-08-27,C,781.0,0.0,0.01,0.0,2777.0,0.01,0.223,0.0085,0.0044,-0.0147,0.0054,0.0,2978.0,1478.0
2026-08-27 10:05:45,2026-08-27T09:50:14,768.24,2026-08-27,P,781.0,11.95,13.32,44.0,112.0,15.5,0.0,-0.9915,0.0044,-0.0147,0.0054,0.0,0.0,1.0
2026-08-27 10:05:45,2026-08-27T09:50:14,768.24,2026-08-27,C,782.0,0.0,0.01,0.0,2777.0,0.01,0.2384,0.0079,0.0038,-0.0144,0.005,0.0,238.0,2919.0
2026-08-27 10:05:45,2026-08-27T09:50:14,768.24,2026-08-27,P,782.0,12.95,14.32,44.0,112.0,16.55,0.0,-0.9921,0.0038,-0.0144,0.005,0.0,0.0,0.0
2026-08-27 10:05:45,2026-08-27T09:50:14,768.24,2026-08-27,C,783.0,0.0,0.01,0.0,2687.0,0.01,0.2538,0.0074,0.0034,-0.0142,0.0047,0.0,346.0,1573.0
2026-08-27 10:05:45,2026-08-27T09:50:14,768.24,2026-08-27,P,783.0,13.95,15.32,44.0,112.0,16.79,0.0,-0.9926,0.0034,-0.0142,0.0047,0.0,0.0,0.0
2026-08-27 10:05:45,2026-08-27T09:50:14,768.24,2026-08-27,C,784.0,0.0,0.01,0.0,2687.0,0.01,0.269,0.007,0.0031,-0.014,0.0045,0.0,4.0,1820.0
2026-08-27 10:05:45,2026-08-27T09:50:14,768.24,2026-08-27,P,784.0,14.95,16.32,44.0,112.0,18.93,0.0,-0.993,0.0031,-0.014,0.0045,0.0,0.0,0.0
2026-08-27 10:05:45,2026-08-27T09:50:14,768.24,2026-08-27,C,785.0,0.0,0.01,0.0,2627.0,0.01,0.2841,0.0066,0.0028,-0.0139,0.0043,0.0,10.0,1464.0
2026-08-27 10:05:45,2026-08-27T09:50:14,768.24,2026-08-27,P,785.0,15.95,17.32,44.0,124.0,19.97,0.0,-0.9934,0.0028,-0.0139,0.0043,0.0,0.0,0.0
2026-08-27 10:05:45,2026-08-27T09:50:14,768.24,2026-08-27,C,786.0,0.0,0.01,0.0,2627.0,0.01,0.2992,0.0063,0.0025,-0.0138,0.004,0.0,447.0,1211.0
2026-08-27 10:05:45,2026-08-27T09:50:14,768.24,2026-08-27,P,786.0,16.95,18.32,44.0,112.0,20.55,0.0,-0.9937,0.0025,-0.0138,0.004,0.0,0.0,0.0
2026-08-27 10:05:45,2026-08-27T09:50:14,768.24,2026-08-27,C,787.0,0.0,0.01,0.0,2627.0,0.01,0.3141,0.006,0.0023,-0.0137,0.0039,0.0,11.0,3748.0
2026-08-27 10:05:45,2026-08-27T09:50:14,768.24,2026-08-27,P,787.0,17.95,19.32,152.0,112.0,19.79,0.0,-0.994,0.0023,-0.0137,0.0039,0.0,10.0,0.0
2026-08-27 10:05:45,2026-08-27T09:50:14,768.24,2026-08-27,C,788.0,0.0,0.01,0.0,2633.0,0.01,0.329,0.0057,0.0021,-0.0136,0.0037,0.0,95.0,1662.0
2026-08-27 10:05:45,2026-08-27T09:50:14,768.24,2026-08-27,P,788.0,18.95,20.32,44.0,112.0,23.87,0.0,-0.9943,0.0021,-0.0136,0.0037,0.0,0.0,0.0
2026-08-27 10:05:45,2026-08-27T09:50:14,768.24,2026-08-27,C,789.0,0.0,0.01,0.0,2717.0,0.01,0.3438,0.0055,0.002,-0.0136,0.0036,0.0,32.0,1705.0
2026-08-27 10:05:45,2026-08-27T09:50:14,768.24,2026-08-27,P,789.0,19.95,21.32,101.0,112.0,22.03,0.0,-0.9945,0.002,-0.0136,0.0036,0.0,0.0,0.0
2026-08-27 10:05:45,2026-08-27T09:50:14,768.24,2026-08-27,C,790.0,0.0,0.01,0.0,3016.0,0.01,0.3585,0.0052,0.0018,-0.0135,0.0034,0.0,33.0,294.0
2026-08-27 10:05:45,2026-08-27T09:50:14,768.24,2026-08-27,P,790.0,20.95,22.32,152.0,112.0,21.57,0.0,-0.9948,0.0018,-0.0135,0.0034,0.0,4.0,2.0
2026-08-27 10:05:45,2026-08-27T09:50:14,768.24,2026-08-27,C,791.0,0.0,0.01,0.0,2718.0,0.01,0.3732,0.005,0.0017,-0.0134,0.0033,0.0,3.0,479.0
2026-08-27 10:05:45,2026-08-27T09:50:14,768.24,2026-08-27,P,791.0,21.86,23.32,187.0,107.0,23.85,0.0,-0.995,0.0017,-0.0134,0.0033,0.0,0.0,0.0
2026-08-27 10:05:45,2026-08-27T09:50:14,768.24,2026-08-27,C,792.0,0.0,0.01,0.0,2718.0,0.01,0.3878,0.0049,0.0016,-0.0133,0.0032,0.0,2.0,563.0
2026-08-27 10:05:45,2026-08-27T09:50:14,768.24,2026-08-27,P,792.0,22.44,24.32,183.0,183.0,26.8,0.0,-0.9951,0.0016,-0.0133,0.0032,0.0,0.0,0.0
2026-08-27 10:05:45,2026-08-27T09:50:14,768.24,2026-08-27,C,793.0,0.0,0.01,0.0,2218.0,0.02,0.4023,0.0047,0.0014,-0.0132,0.0031,0.0,0.0,582.0
2026-08-27 10:05:45,2026-08-27T09:50:14,768.24,2026-08-27,P,793.0,23.44,25.32,179.0,179.0,27.62,0.0,-0.9953,0.0014,-0.0132,0.0031,0.0,0.0,0.0
2026-08-27 10:05:45,2026-08-27T09:50:14,768.24,2026-08-27,C,794.0,0.0,0.01,0.0,2218.0,0.01,0.4168,0.0045,0.0014,-0.0132,0.003,0.0,0.0,133.0
2026-08-27 10:05:45,2026-08-27T09:50:14,768.24,2026-08-27,P,794.0,24.44,26.32,184.0,183.0,29.84,0.0,-0.9955,0.0014,-0.0132,0.003,0.0,0.0,0.0
2026-08-27 10:05:45,2026-08-27T09:50:14,768.24,2026-08-27,C,795.0,0.0,0.01,0.0,3424.0,0.01,0.4311,0.0044,0.0013,-0.0131,0.0028,0.0,2.0,71.0
2026-08-27 10:05:45,2026-08-27T09:50:14,768.24,2026-08-27,P,795.0,25.44,27.32,160.0,160.0,30.48,0.0,-0.9956,0.0013,-0.0131,0.0028,0.0,0.0,0.0
2026-08-27 10:05:45,2026-08-27T09:50:14,768.24,2026-08-27,C,796.0,0.0,0.01,0.0,2217.0,0.01,0.4455,0.0042,0.0012,-0.013,0.0028,0.0,4.0,117.0
2026-08-27 10:05:45,2026-08-27T09:50:14,768.24,2026-08-27,P,796.0,26.44,28.32,168.0,168.0,29.1,0.0,-0.9958,0.0012,-0.013,0.0028,0.0,0.0,0.0
2026-08-27 10:05:45,2026-08-27T09:50:14,768.24,2026-08-27,C,797.0,0.0,0.01,0.0,2218.0,0.01,0.4598,0.0041,0.0011,-0.0129,0.0027,0.0,3.0,30.0
2026-08-27 10:05:45,2026-08-27T09:50:14,768.24,2026-08-27,P,797.0,27.44,29.32,168.0,169.0,31.86,0.0,-0.9959,0.0011,-0.0129,0.0027,0.0,0.0,0.0
2026-08-27 10:05:45,2026-08-27T09:50:14,768.24,2026-08-27,C,798.0,0.0,0.01,0.0,2218.0,0.01,0.474,0.004,0.0011,-0.0128,0.0026,0.0,0.0,50.0
2026-08-27 10:05:45,2026-08-27T09:50:14,768.24,2026-08-27,P,798.0,28.44,30.32,176.0,171.0,29.66,0.0,-0.996,0.0011,-0.0128,0.0026,0.0,1.0,0.0
2026-08-27 10:05:45,2026-08-27T09:50:14,768.24,2026-08-27,C,799.0,0.0,0.01,0.0,2218.0,0.02,0.4881,0.0038,0.001,-0.0127,0.0025,0.0,0.0,59.0
2026-08-27 10:05:45,2026-08-27T09:50:14,768.24,2026-08-27,P,799.0,29.44,31.32,44.0,44.0,31.53,0.0,-0.9962,0.001,-0.0127,0.0025,0.0,0.0,0.0
2026-08-27 10:05:45,2026-08-27T09:50:14,768.24,2026-08-27,C,800.0,0.0,0.01,0.0,5140.0,0.01,0.5022,0.0037,0.001,-0.0127,0.0024,0.0,0.0,245.0
2026-08-27 10:05:45,2026-08-27T09:50:14,768.24,2026-08-27,P,800.0,30.44,33.07,44.0,44.0,33.4,0.0,-0.9963,0.001,-0.0127,0.0024,0.0,0.0,0.0
2026-08-27 10:05:45,2026-08-27T09:50:14,768.24,2026-08-27,C,801.0,0.0,0.01,0.0,2218.0,0.01,0.5163,0.0036,0.0009,-0.0126,0.0024,0.0,0.0,18.0
2026-08-27 10:05:45,2026-08-27T09:50:14,768.24,2026-08-27,P,801.0,31.05,34.57,15.0,15.0,34.58,0.0,-0.9964,0.0009,-0.0126,0.0024,0.0,0.0,0.0
2026-08-27 10:05:45,2026-08-27T09:50:14,768.24,2026-08-27,C,802.0,0.0,0.01,0.0,2218.0,0.01,0.5303,0.0035,0.0009,-0.0125,0.0023,0.0,0.0,58.0
2026-08-27 10:05:45,2026-08-27T09:50:14,768.24,2026-08-27,P,802.0,32.05,35.57,15.0,15.0,36.19,0.0,-0.9965,0.0009,-0.0125,0.0023,0.0,0.0,0.0
2026-08-27 10:05:45,2026-08-27T09:50:14,768.24,2026-08-27,C,803.0,0.0,0.01,0.0,2218.0,0.02,0.5443,0.0034,0.0008,-0.0124,0.0022,0.0,0.0,64.0
2026-08-27 10:05:45,2026-08-27T09:50:14,768.24,2026-08-27,P,803.0,32.94,36.66,5.0,1.0,0.0,0.0,-0.9966,0.0008,-0.0124,0.0022,0.0,0.0,0.0
2026-08-27 10:05:45,2026-08-27T09:50:14,768.24,2026-08-27,C,804.0,0.0,0.01,0.0,2218.0,0.03,0.5582,0.0033,0.0008,-0.0124,0.0022,0.0,0.0,33.0
2026-08-27 10:05:45,2026-08-27T09:50:14,768.24,2026-08-27,P,804.0,33.94,37.66,5.0,1.0,0.0,0.0,-0.9967,0.0008,-0.0124,0.0022,0.0,0.0,0.0
2026-08-27 10:05:45,2026-08-27T09:50:14,768.24,2026-08-27,C,805.0,0.0,0.01,0.0,2218.0,0.01,0.5721,0.0032,0.0007,-0.0123,0.0021,0.0,0.0,315.0
2026-08-27 10:05:45,2026-08-27T09:50:14,768.24,2026-08-27,P,805.0,34.94,38.66,5.0,1.0,39.15,0.0,-0.9968,0.0007,-0.0123,0.0021,0.0,0.0,0.0
2026-08-27 10:05:45,2026-08-27T09:50:14,768.24,2026-08-27,C,806.0,0.0,0.01,0.0,2218.0,0.02,0.5859,0.0031,0.0007,-0.0122,0.0021,0.0,0.0,315.0
2026-08-27 10:05:45,2026-08-27T09:50:14,768.24,2026-08-27,P,806.0,35.94,39.66,5.0,1.0,0.0,0.0,-0.9969,0.0007,-0.0122,0.0021,0.0,0.0,0.0
2026-08-27 10:10:46,2026-08-27T09:55:14,768.9506,2026-08-27,C,731.0,36.61,39.37,24.0,24.0,34.96,0.0,0.9966,0.0007,-0.0143,0.0022,0.0,0.0,0.0
2026-08-27 10:10:46,2026-08-27T09:55:14,768.9506,2026-08-27,P,731.0,0.0,0.01,0.0,2693.0,0.02,0.6223,-0.0034,0.0007,-0.0143,0.0022,0.0,0.0,3610.0
2026-08-27 10:10:46,2026-08-27T09:55:14,768.9506,2026-08-27,C,732.0,35.61,38.37,24.0,24.0,33.52,0.0,0.9965,0.0007,-0.0144,0.0023,0.0,0.0,1.0
2026-08-27 10:10:46,2026-08-27T09:55:14,768.9506,2026-08-27,P,732.0,0.0,0.01,0.0,2693.0,0.03,0.6069,-0.0035,0.0007,-0.0144,0.0023,0.0,0.0,6718.0
2026-08-27 10:10:46,2026-08-27T09:55:14,768.9506,2026-08-27,C,733.0,34.61,37.37,24.0,24.0,33.04,0.0,0.9964,0.0008,-0.0145,0.0023,0.0,0.0,0.0
2026-08-27 10:10:46,2026-08-27T09:55:14,768.9506,2026-08-27,P,733.0,0.0,0.01,0.0,2693.0,0.02,0.5915,-0.0036,0.0008,-0.0145,0.0023,0.0,0.0,2383.0
2026-08-27 10:10:46,2026-08-27T09:55:14,768.9506,2026-08-27,C,734.0,33.61,36.6,24.0,201.0,32.39,0.7416,0.9963,0.0008,-0.0146,0.0024,0.0,0.0,1.0
2026-08-27 10:10:46,2026-08-27T09:55:14,768.9506,2026-08-27,P,734.0,0.0,0.01,0.0,2693.0,0.02,0.5761,-0.0037,0.0008,-0.0146,0.0024,0.0,2.0,2467.0
2026-08-27 10:10:46,2026-08-27T09:55:14,768.9506,2026-08-27,C,735.0,33.96,34.17,44.0,45.0,33.3,0.7595,0.9962,0.0009,-0.0148,0.0025,0.0,1.0,6.0
2026-08-27 10:10:46,2026-08-27T09:55:14,768.9506,2026-08-27,P,735.0,0.0,0.01,0.0,2693.0,0.01,0.5607,-0.0038,0.0009,-0.0148,0.0025,0.0,11.0,526.0
2026-08-27 10:10:46,2026-08-27T09:55:14,768.9506,2026-08-27,C,736.0,31.61,34.6,24.0,172.0,30.47,0.7037,0.9961,0.0009,-0.0149,0.0025,0.0,0.0,3.0
2026-08-27 10:10:46,2026-08-27T09:55:14,768.9506,2026-08-27,P,736.0,0.0,0.01,0.0,2603.0,0.01,0.5453,-0.0039,0.0009,-0.0149,0.0025,0.0,0.0,227.0
2026-08-27 10:10:46,2026-08-27T09:55:14,768.9506,2026-08-27,C,737.0,30.64,33.16,180.0,172.0,29.89,0.0,0.996,0.001,-0.0151,0.0026,0.0,0.0,3.0
2026-08-27 10:10:46,2026-08-27T09:55:14,768.9506,2026-08-27,P,737.0,0.0,0.01,0.0,2603.0,0.01,0.5298,-0.004,0.001,-0.0151,0.0026,0.0,0.0,627.0
2026-08-27 10:10:46,2026-08-27T09:55:14,768.9506,2026-08-27,C,738.0,29.61,32.38,24.0,172.0,28.46,0.0,0.9958,0.001,-0.0152,0.0027,0.0,0.0,2.0
2026-08-27 10:10:46,2026-08-27T09:55:14,768.9506,2026-08-27,P,738.0,0.0,0.01,0.0,2663.0,0.01,0.5144,-0.0042,0.001,-0.0152,0.0027,0.0,0.0,563.0
2026-08-27 10:10:46,2026-08-27T09:55:14,768.9506,2026-08-27,C,739.0,28.61,31.41,24.0,24.0,28.36,0.0,0.9957,0.0011,-0.0154,0.0028,0.0,1.0,3.0
2026-08-27 10:10:46,2026-08-27T09:55:14,768.9506,2026-08-27,P,739.0,0.0,0.01,0.0,2663.0,0.01,0.499,-0.0043,0.0011,-0.0154,0.0028,0.0,10.0,378.0
2026-08-27 10:10:46,2026-08-27T09:55:14,768.9506,2026-08-27,C,740.0,27.61,29.62,24.0,172.0,26.78,0.0,0.9955,0.0012,-0.0155,0.0029,0.0,0.0,4.0
2026-08-27 10:10:46,2026-08-27T09:55:14,768.9506,2026-08-27,P,740.0,0.0,0.01,0.0,2663.0,0.01,0.4835,-0.0045,0.0012,-0.0155,0.0029,0.0,9.0,1521.0
2026-08-27 10:10:46,2026-08-27T09:55:14,768.9506,2026-08-27,C,741.0,26.62,29.37,174.0,24.0,24.06,0.0,0.9953,0.0012,-0.0157,0.003,0.0,0.0,5.0
2026-08-27 10:10:46,2026-08-27T09:55:14,768.9506,2026-08-27,P,741.0,0.0,0.01,0.0,2663.0,0.01,0.468,-0.0047,0.0012,-0.0157,0.003,0.0,438.0,686.0
2026-08-27 10:10:46,2026-08-27T09:55:14,768.9506,2026-08-27,C,742.0,25.62,28.38,187.0,180.0,27.0,0.0,0.9951,0.0013,-0.0159,0.0031,0.0,1.0,24.0
2026-08-27 10:10:46,2026-08-27T09:55:14,768.9506,2026-08-27,P,742.0,0.0,0.01,0.0,2692.0,0.02,0.4524,-0.0049,0.0013,-0.0159,0.0031,0.0,0.0,680.0
2026-08-27 10:10:46,2026-08-27T09:55:14,768.9506,2026-08-27,C,743.0,24.62,27.02,186.0,172.0,23.21,0.0,0.9949,0.0014,-0.0161,0.0032,0.0,0.0,8.0
2026-08-27 10:10:46,2026-08-27T09:55:14,768.9506,2026-08-27,P,743.0,0.0,0.01,0.0,2691.0,0.01,0.4369,-0.0051,0.0014,-0.0161,0.0032,0.0,18.0,580.0
2026-08-27 10:10:46,2026-08-27T09:55:14,768.9506,2026-08-27,C,744.0,23.62,26.22,180.0,172.0,22.7,0.0,0.9947,0.0015,-0.0164,0.0034,0.0,0.0,24.0
2026-08-27 10:10:46,2026-08-27T09:55:14,768.9506,2026-08-27,P,744.0,0.0,0.01,0.0,2692.0,0.01,0.4214,-0.0053,0.0015,-0.0164,0.0034,0.0,281.0,1156.0
2026-08-27 10:10:46,2026-08-27T09:55:14,768.9506,2026-08-27,C,745.0,22.62,24.41,186.0,24.0,21.74,0.0,0.9944,0.0016,-0.0166,0.0035,0.0,0.0,16.0
2026-08-27 10:10:46,2026-08-27T09:55:14,768.9506,2026-08-27,P,745.0,0.0,0.01,0.0,2692.0,0.01,0.4058,-0.0056,0.0016,-0.0166,0.0035,0.0,401.0,2626.0
2026-08-27 10:10:46,2026-08-27T09:55:14,768.9506,2026-08-27,C,746.0,21.74,24.2,178.0,178.0,22.4,0.0,0.9942,0.0018,-0.017,0.0037,0.0,2.0,56.0
2026-08-27 10:10:46,2026-08-27T09:55:14,768.9506,2026-08-27,P,746.0,0.01,0.02,2273.0,2983.0,0.02,0.4356,-0.0058,0.0018,-0.017,0.0037,0.0,5116.0,5788.0
2026-08-27 10:10:46,2026-08-27T09:55:14,768.9506,2026-08-27,C,747.0,20.63,23.23,100.0,50.0,20.08,0.0,0.9938,0.0019,-0.0174,0.0039,0.0,0.0,57.0
2026-08-27 10:10:46,2026-08-27T09:55:14,768.9506,2026-08-27,P,747.0,0.01,0.02,2773.0,2937.0,0.01,0.4184,-0.0062,0.0019,-0.0174,0.0039,0.0,10193.0,12314.0
2026-08-27 10:10:46,2026-08-27T09:55:14,768.9506,2026-08-27,C,748.0,19.71,21.23,100.0,30.0,20.54,0.0,0.9935,0.0021,-0.0178,0.0041,0.0,1.0,78.0
2026-08-27 10:10:46,2026-08-27T09:55:14,768.9506,2026-08-27,P,748.0,0.01,0.02,2683.0,2803.0,0.02,0.4012,-0.0065,0.0021,-0.0178,0.0041,0.0,868.0,2141.0
2026-08-27 10:10:46,2026-08-27T09:55:14,768.9506,2026-08-27,C,749.0,18.71,21.0,100.0,220.0,17.94,0.0,0.993,0.0023,-0.0184,0.0044,0.0,0.0,134.0
2026-08-27 10:10:46,2026-08-27T09:55:14,768.9506,2026-08-27,P,749.0,0.01,0.02,3183.0,3273.0,0.02,0.384,-0.007,0.0023,-0.0184,0.0044,0.0,5424.0,957.0
2026-08-27 10:10:46,2026-08-27T09:55:14,768.9506,2026-08-27,C,750.0,18.97,19.19,100.0,45.0,18.69,0.4582,0.9925,0.0026,-0.019,0.0046,0.0,3.0,235.0
2026-08-27 10:10:46,2026-08-27T09:55:14,768.9506,2026-08-27,P,750.0,0.01,0.02,3180.0,3168.0,0.03,0.3667,-0.0075,0.0026,-0.019,0.0046,0.0,1927.0,7475.0
2026-08-27 10:10:46,2026-08-27T09:55:14,768.9506,2026-08-27,C,751.0,17.98,18.42,100.0,223.0,17.01,0.5034,0.9919,0.0029,-0.0199,0.005,0.0,2.0,51.0
2026-08-27 10:10:46,2026-08-27T09:55:14,768.9506,2026-08-27,P,751.0,0.01,0.02,3199.0,3115.0,0.01,0.3494,-0.0081,0.0029,-0.0199,0.005,0.0,3087.0,2036.0
2026-08-27 10:10:46,2026-08-27T09:55:14,768.9506,2026-08-27,C,752.0,15.63,18.24,100.0,223.0,16.93,0.0,0.9912,0.0033,-0.021,0.0054,0.0,2.0,50.0
2026-08-27 10:10:46,2026-08-27T09:55:14,768.9506,2026-08-27,P,752.0,0.01,0.02,3182.0,2973.0,0.01,0.332,-0.0088,0.0033,-0.021,0.0054,0.0,2071.0,6184.0
2026-08-27 10:10:46,2026-08-27T09:55:14,768.9506,2026-08-27,C,753.0,15.97,16.19,100.0,100.0,14.93,0.3919,0.9903,0.0037,-0.0223,0.0059,0.0,2.0,224.0
2026-08-27 10:10:46,2026-08-27T09:55:14,768.9506,2026-08-27,P,753.0,0.02,0.03,2023.0,3297.0,0.02,0.3347,-0.0097,0.0037,-0.0223,0.0059,0.0,342.0,1905.0
2026-08-27 10:10:46,2026-08-27T09:55:14,768.9506,2026-08-27,C,754.0,14.96,15.19,100.0,46.0,15.26,0.3749,0.9892,0.0043,-0.024,0.0065,0.0,19.0,155.0
2026-08-27 10:10:46,2026-08-27T09:55:14,768.9506,2026-08-27,P,754.0,0.02,0.03,2729.0,3250.0,0.02,0.3162,-0.0108,0.0043,-0.024,0.0065,0.0,1017.0,2518.0
2026-08-27 10:10:46,2026-08-27T09:55:14,768.9506,2026-08-27,C,755.0,13.97,14.23,100.0,100.0,14.14,0.3675,0.9878,0.005,-0.0263,0.0072,0.0,30.0,243.0
2026-08-27 10:10:46,2026-08-27T09:55:14,768.9506,2026-08-27,P,755.0,0.02,0.03,3001.0,3065.0,0.02,0.2977,-0.0122,0.005,-0.0263,0.0072,0.0,2686.0,6635.0
2026-08-27 10:10:46,2026-08-27T09:55:14,768.9506,2026-08-27,C,756.0,11.64,14.23,246.0,100.0,12.13,0.0,0.9859,0.006,-0.0293,0.0081,0.0,2.0,180.0
2026-08-27 10:10:46,2026-08-27T09:55:14,768.9506,2026-08-27,P,756.0,0.02,0.03,3063.0,2589.0,0.03,0.279,-0.0141,0.006,-0.0293,0.0081,0.0,6339.0,2466.0
2026-08-27 10:10:46,2026-08-27T09:55:14,768.9506,2026-08-27,C,757.0,12.0,12.2,42.0,254.0,12.24,0.3236,0.9835,0.0072,-0.0333,0.0093,0.0,10.0,369.0
2026-08-27 10:10:46,2026-08-27T09:55:14,768.9506,2026-08-27,P,757.0,0.03,0.04,2331.0,2620.0,0.03,0.2728,-0.0165,0.0072,-0.0333,0.0093,0.0,2321.0,2179.0
2026-08-27 10:10:46,2026-08-27T09:55:14,768.9506,2026-08-27,C,758.0,10.98,11.2,150.0,209.0,10.95,0.304,0.9802,0.0089,-0.0388,0.0109,0.0,69.0,994.0
2026-08-27 10:10:46,2026-08-27T09:55:14,768.9506,2026-08-27,P,758.0,0.03,0.04,2536.0,2498.0,0.03,0.2531,-0.0198,0.0089,-0.0388,0.0109,0.0,6764.0,5271.0
2026-08-27 10:10:46,2026-08-27T09:55:14,768.9506,2026-08-27,C,759.0,10.0,10.22,152.0,150.0,10.11,0.2912,0.9757,0.0111,-0.0466,0.013,0.0,61.0,244.0
2026-08-27 10:10:46,2026-08-27T09:55:14,768.9506,2026-08-27,P,759.0,0.04,0.05,2506.0,2495.0,0.04,0.2426,-0.0243,0.0111,-0.0466,0.013,0.0,9260.0,5933.0
2026-08-27 10:10:46,2026-08-27T09:55:14,768.9506,2026-08-27,C,760.0,9.0,9.18,100.0,1.0,9.27,0.2654,0.9692,0.0142,-0.0579,0.0157,0.0,729.0,840.0
2026-08-27 10:10:46,2026-08-27T09:55:14,768.9506,2026-08-27,P,760.0,0.05,0.06,2641.0,2065.0,0.05,0.2294,-0.0308,0.0142,-0.0579,0.0157,0.0,17845.0,6095.0
2026-08-27 10:10:46,2026-08-27T09:55:14,768.9506,2026-08-27,C,761.0,8.04,8.27,100.0,100.0,8.2,0.2459,0.96,0.0186,-0.0745,0.0194,0.0,118.0,745.0
2026-08-27 10:10:46,2026-08-27T09:55:14,768.9506,2026-08-27,P,761.0,0.07,0.08,2135.0,1999.0,0.07,0.2201,-0.04,0.0186,-0.0745,0.0194,0.0,12617.0,2929.0
2026-08-27 10:10:46,2026-08-27T09:55:14,768.9506,2026-08-27,C,762.0,7.06,7.18,95.0,113.0,7.12,0.2196,0.9464,0.0248,-0.0995,0.0244,0.0,365.0,690.0
2026-08-27 10:10:46,2026-08-27T09:55:14,768.9506,2026-08-27,P,762.0,0.09,0.1,2635.0,439.0,0.1,0.207,-0.0536,0.0248,-0.0995,0.0244,0.0,22839.0,3422.0
2026-08-27 10:10:46,2026-08-27T09:55:14,768.9506,2026-08-27,C,763.0,6.09,6.12,36.0,22.0,6.38,0.1984,0.9264,0.0332,-0.1378,0.031,0.0,799.0,1330.0
2026-08-27 10:10:46,2026-08-27T09:55:14,768.9506,2026-08-27,P,763.0,0.13,0.14,2228.0,414.0,0.14,0.1983,-0.0736,0.0332,-0.1378,0.031,0.0,16886.0,5031.0
2026-08-27 10:10:46,2026-08-27T09:55:14,768.9506,2026-08-27,C,764.0,5.16,5.19,104.0,25.0,5.19,0.1901,0.8972,0.0446,-0.1965,0.0393,0.0,1619.0,1924.0
2026-08-27 10:10:46,2026-08-27T09:55:14,768.9506,2026-08-27,P,764.0,0.2,0.21,88.0,1101.0,0.2,0.19,-0.1028,0.0446,-0.1965,0.0393,0.0,19474.0,7873.0
2026-08-27 10:10:46,2026-08-27T09:55:14,768.9506,2026-08-27,C,765.0,4.27,4.3,150.0,48.0,4.5,0.1822,0.8551,0.0592,-0.2866,0.0495,0.0,2063.0,4303.0
2026-08-27 10:10:46,2026-08-27T09:55:14,768.9506,2026-08-27,P,765.0,0.29,0.3,704.0,342.0,0.3,0.1842,-0.1449,0.0592,-0.2866,0.0495,0.0,30453.0,5495.0
2026-08-27 10:10:46,2026-08-27T09:55:14,768.9506,2026-08-27,C,766.0,3.43,3.45,42.0,100.0,3.45,0.1758,0.7965,0.0765,-0.4231,0.0608,0.0,6482.0,5065.0
2026-08-27 10:10:46,2026-08-27T09:55:14,768.9506,2026-08-27,P,766.0,0.44,0.45,346.0,267.0,0.45,0.1774,-0.2035,0.0765,-0.4231,0.0608,0.0,33915.0,5339.0
2026-08-27 10:10:46,2026-08-27T09:55:14,768.9506,2026-08-27,C,767.0,2.63,2.65,47.0,24.0,2.67,0.1706,0.7184,0.0947,-0.625,0.0718,0.0,20279.0,6518.0
2026-08-27 10:10:46,2026-08-27T09:55:14,768.9506,2026-08-27,P,767.0,0.65,0.66,306.0,40.0,0.66,0.1706,-0.2816,0.0947,-0.625,0.0718,0.0,55775.0,3089.0
2026-08-27 10:10:46,2026-08-27T09:55:14,768.9506,2026-08-27,C,768.0,1.94,1.95,5.0,93.0,1.92,0.1644,0.6205,0.1104,-0.914,0.0805,0.0,49882.0,4522.0
2026-08-27 10:10:46,2026-08-27T09:55:14,768.9506,2026-08-27,P,768.0,0.95,0.96,360.0,202.0,0.95,0.165,-0.3795,0.1104,-0.914,0.0805,0.0,60747.0,2666.0
2026-08-27 10:10:46,2026-08-27T09:55:14,768.9506,2026-08-27,C,769.0,1.33,1.34,158.0,265.0,1.33,0.1593,0.5068,0.1192,-1.3111,0.0841,0.0,77510.0,7157.0
2026-08-27 10:10:46,2026-08-27T09:55:14,768.9506,2026-08-27,P,769.0,1.36,1.37,6.0,247.0,1.36,0.1599,-0.4932,0.1192,-1.3111,0.0841,0.0,23930.0,521.0
2026-08-27 10:10:46,2026-08-27T09:55:14,768.9506,2026-08-27,C,770.0,0.86,0.87,247.0,343.0,0.86,0.1551,0.3862,0.1174,-0.8816,0.0809,0.0,85512.0,7702.0
2026-08-27 10:10:46,2026-08-27T09:55:14,768.9506,2026-08-27,P,770.0,1.86,1.88,106.0,67.0,1.89,0.1557,-0.6138,0.1174,-0.8816,0.0809,0.0,8588.0,984.0
2026-08-27 10:10:46,2026-08-27T09:55:14,768.9506,2026-08-27,C,771.0,0.51,0.52,522.0,346.0,0.52,0.1521,0.2716,0.1038,-0.5312,0.0707,0.0,65537.0,5376.0
2026-08-27 10:10:46,2026-08-27T09:55:14,768.9506,2026-08-27,P,771.0,2.53,2.55,48.0,44.0,2.5,0.1521,-0.7284,0.1038,-0.5312,0.0707,0.0,2436.0,1468.0
2026-08-27 10:10:46,2026-08-27T09:55:14,768.9506,2026-08-27,C,772.0,0.29,0.3,850.0,400.0,0.3,0.1509,0.1762,0.0819,-0.2996,0.0561,0.0,39014.0,4406.0
2026-08-27 10:10:46,2026-08-27T09:55:14,768.9506,2026-08-27,P,772.0,3.29,3.32,25.0,119.0,3.31,0.1508,-0.8238,0.0819,-0.2996,0.0561,0.0,1135.0,555.0
2026-08-27 10:10:46,2026-08-27T09:55:14,768.9506,2026-08-27,C,773.0,0.16,0.17,430.0,1258.0,0.16,0.151,0.107,0.0582,-0.1621,0.0408,0.0,20155.0,3955.0
2026-08-27 10:10:46,2026-08-27T09:55:14,768.9506,2026-08-27,P,773.0,4.15,4.18,15.0,36.0,4.14,0.1509,-0.893,0.0582,-0.1621,0.0408,0.0,300.0,1148.0
2026-08-27 10:10:46,2026-08-27T09:55:14,768.9506,2026-08-27,C,774.0,0.09,0.1,863.0,1865.0,0.09,0.1556,0.063,0.0384,-0.0877,0.0281,0.0,22242.0,9159.0
2026-08-27 10:10:46,2026-08-27T09:55:14,768.9506,2026-08-27,P,774.0,5.03,5.12,68.0,72.0,5.07,0.1455,-0.937,0.0384,-0.0877,0.0281,0.0,230.0,763.0
2026-08-27 10:10:46,2026-08-27T09:55:14,768.9506,2026-08-27,C,775.0,0.05,0.06,1562.0,2371.0,0.06,0.161,0.038,0.0248,-0.0503,0.0191,0.0,12243.0,8218.0
2026-08-27 10:10:46,2026-08-27T09:55:14,768.9506,2026-08-27,P,775.0,5.86,6.1,64.0,44.0,5.95,0.0,-0.962,0.0248,-0.0503,0.0191,0.0,126.0,858.0
2026-08-27 10:10:46,2026-08-27T09:55:14,768.9506,2026-08-27,C,776.0,0.03,0.04,2646.0,2802.0,0.04,0.169,0.0246,0.0164,-0.0321,0.0135,0.0,5568.0,4528.0
2026-08-27 10:10:46,2026-08-27T09:55:14,768.9506,2026-08-27,P,776.0,6.74,7.93,92.0,87.0,6.8,0.2877,-0.9754,0.0164,-0.0321,0.0135,0.0,40.0,94.0
2026-08-27 10:10:46,2026-08-27T09:55:14,768.9506,2026-08-27,C,777.0,0.02,0.03,2522.0,2553.0,0.03,0.1797,0.0173,0.0114,-0.0229,0.0101,0.0,2438.0,4442.0
2026-08-27 10:10:46,2026-08-27T09:55:14,768.9506,2026-08-27,P,777.0,7.86,8.07,110.0,66.0,7.96,0.0,-0.9827,0.0114,-0.0229,0.0101,0.0,86.0,199.0
2026-08-27 10:10:46,2026-08-27T09:55:14,768.9506,2026-08-27,C,778.0,0.01,0.02,2527.0,2521.0,0.02,0.1854,0.0131,0.0084,-0.018,0.008,0.0,2025.0,2468.0
2026-08-27 10:10:46,2026-08-27T09:55:14,768.9506,2026-08-27,P,778.0,8.61,9.84,62.0,186.0,8.86,0.314,-0.9869,0.0084,-0.018,0.008,0.0,132.0,0.0
2026-08-27 10:10:46,2026-08-27T09:55:14,768.9506,2026-08-27,C,779.0,0.01,0.02,3798.0,2798.0,0.01,0.2032,0.0107,0.0066,-0.0153,0.0067,0.0,699.0,2257.0
2026-08-27 10:10:46,2026-08-27T09:55:14,768.9506,2026-08-27,P,779.0,8.87,10.05,152.0,44.0,9.9,0.0,-0.9893,0.0066,-0.0153,0.0067,0.0,9.0,0.0
2026-08-27 10:10:46,2026-08-27T09:55:14,768.9506,2026-08-27,C,780.0,0.01,0.02,2298.0,2808.0,0.02,0.2208,0.0092,0.0054,-0.014,0.0059,0.0,3797.0,5535.0
2026-08-27 10:10:46,2026-08-27T09:55:14,768.9506,2026-08-27,P,780.0,10.61,11.87,150.0,150.0,11.05,0.3697,-0.9908,0.0054,-0.014,0.0059,0.0,28.0,1.0
2026-08-27 10:10:46,2026-08-27T09:55:14,768.9506,2026-08-27,C,781.0,0.0,0.01,0.0,2777.0,0.01,0.2107,0.0083,0.0046,-0.0133,0.0053,0.0,3032.0,1478.0
2026-08-27 10:10:46,2026-08-27T09:55:14,768.9506,2026-08-27,P,781.0,11.61,12.84,152.0,98.0,12.73,0.3898,-0.9917,0.0046,-0.0133,0.0053,0.0,2.0,1.0
2026-08-27 10:10:46,2026-08-27T09:55:14,768.9506,2026-08-27,C,782.0,0.0,0.01,0.0,2777.0,0.01,0.2263,0.0076,0.004,-0.0129,0.0049,0.0,238.0,2919.0
2026-08-27 10:10:46,2026-08-27T09:55:14,768.9506,2026-08-27,P,782.0,11.82,13.9,96.0,91.0,16.55,0.0,-0.9924,0.004,-0.0129,0.0049,0.0,0.0,0.0
2026-08-27 10:10:46,2026-08-27T09:55:14,768.9506,2026-08-27,C,783.0,0.0,0.01,0.0,2687.0,0.01,0.2418,0.0071,0.0035,-0.0127,0.0046,0.0,346.0,1573.0
2026-08-27 10:10:46,2026-08-27T09:55:14,768.9506,2026-08-27,P,783.0,12.82,15.32,219.0,217.0,16.79,0.3703,-0.9929,0.0035,-0.0127,0.0046,0.0,0.0,0.0
2026-08-27 10:10:46,2026-08-27T09:55:14,768.9506,2026-08-27,C,784.0,0.0,0.01,0.0,2687.0,0.01,0.2572,0.0067,0.0031,-0.0126,0.0043,0.0,4.0,1820.0
2026-08-27 10:10:46,2026-08-27T09:55:14,768.9506,2026-08-27,P,784.0,14.6,16.3,246.0,261.0,18.93,0.5342,-0.9933,0.0031,-0.0126,0.0043,0.0,0.0,0.0
2026-08-27 10:10:46,2026-08-27T09:55:14,768.9506,2026-08-27,C,785.0,0.0,0.01,0.0,2687.0,0.01,0.2725,0.0063,0.0028,-0.0125,0.0041,0.0,11.0,1464.0
2026-08-27 10:10:46,2026-08-27T09:55:14,768.9506,2026-08-27,P,785.0,14.82,17.32,258.0,264.0,19.97,0.4127,-0.9937,0.0028,-0.0125,0.0041,0.0,0.0,0.0
2026-08-27 10:10:46,2026-08-27T09:55:14,768.9506,2026-08-27,C,786.0,0.0,0.01,0.0,2687.0,0.01,0.2877,0.006,0.0026,-0.0124,0.0039,0.0,447.0,1211.0
2026-08-27 10:10:46,2026-08-27T09:55:14,768.9506,2026-08-27,P,786.0,15.82,18.32,258.0,261.0,20.55,0.4336,-0.994,0.0026,-0.0124,0.0039,0.0,0.0,0.0
2026-08-27 10:10:46,2026-08-27T09:55:14,768.9506,2026-08-27,C,787.0,0.0,0.01,0.0,2687.0,0.01,0.3028,0.0057,0.0023,-0.0123,0.0037,0.0,11.0,3748.0
2026-08-27 10:10:46,2026-08-27T09:55:14,768.9506,2026-08-27,P,787.0,17.91,19.39,44.0,100.0,19.79,0.6244,-0.9943,0.0023,-0.0123,0.0037,0.0,10.0,0.0
2026-08-27 10:10:46,2026-08-27T09:55:14,768.9506,2026-08-27,C,788.0,0.0,0.01,0.0,2633.0,0.01,0.3178,0.0054,0.0021,-0.0122,0.0035,0.0,95.0,1662.0
2026-08-27 10:10:46,2026-08-27T09:55:14,768.9506,2026-08-27,P,788.0,17.81,20.32,50.0,261.0,23.87,0.4715,-0.9946,0.0021,-0.0122,0.0035,0.0,0.0,0.0
2026-08-27 10:10:46,2026-08-27T09:55:14,768.9506,2026-08-27,C,789.0,0.0,0.01,0.0,2717.0,0.01,0.3328,0.0052,0.0019,-0.0121,0.0034,0.0,32.0,1705.0
2026-08-27 10:10:46,2026-08-27T09:55:14,768.9506,2026-08-27,P,789.0,18.81,21.32,50.0,264.0,22.03,0.4918,-0.9948,0.0019,-0.0121,0.0034,0.0,0.0,0.0
2026-08-27 10:10:46,2026-08-27T09:55:14,768.9506,2026-08-27,C,790.0,0.0,0.01,0.0,3016.0,0.01,0.3477,0.005,0.0018,-0.012,0.0032,0.0,33.0,294.0
2026-08-27 10:10:46,2026-08-27T09:55:14,768.9506,2026-08-27,P,790.0,19.83,22.39,100.0,101.0,21.57,0.5419,-0.995,0.0018,-0.012,0.0032,0.0,4.0,2.0
2026-08-27 10:10:46,2026-08-27T09:55:14,768.9506,2026-08-27,C,791.0,0.0,0.01,0.0,2718.0,0.01,0.3624,0.0048,0.0017,-0.012,0.0031,0.0,3.0,479.0
2026-08-27 10:10:46,2026-08-27T09:55:14,768.9506,2026-08-27,P,791.0,21.11,23.32,100.0,261.0,23.85,0.6186,-0.9952,0.0017,-0.012,0.0031,0.0,0.0,0.0
2026-08-27 10:10:46,2026-08-27T09:55:14,768.9506,2026-08-27,C,792.0,0.0,0.01,0.0,2718.0,0.01,0.3772,0.0046,0.0015,-0.0119,0.003,0.0,2.0,563.0
2026-08-27 10:10:46,2026-08-27T09:55:14,768.9506,2026-08-27,P,792.0,21.83,24.17,100.0,100.0,26.8,0.4873,-0.9954,0.0015,-0.0119,0.003,0.0,0.0,0.0
2026-08-27 10:10:46,2026-08-27T09:55:14,768.9506,2026-08-27,C,793.0,0.0,0.01,0.0,2718.0,0.02,0.3918,0.0044,0.0014,-0.0118,0.0029,0.0,0.0,582.0
2026-08-27 10:10:46,2026-08-27T09:55:14,768.9506,2026-08-27,P,793.0,22.63,25.39,24.0,24.0,27.62,0.5182,-0.9956,0.0014,-0.0118,0.0029,0.0,0.0,0.0
2026-08-27 10:10:46,2026-08-27T09:55:14,768.9506,2026-08-27,C,794.0,0.0,0.01,0.0,2718.0,0.01,0.4064,0.0042,0.0013,-0.0117,0.0028,0.0,0.0,133.0
2026-08-27 10:10:46,2026-08-27T09:55:14,768.9506,2026-08-27,P,794.0,23.65,26.39,24.0,24.0,29.84,0.5483,-0.9958,0.0013,-0.0117,0.0028,0.0,0.0,0.0
2026-08-27 10:10:46,2026-08-27T09:55:14,768.9506,2026-08-27,C,795.0,0.0,0.01,0.0,3481.0,0.01,0.4209,0.0041,0.0012,-0.0116,0.0027,0.0,2.0,71.0
2026-08-27 10:10:46,2026-08-27T09:55:14,768.9506,2026-08-27,P,795.0,24.67,27.39,50.0,44.0,30.48,0.5778,-0.9959,0.0012,-0.0116,0.0027,0.0,0.0,0.0
2026-08-27 10:10:46,2026-08-27T09:55:14,768.9506,2026-08-27,C,796.0,0.0,0.01,0.0,2217.0,0.01,0.4354,0.0039,0.0012,-0.0116,0.0026,0.0,4.0,117.0
2026-08-27 10:10:46,2026-08-27T09:55:14,768.9506,2026-08-27,P,796.0,25.67,28.39,24.0,24.0,29.1,0.5964,-0.9961,0.0012,-0.0116,0.0026,0.0,0.0,0.0
2026-08-27 10:10:46,2026-08-27T09:55:14,768.9506,2026-08-27,C,797.0,0.0,0.01,0.0,2218.0,0.01,0.4498,0.0038,0.0011,-0.0115,0.0025,0.0,3.0,30.0
2026-08-27 10:10:46,2026-08-27T09:55:14,768.9506,2026-08-27,P,797.0,26.65,29.39,24.0,24.0,31.86,0.6032,-0.9962,0.0011,-0.0115,0.0025,0.0,0.0,0.0
2026-08-27 10:10:46,2026-08-27T09:55:14,768.9506,2026-08-27,C,798.0,0.0,0.01,0.0,2218.0,0.01,0.4641,0.0037,0.001,-0.0114,0.0024,0.0,0.0,50.0
2026-08-27 10:10:46,2026-08-27T09:55:14,768.9506,2026-08-27,P,798.0,28.44,30.32,181.0,177.0,29.66,0.8476,-0.9963,0.001,-0.0114,0.0024,0.0,1.0,0.0
2026-08-27 10:10:46,2026-08-27T09:55:14,768.9506,2026-08-27,C,799.0,0.0,0.01,0.0,2218.0,0.02,0.4784,0.0036,0.001,-0.0114,0.0024,0.0,0.0,59.0
2026-08-27 10:10:46,2026-08-27T09:55:14,768.9506,2026-08-27,P,799.0,28.53,31.39,15.0,15.0,31.53,0.5084,-0.9964,0.001,-0.0114,0.0024,0.0,0.0,0.0
2026-08-27 10:10:46,2026-08-27T09:55:14,768.9506,2026-08-27,C,800.0,0.0,0.01,0.0,5185.0,0.01,0.4926,0.0034,0.0009,-0.0113,0.0023,0.0,0.0,245.0
2026-08-27 10:10:46,2026-08-27T09:55:14,768.9506,2026-08-27,P,800.0,29.92,32.39,15.0,15.0,33.4,0.7759,-0.9966,0.0009,-0.0113,0.0023,0.0,0.0,0.0
2026-08-27 10:10:46,2026-08-27T09:55:14,768.9506,2026-08-27,C,801.0,0.0,0.01,0.0,2218.0,0.01,0.5068,0.0034,0.0009,-0.0112,0.0022,0.0,0.0,18.0
2026-08-27 10:10:46,2026-08-27T09:55:14,768.9506,2026-08-27,P,801.0,30.91,33.6,15.0,15.0,34.58,0.8551,-0.9966,0.0009,-0.0112,0.0022,0.0,0.0,0.0
2026-08-27 10:10:46,2026-08-27T09:55:14,768.9506,2026-08-27,C,802.0,0.0,0.01,0.0,2218.0,0.01,0.5209,0.0032,0.0008,-0.0111,0.0022,0.0,0.0,58.0
2026-08-27 10:10:46,2026-08-27T09:55:14,768.9506,2026-08-27,P,802.0,31.91,34.6,15.0,15.0,36.19,0.8762,-0.9968,0.0008,-0.0111,0.0022,0.0,0.0,0.0
2026-08-27 10:10:46,2026-08-27T09:55:14,768.9506,2026-08-27,C,803.0,0.0,0.01,0.0,2218.0,0.02,0.535,0.0032,0.0008,-0.0111,0.0021,0.0,0.0,64.0
2026-08-27 10:10:46,2026-08-27T09:55:14,768.9506,2026-08-27,P,803.0,32.39,35.69,10.0,1.0,0.0,0.736,-0.9968,0.0008,-0.0111,0.0021,0.0,0.0,0.0
2026-08-27 10:10:46,2026-08-27T09:55:14,768.9506,2026-08-27,C,804.0,0.0,0.01,0.0,2218.0,0.03,0.549,0.0031,0.0008,-0.011,0.002,0.0,0.0,33.0
2026-08-27 10:10:46,2026-08-27T09:55:14,768.9506,2026-08-27,P,804.0,33.39,36.69,10.0,1.0,0.0,0.9421,-0.9969,0.0008,-0.011,0.002,0.0,0.0,0.0
2026-08-27 10:10:46,2026-08-27T09:55:14,768.9506,2026-08-27,C,805.0,0.0,0.01,0.0,2218.0,0.01,0.563,0.003,0.0007,-0.0109,0.002,0.0,0.0,315.0
2026-08-27 10:10:46,2026-08-27T09:55:14,768.9506,2026-08-27,P,805.0,34.36,37.69,10.0,1.0,39.15,0.7529,-0.997,0.0007,-0.0109,0.002,0.0,0.0,0.0
2026-08-27 10:10:46,2026-08-27T09:55:14,768.9506,2026-08-27,C,806.0,0.0,0.01,0.0,2218.0,0.02,0.577,0.0029,0.0007,-0.0108,0.0019,0.0,0.0,315.0
2026-08-27 10:10:46,2026-08-27T09:55:14,768.9506,2026-08-27,P,806.0,35.39,38.69,10.0,1.0,0.0,0.9682,-0.9971,0.0007,-0.0108,0.0019,0.0,0.0,0.0
2026-08-27 10:10:46,2026-08-27T09:55:14,768.9506,2026-08-27,C,807.0,0.0,0.01,0.0,2218.0,0.0,0.5908,0.0028,0.0006,-0.0108,0.0019,0.0,0.0,0.0
2026-08-27 10:10:46,2026-08-27T09:55:14,768.9506,2026-08-27,P,807.0,36.39,39.69,10.0,1.0,0.0,0.8079,-0.9972,0.0006,-0.0108,0.0019,0.0,0.0,0.0
2026-08-27 10:15:47,2026-08-27T10:00:14,768.525,2026-08-27,C,731.0,36.59,38.39,21.0,21.0,34.96,0.7368,0.9971,0.0006,-0.0119,0.0019,0.0,0.0,0.0
2026-08-27 10:15:47,2026-08-27T10:00:14,768.525,2026-08-27,P,731.0,0.0,0.01,0.0,2192.0,0.02,0.6172,-0.0029,0.0006,-0.0119,0.0019,0.0,0.0,3610.0
2026-08-27 10:15:47,2026-08-27T10:00:14,768.525,2026-08-27,C,732.0,35.59,37.4,42.0,37.0,33.52,0.7317,0.997,0.0007,-0.012,0.002,0.0,0.0,1.0
2026-08-27 10:15:47,2026-08-27T10:00:14,768.525,2026-08-27,P,732.0,0.0,0.01,0.0,2692.0,0.03,0.6017,-0.003,0.0007,-0.012,0.002,0.0,0.0,6718.0
2026-08-27 10:15:47,2026-08-27T10:00:14,768.525,2026-08-27,C,733.0,34.59,36.4,42.0,37.0,33.04,0.7135,0.9969,0.0007,-0.0121,0.002,0.0,0.0,0.0
2026-08-27 10:15:47,2026-08-27T10:00:14,768.525,2026-08-27,P,733.0,0.0,0.01,0.0,2692.0,0.02,0.5862,-0.0031,0.0007,-0.0121,0.002,0.0,0.0,2383.0
2026-08-27 10:15:47,2026-08-27T10:00:14,768.525,2026-08-27,C,734.0,33.59,35.4,38.0,37.0,32.39,0.6952,0.9968,0.0008,-0.0122,0.0021,0.0,0.0,1.0
2026-08-27 10:15:47,2026-08-27T10:00:14,768.525,2026-08-27,P,734.0,0.0,0.01,0.0,2692.0,0.02,0.5707,-0.0032,0.0008,-0.0122,0.0021,0.0,2.0,2467.0
2026-08-27 10:15:47,2026-08-27T10:00:14,768.525,2026-08-27,C,735.0,33.38,33.62,38.0,21.0,33.3,0.0,0.9967,0.0008,-0.0124,0.0022,0.0,1.0,6.0
2026-08-27 10:15:47,2026-08-27T10:00:14,768.525,2026-08-27,P,735.0,0.0,0.01,0.0,2692.0,0.01,0.5551,-0.0033,0.0008,-0.0124,0.0022,0.0,13.0,526.0
2026-08-27 10:15:47,2026-08-27T10:00:14,768.525,2026-08-27,C,736.0,31.59,33.4,21.0,21.0,30.47,0.6587,0.9966,0.0008,-0.0125,0.0022,0.0,0.0,3.0
2026-08-27 10:15:47,2026-08-27T10:00:14,768.525,2026-08-27,P,736.0,0.0,0.01,0.0,2602.0,0.01,0.5396,-0.0034,0.0008,-0.0125,0.0023,0.0,0.0,227.0
2026-08-27 10:15:47,2026-08-27T10:00:14,768.525,2026-08-27,C,737.0,30.59,32.4,21.0,21.0,29.89,0.6404,0.9964,0.0009,-0.0126,0.0023,0.0,0.0,3.0
2026-08-27 10:15:47,2026-08-27T10:00:14,768.525,2026-08-27,P,737.0,0.0,0.01,0.0,2602.0,0.01,0.524,-0.0036,0.0009,-0.0126,0.0023,0.0,10.0,627.0
2026-08-27 10:15:47,2026-08-27T10:00:14,768.525,2026-08-27,C,738.0,29.59,31.4,21.0,21.0,28.46,0.622,0.9963,0.001,-0.0128,0.0024,0.0,0.0,2.0
2026-08-27 10:15:47,2026-08-27T10:00:14,768.525,2026-08-27,P,738.0,0.0,0.01,0.0,2663.0,0.01,0.5085,-0.0037,0.001,-0.0128,0.0024,0.0,0.0,563.0
2026-08-27 10:15:47,2026-08-27T10:00:14,768.525,2026-08-27,C,739.0,28.59,30.4,21.0,21.0,28.36,0.6036,0.9962,0.001,-0.0129,0.0025,0.0,1.0,3.0
2026-08-27 10:15:47,2026-08-27T10:00:14,768.525,2026-08-27,P,739.0,0.0,0.01,0.0,2144.0,0.01,0.4929,-0.0038,0.001,-0.0129,0.0025,0.0,10.0,378.0
2026-08-27 10:15:47,2026-08-27T10:00:14,768.525,2026-08-27,C,740.0,27.59,29.4,21.0,21.0,26.78,0.5852,0.996,0.0011,-0.0131,0.0026,0.0,0.0,4.0
2026-08-27 10:15:47,2026-08-27T10:00:14,768.525,2026-08-27,P,740.0,0.0,0.01,0.0,2166.0,0.01,0.4773,-0.004,0.0011,-0.0131,0.0026,0.0,9.0,1521.0
2026-08-27 10:15:47,2026-08-27T10:00:14,768.525,2026-08-27,C,741.0,26.59,28.4,21.0,21.0,24.06,0.5667,0.9958,0.0012,-0.0133,0.0027,0.0,0.0,5.0
2026-08-27 10:15:47,2026-08-27T10:00:14,768.525,2026-08-27,P,741.0,0.0,0.01,0.0,2043.0,0.01,0.4617,-0.0042,0.0012,-0.0133,0.0027,0.0,438.0,686.0
2026-08-27 10:15:47,2026-08-27T10:00:14,768.525,2026-08-27,C,742.0,25.59,27.4,21.0,21.0,27.0,0.5482,0.9957,0.0012,-0.0135,0.0028,0.0,1.0,24.0
2026-08-27 10:15:47,2026-08-27T10:00:14,768.525,2026-08-27,P,742.0,0.0,0.01,0.0,1884.0,0.01,0.4465,-0.0043,0.0012,-0.0135,0.0028,0.0,80.0,680.0
2026-08-27 10:15:47,2026-08-27T10:00:14,768.525,2026-08-27,C,743.0,24.6,26.4,42.0,37.0,23.21,0.5387,0.9955,0.0013,-0.0137,0.0029,0.0,0.0,8.0
2026-08-27 10:15:47,2026-08-27T10:00:14,768.525,2026-08-27,P,743.0,0.0,0.01,0.0,1716.0,0.01,0.4308,-0.0045,0.0013,-0.0137,0.0029,0.0,18.0,580.0
2026-08-27 10:15:47,2026-08-27T10:00:14,768.525,2026-08-27,C,744.0,23.6,25.4,21.0,21.0,22.7,0.5199,0.9952,0.0014,-0.0139,0.0031,0.0,0.0,24.0
2026-08-27 10:15:47,2026-08-27T10:00:14,768.525,2026-08-27,P,744.0,0.0,0.01,0.0,1542.0,0.01,0.4151,-0.0048,0.0014,-0.0139,0.0031,0.0,281.0,1156.0
2026-08-27 10:15:47,2026-08-27T10:00:14,768.525,2026-08-27,C,745.0,22.6,23.91,42.0,37.0,21.74,0.0,0.995,0.0016,-0.0142,0.0032,0.0,0.0,16.0
2026-08-27 10:15:47,2026-08-27T10:00:14,768.525,2026-08-27,P,745.0,0.0,0.01,0.0,892.0,0.01,0.3994,-0.005,0.0016,-0.0142,0.0032,0.0,615.0,2626.0
2026-08-27 10:15:47,2026-08-27T10:00:14,768.525,2026-08-27,C,746.0,21.6,22.92,44.0,38.0,22.4,0.0,0.9947,0.0017,-0.0146,0.0034,0.0,2.0,56.0
2026-08-27 10:15:47,2026-08-27T10:00:14,768.525,2026-08-27,P,746.0,0.01,0.02,1797.0,2692.0,0.01,0.4285,-0.0053,0.0017,-0.0146,0.0034,0.0,5363.0,5788.0
2026-08-27 10:15:47,2026-08-27T10:00:14,768.525,2026-08-27,C,747.0,20.6,21.92,43.0,37.0,20.08,0.0,0.9944,0.0019,-0.015,0.0036,0.0,0.0,57.0
2026-08-27 10:15:47,2026-08-27T10:00:14,768.525,2026-08-27,P,747.0,0.01,0.02,2247.0,2288.0,0.02,0.4112,-0.0056,0.0019,-0.015,0.0036,0.0,10397.0,12314.0
2026-08-27 10:15:47,2026-08-27T10:00:14,768.525,2026-08-27,C,748.0,19.6,20.59,100.0,37.0,20.54,0.0,0.994,0.0021,-0.0155,0.0038,0.0,1.0,78.0
2026-08-27 10:15:47,2026-08-27T10:00:14,768.525,2026-08-27,P,748.0,0.01,0.02,2277.0,2376.0,0.02,0.3939,-0.006,0.0021,-0.0155,0.0038,0.0,868.0,2141.0
2026-08-27 10:15:47,2026-08-27T10:00:14,768.525,2026-08-27,C,749.0,18.6,19.92,43.0,37.0,17.94,0.0,0.9936,0.0023,-0.0162,0.004,0.0,0.0,134.0
2026-08-27 10:15:47,2026-08-27T10:00:14,768.525,2026-08-27,P,749.0,0.01,0.02,3112.0,3065.0,0.01,0.3765,-0.0064,0.0023,-0.0162,0.004,0.0,5428.0,957.0
2026-08-27 10:15:47,2026-08-27T10:00:14,768.525,2026-08-27,C,750.0,18.37,18.59,38.0,38.0,18.69,0.0,0.993,0.0026,-0.0169,0.0044,0.0,3.0,235.0
2026-08-27 10:15:47,2026-08-27T10:00:14,768.525,2026-08-27,P,750.0,0.01,0.02,3080.0,2952.0,0.02,0.3591,-0.007,0.0026,-0.0169,0.0044,0.0,1998.0,7475.0
2026-08-27 10:15:47,2026-08-27T10:00:14,768.525,2026-08-27,C,751.0,17.38,17.93,38.0,38.0,17.01,0.4878,0.9924,0.0029,-0.0179,0.0047,0.0,2.0,51.0
2026-08-27 10:15:47,2026-08-27T10:00:14,768.525,2026-08-27,P,751.0,0.01,0.02,3090.0,2919.0,0.02,0.3416,-0.0076,0.0029,-0.0179,0.0047,0.0,3266.0,2036.0
2026-08-27 10:15:47,2026-08-27T10:00:14,768.525,2026-08-27,C,752.0,15.61,16.93,100.0,100.0,16.93,0.0,0.9916,0.0033,-0.0192,0.0052,0.0,2.0,50.0
2026-08-27 10:15:47,2026-08-27T10:00:14,768.525,2026-08-27,P,752.0,0.01,0.02,3107.0,1589.0,0.01,0.324,-0.0084,0.0033,-0.0192,0.0052,0.0,2242.0,6184.0
2026-08-27 10:15:47,2026-08-27T10:00:14,768.525,2026-08-27,C,753.0,15.35,15.6,100.0,100.0,14.93,0.0,0.9906,0.0038,-0.0207,0.0057,0.0,2.0,224.0
2026-08-27 10:15:47,2026-08-27T10:00:14,768.525,2026-08-27,P,753.0,0.02,0.03,2549.0,3202.0,0.03,0.3262,-0.0094,0.0038,-0.0207,0.0057,0.0,410.0,1905.0
2026-08-27 10:15:47,2026-08-27T10:00:14,768.525,2026-08-27,C,754.0,14.4,14.63,100.0,87.0,15.26,0.0,0.9893,0.0044,-0.0228,0.0064,0.0,19.0,155.0
2026-08-27 10:15:47,2026-08-27T10:00:14,768.525,2026-08-27,P,754.0,0.02,0.03,2862.0,2984.0,0.03,0.3073,-0.0106,0.0044,-0.0226,0.0064,0.0,1026.0,2518.0
2026-08-27 10:15:47,2026-08-27T10:00:14,768.525,2026-08-27,C,755.0,13.36,13.6,100.0,100.0,12.72,0.1488,0.9876,0.0053,-0.0255,0.0072,0.0,31.0,243.0
2026-08-27 10:15:47,2026-08-27T10:00:14,768.525,2026-08-27,P,755.0,0.03,0.04,120.0,2626.0,0.04,0.3022,-0.0123,0.0053,-0.0254,0.0072,0.0,3001.0,6635.0
2026-08-27 10:15:47,2026-08-27T10:00:14,768.525,2026-08-27,C,756.0,11.64,12.94,70.0,74.0,12.13,0.0,0.9854,0.0064,-0.0292,0.0083,0.0,2.0,180.0
2026-08-27 10:15:47,2026-08-27T10:00:14,768.525,2026-08-27,P,756.0,0.03,0.04,1276.0,2660.0,0.03,0.2826,-0.0145,0.0064,-0.029,0.0083,0.0,6711.0,2466.0
2026-08-27 10:15:47,2026-08-27T10:00:14,768.525,2026-08-27,C,757.0,11.38,11.61,95.0,64.0,10.74,0.1274,0.9825,0.0079,-0.0342,0.0098,0.0,11.0,369.0
2026-08-27 10:15:47,2026-08-27T10:00:14,768.525,2026-08-27,P,757.0,0.03,0.04,1934.0,2497.0,0.03,0.2629,-0.0174,0.0079,-0.034,0.0097,0.0,2438.0,2179.0
2026-08-27 10:15:47,2026-08-27T10:00:14,768.525,2026-08-27,C,758.0,10.38,10.63,72.0,150.0,10.28,0.2166,0.9785,0.0099,-0.0412,0.0116,0.0,71.0,994.0
2026-08-27 10:15:47,2026-08-27T10:00:14,768.525,2026-08-27,P,758.0,0.04,0.05,1485.0,2663.0,0.04,0.2526,-0.0215,0.0099,-0.041,0.0116,0.0,7271.0,5271.0
2026-08-27 10:15:47,2026-08-27T10:00:14,768.525,2026-08-27,C,759.0,9.4,9.66,64.0,100.0,9.51,0.206,0.9727,0.0127,-0.0512,0.0141,0.0,77.0,244.0
2026-08-27 10:15:47,2026-08-27T10:00:14,768.525,2026-08-27,P,759.0,0.05,0.06,1153.0,2423.0,0.06,0.2397,-0.0272,0.0127,-0.0512,0.0141,0.0,13079.0,5933.0
2026-08-27 10:15:47,2026-08-27T10:00:14,768.525,2026-08-27,C,760.0,8.41,8.64,64.0,76.0,8.47,0.2112,0.9645,0.0166,-0.0661,0.0175,0.0,818.0,840.0
2026-08-27 10:15:47,2026-08-27T10:00:14,768.525,2026-08-27,P,760.0,0.07,0.08,264.0,2397.0,0.07,0.2309,-0.0355,0.0166,-0.0661,0.0175,0.0,20398.0,6095.0
2026-08-27 10:15:47,2026-08-27T10:00:14,768.525,2026-08-27,C,761.0,7.43,7.66,64.0,43.0,7.21,0.2056,0.9524,0.022,-0.0885,0.0221,0.0,127.0,745.0
2026-08-27 10:15:47,2026-08-27T10:00:14,768.525,2026-08-27,P,761.0,0.09,0.1,253.0,1653.0,0.09,0.2182,-0.0476,0.022,-0.0885,0.0221,0.0,15802.0,2929.0
2026-08-27 10:15:47,2026-08-27T10:00:14,768.525,2026-08-27,C,762.0,6.63,6.66,30.0,20.0,6.56,0.2007,0.9346,0.0296,-0.1229,0.0281,0.0,441.0,690.0
2026-08-27 10:15:47,2026-08-27T10:00:14,768.525,2026-08-27,P,762.0,0.12,0.13,336.0,1702.0,0.13,0.2064,-0.0654,0.0296,-0.1229,0.0281,0.0,25178.0,3422.0
2026-08-27 10:15:47,2026-08-27T10:00:14,768.525,2026-08-27,C,763.0,5.7,5.74,56.0,41.0,5.57,0.1955,0.9084,0.0399,-0.1758,0.0359,0.0,954.0,1330.0
2026-08-27 10:15:47,2026-08-27T10:00:14,768.525,2026-08-27,P,763.0,0.17,0.18,55.0,1427.0,0.17,0.1969,-0.0916,0.0399,-0.1758,0.0359,0.0,19614.0,5031.0
2026-08-27 10:15:47,2026-08-27T10:00:14,768.525,2026-08-27,C,764.0,4.79,4.82,32.0,42.0,4.72,0.1881,0.8708,0.0531,-0.2569,0.0456,0.0,1687.0,1924.0
2026-08-27 10:15:47,2026-08-27T10:00:14,768.525,2026-08-27,P,764.0,0.24,0.25,378.0,1120.0,0.24,0.1892,-0.1292,0.0531,-0.2569,0.0456,0.0,22846.0,7873.0
2026-08-27 10:15:47,2026-08-27T10:00:14,768.525,2026-08-27,C,765.0,3.92,3.95,35.0,39.0,3.89,0.1822,0.8182,0.069,-0.3795,0.0565,0.0,2916.0,4303.0
2026-08-27 10:15:47,2026-08-27T10:00:14,768.525,2026-08-27,P,765.0,0.36,0.37,468.0,303.0,0.36,0.1822,-0.1818,0.069,-0.3795,0.0565,0.0,34437.0,5495.0
2026-08-27 10:15:47,2026-08-27T10:00:14,768.525,2026-08-27,C,766.0,3.09,3.12,75.0,36.0,3.07,0.1762,0.7478,0.0862,-0.5605,0.0677,0.0,7081.0,5065.0
2026-08-27 10:15:47,2026-08-27T10:00:14,768.525,2026-08-27,P,766.0,0.54,0.55,301.0,251.0,0.53,0.1777,-0.2522,0.0862,-0.5605,0.0677,0.0,39121.0,5339.0
2026-08-27 10:15:47,2026-08-27T10:00:14,768.525,2026-08-27,C,767.0,2.31,2.33,79.0,64.0,2.31,0.1705,0.6588,0.1022,-0.8192,0.0772,0.0,23769.0,6518.0
2026-08-27 10:15:47,2026-08-27T10:00:14,768.525,2026-08-27,P,767.0,0.78,0.79,296.0,60.0,0.79,0.1711,-0.3412,0.1022,-0.8192,0.0772,0.0,66586.0,3089.0
2026-08-27 10:15:47,2026-08-27T10:00:14,768.525,2026-08-27,C,768.0,1.65,1.66,113.0,5.0,1.67,0.1656,0.5533,0.1132,-1.1754,0.0828,0.0,60420.0,4522.0
2026-08-27 10:15:47,2026-08-27T10:00:14,768.525,2026-08-27,P,768.0,1.14,1.15,284.0,81.0,1.14,0.1668,-0.4467,0.1132,-1.1754,0.0828,0.0,76805.0,2666.0
2026-08-27 10:15:47,2026-08-27T10:00:14,768.525,2026-08-27,C,769.0,1.12,1.13,287.0,123.0,1.12,0.1613,0.4378,0.1158,-1.1059,0.0826,0.0,91489.0,7157.0
2026-08-27 10:15:47,2026-08-27T10:00:14,768.525,2026-08-27,P,769.0,1.6,1.61,6.0,116.0,1.59,0.1625,-0.5622,0.1158,-1.1059,0.0826,0.0,32710.0,521.0
2026-08-27 10:15:47,2026-08-27T10:00:14,768.525,2026-08-27,C,770.0,0.71,0.72,508.0,3.0,0.7,0.1572,0.3228,0.1078,-0.6998,0.0756,0.0,99747.0,7702.0
2026-08-27 10:15:47,2026-08-27T10:00:14,768.525,2026-08-27,P,770.0,2.13,2.15,108.0,3.0,2.18,0.1578,-0.6772,0.1078,-0.6998,0.0756,0.0,11019.0,984.0
2026-08-27 10:15:47,2026-08-27T10:00:14,768.525,2026-08-27,C,771.0,0.42,0.43,321.0,259.0,0.42,0.1553,0.2204,0.0904,-0.4143,0.0632,0.0,75029.0,5376.0
2026-08-27 10:15:47,2026-08-27T10:00:14,768.525,2026-08-27,P,771.0,2.87,2.91,50.0,99.0,3.0,0.1569,-0.7796,0.0904,-0.4143,0.0632,0.0,2979.0,1468.0
2026-08-27 10:15:47,2026-08-27T10:00:14,768.525,2026-08-27,C,772.0,0.23,0.24,300.0,748.0,0.23,0.1544,0.1401,0.0682,-0.2325,0.0483,0.0,46001.0,4406.0
2026-08-27 10:15:47,2026-08-27T10:00:14,768.525,2026-08-27,P,772.0,3.65,3.68,32.0,56.0,3.81,0.1566,-0.8599,0.0682,-0.2325,0.0483,0.0,1541.0,555.0
2026-08-27 10:15:47,2026-08-27T10:00:14,768.525,2026-08-27,C,773.0,0.12,0.13,708.0,1031.0,0.13,0.1566,0.0849,0.0472,-0.1276,0.0345,0.0,23660.0,3955.0
2026-08-27 10:15:47,2026-08-27T10:00:14,768.525,2026-08-27,P,773.0,4.53,4.57,38.0,30.0,4.75,0.1581,-0.9151,0.0472,-0.1276,0.0345,0.0,385.0,1148.0
2026-08-27 10:15:47,2026-08-27T10:00:14,768.525,2026-08-27,C,774.0,0.07,0.08,999.0,1917.0,0.07,0.1627,0.0512,0.0311,-0.072,0.0238,0.0,24855.0,9159.0
2026-08-27 10:15:47,2026-08-27T10:00:14,768.525,2026-08-27,P,774.0,5.5,5.68,60.0,4.0,5.66,0.1748,-0.9488,0.0311,-0.072,0.0238,0.0,301.0,763.0
2026-08-27 10:15:47,2026-08-27T10:00:14,768.525,2026-08-27,C,775.0,0.04,0.05,1450.0,1554.0,0.05,0.1689,0.0324,0.0206,-0.0443,0.0167,0.0,13773.0,8218.0
2026-08-27 10:15:47,2026-08-27T10:00:14,768.525,2026-08-27,P,775.0,6.46,6.64,51.0,49.0,6.69,0.1689,-0.9676,0.0206,-0.0443,0.0167,0.0,263.0,858.0
2026-08-27 10:15:47,2026-08-27T10:00:14,768.525,2026-08-27,C,776.0,0.03,0.04,1043.0,3004.0,0.04,0.1823,0.0224,0.0142,-0.0307,0.0124,0.0,7989.0,4528.0
2026-08-27 10:15:47,2026-08-27T10:00:14,768.525,2026-08-27,P,776.0,7.46,8.31,77.0,51.0,7.46,0.3008,-0.9777,0.0142,-0.0306,0.0124,0.0,43.0,94.0
2026-08-27 10:15:47,2026-08-27T10:00:14,768.525,2026-08-27,C,777.0,0.02,0.03,918.0,2797.0,0.02,0.1924,0.0167,0.0104,-0.0234,0.0097,0.0,2459.0,4442.0
2026-08-27 10:15:47,2026-08-27T10:00:14,768.525,2026-08-27,P,777.0,8.41,8.68,100.0,66.0,8.33,0.2211,-0.9834,0.0104,-0.0234,0.0097,0.0,87.0,199.0
2026-08-27 10:15:47,2026-08-27T10:00:14,768.525,2026-08-27,C,778.0,0.01,0.02,1917.0,1883.0,0.01,0.1973,0.0134,0.008,-0.0196,0.008,0.0,2124.0,2468.0
2026-08-27 10:15:47,2026-08-27T10:00:14,768.525,2026-08-27,P,778.0,9.21,10.43,97.0,122.0,9.23,0.3332,-0.9866,0.008,-0.0196,0.008,0.0,133.0,0.0
2026-08-27 10:15:47,2026-08-27T10:00:14,768.525,2026-08-27,C,779.0,0.01,0.02,2844.0,2227.0,0.01,0.2151,0.0114,0.0065,-0.0176,0.007,0.0,708.0,2257.0
2026-08-27 10:15:47,2026-08-27T10:00:14,768.525,2026-08-27,P,779.0,10.11,11.43,51.0,88.0,9.9,0.3424,-0.9886,0.0065,-0.0176,0.0069,0.0,9.0,0.0
2026-08-27 10:15:47,2026-08-27T10:00:14,768.525,2026-08-27,C,780.0,0.01,0.02,1327.0,2502.0,0.02,0.2327,0.0102,0.0055,-0.0166,0.0063,0.0,3963.0,5535.0
2026-08-27 10:15:47,2026-08-27T10:00:14,768.525,2026-08-27,P,780.0,11.2,12.43,60.0,89.0,12.1,0.3825,-0.9899,0.0055,-0.0165,0.0062,0.0,29.0,1.0
2026-08-27 10:15:47,2026-08-27T10:00:14,768.525,2026-08-27,C,781.0,0.0,0.01,0.0,1769.0,0.01,0.2215,0.0093,0.0047,-0.016,0.0058,0.0,5237.0,1478.0
2026-08-27 10:15:47,2026-08-27T10:00:14,768.525,2026-08-27,P,781.0,12.1,13.43,73.0,85.0,12.73,0.3892,-0.9907,0.0047,-0.016,0.0058,0.0,2.0,1.0
2026-08-27 10:15:47,2026-08-27T10:00:14,768.525,2026-08-27,C,782.0,0.0,0.01,0.0,1996.0,0.02,0.2372,0.0086,0.0042,-0.0158,0.0054,0.0,248.0,2919.0
2026-08-27 10:15:47,2026-08-27T10:00:14,768.525,2026-08-27,P,782.0,13.1,14.42,37.0,43.0,16.55,0.411,-0.9914,0.0042,-0.0157,0.0054,0.0,0.0,0.0
2026-08-27 10:15:47,2026-08-27T10:00:14,768.525,2026-08-27,C,783.0,0.0,0.01,0.0,2111.0,0.01,0.2527,0.0081,0.0037,-0.0156,0.005,0.0,346.0,1573.0
2026-08-27 10:15:47,2026-08-27T10:00:14,768.525,2026-08-27,P,783.0,14.1,15.42,37.0,43.0,16.79,0.4345,-0.9919,0.0037,-0.0155,0.005,0.0,0.0,0.0
2026-08-27 10:15:47,2026-08-27T10:00:14,768.525,2026-08-27,C,784.0,0.0,0.01,0.0,2147.0,0.01,0.2682,0.0076,0.0033,-0.0154,0.0048,0.0,4.0,1820.0
2026-08-27 10:15:47,2026-08-27T10:00:14,768.525,2026-08-27,P,784.0,15.1,16.42,37.0,43.0,18.93,0.4576,-0.9924,0.0033,-0.0154,0.0048,0.0,0.0,0.0
2026-08-27 10:15:47,2026-08-27T10:00:14,768.525,2026-08-27,C,785.0,0.0,0.01,0.0,2687.0,0.01,0.2835,0.0072,0.003,-0.0153,0.0045,0.0,11.0,1464.0
2026-08-27 10:15:47,2026-08-27T10:00:14,768.525,2026-08-27,P,785.0,16.1,17.42,37.0,43.0,19.97,0.4806,-0.9928,0.003,-0.0153,0.0045,0.0,0.0,0.0
2026-08-27 10:15:47,2026-08-27T10:00:14,768.525,2026-08-27,C,786.0,0.0,0.01,0.0,2687.0,0.01,0.2988,0.0069,0.0027,-0.0152,0.0043,0.0,447.0,1211.0
2026-08-27 10:15:47,2026-08-27T10:00:14,768.525,2026-08-27,P,786.0,17.1,18.42,37.0,43.0,20.55,0.5033,-0.9932,0.0027,-0.0152,0.0043,0.0,0.0,0.0
2026-08-27 10:15:47,2026-08-27T10:00:14,768.525,2026-08-27,C,787.0,0.0,0.01,0.0,2687.0,0.01,0.3139,0.0066,0.0025,-0.0151,0.0041,0.0,11.0,3748.0
2026-08-27 10:15:47,2026-08-27T10:00:14,768.525,2026-08-27,P,787.0,18.1,19.42,100.0,100.0,19.79,0.5258,-0.9935,0.0025,-0.0151,0.0041,0.0,10.0,0.0
2026-08-27 10:15:47,2026-08-27T10:00:14,768.525,2026-08-27,C,788.0,0.0,0.01,0.0,2633.0,0.01,0.329,0.0062,0.0023,-0.015,0.004,0.0,95.0,1662.0
2026-08-27 10:15:47,2026-08-27T10:00:14,768.525,2026-08-27,P,788.0,19.1,20.42,37.0,43.0,23.87,0.5481,-0.9938,0.0023,-0.015,0.0039,0.0,0.0,0.0
2026-08-27 10:15:47,2026-08-27T10:00:14,768.525,2026-08-27,C,789.0,0.0,0.01,0.0,2717.0,0.01,0.344,0.006,0.0021,-0.015,0.0038,0.0,32.0,1705.0
2026-08-27 10:15:47,2026-08-27T10:00:14,768.525,2026-08-27,P,789.0,20.1,21.42,37.0,43.0,22.03,0.5702,-0.994,0.0021,-0.0149,0.0038,0.0,0.0,0.0
2026-08-27 10:15:47,2026-08-27T10:00:14,768.525,2026-08-27,C,790.0,0.0,0.01,0.0,3016.0,0.01,0.3589,0.0057,0.002,-0.0149,0.0036,0.0,33.0,294.0
2026-08-27 10:15:47,2026-08-27T10:00:14,768.525,2026-08-27,P,790.0,21.1,22.42,38.0,44.0,21.57,0.5921,-0.9943,0.0019,-0.0148,0.0036,0.0,4.0,2.0
2026-08-27 10:15:47,2026-08-27T10:00:14,768.525,2026-08-27,C,791.0,0.0,0.01,0.0,2717.0,0.01,0.3738,0.0055,0.0018,-0.0148,0.0035,0.0,5.0,479.0
2026-08-27 10:15:47,2026-08-27T10:00:14,768.525,2026-08-27,P,791.0,21.88,23.42,37.0,43.0,23.85,0.5439,-0.9945,0.0018,-0.0147,0.0035,0.0,0.0,0.0
2026-08-27 10:15:47,2026-08-27T10:00:14,768.525,2026-08-27,C,792.0,0.0,0.01,0.0,2717.0,0.01,0.3885,0.0053,0.0017,-0.0147,0.0034,0.0,2.0,563.0
2026-08-27 10:15:47,2026-08-27T10:00:14,768.525,2026-08-27,P,792.0,22.8,24.42,21.0,21.0,26.8,0.5262,-0.9947,0.0017,-0.0146,0.0034,0.0,0.0,0.0
2026-08-27 10:15:47,2026-08-27T10:00:14,768.525,2026-08-27,C,793.0,0.0,0.01,0.0,2718.0,0.02,0.4032,0.0051,0.0016,-0.0146,0.0032,0.0,0.0,582.0
2026-08-27 10:15:47,2026-08-27T10:00:14,768.525,2026-08-27,P,793.0,23.61,25.42,21.0,21.0,27.62,0.0,-0.9949,0.0016,-0.0145,0.0032,0.0,0.0,0.0
2026-08-27 10:15:47,2026-08-27T10:00:14,768.525,2026-08-27,C,794.0,0.0,0.01,0.0,2217.0,0.01,0.4179,0.0049,0.0015,-0.0145,0.0031,0.0,0.0,133.0
2026-08-27 10:15:47,2026-08-27T10:00:14,768.525,2026-08-27,P,794.0,24.61,26.42,21.0,21.0,29.84,0.0,-0.9951,0.0015,-0.0144,0.0031,0.0,0.0,0.0
2026-08-27 10:15:47,2026-08-27T10:00:14,768.525,2026-08-27,C,795.0,0.0,0.01,0.0,3433.0,0.01,0.4325,0.0048,0.0014,-0.0144,0.003,0.0,2.0,71.0
2026-08-27 10:15:47,2026-08-27T10:00:14,768.525,2026-08-27,P,795.0,25.61,27.42,21.0,21.0,30.48,0.0,-0.9953,0.0014,-0.0144,0.003,0.0,0.0,0.0
2026-08-27 10:15:47,2026-08-27T10:00:14,768.525,2026-08-27,C,796.0,0.0,0.01,0.0,2217.0,0.01,0.447,0.0046,0.0013,-0.0143,0.0029,0.0,4.0,117.0
2026-08-27 10:15:47,2026-08-27T10:00:14,768.525,2026-08-27,P,796.0,26.61,28.42,21.0,21.0,29.1,0.0,-0.9954,0.0013,-0.0143,0.0029,0.0,0.0,0.0
2026-08-27 10:15:47,2026-08-27T10:00:14,768.525,2026-08-27,C,797.0,0.0,0.01,0.0,2218.0,0.01,0.4615,0.0044,0.0012,-0.0142,0.0028,0.0,3.0,30.0
2026-08-27 10:15:47,2026-08-27T10:00:14,768.525,2026-08-27,P,797.0,27.61,29.42,21.0,21.0,31.86,0.0,-0.9956,0.0012,-0.0142,0.0028,0.0,0.0,0.0
2026-08-27 10:15:47,2026-08-27T10:00:14,768.525,2026-08-27,C,798.0,0.0,0.01,0.0,2218.0,0.01,0.4759,0.0043,0.0012,-0.0141,0.0028,0.0,0.0,50.0
2026-08-27 10:15:47,2026-08-27T10:00:14,768.525,2026-08-27,P,798.0,28.61,30.32,21.0,21.0,29.66,0.0,-0.9957,0.0012,-0.0141,0.0028,0.0,1.0,0.0
2026-08-27 10:15:47,2026-08-27T10:00:14,768.525,2026-08-27,C,799.0,0.0,0.01,0.0,2218.0,0.02,0.4902,0.0042,0.0011,-0.014,0.0027,0.0,0.0,59.0
2026-08-27 10:15:47,2026-08-27T10:00:14,768.525,2026-08-27,P,799.0,29.61,31.42,13.0,13.0,31.53,0.0,-0.9958,0.0011,-0.014,0.0027,0.0,0.0,0.0
2026-08-27 10:15:47,2026-08-27T10:00:14,768.525,2026-08-27,C,800.0,0.0,0.01,0.0,5099.0,0.01,0.5045,0.004,0.001,-0.014,0.0026,0.0,0.0,245.0
2026-08-27 10:15:47,2026-08-27T10:00:14,768.525,2026-08-27,P,800.0,30.61,32.42,13.0,13.0,33.4,0.0,-0.996,0.001,-0.0139,0.0026,0.0,0.0,0.0
2026-08-27 10:15:47,2026-08-27T10:00:14,768.525,2026-08-27,C,801.0,0.0,0.01,0.0,2218.0,0.01,0.5188,0.0039,0.001,-0.0139,0.0025,0.0,0.0,18.0
2026-08-27 10:15:47,2026-08-27T10:00:14,768.525,2026-08-27,P,801.0,31.11,34.22,13.0,13.0,34.58,0.7812,-0.9961,0.001,-0.0138,0.0025,0.0,0.0,0.0
2026-08-27 10:15:47,2026-08-27T10:00:14,768.525,2026-08-27,C,802.0,0.0,0.01,0.0,2218.0,0.01,0.533,0.0038,0.0009,-0.0138,0.0025,0.0,0.0,58.0
2026-08-27 10:15:47,2026-08-27T10:00:14,768.525,2026-08-27,P,802.0,32.1,35.22,13.0,13.0,36.19,0.7968,-0.9962,0.0009,-0.0137,0.0025,0.0,0.0,0.0
2026-08-27 10:15:47,2026-08-27T10:00:14,768.525,2026-08-27,C,803.0,0.0,0.01,0.0,2218.0,0.02,0.5471,0.0037,0.0009,-0.0137,0.0024,0.0,0.0,64.0
2026-08-27 10:15:47,2026-08-27T10:00:14,768.525,2026-08-27,P,803.0,33.1,36.22,10.0,1.0,0.0,0.8203,-0.9963,0.0009,-0.0137,0.0024,0.0,0.0,0.0
2026-08-27 10:15:47,2026-08-27T10:00:14,768.525,2026-08-27,C,804.0,0.0,0.01,0.0,2218.0,0.03,0.5612,0.0036,0.0008,-0.0136,0.0023,0.0,0.0,33.0
2026-08-27 10:15:47,2026-08-27T10:00:14,768.525,2026-08-27,P,804.0,34.11,37.22,10.0,1.0,0.0,0.8438,-0.9964,0.0008,-0.0136,0.0023,0.0,0.0,0.0
2026-08-27 10:15:47,2026-08-27T10:00:14,768.525,2026-08-27,C,805.0,0.0,0.01,0.0,2218.0,0.01,0.5752,0.0035,0.0008,-0.0135,0.0023,0.0,0.0,315.0
2026-08-27 10:15:47,2026-08-27T10:00:14,768.525,2026-08-27,P,805.0,35.1,38.22,10.0,1.0,39.15,0.859,-0.9965,0.0008,-0.0135,0.0023,0.0,0.0,0.0
2026-08-27 10:15:47,2026-08-27T10:00:14,768.525,2026-08-27,C,806.0,0.0,0.01,0.0,2218.0,0.02,0.5892,0.0034,0.0008,-0.0135,0.0022,0.0,0.0,315.0
2026-08-27 10:15:47,2026-08-27T10:00:14,768.525,2026-08-27,P,806.0,36.1,39.22,10.0,1.0,0.0,0.8783,-0.9966,0.0008,-0.0134,0.0022,0.0,0.0,0.0
2026-08-27 10:20:48,2026-08-27T10:05:14,768.96,2026-08-27,C,731.0,36.59,38.39,44.0,44.0,34.96,0.0,0.9966,0.0007,-0.0143,0.0022,0.0,0.0,0.0
2026-08-27 10:20:48,2026-08-27T10:05:14,768.96,2026-08-27,P,731.0,0.0,0.01,0.0,2693.0,0.02,0.6264,-0.0034,0.0007,-0.0143,0.0022,0.0,0.0,3610.0
2026-08-27 10:20:48,2026-08-27T10:05:14,768.96,2026-08-27,C,732.0,35.59,37.4,45.0,186.0,33.52,0.0,0.9965,0.0008,-0.0145,0.0022,0.0,0.0,1.0
2026-08-27 10:20:48,2026-08-27T10:05:14,768.96,2026-08-27,P,732.0,0.0,0.01,0.0,2693.0,0.03,0.6108,-0.0035,0.0008,-0.0145,0.0022,0.0,0.0,6718.0
2026-08-27 10:20:48,2026-08-27T10:05:14,768.96,2026-08-27,C,733.0,34.59,36.4,45.0,186.0,33.04,0.0,0.9964,0.0008,-0.0146,0.0023,0.0,0.0,0.0
2026-08-27 10:20:48,2026-08-27T10:05:14,768.96,2026-08-27,P,733.0,0.0,0.01,0.0,2693.0,0.02,0.5952,-0.0036,0.0008,-0.0146,0.0023,0.0,0.0,2383.0
2026-08-27 10:20:48,2026-08-27T10:05:14,768.96,2026-08-27,C,734.0,33.59,35.4,45.0,186.0,32.39,0.0,0.9963,0.0008,-0.0147,0.0024,0.0,0.0,1.0
2026-08-27 10:20:48,2026-08-27T10:05:14,768.96,2026-08-27,P,734.0,0.0,0.01,0.0,2693.0,0.02,0.5796,-0.0037,0.0008,-0.0147,0.0024,0.0,2.0,2467.0
2026-08-27 10:20:48,2026-08-27T10:05:14,768.96,2026-08-27,C,735.0,33.71,34.0,45.0,45.0,33.3,0.0,0.9962,0.0009,-0.0149,0.0025,0.0,1.0,6.0
2026-08-27 10:20:48,2026-08-27T10:05:14,768.96,2026-08-27,P,735.0,0.0,0.01,0.0,2693.0,0.01,0.564,-0.0038,0.0009,-0.0149,0.0025,0.0,15.0,526.0
2026-08-27 10:20:48,2026-08-27T10:05:14,768.96,2026-08-27,C,736.0,31.59,33.4,44.0,186.0,30.47,0.0,0.996,0.0009,-0.015,0.0025,0.0,0.0,3.0
2026-08-27 10:20:48,2026-08-27T10:05:14,768.96,2026-08-27,P,736.0,0.0,0.01,0.0,2603.0,0.01,0.5484,-0.004,0.0009,-0.015,0.0025,0.0,0.0,227.0
2026-08-27 10:20:48,2026-08-27T10:05:14,768.96,2026-08-27,C,737.0,30.59,32.4,44.0,186.0,29.89,0.0,0.9959,0.001,-0.0151,0.0026,0.0,0.0,3.0
2026-08-27 10:20:48,2026-08-27T10:05:14,768.96,2026-08-27,P,737.0,0.0,0.01,0.0,2603.0,0.01,0.5327,-0.0041,0.001,-0.0151,0.0026,0.0,10.0,627.0
2026-08-27 10:20:48,2026-08-27T10:05:14,768.96,2026-08-27,C,738.0,29.59,31.4,44.0,186.0,28.46,0.0,0.9958,0.001,-0.0153,0.0027,0.0,0.0,2.0
2026-08-27 10:20:48,2026-08-27T10:05:14,768.96,2026-08-27,P,738.0,0.0,0.01,0.0,2663.0,0.01,0.5171,-0.0042,0.001,-0.0153,0.0027,0.0,137.0,563.0
2026-08-27 10:20:48,2026-08-27T10:05:14,768.96,2026-08-27,C,739.0,28.59,30.4,46.0,187.0,28.36,0.0,0.9956,0.0011,-0.0154,0.0028,0.0,1.0,3.0
2026-08-27 10:20:48,2026-08-27T10:05:14,768.96,2026-08-27,P,739.0,0.0,0.01,0.0,2145.0,0.01,0.5014,-0.0044,0.0011,-0.0154,0.0028,0.0,10.0,378.0
2026-08-27 10:20:48,2026-08-27T10:05:14,768.96,2026-08-27,C,740.0,27.59,29.4,44.0,186.0,26.78,0.0,0.9954,0.0012,-0.0156,0.0029,0.0,0.0,4.0
2026-08-27 10:20:48,2026-08-27T10:05:14,768.96,2026-08-27,P,740.0,0.0,0.01,0.0,2167.0,0.01,0.4857,-0.0046,0.0012,-0.0156,0.0029,0.0,10.0,1521.0
2026-08-27 10:20:48,2026-08-27T10:05:14,768.96,2026-08-27,C,741.0,26.59,28.4,44.0,186.0,24.06,0.0,0.9953,0.0013,-0.0158,0.003,0.0,0.0,5.0
2026-08-27 10:20:48,2026-08-27T10:05:14,768.96,2026-08-27,P,741.0,0.0,0.01,0.0,2014.0,0.01,0.47,-0.0047,0.0013,-0.0158,0.003,0.0,478.0,686.0
2026-08-27 10:20:48,2026-08-27T10:05:14,768.96,2026-08-27,C,742.0,25.59,27.4,46.0,189.0,27.0,0.0,0.9951,0.0014,-0.016,0.0031,0.0,1.0,24.0
2026-08-27 10:20:48,2026-08-27T10:05:14,768.96,2026-08-27,P,742.0,0.0,0.01,0.0,1854.0,0.01,0.4543,-0.0049,0.0014,-0.016,0.0031,0.0,80.0,680.0
2026-08-27 10:20:48,2026-08-27T10:05:14,768.96,2026-08-27,C,743.0,24.6,26.4,190.0,186.0,23.21,0.0,0.9949,0.0014,-0.0162,0.0032,0.0,0.0,8.0
2026-08-27 10:20:48,2026-08-27T10:05:14,768.96,2026-08-27,P,743.0,0.0,0.01,0.0,1686.0,0.01,0.4386,-0.0051,0.0014,-0.0162,0.0032,0.0,18.0,580.0
2026-08-27 10:20:48,2026-08-27T10:05:14,768.96,2026-08-27,C,744.0,23.6,25.4,187.0,186.0,22.7,0.0,0.9946,0.0016,-0.0165,0.0034,0.0,0.0,24.0
2026-08-27 10:20:48,2026-08-27T10:05:14,768.96,2026-08-27,P,744.0,0.0,0.01,0.0,1512.0,0.01,0.4228,-0.0054,0.0016,-0.0165,0.0034,0.0,281.0,1156.0
2026-08-27 10:20:48,2026-08-27T10:05:14,768.96,2026-08-27,C,745.0,22.6,24.04,188.0,44.0,23.29,0.0,0.9944,0.0017,-0.0167,0.0035,0.0,2.0,16.0
2026-08-27 10:20:48,2026-08-27T10:05:14,768.96,2026-08-27,P,745.0,0.0,0.01,0.0,1052.0,0.01,0.407,-0.0056,0.0017,-0.0167,0.0035,0.0,740.0,2626.0
2026-08-27 10:20:48,2026-08-27T10:05:14,768.96,2026-08-27,C,746.0,21.6,23.04,118.0,44.0,22.4,0.0,0.9941,0.0018,-0.0171,0.0037,0.0,2.0,56.0
2026-08-27 10:20:48,2026-08-27T10:05:14,768.96,2026-08-27,P,746.0,0.01,0.02,1739.0,3098.0,0.01,0.4368,-0.0059,0.0018,-0.0171,0.0037,0.0,5644.0,5788.0
2026-08-27 10:20:48,2026-08-27T10:05:14,768.96,2026-08-27,C,747.0,20.6,22.04,107.0,44.0,20.08,0.0,0.9937,0.002,-0.0175,0.0039,0.0,0.0,57.0
2026-08-27 10:20:48,2026-08-27T10:05:14,768.96,2026-08-27,P,747.0,0.01,0.02,2531.0,3516.0,0.02,0.4194,-0.0063,0.002,-0.0175,0.0039,0.0,10397.0,12314.0
2026-08-27 10:20:48,2026-08-27T10:05:14,768.96,2026-08-27,C,748.0,19.6,21.01,188.0,118.0,20.54,0.0,0.9934,0.0022,-0.0179,0.0041,0.0,1.0,78.0
2026-08-27 10:20:48,2026-08-27T10:05:14,768.96,2026-08-27,P,748.0,0.01,0.02,2859.0,3179.0,0.01,0.402,-0.0066,0.0022,-0.0179,0.0041,0.0,870.0,2141.0
2026-08-27 10:20:48,2026-08-27T10:05:14,768.96,2026-08-27,C,749.0,18.6,20.04,107.0,44.0,17.94,0.0,0.9929,0.0024,-0.0185,0.0044,0.0,0.0,134.0
2026-08-27 10:20:48,2026-08-27T10:05:14,768.96,2026-08-27,P,749.0,0.01,0.02,3241.0,3167.0,0.01,0.3845,-0.0071,0.0024,-0.0185,0.0044,0.0,5429.0,957.0
2026-08-27 10:20:48,2026-08-27T10:05:14,768.96,2026-08-27,C,750.0,18.8,19.01,1.0,45.0,18.51,0.0,0.9924,0.0027,-0.0192,0.0046,0.0,4.0,235.0
2026-08-27 10:20:48,2026-08-27T10:05:14,768.96,2026-08-27,P,750.0,0.01,0.02,3180.0,2976.0,0.01,0.367,-0.0076,0.0027,-0.0192,0.0046,0.0,1999.0,7475.0
2026-08-27 10:20:48,2026-08-27T10:05:14,768.96,2026-08-27,C,751.0,17.81,18.05,5.0,44.0,17.01,0.4329,0.9918,0.003,-0.0201,0.005,0.0,2.0,51.0
2026-08-27 10:20:48,2026-08-27T10:05:14,768.96,2026-08-27,P,751.0,0.01,0.02,3263.0,2927.0,0.02,0.3494,-0.0082,0.003,-0.0201,0.005,0.0,3269.0,2036.0
2026-08-27 10:20:48,2026-08-27T10:05:14,768.96,2026-08-27,C,752.0,15.61,17.05,148.0,45.0,16.93,0.0,0.991,0.0034,-0.0212,0.0054,0.0,2.0,50.0
2026-08-27 10:20:48,2026-08-27T10:05:14,768.96,2026-08-27,P,752.0,0.01,0.02,3290.0,1667.0,0.03,0.3318,-0.009,0.0034,-0.0212,0.0054,0.0,2336.0,6184.0
2026-08-27 10:20:48,2026-08-27T10:05:14,768.96,2026-08-27,C,753.0,15.73,16.01,130.0,145.0,14.93,0.0,0.9901,0.0039,-0.0226,0.0059,0.0,2.0,224.0
2026-08-27 10:20:48,2026-08-27T10:05:14,768.96,2026-08-27,P,753.0,0.02,0.03,1537.0,2903.0,0.02,0.3343,-0.0099,0.0039,-0.0226,0.0059,0.0,523.0,1905.0
2026-08-27 10:20:48,2026-08-27T10:05:14,768.96,2026-08-27,C,754.0,14.8,15.02,187.0,150.0,15.26,0.0,0.9889,0.0045,-0.0245,0.0065,0.0,19.0,155.0
2026-08-27 10:20:48,2026-08-27T10:05:14,768.96,2026-08-27,P,754.0,0.02,0.03,2763.0,3009.0,0.03,0.3156,-0.0111,0.0045,-0.0244,0.0065,0.0,1032.0,2518.0
2026-08-27 10:20:48,2026-08-27T10:05:14,768.96,2026-08-27,C,755.0,13.73,14.02,126.0,45.0,13.71,0.0,0.9874,0.0052,-0.0269,0.0073,0.0,32.0,243.0
2026-08-27 10:20:48,2026-08-27T10:05:14,768.96,2026-08-27,P,755.0,0.02,0.03,2631.0,2249.0,0.02,0.2967,-0.0126,0.0052,-0.0269,0.0073,0.0,3070.0,6635.0
2026-08-27 10:20:48,2026-08-27T10:05:14,768.96,2026-08-27,C,756.0,11.68,13.07,131.0,44.0,12.13,0.0,0.9854,0.0063,-0.0302,0.0083,0.0,2.0,180.0
2026-08-27 10:20:48,2026-08-27T10:05:14,768.96,2026-08-27,P,756.0,0.03,0.04,1099.0,3269.0,0.04,0.291,-0.0146,0.0062,-0.0301,0.0083,0.0,7152.0,2466.0
2026-08-27 10:20:48,2026-08-27T10:05:14,768.96,2026-08-27,C,757.0,11.81,12.03,1.0,140.0,11.6,0.0,0.9827,0.0076,-0.0346,0.0096,0.0,23.0,369.0
2026-08-27 10:20:48,2026-08-27T10:05:14,768.96,2026-08-27,P,757.0,0.03,0.04,1614.0,2474.0,0.03,0.2712,-0.0172,0.0076,-0.0345,0.0096,0.0,2677.0,2179.0
2026-08-27 10:20:48,2026-08-27T10:05:14,768.96,2026-08-27,C,758.0,10.79,11.03,57.0,117.0,10.96,0.213,0.9791,0.0094,-0.0408,0.0112,0.0,74.0,994.0
2026-08-27 10:20:48,2026-08-27T10:05:14,768.96,2026-08-27,P,758.0,0.04,0.05,852.0,3213.0,0.04,0.2611,-0.0208,0.0094,-0.0407,0.0112,0.0,7479.0,5271.0
2026-08-27 10:20:48,2026-08-27T10:05:14,768.96,2026-08-27,C,759.0,9.76,10.04,55.0,45.0,9.57,0.2132,0.9741,0.0119,-0.0495,0.0135,0.0,78.0,244.0
2026-08-27 10:20:48,2026-08-27T10:05:14,768.96,2026-08-27,P,759.0,0.04,0.05,2108.0,123.0,0.06,0.2484,-0.0259,0.0118,-0.0494,0.0134,0.0,13210.0,5933.0
2026-08-27 10:20:48,2026-08-27T10:05:14,768.96,2026-08-27,C,760.0,8.83,9.05,60.0,45.0,8.85,0.2394,0.9669,0.0153,-0.0622,0.0164,0.0,947.0,840.0
2026-08-27 10:20:48,2026-08-27T10:05:14,768.96,2026-08-27,P,760.0,0.06,0.07,110.0,2764.0,0.06,0.2336,-0.033,0.0153,-0.062,0.0164,0.0,21762.0,6095.0
2026-08-27 10:20:48,2026-08-27T10:05:14,768.96,2026-08-27,C,761.0,7.85,8.07,64.0,163.0,7.88,0.227,0.9565,0.0201,-0.0809,0.0204,0.0,135.0,745.0
2026-08-27 10:20:48,2026-08-27T10:05:14,768.96,2026-08-27,P,761.0,0.07,0.08,1590.0,1562.0,0.07,0.2172,-0.0433,0.0201,-0.0806,0.0204,0.0,18971.0,2929.0
2026-08-27 10:20:48,2026-08-27T10:05:14,768.96,2026-08-27,C,762.0,6.85,7.08,64.0,15.0,7.02,0.2076,0.9415,0.0268,-0.109,0.0257,0.0,501.0,690.0
2026-08-27 10:20:48,2026-08-27T10:05:14,768.96,2026-08-27,P,762.0,0.1,0.11,411.0,2178.0,0.1,0.208,-0.0583,0.0267,-0.1085,0.0256,0.0,27838.0,3422.0
2026-08-27 10:20:48,2026-08-27T10:05:14,768.96,2026-08-27,C,763.0,6.08,6.11,47.0,26.0,5.93,0.1973,0.9195,0.036,-0.1514,0.0326,0.0,987.0,1330.0
2026-08-27 10:20:48,2026-08-27T10:05:14,768.96,2026-08-27,P,763.0,0.13,0.14,1275.0,316.0,0.14,0.1973,-0.0805,0.036,-0.1514,0.0326,0.0,21551.0,5031.0
2026-08-27 10:20:48,2026-08-27T10:05:14,768.96,2026-08-27,C,764.0,5.14,5.16,38.0,24.0,5.02,0.1888,0.8877,0.0482,-0.2158,0.0412,0.0,1890.0,1924.0
2026-08-27 10:20:48,2026-08-27T10:05:14,768.96,2026-08-27,P,764.0,0.19,0.2,707.0,1009.0,0.2,0.19,-0.1123,0.0482,-0.2158,0.0412,0.0,24594.0,7873.0
2026-08-27 10:20:48,2026-08-27T10:05:14,768.96,2026-08-27,C,765.0,4.21,4.24,187.0,26.0,4.2,0.1812,0.8423,0.0637,-0.3136,0.0515,0.0,3145.0,4303.0
2026-08-27 10:20:48,2026-08-27T10:05:14,768.96,2026-08-27,P,765.0,0.29,0.3,3.0,1730.0,0.3,0.1822,-0.1577,0.0637,-0.3136,0.0515,0.0,38440.0,5495.0
2026-08-27 10:20:48,2026-08-27T10:05:14,768.96,2026-08-27,C,766.0,3.36,3.39,160.0,154.0,3.25,0.1743,0.7794,0.0818,-0.4609,0.0627,0.0,7396.0,5065.0
2026-08-27 10:20:48,2026-08-27T10:05:14,768.96,2026-08-27,P,766.0,0.42,0.43,384.0,69.0,0.43,0.1751,-0.2206,0.0818,-0.4609,0.0627,0.0,42013.0,5339.0
2026-08-27 10:20:48,2026-08-27T10:05:14,768.96,2026-08-27,C,767.0,2.55,2.58,263.0,71.0,2.57,0.168,0.696,0.1002,-0.6784,0.0734,0.0,25593.0,6518.0
2026-08-27 10:20:48,2026-08-27T10:05:14,768.96,2026-08-27,P,767.0,0.62,0.63,497.0,335.0,0.63,0.1686,-0.304,0.1002,-0.6784,0.0734,0.0,71631.0,3089.0
2026-08-27 10:20:48,2026-08-27T10:05:14,768.96,2026-08-27,C,768.0,1.85,1.86,265.0,6.0,1.85,0.1614,0.5925,0.1153,-0.9892,0.0809,0.0,68134.0,4522.0
2026-08-27 10:20:48,2026-08-27T10:05:14,768.96,2026-08-27,P,768.0,0.91,0.92,118.0,8.0,0.92,0.1626,-0.4075,0.1153,-0.9892,0.0809,0.0,84670.0,2666.0
2026-08-27 10:20:48,2026-08-27T10:05:14,768.96,2026-08-27,C,769.0,1.26,1.27,223.0,236.0,1.27,0.1556,0.474,0.1221,-1.1946,0.0829,0.0,103846.0,7157.0
2026-08-27 10:20:48,2026-08-27T10:05:14,768.96,2026-08-27,P,769.0,1.31,1.32,6.0,21.0,1.31,0.1568,-0.526,0.1221,-1.1946,0.0829,0.0,36669.0,521.0
2026-08-27 10:20:48,2026-08-27T10:05:14,768.96,2026-08-27,C,770.0,0.78,0.79,634.0,371.0,0.78,0.1506,0.3511,0.1169,-0.7491,0.0775,0.0,109831.0,7702.0
2026-08-27 10:20:48,2026-08-27T10:05:14,768.96,2026-08-27,P,770.0,1.84,1.86,24.0,284.0,1.86,0.1519,-0.6489,0.1169,-0.7491,0.0775,0.0,11823.0,984.0
2026-08-27 10:20:48,2026-08-27T10:05:14,768.96,2026-08-27,C,771.0,0.45,0.46,542.0,485.0,0.46,0.1479,0.2384,0.0997,-0.4347,0.0656,0.0,80771.0,5376.0
2026-08-27 10:20:48,2026-08-27T10:05:14,768.96,2026-08-27,P,771.0,2.51,2.54,51.0,243.0,2.55,0.1486,-0.7616,0.0997,-0.4347,0.0656,0.0,3234.0,1468.0
2026-08-27 10:20:48,2026-08-27T10:05:14,768.96,2026-08-27,C,772.0,0.24,0.25,1516.0,85.0,0.24,0.1478,0.1491,0.0753,-0.2373,0.0501,0.0,54328.0,4406.0
2026-08-27 10:20:48,2026-08-27T10:05:14,768.96,2026-08-27,P,772.0,3.29,3.32,53.0,157.0,3.3,0.1488,-0.8509,0.0753,-0.2373,0.0501,0.0,1610.0,555.0
2026-08-27 10:20:48,2026-08-27T10:05:14,768.96,2026-08-27,C,773.0,0.13,0.14,765.0,1415.0,0.14,0.1491,0.0887,0.0516,-0.1273,0.0354,0.0,27789.0,3955.0
2026-08-27 10:20:48,2026-08-27T10:05:14,768.96,2026-08-27,P,773.0,4.18,4.21,23.0,110.0,4.24,0.1506,-0.9113,0.0516,-0.1273,0.0354,0.0,416.0,1148.0
2026-08-27 10:20:48,2026-08-27T10:05:14,768.96,2026-08-27,C,774.0,0.07,0.08,1059.0,1506.0,0.08,0.1561,0.0527,0.0335,-0.0708,0.0243,0.0,25198.0,9159.0
2026-08-27 10:20:48,2026-08-27T10:05:14,768.96,2026-08-27,P,774.0,5.08,5.27,152.0,1.0,5.2,0.168,-0.9473,0.0335,-0.0708,0.0243,0.0,321.0,763.0
2026-08-27 10:20:48,2026-08-27T10:05:14,768.96,2026-08-27,C,775.0,0.04,0.05,1006.0,2153.0,0.05,0.1627,0.0333,0.022,-0.0436,0.017,0.0,14060.0,8218.0
2026-08-27 10:20:48,2026-08-27T10:05:14,768.96,2026-08-27,P,775.0,6.05,6.23,154.0,1.0,6.03,0.169,-0.9669,0.0219,-0.0433,0.0169,0.0,398.0,858.0
2026-08-27 10:20:48,2026-08-27T10:05:14,768.96,2026-08-27,C,776.0,0.03,0.04,287.0,3577.0,0.03,0.1764,0.0229,0.0151,-0.0302,0.0126,0.0,8364.0,4528.0
2026-08-27 10:20:48,2026-08-27T10:05:14,768.96,2026-08-27,P,776.0,6.99,8.31,51.0,66.0,7.46,0.3096,-0.9772,0.015,-0.03,0.0125,0.0,43.0,94.0
2026-08-27 10:20:48,2026-08-27T10:05:14,768.96,2026-08-27,C,777.0,0.02,0.03,796.0,2771.0,0.02,0.187,0.017,0.011,-0.0231,0.0098,0.0,2635.0,4442.0
2026-08-27 10:20:48,2026-08-27T10:05:14,768.96,2026-08-27,P,777.0,8.03,8.25,180.0,66.0,8.47,0.2122,-0.9831,0.0109,-0.023,0.0098,0.0,91.0,199.0
2026-08-27 10:20:48,2026-08-27T10:05:14,768.96,2026-08-27,C,778.0,0.01,0.02,2299.0,2229.0,0.01,0.1924,0.0136,0.0084,-0.0193,0.0081,0.0,2354.0,2468.0
2026-08-27 10:20:48,2026-08-27T10:05:14,768.96,2026-08-27,P,778.0,8.99,9.86,130.0,150.0,9.27,0.3029,-0.9864,0.0084,-0.0193,0.0081,0.0,134.0,0.0
2026-08-27 10:20:48,2026-08-27T10:05:14,768.96,2026-08-27,C,779.0,0.01,0.02,2845.0,3186.0,0.02,0.2104,0.0116,0.0068,-0.0173,0.007,0.0,814.0,2257.0
2026-08-27 10:20:48,2026-08-27T10:05:14,768.96,2026-08-27,P,779.0,9.97,11.36,44.0,108.0,9.9,0.3987,-0.9885,0.0068,-0.0173,0.007,0.0,9.0,0.0
2026-08-27 10:20:48,2026-08-27T10:05:14,768.96,2026-08-27,C,780.0,0.01,0.02,1202.0,3259.0,0.02,0.2281,0.0102,0.0057,-0.0163,0.0063,0.0,4249.0,5535.0
2026-08-27 10:20:48,2026-08-27T10:05:14,768.96,2026-08-27,P,780.0,10.97,12.36,59.0,77.0,12.1,0.4262,-0.9898,0.0057,-0.0163,0.0063,0.0,29.0,1.0
2026-08-27 10:20:48,2026-08-27T10:05:14,768.96,2026-08-27,C,781.0,0.0,0.01,0.0,2157.0,0.01,0.2179,0.0093,0.0048,-0.0157,0.0057,0.0,5259.0,1478.0
2026-08-27 10:20:48,2026-08-27T10:05:14,768.96,2026-08-27,P,781.0,11.98,13.35,38.0,57.0,12.73,0.4533,-0.9907,0.0049,-0.0157,0.0058,0.0,2.0,1.0
2026-08-27 10:20:48,2026-08-27T10:05:14,768.96,2026-08-27,C,782.0,0.0,0.01,0.0,2282.0,0.02,0.2337,0.0086,0.0042,-0.0154,0.0053,0.0,248.0,2919.0
2026-08-27 10:20:48,2026-08-27T10:05:14,768.96,2026-08-27,P,782.0,12.98,14.42,44.0,122.0,16.55,0.4897,-0.9914,0.0043,-0.0154,0.0054,0.0,0.0,0.0
2026-08-27 10:20:48,2026-08-27T10:05:14,768.96,2026-08-27,C,783.0,0.0,0.01,0.0,2687.0,0.01,0.2494,0.0081,0.0038,-0.0152,0.005,0.0,346.0,1573.0
2026-08-27 10:20:48,2026-08-27T10:05:14,768.96,2026-08-27,P,783.0,13.98,15.42,44.0,107.0,16.79,0.5163,-0.9919,0.0038,-0.0153,0.005,0.0,0.0,0.0
2026-08-27 10:20:48,2026-08-27T10:05:14,768.96,2026-08-27,C,784.0,0.0,0.01,0.0,2687.0,0.02,0.265,0.0076,0.0034,-0.015,0.0047,0.0,10.0,1820.0
2026-08-27 10:20:48,2026-08-27T10:05:14,768.96,2026-08-27,P,784.0,14.98,16.42,44.0,113.0,18.93,0.5426,-0.9924,0.0034,-0.0151,0.0048,0.0,0.0,0.0
2026-08-27 10:20:48,2026-08-27T10:05:14,768.96,2026-08-27,C,785.0,0.0,0.01,0.0,2687.0,0.01,0.2804,0.0072,0.003,-0.0149,0.0045,0.0,12.0,1464.0
2026-08-27 10:20:48,2026-08-27T10:05:14,768.96,2026-08-27,P,785.0,15.98,17.42,44.0,123.0,19.97,0.5686,-0.9928,0.0031,-0.015,0.0045,0.0,0.0,0.0
2026-08-27 10:20:48,2026-08-27T10:05:14,768.96,2026-08-27,C,786.0,0.0,0.01,0.0,2687.0,0.01,0.2958,0.0068,0.0028,-0.0148,0.0043,0.0,448.0,1211.0
2026-08-27 10:20:48,2026-08-27T10:05:14,768.96,2026-08-27,P,786.0,16.98,18.42,44.0,107.0,20.55,0.5943,-0.9932,0.0028,-0.0149,0.0043,0.0,0.0,0.0
2026-08-27 10:20:48,2026-08-27T10:05:14,768.96,2026-08-27,C,787.0,0.0,0.01,0.0,2687.0,0.01,0.3111,0.0065,0.0025,-0.0147,0.0041,0.0,12.0,3748.0
2026-08-27 10:20:48,2026-08-27T10:05:14,768.96,2026-08-27,P,787.0,17.98,19.42,44.0,108.0,19.79,0.6197,-0.9935,0.0025,-0.0148,0.0041,0.0,10.0,0.0
2026-08-27 10:20:48,2026-08-27T10:05:14,768.96,2026-08-27,C,788.0,0.0,0.01,0.0,2632.0,0.01,0.3263,0.0062,0.0023,-0.0146,0.0039,0.0,106.0,1662.0
2026-08-27 10:20:48,2026-08-27T10:05:14,768.96,2026-08-27,P,788.0,18.98,20.42,44.0,107.0,23.87,0.6449,-0.9938,0.0023,-0.0147,0.0039,0.0,0.0,0.0
2026-08-27 10:20:48,2026-08-27T10:05:14,768.96,2026-08-27,C,789.0,0.0,0.01,0.0,2717.0,0.01,0.3414,0.0059,0.0021,-0.0145,0.0037,0.0,33.0,1705.0
2026-08-27 10:20:48,2026-08-27T10:05:14,768.96,2026-08-27,P,789.0,19.97,21.42,44.0,113.0,22.03,0.6682,-0.994,0.0021,-0.0146,0.0038,0.0,0.0,0.0
2026-08-27 10:20:48,2026-08-27T10:05:14,768.96,2026-08-27,C,790.0,0.0,0.01,0.0,3015.0,0.01,0.3564,0.0057,0.002,-0.0144,0.0036,0.0,34.0,294.0
2026-08-27 10:20:48,2026-08-27T10:05:14,768.96,2026-08-27,P,790.0,20.98,22.42,24.0,149.0,21.57,0.6945,-0.9943,0.002,-0.0145,0.0036,0.0,4.0,2.0
2026-08-27 10:20:48,2026-08-27T10:05:14,768.96,2026-08-27,C,791.0,0.0,0.01,0.0,2718.0,0.01,0.3714,0.0054,0.0018,-0.0144,0.0034,0.0,6.0,479.0
2026-08-27 10:20:48,2026-08-27T10:05:14,768.96,2026-08-27,P,791.0,21.88,23.42,44.0,122.0,23.85,0.7012,-0.9945,0.0018,-0.0144,0.0035,0.0,0.0,0.0
2026-08-27 10:20:48,2026-08-27T10:05:14,768.96,2026-08-27,C,792.0,0.0,0.01,0.0,2718.0,0.01,0.3863,0.0052,0.0017,-0.0143,0.0033,0.0,2.0,563.0
2026-08-27 10:20:48,2026-08-27T10:05:14,768.96,2026-08-27,P,792.0,22.82,24.42,186.0,186.0,26.8,0.7136,-0.9947,0.0017,-0.0143,0.0033,0.0,0.0,0.0
2026-08-27 10:20:48,2026-08-27T10:05:14,768.96,2026-08-27,C,793.0,0.0,0.01,0.0,2218.0,0.02,0.4011,0.005,0.0016,-0.0142,0.0032,0.0,0.0,582.0
2026-08-27 10:20:48,2026-08-27T10:05:14,768.96,2026-08-27,P,793.0,23.61,25.42,44.0,186.0,27.62,0.692,-0.9949,0.0016,-0.0142,0.0032,0.0,0.0,0.0
2026-08-27 10:20:48,2026-08-27T10:05:14,768.96,2026-08-27,C,794.0,0.0,0.01,0.0,2218.0,0.01,0.4158,0.0048,0.0015,-0.0141,0.0031,0.0,0.0,133.0
2026-08-27 10:20:48,2026-08-27T10:05:14,768.96,2026-08-27,P,794.0,24.61,26.42,44.0,186.0,29.84,0.7143,-0.9951,0.0015,-0.0142,0.0031,0.0,0.0,0.0
2026-08-27 10:20:48,2026-08-27T10:05:14,768.96,2026-08-27,C,795.0,0.0,0.01,0.0,3170.0,0.01,0.4305,0.0047,0.0014,-0.014,0.003,0.0,6.0,71.0
2026-08-27 10:20:48,2026-08-27T10:05:14,768.96,2026-08-27,P,795.0,25.61,27.42,44.0,172.0,30.48,0.7365,-0.9953,0.0014,-0.0141,0.003,0.0,0.0,0.0
2026-08-27 10:20:48,2026-08-27T10:05:14,768.96,2026-08-27,C,796.0,0.0,0.01,0.0,2217.0,0.01,0.4452,0.0045,0.0013,-0.0139,0.0029,0.0,4.0,117.0
2026-08-27 10:20:48,2026-08-27T10:05:14,768.96,2026-08-27,P,796.0,26.61,28.42,44.0,171.0,29.1,0.7586,-0.9955,0.0013,-0.014,0.0029,0.0,0.0,0.0
2026-08-27 10:20:48,2026-08-27T10:05:14,768.96,2026-08-27,C,797.0,0.0,0.01,0.0,2218.0,0.01,0.4597,0.0044,0.0012,-0.0138,0.0028,0.0,3.0,30.0
2026-08-27 10:20:48,2026-08-27T10:05:14,768.96,2026-08-27,P,797.0,27.61,29.42,44.0,171.0,31.86,0.7805,-0.9956,0.0012,-0.0139,0.0028,0.0,0.0,0.0
2026-08-27 10:20:48,2026-08-27T10:05:14,768.96,2026-08-27,C,798.0,0.0,0.01,0.0,2218.0,0.01,0.4742,0.0042,0.0012,-0.0137,0.0027,0.0,0.0,50.0
2026-08-27 10:20:48,2026-08-27T10:05:14,768.96,2026-08-27,P,798.0,28.61,30.32,44.0,176.0,29.66,0.775,-0.9958,0.0012,-0.0138,0.0027,0.0,1.0,0.0
2026-08-27 10:20:48,2026-08-27T10:05:14,768.96,2026-08-27,C,799.0,0.0,0.01,0.0,2218.0,0.02,0.4887,0.0041,0.0011,-0.0136,0.0026,0.0,0.0,59.0
2026-08-27 10:20:48,2026-08-27T10:05:14,768.96,2026-08-27,P,799.0,29.61,31.42,44.0,44.0,31.53,0.8239,-0.9959,0.0011,-0.0137,0.0026,0.0,0.0,0.0
2026-08-27 10:20:48,2026-08-27T10:05:14,768.96,2026-08-27,C,800.0,0.0,0.01,0.0,4691.0,0.01,0.5031,0.004,0.001,-0.0135,0.0026,0.0,0.0,245.0
2026-08-27 10:20:48,2026-08-27T10:05:14,768.96,2026-08-27,P,800.0,30.61,32.42,44.0,44.0,33.4,0.8454,-0.996,0.001,-0.0136,0.0026,0.0,0.0,0.0
2026-08-27 10:20:48,2026-08-27T10:05:14,768.96,2026-08-27,C,801.0,0.0,0.01,0.0,2218.0,0.01,0.5174,0.0039,0.001,-0.0135,0.0025,0.0,0.0,18.0
2026-08-27 10:20:48,2026-08-27T10:05:14,768.96,2026-08-27,P,801.0,30.91,33.86,2.0,2.0,34.58,0.8318,-0.9961,0.001,-0.0135,0.0025,0.0,0.0,0.0
2026-08-27 10:20:48,2026-08-27T10:05:14,768.96,2026-08-27,C,802.0,0.0,0.01,0.0,2218.0,0.01,0.5317,0.0038,0.0009,-0.0134,0.0024,0.0,0.0,58.0
2026-08-27 10:20:48,2026-08-27T10:05:14,768.96,2026-08-27,P,802.0,31.91,34.86,2.0,2.0,36.19,0.8525,-0.9962,0.0009,-0.0134,0.0024,0.0,0.0,0.0
2026-08-27 10:20:48,2026-08-27T10:05:14,768.96,2026-08-27,C,803.0,0.0,0.01,0.0,2218.0,0.02,0.546,0.0036,0.0009,-0.0133,0.0024,0.0,0.0,64.0
2026-08-27 10:20:48,2026-08-27T10:05:14,768.96,2026-08-27,P,803.0,32.68,35.86,2.0,1.0,0.0,0.7832,-0.9963,0.0009,-0.0134,0.0024,0.0,0.0,0.0
2026-08-27 10:20:48,2026-08-27T10:05:14,768.96,2026-08-27,C,804.0,0.0,0.01,0.0,2218.0,0.03,0.5602,0.0035,0.0008,-0.0132,0.0023,0.0,0.0,33.0
2026-08-27 10:20:48,2026-08-27T10:05:14,768.96,2026-08-27,P,804.0,33.91,36.86,2.0,1.0,0.0,0.8936,-0.9964,0.0008,-0.0133,0.0023,0.0,0.0,0.0
2026-08-27 10:20:48,2026-08-27T10:05:14,768.96,2026-08-27,C,805.0,0.0,0.01,0.0,2218.0,0.01,0.5743,0.0034,0.0008,-0.0131,0.0022,0.0,0.0,315.0
2026-08-27 10:20:48,2026-08-27T10:05:14,768.96,2026-08-27,P,805.0,34.68,37.86,1.0,1.0,39.15,0.8209,-0.9965,0.0008,-0.0132,0.0022,0.0,0.0,0.0
2026-08-27 10:20:48,2026-08-27T10:05:14,768.96,2026-08-27,C,806.0,0.0,0.01,0.0,2218.0,0.02,0.5884,0.0034,0.0008,-0.013,0.0022,0.0,0.0,315.0
2026-08-27 10:20:48,2026-08-27T10:05:14,768.96,2026-08-27,P,806.0,35.85,38.86,2.0,1.0,0.0,0.913,-0.9966,0.0008,-0.0131,0.0022,0.0,0.0,0.0
2026-08-27 10:20:48,2026-08-27T10:05:14,768.96,2026-08-27,C,807.0,0.0,0.01,0.0,2218.0,0.0,0.6024,0.0033,0.0007,-0.013,0.0021,0.0,0.0,0.0
2026-08-27 10:20:48,2026-08-27T10:05:14,768.96,2026-08-27,P,807.0,36.68,39.86,2.0,1.0,0.0,0.8583,-0.9967,0.0007,-0.013,0.0021,0.0,0.0,0.0
2026-08-27 10:25:49,2026-08-27T10:10:15,768.74,2026-08-27,C,731.0,36.2,38.85,198.0,32.0,34.96,0.0,0.9968,0.0007,-0.0134,0.0021,0.0,0.0,0.0
2026-08-27 10:25:49,2026-08-27T10:10:15,768.74,2026-08-27,P,731.0,0.0,0.01,0.0,2693.0,0.02,0.6298,-0.0032,0.0007,-0.0134,0.0021,0.0,0.0,3610.0
2026-08-27 10:25:49,2026-08-27T10:10:15,768.74,2026-08-27,C,732.0,35.2,37.85,204.0,32.0,33.52,0.0,0.9967,0.0007,-0.0136,0.0021,0.0,0.0,1.0
2026-08-27 10:25:49,2026-08-27T10:10:15,768.74,2026-08-27,P,732.0,0.0,0.01,0.0,2693.0,0.03,0.6141,-0.0033,0.0007,-0.0136,0.0021,0.0,0.0,6718.0
2026-08-27 10:25:49,2026-08-27T10:10:15,768.74,2026-08-27,C,733.0,34.2,36.85,204.0,32.0,33.04,0.0,0.9966,0.0008,-0.0137,0.0022,0.0,0.0,0.0
2026-08-27 10:25:49,2026-08-27T10:10:15,768.74,2026-08-27,P,733.0,0.0,0.01,0.0,2693.0,0.02,0.5984,-0.0034,0.0008,-0.0137,0.0022,0.0,0.0,2383.0
2026-08-27 10:25:49,2026-08-27T10:10:15,768.74,2026-08-27,C,734.0,33.2,35.85,206.0,32.0,32.39,0.0,0.9965,0.0008,-0.0138,0.0023,0.0,0.0,1.0
2026-08-27 10:25:49,2026-08-27T10:10:15,768.74,2026-08-27,P,734.0,0.0,0.01,0.0,2693.0,0.02,0.5827,-0.0035,0.0008,-0.0138,0.0023,0.0,2.0,2467.0
2026-08-27 10:25:49,2026-08-27T10:10:15,768.74,2026-08-27,C,735.0,33.49,33.78,33.0,33.0,33.3,0.0,0.9964,0.0008,-0.0139,0.0023,0.0,1.0,6.0
2026-08-27 10:25:49,2026-08-27T10:10:15,768.74,2026-08-27,P,735.0,0.0,0.01,0.0,2693.0,0.01,0.5669,-0.0036,0.0008,-0.0139,0.0023,0.0,15.0,526.0
2026-08-27 10:25:49,2026-08-27T10:10:15,768.74,2026-08-27,C,736.0,31.2,33.85,198.0,32.0,30.47,0.0,0.9962,0.0009,-0.014,0.0024,0.0,0.0,3.0
2026-08-27 10:25:49,2026-08-27T10:10:15,768.74,2026-08-27,P,736.0,0.0,0.01,0.0,2603.0,0.01,0.5512,-0.0038,0.0009,-0.014,0.0024,0.0,0.0,227.0
2026-08-27 10:25:49,2026-08-27T10:10:15,768.74,2026-08-27,C,737.0,30.2,32.85,198.0,32.0,29.89,0.0,0.9961,0.001,-0.0142,0.0025,0.0,0.0,3.0
2026-08-27 10:25:49,2026-08-27T10:10:15,768.74,2026-08-27,P,737.0,0.0,0.01,0.0,2603.0,0.01,0.5355,-0.0039,0.001,-0.0142,0.0025,0.0,10.0,627.0
2026-08-27 10:25:49,2026-08-27T10:10:15,768.74,2026-08-27,C,738.0,29.2,31.85,198.0,32.0,28.46,0.0,0.996,0.001,-0.0143,0.0026,0.0,0.0,2.0
2026-08-27 10:25:49,2026-08-27T10:10:15,768.74,2026-08-27,P,738.0,0.0,0.01,0.0,2603.0,0.01,0.5197,-0.004,0.001,-0.0143,0.0026,0.0,137.0,563.0
2026-08-27 10:25:49,2026-08-27T10:10:15,768.74,2026-08-27,C,739.0,28.2,30.85,219.0,32.0,28.36,0.0,0.9958,0.0011,-0.0145,0.0026,0.0,1.0,3.0
2026-08-27 10:25:49,2026-08-27T10:10:15,768.74,2026-08-27,P,739.0,0.0,0.01,0.0,2663.0,0.01,0.5039,-0.0042,0.0011,-0.0145,0.0026,0.0,10.0,378.0
2026-08-27 10:25:49,2026-08-27T10:10:15,768.74,2026-08-27,C,740.0,27.2,29.85,198.0,32.0,26.78,0.0,0.9957,0.0011,-0.0146,0.0027,0.0,0.0,4.0
2026-08-27 10:25:49,2026-08-27T10:10:15,768.74,2026-08-27,P,740.0,0.0,0.01,0.0,2664.0,0.01,0.4881,-0.0043,0.0011,-0.0146,0.0027,0.0,10.0,1521.0
2026-08-27 10:25:49,2026-08-27T10:10:15,768.74,2026-08-27,C,741.0,26.21,28.85,32.0,32.0,24.06,0.0,0.9955,0.0012,-0.0148,0.0028,0.0,0.0,5.0
2026-08-27 10:25:49,2026-08-27T10:10:15,768.74,2026-08-27,P,741.0,0.0,0.01,0.0,2663.0,0.01,0.4723,-0.0045,0.0012,-0.0148,0.0028,0.0,478.0,686.0
2026-08-27 10:25:49,2026-08-27T10:10:15,768.74,2026-08-27,C,742.0,25.21,27.85,38.0,32.0,27.0,0.0,0.9953,0.0013,-0.015,0.003,0.0,1.0,24.0
2026-08-27 10:25:49,2026-08-27T10:10:15,768.74,2026-08-27,P,742.0,0.0,0.01,0.0,2150.0,0.01,0.4565,-0.0047,0.0013,-0.015,0.003,0.0,80.0,680.0
2026-08-27 10:25:49,2026-08-27T10:10:15,768.74,2026-08-27,C,743.0,24.21,26.85,38.0,32.0,23.21,0.0,0.9951,0.0014,-0.0152,0.0031,0.0,0.0,8.0
2026-08-27 10:25:49,2026-08-27T10:10:15,768.74,2026-08-27,P,743.0,0.0,0.01,0.0,1980.0,0.01,0.4406,-0.0049,0.0014,-0.0152,0.0031,0.0,18.0,580.0
2026-08-27 10:25:49,2026-08-27T10:10:15,768.74,2026-08-27,C,744.0,23.21,25.86,32.0,197.0,22.7,0.0,0.9949,0.0015,-0.0154,0.0032,0.0,0.0,24.0
2026-08-27 10:25:49,2026-08-27T10:10:15,768.74,2026-08-27,P,744.0,0.0,0.01,0.0,1805.0,0.01,0.4247,-0.0051,0.0015,-0.0154,0.0032,0.0,281.0,1156.0
2026-08-27 10:25:49,2026-08-27T10:10:15,768.74,2026-08-27,C,745.0,22.21,24.86,32.0,197.0,23.29,0.0,0.9947,0.0016,-0.0156,0.0033,0.0,2.0,16.0
2026-08-27 10:25:49,2026-08-27T10:10:15,768.74,2026-08-27,P,745.0,0.0,0.01,0.0,1617.0,0.01,0.4088,-0.0053,0.0016,-0.0156,0.0033,0.0,927.0,2626.0
2026-08-27 10:25:49,2026-08-27T10:10:15,768.74,2026-08-27,C,746.0,21.27,23.5,100.0,204.0,22.4,0.0,0.9944,0.0018,-0.0159,0.0035,0.0,2.0,56.0
2026-08-27 10:25:49,2026-08-27T10:10:15,768.74,2026-08-27,P,746.0,0.01,0.02,1605.0,2892.0,0.01,0.4387,-0.0056,0.0018,-0.0159,0.0035,0.0,5704.0,5788.0
2026-08-27 10:25:49,2026-08-27T10:10:15,768.74,2026-08-27,C,747.0,20.21,22.5,38.0,197.0,20.08,0.0,0.9941,0.0019,-0.0162,0.0037,0.0,0.0,57.0
2026-08-27 10:25:49,2026-08-27T10:10:15,768.74,2026-08-27,P,747.0,0.01,0.02,1713.0,2802.0,0.01,0.4212,-0.0059,0.0019,-0.0162,0.0037,0.0,10398.0,12314.0
2026-08-27 10:25:49,2026-08-27T10:10:15,768.74,2026-08-27,C,748.0,19.21,20.79,38.0,32.0,20.54,0.0,0.9937,0.0021,-0.0166,0.0039,0.0,1.0,78.0
2026-08-27 10:25:49,2026-08-27T10:10:15,768.74,2026-08-27,P,748.0,0.01,0.02,2305.0,2802.0,0.01,0.4037,-0.0063,0.0021,-0.0166,0.0039,0.0,872.0,2141.0
2026-08-27 10:25:49,2026-08-27T10:10:15,768.74,2026-08-27,C,749.0,18.22,20.5,149.0,197.0,17.94,0.0,0.9933,0.0023,-0.0171,0.0041,0.0,0.0,134.0
2026-08-27 10:25:49,2026-08-27T10:10:15,768.74,2026-08-27,P,749.0,0.01,0.02,3047.0,3146.0,0.01,0.3861,-0.0067,0.0023,-0.0171,0.0041,0.0,5429.0,957.0
2026-08-27 10:25:49,2026-08-27T10:10:15,768.74,2026-08-27,C,750.0,18.53,18.79,100.0,33.0,18.51,0.0,0.9928,0.0026,-0.0177,0.0044,0.0,4.0,235.0
2026-08-27 10:25:49,2026-08-27T10:10:15,768.74,2026-08-27,P,750.0,0.01,0.02,2919.0,2917.0,0.01,0.3684,-0.0072,0.0026,-0.0177,0.0044,0.0,2048.0,7475.0
2026-08-27 10:25:49,2026-08-27T10:10:15,768.74,2026-08-27,C,751.0,17.54,18.51,186.0,100.0,17.01,0.5592,0.9923,0.0029,-0.0185,0.0047,0.0,2.0,51.0
2026-08-27 10:25:49,2026-08-27T10:10:15,768.74,2026-08-27,P,751.0,0.01,0.02,2894.0,2807.0,0.01,0.3507,-0.0077,0.0029,-0.0185,0.0047,0.0,3281.0,2036.0
2026-08-27 10:25:49,2026-08-27T10:10:15,768.74,2026-08-27,C,752.0,15.27,17.51,38.0,32.0,16.93,0.0,0.9916,0.0032,-0.0195,0.0051,0.0,2.0,50.0
2026-08-27 10:25:49,2026-08-27T10:10:15,768.74,2026-08-27,P,752.0,0.01,0.02,3012.0,2539.0,0.02,0.3329,-0.0084,0.0032,-0.0195,0.0051,0.0,3405.0,6184.0
2026-08-27 10:25:49,2026-08-27T10:10:15,768.74,2026-08-27,C,753.0,15.59,15.79,100.0,100.0,15.55,0.0,0.9907,0.0037,-0.0207,0.0056,0.0,10.0,224.0
2026-08-27 10:25:49,2026-08-27T10:10:15,768.74,2026-08-27,P,753.0,0.02,0.03,1454.0,3276.0,0.02,0.3354,-0.0093,0.0037,-0.0207,0.0056,0.0,677.0,1905.0
2026-08-27 10:25:49,2026-08-27T10:10:15,768.74,2026-08-27,C,754.0,14.51,14.8,43.0,33.0,15.26,0.0,0.9896,0.0043,-0.0223,0.0061,0.0,19.0,155.0
2026-08-27 10:25:49,2026-08-27T10:10:15,768.74,2026-08-27,P,754.0,0.02,0.03,2537.0,3131.0,0.02,0.3165,-0.0104,0.0043,-0.0223,0.0061,0.0,1047.0,2518.0
2026-08-27 10:25:49,2026-08-27T10:10:15,768.74,2026-08-27,C,755.0,13.51,13.8,100.0,100.0,13.45,0.0,0.9882,0.005,-0.0245,0.0068,0.0,33.0,243.0
2026-08-27 10:25:49,2026-08-27T10:10:15,768.74,2026-08-27,P,755.0,0.02,0.03,2804.0,2727.0,0.03,0.2976,-0.0118,0.005,-0.0245,0.0068,0.0,3149.0,6635.0
2026-08-27 10:25:49,2026-08-27T10:10:15,768.74,2026-08-27,C,756.0,11.65,13.39,97.0,98.0,12.13,0.0,0.9864,0.006,-0.0274,0.0078,0.0,2.0,180.0
2026-08-27 10:25:49,2026-08-27T10:10:15,768.74,2026-08-27,P,756.0,0.03,0.04,306.0,3211.0,0.03,0.2918,-0.0136,0.006,-0.0274,0.0078,0.0,8303.0,2466.0
2026-08-27 10:25:49,2026-08-27T10:10:15,768.74,2026-08-27,C,757.0,11.57,11.8,83.0,152.0,11.6,0.0,0.9839,0.0073,-0.0313,0.009,0.0,23.0,369.0
2026-08-27 10:25:49,2026-08-27T10:10:15,768.74,2026-08-27,P,757.0,0.03,0.04,1567.0,2491.0,0.03,0.2718,-0.0161,0.0073,-0.0313,0.009,0.0,2716.0,2179.0
2026-08-27 10:25:49,2026-08-27T10:10:15,768.74,2026-08-27,C,758.0,10.58,10.81,102.0,64.0,10.98,0.0,0.9806,0.009,-0.0368,0.0105,0.0,75.0,994.0
2026-08-27 10:25:49,2026-08-27T10:10:15,768.74,2026-08-27,P,758.0,0.04,0.05,314.0,2479.0,0.04,0.2616,-0.0194,0.009,-0.0368,0.0105,0.0,7516.0,5271.0
2026-08-27 10:25:49,2026-08-27T10:10:15,768.74,2026-08-27,C,759.0,9.57,9.81,39.0,65.0,9.28,0.0,0.9758,0.0114,-0.0447,0.0126,0.0,94.0,244.0
2026-08-27 10:25:49,2026-08-27T10:10:15,768.74,2026-08-27,P,759.0,0.05,0.06,179.0,2622.0,0.05,0.2487,-0.0242,0.0114,-0.0447,0.0126,0.0,13854.0,5933.0
2026-08-27 10:25:49,2026-08-27T10:10:15,768.74,2026-08-27,C,760.0,8.62,8.81,66.0,72.0,8.52,0.0,0.9691,0.0148,-0.0562,0.0155,0.0,957.0,840.0
2026-08-27 10:25:49,2026-08-27T10:10:15,768.74,2026-08-27,P,760.0,0.06,0.07,286.0,2946.0,0.06,0.2338,-0.0309,0.0148,-0.0562,0.0155,0.0,24130.0,6095.0
2026-08-27 10:25:49,2026-08-27T10:10:15,768.74,2026-08-27,C,761.0,7.64,7.83,105.0,30.0,7.7,0.1474,0.9592,0.0196,-0.0735,0.0193,0.0,142.0,745.0
2026-08-27 10:25:49,2026-08-27T10:10:15,768.74,2026-08-27,P,761.0,0.07,0.08,1739.0,1723.0,0.07,0.2172,-0.0408,0.0196,-0.0735,0.0193,0.0,29767.0,2929.0
2026-08-27 10:25:49,2026-08-27T10:10:15,768.74,2026-08-27,C,762.0,6.68,6.87,89.0,99.0,6.47,0.1767,0.9445,0.0264,-0.1,0.0246,0.0,517.0,690.0
2026-08-27 10:25:49,2026-08-27T10:10:15,768.74,2026-08-27,P,762.0,0.1,0.11,821.0,1707.0,0.1,0.2078,-0.0555,0.0264,-0.1,0.0246,0.0,29614.0,3422.0
2026-08-27 10:25:49,2026-08-27T10:10:15,768.74,2026-08-27,C,763.0,5.84,5.88,26.0,126.0,5.64,0.1923,0.9227,0.0358,-0.1409,0.0315,0.0,1054.0,1330.0
2026-08-27 10:25:49,2026-08-27T10:10:15,768.74,2026-08-27,P,763.0,0.14,0.15,451.0,1389.0,0.16,0.1974,-0.0773,0.0358,-0.1409,0.0315,0.0,25099.0,5031.0
2026-08-27 10:25:49,2026-08-27T10:10:15,768.74,2026-08-27,C,764.0,4.91,4.95,27.0,123.0,4.87,0.1861,0.8905,0.0485,-0.2045,0.0403,0.0,1976.0,1924.0
2026-08-27 10:25:49,2026-08-27T10:10:15,768.74,2026-08-27,P,764.0,0.2,0.21,602.0,323.0,0.2,0.1874,-0.1095,0.0485,-0.2045,0.0403,0.0,27938.0,7873.0
2026-08-27 10:25:49,2026-08-27T10:10:15,768.74,2026-08-27,C,765.0,4.01,4.05,79.0,148.0,3.75,0.1788,0.844,0.0646,-0.303,0.0508,0.0,3689.0,4303.0
2026-08-27 10:25:49,2026-08-27T10:10:15,768.74,2026-08-27,P,765.0,0.3,0.31,496.0,316.0,0.3,0.1798,-0.156,0.0646,-0.303,0.0508,0.0,41765.0,5495.0
2026-08-27 10:25:49,2026-08-27T10:10:15,768.74,2026-08-27,C,766.0,3.17,3.2,24.0,186.0,3.18,0.172,0.7793,0.0832,-0.4528,0.0623,0.0,7700.0,5065.0
2026-08-27 10:25:49,2026-08-27T10:10:15,768.74,2026-08-27,P,766.0,0.45,0.46,454.0,377.0,0.46,0.1728,-0.2207,0.0832,-0.4528,0.0623,0.0,45957.0,5339.0
2026-08-27 10:25:49,2026-08-27T10:10:15,768.74,2026-08-27,C,767.0,2.39,2.42,103.0,131.0,2.41,0.1663,0.6938,0.1022,-0.6745,0.0731,0.0,26869.0,6518.0
2026-08-27 10:25:49,2026-08-27T10:10:15,768.74,2026-08-27,P,767.0,0.67,0.68,290.0,64.0,0.68,0.1663,-0.3062,0.1022,-0.6745,0.0731,0.0,79449.0,3089.0
2026-08-27 10:25:49,2026-08-27T10:10:15,768.74,2026-08-27,C,768.0,1.71,1.72,174.0,34.0,1.72,0.1599,0.588,0.1173,-0.9906,0.0806,0.0,73899.0,4522.0
2026-08-27 10:25:49,2026-08-27T10:10:15,768.74,2026-08-27,P,768.0,0.99,1.0,190.0,207.0,0.99,0.1611,-0.412,0.1173,-0.9906,0.0806,0.0,96480.0,2666.0
2026-08-27 10:25:49,2026-08-27T10:10:15,768.74,2026-08-27,C,769.0,1.14,1.15,194.0,155.0,1.15,0.1546,0.4673,0.1238,-1.152,0.0822,0.0,117826.0,7157.0
2026-08-27 10:25:49,2026-08-27T10:10:15,768.74,2026-08-27,P,769.0,1.42,1.43,211.0,45.0,1.44,0.1559,-0.5327,0.1238,-1.152,0.0822,0.0,42278.0,521.0
2026-08-27 10:25:49,2026-08-27T10:10:15,768.74,2026-08-27,C,770.0,0.7,0.71,377.0,280.0,0.71,0.15,0.3429,0.1178,-0.7132,0.0764,0.0,118464.0,7702.0
2026-08-27 10:25:49,2026-08-27T10:10:15,768.74,2026-08-27,P,770.0,1.98,2.0,115.0,36.0,1.99,0.1513,-0.6571,0.1178,-0.7132,0.0764,0.0,12772.0,984.0
2026-08-27 10:25:49,2026-08-27T10:10:15,768.74,2026-08-27,C,771.0,0.4,0.41,379.0,590.0,0.41,0.1475,0.2296,0.0993,-0.4068,0.0638,0.0,86550.0,5376.0
2026-08-27 10:25:49,2026-08-27T10:10:15,768.74,2026-08-27,P,771.0,2.66,2.7,128.0,75.0,2.85,0.1483,-0.7704,0.0993,-0.4068,0.0638,0.0,3508.0,1468.0
2026-08-27 10:25:49,2026-08-27T10:10:15,768.74,2026-08-27,C,772.0,0.21,0.22,999.0,528.0,0.22,0.146,0.1412,0.0739,-0.218,0.0481,0.0,62774.0,4406.0
2026-08-27 10:25:49,2026-08-27T10:10:15,768.74,2026-08-27,P,772.0,3.48,3.51,15.0,26.0,3.76,0.1493,-0.8588,0.0739,-0.218,0.0481,0.0,1677.0,555.0
2026-08-27 10:25:49,2026-08-27T10:10:15,768.74,2026-08-27,C,773.0,0.11,0.12,343.0,1419.0,0.11,0.1451,0.0827,0.0497,-0.1151,0.0335,0.0,31003.0,3955.0
2026-08-27 10:25:49,2026-08-27T10:10:15,768.74,2026-08-27,P,773.0,4.37,4.41,60.0,25.0,4.56,0.1515,-0.9173,0.0497,-0.1151,0.0335,0.0,470.0,1148.0
2026-08-27 10:25:49,2026-08-27T10:10:15,768.74,2026-08-27,C,774.0,0.06,0.07,1101.0,1905.0,0.06,0.1538,0.0486,0.0319,-0.0634,0.0227,0.0,26739.0,9159.0
2026-08-27 10:25:49,2026-08-27T10:10:15,768.74,2026-08-27,P,774.0,5.29,5.53,39.0,44.0,5.5,0.1824,-0.9514,0.0319,-0.0634,0.0227,0.0,451.0,763.0
2026-08-27 10:25:49,2026-08-27T10:10:15,768.74,2026-08-27,C,775.0,0.03,0.04,2402.0,2089.0,0.04,0.1583,0.0304,0.0207,-0.0389,0.0158,0.0,14755.0,8218.0
2026-08-27 10:25:49,2026-08-27T10:10:15,768.74,2026-08-27,P,775.0,6.27,6.44,94.0,74.0,6.62,0.1864,-0.9696,0.0207,-0.0389,0.0158,0.0,486.0,858.0
2026-08-27 10:25:49,2026-08-27T10:10:15,768.74,2026-08-27,C,776.0,0.02,0.03,2077.0,2044.0,0.03,0.1699,0.021,0.0142,-0.0272,0.0117,0.0,8420.0,4528.0
2026-08-27 10:25:49,2026-08-27T10:10:15,768.74,2026-08-27,P,776.0,7.26,8.26,35.0,38.0,7.46,0.3264,-0.979,0.0142,-0.0272,0.0117,0.0,43.0,94.0
2026-08-27 10:25:49,2026-08-27T10:10:15,768.74,2026-08-27,C,777.0,0.02,0.03,663.0,2842.0,0.02,0.1895,0.0158,0.0104,-0.0212,0.0092,0.0,2922.0,4442.0
2026-08-27 10:25:49,2026-08-27T10:10:15,768.74,2026-08-27,P,777.0,8.25,8.5,62.0,147.0,8.08,0.2424,-0.9842,0.0104,-0.0212,0.0092,0.0,92.0,199.0
2026-08-27 10:25:49,2026-08-27T10:10:15,768.74,2026-08-27,C,778.0,0.01,0.02,2278.0,2361.0,0.02,0.1949,0.0129,0.008,-0.0181,0.0077,0.0,2431.0,2468.0
2026-08-27 10:25:49,2026-08-27T10:10:15,768.74,2026-08-27,P,778.0,9.24,9.84,150.0,100.0,9.59,0.3273,-0.9871,0.008,-0.0181,0.0077,0.0,141.0,0.0
2026-08-27 10:25:49,2026-08-27T10:10:15,768.74,2026-08-27,C,779.0,0.01,0.02,2836.0,2558.0,0.02,0.213,0.0111,0.0066,-0.0166,0.0067,0.0,851.0,2257.0
2026-08-27 10:25:49,2026-08-27T10:10:15,768.74,2026-08-27,P,779.0,9.66,11.31,100.0,92.0,9.9,0.3348,-0.9889,0.0066,-0.0166,0.0067,0.0,9.0,0.0
2026-08-27 10:25:49,2026-08-27T10:10:15,768.74,2026-08-27,C,780.0,0.01,0.02,1049.0,2807.0,0.02,0.2309,0.01,0.0055,-0.0158,0.0061,0.0,4518.0,5535.0
2026-08-27 10:25:49,2026-08-27T10:10:15,768.74,2026-08-27,P,780.0,10.95,12.29,100.0,97.0,12.1,0.404,-0.99,0.0055,-0.0158,0.0061,0.0,29.0,1.0
2026-08-27 10:25:49,2026-08-27T10:10:15,768.74,2026-08-27,C,781.0,0.0,0.01,0.0,2037.0,0.01,0.22,0.0092,0.0048,-0.0154,0.0056,0.0,5506.0,1478.0
2026-08-27 10:25:49,2026-08-27T10:10:15,768.74,2026-08-27,P,781.0,11.65,13.3,99.0,128.0,12.73,0.3798,-0.9908,0.0048,-0.0154,0.0056,0.0,2.0,1.0
2026-08-27 10:25:49,2026-08-27T10:10:15,768.74,2026-08-27,C,782.0,0.0,0.01,0.0,2268.0,0.01,0.2359,0.0085,0.0042,-0.0152,0.0052,0.0,249.0,2919.0
2026-08-27 10:25:49,2026-08-27T10:10:15,768.74,2026-08-27,P,782.0,12.52,14.8,151.0,147.0,16.55,0.4684,-0.9915,0.0042,-0.0152,0.0052,0.0,0.0,0.0
2026-08-27 10:25:49,2026-08-27T10:10:15,768.74,2026-08-27,C,783.0,0.0,0.01,0.0,2687.0,0.01,0.2517,0.008,0.0037,-0.015,0.0049,0.0,366.0,1573.0
2026-08-27 10:25:49,2026-08-27T10:10:15,768.74,2026-08-27,P,783.0,13.52,15.8,199.0,194.0,16.79,0.4944,-0.992,0.0037,-0.015,0.0049,0.0,0.0,0.0
2026-08-27 10:25:49,2026-08-27T10:10:15,768.74,2026-08-27,C,784.0,0.0,0.01,0.0,2687.0,0.01,0.2674,0.0075,0.0034,-0.0149,0.0047,0.0,12.0,1820.0
2026-08-27 10:25:49,2026-08-27T10:10:15,768.74,2026-08-27,P,784.0,14.51,16.8,100.0,147.0,18.93,0.5184,-0.9925,0.0034,-0.0149,0.0047,0.0,0.0,0.0
2026-08-27 10:25:49,2026-08-27T10:10:15,768.74,2026-08-27,C,785.0,0.0,0.01,0.0,2687.0,0.01,0.283,0.0071,0.003,-0.0148,0.0044,0.0,12.0,1464.0
2026-08-27 10:25:49,2026-08-27T10:10:15,768.74,2026-08-27,P,785.0,15.51,17.8,32.0,147.0,19.97,0.5436,-0.9929,0.003,-0.0148,0.0044,0.0,0.0,0.0
2026-08-27 10:25:49,2026-08-27T10:10:15,768.74,2026-08-27,C,786.0,0.0,0.01,0.0,2687.0,0.01,0.2984,0.0068,0.0027,-0.0147,0.0042,0.0,448.0,1211.0
2026-08-27 10:25:49,2026-08-27T10:10:15,768.74,2026-08-27,P,786.0,16.51,18.8,32.0,147.0,20.55,0.5686,-0.9932,0.0027,-0.0147,0.0042,0.0,0.0,0.0
2026-08-27 10:25:49,2026-08-27T10:10:15,768.74,2026-08-27,C,787.0,0.0,0.01,0.0,2687.0,0.01,0.3138,0.0064,0.0025,-0.0146,0.004,0.0,12.0,3748.0
2026-08-27 10:25:49,2026-08-27T10:10:15,768.74,2026-08-27,P,787.0,17.95,19.8,32.0,153.0,19.79,0.6629,-0.9936,0.0025,-0.0146,0.004,0.0,10.0,0.0
2026-08-27 10:25:49,2026-08-27T10:10:15,768.74,2026-08-27,C,788.0,0.0,0.01,0.0,2632.0,0.01,0.3291,0.0061,0.0023,-0.0145,0.0038,0.0,106.0,1662.0
2026-08-27 10:25:49,2026-08-27T10:10:15,768.74,2026-08-27,P,788.0,18.89,20.8,33.0,146.0,23.87,0.6802,-0.9939,0.0023,-0.0145,0.0038,0.0,0.0,0.0
2026-08-27 10:25:49,2026-08-27T10:10:15,768.74,2026-08-27,C,789.0,0.0,0.01,0.0,2717.0,0.01,0.3443,0.0059,0.0021,-0.0144,0.0037,0.0,33.0,1705.0
2026-08-27 10:25:49,2026-08-27T10:10:15,768.74,2026-08-27,P,789.0,19.51,21.8,32.0,149.0,22.03,0.6422,-0.9941,0.0021,-0.0144,0.0037,0.0,0.0,0.0
2026-08-27 10:25:49,2026-08-27T10:10:15,768.74,2026-08-27,C,790.0,0.0,0.01,0.0,3015.0,0.01,0.3595,0.0056,0.0019,-0.0143,0.0035,0.0,34.0,294.0
2026-08-27 10:25:49,2026-08-27T10:10:15,768.74,2026-08-27,P,790.0,20.51,22.8,100.0,151.0,21.57,0.6662,-0.9944,0.0019,-0.0143,0.0035,0.0,4.0,2.0
2026-08-27 10:25:49,2026-08-27T10:10:15,768.74,2026-08-27,C,791.0,0.0,0.01,0.0,2218.0,0.01,0.3745,0.0054,0.0018,-0.0142,0.0034,0.0,6.0,479.0
2026-08-27 10:25:49,2026-08-27T10:10:15,768.74,2026-08-27,P,791.0,21.51,23.38,32.0,146.0,23.85,0.5904,-0.9946,0.0018,-0.0142,0.0034,0.0,0.0,0.0
2026-08-27 10:25:49,2026-08-27T10:10:15,768.74,2026-08-27,C,792.0,0.0,0.01,0.0,2218.0,0.01,0.3895,0.0052,0.0017,-0.0142,0.0033,0.0,2.0,563.0
2026-08-27 10:25:49,2026-08-27T10:10:15,768.74,2026-08-27,P,792.0,22.45,24.32,32.0,197.0,26.8,0.5696,-0.9948,0.0017,-0.0142,0.0033,0.0,0.0,0.0
2026-08-27 10:25:49,2026-08-27T10:10:15,768.74,2026-08-27,C,793.0,0.0,0.01,0.0,2218.0,0.02,0.4044,0.005,0.0016,-0.0141,0.0032,0.0,0.0,582.0
2026-08-27 10:25:49,2026-08-27T10:10:15,768.74,2026-08-27,P,793.0,23.15,25.8,32.0,197.0,27.62,0.651,-0.995,0.0016,-0.0141,0.0032,0.0,0.0,0.0
2026-08-27 10:25:49,2026-08-27T10:10:15,768.74,2026-08-27,C,794.0,0.0,0.01,0.0,2218.0,0.01,0.4193,0.0048,0.0015,-0.014,0.003,0.0,0.0,133.0
2026-08-27 10:25:49,2026-08-27T10:10:15,768.74,2026-08-27,P,794.0,24.15,26.8,32.0,198.0,29.84,0.6724,-0.9952,0.0015,-0.014,0.003,0.0,0.0,0.0
2026-08-27 10:25:49,2026-08-27T10:10:15,768.74,2026-08-27,C,795.0,0.0,0.01,0.0,3657.0,0.01,0.4341,0.0046,0.0014,-0.0139,0.0029,0.0,9.0,71.0
2026-08-27 10:25:49,2026-08-27T10:10:15,768.74,2026-08-27,P,795.0,25.15,27.8,32.0,182.0,30.48,0.6938,-0.9954,0.0014,-0.0139,0.0029,0.0,0.0,0.0
2026-08-27 10:25:49,2026-08-27T10:10:15,768.74,2026-08-27,C,796.0,0.0,0.01,0.0,2217.0,0.01,0.4488,0.0045,0.0013,-0.0138,0.0028,0.0,4.0,117.0
2026-08-27 10:25:49,2026-08-27T10:10:15,768.74,2026-08-27,P,796.0,26.15,28.74,32.0,182.0,29.1,0.6954,-0.9955,0.0013,-0.0138,0.0028,0.0,0.0,0.0
2026-08-27 10:25:49,2026-08-27T10:10:15,768.74,2026-08-27,C,797.0,0.0,0.01,0.0,2218.0,0.01,0.4635,0.0043,0.0012,-0.0137,0.0028,0.0,3.0,30.0
2026-08-27 10:25:49,2026-08-27T10:10:15,768.74,2026-08-27,P,797.0,27.15,29.8,32.0,182.0,31.86,0.736,-0.9957,0.0012,-0.0137,0.0028,0.0,0.0,0.0
2026-08-27 10:25:49,2026-08-27T10:10:15,768.74,2026-08-27,C,798.0,0.0,0.01,0.0,2218.0,0.01,0.4781,0.0042,0.0011,-0.0136,0.0027,0.0,0.0,50.0
2026-08-27 10:25:49,2026-08-27T10:10:15,768.74,2026-08-27,P,798.0,28.44,30.32,183.0,183.0,29.66,0.6837,-0.9958,0.0011,-0.0136,0.0027,0.0,1.0,0.0
2026-08-27 10:25:49,2026-08-27T10:10:15,768.74,2026-08-27,C,799.0,0.0,0.01,0.0,2218.0,0.02,0.4926,0.0041,0.0011,-0.0135,0.0026,0.0,0.0,59.0
2026-08-27 10:25:49,2026-08-27T10:10:15,768.74,2026-08-27,P,799.0,29.15,31.74,32.0,32.0,31.53,0.757,-0.9959,0.0011,-0.0135,0.0026,0.0,0.0,0.0
2026-08-27 10:25:49,2026-08-27T10:10:15,768.74,2026-08-27,C,800.0,0.0,0.01,0.0,5498.0,0.01,0.5072,0.004,0.001,-0.0134,0.0025,0.0,0.0,245.0
2026-08-27 10:25:49,2026-08-27T10:10:15,768.74,2026-08-27,P,800.0,30.15,32.8,32.0,32.0,33.4,0.7984,-0.996,0.001,-0.0134,0.0025,0.0,0.0,0.0
2026-08-27 10:25:49,2026-08-27T10:10:15,768.74,2026-08-27,C,801.0,0.0,0.01,0.0,2218.0,0.01,0.5216,0.0038,0.001,-0.0134,0.0024,0.0,0.0,18.0
2026-08-27 10:25:49,2026-08-27T10:10:15,768.74,2026-08-27,P,801.0,30.91,34.01,2.0,13.0,34.58,0.8084,-0.9962,0.001,-0.0134,0.0024,0.0,0.0,0.0
2026-08-27 10:25:49,2026-08-27T10:10:15,768.74,2026-08-27,C,802.0,0.0,0.01,0.0,2218.0,0.01,0.536,0.0037,0.0009,-0.0133,0.0024,0.0,0.0,58.0
2026-08-27 10:25:49,2026-08-27T10:10:15,768.74,2026-08-27,P,802.0,31.91,35.01,2.0,13.0,36.19,0.8287,-0.9963,0.0009,-0.0133,0.0024,0.0,0.0,0.0
2026-08-27 10:25:49,2026-08-27T10:10:15,768.74,2026-08-27,C,803.0,0.0,0.01,0.0,2218.0,0.02,0.5503,0.0036,0.0009,-0.0132,0.0023,0.0,0.0,64.0
2026-08-27 10:25:49,2026-08-27T10:10:15,768.74,2026-08-27,P,803.0,32.76,36.01,2.0,13.0,0.0,0.7845,-0.9964,0.0009,-0.0132,0.0023,0.0,0.0,0.0
2026-08-27 10:25:49,2026-08-27T10:10:15,768.74,2026-08-27,C,804.0,0.0,0.01,0.0,2218.0,0.03,0.5646,0.0035,0.0008,-0.0131,0.0023,0.0,0.0,33.0
2026-08-27 10:25:49,2026-08-27T10:10:15,768.74,2026-08-27,P,804.0,33.91,37.01,2.0,13.0,0.0,0.869,-0.9965,0.0008,-0.0131,0.0023,0.0,0.0,0.0
2026-08-27 10:25:49,2026-08-27T10:10:15,768.74,2026-08-27,C,805.0,0.0,0.01,0.0,2218.0,0.01,0.5789,0.0034,0.0008,-0.013,0.0022,0.0,0.0,315.0
2026-08-27 10:25:49,2026-08-27T10:10:15,768.74,2026-08-27,P,805.0,34.76,38.01,2.0,13.0,39.15,0.8223,-0.9966,0.0008,-0.013,0.0022,0.0,0.0,0.0
2026-08-27 10:25:49,2026-08-27T10:10:15,768.74,2026-08-27,C,806.0,0.0,0.01,0.0,2218.0,0.02,0.5931,0.0033,0.0008,-0.0129,0.0021,0.0,0.0,315.0
2026-08-27 10:25:49,2026-08-27T10:10:15,768.74,2026-08-27,P,806.0,35.85,39.01,2.0,13.0,0.0,0.8843,-0.9967,0.0008,-0.0129,0.0021,0.0,0.0,0.0
2026-08-27 10:25:49,2026-08-27T10:10:15,768.74,2026-08-27,C,807.0,0.0,0.01,0.0,2218.0,0.0,0.6072,0.0032,0.0007,-0.0128,0.0021,0.0,0.0,0.0
2026-08-27 10:25:49,2026-08-27T10:10:15,768.74,2026-08-27,P,807.0,38.14,38.65,1.0,2.0,38.47,0.8543,-0.9968,0.0007,-0.0128,0.0021,0.0,1.0,0.0
2026-08-27 10:30:49,2026-08-27T10:15:14,768.8593,2026-08-27,C,731.0,36.19,39.33,43.0,44.0,34.96,0.8124,0.9967,0.0007,-0.0138,0.0021,0.0,0.0,0.0
2026-08-27 10:30:49,2026-08-27T10:15:14,768.8593,2026-08-27,P,731.0,0.0,0.01,0.0,2693.0,0.02,0.6332,-0.0033,0.0007,-0.0138,0.0021,0.0,0.0,3610.0
2026-08-27 10:30:49,2026-08-27T10:15:14,768.8593,2026-08-27,C,732.0,35.2,38.33,184.0,44.0,33.52,0.8018,0.9966,0.0007,-0.0139,0.0022,0.0,0.0,1.0
2026-08-27 10:30:49,2026-08-27T10:15:14,768.8593,2026-08-27,P,732.0,0.0,0.01,0.0,2693.0,0.03,0.6174,-0.0034,0.0007,-0.0139,0.0022,0.0,0.0,6718.0
2026-08-27 10:30:49,2026-08-27T10:15:14,768.8593,2026-08-27,C,733.0,34.19,37.33,43.0,44.0,33.04,0.7736,0.9965,0.0008,-0.014,0.0022,0.0,0.0,0.0
2026-08-27 10:30:49,2026-08-27T10:15:14,768.8593,2026-08-27,P,733.0,0.0,0.01,0.0,2693.0,0.02,0.6016,-0.0035,0.0008,-0.014,0.0022,0.0,0.0,2383.0
2026-08-27 10:30:49,2026-08-27T10:15:14,768.8593,2026-08-27,C,734.0,33.2,36.33,193.0,44.0,32.39,0.7626,0.9964,0.0008,-0.0142,0.0023,0.0,0.0,1.0
2026-08-27 10:30:49,2026-08-27T10:15:14,768.8593,2026-08-27,P,734.0,0.0,0.01,0.0,2693.0,0.02,0.5858,-0.0036,0.0008,-0.0142,0.0023,0.0,2.0,2467.0
2026-08-27 10:30:49,2026-08-27T10:15:14,768.8593,2026-08-27,C,735.0,33.67,33.88,44.0,44.0,33.3,0.0,0.9963,0.0009,-0.0143,0.0024,0.0,1.0,6.0
2026-08-27 10:30:49,2026-08-27T10:15:14,768.8593,2026-08-27,P,735.0,0.0,0.01,0.0,2693.0,0.01,0.5699,-0.0037,0.0009,-0.0143,0.0024,0.0,15.0,526.0
2026-08-27 10:30:49,2026-08-27T10:15:14,768.8593,2026-08-27,C,736.0,31.2,34.33,187.0,44.0,30.47,0.7233,0.9962,0.0009,-0.0144,0.0024,0.0,0.0,3.0
2026-08-27 10:30:49,2026-08-27T10:15:14,768.8593,2026-08-27,P,736.0,0.0,0.01,0.0,2603.0,0.01,0.5541,-0.0038,0.0009,-0.0144,0.0024,0.0,0.0,227.0
2026-08-27 10:30:49,2026-08-27T10:15:14,768.8593,2026-08-27,C,737.0,30.19,33.33,43.0,44.0,29.89,0.6956,0.996,0.001,-0.0145,0.0025,0.0,0.0,3.0
2026-08-27 10:30:49,2026-08-27T10:15:14,768.8593,2026-08-27,P,737.0,0.0,0.01,0.0,2603.0,0.01,0.5383,-0.004,0.001,-0.0146,0.0025,0.0,10.0,627.0
2026-08-27 10:30:49,2026-08-27T10:15:14,768.8593,2026-08-27,C,738.0,29.2,32.33,187.0,44.0,28.46,0.6839,0.9959,0.001,-0.0147,0.0026,0.0,0.0,2.0
2026-08-27 10:30:49,2026-08-27T10:15:14,768.8593,2026-08-27,P,738.0,0.0,0.01,0.0,2603.0,0.01,0.5224,-0.0041,0.001,-0.0147,0.0026,0.0,137.0,563.0
2026-08-27 10:30:49,2026-08-27T10:15:14,768.8593,2026-08-27,C,739.0,28.19,31.33,50.0,45.0,28.36,0.6564,0.9957,0.0011,-0.0148,0.0027,0.0,1.0,3.0
2026-08-27 10:30:49,2026-08-27T10:15:14,768.8593,2026-08-27,P,739.0,0.0,0.01,0.0,2663.0,0.01,0.5065,-0.0043,0.0011,-0.0148,0.0027,0.0,10.0,378.0
2026-08-27 10:30:49,2026-08-27T10:15:14,768.8593,2026-08-27,C,740.0,27.2,30.33,187.0,44.0,26.78,0.6443,0.9956,0.0012,-0.015,0.0028,0.0,0.0,4.0
2026-08-27 10:30:49,2026-08-27T10:15:14,768.8593,2026-08-27,P,740.0,0.0,0.01,0.0,2664.0,0.01,0.4906,-0.0044,0.0012,-0.015,0.0028,0.0,12.0,1521.0
2026-08-27 10:30:49,2026-08-27T10:15:14,768.8593,2026-08-27,C,741.0,26.21,29.33,43.0,44.0,24.06,0.6313,0.9954,0.0012,-0.0151,0.0029,0.0,0.0,5.0
2026-08-27 10:30:49,2026-08-27T10:15:14,768.8593,2026-08-27,P,741.0,0.0,0.01,0.0,2663.0,0.01,0.4747,-0.0046,0.0012,-0.0151,0.0029,0.0,479.0,686.0
2026-08-27 10:30:49,2026-08-27T10:15:14,768.8593,2026-08-27,C,742.0,25.19,28.31,50.0,45.0,27.0,0.5817,0.9952,0.0013,-0.0153,0.003,0.0,1.0,24.0
2026-08-27 10:30:49,2026-08-27T10:15:14,768.8593,2026-08-27,P,742.0,0.0,0.01,0.0,2692.0,0.01,0.4588,-0.0048,0.0013,-0.0153,0.003,0.0,80.0,680.0
2026-08-27 10:30:49,2026-08-27T10:15:14,768.8593,2026-08-27,C,743.0,24.21,27.31,43.0,44.0,23.21,0.5776,0.995,0.0014,-0.0155,0.0031,0.0,0.0,8.0
2026-08-27 10:30:49,2026-08-27T10:15:14,768.8593,2026-08-27,P,743.0,0.0,0.01,0.0,2692.0,0.01,0.4428,-0.005,0.0014,-0.0155,0.0031,0.0,68.0,580.0
2026-08-27 10:30:49,2026-08-27T10:15:14,768.8593,2026-08-27,C,744.0,23.21,26.31,43.0,44.0,22.7,0.5578,0.9948,0.0015,-0.0157,0.0032,0.0,0.0,24.0
2026-08-27 10:30:49,2026-08-27T10:15:14,768.8593,2026-08-27,P,744.0,0.0,0.01,0.0,2692.0,0.01,0.4268,-0.0052,0.0015,-0.0157,0.0032,0.0,281.0,1156.0
2026-08-27 10:30:49,2026-08-27T10:15:14,768.8593,2026-08-27,C,745.0,22.21,25.31,43.0,44.0,23.29,0.5379,0.9946,0.0016,-0.0159,0.0034,0.0,2.0,16.0
2026-08-27 10:30:49,2026-08-27T10:15:14,768.8593,2026-08-27,P,745.0,0.0,0.01,0.0,2775.0,0.01,0.4108,-0.0054,0.0016,-0.0159,0.0034,0.0,964.0,2626.0
2026-08-27 10:30:49,2026-08-27T10:15:14,768.8593,2026-08-27,C,746.0,21.27,23.92,100.0,154.0,22.4,0.0,0.9943,0.0018,-0.0162,0.0035,0.0,2.0,56.0
2026-08-27 10:30:49,2026-08-27T10:15:14,768.8593,2026-08-27,P,746.0,0.01,0.02,2173.0,2804.0,0.02,0.4408,-0.0057,0.0018,-0.0162,0.0035,0.0,5811.0,5788.0
2026-08-27 10:30:49,2026-08-27T10:15:14,768.8593,2026-08-27,C,747.0,20.21,22.92,100.0,186.0,20.08,0.0,0.994,0.0019,-0.0165,0.0037,0.0,0.0,57.0
2026-08-27 10:30:49,2026-08-27T10:15:14,768.8593,2026-08-27,P,747.0,0.01,0.02,2173.0,2804.0,0.02,0.4232,-0.006,0.0019,-0.0165,0.0037,0.0,10407.0,12314.0
2026-08-27 10:30:49,2026-08-27T10:15:14,768.8593,2026-08-27,C,748.0,19.2,21.01,111.0,43.0,20.54,0.0,0.9936,0.0021,-0.0169,0.0039,0.0,1.0,78.0
2026-08-27 10:30:49,2026-08-27T10:15:14,768.8593,2026-08-27,P,748.0,0.01,0.02,2774.0,2910.0,0.01,0.4056,-0.0064,0.0021,-0.0169,0.0039,0.0,872.0,2141.0
2026-08-27 10:30:49,2026-08-27T10:15:14,768.8593,2026-08-27,C,749.0,18.2,20.92,111.0,196.0,17.94,0.0,0.9932,0.0023,-0.0174,0.0041,0.0,0.0,134.0
2026-08-27 10:30:49,2026-08-27T10:15:14,768.8593,2026-08-27,P,749.0,0.01,0.02,2774.0,2823.0,0.02,0.3878,-0.0068,0.0023,-0.0174,0.0041,0.0,5465.0,957.0
2026-08-27 10:30:49,2026-08-27T10:15:14,768.8593,2026-08-27,C,750.0,18.66,18.89,112.0,24.0,18.51,0.0,0.9928,0.0026,-0.0179,0.0044,0.0,4.0,235.0
2026-08-27 10:30:49,2026-08-27T10:15:14,768.8593,2026-08-27,P,750.0,0.01,0.02,3326.0,3411.0,0.02,0.3701,-0.0072,0.0026,-0.0179,0.0044,0.0,2063.0,7475.0
2026-08-27 10:30:49,2026-08-27T10:15:14,768.8593,2026-08-27,C,751.0,17.67,18.93,44.0,100.0,17.01,0.648,0.9922,0.0029,-0.0186,0.0047,0.0,2.0,51.0
2026-08-27 10:30:49,2026-08-27T10:15:14,768.8593,2026-08-27,P,751.0,0.01,0.02,3372.0,3329.0,0.01,0.3522,-0.0078,0.0029,-0.0186,0.0047,0.0,3285.0,2036.0
2026-08-27 10:30:49,2026-08-27T10:15:14,768.8593,2026-08-27,C,752.0,15.27,17.93,100.0,100.0,16.93,0.0,0.9915,0.0032,-0.0195,0.0051,0.0,2.0,50.0
2026-08-27 10:30:49,2026-08-27T10:15:14,768.8593,2026-08-27,P,752.0,0.01,0.02,3439.0,3302.0,0.02,0.3347,-0.0085,0.0032,-0.0195,0.0051,0.0,3438.0,6184.0
2026-08-27 10:30:49,2026-08-27T10:15:14,768.8593,2026-08-27,C,753.0,15.69,15.89,100.0,44.0,15.55,0.0,0.9907,0.0037,-0.0206,0.0055,0.0,10.0,224.0
2026-08-27 10:30:49,2026-08-27T10:15:14,768.8593,2026-08-27,P,753.0,0.02,0.03,1330.0,3722.0,0.03,0.3368,-0.0093,0.0037,-0.0207,0.0055,0.0,1238.0,1905.0
2026-08-27 10:30:49,2026-08-27T10:15:14,768.8593,2026-08-27,C,754.0,14.68,14.89,125.0,43.0,15.26,0.0,0.9897,0.0043,-0.0221,0.0061,0.0,19.0,155.0
2026-08-27 10:30:49,2026-08-27T10:15:14,768.8593,2026-08-27,P,754.0,0.02,0.03,2065.0,3883.0,0.02,0.3178,-0.0104,0.0043,-0.0222,0.0061,0.0,1065.0,2518.0
2026-08-27 10:30:49,2026-08-27T10:15:14,768.8593,2026-08-27,C,755.0,13.69,13.89,100.0,44.0,13.74,0.0,0.9883,0.005,-0.0241,0.0067,0.0,34.0,243.0
2026-08-27 10:30:49,2026-08-27T10:15:14,768.8593,2026-08-27,P,755.0,0.02,0.03,2713.0,3620.0,0.02,0.2987,-0.0117,0.005,-0.0242,0.0068,0.0,3230.0,6635.0
2026-08-27 10:30:49,2026-08-27T10:15:14,768.8593,2026-08-27,C,756.0,11.73,13.94,112.0,112.0,12.13,0.3641,0.9866,0.0059,-0.0268,0.0076,0.0,2.0,180.0
2026-08-27 10:30:49,2026-08-27T10:15:14,768.8593,2026-08-27,P,756.0,0.02,0.03,3376.0,3487.0,0.03,0.2799,-0.0134,0.0059,-0.0268,0.0076,0.0,8328.0,2466.0
2026-08-27 10:30:49,2026-08-27T10:15:14,768.8593,2026-08-27,C,757.0,11.68,11.89,113.0,43.0,11.6,0.0,0.9842,0.0072,-0.0304,0.0088,0.0,23.0,369.0
2026-08-27 10:30:49,2026-08-27T10:15:14,768.8593,2026-08-27,P,757.0,0.03,0.04,1093.0,3848.0,0.03,0.2728,-0.0158,0.0072,-0.0305,0.0088,0.0,2772.0,2179.0
2026-08-27 10:30:49,2026-08-27T10:15:14,768.8593,2026-08-27,C,758.0,10.69,10.91,140.0,123.0,10.93,0.0,0.981,0.0089,-0.0356,0.0103,0.0,76.0,994.0
2026-08-27 10:30:49,2026-08-27T10:15:14,768.8593,2026-08-27,P,758.0,0.03,0.04,2094.0,3414.0,0.03,0.2526,-0.019,0.0089,-0.0357,0.0103,0.0,7593.0,5271.0
2026-08-27 10:30:49,2026-08-27T10:15:14,768.8593,2026-08-27,C,759.0,9.67,9.91,64.0,44.0,10.0,0.0,0.9765,0.0113,-0.0429,0.0123,0.0,109.0,244.0
2026-08-27 10:30:49,2026-08-27T10:15:14,768.8593,2026-08-27,P,759.0,0.04,0.05,1360.0,3486.0,0.05,0.2414,-0.0236,0.0113,-0.0431,0.0123,0.0,13874.0,5933.0
2026-08-27 10:30:49,2026-08-27T10:15:14,768.8593,2026-08-27,C,760.0,8.72,8.91,72.0,44.0,8.8,0.0,0.97,0.0146,-0.0537,0.015,0.0,973.0,840.0
2026-08-27 10:30:49,2026-08-27T10:15:14,768.8593,2026-08-27,P,760.0,0.05,0.06,1207.0,3132.0,0.05,0.2277,-0.0301,0.0146,-0.054,0.0151,0.0,24621.0,6095.0
2026-08-27 10:30:49,2026-08-27T10:15:14,768.8593,2026-08-27,C,761.0,7.75,7.93,72.0,44.0,7.75,0.1689,0.9605,0.0193,-0.07,0.0187,0.0,149.0,745.0
2026-08-27 10:30:49,2026-08-27T10:15:14,768.8593,2026-08-27,P,761.0,0.06,0.07,1845.0,2064.0,0.07,0.2119,-0.0397,0.0194,-0.0703,0.0188,0.0,30000.0,2929.0
2026-08-27 10:30:49,2026-08-27T10:15:14,768.8593,2026-08-27,C,762.0,6.77,6.96,72.0,112.0,6.88,0.1806,0.9462,0.0261,-0.095,0.0238,0.0,523.0,690.0
2026-08-27 10:30:49,2026-08-27T10:15:14,768.8593,2026-08-27,P,762.0,0.08,0.09,1629.0,1327.0,0.09,0.2042,-0.0538,0.0261,-0.095,0.0238,0.0,31829.0,3422.0
2026-08-27 10:30:49,2026-08-27T10:15:14,768.8593,2026-08-27,C,763.0,5.93,5.96,37.0,50.0,5.84,0.1946,0.925,0.0355,-0.1338,0.0306,0.0,1148.0,1330.0
2026-08-27 10:30:49,2026-08-27T10:15:14,768.8593,2026-08-27,P,763.0,0.12,0.13,516.0,2484.0,0.14,0.1946,-0.075,0.0355,-0.1338,0.0306,0.0,31155.0,5031.0
2026-08-27 10:30:49,2026-08-27T10:15:14,768.8593,2026-08-27,C,764.0,4.98,5.02,97.0,44.0,4.94,0.1853,0.8933,0.0484,-0.1948,0.0394,0.0,2070.0,1924.0
2026-08-27 10:30:49,2026-08-27T10:15:14,768.8593,2026-08-27,P,764.0,0.18,0.19,269.0,2079.0,0.19,0.1853,-0.1067,0.0484,-0.1948,0.0394,0.0,29051.0,7873.0
2026-08-27 10:30:49,2026-08-27T10:15:14,768.8593,2026-08-27,C,765.0,4.09,4.11,40.0,8.0,3.95,0.1772,0.8471,0.065,-0.29,0.0499,0.0,3752.0,4303.0
2026-08-27 10:30:49,2026-08-27T10:15:14,768.8593,2026-08-27,P,765.0,0.26,0.27,902.0,422.0,0.27,0.1761,-0.1529,0.065,-0.29,0.0499,0.0,44800.0,5495.0
2026-08-27 10:30:49,2026-08-27T10:15:14,768.8593,2026-08-27,C,766.0,3.22,3.25,43.0,58.0,3.25,0.1706,0.782,0.0844,-0.4363,0.0615,0.0,8000.0,5065.0
2026-08-27 10:30:49,2026-08-27T10:15:14,768.8593,2026-08-27,P,766.0,0.4,0.41,542.0,332.0,0.41,0.1698,-0.218,0.0844,-0.4363,0.0615,0.0,48403.0,5339.0
2026-08-27 10:30:49,2026-08-27T10:15:14,768.8593,2026-08-27,C,767.0,2.43,2.46,89.0,27.0,2.36,0.1636,0.6952,0.1043,-0.6552,0.0725,0.0,27565.0,6518.0
2026-08-27 10:30:49,2026-08-27T10:15:14,768.8593,2026-08-27,P,767.0,0.61,0.62,280.0,314.0,0.62,0.1636,-0.3048,0.1043,-0.6552,0.0725,0.0,83380.0,3089.0
2026-08-27 10:30:49,2026-08-27T10:15:14,768.8593,2026-08-27,C,768.0,1.74,1.75,88.0,42.0,1.75,0.1578,0.587,0.1202,-0.9705,0.0801,0.0,78165.0,4522.0
2026-08-27 10:30:49,2026-08-27T10:15:14,768.8593,2026-08-27,P,768.0,0.91,0.92,8.0,245.0,0.91,0.1572,-0.413,0.1202,-0.9705,0.0801,0.0,105802.0,2666.0
2026-08-27 10:30:49,2026-08-27T10:15:14,768.8593,2026-08-27,C,769.0,1.15,1.16,124.0,213.0,1.17,0.1522,0.4633,0.1268,-1.1092,0.0816,0.0,127987.0,7157.0
2026-08-27 10:30:49,2026-08-27T10:15:14,768.8593,2026-08-27,P,769.0,1.32,1.33,268.0,10.0,1.31,0.1516,-0.5367,0.1268,-1.1092,0.0816,0.0,46348.0,521.0
2026-08-27 10:30:49,2026-08-27T10:15:14,768.8593,2026-08-27,C,770.0,0.7,0.71,320.0,471.0,0.7,0.1481,0.3361,0.1198,-0.6768,0.0753,0.0,131070.0,7702.0
2026-08-27 10:30:49,2026-08-27T10:15:14,768.8593,2026-08-27,P,770.0,1.87,1.88,73.0,3.0,1.87,0.1474,-0.6639,0.1198,-0.6768,0.0753,0.0,13587.0,984.0
2026-08-27 10:30:49,2026-08-27T10:15:14,768.8593,2026-08-27,C,771.0,0.39,0.4,449.0,416.0,0.39,0.1446,0.2218,0.0997,-0.38,0.0623,0.0,90719.0,5376.0
2026-08-27 10:30:49,2026-08-27T10:15:14,768.8593,2026-08-27,P,771.0,2.55,2.58,115.0,110.0,2.56,0.1437,-0.7782,0.0997,-0.38,0.0623,0.0,4008.0,1468.0
2026-08-27 10:30:49,2026-08-27T10:15:14,768.8593,2026-08-27,C,772.0,0.2,0.21,1830.0,331.0,0.21,0.1433,0.1345,0.0729,-0.2012,0.0463,0.0,66453.0,4406.0
2026-08-27 10:30:49,2026-08-27T10:15:14,768.8593,2026-08-27,P,772.0,3.37,3.41,43.0,115.0,3.37,0.1433,-0.8655,0.0729,-0.2012,0.0463,0.0,1783.0,555.0
2026-08-27 10:30:49,2026-08-27T10:15:14,768.8593,2026-08-27,C,773.0,0.1,0.11,2269.0,546.0,0.1,0.1467,0.078,0.0484,-0.1057,0.032,0.0,35310.0,3955.0
2026-08-27 10:30:49,2026-08-27T10:15:14,768.8593,2026-08-27,P,773.0,4.26,4.29,28.0,36.0,4.46,0.1633,-0.922,0.0484,-0.1057,0.032,0.0,546.0,1148.0
2026-08-27 10:30:49,2026-08-27T10:15:14,768.8593,2026-08-27,C,774.0,0.06,0.07,1254.0,3360.0,0.06,0.1558,0.0453,0.0305,-0.0578,0.0214,0.0,27725.0,9159.0
2026-08-27 10:30:49,2026-08-27T10:15:14,768.8593,2026-08-27,P,774.0,5.19,5.39,64.0,72.0,5.44,0.174,-0.9544,0.0307,-0.0582,0.0215,0.0,455.0,763.0
2026-08-27 10:30:49,2026-08-27T10:15:14,768.8593,2026-08-27,C,775.0,0.03,0.04,2528.0,2796.0,0.04,0.1601,0.0286,0.0198,-0.0359,0.0149,0.0,15555.0,8218.0
2026-08-27 10:30:49,2026-08-27T10:15:14,768.8593,2026-08-27,P,775.0,6.17,6.31,43.0,66.0,6.33,0.17,-0.9712,0.0199,-0.0361,0.015,0.0,548.0,858.0
2026-08-27 10:30:49,2026-08-27T10:15:14,768.8593,2026-08-27,C,776.0,0.02,0.03,2466.0,2766.0,0.02,0.1718,0.02,0.0137,-0.0255,0.0111,0.0,8505.0,4528.0
2026-08-27 10:30:49,2026-08-27T10:15:14,768.8593,2026-08-27,P,776.0,7.03,8.31,60.0,66.0,7.46,0.3032,-0.98,0.0137,-0.0256,0.0112,0.0,43.0,94.0
2026-08-27 10:30:49,2026-08-27T10:15:14,768.8593,2026-08-27,C,777.0,0.02,0.03,155.0,2887.0,0.03,0.1915,0.0152,0.01,-0.0202,0.0088,0.0,3072.0,4442.0
2026-08-27 10:30:49,2026-08-27T10:15:14,768.8593,2026-08-27,P,777.0,8.14,8.37,106.0,123.0,8.22,0.2232,-0.9848,0.0101,-0.0202,0.0088,0.0,95.0,199.0
2026-08-27 10:30:49,2026-08-27T10:15:14,768.8593,2026-08-27,C,778.0,0.01,0.02,2799.0,2902.0,0.02,0.1969,0.0125,0.0078,-0.0175,0.0074,0.0,2541.0,2468.0
2026-08-27 10:30:49,2026-08-27T10:15:14,768.8593,2026-08-27,P,778.0,8.69,10.31,91.0,80.0,9.59,0.3089,-0.9875,0.0079,-0.0175,0.0074,0.0,141.0,0.0
2026-08-27 10:30:49,2026-08-27T10:15:14,768.8593,2026-08-27,C,779.0,0.01,0.02,3799.0,2938.0,0.02,0.2151,0.0109,0.0064,-0.0162,0.0066,0.0,854.0,2257.0
2026-08-27 10:30:49,2026-08-27T10:15:14,768.8593,2026-08-27,P,779.0,9.1,11.31,52.0,104.0,9.9,0.0,-0.9891,0.0064,-0.0162,0.0066,0.0,9.0,0.0
2026-08-27 10:30:49,2026-08-27T10:15:14,768.8593,2026-08-27,C,780.0,0.01,0.02,1606.0,2898.0,0.01,0.2331,0.0098,0.0054,-0.0155,0.006,0.0,4652.0,5535.0
2026-08-27 10:30:49,2026-08-27T10:15:14,768.8593,2026-08-27,P,780.0,10.1,12.31,81.0,107.0,12.1,0.0,-0.9902,0.0055,-0.0155,0.006,0.0,29.0,1.0
2026-08-27 10:30:49,2026-08-27T10:15:14,768.8593,2026-08-27,C,781.0,0.0,0.01,0.0,2777.0,0.01,0.2221,0.009,0.0047,-0.0152,0.0055,0.0,5631.0,1478.0
2026-08-27 10:30:49,2026-08-27T10:15:14,768.8593,2026-08-27,P,781.0,11.1,13.0,81.0,154.0,12.14,0.0,-0.991,0.0047,-0.0152,0.0055,0.0,3.0,1.0
2026-08-27 10:30:49,2026-08-27T10:15:14,768.8593,2026-08-27,C,782.0,0.0,0.01,0.0,2778.0,0.02,0.2381,0.0084,0.0042,-0.015,0.0052,0.0,250.0,2919.0
2026-08-27 10:30:49,2026-08-27T10:15:14,768.8593,2026-08-27,P,782.0,12.1,14.82,111.0,177.0,16.55,0.3891,-0.9916,0.0042,-0.015,0.0052,0.0,0.0,0.0
2026-08-27 10:30:49,2026-08-27T10:15:14,768.8593,2026-08-27,C,783.0,0.0,0.01,0.0,2687.0,0.01,0.254,0.0079,0.0037,-0.0148,0.0048,0.0,366.0,1573.0
2026-08-27 10:30:49,2026-08-27T10:15:14,768.8593,2026-08-27,P,783.0,13.09,15.82,100.0,164.0,16.79,0.4096,-0.9921,0.0037,-0.0148,0.0048,0.0,0.0,0.0
2026-08-27 10:30:49,2026-08-27T10:15:14,768.8593,2026-08-27,C,784.0,0.0,0.01,0.0,2687.0,0.01,0.2697,0.0074,0.0033,-0.0147,0.0046,0.0,12.0,1820.0
2026-08-27 10:30:49,2026-08-27T10:15:14,768.8593,2026-08-27,P,784.0,14.09,16.82,100.0,164.0,18.93,0.4323,-0.9926,0.0033,-0.0147,0.0046,0.0,0.0,0.0
2026-08-27 10:30:49,2026-08-27T10:15:14,768.8593,2026-08-27,C,785.0,0.0,0.01,0.0,2687.0,0.01,0.2854,0.007,0.003,-0.0146,0.0044,0.0,12.0,1464.0
2026-08-27 10:30:49,2026-08-27T10:15:14,768.8593,2026-08-27,P,785.0,15.09,17.82,100.0,197.0,19.97,0.4548,-0.993,0.003,-0.0146,0.0044,0.0,0.0,0.0
2026-08-27 10:30:49,2026-08-27T10:15:14,768.8593,2026-08-27,C,786.0,0.0,0.01,0.0,2687.0,0.01,0.301,0.0067,0.0027,-0.0145,0.0041,0.0,448.0,1211.0
2026-08-27 10:30:49,2026-08-27T10:15:14,768.8593,2026-08-27,P,786.0,16.09,18.82,100.0,177.0,20.55,0.477,-0.9933,0.0027,-0.0145,0.0041,0.0,0.0,0.0
2026-08-27 10:30:49,2026-08-27T10:15:14,768.8593,2026-08-27,C,787.0,0.0,0.01,0.0,2687.0,0.01,0.3164,0.0064,0.0025,-0.0144,0.004,0.0,12.0,3748.0
2026-08-27 10:30:49,2026-08-27T10:15:14,768.8593,2026-08-27,P,787.0,17.95,19.82,43.0,148.0,19.79,0.6636,-0.9936,0.0025,-0.0144,0.004,0.0,10.0,0.0
2026-08-27 10:30:49,2026-08-27T10:15:14,768.8593,2026-08-27,C,788.0,0.0,0.01,0.0,2692.0,0.01,0.3318,0.0061,0.0023,-0.0143,0.0038,0.0,106.0,1662.0
2026-08-27 10:30:49,2026-08-27T10:15:14,768.8593,2026-08-27,P,788.0,18.89,20.81,43.0,100.0,23.87,0.6793,-0.9939,0.0023,-0.0143,0.0038,0.0,0.0,0.0
2026-08-27 10:30:49,2026-08-27T10:15:14,768.8593,2026-08-27,C,789.0,0.0,0.01,0.0,2717.0,0.01,0.3471,0.0058,0.0021,-0.0142,0.0036,0.0,34.0,1705.0
2026-08-27 10:30:49,2026-08-27T10:15:14,768.8593,2026-08-27,P,789.0,19.09,21.81,100.0,100.0,22.03,0.5394,-0.9942,0.0021,-0.0142,0.0036,0.0,0.0,0.0
2026-08-27 10:30:49,2026-08-27T10:15:14,768.8593,2026-08-27,C,790.0,0.0,0.01,0.0,3015.0,0.01,0.3624,0.0056,0.0019,-0.0141,0.0035,0.0,34.0,294.0
2026-08-27 10:30:49,2026-08-27T10:15:14,768.8593,2026-08-27,P,790.0,20.09,22.81,100.0,100.0,21.57,0.5609,-0.9944,0.0019,-0.0141,0.0035,0.0,4.0,2.0
2026-08-27 10:30:49,2026-08-27T10:15:14,768.8593,2026-08-27,C,791.0,0.0,0.01,0.0,2718.0,0.01,0.3775,0.0053,0.0018,-0.014,0.0033,0.0,6.0,479.0
2026-08-27 10:30:49,2026-08-27T10:15:14,768.8593,2026-08-27,P,791.0,21.09,23.81,49.0,100.0,23.85,0.5821,-0.9947,0.0018,-0.014,0.0033,0.0,0.0,0.0
2026-08-27 10:30:49,2026-08-27T10:15:14,768.8593,2026-08-27,C,792.0,0.0,0.01,0.0,2718.0,0.01,0.3926,0.0051,0.0017,-0.014,0.0032,0.0,2.0,563.0
2026-08-27 10:30:49,2026-08-27T10:15:14,768.8593,2026-08-27,P,792.0,22.03,24.81,43.0,43.0,26.8,0.5817,-0.9949,0.0017,-0.014,0.0032,0.0,0.0,0.0
2026-08-27 10:30:49,2026-08-27T10:15:14,768.8593,2026-08-27,C,793.0,0.0,0.01,0.0,2718.0,0.02,0.4076,0.0049,0.0015,-0.0139,0.0031,0.0,0.0,582.0
2026-08-27 10:30:49,2026-08-27T10:15:14,768.8593,2026-08-27,P,793.0,22.7,25.81,44.0,43.0,27.62,0.0,-0.9951,0.0016,-0.0139,0.0031,0.0,0.0,0.0
2026-08-27 10:30:49,2026-08-27T10:15:14,768.8593,2026-08-27,C,794.0,0.0,0.01,0.0,2718.0,0.01,0.4226,0.0048,0.0014,-0.0138,0.003,0.0,0.0,133.0
2026-08-27 10:30:49,2026-08-27T10:15:14,768.8593,2026-08-27,P,794.0,23.7,26.81,44.0,43.0,29.84,0.0,-0.9952,0.0014,-0.0138,0.003,0.0,0.0,0.0
2026-08-27 10:30:49,2026-08-27T10:15:14,768.8593,2026-08-27,C,795.0,0.0,0.01,0.0,3520.0,0.01,0.4375,0.0046,0.0014,-0.0137,0.0029,0.0,9.0,71.0
2026-08-27 10:30:49,2026-08-27T10:15:14,768.8593,2026-08-27,P,795.0,24.7,27.81,44.0,43.0,30.48,0.0,-0.9954,0.0014,-0.0137,0.0029,0.0,0.0,0.0
2026-08-27 10:30:49,2026-08-27T10:15:14,768.8593,2026-08-27,C,796.0,0.0,0.01,0.0,2217.0,0.01,0.4523,0.0044,0.0013,-0.0136,0.0028,0.0,4.0,117.0
2026-08-27 10:30:49,2026-08-27T10:15:14,768.8593,2026-08-27,P,796.0,25.7,28.81,44.0,43.0,29.1,0.0,-0.9956,0.0013,-0.0136,0.0028,0.0,0.0,0.0
2026-08-27 10:30:49,2026-08-27T10:15:14,768.8593,2026-08-27,C,797.0,0.0,0.01,0.0,2218.0,0.01,0.467,0.0043,0.0012,-0.0135,0.0027,0.0,3.0,30.0
2026-08-27 10:30:49,2026-08-27T10:15:14,768.8593,2026-08-27,P,797.0,26.7,29.81,44.0,43.0,31.86,0.0,-0.9957,0.0012,-0.0135,0.0027,0.0,0.0,0.0
2026-08-27 10:30:49,2026-08-27T10:15:14,768.8593,2026-08-27,C,798.0,0.0,0.01,0.0,2218.0,0.01,0.4818,0.0042,0.0011,-0.0134,0.0026,0.0,0.0,50.0
2026-08-27 10:30:49,2026-08-27T10:15:14,768.8593,2026-08-27,P,798.0,28.44,30.32,175.0,175.0,29.66,0.6629,-0.9958,0.0011,-0.0134,0.0026,0.0,1.0,0.0
2026-08-27 10:30:49,2026-08-27T10:15:14,768.8593,2026-08-27,C,799.0,0.0,0.01,0.0,2218.0,0.02,0.4964,0.004,0.0011,-0.0133,0.0026,0.0,0.0,59.0
2026-08-27 10:30:49,2026-08-27T10:15:14,768.8593,2026-08-27,P,799.0,28.7,31.81,44.0,43.0,31.53,0.0,-0.996,0.0011,-0.0133,0.0026,0.0,0.0,0.0
2026-08-27 10:30:49,2026-08-27T10:15:14,768.8593,2026-08-27,C,800.0,0.0,0.01,0.0,5292.0,0.01,0.511,0.0039,0.001,-0.0132,0.0025,0.0,0.0,245.0
2026-08-27 10:30:49,2026-08-27T10:15:14,768.8593,2026-08-27,P,800.0,29.92,32.83,43.0,43.0,33.4,0.6946,-0.9961,0.001,-0.0132,0.0025,0.0,0.0,0.0
2026-08-27 10:30:49,2026-08-27T10:15:14,768.8593,2026-08-27,C,801.0,0.0,0.01,0.0,2218.0,0.01,0.5255,0.0038,0.001,-0.0132,0.0024,0.0,0.0,18.0
2026-08-27 10:30:49,2026-08-27T10:15:14,768.8593,2026-08-27,P,801.0,30.91,34.01,15.0,15.0,34.58,0.7955,-0.9962,0.001,-0.0132,0.0024,0.0,0.0,0.0
2026-08-27 10:30:49,2026-08-27T10:15:14,768.8593,2026-08-27,C,802.0,0.0,0.01,0.0,2218.0,0.01,0.54,0.0037,0.0009,-0.0131,0.0023,0.0,0.0,58.0
2026-08-27 10:30:49,2026-08-27T10:15:14,768.8593,2026-08-27,P,802.0,31.91,35.01,15.0,15.0,36.19,0.8156,-0.9963,0.0009,-0.0131,0.0023,0.0,0.0,0.0
2026-08-27 10:30:49,2026-08-27T10:15:14,768.8593,2026-08-27,C,803.0,0.0,0.01,0.0,2218.0,0.02,0.5544,0.0036,0.0009,-0.013,0.0023,0.0,0.0,64.0
2026-08-27 10:30:49,2026-08-27T10:15:14,768.8593,2026-08-27,P,803.0,32.7,36.01,2.0,13.0,0.0,0.7216,-0.9964,0.0009,-0.013,0.0023,0.0,0.0,0.0
2026-08-27 10:30:49,2026-08-27T10:15:14,768.8593,2026-08-27,C,804.0,0.0,0.01,0.0,2218.0,0.03,0.5688,0.0035,0.0008,-0.0129,0.0022,0.0,0.0,33.0
2026-08-27 10:30:49,2026-08-27T10:15:14,768.8593,2026-08-27,P,804.0,33.91,37.01,2.0,13.0,0.0,0.8554,-0.9965,0.0008,-0.0129,0.0022,0.0,0.0,0.0
2026-08-27 10:30:49,2026-08-27T10:15:14,768.8593,2026-08-27,C,805.0,0.0,0.01,0.0,2218.0,0.01,0.5831,0.0034,0.0008,-0.0128,0.0022,0.0,0.0,315.0
2026-08-27 10:30:49,2026-08-27T10:15:14,768.8593,2026-08-27,P,805.0,34.7,38.01,2.0,13.0,39.15,0.7572,-0.9966,0.0008,-0.0128,0.0022,0.0,0.0,0.0
2026-08-27 10:30:49,2026-08-27T10:15:14,768.8593,2026-08-27,C,806.0,0.0,0.01,0.0,2218.0,0.02,0.5974,0.0033,0.0007,-0.0127,0.0021,0.0,0.0,315.0
2026-08-27 10:30:49,2026-08-27T10:15:14,768.8593,2026-08-27,P,806.0,35.85,39.01,2.0,13.0,0.0,0.8676,-0.9967,0.0007,-0.0127,0.0021,0.0,0.0,0.0
2026-08-27 10:30:49,2026-08-27T10:15:14,768.8593,2026-08-27,C,807.0,0.0,0.01,0.0,2218.0,0.0,0.6117,0.0032,0.0007,-0.0127,0.002,0.0,0.0,0.0
2026-08-27 10:30:49,2026-08-27T10:15:14,768.8593,2026-08-27,P,807.0,37.63,38.32,2.0,1.0,38.47,0.0,-0.9968,0.0007,-0.0127,0.002,0.0,1.0,0.0
2026-08-27 10:35:50,2026-08-27T10:20:14,769.28,2026-08-27,C,731.0,36.57,39.33,49.0,49.0,34.96,0.0,0.9967,0.0007,-0.0139,0.0021,0.0,0.0,0.0
2026-08-27 10:35:50,2026-08-27T10:20:14,769.28,2026-08-27,P,731.0,0.0,0.01,0.0,2693.0,0.02,0.6466,-0.0033,0.0007,-0.0139,0.0021,0.0,0.0,3610.0
2026-08-27 10:35:50,2026-08-27T10:20:14,769.28,2026-08-27,C,732.0,35.57,38.33,49.0,49.0,33.52,0.0,0.9966,0.0007,-0.014,0.0021,0.0,0.0,1.0
2026-08-27 10:35:50,2026-08-27T10:20:14,769.28,2026-08-27,P,732.0,0.0,0.01,0.0,2693.0,0.03,0.6307,-0.0034,0.0007,-0.014,0.0021,0.0,0.0,6718.0
2026-08-27 10:35:50,2026-08-27T10:20:14,769.28,2026-08-27,C,733.0,34.57,37.33,49.0,49.0,33.04,0.0,0.9965,0.0008,-0.0141,0.0022,0.0,0.0,0.0
2026-08-27 10:35:50,2026-08-27T10:20:14,769.28,2026-08-27,P,733.0,0.0,0.01,0.0,2693.0,0.02,0.6148,-0.0035,0.0008,-0.0141,0.0022,0.0,0.0,2383.0
2026-08-27 10:35:50,2026-08-27T10:20:14,769.28,2026-08-27,C,734.0,33.57,36.33,49.0,49.0,32.39,0.0,0.9964,0.0008,-0.0142,0.0022,0.0,0.0,1.0
2026-08-27 10:35:50,2026-08-27T10:20:14,769.28,2026-08-27,P,734.0,0.0,0.01,0.0,2693.0,0.02,0.5989,-0.0036,0.0008,-0.0142,0.0022,0.0,2.0,2467.0
2026-08-27 10:35:50,2026-08-27T10:20:14,769.28,2026-08-27,C,735.0,34.15,34.34,50.0,45.0,33.3,0.0,0.9963,0.0008,-0.0143,0.0023,0.0,1.0,6.0
2026-08-27 10:35:50,2026-08-27T10:20:14,769.28,2026-08-27,P,735.0,0.0,0.01,0.0,2603.0,0.01,0.583,-0.0037,0.0008,-0.0143,0.0023,0.0,15.0,526.0
2026-08-27 10:35:50,2026-08-27T10:20:14,769.28,2026-08-27,C,736.0,31.57,34.33,49.0,49.0,30.47,0.0,0.9962,0.0009,-0.0145,0.0024,0.0,0.0,3.0
2026-08-27 10:35:50,2026-08-27T10:20:14,769.28,2026-08-27,P,736.0,0.0,0.01,0.0,2603.0,0.01,0.5671,-0.0038,0.0009,-0.0145,0.0024,0.0,0.0,227.0
2026-08-27 10:35:50,2026-08-27T10:20:14,769.28,2026-08-27,C,737.0,30.57,33.33,49.0,44.0,29.89,0.0,0.9961,0.0009,-0.0146,0.0025,0.0,0.0,3.0
2026-08-27 10:35:50,2026-08-27T10:20:14,769.28,2026-08-27,P,737.0,0.0,0.01,0.0,2603.0,0.01,0.5511,-0.0039,0.0009,-0.0146,0.0025,0.0,10.0,627.0
2026-08-27 10:35:50,2026-08-27T10:20:14,769.28,2026-08-27,C,738.0,29.57,32.33,49.0,44.0,28.46,0.0,0.9959,0.001,-0.0147,0.0025,0.0,0.0,2.0
2026-08-27 10:35:50,2026-08-27T10:20:14,769.28,2026-08-27,P,738.0,0.0,0.01,0.0,2603.0,0.01,0.5352,-0.0041,0.001,-0.0147,0.0025,0.0,137.0,563.0
2026-08-27 10:35:50,2026-08-27T10:20:14,769.28,2026-08-27,C,739.0,28.57,31.33,50.0,45.0,28.36,0.0,0.9958,0.001,-0.0149,0.0026,0.0,1.0,3.0
2026-08-27 10:35:50,2026-08-27T10:20:14,769.28,2026-08-27,P,739.0,0.0,0.01,0.0,2663.0,0.01,0.5192,-0.0042,0.001,-0.0149,0.0026,0.0,10.0,378.0
2026-08-27 10:35:50,2026-08-27T10:20:14,769.28,2026-08-27,C,740.0,27.57,30.33,49.0,44.0,26.78,0.0,0.9956,0.0011,-0.015,0.0027,0.0,0.0,4.0
2026-08-27 10:35:50,2026-08-27T10:20:14,769.28,2026-08-27,P,740.0,0.0,0.01,0.0,2664.0,0.01,0.5032,-0.0044,0.0011,-0.015,0.0027,0.0,12.0,1521.0
2026-08-27 10:35:50,2026-08-27T10:20:14,769.28,2026-08-27,C,741.0,26.57,29.33,49.0,44.0,24.06,0.0,0.9955,0.0012,-0.0152,0.0028,0.0,0.0,5.0
2026-08-27 10:35:50,2026-08-27T10:20:14,769.28,2026-08-27,P,741.0,0.0,0.01,0.0,2663.0,0.01,0.4872,-0.0045,0.0012,-0.0152,0.0028,0.0,485.0,686.0
2026-08-27 10:35:50,2026-08-27T10:20:14,769.28,2026-08-27,C,742.0,25.57,28.31,50.0,50.0,27.0,0.0,0.9953,0.0013,-0.0153,0.0029,0.0,1.0,24.0
2026-08-27 10:35:50,2026-08-27T10:20:14,769.28,2026-08-27,P,742.0,0.0,0.01,0.0,2662.0,0.01,0.4712,-0.0047,0.0013,-0.0153,0.0029,0.0,82.0,680.0
2026-08-27 10:35:50,2026-08-27T10:20:14,769.28,2026-08-27,C,743.0,24.57,27.31,49.0,49.0,23.21,0.0,0.9951,0.0014,-0.0155,0.003,0.0,0.0,8.0
2026-08-27 10:35:50,2026-08-27T10:20:14,769.28,2026-08-27,P,743.0,0.0,0.01,0.0,2692.0,0.01,0.4552,-0.0049,0.0014,-0.0155,0.003,0.0,75.0,580.0
2026-08-27 10:35:50,2026-08-27T10:20:14,769.28,2026-08-27,C,744.0,23.57,26.31,49.0,49.0,22.7,0.0,0.9949,0.0015,-0.0156,0.0031,0.0,0.0,24.0
2026-08-27 10:35:50,2026-08-27T10:20:14,769.28,2026-08-27,P,744.0,0.0,0.01,0.0,2692.0,0.01,0.4391,-0.0051,0.0015,-0.0156,0.0031,0.0,283.0,1156.0
2026-08-27 10:35:50,2026-08-27T10:20:14,769.28,2026-08-27,C,745.0,22.57,25.31,49.0,49.0,23.29,0.0,0.9947,0.0016,-0.0158,0.0033,0.0,2.0,16.0
2026-08-27 10:35:50,2026-08-27T10:20:14,769.28,2026-08-27,P,745.0,0.0,0.01,0.0,2775.0,0.01,0.423,-0.0053,0.0016,-0.0158,0.0033,0.0,1109.0,2626.0
2026-08-27 10:35:50,2026-08-27T10:20:14,769.28,2026-08-27,C,746.0,21.57,23.92,50.0,176.0,22.4,0.0,0.9944,0.0017,-0.0161,0.0034,0.0,2.0,56.0
2026-08-27 10:35:50,2026-08-27T10:20:14,769.28,2026-08-27,P,746.0,0.01,0.02,2177.0,2988.0,0.02,0.4542,-0.0056,0.0017,-0.0161,0.0034,0.0,6118.0,5788.0
2026-08-27 10:35:50,2026-08-27T10:20:14,769.28,2026-08-27,C,747.0,20.58,22.92,146.0,147.0,20.08,0.0,0.9942,0.0018,-0.0163,0.0036,0.0,0.0,57.0
2026-08-27 10:35:50,2026-08-27T10:20:14,769.28,2026-08-27,P,747.0,0.01,0.02,2177.0,2992.0,0.02,0.4365,-0.0058,0.0018,-0.0163,0.0036,0.0,10435.0,12314.0
2026-08-27 10:35:50,2026-08-27T10:20:14,769.28,2026-08-27,C,748.0,20.86,21.36,165.0,158.0,20.54,0.0,0.9939,0.002,-0.0166,0.0038,0.0,1.0,78.0
2026-08-27 10:35:50,2026-08-27T10:20:14,769.28,2026-08-27,P,748.0,0.01,0.02,2425.0,3630.0,0.02,0.4187,-0.0061,0.002,-0.0166,0.0038,0.0,1054.0,2141.0
2026-08-27 10:35:50,2026-08-27T10:20:14,769.28,2026-08-27,C,749.0,18.58,20.92,149.0,154.0,17.94,0.0,0.9935,0.0022,-0.017,0.0039,0.0,0.0,134.0
2026-08-27 10:35:50,2026-08-27T10:20:14,769.28,2026-08-27,P,749.0,0.01,0.02,2752.0,3555.0,0.01,0.4009,-0.0065,0.0022,-0.017,0.0039,0.0,5466.0,957.0
2026-08-27 10:35:50,2026-08-27T10:20:14,769.28,2026-08-27,C,750.0,19.16,19.34,181.0,128.0,18.51,0.0,0.9931,0.0024,-0.0174,0.0042,0.0,4.0,235.0
2026-08-27 10:35:50,2026-08-27T10:20:14,769.28,2026-08-27,P,750.0,0.01,0.02,3281.0,3463.0,0.01,0.3831,-0.0069,0.0024,-0.0174,0.0042,0.0,2064.0,7475.0
2026-08-27 10:35:50,2026-08-27T10:20:14,769.28,2026-08-27,C,751.0,18.17,18.93,151.0,135.0,17.01,0.5606,0.9926,0.0027,-0.0179,0.0044,0.0,2.0,51.0
2026-08-27 10:35:50,2026-08-27T10:20:14,769.28,2026-08-27,P,751.0,0.01,0.02,3288.0,3384.0,0.01,0.3652,-0.0074,0.0027,-0.0179,0.0044,0.0,3286.0,2036.0
2026-08-27 10:35:50,2026-08-27T10:20:14,769.28,2026-08-27,C,752.0,15.58,17.93,196.0,176.0,16.93,0.0,0.9921,0.003,-0.0186,0.0047,0.0,2.0,50.0
2026-08-27 10:35:50,2026-08-27T10:20:14,769.28,2026-08-27,P,752.0,0.01,0.02,3191.0,3239.0,0.02,0.3472,-0.0079,0.003,-0.0186,0.0047,0.0,3445.0,6184.0
2026-08-27 10:35:50,2026-08-27T10:20:14,769.28,2026-08-27,C,753.0,16.17,16.34,187.0,149.0,15.55,0.0,0.9914,0.0034,-0.0194,0.0051,0.0,10.0,224.0
2026-08-27 10:35:50,2026-08-27T10:20:14,769.28,2026-08-27,P,753.0,0.01,0.02,3383.0,2964.0,0.02,0.3292,-0.0086,0.0034,-0.0194,0.0051,0.0,1328.0,1905.0
2026-08-27 10:35:50,2026-08-27T10:20:14,769.28,2026-08-27,C,754.0,15.15,15.35,185.0,170.0,15.15,0.0,0.9906,0.0038,-0.0205,0.0056,0.0,25.0,155.0
2026-08-27 10:35:50,2026-08-27T10:20:14,769.28,2026-08-27,P,754.0,0.02,0.03,1316.0,3606.0,0.02,0.3312,-0.0094,0.0038,-0.0205,0.0056,0.0,1091.0,2518.0
2026-08-27 10:35:50,2026-08-27T10:20:14,769.28,2026-08-27,C,755.0,14.17,14.35,184.0,154.0,13.74,0.0,0.9895,0.0044,-0.022,0.0061,0.0,34.0,243.0
2026-08-27 10:35:50,2026-08-27T10:20:14,769.28,2026-08-27,P,755.0,0.02,0.03,1965.0,3769.0,0.03,0.3121,-0.0105,0.0044,-0.022,0.0061,0.0,3417.0,6635.0
2026-08-27 10:35:50,2026-08-27T10:20:14,769.28,2026-08-27,C,756.0,11.73,13.94,135.0,203.0,12.13,0.0,0.9881,0.0052,-0.0239,0.0068,0.0,2.0,180.0
2026-08-27 10:35:50,2026-08-27T10:20:14,769.28,2026-08-27,P,756.0,0.02,0.03,2643.0,3544.0,0.02,0.2928,-0.0119,0.0052,-0.0239,0.0068,0.0,8377.0,2466.0
2026-08-27 10:35:50,2026-08-27T10:20:14,769.28,2026-08-27,C,757.0,12.16,12.36,97.0,98.0,11.6,0.0,0.9864,0.0062,-0.0265,0.0077,0.0,23.0,369.0
2026-08-27 10:35:50,2026-08-27T10:20:14,769.28,2026-08-27,P,757.0,0.02,0.03,2762.0,3464.0,0.03,0.2735,-0.0136,0.0062,-0.0265,0.0077,0.0,2798.0,2179.0
2026-08-27 10:35:50,2026-08-27T10:20:14,769.28,2026-08-27,C,758.0,11.15,11.35,80.0,154.0,10.85,0.0,0.9839,0.0076,-0.0301,0.0089,0.0,79.0,994.0
2026-08-27 10:35:50,2026-08-27T10:20:14,769.28,2026-08-27,P,758.0,0.03,0.04,1171.0,3450.0,0.03,0.2663,-0.0161,0.0076,-0.0301,0.0089,0.0,7665.0,5271.0
2026-08-27 10:35:50,2026-08-27T10:20:14,769.28,2026-08-27,C,759.0,10.18,10.37,103.0,105.0,10.28,0.0,0.9806,0.0094,-0.0352,0.0104,0.0,111.0,244.0
2026-08-27 10:35:50,2026-08-27T10:20:14,769.28,2026-08-27,P,759.0,0.03,0.04,2141.0,3287.0,0.03,0.246,-0.0194,0.0094,-0.0352,0.0104,0.0,13961.0,5933.0
2026-08-27 10:35:50,2026-08-27T10:20:14,769.28,2026-08-27,C,760.0,9.17,9.36,66.0,143.0,9.3,0.0,0.9759,0.012,-0.0425,0.0125,0.0,1039.0,840.0
2026-08-27 10:35:50,2026-08-27T10:20:14,769.28,2026-08-27,P,760.0,0.04,0.05,1469.0,3206.0,0.04,0.2344,-0.0241,0.012,-0.0425,0.0125,0.0,25374.0,6095.0
2026-08-27 10:35:50,2026-08-27T10:20:14,769.28,2026-08-27,C,761.0,8.22,8.38,158.0,123.0,8.25,0.1721,0.969,0.0156,-0.0536,0.0154,0.0,156.0,745.0
2026-08-27 10:35:50,2026-08-27T10:20:14,769.28,2026-08-27,P,761.0,0.05,0.06,1777.0,2655.0,0.05,0.2203,-0.031,0.0156,-0.0536,0.0154,0.0,30199.0,2929.0
2026-08-27 10:35:50,2026-08-27T10:20:14,769.28,2026-08-27,C,762.0,7.2,7.4,72.0,69.0,7.3,0.1536,0.9587,0.0209,-0.0704,0.0193,0.0,533.0,690.0
2026-08-27 10:35:50,2026-08-27T10:20:14,769.28,2026-08-27,P,762.0,0.07,0.08,844.0,3066.0,0.08,0.2097,-0.0413,0.0209,-0.0704,0.0193,0.0,32634.0,3422.0
2026-08-27 10:35:50,2026-08-27T10:20:14,769.28,2026-08-27,C,763.0,6.23,6.42,72.0,72.0,6.34,0.158,0.9432,0.0285,-0.0966,0.0247,0.0,1168.0,1330.0
2026-08-27 10:35:50,2026-08-27T10:20:14,769.28,2026-08-27,P,763.0,0.09,0.1,1224.0,1062.0,0.1,0.1953,-0.0568,0.0285,-0.0966,0.0247,0.0,33467.0,5031.0
2026-08-27 10:35:50,2026-08-27T10:20:14,769.28,2026-08-27,C,764.0,5.38,5.41,36.0,46.0,5.25,0.1797,0.9197,0.0393,-0.1379,0.032,0.0,2217.0,1924.0
2026-08-27 10:35:50,2026-08-27T10:20:14,769.28,2026-08-27,P,764.0,0.13,0.14,2194.0,764.0,0.14,0.1848,-0.0803,0.0393,-0.1379,0.032,0.0,30220.0,7873.0
2026-08-27 10:35:50,2026-08-27T10:20:14,769.28,2026-08-27,C,765.0,4.47,4.49,54.0,25.0,4.49,0.1718,0.8843,0.0541,-0.2037,0.0414,0.0,3894.0,4303.0
2026-08-27 10:35:50,2026-08-27T10:20:14,769.28,2026-08-27,P,765.0,0.2,0.21,1419.0,581.0,0.21,0.1769,-0.1157,0.0541,-0.2037,0.0414,0.0,46419.0,5495.0
2026-08-27 10:35:50,2026-08-27T10:20:14,769.28,2026-08-27,C,766.0,3.56,3.59,204.0,27.0,3.6,0.1658,0.832,0.0731,-0.308,0.0526,0.0,8189.0,5065.0
2026-08-27 10:35:50,2026-08-27T10:20:14,769.28,2026-08-27,P,766.0,0.31,0.32,529.0,530.0,0.31,0.1697,-0.168,0.0731,-0.308,0.0526,0.0,51850.0,5339.0
2026-08-27 10:35:50,2026-08-27T10:20:14,769.28,2026-08-27,C,767.0,2.73,2.76,281.0,29.0,2.75,0.1586,0.7581,0.095,-0.4706,0.0647,0.0,28539.0,6518.0
2026-08-27 10:35:50,2026-08-27T10:20:14,769.28,2026-08-27,P,767.0,0.47,0.48,606.0,21.0,0.47,0.1633,-0.2419,0.095,-0.4706,0.0647,0.0,87955.0,3089.0
2026-08-27 10:35:50,2026-08-27T10:20:14,769.28,2026-08-27,C,768.0,1.98,2.0,354.0,110.0,1.98,0.1537,0.6596,0.1162,-0.7164,0.0752,0.0,84351.0,4522.0
2026-08-27 10:35:50,2026-08-27T10:20:14,769.28,2026-08-27,P,768.0,0.72,0.73,335.0,333.0,0.73,0.1557,-0.3404,0.1162,-0.7164,0.0752,0.0,113975.0,2666.0
2026-08-27 10:35:50,2026-08-27T10:20:14,769.28,2026-08-27,C,769.0,1.34,1.35,449.0,41.0,1.35,0.1479,0.5388,0.1308,-1.0721,0.0811,0.0,140321.0,7157.0
2026-08-27 10:35:50,2026-08-27T10:20:14,769.28,2026-08-27,P,769.0,1.08,1.09,5.0,619.0,1.09,0.1504,-0.4612,0.1308,-1.0721,0.0811,0.0,53441.0,521.0
2026-08-27 10:35:50,2026-08-27T10:20:14,769.28,2026-08-27,C,770.0,0.84,0.85,350.0,384.0,0.84,0.1431,0.4052,0.1321,-0.8512,0.0793,0.0,145006.0,7702.0
2026-08-27 10:35:50,2026-08-27T10:20:14,769.28,2026-08-27,P,770.0,1.57,1.59,125.0,270.0,1.58,0.145,-0.5948,0.1321,-0.8512,0.0793,0.0,14665.0,984.0
2026-08-27 10:35:50,2026-08-27T10:20:14,769.28,2026-08-27,C,771.0,0.47,0.48,979.0,373.0,0.48,0.1387,0.2759,0.1168,-0.4858,0.069,0.0,99742.0,5376.0
2026-08-27 10:35:50,2026-08-27T10:20:14,769.28,2026-08-27,P,771.0,2.2,2.22,19.0,4.0,2.21,0.1416,-0.7241,0.1168,-0.4858,0.069,0.0,4397.0,1468.0
2026-08-27 10:35:50,2026-08-27T10:20:14,769.28,2026-08-27,C,772.0,0.25,0.26,363.0,1006.0,0.26,0.1384,0.1703,0.0894,-0.2577,0.0534,0.0,71131.0,4406.0
2026-08-27 10:35:50,2026-08-27T10:20:14,769.28,2026-08-27,P,772.0,2.97,3.0,53.0,39.0,2.98,0.1422,-0.8297,0.0894,-0.2577,0.0534,0.0,1896.0,555.0
2026-08-27 10:35:50,2026-08-27T10:20:14,769.28,2026-08-27,C,773.0,0.12,0.13,2884.0,544.0,0.13,0.1382,0.0988,0.0606,-0.1333,0.0376,0.0,46219.0,3955.0
2026-08-27 10:35:50,2026-08-27T10:20:14,769.28,2026-08-27,P,773.0,3.85,3.88,22.0,36.0,3.88,0.1452,-0.9012,0.0606,-0.1333,0.0376,0.0,590.0,1148.0
2026-08-27 10:35:50,2026-08-27T10:20:14,769.28,2026-08-27,C,774.0,0.06,0.07,2691.0,509.0,0.07,0.1425,0.0563,0.0383,-0.0705,0.0251,0.0,34422.0,9159.0
2026-08-27 10:35:50,2026-08-27T10:20:14,769.28,2026-08-27,P,774.0,4.74,4.93,127.0,188.0,4.84,0.1667,-0.9437,0.0383,-0.0705,0.0251,0.0,459.0,763.0
2026-08-27 10:35:50,2026-08-27T10:20:14,769.28,2026-08-27,C,775.0,0.04,0.05,1846.0,3048.0,0.05,0.155,0.0339,0.0242,-0.0412,0.017,0.0,18267.0,8218.0
2026-08-27 10:35:50,2026-08-27T10:20:14,769.28,2026-08-27,P,775.0,5.71,5.9,112.0,72.0,5.94,0.1816,-0.9661,0.0242,-0.0412,0.017,0.0,645.0,858.0
2026-08-27 10:35:50,2026-08-27T10:20:14,769.28,2026-08-27,C,776.0,0.02,0.03,2770.0,2580.0,0.02,0.1608,0.0228,0.0162,-0.028,0.0124,0.0,8638.0,4528.0
2026-08-27 10:35:50,2026-08-27T10:20:14,769.28,2026-08-27,P,776.0,6.7,7.89,60.0,66.0,6.83,0.3327,-0.9772,0.0162,-0.028,0.0124,0.0,49.0,94.0
2026-08-27 10:35:50,2026-08-27T10:20:14,769.28,2026-08-27,C,777.0,0.02,0.03,1238.0,3040.0,0.02,0.1808,0.0168,0.0116,-0.0215,0.0096,0.0,3142.0,4442.0
2026-08-27 10:35:50,2026-08-27T10:20:14,769.28,2026-08-27,P,777.0,7.69,7.89,62.0,157.0,8.15,0.22,-0.9832,0.0116,-0.0215,0.0096,0.0,100.0,199.0
2026-08-27 10:35:50,2026-08-27T10:20:14,769.28,2026-08-27,C,778.0,0.01,0.02,2501.0,2556.0,0.01,0.187,0.0135,0.0089,-0.0182,0.008,0.0,2547.0,2468.0
2026-08-27 10:35:50,2026-08-27T10:20:14,769.28,2026-08-27,P,778.0,8.67,8.97,102.0,186.0,9.11,0.2581,-0.9865,0.0089,-0.0182,0.008,0.0,145.0,0.0
2026-08-27 10:35:50,2026-08-27T10:20:14,769.28,2026-08-27,C,779.0,0.01,0.02,3777.0,2952.0,0.01,0.2055,0.0116,0.0072,-0.0166,0.0069,0.0,855.0,2257.0
2026-08-27 10:35:50,2026-08-27T10:20:14,769.28,2026-08-27,P,779.0,9.1,10.96,92.0,115.0,9.9,0.3583,-0.9884,0.0072,-0.0166,0.0069,0.0,9.0,0.0
2026-08-27 10:35:50,2026-08-27T10:20:14,769.28,2026-08-27,C,780.0,0.01,0.02,1732.0,3041.0,0.02,0.2237,0.0104,0.006,-0.0158,0.0062,0.0,4702.0,5535.0
2026-08-27 10:35:50,2026-08-27T10:20:14,769.28,2026-08-27,P,780.0,10.5,11.95,100.0,92.0,12.1,0.4382,-0.9896,0.006,-0.0158,0.0062,0.0,29.0,1.0
2026-08-27 10:35:50,2026-08-27T10:20:14,769.28,2026-08-27,C,781.0,0.0,0.01,0.0,2777.0,0.01,0.2137,0.0095,0.0052,-0.0154,0.0058,0.0,5645.0,1478.0
2026-08-27 10:35:50,2026-08-27T10:20:14,769.28,2026-08-27,P,781.0,11.13,12.5,101.0,154.0,12.1,0.3242,-0.9905,0.0052,-0.0154,0.0058,0.0,4.0,1.0
2026-08-27 10:35:50,2026-08-27T10:20:14,769.28,2026-08-27,C,782.0,0.0,0.01,0.0,2778.0,0.01,0.2299,0.0088,0.0045,-0.0152,0.0054,0.0,253.0,2919.0
2026-08-27 10:35:50,2026-08-27T10:20:14,769.28,2026-08-27,P,782.0,12.1,13.95,199.0,124.0,16.55,0.4358,-0.9912,0.0045,-0.0152,0.0054,0.0,0.0,0.0
2026-08-27 10:35:50,2026-08-27T10:20:14,769.28,2026-08-27,C,783.0,0.0,0.01,0.0,2687.0,0.01,0.2459,0.0083,0.004,-0.0151,0.005,0.0,366.0,1573.0
2026-08-27 10:35:50,2026-08-27T10:20:14,769.28,2026-08-27,P,783.0,13.09,15.44,137.0,192.0,16.79,0.5332,-0.9917,0.004,-0.0151,0.005,0.0,0.0,0.0
2026-08-27 10:35:50,2026-08-27T10:20:14,769.28,2026-08-27,C,784.0,0.0,0.01,0.0,2687.0,0.01,0.2619,0.0078,0.0036,-0.015,0.0047,0.0,12.0,1820.0
2026-08-27 10:35:50,2026-08-27T10:20:14,769.28,2026-08-27,P,784.0,14.09,16.44,174.0,192.0,18.93,0.5608,-0.9922,0.0036,-0.015,0.0047,0.0,0.0,0.0
2026-08-27 10:35:50,2026-08-27T10:20:14,769.28,2026-08-27,C,785.0,0.0,0.01,0.0,2687.0,0.01,0.2777,0.0073,0.0032,-0.0149,0.0045,0.0,12.0,1464.0
2026-08-27 10:35:50,2026-08-27T10:20:14,769.28,2026-08-27,P,785.0,15.09,17.44,174.0,187.0,19.97,0.5881,-0.9927,0.0032,-0.0149,0.0045,0.0,0.0,0.0
2026-08-27 10:35:50,2026-08-27T10:20:14,769.28,2026-08-27,C,786.0,0.0,0.01,0.0,2687.0,0.01,0.2934,0.007,0.0029,-0.0148,0.0043,0.0,448.0,1211.0
2026-08-27 10:35:50,2026-08-27T10:20:14,769.28,2026-08-27,P,786.0,16.09,18.44,174.0,158.0,20.55,0.615,-0.993,0.0029,-0.0148,0.0043,0.0,0.0,0.0
2026-08-27 10:35:50,2026-08-27T10:20:14,769.28,2026-08-27,C,787.0,0.0,0.01,0.0,2688.0,0.01,0.3091,0.0066,0.0026,-0.0147,0.0041,0.0,12.0,3748.0
2026-08-27 10:35:50,2026-08-27T10:20:14,769.28,2026-08-27,P,787.0,17.66,19.43,152.0,140.0,19.79,0.7172,-0.9934,0.0026,-0.0147,0.0041,0.0,10.0,0.0
2026-08-27 10:35:50,2026-08-27T10:20:14,769.28,2026-08-27,C,788.0,0.0,0.01,0.0,2692.0,0.01,0.3246,0.0063,0.0024,-0.0146,0.0039,0.0,106.0,1662.0
2026-08-27 10:35:50,2026-08-27T10:20:14,769.28,2026-08-27,P,788.0,18.66,20.43,158.0,121.0,23.87,0.7454,-0.9937,0.0024,-0.0146,0.0039,0.0,0.0,0.0
2026-08-27 10:35:50,2026-08-27T10:20:14,769.28,2026-08-27,C,789.0,0.0,0.01,0.0,2717.0,0.01,0.34,0.006,0.0022,-0.0145,0.0037,0.0,34.0,1705.0
2026-08-27 10:35:50,2026-08-27T10:20:14,769.28,2026-08-27,P,789.0,19.09,21.43,174.0,121.0,22.03,0.6926,-0.994,0.0022,-0.0145,0.0037,0.0,0.0,0.0
2026-08-27 10:35:50,2026-08-27T10:20:14,769.28,2026-08-27,C,790.0,0.0,0.01,0.0,3015.0,0.01,0.3554,0.0058,0.002,-0.0144,0.0036,0.0,34.0,294.0
2026-08-27 10:35:50,2026-08-27T10:20:14,769.28,2026-08-27,P,790.0,20.09,22.43,177.0,180.0,21.57,0.7185,-0.9942,0.002,-0.0144,0.0036,0.0,4.0,2.0
2026-08-27 10:35:50,2026-08-27T10:20:14,769.28,2026-08-27,C,791.0,0.0,0.01,0.0,2218.0,0.01,0.3707,0.0055,0.0019,-0.0143,0.0034,0.0,8.0,479.0
2026-08-27 10:35:50,2026-08-27T10:20:14,769.28,2026-08-27,P,791.0,21.09,23.0,174.0,191.0,23.85,0.665,-0.9945,0.0019,-0.0143,0.0034,0.0,0.0,0.0
2026-08-27 10:35:50,2026-08-27T10:20:14,769.28,2026-08-27,C,792.0,0.0,0.01,0.0,2218.0,0.01,0.386,0.0053,0.0017,-0.0142,0.0033,0.0,2.0,563.0
2026-08-27 10:35:50,2026-08-27T10:20:14,769.28,2026-08-27,P,792.0,22.03,23.94,174.0,191.0,26.8,0.6614,-0.9947,0.0017,-0.0142,0.0033,0.0,0.0,0.0
2026-08-27 10:35:50,2026-08-27T10:20:14,769.28,2026-08-27,C,793.0,0.0,0.01,0.0,2218.0,0.02,0.4011,0.0051,0.0016,-0.0141,0.0032,0.0,0.0,582.0
2026-08-27 10:35:50,2026-08-27T10:20:14,769.28,2026-08-27,P,793.0,22.7,25.43,174.0,49.0,27.62,0.7208,-0.9949,0.0016,-0.0141,0.0032,0.0,0.0,0.0
2026-08-27 10:35:50,2026-08-27T10:20:14,769.28,2026-08-27,C,794.0,0.0,0.01,0.0,2218.0,0.01,0.4162,0.0049,0.0015,-0.014,0.0031,0.0,0.0,133.0
2026-08-27 10:35:50,2026-08-27T10:20:14,769.28,2026-08-27,P,794.0,23.7,26.43,174.0,49.0,29.84,0.7442,-0.9951,0.0015,-0.014,0.0031,0.0,0.0,0.0
2026-08-27 10:35:50,2026-08-27T10:20:14,769.28,2026-08-27,C,795.0,0.0,0.01,0.0,3517.0,0.01,0.4312,0.0047,0.0014,-0.0139,0.003,0.0,9.0,71.0
2026-08-27 10:35:50,2026-08-27T10:20:14,769.28,2026-08-27,P,795.0,24.7,27.43,160.0,49.0,30.48,0.7675,-0.9953,0.0014,-0.0139,0.003,0.0,0.0,0.0
2026-08-27 10:35:50,2026-08-27T10:20:14,769.28,2026-08-27,C,796.0,0.0,0.01,0.0,2217.0,0.01,0.4461,0.0046,0.0013,-0.0138,0.0028,0.0,4.0,117.0
2026-08-27 10:35:50,2026-08-27T10:20:14,769.28,2026-08-27,P,796.0,25.7,28.43,160.0,49.0,29.1,0.7907,-0.9954,0.0013,-0.0138,0.0028,0.0,0.0,0.0
2026-08-27 10:35:50,2026-08-27T10:20:14,769.28,2026-08-27,C,797.0,0.0,0.01,0.0,2218.0,0.01,0.461,0.0044,0.0012,-0.0137,0.0028,0.0,3.0,30.0
2026-08-27 10:35:50,2026-08-27T10:20:14,769.28,2026-08-27,P,797.0,26.7,29.43,160.0,49.0,31.86,0.8137,-0.9956,0.0012,-0.0137,0.0028,0.0,0.0,0.0
2026-08-27 10:35:50,2026-08-27T10:20:14,769.28,2026-08-27,C,798.0,0.0,0.01,0.0,2218.0,0.01,0.4759,0.0043,0.0012,-0.0136,0.0027,0.0,0.0,50.0
2026-08-27 10:35:50,2026-08-27T10:20:14,769.28,2026-08-27,P,798.0,28.44,30.32,144.0,162.0,29.66,0.9606,-0.9957,0.0012,-0.0136,0.0027,0.0,1.0,0.0
2026-08-27 10:35:50,2026-08-27T10:20:14,769.28,2026-08-27,C,799.0,0.0,0.01,0.0,2218.0,0.02,0.4906,0.0041,0.0011,-0.0136,0.0026,0.0,0.0,59.0
2026-08-27 10:35:50,2026-08-27T10:20:14,769.28,2026-08-27,P,799.0,28.7,31.43,161.0,49.0,31.53,0.8592,-0.9959,0.0011,-0.0136,0.0026,0.0,0.0,0.0
2026-08-27 10:35:50,2026-08-27T10:20:14,769.28,2026-08-27,C,800.0,0.0,0.01,0.0,5285.0,0.01,0.5053,0.004,0.001,-0.0135,0.0025,0.0,0.0,245.0
2026-08-27 10:35:50,2026-08-27T10:20:14,769.28,2026-08-27,P,800.0,29.92,32.43,162.0,49.0,33.4,0.9317,-0.996,0.001,-0.0135,0.0025,0.0,0.0,0.0
2026-08-27 10:35:50,2026-08-27T10:20:14,769.28,2026-08-27,C,801.0,0.0,0.01,0.0,2218.0,0.01,0.52,0.0039,0.001,-0.0134,0.0024,0.0,0.0,18.0
2026-08-27 10:35:50,2026-08-27T10:20:14,769.28,2026-08-27,P,801.0,30.91,33.43,34.0,34.0,34.58,0.9528,-0.9961,0.001,-0.0134,0.0024,0.0,0.0,0.0
2026-08-27 10:35:50,2026-08-27T10:20:14,769.28,2026-08-27,C,802.0,0.0,0.01,0.0,2218.0,0.01,0.5346,0.0038,0.0009,-0.0133,0.0024,0.0,0.0,58.0
2026-08-27 10:35:50,2026-08-27T10:20:14,769.28,2026-08-27,P,802.0,31.91,34.43,34.0,34.0,36.19,0.9759,-0.9962,0.0009,-0.0133,0.0024,0.0,0.0,0.0
2026-08-27 10:35:50,2026-08-27T10:20:14,769.28,2026-08-27,C,803.0,0.0,0.01,0.0,2218.0,0.02,0.5492,0.0037,0.0009,-0.0132,0.0023,0.0,0.0,64.0
2026-08-27 10:35:50,2026-08-27T10:20:14,769.28,2026-08-27,P,803.0,32.39,35.48,34.0,34.0,0.0,0.8729,-0.9963,0.0009,-0.0132,0.0023,0.0,0.0,0.0
2026-08-27 10:35:50,2026-08-27T10:20:14,769.28,2026-08-27,C,804.0,0.0,0.01,0.0,2218.0,0.03,0.5636,0.0036,0.0008,-0.0131,0.0023,0.0,0.0,33.0
2026-08-27 10:35:50,2026-08-27T10:20:14,769.28,2026-08-27,P,804.0,33.91,36.51,34.0,34.0,0.0,1.0395,-0.9964,0.0008,-0.0131,0.0023,0.0,0.0,0.0
2026-08-27 10:35:50,2026-08-27T10:20:14,769.28,2026-08-27,C,805.0,0.0,0.01,0.0,2218.0,0.01,0.5781,0.0035,0.0008,-0.013,0.0022,0.0,0.0,315.0
2026-08-27 10:35:50,2026-08-27T10:20:14,769.28,2026-08-27,P,805.0,34.36,37.51,34.0,34.0,39.15,0.9144,-0.9965,0.0008,-0.013,0.0022,0.0,0.0,0.0
2026-08-27 10:35:50,2026-08-27T10:20:14,769.28,2026-08-27,C,806.0,0.0,0.01,0.0,2218.0,0.02,0.5925,0.0034,0.0008,-0.013,0.0021,0.0,0.0,315.0
2026-08-27 10:35:50,2026-08-27T10:20:14,769.28,2026-08-27,P,806.0,35.85,38.51,34.0,34.0,0.0,1.0717,-0.9966,0.0008,-0.013,0.0021,0.0,0.0,0.0
2026-08-27 10:35:50,2026-08-27T10:20:14,769.28,2026-08-27,C,807.0,0.0,0.01,0.0,2218.0,0.0,0.6069,0.0033,0.0007,-0.0129,0.0021,0.0,0.0,0.0
2026-08-27 10:35:50,2026-08-27T10:20:14,769.28,2026-08-27,P,807.0,37.65,37.87,34.0,34.0,37.88,0.769,-0.9967,0.0007,-0.0129,0.0021,0.0,2.0,0.0
2026-08-27 10:40:51,2026-08-27T10:25:15,769.34,2026-08-27,C,731.0,36.74,39.33,284.0,50.0,34.96,0.0,0.9967,0.0007,-0.014,0.0021,0.0,0.0,0.0
2026-08-27 10:40:51,2026-08-27T10:25:15,769.34,2026-08-27,P,731.0,0.0,0.01,0.0,2693.0,0.02,0.6514,-0.0033,0.0007,-0.014,0.0021,0.0,0.0,3610.0
2026-08-27 10:40:51,2026-08-27T10:25:15,769.34,2026-08-27,C,732.0,35.74,38.33,284.0,50.0,33.52,0.0,0.9966,0.0007,-0.0141,0.0021,0.0,0.0,1.0
2026-08-27 10:40:51,2026-08-27T10:25:15,769.34,2026-08-27,P,732.0,0.0,0.01,0.0,2693.0,0.03,0.6354,-0.0034,0.0007,-0.0141,0.0021,0.0,0.0,6718.0
2026-08-27 10:40:51,2026-08-27T10:25:15,769.34,2026-08-27,C,733.0,34.74,37.33,284.0,50.0,33.04,0.0,0.9965,0.0008,-0.0142,0.0022,0.0,0.0,0.0
2026-08-27 10:40:51,2026-08-27T10:25:15,769.34,2026-08-27,P,733.0,0.0,0.01,0.0,2693.0,0.02,0.6194,-0.0035,0.0008,-0.0142,0.0022,0.0,0.0,2383.0
2026-08-27 10:40:51,2026-08-27T10:25:15,769.34,2026-08-27,C,734.0,33.74,36.33,284.0,50.0,32.39,0.0,0.9964,0.0008,-0.0143,0.0022,0.0,0.0,1.0
2026-08-27 10:40:51,2026-08-27T10:25:15,769.34,2026-08-27,P,734.0,0.0,0.01,0.0,2693.0,0.02,0.6034,-0.0036,0.0008,-0.0143,0.0022,0.0,2.0,2467.0
2026-08-27 10:40:51,2026-08-27T10:25:15,769.34,2026-08-27,C,735.0,34.24,34.47,45.0,51.0,33.3,0.7151,0.9963,0.0008,-0.0144,0.0023,0.0,1.0,6.0
2026-08-27 10:40:51,2026-08-27T10:25:15,769.34,2026-08-27,P,735.0,0.0,0.01,0.0,2603.0,0.01,0.5874,-0.0037,0.0008,-0.0144,0.0023,0.0,15.0,526.0
2026-08-27 10:40:51,2026-08-27T10:25:15,769.34,2026-08-27,C,736.0,31.74,34.33,284.0,50.0,30.47,0.0,0.9962,0.0009,-0.0146,0.0024,0.0,0.0,3.0
2026-08-27 10:40:51,2026-08-27T10:25:15,769.34,2026-08-27,P,736.0,0.0,0.01,0.0,2603.0,0.01,0.5714,-0.0038,0.0009,-0.0146,0.0024,0.0,0.0,227.0
2026-08-27 10:40:51,2026-08-27T10:25:15,769.34,2026-08-27,C,737.0,30.74,33.33,284.0,45.0,29.89,0.0,0.9961,0.0009,-0.0147,0.0024,0.0,0.0,3.0
2026-08-27 10:40:51,2026-08-27T10:25:15,769.34,2026-08-27,P,737.0,0.0,0.01,0.0,2603.0,0.01,0.5553,-0.0039,0.0009,-0.0147,0.0024,0.0,10.0,627.0
2026-08-27 10:40:51,2026-08-27T10:25:15,769.34,2026-08-27,C,738.0,29.74,32.33,284.0,45.0,28.46,0.0,0.9959,0.001,-0.0148,0.0025,0.0,0.0,2.0
2026-08-27 10:40:51,2026-08-27T10:25:15,769.34,2026-08-27,P,738.0,0.0,0.01,0.0,2603.0,0.01,0.5393,-0.0041,0.001,-0.0148,0.0025,0.0,137.0,563.0
2026-08-27 10:40:51,2026-08-27T10:25:15,769.34,2026-08-27,C,739.0,28.74,31.33,292.0,46.0,28.36,0.0,0.9958,0.001,-0.015,0.0026,0.0,1.0,3.0
2026-08-27 10:40:51,2026-08-27T10:25:15,769.34,2026-08-27,P,739.0,0.0,0.01,0.0,2667.0,0.01,0.5232,-0.0042,0.001,-0.015,0.0026,0.0,10.0,378.0
2026-08-27 10:40:51,2026-08-27T10:25:15,769.34,2026-08-27,C,740.0,27.74,30.33,284.0,45.0,26.78,0.0,0.9956,0.0011,-0.0151,0.0027,0.0,0.0,4.0
2026-08-27 10:40:51,2026-08-27T10:25:15,769.34,2026-08-27,P,740.0,0.0,0.01,0.0,2668.0,0.01,0.5071,-0.0044,0.0011,-0.0151,0.0027,0.0,12.0,1521.0
2026-08-27 10:40:51,2026-08-27T10:25:15,769.34,2026-08-27,C,741.0,26.74,29.33,284.0,45.0,24.06,0.0,0.9955,0.0012,-0.0152,0.0028,0.0,0.0,5.0
2026-08-27 10:40:51,2026-08-27T10:25:15,769.34,2026-08-27,P,741.0,0.0,0.01,0.0,2667.0,0.01,0.491,-0.0045,0.0012,-0.0152,0.0028,0.0,485.0,686.0
2026-08-27 10:40:51,2026-08-27T10:25:15,769.34,2026-08-27,C,742.0,25.75,28.31,51.0,51.0,27.0,0.0,0.9953,0.0013,-0.0154,0.0029,0.0,1.0,24.0
2026-08-27 10:40:51,2026-08-27T10:25:15,769.34,2026-08-27,P,742.0,0.0,0.01,0.0,2666.0,0.01,0.4749,-0.0047,0.0013,-0.0154,0.0029,0.0,82.0,680.0
2026-08-27 10:40:51,2026-08-27T10:25:15,769.34,2026-08-27,C,743.0,24.75,27.31,50.0,50.0,23.21,0.0,0.9951,0.0014,-0.0156,0.003,0.0,0.0,8.0
2026-08-27 10:40:51,2026-08-27T10:25:15,769.34,2026-08-27,P,743.0,0.0,0.01,0.0,2696.0,0.01,0.4587,-0.0049,0.0014,-0.0156,0.003,0.0,75.0,580.0
2026-08-27 10:40:51,2026-08-27T10:25:15,769.34,2026-08-27,C,744.0,23.75,26.31,50.0,50.0,22.7,0.0,0.9949,0.0015,-0.0157,0.0031,0.0,0.0,24.0
2026-08-27 10:40:51,2026-08-27T10:25:15,769.34,2026-08-27,P,744.0,0.0,0.01,0.0,2696.0,0.01,0.4425,-0.0051,0.0015,-0.0157,0.0031,0.0,283.0,1156.0
2026-08-27 10:40:51,2026-08-27T10:25:15,769.34,2026-08-27,C,745.0,22.75,25.31,50.0,50.0,23.29,0.0,0.9947,0.0016,-0.0159,0.0032,0.0,2.0,16.0
2026-08-27 10:40:51,2026-08-27T10:25:15,769.34,2026-08-27,P,745.0,0.0,0.01,0.0,2780.0,0.02,0.4263,-0.0053,0.0016,-0.0159,0.0032,0.0,1545.0,2626.0
2026-08-27 10:40:51,2026-08-27T10:25:15,769.34,2026-08-27,C,746.0,21.75,23.92,51.0,282.0,22.4,0.0,0.9944,0.0017,-0.0161,0.0034,0.0,2.0,56.0
2026-08-27 10:40:51,2026-08-27T10:25:15,769.34,2026-08-27,P,746.0,0.01,0.02,2155.0,3057.0,0.01,0.4578,-0.0056,0.0017,-0.0161,0.0034,0.0,6750.0,5788.0
2026-08-27 10:40:51,2026-08-27T10:25:15,769.34,2026-08-27,C,747.0,20.75,22.92,100.0,326.0,20.08,0.0,0.9942,0.0018,-0.0164,0.0036,0.0,0.0,57.0
2026-08-27 10:40:51,2026-08-27T10:25:15,769.34,2026-08-27,P,747.0,0.01,0.02,2177.0,3015.0,0.02,0.4399,-0.0058,0.0018,-0.0164,0.0036,0.0,10441.0,12314.0
2026-08-27 10:40:51,2026-08-27T10:25:15,769.34,2026-08-27,C,748.0,21.15,21.56,100.0,243.0,20.54,0.4671,0.9939,0.002,-0.0167,0.0037,0.0,1.0,78.0
2026-08-27 10:40:51,2026-08-27T10:25:15,769.34,2026-08-27,P,748.0,0.01,0.02,2517.0,3700.0,0.02,0.4221,-0.0061,0.002,-0.0167,0.0037,0.0,1054.0,2141.0
2026-08-27 10:40:51,2026-08-27T10:25:15,769.34,2026-08-27,C,749.0,20.07,20.92,100.0,327.0,17.94,0.574,0.9935,0.0022,-0.017,0.0039,0.0,0.0,134.0
2026-08-27 10:40:51,2026-08-27T10:25:15,769.34,2026-08-27,P,749.0,0.01,0.02,2780.0,3673.0,0.01,0.4042,-0.0065,0.0022,-0.017,0.0039,0.0,5467.0,957.0
2026-08-27 10:40:51,2026-08-27T10:25:15,769.34,2026-08-27,C,750.0,19.25,19.44,100.0,15.0,18.51,0.4495,0.9931,0.0024,-0.0174,0.0041,0.0,4.0,235.0
2026-08-27 10:40:51,2026-08-27T10:25:15,769.34,2026-08-27,P,750.0,0.01,0.02,2805.0,3343.0,0.02,0.3862,-0.0069,0.0024,-0.0174,0.0041,0.0,2066.0,7475.0
2026-08-27 10:40:51,2026-08-27T10:25:15,769.34,2026-08-27,C,751.0,18.26,18.93,5.0,51.0,17.01,0.5765,0.9926,0.0027,-0.0179,0.0044,0.0,2.0,51.0
2026-08-27 10:40:51,2026-08-27T10:25:15,769.34,2026-08-27,P,751.0,0.01,0.02,3285.0,3439.0,0.01,0.3682,-0.0074,0.0027,-0.0179,0.0044,0.0,3291.0,2036.0
2026-08-27 10:40:51,2026-08-27T10:25:15,769.34,2026-08-27,C,752.0,15.76,17.93,289.0,100.0,16.93,0.0,0.9921,0.003,-0.0185,0.0047,0.0,2.0,50.0
2026-08-27 10:40:51,2026-08-27T10:25:15,769.34,2026-08-27,P,752.0,0.01,0.02,3235.0,3313.0,0.01,0.3501,-0.0079,0.003,-0.0185,0.0047,0.0,3452.0,6184.0
2026-08-27 10:40:51,2026-08-27T10:25:15,769.34,2026-08-27,C,753.0,16.25,16.44,100.0,15.0,16.57,0.3882,0.9914,0.0034,-0.0194,0.005,0.0,11.0,224.0
2026-08-27 10:40:51,2026-08-27T10:25:15,769.34,2026-08-27,P,753.0,0.01,0.02,3449.0,3399.0,0.02,0.3319,-0.0086,0.0034,-0.0194,0.005,0.0,1344.0,1905.0
2026-08-27 10:40:51,2026-08-27T10:25:15,769.34,2026-08-27,C,754.0,15.25,15.45,100.0,52.0,15.15,0.3421,0.9906,0.0038,-0.0204,0.0055,0.0,25.0,155.0
2026-08-27 10:40:51,2026-08-27T10:25:15,769.34,2026-08-27,P,754.0,0.02,0.03,1141.0,3677.0,0.02,0.334,-0.0094,0.0038,-0.0204,0.0055,0.0,1433.0,2518.0
2026-08-27 10:40:51,2026-08-27T10:25:15,769.34,2026-08-27,C,755.0,14.25,14.46,100.0,322.0,13.74,0.3294,0.9896,0.0044,-0.0218,0.006,0.0,34.0,243.0
2026-08-27 10:40:51,2026-08-27T10:25:15,769.34,2026-08-27,P,755.0,0.02,0.03,1726.0,3898.0,0.02,0.3148,-0.0104,0.0044,-0.0218,0.006,0.0,3418.0,6635.0
2026-08-27 10:40:51,2026-08-27T10:25:15,769.34,2026-08-27,C,756.0,11.77,13.94,94.0,339.0,12.13,0.0,0.9882,0.0052,-0.0237,0.0067,0.0,2.0,180.0
2026-08-27 10:40:51,2026-08-27T10:25:15,769.34,2026-08-27,P,756.0,0.02,0.03,2671.0,3426.0,0.02,0.2954,-0.0118,0.0052,-0.0237,0.0067,0.0,8459.0,2466.0
2026-08-27 10:40:51,2026-08-27T10:25:15,769.34,2026-08-27,C,757.0,12.25,12.46,100.0,106.0,12.39,0.2892,0.9865,0.0062,-0.0262,0.0076,0.0,31.0,369.0
2026-08-27 10:40:51,2026-08-27T10:25:15,769.34,2026-08-27,P,757.0,0.02,0.03,3393.0,3423.0,0.02,0.2759,-0.0135,0.0062,-0.0262,0.0076,0.0,2814.0,2179.0
2026-08-27 10:40:51,2026-08-27T10:25:15,769.34,2026-08-27,C,758.0,11.26,11.46,100.0,152.0,10.85,0.2742,0.9841,0.0075,-0.0297,0.0087,0.0,79.0,994.0
2026-08-27 10:40:51,2026-08-27T10:25:15,769.34,2026-08-27,P,758.0,0.03,0.04,949.0,3600.0,0.03,0.2688,-0.0159,0.0075,-0.0297,0.0087,0.0,7671.0,5271.0
2026-08-27 10:40:51,2026-08-27T10:25:15,769.34,2026-08-27,C,759.0,10.27,10.46,100.0,1.0,10.28,0.2775,0.9808,0.0093,-0.0347,0.0102,0.0,111.0,244.0
2026-08-27 10:40:51,2026-08-27T10:25:15,769.34,2026-08-27,P,759.0,0.03,0.04,3123.0,3116.0,0.03,0.2482,-0.0192,0.0093,-0.0347,0.0102,0.0,14070.0,5933.0
2026-08-27 10:40:51,2026-08-27T10:25:15,769.34,2026-08-27,C,760.0,9.27,9.46,100.0,100.0,9.25,0.2366,0.9762,0.0118,-0.042,0.0123,0.0,1161.0,840.0
2026-08-27 10:40:51,2026-08-27T10:25:15,769.34,2026-08-27,P,760.0,0.04,0.05,1976.0,3216.0,0.04,0.2366,-0.0238,0.0118,-0.042,0.0123,0.0,26055.0,6095.0
2026-08-27 10:40:51,2026-08-27T10:25:15,769.34,2026-08-27,C,761.0,8.29,8.48,100.0,100.0,8.37,0.2291,0.9694,0.0155,-0.0528,0.0151,0.0,214.0,745.0
2026-08-27 10:40:51,2026-08-27T10:25:15,769.34,2026-08-27,P,761.0,0.05,0.06,2285.0,2572.0,0.05,0.2224,-0.0306,0.0155,-0.0529,0.0151,0.0,30987.0,2929.0
2026-08-27 10:40:51,2026-08-27T10:25:15,769.34,2026-08-27,C,762.0,7.3,7.42,103.0,100.0,7.52,0.1894,0.9593,0.0207,-0.0694,0.019,0.0,544.0,690.0
2026-08-27 10:40:51,2026-08-27T10:25:15,769.34,2026-08-27,P,762.0,0.06,0.07,2152.0,1941.0,0.07,0.2062,-0.0408,0.0207,-0.0694,0.019,0.0,38326.0,3422.0
2026-08-27 10:40:51,2026-08-27T10:25:15,769.34,2026-08-27,C,763.0,6.32,6.42,99.0,81.0,6.23,0.1742,0.944,0.0282,-0.095,0.0243,0.0,1212.0,1330.0
2026-08-27 10:40:51,2026-08-27T10:25:15,769.34,2026-08-27,P,763.0,0.09,0.1,1393.0,1357.0,0.09,0.1928,-0.056,0.0282,-0.095,0.0243,0.0,36976.0,5031.0
2026-08-27 10:40:51,2026-08-27T10:25:15,769.34,2026-08-27,C,764.0,5.4,5.43,37.0,100.0,5.42,0.1762,0.921,0.0389,-0.1351,0.0314,0.0,2306.0,1924.0
2026-08-27 10:40:51,2026-08-27T10:25:15,769.34,2026-08-27,P,764.0,0.13,0.14,1529.0,1538.0,0.14,0.1869,-0.079,0.0389,-0.1351,0.0314,0.0,33359.0,7873.0
2026-08-27 10:40:51,2026-08-27T10:25:15,769.34,2026-08-27,C,765.0,4.48,4.51,84.0,26.0,4.5,0.1712,0.8865,0.0535,-0.1984,0.0406,0.0,4046.0,4303.0
2026-08-27 10:40:51,2026-08-27T10:25:15,769.34,2026-08-27,P,765.0,0.2,0.21,626.0,1177.0,0.21,0.179,-0.1135,0.0535,-0.1984,0.0406,0.0,49341.0,5495.0
2026-08-27 10:40:51,2026-08-27T10:25:15,769.34,2026-08-27,C,766.0,3.58,3.61,60.0,115.0,3.63,0.1659,0.8355,0.0725,-0.2984,0.0516,0.0,8489.0,5065.0
2026-08-27 10:40:51,2026-08-27T10:25:15,769.34,2026-08-27,P,766.0,0.3,0.31,590.0,439.0,0.31,0.1699,-0.1645,0.0725,-0.2984,0.0516,0.0,54849.0,5339.0
2026-08-27 10:40:51,2026-08-27T10:25:15,769.34,2026-08-27,C,767.0,2.75,2.78,84.0,198.0,2.74,0.1592,0.7628,0.0948,-0.4549,0.0636,0.0,29317.0,6518.0
2026-08-27 10:40:51,2026-08-27T10:25:15,769.34,2026-08-27,P,767.0,0.47,0.48,131.0,257.0,0.47,0.1624,-0.2372,0.0948,-0.4549,0.0636,0.0,92081.0,3089.0
2026-08-27 10:40:51,2026-08-27T10:25:15,769.34,2026-08-27,C,768.0,2.0,2.02,162.0,33.0,2.01,0.1521,0.6648,0.1168,-0.6941,0.0743,0.0,87235.0,4522.0
2026-08-27 10:40:51,2026-08-27T10:25:15,769.34,2026-08-27,P,768.0,0.7,0.71,312.0,100.0,0.7,0.1554,-0.3352,0.1168,-0.6941,0.0743,0.0,120786.0,2666.0
2026-08-27 10:40:51,2026-08-27T10:25:15,769.34,2026-08-27,C,769.0,1.34,1.35,6.0,206.0,1.35,0.1457,0.5433,0.1322,-1.0441,0.0804,0.0,150159.0,7157.0
2026-08-27 10:40:51,2026-08-27T10:25:15,769.34,2026-08-27,P,769.0,1.04,1.05,330.0,75.0,1.06,0.1494,-0.4568,0.1322,-1.0442,0.0804,0.0,62085.0,521.0
2026-08-27 10:40:51,2026-08-27T10:25:15,769.34,2026-08-27,C,770.0,0.83,0.84,10.0,240.0,0.83,0.14,0.408,0.134,-0.8491,0.0789,0.0,159899.0,7702.0
2026-08-27 10:40:51,2026-08-27T10:25:15,769.34,2026-08-27,P,770.0,1.53,1.55,126.0,195.0,1.53,0.1438,-0.592,0.134,-0.8491,0.0789,0.0,16836.0,984.0
2026-08-27 10:40:51,2026-08-27T10:25:15,769.34,2026-08-27,C,771.0,0.46,0.47,328.0,508.0,0.46,0.1369,0.2765,0.1186,-0.4804,0.0687,0.0,107197.0,5376.0
2026-08-27 10:40:51,2026-08-27T10:25:15,769.34,2026-08-27,P,771.0,2.14,2.17,115.0,132.0,2.19,0.1413,-0.7235,0.1186,-0.4804,0.0687,0.0,4860.0,1468.0
2026-08-27 10:40:51,2026-08-27T10:25:15,769.34,2026-08-27,C,772.0,0.24,0.25,234.0,1404.0,0.24,0.1364,0.1684,0.0905,-0.2494,0.0527,0.0,75402.0,4406.0
2026-08-27 10:40:51,2026-08-27T10:25:15,769.34,2026-08-27,P,772.0,2.95,2.97,61.0,40.0,2.95,0.1393,-0.8316,0.0905,-0.2493,0.0527,0.0,2128.0,555.0
2026-08-27 10:40:51,2026-08-27T10:25:15,769.34,2026-08-27,C,773.0,0.12,0.13,1090.0,2086.0,0.13,0.1383,0.0956,0.0605,-0.1253,0.0365,0.0,52383.0,3955.0
2026-08-27 10:40:51,2026-08-27T10:25:15,769.34,2026-08-27,P,773.0,3.79,3.82,27.0,44.0,3.68,0.1453,-0.9045,0.0605,-0.1252,0.0365,0.0,718.0,1148.0
2026-08-27 10:40:51,2026-08-27T10:25:15,769.34,2026-08-27,C,774.0,0.06,0.07,1715.0,1565.0,0.07,0.1427,0.0539,0.0378,-0.0657,0.0242,0.0,38037.0,9159.0
2026-08-27 10:40:51,2026-08-27T10:25:15,769.34,2026-08-27,P,774.0,4.62,4.83,255.0,144.0,5.0,0.1328,-0.9461,0.0378,-0.0657,0.0242,0.0,469.0,763.0
2026-08-27 10:40:51,2026-08-27T10:25:15,769.34,2026-08-27,C,775.0,0.04,0.05,951.0,3338.0,0.05,0.1554,0.0326,0.0238,-0.0387,0.0164,0.0,21024.0,8218.0
2026-08-27 10:40:51,2026-08-27T10:25:15,769.34,2026-08-27,P,775.0,5.7,5.81,1.0,154.0,5.7,0.1407,-0.9674,0.0238,-0.0387,0.0164,0.0,704.0,858.0
2026-08-27 10:40:51,2026-08-27T10:25:15,769.34,2026-08-27,C,776.0,0.02,0.03,2457.0,2409.0,0.03,0.1613,0.022,0.0159,-0.0266,0.012,0.0,8652.0,4528.0
2026-08-27 10:40:51,2026-08-27T10:25:15,769.34,2026-08-27,P,776.0,6.55,7.77,210.0,225.0,6.83,0.3123,-0.978,0.0159,-0.0266,0.012,0.0,49.0,94.0
2026-08-27 10:40:51,2026-08-27T10:25:15,769.34,2026-08-27,C,777.0,0.02,0.03,1237.0,3951.0,0.03,0.1815,0.0164,0.0114,-0.0206,0.0093,0.0,3251.0,4442.0
2026-08-27 10:40:51,2026-08-27T10:25:15,769.34,2026-08-27,P,777.0,7.59,7.79,225.0,100.0,7.88,0.1603,-0.9836,0.0114,-0.0206,0.0093,0.0,107.0,199.0
2026-08-27 10:40:51,2026-08-27T10:25:15,769.34,2026-08-27,C,778.0,0.01,0.02,2874.0,2998.0,0.01,0.1877,0.0132,0.0087,-0.0176,0.0077,0.0,2625.0,2468.0
2026-08-27 10:40:51,2026-08-27T10:25:15,769.34,2026-08-27,P,778.0,8.47,9.01,225.0,225.0,8.65,0.2313,-0.9868,0.0087,-0.0176,0.0077,0.0,149.0,0.0
2026-08-27 10:40:51,2026-08-27T10:25:15,769.34,2026-08-27,C,779.0,0.01,0.02,3807.0,2901.0,0.02,0.2063,0.0114,0.0071,-0.0161,0.0068,0.0,1108.0,2257.0
2026-08-27 10:40:51,2026-08-27T10:25:15,769.34,2026-08-27,P,779.0,9.47,10.01,100.0,101.0,10.0,0.253,-0.9886,0.0071,-0.0161,0.0068,0.0,10.0,0.0
2026-08-27 10:40:51,2026-08-27T10:25:15,769.34,2026-08-27,C,780.0,0.01,0.02,1736.0,3118.0,0.01,0.2246,0.0102,0.0059,-0.0154,0.0061,0.0,4787.0,5535.0
2026-08-27 10:40:51,2026-08-27T10:25:15,769.34,2026-08-27,P,780.0,10.46,11.78,247.0,278.0,10.6,0.421,-0.9898,0.0059,-0.0154,0.0061,0.0,30.0,1.0
2026-08-27 10:40:51,2026-08-27T10:25:15,769.34,2026-08-27,C,781.0,0.0,0.01,0.0,2781.0,0.01,0.2146,0.0093,0.0051,-0.015,0.0056,0.0,5676.0,1478.0
2026-08-27 10:40:51,2026-08-27T10:25:15,769.34,2026-08-27,P,781.0,11.13,12.5,92.0,280.0,12.1,0.3417,-0.9907,0.0051,-0.015,0.0056,0.0,4.0,1.0
2026-08-27 10:40:51,2026-08-27T10:25:15,769.34,2026-08-27,C,782.0,0.0,0.01,0.0,2782.0,0.01,0.2309,0.0087,0.0044,-0.0148,0.0052,0.0,253.0,2919.0
2026-08-27 10:40:51,2026-08-27T10:25:15,769.34,2026-08-27,P,782.0,12.1,13.77,145.0,150.0,16.55,0.4168,-0.9913,0.0044,-0.0148,0.0052,0.0,0.0,0.0
2026-08-27 10:40:51,2026-08-27T10:25:15,769.34,2026-08-27,C,783.0,0.0,0.01,0.0,2691.0,0.01,0.2471,0.0081,0.0039,-0.0147,0.0049,0.0,366.0,1573.0
2026-08-27 10:40:51,2026-08-27T10:25:15,769.34,2026-08-27,P,783.0,13.09,15.26,100.0,335.0,16.79,0.5195,-0.9919,0.0039,-0.0147,0.0049,0.0,0.0,0.0
2026-08-27 10:40:51,2026-08-27T10:25:15,769.34,2026-08-27,C,784.0,0.0,0.01,0.0,2691.0,0.01,0.2632,0.0076,0.0035,-0.0146,0.0046,0.0,12.0,1820.0
2026-08-27 10:40:51,2026-08-27T10:25:15,769.34,2026-08-27,P,784.0,14.09,16.26,100.0,284.0,18.93,0.5468,-0.9924,0.0035,-0.0146,0.0046,0.0,0.0,0.0
2026-08-27 10:40:51,2026-08-27T10:25:15,769.34,2026-08-27,C,785.0,0.0,0.01,0.0,2691.0,0.01,0.2791,0.0072,0.0032,-0.0145,0.0044,0.0,12.0,1464.0
2026-08-27 10:40:51,2026-08-27T10:25:15,769.34,2026-08-27,P,785.0,15.09,17.26,100.0,317.0,19.97,0.5738,-0.9928,0.0032,-0.0145,0.0044,0.0,0.0,0.0
2026-08-27 10:40:51,2026-08-27T10:25:15,769.34,2026-08-27,C,786.0,0.0,0.01,0.0,2691.0,0.01,0.2949,0.0068,0.0028,-0.0144,0.0042,0.0,448.0,1211.0
2026-08-27 10:40:51,2026-08-27T10:25:15,769.34,2026-08-27,P,786.0,16.09,18.26,100.0,303.0,20.55,0.6004,-0.9932,0.0028,-0.0144,0.0042,0.0,0.0,0.0
2026-08-27 10:40:51,2026-08-27T10:25:15,769.34,2026-08-27,C,787.0,0.0,0.01,0.0,2692.0,0.01,0.3107,0.0065,0.0026,-0.0143,0.004,0.0,12.0,3748.0
2026-08-27 10:40:51,2026-08-27T10:25:15,769.34,2026-08-27,P,787.0,17.45,19.26,100.0,100.0,19.79,0.6794,-0.9935,0.0026,-0.0143,0.004,0.0,10.0,0.0
2026-08-27 10:40:51,2026-08-27T10:25:15,769.34,2026-08-27,C,788.0,0.0,0.01,0.0,2691.0,0.01,0.3263,0.0062,0.0024,-0.0142,0.0038,0.0,106.0,1662.0
2026-08-27 10:40:51,2026-08-27T10:25:15,769.34,2026-08-27,P,788.0,18.45,20.26,44.0,297.0,23.87,0.7068,-0.9938,0.0024,-0.0142,0.0038,0.0,0.0,0.0
2026-08-27 10:40:51,2026-08-27T10:25:15,769.34,2026-08-27,C,789.0,0.0,0.01,0.0,2717.0,0.01,0.3419,0.0059,0.0022,-0.0141,0.0036,0.0,34.0,1705.0
2026-08-27 10:40:51,2026-08-27T10:25:15,769.34,2026-08-27,P,789.0,19.35,21.26,100.0,318.0,22.03,0.7194,-0.9941,0.0022,-0.0141,0.0036,0.0,0.0,0.0
2026-08-27 10:40:51,2026-08-27T10:25:15,769.34,2026-08-27,C,790.0,0.0,0.01,0.0,2515.0,0.01,0.3574,0.0056,0.002,-0.014,0.0035,0.0,34.0,294.0
2026-08-27 10:40:51,2026-08-27T10:25:15,769.34,2026-08-27,P,790.0,20.3,22.26,326.0,327.0,21.57,0.7383,-0.9944,0.002,-0.014,0.0035,0.0,4.0,2.0
2026-08-27 10:40:51,2026-08-27T10:25:15,769.34,2026-08-27,C,791.0,0.0,0.01,0.0,2218.0,0.01,0.3728,0.0054,0.0018,-0.0139,0.0033,0.0,8.0,479.0
2026-08-27 10:40:51,2026-08-27T10:25:15,769.34,2026-08-27,P,791.0,21.09,23.0,100.0,317.0,23.85,0.6812,-0.9946,0.0018,-0.0139,0.0033,0.0,0.0,0.0
2026-08-27 10:40:51,2026-08-27T10:25:15,769.34,2026-08-27,C,792.0,0.0,0.01,0.0,2218.0,0.01,0.3881,0.0052,0.0017,-0.0138,0.0032,0.0,2.0,563.0
2026-08-27 10:40:51,2026-08-27T10:25:15,769.34,2026-08-27,P,792.0,22.03,23.94,100.0,266.0,26.8,0.6792,-0.9948,0.0017,-0.0138,0.0032,0.0,0.0,0.0
2026-08-27 10:40:51,2026-08-27T10:25:15,769.34,2026-08-27,C,793.0,0.0,0.01,0.0,2218.0,0.02,0.4033,0.005,0.0016,-0.0137,0.0031,0.0,0.0,582.0
2026-08-27 10:40:51,2026-08-27T10:25:15,769.34,2026-08-27,P,793.0,22.7,25.26,314.0,287.0,27.62,0.7002,-0.995,0.0016,-0.0137,0.0031,0.0,0.0,0.0
2026-08-27 10:40:51,2026-08-27T10:25:15,769.34,2026-08-27,C,794.0,0.0,0.01,0.0,2218.0,0.01,0.4185,0.0048,0.0015,-0.0136,0.003,0.0,0.0,133.0
2026-08-27 10:40:51,2026-08-27T10:25:15,769.34,2026-08-27,P,794.0,23.7,26.26,281.0,284.0,29.84,0.7233,-0.9952,0.0015,-0.0136,0.003,0.0,0.0,0.0
2026-08-27 10:40:51,2026-08-27T10:25:15,769.34,2026-08-27,C,795.0,0.0,0.01,0.0,3527.0,0.01,0.4336,0.0046,0.0014,-0.0136,0.0029,0.0,9.0,71.0
2026-08-27 10:40:51,2026-08-27T10:25:15,769.34,2026-08-27,P,795.0,24.7,27.26,290.0,284.0,30.48,0.7462,-0.9954,0.0014,-0.0136,0.0029,0.0,0.0,0.0
2026-08-27 10:40:51,2026-08-27T10:25:15,769.34,2026-08-27,C,796.0,0.0,0.01,0.0,2217.0,0.01,0.4487,0.0045,0.0013,-0.0135,0.0028,0.0,4.0,117.0
2026-08-27 10:40:51,2026-08-27T10:25:15,769.34,2026-08-27,P,796.0,25.7,28.26,290.0,284.0,29.1,0.7689,-0.9955,0.0013,-0.0135,0.0028,0.0,0.0,0.0
2026-08-27 10:40:51,2026-08-27T10:25:15,769.34,2026-08-27,C,797.0,0.0,0.01,0.0,2218.0,0.01,0.4637,0.0043,0.0012,-0.0134,0.0027,0.0,3.0,30.0
2026-08-27 10:40:51,2026-08-27T10:25:15,769.34,2026-08-27,P,797.0,26.7,29.26,281.0,284.0,31.86,0.7916,-0.9957,0.0012,-0.0134,0.0027,0.0,0.0,0.0
2026-08-27 10:40:51,2026-08-27T10:25:15,769.34,2026-08-27,C,798.0,0.0,0.01,0.0,2218.0,0.01,0.4786,0.0042,0.0012,-0.0133,0.0026,0.0,0.0,50.0
2026-08-27 10:40:51,2026-08-27T10:25:15,769.34,2026-08-27,P,798.0,28.44,30.26,275.0,291.0,29.66,0.9663,-0.9958,0.0012,-0.0133,0.0026,0.0,1.0,0.0
2026-08-27 10:40:51,2026-08-27T10:25:15,769.34,2026-08-27,C,799.0,0.0,0.01,0.0,2218.0,0.02,0.4935,0.004,0.0011,-0.0132,0.0025,0.0,0.0,59.0
2026-08-27 10:40:51,2026-08-27T10:25:15,769.34,2026-08-27,P,799.0,28.7,31.26,225.0,225.0,31.53,0.8364,-0.996,0.0011,-0.0132,0.0025,0.0,0.0,0.0
2026-08-27 10:40:51,2026-08-27T10:25:15,769.34,2026-08-27,C,800.0,0.0,0.01,0.0,5309.0,0.01,0.5083,0.0039,0.001,-0.0131,0.0025,0.0,0.0,245.0
2026-08-27 10:40:51,2026-08-27T10:25:15,769.34,2026-08-27,P,800.0,29.92,32.26,225.0,219.0,33.4,0.913,-0.9961,0.001,-0.0131,0.0025,0.0,0.0,0.0
2026-08-27 10:40:51,2026-08-27T10:25:15,769.34,2026-08-27,C,801.0,0.0,0.01,0.0,2218.0,0.01,0.523,0.0038,0.001,-0.013,0.0024,0.0,0.0,18.0
2026-08-27 10:40:51,2026-08-27T10:25:15,769.34,2026-08-27,P,801.0,30.91,33.26,35.0,35.0,34.58,0.9337,-0.9962,0.001,-0.013,0.0024,0.0,0.0,0.0
2026-08-27 10:40:51,2026-08-27T10:25:15,769.34,2026-08-27,C,802.0,0.0,0.01,0.0,2218.0,0.01,0.5377,0.0037,0.0009,-0.0129,0.0023,0.0,0.0,58.0
2026-08-27 10:40:51,2026-08-27T10:25:15,769.34,2026-08-27,P,802.0,31.91,34.26,35.0,35.0,36.19,0.9566,-0.9963,0.0009,-0.0129,0.0023,0.0,0.0,0.0
2026-08-27 10:40:51,2026-08-27T10:25:15,769.34,2026-08-27,C,803.0,0.0,0.01,0.0,2218.0,0.02,0.5524,0.0036,0.0009,-0.0128,0.0023,0.0,0.0,64.0
2026-08-27 10:40:51,2026-08-27T10:25:15,769.34,2026-08-27,P,803.0,32.34,35.36,35.0,35.0,0.0,0.8378,-0.9964,0.0009,-0.0128,0.0023,0.0,0.0,0.0
2026-08-27 10:40:51,2026-08-27T10:25:15,769.34,2026-08-27,C,804.0,0.0,0.01,0.0,2218.0,0.03,0.567,0.0035,0.0008,-0.0128,0.0022,0.0,0.0,33.0
2026-08-27 10:40:51,2026-08-27T10:25:15,769.34,2026-08-27,P,804.0,33.91,36.36,35.0,35.0,0.0,1.0256,-0.9965,0.0008,-0.0128,0.0022,0.0,0.0,0.0
2026-08-27 10:40:51,2026-08-27T10:25:15,769.34,2026-08-27,C,805.0,0.0,0.01,0.0,2218.0,0.01,0.5816,0.0034,0.0008,-0.0127,0.0021,0.0,0.0,315.0
2026-08-27 10:40:51,2026-08-27T10:25:15,769.34,2026-08-27,P,805.0,34.32,37.36,35.0,35.0,39.15,0.8698,-0.9966,0.0008,-0.0127,0.0021,0.0,0.0,0.0
2026-08-27 10:40:51,2026-08-27T10:25:15,769.34,2026-08-27,C,806.0,0.0,0.01,0.0,2218.0,0.02,0.596,0.0033,0.0008,-0.0126,0.0021,0.0,0.0,315.0
2026-08-27 10:40:51,2026-08-27T10:25:15,769.34,2026-08-27,P,806.0,35.85,38.36,35.0,35.0,0.0,1.0568,-0.9967,0.0008,-0.0126,0.0021,0.0,0.0,0.0
2026-08-27 10:40:51,2026-08-27T10:25:15,769.34,2026-08-27,C,807.0,0.0,0.01,0.0,2218.0,0.0,0.6105,0.0032,0.0007,-0.0125,0.002,0.0,0.0,0.0
2026-08-27 10:40:51,2026-08-27T10:25:15,769.34,2026-08-27,P,807.0,37.58,37.81,35.0,35.0,37.88,0.6762,-0.9968,0.0007,-0.0125,0.002,0.0,2.0,0.0
2026-08-27 10:45:52,2026-08-27T10:30:15,769.505,2026-08-27,C,732.0,36.09,38.33,49.0,43.0,33.52,0.0,0.9968,0.0007,-0.0133,0.002,0.0,0.0,1.0
2026-08-27 10:45:52,2026-08-27T10:30:15,769.505,2026-08-27,P,732.0,0.0,0.01,0.0,2693.0,0.03,0.6437,-0.0032,0.0007,-0.0133,0.002,0.0,0.0,6718.0
2026-08-27 10:45:52,2026-08-27T10:30:15,769.505,2026-08-27,C,733.0,35.09,37.33,49.0,43.0,33.04,0.0,0.9967,0.0007,-0.0134,0.0021,0.0,0.0,0.0
2026-08-27 10:45:52,2026-08-27T10:30:15,769.505,2026-08-27,P,733.0,0.0,0.01,0.0,2693.0,0.02,0.6276,-0.0033,0.0007,-0.0134,0.0021,0.0,0.0,2383.0
2026-08-27 10:45:52,2026-08-27T10:30:15,769.505,2026-08-27,C,734.0,34.09,36.33,49.0,43.0,32.39,0.0,0.9966,0.0008,-0.0135,0.0021,0.0,0.0,1.0
2026-08-27 10:45:52,2026-08-27T10:30:15,769.505,2026-08-27,P,734.0,0.0,0.01,0.0,2213.0,0.02,0.6115,-0.0034,0.0008,-0.0135,0.0021,0.0,2.0,2467.0
2026-08-27 10:45:52,2026-08-27T10:30:15,769.505,2026-08-27,C,735.0,34.45,34.71,44.0,44.0,33.3,0.757,0.9965,0.0008,-0.0136,0.0022,0.0,1.0,6.0
2026-08-27 10:45:52,2026-08-27T10:30:15,769.505,2026-08-27,P,735.0,0.0,0.01,0.0,2603.0,0.01,0.5954,-0.0035,0.0008,-0.0136,0.0022,0.0,15.0,526.0
2026-08-27 10:45:52,2026-08-27T10:30:15,769.505,2026-08-27,C,736.0,32.09,34.33,43.0,43.0,30.47,0.0,0.9964,0.0008,-0.0138,0.0023,0.0,0.0,3.0
2026-08-27 10:45:52,2026-08-27T10:30:15,769.505,2026-08-27,P,736.0,0.0,0.01,0.0,2086.0,0.01,0.5792,-0.0036,0.0008,-0.0138,0.0023,0.0,0.0,227.0
2026-08-27 10:45:52,2026-08-27T10:30:15,769.505,2026-08-27,C,737.0,31.09,33.33,43.0,43.0,29.89,0.0,0.9963,0.0009,-0.0139,0.0023,0.0,0.0,3.0
2026-08-27 10:45:52,2026-08-27T10:30:15,769.505,2026-08-27,P,737.0,0.0,0.01,0.0,2603.0,0.01,0.5631,-0.0037,0.0009,-0.0139,0.0023,0.0,11.0,627.0
2026-08-27 10:45:52,2026-08-27T10:30:15,769.505,2026-08-27,C,738.0,30.09,32.33,43.0,43.0,28.46,0.0,0.9961,0.001,-0.014,0.0024,0.0,0.0,2.0
2026-08-27 10:45:52,2026-08-27T10:30:15,769.505,2026-08-27,P,738.0,0.0,0.01,0.0,1964.0,0.01,0.5469,-0.0039,0.001,-0.014,0.0024,0.0,137.0,563.0
2026-08-27 10:45:52,2026-08-27T10:30:15,769.505,2026-08-27,C,739.0,29.09,31.33,50.0,45.0,28.36,0.0,0.996,0.001,-0.0141,0.0025,0.0,1.0,3.0
2026-08-27 10:45:52,2026-08-27T10:30:15,769.505,2026-08-27,P,739.0,0.0,0.01,0.0,1964.0,0.01,0.5307,-0.004,0.001,-0.0141,0.0025,0.0,10.0,378.0
2026-08-27 10:45:52,2026-08-27T10:30:15,769.505,2026-08-27,C,740.0,28.09,30.06,43.0,43.0,26.78,0.0,0.9959,0.0011,-0.0143,0.0026,0.0,0.0,4.0
2026-08-27 10:45:52,2026-08-27T10:30:15,769.505,2026-08-27,P,740.0,0.0,0.01,0.0,1898.0,0.01,0.5145,-0.0041,0.0011,-0.0143,0.0026,0.0,12.0,1521.0
2026-08-27 10:45:52,2026-08-27T10:30:15,769.505,2026-08-27,C,741.0,27.09,29.33,43.0,43.0,24.06,0.0,0.9957,0.0011,-0.0144,0.0026,0.0,0.0,5.0
2026-08-27 10:45:52,2026-08-27T10:30:15,769.505,2026-08-27,P,741.0,0.0,0.01,0.0,2668.0,0.01,0.4983,-0.0043,0.0011,-0.0144,0.0026,0.0,485.0,686.0
2026-08-27 10:45:52,2026-08-27T10:30:15,769.505,2026-08-27,C,742.0,26.09,28.31,50.0,50.0,27.0,0.0,0.9955,0.0012,-0.0145,0.0027,0.0,1.0,24.0
2026-08-27 10:45:52,2026-08-27T10:30:15,769.505,2026-08-27,P,742.0,0.0,0.01,0.0,2667.0,0.01,0.4821,-0.0045,0.0012,-0.0145,0.0027,0.0,82.0,680.0
2026-08-27 10:45:52,2026-08-27T10:30:15,769.505,2026-08-27,C,743.0,25.09,27.31,49.0,43.0,23.21,0.0,0.9954,0.0013,-0.0147,0.0028,0.0,0.0,8.0
2026-08-27 10:45:52,2026-08-27T10:30:15,769.505,2026-08-27,P,743.0,0.0,0.01,0.0,1802.0,0.01,0.4658,-0.0046,0.0013,-0.0147,0.0028,0.0,75.0,580.0
2026-08-27 10:45:52,2026-08-27T10:30:15,769.505,2026-08-27,C,744.0,24.1,26.31,43.0,43.0,22.7,0.0,0.9952,0.0014,-0.0148,0.003,0.0,0.0,24.0
2026-08-27 10:45:52,2026-08-27T10:30:15,769.505,2026-08-27,P,744.0,0.0,0.01,0.0,1898.0,0.01,0.4496,-0.0048,0.0014,-0.0148,0.003,0.0,283.0,1156.0
2026-08-27 10:45:52,2026-08-27T10:30:15,769.505,2026-08-27,C,745.0,23.1,25.31,49.0,43.0,23.29,0.0,0.995,0.0015,-0.015,0.0031,0.0,2.0,16.0
2026-08-27 10:45:52,2026-08-27T10:30:15,769.505,2026-08-27,P,745.0,0.0,0.01,0.0,3465.0,0.01,0.4333,-0.005,0.0015,-0.015,0.0031,0.0,1580.0,2626.0
2026-08-27 10:45:52,2026-08-27T10:30:15,769.505,2026-08-27,C,746.0,22.1,23.92,50.0,45.0,22.4,0.0,0.9947,0.0016,-0.0152,0.0032,0.0,2.0,56.0
2026-08-27 10:45:52,2026-08-27T10:30:15,769.505,2026-08-27,P,746.0,0.01,0.02,1993.0,3590.0,0.02,0.4653,-0.0053,0.0016,-0.0152,0.0032,0.0,9955.0,5788.0
2026-08-27 10:45:52,2026-08-27T10:30:15,769.505,2026-08-27,C,747.0,21.1,22.92,100.0,100.0,20.08,0.0,0.9945,0.0018,-0.0154,0.0034,0.0,0.0,57.0
2026-08-27 10:45:52,2026-08-27T10:30:15,769.505,2026-08-27,P,747.0,0.01,0.02,2156.0,3538.0,0.02,0.4474,-0.0055,0.0018,-0.0154,0.0034,0.0,10441.0,12314.0
2026-08-27 10:45:52,2026-08-27T10:30:15,769.505,2026-08-27,C,748.0,21.46,21.88,100.0,100.0,20.54,0.5566,0.9942,0.0019,-0.0157,0.0035,0.0,1.0,78.0
2026-08-27 10:45:52,2026-08-27T10:30:15,769.505,2026-08-27,P,748.0,0.01,0.02,2288.0,3711.0,0.01,0.4294,-0.0058,0.0019,-0.0157,0.0035,0.0,1056.0,2141.0
2026-08-27 10:45:52,2026-08-27T10:30:15,769.505,2026-08-27,C,749.0,20.4,20.92,100.0,100.0,17.94,0.5215,0.9939,0.0021,-0.016,0.0037,0.0,0.0,134.0
2026-08-27 10:45:52,2026-08-27T10:30:15,769.505,2026-08-27,P,749.0,0.01,0.02,2593.0,3710.0,0.01,0.4114,-0.0061,0.0021,-0.016,0.0037,0.0,5472.0,957.0
2026-08-27 10:45:52,2026-08-27T10:30:15,769.505,2026-08-27,C,750.0,19.46,19.68,100.0,100.0,18.51,0.4576,0.9935,0.0023,-0.0163,0.0039,0.0,4.0,235.0
2026-08-27 10:45:52,2026-08-27T10:30:15,769.505,2026-08-27,P,750.0,0.01,0.02,2806.0,3608.0,0.02,0.3933,-0.0065,0.0023,-0.0163,0.0039,0.0,2098.0,7475.0
2026-08-27 10:45:52,2026-08-27T10:30:15,769.505,2026-08-27,C,751.0,18.47,18.93,5.0,50.0,17.01,0.5245,0.9931,0.0025,-0.0167,0.0041,0.0,2.0,51.0
2026-08-27 10:45:52,2026-08-27T10:30:15,769.505,2026-08-27,P,751.0,0.01,0.02,3283.0,3501.0,0.01,0.3752,-0.0069,0.0025,-0.0167,0.0041,0.0,3291.0,2036.0
2026-08-27 10:45:52,2026-08-27T10:30:15,769.505,2026-08-27,C,752.0,16.11,17.93,100.0,100.0,16.93,0.0,0.9926,0.0028,-0.0173,0.0044,0.0,2.0,50.0
2026-08-27 10:45:52,2026-08-27T10:30:15,769.505,2026-08-27,P,752.0,0.01,0.02,3244.0,3398.0,0.02,0.357,-0.0074,0.0028,-0.0173,0.0044,0.0,3488.0,6184.0
2026-08-27 10:45:52,2026-08-27T10:30:15,769.505,2026-08-27,C,753.0,16.47,16.66,100.0,1.0,16.57,0.4119,0.992,0.0031,-0.0179,0.0047,0.0,11.0,224.0
2026-08-27 10:45:52,2026-08-27T10:30:15,769.505,2026-08-27,P,753.0,0.01,0.02,3369.0,3418.0,0.01,0.3387,-0.008,0.0031,-0.0179,0.0047,0.0,1365.0,1905.0
2026-08-27 10:45:52,2026-08-27T10:30:15,769.505,2026-08-27,C,754.0,15.47,15.67,69.0,100.0,15.15,0.3634,0.9913,0.0036,-0.0188,0.0051,0.0,25.0,155.0
2026-08-27 10:45:52,2026-08-27T10:30:15,769.505,2026-08-27,P,754.0,0.01,0.02,3439.0,3321.0,0.02,0.3204,-0.0087,0.0036,-0.0188,0.0051,0.0,1567.0,2518.0
2026-08-27 10:45:52,2026-08-27T10:30:15,769.505,2026-08-27,C,755.0,14.47,14.68,15.0,51.0,13.74,0.3544,0.9904,0.0041,-0.0199,0.0056,0.0,34.0,243.0
2026-08-27 10:45:52,2026-08-27T10:30:15,769.505,2026-08-27,P,755.0,0.02,0.03,1002.0,3725.0,0.02,0.3218,-0.0096,0.0041,-0.0199,0.0056,0.0,3925.0,6635.0
2026-08-27 10:45:52,2026-08-27T10:30:15,769.505,2026-08-27,C,756.0,12.11,13.94,100.0,100.0,12.13,0.0,0.9893,0.0048,-0.0214,0.0062,0.0,2.0,180.0
2026-08-27 10:45:52,2026-08-27T10:30:15,769.505,2026-08-27,P,756.0,0.02,0.03,1577.0,3683.0,0.02,0.3023,-0.0107,0.0048,-0.0214,0.0062,0.0,8535.0,2466.0
2026-08-27 10:45:52,2026-08-27T10:30:15,769.505,2026-08-27,C,757.0,12.47,12.68,24.0,81.0,12.39,0.3073,0.9878,0.0056,-0.0235,0.0069,0.0,31.0,369.0
2026-08-27 10:45:52,2026-08-27T10:30:15,769.505,2026-08-27,P,757.0,0.02,0.03,2657.0,3684.0,0.02,0.2827,-0.0122,0.0056,-0.0235,0.0069,0.0,2860.0,2179.0
2026-08-27 10:45:52,2026-08-27T10:30:15,769.505,2026-08-27,C,758.0,11.48,11.66,150.0,1.0,10.85,0.311,0.9858,0.0068,-0.0263,0.0079,0.0,79.0,994.0
2026-08-27 10:45:52,2026-08-27T10:30:15,769.505,2026-08-27,P,758.0,0.02,0.03,3410.0,3470.0,0.03,0.2629,-0.0142,0.0068,-0.0263,0.0079,0.0,7733.0,5271.0
2026-08-27 10:45:52,2026-08-27T10:30:15,769.505,2026-08-27,C,759.0,10.49,10.68,48.0,99.0,10.28,0.2695,0.983,0.0084,-0.0304,0.0092,0.0,111.0,244.0
2026-08-27 10:45:52,2026-08-27T10:30:15,769.505,2026-08-27,P,759.0,0.03,0.04,1301.0,3702.0,0.03,0.2551,-0.017,0.0084,-0.0304,0.0092,0.0,14121.0,5933.0
2026-08-27 10:45:52,2026-08-27T10:30:15,769.505,2026-08-27,C,760.0,9.49,9.67,60.0,70.0,9.52,0.2436,0.9791,0.0106,-0.0362,0.011,0.0,1239.0,840.0
2026-08-27 10:45:52,2026-08-27T10:30:15,769.505,2026-08-27,P,760.0,0.03,0.04,3205.0,3238.0,0.04,0.2342,-0.0209,0.0106,-0.0362,0.011,0.0,27065.0,6095.0
2026-08-27 10:45:52,2026-08-27T10:30:15,769.505,2026-08-27,C,761.0,8.51,8.69,56.0,71.0,8.41,0.2364,0.9734,0.0138,-0.0448,0.0134,0.0,215.0,745.0
2026-08-27 10:45:52,2026-08-27T10:30:15,769.505,2026-08-27,P,761.0,0.04,0.05,2695.0,2994.0,0.03,0.2219,-0.0266,0.0138,-0.0448,0.0134,0.0,31077.0,2929.0
2026-08-27 10:45:52,2026-08-27T10:30:15,769.505,2026-08-27,C,762.0,7.51,7.6,150.0,10.0,7.77,0.1961,0.9649,0.0184,-0.058,0.0168,0.0,550.0,690.0
2026-08-27 10:45:52,2026-08-27T10:30:15,769.505,2026-08-27,P,762.0,0.05,0.06,3117.0,2170.0,0.06,0.207,-0.0351,0.0184,-0.058,0.0168,0.0,39283.0,3422.0
2026-08-27 10:45:52,2026-08-27T10:30:15,769.505,2026-08-27,C,763.0,6.53,6.6,15.0,55.0,6.9,0.1811,0.952,0.0251,-0.0787,0.0215,0.0,1229.0,1330.0
2026-08-27 10:45:52,2026-08-27T10:30:15,769.505,2026-08-27,P,763.0,0.07,0.08,2751.0,622.0,0.07,0.1953,-0.048,0.0251,-0.0787,0.0215,0.0,38266.0,5031.0
2026-08-27 10:45:52,2026-08-27T10:30:15,769.505,2026-08-27,C,764.0,5.59,5.62,36.0,60.0,5.6,0.1734,0.9324,0.0349,-0.1113,0.0279,0.0,2352.0,1924.0
2026-08-27 10:45:52,2026-08-27T10:30:15,769.505,2026-08-27,P,764.0,0.11,0.12,1627.0,909.0,0.11,0.1838,-0.0676,0.0349,-0.1113,0.0279,0.0,35550.0,7873.0
2026-08-27 10:45:52,2026-08-27T10:30:15,769.505,2026-08-27,C,765.0,4.65,4.68,53.0,42.0,4.8,0.1661,0.9023,0.0487,-0.1634,0.0364,0.0,4211.0,4303.0
2026-08-27 10:45:52,2026-08-27T10:30:15,769.505,2026-08-27,P,765.0,0.16,0.17,2071.0,413.0,0.17,0.1767,-0.0977,0.0487,-0.1634,0.0364,0.0,53459.0,5495.0
2026-08-27 10:45:52,2026-08-27T10:30:15,769.505,2026-08-27,C,766.0,3.74,3.76,40.0,145.0,3.93,0.161,0.8569,0.0672,-0.2469,0.047,0.0,8772.0,5065.0
2026-08-27 10:45:52,2026-08-27T10:30:15,769.505,2026-08-27,P,766.0,0.25,0.26,1281.0,390.0,0.25,0.1666,-0.1431,0.0672,-0.2469,0.047,0.0,56896.0,5339.0
2026-08-27 10:45:52,2026-08-27T10:30:15,769.505,2026-08-27,C,767.0,2.89,2.91,4.0,131.0,2.89,0.1562,0.7903,0.0901,-0.3802,0.0592,0.0,30277.0,6518.0
2026-08-27 10:45:52,2026-08-27T10:30:15,769.505,2026-08-27,P,767.0,0.39,0.4,917.0,240.0,0.4,0.1596,-0.2097,0.0901,-0.3802,0.0592,0.0,96107.0,3089.0
2026-08-27 10:45:52,2026-08-27T10:30:15,769.505,2026-08-27,C,768.0,2.1,2.12,91.0,46.0,2.1,0.1495,0.6975,0.1144,-0.589,0.0709,0.0,89851.0,4522.0
2026-08-27 10:45:52,2026-08-27T10:30:15,769.505,2026-08-27,P,768.0,0.61,0.62,333.0,277.0,0.61,0.1538,-0.3025,0.1144,-0.589,0.0709,0.0,129500.0,2666.0
2026-08-27 10:45:52,2026-08-27T10:30:15,769.505,2026-08-27,C,769.0,1.42,1.43,24.0,139.0,1.41,0.1429,0.578,0.1338,-0.9038,0.0789,0.0,159497.0,7157.0
2026-08-27 10:45:52,2026-08-27T10:30:15,769.505,2026-08-27,P,769.0,0.93,0.94,318.0,113.0,0.94,0.1467,-0.422,0.1338,-0.9038,0.0789,0.0,71980.0,521.0
2026-08-27 10:45:52,2026-08-27T10:30:15,769.505,2026-08-27,C,770.0,0.88,0.89,119.0,378.0,0.88,0.1377,0.4401,0.14,-0.923,0.0795,0.0,179836.0,7702.0
2026-08-27 10:45:52,2026-08-27T10:30:15,769.505,2026-08-27,P,770.0,1.39,1.4,41.0,99.0,1.39,0.1427,-0.5599,0.14,-0.923,0.0795,0.0,20299.0,984.0
2026-08-27 10:45:52,2026-08-27T10:30:15,769.505,2026-08-27,C,771.0,0.49,0.5,178.0,398.0,0.49,0.1347,0.3014,0.1273,-0.5238,0.0709,0.0,118789.0,5376.0
2026-08-27 10:45:52,2026-08-27T10:30:15,769.505,2026-08-27,P,771.0,1.98,2.01,200.0,115.0,2.0,0.1375,-0.6986,0.1273,-0.5238,0.0709,0.0,5627.0,1468.0
2026-08-27 10:45:52,2026-08-27T10:30:15,769.505,2026-08-27,C,772.0,0.25,0.26,314.0,1006.0,0.25,0.1328,0.1848,0.0988,-0.2719,0.0553,0.0,80892.0,4406.0
2026-08-27 10:45:52,2026-08-27T10:30:15,769.505,2026-08-27,P,772.0,2.74,2.76,100.0,41.0,2.66,0.1374,-0.8152,0.0988,-0.2719,0.0553,0.0,2342.0,555.0
2026-08-27 10:45:52,2026-08-27T10:30:15,769.505,2026-08-27,C,773.0,0.12,0.13,689.0,1306.0,0.13,0.135,0.1047,0.0666,-0.1358,0.0386,0.0,59212.0,3955.0
2026-08-27 10:45:52,2026-08-27T10:30:15,769.505,2026-08-27,P,773.0,3.62,3.65,56.0,37.0,3.45,0.1416,-0.8953,0.0666,-0.1358,0.0386,0.0,838.0,1148.0
2026-08-27 10:45:52,2026-08-27T10:30:15,769.505,2026-08-27,C,774.0,0.07,0.08,54.0,2663.0,0.07,0.1418,0.0579,0.0413,-0.0691,0.0254,0.0,44334.0,9159.0
2026-08-27 10:45:52,2026-08-27T10:30:15,769.505,2026-08-27,P,774.0,4.43,4.61,50.0,60.0,4.61,0.125,-0.9421,0.0413,-0.0691,0.0254,0.0,596.0,763.0
2026-08-27 10:45:52,2026-08-27T10:30:15,769.505,2026-08-27,C,775.0,0.04,0.05,591.0,3634.0,0.05,0.1508,0.0335,0.0253,-0.0385,0.0167,0.0,21478.0,8218.0
2026-08-27 10:45:52,2026-08-27T10:30:15,769.505,2026-08-27,P,775.0,5.41,5.6,1.0,45.0,5.34,0.1194,-0.9665,0.0253,-0.0385,0.0167,0.0,740.0,858.0
2026-08-27 10:45:52,2026-08-27T10:30:15,769.505,2026-08-27,C,776.0,0.02,0.03,2600.0,2707.0,0.03,0.1572,0.0217,0.0164,-0.0251,0.0118,0.0,12877.0,4528.0
2026-08-27 10:45:52,2026-08-27T10:30:15,769.505,2026-08-27,P,776.0,6.17,6.58,15.0,60.0,6.29,0.0,-0.9783,0.0164,-0.0251,0.0118,0.0,52.0,94.0
2026-08-27 10:45:52,2026-08-27T10:30:15,769.505,2026-08-27,C,777.0,0.02,0.03,1115.0,3238.0,0.02,0.1776,0.0156,0.0114,-0.0186,0.0089,0.0,3321.0,4442.0
2026-08-27 10:45:52,2026-08-27T10:30:15,769.505,2026-08-27,P,777.0,7.37,7.56,138.0,2.0,7.47,0.0,-0.9844,0.0114,-0.0186,0.0089,0.0,113.0,199.0
2026-08-27 10:45:52,2026-08-27T10:30:15,769.505,2026-08-27,C,778.0,0.01,0.02,2882.0,2967.0,0.01,0.1843,0.0122,0.0085,-0.0154,0.0072,0.0,2652.0,2468.0
2026-08-27 10:45:52,2026-08-27T10:30:15,769.505,2026-08-27,P,778.0,8.14,8.56,179.0,24.0,8.17,0.0,-0.9878,0.0085,-0.0154,0.0072,0.0,152.0,0.0
2026-08-27 10:45:52,2026-08-27T10:30:15,769.505,2026-08-27,C,779.0,0.01,0.02,3808.0,2992.0,0.02,0.203,0.0103,0.0068,-0.0139,0.0062,0.0,1108.0,2257.0
2026-08-27 10:45:52,2026-08-27T10:30:15,769.505,2026-08-27,P,779.0,9.14,9.56,171.0,100.0,9.74,0.0,-0.9897,0.0068,-0.0139,0.0062,0.0,15.0,0.0
2026-08-27 10:45:52,2026-08-27T10:30:15,769.505,2026-08-27,C,780.0,0.01,0.02,1622.0,3131.0,0.01,0.2215,0.0092,0.0056,-0.0131,0.0056,0.0,4837.0,5535.0
2026-08-27 10:45:52,2026-08-27T10:30:15,769.505,2026-08-27,P,780.0,10.14,10.56,100.0,81.0,10.6,0.0,-0.9908,0.0056,-0.0131,0.0056,0.0,30.0,1.0
2026-08-27 10:45:52,2026-08-27T10:30:15,769.505,2026-08-27,C,781.0,0.0,0.01,0.0,2858.0,0.01,0.212,0.0084,0.0048,-0.0128,0.0051,0.0,5703.0,1478.0
2026-08-27 10:45:52,2026-08-27T10:30:15,769.505,2026-08-27,P,781.0,11.26,11.56,100.0,150.0,11.3,0.0,-0.9916,0.0048,-0.0128,0.0051,0.0,5.0,1.0
2026-08-27 10:45:52,2026-08-27T10:30:15,769.505,2026-08-27,C,782.0,0.0,0.01,0.0,3521.0,0.01,0.2284,0.0077,0.0042,-0.0126,0.0047,0.0,254.0,2919.0
2026-08-27 10:45:52,2026-08-27T10:30:15,769.505,2026-08-27,P,782.0,12.1,13.43,100.0,80.0,16.55,0.4409,-0.9923,0.0042,-0.0126,0.0047,0.0,0.0,0.0
2026-08-27 10:45:52,2026-08-27T10:30:15,769.505,2026-08-27,C,783.0,0.0,0.01,0.0,2692.0,0.01,0.2447,0.0072,0.0037,-0.0125,0.0044,0.0,367.0,1573.0
2026-08-27 10:45:52,2026-08-27T10:30:15,769.505,2026-08-27,P,783.0,13.09,14.91,100.0,100.0,16.79,0.5364,-0.9928,0.0037,-0.0125,0.0044,0.0,0.0,0.0
2026-08-27 10:45:52,2026-08-27T10:30:15,769.505,2026-08-27,C,784.0,0.0,0.01,0.0,2692.0,0.01,0.2609,0.0068,0.0033,-0.0124,0.0042,0.0,12.0,1820.0
2026-08-27 10:45:52,2026-08-27T10:30:15,769.505,2026-08-27,P,784.0,14.09,15.91,100.0,100.0,18.93,0.5646,-0.9932,0.0033,-0.0124,0.0042,0.0,0.0,0.0
2026-08-27 10:45:52,2026-08-27T10:30:15,769.505,2026-08-27,C,785.0,0.0,0.01,0.0,2692.0,0.01,0.277,0.0064,0.0029,-0.0123,0.004,0.0,12.0,1464.0
2026-08-27 10:45:52,2026-08-27T10:30:15,769.505,2026-08-27,P,785.0,15.09,16.91,100.0,100.0,19.97,0.5925,-0.9936,0.0029,-0.0123,0.004,0.0,0.0,0.0
2026-08-27 10:45:52,2026-08-27T10:30:15,769.505,2026-08-27,C,786.0,0.0,0.01,0.0,2692.0,0.01,0.2929,0.0061,0.0026,-0.0122,0.0037,0.0,448.0,1211.0
2026-08-27 10:45:52,2026-08-27T10:30:15,769.505,2026-08-27,P,786.0,16.09,17.91,100.0,100.0,20.55,0.62,-0.9939,0.0026,-0.0122,0.0037,0.0,0.0,0.0
2026-08-27 10:45:52,2026-08-27T10:30:15,769.505,2026-08-27,C,787.0,0.0,0.01,0.0,2060.0,0.01,0.3088,0.0058,0.0024,-0.0121,0.0036,0.0,12.0,3748.0
2026-08-27 10:45:52,2026-08-27T10:30:15,769.505,2026-08-27,P,787.0,17.13,18.91,100.0,100.0,19.79,0.6531,-0.9942,0.0024,-0.0121,0.0036,0.0,10.0,0.0
2026-08-27 10:45:52,2026-08-27T10:30:15,769.505,2026-08-27,C,788.0,0.0,0.01,0.0,2692.0,0.01,0.3246,0.0055,0.0022,-0.012,0.0034,0.0,124.0,1662.0
2026-08-27 10:45:52,2026-08-27T10:30:15,769.505,2026-08-27,P,788.0,18.13,18.55,49.0,15.0,23.87,0.0,-0.9945,0.0022,-0.012,0.0034,0.0,0.0,0.0
2026-08-27 10:45:52,2026-08-27T10:30:15,769.505,2026-08-27,C,789.0,0.0,0.01,0.0,2717.0,0.01,0.3403,0.0052,0.002,-0.0119,0.0032,0.0,34.0,1705.0
2026-08-27 10:45:52,2026-08-27T10:30:15,769.505,2026-08-27,P,789.0,19.13,20.91,100.0,100.0,22.03,0.707,-0.9948,0.002,-0.0119,0.0032,0.0,0.0,0.0
2026-08-27 10:45:52,2026-08-27T10:30:15,769.505,2026-08-27,C,790.0,0.0,0.01,0.0,2159.0,0.01,0.3559,0.005,0.0018,-0.0118,0.0031,0.0,34.0,294.0
2026-08-27 10:45:52,2026-08-27T10:30:15,769.505,2026-08-27,P,790.0,20.13,21.91,100.0,100.0,21.57,0.7335,-0.995,0.0018,-0.0118,0.0031,0.0,4.0,2.0
2026-08-27 10:45:52,2026-08-27T10:30:15,769.505,2026-08-27,C,791.0,0.0,0.01,0.0,1693.0,0.01,0.3714,0.0048,0.0017,-0.0118,0.003,0.0,8.0,479.0
2026-08-27 10:45:52,2026-08-27T10:30:15,769.505,2026-08-27,P,791.0,21.09,22.91,100.0,100.0,23.85,0.7534,-0.9952,0.0017,-0.0118,0.003,0.0,0.0,0.0
2026-08-27 10:45:52,2026-08-27T10:30:15,769.505,2026-08-27,C,792.0,0.0,0.01,0.0,1714.0,0.01,0.3868,0.0046,0.0016,-0.0117,0.0029,0.0,2.0,563.0
2026-08-27 10:45:52,2026-08-27T10:30:15,769.505,2026-08-27,P,792.0,22.03,23.91,100.0,100.0,26.8,0.7693,-0.9954,0.0016,-0.0117,0.0029,0.0,0.0,0.0
2026-08-27 10:45:52,2026-08-27T10:30:15,769.505,2026-08-27,C,793.0,0.0,0.01,0.0,2218.0,0.02,0.4022,0.0044,0.0015,-0.0116,0.0028,0.0,0.0,582.0
2026-08-27 10:45:52,2026-08-27T10:30:15,769.505,2026-08-27,P,793.0,23.15,24.91,45.0,50.0,23.51,0.8151,-0.9956,0.0015,-0.0116,0.0028,0.0,2.0,0.0
2026-08-27 10:45:52,2026-08-27T10:30:15,769.505,2026-08-27,C,794.0,0.0,0.01,0.0,2218.0,0.01,0.4175,0.0042,0.0014,-0.0115,0.0026,0.0,0.0,133.0
2026-08-27 10:45:52,2026-08-27T10:30:15,769.505,2026-08-27,P,794.0,23.7,25.91,43.0,43.0,29.84,0.7563,-0.9958,0.0014,-0.0115,0.0026,0.0,0.0,0.0
2026-08-27 10:45:52,2026-08-27T10:30:15,769.505,2026-08-27,C,795.0,0.0,0.01,0.0,3485.0,0.01,0.4328,0.0041,0.0013,-0.0114,0.0026,0.0,9.0,71.0
2026-08-27 10:45:52,2026-08-27T10:30:15,769.505,2026-08-27,P,795.0,24.7,26.91,49.0,49.0,30.48,0.7801,-0.9959,0.0013,-0.0114,0.0026,0.0,0.0,0.0
2026-08-27 10:45:52,2026-08-27T10:30:15,769.505,2026-08-27,C,796.0,0.0,0.01,0.0,1794.0,0.01,0.4479,0.0039,0.0012,-0.0114,0.0025,0.0,4.0,117.0
2026-08-27 10:45:52,2026-08-27T10:30:15,769.505,2026-08-27,P,796.0,25.7,27.91,43.0,43.0,29.1,0.8038,-0.9961,0.0012,-0.0114,0.0025,0.0,0.0,0.0
2026-08-27 10:45:52,2026-08-27T10:30:15,769.505,2026-08-27,C,797.0,0.0,0.01,0.0,2218.0,0.01,0.463,0.0038,0.0011,-0.0113,0.0024,0.0,3.0,30.0
2026-08-27 10:45:52,2026-08-27T10:30:15,769.505,2026-08-27,P,797.0,26.7,28.91,43.0,43.0,31.86,0.8273,-0.9962,0.0011,-0.0113,0.0024,0.0,0.0,0.0
2026-08-27 10:45:52,2026-08-27T10:30:15,769.505,2026-08-27,C,798.0,0.0,0.01,0.0,2218.0,0.01,0.4781,0.0037,0.0011,-0.0112,0.0023,0.0,0.0,50.0
2026-08-27 10:45:52,2026-08-27T10:30:15,769.505,2026-08-27,P,798.0,28.26,29.91,43.0,44.0,29.66,0.9613,-0.9963,0.0011,-0.0112,0.0023,0.0,1.0,0.0
2026-08-27 10:45:52,2026-08-27T10:30:15,769.505,2026-08-27,C,799.0,0.0,0.01,0.0,2218.0,0.02,0.493,0.0036,0.001,-0.0111,0.0022,0.0,0.0,59.0
2026-08-27 10:45:52,2026-08-27T10:30:15,769.505,2026-08-27,P,799.0,28.7,30.91,43.0,43.0,31.53,0.8739,-0.9964,0.001,-0.0111,0.0022,0.0,0.0,0.0
2026-08-27 10:45:52,2026-08-27T10:30:15,769.505,2026-08-27,C,800.0,0.0,0.01,0.0,5259.0,0.01,0.508,0.0034,0.0009,-0.011,0.0022,0.0,0.0,245.0
2026-08-27 10:45:52,2026-08-27T10:30:15,769.505,2026-08-27,P,800.0,29.92,31.91,43.0,43.0,33.4,0.946,-0.9966,0.0009,-0.011,0.0022,0.0,0.0,0.0
2026-08-27 10:45:52,2026-08-27T10:30:15,769.505,2026-08-27,C,801.0,0.0,0.01,0.0,2218.0,0.01,0.5228,0.0033,0.0009,-0.011,0.0021,0.0,0.0,18.0
2026-08-27 10:45:52,2026-08-27T10:30:15,769.505,2026-08-27,P,801.0,30.91,32.91,35.0,35.0,34.58,0.9677,-0.9967,0.0009,-0.011,0.0021,0.0,0.0,0.0
2026-08-27 10:45:52,2026-08-27T10:30:15,769.505,2026-08-27,C,802.0,0.0,0.01,0.0,2218.0,0.01,0.5377,0.0032,0.0008,-0.0109,0.002,0.0,0.0,58.0
2026-08-27 10:45:52,2026-08-27T10:30:15,769.505,2026-08-27,P,802.0,31.91,33.91,35.0,35.0,36.19,0.9913,-0.9968,0.0008,-0.0109,0.002,0.0,0.0,0.0
2026-08-27 10:45:52,2026-08-27T10:30:15,769.505,2026-08-27,C,803.0,0.0,0.01,0.0,2218.0,0.02,0.5524,0.0031,0.0008,-0.0108,0.002,0.0,0.0,64.0
2026-08-27 10:45:52,2026-08-27T10:30:15,769.505,2026-08-27,P,803.0,31.71,35.15,5.0,1.0,0.0,0.0,-0.9969,0.0008,-0.0108,0.002,0.0,0.0,0.0
2026-08-27 10:45:52,2026-08-27T10:30:15,769.505,2026-08-27,C,804.0,0.0,0.01,0.0,2218.0,0.03,0.5671,0.0031,0.0008,-0.0107,0.0019,0.0,0.0,33.0
2026-08-27 10:45:52,2026-08-27T10:30:15,769.505,2026-08-27,P,804.0,32.96,36.15,1.0,2.0,0.0,0.9197,-0.997,0.0008,-0.0107,0.0019,0.0,0.0,0.0
2026-08-27 10:45:52,2026-08-27T10:30:15,769.505,2026-08-27,C,805.0,0.0,0.01,0.0,2218.0,0.01,0.5818,0.003,0.0007,-0.0107,0.0019,0.0,0.0,315.0
2026-08-27 10:45:52,2026-08-27T10:30:15,769.505,2026-08-27,P,805.0,33.71,37.15,1.0,2.0,39.15,0.0,-0.997,0.0007,-0.0107,0.0019,0.0,0.0,0.0
2026-08-27 10:45:52,2026-08-27T10:30:15,769.505,2026-08-27,C,806.0,0.0,0.01,0.0,2218.0,0.02,0.5964,0.0029,0.0007,-0.0106,0.0018,0.0,0.0,315.0
2026-08-27 10:45:52,2026-08-27T10:30:15,769.505,2026-08-27,P,806.0,34.96,38.15,1.0,2.0,0.0,0.9623,-0.9971,0.0007,-0.0106,0.0018,0.0,0.0,0.0
2026-08-27 10:45:52,2026-08-27T10:30:15,769.505,2026-08-27,C,807.0,0.0,0.01,0.0,2218.0,0.0,0.611,0.0028,0.0006,-0.0105,0.0018,0.0,0.0,0.0
2026-08-27 10:45:52,2026-08-27T10:30:15,769.505,2026-08-27,P,807.0,37.38,37.6,35.0,35.0,37.88,0.0,-0.9972,0.0006,-0.0105,0.0018,0.0,2.0,0.0
2026-08-27 10:50:53,2026-08-27T10:35:15,769.505,2026-08-27,C,732.0,35.69,38.95,49.0,50.0,33.52,0.0,0.9968,0.0007,-0.0134,0.002,0.0,0.0,1.0
2026-08-27 10:50:53,2026-08-27T10:35:15,769.505,2026-08-27,P,732.0,0.0,0.01,0.0,2693.0,0.03,0.6465,-0.0032,0.0007,-0.0134,0.002,0.0,0.0,6718.0
2026-08-27 10:50:53,2026-08-27T10:35:15,769.505,2026-08-27,C,733.0,34.69,37.96,49.0,50.0,33.04,0.0,0.9967,0.0007,-0.0135,0.0021,0.0,0.0,0.0
2026-08-27 10:50:53,2026-08-27T10:35:15,769.505,2026-08-27,P,733.0,0.0,0.01,0.0,2693.0,0.02,0.6303,-0.0033,0.0007,-0.0135,0.0021,0.0,0.0,2383.0
2026-08-27 10:50:53,2026-08-27T10:35:15,769.505,2026-08-27,C,734.0,33.66,36.96,191.0,50.0,32.39,0.0,0.9966,0.0008,-0.0136,0.0021,0.0,0.0,1.0
2026-08-27 10:50:53,2026-08-27T10:35:15,769.505,2026-08-27,P,734.0,0.0,0.01,0.0,2693.0,0.02,0.614,-0.0034,0.0008,-0.0136,0.0021,0.0,2.0,2467.0
2026-08-27 10:50:53,2026-08-27T10:35:15,769.505,2026-08-27,C,735.0,34.27,34.53,50.0,44.0,33.3,0.0,0.9965,0.0008,-0.0137,0.0022,0.0,1.0,6.0
2026-08-27 10:50:53,2026-08-27T10:35:15,769.505,2026-08-27,P,735.0,0.0,0.01,0.0,2603.0,0.01,0.5978,-0.0035,0.0008,-0.0137,0.0022,0.0,15.0,526.0
2026-08-27 10:50:53,2026-08-27T10:35:15,769.505,2026-08-27,C,736.0,31.69,34.96,49.0,50.0,30.47,0.0,0.9964,0.0008,-0.0138,0.0022,0.0,0.0,3.0
2026-08-27 10:50:53,2026-08-27T10:35:15,769.505,2026-08-27,P,736.0,0.0,0.01,0.0,2603.0,0.01,0.5816,-0.0036,0.0008,-0.0138,0.0022,0.0,0.0,227.0
2026-08-27 10:50:53,2026-08-27T10:35:15,769.505,2026-08-27,C,737.0,30.69,33.96,49.0,45.0,29.89,0.0,0.9962,0.0009,-0.014,0.0023,0.0,0.0,3.0
2026-08-27 10:50:53,2026-08-27T10:35:15,769.505,2026-08-27,P,737.0,0.0,0.01,0.0,2603.0,0.01,0.5653,-0.0038,0.0009,-0.014,0.0023,0.0,11.0,627.0
2026-08-27 10:50:53,2026-08-27T10:35:15,769.505,2026-08-27,C,738.0,29.69,32.96,49.0,45.0,28.46,0.0,0.9961,0.001,-0.0141,0.0024,0.0,0.0,2.0
2026-08-27 10:50:53,2026-08-27T10:35:15,769.505,2026-08-27,P,738.0,0.0,0.01,0.0,2603.0,0.01,0.549,-0.0039,0.001,-0.0141,0.0024,0.0,137.0,563.0
2026-08-27 10:50:53,2026-08-27T10:35:15,769.505,2026-08-27,C,739.0,29.09,31.96,50.0,46.0,28.36,0.7048,0.996,0.001,-0.0142,0.0025,0.0,1.0,3.0
2026-08-27 10:50:53,2026-08-27T10:35:15,769.505,2026-08-27,P,739.0,0.0,0.01,0.0,2668.0,0.01,0.5327,-0.004,0.001,-0.0142,0.0025,0.0,10.0,378.0
2026-08-27 10:50:53,2026-08-27T10:35:15,769.505,2026-08-27,C,740.0,27.66,30.06,232.0,221.0,26.78,0.0,0.9958,0.0011,-0.0143,0.0026,0.0,0.0,4.0
2026-08-27 10:50:53,2026-08-27T10:35:15,769.505,2026-08-27,P,740.0,0.0,0.01,0.0,2669.0,0.01,0.5164,-0.0042,0.0011,-0.0143,0.0026,0.0,12.0,1521.0
2026-08-27 10:50:53,2026-08-27T10:35:15,769.505,2026-08-27,C,741.0,26.66,29.92,189.0,45.0,24.06,0.0,0.9957,0.0012,-0.0145,0.0026,0.0,0.0,5.0
2026-08-27 10:50:53,2026-08-27T10:35:15,769.505,2026-08-27,P,741.0,0.0,0.01,0.0,2668.0,0.01,0.5001,-0.0043,0.0012,-0.0145,0.0026,0.0,485.0,686.0
2026-08-27 10:50:53,2026-08-27T10:35:15,769.505,2026-08-27,C,742.0,25.66,28.92,238.0,51.0,27.0,0.0,0.9955,0.0012,-0.0146,0.0027,0.0,1.0,24.0
2026-08-27 10:50:53,2026-08-27T10:35:15,769.505,2026-08-27,P,742.0,0.0,0.01,0.0,2667.0,0.01,0.4837,-0.0045,0.0012,-0.0146,0.0027,0.0,82.0,680.0
2026-08-27 10:50:53,2026-08-27T10:35:15,769.505,2026-08-27,C,743.0,24.7,27.93,232.0,50.0,23.21,0.0,0.9953,0.0013,-0.0148,0.0028,0.0,0.0,8.0
2026-08-27 10:50:53,2026-08-27T10:35:15,769.505,2026-08-27,P,743.0,0.0,0.01,0.0,2697.0,0.01,0.4674,-0.0047,0.0013,-0.0148,0.0028,0.0,75.0,580.0
2026-08-27 10:50:53,2026-08-27T10:35:15,769.505,2026-08-27,C,744.0,23.7,26.93,232.0,50.0,22.7,0.0,0.9951,0.0014,-0.0149,0.003,0.0,0.0,24.0
2026-08-27 10:50:53,2026-08-27T10:35:15,769.505,2026-08-27,P,744.0,0.0,0.01,0.0,2697.0,0.01,0.451,-0.0049,0.0014,-0.0149,0.003,0.0,285.0,1156.0
2026-08-27 10:50:53,2026-08-27T10:35:15,769.505,2026-08-27,C,745.0,22.68,25.93,232.0,50.0,23.29,0.0,0.9949,0.0015,-0.0151,0.0031,0.0,2.0,16.0
2026-08-27 10:50:53,2026-08-27T10:35:15,769.505,2026-08-27,P,745.0,0.0,0.01,0.0,2780.0,0.01,0.4345,-0.0051,0.0015,-0.0151,0.0031,0.0,1816.0,2626.0
2026-08-27 10:50:53,2026-08-27T10:35:15,769.505,2026-08-27,C,746.0,21.67,24.97,50.0,51.0,22.4,0.0,0.9947,0.0016,-0.0153,0.0032,0.0,2.0,56.0
2026-08-27 10:50:53,2026-08-27T10:35:15,769.505,2026-08-27,P,746.0,0.01,0.02,2151.0,3427.0,0.01,0.4666,-0.0053,0.0016,-0.0153,0.0032,0.0,10427.0,5788.0
2026-08-27 10:50:53,2026-08-27T10:35:15,769.505,2026-08-27,C,747.0,20.7,23.62,166.0,169.0,20.08,0.0,0.9944,0.0018,-0.0155,0.0034,0.0,0.0,57.0
2026-08-27 10:50:53,2026-08-27T10:35:15,769.505,2026-08-27,P,747.0,0.01,0.02,2145.0,3233.0,0.02,0.4486,-0.0056,0.0018,-0.0155,0.0034,0.0,10441.0,12314.0
2026-08-27 10:50:53,2026-08-27T10:35:15,769.505,2026-08-27,C,748.0,21.17,22.62,170.0,237.0,20.54,0.723,0.9942,0.0019,-0.0158,0.0035,0.0,1.0,78.0
2026-08-27 10:50:53,2026-08-27T10:35:15,769.505,2026-08-27,P,748.0,0.01,0.02,2156.0,3734.0,0.01,0.4305,-0.0058,0.0019,-0.0158,0.0035,0.0,1056.0,2141.0
2026-08-27 10:50:53,2026-08-27T10:35:15,769.505,2026-08-27,C,749.0,20.06,21.0,166.0,173.0,17.94,0.5029,0.9938,0.0021,-0.0161,0.0037,0.0,0.0,134.0
2026-08-27 10:50:53,2026-08-27T10:35:15,769.505,2026-08-27,P,749.0,0.01,0.02,2557.0,3729.0,0.02,0.4123,-0.0062,0.0021,-0.0161,0.0037,0.0,5475.0,957.0
2026-08-27 10:50:53,2026-08-27T10:35:15,769.505,2026-08-27,C,750.0,19.32,19.54,163.0,44.0,18.51,0.0,0.9935,0.0023,-0.0164,0.0039,0.0,4.0,235.0
2026-08-27 10:50:53,2026-08-27T10:35:15,769.505,2026-08-27,P,750.0,0.01,0.02,2807.0,3632.0,0.02,0.3941,-0.0065,0.0023,-0.0164,0.0039,0.0,2142.0,7475.0
2026-08-27 10:50:53,2026-08-27T10:35:15,769.505,2026-08-27,C,751.0,18.33,19.3,172.0,243.0,18.14,0.6115,0.993,0.0026,-0.0169,0.0041,0.0,13.0,51.0
2026-08-27 10:50:53,2026-08-27T10:35:15,769.505,2026-08-27,P,751.0,0.01,0.02,3275.0,3546.0,0.01,0.3758,-0.007,0.0026,-0.0169,0.0041,0.0,3297.0,2036.0
2026-08-27 10:50:53,2026-08-27T10:35:15,769.505,2026-08-27,C,752.0,16.11,18.62,167.0,241.0,16.93,0.0,0.9925,0.0028,-0.0174,0.0044,0.0,2.0,50.0
2026-08-27 10:50:53,2026-08-27T10:35:15,769.505,2026-08-27,P,752.0,0.01,0.02,3293.0,3476.0,0.01,0.3575,-0.0075,0.0028,-0.0174,0.0044,0.0,3504.0,6184.0
2026-08-27 10:50:53,2026-08-27T10:35:15,769.505,2026-08-27,C,753.0,16.35,16.54,188.0,164.0,16.57,0.0,0.9919,0.0032,-0.0182,0.0047,0.0,11.0,224.0
2026-08-27 10:50:53,2026-08-27T10:35:15,769.505,2026-08-27,P,753.0,0.01,0.02,3321.0,3389.0,0.01,0.3391,-0.0081,0.0032,-0.0182,0.0047,0.0,1372.0,1905.0
2026-08-27 10:50:53,2026-08-27T10:35:15,769.505,2026-08-27,C,754.0,15.29,15.54,173.0,183.0,15.21,0.0,0.9912,0.0036,-0.0191,0.0051,0.0,27.0,155.0
2026-08-27 10:50:53,2026-08-27T10:35:15,769.505,2026-08-27,P,754.0,0.01,0.02,3414.0,3452.0,0.01,0.3206,-0.0088,0.0036,-0.0191,0.0051,0.0,2122.0,2518.0
2026-08-27 10:50:53,2026-08-27T10:35:15,769.505,2026-08-27,C,755.0,14.32,14.54,175.0,44.0,13.74,0.0,0.9902,0.0042,-0.0203,0.0056,0.0,34.0,243.0
2026-08-27 10:50:53,2026-08-27T10:35:15,769.505,2026-08-27,P,755.0,0.02,0.03,1304.0,3745.0,0.02,0.3219,-0.0098,0.0042,-0.0203,0.0056,0.0,4356.0,6635.0
2026-08-27 10:50:53,2026-08-27T10:35:15,769.505,2026-08-27,C,756.0,11.68,14.63,238.0,160.0,12.13,0.0,0.989,0.0049,-0.022,0.0063,0.0,2.0,180.0
2026-08-27 10:50:53,2026-08-27T10:35:15,769.505,2026-08-27,P,756.0,0.02,0.03,1961.0,3716.0,0.02,0.3023,-0.011,0.0049,-0.022,0.0063,0.0,8802.0,2466.0
2026-08-27 10:50:53,2026-08-27T10:35:15,769.505,2026-08-27,C,757.0,12.3,12.54,96.0,20.0,12.39,0.0,0.9874,0.0058,-0.0243,0.007,0.0,31.0,369.0
2026-08-27 10:50:53,2026-08-27T10:35:15,769.505,2026-08-27,P,757.0,0.02,0.03,2333.0,3442.0,0.02,0.2825,-0.0126,0.0058,-0.0243,0.007,0.0,2960.0,2179.0
2026-08-27 10:50:53,2026-08-27T10:35:15,769.505,2026-08-27,C,758.0,11.29,11.55,179.0,125.0,11.19,0.0,0.9852,0.007,-0.0274,0.0081,0.0,80.0,994.0
2026-08-27 10:50:53,2026-08-27T10:35:15,769.505,2026-08-27,P,758.0,0.02,0.03,2846.0,3098.0,0.02,0.2626,-0.0148,0.007,-0.0274,0.0081,0.0,7775.0,5271.0
2026-08-27 10:50:53,2026-08-27T10:35:15,769.505,2026-08-27,C,759.0,10.3,10.55,96.0,44.0,10.29,0.0,0.9822,0.0087,-0.0319,0.0095,0.0,114.0,244.0
2026-08-27 10:50:53,2026-08-27T10:35:15,769.505,2026-08-27,P,759.0,0.03,0.04,1765.0,3306.0,0.04,0.2546,-0.0178,0.0087,-0.0319,0.0095,0.0,14130.0,5933.0
2026-08-27 10:50:53,2026-08-27T10:35:15,769.505,2026-08-27,C,760.0,9.36,9.55,113.0,18.0,9.47,0.0,0.9779,0.0111,-0.0385,0.0114,0.0,1316.0,840.0
2026-08-27 10:50:53,2026-08-27T10:35:15,769.505,2026-08-27,P,760.0,0.03,0.04,2641.0,2528.0,0.04,0.2336,-0.0221,0.0111,-0.0385,0.0114,0.0,28046.0,6095.0
2026-08-27 10:50:53,2026-08-27T10:35:15,769.505,2026-08-27,C,761.0,8.38,8.57,112.0,99.0,8.26,0.0,0.9717,0.0145,-0.0482,0.014,0.0,216.0,745.0
2026-08-27 10:50:53,2026-08-27T10:35:15,769.505,2026-08-27,P,761.0,0.04,0.05,2510.0,2458.0,0.04,0.2211,-0.0283,0.0145,-0.0482,0.014,0.0,31256.0,2929.0
2026-08-27 10:50:53,2026-08-27T10:35:15,769.505,2026-08-27,C,762.0,7.34,7.58,113.0,192.0,7.36,0.0,0.9624,0.0194,-0.0631,0.0176,0.0,556.0,690.0
2026-08-27 10:50:53,2026-08-27T10:35:15,769.505,2026-08-27,P,762.0,0.06,0.07,1086.0,3611.0,0.06,0.2123,-0.0376,0.0194,-0.0631,0.0176,0.0,42163.0,3422.0
2026-08-27 10:50:53,2026-08-27T10:35:15,769.505,2026-08-27,C,763.0,6.4,6.6,113.0,45.0,6.53,0.1603,0.9484,0.0265,-0.0861,0.0225,0.0,1245.0,1330.0
2026-08-27 10:50:53,2026-08-27T10:35:15,769.505,2026-08-27,P,763.0,0.08,0.09,620.0,2189.0,0.08,0.199,-0.0516,0.0265,-0.0861,0.0225,0.0,39099.0,5031.0
2026-08-27 10:50:53,2026-08-27T10:35:15,769.505,2026-08-27,C,764.0,5.59,5.62,36.0,56.0,5.54,0.1783,0.9272,0.0367,-0.1222,0.0292,0.0,2393.0,1924.0
2026-08-27 10:50:53,2026-08-27T10:35:15,769.505,2026-08-27,P,764.0,0.11,0.12,1509.0,1554.0,0.13,0.1897,-0.0728,0.0367,-0.1222,0.0292,0.0,43100.0,7873.0
2026-08-27 10:50:53,2026-08-27T10:35:15,769.505,2026-08-27,C,765.0,4.64,4.68,38.0,103.0,4.62,0.1719,0.8952,0.0508,-0.1791,0.0379,0.0,4296.0,4303.0
2026-08-27 10:50:53,2026-08-27T10:35:15,769.505,2026-08-27,P,765.0,0.17,0.18,509.0,1635.0,0.17,0.1776,-0.1048,0.0508,-0.1791,0.0379,0.0,55939.0,5495.0
2026-08-27 10:50:53,2026-08-27T10:35:15,769.505,2026-08-27,C,766.0,3.74,3.77,70.0,243.0,3.72,0.1654,0.8476,0.0696,-0.269,0.0486,0.0,8984.0,5065.0
2026-08-27 10:50:53,2026-08-27T10:35:15,769.505,2026-08-27,P,766.0,0.26,0.27,524.0,1334.0,0.26,0.1686,-0.1524,0.0696,-0.269,0.0486,0.0,58968.0,5339.0
2026-08-27 10:50:53,2026-08-27T10:35:15,769.505,2026-08-27,C,767.0,2.88,2.91,101.0,319.0,2.88,0.1584,0.7786,0.0923,-0.4107,0.0605,0.0,30896.0,6518.0
2026-08-27 10:50:53,2026-08-27T10:35:15,769.505,2026-08-27,P,767.0,0.4,0.41,298.0,857.0,0.41,0.1618,-0.2214,0.0923,-0.4107,0.0605,0.0,99286.0,3089.0
2026-08-27 10:50:53,2026-08-27T10:35:15,769.505,2026-08-27,C,768.0,2.1,2.12,50.0,82.0,2.09,0.1515,0.6836,0.1159,-0.6309,0.0717,0.0,91399.0,4522.0
2026-08-27 10:50:53,2026-08-27T10:35:15,769.505,2026-08-27,P,768.0,0.62,0.63,67.0,821.0,0.62,0.1543,-0.3164,0.1159,-0.6309,0.0717,0.0,136242.0,2666.0
2026-08-27 10:50:53,2026-08-27T10:35:15,769.505,2026-08-27,C,769.0,1.42,1.43,220.0,299.0,1.43,0.1455,0.5628,0.1337,-0.9601,0.0789,0.0,166929.0,7157.0
2026-08-27 10:50:53,2026-08-27T10:35:15,769.505,2026-08-27,P,769.0,0.94,0.95,141.0,474.0,0.94,0.148,-0.4372,0.1337,-0.9601,0.0789,0.0,88601.0,521.0
2026-08-27 10:50:53,2026-08-27T10:35:15,769.505,2026-08-27,C,770.0,0.88,0.89,117.0,283.0,0.88,0.1396,0.4254,0.1379,-0.8854,0.0785,0.0,193327.0,7702.0
2026-08-27 10:50:53,2026-08-27T10:35:15,769.505,2026-08-27,P,770.0,1.39,1.4,9.0,217.0,1.39,0.1422,-0.5746,0.1379,-0.8854,0.0785,0.0,24279.0,984.0
2026-08-27 10:50:53,2026-08-27T10:35:15,769.505,2026-08-27,C,771.0,0.48,0.49,772.0,276.0,0.48,0.136,0.2893,0.1238,-0.5,0.0691,0.0,126599.0,5376.0
2026-08-27 10:50:53,2026-08-27T10:35:15,769.505,2026-08-27,P,771.0,1.99,2.02,102.0,361.0,2.0,0.1374,-0.7107,0.1238,-0.5,0.0691,0.0,6931.0,1468.0
2026-08-27 10:50:53,2026-08-27T10:35:15,769.505,2026-08-27,C,772.0,0.24,0.25,569.0,466.0,0.24,0.1336,0.1756,0.0952,-0.2566,0.0533,0.0,85569.0,4406.0
2026-08-27 10:50:53,2026-08-27T10:35:15,769.505,2026-08-27,P,772.0,2.74,2.77,215.0,41.0,2.76,0.1356,-0.8244,0.0952,-0.2566,0.0533,0.0,2514.0,555.0
2026-08-27 10:50:53,2026-08-27T10:35:15,769.505,2026-08-27,C,773.0,0.11,0.12,2506.0,921.0,0.12,0.1333,0.0979,0.0634,-0.1255,0.0366,0.0,64173.0,3955.0
2026-08-27 10:50:53,2026-08-27T10:35:15,769.505,2026-08-27,P,773.0,3.61,3.65,54.0,49.0,3.7,0.1392,-0.9021,0.0634,-0.1255,0.0366,0.0,978.0,1148.0
2026-08-27 10:50:53,2026-08-27T10:35:15,769.505,2026-08-27,C,774.0,0.06,0.07,784.0,3610.0,0.07,0.1413,0.0538,0.0389,-0.0635,0.0238,0.0,45050.0,9159.0
2026-08-27 10:50:53,2026-08-27T10:35:15,769.505,2026-08-27,P,774.0,4.52,4.66,136.0,82.0,4.59,0.139,-0.9462,0.0389,-0.0635,0.0238,0.0,647.0,763.0
2026-08-27 10:50:53,2026-08-27T10:35:15,769.505,2026-08-27,C,775.0,0.03,0.04,2806.0,2819.0,0.04,0.1477,0.0313,0.0238,-0.0358,0.0157,0.0,22051.0,8218.0
2026-08-27 10:50:53,2026-08-27T10:35:15,769.505,2026-08-27,P,775.0,5.51,5.7,183.0,72.0,5.67,0.177,-0.9687,0.0238,-0.0358,0.0157,0.0,805.0,858.0
2026-08-27 10:50:53,2026-08-27T10:35:15,769.505,2026-08-27,C,776.0,0.02,0.03,2549.0,2584.0,0.02,0.1606,0.0203,0.0154,-0.0234,0.0111,0.0,13158.0,4528.0
2026-08-27 10:50:53,2026-08-27T10:35:15,769.505,2026-08-27,P,776.0,6.43,7.0,142.0,150.0,6.55,0.2341,-0.9797,0.0154,-0.0234,0.0111,0.0,63.0,94.0
2026-08-27 10:50:53,2026-08-27T10:35:15,769.505,2026-08-27,C,777.0,0.01,0.02,2866.0,3415.0,0.01,0.1686,0.0146,0.0108,-0.0174,0.0084,0.0,6159.0,4442.0
2026-08-27 10:50:53,2026-08-27T10:35:15,769.505,2026-08-27,P,777.0,7.5,7.79,39.0,150.0,7.71,0.2373,-0.9854,0.0108,-0.0174,0.0084,0.0,118.0,199.0
2026-08-27 10:50:53,2026-08-27T10:35:15,769.505,2026-08-27,C,778.0,0.01,0.02,2807.0,2951.0,0.01,0.1877,0.0115,0.008,-0.0144,0.0068,0.0,3397.0,2468.0
2026-08-27 10:50:53,2026-08-27T10:35:15,769.505,2026-08-27,P,778.0,7.8,9.15,175.0,191.0,8.77,0.0,-0.9885,0.008,-0.0144,0.0068,0.0,153.0,0.0
2026-08-27 10:50:53,2026-08-27T10:35:15,769.505,2026-08-27,C,779.0,0.01,0.02,3307.0,3305.0,0.01,0.2065,0.0097,0.0064,-0.0129,0.0058,0.0,1109.0,2257.0
2026-08-27 10:50:53,2026-08-27T10:35:15,769.505,2026-08-27,P,779.0,8.41,10.82,112.0,119.0,9.74,0.2636,-0.9903,0.0064,-0.0129,0.0058,0.0,15.0,0.0
2026-08-27 10:50:53,2026-08-27T10:35:15,769.505,2026-08-27,C,780.0,0.01,0.02,1970.0,3444.0,0.01,0.2252,0.0086,0.0053,-0.0122,0.0052,0.0,5311.0,5535.0
2026-08-27 10:50:53,2026-08-27T10:35:15,769.505,2026-08-27,P,780.0,9.4,11.82,121.0,118.0,10.6,0.2825,-0.9914,0.0053,-0.0122,0.0052,0.0,30.0,1.0
2026-08-27 10:50:53,2026-08-27T10:35:15,769.505,2026-08-27,C,781.0,0.0,0.01,0.0,2925.0,0.01,0.2153,0.0078,0.0046,-0.0119,0.0048,0.0,5829.0,1478.0
2026-08-27 10:50:53,2026-08-27T10:35:15,769.505,2026-08-27,P,781.0,10.4,12.82,110.0,112.0,11.3,0.3043,-0.9922,0.0046,-0.0119,0.0048,0.0,5.0,1.0
2026-08-27 10:50:53,2026-08-27T10:35:15,769.505,2026-08-27,C,782.0,0.0,0.01,0.0,2693.0,0.01,0.2318,0.0073,0.004,-0.0117,0.0044,0.0,254.0,2919.0
2026-08-27 10:50:53,2026-08-27T10:35:15,769.505,2026-08-27,P,782.0,11.4,13.81,111.0,98.0,16.55,0.322,-0.9927,0.004,-0.0117,0.0044,0.0,0.0,0.0
2026-08-27 10:50:53,2026-08-27T10:35:15,769.505,2026-08-27,C,783.0,0.0,0.01,0.0,2692.0,0.01,0.2482,0.0068,0.0035,-0.0116,0.0042,0.0,367.0,1573.0
2026-08-27 10:50:53,2026-08-27T10:35:15,769.505,2026-08-27,P,783.0,12.39,15.22,153.0,249.0,16.79,0.4483,-0.9932,0.0035,-0.0116,0.0042,0.0,0.0,0.0
2026-08-27 10:50:53,2026-08-27T10:35:15,769.505,2026-08-27,C,784.0,0.0,0.01,0.0,2692.0,0.01,0.2645,0.0064,0.0031,-0.0115,0.0039,0.0,12.0,1820.0
2026-08-27 10:50:53,2026-08-27T10:35:15,769.505,2026-08-27,P,784.0,13.39,16.22,173.0,170.0,18.93,0.4735,-0.9936,0.0031,-0.0115,0.0039,0.0,0.0,0.0
2026-08-27 10:50:53,2026-08-27T10:35:15,769.505,2026-08-27,C,785.0,0.0,0.01,0.0,2692.0,0.01,0.2807,0.006,0.0028,-0.0114,0.0037,0.0,12.0,1464.0
2026-08-27 10:50:53,2026-08-27T10:35:15,769.505,2026-08-27,P,785.0,14.39,17.23,185.0,187.0,19.97,0.5004,-0.994,0.0028,-0.0114,0.0037,0.0,0.0,0.0
2026-08-27 10:50:53,2026-08-27T10:35:15,769.505,2026-08-27,C,786.0,0.0,0.01,0.0,2692.0,0.01,0.2968,0.0057,0.0025,-0.0114,0.0035,0.0,448.0,1211.0
2026-08-27 10:50:53,2026-08-27T10:35:15,769.505,2026-08-27,P,786.0,15.39,18.22,181.0,169.0,20.55,0.523,-0.9943,0.0025,-0.0114,0.0035,0.0,0.0,0.0
2026-08-27 10:50:53,2026-08-27T10:35:15,769.505,2026-08-27,C,787.0,0.0,0.01,0.0,2693.0,0.01,0.3127,0.0054,0.0023,-0.0113,0.0033,0.0,13.0,3748.0
2026-08-27 10:50:53,2026-08-27T10:35:15,769.505,2026-08-27,P,787.0,16.39,19.22,181.0,175.0,19.79,0.5474,-0.9946,0.0023,-0.0113,0.0033,0.0,10.0,0.0
2026-08-27 10:50:53,2026-08-27T10:35:15,769.505,2026-08-27,C,788.0,0.0,0.01,0.0,2627.0,0.01,0.3286,0.0051,0.0021,-0.0112,0.0032,0.0,132.0,1662.0
2026-08-27 10:50:53,2026-08-27T10:35:15,769.505,2026-08-27,P,788.0,17.39,20.22,185.0,174.0,23.87,0.5716,-0.9949,0.0021,-0.0112,0.0032,0.0,0.0,0.0
2026-08-27 10:50:53,2026-08-27T10:35:15,769.505,2026-08-27,C,789.0,0.0,0.01,0.0,2717.0,0.01,0.3444,0.0049,0.0019,-0.0111,0.003,0.0,34.0,1705.0
2026-08-27 10:50:53,2026-08-27T10:35:15,769.505,2026-08-27,P,789.0,18.39,21.22,182.0,174.0,22.03,0.5956,-0.9951,0.0019,-0.0111,0.003,0.0,0.0,0.0
2026-08-27 10:50:53,2026-08-27T10:35:15,769.505,2026-08-27,C,790.0,0.0,0.01,0.0,3015.0,0.01,0.3601,0.0047,0.0018,-0.011,0.0029,0.0,34.0,294.0
2026-08-27 10:50:53,2026-08-27T10:35:15,769.505,2026-08-27,P,790.0,19.39,22.22,182.0,254.0,21.57,0.6193,-0.9953,0.0018,-0.011,0.0029,0.0,4.0,2.0
2026-08-27 10:50:53,2026-08-27T10:35:15,769.505,2026-08-27,C,791.0,0.0,0.01,0.0,2718.0,0.01,0.3757,0.0045,0.0016,-0.0109,0.0028,0.0,8.0,479.0
2026-08-27 10:50:53,2026-08-27T10:35:15,769.505,2026-08-27,P,791.0,20.39,23.22,178.0,248.0,23.85,0.6428,-0.9955,0.0016,-0.0109,0.0028,0.0,0.0,0.0
2026-08-27 10:50:53,2026-08-27T10:35:15,769.505,2026-08-27,C,792.0,0.0,0.01,0.0,2718.0,0.01,0.3913,0.0043,0.0015,-0.0109,0.0027,0.0,2.0,563.0
2026-08-27 10:50:53,2026-08-27T10:35:15,769.505,2026-08-27,P,792.0,21.39,24.22,185.0,248.0,26.8,0.6662,-0.9957,0.0015,-0.0109,0.0027,0.0,0.0,0.0
2026-08-27 10:50:53,2026-08-27T10:35:15,769.505,2026-08-27,C,793.0,0.0,0.01,0.0,2718.0,0.02,0.4068,0.0041,0.0014,-0.0108,0.0026,0.0,0.0,582.0
2026-08-27 10:50:53,2026-08-27T10:35:15,769.505,2026-08-27,P,793.0,22.08,25.22,51.0,256.0,23.51,0.5902,-0.9959,0.0014,-0.0108,0.0026,0.0,2.0,0.0
2026-08-27 10:50:53,2026-08-27T10:35:15,769.505,2026-08-27,C,794.0,0.0,0.01,0.0,2718.0,0.01,0.4222,0.004,0.0013,-0.0107,0.0025,0.0,0.0,133.0
2026-08-27 10:50:53,2026-08-27T10:35:15,769.505,2026-08-27,P,794.0,23.08,26.22,50.0,252.0,29.84,0.6108,-0.996,0.0013,-0.0107,0.0025,0.0,0.0,0.0
2026-08-27 10:50:53,2026-08-27T10:35:15,769.505,2026-08-27,C,795.0,0.0,0.01,0.0,4442.0,0.01,0.4375,0.0038,0.0012,-0.0106,0.0024,0.0,9.0,71.0
2026-08-27 10:50:53,2026-08-27T10:35:15,769.505,2026-08-27,P,795.0,24.4,27.22,218.0,236.0,30.48,0.738,-0.9962,0.0012,-0.0106,0.0024,0.0,0.0,0.0
2026-08-27 10:50:53,2026-08-27T10:35:15,769.505,2026-08-27,C,796.0,0.0,0.01,0.0,2217.0,0.01,0.4528,0.0037,0.0011,-0.0106,0.0023,0.0,4.0,117.0
2026-08-27 10:50:53,2026-08-27T10:35:15,769.505,2026-08-27,P,796.0,25.08,28.22,50.0,236.0,29.1,0.6517,-0.9963,0.0011,-0.0106,0.0023,0.0,0.0,0.0
2026-08-27 10:50:53,2026-08-27T10:35:15,769.505,2026-08-27,C,797.0,0.0,0.01,0.0,2218.0,0.01,0.468,0.0036,0.0011,-0.0105,0.0022,0.0,3.0,30.0
2026-08-27 10:50:53,2026-08-27T10:35:15,769.505,2026-08-27,P,797.0,26.08,29.22,50.0,192.0,31.86,0.6719,-0.9964,0.0011,-0.0105,0.0022,0.0,0.0,0.0
2026-08-27 10:50:53,2026-08-27T10:35:15,769.505,2026-08-27,C,798.0,0.0,0.01,0.0,2218.0,0.01,0.4831,0.0034,0.001,-0.0104,0.0022,0.0,0.0,50.0
2026-08-27 10:50:53,2026-08-27T10:35:15,769.505,2026-08-27,P,798.0,28.44,30.22,43.0,242.0,29.66,1.0159,-0.9966,0.001,-0.0104,0.0022,0.0,1.0,0.0
2026-08-27 10:50:53,2026-08-27T10:35:15,769.505,2026-08-27,C,799.0,0.0,0.01,0.0,2218.0,0.02,0.4982,0.0033,0.0009,-0.0103,0.0021,0.0,0.0,59.0
2026-08-27 10:50:53,2026-08-27T10:35:15,769.505,2026-08-27,P,799.0,28.2,31.22,179.0,197.0,31.53,0.7633,-0.9967,0.0009,-0.0103,0.0021,0.0,0.0,0.0
2026-08-27 10:50:53,2026-08-27T10:35:15,769.505,2026-08-27,C,800.0,0.0,0.01,0.0,5374.0,0.01,0.5132,0.0032,0.0009,-0.0102,0.002,0.0,0.0,245.0
2026-08-27 10:50:53,2026-08-27T10:35:15,769.505,2026-08-27,P,800.0,29.92,32.22,166.0,188.0,33.4,0.9739,-0.9968,0.0009,-0.0102,0.002,0.0,0.0,0.0
2026-08-27 10:50:53,2026-08-27T10:35:15,769.505,2026-08-27,C,801.0,0.0,0.01,0.0,2218.0,0.01,0.5282,0.0031,0.0008,-0.0102,0.002,0.0,0.0,18.0
2026-08-27 10:50:53,2026-08-27T10:35:15,769.505,2026-08-27,P,801.0,30.91,33.22,35.0,35.0,34.58,0.9961,-0.9969,0.0008,-0.0102,0.002,0.0,0.0,0.0
2026-08-27 10:50:53,2026-08-27T10:35:15,769.505,2026-08-27,C,802.0,0.0,0.01,0.0,2218.0,0.01,0.5434,0.003,0.0008,-0.0101,0.0019,0.0,0.0,58.0
2026-08-27 10:50:53,2026-08-27T10:35:15,769.505,2026-08-27,P,802.0,31.91,34.22,35.0,35.0,36.19,1.0201,-0.997,0.0008,-0.0101,0.0019,0.0,0.0,0.0
2026-08-27 10:50:53,2026-08-27T10:35:15,769.505,2026-08-27,C,803.0,0.0,0.01,0.0,2218.0,0.02,0.5582,0.0029,0.0008,-0.01,0.0019,0.0,0.0,64.0
2026-08-27 10:50:53,2026-08-27T10:35:15,769.505,2026-08-27,P,803.0,32.08,35.22,35.0,35.0,0.0,0.7913,-0.9971,0.0008,-0.01,0.0019,0.0,0.0,0.0
2026-08-27 10:50:53,2026-08-27T10:35:15,769.505,2026-08-27,C,804.0,0.0,0.01,0.0,2218.0,0.03,0.573,0.0029,0.0007,-0.01,0.0018,0.0,0.0,33.0
2026-08-27 10:50:53,2026-08-27T10:35:15,769.505,2026-08-27,P,804.0,33.91,36.22,35.0,35.0,0.0,1.0679,-0.9971,0.0007,-0.01,0.0018,0.0,0.0,0.0
2026-08-27 10:50:53,2026-08-27T10:35:15,769.505,2026-08-27,C,805.0,0.0,0.01,0.0,2218.0,0.01,0.5878,0.0028,0.0007,-0.0099,0.0018,0.0,0.0,315.0
2026-08-27 10:50:53,2026-08-27T10:35:15,769.505,2026-08-27,P,805.0,34.08,37.22,35.0,35.0,39.15,0.8303,-0.9972,0.0007,-0.0099,0.0018,0.0,0.0,0.0
2026-08-27 10:50:53,2026-08-27T10:35:15,769.505,2026-08-27,C,806.0,0.0,0.01,0.0,2218.0,0.02,0.6025,0.0027,0.0006,-0.0098,0.0017,0.0,0.0,315.0
2026-08-27 10:50:53,2026-08-27T10:35:15,769.505,2026-08-27,P,806.0,35.85,38.22,35.0,35.0,0.0,1.1016,-0.9973,0.0006,-0.0098,0.0017,0.0,0.0,0.0
2026-08-27 10:50:53,2026-08-27T10:35:15,769.505,2026-08-27,C,807.0,0.0,0.01,0.0,2218.0,0.0,0.6172,0.0026,0.0006,-0.0098,0.0017,0.0,0.0,0.0
2026-08-27 10:50:53,2026-08-27T10:35:15,769.505,2026-08-27,P,807.0,37.47,37.68,28.0,35.0,37.88,0.8164,-0.9974,0.0006,-0.0098,0.0017,0.0,2.0,0.0
2026-08-27 10:55:54,2026-08-27T10:40:15,769.4326,2026-08-27,C,731.0,37.25,39.95,45.0,45.0,34.96,1.011,0.9969,0.0006,-0.013,0.0019,0.0,0.0,0.0
2026-08-27 10:55:54,2026-08-27T10:40:15,769.4326,2026-08-27,P,731.0,0.0,0.01,0.0,2199.0,0.02,0.6669,-0.0031,0.0006,-0.013,0.0019,0.0,0.0,3610.0
2026-08-27 10:55:54,2026-08-27T10:40:15,769.4326,2026-08-27,C,732.0,36.25,38.95,46.0,46.0,33.52,0.9882,0.9968,0.0007,-0.0131,0.002,0.0,0.0,1.0
2026-08-27 10:55:54,2026-08-27T10:40:15,769.4326,2026-08-27,P,732.0,0.0,0.01,0.0,2199.0,0.03,0.6506,-0.0032,0.0007,-0.0131,0.002,0.0,0.0,6718.0
2026-08-27 10:55:54,2026-08-27T10:40:15,769.4326,2026-08-27,C,733.0,35.25,37.96,46.0,310.0,33.04,0.9696,0.9967,0.0007,-0.0132,0.002,0.0,0.0,0.0
2026-08-27 10:55:54,2026-08-27T10:40:15,769.4326,2026-08-27,P,733.0,0.0,0.01,0.0,2199.0,0.02,0.6342,-0.0033,0.0007,-0.0132,0.002,0.0,0.0,2383.0
2026-08-27 10:55:54,2026-08-27T10:40:15,769.4326,2026-08-27,C,734.0,34.25,36.96,46.0,310.0,32.39,0.9466,0.9966,0.0008,-0.0134,0.0021,0.0,0.0,1.0
2026-08-27 10:55:54,2026-08-27T10:40:15,769.4326,2026-08-27,P,734.0,0.0,0.01,0.0,2199.0,0.02,0.6179,-0.0034,0.0008,-0.0134,0.0021,0.0,2.0,2467.0
2026-08-27 10:55:54,2026-08-27T10:40:15,769.4326,2026-08-27,C,735.0,34.25,34.49,47.0,42.0,33.3,0.0,0.9965,0.0008,-0.0135,0.0022,0.0,1.0,6.0
2026-08-27 10:55:54,2026-08-27T10:40:15,769.4326,2026-08-27,P,735.0,0.0,0.01,0.0,2109.0,0.01,0.6015,-0.0035,0.0008,-0.0135,0.0022,0.0,15.0,526.0
2026-08-27 10:55:54,2026-08-27T10:40:15,769.4326,2026-08-27,C,736.0,32.25,34.96,45.0,307.0,30.47,0.9006,0.9964,0.0008,-0.0136,0.0022,0.0,0.0,3.0
2026-08-27 10:55:54,2026-08-27T10:40:15,769.4326,2026-08-27,P,736.0,0.0,0.01,0.0,2109.0,0.01,0.5851,-0.0036,0.0008,-0.0136,0.0022,0.0,0.0,227.0
2026-08-27 10:55:54,2026-08-27T10:40:15,769.4326,2026-08-27,C,737.0,31.25,33.96,46.0,294.0,29.89,0.8774,0.9963,0.0009,-0.0137,0.0023,0.0,0.0,3.0
2026-08-27 10:55:54,2026-08-27T10:40:15,769.4326,2026-08-27,P,737.0,0.0,0.01,0.0,2109.0,0.01,0.5688,-0.0037,0.0009,-0.0137,0.0023,0.0,11.0,627.0
2026-08-27 10:55:54,2026-08-27T10:40:15,769.4326,2026-08-27,C,738.0,30.25,32.96,46.0,294.0,28.46,0.8543,0.9962,0.001,-0.0138,0.0024,0.0,0.0,2.0
2026-08-27 10:55:54,2026-08-27T10:40:15,769.4326,2026-08-27,P,738.0,0.0,0.01,0.0,2109.0,0.01,0.5524,-0.0038,0.001,-0.0138,0.0024,0.0,137.0,563.0
2026-08-27 10:55:54,2026-08-27T10:40:15,769.4326,2026-08-27,C,739.0,29.25,31.96,47.0,304.0,28.36,0.8311,0.996,0.001,-0.014,0.0024,0.0,1.0,3.0
2026-08-27 10:55:54,2026-08-27T10:40:15,769.4326,2026-08-27,P,739.0,0.0,0.01,0.0,2177.0,0.01,0.536,-0.004,0.001,-0.014,0.0024,0.0,10.0,378.0
2026-08-27 10:55:54,2026-08-27T10:40:15,769.4326,2026-08-27,C,740.0,28.25,30.06,40.0,293.0,29.52,0.0,0.9959,0.0011,-0.0141,0.0025,0.0,1.0,4.0
2026-08-27 10:55:54,2026-08-27T10:40:15,769.4326,2026-08-27,P,740.0,0.0,0.01,0.0,2178.0,0.01,0.5195,-0.0041,0.0011,-0.0141,0.0025,0.0,12.0,1521.0
2026-08-27 10:55:54,2026-08-27T10:40:15,769.4326,2026-08-27,C,741.0,27.25,29.92,46.0,294.0,24.06,0.7694,0.9957,0.0011,-0.0142,0.0026,0.0,0.0,5.0
2026-08-27 10:55:54,2026-08-27T10:40:15,769.4326,2026-08-27,P,741.0,0.0,0.01,0.0,2177.0,0.01,0.5031,-0.0043,0.0011,-0.0142,0.0026,0.0,485.0,686.0
2026-08-27 10:55:54,2026-08-27T10:40:15,769.4326,2026-08-27,C,742.0,26.25,28.92,47.0,318.0,27.0,0.7463,0.9956,0.0012,-0.0144,0.0027,0.0,1.0,24.0
2026-08-27 10:55:54,2026-08-27T10:40:15,769.4326,2026-08-27,P,742.0,0.0,0.01,0.0,2176.0,0.01,0.4866,-0.0044,0.0012,-0.0144,0.0027,0.0,82.0,680.0
2026-08-27 10:55:54,2026-08-27T10:40:15,769.4326,2026-08-27,C,743.0,25.26,27.93,311.0,46.0,23.21,0.7304,0.9954,0.0013,-0.0145,0.0028,0.0,0.0,8.0
2026-08-27 10:55:54,2026-08-27T10:40:15,769.4326,2026-08-27,P,743.0,0.0,0.01,0.0,2206.0,0.01,0.4701,-0.0046,0.0013,-0.0145,0.0028,0.0,75.0,580.0
2026-08-27 10:55:54,2026-08-27T10:40:15,769.4326,2026-08-27,C,744.0,24.26,26.93,302.0,40.0,25.56,0.7071,0.9952,0.0014,-0.0147,0.0029,0.0,1.0,24.0
2026-08-27 10:55:54,2026-08-27T10:40:15,769.4326,2026-08-27,P,744.0,0.0,0.01,0.0,2206.0,0.01,0.4536,-0.0048,0.0014,-0.0147,0.0029,0.0,285.0,1156.0
2026-08-27 10:55:54,2026-08-27T10:40:15,769.4326,2026-08-27,C,745.0,23.26,25.93,309.0,45.0,23.29,0.6836,0.995,0.0015,-0.0149,0.003,0.0,2.0,16.0
2026-08-27 10:55:54,2026-08-27T10:40:15,769.4326,2026-08-27,P,745.0,0.0,0.01,0.0,2289.0,0.01,0.437,-0.005,0.0015,-0.0149,0.003,0.0,1942.0,2626.0
2026-08-27 10:55:54,2026-08-27T10:40:15,769.4326,2026-08-27,C,746.0,22.26,24.97,317.0,47.0,22.4,0.673,0.9948,0.0016,-0.0151,0.0032,0.0,2.0,56.0
2026-08-27 10:55:54,2026-08-27T10:40:15,769.4326,2026-08-27,P,746.0,0.01,0.02,1683.0,2323.0,0.02,0.4693,-0.0052,0.0016,-0.0151,0.0032,0.0,10543.0,5788.0
2026-08-27 10:55:54,2026-08-27T10:40:15,769.4326,2026-08-27,C,747.0,21.26,23.56,203.0,218.0,20.08,0.0,0.9945,0.0018,-0.0153,0.0033,0.0,0.0,57.0
2026-08-27 10:55:54,2026-08-27T10:40:15,769.4326,2026-08-27,P,747.0,0.01,0.02,2159.0,2323.0,0.01,0.4511,-0.0055,0.0018,-0.0153,0.0033,0.0,10442.0,12314.0
2026-08-27 10:55:54,2026-08-27T10:40:15,769.4326,2026-08-27,C,748.0,21.26,22.56,100.0,171.0,20.54,0.7577,0.9942,0.0019,-0.0156,0.0035,0.0,1.0,78.0
2026-08-27 10:55:54,2026-08-27T10:40:15,769.4326,2026-08-27,P,748.0,0.01,0.02,2184.0,2323.0,0.02,0.4329,-0.0058,0.0019,-0.0156,0.0035,0.0,1076.0,2141.0
2026-08-27 10:55:54,2026-08-27T10:40:15,769.4326,2026-08-27,C,749.0,20.26,21.04,101.0,296.0,21.0,0.62,0.9939,0.0021,-0.0158,0.0036,0.0,1.0,134.0
2026-08-27 10:55:54,2026-08-27T10:40:15,769.4326,2026-08-27,P,749.0,0.01,0.02,2597.0,2913.0,0.02,0.4146,-0.0061,0.0021,-0.0158,0.0036,0.0,5576.0,957.0
2026-08-27 10:55:54,2026-08-27T10:40:15,769.4326,2026-08-27,C,750.0,19.26,19.47,100.0,100.0,18.51,0.0,0.9935,0.0023,-0.0162,0.0038,0.0,4.0,235.0
2026-08-27 10:55:54,2026-08-27T10:40:15,769.4326,2026-08-27,P,750.0,0.01,0.02,2582.0,2837.0,0.01,0.3962,-0.0065,0.0023,-0.0162,0.0038,0.0,2143.0,7475.0
2026-08-27 10:55:54,2026-08-27T10:40:15,769.4326,2026-08-27,C,751.0,18.27,19.3,101.0,296.0,18.14,0.629,0.9931,0.0025,-0.0167,0.0041,0.0,13.0,51.0
2026-08-27 10:55:54,2026-08-27T10:40:15,769.4326,2026-08-27,P,751.0,0.01,0.02,2656.0,2775.0,0.01,0.3778,-0.0069,0.0025,-0.0167,0.0041,0.0,3300.0,2036.0
2026-08-27 10:55:54,2026-08-27T10:40:15,769.4326,2026-08-27,C,752.0,16.27,18.57,100.0,100.0,16.93,0.2482,0.9926,0.0028,-0.0172,0.0043,0.0,2.0,50.0
2026-08-27 10:55:54,2026-08-27T10:40:15,769.4326,2026-08-27,P,752.0,0.01,0.02,2663.0,2718.0,0.01,0.3594,-0.0074,0.0028,-0.0172,0.0043,0.0,3505.0,6184.0
2026-08-27 10:55:54,2026-08-27T10:40:15,769.4326,2026-08-27,C,753.0,16.27,16.47,100.0,100.0,16.57,0.0,0.992,0.0032,-0.018,0.0047,0.0,11.0,224.0
2026-08-27 10:55:54,2026-08-27T10:40:15,769.4326,2026-08-27,P,753.0,0.01,0.02,2695.0,2696.0,0.02,0.3408,-0.008,0.0032,-0.018,0.0047,0.0,1426.0,1905.0
2026-08-27 10:55:54,2026-08-27T10:40:15,769.4326,2026-08-27,C,754.0,15.27,15.47,100.0,41.0,15.21,0.0,0.9912,0.0036,-0.0189,0.0051,0.0,27.0,155.0
2026-08-27 10:55:54,2026-08-27T10:40:15,769.4326,2026-08-27,P,754.0,0.01,0.02,2746.0,2679.0,0.02,0.3222,-0.0088,0.0036,-0.0189,0.0051,0.0,2441.0,2518.0
2026-08-27 10:55:54,2026-08-27T10:40:15,769.4326,2026-08-27,C,755.0,14.27,14.47,101.0,100.0,14.51,0.0,0.9902,0.0042,-0.0202,0.0056,0.0,36.0,243.0
2026-08-27 10:55:54,2026-08-27T10:40:15,769.4326,2026-08-27,P,755.0,0.02,0.03,1202.0,3181.0,0.03,0.3234,-0.0098,0.0042,-0.0202,0.0056,0.0,4432.0,6635.0
2026-08-27 10:55:54,2026-08-27T10:40:15,769.4326,2026-08-27,C,756.0,12.27,14.57,100.0,100.0,12.13,0.1939,0.989,0.0049,-0.0219,0.0062,0.0,2.0,180.0
2026-08-27 10:55:54,2026-08-27T10:40:15,769.4326,2026-08-27,P,756.0,0.02,0.03,2570.0,3025.0,0.02,0.3037,-0.011,0.0049,-0.0219,0.0062,0.0,8908.0,2466.0
2026-08-27 10:55:54,2026-08-27T10:40:15,769.4326,2026-08-27,C,757.0,12.28,12.47,100.0,114.0,12.7,0.0,0.9874,0.0058,-0.0242,0.007,0.0,37.0,369.0
2026-08-27 10:55:54,2026-08-27T10:40:15,769.4326,2026-08-27,P,757.0,0.02,0.03,2513.0,2903.0,0.03,0.2838,-0.0126,0.0058,-0.0242,0.007,0.0,3068.0,2179.0
2026-08-27 10:55:54,2026-08-27T10:40:15,769.4326,2026-08-27,C,758.0,11.28,11.51,104.0,152.0,11.52,0.0,0.9851,0.0071,-0.0275,0.0081,0.0,83.0,994.0
2026-08-27 10:55:54,2026-08-27T10:40:15,769.4326,2026-08-27,P,758.0,0.02,0.03,2824.0,2769.0,0.03,0.2637,-0.0149,0.0071,-0.0275,0.0081,0.0,8116.0,5271.0
2026-08-27 10:55:54,2026-08-27T10:40:15,769.4326,2026-08-27,C,759.0,10.28,10.51,152.0,152.0,10.7,0.0,0.982,0.0088,-0.0322,0.0095,0.0,116.0,244.0
2026-08-27 10:55:54,2026-08-27T10:40:15,769.4326,2026-08-27,P,759.0,0.03,0.04,2481.0,2921.0,0.03,0.2556,-0.018,0.0088,-0.0322,0.0095,0.0,14526.0,5933.0
2026-08-27 10:55:54,2026-08-27T10:40:15,769.4326,2026-08-27,C,760.0,9.31,9.49,100.0,62.0,9.5,0.0,0.9776,0.0113,-0.039,0.0114,0.0,1453.0,840.0
2026-08-27 10:55:54,2026-08-27T10:40:15,769.4326,2026-08-27,P,760.0,0.03,0.04,2653.0,1931.0,0.04,0.2344,-0.0224,0.0113,-0.039,0.0114,0.0,28190.0,6095.0
2026-08-27 10:55:54,2026-08-27T10:40:15,769.4326,2026-08-27,C,761.0,8.33,8.51,100.0,66.0,8.6,0.125,0.9712,0.0147,-0.0491,0.0141,0.0,254.0,745.0
2026-08-27 10:55:54,2026-08-27T10:40:15,769.4326,2026-08-27,P,761.0,0.04,0.05,2192.0,1551.0,0.05,0.2218,-0.0288,0.0147,-0.0491,0.0141,0.0,31563.0,2929.0
2026-08-27 10:55:54,2026-08-27T10:40:15,769.4326,2026-08-27,C,762.0,7.32,7.52,72.0,64.0,7.42,0.1111,0.9616,0.0197,-0.0646,0.0177,0.0,582.0,690.0
2026-08-27 10:55:54,2026-08-27T10:40:15,769.4326,2026-08-27,P,762.0,0.06,0.07,1510.0,1855.0,0.06,0.2129,-0.0384,0.0197,-0.0646,0.0177,0.0,45436.0,3422.0
2026-08-27 10:55:54,2026-08-27T10:40:15,769.4326,2026-08-27,C,763.0,6.36,6.52,127.0,60.0,6.48,0.1555,0.9472,0.027,-0.0885,0.0228,0.0,1665.0,1330.0
2026-08-27 10:55:54,2026-08-27T10:40:15,769.4326,2026-08-27,P,763.0,0.08,0.09,1114.0,1476.0,0.09,0.1994,-0.0528,0.027,-0.0885,0.0228,0.0,41517.0,5031.0
2026-08-27 10:55:54,2026-08-27T10:40:15,769.4326,2026-08-27,C,764.0,5.51,5.54,33.0,19.0,5.56,0.1826,0.9255,0.0373,-0.1256,0.0295,0.0,2441.0,1924.0
2026-08-27 10:55:54,2026-08-27T10:40:15,769.4326,2026-08-27,P,764.0,0.12,0.13,1630.0,1570.0,0.12,0.19,-0.0745,0.0373,-0.1256,0.0295,0.0,47831.0,7873.0
2026-08-27 10:55:54,2026-08-27T10:40:15,769.4326,2026-08-27,C,765.0,4.57,4.61,60.0,150.0,4.49,0.1749,0.8931,0.0516,-0.1834,0.0381,0.0,4418.0,4303.0
2026-08-27 10:55:54,2026-08-27T10:40:15,769.4326,2026-08-27,P,765.0,0.18,0.19,482.0,1751.0,0.18,0.1805,-0.1069,0.0516,-0.1834,0.0381,0.0,57944.0,5495.0
2026-08-27 10:55:54,2026-08-27T10:40:15,769.4326,2026-08-27,C,766.0,3.66,3.69,52.0,21.0,3.59,0.1664,0.8452,0.0704,-0.2735,0.0487,0.0,9194.0,5065.0
2026-08-27 10:55:54,2026-08-27T10:40:15,769.4326,2026-08-27,P,766.0,0.27,0.28,594.0,780.0,0.27,0.1707,-0.1548,0.0704,-0.2735,0.0487,0.0,60633.0,5339.0
2026-08-27 10:55:54,2026-08-27T10:40:15,769.4326,2026-08-27,C,767.0,2.81,2.84,56.0,123.0,2.84,0.1598,0.7762,0.0934,-0.4142,0.0604,0.0,31506.0,6518.0
2026-08-27 10:55:54,2026-08-27T10:40:15,769.4326,2026-08-27,P,767.0,0.42,0.43,230.0,994.0,0.43,0.1631,-0.2238,0.0934,-0.4142,0.0604,0.0,102084.0,3089.0
2026-08-27 10:55:54,2026-08-27T10:40:15,769.4326,2026-08-27,C,768.0,2.04,2.06,1.0,150.0,2.05,0.1522,0.6805,0.1175,-0.633,0.0714,0.0,92876.0,4522.0
2026-08-27 10:55:54,2026-08-27T10:40:15,769.4326,2026-08-27,P,768.0,0.64,0.65,223.0,227.0,0.65,0.155,-0.3195,0.1175,-0.633,0.0714,0.0,143615.0,2666.0
2026-08-27 10:55:54,2026-08-27T10:40:15,769.4326,2026-08-27,C,769.0,1.37,1.38,213.0,54.0,1.37,0.1456,0.5581,0.1356,-0.9637,0.0784,0.0,174150.0,7157.0
2026-08-27 10:55:54,2026-08-27T10:40:15,769.4326,2026-08-27,P,769.0,0.97,0.98,301.0,123.0,0.98,0.1481,-0.4419,0.1356,-0.9637,0.0784,0.0,99139.0,521.0
2026-08-27 10:55:54,2026-08-27T10:40:15,769.4326,2026-08-27,C,770.0,0.84,0.85,127.0,465.0,0.85,0.1396,0.4189,0.1391,-0.855,0.0777,0.0,212426.0,7702.0
2026-08-27 10:55:54,2026-08-27T10:40:15,769.4326,2026-08-27,P,770.0,1.43,1.45,199.0,121.0,1.44,0.1421,-0.5811,0.1391,-0.855,0.0777,0.0,29460.0,984.0
2026-08-27 10:55:54,2026-08-27T10:40:15,769.4326,2026-08-27,C,771.0,0.46,0.47,367.0,465.0,0.47,0.1357,0.2824,0.1237,-0.4788,0.0679,0.0,135879.0,5376.0
2026-08-27 10:55:54,2026-08-27T10:40:15,769.4326,2026-08-27,P,771.0,2.04,2.07,200.0,57.0,2.08,0.1379,-0.7176,0.1237,-0.4788,0.0679,0.0,9147.0,1468.0
2026-08-27 10:55:54,2026-08-27T10:40:15,769.4326,2026-08-27,C,772.0,0.23,0.24,439.0,598.0,0.23,0.1339,0.1697,0.0939,-0.2435,0.0518,0.0,91689.0,4406.0
2026-08-27 10:55:54,2026-08-27T10:40:15,769.4326,2026-08-27,P,772.0,2.81,2.84,152.0,77.0,2.9,0.1359,-0.8303,0.0939,-0.2435,0.0518,0.0,2963.0,555.0
2026-08-27 10:55:54,2026-08-27T10:40:15,769.4326,2026-08-27,C,773.0,0.11,0.12,1051.0,1386.0,0.11,0.1354,0.0935,0.0618,-0.1176,0.0352,0.0,70418.0,3955.0
2026-08-27 10:55:54,2026-08-27T10:40:15,769.4326,2026-08-27,P,773.0,3.69,3.72,4.0,34.0,3.76,0.1384,-0.9065,0.0618,-0.1176,0.0352,0.0,1055.0,1148.0
2026-08-27 10:55:54,2026-08-27T10:40:15,769.4326,2026-08-27,C,774.0,0.06,0.07,517.0,2169.0,0.07,0.1433,0.051,0.0375,-0.0592,0.0227,0.0,52513.0,9159.0
2026-08-27 10:55:54,2026-08-27T10:40:15,769.4326,2026-08-27,P,774.0,4.6,4.73,72.0,100.0,4.45,0.1517,-0.949,0.0375,-0.0592,0.0227,0.0,682.0,763.0
2026-08-27 10:55:54,2026-08-27T10:40:15,769.4326,2026-08-27,C,775.0,0.03,0.04,2432.0,2869.0,0.03,0.1496,0.0297,0.0229,-0.0335,0.015,0.0,24281.0,8218.0
2026-08-27 10:55:54,2026-08-27T10:40:15,769.4326,2026-08-27,P,775.0,5.59,5.76,78.0,121.0,5.6,0.1813,-0.9703,0.0229,-0.0335,0.015,0.0,901.0,858.0
2026-08-27 10:55:54,2026-08-27T10:40:15,769.4326,2026-08-27,C,776.0,0.02,0.03,1383.0,2338.0,0.02,0.1626,0.0192,0.0148,-0.0219,0.0105,0.0,13846.0,4528.0
2026-08-27 10:55:54,2026-08-27T10:40:15,769.4326,2026-08-27,P,776.0,6.4,6.77,168.0,171.0,6.35,0.1312,-0.9808,0.0148,-0.0219,0.0105,0.0,68.0,94.0
2026-08-27 10:55:54,2026-08-27T10:40:15,769.4326,2026-08-27,C,777.0,0.01,0.02,2887.0,2831.0,0.01,0.1706,0.0138,0.0103,-0.0162,0.0079,0.0,6429.0,4442.0
2026-08-27 10:55:54,2026-08-27T10:40:15,769.4326,2026-08-27,P,777.0,7.56,7.76,66.0,66.0,7.6,0.223,-0.9862,0.0103,-0.0162,0.0079,0.0,123.0,199.0
2026-08-27 10:55:54,2026-08-27T10:40:15,769.4326,2026-08-27,C,778.0,0.01,0.02,1785.0,2378.0,0.02,0.1898,0.0108,0.0077,-0.0133,0.0064,0.0,3406.0,2468.0
2026-08-27 10:55:54,2026-08-27T10:40:15,769.4326,2026-08-27,P,778.0,7.98,8.75,206.0,106.0,8.16,0.0,-0.9892,0.0077,-0.0133,0.0064,0.0,154.0,0.0
2026-08-27 10:55:54,2026-08-27T10:40:15,769.4326,2026-08-27,C,779.0,0.01,0.02,2492.0,2348.0,0.02,0.2088,0.0091,0.0061,-0.012,0.0055,0.0,1174.0,2257.0
2026-08-27 10:55:54,2026-08-27T10:40:15,769.4326,2026-08-27,P,779.0,8.46,10.27,192.0,222.0,9.74,0.0,-0.9909,0.0061,-0.012,0.0055,0.0,15.0,0.0
2026-08-27 10:55:54,2026-08-27T10:40:15,769.4326,2026-08-27,C,780.0,0.01,0.02,1100.0,2420.0,0.01,0.2276,0.0081,0.0051,-0.0113,0.0049,0.0,5351.0,5535.0
2026-08-27 10:55:54,2026-08-27T10:40:15,769.4326,2026-08-27,P,780.0,10.5,11.26,152.0,100.0,10.6,0.386,-0.9919,0.0051,-0.0113,0.0049,0.0,30.0,1.0
2026-08-27 10:55:54,2026-08-27T10:40:15,769.4326,2026-08-27,C,781.0,0.0,0.01,0.0,2291.0,0.01,0.2175,0.0074,0.0043,-0.011,0.0045,0.0,5862.0,1478.0
2026-08-27 10:55:54,2026-08-27T10:40:15,769.4326,2026-08-27,P,781.0,10.46,12.26,146.0,172.0,11.3,0.0,-0.9926,0.0043,-0.011,0.0045,0.0,5.0,1.0
2026-08-27 10:55:54,2026-08-27T10:40:15,769.4326,2026-08-27,C,782.0,0.0,0.01,0.0,2292.0,0.01,0.2342,0.0068,0.0038,-0.0109,0.0042,0.0,255.0,2919.0
2026-08-27 10:55:54,2026-08-27T10:40:15,769.4326,2026-08-27,P,782.0,11.46,13.26,124.0,108.0,16.55,0.0,-0.9932,0.0038,-0.0109,0.0042,0.0,0.0,0.0
2026-08-27 10:55:54,2026-08-27T10:40:15,769.4326,2026-08-27,C,783.0,0.0,0.01,0.0,2201.0,0.01,0.2507,0.0064,0.0033,-0.0107,0.0039,0.0,378.0,1573.0
2026-08-27 10:55:54,2026-08-27T10:40:15,769.4326,2026-08-27,P,783.0,12.45,14.75,100.0,100.0,16.79,0.2926,-0.9936,0.0033,-0.0107,0.0039,0.0,0.0,0.0
2026-08-27 10:55:54,2026-08-27T10:40:15,769.4326,2026-08-27,C,784.0,0.0,0.01,0.0,2201.0,0.01,0.2671,0.006,0.003,-0.0106,0.0037,0.0,12.0,1820.0
2026-08-27 10:55:54,2026-08-27T10:40:15,769.4326,2026-08-27,P,784.0,13.45,15.75,100.0,100.0,18.93,0.3111,-0.994,0.003,-0.0106,0.0037,0.0,0.0,0.0
2026-08-27 10:55:54,2026-08-27T10:40:15,769.4326,2026-08-27,C,785.0,0.0,0.01,0.0,2201.0,0.01,0.2834,0.0056,0.0026,-0.0106,0.0035,0.0,12.0,1464.0
2026-08-27 10:55:54,2026-08-27T10:40:15,769.4326,2026-08-27,P,785.0,14.45,16.75,100.0,100.0,19.97,0.3295,-0.9944,0.0026,-0.0106,0.0035,0.0,0.0,0.0
2026-08-27 10:55:54,2026-08-27T10:40:15,769.4326,2026-08-27,C,786.0,0.0,0.01,0.0,2201.0,0.01,0.2996,0.0053,0.0024,-0.0105,0.0033,0.0,448.0,1211.0
2026-08-27 10:55:54,2026-08-27T10:40:15,769.4326,2026-08-27,P,786.0,15.45,17.75,100.0,100.0,20.55,0.3478,-0.9947,0.0024,-0.0105,0.0033,0.0,0.0,0.0
2026-08-27 10:55:54,2026-08-27T10:40:15,769.4326,2026-08-27,C,787.0,0.0,0.01,0.0,2202.0,0.01,0.3157,0.0051,0.0022,-0.0104,0.0031,0.0,13.0,3748.0
2026-08-27 10:55:54,2026-08-27T10:40:15,769.4326,2026-08-27,P,787.0,16.45,18.75,100.0,93.0,19.79,0.3659,-0.9949,0.0022,-0.0104,0.0031,0.0,10.0,0.0
2026-08-27 10:55:54,2026-08-27T10:40:15,769.4326,2026-08-27,C,788.0,0.0,0.01,0.0,2273.0,0.01,0.3317,0.0048,0.002,-0.0103,0.003,0.0,132.0,1662.0
2026-08-27 10:55:54,2026-08-27T10:40:15,769.4326,2026-08-27,P,788.0,17.45,19.75,100.0,100.0,23.87,0.384,-0.9952,0.002,-0.0103,0.003,0.0,0.0,0.0
2026-08-27 10:55:54,2026-08-27T10:40:15,769.4326,2026-08-27,C,789.0,0.0,0.01,0.0,2223.0,0.01,0.3476,0.0046,0.0018,-0.0102,0.0028,0.0,34.0,1705.0
2026-08-27 10:55:54,2026-08-27T10:40:15,769.4326,2026-08-27,P,789.0,18.45,20.75,100.0,100.0,22.03,0.4018,-0.9954,0.0018,-0.0102,0.0028,0.0,0.0,0.0
2026-08-27 10:55:54,2026-08-27T10:40:15,769.4326,2026-08-27,C,790.0,0.0,0.01,0.0,2521.0,0.01,0.3634,0.0044,0.0017,-0.0102,0.0027,0.0,34.0,294.0
2026-08-27 10:55:54,2026-08-27T10:40:15,769.4326,2026-08-27,P,790.0,19.45,21.75,100.0,91.0,21.57,0.4196,-0.9956,0.0017,-0.0102,0.0027,0.0,4.0,2.0
2026-08-27 10:55:54,2026-08-27T10:40:15,769.4326,2026-08-27,C,791.0,0.0,0.01,0.0,2224.0,0.01,0.3791,0.0042,0.0015,-0.0101,0.0026,0.0,8.0,479.0
2026-08-27 10:55:54,2026-08-27T10:40:15,769.4326,2026-08-27,P,791.0,20.45,22.75,100.0,100.0,23.85,0.4373,-0.9958,0.0015,-0.0101,0.0026,0.0,0.0,0.0
2026-08-27 10:55:54,2026-08-27T10:40:15,769.4326,2026-08-27,C,792.0,0.0,0.01,0.0,2224.0,0.01,0.3948,0.004,0.0014,-0.01,0.0025,0.0,2.0,563.0
2026-08-27 10:55:54,2026-08-27T10:40:15,769.4326,2026-08-27,P,792.0,21.45,23.75,100.0,100.0,26.8,0.4549,-0.996,0.0014,-0.01,0.0025,0.0,0.0,0.0
2026-08-27 10:55:54,2026-08-27T10:40:15,769.4326,2026-08-27,C,793.0,0.0,0.01,0.0,2224.0,0.02,0.4104,0.0039,0.0013,-0.0099,0.0024,0.0,0.0,582.0
2026-08-27 10:55:54,2026-08-27T10:40:15,769.4326,2026-08-27,P,793.0,22.08,24.3,318.0,315.0,23.51,0.0,-0.9961,0.0013,-0.0099,0.0024,0.0,2.0,0.0
2026-08-27 10:55:54,2026-08-27T10:40:15,769.4326,2026-08-27,C,794.0,0.0,0.01,0.0,2224.0,0.01,0.4259,0.0037,0.0012,-0.0099,0.0023,0.0,0.0,133.0
2026-08-27 10:55:54,2026-08-27T10:40:15,769.4326,2026-08-27,P,794.0,23.08,25.75,311.0,40.0,29.84,0.0,-0.9963,0.0012,-0.0099,0.0023,0.0,0.0,0.0
2026-08-27 10:55:54,2026-08-27T10:40:15,769.4326,2026-08-27,C,795.0,0.0,0.01,0.0,3636.0,0.01,0.4413,0.0036,0.0012,-0.0098,0.0022,0.0,9.0,71.0
2026-08-27 10:55:54,2026-08-27T10:40:15,769.4326,2026-08-27,P,795.0,24.4,26.75,290.0,40.0,30.48,0.0,-0.9964,0.0012,-0.0098,0.0022,0.0,0.0,0.0
2026-08-27 10:55:54,2026-08-27T10:40:15,769.4326,2026-08-27,C,796.0,0.0,0.01,0.0,2223.0,0.01,0.4567,0.0034,0.0011,-0.0097,0.0022,0.0,4.0,117.0
2026-08-27 10:55:54,2026-08-27T10:40:15,769.4326,2026-08-27,P,796.0,25.08,27.75,283.0,40.0,29.1,0.0,-0.9966,0.0011,-0.0097,0.0022,0.0,0.0,0.0
2026-08-27 10:55:54,2026-08-27T10:40:15,769.4326,2026-08-27,C,797.0,0.0,0.01,0.0,2224.0,0.01,0.472,0.0033,0.001,-0.0096,0.0021,0.0,3.0,30.0
2026-08-27 10:55:54,2026-08-27T10:40:15,769.4326,2026-08-27,P,797.0,26.08,28.75,290.0,40.0,31.86,0.0,-0.9967,0.001,-0.0096,0.0021,0.0,0.0,0.0
2026-08-27 10:55:54,2026-08-27T10:40:15,769.4326,2026-08-27,C,798.0,0.0,0.01,0.0,2224.0,0.01,0.4873,0.0032,0.001,-0.0096,0.002,0.0,0.0,50.0
2026-08-27 10:55:54,2026-08-27T10:40:15,769.4326,2026-08-27,P,798.0,28.44,29.75,32.0,47.0,29.66,0.9267,-0.9968,0.001,-0.0096,0.002,0.0,1.0,0.0
2026-08-27 10:55:54,2026-08-27T10:40:15,769.4326,2026-08-27,C,799.0,0.0,0.01,0.0,2224.0,0.02,0.5025,0.0031,0.0009,-0.0095,0.002,0.0,0.0,59.0
2026-08-27 10:55:54,2026-08-27T10:40:15,769.4326,2026-08-27,P,799.0,28.2,30.75,223.0,40.0,31.53,0.0,-0.9969,0.0009,-0.0095,0.002,0.0,0.0,0.0
2026-08-27 10:55:54,2026-08-27T10:40:15,769.4326,2026-08-27,C,800.0,0.0,0.01,0.0,5457.0,0.01,0.5176,0.003,0.0008,-0.0094,0.0019,0.0,0.0,245.0
2026-08-27 10:55:54,2026-08-27T10:40:15,769.4326,2026-08-27,P,800.0,29.92,31.75,205.0,40.0,33.4,0.8485,-0.997,0.0008,-0.0094,0.0019,0.0,0.0,0.0
2026-08-27 10:55:54,2026-08-27T10:40:15,769.4326,2026-08-27,C,801.0,0.0,0.01,0.0,2224.0,0.01,0.5327,0.0029,0.0008,-0.0094,0.0018,0.0,0.0,18.0
2026-08-27 10:55:54,2026-08-27T10:40:15,769.4326,2026-08-27,P,801.0,30.91,32.75,32.0,32.0,34.58,0.8675,-0.9971,0.0008,-0.0094,0.0018,0.0,0.0,0.0
2026-08-27 10:55:54,2026-08-27T10:40:15,769.4326,2026-08-27,C,802.0,0.0,0.01,0.0,2224.0,0.01,0.5477,0.0028,0.0008,-0.0093,0.0018,0.0,0.0,58.0
2026-08-27 10:55:54,2026-08-27T10:40:15,769.4326,2026-08-27,P,802.0,31.91,33.75,32.0,32.0,36.19,0.8894,-0.9972,0.0008,-0.0093,0.0018,0.0,0.0,0.0
2026-08-27 10:55:54,2026-08-27T10:40:15,769.4326,2026-08-27,C,803.0,0.0,0.01,0.0,2224.0,0.02,0.5627,0.0027,0.0007,-0.0092,0.0017,0.0,0.0,64.0
2026-08-27 10:55:54,2026-08-27T10:40:15,769.4326,2026-08-27,P,803.0,31.96,35.14,34.0,32.0,0.0,0.0,-0.9973,0.0007,-0.0092,0.0017,0.0,0.0,0.0
2026-08-27 10:55:54,2026-08-27T10:40:15,769.4326,2026-08-27,C,804.0,0.0,0.01,0.0,2224.0,0.03,0.5776,0.0027,0.0007,-0.0092,0.0017,0.0,0.0,33.0
2026-08-27 10:55:54,2026-08-27T10:40:15,769.4326,2026-08-27,P,804.0,33.91,36.14,32.0,32.0,0.0,1.0403,-0.9973,0.0007,-0.0092,0.0017,0.0,0.0,0.0
2026-08-27 10:55:54,2026-08-27T10:40:15,769.4326,2026-08-27,C,805.0,0.0,0.01,0.0,2224.0,0.01,0.5924,0.0026,0.0006,-0.0091,0.0016,0.0,0.0,315.0
2026-08-27 10:55:54,2026-08-27T10:40:15,769.4326,2026-08-27,P,805.0,33.96,37.14,32.0,32.0,39.15,0.0,-0.9974,0.0006,-0.0091,0.0016,0.0,0.0,0.0
2026-08-27 10:55:54,2026-08-27T10:40:15,769.4326,2026-08-27,C,806.0,0.0,0.01,0.0,2224.0,0.02,0.6073,0.0025,0.0006,-0.009,0.0016,0.0,0.0,315.0
2026-08-27 10:55:54,2026-08-27T10:40:15,769.4326,2026-08-27,P,806.0,35.85,38.14,32.0,32.0,0.0,1.0718,-0.9975,0.0006,-0.009,0.0016,0.0,0.0,0.0
2026-08-27 10:55:54,2026-08-27T10:40:15,769.4326,2026-08-27,C,807.0,0.0,0.01,0.0,2224.0,0.0,0.622,0.0024,0.0006,-0.0089,0.0016,0.0,0.0,0.0
2026-08-27 10:55:54,2026-08-27T10:40:15,769.4326,2026-08-27,P,807.0,37.55,37.75,22.0,32.0,37.88,0.8227,-0.9976,0.0006,-0.0089,0.0016,0.0,2.0,0.0
2026-08-27 11:00:55,2026-08-27T10:45:15,769.4893,2026-08-27,C,732.0,36.25,38.95,50.0,50.0,33.52,0.9304,0.9966,0.0007,-0.0141,0.0021,0.0,0.0,1.0
2026-08-27 11:00:55,2026-08-27T10:45:15,769.4893,2026-08-27,P,732.0,0.0,0.01,0.0,2199.0,0.03,0.6562,-0.0034,0.0007,-0.0141,0.0021,0.0,0.0,6718.0
2026-08-27 11:00:55,2026-08-27T10:45:15,769.4893,2026-08-27,C,733.0,35.25,37.96,50.0,227.0,33.04,0.9143,0.9965,0.0008,-0.0142,0.0021,0.0,0.0,0.0
2026-08-27 11:00:55,2026-08-27T10:45:15,769.4893,2026-08-27,P,733.0,0.0,0.01,0.0,2199.0,0.02,0.6398,-0.0035,0.0008,-0.0142,0.0021,0.0,0.0,2383.0
2026-08-27 11:00:55,2026-08-27T10:45:15,769.4893,2026-08-27,C,734.0,34.25,36.96,50.0,227.0,32.39,0.8923,0.9964,0.0008,-0.0144,0.0022,0.0,0.0,1.0
2026-08-27 11:00:55,2026-08-27T10:45:15,769.4893,2026-08-27,P,734.0,0.0,0.01,0.0,2609.0,0.02,0.6233,-0.0036,0.0008,-0.0144,0.0022,0.0,2.0,2467.0
2026-08-27 11:00:55,2026-08-27T10:45:15,769.4893,2026-08-27,C,735.0,34.41,34.61,45.0,50.0,33.3,0.7108,0.9963,0.0008,-0.0145,0.0022,0.0,1.0,6.0
2026-08-27 11:00:55,2026-08-27T10:45:15,769.4893,2026-08-27,P,735.0,0.0,0.01,0.0,2609.0,0.01,0.6068,-0.0037,0.0008,-0.0145,0.0022,0.0,15.0,526.0
2026-08-27 11:00:55,2026-08-27T10:45:15,769.4893,2026-08-27,C,736.0,32.25,34.96,50.0,222.0,30.47,0.8482,0.9962,0.0009,-0.0146,0.0023,0.0,0.0,3.0
2026-08-27 11:00:55,2026-08-27T10:45:15,769.4893,2026-08-27,P,736.0,0.0,0.01,0.0,2609.0,0.01,0.5903,-0.0038,0.0009,-0.0146,0.0023,0.0,0.0,227.0
2026-08-27 11:00:55,2026-08-27T10:45:15,769.4893,2026-08-27,C,737.0,31.25,33.96,50.0,222.0,29.89,0.8261,0.9961,0.0009,-0.0147,0.0024,0.0,0.0,3.0
2026-08-27 11:00:55,2026-08-27T10:45:15,769.4893,2026-08-27,P,737.0,0.0,0.01,0.0,2609.0,0.01,0.5738,-0.0039,0.0009,-0.0147,0.0024,0.0,11.0,627.0
2026-08-27 11:00:55,2026-08-27T10:45:15,769.4893,2026-08-27,C,738.0,30.25,32.96,50.0,220.0,28.46,0.804,0.9959,0.001,-0.0149,0.0024,0.0,0.0,2.0
2026-08-27 11:00:55,2026-08-27T10:45:15,769.4893,2026-08-27,P,738.0,0.0,0.01,0.0,2609.0,0.01,0.5573,-0.0041,0.001,-0.0149,0.0024,0.0,137.0,563.0
2026-08-27 11:00:55,2026-08-27T10:45:15,769.4893,2026-08-27,C,739.0,29.25,31.96,51.0,224.0,28.36,0.7818,0.9958,0.001,-0.015,0.0025,0.0,1.0,3.0
2026-08-27 11:00:55,2026-08-27T10:45:15,769.4893,2026-08-27,P,739.0,0.0,0.01,0.0,2609.0,0.01,0.5408,-0.0042,0.001,-0.015,0.0025,0.0,10.0,378.0
2026-08-27 11:00:55,2026-08-27T10:45:15,769.4893,2026-08-27,C,740.0,28.25,30.06,50.0,222.0,29.52,0.0,0.9956,0.0011,-0.0151,0.0026,0.0,1.0,4.0
2026-08-27 11:00:55,2026-08-27T10:45:15,769.4893,2026-08-27,P,740.0,0.0,0.01,0.0,2677.0,0.01,0.5243,-0.0044,0.0011,-0.0151,0.0026,0.0,12.0,1521.0
2026-08-27 11:00:55,2026-08-27T10:45:15,769.4893,2026-08-27,C,741.0,27.25,29.92,50.0,222.0,24.06,0.7169,0.9955,0.0012,-0.0153,0.0027,0.0,0.0,5.0
2026-08-27 11:00:55,2026-08-27T10:45:15,769.4893,2026-08-27,P,741.0,0.0,0.01,0.0,2676.0,0.01,0.5077,-0.0045,0.0012,-0.0153,0.0027,0.0,485.0,686.0
2026-08-27 11:00:55,2026-08-27T10:45:15,769.4893,2026-08-27,C,742.0,26.25,28.92,51.0,239.0,27.0,0.695,0.9953,0.0013,-0.0154,0.0028,0.0,1.0,24.0
2026-08-27 11:00:55,2026-08-27T10:45:15,769.4893,2026-08-27,P,742.0,0.0,0.01,0.0,2675.0,0.01,0.4911,-0.0047,0.0013,-0.0154,0.0028,0.0,82.0,680.0
2026-08-27 11:00:55,2026-08-27T10:45:15,769.4893,2026-08-27,C,743.0,25.26,27.93,233.0,50.0,23.21,0.683,0.9951,0.0014,-0.0156,0.0029,0.0,0.0,8.0
2026-08-27 11:00:55,2026-08-27T10:45:15,769.4893,2026-08-27,P,743.0,0.0,0.01,0.0,2675.0,0.01,0.4745,-0.0049,0.0014,-0.0156,0.0029,0.0,75.0,580.0
2026-08-27 11:00:55,2026-08-27T10:45:15,769.4893,2026-08-27,C,744.0,24.26,26.93,233.0,50.0,25.56,0.6608,0.9949,0.0014,-0.0157,0.003,0.0,1.0,24.0
2026-08-27 11:00:55,2026-08-27T10:45:15,769.4893,2026-08-27,P,744.0,0.0,0.01,0.0,2705.0,0.01,0.4579,-0.0051,0.0014,-0.0157,0.003,0.0,285.0,1156.0
2026-08-27 11:00:55,2026-08-27T10:45:15,769.4893,2026-08-27,C,745.0,23.26,25.93,233.0,50.0,23.29,0.6384,0.9947,0.0016,-0.0159,0.0031,0.0,2.0,16.0
2026-08-27 11:00:55,2026-08-27T10:45:15,769.4893,2026-08-27,P,745.0,0.0,0.01,0.0,2788.0,0.02,0.4412,-0.0053,0.0016,-0.0159,0.0031,0.0,2069.0,2626.0
2026-08-27 11:00:55,2026-08-27T10:45:15,769.4893,2026-08-27,C,746.0,23.38,24.8,45.0,235.0,22.6,0.8618,0.9945,0.0017,-0.016,0.0033,0.0,4.0,56.0
2026-08-27 11:00:55,2026-08-27T10:45:15,769.4893,2026-08-27,P,746.0,0.01,0.02,1592.0,2994.0,0.02,0.4738,-0.0055,0.0017,-0.016,0.0033,0.0,10592.0,5788.0
2026-08-27 11:00:55,2026-08-27T10:45:15,769.4893,2026-08-27,C,747.0,21.26,23.56,226.0,233.0,20.08,0.0,0.9942,0.0018,-0.0162,0.0034,0.0,0.0,57.0
2026-08-27 11:00:55,2026-08-27T10:45:15,769.4893,2026-08-27,P,747.0,0.01,0.02,2158.0,2822.0,0.01,0.4555,-0.0058,0.0018,-0.0162,0.0034,0.0,10442.0,12314.0
2026-08-27 11:00:55,2026-08-27T10:45:15,769.4893,2026-08-27,C,748.0,21.35,22.56,100.0,233.0,20.54,0.7573,0.994,0.002,-0.0165,0.0036,0.0,1.0,78.0
2026-08-27 11:00:55,2026-08-27T10:45:15,769.4893,2026-08-27,P,748.0,0.01,0.02,2158.0,2973.0,0.01,0.4371,-0.006,0.002,-0.0165,0.0036,0.0,1079.0,2141.0
2026-08-27 11:00:55,2026-08-27T10:45:15,769.4893,2026-08-27,C,749.0,20.26,21.04,225.0,234.0,21.0,0.588,0.9936,0.0021,-0.0167,0.0037,0.0,1.0,134.0
2026-08-27 11:00:55,2026-08-27T10:45:15,769.4893,2026-08-27,P,749.0,0.01,0.02,2158.0,3014.0,0.02,0.4187,-0.0064,0.0021,-0.0167,0.0037,0.0,5659.0,957.0
2026-08-27 11:00:55,2026-08-27T10:45:15,769.4893,2026-08-27,C,750.0,19.42,19.62,100.0,100.0,18.51,0.4437,0.9933,0.0024,-0.017,0.0039,0.0,4.0,235.0
2026-08-27 11:00:55,2026-08-27T10:45:15,769.4893,2026-08-27,P,750.0,0.01,0.02,2817.0,3686.0,0.01,0.4002,-0.0067,0.0024,-0.017,0.0039,0.0,2143.0,7475.0
2026-08-27 11:00:55,2026-08-27T10:45:15,769.4893,2026-08-27,C,751.0,18.43,19.3,100.0,235.0,18.14,0.641,0.9929,0.0026,-0.0174,0.0042,0.0,13.0,51.0
2026-08-27 11:00:55,2026-08-27T10:45:15,769.4893,2026-08-27,P,751.0,0.01,0.02,3369.0,3593.0,0.01,0.3817,-0.0071,0.0026,-0.0174,0.0042,0.0,3304.0,2036.0
2026-08-27 11:00:55,2026-08-27T10:45:15,769.4893,2026-08-27,C,752.0,16.27,18.57,100.0,100.0,16.93,0.0,0.9924,0.0029,-0.0179,0.0044,0.0,2.0,50.0
2026-08-27 11:00:55,2026-08-27T10:45:15,769.4893,2026-08-27,P,752.0,0.01,0.02,3373.0,3516.0,0.01,0.3631,-0.0076,0.0029,-0.0179,0.0044,0.0,3505.0,6184.0
2026-08-27 11:00:55,2026-08-27T10:45:15,769.4893,2026-08-27,C,753.0,16.42,16.62,100.0,100.0,16.57,0.3831,0.9918,0.0032,-0.0185,0.0047,0.0,11.0,224.0
2026-08-27 11:00:55,2026-08-27T10:45:15,769.4893,2026-08-27,P,753.0,0.01,0.02,3408.0,3413.0,0.02,0.3445,-0.0082,0.0032,-0.0185,0.0047,0.0,1448.0,1905.0
2026-08-27 11:00:55,2026-08-27T10:45:15,769.4893,2026-08-27,C,754.0,15.42,15.62,100.0,100.0,15.21,0.3627,0.9911,0.0036,-0.0192,0.0051,0.0,27.0,155.0
2026-08-27 11:00:55,2026-08-27T10:45:15,769.4893,2026-08-27,P,754.0,0.01,0.02,3497.0,3457.0,0.02,0.3257,-0.0089,0.0036,-0.0192,0.0051,0.0,2508.0,2518.0
2026-08-27 11:00:55,2026-08-27T10:45:15,769.4893,2026-08-27,C,755.0,14.42,14.62,100.0,100.0,14.51,0.3422,0.9902,0.0042,-0.0203,0.0055,0.0,36.0,243.0
2026-08-27 11:00:55,2026-08-27T10:45:15,769.4893,2026-08-27,P,755.0,0.02,0.03,1111.0,3782.0,0.03,0.327,-0.0098,0.0042,-0.0203,0.0055,0.0,4499.0,6635.0
2026-08-27 11:00:55,2026-08-27T10:45:15,769.4893,2026-08-27,C,756.0,12.27,14.57,100.0,100.0,12.13,0.0,0.9891,0.0048,-0.0216,0.0061,0.0,2.0,180.0
2026-08-27 11:00:55,2026-08-27T10:45:15,769.4893,2026-08-27,P,756.0,0.02,0.03,1338.0,3925.0,0.02,0.3071,-0.0109,0.0048,-0.0216,0.0061,0.0,8910.0,2466.0
2026-08-27 11:00:55,2026-08-27T10:45:15,769.4893,2026-08-27,C,757.0,12.43,12.62,83.0,138.0,12.58,0.3067,0.9877,0.0057,-0.0236,0.0068,0.0,39.0,369.0
2026-08-27 11:00:55,2026-08-27T10:45:15,769.4893,2026-08-27,P,757.0,0.02,0.03,2497.0,3647.0,0.03,0.2871,-0.0123,0.0057,-0.0236,0.0068,0.0,3137.0,2179.0
2026-08-27 11:00:55,2026-08-27T10:45:15,769.4893,2026-08-27,C,758.0,11.43,11.62,101.0,139.0,11.62,0.2855,0.9857,0.0069,-0.0263,0.0078,0.0,84.0,994.0
2026-08-27 11:00:55,2026-08-27T10:45:15,769.4893,2026-08-27,P,758.0,0.02,0.03,3257.0,3301.0,0.03,0.2669,-0.0143,0.0069,-0.0263,0.0078,0.0,8440.0,5271.0
2026-08-27 11:00:55,2026-08-27T10:45:15,769.4893,2026-08-27,C,759.0,10.44,10.62,95.0,113.0,10.58,0.2689,0.983,0.0085,-0.0301,0.009,0.0,119.0,244.0
2026-08-27 11:00:55,2026-08-27T10:45:15,769.4893,2026-08-27,P,759.0,0.03,0.04,1089.0,3571.0,0.03,0.2588,-0.017,0.0085,-0.0301,0.009,0.0,14843.0,5933.0
2026-08-27 11:00:55,2026-08-27T10:45:15,769.4893,2026-08-27,C,760.0,9.45,9.61,77.0,88.0,9.45,0.247,0.9791,0.0107,-0.0358,0.0107,0.0,1461.0,840.0
2026-08-27 11:00:55,2026-08-27T10:45:15,769.4893,2026-08-27,P,760.0,0.03,0.04,2871.0,3118.0,0.03,0.2375,-0.0209,0.0107,-0.0358,0.0107,0.0,28418.0,6095.0
2026-08-27 11:00:55,2026-08-27T10:45:15,769.4893,2026-08-27,C,761.0,8.47,8.63,45.0,88.0,8.61,0.2395,0.9735,0.0139,-0.0442,0.0131,0.0,257.0,745.0
2026-08-27 11:00:55,2026-08-27T10:45:15,769.4893,2026-08-27,P,761.0,0.04,0.05,2083.0,2656.0,0.04,0.2248,-0.0265,0.0139,-0.0442,0.0131,0.0,31627.0,2929.0
2026-08-27 11:00:55,2026-08-27T10:45:15,769.4893,2026-08-27,C,762.0,7.46,7.62,72.0,77.0,7.54,0.2096,0.965,0.0186,-0.0572,0.0164,0.0,608.0,690.0
2026-08-27 11:00:55,2026-08-27T10:45:15,769.4893,2026-08-27,P,762.0,0.05,0.06,2052.0,1831.0,0.05,0.2095,-0.035,0.0186,-0.0572,0.0164,0.0,48596.0,3422.0
2026-08-27 11:00:55,2026-08-27T10:45:15,769.4893,2026-08-27,C,763.0,6.48,6.62,72.0,75.0,6.65,0.1921,0.9521,0.0254,-0.0776,0.021,0.0,1667.0,1330.0
2026-08-27 11:00:55,2026-08-27T10:45:15,769.4893,2026-08-27,P,763.0,0.07,0.08,1644.0,1125.0,0.07,0.1975,-0.0479,0.0254,-0.0776,0.021,0.0,43261.0,5031.0
2026-08-27 11:00:55,2026-08-27T10:45:15,769.4893,2026-08-27,C,764.0,5.56,5.58,35.0,52.0,5.62,0.1794,0.9323,0.0354,-0.1098,0.0273,0.0,2453.0,1924.0
2026-08-27 11:00:55,2026-08-27T10:45:15,769.4893,2026-08-27,P,764.0,0.1,0.11,1034.0,889.0,0.1,0.1856,-0.0677,0.0354,-0.1098,0.0273,0.0,51547.0,7873.0
2026-08-27 11:00:55,2026-08-27T10:45:15,769.4893,2026-08-27,C,765.0,4.61,4.63,37.0,50.0,4.75,0.1705,0.902,0.0496,-0.1611,0.0357,0.0,4463.0,4303.0
2026-08-27 11:00:55,2026-08-27T10:45:15,769.4893,2026-08-27,P,765.0,0.15,0.16,1477.0,703.0,0.16,0.1751,-0.098,0.0496,-0.1611,0.0357,0.0,58847.0,5495.0
2026-08-27 11:00:55,2026-08-27T10:45:15,769.4893,2026-08-27,C,766.0,3.7,3.73,69.0,150.0,3.69,0.1618,0.8564,0.0689,-0.2425,0.0461,0.0,9278.0,5065.0
2026-08-27 11:00:55,2026-08-27T10:45:15,769.4893,2026-08-27,P,766.0,0.24,0.25,352.0,912.0,0.25,0.1675,-0.1436,0.0689,-0.2425,0.0461,0.0,61923.0,5339.0
2026-08-27 11:00:55,2026-08-27T10:45:15,769.4893,2026-08-27,C,767.0,2.83,2.86,79.0,200.0,2.89,0.1555,0.789,0.093,-0.3724,0.0581,0.0,32010.0,6518.0
2026-08-27 11:00:55,2026-08-27T10:45:15,769.4893,2026-08-27,P,767.0,0.37,0.38,349.0,139.0,0.38,0.1599,-0.211,0.093,-0.3724,0.0581,0.0,104536.0,3089.0
2026-08-27 11:00:55,2026-08-27T10:45:15,769.4893,2026-08-27,C,768.0,2.04,2.06,48.0,96.0,2.07,0.1483,0.6937,0.1191,-0.5786,0.0698,0.0,93464.0,4522.0
2026-08-27 11:00:55,2026-08-27T10:45:15,769.4893,2026-08-27,P,768.0,0.58,0.59,255.0,10.0,0.59,0.1519,-0.3063,0.1191,-0.5786,0.0698,0.0,147231.0,2666.0
2026-08-27 11:00:55,2026-08-27T10:45:15,769.4893,2026-08-27,C,769.0,1.36,1.37,85.0,100.0,1.36,0.1419,0.5692,0.1397,-0.8968,0.0775,0.0,178151.0,7157.0
2026-08-27 11:00:55,2026-08-27T10:45:15,769.4893,2026-08-27,P,769.0,0.91,0.92,42.0,286.0,0.91,0.1451,-0.4308,0.1397,-0.8968,0.0775,0.0,105724.0,521.0
2026-08-27 11:00:55,2026-08-27T10:45:15,769.4893,2026-08-27,C,770.0,0.82,0.83,184.0,329.0,0.83,0.1351,0.4253,0.1447,-0.8436,0.0774,0.0,219789.0,7702.0
2026-08-27 11:00:55,2026-08-27T10:45:15,769.4893,2026-08-27,P,770.0,1.36,1.37,6.0,135.0,1.36,0.1383,-0.5747,0.1447,-0.8436,0.0774,0.0,32817.0,984.0
2026-08-27 11:00:55,2026-08-27T10:45:15,769.4893,2026-08-27,C,771.0,0.44,0.45,586.0,442.0,0.44,0.1309,0.2831,0.1286,-0.4626,0.0675,0.0,138972.0,5376.0
2026-08-27 11:00:55,2026-08-27T10:45:15,769.4893,2026-08-27,P,771.0,1.97,1.99,100.0,51.0,1.97,0.1346,-0.7169,0.1286,-0.4626,0.0675,0.0,9562.0,1468.0
2026-08-27 11:00:55,2026-08-27T10:45:15,769.4893,2026-08-27,C,772.0,0.21,0.22,645.0,830.0,0.21,0.1286,0.1659,0.0964,-0.2272,0.0508,0.0,94859.0,4406.0
2026-08-27 11:00:55,2026-08-27T10:45:15,769.4893,2026-08-27,P,772.0,2.74,2.76,53.0,39.0,2.76,0.1337,-0.8341,0.0964,-0.2272,0.0508,0.0,3204.0,555.0
2026-08-27 11:00:55,2026-08-27T10:45:15,769.4893,2026-08-27,C,773.0,0.1,0.11,531.0,2475.0,0.11,0.1314,0.088,0.0617,-0.1047,0.0336,0.0,71962.0,3955.0
2026-08-27 11:00:55,2026-08-27T10:45:15,769.4893,2026-08-27,P,773.0,3.62,3.65,84.0,37.0,3.51,0.139,-0.912,0.0617,-0.1047,0.0336,0.0,1110.0,1148.0
2026-08-27 11:00:55,2026-08-27T10:45:15,769.4893,2026-08-27,C,774.0,0.05,0.06,2148.0,2957.0,0.05,0.1379,0.0465,0.0363,-0.051,0.0211,0.0,53601.0,9159.0
2026-08-27 11:00:55,2026-08-27T10:45:15,769.4893,2026-08-27,P,774.0,4.47,4.64,82.0,77.0,4.55,0.1297,-0.9535,0.0363,-0.051,0.0211,0.0,706.0,763.0
2026-08-27 11:00:55,2026-08-27T10:45:15,769.4893,2026-08-27,C,775.0,0.03,0.04,1709.0,3314.0,0.03,0.1492,0.027,0.0219,-0.029,0.0138,0.0,25234.0,8218.0
2026-08-27 11:00:55,2026-08-27T10:45:15,769.4893,2026-08-27,P,775.0,5.43,5.63,72.0,72.0,5.39,0.1307,-0.973,0.0219,-0.029,0.0138,0.0,934.0,858.0
2026-08-27 11:00:55,2026-08-27T10:45:15,769.4893,2026-08-27,C,776.0,0.02,0.03,1264.0,2689.0,0.02,0.1624,0.0177,0.0142,-0.0194,0.0098,0.0,14272.0,4528.0
2026-08-27 11:00:55,2026-08-27T10:45:15,769.4893,2026-08-27,P,776.0,6.35,6.71,123.0,127.0,6.55,0.1508,-0.9823,0.0142,-0.0194,0.0098,0.0,79.0,94.0
2026-08-27 11:00:55,2026-08-27T10:45:15,769.4893,2026-08-27,C,777.0,0.01,0.02,3507.0,3543.0,0.02,0.1705,0.0129,0.0099,-0.0148,0.0075,0.0,6611.0,4442.0
2026-08-27 11:00:55,2026-08-27T10:45:15,769.4893,2026-08-27,P,777.0,7.43,7.61,130.0,135.0,7.59,0.1492,-0.9871,0.0099,-0.0148,0.0075,0.0,127.0,199.0
2026-08-27 11:00:55,2026-08-27T10:45:15,769.4893,2026-08-27,C,778.0,0.01,0.02,3365.0,3745.0,0.01,0.1899,0.0104,0.0075,-0.0126,0.0062,0.0,3409.0,2468.0
2026-08-27 11:00:55,2026-08-27T10:45:15,769.4893,2026-08-27,P,778.0,8.35,8.75,150.0,149.0,8.16,0.2142,-0.9896,0.0075,-0.0126,0.0062,0.0,154.0,0.0
2026-08-27 11:00:55,2026-08-27T10:45:15,769.4893,2026-08-27,C,779.0,0.01,0.02,2465.0,2856.0,0.01,0.209,0.0089,0.006,-0.0116,0.0054,0.0,1238.0,2257.0
2026-08-27 11:00:55,2026-08-27T10:45:15,769.4893,2026-08-27,P,779.0,8.46,10.27,150.0,150.0,9.74,0.0,-0.9911,0.006,-0.0116,0.0054,0.0,15.0,0.0
2026-08-27 11:00:55,2026-08-27T10:45:15,769.4893,2026-08-27,C,780.0,0.01,0.02,1041.0,3193.0,0.01,0.2279,0.008,0.0051,-0.0112,0.0049,0.0,5495.0,5535.0
2026-08-27 11:00:55,2026-08-27T10:45:15,769.4893,2026-08-27,P,780.0,10.35,11.26,114.0,160.0,10.34,0.3837,-0.992,0.0051,-0.0112,0.0049,0.0,32.0,1.0
2026-08-27 11:00:55,2026-08-27T10:45:15,769.4893,2026-08-27,C,781.0,0.0,0.01,0.0,2790.0,0.01,0.218,0.0074,0.0044,-0.0109,0.0045,0.0,6063.0,1478.0
2026-08-27 11:00:55,2026-08-27T10:45:15,769.4893,2026-08-27,P,781.0,10.46,12.26,113.0,189.0,11.3,0.0,-0.9926,0.0044,-0.0109,0.0045,0.0,5.0,1.0
2026-08-27 11:00:55,2026-08-27T10:45:15,769.4893,2026-08-27,C,782.0,0.0,0.01,0.0,2791.0,0.02,0.2348,0.0068,0.0038,-0.0108,0.0042,0.0,256.0,2919.0
2026-08-27 11:00:55,2026-08-27T10:45:15,769.4893,2026-08-27,P,782.0,11.46,13.26,112.0,191.0,16.55,0.0,-0.9932,0.0038,-0.0108,0.0042,0.0,0.0,0.0
2026-08-27 11:00:55,2026-08-27T10:45:15,769.4893,2026-08-27,C,783.0,0.0,0.01,0.0,2700.0,0.01,0.2514,0.0064,0.0033,-0.0107,0.0039,0.0,378.0,1573.0
2026-08-27 11:00:55,2026-08-27T10:45:15,769.4893,2026-08-27,P,783.0,12.45,14.75,100.0,100.0,16.79,0.3632,-0.9936,0.0033,-0.0107,0.0039,0.0,0.0,0.0
2026-08-27 11:00:55,2026-08-27T10:45:15,769.4893,2026-08-27,C,784.0,0.0,0.01,0.0,2700.0,0.01,0.2679,0.006,0.003,-0.0106,0.0037,0.0,12.0,1820.0
2026-08-27 11:00:55,2026-08-27T10:45:15,769.4893,2026-08-27,P,784.0,13.45,15.75,100.0,100.0,18.93,0.3852,-0.994,0.003,-0.0106,0.0037,0.0,0.0,0.0
2026-08-27 11:00:55,2026-08-27T10:45:15,769.4893,2026-08-27,C,785.0,0.0,0.01,0.0,2700.0,0.01,0.2843,0.0056,0.0027,-0.0105,0.0035,0.0,12.0,1464.0
2026-08-27 11:00:55,2026-08-27T10:45:15,769.4893,2026-08-27,P,785.0,14.45,16.75,100.0,100.0,19.97,0.4069,-0.9944,0.0027,-0.0105,0.0035,0.0,0.0,0.0
2026-08-27 11:00:55,2026-08-27T10:45:15,769.4893,2026-08-27,C,786.0,0.0,0.01,0.0,2700.0,0.01,0.3006,0.0053,0.0024,-0.0105,0.0033,0.0,459.0,1211.0
2026-08-27 11:00:55,2026-08-27T10:45:15,769.4893,2026-08-27,P,786.0,15.45,17.75,100.0,100.0,20.55,0.4285,-0.9947,0.0024,-0.0105,0.0033,0.0,0.0,0.0
2026-08-27 11:00:55,2026-08-27T10:45:15,769.4893,2026-08-27,C,787.0,0.0,0.01,0.0,2701.0,0.01,0.3168,0.0051,0.0022,-0.0104,0.0031,0.0,17.0,3748.0
2026-08-27 11:00:55,2026-08-27T10:45:15,769.4893,2026-08-27,P,787.0,16.45,18.75,100.0,100.0,19.79,0.4498,-0.9949,0.0022,-0.0104,0.0031,0.0,10.0,0.0
2026-08-27 11:00:55,2026-08-27T10:45:15,769.4893,2026-08-27,C,788.0,0.0,0.01,0.0,2772.0,0.01,0.333,0.0048,0.002,-0.0103,0.003,0.0,132.0,1662.0
2026-08-27 11:00:55,2026-08-27T10:45:15,769.4893,2026-08-27,P,788.0,17.45,19.75,100.0,100.0,23.87,0.471,-0.9952,0.002,-0.0103,0.003,0.0,0.0,0.0
2026-08-27 11:00:55,2026-08-27T10:45:15,769.4893,2026-08-27,C,789.0,0.0,0.01,0.0,2723.0,0.01,0.349,0.0046,0.0018,-0.0102,0.0028,0.0,34.0,1705.0
2026-08-27 11:00:55,2026-08-27T10:45:15,769.4893,2026-08-27,P,789.0,18.45,20.75,100.0,100.0,22.03,0.492,-0.9954,0.0018,-0.0102,0.0028,0.0,0.0,0.0
2026-08-27 11:00:55,2026-08-27T10:45:15,769.4893,2026-08-27,C,790.0,0.0,0.01,0.0,3021.0,0.01,0.3649,0.0044,0.0017,-0.0101,0.0027,0.0,34.0,294.0
2026-08-27 11:00:55,2026-08-27T10:45:15,769.4893,2026-08-27,P,790.0,19.45,21.75,100.0,100.0,21.57,0.5129,-0.9956,0.0017,-0.0101,0.0027,0.0,4.0,2.0
2026-08-27 11:00:55,2026-08-27T10:45:15,769.4893,2026-08-27,C,791.0,0.0,0.01,0.0,2224.0,0.01,0.3808,0.0042,0.0015,-0.0101,0.0026,0.0,8.0,479.0
2026-08-27 11:00:55,2026-08-27T10:45:15,769.4893,2026-08-27,P,791.0,20.45,22.75,100.0,100.0,23.85,0.5336,-0.9958,0.0015,-0.0101,0.0026,0.0,0.0,0.0
2026-08-27 11:00:55,2026-08-27T10:45:15,769.4893,2026-08-27,C,792.0,0.0,0.01,0.0,2224.0,0.01,0.3965,0.004,0.0014,-0.01,0.0025,0.0,2.0,563.0
2026-08-27 11:00:55,2026-08-27T10:45:15,769.4893,2026-08-27,P,792.0,21.45,23.75,100.0,100.0,26.8,0.5542,-0.996,0.0014,-0.01,0.0025,0.0,0.0,0.0
2026-08-27 11:00:55,2026-08-27T10:45:15,769.4893,2026-08-27,C,793.0,0.0,0.01,0.0,2224.0,0.02,0.4122,0.0039,0.0013,-0.0099,0.0024,0.0,0.0,582.0
2026-08-27 11:00:55,2026-08-27T10:45:15,769.4893,2026-08-27,P,793.0,22.08,24.3,233.0,239.0,23.51,0.0,-0.9961,0.0013,-0.0099,0.0024,0.0,2.0,0.0
2026-08-27 11:00:55,2026-08-27T10:45:15,769.4893,2026-08-27,C,794.0,0.0,0.01,0.0,2224.0,0.01,0.4279,0.0037,0.0012,-0.0098,0.0023,0.0,0.0,133.0
2026-08-27 11:00:55,2026-08-27T10:45:15,769.4893,2026-08-27,P,794.0,23.08,25.75,227.0,50.0,29.84,0.0,-0.9963,0.0012,-0.0098,0.0023,0.0,0.0,0.0
2026-08-27 11:00:55,2026-08-27T10:45:15,769.4893,2026-08-27,C,795.0,0.0,0.01,0.0,3561.0,0.01,0.4434,0.0036,0.0012,-0.0098,0.0022,0.0,9.0,71.0
2026-08-27 11:00:55,2026-08-27T10:45:15,769.4893,2026-08-27,P,795.0,24.4,26.75,213.0,50.0,30.48,0.5851,-0.9964,0.0012,-0.0098,0.0022,0.0,0.0,0.0
2026-08-27 11:00:55,2026-08-27T10:45:15,769.4893,2026-08-27,C,796.0,0.0,0.01,0.0,2223.0,0.01,0.4589,0.0034,0.0011,-0.0097,0.0022,0.0,4.0,117.0
2026-08-27 11:00:55,2026-08-27T10:45:15,769.4893,2026-08-27,P,796.0,25.08,27.75,212.0,50.0,29.1,0.0,-0.9966,0.0011,-0.0097,0.0022,0.0,0.0,0.0
2026-08-27 11:00:55,2026-08-27T10:45:15,769.4893,2026-08-27,C,797.0,0.0,0.01,0.0,2224.0,0.01,0.4743,0.0033,0.001,-0.0096,0.0021,0.0,3.0,30.0
2026-08-27 11:00:55,2026-08-27T10:45:15,769.4893,2026-08-27,P,797.0,26.08,28.75,213.0,50.0,31.86,0.0,-0.9967,0.001,-0.0096,0.0021,0.0,0.0,0.0
2026-08-27 11:00:55,2026-08-27T10:45:15,769.4893,2026-08-27,C,798.0,0.0,0.01,0.0,2224.0,0.01,0.4897,0.0032,0.001,-0.0095,0.002,0.0,0.0,50.0
2026-08-27 11:00:55,2026-08-27T10:45:15,769.4893,2026-08-27,P,798.0,28.44,29.75,44.0,51.0,29.66,0.9569,-0.9968,0.001,-0.0095,0.002,0.0,1.0,0.0
2026-08-27 11:00:55,2026-08-27T10:45:15,769.4893,2026-08-27,C,799.0,0.0,0.01,0.0,2224.0,0.02,0.505,0.0031,0.0009,-0.0095,0.0019,0.0,0.0,59.0
2026-08-27 11:00:55,2026-08-27T10:45:15,769.4893,2026-08-27,P,799.0,28.2,30.75,50.0,50.0,31.53,0.0,-0.9969,0.0009,-0.0095,0.0019,0.0,0.0,0.0
2026-08-27 11:00:55,2026-08-27T10:45:15,769.4893,2026-08-27,C,800.0,0.0,0.01,0.0,5267.0,0.01,0.5202,0.003,0.0008,-0.0094,0.0019,0.0,0.0,245.0
2026-08-27 11:00:55,2026-08-27T10:45:15,769.4893,2026-08-27,P,800.0,29.92,31.75,160.0,50.0,33.4,0.8902,-0.997,0.0008,-0.0094,0.0019,0.0,0.0,0.0
2026-08-27 11:00:55,2026-08-27T10:45:15,769.4893,2026-08-27,C,801.0,0.0,0.01,0.0,2224.0,0.01,0.5354,0.0029,0.0008,-0.0093,0.0018,0.0,0.0,18.0
2026-08-27 11:00:55,2026-08-27T10:45:15,769.4893,2026-08-27,P,801.0,30.91,33.12,34.0,34.0,34.58,0.9992,-0.9971,0.0008,-0.0093,0.0018,0.0,0.0,0.0
2026-08-27 11:00:55,2026-08-27T10:45:15,769.4893,2026-08-27,C,802.0,0.0,0.01,0.0,2224.0,0.01,0.5506,0.0028,0.0008,-0.0092,0.0018,0.0,0.0,58.0
2026-08-27 11:00:55,2026-08-27T10:45:15,769.4893,2026-08-27,P,802.0,31.91,34.12,34.0,34.0,36.19,1.0235,-0.9972,0.0008,-0.0092,0.0018,0.0,0.0,0.0
2026-08-27 11:00:55,2026-08-27T10:45:15,769.4893,2026-08-27,C,803.0,0.0,0.01,0.0,2224.0,0.02,0.5656,0.0027,0.0007,-0.0092,0.0017,0.0,0.0,64.0
2026-08-27 11:00:55,2026-08-27T10:45:15,769.4893,2026-08-27,P,803.0,31.78,35.14,34.0,34.0,0.0,0.0,-0.9973,0.0007,-0.0092,0.0017,0.0,0.0,0.0
2026-08-27 11:00:55,2026-08-27T10:45:15,769.4893,2026-08-27,C,804.0,0.0,0.01,0.0,2224.0,0.03,0.5807,0.0027,0.0007,-0.0091,0.0017,0.0,0.0,33.0
2026-08-27 11:00:55,2026-08-27T10:45:15,769.4893,2026-08-27,P,804.0,33.91,36.14,34.0,34.0,0.0,1.076,-0.9973,0.0007,-0.0091,0.0017,0.0,0.0,0.0
2026-08-27 11:00:55,2026-08-27T10:45:15,769.4893,2026-08-27,C,805.0,0.0,0.01,0.0,2224.0,0.01,0.5956,0.0026,0.0006,-0.009,0.0016,0.0,0.0,315.0
2026-08-27 11:00:55,2026-08-27T10:45:15,769.4893,2026-08-27,P,805.0,33.79,37.14,34.0,34.0,39.15,0.0,-0.9974,0.0006,-0.009,0.0016,0.0,0.0,0.0
2026-08-27 11:00:55,2026-08-27T10:45:15,769.4893,2026-08-27,C,806.0,0.0,0.01,0.0,2224.0,0.02,0.6106,0.0025,0.0006,-0.009,0.0016,0.0,0.0,315.0
2026-08-27 11:00:55,2026-08-27T10:45:15,769.4893,2026-08-27,P,806.0,35.85,38.14,34.0,34.0,0.0,1.1098,-0.9975,0.0006,-0.009,0.0016,0.0,0.0,0.0
2026-08-27 11:00:55,2026-08-27T10:45:15,769.4893,2026-08-27,C,807.0,0.0,0.01,0.0,2224.0,0.0,0.6254,0.0024,0.0006,-0.0089,0.0015,0.0,0.0,0.0
2026-08-27 11:00:55,2026-08-27T10:45:15,769.4893,2026-08-27,P,807.0,37.4,37.69,34.0,34.0,37.88,0.746,-0.9976,0.0006,-0.0089,0.0015,0.0,2.0,0.0
2026-08-27 11:05:56,2026-08-27T10:50:16,770.13,2026-08-27,C,732.0,36.46,38.94,232.0,50.0,37.58,0.0,0.9963,0.0008,-0.016,0.0022,0.0,1.0,1.0
2026-08-27 11:05:56,2026-08-27T10:50:16,770.13,2026-08-27,P,732.0,0.0,0.01,0.0,2199.0,0.03,0.6709,-0.0037,0.0008,-0.016,0.0022,0.0,0.0,6718.0
2026-08-27 11:05:56,2026-08-27T10:50:16,770.13,2026-08-27,C,733.0,35.46,37.95,232.0,50.0,36.63,0.0,0.9962,0.0008,-0.0161,0.0023,0.0,1.0,0.0
2026-08-27 11:05:56,2026-08-27T10:50:16,770.13,2026-08-27,P,733.0,0.0,0.01,0.0,2199.0,0.02,0.6544,-0.0038,0.0008,-0.0161,0.0023,0.0,0.0,2383.0
2026-08-27 11:05:56,2026-08-27T10:50:16,770.13,2026-08-27,C,734.0,36.04,36.96,44.0,50.0,35.83,1.111,0.9961,0.0008,-0.0163,0.0023,0.0,2.0,1.0
2026-08-27 11:05:56,2026-08-27T10:50:16,770.13,2026-08-27,P,734.0,0.0,0.01,0.0,2609.0,0.02,0.6378,-0.0039,0.0008,-0.0163,0.0023,0.0,2.0,2467.0
2026-08-27 11:05:56,2026-08-27T10:50:16,770.13,2026-08-27,C,735.0,35.05,35.28,46.0,51.0,34.88,0.7889,0.996,0.0009,-0.0164,0.0024,0.0,3.0,6.0
2026-08-27 11:05:56,2026-08-27T10:50:16,770.13,2026-08-27,P,735.0,0.0,0.01,0.0,2609.0,0.01,0.6212,-0.004,0.0009,-0.0164,0.0024,0.0,15.0,526.0
2026-08-27 11:05:56,2026-08-27T10:50:16,770.13,2026-08-27,C,736.0,32.46,34.96,231.0,45.0,33.69,0.0,0.9958,0.0009,-0.0166,0.0025,0.0,5.0,3.0
2026-08-27 11:05:56,2026-08-27T10:50:16,770.13,2026-08-27,P,736.0,0.0,0.01,0.0,2609.0,0.01,0.6047,-0.0042,0.0009,-0.0166,0.0025,0.0,0.0,227.0
2026-08-27 11:05:56,2026-08-27T10:50:16,770.13,2026-08-27,C,737.0,31.47,33.96,50.0,44.0,32.74,0.0,0.9957,0.001,-0.0167,0.0025,0.0,5.0,3.0
2026-08-27 11:05:56,2026-08-27T10:50:16,770.13,2026-08-27,P,737.0,0.0,0.01,0.0,2609.0,0.01,0.5881,-0.0043,0.001,-0.0167,0.0025,0.0,11.0,627.0
2026-08-27 11:05:56,2026-08-27T10:50:16,770.13,2026-08-27,C,738.0,30.46,32.96,231.0,44.0,28.46,0.0,0.9956,0.001,-0.0168,0.0026,0.0,0.0,2.0
2026-08-27 11:05:56,2026-08-27T10:50:16,770.13,2026-08-27,P,738.0,0.0,0.01,0.0,2609.0,0.01,0.5714,-0.0044,0.001,-0.0168,0.0026,0.0,137.0,563.0
2026-08-27 11:05:56,2026-08-27T10:50:16,770.13,2026-08-27,C,739.0,29.46,31.96,238.0,45.0,28.36,0.0,0.9954,0.0011,-0.017,0.0027,0.0,1.0,3.0
2026-08-27 11:05:56,2026-08-27T10:50:16,770.13,2026-08-27,P,739.0,0.0,0.01,0.0,2609.0,0.01,0.5548,-0.0046,0.0011,-0.017,0.0027,0.0,10.0,378.0
2026-08-27 11:05:56,2026-08-27T10:50:16,770.13,2026-08-27,C,740.0,28.46,30.28,233.0,44.0,29.52,0.0,0.9953,0.0012,-0.0171,0.0028,0.0,1.0,4.0
2026-08-27 11:05:56,2026-08-27T10:50:16,770.13,2026-08-27,P,740.0,0.0,0.01,0.0,2677.0,0.01,0.5382,-0.0047,0.0012,-0.0171,0.0028,0.0,12.0,1521.0
2026-08-27 11:05:56,2026-08-27T10:50:16,770.13,2026-08-27,C,741.0,27.46,29.92,233.0,45.0,24.06,0.0,0.9951,0.0012,-0.0173,0.0029,0.0,0.0,5.0
2026-08-27 11:05:56,2026-08-27T10:50:16,770.13,2026-08-27,P,741.0,0.0,0.01,0.0,2676.0,0.01,0.5215,-0.0049,0.0012,-0.0173,0.0029,0.0,485.0,686.0
2026-08-27 11:05:56,2026-08-27T10:50:16,770.13,2026-08-27,C,742.0,26.46,28.92,240.0,46.0,27.0,0.0,0.9949,0.0013,-0.0174,0.003,0.0,1.0,24.0
2026-08-27 11:05:56,2026-08-27T10:50:16,770.13,2026-08-27,P,742.0,0.0,0.01,0.0,2675.0,0.01,0.5048,-0.0051,0.0013,-0.0174,0.003,0.0,82.0,680.0
2026-08-27 11:05:56,2026-08-27T10:50:16,770.13,2026-08-27,C,743.0,25.46,27.93,232.0,50.0,23.21,0.0,0.9947,0.0014,-0.0176,0.0031,0.0,0.0,8.0
2026-08-27 11:05:56,2026-08-27T10:50:16,770.13,2026-08-27,P,743.0,0.0,0.01,0.0,2675.0,0.01,0.4882,-0.0053,0.0014,-0.0176,0.0031,0.0,75.0,580.0
2026-08-27 11:05:56,2026-08-27T10:50:16,770.13,2026-08-27,C,744.0,24.46,26.93,231.0,50.0,25.56,0.0,0.9945,0.0015,-0.0177,0.0032,0.0,1.0,24.0
2026-08-27 11:05:56,2026-08-27T10:50:16,770.13,2026-08-27,P,744.0,0.0,0.01,0.0,2705.0,0.01,0.4714,-0.0055,0.0015,-0.0177,0.0032,0.0,285.0,1156.0
2026-08-27 11:05:56,2026-08-27T10:50:16,770.13,2026-08-27,C,745.0,23.46,25.93,232.0,50.0,23.29,0.0,0.9943,0.0016,-0.0179,0.0033,0.0,2.0,16.0
2026-08-27 11:05:56,2026-08-27T10:50:16,770.13,2026-08-27,P,745.0,0.0,0.01,0.0,2789.0,0.01,0.4547,-0.0057,0.0016,-0.0179,0.0033,0.0,2182.0,2626.0
2026-08-27 11:05:56,2026-08-27T10:50:16,770.13,2026-08-27,C,746.0,24.0,24.28,50.0,50.0,23.37,0.5171,0.9941,0.0017,-0.0181,0.0034,0.0,8.0,56.0
2026-08-27 11:05:56,2026-08-27T10:50:16,770.13,2026-08-27,P,746.0,0.01,0.02,1486.0,3174.0,0.01,0.4885,-0.0059,0.0017,-0.0181,0.0034,0.0,11662.0,5788.0
2026-08-27 11:05:56,2026-08-27T10:50:16,770.13,2026-08-27,C,747.0,21.47,23.56,50.0,45.0,20.08,0.0,0.9938,0.0019,-0.0183,0.0036,0.0,0.0,57.0
2026-08-27 11:05:56,2026-08-27T10:50:16,770.13,2026-08-27,P,747.0,0.01,0.02,1707.0,3138.0,0.01,0.4701,-0.0062,0.0019,-0.0183,0.0036,0.0,10442.0,12314.0
2026-08-27 11:05:56,2026-08-27T10:50:16,770.13,2026-08-27,C,748.0,21.91,22.56,182.0,177.0,20.54,0.5972,0.9935,0.002,-0.0185,0.0037,0.0,1.0,78.0
2026-08-27 11:05:56,2026-08-27T10:50:16,770.13,2026-08-27,P,748.0,0.01,0.02,1509.0,3226.0,0.01,0.4516,-0.0065,0.002,-0.0185,0.0037,0.0,1081.0,2141.0
2026-08-27 11:05:56,2026-08-27T10:50:16,770.13,2026-08-27,C,749.0,21.01,21.29,128.0,179.0,21.0,0.479,0.9932,0.0022,-0.0187,0.0039,0.0,1.0,134.0
2026-08-27 11:05:56,2026-08-27T10:50:16,770.13,2026-08-27,P,749.0,0.01,0.02,1716.0,3735.0,0.02,0.4332,-0.0068,0.0022,-0.0187,0.0039,0.0,5675.0,957.0
2026-08-27 11:05:56,2026-08-27T10:50:16,770.13,2026-08-27,C,750.0,20.05,20.29,46.0,180.0,18.51,0.4882,0.9929,0.0024,-0.019,0.0041,0.0,4.0,235.0
2026-08-27 11:05:56,2026-08-27T10:50:16,770.13,2026-08-27,P,750.0,0.01,0.02,2554.0,3429.0,0.01,0.4146,-0.0071,0.0024,-0.019,0.0041,0.0,2167.0,7475.0
2026-08-27 11:05:56,2026-08-27T10:50:16,770.13,2026-08-27,C,751.0,19.06,19.3,170.0,179.0,18.14,0.4787,0.9925,0.0026,-0.0193,0.0043,0.0,13.0,51.0
2026-08-27 11:05:56,2026-08-27T10:50:16,770.13,2026-08-27,P,751.0,0.01,0.02,2591.0,3553.0,0.01,0.396,-0.0075,0.0026,-0.0193,0.0043,0.0,3304.0,2036.0
2026-08-27 11:05:56,2026-08-27T10:50:16,770.13,2026-08-27,C,752.0,18.06,18.29,46.0,179.0,17.3,0.4516,0.992,0.0029,-0.0197,0.0045,0.0,4.0,50.0
2026-08-27 11:05:56,2026-08-27T10:50:16,770.13,2026-08-27,P,752.0,0.01,0.02,3261.0,3411.0,0.01,0.3773,-0.008,0.0029,-0.0197,0.0045,0.0,3506.0,6184.0
2026-08-27 11:05:56,2026-08-27T10:50:16,770.13,2026-08-27,C,753.0,17.06,17.29,147.0,181.0,16.57,0.43,0.9915,0.0032,-0.0201,0.0048,0.0,11.0,224.0
2026-08-27 11:05:56,2026-08-27T10:50:16,770.13,2026-08-27,P,753.0,0.01,0.02,3300.0,3313.0,0.02,0.3586,-0.0085,0.0032,-0.0201,0.0048,0.0,1490.0,1905.0
2026-08-27 11:05:56,2026-08-27T10:50:16,770.13,2026-08-27,C,754.0,16.06,16.29,143.0,181.0,15.21,0.4083,0.9909,0.0036,-0.0207,0.0051,0.0,27.0,155.0
2026-08-27 11:05:56,2026-08-27T10:50:16,770.13,2026-08-27,P,754.0,0.01,0.02,3367.0,3335.0,0.02,0.3398,-0.0091,0.0036,-0.0207,0.0051,0.0,2527.0,2518.0
2026-08-27 11:05:56,2026-08-27T10:50:16,770.13,2026-08-27,C,755.0,15.06,15.29,139.0,182.0,14.55,0.3865,0.9901,0.004,-0.0215,0.0055,0.0,38.0,243.0
2026-08-27 11:05:56,2026-08-27T10:50:16,770.13,2026-08-27,P,755.0,0.02,0.03,954.0,3804.0,0.03,0.3417,-0.0099,0.004,-0.0215,0.0055,0.0,4619.0,6635.0
2026-08-27 11:05:56,2026-08-27T10:50:16,770.13,2026-08-27,C,756.0,12.48,14.57,189.0,181.0,12.13,0.0,0.9892,0.0046,-0.0225,0.006,0.0,2.0,180.0
2026-08-27 11:05:56,2026-08-27T10:50:16,770.13,2026-08-27,P,756.0,0.02,0.03,716.0,5332.0,0.02,0.3218,-0.0108,0.0046,-0.0225,0.006,0.0,8976.0,2466.0
2026-08-27 11:05:56,2026-08-27T10:50:16,770.13,2026-08-27,C,757.0,13.07,13.29,46.0,181.0,12.58,0.3468,0.988,0.0053,-0.0239,0.0066,0.0,39.0,369.0
2026-08-27 11:05:56,2026-08-27T10:50:16,770.13,2026-08-27,P,757.0,0.02,0.03,2180.0,3653.0,0.02,0.3017,-0.012,0.0053,-0.0239,0.0066,0.0,3170.0,2179.0
2026-08-27 11:05:56,2026-08-27T10:50:16,770.13,2026-08-27,C,758.0,12.07,12.3,110.0,120.0,11.62,0.3284,0.9865,0.0063,-0.0258,0.0073,0.0,84.0,994.0
2026-08-27 11:05:56,2026-08-27T10:50:16,770.13,2026-08-27,P,758.0,0.02,0.03,2261.0,3028.0,0.03,0.2815,-0.0135,0.0063,-0.0258,0.0073,0.0,8474.0,5271.0
2026-08-27 11:05:56,2026-08-27T10:50:16,770.13,2026-08-27,C,759.0,11.07,11.3,47.0,115.0,10.51,0.3055,0.9844,0.0075,-0.0285,0.0083,0.0,120.0,244.0
2026-08-27 11:05:56,2026-08-27T10:50:16,770.13,2026-08-27,P,759.0,0.03,0.04,1.0,3594.0,0.03,0.2739,-0.0156,0.0075,-0.0285,0.0083,0.0,14855.0,5933.0
2026-08-27 11:05:56,2026-08-27T10:50:16,770.13,2026-08-27,C,760.0,10.08,10.3,109.0,104.0,10.0,0.2858,0.9815,0.0093,-0.0324,0.0096,0.0,1580.0,840.0
2026-08-27 11:05:56,2026-08-27T10:50:16,770.13,2026-08-27,P,760.0,0.03,0.04,833.0,3088.0,0.03,0.2526,-0.0185,0.0093,-0.0324,0.0096,0.0,29788.0,6095.0
2026-08-27 11:05:56,2026-08-27T10:50:16,770.13,2026-08-27,C,761.0,9.08,9.31,66.0,66.0,9.25,0.2654,0.9774,0.0117,-0.0383,0.0114,0.0,372.0,745.0
2026-08-27 11:05:56,2026-08-27T10:50:16,770.13,2026-08-27,P,761.0,0.03,0.04,2211.0,2369.0,0.03,0.2311,-0.0226,0.0117,-0.0383,0.0114,0.0,31957.0,2929.0
2026-08-27 11:05:56,2026-08-27T10:50:16,770.13,2026-08-27,C,762.0,8.1,8.22,165.0,60.0,7.54,0.2217,0.9713,0.0153,-0.0472,0.0139,0.0,608.0,690.0
2026-08-27 11:05:56,2026-08-27T10:50:16,770.13,2026-08-27,P,762.0,0.04,0.05,1529.0,2520.0,0.04,0.2183,-0.0286,0.0152,-0.047,0.0138,0.0,51411.0,3422.0
2026-08-27 11:05:56,2026-08-27T10:50:16,770.13,2026-08-27,C,763.0,7.11,7.24,63.0,64.0,7.31,0.2053,0.962,0.0205,-0.061,0.0174,0.0,1710.0,1330.0
2026-08-27 11:05:56,2026-08-27T10:50:16,770.13,2026-08-27,P,763.0,0.06,0.07,812.0,3501.0,0.06,0.2088,-0.0378,0.0204,-0.0608,0.0173,0.0,47155.0,5031.0
2026-08-27 11:05:56,2026-08-27T10:50:16,770.13,2026-08-27,C,764.0,6.13,6.25,72.0,59.0,6.15,0.1895,0.9477,0.0282,-0.083,0.0223,0.0,2539.0,1924.0
2026-08-27 11:05:56,2026-08-27T10:50:16,770.13,2026-08-27,P,764.0,0.08,0.09,485.0,2696.0,0.09,0.1945,-0.0523,0.0282,-0.083,0.0223,0.0,58319.0,7873.0
2026-08-27 11:05:56,2026-08-27T10:50:16,770.13,2026-08-27,C,765.0,5.21,5.24,65.0,48.0,5.22,0.1729,0.9256,0.0395,-0.1184,0.0291,0.0,4589.0,4303.0
2026-08-27 11:05:56,2026-08-27T10:50:16,770.13,2026-08-27,P,765.0,0.11,0.12,738.0,1237.0,0.11,0.1807,-0.0744,0.0395,-0.1184,0.0291,0.0,60604.0,5495.0
2026-08-27 11:05:56,2026-08-27T10:50:16,770.13,2026-08-27,C,766.0,4.26,4.29,68.0,51.0,4.26,0.1639,0.8914,0.0556,-0.1753,0.0381,0.0,9639.0,5065.0
2026-08-27 11:05:56,2026-08-27T10:50:16,770.13,2026-08-27,P,766.0,0.17,0.18,349.0,2223.0,0.18,0.171,-0.1086,0.0556,-0.1753,0.0381,0.0,64056.0,5339.0
2026-08-27 11:05:56,2026-08-27T10:50:16,770.13,2026-08-27,C,767.0,3.35,3.38,215.0,60.0,3.38,0.1574,0.8396,0.0774,-0.2665,0.0491,0.0,32786.0,6518.0
2026-08-27 11:05:56,2026-08-27T10:50:16,770.13,2026-08-27,P,767.0,0.26,0.27,728.0,570.0,0.27,0.1606,-0.1604,0.0774,-0.2665,0.0491,0.0,108196.0,3089.0
2026-08-27 11:05:56,2026-08-27T10:50:16,770.13,2026-08-27,C,768.0,2.52,2.54,215.0,23.0,2.53,0.1493,0.763,0.1041,-0.4136,0.0615,0.0,94909.0,4522.0
2026-08-27 11:05:56,2026-08-27T10:50:16,770.13,2026-08-27,P,768.0,0.42,0.43,4.0,1151.0,0.42,0.1534,-0.237,0.1041,-0.4136,0.0615,0.0,154395.0,2666.0
2026-08-27 11:05:56,2026-08-27T10:50:16,770.13,2026-08-27,C,769.0,1.75,1.77,215.0,87.0,1.75,0.1421,0.6552,0.1312,-0.6495,0.0725,0.0,185870.0,7157.0
2026-08-27 11:05:56,2026-08-27T10:50:16,770.13,2026-08-27,P,769.0,0.65,0.66,621.0,49.0,0.67,0.1456,-0.3448,0.1312,-0.6495,0.0725,0.0,117543.0,521.0
2026-08-27 11:05:56,2026-08-27T10:50:16,770.13,2026-08-27,C,770.0,1.12,1.13,63.0,275.0,1.12,0.1352,0.5178,0.1486,-1.0139,0.0781,0.0,236866.0,7702.0
2026-08-27 11:05:56,2026-08-27T10:50:16,770.13,2026-08-27,P,770.0,1.02,1.03,150.0,364.0,1.02,0.1384,-0.4822,0.1486,-1.0139,0.0781,0.0,38594.0,984.0
2026-08-27 11:05:56,2026-08-27T10:50:16,770.13,2026-08-27,C,771.0,0.64,0.65,6.0,492.0,0.64,0.13,0.367,0.1455,-0.6512,0.0741,0.0,150283.0,5376.0
2026-08-27 11:05:56,2026-08-27T10:50:16,770.13,2026-08-27,P,771.0,1.52,1.54,97.0,244.0,1.54,0.1335,-0.633,0.1455,-0.6512,0.0741,0.0,10794.0,1468.0
2026-08-27 11:05:56,2026-08-27T10:50:16,770.13,2026-08-27,C,772.0,0.32,0.33,416.0,420.0,0.32,0.1274,0.2284,0.1198,-0.3343,0.0605,0.0,101050.0,4406.0
2026-08-27 11:05:56,2026-08-27T10:50:16,770.13,2026-08-27,P,772.0,2.2,2.23,113.0,236.0,2.24,0.13,-0.7716,0.1198,-0.3343,0.0605,0.0,3703.0,555.0
2026-08-27 11:05:56,2026-08-27T10:50:16,770.13,2026-08-27,C,773.0,0.15,0.16,317.0,2004.0,0.15,0.1278,0.1249,0.0824,-0.1546,0.0423,0.0,78300.0,3955.0
2026-08-27 11:05:56,2026-08-27T10:50:16,770.13,2026-08-27,P,773.0,3.03,3.06,89.0,9.0,3.04,0.1314,-0.8751,0.0824,-0.1546,0.0423,0.0,1222.0,1148.0
2026-08-27 11:05:56,2026-08-27T10:50:16,770.13,2026-08-27,C,774.0,0.07,0.08,727.0,2154.0,0.07,0.1317,0.0639,0.0492,-0.0704,0.0266,0.0,61880.0,9159.0
2026-08-27 11:05:56,2026-08-27T10:50:16,770.13,2026-08-27,P,774.0,3.92,4.01,160.0,84.0,3.95,0.1392,-0.9361,0.0492,-0.0704,0.0266,0.0,756.0,763.0
2026-08-27 11:05:56,2026-08-27T10:50:16,770.13,2026-08-27,C,775.0,0.04,0.05,665.0,4086.0,0.04,0.1423,0.0346,0.0286,-0.0363,0.0168,0.0,26426.0,8218.0
2026-08-27 11:05:56,2026-08-27T10:50:16,770.13,2026-08-27,P,775.0,4.77,4.99,72.0,57.0,4.84,0.0,-0.9654,0.0286,-0.0363,0.0168,0.0,987.0,858.0
2026-08-27 11:05:56,2026-08-27T10:50:16,770.13,2026-08-27,C,776.0,0.02,0.03,2338.0,2372.0,0.02,0.1501,0.0213,0.0177,-0.0224,0.0114,0.0,14426.0,4528.0
2026-08-27 11:05:56,2026-08-27T10:50:16,770.13,2026-08-27,P,776.0,5.75,6.5,58.0,51.0,6.6,0.2403,-0.9787,0.0177,-0.0224,0.0114,0.0,85.0,94.0
2026-08-27 11:05:56,2026-08-27T10:50:16,770.13,2026-08-27,C,777.0,0.01,0.02,2802.0,2535.0,0.02,0.1592,0.0147,0.0119,-0.0161,0.0084,0.0,6652.0,4442.0
2026-08-27 11:05:56,2026-08-27T10:50:16,770.13,2026-08-27,P,777.0,6.77,6.97,136.0,56.0,7.34,0.0,-0.9853,0.0119,-0.0161,0.0084,0.0,130.0,199.0
2026-08-27 11:05:56,2026-08-27T10:50:16,770.13,2026-08-27,C,778.0,0.01,0.02,2836.0,2956.0,0.01,0.1789,0.0114,0.0087,-0.0131,0.0067,0.0,3462.0,2468.0
2026-08-27 11:05:56,2026-08-27T10:50:16,770.13,2026-08-27,P,778.0,7.8,8.02,146.0,146.0,8.16,0.1923,-0.9886,0.0087,-0.0131,0.0067,0.0,154.0,0.0
2026-08-27 11:05:56,2026-08-27T10:50:16,770.13,2026-08-27,C,779.0,0.01,0.02,2487.0,3188.0,0.01,0.1983,0.0095,0.0068,-0.0118,0.0057,0.0,1243.0,2257.0
2026-08-27 11:05:56,2026-08-27T10:50:16,770.13,2026-08-27,P,779.0,8.46,10.02,154.0,147.0,9.74,0.36,-0.9905,0.0068,-0.0118,0.0057,0.0,15.0,0.0
2026-08-27 11:05:56,2026-08-27T10:50:16,770.13,2026-08-27,C,780.0,0.01,0.02,1010.0,3292.0,0.01,0.2171,0.0084,0.0056,-0.0111,0.0051,0.0,5670.0,5535.0
2026-08-27 11:05:56,2026-08-27T10:50:16,770.13,2026-08-27,P,780.0,9.74,10.02,62.0,115.0,10.34,0.0,-0.9916,0.0056,-0.0112,0.0051,0.0,32.0,1.0
2026-08-27 11:05:56,2026-08-27T10:50:16,770.13,2026-08-27,C,781.0,0.0,0.01,0.0,2235.0,0.01,0.2084,0.0076,0.0047,-0.0109,0.0046,0.0,6091.0,1478.0
2026-08-27 11:05:56,2026-08-27T10:50:16,770.13,2026-08-27,P,781.0,10.46,12.06,62.0,107.0,11.3,0.4232,-0.9923,0.0048,-0.011,0.0046,0.0,5.0,1.0
2026-08-27 11:05:56,2026-08-27T10:50:16,770.13,2026-08-27,C,782.0,0.0,0.01,0.0,2791.0,0.01,0.2254,0.0071,0.0041,-0.0107,0.0043,0.0,267.0,2919.0
2026-08-27 11:05:56,2026-08-27T10:50:16,770.13,2026-08-27,P,782.0,11.46,13.06,115.0,104.0,16.55,0.4513,-0.9929,0.0041,-0.0108,0.0043,0.0,0.0,0.0
2026-08-27 11:05:56,2026-08-27T10:50:16,770.13,2026-08-27,C,783.0,0.0,0.01,0.0,2700.0,0.01,0.2422,0.0066,0.0036,-0.0106,0.004,0.0,388.0,1573.0
2026-08-27 11:05:56,2026-08-27T10:50:16,770.13,2026-08-27,P,783.0,12.45,14.06,156.0,149.0,16.79,0.4774,-0.9934,0.0036,-0.0107,0.004,0.0,0.0,0.0
2026-08-27 11:05:56,2026-08-27T10:50:16,770.13,2026-08-27,C,784.0,0.0,0.01,0.0,2700.0,0.01,0.2592,0.0062,0.0032,-0.0106,0.0038,0.0,12.0,1820.0
2026-08-27 11:05:56,2026-08-27T10:50:16,770.13,2026-08-27,P,784.0,13.45,15.55,172.0,126.0,18.93,0.5771,-0.9938,0.0032,-0.0106,0.0038,0.0,0.0,0.0
2026-08-27 11:05:56,2026-08-27T10:50:16,770.13,2026-08-27,C,785.0,0.0,0.01,0.0,2701.0,0.01,0.2758,0.0058,0.0028,-0.0105,0.0035,0.0,12.0,1464.0
2026-08-27 11:05:56,2026-08-27T10:50:16,770.13,2026-08-27,P,785.0,14.45,16.54,174.0,155.0,19.97,0.6049,-0.9942,0.0028,-0.0105,0.0035,0.0,0.0,0.0
2026-08-27 11:05:56,2026-08-27T10:50:16,770.13,2026-08-27,C,786.0,0.0,0.01,0.0,2701.0,0.01,0.2923,0.0055,0.0026,-0.0104,0.0034,0.0,484.0,1211.0
2026-08-27 11:05:56,2026-08-27T10:50:16,770.13,2026-08-27,P,786.0,15.45,17.54,171.0,153.0,20.55,0.6338,-0.9945,0.0026,-0.0104,0.0034,0.0,0.0,0.0
2026-08-27 11:05:56,2026-08-27T10:50:16,770.13,2026-08-27,C,787.0,0.0,0.01,0.0,2634.0,0.01,0.3087,0.0052,0.0023,-0.0104,0.0032,0.0,20.0,3748.0
2026-08-27 11:05:56,2026-08-27T10:50:16,770.13,2026-08-27,P,787.0,16.45,18.54,170.0,171.0,19.79,0.6622,-0.9948,0.0023,-0.0104,0.0032,0.0,10.0,0.0
2026-08-27 11:05:56,2026-08-27T10:50:16,770.13,2026-08-27,C,788.0,0.0,0.01,0.0,2633.0,0.01,0.3249,0.0049,0.0021,-0.0103,0.003,0.0,132.0,1662.0
2026-08-27 11:05:56,2026-08-27T10:50:16,770.13,2026-08-27,P,788.0,17.45,19.54,174.0,165.0,23.87,0.6904,-0.9951,0.0021,-0.0103,0.003,0.0,0.0,0.0
2026-08-27 11:05:56,2026-08-27T10:50:16,770.13,2026-08-27,C,789.0,0.0,0.01,0.0,2223.0,0.01,0.3411,0.0047,0.0019,-0.0102,0.0029,0.0,34.0,1705.0
2026-08-27 11:05:56,2026-08-27T10:50:16,770.13,2026-08-27,P,789.0,18.45,20.54,143.0,165.0,22.03,0.7182,-0.9953,0.0019,-0.0102,0.0029,0.0,0.0,0.0
2026-08-27 11:05:56,2026-08-27T10:50:16,770.13,2026-08-27,C,790.0,0.0,0.01,0.0,2521.0,0.01,0.3572,0.0045,0.0018,-0.0101,0.0028,0.0,34.0,294.0
2026-08-27 11:05:56,2026-08-27T10:50:16,770.13,2026-08-27,P,790.0,19.45,21.54,173.0,187.0,21.57,0.7458,-0.9955,0.0018,-0.0101,0.0028,0.0,4.0,2.0
2026-08-27 11:05:56,2026-08-27T10:50:16,770.13,2026-08-27,C,791.0,0.0,0.01,0.0,2224.0,0.01,0.3732,0.0043,0.0016,-0.01,0.0026,0.0,8.0,479.0
2026-08-27 11:05:56,2026-08-27T10:50:16,770.13,2026-08-27,P,791.0,20.45,22.54,174.0,164.0,23.85,0.7731,-0.9957,0.0016,-0.01,0.0026,0.0,0.0,0.0
2026-08-27 11:05:56,2026-08-27T10:50:16,770.13,2026-08-27,C,792.0,0.0,0.01,0.0,2224.0,0.01,0.3891,0.0041,0.0015,-0.0099,0.0025,0.0,2.0,563.0
2026-08-27 11:05:56,2026-08-27T10:50:16,770.13,2026-08-27,P,792.0,21.45,23.54,172.0,164.0,26.8,0.8002,-0.9959,0.0015,-0.0099,0.0025,0.0,0.0,0.0
2026-08-27 11:05:56,2026-08-27T10:50:16,770.13,2026-08-27,C,793.0,0.0,0.01,0.0,2224.0,0.02,0.405,0.0039,0.0014,-0.0099,0.0024,0.0,0.0,582.0
2026-08-27 11:05:56,2026-08-27T10:50:16,770.13,2026-08-27,P,793.0,22.08,24.07,184.0,51.0,23.51,0.6465,-0.9961,0.0014,-0.0099,0.0024,0.0,2.0,0.0
2026-08-27 11:05:56,2026-08-27T10:50:16,770.13,2026-08-27,C,794.0,0.0,0.01,0.0,2224.0,0.01,0.4208,0.0038,0.0013,-0.0098,0.0023,0.0,0.0,133.0
2026-08-27 11:05:56,2026-08-27T10:50:16,770.13,2026-08-27,P,794.0,23.08,25.54,50.0,231.0,29.84,0.7854,-0.9962,0.0013,-0.0098,0.0023,0.0,0.0,0.0
2026-08-27 11:05:56,2026-08-27T10:50:16,770.13,2026-08-27,C,795.0,0.0,0.01,0.0,3468.0,0.01,0.4365,0.0036,0.0012,-0.0097,0.0022,0.0,9.0,71.0
2026-08-27 11:05:56,2026-08-27T10:50:16,770.13,2026-08-27,P,795.0,24.4,26.54,44.0,191.0,30.48,0.8714,-0.9964,0.0012,-0.0097,0.0022,0.0,0.0,0.0
2026-08-27 11:05:56,2026-08-27T10:50:16,770.13,2026-08-27,C,796.0,0.0,0.01,0.0,2223.0,0.01,0.4521,0.0035,0.0011,-0.0096,0.0022,0.0,4.0,117.0
2026-08-27 11:05:56,2026-08-27T10:50:16,770.13,2026-08-27,P,796.0,25.08,27.54,50.0,217.0,29.1,0.8353,-0.9965,0.0011,-0.0096,0.0022,0.0,0.0,0.0
2026-08-27 11:05:56,2026-08-27T10:50:16,770.13,2026-08-27,C,797.0,0.0,0.01,0.0,2224.0,0.01,0.4677,0.0034,0.001,-0.0096,0.0021,0.0,3.0,30.0
2026-08-27 11:05:56,2026-08-27T10:50:16,770.13,2026-08-27,P,797.0,26.08,28.54,50.0,218.0,31.86,0.86,-0.9966,0.001,-0.0096,0.0021,0.0,0.0,0.0
2026-08-27 11:05:56,2026-08-27T10:50:16,770.13,2026-08-27,C,798.0,0.0,0.01,0.0,2224.0,0.01,0.4832,0.0032,0.001,-0.0095,0.002,0.0,0.0,50.0
2026-08-27 11:05:56,2026-08-27T10:50:16,770.13,2026-08-27,P,798.0,27.73,29.54,44.0,51.0,29.66,1.0068,-0.9968,0.001,-0.0095,0.002,0.0,1.0,0.0
2026-08-27 11:05:56,2026-08-27T10:50:16,770.13,2026-08-27,C,799.0,0.0,0.01,0.0,2224.0,0.02,0.4986,0.0031,0.0009,-0.0094,0.002,0.0,0.0,59.0
2026-08-27 11:05:56,2026-08-27T10:50:16,770.13,2026-08-27,P,799.0,28.2,30.54,50.0,177.0,31.53,0.9348,-0.9969,0.0009,-0.0094,0.002,0.0,0.0,0.0
2026-08-27 11:05:56,2026-08-27T10:50:16,770.13,2026-08-27,C,800.0,0.0,0.01,0.0,5179.0,0.01,0.514,0.003,0.0009,-0.0093,0.0019,0.0,0.0,245.0
2026-08-27 11:05:56,2026-08-27T10:50:16,770.13,2026-08-27,P,800.0,29.73,31.54,44.0,50.0,33.4,1.0597,-0.997,0.0009,-0.0093,0.0019,0.0,0.0,0.0
2026-08-27 11:05:56,2026-08-27T10:50:16,770.13,2026-08-27,C,801.0,0.0,0.01,0.0,2224.0,0.01,0.5293,0.0029,0.0008,-0.0092,0.0018,0.0,0.0,18.0
2026-08-27 11:05:56,2026-08-27T10:50:16,770.13,2026-08-27,P,801.0,30.72,32.54,34.0,34.0,34.58,1.0841,-0.9971,0.0008,-0.0092,0.0018,0.0,0.0,0.0
2026-08-27 11:05:56,2026-08-27T10:50:16,770.13,2026-08-27,C,802.0,0.0,0.01,0.0,2224.0,0.01,0.5446,0.0028,0.0008,-0.0092,0.0018,0.0,0.0,58.0
2026-08-27 11:05:56,2026-08-27T10:50:16,770.13,2026-08-27,P,802.0,31.28,33.54,34.0,34.0,36.19,1.0256,-0.9972,0.0008,-0.0092,0.0018,0.0,0.0,0.0
2026-08-27 11:05:56,2026-08-27T10:50:16,770.13,2026-08-27,C,803.0,0.0,0.01,0.0,2224.0,0.02,0.5598,0.0028,0.0007,-0.0091,0.0017,0.0,0.0,64.0
2026-08-27 11:05:56,2026-08-27T10:50:16,770.13,2026-08-27,P,803.0,31.45,34.63,34.0,34.0,0.0,0.8382,-0.9972,0.0007,-0.0091,0.0017,0.0,0.0,0.0
2026-08-27 11:05:56,2026-08-27T10:50:16,770.13,2026-08-27,C,804.0,0.0,0.01,0.0,2224.0,0.03,0.575,0.0027,0.0007,-0.009,0.0017,0.0,0.0,33.0
2026-08-27 11:05:56,2026-08-27T10:50:16,770.13,2026-08-27,P,804.0,32.96,35.57,35.0,34.0,0.0,1.006,-0.9973,0.0007,-0.009,0.0017,0.0,0.0,0.0
2026-08-27 11:05:56,2026-08-27T10:50:16,770.13,2026-08-27,C,805.0,0.0,0.01,0.0,2224.0,0.01,0.5901,0.0026,0.0007,-0.009,0.0016,0.0,0.0,315.0
2026-08-27 11:05:56,2026-08-27T10:50:16,770.13,2026-08-27,P,805.0,33.45,36.62,34.0,34.0,39.15,0.8752,-0.9974,0.0007,-0.009,0.0016,0.0,0.0,0.0
2026-08-27 11:05:56,2026-08-27T10:50:16,770.13,2026-08-27,C,806.0,0.0,0.01,0.0,2224.0,0.02,0.6051,0.0025,0.0006,-0.0089,0.0016,0.0,0.0,315.0
2026-08-27 11:05:56,2026-08-27T10:50:16,770.13,2026-08-27,P,806.0,34.96,37.63,34.0,34.0,0.0,1.068,-0.9975,0.0006,-0.0089,0.0016,0.0,0.0,0.0
2026-08-27 11:05:56,2026-08-27T10:50:16,770.13,2026-08-27,C,807.0,0.0,0.01,0.0,2224.0,0.0,0.6201,0.0024,0.0006,-0.0088,0.0015,0.0,0.0,0.0
2026-08-27 11:05:56,2026-08-27T10:50:16,770.13,2026-08-27,P,807.0,36.75,37.03,34.0,34.0,37.88,0.6224,-0.9976,0.0006,-0.0088,0.0015,0.0,2.0,0.0
2026-08-27 11:05:56,2026-08-27T10:50:16,770.13,2026-08-27,C,808.0,0.0,0.01,0.0,2224.0,0.14,0.6351,0.0024,0.0006,-0.0087,0.0015,0.0,0.0,6.0
2026-08-27 11:05:56,2026-08-27T10:50:16,770.13,2026-08-27,P,808.0,37.76,38.03,34.0,34.0,38.83,0.6374,-0.9976,0.0006,-0.0087,0.0015,0.0,2.0,0.0
2026-08-27 11:11:03,2026-08-27T10:55:16,770.12,2026-08-27,C,732.0,36.93,39.29,50.0,50.0,37.58,0.0,0.9966,0.0007,-0.0148,0.0021,0.0,1.0,1.0
2026-08-27 11:11:03,2026-08-27T10:55:16,770.12,2026-08-27,P,732.0,0.0,0.01,0.0,2199.0,0.03,0.6765,-0.0034,0.0007,-0.0148,0.0021,0.0,0.0,6718.0
2026-08-27 11:11:03,2026-08-27T10:55:16,770.12,2026-08-27,C,733.0,35.92,38.3,315.0,315.0,36.63,0.0,0.9964,0.0008,-0.0149,0.0021,0.0,1.0,0.0
2026-08-27 11:11:03,2026-08-27T10:55:16,770.12,2026-08-27,P,733.0,0.0,0.01,0.0,2199.0,0.02,0.6598,-0.0036,0.0008,-0.0149,0.0021,0.0,0.0,2383.0
2026-08-27 11:11:03,2026-08-27T10:55:16,770.12,2026-08-27,C,734.0,35.94,37.32,309.0,315.0,35.83,1.168,0.9963,0.0008,-0.015,0.0022,0.0,2.0,1.0
2026-08-27 11:11:03,2026-08-27T10:55:16,770.12,2026-08-27,P,734.0,0.0,0.01,0.0,2199.0,0.02,0.6432,-0.0037,0.0008,-0.015,0.0022,0.0,2.0,2467.0
2026-08-27 11:11:03,2026-08-27T10:55:16,770.12,2026-08-27,C,735.0,34.99,35.2,51.0,51.0,34.88,0.0,0.9962,0.0008,-0.0152,0.0022,0.0,3.0,6.0
2026-08-27 11:11:03,2026-08-27T10:55:16,770.12,2026-08-27,P,735.0,0.0,0.01,0.0,2609.0,0.01,0.6264,-0.0038,0.0008,-0.0152,0.0022,0.0,15.0,526.0
2026-08-27 11:11:03,2026-08-27T10:55:16,770.12,2026-08-27,C,736.0,32.92,35.3,329.0,327.0,33.69,0.0,0.9961,0.0009,-0.0153,0.0023,0.0,5.0,3.0
2026-08-27 11:11:03,2026-08-27T10:55:16,770.12,2026-08-27,P,736.0,0.0,0.01,0.0,2609.0,0.01,0.6098,-0.0039,0.0009,-0.0153,0.0023,0.0,0.0,227.0
2026-08-27 11:11:03,2026-08-27T10:55:16,770.12,2026-08-27,C,737.0,31.95,34.32,50.0,313.0,32.74,0.0,0.996,0.0009,-0.0154,0.0024,0.0,5.0,3.0
2026-08-27 11:11:03,2026-08-27T10:55:16,770.12,2026-08-27,P,737.0,0.0,0.01,0.0,2609.0,0.01,0.593,-0.004,0.0009,-0.0154,0.0024,0.0,11.0,627.0
2026-08-27 11:11:03,2026-08-27T10:55:16,770.12,2026-08-27,C,738.0,30.92,33.33,330.0,44.0,28.46,0.0,0.9958,0.001,-0.0156,0.0025,0.0,0.0,2.0
2026-08-27 11:11:03,2026-08-27T10:55:16,770.12,2026-08-27,P,738.0,0.0,0.01,0.0,2609.0,0.01,0.5763,-0.0042,0.001,-0.0156,0.0025,0.0,137.0,563.0
2026-08-27 11:11:03,2026-08-27T10:55:16,770.12,2026-08-27,C,739.0,29.92,32.03,336.0,45.0,28.36,0.0,0.9957,0.001,-0.0157,0.0025,0.0,1.0,3.0
2026-08-27 11:11:03,2026-08-27T10:55:16,770.12,2026-08-27,P,739.0,0.0,0.01,0.0,2609.0,0.01,0.5596,-0.0043,0.001,-0.0157,0.0025,0.0,10.0,378.0
2026-08-27 11:11:03,2026-08-27T10:55:16,770.12,2026-08-27,C,740.0,28.92,31.32,327.0,309.0,29.62,0.0,0.9956,0.0011,-0.0159,0.0026,0.0,5.0,4.0
2026-08-27 11:11:03,2026-08-27T10:55:16,770.12,2026-08-27,P,740.0,0.0,0.01,0.0,2610.0,0.01,0.5428,-0.0044,0.0011,-0.0159,0.0026,0.0,12.0,1521.0
2026-08-27 11:11:03,2026-08-27T10:55:16,770.12,2026-08-27,C,741.0,27.93,30.3,50.0,313.0,28.67,0.0,0.9954,0.0012,-0.016,0.0027,0.0,4.0,5.0
2026-08-27 11:11:03,2026-08-27T10:55:16,770.12,2026-08-27,P,741.0,0.0,0.01,0.0,2676.0,0.01,0.526,-0.0046,0.0012,-0.016,0.0027,0.0,485.0,686.0
2026-08-27 11:11:03,2026-08-27T10:55:16,770.12,2026-08-27,C,742.0,27.99,28.2,52.0,46.0,28.04,0.0,0.9952,0.0012,-0.0161,0.0028,0.0,7.0,24.0
2026-08-27 11:11:03,2026-08-27T10:55:16,770.12,2026-08-27,P,742.0,0.0,0.01,0.0,2675.0,0.01,0.509,-0.0048,0.0012,-0.0161,0.0028,0.0,82.0,680.0
2026-08-27 11:11:03,2026-08-27T10:55:16,770.12,2026-08-27,C,743.0,26.95,27.2,51.0,46.0,27.09,0.0,0.995,0.0013,-0.0163,0.0029,0.0,6.0,8.0
2026-08-27 11:11:03,2026-08-27T10:55:16,770.12,2026-08-27,P,743.0,0.0,0.01,0.0,2675.0,0.01,0.4922,-0.0049,0.0013,-0.0162,0.0029,0.0,84.0,580.0
2026-08-27 11:11:03,2026-08-27T10:55:16,770.12,2026-08-27,C,744.0,24.94,26.25,329.0,44.0,26.07,0.0,0.9949,0.0014,-0.0164,0.003,0.0,3.0,24.0
2026-08-27 11:11:03,2026-08-27T10:55:16,770.12,2026-08-27,P,744.0,0.0,0.01,0.0,2705.0,0.01,0.4754,-0.0051,0.0014,-0.0164,0.003,0.0,285.0,1156.0
2026-08-27 11:11:03,2026-08-27T10:55:16,770.12,2026-08-27,C,745.0,23.93,25.3,50.0,309.0,25.12,0.0,0.9946,0.0015,-0.0166,0.0031,0.0,4.0,16.0
2026-08-27 11:11:03,2026-08-27T10:55:16,770.12,2026-08-27,P,745.0,0.0,0.01,0.0,2836.0,0.01,0.4587,-0.0054,0.0015,-0.0166,0.0031,0.0,2508.0,2626.0
2026-08-27 11:11:03,2026-08-27T10:55:16,770.12,2026-08-27,C,746.0,23.09,25.34,51.0,316.0,23.37,0.5847,0.9944,0.0016,-0.0168,0.0032,0.0,8.0,56.0
2026-08-27 11:11:03,2026-08-27T10:55:16,770.12,2026-08-27,P,746.0,0.0,0.01,0.0,2853.0,0.01,0.4418,-0.0056,0.0016,-0.0168,0.0032,0.0,11904.0,5788.0
2026-08-27 11:11:03,2026-08-27T10:55:16,770.12,2026-08-27,C,747.0,21.93,24.17,50.0,50.0,20.08,0.0,0.9942,0.0018,-0.0169,0.0034,0.0,0.0,57.0
2026-08-27 11:11:03,2026-08-27T10:55:16,770.12,2026-08-27,P,747.0,0.01,0.02,2068.0,3013.0,0.01,0.4743,-0.0058,0.0018,-0.0169,0.0034,0.0,10528.0,12314.0
2026-08-27 11:11:03,2026-08-27T10:55:16,770.12,2026-08-27,C,748.0,21.86,23.17,304.0,100.0,22.5,0.7412,0.9939,0.0019,-0.0171,0.0035,0.0,2.0,78.0
2026-08-27 11:11:03,2026-08-27T10:55:16,770.12,2026-08-27,P,748.0,0.01,0.02,2068.0,3018.0,0.01,0.4557,-0.0061,0.0019,-0.0171,0.0035,0.0,1081.0,2141.0
2026-08-27 11:11:03,2026-08-27T10:55:16,770.12,2026-08-27,C,749.0,20.85,22.17,100.0,100.0,21.55,0.7123,0.9936,0.0021,-0.0173,0.0037,0.0,2.0,134.0
2026-08-27 11:11:03,2026-08-27T10:55:16,770.12,2026-08-27,P,749.0,0.01,0.02,2183.0,3015.0,0.01,0.437,-0.0064,0.0021,-0.0173,0.0037,0.0,5705.0,957.0
2026-08-27 11:11:03,2026-08-27T10:55:16,770.12,2026-08-27,C,750.0,19.97,20.21,100.0,100.0,18.51,0.0,0.9933,0.0023,-0.0176,0.0038,0.0,4.0,235.0
2026-08-27 11:11:03,2026-08-27T10:55:16,770.12,2026-08-27,P,750.0,0.01,0.02,2180.0,3024.0,0.01,0.4184,-0.0067,0.0023,-0.0176,0.0038,0.0,2170.0,7475.0
2026-08-27 11:11:03,2026-08-27T10:55:16,770.12,2026-08-27,C,751.0,18.98,20.17,101.0,100.0,18.14,0.6839,0.9929,0.0025,-0.0178,0.004,0.0,13.0,51.0
2026-08-27 11:11:03,2026-08-27T10:55:16,770.12,2026-08-27,P,751.0,0.01,0.02,2789.0,3005.0,0.02,0.3996,-0.0071,0.0025,-0.0178,0.004,0.0,3314.0,2036.0
2026-08-27 11:11:03,2026-08-27T10:55:16,770.12,2026-08-27,C,752.0,18.0,18.2,100.0,100.0,17.3,0.0,0.9925,0.0027,-0.0182,0.0043,0.0,4.0,50.0
2026-08-27 11:11:03,2026-08-27T10:55:16,770.12,2026-08-27,P,752.0,0.01,0.02,3223.0,3418.0,0.02,0.3808,-0.0075,0.0027,-0.0182,0.0043,0.0,3513.0,6184.0
2026-08-27 11:11:03,2026-08-27T10:55:16,770.12,2026-08-27,C,753.0,17.0,17.21,100.0,100.0,16.57,0.0,0.992,0.003,-0.0186,0.0045,0.0,11.0,224.0
2026-08-27 11:11:03,2026-08-27T10:55:16,770.12,2026-08-27,P,753.0,0.01,0.02,2907.0,2874.0,0.02,0.3619,-0.008,0.003,-0.0186,0.0045,0.0,1662.0,1905.0
2026-08-27 11:11:03,2026-08-27T10:55:16,770.12,2026-08-27,C,754.0,15.99,16.21,100.0,100.0,15.21,0.0,0.9915,0.0034,-0.0191,0.0048,0.0,27.0,155.0
2026-08-27 11:11:03,2026-08-27T10:55:16,770.12,2026-08-27,P,754.0,0.01,0.02,2812.0,2817.0,0.02,0.343,-0.0085,0.0034,-0.0191,0.0048,0.0,2571.0,2518.0
2026-08-27 11:11:03,2026-08-27T10:55:16,770.12,2026-08-27,C,755.0,15.0,15.21,100.0,100.0,14.94,0.0,0.9908,0.0038,-0.0197,0.0052,0.0,42.0,243.0
2026-08-27 11:11:03,2026-08-27T10:55:16,770.12,2026-08-27,P,755.0,0.01,0.02,3433.0,3403.0,0.03,0.324,-0.0092,0.0038,-0.0197,0.0052,0.0,4769.0,6635.0
2026-08-27 11:11:03,2026-08-27T10:55:16,770.12,2026-08-27,C,756.0,13.84,15.18,311.0,234.0,12.13,0.52,0.9899,0.0044,-0.0206,0.0056,0.0,2.0,180.0
2026-08-27 11:11:03,2026-08-27T10:55:16,770.12,2026-08-27,P,756.0,0.02,0.03,880.0,3897.0,0.02,0.3249,-0.0101,0.0044,-0.0206,0.0056,0.0,9165.0,2466.0
2026-08-27 11:11:03,2026-08-27T10:55:16,770.12,2026-08-27,C,757.0,12.97,13.21,100.0,100.0,12.96,0.0,0.9889,0.005,-0.0217,0.0061,0.0,41.0,369.0
2026-08-27 11:11:03,2026-08-27T10:55:16,770.12,2026-08-27,P,757.0,0.02,0.03,1273.0,3762.0,0.02,0.3047,-0.0111,0.005,-0.0217,0.0061,0.0,3227.0,2179.0
2026-08-27 11:11:03,2026-08-27T10:55:16,770.12,2026-08-27,C,758.0,12.01,12.21,152.0,100.0,12.01,0.0,0.9875,0.0059,-0.0234,0.0068,0.0,92.0,994.0
2026-08-27 11:11:03,2026-08-27T10:55:16,770.12,2026-08-27,P,758.0,0.02,0.03,2692.0,3805.0,0.02,0.2843,-0.0125,0.0059,-0.0234,0.0068,0.0,8492.0,5271.0
2026-08-27 11:11:03,2026-08-27T10:55:16,770.12,2026-08-27,C,759.0,11.01,11.21,96.0,150.0,11.08,0.0,0.9856,0.0071,-0.0257,0.0077,0.0,122.0,244.0
2026-08-27 11:11:03,2026-08-27T10:55:16,770.12,2026-08-27,P,759.0,0.02,0.03,3272.0,3471.0,0.02,0.2638,-0.0144,0.0071,-0.0257,0.0077,0.0,14916.0,5933.0
2026-08-27 11:11:03,2026-08-27T10:55:16,770.12,2026-08-27,C,760.0,10.01,10.22,96.0,100.0,10.02,0.0,0.983,0.0087,-0.0291,0.0089,0.0,1586.0,840.0
2026-08-27 11:11:03,2026-08-27T10:55:16,770.12,2026-08-27,P,760.0,0.03,0.04,926.0,3696.0,0.03,0.2553,-0.017,0.0087,-0.0291,0.0089,0.0,30311.0,6095.0
2026-08-27 11:11:03,2026-08-27T10:55:16,770.12,2026-08-27,C,761.0,8.97,9.22,100.0,100.0,9.12,0.0,0.9793,0.011,-0.0342,0.0105,0.0,378.0,745.0
2026-08-27 11:11:03,2026-08-27T10:55:16,770.12,2026-08-27,P,761.0,0.03,0.04,2321.0,3222.0,0.03,0.2336,-0.0207,0.011,-0.0342,0.0105,0.0,32247.0,2929.0
2026-08-27 11:11:03,2026-08-27T10:55:16,770.12,2026-08-27,C,762.0,8.12,8.22,100.0,100.0,8.17,0.2164,0.9737,0.0144,-0.042,0.0128,0.0,677.0,690.0
2026-08-27 11:11:03,2026-08-27T10:55:16,770.12,2026-08-27,P,762.0,0.04,0.05,2338.0,3065.0,0.04,0.2205,-0.0263,0.0144,-0.042,0.0128,0.0,52189.0,3422.0
2026-08-27 11:11:03,2026-08-27T10:55:16,770.12,2026-08-27,C,763.0,7.13,7.25,112.0,92.0,7.19,0.1977,0.9652,0.0194,-0.0542,0.0161,0.0,1753.0,1330.0
2026-08-27 11:11:03,2026-08-27T10:55:16,770.12,2026-08-27,P,763.0,0.05,0.06,1684.0,2128.0,0.06,0.2047,-0.0348,0.0194,-0.0542,0.0161,0.0,48456.0,5031.0
2026-08-27 11:11:03,2026-08-27T10:55:16,770.12,2026-08-27,C,764.0,6.15,6.27,104.0,100.0,6.2,0.1894,0.952,0.0269,-0.0739,0.0208,0.0,2560.0,1924.0
2026-08-27 11:11:03,2026-08-27T10:55:16,770.12,2026-08-27,P,764.0,0.07,0.08,1784.0,2233.0,0.07,0.192,-0.048,0.0269,-0.0739,0.0208,0.0,60424.0,7873.0
2026-08-27 11:11:03,2026-08-27T10:55:16,770.12,2026-08-27,C,765.0,5.21,5.23,36.0,28.0,5.25,0.1711,0.9311,0.038,-0.106,0.0274,0.0,4817.0,4303.0
2026-08-27 11:11:03,2026-08-27T10:55:16,770.12,2026-08-27,P,765.0,0.1,0.11,1328.0,1662.0,0.11,0.1793,-0.0689,0.038,-0.106,0.0274,0.0,64093.0,5495.0
2026-08-27 11:11:03,2026-08-27T10:55:16,770.12,2026-08-27,C,766.0,4.25,4.28,53.0,9.0,4.3,0.1634,0.8983,0.0542,-0.1584,0.0362,0.0,9767.0,5065.0
2026-08-27 11:11:03,2026-08-27T10:55:16,770.12,2026-08-27,P,766.0,0.15,0.16,1537.0,859.0,0.15,0.1678,-0.1017,0.0542,-0.1584,0.0362,0.0,66536.0,5339.0
2026-08-27 11:11:03,2026-08-27T10:55:16,770.12,2026-08-27,C,767.0,3.35,3.38,70.0,177.0,3.37,0.1556,0.8479,0.0763,-0.2442,0.0472,0.0,33175.0,6518.0
2026-08-27 11:11:03,2026-08-27T10:55:16,770.12,2026-08-27,P,767.0,0.24,0.25,1302.0,484.0,0.25,0.1588,-0.1521,0.0763,-0.2442,0.0472,0.0,111407.0,3089.0
2026-08-27 11:11:03,2026-08-27T10:55:16,770.12,2026-08-27,C,768.0,2.49,2.52,208.0,118.0,2.52,0.1469,0.772,0.1041,-0.3846,0.0598,0.0,96061.0,4522.0
2026-08-27 11:11:03,2026-08-27T10:55:16,770.12,2026-08-27,P,768.0,0.39,0.4,608.0,375.0,0.4,0.1511,-0.228,0.1041,-0.3846,0.0598,0.0,161361.0,2666.0
2026-08-27 11:11:03,2026-08-27T10:55:16,770.12,2026-08-27,C,769.0,1.73,1.75,128.0,148.0,1.75,0.1402,0.6637,0.1329,-0.6132,0.0714,0.0,189702.0,7157.0
2026-08-27 11:11:03,2026-08-27T10:55:16,770.12,2026-08-27,P,769.0,0.63,0.64,229.0,338.0,0.63,0.143,-0.3362,0.1329,-0.6132,0.0714,0.0,125637.0,521.0
2026-08-27 11:11:03,2026-08-27T10:55:16,770.12,2026-08-27,C,770.0,1.1,1.11,106.0,355.0,1.1,0.1335,0.5242,0.152,-0.9703,0.0774,0.0,254126.0,7702.0
2026-08-27 11:11:03,2026-08-27T10:55:16,770.12,2026-08-27,P,770.0,0.99,1.0,55.0,227.0,0.99,0.1354,-0.4758,0.152,-0.9703,0.0774,0.0,51564.0,984.0
2026-08-27 11:11:03,2026-08-27T10:55:16,770.12,2026-08-27,C,771.0,0.61,0.62,282.0,428.0,0.62,0.1277,0.3696,0.1494,-0.6421,0.0737,0.0,166673.0,5376.0
2026-08-27 11:11:03,2026-08-27T10:55:16,770.12,2026-08-27,P,771.0,1.5,1.51,73.0,105.0,1.51,0.1297,-0.6304,0.1494,-0.6421,0.0737,0.0,13165.0,1468.0
2026-08-27 11:11:03,2026-08-27T10:55:16,770.12,2026-08-27,C,772.0,0.3,0.31,506.0,649.0,0.31,0.1251,0.2275,0.1226,-0.3242,0.0599,0.0,110605.0,4406.0
2026-08-27 11:11:03,2026-08-27T10:55:16,770.12,2026-08-27,P,772.0,2.18,2.2,115.0,43.0,2.18,0.1285,-0.7725,0.1226,-0.3242,0.0599,0.0,4299.0,555.0
2026-08-27 11:11:03,2026-08-27T10:55:16,770.12,2026-08-27,C,773.0,0.14,0.15,373.0,1960.0,0.15,0.1249,0.1224,0.0832,-0.1473,0.0415,0.0,82539.0,3955.0
2026-08-27 11:11:03,2026-08-27T10:55:16,770.12,2026-08-27,P,773.0,3.02,3.05,48.0,34.0,3.07,0.1286,-0.8776,0.0832,-0.1473,0.0415,0.0,1382.0,1148.0
2026-08-27 11:11:03,2026-08-27T10:55:16,770.12,2026-08-27,C,774.0,0.06,0.07,1638.0,1325.0,0.06,0.1275,0.0618,0.049,-0.0663,0.0259,0.0,67490.0,9159.0
2026-08-27 11:11:03,2026-08-27T10:55:16,770.12,2026-08-27,P,774.0,3.88,4.08,115.0,153.0,3.92,0.152,-0.9382,0.049,-0.0663,0.0259,0.0,847.0,763.0
2026-08-27 11:11:03,2026-08-27T10:55:16,770.12,2026-08-27,C,775.0,0.03,0.04,2698.0,2439.0,0.03,0.136,0.0331,0.0281,-0.0338,0.0161,0.0,28226.0,8218.0
2026-08-27 11:11:03,2026-08-27T10:55:16,770.12,2026-08-27,P,775.0,4.85,4.98,72.0,100.0,4.93,0.1553,-0.9669,0.0281,-0.0338,0.0161,0.0,1046.0,858.0
2026-08-27 11:11:03,2026-08-27T10:55:16,770.12,2026-08-27,C,776.0,0.02,0.03,2479.0,2674.0,0.02,0.1503,0.0201,0.0172,-0.0207,0.0108,0.0,14577.0,4528.0
2026-08-27 11:11:03,2026-08-27T10:55:16,770.12,2026-08-27,P,776.0,5.84,6.2,101.0,93.0,5.82,0.2214,-0.9799,0.0172,-0.0207,0.0108,0.0,98.0,94.0
2026-08-27 11:11:03,2026-08-27T10:55:16,770.12,2026-08-27,C,777.0,0.01,0.02,2834.0,2606.0,0.02,0.1595,0.0139,0.0114,-0.0148,0.0079,0.0,7660.0,4442.0
2026-08-27 11:11:03,2026-08-27T10:55:16,770.12,2026-08-27,P,777.0,6.83,7.03,183.0,225.0,6.71,0.2124,-0.9861,0.0114,-0.0148,0.0079,0.0,131.0,199.0
2026-08-27 11:11:03,2026-08-27T10:55:16,770.12,2026-08-27,C,778.0,0.01,0.02,2950.0,3054.0,0.02,0.1794,0.0107,0.0084,-0.0121,0.0063,0.0,3470.0,2468.0
2026-08-27 11:11:03,2026-08-27T10:55:16,770.12,2026-08-27,P,778.0,7.8,8.19,224.0,225.0,7.88,0.2666,-0.9893,0.0084,-0.0121,0.0063,0.0,155.0,0.0
2026-08-27 11:11:03,2026-08-27T10:55:16,770.12,2026-08-27,C,779.0,0.01,0.02,2314.0,3099.0,0.01,0.199,0.009,0.0066,-0.0109,0.0054,0.0,1247.0,2257.0
2026-08-27 11:11:03,2026-08-27T10:55:16,770.12,2026-08-27,P,779.0,8.26,9.87,225.0,225.0,9.74,0.3194,-0.991,0.0066,-0.0109,0.0054,0.0,15.0,0.0
2026-08-27 11:11:03,2026-08-27T10:55:16,770.12,2026-08-27,C,780.0,0.0,0.01,0.0,2658.0,0.01,0.1923,0.008,0.0054,-0.0104,0.0048,0.0,5703.0,5535.0
2026-08-27 11:11:03,2026-08-27T10:55:16,770.12,2026-08-27,P,780.0,8.85,10.0,97.0,100.0,9.74,0.0,-0.992,0.0054,-0.0104,0.0048,0.0,33.0,1.0
2026-08-27 11:11:03,2026-08-27T10:55:16,770.12,2026-08-27,C,781.0,0.0,0.01,0.0,2790.0,0.01,0.2095,0.0073,0.0046,-0.0102,0.0044,0.0,6111.0,1478.0
2026-08-27 11:11:03,2026-08-27T10:55:16,770.12,2026-08-27,P,781.0,10.39,11.86,100.0,146.0,11.3,0.3947,-0.9927,0.0046,-0.0102,0.0044,0.0,5.0,1.0
2026-08-27 11:11:03,2026-08-27T10:55:16,770.12,2026-08-27,C,782.0,0.0,0.01,0.0,2701.0,0.01,0.2266,0.0067,0.004,-0.0101,0.0041,0.0,267.0,2919.0
2026-08-27 11:11:03,2026-08-27T10:55:16,770.12,2026-08-27,P,782.0,11.39,12.86,100.0,135.0,16.55,0.4218,-0.9933,0.004,-0.0101,0.0041,0.0,0.0,0.0
2026-08-27 11:11:03,2026-08-27T10:55:16,770.12,2026-08-27,C,783.0,0.0,0.01,0.0,2700.0,0.01,0.2436,0.0063,0.0035,-0.01,0.0038,0.0,390.0,1573.0
2026-08-27 11:11:03,2026-08-27T10:55:16,770.12,2026-08-27,P,783.0,11.84,13.86,281.0,317.0,16.79,0.2428,-0.9937,0.0035,-0.01,0.0038,0.0,0.0,0.0
2026-08-27 11:11:03,2026-08-27T10:55:16,770.12,2026-08-27,C,784.0,0.0,0.01,0.0,2700.0,0.01,0.2605,0.0059,0.0031,-0.0099,0.0036,0.0,12.0,1820.0
2026-08-27 11:11:03,2026-08-27T10:55:16,770.12,2026-08-27,P,784.0,12.84,15.08,278.0,303.0,18.93,0.3961,-0.9941,0.0031,-0.0099,0.0036,0.0,0.0,0.0
2026-08-27 11:11:03,2026-08-27T10:55:16,770.12,2026-08-27,C,785.0,0.0,0.01,0.0,2700.0,0.01,0.2772,0.0055,0.0027,-0.0098,0.0034,0.0,12.0,1464.0
2026-08-27 11:11:03,2026-08-27T10:55:16,770.12,2026-08-27,P,785.0,13.84,16.08,278.0,304.0,19.97,0.4191,-0.9945,0.0027,-0.0098,0.0034,0.0,0.0,0.0
2026-08-27 11:11:03,2026-08-27T10:55:16,770.12,2026-08-27,C,786.0,0.0,0.01,0.0,2700.0,0.01,0.2938,0.0052,0.0024,-0.0097,0.0032,0.0,484.0,1211.0
2026-08-27 11:11:03,2026-08-27T10:55:16,770.12,2026-08-27,P,786.0,14.84,17.07,278.0,100.0,20.55,0.4385,-0.9948,0.0024,-0.0097,0.0032,0.0,0.0,0.0
2026-08-27 11:11:03,2026-08-27T10:55:16,770.12,2026-08-27,C,787.0,0.0,0.01,0.0,2634.0,0.01,0.3103,0.0049,0.0022,-0.0096,0.003,0.0,20.0,3748.0
2026-08-27 11:11:03,2026-08-27T10:55:16,770.12,2026-08-27,P,787.0,15.84,18.08,279.0,270.0,19.79,0.4645,-0.9951,0.0022,-0.0096,0.003,0.0,10.0,0.0
2026-08-27 11:11:03,2026-08-27T10:55:16,770.12,2026-08-27,C,788.0,0.0,0.01,0.0,2723.0,0.01,0.3267,0.0047,0.002,-0.0095,0.0028,0.0,132.0,1662.0
2026-08-27 11:11:03,2026-08-27T10:55:16,770.12,2026-08-27,P,788.0,16.84,19.07,279.0,100.0,23.87,0.4832,-0.9953,0.002,-0.0095,0.0028,0.0,0.0,0.0
2026-08-27 11:11:03,2026-08-27T10:55:16,770.12,2026-08-27,C,789.0,0.0,0.01,0.0,2723.0,0.01,0.343,0.0044,0.0018,-0.0095,0.0027,0.0,34.0,1705.0
2026-08-27 11:11:03,2026-08-27T10:55:16,770.12,2026-08-27,P,789.0,17.84,20.08,279.0,317.0,22.03,0.5091,-0.9956,0.0018,-0.0095,0.0027,0.0,0.0,0.0
2026-08-27 11:11:03,2026-08-27T10:55:16,770.12,2026-08-27,C,790.0,0.0,0.01,0.0,2521.0,0.01,0.3592,0.0042,0.0017,-0.0094,0.0026,0.0,34.0,294.0
2026-08-27 11:11:03,2026-08-27T10:55:16,770.12,2026-08-27,P,790.0,18.84,21.08,288.0,271.0,21.57,0.5311,-0.9958,0.0017,-0.0094,0.0026,0.0,4.0,2.0
2026-08-27 11:11:03,2026-08-27T10:55:16,770.12,2026-08-27,C,791.0,0.0,0.01,0.0,2224.0,0.01,0.3753,0.004,0.0015,-0.0093,0.0025,0.0,8.0,479.0
2026-08-27 11:11:03,2026-08-27T10:55:16,770.12,2026-08-27,P,791.0,19.84,22.07,279.0,100.0,23.85,0.549,-0.996,0.0015,-0.0093,0.0025,0.0,0.0,0.0
2026-08-27 11:11:03,2026-08-27T10:55:16,770.12,2026-08-27,C,792.0,0.0,0.01,0.0,2224.0,0.01,0.3913,0.0039,0.0014,-0.0092,0.0024,0.0,2.0,563.0
2026-08-27 11:11:03,2026-08-27T10:55:16,770.12,2026-08-27,P,792.0,20.84,23.05,278.0,100.0,26.8,0.5619,-0.9961,0.0014,-0.0092,0.0024,0.0,0.0,0.0
2026-08-27 11:11:03,2026-08-27T10:55:16,770.12,2026-08-27,C,793.0,0.0,0.01,0.0,2224.0,0.02,0.4073,0.0037,0.0013,-0.0092,0.0023,0.0,0.0,582.0
2026-08-27 11:11:03,2026-08-27T10:55:16,770.12,2026-08-27,P,793.0,21.84,24.08,186.0,176.0,23.51,0.5963,-0.9963,0.0013,-0.0092,0.0023,0.0,2.0,0.0
2026-08-27 11:11:03,2026-08-27T10:55:16,770.12,2026-08-27,C,794.0,0.0,0.01,0.0,2224.0,0.01,0.4232,0.0036,0.0012,-0.0091,0.0022,0.0,0.0,133.0
2026-08-27 11:11:03,2026-08-27T10:55:16,770.12,2026-08-27,P,794.0,22.7,25.06,329.0,327.0,29.84,0.5212,-0.9964,0.0012,-0.0091,0.0022,0.0,0.0,0.0
2026-08-27 11:11:03,2026-08-27T10:55:16,770.12,2026-08-27,C,795.0,0.0,0.01,0.0,3172.0,0.01,0.439,0.0034,0.0011,-0.009,0.0021,0.0,9.0,71.0
2026-08-27 11:11:03,2026-08-27T10:55:16,770.12,2026-08-27,P,795.0,23.72,26.05,306.0,50.0,30.48,0.5492,-0.9966,0.0011,-0.009,0.0021,0.0,0.0,0.0
2026-08-27 11:11:03,2026-08-27T10:55:16,770.12,2026-08-27,C,796.0,0.0,0.01,0.0,2223.0,0.01,0.4548,0.0033,0.0011,-0.0089,0.002,0.0,4.0,117.0
2026-08-27 11:11:03,2026-08-27T10:55:16,770.12,2026-08-27,P,796.0,24.71,27.08,50.0,305.0,29.1,0.5849,-0.9967,0.0011,-0.0089,0.002,0.0,0.0,0.0
2026-08-27 11:11:03,2026-08-27T10:55:16,770.12,2026-08-27,C,797.0,0.0,0.01,0.0,2224.0,0.01,0.4705,0.0032,0.001,-0.0088,0.002,0.0,3.0,30.0
2026-08-27 11:11:03,2026-08-27T10:55:16,770.12,2026-08-27,P,797.0,25.7,28.07,306.0,50.0,31.86,0.5868,-0.9968,0.001,-0.0088,0.002,0.0,0.0,0.0
2026-08-27 11:11:03,2026-08-27T10:55:16,770.12,2026-08-27,C,798.0,0.0,0.01,0.0,2224.0,0.01,0.4861,0.0031,0.0009,-0.0088,0.0019,0.0,0.0,50.0
2026-08-27 11:11:03,2026-08-27T10:55:16,770.12,2026-08-27,P,798.0,26.88,29.07,51.0,51.0,27.61,0.7158,-0.9969,0.0009,-0.0088,0.0019,0.0,2.0,0.0
2026-08-27 11:11:03,2026-08-27T10:55:16,770.12,2026-08-27,C,799.0,0.0,0.01,0.0,2224.0,0.02,0.5017,0.003,0.0009,-0.0087,0.0018,0.0,0.0,59.0
2026-08-27 11:11:03,2026-08-27T10:55:16,770.12,2026-08-27,P,799.0,27.7,30.08,50.0,240.0,31.53,0.6335,-0.997,0.0009,-0.0087,0.0018,0.0,0.0,0.0
2026-08-27 11:11:03,2026-08-27T10:55:16,770.12,2026-08-27,C,800.0,0.0,0.01,0.0,4756.0,0.01,0.5172,0.0029,0.0008,-0.0086,0.0018,0.0,0.0,245.0
2026-08-27 11:11:03,2026-08-27T10:55:16,770.12,2026-08-27,P,800.0,29.81,31.08,44.0,227.0,33.4,1.0119,-0.9971,0.0008,-0.0086,0.0018,0.0,0.0,0.0
2026-08-27 11:11:03,2026-08-27T10:55:16,770.12,2026-08-27,C,801.0,0.0,0.01,0.0,2224.0,0.01,0.5326,0.0028,0.0008,-0.0086,0.0017,0.0,0.0,18.0
2026-08-27 11:11:03,2026-08-27T10:55:16,770.12,2026-08-27,P,801.0,30.8,32.08,35.0,35.0,34.58,1.0354,-0.9972,0.0008,-0.0086,0.0017,0.0,0.0,0.0
2026-08-27 11:11:03,2026-08-27T10:55:16,770.12,2026-08-27,C,802.0,0.0,0.01,0.0,2224.0,0.01,0.548,0.0027,0.0007,-0.0085,0.0017,0.0,0.0,58.0
2026-08-27 11:11:03,2026-08-27T10:55:16,770.12,2026-08-27,P,802.0,31.8,33.08,35.0,35.0,36.19,1.0607,-0.9973,0.0007,-0.0085,0.0017,0.0,0.0,0.0
2026-08-27 11:11:03,2026-08-27T10:55:16,770.12,2026-08-27,C,803.0,0.0,0.01,0.0,2224.0,0.02,0.5633,0.0026,0.0007,-0.0084,0.0016,0.0,0.0,64.0
2026-08-27 11:11:03,2026-08-27T10:55:16,770.12,2026-08-27,P,803.0,31.17,34.62,35.0,35.0,0.0,0.7173,-0.9974,0.0007,-0.0084,0.0016,0.0,0.0,0.0
2026-08-27 11:11:03,2026-08-27T10:55:16,770.12,2026-08-27,C,804.0,0.0,0.01,0.0,2224.0,0.03,0.5786,0.0025,0.0007,-0.0084,0.0016,0.0,0.0,33.0
2026-08-27 11:11:03,2026-08-27T10:55:16,770.12,2026-08-27,P,804.0,32.96,35.62,35.0,35.0,0.0,1.0447,-0.9975,0.0007,-0.0084,0.0016,0.0,0.0,0.0
2026-08-27 11:11:03,2026-08-27T10:55:16,770.12,2026-08-27,C,805.0,0.0,0.01,0.0,2224.0,0.01,0.5938,0.0024,0.0006,-0.0083,0.0015,0.0,0.0,315.0
2026-08-27 11:11:03,2026-08-27T10:55:16,770.12,2026-08-27,P,805.0,33.16,36.62,35.0,35.0,39.15,0.7445,-0.9976,0.0006,-0.0083,0.0015,0.0,0.0,0.0
2026-08-27 11:11:03,2026-08-27T10:55:16,770.12,2026-08-27,C,806.0,0.0,0.01,0.0,2224.0,0.02,0.609,0.0024,0.0006,-0.0082,0.0015,0.0,0.0,315.0
2026-08-27 11:11:03,2026-08-27T10:55:16,770.12,2026-08-27,P,806.0,34.96,37.62,35.0,35.0,0.0,1.0923,-0.9976,0.0006,-0.0082,0.0015,0.0,0.0,0.0
2026-08-27 11:11:03,2026-08-27T10:55:16,770.12,2026-08-27,C,807.0,0.0,0.01,0.0,2224.0,0.0,0.6241,0.0023,0.0006,-0.0081,0.0014,0.0,0.0,0.0
2026-08-27 11:11:03,2026-08-27T10:55:16,770.12,2026-08-27,P,807.0,36.74,37.01,35.0,35.0,37.88,0.7444,-0.9977,0.0006,-0.0081,0.0014,0.0,2.0,0.0
2026-08-27 11:11:03,2026-08-27T10:55:16,770.12,2026-08-27,C,808.0,0.0,0.01,0.0,2224.0,0.14,0.6391,0.0022,0.0005,-0.0081,0.0014,0.0,0.0,6.0
2026-08-27 11:11:03,2026-08-27T10:55:16,770.12,2026-08-27,P,808.0,37.77,38.01,35.0,35.0,38.83,0.799,-0.9978,0.0005,-0.0081,0.0014,0.0,2.0,0.0
2026-08-27 11:16:06,2026-08-27T11:00:16,770.315,2026-08-27,C,732.0,36.93,39.29,51.0,51.0,37.58,0.0,0.9967,0.0007,-0.0142,0.002,0.0,1.0,1.0
2026-08-27 11:16:06,2026-08-27T11:00:16,770.315,2026-08-27,P,732.0,0.0,0.01,0.0,2199.0,0.03,0.6838,-0.0033,0.0007,-0.0142,0.002,0.0,0.0,6718.0
2026-08-27 11:16:06,2026-08-27T11:00:16,770.315,2026-08-27,C,733.0,35.92,38.3,235.0,234.0,36.63,0.0,0.9966,0.0007,-0.0143,0.002,0.0,1.0,0.0
2026-08-27 11:16:06,2026-08-27T11:00:16,770.315,2026-08-27,P,733.0,0.0,0.01,0.0,2199.0,0.02,0.667,-0.0034,0.0007,-0.0143,0.002,0.0,0.0,2383.0
2026-08-27 11:16:06,2026-08-27T11:00:16,770.315,2026-08-27,C,734.0,36.19,37.32,45.0,234.0,35.83,1.1678,0.9965,0.0008,-0.0144,0.0021,0.0,2.0,1.0
2026-08-27 11:16:06,2026-08-27T11:00:16,770.315,2026-08-27,P,734.0,0.0,0.01,0.0,2199.0,0.02,0.6502,-0.0035,0.0008,-0.0144,0.0021,0.0,2.0,2467.0
2026-08-27 11:16:06,2026-08-27T11:00:16,770.315,2026-08-27,C,735.0,35.21,35.39,52.0,52.0,34.88,0.0,0.9964,0.0008,-0.0146,0.0022,0.0,3.0,6.0
2026-08-27 11:16:06,2026-08-27T11:00:16,770.315,2026-08-27,P,735.0,0.0,0.01,0.0,2609.0,0.01,0.6334,-0.0036,0.0008,-0.0146,0.0022,0.0,15.0,526.0
2026-08-27 11:16:06,2026-08-27T11:00:16,770.315,2026-08-27,C,736.0,32.92,35.3,234.0,233.0,33.69,0.0,0.9962,0.0008,-0.0147,0.0022,0.0,5.0,3.0
2026-08-27 11:16:06,2026-08-27T11:00:16,770.315,2026-08-27,P,736.0,0.0,0.01,0.0,2609.0,0.01,0.6166,-0.0038,0.0008,-0.0147,0.0022,0.0,0.0,227.0
2026-08-27 11:16:06,2026-08-27T11:00:16,770.315,2026-08-27,C,737.0,31.95,34.32,51.0,222.0,32.74,0.0,0.9961,0.0009,-0.0148,0.0023,0.0,5.0,3.0
2026-08-27 11:16:06,2026-08-27T11:00:16,770.315,2026-08-27,P,737.0,0.0,0.01,0.0,2609.0,0.01,0.5997,-0.0039,0.0009,-0.0148,0.0023,0.0,11.0,627.0
2026-08-27 11:16:06,2026-08-27T11:00:16,770.315,2026-08-27,C,738.0,30.92,33.33,234.0,46.0,28.46,0.0,0.996,0.001,-0.015,0.0024,0.0,0.0,2.0
2026-08-27 11:16:06,2026-08-27T11:00:16,770.315,2026-08-27,P,738.0,0.0,0.01,0.0,2609.0,0.01,0.5829,-0.004,0.001,-0.015,0.0024,0.0,137.0,563.0
2026-08-27 11:16:06,2026-08-27T11:00:16,770.315,2026-08-27,C,739.0,29.93,32.03,52.0,46.0,28.36,0.0,0.9959,0.001,-0.0151,0.0024,0.0,1.0,3.0
2026-08-27 11:16:06,2026-08-27T11:00:16,770.315,2026-08-27,P,739.0,0.0,0.01,0.0,2609.0,0.01,0.566,-0.0041,0.001,-0.0151,0.0024,0.0,10.0,378.0
2026-08-27 11:16:06,2026-08-27T11:00:16,770.315,2026-08-27,C,740.0,28.92,31.1,233.0,219.0,29.62,0.0,0.9957,0.0011,-0.0152,0.0025,0.0,5.0,4.0
2026-08-27 11:16:06,2026-08-27T11:00:16,770.315,2026-08-27,P,740.0,0.0,0.01,0.0,2610.0,0.01,0.5491,-0.0043,0.0011,-0.0152,0.0025,0.0,12.0,1521.0
2026-08-27 11:16:06,2026-08-27T11:00:16,770.315,2026-08-27,C,741.0,27.93,30.15,51.0,46.0,28.67,0.0,0.9956,0.0011,-0.0154,0.0026,0.0,4.0,5.0
2026-08-27 11:16:06,2026-08-27T11:00:16,770.315,2026-08-27,P,741.0,0.0,0.01,0.0,2677.0,0.01,0.5322,-0.0044,0.0011,-0.0154,0.0026,0.0,485.0,686.0
2026-08-27 11:16:06,2026-08-27T11:00:16,770.315,2026-08-27,C,742.0,28.21,28.43,53.0,48.0,28.04,0.5736,0.9954,0.0012,-0.0155,0.0027,0.0,7.0,24.0
2026-08-27 11:16:06,2026-08-27T11:00:16,770.315,2026-08-27,P,742.0,0.0,0.01,0.0,2676.0,0.01,0.5153,-0.0046,0.0012,-0.0155,0.0027,0.0,82.0,680.0
2026-08-27 11:16:06,2026-08-27T11:00:16,770.315,2026-08-27,C,743.0,27.21,27.39,52.0,47.0,27.09,0.0,0.9952,0.0013,-0.0156,0.0028,0.0,6.0,8.0
2026-08-27 11:16:06,2026-08-27T11:00:16,770.315,2026-08-27,P,743.0,0.0,0.01,0.0,2676.0,0.01,0.4984,-0.0048,0.0013,-0.0156,0.0028,0.0,84.0,580.0
2026-08-27 11:16:06,2026-08-27T11:00:16,770.315,2026-08-27,C,744.0,26.13,26.43,51.0,51.0,26.07,0.0,0.995,0.0014,-0.0158,0.0029,0.0,3.0,24.0
2026-08-27 11:16:06,2026-08-27T11:00:16,770.315,2026-08-27,P,744.0,0.0,0.01,0.0,2676.0,0.01,0.4814,-0.005,0.0014,-0.0158,0.0029,0.0,286.0,1156.0
2026-08-27 11:16:06,2026-08-27T11:00:16,770.315,2026-08-27,C,745.0,25.18,25.43,51.0,51.0,24.58,0.2062,0.9948,0.0015,-0.0159,0.003,0.0,5.0,16.0
2026-08-27 11:16:06,2026-08-27T11:00:16,770.315,2026-08-27,P,745.0,0.0,0.01,0.0,2704.0,0.01,0.4644,-0.0052,0.0015,-0.0159,0.003,0.0,3079.0,2626.0
2026-08-27 11:16:06,2026-08-27T11:00:16,770.315,2026-08-27,C,746.0,24.21,24.4,52.0,53.0,23.59,0.1989,0.9946,0.0016,-0.0161,0.0031,0.0,10.0,56.0
2026-08-27 11:16:06,2026-08-27T11:00:16,770.315,2026-08-27,P,746.0,0.0,0.01,0.0,2796.0,0.01,0.4474,-0.0054,0.0016,-0.0161,0.0031,0.0,12010.0,5788.0
2026-08-27 11:16:06,2026-08-27T11:00:16,770.315,2026-08-27,C,747.0,23.21,23.39,52.0,52.0,22.64,0.0,0.9944,0.0017,-0.0162,0.0032,0.0,1.0,57.0
2026-08-27 11:16:06,2026-08-27T11:00:16,770.315,2026-08-27,P,747.0,0.01,0.02,2068.0,3402.0,0.01,0.4804,-0.0056,0.0017,-0.0162,0.0032,0.0,10581.0,12314.0
2026-08-27 11:16:06,2026-08-27T11:00:16,770.315,2026-08-27,C,748.0,22.09,23.0,100.0,172.0,22.5,0.6912,0.9942,0.0018,-0.0164,0.0034,0.0,2.0,78.0
2026-08-27 11:16:06,2026-08-27T11:00:16,770.315,2026-08-27,P,748.0,0.01,0.02,2159.0,2975.0,0.01,0.4616,-0.0058,0.0018,-0.0164,0.0034,0.0,1082.0,2141.0
2026-08-27 11:16:06,2026-08-27T11:00:16,770.315,2026-08-27,C,749.0,20.95,22.0,100.0,195.0,21.55,0.6239,0.9939,0.002,-0.0166,0.0035,0.0,2.0,134.0
2026-08-27 11:16:06,2026-08-27T11:00:16,770.315,2026-08-27,P,749.0,0.01,0.02,2184.0,2979.0,0.01,0.4429,-0.0061,0.002,-0.0166,0.0035,0.0,5709.0,957.0
2026-08-27 11:16:06,2026-08-27T11:00:16,770.315,2026-08-27,C,750.0,20.22,20.39,100.0,100.0,18.51,0.1659,0.9936,0.0022,-0.0168,0.0037,0.0,4.0,235.0
2026-08-27 11:16:06,2026-08-27T11:00:16,770.315,2026-08-27,P,750.0,0.01,0.02,2185.0,2975.0,0.01,0.4241,-0.0064,0.0022,-0.0168,0.0037,0.0,2173.0,7475.0
2026-08-27 11:16:06,2026-08-27T11:00:16,770.315,2026-08-27,C,751.0,19.23,19.43,85.0,100.0,18.14,0.4306,0.9932,0.0024,-0.0171,0.0039,0.0,13.0,51.0
2026-08-27 11:16:06,2026-08-27T11:00:16,770.315,2026-08-27,P,751.0,0.01,0.02,2268.0,2912.0,0.02,0.4052,-0.0068,0.0024,-0.0171,0.0039,0.0,3315.0,2036.0
2026-08-27 11:16:06,2026-08-27T11:00:16,770.315,2026-08-27,C,752.0,18.2,18.4,100.0,100.0,17.3,0.0,0.9928,0.0026,-0.0174,0.0041,0.0,4.0,50.0
2026-08-27 11:16:06,2026-08-27T11:00:16,770.315,2026-08-27,P,752.0,0.01,0.02,2816.0,2821.0,0.02,0.3863,-0.0072,0.0026,-0.0174,0.0041,0.0,3513.0,6184.0
2026-08-27 11:16:06,2026-08-27T11:00:16,770.315,2026-08-27,C,753.0,17.21,17.4,100.0,100.0,16.85,0.1419,0.9924,0.0029,-0.0177,0.0043,0.0,12.0,224.0
2026-08-27 11:16:06,2026-08-27T11:00:16,770.315,2026-08-27,P,753.0,0.01,0.02,2911.0,2821.0,0.01,0.3673,-0.0076,0.0029,-0.0177,0.0043,0.0,2015.0,1905.0
2026-08-27 11:16:06,2026-08-27T11:00:16,770.315,2026-08-27,C,754.0,16.22,16.4,100.0,100.0,15.92,0.3101,0.9918,0.0032,-0.0182,0.0046,0.0,28.0,155.0
2026-08-27 11:16:06,2026-08-27T11:00:16,770.315,2026-08-27,P,754.0,0.01,0.02,2791.0,2821.0,0.01,0.3482,-0.0082,0.0032,-0.0182,0.0046,0.0,2574.0,2518.0
2026-08-27 11:16:06,2026-08-27T11:00:16,770.315,2026-08-27,C,755.0,15.22,15.43,100.0,100.0,14.94,0.3409,0.9912,0.0036,-0.0188,0.0049,0.0,42.0,243.0
2026-08-27 11:16:06,2026-08-27T11:00:16,770.315,2026-08-27,P,755.0,0.01,0.02,2841.0,2821.0,0.01,0.329,-0.0088,0.0037,-0.0188,0.0049,0.0,5522.0,6635.0
2026-08-27 11:16:06,2026-08-27T11:00:16,770.315,2026-08-27,C,756.0,13.71,15.01,100.0,100.0,12.13,0.3694,0.9904,0.0042,-0.0196,0.0053,0.0,2.0,180.0
2026-08-27 11:16:06,2026-08-27T11:00:16,770.315,2026-08-27,P,756.0,0.01,0.02,3577.0,3368.0,0.02,0.3098,-0.0096,0.0042,-0.0196,0.0053,0.0,9276.0,2466.0
2026-08-27 11:16:06,2026-08-27T11:00:16,770.315,2026-08-27,C,757.0,13.22,13.43,100.0,100.0,12.96,0.3012,0.9894,0.0048,-0.0206,0.0058,0.0,41.0,369.0
2026-08-27 11:16:06,2026-08-27T11:00:16,770.315,2026-08-27,P,757.0,0.02,0.03,1170.0,3645.0,0.02,0.3098,-0.0106,0.0048,-0.0207,0.0058,0.0,3334.0,2179.0
2026-08-27 11:16:06,2026-08-27T11:00:16,770.315,2026-08-27,C,758.0,12.23,12.43,95.0,100.0,12.06,0.2895,0.9881,0.0056,-0.0222,0.0065,0.0,93.0,994.0
2026-08-27 11:16:06,2026-08-27T11:00:16,770.315,2026-08-27,P,758.0,0.02,0.03,2569.0,3787.0,0.02,0.2893,-0.0119,0.0056,-0.0222,0.0065,0.0,9020.0,5271.0
2026-08-27 11:16:06,2026-08-27T11:00:16,770.315,2026-08-27,C,759.0,11.23,11.41,95.0,152.0,10.99,0.2516,0.9863,0.0068,-0.0244,0.0073,0.0,124.0,244.0
2026-08-27 11:16:06,2026-08-27T11:00:16,770.315,2026-08-27,P,759.0,0.02,0.03,2695.0,3438.0,0.02,0.2687,-0.0137,0.0068,-0.0244,0.0073,0.0,15458.0,5933.0
2026-08-27 11:16:06,2026-08-27T11:00:16,770.315,2026-08-27,C,760.0,10.23,10.41,64.0,152.0,10.25,0.2319,0.9839,0.0083,-0.0275,0.0084,0.0,1592.0,840.0
2026-08-27 11:16:06,2026-08-27T11:00:16,770.315,2026-08-27,P,760.0,0.02,0.03,3279.0,2995.0,0.03,0.2479,-0.0162,0.0083,-0.0276,0.0084,0.0,31008.0,6095.0
2026-08-27 11:16:06,2026-08-27T11:00:16,770.315,2026-08-27,C,761.0,9.24,9.41,64.0,94.0,9.29,0.2202,0.9804,0.0105,-0.0323,0.01,0.0,390.0,745.0
2026-08-27 11:16:06,2026-08-27T11:00:16,770.315,2026-08-27,P,761.0,0.03,0.04,2076.0,3180.0,0.03,0.2384,-0.0197,0.0105,-0.0324,0.01,0.0,32420.0,2929.0
2026-08-27 11:16:06,2026-08-27T11:00:16,770.315,2026-08-27,C,762.0,8.24,8.45,106.0,68.0,8.32,0.2213,0.9751,0.0137,-0.0397,0.0122,0.0,761.0,690.0
2026-08-27 11:16:06,2026-08-27T11:00:16,770.315,2026-08-27,P,762.0,0.04,0.05,1176.0,3327.0,0.04,0.2253,-0.025,0.0137,-0.0398,0.0122,0.0,52649.0,3422.0
2026-08-27 11:16:06,2026-08-27T11:00:16,770.315,2026-08-27,C,763.0,7.26,7.45,47.0,64.0,6.91,0.2063,0.9671,0.0184,-0.0512,0.0153,0.0,1771.0,1330.0
2026-08-27 11:16:06,2026-08-27T11:00:16,770.315,2026-08-27,P,763.0,0.05,0.06,1340.0,3168.0,0.06,0.2095,-0.033,0.0184,-0.0514,0.0154,0.0,49030.0,5031.0
2026-08-27 11:16:06,2026-08-27T11:00:16,770.315,2026-08-27,C,764.0,6.28,6.4,64.0,72.0,6.4,0.1717,0.9545,0.0255,-0.0699,0.0198,0.0,2585.0,1924.0
2026-08-27 11:16:06,2026-08-27T11:00:16,770.315,2026-08-27,P,764.0,0.07,0.08,910.0,3263.0,0.08,0.1969,-0.0457,0.0256,-0.0702,0.0198,0.0,64130.0,7873.0
2026-08-27 11:16:06,2026-08-27T11:00:16,770.315,2026-08-27,C,765.0,5.31,5.41,55.0,34.0,5.41,0.1614,0.9347,0.0361,-0.1005,0.0261,0.0,4980.0,4303.0
2026-08-27 11:16:06,2026-08-27T11:00:16,770.315,2026-08-27,P,765.0,0.1,0.11,1118.0,2408.0,0.1,0.1844,-0.0656,0.0362,-0.1009,0.0262,0.0,68796.0,5495.0
2026-08-27 11:16:06,2026-08-27T11:00:16,770.315,2026-08-27,C,766.0,4.42,4.45,37.0,56.0,4.44,0.1641,0.9036,0.0515,-0.1505,0.0346,0.0,9864.0,5065.0
2026-08-27 11:16:06,2026-08-27T11:00:16,770.315,2026-08-27,P,766.0,0.14,0.15,953.0,1095.0,0.15,0.1705,-0.0964,0.0515,-0.1505,0.0346,0.0,68451.0,5339.0
2026-08-27 11:16:06,2026-08-27T11:00:16,770.315,2026-08-27,C,767.0,3.5,3.52,93.0,1.0,3.52,0.1559,0.8557,0.0727,-0.2319,0.0454,0.0,33789.0,6518.0
2026-08-27 11:16:06,2026-08-27T11:00:16,770.315,2026-08-27,P,767.0,0.22,0.23,607.0,604.0,0.23,0.1606,-0.1443,0.0727,-0.2319,0.0454,0.0,113875.0,3089.0
2026-08-27 11:16:06,2026-08-27T11:00:16,770.315,2026-08-27,C,768.0,2.64,2.66,43.0,50.0,2.64,0.1484,0.7843,0.0995,-0.3629,0.0576,0.0,97326.0,4522.0
2026-08-27 11:16:06,2026-08-27T11:00:16,770.315,2026-08-27,P,768.0,0.36,0.37,4.0,1393.0,0.37,0.1529,-0.2157,0.0995,-0.3629,0.0576,0.0,168441.0,2666.0
2026-08-27 11:16:06,2026-08-27T11:00:16,770.315,2026-08-27,C,769.0,1.85,1.87,232.0,1.0,1.86,0.1403,0.6821,0.1288,-0.5723,0.0694,0.0,193190.0,7157.0
2026-08-27 11:16:06,2026-08-27T11:00:16,770.315,2026-08-27,P,769.0,0.57,0.58,335.0,722.0,0.58,0.144,-0.3179,0.1288,-0.5723,0.0694,0.0,134661.0,521.0
2026-08-27 11:16:06,2026-08-27T11:00:16,770.315,2026-08-27,C,770.0,1.18,1.19,457.0,9.0,1.19,0.1332,0.547,0.1513,-0.8997,0.0765,0.0,265758.0,7702.0
2026-08-27 11:16:06,2026-08-27T11:00:16,770.315,2026-08-27,P,770.0,0.9,0.91,133.0,283.0,0.91,0.1365,-0.453,0.1513,-0.8997,0.0765,0.0,58722.0,984.0
2026-08-27 11:16:06,2026-08-27T11:00:16,770.315,2026-08-27,C,771.0,0.67,0.68,349.0,273.0,0.68,0.1264,0.3912,0.1536,-0.6891,0.0743,0.0,178820.0,5376.0
2026-08-27 11:16:06,2026-08-27T11:00:16,770.315,2026-08-27,P,771.0,1.37,1.39,206.0,247.0,1.38,0.1297,-0.6088,0.1536,-0.6891,0.0743,0.0,15643.0,1468.0
2026-08-27 11:16:06,2026-08-27T11:00:16,770.315,2026-08-27,C,772.0,0.33,0.34,415.0,533.0,0.34,0.1219,0.2425,0.1292,-0.3465,0.0615,0.0,116866.0,4406.0
2026-08-27 11:16:06,2026-08-27T11:00:16,770.315,2026-08-27,P,772.0,2.03,2.06,55.0,115.0,2.06,0.1269,-0.7575,0.1292,-0.3465,0.0615,0.0,5019.0,555.0
2026-08-27 11:16:06,2026-08-27T11:00:16,770.315,2026-08-27,C,773.0,0.14,0.15,1838.0,605.0,0.15,0.1212,0.1306,0.0888,-0.1564,0.043,0.0,86783.0,3955.0
2026-08-27 11:16:06,2026-08-27T11:00:16,770.315,2026-08-27,P,773.0,2.85,2.87,40.0,39.0,2.85,0.1273,-0.8694,0.0888,-0.1564,0.043,0.0,1617.0,1148.0
2026-08-27 11:16:06,2026-08-27T11:00:16,770.315,2026-08-27,C,774.0,0.06,0.07,2221.0,1274.0,0.07,0.1246,0.0653,0.0522,-0.0692,0.0267,0.0,82049.0,9159.0
2026-08-27 11:16:06,2026-08-27T11:00:16,770.315,2026-08-27,P,774.0,3.67,3.86,104.0,112.0,3.79,0.1266,-0.9347,0.0522,-0.0692,0.0267,0.0,943.0,763.0
2026-08-27 11:16:06,2026-08-27T11:00:16,770.315,2026-08-27,C,775.0,0.03,0.04,2647.0,2549.0,0.04,0.1338,0.034,0.0294,-0.0341,0.0164,0.0,29050.0,8218.0
2026-08-27 11:16:06,2026-08-27T11:00:16,770.315,2026-08-27,P,775.0,4.64,4.84,1.0,112.0,4.77,0.1335,-0.9658,0.0296,-0.0343,0.0164,0.0,1078.0,858.0
2026-08-27 11:16:06,2026-08-27T11:00:16,770.315,2026-08-27,C,776.0,0.02,0.03,1995.0,2598.0,0.02,0.1484,0.0205,0.0178,-0.0207,0.0109,0.0,15141.0,4528.0
2026-08-27 11:16:06,2026-08-27T11:00:16,770.315,2026-08-27,P,776.0,5.64,6.33,1.0,54.0,6.2,0.2475,-0.9794,0.0179,-0.0208,0.011,0.0,100.0,94.0
2026-08-27 11:16:06,2026-08-27T11:00:16,770.315,2026-08-27,C,777.0,0.01,0.02,2836.0,2727.0,0.02,0.1579,0.0142,0.0119,-0.0149,0.008,0.0,7759.0,4442.0
2026-08-27 11:16:06,2026-08-27T11:00:16,770.315,2026-08-27,P,777.0,6.64,6.81,86.0,147.0,7.1,0.1746,-0.9858,0.0119,-0.0149,0.008,0.0,134.0,199.0
2026-08-27 11:16:06,2026-08-27T11:00:16,770.315,2026-08-27,C,778.0,0.01,0.02,2546.0,2743.0,0.02,0.1779,0.011,0.0087,-0.0123,0.0064,0.0,3490.0,2468.0
2026-08-27 11:16:06,2026-08-27T11:00:16,770.315,2026-08-27,P,778.0,7.6,8.15,142.0,145.0,8.21,0.2761,-0.989,0.0087,-0.0124,0.0064,0.0,156.0,0.0
2026-08-27 11:16:06,2026-08-27T11:00:16,770.315,2026-08-27,C,779.0,0.01,0.02,2292.0,3017.0,0.01,0.1977,0.0093,0.0068,-0.0112,0.0055,0.0,1347.0,2257.0
2026-08-27 11:16:06,2026-08-27T11:00:16,770.315,2026-08-27,P,779.0,8.26,9.87,149.0,160.0,9.74,0.3638,-0.9907,0.0068,-0.0112,0.0055,0.0,15.0,0.0
2026-08-27 11:16:06,2026-08-27T11:00:16,770.315,2026-08-27,C,780.0,0.0,0.01,0.0,2790.0,0.01,0.1912,0.0083,0.0056,-0.0108,0.0049,0.0,5723.0,5535.0
2026-08-27 11:16:06,2026-08-27T11:00:16,770.315,2026-08-27,P,780.0,9.62,10.32,100.0,121.0,10.0,0.3641,-0.9917,0.0056,-0.0108,0.0049,0.0,34.0,1.0
2026-08-27 11:16:06,2026-08-27T11:00:16,770.315,2026-08-27,C,781.0,0.0,0.01,0.0,2791.0,0.01,0.2086,0.0076,0.0048,-0.0106,0.0045,0.0,6111.0,1478.0
2026-08-27 11:16:06,2026-08-27T11:00:16,770.315,2026-08-27,P,781.0,10.39,11.86,100.0,114.0,11.3,0.4399,-0.9924,0.0048,-0.0106,0.0045,0.0,5.0,1.0
2026-08-27 11:16:06,2026-08-27T11:00:16,770.315,2026-08-27,C,782.0,0.0,0.01,0.0,2702.0,0.01,0.2259,0.007,0.0041,-0.0104,0.0042,0.0,267.0,2919.0
2026-08-27 11:16:06,2026-08-27T11:00:16,770.315,2026-08-27,P,782.0,11.39,12.86,90.0,113.0,16.55,0.4692,-0.993,0.0041,-0.0104,0.0042,0.0,0.0,0.0
2026-08-27 11:16:06,2026-08-27T11:00:16,770.315,2026-08-27,C,783.0,0.0,0.01,0.0,2701.0,0.01,0.243,0.0065,0.0036,-0.0104,0.0039,0.0,390.0,1573.0
2026-08-27 11:16:06,2026-08-27T11:00:16,770.315,2026-08-27,P,783.0,12.01,13.86,100.0,148.0,16.79,0.4324,-0.9935,0.0036,-0.0103,0.0039,0.0,0.0,0.0
2026-08-27 11:16:06,2026-08-27T11:00:16,770.315,2026-08-27,C,784.0,0.0,0.01,0.0,2701.0,0.01,0.26,0.0061,0.0032,-0.0103,0.0036,0.0,12.0,1820.0
2026-08-27 11:16:06,2026-08-27T11:00:16,770.315,2026-08-27,P,784.0,13.01,15.08,100.0,188.0,18.93,0.5,-0.9939,0.0032,-0.0102,0.0036,0.0,0.0,0.0
2026-08-27 11:16:06,2026-08-27T11:00:16,770.315,2026-08-27,C,785.0,0.0,0.01,0.0,2701.0,0.01,0.2768,0.0057,0.0028,-0.0102,0.0034,0.0,12.0,1464.0
2026-08-27 11:16:06,2026-08-27T11:00:16,770.315,2026-08-27,P,785.0,14.01,16.08,100.0,182.0,19.97,0.5272,-0.9943,0.0028,-0.0102,0.0034,0.0,0.0,0.0
2026-08-27 11:16:06,2026-08-27T11:00:16,770.315,2026-08-27,C,786.0,0.0,0.01,0.0,2701.0,0.01,0.2936,0.0054,0.0025,-0.0101,0.0032,0.0,487.0,1211.0
2026-08-27 11:16:06,2026-08-27T11:00:16,770.315,2026-08-27,P,786.0,15.01,17.07,100.0,100.0,20.55,0.5522,-0.9946,0.0025,-0.0101,0.0032,0.0,0.0,0.0
2026-08-27 11:16:06,2026-08-27T11:00:16,770.315,2026-08-27,C,787.0,0.0,0.01,0.0,2634.0,0.01,0.3102,0.0051,0.0023,-0.01,0.0031,0.0,23.0,3748.0
2026-08-27 11:16:06,2026-08-27T11:00:16,770.315,2026-08-27,P,787.0,16.01,18.08,100.0,173.0,19.79,0.5806,-0.9949,0.0023,-0.01,0.0031,0.0,10.0,0.0
2026-08-27 11:16:06,2026-08-27T11:00:16,770.315,2026-08-27,C,788.0,0.0,0.01,0.0,2723.0,0.01,0.3268,0.0048,0.0021,-0.0099,0.0029,0.0,132.0,1662.0
2026-08-27 11:16:06,2026-08-27T11:00:16,770.315,2026-08-27,P,788.0,17.01,19.07,100.0,100.0,23.87,0.6049,-0.9952,0.0021,-0.0099,0.0029,0.0,0.0,0.0
2026-08-27 11:16:06,2026-08-27T11:00:16,770.315,2026-08-27,C,789.0,0.0,0.01,0.0,2223.0,0.01,0.3432,0.0046,0.0019,-0.0098,0.0028,0.0,34.0,1705.0
2026-08-27 11:16:06,2026-08-27T11:00:16,770.315,2026-08-27,P,789.0,18.01,20.08,100.0,168.0,22.03,0.6329,-0.9954,0.0019,-0.0098,0.0028,0.0,0.0,0.0
2026-08-27 11:16:06,2026-08-27T11:00:16,770.315,2026-08-27,C,790.0,0.0,0.01,0.0,2521.0,0.01,0.3595,0.0044,0.0017,-0.0098,0.0027,0.0,34.0,294.0
2026-08-27 11:16:06,2026-08-27T11:00:16,770.315,2026-08-27,P,790.0,19.01,21.08,100.0,173.0,21.57,0.6587,-0.9956,0.0017,-0.0098,0.0027,0.0,4.0,2.0
2026-08-27 11:16:06,2026-08-27T11:00:16,770.315,2026-08-27,C,791.0,0.0,0.01,0.0,2224.0,0.01,0.3758,0.0042,0.0016,-0.0097,0.0025,0.0,8.0,479.0
2026-08-27 11:16:06,2026-08-27T11:00:16,770.315,2026-08-27,P,791.0,20.01,22.07,100.0,100.0,23.85,0.6821,-0.9958,0.0016,-0.0097,0.0025,0.0,0.0,0.0
2026-08-27 11:16:06,2026-08-27T11:00:16,770.315,2026-08-27,C,792.0,0.0,0.01,0.0,2224.0,0.01,0.392,0.004,0.0015,-0.0096,0.0024,0.0,2.0,563.0
2026-08-27 11:16:06,2026-08-27T11:00:16,770.315,2026-08-27,P,792.0,21.01,23.05,100.0,100.0,26.8,0.703,-0.996,0.0015,-0.0096,0.0024,0.0,0.0,0.0
2026-08-27 11:16:06,2026-08-27T11:00:16,770.315,2026-08-27,C,793.0,0.0,0.01,0.0,2224.0,0.02,0.4081,0.0038,0.0014,-0.0095,0.0023,0.0,0.0,582.0
2026-08-27 11:16:06,2026-08-27T11:00:16,770.315,2026-08-27,P,793.0,21.85,24.08,100.0,172.0,22.92,0.6966,-0.9962,0.0014,-0.0095,0.0023,0.0,3.0,0.0
2026-08-27 11:16:06,2026-08-27T11:00:16,770.315,2026-08-27,C,794.0,0.0,0.01,0.0,2224.0,0.01,0.4241,0.0037,0.0013,-0.0094,0.0022,0.0,0.0,133.0
2026-08-27 11:16:06,2026-08-27T11:00:16,770.315,2026-08-27,P,794.0,22.7,25.06,234.0,234.0,29.84,0.6714,-0.9963,0.0013,-0.0094,0.0022,0.0,0.0,0.0
2026-08-27 11:16:06,2026-08-27T11:00:16,770.315,2026-08-27,C,795.0,0.0,0.01,0.0,3605.0,0.01,0.44,0.0036,0.0012,-0.0094,0.0022,0.0,9.0,71.0
2026-08-27 11:16:06,2026-08-27T11:00:16,770.315,2026-08-27,P,795.0,23.72,26.05,218.0,51.0,30.48,0.6974,-0.9964,0.0012,-0.0094,0.0022,0.0,0.0,0.0
2026-08-27 11:16:06,2026-08-27T11:00:16,770.315,2026-08-27,C,796.0,0.0,0.01,0.0,2223.0,0.01,0.4559,0.0034,0.0011,-0.0093,0.0021,0.0,4.0,117.0
2026-08-27 11:16:06,2026-08-27T11:00:16,770.315,2026-08-27,P,796.0,24.71,27.08,51.0,218.0,29.1,0.7267,-0.9966,0.0011,-0.0093,0.0021,0.0,0.0,0.0
2026-08-27 11:16:06,2026-08-27T11:00:16,770.315,2026-08-27,C,797.0,0.0,0.01,0.0,2224.0,0.01,0.4717,0.0033,0.001,-0.0092,0.002,0.0,3.0,30.0
2026-08-27 11:16:06,2026-08-27T11:00:16,770.315,2026-08-27,P,797.0,25.7,28.07,218.0,51.0,31.86,0.7426,-0.9967,0.001,-0.0092,0.002,0.0,0.0,0.0
2026-08-27 11:16:06,2026-08-27T11:00:16,770.315,2026-08-27,C,798.0,0.0,0.01,0.0,2224.0,0.01,0.4875,0.0032,0.001,-0.0091,0.0019,0.0,0.0,50.0
2026-08-27 11:16:06,2026-08-27T11:00:16,770.315,2026-08-27,P,798.0,26.88,29.07,52.0,52.0,27.61,0.821,-0.9968,0.001,-0.0091,0.0019,0.0,2.0,0.0
2026-08-27 11:16:06,2026-08-27T11:00:16,770.315,2026-08-27,C,799.0,0.0,0.01,0.0,2224.0,0.02,0.5031,0.0031,0.0009,-0.0091,0.0019,0.0,0.0,59.0
2026-08-27 11:16:06,2026-08-27T11:00:16,770.315,2026-08-27,P,799.0,27.7,30.08,189.0,189.0,31.53,0.7908,-0.9969,0.0009,-0.0091,0.0019,0.0,0.0,0.0
2026-08-27 11:16:06,2026-08-27T11:00:16,770.315,2026-08-27,C,800.0,0.0,0.01,0.0,5442.0,0.01,0.5188,0.003,0.0009,-0.009,0.0018,0.0,0.0,245.0
2026-08-27 11:16:06,2026-08-27T11:00:16,770.315,2026-08-27,P,800.0,29.59,31.08,45.0,51.0,33.4,1.0309,-0.997,0.0009,-0.009,0.0018,0.0,0.0,0.0
2026-08-27 11:16:06,2026-08-27T11:00:16,770.315,2026-08-27,C,801.0,0.0,0.01,0.0,2224.0,0.01,0.5343,0.0029,0.0008,-0.0089,0.0018,0.0,0.0,18.0
2026-08-27 11:16:06,2026-08-27T11:00:16,770.315,2026-08-27,P,801.0,29.35,32.08,37.0,35.0,34.58,0.6121,-0.9971,0.0008,-0.0089,0.0018,0.0,0.0,0.0
2026-08-27 11:16:06,2026-08-27T11:00:16,770.315,2026-08-27,C,802.0,0.0,0.01,0.0,2224.0,0.01,0.5498,0.0028,0.0008,-0.0088,0.0017,0.0,0.0,58.0
2026-08-27 11:16:06,2026-08-27T11:00:16,770.315,2026-08-27,P,802.0,31.51,33.08,35.0,35.0,36.19,1.0669,-0.9972,0.0008,-0.0088,0.0017,0.0,0.0,0.0
2026-08-27 11:16:06,2026-08-27T11:00:16,770.315,2026-08-27,C,803.0,0.0,0.01,0.0,2224.0,0.02,0.5653,0.0027,0.0007,-0.0088,0.0017,0.0,0.0,64.0
2026-08-27 11:16:06,2026-08-27T11:00:16,770.315,2026-08-27,P,803.0,31.35,34.13,35.0,35.0,0.0,0.7107,-0.9973,0.0007,-0.0088,0.0017,0.0,0.0,0.0
2026-08-27 11:16:06,2026-08-27T11:00:16,770.315,2026-08-27,C,804.0,0.0,0.01,0.0,2224.0,0.03,0.5807,0.0026,0.0007,-0.0087,0.0016,0.0,0.0,33.0
2026-08-27 11:16:06,2026-08-27T11:00:16,770.315,2026-08-27,P,804.0,32.96,35.12,35.0,35.0,0.0,0.9976,-0.9974,0.0007,-0.0087,0.0016,0.0,0.0,0.0
2026-08-27 11:16:06,2026-08-27T11:00:16,770.315,2026-08-27,C,805.0,0.0,0.01,0.0,2224.0,0.01,0.596,0.0025,0.0006,-0.0086,0.0016,0.0,0.0,315.0
2026-08-27 11:16:06,2026-08-27T11:00:16,770.315,2026-08-27,P,805.0,33.35,36.12,35.0,45.0,39.15,0.737,-0.9975,0.0006,-0.0086,0.0016,0.0,0.0,0.0
2026-08-27 11:16:06,2026-08-27T11:00:16,770.315,2026-08-27,C,806.0,0.0,0.01,0.0,2224.0,0.02,0.6113,0.0025,0.0006,-0.0086,0.0015,0.0,0.0,315.0
2026-08-27 11:16:06,2026-08-27T11:00:16,770.315,2026-08-27,P,806.0,34.96,37.09,35.0,35.0,0.0,1.0353,-0.9975,0.0006,-0.0086,0.0015,0.0,0.0,0.0
2026-08-27 11:16:06,2026-08-27T11:00:16,770.315,2026-08-27,C,807.0,0.0,0.01,0.0,2224.0,0.0,0.6265,0.0024,0.0006,-0.0085,0.0015,0.0,0.0,0.0
2026-08-27 11:16:06,2026-08-27T11:00:16,770.315,2026-08-27,P,807.0,36.61,36.85,35.0,35.0,37.88,0.7611,-0.9976,0.0006,-0.0085,0.0015,0.0,2.0,0.0
2026-08-27 11:16:06,2026-08-27T11:00:16,770.315,2026-08-27,C,808.0,0.0,0.01,0.0,2224.0,0.14,0.6417,0.0023,0.0006,-0.0084,0.0014,0.0,0.0,6.0
2026-08-27 11:16:06,2026-08-27T11:00:16,770.315,2026-08-27,P,808.0,37.58,37.87,35.0,35.0,38.83,0.7653,-0.9977,0.0006,-0.0084,0.0014,0.0,2.0,0.0
2026-08-27 11:21:06,2026-08-27T11:05:16,770.65,2026-08-27,C,733.0,36.27,38.3,51.0,238.0,36.63,0.0,0.9965,0.0007,-0.0149,0.0021,0.0,1.0,0.0
2026-08-27 11:21:06,2026-08-27T11:05:16,770.65,2026-08-27,P,733.0,0.0,0.01,0.0,2199.0,0.02,0.6783,-0.0035,0.0007,-0.0149,0.0021,0.0,0.0,2383.0
2026-08-27 11:21:06,2026-08-27T11:05:16,770.65,2026-08-27,C,734.0,36.46,37.32,227.0,239.0,35.83,1.0512,0.9964,0.0008,-0.015,0.0021,0.0,2.0,1.0
2026-08-27 11:21:06,2026-08-27T11:05:16,770.65,2026-08-27,P,734.0,0.0,0.01,0.0,2199.0,0.02,0.6614,-0.0036,0.0008,-0.015,0.0021,0.0,2.0,2467.0
2026-08-27 11:21:06,2026-08-27T11:05:16,770.65,2026-08-27,C,735.0,35.51,35.71,52.0,47.0,35.64,0.0,0.9963,0.0008,-0.0151,0.0022,0.0,9.0,6.0
2026-08-27 11:21:06,2026-08-27T11:05:16,770.65,2026-08-27,P,735.0,0.0,0.01,0.0,2609.0,0.01,0.6445,-0.0037,0.0008,-0.0151,0.0022,0.0,15.0,526.0
2026-08-27 11:21:06,2026-08-27T11:05:16,770.65,2026-08-27,C,736.0,33.27,35.3,51.0,237.0,33.69,0.0,0.9962,0.0009,-0.0153,0.0022,0.0,5.0,3.0
2026-08-27 11:21:06,2026-08-27T11:05:16,770.65,2026-08-27,P,736.0,0.0,0.01,0.0,2609.0,0.01,0.6275,-0.0038,0.0008,-0.0153,0.0022,0.0,0.0,227.0
2026-08-27 11:21:06,2026-08-27T11:05:16,770.65,2026-08-27,C,737.0,32.27,34.32,51.0,226.0,32.74,0.0,0.996,0.0009,-0.0154,0.0023,0.0,5.0,3.0
2026-08-27 11:21:06,2026-08-27T11:05:16,770.65,2026-08-27,P,737.0,0.0,0.01,0.0,2609.0,0.01,0.6106,-0.004,0.0009,-0.0154,0.0023,0.0,11.0,627.0
2026-08-27 11:21:06,2026-08-27T11:05:16,770.65,2026-08-27,C,738.0,31.26,33.33,237.0,45.0,28.46,0.0,0.9959,0.001,-0.0155,0.0024,0.0,0.0,2.0
2026-08-27 11:21:06,2026-08-27T11:05:16,770.65,2026-08-27,P,738.0,0.0,0.01,0.0,2609.0,0.01,0.5936,-0.0041,0.001,-0.0155,0.0024,0.0,279.0,563.0
2026-08-27 11:21:06,2026-08-27T11:05:16,770.65,2026-08-27,C,739.0,30.26,32.03,247.0,45.0,28.36,0.0,0.9958,0.001,-0.0157,0.0025,0.0,1.0,3.0
2026-08-27 11:21:06,2026-08-27T11:05:16,770.65,2026-08-27,P,739.0,0.0,0.01,0.0,2609.0,0.01,0.5766,-0.0042,0.001,-0.0157,0.0025,0.0,90.0,378.0
2026-08-27 11:21:06,2026-08-27T11:05:16,770.65,2026-08-27,C,740.0,29.27,31.1,51.0,224.0,29.62,0.0,0.9956,0.0011,-0.0158,0.0025,0.0,5.0,4.0
2026-08-27 11:21:06,2026-08-27T11:05:16,770.65,2026-08-27,P,740.0,0.0,0.01,0.0,2610.0,0.01,0.5596,-0.0044,0.0011,-0.0158,0.0025,0.0,22.0,1521.0
2026-08-27 11:21:06,2026-08-27T11:05:16,770.65,2026-08-27,C,741.0,28.28,30.15,237.0,46.0,28.67,0.0,0.9955,0.0011,-0.0159,0.0026,0.0,4.0,5.0
2026-08-27 11:21:06,2026-08-27T11:05:16,770.65,2026-08-27,P,741.0,0.0,0.01,0.0,2677.0,0.01,0.5426,-0.0045,0.0011,-0.0159,0.0026,0.0,485.0,686.0
2026-08-27 11:21:06,2026-08-27T11:05:16,770.65,2026-08-27,C,742.0,28.52,28.72,53.0,47.0,28.04,0.0,0.9953,0.0012,-0.0161,0.0027,0.0,7.0,24.0
2026-08-27 11:21:06,2026-08-27T11:05:16,770.65,2026-08-27,P,742.0,0.0,0.01,0.0,2676.0,0.01,0.5256,-0.0047,0.0012,-0.0161,0.0027,0.0,82.0,680.0
2026-08-27 11:21:06,2026-08-27T11:05:16,770.65,2026-08-27,C,743.0,27.51,27.72,52.0,47.0,27.09,0.0,0.9951,0.0013,-0.0162,0.0028,0.0,6.0,8.0
2026-08-27 11:21:06,2026-08-27T11:05:16,770.65,2026-08-27,P,743.0,0.0,0.01,0.0,2676.0,0.01,0.5085,-0.0049,0.0013,-0.0162,0.0028,0.0,84.0,580.0
2026-08-27 11:21:06,2026-08-27T11:05:16,770.65,2026-08-27,C,744.0,26.13,26.72,51.0,45.0,26.07,0.0,0.995,0.0014,-0.0164,0.0029,0.0,3.0,24.0
2026-08-27 11:21:06,2026-08-27T11:05:16,770.65,2026-08-27,P,744.0,0.0,0.01,0.0,2706.0,0.01,0.4915,-0.005,0.0014,-0.0164,0.0029,0.0,286.0,1156.0
2026-08-27 11:21:06,2026-08-27T11:05:16,770.65,2026-08-27,C,745.0,25.18,25.72,240.0,45.0,25.34,0.0,0.9948,0.0015,-0.0165,0.003,0.0,6.0,16.0
2026-08-27 11:21:06,2026-08-27T11:05:16,770.65,2026-08-27,P,745.0,0.0,0.01,0.0,2808.0,0.01,0.4744,-0.0052,0.0015,-0.0165,0.003,0.0,3096.0,2626.0
2026-08-27 11:21:06,2026-08-27T11:05:16,770.65,2026-08-27,C,746.0,24.54,24.72,52.0,53.0,24.35,0.0,0.9945,0.0016,-0.0167,0.0031,0.0,11.0,56.0
2026-08-27 11:21:06,2026-08-27T11:05:16,770.65,2026-08-27,P,746.0,0.0,0.01,0.0,2797.0,0.01,0.4572,-0.0054,0.0016,-0.0167,0.0031,0.0,12163.0,5788.0
2026-08-27 11:21:06,2026-08-27T11:05:16,770.65,2026-08-27,C,747.0,23.54,23.72,53.0,47.0,23.49,0.0,0.9943,0.0017,-0.0168,0.0033,0.0,3.0,57.0
2026-08-27 11:21:06,2026-08-27T11:05:16,770.65,2026-08-27,P,747.0,0.01,0.02,2158.0,3503.0,0.01,0.4911,-0.0057,0.0017,-0.0168,0.0032,0.0,11269.0,12314.0
2026-08-27 11:21:06,2026-08-27T11:05:16,770.65,2026-08-27,C,748.0,22.39,22.99,200.0,189.0,22.35,0.5216,0.9941,0.0018,-0.017,0.0034,0.0,17.0,78.0
2026-08-27 11:21:06,2026-08-27T11:05:16,770.65,2026-08-27,P,748.0,0.01,0.02,2159.0,3016.0,0.01,0.4722,-0.0059,0.0018,-0.017,0.0034,0.0,1131.0,2141.0
2026-08-27 11:21:06,2026-08-27T11:05:16,770.65,2026-08-27,C,749.0,21.25,22.0,200.0,177.0,21.55,0.0,0.9938,0.002,-0.0172,0.0035,0.0,2.0,134.0
2026-08-27 11:21:06,2026-08-27T11:05:16,770.65,2026-08-27,P,749.0,0.01,0.02,2184.0,3023.0,0.02,0.4534,-0.0062,0.002,-0.0172,0.0035,0.0,5789.0,957.0
2026-08-27 11:21:06,2026-08-27T11:05:16,770.65,2026-08-27,C,750.0,20.54,20.71,200.0,177.0,20.34,0.0,0.9935,0.0022,-0.0174,0.0037,0.0,12.0,235.0
2026-08-27 11:21:06,2026-08-27T11:05:16,770.65,2026-08-27,P,750.0,0.01,0.02,2159.0,3105.0,0.01,0.4344,-0.0065,0.0022,-0.0174,0.0037,0.0,2192.0,7475.0
2026-08-27 11:21:06,2026-08-27T11:05:16,770.65,2026-08-27,C,751.0,19.55,19.72,200.0,200.0,18.14,0.0,0.9932,0.0024,-0.0176,0.0039,0.0,13.0,51.0
2026-08-27 11:21:06,2026-08-27T11:05:16,770.65,2026-08-27,P,751.0,0.01,0.02,2268.0,3026.0,0.02,0.4154,-0.0068,0.0024,-0.0176,0.0039,0.0,3317.0,2036.0
2026-08-27 11:21:06,2026-08-27T11:05:16,770.65,2026-08-27,C,752.0,18.54,18.72,200.0,126.0,17.3,0.0,0.9928,0.0026,-0.0178,0.0041,0.0,4.0,50.0
2026-08-27 11:21:06,2026-08-27T11:05:16,770.65,2026-08-27,P,752.0,0.01,0.02,2816.0,3018.0,0.02,0.3964,-0.0072,0.0026,-0.0178,0.0041,0.0,3513.0,6184.0
2026-08-27 11:21:06,2026-08-27T11:05:16,770.65,2026-08-27,C,753.0,17.54,17.72,200.0,125.0,16.85,0.0,0.9924,0.0028,-0.0181,0.0043,0.0,12.0,224.0
2026-08-27 11:21:06,2026-08-27T11:05:16,770.65,2026-08-27,P,753.0,0.01,0.02,2911.0,2935.0,0.01,0.3773,-0.0076,0.0028,-0.0181,0.0043,0.0,2050.0,1905.0
2026-08-27 11:21:06,2026-08-27T11:05:16,770.65,2026-08-27,C,754.0,16.54,16.73,200.0,200.0,15.92,0.0,0.9919,0.0032,-0.0185,0.0045,0.0,28.0,155.0
2026-08-27 11:21:06,2026-08-27T11:05:16,770.65,2026-08-27,P,754.0,0.01,0.02,2791.0,2873.0,0.02,0.3581,-0.0081,0.0032,-0.0185,0.0045,0.0,2780.0,2518.0
2026-08-27 11:21:06,2026-08-27T11:05:16,770.65,2026-08-27,C,755.0,15.51,15.73,145.0,129.0,14.94,0.0,0.9913,0.0035,-0.0189,0.0048,0.0,42.0,243.0
2026-08-27 11:21:06,2026-08-27T11:05:16,770.65,2026-08-27,P,755.0,0.01,0.02,2841.0,2821.0,0.02,0.3388,-0.0087,0.0035,-0.0189,0.0048,0.0,5574.0,6635.0
2026-08-27 11:21:06,2026-08-27T11:05:16,770.65,2026-08-27,C,756.0,13.71,15.01,188.0,169.0,12.13,0.0,0.9906,0.004,-0.0195,0.0052,0.0,2.0,180.0
2026-08-27 11:21:06,2026-08-27T11:05:16,770.65,2026-08-27,P,756.0,0.01,0.02,3554.0,3494.0,0.02,0.3195,-0.0094,0.004,-0.0195,0.0052,0.0,9514.0,2466.0
2026-08-27 11:21:06,2026-08-27T11:05:16,770.65,2026-08-27,C,757.0,13.52,13.72,188.0,119.0,13.64,0.0,0.9898,0.0046,-0.0203,0.0056,0.0,43.0,369.0
2026-08-27 11:21:06,2026-08-27T11:05:16,770.65,2026-08-27,P,757.0,0.02,0.03,947.0,3664.0,0.02,0.3199,-0.0102,0.0046,-0.0203,0.0056,0.0,3347.0,2179.0
2026-08-27 11:21:06,2026-08-27T11:05:16,770.65,2026-08-27,C,758.0,12.51,12.73,119.0,102.0,12.46,0.0,0.9886,0.0053,-0.0215,0.0062,0.0,94.0,994.0
2026-08-27 11:21:06,2026-08-27T11:05:16,770.65,2026-08-27,P,758.0,0.02,0.03,1636.0,3873.0,0.02,0.2994,-0.0113,0.0053,-0.0214,0.0061,0.0,9067.0,5271.0
2026-08-27 11:21:06,2026-08-27T11:05:16,770.65,2026-08-27,C,759.0,11.51,11.73,99.0,159.0,10.99,0.0,0.9872,0.0063,-0.0231,0.0068,0.0,124.0,244.0
2026-08-27 11:21:06,2026-08-27T11:05:16,770.65,2026-08-27,P,759.0,0.02,0.03,1912.0,3628.0,0.02,0.2786,-0.0127,0.0062,-0.023,0.0068,0.0,15493.0,5933.0
2026-08-27 11:21:06,2026-08-27T11:05:16,770.65,2026-08-27,C,760.0,10.52,10.73,116.0,156.0,10.55,0.0,0.9852,0.0076,-0.0254,0.0078,0.0,1594.0,840.0
2026-08-27 11:21:06,2026-08-27T11:05:16,770.65,2026-08-27,P,760.0,0.02,0.03,2750.0,3370.0,0.03,0.2578,-0.0147,0.0075,-0.0253,0.0078,0.0,31394.0,6095.0
2026-08-27 11:21:06,2026-08-27T11:05:16,770.65,2026-08-27,C,761.0,9.55,9.73,82.0,84.0,9.72,0.0,0.9824,0.0094,-0.0289,0.009,0.0,395.0,745.0
2026-08-27 11:21:06,2026-08-27T11:05:16,770.65,2026-08-27,P,761.0,0.03,0.04,926.0,3404.0,0.03,0.2481,-0.0176,0.0094,-0.0289,0.009,0.0,32568.0,2929.0
2026-08-27 11:21:06,2026-08-27T11:05:16,770.65,2026-08-27,C,762.0,8.54,8.74,87.0,79.0,8.7,0.0,0.9783,0.012,-0.0343,0.0108,0.0,822.0,690.0
2026-08-27 11:21:06,2026-08-27T11:05:16,770.65,2026-08-27,P,762.0,0.03,0.04,1941.0,2771.0,0.04,0.226,-0.0217,0.012,-0.0343,0.0108,0.0,53202.0,3422.0
2026-08-27 11:21:06,2026-08-27T11:05:16,770.65,2026-08-27,C,763.0,7.65,7.75,62.0,105.0,7.3,0.2122,0.9721,0.0159,-0.0428,0.0133,0.0,1776.0,1330.0
2026-08-27 11:21:06,2026-08-27T11:05:16,770.65,2026-08-27,P,763.0,0.04,0.05,1721.0,2072.0,0.04,0.2122,-0.0279,0.0159,-0.0428,0.0133,0.0,49785.0,5031.0
2026-08-27 11:21:06,2026-08-27T11:05:16,770.65,2026-08-27,C,764.0,6.61,6.75,72.0,52.0,6.74,0.1716,0.9623,0.0218,-0.0565,0.017,0.0,2619.0,1924.0
2026-08-27 11:21:06,2026-08-27T11:05:16,770.65,2026-08-27,P,764.0,0.06,0.07,924.0,3184.0,0.06,0.2018,-0.0377,0.0218,-0.0565,0.017,0.0,66344.0,7873.0
2026-08-27 11:21:06,2026-08-27T11:05:16,770.65,2026-08-27,C,765.0,5.61,5.76,72.0,5.0,5.74,0.1579,0.9466,0.0308,-0.0793,0.0223,0.0,5106.0,4303.0
2026-08-27 11:21:06,2026-08-27T11:05:16,770.65,2026-08-27,P,765.0,0.08,0.09,627.0,2585.0,0.08,0.1868,-0.0534,0.0308,-0.0793,0.0223,0.0,73365.0,5495.0
2026-08-27 11:21:06,2026-08-27T11:05:16,770.65,2026-08-27,C,766.0,4.74,4.76,37.0,22.0,4.75,0.1662,0.9214,0.0444,-0.1174,0.0297,0.0,9943.0,5065.0
2026-08-27 11:21:06,2026-08-27T11:05:16,770.65,2026-08-27,P,766.0,0.12,0.13,217.0,3014.0,0.12,0.1753,-0.0786,0.0444,-0.1174,0.0297,0.0,72716.0,5339.0
2026-08-27 11:21:06,2026-08-27T11:05:16,770.65,2026-08-27,C,767.0,3.8,3.82,68.0,24.0,3.82,0.1565,0.8814,0.0639,-0.1808,0.0396,0.0,34368.0,6518.0
2026-08-27 11:21:06,2026-08-27T11:05:16,770.65,2026-08-27,P,767.0,0.18,0.19,162.0,2298.0,0.18,0.1632,-0.1186,0.0639,-0.1808,0.0396,0.0,117702.0,3089.0
2026-08-27 11:21:06,2026-08-27T11:05:16,770.65,2026-08-27,C,768.0,2.9,2.93,300.0,108.0,2.91,0.147,0.8199,0.0901,-0.2851,0.0517,0.0,98395.0,4522.0
2026-08-27 11:21:06,2026-08-27T11:05:16,770.65,2026-08-27,P,768.0,0.28,0.29,363.0,788.0,0.29,0.1521,-0.1801,0.0901,-0.2851,0.0517,0.0,176456.0,2666.0
2026-08-27 11:21:06,2026-08-27T11:05:16,770.65,2026-08-27,C,769.0,2.08,2.1,200.0,280.0,2.08,0.1402,0.7285,0.1214,-0.4556,0.0643,0.0,195990.0,7157.0
2026-08-27 11:21:06,2026-08-27T11:05:16,770.65,2026-08-27,P,769.0,0.45,0.46,873.0,457.0,0.45,0.1425,-0.2715,0.1214,-0.4556,0.0643,0.0,142821.0,521.0
2026-08-27 11:21:06,2026-08-27T11:05:16,770.65,2026-08-27,C,770.0,1.36,1.37,273.0,258.0,1.37,0.1314,0.6014,0.1503,-0.7303,0.0741,0.0,277487.0,7702.0
2026-08-27 11:21:06,2026-08-27T11:05:16,770.65,2026-08-27,P,770.0,0.73,0.74,358.0,321.0,0.74,0.1347,-0.3986,0.1503,-0.7303,0.0741,0.0,73614.0,984.0
2026-08-27 11:21:06,2026-08-27T11:05:16,770.65,2026-08-27,C,771.0,0.79,0.8,295.0,392.0,0.8,0.1266,0.4443,0.1622,-0.8095,0.0758,0.0,195836.0,5376.0
2026-08-27 11:21:06,2026-08-27T11:05:16,770.65,2026-08-27,P,771.0,1.16,1.17,122.0,166.0,1.17,0.1285,-0.5557,0.1622,-0.8095,0.0758,0.0,18680.0,1468.0
2026-08-27 11:21:06,2026-08-27T11:05:16,770.65,2026-08-27,C,772.0,0.4,0.41,498.0,565.0,0.4,0.1211,0.2834,0.1447,-0.4123,0.0657,0.0,125807.0,4406.0
2026-08-27 11:21:06,2026-08-27T11:05:16,770.65,2026-08-27,P,772.0,1.76,1.78,22.0,52.0,1.78,0.1234,-0.7166,0.1447,-0.4123,0.0657,0.0,5554.0,555.0
2026-08-27 11:21:06,2026-08-27T11:05:16,770.65,2026-08-27,C,773.0,0.18,0.19,385.0,1861.0,0.18,0.12,0.1542,0.1035,-0.1842,0.0474,0.0,92543.0,3955.0
2026-08-27 11:21:06,2026-08-27T11:05:16,770.65,2026-08-27,P,773.0,2.54,2.56,22.0,40.0,2.53,0.1233,-0.8458,0.1035,-0.1842,0.0474,0.0,1872.0,1148.0
2026-08-27 11:21:06,2026-08-27T11:05:16,770.65,2026-08-27,C,774.0,0.07,0.08,2638.0,815.0,0.08,0.12,0.0753,0.0612,-0.0779,0.0295,0.0,91257.0,9159.0
2026-08-27 11:21:06,2026-08-27T11:05:16,770.65,2026-08-27,P,774.0,3.43,3.46,44.0,58.0,3.45,0.1288,-0.9247,0.0612,-0.0779,0.0295,0.0,1080.0,763.0
2026-08-27 11:21:06,2026-08-27T11:05:16,770.65,2026-08-27,C,775.0,0.03,0.04,3243.0,1013.0,0.03,0.1262,0.0376,0.0337,-0.0363,0.0176,0.0,30392.0,8218.0
2026-08-27 11:21:06,2026-08-27T11:05:16,770.65,2026-08-27,P,775.0,4.36,4.43,92.0,1.0,4.52,0.149,-0.9624,0.0337,-0.0363,0.0176,0.0,1155.0,858.0
2026-08-27 11:21:06,2026-08-27T11:05:16,770.65,2026-08-27,C,776.0,0.02,0.03,2048.0,2476.0,0.02,0.1415,0.0217,0.0197,-0.0209,0.0114,0.0,15217.0,4528.0
2026-08-27 11:21:06,2026-08-27T11:05:16,770.65,2026-08-27,P,776.0,5.32,5.52,66.0,66.0,5.7,0.1728,-0.9783,0.0197,-0.0209,0.0114,0.0,105.0,94.0
2026-08-27 11:21:06,2026-08-27T11:05:16,770.65,2026-08-27,C,777.0,0.01,0.02,3016.0,2576.0,0.03,0.1517,0.0146,0.0128,-0.0146,0.0082,0.0,7930.0,4442.0
2026-08-27 11:21:06,2026-08-27T11:05:16,770.65,2026-08-27,P,777.0,6.31,6.52,133.0,150.0,6.42,0.1953,-0.9854,0.0128,-0.0146,0.0082,0.0,143.0,199.0
2026-08-27 11:21:06,2026-08-27T11:05:16,770.65,2026-08-27,C,778.0,0.01,0.02,2491.0,2562.0,0.02,0.172,0.0111,0.0092,-0.0119,0.0065,0.0,3550.0,2468.0
2026-08-27 11:21:06,2026-08-27T11:05:16,770.65,2026-08-27,P,778.0,7.31,8.15,89.0,149.0,8.15,0.3291,-0.9889,0.0092,-0.0119,0.0065,0.0,160.0,0.0
2026-08-27 11:21:06,2026-08-27T11:05:16,770.65,2026-08-27,C,779.0,0.01,0.02,2424.0,3076.0,0.02,0.192,0.0094,0.0071,-0.0108,0.0055,0.0,1353.0,2257.0
2026-08-27 11:21:06,2026-08-27T11:05:16,770.65,2026-08-27,P,779.0,8.26,9.6,149.0,149.0,9.74,0.4091,-0.9906,0.0071,-0.0108,0.0055,0.0,15.0,0.0
2026-08-27 11:21:06,2026-08-27T11:05:16,770.65,2026-08-27,C,780.0,0.0,0.01,0.0,2159.0,0.01,0.1858,0.0083,0.0059,-0.0104,0.0049,0.0,5795.0,5535.0
2026-08-27 11:21:06,2026-08-27T11:05:16,770.65,2026-08-27,P,780.0,9.3,9.9,149.0,179.0,9.45,0.3502,-0.9917,0.0058,-0.0104,0.0049,0.0,40.0,1.0
2026-08-27 11:21:06,2026-08-27T11:05:16,770.65,2026-08-27,C,781.0,0.0,0.01,0.0,2791.0,0.01,0.2034,0.0076,0.0049,-0.0102,0.0045,0.0,6139.0,1478.0
2026-08-27 11:21:06,2026-08-27T11:05:16,770.65,2026-08-27,P,781.0,10.3,11.63,156.0,85.0,11.3,0.4818,-0.9925,0.0049,-0.0102,0.0045,0.0,5.0,1.0
2026-08-27 11:21:06,2026-08-27T11:05:16,770.65,2026-08-27,C,782.0,0.0,0.01,0.0,2702.0,0.01,0.2209,0.007,0.0042,-0.01,0.0041,0.0,298.0,2919.0
2026-08-27 11:21:06,2026-08-27T11:05:16,770.65,2026-08-27,P,782.0,11.3,12.63,150.0,105.0,16.55,0.5134,-0.9931,0.0042,-0.01,0.0041,0.0,0.0,0.0
2026-08-27 11:21:06,2026-08-27T11:05:16,770.65,2026-08-27,C,783.0,0.0,0.01,0.0,2701.0,0.01,0.2382,0.0065,0.0037,-0.0099,0.0038,0.0,390.0,1573.0
2026-08-27 11:21:06,2026-08-27T11:05:16,770.65,2026-08-27,P,783.0,12.01,13.63,102.0,105.0,16.79,0.5048,-0.9936,0.0037,-0.0099,0.0038,0.0,0.0,0.0
2026-08-27 11:21:06,2026-08-27T11:05:16,770.65,2026-08-27,C,784.0,0.0,0.01,0.0,2701.0,0.01,0.2553,0.006,0.0032,-0.0098,0.0036,0.0,12.0,1820.0
2026-08-27 11:21:06,2026-08-27T11:05:16,770.65,2026-08-27,P,784.0,13.01,14.73,136.0,200.0,18.93,0.5487,-0.994,0.0032,-0.0098,0.0036,0.0,0.0,0.0
2026-08-27 11:21:06,2026-08-27T11:05:16,770.65,2026-08-27,C,785.0,0.0,0.01,0.0,2701.0,0.01,0.2723,0.0056,0.0029,-0.0098,0.0034,0.0,12.0,1464.0
2026-08-27 11:21:06,2026-08-27T11:05:16,770.65,2026-08-27,P,785.0,14.01,15.74,136.0,160.0,19.97,0.5794,-0.9944,0.0029,-0.0098,0.0034,0.0,0.0,0.0
2026-08-27 11:21:06,2026-08-27T11:05:16,770.65,2026-08-27,C,786.0,0.0,0.01,0.0,2633.0,0.01,0.2892,0.0053,0.0026,-0.0097,0.0032,0.0,487.0,1211.0
2026-08-27 11:21:06,2026-08-27T11:05:16,770.65,2026-08-27,P,786.0,15.01,16.72,138.0,172.0,20.55,0.6054,-0.9947,0.0026,-0.0097,0.0032,0.0,0.0,0.0
2026-08-27 11:21:06,2026-08-27T11:05:16,770.65,2026-08-27,C,787.0,0.0,0.01,0.0,2724.0,0.01,0.306,0.005,0.0023,-0.0096,0.003,0.0,26.0,3748.0
2026-08-27 11:21:06,2026-08-27T11:05:16,770.65,2026-08-27,P,787.0,16.01,17.73,136.0,179.0,19.79,0.6354,-0.995,0.0023,-0.0096,0.003,0.0,10.0,0.0
2026-08-27 11:21:06,2026-08-27T11:05:16,770.65,2026-08-27,C,788.0,0.0,0.01,0.0,2723.0,0.01,0.3227,0.0048,0.0021,-0.0095,0.0029,0.0,132.0,1662.0
2026-08-27 11:21:06,2026-08-27T11:05:16,770.65,2026-08-27,P,788.0,17.01,18.73,136.0,200.0,23.87,0.6637,-0.9952,0.0021,-0.0095,0.0029,0.0,0.0,0.0
2026-08-27 11:21:06,2026-08-27T11:05:16,770.65,2026-08-27,C,789.0,0.0,0.01,0.0,2723.0,0.01,0.3393,0.0045,0.0019,-0.0094,0.0027,0.0,34.0,1705.0
2026-08-27 11:21:06,2026-08-27T11:05:16,770.65,2026-08-27,P,789.0,18.01,19.73,138.0,200.0,22.03,0.6917,-0.9955,0.0019,-0.0094,0.0027,0.0,0.0,0.0
2026-08-27 11:21:06,2026-08-27T11:05:16,770.65,2026-08-27,C,790.0,0.0,0.01,0.0,2521.0,0.01,0.3558,0.0043,0.0018,-0.0094,0.0026,0.0,34.0,294.0
2026-08-27 11:21:06,2026-08-27T11:05:16,770.65,2026-08-27,P,790.0,19.01,20.75,140.0,176.0,21.57,0.7227,-0.9957,0.0017,-0.0094,0.0026,0.0,4.0,2.0
2026-08-27 11:21:06,2026-08-27T11:05:16,770.65,2026-08-27,C,791.0,0.0,0.01,0.0,2224.0,0.01,0.3722,0.0041,0.0016,-0.0093,0.0025,0.0,8.0,479.0
2026-08-27 11:21:06,2026-08-27T11:05:16,770.65,2026-08-27,P,791.0,20.01,21.74,136.0,172.0,23.85,0.7485,-0.9959,0.0016,-0.0093,0.0025,0.0,0.0,0.0
2026-08-27 11:21:06,2026-08-27T11:05:16,770.65,2026-08-27,C,792.0,0.0,0.01,0.0,2224.0,0.01,0.3885,0.0039,0.0015,-0.0092,0.0024,0.0,2.0,563.0
2026-08-27 11:21:06,2026-08-27T11:05:16,770.65,2026-08-27,P,792.0,21.01,22.73,136.0,200.0,26.8,0.774,-0.9961,0.0015,-0.0092,0.0024,0.0,0.0,0.0
2026-08-27 11:21:06,2026-08-27T11:05:16,770.65,2026-08-27,C,793.0,0.0,0.01,0.0,2224.0,0.02,0.4048,0.0038,0.0014,-0.0091,0.0023,0.0,0.0,582.0
2026-08-27 11:21:06,2026-08-27T11:05:16,770.65,2026-08-27,P,793.0,21.85,23.73,139.0,200.0,22.92,0.7708,-0.9962,0.0014,-0.0091,0.0023,0.0,3.0,0.0
2026-08-27 11:21:06,2026-08-27T11:05:16,770.65,2026-08-27,C,794.0,0.0,0.01,0.0,2224.0,0.01,0.4209,0.0036,0.0013,-0.009,0.0022,0.0,1.0,133.0
2026-08-27 11:21:06,2026-08-27T11:05:16,770.65,2026-08-27,P,794.0,22.7,24.73,237.0,51.0,29.84,0.7654,-0.9964,0.0013,-0.009,0.0022,0.0,0.0,0.0
2026-08-27 11:21:06,2026-08-27T11:05:16,770.65,2026-08-27,C,795.0,0.0,0.01,0.0,3483.0,0.01,0.437,0.0035,0.0012,-0.009,0.0021,0.0,9.0,71.0
2026-08-27 11:21:06,2026-08-27T11:05:16,770.65,2026-08-27,P,795.0,23.72,25.73,222.0,51.0,30.48,0.795,-0.9965,0.0012,-0.009,0.0021,0.0,0.0,0.0
2026-08-27 11:21:06,2026-08-27T11:05:16,770.65,2026-08-27,C,796.0,0.0,0.01,0.0,2223.0,0.01,0.453,0.0033,0.0011,-0.0089,0.002,0.0,4.0,117.0
2026-08-27 11:21:06,2026-08-27T11:05:16,770.65,2026-08-27,P,796.0,24.71,26.73,51.0,51.0,29.1,0.8179,-0.9967,0.0011,-0.0089,0.002,0.0,0.0,0.0
2026-08-27 11:21:06,2026-08-27T11:05:16,770.65,2026-08-27,C,797.0,0.0,0.01,0.0,2224.0,0.01,0.469,0.0032,0.001,-0.0088,0.002,0.0,3.0,30.0
2026-08-27 11:21:06,2026-08-27T11:05:16,770.65,2026-08-27,P,797.0,25.7,27.73,222.0,51.0,31.86,0.8405,-0.9968,0.001,-0.0088,0.002,0.0,0.0,0.0
2026-08-27 11:21:06,2026-08-27T11:05:16,770.65,2026-08-27,C,798.0,0.0,0.01,0.0,2224.0,0.01,0.4849,0.0031,0.001,-0.0087,0.0019,0.0,0.0,50.0
2026-08-27 11:21:06,2026-08-27T11:05:16,770.65,2026-08-27,P,798.0,26.88,28.73,52.0,52.0,27.61,0.9058,-0.9969,0.001,-0.0087,0.0019,0.0,2.0,0.0
2026-08-27 11:21:06,2026-08-27T11:05:16,770.65,2026-08-27,C,799.0,0.0,0.01,0.0,2224.0,0.02,0.5007,0.003,0.0009,-0.0087,0.0018,0.0,0.0,59.0
2026-08-27 11:21:06,2026-08-27T11:05:16,770.65,2026-08-27,P,799.0,27.7,29.73,182.0,51.0,31.53,0.8897,-0.997,0.0009,-0.0087,0.0018,0.0,0.0,0.0
2026-08-27 11:21:06,2026-08-27T11:05:16,770.65,2026-08-27,C,800.0,0.0,0.01,0.0,5287.0,0.01,0.5165,0.0029,0.0008,-0.0086,0.0018,0.0,0.0,245.0
2026-08-27 11:21:06,2026-08-27T11:05:16,770.65,2026-08-27,P,800.0,28.4,30.73,51.0,51.0,33.4,0.8284,-0.9971,0.0008,-0.0086,0.0018,0.0,0.0,0.0
2026-08-27 11:21:06,2026-08-27T11:05:16,770.65,2026-08-27,C,801.0,0.0,0.01,0.0,2224.0,0.01,0.5322,0.0028,0.0008,-0.0085,0.0017,0.0,0.0,18.0
2026-08-27 11:21:06,2026-08-27T11:05:16,770.65,2026-08-27,P,801.0,29.38,31.73,35.0,35.0,34.58,0.8441,-0.9972,0.0008,-0.0085,0.0017,0.0,0.0,0.0
2026-08-27 11:21:06,2026-08-27T11:05:16,770.65,2026-08-27,C,802.0,0.0,0.01,0.0,2224.0,0.01,0.5478,0.0027,0.0008,-0.0084,0.0017,0.0,0.0,58.0
2026-08-27 11:21:06,2026-08-27T11:05:16,770.65,2026-08-27,P,802.0,30.38,32.73,35.0,35.0,36.19,0.8665,-0.9973,0.0008,-0.0084,0.0016,0.0,0.0,0.0
2026-08-27 11:21:06,2026-08-27T11:05:16,770.65,2026-08-27,C,803.0,0.0,0.01,0.0,2224.0,0.02,0.5634,0.0026,0.0007,-0.0084,0.0016,0.0,0.0,64.0
2026-08-27 11:21:06,2026-08-27T11:05:16,770.65,2026-08-27,P,803.0,31.11,33.73,35.0,35.0,0.0,0.7585,-0.9974,0.0007,-0.0084,0.0016,0.0,0.0,0.0
2026-08-27 11:21:06,2026-08-27T11:05:16,770.65,2026-08-27,C,804.0,0.0,0.01,0.0,2224.0,0.03,0.5789,0.0025,0.0007,-0.0083,0.0016,0.0,0.0,33.0
2026-08-27 11:21:06,2026-08-27T11:05:16,770.65,2026-08-27,P,804.0,32.11,34.73,35.0,35.0,0.0,0.7782,-0.9975,0.0007,-0.0083,0.0016,0.0,0.0,0.0
2026-08-27 11:21:06,2026-08-27T11:05:16,770.65,2026-08-27,C,805.0,0.0,0.01,0.0,2224.0,0.01,0.5944,0.0025,0.0006,-0.0082,0.0015,0.0,0.0,315.0
2026-08-27 11:21:06,2026-08-27T11:05:16,770.65,2026-08-27,P,805.0,33.1,35.73,35.0,35.0,39.15,0.7904,-0.9975,0.0006,-0.0082,0.0015,0.0,0.0,0.0
2026-08-27 11:21:06,2026-08-27T11:05:16,770.65,2026-08-27,C,806.0,0.0,0.01,0.0,2224.0,0.02,0.6098,0.0024,0.0006,-0.0082,0.0015,0.0,0.0,315.0
2026-08-27 11:21:06,2026-08-27T11:05:16,770.65,2026-08-27,P,806.0,34.13,36.73,36.0,35.0,0.0,0.8315,-0.9976,0.0006,-0.0082,0.0015,0.0,0.0,0.0
2026-08-27 11:21:06,2026-08-27T11:05:16,770.65,2026-08-27,C,807.0,0.0,0.01,0.0,2224.0,0.0,0.6251,0.0023,0.0006,-0.0081,0.0014,0.0,0.0,0.0
2026-08-27 11:21:06,2026-08-27T11:05:16,770.65,2026-08-27,P,807.0,36.18,36.5,35.0,35.0,37.88,0.0,-0.9977,0.0006,-0.0081,0.0014,0.0,2.0,0.0
2026-08-27 11:21:06,2026-08-27T11:05:16,770.65,2026-08-27,C,808.0,0.0,0.01,0.0,2224.0,0.14,0.6409,0.0022,0.0006,-0.008,0.0014,0.0,0.0,6.0
2026-08-27 11:21:06,2026-08-27T11:05:16,770.65,2026-08-27,P,808.0,37.18,37.5,35.0,35.0,38.83,0.0,-0.9978,0.0006,-0.008,0.0014,0.0,2.0,0.0
2026-08-27 11:21:06,2026-08-27T11:05:16,770.65,2026-08-27,C,809.0,0.0,0.01,0.0,2224.0,0.02,0.6562,0.0022,0.0005,-0.008,0.0014,0.0,0.0,153.0
2026-08-27 11:21:06,2026-08-27T11:05:16,770.65,2026-08-27,P,809.0,38.18,38.5,35.0,35.0,39.77,0.0,-0.9978,0.0005,-0.008,0.0014,0.0,10.0,0.0
2026-08-27 11:26:10,2026-08-27T11:10:16,770.55,2026-08-27,C,733.0,37.47,37.63,51.0,51.0,37.3,0.0,0.9964,0.0008,-0.0153,0.0021,0.0,2.0,0.0
2026-08-27 11:26:10,2026-08-27T11:10:16,770.55,2026-08-27,P,733.0,0.0,0.01,0.0,2199.0,0.02,0.6821,-0.0036,0.0008,-0.0153,0.0021,0.0,0.0,2383.0
2026-08-27 11:26:10,2026-08-27T11:10:16,770.55,2026-08-27,C,734.0,36.39,37.32,44.0,332.0,35.83,1.0765,0.9963,0.0008,-0.0154,0.0022,0.0,2.0,1.0
2026-08-27 11:26:10,2026-08-27T11:10:16,770.55,2026-08-27,P,734.0,0.0,0.01,0.0,2199.0,0.02,0.665,-0.0037,0.0008,-0.0154,0.0022,0.0,2.0,2467.0
2026-08-27 11:26:10,2026-08-27T11:10:16,770.55,2026-08-27,C,735.0,35.44,35.63,51.0,51.0,35.64,0.0,0.9962,0.0008,-0.0156,0.0022,0.0,9.0,6.0
2026-08-27 11:26:10,2026-08-27T11:10:16,770.55,2026-08-27,P,735.0,0.0,0.01,0.0,2609.0,0.01,0.6479,-0.0038,0.0008,-0.0156,0.0022,0.0,15.0,526.0
2026-08-27 11:26:10,2026-08-27T11:10:16,770.55,2026-08-27,C,736.0,33.27,35.3,50.0,329.0,33.69,0.0,0.9961,0.0009,-0.0157,0.0023,0.0,5.0,3.0
2026-08-27 11:26:10,2026-08-27T11:10:16,770.55,2026-08-27,P,736.0,0.0,0.01,0.0,2609.0,0.01,0.6309,-0.0039,0.0009,-0.0157,0.0023,0.0,0.0,227.0
2026-08-27 11:26:10,2026-08-27T11:10:16,770.55,2026-08-27,C,737.0,32.27,34.32,50.0,313.0,32.74,0.0,0.9959,0.0009,-0.0158,0.0024,0.0,5.0,3.0
2026-08-27 11:26:10,2026-08-27T11:10:16,770.55,2026-08-27,P,737.0,0.0,0.01,0.0,2609.0,0.01,0.6138,-0.0041,0.0009,-0.0158,0.0024,0.0,11.0,627.0
2026-08-27 11:26:10,2026-08-27T11:10:16,770.55,2026-08-27,C,738.0,31.26,33.33,329.0,44.0,28.46,0.0,0.9958,0.001,-0.016,0.0024,0.0,0.0,2.0
2026-08-27 11:26:10,2026-08-27T11:10:16,770.55,2026-08-27,P,738.0,0.0,0.01,0.0,2609.0,0.01,0.5967,-0.0042,0.001,-0.016,0.0024,0.0,279.0,563.0
2026-08-27 11:26:10,2026-08-27T11:10:16,770.55,2026-08-27,C,739.0,30.26,32.03,267.0,45.0,28.36,0.0,0.9957,0.001,-0.0161,0.0025,0.0,1.0,3.0
2026-08-27 11:26:10,2026-08-27T11:10:16,770.55,2026-08-27,P,739.0,0.0,0.01,0.0,2609.0,0.01,0.5796,-0.0043,0.001,-0.0161,0.0025,0.0,90.0,378.0
2026-08-27 11:26:10,2026-08-27T11:10:16,770.55,2026-08-27,C,740.0,29.27,31.1,50.0,243.0,29.62,0.0,0.9955,0.0011,-0.0163,0.0026,0.0,5.0,4.0
2026-08-27 11:26:10,2026-08-27T11:10:16,770.55,2026-08-27,P,740.0,0.0,0.01,0.0,2678.0,0.01,0.5624,-0.0045,0.0011,-0.0163,0.0026,0.0,22.0,1521.0
2026-08-27 11:26:10,2026-08-27T11:10:16,770.55,2026-08-27,C,741.0,28.28,30.15,260.0,45.0,28.67,0.0,0.9954,0.0012,-0.0164,0.0027,0.0,4.0,5.0
2026-08-27 11:26:10,2026-08-27T11:10:16,770.55,2026-08-27,P,741.0,0.0,0.01,0.0,2677.0,0.01,0.5453,-0.0046,0.0012,-0.0164,0.0027,0.0,485.0,686.0
2026-08-27 11:26:10,2026-08-27T11:10:16,770.55,2026-08-27,C,742.0,28.43,28.64,52.0,46.0,28.04,0.0,0.9952,0.0012,-0.0166,0.0028,0.0,7.0,24.0
2026-08-27 11:26:10,2026-08-27T11:10:16,770.55,2026-08-27,P,742.0,0.0,0.01,0.0,2676.0,0.01,0.5281,-0.0048,0.0012,-0.0166,0.0028,0.0,82.0,680.0
2026-08-27 11:26:10,2026-08-27T11:10:16,770.55,2026-08-27,C,743.0,27.47,27.63,51.0,51.0,27.09,0.0,0.995,0.0013,-0.0167,0.0028,0.0,6.0,8.0
2026-08-27 11:26:10,2026-08-27T11:10:16,770.55,2026-08-27,P,743.0,0.0,0.01,0.0,2676.0,0.01,0.5109,-0.005,0.0013,-0.0167,0.0028,0.0,84.0,580.0
2026-08-27 11:26:10,2026-08-27T11:10:16,770.55,2026-08-27,C,744.0,26.13,26.68,50.0,45.0,26.07,0.0,0.9948,0.0014,-0.0168,0.003,0.0,3.0,24.0
2026-08-27 11:26:10,2026-08-27T11:10:16,770.55,2026-08-27,P,744.0,0.0,0.01,0.0,2706.0,0.01,0.4937,-0.0052,0.0014,-0.0169,0.003,0.0,286.0,1156.0
2026-08-27 11:26:10,2026-08-27T11:10:16,770.55,2026-08-27,C,745.0,25.18,25.72,332.0,50.0,25.34,0.0,0.9946,0.0015,-0.017,0.0031,0.0,6.0,16.0
2026-08-27 11:26:10,2026-08-27T11:10:16,770.55,2026-08-27,P,745.0,0.0,0.01,0.0,2700.0,0.01,0.4765,-0.0054,0.0015,-0.017,0.0031,0.0,3096.0,2626.0
2026-08-27 11:26:10,2026-08-27T11:10:16,770.55,2026-08-27,C,746.0,24.47,24.63,51.0,51.0,24.35,0.0,0.9944,0.0016,-0.0172,0.0032,0.0,11.0,56.0
2026-08-27 11:26:10,2026-08-27T11:10:16,770.55,2026-08-27,P,746.0,0.0,0.01,0.0,2908.0,0.02,0.4592,-0.0056,0.0016,-0.0172,0.0032,0.0,12281.0,5788.0
2026-08-27 11:26:10,2026-08-27T11:10:16,770.55,2026-08-27,C,747.0,23.46,23.64,52.0,52.0,23.49,0.0,0.9942,0.0017,-0.0173,0.0033,0.0,3.0,57.0
2026-08-27 11:26:10,2026-08-27T11:10:16,770.55,2026-08-27,P,747.0,0.01,0.02,2068.0,3519.0,0.01,0.4932,-0.0058,0.0017,-0.0173,0.0033,0.0,11269.0,12314.0
2026-08-27 11:26:10,2026-08-27T11:10:16,770.55,2026-08-27,C,748.0,22.31,22.99,100.0,100.0,22.35,0.5569,0.9939,0.0019,-0.0175,0.0034,0.0,17.0,78.0
2026-08-27 11:26:10,2026-08-27T11:10:16,770.55,2026-08-27,P,748.0,0.01,0.02,2159.0,3126.0,0.01,0.4742,-0.0061,0.0019,-0.0175,0.0034,0.0,1131.0,2141.0
2026-08-27 11:26:10,2026-08-27T11:10:16,770.55,2026-08-27,C,749.0,21.25,22.0,100.0,233.0,21.55,0.494,0.9936,0.002,-0.0177,0.0036,0.0,2.0,134.0
2026-08-27 11:26:10,2026-08-27T11:10:16,770.55,2026-08-27,P,749.0,0.01,0.02,2184.0,3022.0,0.02,0.4552,-0.0064,0.002,-0.0177,0.0036,0.0,5798.0,957.0
2026-08-27 11:26:10,2026-08-27T11:10:16,770.55,2026-08-27,C,750.0,20.46,20.64,100.0,100.0,20.34,0.0,0.9933,0.0022,-0.0179,0.0037,0.0,12.0,235.0
2026-08-27 11:26:10,2026-08-27T11:10:16,770.55,2026-08-27,P,750.0,0.01,0.02,2186.0,3072.0,0.02,0.4361,-0.0067,0.0022,-0.0179,0.0037,0.0,2196.0,7475.0
2026-08-27 11:26:10,2026-08-27T11:10:16,770.55,2026-08-27,C,751.0,19.47,19.72,100.0,175.0,18.14,0.0,0.993,0.0024,-0.0181,0.0039,0.0,13.0,51.0
2026-08-27 11:26:10,2026-08-27T11:10:16,770.55,2026-08-27,P,751.0,0.01,0.02,2556.0,3323.0,0.01,0.4169,-0.007,0.0024,-0.0181,0.0039,0.0,3321.0,2036.0
2026-08-27 11:26:10,2026-08-27T11:10:16,770.55,2026-08-27,C,752.0,18.47,18.64,100.0,100.0,17.3,0.0,0.9926,0.0026,-0.0183,0.0041,0.0,4.0,50.0
2026-08-27 11:26:10,2026-08-27T11:10:16,770.55,2026-08-27,P,752.0,0.01,0.02,2816.0,2956.0,0.01,0.3977,-0.0074,0.0026,-0.0183,0.0041,0.0,3515.0,6184.0
2026-08-27 11:26:10,2026-08-27T11:10:16,770.55,2026-08-27,C,753.0,17.46,17.64,100.0,100.0,16.85,0.0,0.9922,0.0029,-0.0186,0.0043,0.0,12.0,224.0
2026-08-27 11:26:10,2026-08-27T11:10:16,770.55,2026-08-27,P,753.0,0.01,0.02,2911.0,2877.0,0.01,0.3785,-0.0078,0.0029,-0.0186,0.0043,0.0,2060.0,1905.0
2026-08-27 11:26:10,2026-08-27T11:10:16,770.55,2026-08-27,C,754.0,16.47,16.64,100.0,100.0,15.92,0.0,0.9917,0.0032,-0.019,0.0046,0.0,28.0,155.0
2026-08-27 11:26:10,2026-08-27T11:10:16,770.55,2026-08-27,P,754.0,0.01,0.02,2791.0,2821.0,0.02,0.3591,-0.0083,0.0032,-0.019,0.0046,0.0,2810.0,2518.0
2026-08-27 11:26:10,2026-08-27T11:10:16,770.55,2026-08-27,C,755.0,15.43,15.65,100.0,100.0,14.94,0.0,0.9911,0.0036,-0.0194,0.0049,0.0,42.0,243.0
2026-08-27 11:26:10,2026-08-27T11:10:16,770.55,2026-08-27,P,755.0,0.01,0.02,2841.0,2821.0,0.01,0.3397,-0.0089,0.0036,-0.0194,0.0049,0.0,5581.0,6635.0
2026-08-27 11:26:10,2026-08-27T11:10:16,770.55,2026-08-27,C,756.0,13.71,15.01,100.0,100.0,12.13,0.0,0.9904,0.0041,-0.02,0.0052,0.0,2.0,180.0
2026-08-27 11:26:10,2026-08-27T11:10:16,770.55,2026-08-27,P,756.0,0.01,0.02,3489.0,3380.0,0.02,0.3202,-0.0096,0.0041,-0.02,0.0052,0.0,9520.0,2466.0
2026-08-27 11:26:10,2026-08-27T11:10:16,770.55,2026-08-27,C,757.0,13.47,13.64,100.0,100.0,13.64,0.0,0.9896,0.0047,-0.0208,0.0057,0.0,43.0,369.0
2026-08-27 11:26:10,2026-08-27T11:10:16,770.55,2026-08-27,P,757.0,0.02,0.03,1037.0,3720.0,0.01,0.3205,-0.0105,0.0047,-0.0208,0.0057,0.0,3384.0,2179.0
2026-08-27 11:26:10,2026-08-27T11:10:16,770.55,2026-08-27,C,758.0,12.47,12.65,152.0,131.0,12.46,0.0,0.9884,0.0054,-0.0218,0.0062,0.0,94.0,994.0
2026-08-27 11:26:10,2026-08-27T11:10:16,770.55,2026-08-27,P,758.0,0.02,0.03,1636.0,3925.0,0.02,0.2998,-0.0116,0.0054,-0.0218,0.0062,0.0,9078.0,5271.0
2026-08-27 11:26:10,2026-08-27T11:10:16,770.55,2026-08-27,C,759.0,11.48,11.66,152.0,100.0,10.99,0.0,0.987,0.0064,-0.0234,0.0069,0.0,124.0,244.0
2026-08-27 11:26:10,2026-08-27T11:10:16,770.55,2026-08-27,P,759.0,0.02,0.03,2692.0,3558.0,0.02,0.2789,-0.013,0.0064,-0.0234,0.0069,0.0,15549.0,5933.0
2026-08-27 11:26:10,2026-08-27T11:10:16,770.55,2026-08-27,C,760.0,10.53,10.65,108.0,127.0,10.63,0.0,0.9851,0.0077,-0.0256,0.0078,0.0,1615.0,840.0
2026-08-27 11:26:10,2026-08-27T11:10:16,770.55,2026-08-27,P,760.0,0.02,0.03,3305.0,3369.0,0.04,0.2578,-0.015,0.0077,-0.0257,0.0078,0.0,31439.0,6095.0
2026-08-27 11:26:10,2026-08-27T11:10:16,770.55,2026-08-27,C,761.0,9.54,9.66,150.0,62.0,9.63,0.2295,0.9823,0.0095,-0.029,0.009,0.0,398.0,745.0
2026-08-27 11:26:10,2026-08-27T11:10:16,770.55,2026-08-27,P,761.0,0.03,0.04,1823.0,3493.0,0.03,0.2485,-0.0177,0.0095,-0.0291,0.009,0.0,32873.0,2929.0
2026-08-27 11:26:10,2026-08-27T11:10:16,770.55,2026-08-27,C,762.0,8.49,8.66,77.0,75.0,8.42,0.0,0.9782,0.0121,-0.0343,0.0107,0.0,854.0,690.0
2026-08-27 11:26:10,2026-08-27T11:10:16,770.55,2026-08-27,P,762.0,0.03,0.04,3131.0,3079.0,0.04,0.2263,-0.0218,0.0122,-0.0343,0.0108,0.0,53272.0,3422.0
2026-08-27 11:26:10,2026-08-27T11:10:16,770.55,2026-08-27,C,763.0,7.49,7.67,72.0,64.0,7.47,0.0,0.972,0.0161,-0.0426,0.0132,0.0,1836.0,1330.0
2026-08-27 11:26:10,2026-08-27T11:10:16,770.55,2026-08-27,P,763.0,0.04,0.05,2609.0,2453.0,0.05,0.2123,-0.028,0.0161,-0.0427,0.0132,0.0,50198.0,5031.0
2026-08-27 11:26:10,2026-08-27T11:10:16,770.55,2026-08-27,C,764.0,6.5,6.69,72.0,109.0,6.55,0.0,0.9622,0.022,-0.0562,0.0169,0.0,2626.0,1924.0
2026-08-27 11:26:10,2026-08-27T11:10:16,770.55,2026-08-27,P,764.0,0.06,0.07,2066.0,2703.0,0.07,0.2017,-0.0379,0.0221,-0.0563,0.0169,0.0,66512.0,7873.0
2026-08-27 11:26:10,2026-08-27T11:10:16,770.55,2026-08-27,C,765.0,5.54,5.68,72.0,72.0,5.68,0.1537,0.9464,0.0312,-0.0788,0.0222,0.0,5186.0,4303.0
2026-08-27 11:26:10,2026-08-27T11:10:16,770.55,2026-08-27,P,765.0,0.08,0.09,1360.0,1406.0,0.09,0.1865,-0.0537,0.0313,-0.079,0.0222,0.0,79943.0,5495.0
2026-08-27 11:26:10,2026-08-27T11:10:16,770.55,2026-08-27,C,766.0,4.65,4.68,37.0,46.0,4.71,0.1659,0.9209,0.0451,-0.117,0.0296,0.0,10016.0,5065.0
2026-08-27 11:26:10,2026-08-27T11:10:16,770.55,2026-08-27,P,766.0,0.12,0.13,1165.0,2519.0,0.12,0.1748,-0.0793,0.0452,-0.1173,0.0297,0.0,73960.0,5339.0
2026-08-27 11:26:10,2026-08-27T11:10:16,770.55,2026-08-27,C,767.0,3.71,3.74,119.0,115.0,3.75,0.1558,0.8803,0.0651,-0.1807,0.0396,0.0,34753.0,6518.0
2026-08-27 11:26:10,2026-08-27T11:10:16,770.55,2026-08-27,P,767.0,0.18,0.19,995.0,1304.0,0.19,0.1624,-0.12,0.0652,-0.1812,0.0396,0.0,118916.0,3089.0
2026-08-27 11:26:10,2026-08-27T11:10:16,770.55,2026-08-27,C,768.0,2.82,2.83,41.0,1.0,2.83,0.145,0.8177,0.0921,-0.2856,0.0516,0.0,98984.0,4522.0
2026-08-27 11:26:10,2026-08-27T11:10:16,770.55,2026-08-27,P,768.0,0.28,0.29,1140.0,503.0,0.29,0.1511,-0.1823,0.0921,-0.2856,0.0516,0.0,179196.0,2666.0
2026-08-27 11:26:10,2026-08-27T11:10:16,770.55,2026-08-27,C,769.0,2.0,2.02,202.0,134.0,2.01,0.1378,0.7246,0.1244,-0.4564,0.0642,0.0,197315.0,7157.0
2026-08-27 11:26:10,2026-08-27T11:10:16,770.55,2026-08-27,P,769.0,0.46,0.47,474.0,289.0,0.46,0.141,-0.2754,0.1244,-0.4564,0.0642,0.0,146692.0,521.0
2026-08-27 11:26:10,2026-08-27T11:10:16,770.55,2026-08-27,C,770.0,1.29,1.3,204.0,169.0,1.29,0.1304,0.5942,0.1543,-0.7333,0.0739,0.0,282713.0,7702.0
2026-08-27 11:26:10,2026-08-27T11:10:16,770.55,2026-08-27,P,770.0,0.75,0.76,430.0,491.0,0.75,0.1325,-0.4058,0.1543,-0.7333,0.0739,0.0,81585.0,984.0
2026-08-27 11:26:10,2026-08-27T11:10:16,770.55,2026-08-27,C,771.0,0.74,0.75,8.0,699.0,0.74,0.1244,0.433,0.1654,-0.7609,0.0749,0.0,207101.0,5376.0
2026-08-27 11:26:10,2026-08-27T11:10:16,770.55,2026-08-27,P,771.0,1.19,1.2,283.0,115.0,1.19,0.1277,-0.567,0.1654,-0.7609,0.0749,0.0,22069.0,1468.0
2026-08-27 11:26:10,2026-08-27T11:10:16,770.55,2026-08-27,C,772.0,0.36,0.37,680.0,644.0,0.37,0.1199,0.2707,0.1444,-0.3797,0.0639,0.0,130092.0,4406.0
2026-08-27 11:26:10,2026-08-27T11:10:16,770.55,2026-08-27,P,772.0,1.81,1.84,77.0,201.0,1.82,0.1238,-0.7293,0.1444,-0.3797,0.0639,0.0,5822.0,555.0
2026-08-27 11:26:10,2026-08-27T11:10:16,770.55,2026-08-27,C,773.0,0.16,0.17,918.0,825.0,0.16,0.1184,0.1449,0.1006,-0.1684,0.0453,0.0,97422.0,3955.0
2026-08-27 11:26:10,2026-08-27T11:10:16,770.55,2026-08-27,P,773.0,2.61,2.64,82.0,120.0,2.58,0.1241,-0.8551,0.1006,-0.1684,0.0453,0.0,2021.0,1148.0
2026-08-27 11:26:10,2026-08-27T11:10:16,770.55,2026-08-27,C,774.0,0.07,0.08,1020.0,1910.0,0.08,0.1227,0.0709,0.0586,-0.0723,0.028,0.0,99858.0,9159.0
2026-08-27 11:26:10,2026-08-27T11:10:16,770.55,2026-08-27,P,774.0,3.45,3.59,119.0,116.0,3.5,0.1363,-0.9289,0.0588,-0.0726,0.0281,0.0,1159.0,763.0
2026-08-27 11:26:10,2026-08-27T11:10:16,770.55,2026-08-27,C,775.0,0.03,0.04,4581.0,1330.0,0.03,0.1288,0.0361,0.0324,-0.0347,0.0169,0.0,30780.0,8218.0
2026-08-27 11:26:10,2026-08-27T11:10:16,770.55,2026-08-27,P,775.0,4.41,4.58,83.0,89.0,4.56,0.1558,-0.9638,0.0325,-0.0348,0.017,0.0,1209.0,858.0
2026-08-27 11:26:10,2026-08-27T11:10:16,770.55,2026-08-27,C,776.0,0.02,0.03,2530.0,2591.0,0.03,0.144,0.0211,0.0191,-0.0204,0.0111,0.0,15301.0,4528.0
2026-08-27 11:26:10,2026-08-27T11:10:16,770.55,2026-08-27,P,776.0,5.4,5.57,66.0,66.0,5.58,0.178,-0.9788,0.0192,-0.0205,0.0111,0.0,122.0,94.0
2026-08-27 11:26:10,2026-08-27T11:10:16,770.55,2026-08-27,C,777.0,0.01,0.02,3092.0,2715.0,0.02,0.1542,0.0144,0.0125,-0.0145,0.008,0.0,8021.0,4442.0
2026-08-27 11:26:10,2026-08-27T11:10:16,770.55,2026-08-27,P,777.0,6.39,6.59,169.0,209.0,6.55,0.2061,-0.9856,0.0125,-0.0145,0.008,0.0,150.0,199.0
2026-08-27 11:26:10,2026-08-27T11:10:16,770.55,2026-08-27,C,778.0,0.01,0.02,2748.0,2911.0,0.01,0.1746,0.0111,0.0091,-0.012,0.0064,0.0,3604.0,2468.0
2026-08-27 11:26:10,2026-08-27T11:10:16,770.55,2026-08-27,P,778.0,7.31,8.15,195.0,224.0,8.15,0.3175,-0.9889,0.0091,-0.012,0.0064,0.0,160.0,0.0
2026-08-27 11:26:10,2026-08-27T11:10:16,770.55,2026-08-27,C,779.0,0.01,0.02,2719.0,3070.0,0.01,0.1948,0.0094,0.0071,-0.0109,0.0055,0.0,1356.0,2257.0
2026-08-27 11:26:10,2026-08-27T11:10:16,770.55,2026-08-27,P,779.0,8.38,8.73,187.0,223.0,8.89,0.2876,-0.9906,0.0071,-0.0109,0.0055,0.0,17.0,0.0
2026-08-27 11:26:10,2026-08-27T11:10:16,770.55,2026-08-27,C,780.0,0.0,0.01,0.0,2659.0,0.01,0.1888,0.0083,0.0058,-0.0105,0.0049,0.0,5847.0,5535.0
2026-08-27 11:26:10,2026-08-27T11:10:16,770.55,2026-08-27,P,780.0,9.38,9.71,66.0,66.0,9.51,0.3094,-0.9917,0.0058,-0.0105,0.0049,0.0,51.0,1.0
2026-08-27 11:26:10,2026-08-27T11:10:16,770.55,2026-08-27,C,781.0,0.0,0.01,0.0,2791.0,0.01,0.2066,0.0076,0.0049,-0.0103,0.0044,0.0,6143.0,1478.0
2026-08-27 11:26:10,2026-08-27T11:10:16,770.55,2026-08-27,P,781.0,10.3,11.63,100.0,122.0,11.3,0.4726,-0.9924,0.0049,-0.0103,0.0044,0.0,5.0,1.0
2026-08-27 11:26:10,2026-08-27T11:10:16,770.55,2026-08-27,C,782.0,0.0,0.01,0.0,2702.0,0.01,0.2241,0.007,0.0042,-0.0102,0.0041,0.0,328.0,2919.0
2026-08-27 11:26:10,2026-08-27T11:10:16,770.55,2026-08-27,P,782.0,11.3,12.63,100.0,152.0,16.55,0.5037,-0.993,0.0042,-0.0102,0.0041,0.0,0.0,0.0
2026-08-27 11:26:10,2026-08-27T11:10:16,770.55,2026-08-27,C,783.0,0.0,0.01,0.0,2701.0,0.01,0.2416,0.0065,0.0037,-0.0101,0.0038,0.0,390.0,1573.0
2026-08-27 11:26:10,2026-08-27T11:10:16,770.55,2026-08-27,P,783.0,12.01,13.63,100.0,152.0,16.79,0.4924,-0.9935,0.0037,-0.0101,0.0038,0.0,0.0,0.0
2026-08-27 11:26:10,2026-08-27T11:10:16,770.55,2026-08-27,C,784.0,0.0,0.01,0.0,2701.0,0.01,0.2588,0.0061,0.0032,-0.01,0.0036,0.0,12.0,1820.0
2026-08-27 11:26:10,2026-08-27T11:10:16,770.55,2026-08-27,P,784.0,13.01,14.73,100.0,100.0,18.93,0.5369,-0.9939,0.0032,-0.01,0.0036,0.0,0.0,0.0
2026-08-27 11:26:10,2026-08-27T11:10:16,770.55,2026-08-27,C,785.0,0.0,0.01,0.0,2701.0,0.01,0.276,0.0057,0.0029,-0.0099,0.0034,0.0,12.0,1464.0
2026-08-27 11:26:10,2026-08-27T11:10:16,770.55,2026-08-27,P,785.0,14.01,15.74,100.0,227.0,19.97,0.5673,-0.9943,0.0029,-0.0099,0.0034,0.0,0.0,0.0
2026-08-27 11:26:10,2026-08-27T11:10:16,770.55,2026-08-27,C,786.0,0.0,0.01,0.0,2701.0,0.01,0.293,0.0054,0.0026,-0.0098,0.0032,0.0,487.0,1211.0
2026-08-27 11:26:10,2026-08-27T11:10:16,770.55,2026-08-27,P,786.0,15.01,16.72,100.0,214.0,20.55,0.5927,-0.9946,0.0026,-0.0098,0.0032,0.0,0.0,0.0
2026-08-27 11:26:10,2026-08-27T11:10:16,770.55,2026-08-27,C,787.0,0.0,0.01,0.0,2634.0,0.01,0.3099,0.0051,0.0023,-0.0097,0.003,0.0,26.0,3748.0
2026-08-27 11:26:10,2026-08-27T11:10:16,770.55,2026-08-27,P,787.0,16.01,17.73,100.0,100.0,19.79,0.6226,-0.9949,0.0023,-0.0097,0.003,0.0,10.0,0.0
2026-08-27 11:26:10,2026-08-27T11:10:16,770.55,2026-08-27,C,788.0,0.0,0.01,0.0,2723.0,0.01,0.3267,0.0048,0.0021,-0.0096,0.0028,0.0,132.0,1662.0
2026-08-27 11:26:10,2026-08-27T11:10:16,770.55,2026-08-27,P,788.0,17.01,18.73,100.0,100.0,23.87,0.6505,-0.9952,0.0021,-0.0096,0.0028,0.0,0.0,0.0
2026-08-27 11:26:10,2026-08-27T11:10:16,770.55,2026-08-27,C,789.0,0.0,0.01,0.0,2723.0,0.01,0.3434,0.0046,0.0019,-0.0096,0.0027,0.0,34.0,1705.0
2026-08-27 11:26:10,2026-08-27T11:10:16,770.55,2026-08-27,P,789.0,18.01,19.73,100.0,100.0,22.03,0.6782,-0.9954,0.0019,-0.0096,0.0027,0.0,0.0,0.0
2026-08-27 11:26:10,2026-08-27T11:10:16,770.55,2026-08-27,C,790.0,0.0,0.01,0.0,3021.0,0.01,0.36,0.0043,0.0018,-0.0095,0.0026,0.0,34.0,294.0
2026-08-27 11:26:10,2026-08-27T11:10:16,770.55,2026-08-27,P,790.0,19.01,20.75,100.0,100.0,21.57,0.7091,-0.9957,0.0018,-0.0095,0.0026,0.0,4.0,2.0
2026-08-27 11:26:10,2026-08-27T11:10:16,770.55,2026-08-27,C,791.0,0.0,0.01,0.0,2224.0,0.01,0.3766,0.0041,0.0016,-0.0094,0.0025,0.0,8.0,479.0
2026-08-27 11:26:10,2026-08-27T11:10:16,770.55,2026-08-27,P,791.0,20.01,21.74,100.0,214.0,23.85,0.7345,-0.9959,0.0016,-0.0094,0.0025,0.0,0.0,0.0
2026-08-27 11:26:10,2026-08-27T11:10:16,770.55,2026-08-27,C,792.0,0.0,0.01,0.0,2224.0,0.01,0.393,0.004,0.0015,-0.0093,0.0024,0.0,2.0,563.0
2026-08-27 11:26:10,2026-08-27T11:10:16,770.55,2026-08-27,P,792.0,21.01,22.73,100.0,100.0,26.8,0.7595,-0.996,0.0015,-0.0093,0.0024,0.0,0.0,0.0
2026-08-27 11:26:10,2026-08-27T11:10:16,770.55,2026-08-27,C,793.0,0.0,0.01,0.0,2224.0,0.02,0.4094,0.0038,0.0014,-0.0092,0.0023,0.0,0.0,582.0
2026-08-27 11:26:10,2026-08-27T11:10:16,770.55,2026-08-27,P,793.0,21.85,23.73,100.0,100.0,22.92,0.7537,-0.9962,0.0014,-0.0092,0.0023,0.0,3.0,0.0
2026-08-27 11:26:10,2026-08-27T11:10:16,770.55,2026-08-27,C,794.0,0.0,0.01,0.0,2224.0,0.01,0.4257,0.0036,0.0013,-0.0092,0.0022,0.0,1.0,133.0
2026-08-27 11:26:10,2026-08-27T11:10:16,770.55,2026-08-27,P,794.0,22.7,24.73,330.0,50.0,29.84,0.7448,-0.9964,0.0013,-0.0092,0.0022,0.0,0.0,0.0
2026-08-27 11:26:10,2026-08-27T11:10:16,770.55,2026-08-27,C,795.0,0.0,0.01,0.0,3828.0,0.01,0.4419,0.0035,0.0012,-0.0091,0.0021,0.0,9.0,71.0
2026-08-27 11:26:10,2026-08-27T11:10:16,770.55,2026-08-27,P,795.0,23.72,25.73,309.0,50.0,30.48,0.7745,-0.9965,0.0012,-0.0091,0.0021,0.0,0.0,0.0
2026-08-27 11:26:10,2026-08-27T11:10:16,770.55,2026-08-27,C,796.0,0.0,0.01,0.0,2223.0,0.01,0.458,0.0034,0.0011,-0.009,0.002,0.0,4.0,117.0
2026-08-27 11:26:10,2026-08-27T11:10:16,770.55,2026-08-27,P,796.0,24.71,26.73,50.0,50.0,29.1,0.7967,-0.9966,0.0011,-0.009,0.002,0.0,0.0,0.0
2026-08-27 11:26:10,2026-08-27T11:10:16,770.55,2026-08-27,C,797.0,0.0,0.01,0.0,2224.0,0.01,0.4741,0.0032,0.001,-0.0089,0.002,0.0,3.0,30.0
2026-08-27 11:26:10,2026-08-27T11:10:16,770.55,2026-08-27,P,797.0,25.7,27.73,308.0,50.0,31.86,0.8186,-0.9968,0.001,-0.0089,0.002,0.0,0.0,0.0
2026-08-27 11:26:10,2026-08-27T11:10:16,770.55,2026-08-27,C,798.0,0.0,0.01,0.0,2224.0,0.01,0.4901,0.0031,0.001,-0.0088,0.0019,0.0,0.0,50.0
2026-08-27 11:26:10,2026-08-27T11:10:16,770.55,2026-08-27,P,798.0,26.88,28.73,51.0,51.0,27.61,0.8875,-0.9969,0.001,-0.0088,0.0019,0.0,2.0,0.0
2026-08-27 11:26:10,2026-08-27T11:10:16,770.55,2026-08-27,C,799.0,0.0,0.01,0.0,2224.0,0.02,0.506,0.003,0.0009,-0.0088,0.0018,0.0,0.0,59.0
2026-08-27 11:26:10,2026-08-27T11:10:16,770.55,2026-08-27,P,799.0,27.7,29.73,246.0,50.0,31.53,0.867,-0.997,0.0009,-0.0088,0.0018,0.0,0.0,0.0
2026-08-27 11:26:10,2026-08-27T11:10:16,770.55,2026-08-27,C,800.0,0.0,0.01,0.0,5842.0,0.01,0.5219,0.0029,0.0008,-0.0087,0.0018,0.0,0.0,245.0
2026-08-27 11:26:10,2026-08-27T11:10:16,770.55,2026-08-27,P,800.0,28.4,30.73,50.0,50.0,33.4,0.7918,-0.9971,0.0008,-0.0087,0.0018,0.0,0.0,0.0
2026-08-27 11:26:10,2026-08-27T11:10:16,770.55,2026-08-27,C,801.0,0.0,0.01,0.0,2224.0,0.01,0.5377,0.0028,0.0008,-0.0086,0.0017,0.0,0.0,18.0
2026-08-27 11:26:10,2026-08-27T11:10:16,770.55,2026-08-27,P,801.0,29.38,31.73,37.0,35.0,34.58,0.8052,-0.9972,0.0008,-0.0086,0.0017,0.0,0.0,0.0
2026-08-27 11:26:10,2026-08-27T11:10:16,770.55,2026-08-27,C,802.0,0.0,0.01,0.0,2224.0,0.01,0.5534,0.0027,0.0008,-0.0086,0.0016,0.0,0.0,58.0
2026-08-27 11:26:10,2026-08-27T11:10:16,770.55,2026-08-27,P,802.0,30.38,32.73,37.0,35.0,36.19,0.8268,-0.9973,0.0008,-0.0086,0.0016,0.0,0.0,0.0
2026-08-27 11:26:10,2026-08-27T11:10:16,770.55,2026-08-27,C,803.0,0.0,0.01,0.0,2224.0,0.02,0.5691,0.0026,0.0007,-0.0085,0.0016,0.0,0.0,64.0
2026-08-27 11:26:10,2026-08-27T11:10:16,770.55,2026-08-27,P,803.0,31.16,33.82,35.0,35.0,0.0,0.779,-0.9974,0.0007,-0.0085,0.0016,0.0,0.0,0.0
2026-08-27 11:26:10,2026-08-27T11:10:16,770.55,2026-08-27,C,804.0,0.0,0.01,0.0,2224.0,0.03,0.5848,0.0026,0.0007,-0.0084,0.0016,0.0,0.0,33.0
2026-08-27 11:26:10,2026-08-27T11:10:16,770.55,2026-08-27,P,804.0,32.18,34.82,36.0,35.0,0.0,0.8119,-0.9974,0.0007,-0.0084,0.0016,0.0,0.0,0.0
2026-08-27 11:26:10,2026-08-27T11:10:16,770.55,2026-08-27,C,805.0,0.0,0.01,0.0,2224.0,0.01,0.6004,0.0025,0.0006,-0.0083,0.0015,0.0,0.0,315.0
2026-08-27 11:26:10,2026-08-27T11:10:16,770.55,2026-08-27,P,805.0,33.11,35.82,35.0,35.0,39.15,0.7897,-0.9975,0.0006,-0.0083,0.0015,0.0,0.0,0.0
2026-08-27 11:26:10,2026-08-27T11:10:16,770.55,2026-08-27,C,806.0,0.0,0.01,0.0,2224.0,0.02,0.6159,0.0024,0.0006,-0.0083,0.0015,0.0,0.0,315.0
2026-08-27 11:26:10,2026-08-27T11:10:16,770.55,2026-08-27,P,806.0,34.16,36.82,36.0,35.0,0.0,0.8391,-0.9976,0.0006,-0.0083,0.0015,0.0,0.0,0.0
2026-08-27 11:26:10,2026-08-27T11:10:16,770.55,2026-08-27,C,807.0,0.0,0.01,0.0,2224.0,0.0,0.6314,0.0023,0.0006,-0.0082,0.0014,0.0,0.0,0.0
2026-08-27 11:26:10,2026-08-27T11:10:16,770.55,2026-08-27,P,807.0,36.37,36.6,35.0,35.0,37.88,0.9382,-0.9977,0.0006,-0.0082,0.0014,0.0,2.0,0.0
2026-08-27 11:26:10,2026-08-27T11:10:16,770.55,2026-08-27,C,808.0,0.0,0.01,0.0,2224.0,0.14,0.6468,0.0023,0.0006,-0.0081,0.0014,0.0,0.0,6.0
2026-08-27 11:26:10,2026-08-27T11:10:16,770.55,2026-08-27,P,808.0,37.37,37.61,35.0,35.0,38.83,0.9866,-0.9977,0.0006,-0.0081,0.0014,0.0,2.0,0.0
2026-08-27 11:26:10,2026-08-27T11:10:16,770.55,2026-08-27,C,809.0,0.0,0.01,0.0,2224.0,0.02,0.6622,0.0022,0.0005,-0.0081,0.0014,0.0,0.0,153.0
2026-08-27 11:26:10,2026-08-27T11:10:16,770.55,2026-08-27,P,809.0,38.37,38.6,37.0,35.0,39.77,1.0449,-0.9978,0.0005,-0.0081,0.0014,0.0,10.0,0.0
2026-08-27 11:31:15,2026-08-27T11:15:16,770.81,2026-08-27,C,733.0,37.71,37.89,51.0,51.0,37.3,0.0,0.9962,0.0008,-0.0168,0.0022,0.0,2.0,0.0
2026-08-27 11:31:15,2026-08-27T11:15:16,770.81,2026-08-27,P,733.0,0.0,0.01,0.0,2199.0,0.02,0.6917,-0.0038,0.0008,-0.0168,0.0022,0.0,0.0,2383.0
2026-08-27 11:31:15,2026-08-27T11:15:16,770.81,2026-08-27,C,734.0,36.65,37.32,45.0,236.0,35.83,0.9912,0.996,0.0008,-0.0169,0.0023,0.0,2.0,1.0
2026-08-27 11:31:15,2026-08-27T11:15:16,770.81,2026-08-27,P,734.0,0.0,0.01,0.0,2699.0,0.02,0.6745,-0.004,0.0008,-0.0169,0.0023,0.0,2.0,2467.0
2026-08-27 11:31:15,2026-08-27T11:15:16,770.81,2026-08-27,C,735.0,35.7,35.89,51.0,51.0,35.64,0.0,0.9959,0.0009,-0.0171,0.0023,0.0,9.0,6.0
2026-08-27 11:31:15,2026-08-27T11:15:16,770.81,2026-08-27,P,735.0,0.0,0.01,0.0,2609.0,0.01,0.6573,-0.0041,0.0009,-0.0171,0.0023,0.0,15.0,526.0
2026-08-27 11:31:15,2026-08-27T11:15:16,770.81,2026-08-27,C,736.0,33.45,35.3,50.0,235.0,34.32,0.0,0.9958,0.0009,-0.0172,0.0024,0.0,7.0,3.0
2026-08-27 11:31:15,2026-08-27T11:15:16,770.81,2026-08-27,P,736.0,0.0,0.01,0.0,2609.0,0.01,0.6401,-0.0042,0.0009,-0.0172,0.0024,0.0,0.0,227.0
2026-08-27 11:31:15,2026-08-27T11:15:16,770.81,2026-08-27,C,737.0,32.44,34.32,236.0,226.0,33.37,0.0,0.9957,0.001,-0.0174,0.0025,0.0,7.0,3.0
2026-08-27 11:31:15,2026-08-27T11:15:16,770.81,2026-08-27,P,737.0,0.0,0.01,0.0,2609.0,0.01,0.6229,-0.0043,0.001,-0.0174,0.0025,0.0,11.0,627.0
2026-08-27 11:31:15,2026-08-27T11:15:16,770.81,2026-08-27,C,738.0,31.44,33.33,236.0,44.0,28.46,0.0,0.9955,0.001,-0.0175,0.0026,0.0,0.0,2.0
2026-08-27 11:31:15,2026-08-27T11:15:16,770.81,2026-08-27,P,738.0,0.0,0.01,0.0,2609.0,0.01,0.6056,-0.0045,0.001,-0.0175,0.0026,0.0,280.0,563.0
2026-08-27 11:31:15,2026-08-27T11:15:16,770.81,2026-08-27,C,739.0,30.43,32.03,51.0,44.0,28.36,0.0,0.9954,0.0011,-0.0177,0.0026,0.0,1.0,3.0
2026-08-27 11:31:15,2026-08-27T11:15:16,770.81,2026-08-27,P,739.0,0.0,0.01,0.0,2609.0,0.01,0.5884,-0.0046,0.0011,-0.0177,0.0026,0.0,90.0,378.0
2026-08-27 11:31:15,2026-08-27T11:15:16,770.81,2026-08-27,C,740.0,30.71,30.89,51.0,45.0,30.19,0.0,0.9952,0.0011,-0.0178,0.0027,0.0,6.0,4.0
2026-08-27 11:31:15,2026-08-27T11:15:16,770.81,2026-08-27,P,740.0,0.0,0.01,0.0,2610.0,0.01,0.5711,-0.0048,0.0011,-0.0178,0.0027,0.0,22.0,1521.0
2026-08-27 11:31:15,2026-08-27T11:15:16,770.81,2026-08-27,C,741.0,29.69,29.9,51.0,46.0,29.24,0.0,0.995,0.0012,-0.018,0.0028,0.0,5.0,5.0
2026-08-27 11:31:15,2026-08-27T11:15:16,770.81,2026-08-27,P,741.0,0.0,0.01,0.0,2677.0,0.01,0.5539,-0.005,0.0012,-0.018,0.0028,0.0,485.0,686.0
2026-08-27 11:31:15,2026-08-27T11:15:16,770.81,2026-08-27,C,742.0,28.71,28.9,52.0,46.0,28.04,0.0,0.9949,0.0013,-0.0181,0.0029,0.0,7.0,24.0
2026-08-27 11:31:15,2026-08-27T11:15:16,770.81,2026-08-27,P,742.0,0.0,0.01,0.0,2676.0,0.01,0.5366,-0.0051,0.0013,-0.0181,0.0029,0.0,82.0,680.0
2026-08-27 11:31:15,2026-08-27T11:15:16,770.81,2026-08-27,C,743.0,27.71,27.9,51.0,51.0,27.09,0.0,0.9947,0.0014,-0.0183,0.003,0.0,6.0,8.0
2026-08-27 11:31:15,2026-08-27T11:15:16,770.81,2026-08-27,P,743.0,0.0,0.01,0.0,2676.0,0.01,0.5192,-0.0053,0.0014,-0.0183,0.003,0.0,84.0,580.0
2026-08-27 11:31:15,2026-08-27T11:15:16,770.81,2026-08-27,C,744.0,26.13,26.9,50.0,44.0,26.07,0.0,0.9945,0.0015,-0.0185,0.0031,0.0,3.0,24.0
2026-08-27 11:31:15,2026-08-27T11:15:16,770.81,2026-08-27,P,744.0,0.0,0.01,0.0,2676.0,0.01,0.5019,-0.0055,0.0015,-0.0185,0.0031,0.0,286.0,1156.0
2026-08-27 11:31:15,2026-08-27T11:15:16,770.81,2026-08-27,C,745.0,25.18,25.9,186.0,44.0,25.34,0.0,0.9943,0.0016,-0.0186,0.0032,0.0,6.0,16.0
2026-08-27 11:31:15,2026-08-27T11:15:16,770.81,2026-08-27,P,745.0,0.0,0.01,0.0,2700.0,0.01,0.4845,-0.0057,0.0016,-0.0186,0.0032,0.0,3102.0,2626.0
2026-08-27 11:31:15,2026-08-27T11:15:16,770.81,2026-08-27,C,746.0,24.71,24.9,51.0,52.0,24.35,0.0,0.994,0.0017,-0.0188,0.0033,0.0,11.0,56.0
2026-08-27 11:31:15,2026-08-27T11:15:16,770.81,2026-08-27,P,746.0,0.0,0.01,0.0,2865.0,0.01,0.4671,-0.006,0.0017,-0.0188,0.0033,0.0,12400.0,5788.0
2026-08-27 11:31:15,2026-08-27T11:15:16,770.81,2026-08-27,C,747.0,23.72,23.9,52.0,52.0,23.49,0.0,0.9938,0.0018,-0.019,0.0035,0.0,3.0,57.0
2026-08-27 11:31:15,2026-08-27T11:15:16,770.81,2026-08-27,P,747.0,0.01,0.02,2158.0,3519.0,0.02,0.5018,-0.0062,0.0018,-0.019,0.0035,0.0,11302.0,12314.0
2026-08-27 11:31:15,2026-08-27T11:15:16,770.81,2026-08-27,C,748.0,22.57,22.99,100.0,100.0,22.35,0.0,0.9935,0.002,-0.0191,0.0036,0.0,17.0,78.0
2026-08-27 11:31:15,2026-08-27T11:15:16,770.81,2026-08-27,P,748.0,0.01,0.02,2159.0,3126.0,0.01,0.4827,-0.0065,0.002,-0.0191,0.0036,0.0,1158.0,2141.0
2026-08-27 11:31:15,2026-08-27T11:15:16,770.81,2026-08-27,C,749.0,21.43,22.0,100.0,100.0,21.55,0.0,0.9932,0.0021,-0.0193,0.0037,0.0,2.0,134.0
2026-08-27 11:31:15,2026-08-27T11:15:16,770.81,2026-08-27,P,749.0,0.01,0.02,2214.0,3017.0,0.02,0.4635,-0.0068,0.0021,-0.0193,0.0037,0.0,5798.0,957.0
2026-08-27 11:31:15,2026-08-27T11:15:16,770.81,2026-08-27,C,750.0,20.72,20.89,100.0,100.0,20.65,0.0,0.9929,0.0023,-0.0195,0.0039,0.0,14.0,235.0
2026-08-27 11:31:15,2026-08-27T11:15:16,770.81,2026-08-27,P,750.0,0.01,0.02,2188.0,3071.0,0.01,0.4443,-0.0071,0.0023,-0.0195,0.0039,0.0,2203.0,7475.0
2026-08-27 11:31:15,2026-08-27T11:15:16,770.81,2026-08-27,C,751.0,19.73,19.9,100.0,100.0,18.14,0.0,0.9926,0.0025,-0.0197,0.0041,0.0,13.0,51.0
2026-08-27 11:31:15,2026-08-27T11:15:16,770.81,2026-08-27,P,751.0,0.01,0.02,2495.0,3373.0,0.02,0.425,-0.0074,0.0025,-0.0197,0.0041,0.0,3333.0,2036.0
2026-08-27 11:31:15,2026-08-27T11:15:16,770.81,2026-08-27,C,752.0,18.72,18.9,100.0,100.0,17.3,0.0,0.9922,0.0027,-0.02,0.0043,0.0,4.0,50.0
2026-08-27 11:31:15,2026-08-27T11:15:16,770.81,2026-08-27,P,752.0,0.01,0.02,2845.0,2988.0,0.01,0.4057,-0.0078,0.0027,-0.02,0.0043,0.0,3532.0,6184.0
2026-08-27 11:31:15,2026-08-27T11:15:16,770.81,2026-08-27,C,753.0,17.72,17.89,100.0,100.0,16.85,0.0,0.9918,0.003,-0.0202,0.0045,0.0,12.0,224.0
2026-08-27 11:31:15,2026-08-27T11:15:16,770.81,2026-08-27,P,753.0,0.01,0.02,2940.0,2904.0,0.01,0.3863,-0.0082,0.003,-0.0202,0.0045,0.0,2074.0,1905.0
2026-08-27 11:31:15,2026-08-27T11:15:16,770.81,2026-08-27,C,754.0,16.71,16.9,100.0,100.0,15.92,0.0,0.9912,0.0033,-0.0205,0.0048,0.0,28.0,155.0
2026-08-27 11:31:15,2026-08-27T11:15:16,770.81,2026-08-27,P,754.0,0.01,0.02,2820.0,2825.0,0.02,0.3668,-0.0088,0.0033,-0.0205,0.0048,0.0,2890.0,2518.0
2026-08-27 11:31:15,2026-08-27T11:15:16,770.81,2026-08-27,C,755.0,15.71,15.9,100.0,100.0,15.5,0.0,0.9907,0.0037,-0.0209,0.005,0.0,45.0,243.0
2026-08-27 11:31:15,2026-08-27T11:15:16,770.81,2026-08-27,P,755.0,0.01,0.02,2870.0,2825.0,0.01,0.3473,-0.0093,0.0037,-0.0209,0.005,0.0,5599.0,6635.0
2026-08-27 11:31:15,2026-08-27T11:15:16,770.81,2026-08-27,C,756.0,13.71,15.01,100.0,100.0,12.13,0.0,0.99,0.0041,-0.0214,0.0054,0.0,2.0,180.0
2026-08-27 11:31:15,2026-08-27T11:15:16,770.81,2026-08-27,P,756.0,0.01,0.02,3433.0,3369.0,0.02,0.3276,-0.01,0.0041,-0.0214,0.0054,0.0,9568.0,2466.0
2026-08-27 11:31:15,2026-08-27T11:15:16,770.81,2026-08-27,C,757.0,13.72,13.9,100.0,100.0,13.64,0.0,0.9892,0.0047,-0.022,0.0058,0.0,43.0,369.0
2026-08-27 11:31:15,2026-08-27T11:15:16,770.81,2026-08-27,P,757.0,0.02,0.03,947.0,3689.0,0.01,0.3278,-0.0108,0.0047,-0.022,0.0058,0.0,3384.0,2179.0
2026-08-27 11:31:15,2026-08-27T11:15:16,770.81,2026-08-27,C,758.0,12.72,12.91,100.0,105.0,12.62,0.0,0.9882,0.0054,-0.0229,0.0062,0.0,95.0,994.0
2026-08-27 11:31:15,2026-08-27T11:15:16,770.81,2026-08-27,P,758.0,0.02,0.03,1636.0,3927.0,0.02,0.3074,-0.0118,0.0054,-0.0229,0.0062,0.0,9166.0,5271.0
2026-08-27 11:31:15,2026-08-27T11:15:16,770.81,2026-08-27,C,759.0,11.73,11.9,100.0,126.0,10.99,0.0,0.9869,0.0063,-0.0241,0.0068,0.0,124.0,244.0
2026-08-27 11:31:15,2026-08-27T11:15:16,770.81,2026-08-27,P,759.0,0.02,0.03,2721.0,3608.0,0.03,0.2864,-0.0131,0.0063,-0.0241,0.0068,0.0,15597.0,5933.0
2026-08-27 11:31:15,2026-08-27T11:15:16,770.81,2026-08-27,C,760.0,10.75,10.91,100.0,86.0,10.83,0.0,0.9852,0.0074,-0.0259,0.0076,0.0,1625.0,840.0
2026-08-27 11:31:15,2026-08-27T11:15:16,770.81,2026-08-27,P,760.0,0.02,0.03,3265.0,3374.0,0.02,0.2648,-0.0148,0.0075,-0.026,0.0077,0.0,31514.0,6095.0
2026-08-27 11:31:15,2026-08-27T11:15:16,770.81,2026-08-27,C,761.0,9.73,9.92,98.0,96.0,9.63,0.0,0.9828,0.0091,-0.0286,0.0087,0.0,398.0,745.0
2026-08-27 11:31:15,2026-08-27T11:15:16,770.81,2026-08-27,P,761.0,0.03,0.04,901.0,3423.0,0.03,0.2556,-0.0172,0.0091,-0.0287,0.0087,0.0,32963.0,2929.0
2026-08-27 11:31:15,2026-08-27T11:15:16,770.81,2026-08-27,C,762.0,8.73,8.92,66.0,66.0,8.67,0.0,0.9794,0.0114,-0.0328,0.0102,0.0,858.0,690.0
2026-08-27 11:31:15,2026-08-27T11:15:16,770.81,2026-08-27,P,762.0,0.03,0.04,3051.0,3145.0,0.03,0.2332,-0.0207,0.0114,-0.0329,0.0102,0.0,53525.0,3422.0
2026-08-27 11:31:15,2026-08-27T11:15:16,770.81,2026-08-27,C,763.0,7.74,7.93,79.0,88.0,7.62,0.0,0.9742,0.0148,-0.0393,0.0123,0.0,1919.0,1330.0
2026-08-27 11:31:15,2026-08-27T11:15:16,770.81,2026-08-27,P,763.0,0.04,0.05,2018.0,3053.0,0.04,0.2194,-0.026,0.0149,-0.0396,0.0124,0.0,50497.0,5031.0
2026-08-27 11:31:15,2026-08-27T11:15:16,770.81,2026-08-27,C,764.0,6.79,6.94,72.0,107.0,6.79,0.1784,0.9661,0.02,-0.05,0.0154,0.0,2666.0,1924.0
2026-08-27 11:31:15,2026-08-27T11:15:16,770.81,2026-08-27,P,764.0,0.05,0.06,2214.0,2189.0,0.05,0.2032,-0.0339,0.02,-0.05,0.0154,0.0,66815.0,7873.0
2026-08-27 11:31:15,2026-08-27T11:15:16,770.81,2026-08-27,C,765.0,5.82,5.95,54.0,72.0,5.85,0.1721,0.953,0.028,-0.0679,0.0199,0.0,5207.0,4303.0
2026-08-27 11:31:15,2026-08-27T11:15:16,770.81,2026-08-27,P,765.0,0.07,0.08,2278.0,1932.0,0.07,0.1896,-0.047,0.028,-0.0679,0.0199,0.0,80915.0,5495.0
2026-08-27 11:31:15,2026-08-27T11:15:16,770.81,2026-08-27,C,766.0,4.89,4.97,89.0,85.0,4.93,0.1699,0.9316,0.0404,-0.0984,0.0265,0.0,10071.0,5065.0
2026-08-27 11:31:15,2026-08-27T11:15:16,770.81,2026-08-27,P,766.0,0.1,0.11,674.0,1569.0,0.1,0.176,-0.0684,0.0404,-0.0984,0.0265,0.0,75060.0,5339.0
2026-08-27 11:31:15,2026-08-27T11:15:16,770.81,2026-08-27,C,767.0,3.95,3.98,52.0,75.0,3.98,0.1633,0.8968,0.0588,-0.1502,0.0356,0.0,35092.0,6518.0
2026-08-27 11:31:15,2026-08-27T11:15:16,770.81,2026-08-27,P,767.0,0.15,0.16,1179.0,1717.0,0.16,0.1632,-0.1032,0.0588,-0.1502,0.0356,0.0,121558.0,3089.0
2026-08-27 11:31:15,2026-08-27T11:15:16,770.81,2026-08-27,C,768.0,3.04,3.06,179.0,107.0,3.04,0.1516,0.8416,0.0849,-0.2371,0.0471,0.0,99935.0,4522.0
2026-08-27 11:31:15,2026-08-27T11:15:16,770.81,2026-08-27,P,768.0,0.23,0.24,698.0,557.0,0.23,0.1505,-0.1584,0.0849,-0.2371,0.0471,0.0,183791.0,2666.0
2026-08-27 11:31:15,2026-08-27T11:15:16,770.81,2026-08-27,C,769.0,2.18,2.2,247.0,82.0,2.18,0.1403,0.7572,0.1181,-0.381,0.06,0.0,199381.0,7157.0
2026-08-27 11:31:15,2026-08-27T11:15:16,770.81,2026-08-27,P,769.0,0.38,0.39,233.0,546.0,0.39,0.1411,-0.2428,0.1181,-0.381,0.06,0.0,151834.0,521.0
2026-08-27 11:31:15,2026-08-27T11:15:16,770.81,2026-08-27,C,770.0,1.43,1.44,49.0,88.0,1.43,0.1307,0.634,0.1526,-0.6202,0.0713,0.0,289203.0,7702.0
2026-08-27 11:31:15,2026-08-27T11:15:16,770.81,2026-08-27,P,770.0,0.62,0.63,298.0,284.0,0.63,0.1314,-0.366,0.1526,-0.6202,0.0713,0.0,92515.0,984.0
2026-08-27 11:31:15,2026-08-27T11:15:16,770.81,2026-08-27,C,771.0,0.83,0.84,157.0,410.0,0.84,0.1226,0.4731,0.1714,-0.8491,0.0751,0.0,222001.0,5376.0
2026-08-27 11:31:15,2026-08-27T11:15:16,770.81,2026-08-27,P,771.0,1.02,1.03,165.0,258.0,1.03,0.1226,-0.5269,0.1714,-0.8491,0.0751,0.0,26117.0,1468.0
2026-08-27 11:31:15,2026-08-27T11:15:16,770.81,2026-08-27,C,772.0,0.41,0.42,483.0,274.0,0.42,0.1162,0.3022,0.1563,-0.4288,0.0666,0.0,138882.0,4406.0
2026-08-27 11:31:15,2026-08-27T11:15:16,770.81,2026-08-27,P,772.0,1.59,1.62,115.0,180.0,1.6,0.1185,-0.6978,0.1563,-0.4288,0.0666,0.0,6556.0,555.0
2026-08-27 11:31:15,2026-08-27T11:15:16,770.81,2026-08-27,C,773.0,0.18,0.19,543.0,976.0,0.19,0.1155,0.1632,0.1123,-0.1893,0.0484,0.0,101763.0,3955.0
2026-08-27 11:31:15,2026-08-27T11:15:16,770.81,2026-08-27,P,773.0,2.36,2.39,115.0,137.0,2.38,0.1155,-0.8368,0.1123,-0.1893,0.0484,0.0,2241.0,1148.0
2026-08-27 11:31:15,2026-08-27T11:15:16,770.81,2026-08-27,C,774.0,0.07,0.08,2676.0,391.0,0.08,0.1167,0.0783,0.0658,-0.0784,0.0299,0.0,104743.0,9159.0
2026-08-27 11:31:15,2026-08-27T11:15:16,770.81,2026-08-27,P,774.0,3.26,3.29,42.0,37.0,3.26,0.1203,-0.9217,0.0658,-0.0784,0.0299,0.0,1204.0,763.0
2026-08-27 11:31:15,2026-08-27T11:15:16,770.81,2026-08-27,C,775.0,0.03,0.04,3045.0,932.0,0.04,0.1237,0.0384,0.0356,-0.0358,0.0177,0.0,32199.0,8218.0
2026-08-27 11:31:15,2026-08-27T11:15:16,770.81,2026-08-27,P,775.0,4.16,4.31,83.0,83.0,4.2,0.1442,-0.9616,0.0356,-0.0358,0.0177,0.0,1267.0,858.0
2026-08-27 11:31:15,2026-08-27T11:15:16,770.81,2026-08-27,C,776.0,0.02,0.03,2468.0,2487.0,0.02,0.1395,0.0218,0.0205,-0.0203,0.0113,0.0,15384.0,4528.0
2026-08-27 11:31:15,2026-08-27T11:15:16,770.81,2026-08-27,P,776.0,5.14,5.29,48.0,60.0,5.27,0.1603,-0.9782,0.0205,-0.0203,0.0113,0.0,129.0,94.0
2026-08-27 11:31:15,2026-08-27T11:15:16,770.81,2026-08-27,C,777.0,0.01,0.02,2786.0,2448.0,0.02,0.1504,0.0146,0.0131,-0.0143,0.0081,0.0,8074.0,4442.0
2026-08-27 11:31:15,2026-08-27T11:15:16,770.81,2026-08-27,P,777.0,6.13,6.31,133.0,136.0,6.55,0.188,-0.9855,0.0131,-0.0141,0.008,0.0,150.0,199.0
2026-08-27 11:31:15,2026-08-27T11:15:16,770.81,2026-08-27,C,778.0,0.01,0.02,2661.0,2788.0,0.01,0.1709,0.0111,0.0094,-0.0116,0.0064,0.0,3613.0,2468.0
2026-08-27 11:31:15,2026-08-27T11:15:16,770.81,2026-08-27,P,778.0,7.13,7.92,82.0,145.0,7.25,0.3231,-0.9889,0.0094,-0.0116,0.0064,0.0,172.0,0.0
2026-08-27 11:31:15,2026-08-27T11:15:16,770.81,2026-08-27,C,779.0,0.01,0.02,2722.0,3103.0,0.02,0.1912,0.0093,0.0073,-0.0105,0.0054,0.0,1358.0,2257.0
2026-08-27 11:31:15,2026-08-27T11:15:16,770.81,2026-08-27,P,779.0,8.12,8.71,143.0,167.0,8.41,0.3216,-0.9907,0.0073,-0.0105,0.0054,0.0,18.0,0.0
2026-08-27 11:31:15,2026-08-27T11:15:16,770.81,2026-08-27,C,780.0,0.0,0.01,0.0,2159.0,0.01,0.1862,0.0083,0.0059,-0.0102,0.0048,0.0,5980.0,5535.0
2026-08-27 11:31:15,2026-08-27T11:15:16,770.81,2026-08-27,P,780.0,9.12,9.53,66.0,84.0,9.53,0.3164,-0.9917,0.0059,-0.0101,0.0048,0.0,62.0,1.0
2026-08-27 11:31:15,2026-08-27T11:15:16,770.81,2026-08-27,C,781.0,0.0,0.01,0.0,2796.0,0.01,0.2041,0.0075,0.005,-0.01,0.0044,0.0,6144.0,1478.0
2026-08-27 11:31:15,2026-08-27T11:15:16,770.81,2026-08-27,P,781.0,10.12,11.45,120.0,98.0,11.3,0.4845,-0.9925,0.005,-0.0099,0.0044,0.0,5.0,1.0
2026-08-27 11:31:15,2026-08-27T11:15:16,770.81,2026-08-27,C,782.0,0.0,0.01,0.0,2702.0,0.01,0.2218,0.0069,0.0043,-0.0098,0.0041,0.0,329.0,2919.0
2026-08-27 11:31:15,2026-08-27T11:15:16,770.81,2026-08-27,P,782.0,11.12,12.44,99.0,112.0,16.55,0.5154,-0.9931,0.0043,-0.0098,0.004,0.0,0.0,0.0
2026-08-27 11:31:15,2026-08-27T11:15:16,770.81,2026-08-27,C,783.0,0.0,0.01,0.0,2701.0,0.01,0.2394,0.0064,0.0037,-0.0097,0.0038,0.0,390.0,1573.0
2026-08-27 11:31:15,2026-08-27T11:15:16,770.81,2026-08-27,P,783.0,12.01,13.44,114.0,112.0,16.79,0.5324,-0.9936,0.0037,-0.0097,0.0038,0.0,0.0,0.0
2026-08-27 11:31:15,2026-08-27T11:15:16,770.81,2026-08-27,C,784.0,0.0,0.01,0.0,2701.0,0.01,0.2568,0.006,0.0033,-0.0096,0.0035,0.0,12.0,1820.0
2026-08-27 11:31:15,2026-08-27T11:15:16,770.81,2026-08-27,P,784.0,13.01,14.55,100.0,100.0,18.93,0.5781,-0.994,0.0033,-0.0096,0.0035,0.0,0.0,0.0
2026-08-27 11:31:15,2026-08-27T11:15:16,770.81,2026-08-27,C,785.0,0.0,0.01,0.0,2701.0,0.01,0.274,0.0056,0.0029,-0.0096,0.0033,0.0,12.0,1464.0
2026-08-27 11:31:15,2026-08-27T11:15:16,770.81,2026-08-27,P,785.0,14.01,15.56,100.0,160.0,19.97,0.6101,-0.9944,0.0029,-0.0096,0.0033,0.0,0.0,0.0
2026-08-27 11:31:15,2026-08-27T11:15:16,770.81,2026-08-27,C,786.0,0.0,0.01,0.0,2701.0,0.01,0.2912,0.0053,0.0026,-0.0095,0.0031,0.0,487.0,1211.0
2026-08-27 11:31:15,2026-08-27T11:15:16,770.81,2026-08-27,P,786.0,15.01,16.55,100.0,100.0,20.55,0.6404,-0.9947,0.0026,-0.0095,0.0031,0.0,0.0,0.0
2026-08-27 11:31:15,2026-08-27T11:15:16,770.81,2026-08-27,C,787.0,0.0,0.01,0.0,2634.0,0.01,0.3082,0.005,0.0023,-0.0094,0.003,0.0,26.0,3748.0
2026-08-27 11:31:15,2026-08-27T11:15:16,770.81,2026-08-27,P,787.0,16.01,17.56,100.0,186.0,19.79,0.6703,-0.995,0.0023,-0.0094,0.0029,0.0,10.0,0.0
2026-08-27 11:31:15,2026-08-27T11:15:16,770.81,2026-08-27,C,788.0,0.0,0.01,0.0,2723.0,0.01,0.3252,0.0047,0.0021,-0.0093,0.0028,0.0,132.0,1662.0
2026-08-27 11:31:15,2026-08-27T11:15:16,770.81,2026-08-27,P,788.0,17.01,18.56,100.0,171.0,23.87,0.6999,-0.9953,0.0021,-0.0093,0.0028,0.0,0.0,0.0
2026-08-27 11:31:15,2026-08-27T11:15:16,770.81,2026-08-27,C,789.0,0.0,0.01,0.0,2723.0,0.01,0.342,0.0045,0.0019,-0.0092,0.0027,0.0,34.0,1705.0
2026-08-27 11:31:15,2026-08-27T11:15:16,770.81,2026-08-27,P,789.0,18.01,19.56,100.0,172.0,22.03,0.7292,-0.9955,0.0019,-0.0092,0.0026,0.0,0.0,0.0
2026-08-27 11:31:15,2026-08-27T11:15:16,770.81,2026-08-27,C,790.0,0.0,0.01,0.0,3021.0,0.01,0.3588,0.0043,0.0017,-0.0092,0.0025,0.0,34.0,294.0
2026-08-27 11:31:15,2026-08-27T11:15:16,770.81,2026-08-27,P,790.0,19.01,20.56,100.0,176.0,21.57,0.7581,-0.9958,0.0017,-0.0091,0.0025,0.0,4.0,2.0
2026-08-27 11:31:15,2026-08-27T11:15:16,770.81,2026-08-27,C,791.0,0.0,0.01,0.0,2224.0,0.01,0.3755,0.0041,0.0016,-0.0091,0.0024,0.0,8.0,479.0
2026-08-27 11:31:15,2026-08-27T11:15:16,770.81,2026-08-27,P,791.0,20.01,21.55,100.0,100.0,23.85,0.7851,-0.9959,0.0016,-0.0091,0.0024,0.0,0.0,0.0
2026-08-27 11:31:15,2026-08-27T11:15:16,770.81,2026-08-27,C,792.0,0.0,0.01,0.0,2224.0,0.01,0.3921,0.0039,0.0015,-0.009,0.0023,0.0,2.0,563.0
2026-08-27 11:31:15,2026-08-27T11:15:16,770.81,2026-08-27,P,792.0,21.01,22.55,100.0,100.0,26.8,0.8135,-0.9961,0.0015,-0.009,0.0023,0.0,0.0,0.0
2026-08-27 11:31:15,2026-08-27T11:15:16,770.81,2026-08-27,C,793.0,0.0,0.01,0.0,2224.0,0.02,0.4086,0.0037,0.0014,-0.0089,0.0022,0.0,0.0,582.0
2026-08-27 11:31:15,2026-08-27T11:15:16,770.81,2026-08-27,P,793.0,21.85,23.56,100.0,191.0,22.92,0.8155,-0.9963,0.0014,-0.0089,0.0022,0.0,3.0,0.0
2026-08-27 11:31:15,2026-08-27T11:15:16,770.81,2026-08-27,C,794.0,0.0,0.01,0.0,2224.0,0.01,0.425,0.0036,0.0013,-0.0088,0.0021,0.0,1.0,133.0
2026-08-27 11:31:15,2026-08-27T11:15:16,770.81,2026-08-27,P,794.0,22.7,24.56,235.0,237.0,29.84,0.8144,-0.9964,0.0013,-0.0088,0.0021,0.0,0.0,0.0
2026-08-27 11:31:15,2026-08-27T11:15:16,770.81,2026-08-27,C,795.0,0.0,0.01,0.0,3700.0,0.01,0.4412,0.0034,0.0012,-0.0087,0.002,0.0,9.0,71.0
2026-08-27 11:31:15,2026-08-27T11:15:16,770.81,2026-08-27,P,795.0,23.72,25.56,220.0,222.0,30.48,0.8449,-0.9966,0.0012,-0.0087,0.002,0.0,0.0,0.0
2026-08-27 11:31:15,2026-08-27T11:15:16,770.81,2026-08-27,C,796.0,0.0,0.01,0.0,2223.0,0.01,0.4575,0.0033,0.0011,-0.0087,0.002,0.0,4.0,117.0
2026-08-27 11:31:15,2026-08-27T11:15:16,770.81,2026-08-27,P,796.0,24.71,26.56,50.0,222.0,29.1,0.8693,-0.9967,0.0011,-0.0087,0.002,0.0,0.0,0.0
2026-08-27 11:31:15,2026-08-27T11:15:16,770.81,2026-08-27,C,797.0,0.0,0.01,0.0,2224.0,0.01,0.4737,0.0032,0.001,-0.0086,0.0019,0.0,3.0,30.0
2026-08-27 11:31:15,2026-08-27T11:15:16,770.81,2026-08-27,P,797.0,25.7,27.56,220.0,222.0,31.86,0.8934,-0.9968,0.001,-0.0086,0.0019,0.0,0.0,0.0
2026-08-27 11:31:15,2026-08-27T11:15:16,770.81,2026-08-27,C,798.0,0.0,0.01,0.0,2224.0,0.01,0.4899,0.003,0.001,-0.0085,0.0018,0.0,0.0,50.0
2026-08-27 11:31:15,2026-08-27T11:15:16,770.81,2026-08-27,P,798.0,26.88,28.56,45.0,51.0,27.61,0.9561,-0.997,0.001,-0.0085,0.0018,0.0,2.0,0.0
2026-08-27 11:31:15,2026-08-27T11:15:16,770.81,2026-08-27,C,799.0,0.0,0.01,0.0,2224.0,0.02,0.506,0.0029,0.0009,-0.0084,0.0018,0.0,0.0,59.0
2026-08-27 11:31:15,2026-08-27T11:15:16,770.81,2026-08-27,P,799.0,27.7,29.56,179.0,180.0,31.53,0.9451,-0.9971,0.0009,-0.0084,0.0018,0.0,0.0,0.0
2026-08-27 11:31:15,2026-08-27T11:15:16,770.81,2026-08-27,C,800.0,0.0,0.01,0.0,5482.0,0.01,0.522,0.0028,0.0008,-0.0084,0.0017,0.0,0.0,245.0
2026-08-27 11:31:15,2026-08-27T11:15:16,770.81,2026-08-27,P,800.0,28.4,30.55,50.0,50.0,33.4,0.8947,-0.9972,0.0008,-0.0084,0.0017,0.0,0.0,0.0
2026-08-27 11:31:15,2026-08-27T11:15:16,770.81,2026-08-27,C,801.0,0.0,0.01,0.0,2224.0,0.01,0.5379,0.0027,0.0008,-0.0083,0.0016,0.0,0.0,18.0
2026-08-27 11:31:15,2026-08-27T11:15:16,770.81,2026-08-27,P,801.0,29.38,31.55,35.0,35.0,34.58,0.9131,-0.9973,0.0008,-0.0083,0.0016,0.0,0.0,0.0
2026-08-27 11:31:15,2026-08-27T11:15:16,770.81,2026-08-27,C,802.0,0.0,0.01,0.0,2224.0,0.01,0.5538,0.0026,0.0008,-0.0082,0.0016,0.0,0.0,58.0
2026-08-27 11:31:15,2026-08-27T11:15:16,770.81,2026-08-27,P,802.0,30.38,32.55,35.0,35.0,36.19,0.937,-0.9974,0.0008,-0.0082,0.0016,0.0,0.0,0.0
2026-08-27 11:31:15,2026-08-27T11:15:16,770.81,2026-08-27,C,803.0,0.0,0.01,0.0,2224.0,0.02,0.5696,0.0026,0.0007,-0.0081,0.0016,0.0,0.0,64.0
2026-08-27 11:31:15,2026-08-27T11:15:16,770.81,2026-08-27,P,803.0,30.92,33.55,35.0,35.0,0.0,0.7665,-0.9974,0.0007,-0.0081,0.0016,0.0,0.0,0.0
2026-08-27 11:31:15,2026-08-27T11:15:16,770.81,2026-08-27,C,804.0,0.0,0.01,0.0,2224.0,0.03,0.5854,0.0025,0.0007,-0.0081,0.0015,0.0,0.0,33.0
2026-08-27 11:31:15,2026-08-27T11:15:16,770.81,2026-08-27,P,804.0,32.08,34.56,36.0,35.0,0.0,0.8802,-0.9975,0.0007,-0.0081,0.0015,0.0,0.0,0.0
2026-08-27 11:31:15,2026-08-27T11:15:16,770.81,2026-08-27,C,805.0,0.0,0.01,0.0,2224.0,0.01,0.6012,0.0024,0.0006,-0.008,0.0015,0.0,0.0,315.0
2026-08-27 11:31:15,2026-08-27T11:15:16,770.81,2026-08-27,P,805.0,32.9,35.56,35.0,35.0,39.15,0.7989,-0.9976,0.0006,-0.008,0.0015,0.0,0.0,0.0
2026-08-27 11:31:15,2026-08-27T11:15:16,770.81,2026-08-27,C,806.0,0.0,0.01,0.0,2224.0,0.02,0.6168,0.0023,0.0006,-0.008,0.0014,0.0,0.0,315.0
2026-08-27 11:31:15,2026-08-27T11:15:16,770.81,2026-08-27,P,806.0,34.08,36.55,36.0,35.0,0.0,0.9189,-0.9977,0.0006,-0.0079,0.0014,0.0,0.0,0.0
2026-08-27 11:31:15,2026-08-27T11:15:16,770.81,2026-08-27,C,807.0,0.0,0.01,0.0,2224.0,0.0,0.6324,0.0023,0.0006,-0.0079,0.0014,0.0,0.0,0.0
2026-08-27 11:31:15,2026-08-27T11:15:16,770.81,2026-08-27,P,807.0,36.08,36.31,35.0,35.0,37.88,0.7687,-0.9977,0.0006,-0.0079,0.0014,0.0,2.0,0.0
2026-08-27 11:31:15,2026-08-27T11:15:16,770.81,2026-08-27,C,808.0,0.0,0.01,0.0,2224.0,0.14,0.648,0.0022,0.0006,-0.0078,0.0014,0.0,0.0,6.0
2026-08-27 11:31:15,2026-08-27T11:15:16,770.81,2026-08-27,P,808.0,37.07,37.31,35.0,35.0,38.83,0.7731,-0.9978,0.0005,-0.0078,0.0013,0.0,2.0,0.0
2026-08-27 11:31:15,2026-08-27T11:15:16,770.81,2026-08-27,C,809.0,0.0,0.01,0.0,2224.0,0.02,0.6634,0.0022,0.0005,-0.0078,0.0013,0.0,0.0,153.0
2026-08-27 11:31:15,2026-08-27T11:15:16,770.81,2026-08-27,P,809.0,38.06,38.31,37.0,35.0,39.77,0.7752,-0.9979,0.0005,-0.0077,0.0013,0.0,10.0,0.0
2026-08-27 11:36:16,2026-08-27T11:20:17,771.06,2026-08-27,C,733.0,37.91,38.09,51.0,45.0,38.1,0.0,0.996,0.0008,-0.0178,0.0023,0.0,3.0,0.0
2026-08-27 11:36:16,2026-08-27T11:20:17,771.06,2026-08-27,P,733.0,0.0,0.01,0.0,2199.0,0.02,0.7005,-0.004,0.0008,-0.0178,0.0023,0.0,0.0,2383.0
2026-08-27 11:36:16,2026-08-27T11:20:17,771.06,2026-08-27,C,734.0,36.84,38.28,221.0,236.0,35.83,1.2603,0.9959,0.0008,-0.018,0.0023,0.0,2.0,1.0
2026-08-27 11:36:16,2026-08-27T11:20:17,771.06,2026-08-27,P,734.0,0.0,0.01,0.0,2609.0,0.02,0.6832,-0.0041,0.0008,-0.018,0.0023,0.0,2.0,2467.0
2026-08-27 11:36:16,2026-08-27T11:20:17,771.06,2026-08-27,C,735.0,35.92,36.09,51.0,35.0,35.64,0.0,0.9957,0.0009,-0.0182,0.0024,0.0,9.0,6.0
2026-08-27 11:36:16,2026-08-27T11:20:17,771.06,2026-08-27,P,735.0,0.0,0.01,0.0,2609.0,0.01,0.6659,-0.0043,0.0009,-0.0182,0.0024,0.0,15.0,526.0
2026-08-27 11:36:16,2026-08-27T11:20:17,771.06,2026-08-27,C,736.0,33.68,36.28,235.0,224.0,34.56,0.0,0.9956,0.0009,-0.0183,0.0025,0.0,8.0,3.0
2026-08-27 11:36:16,2026-08-27T11:20:17,771.06,2026-08-27,P,736.0,0.0,0.01,0.0,2609.0,0.01,0.6486,-0.0044,0.0009,-0.0183,0.0025,0.0,0.0,227.0
2026-08-27 11:36:16,2026-08-27T11:20:17,771.06,2026-08-27,C,737.0,32.68,35.28,235.0,224.0,33.62,0.0,0.9955,0.001,-0.0185,0.0026,0.0,8.0,3.0
2026-08-27 11:36:16,2026-08-27T11:20:17,771.06,2026-08-27,P,737.0,0.0,0.01,0.0,2609.0,0.01,0.6312,-0.0045,0.001,-0.0185,0.0026,0.0,11.0,627.0
2026-08-27 11:36:16,2026-08-27T11:20:17,771.06,2026-08-27,C,738.0,32.9,33.09,36.0,13.0,32.96,0.0,0.9953,0.001,-0.0186,0.0026,0.0,3.0,2.0
2026-08-27 11:36:16,2026-08-27T11:20:17,771.06,2026-08-27,P,738.0,0.0,0.01,0.0,2609.0,0.01,0.6138,-0.0047,0.001,-0.0186,0.0026,0.0,280.0,563.0
2026-08-27 11:36:16,2026-08-27T11:20:17,771.06,2026-08-27,C,739.0,31.92,32.09,37.0,13.0,32.01,0.0,0.9952,0.0011,-0.0188,0.0027,0.0,4.0,3.0
2026-08-27 11:36:16,2026-08-27T11:20:17,771.06,2026-08-27,P,739.0,0.0,0.01,0.0,2609.0,0.01,0.5965,-0.0048,0.0011,-0.0188,0.0027,0.0,90.0,378.0
2026-08-27 11:36:16,2026-08-27T11:20:17,771.06,2026-08-27,C,740.0,30.92,31.09,36.0,13.0,30.19,0.0,0.995,0.0012,-0.019,0.0028,0.0,6.0,4.0
2026-08-27 11:36:16,2026-08-27T11:20:17,771.06,2026-08-27,P,740.0,0.0,0.01,0.0,2678.0,0.01,0.5791,-0.005,0.0012,-0.019,0.0028,0.0,22.0,1521.0
2026-08-27 11:36:16,2026-08-27T11:20:17,771.06,2026-08-27,C,741.0,29.92,30.09,36.0,12.0,29.24,0.0,0.9948,0.0012,-0.0191,0.0029,0.0,5.0,5.0
2026-08-27 11:36:16,2026-08-27T11:20:17,771.06,2026-08-27,P,741.0,0.0,0.01,0.0,2677.0,0.01,0.5617,-0.0052,0.0012,-0.0191,0.0029,0.0,485.0,686.0
2026-08-27 11:36:16,2026-08-27T11:20:17,771.06,2026-08-27,C,742.0,28.93,29.1,52.0,46.0,28.04,0.0,0.9946,0.0013,-0.0193,0.003,0.0,7.0,24.0
2026-08-27 11:36:16,2026-08-27T11:20:17,771.06,2026-08-27,P,742.0,0.0,0.01,0.0,2676.0,0.01,0.5442,-0.0054,0.0013,-0.0193,0.003,0.0,82.0,680.0
2026-08-27 11:36:16,2026-08-27T11:20:17,771.06,2026-08-27,C,743.0,27.93,28.1,51.0,45.0,27.09,0.0,0.9944,0.0014,-0.0195,0.0031,0.0,6.0,8.0
2026-08-27 11:36:16,2026-08-27T11:20:17,771.06,2026-08-27,P,743.0,0.0,0.01,0.0,2676.0,0.01,0.5268,-0.0056,0.0014,-0.0195,0.0031,0.0,84.0,580.0
2026-08-27 11:36:16,2026-08-27T11:20:17,771.06,2026-08-27,C,744.0,25.68,27.23,236.0,35.0,26.07,0.0,0.9942,0.0015,-0.0196,0.0032,0.0,3.0,24.0
2026-08-27 11:36:16,2026-08-27T11:20:17,771.06,2026-08-27,P,744.0,0.0,0.01,0.0,2676.0,0.01,0.5093,-0.0058,0.0015,-0.0196,0.0032,0.0,286.0,1156.0
2026-08-27 11:36:16,2026-08-27T11:20:17,771.06,2026-08-27,C,745.0,24.69,26.28,50.0,223.0,25.34,0.0,0.994,0.0016,-0.0198,0.0033,0.0,6.0,16.0
2026-08-27 11:36:16,2026-08-27T11:20:17,771.06,2026-08-27,P,745.0,0.0,0.01,0.0,3897.0,0.01,0.4918,-0.006,0.0016,-0.0198,0.0033,0.0,3102.0,2626.0
2026-08-27 11:36:16,2026-08-27T11:20:17,771.06,2026-08-27,C,746.0,24.92,25.1,52.0,45.0,24.35,0.0,0.9938,0.0017,-0.02,0.0034,0.0,11.0,56.0
2026-08-27 11:36:16,2026-08-27T11:20:17,771.06,2026-08-27,P,746.0,0.0,0.01,0.0,3589.0,0.01,0.4743,-0.0062,0.0017,-0.02,0.0034,0.0,12501.0,5788.0
2026-08-27 11:36:16,2026-08-27T11:20:17,771.06,2026-08-27,C,747.0,23.92,24.1,52.0,45.0,23.49,0.0,0.9935,0.0018,-0.0202,0.0036,0.0,3.0,57.0
2026-08-27 11:36:16,2026-08-27T11:20:17,771.06,2026-08-27,P,747.0,0.01,0.02,2159.0,3547.0,0.01,0.5096,-0.0065,0.0018,-0.0202,0.0036,0.0,11606.0,12314.0
2026-08-27 11:36:16,2026-08-27T11:20:17,771.06,2026-08-27,C,748.0,22.84,24.16,162.0,173.0,22.35,0.8382,0.9932,0.002,-0.0204,0.0037,0.0,17.0,78.0
2026-08-27 11:36:16,2026-08-27T11:20:17,771.06,2026-08-27,P,748.0,0.01,0.02,2159.0,3544.0,0.02,0.4903,-0.0068,0.002,-0.0204,0.0037,0.0,1162.0,2141.0
2026-08-27 11:36:16,2026-08-27T11:20:17,771.06,2026-08-27,C,749.0,21.76,23.16,161.0,181.0,21.55,0.7929,0.9929,0.0022,-0.0206,0.0038,0.0,2.0,134.0
2026-08-27 11:36:16,2026-08-27T11:20:17,771.06,2026-08-27,P,749.0,0.01,0.02,2215.0,3617.0,0.02,0.471,-0.0071,0.0022,-0.0206,0.0038,0.0,5798.0,957.0
2026-08-27 11:36:16,2026-08-27T11:20:17,771.06,2026-08-27,C,750.0,20.91,21.1,171.0,45.0,20.65,0.0,0.9926,0.0023,-0.0208,0.004,0.0,14.0,235.0
2026-08-27 11:36:16,2026-08-27T11:20:17,771.06,2026-08-27,P,750.0,0.01,0.02,2211.0,3711.0,0.01,0.4516,-0.0074,0.0023,-0.0208,0.004,0.0,4436.0,7475.0
2026-08-27 11:36:16,2026-08-27T11:20:17,771.06,2026-08-27,C,751.0,19.92,21.17,45.0,51.0,18.14,0.7684,0.9922,0.0025,-0.021,0.0042,0.0,13.0,51.0
2026-08-27 11:36:16,2026-08-27T11:20:17,771.06,2026-08-27,P,751.0,0.01,0.02,2503.0,3322.0,0.02,0.4322,-0.0078,0.0025,-0.021,0.0042,0.0,3336.0,2036.0
2026-08-27 11:36:16,2026-08-27T11:20:17,771.06,2026-08-27,C,752.0,18.91,19.1,52.0,44.0,17.3,0.0,0.9918,0.0028,-0.0213,0.0044,0.0,4.0,50.0
2026-08-27 11:36:16,2026-08-27T11:20:17,771.06,2026-08-27,P,752.0,0.01,0.02,2847.0,3269.0,0.01,0.4128,-0.0082,0.0028,-0.0213,0.0044,0.0,3535.0,6184.0
2026-08-27 11:36:16,2026-08-27T11:20:17,771.06,2026-08-27,C,753.0,17.93,18.11,200.0,110.0,16.85,0.0,0.9914,0.003,-0.0216,0.0046,0.0,12.0,224.0
2026-08-27 11:36:16,2026-08-27T11:20:17,771.06,2026-08-27,P,753.0,0.01,0.02,3170.0,3208.0,0.02,0.3932,-0.0086,0.003,-0.0216,0.0046,0.0,2078.0,1905.0
2026-08-27 11:36:16,2026-08-27T11:20:17,771.06,2026-08-27,C,754.0,16.93,17.1,78.0,36.0,15.92,0.0,0.9909,0.0034,-0.0219,0.0049,0.0,28.0,155.0
2026-08-27 11:36:16,2026-08-27T11:20:17,771.06,2026-08-27,P,754.0,0.01,0.02,3154.0,3195.0,0.02,0.3736,-0.0091,0.0034,-0.0219,0.0049,0.0,2892.0,2518.0
2026-08-27 11:36:16,2026-08-27T11:20:17,771.06,2026-08-27,C,755.0,15.93,16.1,200.0,45.0,16.08,0.0,0.9903,0.0037,-0.0223,0.0052,0.0,47.0,243.0
2026-08-27 11:36:16,2026-08-27T11:20:17,771.06,2026-08-27,P,755.0,0.01,0.02,3039.0,3084.0,0.02,0.3539,-0.0097,0.0037,-0.0223,0.0052,0.0,5618.0,6635.0
2026-08-27 11:36:16,2026-08-27T11:20:17,771.06,2026-08-27,C,756.0,13.71,15.91,51.0,51.0,12.13,0.0,0.9896,0.0042,-0.0228,0.0055,0.0,2.0,180.0
2026-08-27 11:36:16,2026-08-27T11:20:17,771.06,2026-08-27,P,756.0,0.01,0.02,3504.0,3670.0,0.03,0.3342,-0.0104,0.0042,-0.0228,0.0055,0.0,9581.0,2466.0
2026-08-27 11:36:16,2026-08-27T11:20:17,771.06,2026-08-27,C,757.0,13.93,14.1,89.0,11.0,13.64,0.0,0.9888,0.0047,-0.0234,0.0059,0.0,43.0,369.0
2026-08-27 11:36:16,2026-08-27T11:20:17,771.06,2026-08-27,P,757.0,0.02,0.03,1630.0,3923.0,0.02,0.335,-0.0112,0.0047,-0.0234,0.0059,0.0,3407.0,2179.0
2026-08-27 11:36:16,2026-08-27T11:20:17,771.06,2026-08-27,C,758.0,12.93,13.11,187.0,105.0,13.06,0.0,0.9878,0.0054,-0.0242,0.0064,0.0,96.0,994.0
2026-08-27 11:36:16,2026-08-27T11:20:17,771.06,2026-08-27,P,758.0,0.02,0.03,2219.0,3943.0,0.02,0.314,-0.0122,0.0054,-0.0242,0.0064,0.0,9180.0,5271.0
2026-08-27 11:36:16,2026-08-27T11:20:17,771.06,2026-08-27,C,759.0,11.92,12.11,114.0,62.0,11.89,0.0,0.9866,0.0063,-0.0254,0.0069,0.0,132.0,244.0
2026-08-27 11:36:16,2026-08-27T11:20:17,771.06,2026-08-27,P,759.0,0.02,0.03,2571.0,3697.0,0.03,0.2928,-0.0134,0.0063,-0.0254,0.0069,0.0,15669.0,5933.0
2026-08-27 11:36:16,2026-08-27T11:20:17,771.06,2026-08-27,C,760.0,10.94,11.1,115.0,4.0,11.1,0.0,0.9849,0.0074,-0.0272,0.0077,0.0,1630.0,840.0
2026-08-27 11:36:16,2026-08-27T11:20:17,771.06,2026-08-27,P,760.0,0.02,0.03,2850.0,3435.0,0.03,0.2715,-0.0151,0.0074,-0.0272,0.0077,0.0,31661.0,6095.0
2026-08-27 11:36:16,2026-08-27T11:20:17,771.06,2026-08-27,C,761.0,9.94,10.12,73.0,53.0,10.03,0.0,0.9826,0.009,-0.0297,0.0087,0.0,402.0,745.0
2026-08-27 11:36:16,2026-08-27T11:20:17,771.06,2026-08-27,P,761.0,0.03,0.04,1638.0,3657.0,0.03,0.2625,-0.0174,0.009,-0.0297,0.0087,0.0,32979.0,2929.0
2026-08-27 11:36:16,2026-08-27T11:20:17,771.06,2026-08-27,C,762.0,9.05,9.1,14.0,80.0,9.1,0.0,0.9794,0.0111,-0.0335,0.0101,0.0,885.0,690.0
2026-08-27 11:36:16,2026-08-27T11:20:17,771.06,2026-08-27,P,762.0,0.03,0.04,2692.0,3209.0,0.03,0.24,-0.0206,0.0111,-0.0335,0.0101,0.0,53589.0,3422.0
2026-08-27 11:36:16,2026-08-27T11:20:17,771.06,2026-08-27,C,763.0,8.06,8.13,10.0,182.0,7.96,0.0,0.9746,0.0143,-0.0396,0.012,0.0,1923.0,1330.0
2026-08-27 11:36:16,2026-08-27T11:20:17,771.06,2026-08-27,P,763.0,0.04,0.05,2184.0,3079.0,0.03,0.2263,-0.0254,0.0143,-0.0396,0.012,0.0,50916.0,5031.0
2026-08-27 11:36:16,2026-08-27T11:20:17,771.06,2026-08-27,C,764.0,6.97,7.15,72.0,300.0,7.11,0.0,0.9671,0.0191,-0.0493,0.0148,0.0,2681.0,1924.0
2026-08-27 11:36:16,2026-08-27T11:20:17,771.06,2026-08-27,P,764.0,0.05,0.06,2324.0,2414.0,0.06,0.2097,-0.0329,0.0191,-0.0493,0.0148,0.0,67152.0,7873.0
2026-08-27 11:36:16,2026-08-27T11:20:17,771.06,2026-08-27,C,765.0,6.07,6.15,2.0,17.0,6.02,0.142,0.9551,0.0264,-0.0657,0.019,0.0,5260.0,4303.0
2026-08-27 11:36:16,2026-08-27T11:20:17,771.06,2026-08-27,P,765.0,0.07,0.08,1308.0,2939.0,0.08,0.1964,-0.0449,0.0264,-0.0657,0.019,0.0,83049.0,5495.0
2026-08-27 11:36:16,2026-08-27T11:20:17,771.06,2026-08-27,C,766.0,5.09,5.18,5.0,11.0,5.05,0.1469,0.9356,0.0378,-0.0934,0.0251,0.0,10121.0,5065.0
2026-08-27 11:36:16,2026-08-27T11:20:17,771.06,2026-08-27,P,766.0,0.1,0.11,293.0,2504.0,0.1,0.183,-0.0644,0.0378,-0.0934,0.0251,0.0,76178.0,5339.0
2026-08-27 11:36:16,2026-08-27T11:20:17,771.06,2026-08-27,C,767.0,4.14,4.2,212.0,25.0,4.15,0.1613,0.9039,0.0548,-0.1405,0.0335,0.0,35664.0,6518.0
2026-08-27 11:36:16,2026-08-27T11:20:17,771.06,2026-08-27,P,767.0,0.14,0.15,1159.0,2152.0,0.15,0.1677,-0.0961,0.0548,-0.1405,0.0335,0.0,123037.0,3089.0
2026-08-27 11:36:16,2026-08-27T11:20:17,771.06,2026-08-27,C,768.0,3.25,3.27,331.0,23.0,3.28,0.1517,0.8536,0.0791,-0.2189,0.0445,0.0,100621.0,4522.0
2026-08-27 11:36:16,2026-08-27T11:20:17,771.06,2026-08-27,P,768.0,0.21,0.22,556.0,990.0,0.22,0.1564,-0.1464,0.0791,-0.2189,0.0445,0.0,189167.0,2666.0
2026-08-27 11:36:16,2026-08-27T11:20:17,771.06,2026-08-27,C,769.0,2.37,2.39,200.0,1.0,2.39,0.1407,0.7765,0.111,-0.3477,0.057,0.0,201446.0,7157.0
2026-08-27 11:36:16,2026-08-27T11:20:17,771.06,2026-08-27,P,769.0,0.34,0.35,155.0,1649.0,0.34,0.1434,-0.2235,0.111,-0.3477,0.057,0.0,157634.0,521.0
2026-08-27 11:36:16,2026-08-27T11:20:17,771.06,2026-08-27,C,770.0,1.6,1.61,2.0,30.0,1.6,0.1318,0.6623,0.1465,-0.5606,0.0688,0.0,295702.0,7702.0
2026-08-27 11:36:16,2026-08-27T11:20:17,771.06,2026-08-27,P,770.0,0.55,0.56,357.0,318.0,0.56,0.134,-0.3377,0.1465,-0.5606,0.0688,0.0,102671.0,984.0
2026-08-27 11:36:16,2026-08-27T11:20:17,771.06,2026-08-27,C,771.0,0.95,0.96,323.0,246.0,0.95,0.1252,0.5074,0.1705,-0.9138,0.0747,0.0,243024.0,5376.0
2026-08-27 11:36:16,2026-08-27T11:20:17,771.06,2026-08-27,P,771.0,0.91,0.92,20.0,439.0,0.91,0.1252,-0.4926,0.1705,-0.9138,0.0747,0.0,33346.0,1468.0
2026-08-27 11:36:16,2026-08-27T11:20:17,771.06,2026-08-27,C,772.0,0.5,0.51,64.0,771.0,0.5,0.1196,0.3354,0.162,-0.4988,0.0687,0.0,155468.0,4406.0
2026-08-27 11:36:16,2026-08-27T11:20:17,771.06,2026-08-27,P,772.0,1.44,1.46,110.0,25.0,1.44,0.1204,-0.6646,0.162,-0.4988,0.0687,0.0,8803.0,555.0
2026-08-27 11:36:16,2026-08-27T11:20:17,771.06,2026-08-27,C,773.0,0.22,0.23,1716.0,495.0,0.23,0.1175,0.1899,0.1219,-0.2322,0.0524,0.0,108242.0,3955.0
2026-08-27 11:36:16,2026-08-27T11:20:17,771.06,2026-08-27,P,773.0,2.17,2.2,70.0,200.0,2.21,0.1194,-0.8101,0.1219,-0.2322,0.0524,0.0,2611.0,1148.0
2026-08-27 11:36:16,2026-08-27T11:20:17,771.06,2026-08-27,C,774.0,0.09,0.1,3000.0,355.0,0.1,0.1188,0.0959,0.0753,-0.1014,0.034,0.0,116678.0,9159.0
2026-08-27 11:36:16,2026-08-27T11:20:17,771.06,2026-08-27,P,774.0,3.04,3.08,26.0,60.0,3.08,0.1399,-0.9041,0.0753,-0.1014,0.034,0.0,1342.0,763.0
2026-08-27 11:36:16,2026-08-27T11:20:17,771.06,2026-08-27,C,775.0,0.04,0.05,3246.0,1171.0,0.04,0.1257,0.0473,0.0418,-0.0459,0.0205,0.0,39339.0,8218.0
2026-08-27 11:36:16,2026-08-27T11:20:17,771.06,2026-08-27,P,775.0,3.97,4.13,14.0,200.0,4.01,0.1565,-0.9527,0.0418,-0.0459,0.0205,0.0,1315.0,858.0
2026-08-27 11:36:16,2026-08-27T11:20:17,771.06,2026-08-27,C,776.0,0.02,0.03,3271.0,1047.0,0.03,0.136,0.0254,0.0234,-0.024,0.0126,0.0,15612.0,4528.0
2026-08-27 11:36:16,2026-08-27T11:20:17,771.06,2026-08-27,P,776.0,4.94,5.11,15.0,66.0,5.02,0.1734,-0.9746,0.0234,-0.024,0.0126,0.0,143.0,94.0
2026-08-27 11:36:16,2026-08-27T11:20:17,771.06,2026-08-27,C,777.0,0.01,0.02,3241.0,1341.0,0.01,0.1471,0.0157,0.0143,-0.0152,0.0085,0.0,8670.0,4442.0
2026-08-27 11:36:16,2026-08-27T11:20:17,771.06,2026-08-27,P,777.0,5.93,6.11,64.0,126.0,6.05,0.1978,-0.9843,0.0143,-0.0152,0.0085,0.0,151.0,199.0
2026-08-27 11:36:16,2026-08-27T11:20:17,771.06,2026-08-27,C,778.0,0.01,0.02,2750.0,2522.0,0.01,0.168,0.0112,0.0097,-0.0114,0.0064,0.0,3653.0,2468.0
2026-08-27 11:36:16,2026-08-27T11:20:17,771.06,2026-08-27,P,778.0,5.98,7.88,145.0,145.0,7.01,0.0,-0.9888,0.0097,-0.0114,0.0064,0.0,194.0,0.0
2026-08-27 11:36:16,2026-08-27T11:20:17,771.06,2026-08-27,C,779.0,0.01,0.02,2635.0,2907.0,0.01,0.1886,0.009,0.0072,-0.0098,0.0052,0.0,1469.0,2257.0
2026-08-27 11:36:16,2026-08-27T11:20:17,771.06,2026-08-27,P,779.0,7.57,8.9,149.0,150.0,7.96,0.3245,-0.991,0.0072,-0.0098,0.0052,0.0,21.0,0.0
2026-08-27 11:36:16,2026-08-27T11:20:17,771.06,2026-08-27,C,780.0,0.0,0.01,0.0,2105.0,0.01,0.1836,0.0078,0.0058,-0.0092,0.0046,0.0,6987.0,5535.0
2026-08-27 11:36:16,2026-08-27T11:20:17,771.06,2026-08-27,P,780.0,8.9,9.16,66.0,82.0,9.13,0.2642,-0.9922,0.0058,-0.0092,0.0046,0.0,74.0,1.0
2026-08-27 11:36:16,2026-08-27T11:20:17,771.06,2026-08-27,C,781.0,0.0,0.01,0.0,2863.0,0.01,0.2017,0.007,0.0048,-0.0089,0.0041,0.0,6144.0,1478.0
2026-08-27 11:36:16,2026-08-27T11:20:17,771.06,2026-08-27,P,781.0,9.58,11.19,141.0,106.0,11.3,0.4296,-0.993,0.0048,-0.0089,0.0041,0.0,5.0,1.0
2026-08-27 11:36:16,2026-08-27T11:20:17,771.06,2026-08-27,C,782.0,0.0,0.01,0.0,3279.0,0.01,0.2196,0.0064,0.0041,-0.0087,0.0038,0.0,329.0,2919.0
2026-08-27 11:36:16,2026-08-27T11:20:17,771.06,2026-08-27,P,782.0,10.84,12.19,99.0,98.0,16.55,0.4962,-0.9936,0.0041,-0.0087,0.0038,0.0,0.0,0.0
2026-08-27 11:36:16,2026-08-27T11:20:17,771.06,2026-08-27,C,783.0,0.0,0.01,0.0,2701.0,0.01,0.2374,0.0059,0.0036,-0.0086,0.0035,0.0,393.0,1573.0
2026-08-27 11:36:16,2026-08-27T11:20:17,771.06,2026-08-27,P,783.0,10.94,13.19,136.0,118.0,16.79,0.3595,-0.9941,0.0036,-0.0086,0.0035,0.0,0.0,0.0
2026-08-27 11:36:16,2026-08-27T11:20:17,771.06,2026-08-27,C,784.0,0.0,0.01,0.0,2701.0,0.01,0.255,0.0055,0.0031,-0.0086,0.0033,0.0,13.0,1820.0
2026-08-27 11:36:16,2026-08-27T11:20:17,771.06,2026-08-27,P,784.0,11.93,14.32,171.0,165.0,18.93,0.4183,-0.9945,0.0031,-0.0086,0.0033,0.0,0.0,0.0
2026-08-27 11:36:16,2026-08-27T11:20:17,771.06,2026-08-27,C,785.0,0.0,0.01,0.0,2701.0,0.01,0.2725,0.0051,0.0028,-0.0085,0.0031,0.0,12.0,1464.0
2026-08-27 11:36:16,2026-08-27T11:20:17,771.06,2026-08-27,P,785.0,12.97,15.32,138.0,160.0,19.97,0.4539,-0.9949,0.0028,-0.0085,0.0031,0.0,0.0,0.0
2026-08-27 11:36:16,2026-08-27T11:20:17,771.06,2026-08-27,C,786.0,0.0,0.01,0.0,2701.0,0.01,0.2898,0.0048,0.0024,-0.0084,0.0029,0.0,487.0,1211.0
2026-08-27 11:36:16,2026-08-27T11:20:17,771.06,2026-08-27,P,786.0,13.89,16.32,138.0,160.0,20.55,0.4572,-0.9952,0.0024,-0.0084,0.0029,0.0,0.0,0.0
2026-08-27 11:36:16,2026-08-27T11:20:17,771.06,2026-08-27,C,787.0,0.0,0.01,0.0,2702.0,0.01,0.3071,0.0046,0.0022,-0.0083,0.0027,0.0,26.0,3748.0
2026-08-27 11:36:16,2026-08-27T11:20:17,771.06,2026-08-27,P,787.0,14.81,17.32,176.0,177.0,19.79,0.4545,-0.9954,0.0022,-0.0083,0.0027,0.0,10.0,0.0
2026-08-27 11:36:16,2026-08-27T11:20:17,771.06,2026-08-27,C,788.0,0.0,0.01,0.0,2723.0,0.01,0.3242,0.0043,0.002,-0.0082,0.0026,0.0,132.0,1662.0
2026-08-27 11:36:16,2026-08-27T11:20:17,771.06,2026-08-27,P,788.0,16.0,18.32,178.0,174.0,23.87,0.5376,-0.9957,0.002,-0.0082,0.0026,0.0,0.0,0.0
2026-08-27 11:36:16,2026-08-27T11:20:17,771.06,2026-08-27,C,789.0,0.0,0.01,0.0,2723.0,0.01,0.3412,0.0041,0.0018,-0.0081,0.0024,0.0,34.0,1705.0
2026-08-27 11:36:16,2026-08-27T11:20:17,771.06,2026-08-27,P,789.0,16.93,19.31,50.0,50.0,22.03,0.5392,-0.9959,0.0018,-0.0081,0.0024,0.0,0.0,0.0
2026-08-27 11:36:16,2026-08-27T11:20:17,771.06,2026-08-27,C,790.0,0.0,0.01,0.0,2521.0,0.01,0.3581,0.0039,0.0016,-0.0081,0.0023,0.0,34.0,294.0
2026-08-27 11:36:16,2026-08-27T11:20:17,771.06,2026-08-27,P,790.0,17.97,20.32,173.0,178.0,21.57,0.5787,-0.9961,0.0016,-0.0081,0.0023,0.0,4.0,2.0
2026-08-27 11:36:16,2026-08-27T11:20:17,771.06,2026-08-27,C,791.0,0.0,0.01,0.0,2224.0,0.01,0.3749,0.0037,0.0015,-0.008,0.0022,0.0,8.0,479.0
2026-08-27 11:36:16,2026-08-27T11:20:17,771.06,2026-08-27,P,791.0,19.79,21.33,133.0,173.0,23.85,0.779,-0.9963,0.0015,-0.008,0.0022,0.0,0.0,0.0
2026-08-27 11:36:16,2026-08-27T11:20:17,771.06,2026-08-27,C,792.0,0.0,0.01,0.0,2224.0,0.01,0.3917,0.0035,0.0014,-0.0079,0.0021,0.0,2.0,563.0
2026-08-27 11:36:16,2026-08-27T11:20:17,771.06,2026-08-27,P,792.0,19.89,22.33,50.0,50.0,26.8,0.6038,-0.9965,0.0014,-0.0079,0.0021,0.0,0.0,0.0
2026-08-27 11:36:16,2026-08-27T11:20:17,771.06,2026-08-27,C,793.0,0.0,0.01,0.0,2224.0,0.02,0.4083,0.0034,0.0013,-0.0078,0.002,0.0,0.0,582.0
2026-08-27 11:36:16,2026-08-27T11:20:17,771.06,2026-08-27,P,793.0,21.26,23.32,198.0,160.0,22.92,0.7292,-0.9966,0.0013,-0.0078,0.002,0.0,3.0,0.0
2026-08-27 11:36:16,2026-08-27T11:20:17,771.06,2026-08-27,C,794.0,0.0,0.01,0.0,2224.0,0.01,0.4249,0.0032,0.0012,-0.0078,0.0019,0.0,1.0,133.0
2026-08-27 11:36:16,2026-08-27T11:20:17,771.06,2026-08-27,P,794.0,22.0,24.32,240.0,172.0,29.84,0.6843,-0.9968,0.0012,-0.0078,0.0019,0.0,0.0,0.0
2026-08-27 11:36:16,2026-08-27T11:20:17,771.06,2026-08-27,C,795.0,0.0,0.01,0.0,3507.0,0.01,0.4414,0.0031,0.0011,-0.0077,0.0019,0.0,9.0,71.0
2026-08-27 11:36:16,2026-08-27T11:20:17,771.06,2026-08-27,P,795.0,22.8,25.32,229.0,223.0,30.48,0.6301,-0.9969,0.0011,-0.0077,0.0019,0.0,0.0,0.0
2026-08-27 11:36:16,2026-08-27T11:20:17,771.06,2026-08-27,C,796.0,0.0,0.01,0.0,2223.0,0.01,0.4578,0.003,0.001,-0.0076,0.0018,0.0,4.0,117.0
2026-08-27 11:36:16,2026-08-27T11:20:17,771.06,2026-08-27,P,796.0,24.0,26.32,223.0,222.0,29.1,0.7318,-0.997,0.001,-0.0076,0.0018,0.0,0.0,0.0
2026-08-27 11:36:16,2026-08-27T11:20:17,771.06,2026-08-27,C,797.0,0.0,0.01,0.0,2224.0,0.01,0.4742,0.0029,0.001,-0.0075,0.0017,0.0,3.0,30.0
2026-08-27 11:36:16,2026-08-27T11:20:17,771.06,2026-08-27,P,797.0,25.0,27.32,223.0,223.0,31.86,0.7553,-0.9971,0.001,-0.0075,0.0017,0.0,0.0,0.0
2026-08-27 11:36:16,2026-08-27T11:20:17,771.06,2026-08-27,C,798.0,0.0,0.01,0.0,2224.0,0.01,0.4905,0.0028,0.0009,-0.0075,0.0017,0.0,0.0,50.0
2026-08-27 11:36:16,2026-08-27T11:20:17,771.06,2026-08-27,P,798.0,26.71,28.32,35.0,230.0,27.61,0.9562,-0.9972,0.0009,-0.0075,0.0017,0.0,2.0,0.0
2026-08-27 11:36:16,2026-08-27T11:20:17,771.06,2026-08-27,C,799.0,0.0,0.01,0.0,2224.0,0.02,0.5067,0.0026,0.0008,-0.0074,0.0016,0.0,0.0,59.0
2026-08-27 11:36:16,2026-08-27T11:20:17,771.06,2026-08-27,P,799.0,26.81,29.32,50.0,181.0,31.53,0.7216,-0.9974,0.0008,-0.0074,0.0016,0.0,0.0,0.0
2026-08-27 11:36:16,2026-08-27T11:20:17,771.06,2026-08-27,C,800.0,0.0,0.01,0.0,5309.0,0.01,0.5228,0.0026,0.0008,-0.0073,0.0016,0.0,0.0,245.0
2026-08-27 11:36:16,2026-08-27T11:20:17,771.06,2026-08-27,P,800.0,28.13,30.32,50.0,50.0,33.4,0.8678,-0.9974,0.0008,-0.0073,0.0016,0.0,0.0,0.0
2026-08-27 11:36:16,2026-08-27T11:20:17,771.06,2026-08-27,C,801.0,0.0,0.01,0.0,2224.0,0.01,0.5389,0.0025,0.0007,-0.0072,0.0015,0.0,0.0,18.0
2026-08-27 11:36:16,2026-08-27T11:20:17,771.06,2026-08-27,P,801.0,29.21,31.32,35.0,35.0,34.58,0.9154,-0.9975,0.0007,-0.0072,0.0015,0.0,0.0,0.0
2026-08-27 11:36:16,2026-08-27T11:20:17,771.06,2026-08-27,C,802.0,0.0,0.01,0.0,2224.0,0.01,0.5549,0.0024,0.0007,-0.0072,0.0014,0.0,0.0,58.0
2026-08-27 11:36:16,2026-08-27T11:20:17,771.06,2026-08-27,P,802.0,30.18,32.32,35.0,35.0,36.19,0.9306,-0.9976,0.0007,-0.0072,0.0014,0.0,0.0,0.0
2026-08-27 11:36:16,2026-08-27T11:20:17,771.06,2026-08-27,C,803.0,0.0,0.01,0.0,2224.0,0.02,0.5709,0.0023,0.0006,-0.0071,0.0014,0.0,0.0,64.0
2026-08-27 11:36:16,2026-08-27T11:20:17,771.06,2026-08-27,P,803.0,30.81,33.35,35.0,3.0,0.0,0.8329,-0.9977,0.0006,-0.0071,0.0014,0.0,0.0,0.0
2026-08-27 11:36:16,2026-08-27T11:20:17,771.06,2026-08-27,C,804.0,0.0,0.01,0.0,2224.0,0.03,0.5868,0.0022,0.0006,-0.007,0.0014,0.0,0.0,33.0
2026-08-27 11:36:16,2026-08-27T11:20:17,771.06,2026-08-27,P,804.0,31.81,34.35,35.0,3.0,0.0,0.8544,-0.9978,0.0006,-0.007,0.0014,0.0,0.0,0.0
2026-08-27 11:36:16,2026-08-27T11:20:17,771.06,2026-08-27,C,805.0,0.0,0.01,0.0,2224.0,0.01,0.6027,0.0022,0.0006,-0.007,0.0013,0.0,0.0,315.0
2026-08-27 11:36:16,2026-08-27T11:20:17,771.06,2026-08-27,P,805.0,32.81,35.35,35.0,35.0,39.15,0.8757,-0.9978,0.0006,-0.007,0.0013,0.0,0.0,0.0
2026-08-27 11:36:16,2026-08-27T11:20:17,771.06,2026-08-27,C,806.0,0.0,0.01,0.0,2224.0,0.02,0.6185,0.0021,0.0006,-0.0069,0.0013,0.0,0.0,315.0
2026-08-27 11:36:16,2026-08-27T11:20:17,771.06,2026-08-27,P,806.0,33.81,36.35,35.0,3.0,0.0,0.897,-0.9979,0.0006,-0.0069,0.0013,0.0,0.0,0.0
2026-08-27 11:36:16,2026-08-27T11:20:17,771.06,2026-08-27,C,807.0,0.0,0.01,0.0,2224.0,0.0,0.6342,0.002,0.0005,-0.0068,0.0012,0.0,0.0,0.0
2026-08-27 11:36:16,2026-08-27T11:20:17,771.06,2026-08-27,P,807.0,35.91,36.08,19.0,35.0,37.88,0.8326,-0.998,0.0005,-0.0068,0.0012,0.0,2.0,0.0
2026-08-27 11:36:16,2026-08-27T11:20:17,771.06,2026-08-27,C,808.0,0.0,0.01,0.0,2224.0,0.14,0.6499,0.002,0.0005,-0.0068,0.0012,0.0,0.0,6.0
2026-08-27 11:36:16,2026-08-27T11:20:17,771.06,2026-08-27,P,808.0,36.91,37.09,19.0,35.0,38.83,0.8606,-0.998,0.0005,-0.0068,0.0012,0.0,2.0,0.0
2026-08-27 11:36:16,2026-08-27T11:20:17,771.06,2026-08-27,C,809.0,0.0,0.01,0.0,2224.0,0.02,0.6656,0.0019,0.0005,-0.0067,0.0012,0.0,0.0,153.0
2026-08-27 11:36:16,2026-08-27T11:20:17,771.06,2026-08-27,P,809.0,37.91,38.09,19.0,36.0,39.77,0.8802,-0.9981,0.0005,-0.0067,0.0012,0.0,10.0,0.0
2026-08-27 11:41:17,2026-08-27T11:25:17,770.64,2026-08-27,C,733.0,37.6,37.77,46.0,51.0,38.1,0.863,0.9962,0.0008,-0.0167,0.0022,0.0,3.0,0.0
2026-08-27 11:41:17,2026-08-27T11:25:17,770.64,2026-08-27,P,733.0,0.0,0.01,0.0,2199.0,0.02,0.6998,-0.0038,0.0008,-0.0167,0.0022,0.0,0.0,2383.0
2026-08-27 11:41:17,2026-08-27T11:25:17,770.64,2026-08-27,C,734.0,36.6,38.04,44.0,350.0,35.83,1.3328,0.996,0.0008,-0.0168,0.0022,0.0,2.0,1.0
2026-08-27 11:41:17,2026-08-27T11:25:17,770.64,2026-08-27,P,734.0,0.0,0.01,0.0,2609.0,0.02,0.6823,-0.004,0.0008,-0.0168,0.0022,0.0,2.0,2467.0
2026-08-27 11:41:17,2026-08-27T11:25:17,770.64,2026-08-27,C,735.0,35.6,35.79,46.0,51.0,35.64,0.8442,0.9959,0.0009,-0.017,0.0023,0.0,9.0,6.0
2026-08-27 11:41:17,2026-08-27T11:25:17,770.64,2026-08-27,P,735.0,0.0,0.01,0.0,2609.0,0.01,0.6648,-0.0041,0.0009,-0.017,0.0023,0.0,15.0,526.0
2026-08-27 11:41:17,2026-08-27T11:25:17,770.64,2026-08-27,C,736.0,33.68,36.04,328.0,345.0,34.56,1.0186,0.9958,0.0009,-0.0172,0.0024,0.0,8.0,3.0
2026-08-27 11:41:17,2026-08-27T11:25:17,770.64,2026-08-27,P,736.0,0.0,0.01,0.0,2609.0,0.01,0.6473,-0.0042,0.0009,-0.0172,0.0024,0.0,0.0,227.0
2026-08-27 11:41:17,2026-08-27T11:25:17,770.64,2026-08-27,C,737.0,32.68,35.04,325.0,345.0,33.62,0.9934,0.9956,0.001,-0.0173,0.0024,0.0,8.0,3.0
2026-08-27 11:41:17,2026-08-27T11:25:17,770.64,2026-08-27,P,737.0,0.0,0.01,0.0,2609.0,0.01,0.6298,-0.0044,0.001,-0.0173,0.0024,0.0,11.0,627.0
2026-08-27 11:41:17,2026-08-27T11:25:17,770.64,2026-08-27,C,738.0,32.6,32.81,46.0,45.0,32.96,0.7989,0.9955,0.001,-0.0175,0.0025,0.0,3.0,2.0
2026-08-27 11:41:17,2026-08-27T11:25:17,770.64,2026-08-27,P,738.0,0.0,0.01,0.0,2609.0,0.01,0.6123,-0.0045,0.001,-0.0175,0.0025,0.0,280.0,563.0
2026-08-27 11:41:17,2026-08-27T11:25:17,770.64,2026-08-27,C,739.0,31.6,31.79,46.0,46.0,32.01,0.7588,0.9953,0.0011,-0.0177,0.0026,0.0,4.0,3.0
2026-08-27 11:41:17,2026-08-27T11:25:17,770.64,2026-08-27,P,739.0,0.0,0.01,0.0,2609.0,0.01,0.5948,-0.0047,0.0011,-0.0177,0.0026,0.0,90.0,378.0
2026-08-27 11:41:17,2026-08-27T11:25:17,770.64,2026-08-27,C,740.0,30.6,30.79,46.0,45.0,30.19,0.7374,0.9952,0.0012,-0.0178,0.0027,0.0,6.0,4.0
2026-08-27 11:41:17,2026-08-27T11:25:17,770.64,2026-08-27,P,740.0,0.0,0.01,0.0,2678.0,0.01,0.5772,-0.0048,0.0012,-0.0178,0.0027,0.0,22.0,1521.0
2026-08-27 11:41:17,2026-08-27T11:25:17,770.64,2026-08-27,C,741.0,29.6,29.79,46.0,46.0,29.24,0.7159,0.995,0.0012,-0.018,0.0028,0.0,5.0,5.0
2026-08-27 11:41:17,2026-08-27T11:25:17,770.64,2026-08-27,P,741.0,0.0,0.01,0.0,2677.0,0.01,0.5596,-0.005,0.0012,-0.018,0.0028,0.0,485.0,686.0
2026-08-27 11:41:17,2026-08-27T11:25:17,770.64,2026-08-27,C,742.0,28.6,28.81,45.0,47.0,28.04,0.7114,0.9948,0.0013,-0.0182,0.0029,0.0,7.0,24.0
2026-08-27 11:41:17,2026-08-27T11:25:17,770.64,2026-08-27,P,742.0,0.0,0.01,0.0,2676.0,0.01,0.542,-0.0052,0.0013,-0.0182,0.0029,0.0,82.0,680.0
2026-08-27 11:41:17,2026-08-27T11:25:17,770.64,2026-08-27,C,743.0,27.6,27.81,45.0,51.0,27.09,0.7043,0.9946,0.0014,-0.0184,0.003,0.0,6.0,8.0
2026-08-27 11:41:17,2026-08-27T11:25:17,770.64,2026-08-27,P,743.0,0.0,0.01,0.0,2676.0,0.01,0.5244,-0.0054,0.0014,-0.0184,0.003,0.0,84.0,580.0
2026-08-27 11:41:17,2026-08-27T11:25:17,770.64,2026-08-27,C,744.0,25.68,27.01,333.0,50.0,26.07,0.0,0.9944,0.0015,-0.0185,0.0031,0.0,3.0,24.0
2026-08-27 11:41:17,2026-08-27T11:25:17,770.64,2026-08-27,P,744.0,0.0,0.01,0.0,2676.0,0.01,0.5068,-0.0056,0.0015,-0.0185,0.0031,0.0,286.0,1156.0
2026-08-27 11:41:17,2026-08-27T11:25:17,770.64,2026-08-27,C,745.0,24.69,26.06,45.0,345.0,25.34,0.0,0.9942,0.0016,-0.0187,0.0032,0.0,6.0,16.0
2026-08-27 11:41:17,2026-08-27T11:25:17,770.64,2026-08-27,P,745.0,0.0,0.01,0.0,2700.0,0.01,0.4891,-0.0058,0.0016,-0.0187,0.0032,0.0,3102.0,2626.0
2026-08-27 11:41:17,2026-08-27T11:25:17,770.64,2026-08-27,C,746.0,24.61,24.79,45.0,52.0,24.35,0.6232,0.994,0.0017,-0.0189,0.0033,0.0,11.0,56.0
2026-08-27 11:41:17,2026-08-27T11:25:17,770.64,2026-08-27,P,746.0,0.0,0.01,0.0,2796.0,0.01,0.4714,-0.006,0.0017,-0.0189,0.0033,0.0,12619.0,5788.0
2026-08-27 11:41:17,2026-08-27T11:25:17,770.64,2026-08-27,C,747.0,23.6,23.81,46.0,52.0,23.49,0.601,0.9937,0.0018,-0.0191,0.0034,0.0,3.0,57.0
2026-08-27 11:41:17,2026-08-27T11:25:17,770.64,2026-08-27,P,747.0,0.01,0.02,2159.0,2913.0,0.01,0.5063,-0.0063,0.0018,-0.0191,0.0034,0.0,11607.0,12314.0
2026-08-27 11:41:17,2026-08-27T11:25:17,770.64,2026-08-27,C,748.0,22.62,23.92,43.0,334.0,22.35,0.8971,0.9934,0.002,-0.0193,0.0036,0.0,17.0,78.0
2026-08-27 11:41:17,2026-08-27T11:25:17,770.64,2026-08-27,P,748.0,0.01,0.02,2159.0,3020.0,0.02,0.4869,-0.0066,0.002,-0.0193,0.0036,0.0,1166.0,2141.0
2026-08-27 11:41:17,2026-08-27T11:25:17,770.64,2026-08-27,C,749.0,21.61,22.92,100.0,341.0,21.55,0.8649,0.9931,0.0022,-0.0195,0.0037,0.0,2.0,134.0
2026-08-27 11:41:17,2026-08-27T11:25:17,770.64,2026-08-27,P,749.0,0.01,0.02,2190.0,3650.0,0.01,0.4674,-0.0069,0.0022,-0.0195,0.0037,0.0,5800.0,957.0
2026-08-27 11:41:17,2026-08-27T11:25:17,770.64,2026-08-27,C,750.0,20.62,20.8,100.0,100.0,20.65,0.5402,0.9928,0.0023,-0.0197,0.0039,0.0,14.0,235.0
2026-08-27 11:41:17,2026-08-27T11:25:17,770.64,2026-08-27,P,750.0,0.01,0.02,2293.0,2990.0,0.02,0.4479,-0.0072,0.0023,-0.0197,0.0039,0.0,4662.0,7475.0
2026-08-27 11:41:17,2026-08-27T11:25:17,770.64,2026-08-27,C,751.0,19.62,20.92,101.0,342.0,18.14,0.8068,0.9924,0.0025,-0.02,0.0041,0.0,13.0,51.0
2026-08-27 11:41:17,2026-08-27T11:25:17,770.64,2026-08-27,P,751.0,0.01,0.02,2795.0,2973.0,0.01,0.4282,-0.0076,0.0025,-0.02,0.0041,0.0,3700.0,2036.0
2026-08-27 11:41:17,2026-08-27T11:25:17,770.64,2026-08-27,C,752.0,18.61,18.8,100.0,100.0,17.3,0.4887,0.992,0.0028,-0.0202,0.0043,0.0,4.0,50.0
2026-08-27 11:41:17,2026-08-27T11:25:17,770.64,2026-08-27,P,752.0,0.01,0.02,2793.0,2890.0,0.01,0.4086,-0.008,0.0028,-0.0202,0.0043,0.0,3896.0,6184.0
2026-08-27 11:41:17,2026-08-27T11:25:17,770.64,2026-08-27,C,753.0,17.62,17.81,101.0,100.0,16.85,0.477,0.9916,0.0031,-0.0205,0.0045,0.0,12.0,224.0
2026-08-27 11:41:17,2026-08-27T11:25:17,770.64,2026-08-27,P,753.0,0.01,0.02,2813.0,2831.0,0.02,0.3888,-0.0084,0.0031,-0.0205,0.0045,0.0,2263.0,1905.0
2026-08-27 11:41:17,2026-08-27T11:25:17,770.64,2026-08-27,C,754.0,16.61,16.8,100.0,100.0,15.92,0.4432,0.9911,0.0034,-0.0208,0.0048,0.0,28.0,155.0
2026-08-27 11:41:17,2026-08-27T11:25:17,770.64,2026-08-27,P,754.0,0.01,0.02,2793.0,2823.0,0.01,0.369,-0.0089,0.0034,-0.0208,0.0048,0.0,2894.0,2518.0
2026-08-27 11:41:17,2026-08-27T11:25:17,770.64,2026-08-27,C,755.0,15.61,15.79,100.0,51.0,16.08,0.4147,0.9905,0.0038,-0.0213,0.0051,0.0,47.0,243.0
2026-08-27 11:41:17,2026-08-27T11:25:17,770.64,2026-08-27,P,755.0,0.01,0.02,2793.0,2823.0,0.02,0.3491,-0.0095,0.0038,-0.0213,0.0051,0.0,5665.0,6635.0
2026-08-27 11:41:17,2026-08-27T11:25:17,770.64,2026-08-27,C,756.0,14.62,15.9,100.0,247.0,12.13,0.646,0.9898,0.0043,-0.0218,0.0054,0.0,2.0,180.0
2026-08-27 11:41:17,2026-08-27T11:25:17,770.64,2026-08-27,P,756.0,0.01,0.02,3503.0,3364.0,0.02,0.3292,-0.0102,0.0043,-0.0218,0.0054,0.0,9599.0,2466.0
2026-08-27 11:41:17,2026-08-27T11:25:17,770.64,2026-08-27,C,757.0,13.63,13.81,100.0,100.0,13.85,0.3876,0.9889,0.0048,-0.0225,0.0058,0.0,44.0,369.0
2026-08-27 11:41:17,2026-08-27T11:25:17,770.64,2026-08-27,P,757.0,0.02,0.03,1720.0,3940.0,0.03,0.3296,-0.0111,0.0048,-0.0225,0.0058,0.0,3410.0,2179.0
2026-08-27 11:41:17,2026-08-27T11:25:17,770.64,2026-08-27,C,758.0,12.62,12.83,100.0,100.0,13.06,0.3676,0.9878,0.0056,-0.0235,0.0063,0.0,96.0,994.0
2026-08-27 11:41:17,2026-08-27T11:25:17,770.64,2026-08-27,P,758.0,0.02,0.03,2329.0,3874.0,0.02,0.3083,-0.0122,0.0056,-0.0235,0.0063,0.0,9200.0,5271.0
2026-08-27 11:41:17,2026-08-27T11:25:17,770.64,2026-08-27,C,759.0,11.62,11.8,114.0,150.0,11.89,0.3312,0.9864,0.0065,-0.0248,0.0069,0.0,132.0,244.0
2026-08-27 11:41:17,2026-08-27T11:25:17,770.64,2026-08-27,P,759.0,0.02,0.03,3134.0,3515.0,0.02,0.2869,-0.0136,0.0065,-0.0248,0.0069,0.0,15676.0,5933.0
2026-08-27 11:41:17,2026-08-27T11:25:17,770.64,2026-08-27,C,760.0,10.62,10.83,113.0,152.0,10.93,0.3184,0.9846,0.0078,-0.0268,0.0078,0.0,1635.0,840.0
2026-08-27 11:41:17,2026-08-27T11:25:17,770.64,2026-08-27,P,760.0,0.02,0.03,3226.0,3317.0,0.03,0.2654,-0.0154,0.0078,-0.0268,0.0078,0.0,31719.0,6095.0
2026-08-27 11:41:17,2026-08-27T11:25:17,770.64,2026-08-27,C,761.0,9.63,9.81,93.0,121.0,10.03,0.2901,0.982,0.0095,-0.0297,0.0089,0.0,402.0,745.0
2026-08-27 11:41:17,2026-08-27T11:25:17,770.64,2026-08-27,P,761.0,0.03,0.04,1389.0,3404.0,0.03,0.2559,-0.018,0.0095,-0.0297,0.0089,0.0,32987.0,2929.0
2026-08-27 11:41:17,2026-08-27T11:25:17,770.64,2026-08-27,C,762.0,8.64,8.75,100.0,94.0,8.67,0.2468,0.9783,0.012,-0.0342,0.0104,0.0,894.0,690.0
2026-08-27 11:41:17,2026-08-27T11:25:17,770.64,2026-08-27,P,762.0,0.03,0.04,3024.0,3011.0,0.03,0.2331,-0.0217,0.012,-0.0342,0.0104,0.0,53625.0,3422.0
2026-08-27 11:41:17,2026-08-27T11:25:17,770.64,2026-08-27,C,763.0,7.64,7.82,117.0,152.0,7.88,0.2561,0.9727,0.0157,-0.0414,0.0126,0.0,1924.0,1330.0
2026-08-27 11:41:17,2026-08-27T11:25:17,770.64,2026-08-27,P,763.0,0.04,0.05,2411.0,2643.0,0.05,0.2188,-0.0273,0.0157,-0.0414,0.0126,0.0,51075.0,5031.0
2026-08-27 11:41:17,2026-08-27T11:25:17,770.64,2026-08-27,C,764.0,6.66,6.84,102.0,100.0,7.01,0.2291,0.9638,0.0214,-0.0532,0.0159,0.0,2683.0,1924.0
2026-08-27 11:41:17,2026-08-27T11:25:17,770.64,2026-08-27,P,764.0,0.05,0.06,2518.0,1366.0,0.05,0.2017,-0.0362,0.0214,-0.0532,0.0159,0.0,67615.0,7873.0
2026-08-27 11:41:17,2026-08-27T11:25:17,770.64,2026-08-27,C,765.0,5.68,5.76,105.0,82.0,5.82,0.1876,0.9493,0.0301,-0.0733,0.0207,0.0,5305.0,4303.0
2026-08-27 11:41:17,2026-08-27T11:25:17,770.64,2026-08-27,P,765.0,0.07,0.08,2862.0,700.0,0.08,0.1876,-0.0507,0.0301,-0.0733,0.0207,0.0,83810.0,5495.0
2026-08-27 11:41:17,2026-08-27T11:25:17,770.64,2026-08-27,C,766.0,4.74,4.77,37.0,100.0,4.75,0.1752,0.9255,0.0436,-0.1075,0.0277,0.0,10595.0,5065.0
2026-08-27 11:41:17,2026-08-27T11:25:17,770.64,2026-08-27,P,766.0,0.1,0.11,2145.0,182.0,0.11,0.1733,-0.0745,0.0436,-0.1075,0.0277,0.0,77693.0,5339.0
2026-08-27 11:41:17,2026-08-27T11:25:17,770.64,2026-08-27,C,767.0,3.79,3.82,80.0,50.0,3.78,0.1641,0.8872,0.0634,-0.1655,0.0371,0.0,35951.0,6518.0
2026-08-27 11:41:17,2026-08-27T11:25:17,770.64,2026-08-27,P,767.0,0.16,0.17,1671.0,799.0,0.17,0.1627,-0.1128,0.0634,-0.1655,0.0371,0.0,126134.0,3089.0
2026-08-27 11:41:17,2026-08-27T11:25:17,770.64,2026-08-27,C,768.0,2.88,2.91,36.0,109.0,2.91,0.1514,0.8272,0.0908,-0.2615,0.0488,0.0,101179.0,4522.0
2026-08-27 11:41:17,2026-08-27T11:25:17,770.64,2026-08-27,P,768.0,0.25,0.26,1570.0,261.0,0.26,0.1504,-0.1728,0.0908,-0.2615,0.0488,0.0,191085.0,2666.0
2026-08-27 11:41:17,2026-08-27T11:25:17,770.64,2026-08-27,C,769.0,2.05,2.07,164.0,137.0,2.07,0.141,0.7365,0.1251,-0.4184,0.0614,0.0,202509.0,7157.0
2026-08-27 11:41:17,2026-08-27T11:25:17,770.64,2026-08-27,P,769.0,0.41,0.42,710.0,190.0,0.41,0.1401,-0.2635,0.1251,-0.4184,0.0614,0.0,163323.0,521.0
2026-08-27 11:41:17,2026-08-27T11:25:17,770.64,2026-08-27,C,770.0,1.32,1.33,77.0,132.0,1.33,0.1316,0.6057,0.159,-0.6776,0.0716,0.0,300082.0,7702.0
2026-08-27 11:41:17,2026-08-27T11:25:17,770.64,2026-08-27,P,770.0,0.68,0.69,113.0,481.0,0.68,0.1316,-0.3943,0.159,-0.6776,0.0716,0.0,113659.0,984.0
2026-08-27 11:41:17,2026-08-27T11:25:17,770.64,2026-08-27,C,771.0,0.74,0.75,335.0,174.0,0.75,0.1231,0.4388,0.1727,-0.7451,0.0732,0.0,251700.0,5376.0
2026-08-27 11:41:17,2026-08-27T11:25:17,770.64,2026-08-27,P,771.0,1.1,1.11,101.0,148.0,1.11,0.1238,-0.5612,0.1727,-0.7451,0.0732,0.0,40559.0,1468.0
2026-08-27 11:41:17,2026-08-27T11:25:17,770.64,2026-08-27,C,772.0,0.36,0.37,382.0,556.0,0.37,0.119,0.2716,0.1493,-0.3694,0.0624,0.0,165860.0,4406.0
2026-08-27 11:41:17,2026-08-27T11:25:17,770.64,2026-08-27,P,772.0,1.71,1.73,200.0,22.0,1.71,0.119,-0.7284,0.1493,-0.3694,0.0624,0.0,10082.0,555.0
2026-08-27 11:41:17,2026-08-27T11:25:17,770.64,2026-08-27,C,773.0,0.16,0.17,374.0,1538.0,0.17,0.1196,0.1468,0.1028,-0.1688,0.0446,0.0,112913.0,3955.0
2026-08-27 11:41:17,2026-08-27T11:25:17,770.64,2026-08-27,P,773.0,2.51,2.54,114.0,6.0,2.52,0.1184,-0.8532,0.1028,-0.1688,0.0446,0.0,3043.0,1148.0
2026-08-27 11:41:17,2026-08-27T11:25:17,770.64,2026-08-27,C,774.0,0.07,0.08,1393.0,1325.0,0.07,0.1242,0.0743,0.0607,-0.0766,0.0282,0.0,121880.0,9159.0
2026-08-27 11:41:17,2026-08-27T11:25:17,770.64,2026-08-27,P,774.0,3.32,3.47,130.0,153.0,3.42,0.1085,-0.9257,0.0607,-0.0766,0.0282,0.0,1482.0,763.0
2026-08-27 11:41:17,2026-08-27T11:25:17,770.64,2026-08-27,C,775.0,0.04,0.05,1549.0,3427.0,0.04,0.1368,0.038,0.0338,-0.0369,0.0172,0.0,43952.0,8218.0
2026-08-27 11:41:17,2026-08-27T11:25:17,770.64,2026-08-27,P,775.0,4.24,4.44,224.0,100.0,4.3,0.0,-0.962,0.0338,-0.0369,0.0172,0.0,1358.0,858.0
2026-08-27 11:41:17,2026-08-27T11:25:17,770.64,2026-08-27,C,776.0,0.02,0.03,3022.0,2936.0,0.03,0.1463,0.0218,0.0197,-0.021,0.011,0.0,15693.0,4528.0
2026-08-27 11:41:17,2026-08-27T11:25:17,770.64,2026-08-27,P,776.0,5.24,5.42,93.0,100.0,5.25,0.0,-0.9782,0.0197,-0.021,0.011,0.0,146.0,94.0
2026-08-27 11:41:17,2026-08-27T11:25:17,770.64,2026-08-27,C,777.0,0.01,0.02,3451.0,2078.0,0.02,0.1568,0.0144,0.0127,-0.0144,0.0078,0.0,8744.0,4442.0
2026-08-27 11:41:17,2026-08-27T11:25:17,770.64,2026-08-27,P,777.0,6.23,6.42,194.0,64.0,6.15,0.0,-0.9856,0.0127,-0.0144,0.0078,0.0,166.0,199.0
2026-08-27 11:41:17,2026-08-27T11:25:17,770.64,2026-08-27,C,778.0,0.01,0.02,2820.0,2742.0,0.01,0.1778,0.0109,0.009,-0.0116,0.0061,0.0,3675.0,2468.0
2026-08-27 11:41:17,2026-08-27T11:25:17,770.64,2026-08-27,P,778.0,6.21,7.88,198.0,199.0,7.14,0.0,-0.9891,0.009,-0.0116,0.0061,0.0,198.0,0.0
2026-08-27 11:41:17,2026-08-27T11:25:17,770.64,2026-08-27,C,779.0,0.01,0.02,2729.0,2986.0,0.01,0.1984,0.009,0.0069,-0.0104,0.0052,0.0,1476.0,2257.0
2026-08-27 11:41:17,2026-08-27T11:25:17,770.64,2026-08-27,P,779.0,7.57,8.9,225.0,207.0,7.96,0.0,-0.991,0.0069,-0.0104,0.0052,0.0,21.0,0.0
2026-08-27 11:41:17,2026-08-27T11:25:17,770.64,2026-08-27,C,780.0,0.0,0.01,0.0,2736.0,0.01,0.1925,0.008,0.0057,-0.0099,0.0046,0.0,7007.0,5535.0
2026-08-27 11:41:17,2026-08-27T11:25:17,770.64,2026-08-27,P,780.0,8.9,9.42,199.0,100.0,9.1,0.0,-0.992,0.0057,-0.0099,0.0046,0.0,76.0,1.0
2026-08-27 11:41:17,2026-08-27T11:25:17,770.64,2026-08-27,C,781.0,0.0,0.01,0.0,2805.0,0.01,0.2106,0.0072,0.0048,-0.0096,0.0042,0.0,6144.0,1478.0
2026-08-27 11:41:17,2026-08-27T11:25:17,770.64,2026-08-27,P,781.0,9.58,11.19,171.0,152.0,11.3,0.2623,-0.9928,0.0048,-0.0096,0.0042,0.0,5.0,1.0
2026-08-27 11:41:17,2026-08-27T11:25:17,770.64,2026-08-27,C,782.0,0.0,0.01,0.0,2702.0,0.01,0.2287,0.0066,0.0041,-0.0095,0.0038,0.0,329.0,2919.0
2026-08-27 11:41:17,2026-08-27T11:25:17,770.64,2026-08-27,P,782.0,10.84,12.19,263.0,152.0,16.55,0.3778,-0.9934,0.0041,-0.0095,0.0038,0.0,0.0,0.0
2026-08-27 11:41:17,2026-08-27T11:25:17,770.64,2026-08-27,C,783.0,0.0,0.01,0.0,2701.0,0.01,0.2465,0.0062,0.0036,-0.0094,0.0036,0.0,393.0,1573.0
2026-08-27 11:41:17,2026-08-27T11:25:17,770.64,2026-08-27,P,783.0,11.09,13.19,127.0,156.0,16.79,0.0,-0.9938,0.0036,-0.0094,0.0036,0.0,0.0,0.0
2026-08-27 11:41:17,2026-08-27T11:25:17,770.64,2026-08-27,C,784.0,0.0,0.01,0.0,2701.0,0.01,0.2642,0.0057,0.0031,-0.0093,0.0033,0.0,13.0,1820.0
2026-08-27 11:41:17,2026-08-27T11:25:17,770.64,2026-08-27,P,784.0,12.09,14.32,100.0,267.0,18.93,0.0,-0.9943,0.0031,-0.0093,0.0033,0.0,0.0,0.0
2026-08-27 11:41:17,2026-08-27T11:25:17,770.64,2026-08-27,C,785.0,0.0,0.01,0.0,2701.0,0.01,0.2818,0.0054,0.0028,-0.0092,0.0031,0.0,12.0,1464.0
2026-08-27 11:41:17,2026-08-27T11:25:17,770.64,2026-08-27,P,785.0,13.09,15.32,100.0,237.0,19.97,0.0,-0.9946,0.0028,-0.0092,0.0031,0.0,0.0,0.0
2026-08-27 11:41:17,2026-08-27T11:25:17,770.64,2026-08-27,C,786.0,0.0,0.01,0.0,2701.0,0.01,0.2992,0.0051,0.0025,-0.0091,0.003,0.0,487.0,1211.0
2026-08-27 11:41:17,2026-08-27T11:25:17,770.64,2026-08-27,P,786.0,14.09,16.32,100.0,260.0,20.55,0.0,-0.9949,0.0025,-0.0091,0.003,0.0,0.0,0.0
2026-08-27 11:41:17,2026-08-27T11:25:17,770.64,2026-08-27,C,787.0,0.0,0.01,0.0,2634.0,0.01,0.3166,0.0048,0.0022,-0.009,0.0028,0.0,26.0,3748.0
2026-08-27 11:41:17,2026-08-27T11:25:17,770.64,2026-08-27,P,787.0,15.09,17.32,100.0,262.0,19.79,0.0,-0.9952,0.0022,-0.009,0.0028,0.0,10.0,0.0
2026-08-27 11:41:17,2026-08-27T11:25:17,770.64,2026-08-27,C,788.0,0.0,0.01,0.0,2723.0,0.01,0.3338,0.0045,0.002,-0.0089,0.0026,0.0,132.0,1662.0
2026-08-27 11:41:17,2026-08-27T11:25:17,770.64,2026-08-27,P,788.0,16.09,18.32,100.0,252.0,23.87,0.0,-0.9955,0.002,-0.0089,0.0026,0.0,0.0,0.0
2026-08-27 11:41:17,2026-08-27T11:25:17,770.64,2026-08-27,C,789.0,0.0,0.01,0.0,2723.0,0.01,0.3509,0.0043,0.0018,-0.0088,0.0025,0.0,34.0,1705.0
2026-08-27 11:41:17,2026-08-27T11:25:17,770.64,2026-08-27,P,789.0,17.09,19.31,100.0,100.0,22.03,0.0,-0.9957,0.0018,-0.0088,0.0025,0.0,0.0,0.0
2026-08-27 11:41:17,2026-08-27T11:25:17,770.64,2026-08-27,C,790.0,0.0,0.01,0.0,3021.0,0.01,0.3679,0.0041,0.0017,-0.0087,0.0024,0.0,34.0,294.0
2026-08-27 11:41:17,2026-08-27T11:25:17,770.64,2026-08-27,P,790.0,18.09,20.32,100.0,261.0,21.57,0.0,-0.9959,0.0017,-0.0087,0.0024,0.0,4.0,2.0
2026-08-27 11:41:17,2026-08-27T11:25:17,770.64,2026-08-27,C,791.0,0.0,0.01,0.0,2724.0,0.01,0.3849,0.0039,0.0015,-0.0087,0.0023,0.0,8.0,479.0
2026-08-27 11:41:17,2026-08-27T11:25:17,770.64,2026-08-27,P,791.0,19.79,21.33,100.0,100.0,23.85,0.6299,-0.9961,0.0015,-0.0087,0.0023,0.0,0.0,0.0
2026-08-27 11:41:17,2026-08-27T11:25:17,770.64,2026-08-27,C,792.0,0.0,0.01,0.0,2724.0,0.01,0.4017,0.0037,0.0014,-0.0086,0.0022,0.0,2.0,563.0
2026-08-27 11:41:17,2026-08-27T11:25:17,770.64,2026-08-27,P,792.0,20.09,22.33,100.0,100.0,26.8,0.0,-0.9963,0.0014,-0.0086,0.0022,0.0,0.0,0.0
2026-08-27 11:41:17,2026-08-27T11:25:17,770.64,2026-08-27,C,793.0,0.0,0.01,0.0,2724.0,0.02,0.4185,0.0036,0.0013,-0.0085,0.0021,0.0,0.0,582.0
2026-08-27 11:41:17,2026-08-27T11:25:17,770.64,2026-08-27,P,793.0,21.26,23.32,238.0,237.0,22.92,0.0,-0.9964,0.0013,-0.0085,0.0021,0.0,3.0,0.0
2026-08-27 11:41:17,2026-08-27T11:25:17,770.64,2026-08-27,C,794.0,0.0,0.01,0.0,2224.0,0.01,0.4352,0.0034,0.0012,-0.0084,0.002,0.0,1.0,133.0
2026-08-27 11:41:17,2026-08-27T11:25:17,770.64,2026-08-27,P,794.0,22.09,24.3,50.0,245.0,29.84,0.0,-0.9966,0.0012,-0.0084,0.002,0.0,0.0,0.0
2026-08-27 11:41:17,2026-08-27T11:25:17,770.64,2026-08-27,C,795.0,0.0,0.01,0.0,3526.0,0.01,0.4518,0.0033,0.0011,-0.0083,0.0019,0.0,9.0,71.0
2026-08-27 11:41:17,2026-08-27T11:25:17,770.64,2026-08-27,P,795.0,22.96,25.32,350.0,304.0,30.48,0.0,-0.9967,0.0011,-0.0083,0.0019,0.0,0.0,0.0
2026-08-27 11:41:17,2026-08-27T11:25:17,770.64,2026-08-27,C,796.0,0.0,0.01,0.0,2223.0,0.01,0.4683,0.0031,0.001,-0.0082,0.0018,0.0,4.0,117.0
2026-08-27 11:41:17,2026-08-27T11:25:17,770.64,2026-08-27,P,796.0,24.0,26.32,298.0,305.0,29.1,0.0,-0.9969,0.001,-0.0082,0.0018,0.0,0.0,0.0
2026-08-27 11:41:17,2026-08-27T11:25:17,770.64,2026-08-27,C,797.0,0.0,0.01,0.0,2224.0,0.01,0.4848,0.003,0.001,-0.0081,0.0018,0.0,3.0,30.0
2026-08-27 11:41:17,2026-08-27T11:25:17,770.64,2026-08-27,P,797.0,25.0,27.32,303.0,300.0,31.86,0.0,-0.997,0.001,-0.0081,0.0018,0.0,0.0,0.0
2026-08-27 11:41:17,2026-08-27T11:25:17,770.64,2026-08-27,C,798.0,0.0,0.01,0.0,2224.0,0.01,0.5012,0.0029,0.0009,-0.0081,0.0017,0.0,0.0,50.0
2026-08-27 11:41:17,2026-08-27T11:25:17,770.64,2026-08-27,P,798.0,26.71,28.32,51.0,307.0,27.61,0.7647,-0.9971,0.0009,-0.0081,0.0017,0.0,2.0,0.0
2026-08-27 11:41:17,2026-08-27T11:25:17,770.64,2026-08-27,C,799.0,0.0,0.01,0.0,2224.0,0.02,0.5175,0.0028,0.0009,-0.008,0.0017,0.0,0.0,59.0
2026-08-27 11:41:17,2026-08-27T11:25:17,770.64,2026-08-27,P,799.0,26.96,29.32,231.0,244.0,31.53,0.0,-0.9972,0.0009,-0.008,0.0017,0.0,0.0,0.0
2026-08-27 11:41:17,2026-08-27T11:25:17,770.64,2026-08-27,C,800.0,0.0,0.01,0.0,5235.0,0.01,0.5338,0.0027,0.0008,-0.0079,0.0016,0.0,0.0,245.0
2026-08-27 11:41:17,2026-08-27T11:25:17,770.64,2026-08-27,P,800.0,28.13,30.32,50.0,45.0,33.4,0.0,-0.9973,0.0008,-0.0079,0.0016,0.0,0.0,0.0
2026-08-27 11:41:17,2026-08-27T11:25:17,770.64,2026-08-27,C,801.0,0.0,0.01,0.0,2224.0,0.01,0.55,0.0026,0.0008,-0.0078,0.0016,0.0,0.0,18.0
2026-08-27 11:41:17,2026-08-27T11:25:17,770.64,2026-08-27,P,801.0,29.21,31.32,15.0,15.0,34.58,0.0,-0.9974,0.0008,-0.0078,0.0016,0.0,0.0,0.0
2026-08-27 11:41:17,2026-08-27T11:25:17,770.64,2026-08-27,C,802.0,0.0,0.01,0.0,2224.0,0.01,0.5661,0.0025,0.0007,-0.0078,0.0015,0.0,0.0,58.0
2026-08-27 11:41:17,2026-08-27T11:25:17,770.64,2026-08-27,P,802.0,30.18,32.41,15.0,15.0,36.19,0.0,-0.9975,0.0007,-0.0078,0.0015,0.0,0.0,0.0
2026-08-27 11:41:17,2026-08-27T11:25:17,770.64,2026-08-27,C,803.0,0.0,0.01,0.0,2224.0,0.02,0.5822,0.0024,0.0007,-0.0077,0.0014,0.0,0.0,64.0
2026-08-27 11:41:17,2026-08-27T11:25:17,770.64,2026-08-27,P,803.0,30.96,33.61,10.0,5.0,0.0,0.0,-0.9976,0.0007,-0.0077,0.0014,0.0,0.0,0.0
2026-08-27 11:41:17,2026-08-27T11:25:17,770.64,2026-08-27,C,804.0,0.0,0.01,0.0,2224.0,0.03,0.5982,0.0024,0.0006,-0.0076,0.0014,0.0,0.0,33.0
2026-08-27 11:41:17,2026-08-27T11:25:17,770.64,2026-08-27,P,804.0,31.96,34.61,10.0,5.0,0.0,0.0,-0.9976,0.0006,-0.0076,0.0014,0.0,0.0,0.0
2026-08-27 11:41:17,2026-08-27T11:25:17,770.64,2026-08-27,C,805.0,0.0,0.01,0.0,2224.0,0.01,0.6142,0.0023,0.0006,-0.0075,0.0014,0.0,0.0,315.0
2026-08-27 11:41:17,2026-08-27T11:25:17,770.64,2026-08-27,P,805.0,32.96,35.61,5.0,5.0,39.15,0.0,-0.9977,0.0006,-0.0075,0.0014,0.0,0.0,0.0
2026-08-27 11:41:17,2026-08-27T11:25:17,770.64,2026-08-27,C,806.0,0.0,0.01,0.0,2224.0,0.02,0.6301,0.0022,0.0006,-0.0074,0.0013,0.0,0.0,315.0
2026-08-27 11:41:17,2026-08-27T11:25:17,770.64,2026-08-27,P,806.0,33.96,36.61,5.0,5.0,0.0,0.0,-0.9978,0.0006,-0.0074,0.0013,0.0,0.0,0.0
2026-08-27 11:41:17,2026-08-27T11:25:17,770.64,2026-08-27,C,807.0,0.0,0.01,0.0,2224.0,0.0,0.646,0.0021,0.0005,-0.0074,0.0013,0.0,0.0,0.0
2026-08-27 11:41:17,2026-08-27T11:25:17,770.64,2026-08-27,P,807.0,36.22,36.41,7.0,2.0,37.88,0.0,-0.9979,0.0005,-0.0074,0.0013,0.0,2.0,0.0
2026-08-27 11:41:17,2026-08-27T11:25:17,770.64,2026-08-27,C,808.0,0.0,0.01,0.0,2224.0,0.14,0.6618,0.0021,0.0005,-0.0073,0.0012,0.0,0.0,6.0
2026-08-27 11:41:17,2026-08-27T11:25:17,770.64,2026-08-27,P,808.0,37.2,37.41,7.0,2.0,38.83,0.0,-0.9979,0.0005,-0.0073,0.0012,0.0,2.0,0.0
2026-08-27 11:41:17,2026-08-27T11:25:17,770.64,2026-08-27,C,809.0,0.0,0.01,0.0,2224.0,0.02,0.6776,0.002,0.0005,-0.0072,0.0012,0.0,0.0,153.0
2026-08-27 11:41:17,2026-08-27T11:25:17,770.64,2026-08-27,P,809.0,38.2,38.41,7.0,2.0,39.77,0.0,-0.998,0.0005,-0.0072,0.0012,0.0,10.0,0.0
