fetched_at_et,quote_ts,spot,expiry,type,strike,bid,ask,bid_size,ask_size,last_trade_price,iv,delta,gamma,theta,vega,rho,volume,open_interest
2026-09-15 09:50:44,2026-09-15T09:35:20,759.138,2026-09-15,C,722.0,37.03,37.36,22.0,101.0,43.97,0.0,0.997,0.0007,-0.0122,0.002,0.0,0.0,4.0
2026-09-15 09:50:44,2026-09-15T09:35:20,759.138,2026-09-15,P,722.0,0.0,0.01,0.0,1251.0,0.01,0.6023,-0.003,0.0007,-0.0122,0.002,0.0,60.0,2491.0
2026-09-15 09:50:44,2026-09-15T09:35:20,759.138,2026-09-15,C,723.0,36.01,36.36,22.0,22.0,41.11,0.0,0.9969,0.0007,-0.0125,0.0021,0.0,0.0,3.0
2026-09-15 09:50:44,2026-09-15T09:35:20,759.138,2026-09-15,P,723.0,0.0,0.01,0.0,1222.0,0.01,0.5871,-0.0031,0.0007,-0.0125,0.0021,0.0,501.0,805.0
2026-09-15 09:50:44,2026-09-15T09:35:20,759.138,2026-09-15,C,724.0,35.02,35.36,22.0,104.0,40.6,0.0,0.9967,0.0007,-0.0127,0.0022,0.0,0.0,6.0
2026-09-15 09:50:44,2026-09-15T09:35:20,759.138,2026-09-15,P,724.0,0.0,0.01,0.0,1959.0,0.01,0.5719,-0.0033,0.0007,-0.0127,0.0022,0.0,5.0,1796.0
2026-09-15 09:50:44,2026-09-15T09:35:20,759.138,2026-09-15,C,725.0,34.01,34.36,22.0,22.0,36.51,0.0,0.9966,0.0008,-0.013,0.0023,0.0,0.0,27.0
2026-09-15 09:50:44,2026-09-15T09:35:20,759.138,2026-09-15,P,725.0,0.0,0.01,0.0,1793.0,0.01,0.5566,-0.0034,0.0008,-0.013,0.0023,0.0,4.0,1196.0
2026-09-15 09:50:44,2026-09-15T09:35:20,759.138,2026-09-15,C,726.0,33.02,33.36,22.0,104.0,32.89,0.0,0.9965,0.0008,-0.0132,0.0024,0.0,10.0,10.0
2026-09-15 09:50:44,2026-09-15T09:35:20,759.138,2026-09-15,P,726.0,0.0,0.01,0.0,1701.0,0.01,0.5414,-0.0035,0.0008,-0.0132,0.0024,0.0,105.0,16496.0
2026-09-15 09:50:44,2026-09-15T09:35:20,759.138,2026-09-15,C,727.0,32.04,32.36,22.0,104.0,31.95,0.0,0.9963,0.0009,-0.0135,0.0024,0.0,16.0,9.0
2026-09-15 09:50:44,2026-09-15T09:35:20,759.138,2026-09-15,P,727.0,0.0,0.01,0.0,1520.0,0.01,0.5261,-0.0037,0.0009,-0.0135,0.0024,0.0,105.0,29180.0
2026-09-15 09:50:44,2026-09-15T09:35:20,759.138,2026-09-15,C,728.0,31.02,31.36,22.0,102.0,30.94,0.0,0.9962,0.001,-0.0138,0.0025,0.0,6.0,10.0
2026-09-15 09:50:44,2026-09-15T09:35:20,759.138,2026-09-15,P,728.0,0.0,0.01,0.0,1635.0,0.01,0.5108,-0.0038,0.001,-0.0138,0.0025,0.0,40.0,1126.0
2026-09-15 09:50:44,2026-09-15T09:35:20,759.138,2026-09-15,C,729.0,30.11,30.25,9.0,22.0,36.64,0.6414,0.996,0.001,-0.014,0.0026,0.0,0.0,11.0
2026-09-15 09:50:44,2026-09-15T09:35:20,759.138,2026-09-15,P,729.0,0.0,0.01,0.0,1591.0,0.01,0.4956,-0.004,0.001,-0.014,0.0026,0.0,626.0,1595.0
2026-09-15 09:50:44,2026-09-15T09:35:20,759.138,2026-09-15,C,730.0,29.12,29.25,28.0,41.0,29.5,0.5975,0.9958,0.0011,-0.0143,0.0028,0.0,10.0,64.0
2026-09-15 09:50:44,2026-09-15T09:35:20,759.138,2026-09-15,P,730.0,0.01,0.02,406.0,2880.0,0.02,0.534,-0.0042,0.0011,-0.0143,0.0028,0.0,4252.0,19303.0
2026-09-15 09:50:44,2026-09-15T09:35:20,759.138,2026-09-15,C,731.0,28.11,28.25,20.0,14.0,30.91,0.6107,0.9956,0.0012,-0.0146,0.0029,0.0,0.0,9.0
2026-09-15 09:50:44,2026-09-15T09:35:20,759.138,2026-09-15,P,731.0,0.0,0.01,0.0,775.0,0.01,0.4649,-0.0044,0.0012,-0.0146,0.0029,0.0,1340.0,18305.0
2026-09-15 09:50:44,2026-09-15T09:35:20,759.138,2026-09-15,C,732.0,27.11,27.24,21.0,20.0,27.29,0.5772,0.9954,0.0013,-0.0148,0.003,0.0,1.0,8.0
2026-09-15 09:50:44,2026-09-15T09:35:20,759.138,2026-09-15,P,732.0,0.0,0.01,0.0,544.0,0.01,0.4496,-0.0046,0.0013,-0.0148,0.003,0.0,1693.0,6051.0
2026-09-15 09:50:44,2026-09-15T09:35:20,759.138,2026-09-15,C,733.0,26.13,26.26,5.0,22.0,25.22,0.5656,0.9952,0.0014,-0.0151,0.0031,0.0,0.0,1.0
2026-09-15 09:50:44,2026-09-15T09:35:20,759.138,2026-09-15,P,733.0,0.01,0.02,2092.0,3533.0,0.02,0.4837,-0.0048,0.0014,-0.0151,0.0031,0.0,842.0,1432.0
2026-09-15 09:50:44,2026-09-15T09:35:20,759.138,2026-09-15,C,734.0,25.13,25.26,19.0,9.0,28.98,0.5531,0.995,0.0015,-0.0154,0.0033,0.0,0.0,6.0
2026-09-15 09:50:44,2026-09-15T09:35:20,759.138,2026-09-15,P,734.0,0.01,0.02,2087.0,2825.0,0.01,0.4669,-0.005,0.0015,-0.0154,0.0033,0.0,365.0,5103.0
2026-09-15 09:50:44,2026-09-15T09:35:20,759.138,2026-09-15,C,735.0,24.11,24.25,20.0,21.0,27.45,0.5206,0.9947,0.0016,-0.0157,0.0034,0.0,0.0,44.0
2026-09-15 09:50:44,2026-09-15T09:35:20,759.138,2026-09-15,P,735.0,0.01,0.02,2793.0,2779.0,0.02,0.45,-0.0053,0.0016,-0.0157,0.0034,0.0,3115.0,3541.0
2026-09-15 09:50:44,2026-09-15T09:35:20,759.138,2026-09-15,C,736.0,23.11,23.23,28.0,5.0,29.54,0.4945,0.9944,0.0017,-0.016,0.0036,0.0,0.0,10.0
2026-09-15 09:50:44,2026-09-15T09:35:20,759.138,2026-09-15,P,736.0,0.01,0.02,2372.0,2666.0,0.02,0.4331,-0.0056,0.0017,-0.016,0.0036,0.0,2.0,1647.0
2026-09-15 09:50:44,2026-09-15T09:35:20,759.138,2026-09-15,C,737.0,22.13,22.21,39.0,1.0,22.33,0.4756,0.9941,0.0019,-0.0164,0.0038,0.0,3.0,6.0
2026-09-15 09:50:44,2026-09-15T09:35:20,759.138,2026-09-15,P,737.0,0.01,0.02,1939.0,2599.0,0.05,0.4162,-0.0059,0.0019,-0.0164,0.0038,0.0,0.0,541.0
2026-09-15 09:50:44,2026-09-15T09:35:20,759.138,2026-09-15,C,738.0,21.13,21.22,8.0,6.0,24.15,0.4568,0.9938,0.002,-0.0168,0.004,0.0,0.0,10.0
2026-09-15 09:50:44,2026-09-15T09:35:20,759.138,2026-09-15,P,738.0,0.01,0.02,2481.0,2540.0,0.01,0.3992,-0.0062,0.002,-0.0168,0.004,0.0,3.0,1543.0
2026-09-15 09:50:44,2026-09-15T09:35:20,759.138,2026-09-15,C,739.0,20.12,20.23,59.0,6.0,0.0,0.4378,0.9934,0.0022,-0.0172,0.0042,0.0,0.0,0.0
2026-09-15 09:50:44,2026-09-15T09:35:20,759.138,2026-09-15,P,739.0,0.01,0.02,2358.0,2508.0,0.01,0.3822,-0.0066,0.0022,-0.0172,0.0042,0.0,4.0,787.0
2026-09-15 09:50:44,2026-09-15T09:35:20,759.138,2026-09-15,C,740.0,19.13,19.22,14.0,1.0,19.0,0.4188,0.993,0.0025,-0.0177,0.0044,0.0,10.0,97.0
2026-09-15 09:50:44,2026-09-15T09:35:20,759.138,2026-09-15,P,740.0,0.01,0.02,2239.0,2062.0,0.01,0.3651,-0.007,0.0025,-0.0177,0.0044,0.0,78.0,2230.0
2026-09-15 09:50:44,2026-09-15T09:35:20,759.138,2026-09-15,C,741.0,18.13,18.21,161.0,5.0,17.55,0.3996,0.9925,0.0027,-0.0182,0.0047,0.0,0.0,57.0
2026-09-15 09:50:44,2026-09-15T09:35:20,759.138,2026-09-15,P,741.0,0.01,0.02,3031.0,2898.0,0.02,0.3479,-0.0075,0.0027,-0.0182,0.0047,0.0,2.0,1396.0
2026-09-15 09:50:44,2026-09-15T09:35:20,759.138,2026-09-15,C,742.0,17.14,17.22,27.0,6.0,19.3,0.3862,0.9919,0.0031,-0.019,0.0051,0.0,0.0,16.0
2026-09-15 09:50:44,2026-09-15T09:35:20,759.138,2026-09-15,P,742.0,0.01,0.02,3775.0,2383.0,0.01,0.3307,-0.0081,0.0031,-0.019,0.0051,0.0,21.0,16025.0
2026-09-15 09:50:44,2026-09-15T09:35:20,759.138,2026-09-15,C,743.0,16.14,16.24,73.0,1.0,19.8,0.3719,0.9912,0.0034,-0.0199,0.0055,0.0,0.0,38.0
2026-09-15 09:50:44,2026-09-15T09:35:20,759.138,2026-09-15,P,743.0,0.01,0.02,3359.0,1086.0,0.01,0.3134,-0.0088,0.0034,-0.0199,0.0055,0.0,121.0,1867.0
2026-09-15 09:50:44,2026-09-15T09:35:20,759.138,2026-09-15,C,744.0,15.12,15.23,61.0,1.0,17.1,0.352,0.9903,0.0039,-0.0211,0.006,0.0,0.0,39.0
2026-09-15 09:50:44,2026-09-15T09:35:20,759.138,2026-09-15,P,744.0,0.02,0.03,2656.0,3501.0,0.02,0.3153,-0.0097,0.0039,-0.0211,0.006,0.0,2292.0,1688.0
2026-09-15 09:50:44,2026-09-15T09:35:20,759.138,2026-09-15,C,745.0,14.15,14.24,14.0,1.0,14.99,0.3366,0.9891,0.0046,-0.0228,0.0066,0.0,1.0,514.0
2026-09-15 09:50:44,2026-09-15T09:35:20,759.138,2026-09-15,P,745.0,0.02,0.03,3162.0,2288.0,0.02,0.297,-0.0109,0.0046,-0.0228,0.0066,0.0,593.0,4821.0
2026-09-15 09:50:44,2026-09-15T09:35:20,759.138,2026-09-15,C,746.0,13.15,13.23,31.0,1.0,16.0,0.312,0.9876,0.0054,-0.0251,0.0074,0.0,0.0,231.0
2026-09-15 09:50:44,2026-09-15T09:35:20,759.138,2026-09-15,P,746.0,0.02,0.03,2547.0,3104.0,0.03,0.2786,-0.0124,0.0054,-0.0251,0.0074,0.0,198.0,1600.0
2026-09-15 09:50:44,2026-09-15T09:35:20,759.138,2026-09-15,C,747.0,12.14,12.25,212.0,16.0,16.14,0.2997,0.9855,0.0065,-0.0285,0.0085,0.0,0.0,124.0
2026-09-15 09:50:44,2026-09-15T09:35:20,759.138,2026-09-15,P,747.0,0.03,0.04,1265.0,3590.0,0.03,0.2725,-0.0145,0.0065,-0.0285,0.0085,0.0,361.0,2889.0
2026-09-15 09:50:44,2026-09-15T09:35:20,759.138,2026-09-15,C,748.0,11.15,11.25,202.0,1.0,10.98,0.2789,0.9826,0.008,-0.0333,0.01,0.0,11.0,240.0
2026-09-15 09:50:44,2026-09-15T09:35:20,759.138,2026-09-15,P,748.0,0.03,0.04,1755.0,1543.0,0.04,0.2531,-0.0174,0.008,-0.0333,0.01,0.0,614.0,5015.0
2026-09-15 09:50:44,2026-09-15T09:35:20,759.138,2026-09-15,C,749.0,10.17,10.26,60.0,2.0,10.32,0.2644,0.9784,0.0102,-0.0403,0.0119,0.0,1.0,165.0
2026-09-15 09:50:44,2026-09-15T09:35:20,759.138,2026-09-15,P,749.0,0.04,0.05,2966.0,2937.0,0.05,0.2428,-0.0216,0.0102,-0.0403,0.0119,0.0,583.0,2839.0
2026-09-15 09:50:44,2026-09-15T09:35:20,759.138,2026-09-15,C,750.0,9.15,9.26,204.0,1.0,9.1,0.2484,0.9725,0.0131,-0.0505,0.0146,0.0,75.0,357.0
2026-09-15 09:50:44,2026-09-15T09:35:20,759.138,2026-09-15,P,750.0,0.05,0.06,2850.0,2894.0,0.05,0.23,-0.0275,0.0131,-0.0505,0.0146,0.0,2817.0,11473.0
2026-09-15 09:50:44,2026-09-15T09:35:20,759.138,2026-09-15,C,751.0,8.17,8.27,151.0,1.0,8.14,0.2311,0.9639,0.0173,-0.0656,0.0182,0.0,18.0,147.0
2026-09-15 09:50:44,2026-09-15T09:35:20,759.138,2026-09-15,P,751.0,0.06,0.07,1965.0,2071.0,0.06,0.2151,-0.0361,0.0173,-0.0656,0.0182,0.0,4182.0,3638.0
2026-09-15 09:50:44,2026-09-15T09:35:20,759.138,2026-09-15,C,752.0,7.21,7.3,24.0,1.0,6.99,0.2205,0.9515,0.023,-0.0878,0.0229,0.0,8.0,188.0
2026-09-15 09:50:44,2026-09-15T09:35:20,759.138,2026-09-15,P,752.0,0.08,0.09,2566.0,1814.0,0.09,0.2035,-0.0485,0.023,-0.0878,0.0229,0.0,2960.0,2977.0
2026-09-15 09:50:44,2026-09-15T09:35:20,759.138,2026-09-15,C,753.0,6.25,6.32,5.0,72.0,6.02,0.2047,0.9334,0.0311,-0.121,0.0291,0.0,3.0,235.0
2026-09-15 09:50:44,2026-09-15T09:35:20,759.138,2026-09-15,P,753.0,0.12,0.13,324.0,1909.0,0.11,0.1926,-0.0666,0.0311,-0.121,0.0291,0.0,3213.0,6336.0
2026-09-15 09:50:44,2026-09-15T09:35:20,759.138,2026-09-15,C,754.0,5.32,5.35,60.0,42.0,5.39,0.197,0.9071,0.0421,-0.1712,0.0371,0.0,38.0,240.0
2026-09-15 09:50:44,2026-09-15T09:35:20,759.138,2026-09-15,P,754.0,0.17,0.18,873.0,1650.0,0.17,0.1836,-0.0929,0.0421,-0.1712,0.0371,0.0,1977.0,4123.0
2026-09-15 09:50:44,2026-09-15T09:35:20,759.138,2026-09-15,C,755.0,4.4,4.45,351.0,47.0,4.42,0.1845,0.8689,0.0565,-0.2481,0.047,0.0,248.0,413.0
2026-09-15 09:50:44,2026-09-15T09:35:20,759.138,2026-09-15,P,755.0,0.25,0.26,402.0,854.0,0.25,0.1759,-0.1311,0.0565,-0.2481,0.047,0.0,6395.0,14480.0
2026-09-15 09:50:44,2026-09-15T09:35:20,759.138,2026-09-15,C,756.0,3.52,3.55,94.0,72.0,3.6,0.1754,0.8143,0.0744,-0.3662,0.0584,0.0,683.0,688.0
2026-09-15 09:50:44,2026-09-15T09:35:20,759.138,2026-09-15,P,756.0,0.36,0.37,700.0,333.0,0.37,0.1667,-0.1857,0.0744,-0.3662,0.0584,0.0,5775.0,4146.0
2026-09-15 09:50:44,2026-09-15T09:35:20,759.138,2026-09-15,C,757.0,2.71,2.73,225.0,25.0,2.8,0.166,0.7392,0.0942,-0.5456,0.0702,0.0,546.0,1228.0
2026-09-15 09:50:44,2026-09-15T09:35:20,759.138,2026-09-15,P,757.0,0.54,0.55,372.0,10.0,0.54,0.1588,-0.2608,0.0942,-0.5456,0.0702,0.0,11694.0,4502.0
2026-09-15 09:50:44,2026-09-15T09:35:20,759.138,2026-09-15,C,758.0,1.98,2.0,225.0,160.0,1.97,0.1589,0.642,0.1124,-0.8103,0.08,0.0,2769.0,2411.0
2026-09-15 09:50:44,2026-09-15T09:35:20,759.138,2026-09-15,P,758.0,0.81,0.82,351.0,206.0,0.81,0.1526,-0.358,0.1124,-0.8103,0.08,0.0,11518.0,8008.0
2026-09-15 09:50:44,2026-09-15T09:35:20,759.138,2026-09-15,C,759.0,1.37,1.38,2.0,431.0,1.37,0.1531,0.5257,0.1239,-1.1851,0.0849,0.0,8116.0,4133.0
2026-09-15 09:50:44,2026-09-15T09:35:20,759.138,2026-09-15,P,759.0,1.19,1.2,24.0,200.0,1.2,0.1472,-0.4743,0.1239,-1.1851,0.0849,0.0,19064.0,5789.0
2026-09-15 09:50:44,2026-09-15T09:35:20,759.138,2026-09-15,C,760.0,0.88,0.89,67.0,185.0,0.89,0.1485,0.3999,0.1236,-0.8893,0.0826,0.0,14015.0,4763.0
2026-09-15 09:50:44,2026-09-15T09:35:20,759.138,2026-09-15,P,760.0,1.7,1.72,182.0,109.0,1.69,0.1419,-0.6001,0.1236,-0.8893,0.0826,0.0,20185.0,40728.0
2026-09-15 09:50:44,2026-09-15T09:35:20,759.138,2026-09-15,C,761.0,0.52,0.53,293.0,430.0,0.52,0.1459,0.2797,0.1096,-0.5308,0.0726,0.0,11852.0,4451.0
2026-09-15 09:50:44,2026-09-15T09:35:20,759.138,2026-09-15,P,761.0,2.34,2.36,22.0,29.0,2.33,0.1382,-0.7203,0.1096,-0.5308,0.0726,0.0,3655.0,6355.0
2026-09-15 09:50:44,2026-09-15T09:35:20,759.138,2026-09-15,C,762.0,0.29,0.3,361.0,597.0,0.29,0.1443,0.1806,0.0861,-0.2991,0.0577,0.0,8424.0,7009.0
2026-09-15 09:50:44,2026-09-15T09:35:20,759.138,2026-09-15,P,762.0,3.11,3.13,21.0,42.0,3.11,0.1352,-0.8194,0.0861,-0.2991,0.0577,0.0,3185.0,8736.0
2026-09-15 09:50:44,2026-09-15T09:35:20,759.138,2026-09-15,C,763.0,0.16,0.17,408.0,1040.0,0.16,0.1451,0.1107,0.061,-0.1652,0.0423,0.0,6183.0,6363.0
2026-09-15 09:50:44,2026-09-15T09:35:20,759.138,2026-09-15,P,763.0,3.96,4.0,48.0,98.0,3.92,0.1317,-0.8893,0.061,-0.1652,0.0423,0.0,1116.0,2310.0
2026-09-15 09:50:44,2026-09-15T09:35:20,759.138,2026-09-15,C,764.0,0.09,0.1,821.0,2092.0,0.09,0.1502,0.0665,0.0406,-0.0923,0.0296,0.0,8568.0,8872.0
2026-09-15 09:50:44,2026-09-15T09:35:20,759.138,2026-09-15,P,764.0,4.86,4.96,105.0,191.0,4.9,0.1338,-0.9335,0.0406,-0.0923,0.0296,0.0,625.0,1840.0
2026-09-15 09:50:44,2026-09-15T09:35:20,759.138,2026-09-15,C,765.0,0.05,0.06,1390.0,2281.0,0.05,0.1558,0.0401,0.0262,-0.053,0.0202,0.0,3801.0,8622.0
2026-09-15 09:50:44,2026-09-15T09:35:20,759.138,2026-09-15,P,765.0,5.82,5.94,77.0,44.0,5.78,0.1315,-0.9599,0.0262,-0.053,0.0202,0.0,316.0,4199.0
2026-09-15 09:50:44,2026-09-15T09:35:20,759.138,2026-09-15,C,766.0,0.03,0.04,2166.0,2632.0,0.03,0.164,0.0252,0.017,-0.0324,0.014,0.0,3026.0,5000.0
2026-09-15 09:50:44,2026-09-15T09:35:20,759.138,2026-09-15,P,766.0,6.8,6.92,123.0,200.0,6.92,0.1262,-0.9748,0.017,-0.0324,0.014,0.0,95.0,2039.0
2026-09-15 09:50:44,2026-09-15T09:35:20,759.138,2026-09-15,C,767.0,0.02,0.03,2337.0,3200.0,0.03,0.1747,0.0171,0.0116,-0.0221,0.0102,0.0,1023.0,5286.0
2026-09-15 09:50:44,2026-09-15T09:35:20,759.138,2026-09-15,P,767.0,7.8,7.93,66.0,200.0,8.04,0.0,-0.9829,0.0116,-0.0221,0.0102,0.0,46.0,1312.0
2026-09-15 09:50:44,2026-09-15T09:35:20,759.138,2026-09-15,C,768.0,0.02,0.03,723.0,2816.0,0.02,0.1936,0.0129,0.0085,-0.0172,0.008,0.0,1809.0,6194.0
2026-09-15 09:50:44,2026-09-15T09:35:20,759.138,2026-09-15,P,768.0,8.78,8.9,102.0,36.0,9.06,0.0,-0.9871,0.0085,-0.0172,0.008,0.0,72.0,226.0
2026-09-15 09:50:44,2026-09-15T09:35:20,759.138,2026-09-15,C,769.0,0.01,0.02,2504.0,2960.0,0.02,0.1981,0.0106,0.0067,-0.015,0.0068,0.0,362.0,2850.0
2026-09-15 09:50:44,2026-09-15T09:35:20,759.138,2026-09-15,P,769.0,9.78,9.9,1.0,200.0,9.76,0.0,-0.9894,0.0067,-0.015,0.0068,0.0,58.0,401.0
2026-09-15 09:50:44,2026-09-15T09:35:20,759.138,2026-09-15,C,770.0,0.01,0.02,2246.0,2619.0,0.01,0.2156,0.0093,0.0055,-0.0139,0.006,0.0,1327.0,7691.0
2026-09-15 09:50:44,2026-09-15T09:35:20,759.138,2026-09-15,P,770.0,10.77,10.91,64.0,40.0,10.84,0.0,-0.9907,0.0055,-0.0139,0.006,0.0,116.0,26.0
2026-09-15 09:50:44,2026-09-15T09:35:20,759.138,2026-09-15,C,771.0,0.0,0.01,0.0,1537.0,0.01,0.2058,0.0085,0.0047,-0.0134,0.0055,0.0,3418.0,2628.0
2026-09-15 09:50:44,2026-09-15T09:35:20,759.138,2026-09-15,P,771.0,11.77,11.9,1.0,200.0,11.84,0.0,-0.9915,0.0047,-0.0134,0.0055,0.0,58.0,2.0
2026-09-15 09:50:44,2026-09-15T09:35:20,759.138,2026-09-15,C,772.0,0.01,0.02,293.0,3615.0,0.01,0.2499,0.0078,0.0041,-0.0131,0.0051,0.0,999.0,5596.0
2026-09-15 09:50:44,2026-09-15T09:35:20,759.138,2026-09-15,P,772.0,12.79,12.89,1.0,16.0,12.84,0.0,-0.9922,0.0041,-0.0131,0.0051,0.0,111.0,0.0
2026-09-15 09:50:44,2026-09-15T09:35:20,759.138,2026-09-15,C,773.0,0.0,0.01,0.0,1457.0,0.01,0.2367,0.0072,0.0036,-0.0128,0.0047,0.0,70.0,2456.0
2026-09-15 09:50:44,2026-09-15T09:35:20,759.138,2026-09-15,P,773.0,13.68,13.88,124.0,66.0,13.82,0.0,-0.9928,0.0036,-0.0128,0.0047,0.0,6.0,0.0
2026-09-15 09:50:44,2026-09-15T09:35:20,759.138,2026-09-15,C,774.0,0.0,0.01,0.0,1531.0,0.01,0.2519,0.0068,0.0032,-0.0126,0.0044,0.0,219.0,2687.0
2026-09-15 09:50:44,2026-09-15T09:35:20,759.138,2026-09-15,P,774.0,14.67,14.91,124.0,66.0,14.82,0.0,-0.9932,0.0032,-0.0126,0.0044,0.0,109.0,0.0
2026-09-15 09:50:44,2026-09-15T09:35:20,759.138,2026-09-15,C,775.0,0.0,0.01,0.0,1887.0,0.01,0.267,0.0063,0.0028,-0.0124,0.0042,0.0,19.0,3104.0
2026-09-15 09:50:44,2026-09-15T09:35:20,759.138,2026-09-15,P,775.0,15.67,15.88,103.0,5.0,15.83,0.0,-0.9937,0.0028,-0.0124,0.0042,0.0,4.0,5.0
2026-09-15 09:50:44,2026-09-15T09:35:20,759.138,2026-09-15,C,776.0,0.0,0.01,0.0,2053.0,0.01,0.2821,0.0059,0.0026,-0.0122,0.0039,0.0,0.0,594.0
2026-09-15 09:50:44,2026-09-15T09:35:20,759.138,2026-09-15,P,776.0,16.68,16.91,157.0,200.0,16.84,0.0,-0.9941,0.0026,-0.0122,0.0039,0.0,7.0,12.0
2026-09-15 09:50:44,2026-09-15T09:35:20,759.138,2026-09-15,C,777.0,0.0,0.01,0.0,2056.0,0.01,0.297,0.0056,0.0023,-0.012,0.0037,0.0,13.0,458.0
2026-09-15 09:50:44,2026-09-15T09:35:20,759.138,2026-09-15,P,777.0,17.67,17.89,107.0,200.0,17.84,0.0,-0.9944,0.0023,-0.012,0.0037,0.0,5.0,0.0
2026-09-15 09:50:44,2026-09-15T09:35:20,759.138,2026-09-15,C,778.0,0.0,0.01,0.0,2019.0,0.01,0.3119,0.0053,0.0021,-0.0118,0.0035,0.0,6.0,236.0
2026-09-15 09:50:44,2026-09-15T09:35:20,759.138,2026-09-15,P,778.0,18.69,18.89,84.0,17.0,18.78,0.0,-0.9947,0.0021,-0.0118,0.0035,0.0,7.0,0.0
2026-09-15 09:50:44,2026-09-15T09:35:20,759.138,2026-09-15,C,779.0,0.0,0.01,0.0,2214.0,0.01,0.3266,0.005,0.0019,-0.0116,0.0033,0.0,42.0,204.0
2026-09-15 09:50:44,2026-09-15T09:35:20,759.138,2026-09-15,P,779.0,19.65,19.9,66.0,16.0,19.83,0.0,-0.995,0.0019,-0.0116,0.0033,0.0,4.0,0.0
2026-09-15 09:50:44,2026-09-15T09:35:20,759.138,2026-09-15,C,780.0,0.0,0.01,0.0,1920.0,0.01,0.3413,0.0048,0.0018,-0.0113,0.0032,0.0,0.0,3027.0
2026-09-15 09:50:44,2026-09-15T09:35:20,759.138,2026-09-15,P,780.0,20.64,20.92,46.0,13.0,20.84,0.0,-0.9952,0.0018,-0.0113,0.0032,0.0,5.0,0.0
2026-09-15 09:50:44,2026-09-15T09:35:20,759.138,2026-09-15,C,781.0,0.0,0.01,0.0,1437.0,0.01,0.356,0.0045,0.0016,-0.0111,0.003,0.0,1.0,397.0
2026-09-15 09:50:44,2026-09-15T09:35:20,759.138,2026-09-15,P,781.0,21.64,21.88,26.0,122.0,21.81,0.0,-0.9955,0.0016,-0.0111,0.003,0.0,4.0,0.0
2026-09-15 09:50:44,2026-09-15T09:35:20,759.138,2026-09-15,C,782.0,0.0,0.01,0.0,1465.0,0.01,0.3705,0.0043,0.0015,-0.011,0.0029,0.0,0.0,230.0
2026-09-15 09:50:44,2026-09-15T09:35:20,759.138,2026-09-15,P,782.0,22.65,22.93,47.0,1.0,22.82,0.0,-0.9957,0.0015,-0.011,0.0029,0.0,5.0,0.0
2026-09-15 09:50:44,2026-09-15T09:35:20,759.138,2026-09-15,C,783.0,0.0,0.01,0.0,1491.0,0.01,0.385,0.0041,0.0014,-0.0107,0.0027,0.0,0.0,294.0
2026-09-15 09:50:44,2026-09-15T09:35:20,759.138,2026-09-15,P,783.0,23.64,23.99,27.0,1.0,23.82,0.0,-0.9959,0.0014,-0.0107,0.0027,0.0,6.0,0.0
2026-09-15 09:50:44,2026-09-15T09:35:20,759.138,2026-09-15,C,784.0,0.0,0.01,0.0,968.0,0.01,0.3994,0.0039,0.0013,-0.0106,0.0026,0.0,0.0,31.0
2026-09-15 09:50:44,2026-09-15T09:35:20,759.138,2026-09-15,P,784.0,23.87,25.47,1.0,1.0,24.83,0.0,-0.9961,0.0013,-0.0106,0.0026,0.0,4.0,0.0
2026-09-15 09:50:44,2026-09-15T09:35:20,759.138,2026-09-15,C,785.0,0.0,0.01,0.0,972.0,0.01,0.4138,0.0037,0.0012,-0.0104,0.0025,0.0,0.0,1092.0
2026-09-15 09:50:44,2026-09-15T09:35:20,759.138,2026-09-15,P,785.0,25.57,26.07,1.0,14.0,25.81,0.0,-0.9963,0.0012,-0.0104,0.0025,0.0,4.0,0.0
2026-09-15 09:50:44,2026-09-15T09:35:20,759.138,2026-09-15,C,786.0,0.0,0.01,0.0,896.0,0.01,0.4281,0.0036,0.0011,-0.0102,0.0024,0.0,0.0,273.0
2026-09-15 09:50:44,2026-09-15T09:35:20,759.138,2026-09-15,P,786.0,26.49,27.1,10.0,2.0,26.83,0.5424,-0.9964,0.0011,-0.0102,0.0024,0.0,4.0,0.0
2026-09-15 09:50:44,2026-09-15T09:35:20,759.138,2026-09-15,C,787.0,0.0,0.01,0.0,979.0,0.01,0.4423,0.0034,0.001,-0.01,0.0023,0.0,0.0,24.0
2026-09-15 09:50:44,2026-09-15T09:35:20,759.138,2026-09-15,P,787.0,27.6,28.11,1.0,2.0,28.07,0.8119,-0.9966,0.001,-0.01,0.0023,0.0,2.0,0.0
2026-09-15 09:50:44,2026-09-15T09:35:20,759.138,2026-09-15,C,788.0,0.0,0.01,0.0,896.0,0.01,0.4565,0.0033,0.001,-0.0098,0.0022,0.0,0.0,1058.0
2026-09-15 09:50:44,2026-09-15T09:35:20,759.138,2026-09-15,P,788.0,27.91,29.12,1.0,9.0,29.04,0.0,-0.9967,0.001,-0.0098,0.0022,0.0,2.0,0.0
2026-09-15 09:50:44,2026-09-15T09:35:20,759.138,2026-09-15,C,789.0,0.0,0.01,0.0,915.0,0.01,0.4706,0.0031,0.0009,-0.0096,0.0021,0.0,0.0,540.0
2026-09-15 09:50:44,2026-09-15T09:35:20,759.138,2026-09-15,P,789.0,29.48,30.31,2.0,1.0,30.03,0.0,-0.9969,0.0009,-0.0096,0.0021,0.0,13.0,0.0
2026-09-15 09:50:44,2026-09-15T09:35:20,759.138,2026-09-15,C,790.0,0.0,0.01,0.0,989.0,0.01,0.4847,0.003,0.0008,-0.0095,0.002,0.0,0.0,2979.0
2026-09-15 09:50:44,2026-09-15T09:35:20,759.138,2026-09-15,P,790.0,30.58,31.09,1.0,2.0,26.6,0.0,-0.997,0.0008,-0.0095,0.002,0.0,0.0,0.0
2026-09-15 09:50:44,2026-09-15T09:35:20,759.138,2026-09-15,C,791.0,0.0,0.01,0.0,950.0,0.01,0.4987,0.0029,0.0008,-0.0093,0.002,0.0,0.0,240.0
2026-09-15 09:50:44,2026-09-15T09:35:20,759.138,2026-09-15,P,791.0,30.77,32.37,2.0,1.0,32.06,0.0,-0.9971,0.0008,-0.0093,0.002,0.0,2.0,0.0
2026-09-15 09:50:44,2026-09-15T09:35:20,759.138,2026-09-15,C,792.0,0.0,0.01,0.0,994.0,0.01,0.5126,0.0028,0.0007,-0.0091,0.0019,0.0,0.0,100.0
2026-09-15 09:50:44,2026-09-15T09:35:20,759.138,2026-09-15,P,792.0,32.57,33.12,2.0,1.0,33.04,0.0,-0.9972,0.0007,-0.0091,0.0019,0.0,2.0,0.0
2026-09-15 09:50:44,2026-09-15T09:35:20,759.138,2026-09-15,C,793.0,0.0,0.01,0.0,981.0,0.01,0.5265,0.0027,0.0007,-0.009,0.0018,0.0,0.0,20.0
2026-09-15 09:50:44,2026-09-15T09:35:20,759.138,2026-09-15,P,793.0,33.61,34.12,1.0,5.0,34.04,0.0,-0.9973,0.0007,-0.009,0.0018,0.0,2.0,0.0
2026-09-15 09:50:44,2026-09-15T09:35:20,759.138,2026-09-15,C,794.0,0.0,0.01,0.0,998.0,0.0,0.5404,0.0026,0.0007,-0.0088,0.0018,0.0,0.0,0.0
2026-09-15 09:50:44,2026-09-15T09:35:20,759.138,2026-09-15,P,794.0,34.43,35.04,1.0,10.0,35.07,0.0,-0.9974,0.0007,-0.0088,0.0018,0.0,2.0,0.0
2026-09-15 09:50:44,2026-09-15T09:35:20,759.138,2026-09-15,C,795.0,0.0,0.01,0.0,1015.0,0.01,0.5542,0.0025,0.0006,-0.0086,0.0017,0.0,0.0,2661.0
2026-09-15 09:50:44,2026-09-15T09:35:20,759.138,2026-09-15,P,795.0,34.94,36.11,2.0,2.0,28.56,0.0,-0.9975,0.0006,-0.0086,0.0017,0.0,0.0,0.0
2026-09-15 09:50:44,2026-09-15T09:35:20,759.138,2026-09-15,C,796.0,0.0,0.01,0.0,1031.0,0.0,0.568,0.0024,0.0006,-0.0085,0.0016,0.0,0.0,0.0
2026-09-15 09:50:44,2026-09-15T09:35:20,759.138,2026-09-15,P,796.0,36.58,37.13,2.0,2.0,30.51,0.0,-0.9976,0.0006,-0.0085,0.0016,0.0,0.0,0.0
2026-09-15 09:50:44,2026-09-15T09:35:20,759.138,2026-09-15,C,797.0,0.0,0.01,0.0,1047.0,0.01,0.5817,0.0023,0.0006,-0.0083,0.0016,0.0,0.0,18.0
2026-09-15 09:50:44,2026-09-15T09:35:20,759.138,2026-09-15,P,797.0,37.58,38.2,2.0,2.0,34.24,0.7833,-0.9977,0.0006,-0.0083,0.0016,0.0,0.0,0.0
2026-09-15 09:55:44,2026-09-15T09:40:23,759.68,2026-09-15,C,722.0,37.68,37.75,56.0,1.0,37.77,0.6787,0.997,0.0006,-0.0124,0.002,0.0,4.0,4.0
2026-09-15 09:55:44,2026-09-15T09:40:23,759.68,2026-09-15,P,722.0,0.0,0.01,0.0,3327.0,0.01,0.6127,-0.003,0.0006,-0.0124,0.002,0.0,60.0,2491.0
2026-09-15 09:55:44,2026-09-15T09:40:23,759.68,2026-09-15,C,723.0,36.54,36.78,56.0,56.0,41.11,0.0,0.9969,0.0007,-0.0126,0.0021,0.0,0.0,3.0
2026-09-15 09:55:44,2026-09-15T09:40:23,759.68,2026-09-15,P,723.0,0.0,0.01,0.0,3184.0,0.01,0.5974,-0.0031,0.0007,-0.0126,0.0021,0.0,501.0,805.0
2026-09-15 09:55:44,2026-09-15T09:40:23,759.68,2026-09-15,C,724.0,35.55,35.79,55.0,56.0,40.6,0.0,0.9967,0.0007,-0.0129,0.0022,0.0,0.0,6.0
2026-09-15 09:55:44,2026-09-15T09:40:23,759.68,2026-09-15,P,724.0,0.0,0.01,0.0,3158.0,0.01,0.5821,-0.0033,0.0007,-0.0129,0.0022,0.0,5.0,1796.0
2026-09-15 09:55:44,2026-09-15T09:40:23,759.68,2026-09-15,C,725.0,34.57,34.84,50.0,50.0,36.51,0.5665,0.9966,0.0008,-0.0131,0.0022,0.0,0.0,27.0
2026-09-15 09:55:44,2026-09-15T09:40:23,759.68,2026-09-15,P,725.0,0.0,0.01,0.0,2964.0,0.01,0.5668,-0.0034,0.0008,-0.0131,0.0022,0.0,4.0,1196.0
2026-09-15 09:55:44,2026-09-15T09:40:23,759.68,2026-09-15,C,726.0,33.56,33.84,56.0,51.0,32.89,0.5512,0.9965,0.0008,-0.0134,0.0023,0.0,10.0,10.0
2026-09-15 09:55:44,2026-09-15T09:40:23,759.68,2026-09-15,P,726.0,0.0,0.01,0.0,4261.0,0.01,0.5514,-0.0035,0.0008,-0.0134,0.0023,0.0,105.0,16496.0
2026-09-15 09:55:44,2026-09-15T09:40:23,759.68,2026-09-15,C,727.0,32.62,32.88,49.0,49.0,31.95,0.6919,0.9963,0.0009,-0.0136,0.0024,0.0,16.0,9.0
2026-09-15 09:55:44,2026-09-15T09:40:23,759.68,2026-09-15,P,727.0,0.0,0.01,0.0,4009.0,0.01,0.5361,-0.0037,0.0009,-0.0136,0.0024,0.0,107.0,29180.0
2026-09-15 09:55:44,2026-09-15T09:40:23,759.68,2026-09-15,C,728.0,31.66,31.88,49.0,49.0,31.5,0.7141,0.9962,0.0009,-0.0139,0.0025,0.0,13.0,10.0
2026-09-15 09:55:44,2026-09-15T09:40:23,759.68,2026-09-15,P,728.0,0.0,0.01,0.0,2488.0,0.01,0.5208,-0.0038,0.0009,-0.0139,0.0025,0.0,40.0,1126.0
2026-09-15 09:55:44,2026-09-15T09:40:23,759.68,2026-09-15,C,729.0,30.68,30.74,22.0,1.0,30.58,0.5617,0.996,0.001,-0.0142,0.0026,0.0,18.0,11.0
2026-09-15 09:55:44,2026-09-15T09:40:23,759.68,2026-09-15,P,729.0,0.0,0.01,0.0,2987.0,0.01,0.5054,-0.004,0.001,-0.0142,0.0026,0.0,1162.0,1595.0
2026-09-15 09:55:44,2026-09-15T09:40:23,759.68,2026-09-15,C,730.0,29.68,29.73,1.0,14.0,29.63,0.5449,0.9958,0.0011,-0.0145,0.0027,0.0,24.0,64.0
2026-09-15 09:55:44,2026-09-15T09:40:23,759.68,2026-09-15,P,730.0,0.01,0.02,1416.0,3700.0,0.02,0.5447,-0.0042,0.0011,-0.0145,0.0027,0.0,5596.0,19303.0
2026-09-15 09:55:44,2026-09-15T09:40:23,759.68,2026-09-15,C,731.0,28.68,28.73,1.0,1.0,28.58,0.545,0.9956,0.0012,-0.0148,0.0028,0.0,4.0,9.0
2026-09-15 09:55:44,2026-09-15T09:40:23,759.68,2026-09-15,P,731.0,0.0,0.01,0.0,2506.0,0.01,0.4746,-0.0044,0.0012,-0.0148,0.0028,0.0,1342.0,18305.0
2026-09-15 09:55:44,2026-09-15T09:40:23,759.68,2026-09-15,C,732.0,27.68,27.73,1.0,1.0,27.64,0.5112,0.9954,0.0012,-0.015,0.003,0.0,2.0,8.0
2026-09-15 09:55:44,2026-09-15T09:40:23,759.68,2026-09-15,P,732.0,0.0,0.01,0.0,1857.0,0.01,0.4592,-0.0046,0.0012,-0.0151,0.003,0.0,2370.0,6051.0
2026-09-15 09:55:44,2026-09-15T09:40:23,759.68,2026-09-15,C,733.0,26.68,26.74,1.0,74.0,26.7,0.5102,0.9952,0.0013,-0.0154,0.0031,0.0,1.0,1.0
2026-09-15 09:55:44,2026-09-15T09:40:23,759.68,2026-09-15,P,733.0,0.01,0.02,3946.0,4619.0,0.02,0.4942,-0.0048,0.0013,-0.0154,0.0031,0.0,1103.0,1432.0
2026-09-15 09:55:44,2026-09-15T09:40:23,759.68,2026-09-15,C,734.0,25.68,25.75,43.0,1.0,25.54,0.4929,0.995,0.0014,-0.0157,0.0032,0.0,1.0,6.0
2026-09-15 09:55:44,2026-09-15T09:40:23,759.68,2026-09-15,P,734.0,0.01,0.02,3156.0,3239.0,0.01,0.4773,-0.005,0.0014,-0.0157,0.0032,0.0,365.0,5103.0
2026-09-15 09:55:44,2026-09-15T09:40:23,759.68,2026-09-15,C,735.0,24.68,24.74,14.0,1.0,24.54,0.4606,0.9947,0.0015,-0.016,0.0034,0.0,6.0,44.0
2026-09-15 09:55:44,2026-09-15T09:40:23,759.68,2026-09-15,P,735.0,0.01,0.02,4092.0,4615.0,0.02,0.4604,-0.0053,0.0016,-0.0161,0.0034,0.0,3115.0,3541.0
2026-09-15 09:55:44,2026-09-15T09:40:23,759.68,2026-09-15,C,736.0,23.69,23.73,2.0,1.0,29.54,0.4437,0.9944,0.0017,-0.0164,0.0036,0.0,0.0,10.0
2026-09-15 09:55:44,2026-09-15T09:40:23,759.68,2026-09-15,P,736.0,0.01,0.02,4524.0,4551.0,0.02,0.4434,-0.0056,0.0017,-0.0164,0.0036,0.0,4.0,1647.0
2026-09-15 09:55:44,2026-09-15T09:40:23,759.68,2026-09-15,C,737.0,22.69,22.74,1.0,1.0,22.6,0.4626,0.9941,0.0018,-0.0168,0.0038,0.0,6.0,6.0
2026-09-15 09:55:44,2026-09-15T09:40:23,759.68,2026-09-15,P,737.0,0.01,0.02,2900.0,3037.0,0.05,0.4264,-0.0059,0.0018,-0.0169,0.0038,0.0,0.0,541.0
2026-09-15 09:55:44,2026-09-15T09:40:23,759.68,2026-09-15,C,738.0,21.69,21.74,1.0,1.0,21.59,0.4444,0.9938,0.002,-0.0173,0.004,0.0,1.0,10.0
2026-09-15 09:55:44,2026-09-15T09:40:23,759.68,2026-09-15,P,738.0,0.01,0.02,4219.0,4038.0,0.01,0.4093,-0.0062,0.002,-0.0173,0.004,0.0,204.0,1543.0
2026-09-15 09:55:44,2026-09-15T09:40:23,759.68,2026-09-15,C,739.0,20.69,20.74,1.0,2.0,20.59,0.4262,0.9934,0.0022,-0.0179,0.0042,0.0,1.0,0.0
2026-09-15 09:55:44,2026-09-15T09:40:23,759.68,2026-09-15,P,739.0,0.01,0.02,4172.0,3749.0,0.02,0.3922,-0.0067,0.0022,-0.0179,0.0042,0.0,289.0,787.0
2026-09-15 09:55:44,2026-09-15T09:40:23,759.68,2026-09-15,C,740.0,19.69,19.74,1.0,2.0,19.53,0.4079,0.9929,0.0024,-0.0185,0.0045,0.0,12.0,97.0
2026-09-15 09:55:44,2026-09-15T09:40:23,759.68,2026-09-15,P,740.0,0.01,0.02,4065.0,3340.0,0.01,0.375,-0.0071,0.0024,-0.0185,0.0045,0.0,83.0,2230.0
2026-09-15 09:55:44,2026-09-15T09:40:23,759.68,2026-09-15,C,741.0,18.69,18.74,1.0,2.0,18.63,0.3895,0.9923,0.0027,-0.0193,0.0048,0.0,1.0,57.0
2026-09-15 09:55:44,2026-09-15T09:40:23,759.68,2026-09-15,P,741.0,0.01,0.02,4007.0,3721.0,0.02,0.3578,-0.0077,0.0027,-0.0193,0.0048,0.0,2.0,1396.0
2026-09-15 09:55:44,2026-09-15T09:40:23,759.68,2026-09-15,C,742.0,17.69,17.74,1.0,100.0,17.63,0.3624,0.9917,0.003,-0.0202,0.0051,0.0,1.0,16.0
2026-09-15 09:55:44,2026-09-15T09:40:23,759.68,2026-09-15,P,742.0,0.01,0.02,3886.0,2570.0,0.01,0.3406,-0.0083,0.003,-0.0202,0.0051,0.0,132.0,16025.0
2026-09-15 09:55:44,2026-09-15T09:40:23,759.68,2026-09-15,C,743.0,16.69,16.75,1.0,50.0,19.8,0.3524,0.9909,0.0034,-0.0214,0.0056,0.0,0.0,38.0
2026-09-15 09:55:44,2026-09-15T09:40:23,759.68,2026-09-15,P,743.0,0.01,0.02,3820.0,1499.0,0.02,0.3232,-0.0091,0.0034,-0.0214,0.0056,0.0,237.0,1867.0
2026-09-15 09:55:44,2026-09-15T09:40:23,759.68,2026-09-15,C,744.0,15.69,15.75,14.0,70.0,15.54,0.3338,0.9899,0.0039,-0.0228,0.0061,0.0,6.0,39.0
2026-09-15 09:55:44,2026-09-15T09:40:23,759.68,2026-09-15,P,744.0,0.02,0.03,3183.0,3811.0,0.02,0.3256,-0.0101,0.0039,-0.0229,0.0061,0.0,2797.0,1688.0
2026-09-15 09:55:44,2026-09-15T09:40:23,759.68,2026-09-15,C,745.0,14.7,14.75,1.0,78.0,14.24,0.3279,0.9887,0.0046,-0.0248,0.0068,0.0,3.0,514.0
2026-09-15 09:55:44,2026-09-15T09:40:23,759.68,2026-09-15,P,745.0,0.02,0.03,3667.0,3513.0,0.02,0.3072,-0.0113,0.0046,-0.0249,0.0068,0.0,610.0,4821.0
2026-09-15 09:55:44,2026-09-15T09:40:23,759.68,2026-09-15,C,746.0,13.7,13.75,1.0,1.0,13.67,0.3085,0.9871,0.0054,-0.0274,0.0076,0.0,5.0,231.0
2026-09-15 09:55:44,2026-09-15T09:40:23,759.68,2026-09-15,P,746.0,0.02,0.03,3655.0,3363.0,0.03,0.2887,-0.0129,0.0054,-0.0274,0.0076,0.0,638.0,1600.0
2026-09-15 09:55:44,2026-09-15T09:40:23,759.68,2026-09-15,C,747.0,12.7,12.76,1.0,93.0,12.25,0.2889,0.985,0.0064,-0.0308,0.0086,0.0,2.0,124.0
2026-09-15 09:55:44,2026-09-15T09:40:23,759.68,2026-09-15,P,747.0,0.03,0.04,3259.0,3791.0,0.04,0.283,-0.015,0.0064,-0.0309,0.0087,0.0,991.0,2889.0
2026-09-15 09:55:44,2026-09-15T09:40:23,759.68,2026-09-15,C,748.0,11.71,11.76,1.0,101.0,11.59,0.2786,0.9823,0.0078,-0.0355,0.01,0.0,19.0,240.0
2026-09-15 09:55:44,2026-09-15T09:40:23,759.68,2026-09-15,P,748.0,0.03,0.04,2896.0,3268.0,0.03,0.2636,-0.0178,0.0078,-0.0356,0.01,0.0,737.0,5015.0
2026-09-15 09:55:44,2026-09-15T09:40:23,759.68,2026-09-15,C,749.0,10.71,10.77,100.0,114.0,10.87,0.2582,0.9785,0.0097,-0.0419,0.0118,0.0,19.0,165.0
2026-09-15 09:55:44,2026-09-15T09:40:23,759.68,2026-09-15,P,749.0,0.04,0.05,2189.0,3419.0,0.05,0.2535,-0.0216,0.0097,-0.0421,0.0118,0.0,1079.0,2839.0
2026-09-15 09:55:44,2026-09-15T09:40:23,759.68,2026-09-15,C,750.0,9.72,9.76,60.0,1.0,9.85,0.2449,0.9734,0.0122,-0.0508,0.014,0.0,135.0,357.0
2026-09-15 09:55:44,2026-09-15T09:40:23,759.68,2026-09-15,P,750.0,0.05,0.06,838.0,3223.0,0.05,0.241,-0.0268,0.0123,-0.0511,0.0141,0.0,3896.0,11473.0
2026-09-15 09:55:44,2026-09-15T09:40:23,759.68,2026-09-15,C,751.0,8.73,8.77,150.0,1.0,8.68,0.2328,0.9662,0.0157,-0.0634,0.0171,0.0,19.0,147.0
2026-09-15 09:55:44,2026-09-15T09:40:23,759.68,2026-09-15,P,751.0,0.06,0.07,1476.0,3047.0,0.06,0.2264,-0.034,0.0158,-0.0638,0.0172,0.0,4978.0,3638.0
2026-09-15 09:55:44,2026-09-15T09:40:23,759.68,2026-09-15,C,752.0,7.76,7.81,6.0,32.0,7.85,0.2182,0.956,0.0205,-0.0814,0.021,0.0,12.0,188.0
2026-09-15 09:55:44,2026-09-15T09:40:23,759.68,2026-09-15,P,752.0,0.07,0.08,2502.0,3002.0,0.08,0.2101,-0.0443,0.0206,-0.0819,0.0212,0.0,3660.0,2977.0
2026-09-15 09:55:44,2026-09-15T09:40:23,759.68,2026-09-15,C,753.0,6.77,6.81,12.0,1.0,6.75,0.2054,0.9415,0.0272,-0.1075,0.0263,0.0,59.0,235.0
2026-09-15 09:55:44,2026-09-15T09:40:23,759.68,2026-09-15,P,753.0,0.1,0.11,1246.0,2427.0,0.11,0.2014,-0.0586,0.0272,-0.1075,0.0263,0.0,9531.0,6336.0
2026-09-15 09:55:44,2026-09-15T09:40:23,759.68,2026-09-15,C,754.0,5.82,5.84,28.0,33.0,5.86,0.1943,0.9204,0.0365,-0.1463,0.033,0.0,189.0,240.0
2026-09-15 09:55:44,2026-09-15T09:40:23,759.68,2026-09-15,P,754.0,0.14,0.15,521.0,2308.0,0.14,0.1911,-0.0796,0.0365,-0.1463,0.033,0.0,4289.0,4123.0
2026-09-15 09:55:44,2026-09-15T09:40:23,759.68,2026-09-15,C,755.0,4.87,4.89,100.0,32.0,4.89,0.1838,0.8897,0.049,-0.205,0.0416,0.0,556.0,413.0
2026-09-15 09:55:44,2026-09-15T09:40:23,759.68,2026-09-15,P,755.0,0.2,0.21,3.0,5178.0,0.21,0.1813,-0.1103,0.049,-0.205,0.0416,0.0,17273.0,14480.0
2026-09-15 09:55:44,2026-09-15T09:40:23,759.68,2026-09-15,C,756.0,3.97,3.99,69.0,76.0,3.98,0.1738,0.8451,0.0653,-0.2953,0.052,0.0,1216.0,688.0
2026-09-15 09:55:44,2026-09-15T09:40:23,759.68,2026-09-15,P,756.0,0.28,0.29,1417.0,428.0,0.29,0.1699,-0.1549,0.0653,-0.2953,0.052,0.0,9780.0,4146.0
2026-09-15 09:55:44,2026-09-15T09:40:23,759.68,2026-09-15,C,757.0,3.1,3.12,100.0,29.0,3.12,0.1644,0.7817,0.085,-0.4344,0.0636,0.0,2095.0,1228.0
2026-09-15 09:55:44,2026-09-15T09:40:23,759.68,2026-09-15,P,757.0,0.42,0.43,680.0,446.0,0.43,0.162,-0.2183,0.085,-0.4345,0.0637,0.0,17057.0,4502.0
2026-09-15 09:55:44,2026-09-15T09:40:23,759.68,2026-09-15,C,758.0,2.32,2.33,46.0,171.0,2.33,0.1568,0.6954,0.1057,-0.6459,0.0749,0.0,5388.0,2411.0
2026-09-15 09:55:44,2026-09-15T09:40:23,759.68,2026-09-15,P,758.0,0.63,0.64,10.0,228.0,0.63,0.1548,-0.3046,0.1057,-0.6459,0.0749,0.0,19800.0,8008.0
2026-09-15 09:55:44,2026-09-15T09:40:23,759.68,2026-09-15,C,759.0,1.63,1.64,239.0,30.0,1.66,0.1505,0.5861,0.1224,-0.9564,0.0828,0.0,17134.0,4133.0
2026-09-15 09:55:44,2026-09-15T09:40:23,759.68,2026-09-15,P,759.0,0.94,0.95,208.0,224.0,0.95,0.1487,-0.4139,0.1224,-0.9564,0.0828,0.0,30468.0,5789.0
2026-09-15 09:55:44,2026-09-15T09:40:23,759.68,2026-09-15,C,760.0,1.06,1.07,354.0,187.0,1.08,0.1448,0.46,0.1291,-1.0766,0.0842,0.0,32945.0,4763.0
2026-09-15 09:55:44,2026-09-15T09:40:23,759.68,2026-09-15,P,760.0,1.37,1.38,137.0,46.0,1.37,0.143,-0.54,0.1291,-1.0765,0.0842,0.0,27380.0,40728.0
2026-09-15 09:55:44,2026-09-15T09:40:23,759.68,2026-09-15,C,761.0,0.65,0.66,54.0,355.0,0.65,0.1403,0.3313,0.121,-0.6533,0.0774,0.0,22708.0,4451.0
2026-09-15 09:55:44,2026-09-15T09:40:23,759.68,2026-09-15,P,761.0,1.95,1.96,83.0,18.0,1.95,0.1397,-0.6687,0.121,-0.6534,0.0775,0.0,5250.0,6355.0
2026-09-15 09:55:44,2026-09-15T09:40:23,759.68,2026-09-15,C,762.0,0.37,0.38,222.0,802.0,0.38,0.1406,0.2188,0.0994,-0.3718,0.0639,0.0,16010.0,7009.0
2026-09-15 09:55:44,2026-09-15T09:40:23,759.68,2026-09-15,P,762.0,2.67,2.68,92.0,42.0,2.68,0.1374,-0.7812,0.0994,-0.3718,0.0639,0.0,4083.0,8736.0
2026-09-15 09:55:44,2026-09-15T09:40:23,759.68,2026-09-15,C,763.0,0.2,0.21,1816.0,1612.0,0.21,0.1414,0.1365,0.0726,-0.2077,0.0483,0.0,11129.0,6363.0
2026-09-15 09:55:44,2026-09-15T09:40:23,759.68,2026-09-15,P,763.0,3.5,3.52,78.0,160.0,3.58,0.1371,-0.8635,0.0726,-0.2077,0.0483,0.0,1354.0,2310.0
2026-09-15 09:55:44,2026-09-15T09:40:23,759.68,2026-09-15,C,764.0,0.11,0.12,2047.0,1691.0,0.11,0.1457,0.0837,0.0494,-0.1186,0.0347,0.0,13554.0,8872.0
2026-09-15 09:55:44,2026-09-15T09:40:23,759.68,2026-09-15,P,764.0,4.41,4.43,31.0,28.0,4.39,0.1392,-0.9163,0.0494,-0.1186,0.0347,0.0,776.0,1840.0
2026-09-15 09:55:44,2026-09-15T09:40:23,759.68,2026-09-15,C,765.0,0.07,0.08,722.0,3179.0,0.07,0.1553,0.0514,0.0325,-0.0695,0.0243,0.0,13589.0,8622.0
2026-09-15 09:55:44,2026-09-15T09:40:23,759.68,2026-09-15,P,765.0,5.36,5.38,35.0,26.0,5.35,0.146,-0.9486,0.0325,-0.0695,0.0243,0.0,383.0,4199.0
2026-09-15 09:55:44,2026-09-15T09:40:23,759.68,2026-09-15,C,766.0,0.04,0.05,2321.0,2077.0,0.05,0.1623,0.0318,0.021,-0.0417,0.0168,0.0,4111.0,5000.0
2026-09-15 09:55:44,2026-09-15T09:40:23,759.68,2026-09-15,P,766.0,6.34,6.36,36.0,27.0,6.58,0.1471,-0.9679,0.0212,-0.0421,0.0169,0.0,100.0,2039.0
2026-09-15 09:55:44,2026-09-15T09:40:23,759.68,2026-09-15,C,767.0,0.02,0.03,3718.0,2560.0,0.03,0.1668,0.0206,0.0139,-0.0266,0.0118,0.0,1745.0,5286.0
2026-09-15 09:55:44,2026-09-15T09:40:23,759.68,2026-09-15,P,767.0,7.31,7.36,96.0,10.0,7.34,0.1612,-0.9793,0.014,-0.0268,0.0119,0.0,60.0,1312.0
2026-09-15 09:55:44,2026-09-15T09:40:23,759.68,2026-09-15,C,768.0,0.02,0.03,3506.0,3752.0,0.02,0.1859,0.0141,0.0095,-0.0184,0.0086,0.0,2352.0,6194.0
2026-09-15 09:55:44,2026-09-15T09:40:23,759.68,2026-09-15,P,768.0,8.33,8.35,30.0,100.0,8.4,0.1516,-0.9858,0.0096,-0.0185,0.0087,0.0,74.0,226.0
2026-09-15 09:55:44,2026-09-15T09:40:23,759.68,2026-09-15,C,769.0,0.01,0.02,3684.0,3388.0,0.01,0.191,0.0105,0.0069,-0.014,0.0067,0.0,563.0,2850.0
2026-09-15 09:55:44,2026-09-15T09:40:23,759.68,2026-09-15,P,769.0,9.31,9.33,88.0,28.0,9.29,0.0,-0.9894,0.007,-0.0141,0.0067,0.0,75.0,401.0
2026-09-15 09:55:44,2026-09-15T09:40:23,759.68,2026-09-15,C,770.0,0.01,0.02,3622.0,4023.0,0.02,0.2086,0.0085,0.0054,-0.0119,0.0056,0.0,1871.0,7691.0
2026-09-15 09:55:44,2026-09-15T09:40:23,759.68,2026-09-15,P,770.0,10.32,10.34,32.0,100.0,10.28,0.0,-0.9915,0.0054,-0.0119,0.0056,0.0,124.0,26.0
2026-09-15 09:55:44,2026-09-15T09:40:23,759.68,2026-09-15,C,771.0,0.0,0.01,0.0,2939.0,0.01,0.1997,0.0073,0.0044,-0.0108,0.0049,0.0,3863.0,2628.0
2026-09-15 09:55:44,2026-09-15T09:40:23,759.68,2026-09-15,P,771.0,11.31,11.33,32.0,29.0,11.17,0.0,-0.9926,0.0044,-0.0108,0.0049,0.0,60.0,2.0
2026-09-15 09:55:44,2026-09-15T09:40:23,759.68,2026-09-15,C,772.0,0.01,0.02,2174.0,4468.0,0.02,0.2433,0.0066,0.0037,-0.0102,0.0044,0.0,2229.0,5596.0
2026-09-15 09:55:44,2026-09-15T09:40:23,759.68,2026-09-15,P,772.0,12.3,12.32,40.0,26.0,12.44,0.0,-0.9934,0.0038,-0.0102,0.0044,0.0,113.0,0.0
2026-09-15 09:55:44,2026-09-15T09:40:23,759.68,2026-09-15,C,773.0,0.0,0.01,0.0,2874.0,0.02,0.2308,0.006,0.0032,-0.0099,0.004,0.0,72.0,2456.0
2026-09-15 09:55:44,2026-09-15T09:40:23,759.68,2026-09-15,P,773.0,13.28,13.34,69.0,150.0,13.82,0.0,-0.994,0.0032,-0.0099,0.004,0.0,6.0,0.0
2026-09-15 09:55:44,2026-09-15T09:40:23,759.68,2026-09-15,C,774.0,0.0,0.01,0.0,4557.0,0.01,0.2462,0.0056,0.0028,-0.0096,0.0038,0.0,476.0,2687.0
2026-09-15 09:55:44,2026-09-15T09:40:23,759.68,2026-09-15,P,774.0,14.27,14.34,59.0,146.0,14.82,0.0,-0.9944,0.0029,-0.0096,0.0038,0.0,109.0,0.0
2026-09-15 09:55:44,2026-09-15T09:40:23,759.68,2026-09-15,C,775.0,0.0,0.01,0.0,3206.0,0.01,0.2614,0.0052,0.0025,-0.0094,0.0035,0.0,37.0,3104.0
2026-09-15 09:55:44,2026-09-15T09:40:23,759.68,2026-09-15,P,775.0,15.27,15.34,58.0,1.0,15.83,0.0,-0.9948,0.0025,-0.0094,0.0035,0.0,4.0,5.0
2026-09-15 09:55:44,2026-09-15T09:40:23,759.68,2026-09-15,C,776.0,0.0,0.01,0.0,3250.0,0.01,0.2766,0.0049,0.0023,-0.0092,0.0033,0.0,15.0,594.0
2026-09-15 09:55:44,2026-09-15T09:40:23,759.68,2026-09-15,P,776.0,16.27,16.34,57.0,55.0,16.84,0.0,-0.9951,0.0023,-0.0092,0.0033,0.0,7.0,12.0
2026-09-15 09:55:44,2026-09-15T09:40:23,759.68,2026-09-15,C,777.0,0.0,0.01,0.0,3294.0,0.01,0.2916,0.0046,0.002,-0.0091,0.0031,0.0,13.0,458.0
2026-09-15 09:55:44,2026-09-15T09:40:23,759.68,2026-09-15,P,777.0,17.26,17.48,49.0,268.0,17.32,0.3872,-0.9954,0.002,-0.0091,0.0031,0.0,8.0,0.0
2026-09-15 09:55:44,2026-09-15T09:40:23,759.68,2026-09-15,C,778.0,0.0,0.01,0.0,3385.0,0.01,0.3066,0.0043,0.0018,-0.0089,0.0029,0.0,6.0,236.0
2026-09-15 09:55:44,2026-09-15T09:40:23,759.68,2026-09-15,P,778.0,18.26,18.48,57.0,174.0,18.78,0.406,-0.9957,0.0018,-0.0089,0.0029,0.0,7.0,0.0
2026-09-15 09:55:44,2026-09-15T09:40:23,759.68,2026-09-15,C,779.0,0.0,0.01,0.0,3366.0,0.01,0.3215,0.0041,0.0017,-0.0087,0.0028,0.0,42.0,204.0
2026-09-15 09:55:44,2026-09-15T09:40:23,759.68,2026-09-15,P,779.0,19.28,19.33,31.0,77.0,19.83,0.0,-0.9959,0.0017,-0.0087,0.0028,0.0,4.0,0.0
2026-09-15 09:55:44,2026-09-15T09:40:23,759.68,2026-09-15,C,780.0,0.0,0.01,0.0,3398.0,0.01,0.3363,0.0039,0.0015,-0.0086,0.0026,0.0,0.0,3027.0
2026-09-15 09:55:44,2026-09-15T09:40:23,759.68,2026-09-15,P,780.0,20.27,20.33,24.0,1.0,20.84,0.2462,-0.9961,0.0015,-0.0086,0.0026,0.0,5.0,0.0
2026-09-15 09:55:44,2026-09-15T09:40:23,759.68,2026-09-15,C,781.0,0.0,0.01,0.0,3474.0,0.01,0.3511,0.0036,0.0014,-0.0084,0.0025,0.0,1.0,397.0
2026-09-15 09:55:44,2026-09-15T09:40:23,759.68,2026-09-15,P,781.0,21.27,21.33,23.0,1.0,21.34,0.0,-0.9963,0.0014,-0.0084,0.0025,0.0,6.0,0.0
2026-09-15 09:55:44,2026-09-15T09:40:23,759.68,2026-09-15,C,782.0,0.0,0.01,0.0,3398.0,0.01,0.3657,0.0035,0.0013,-0.0082,0.0024,0.0,0.0,230.0
2026-09-15 09:55:44,2026-09-15T09:40:23,759.68,2026-09-15,P,782.0,22.26,22.33,21.0,1.0,22.82,0.0,-0.9965,0.0013,-0.0082,0.0024,0.0,5.0,0.0
2026-09-15 09:55:44,2026-09-15T09:40:23,759.68,2026-09-15,C,783.0,0.0,0.01,0.0,3398.0,0.01,0.3803,0.0033,0.0012,-0.0081,0.0023,0.0,0.0,294.0
2026-09-15 09:55:44,2026-09-15T09:40:23,759.68,2026-09-15,P,783.0,23.27,23.33,13.0,1.0,23.82,0.2799,-0.9967,0.0012,-0.0081,0.0023,0.0,6.0,0.0
2026-09-15 09:55:44,2026-09-15T09:40:23,759.68,2026-09-15,C,784.0,0.0,0.01,0.0,3398.0,0.01,0.3949,0.0031,0.0011,-0.0079,0.0022,0.0,0.0,31.0
2026-09-15 09:55:44,2026-09-15T09:40:23,759.68,2026-09-15,P,784.0,24.17,24.34,1.0,1.0,24.83,0.0,-0.9969,0.0011,-0.0079,0.0022,0.0,4.0,0.0
2026-09-15 09:55:44,2026-09-15T09:40:23,759.68,2026-09-15,C,785.0,0.0,0.01,0.0,2898.0,0.01,0.4093,0.003,0.001,-0.0078,0.0021,0.0,0.0,1092.0
2026-09-15 09:55:44,2026-09-15T09:40:23,759.68,2026-09-15,P,785.0,25.27,25.33,12.0,1.0,25.81,0.0,-0.997,0.001,-0.0078,0.0021,0.0,4.0,0.0
2026-09-15 09:55:44,2026-09-15T09:40:23,759.68,2026-09-15,C,786.0,0.0,0.01,0.0,2898.0,0.01,0.4237,0.0029,0.0009,-0.0076,0.002,0.0,0.0,273.0
2026-09-15 09:55:44,2026-09-15T09:40:23,759.68,2026-09-15,P,786.0,26.27,26.33,11.0,1.0,26.42,0.0,-0.9971,0.0009,-0.0076,0.002,0.0,6.0,0.0
2026-09-15 09:55:44,2026-09-15T09:40:23,759.68,2026-09-15,C,787.0,0.0,0.01,0.0,2898.0,0.01,0.4381,0.0027,0.0009,-0.0075,0.0019,0.0,0.0,24.0
2026-09-15 09:55:44,2026-09-15T09:40:23,759.68,2026-09-15,P,787.0,27.19,27.42,12.0,12.0,28.07,0.0,-0.9973,0.0009,-0.0075,0.0019,0.0,2.0,0.0
2026-09-15 09:55:44,2026-09-15T09:40:23,759.68,2026-09-15,C,788.0,0.0,0.01,0.0,2898.0,0.01,0.4523,0.0026,0.0008,-0.0074,0.0018,0.0,0.0,1058.0
2026-09-15 09:55:44,2026-09-15T09:40:23,759.68,2026-09-15,P,788.0,28.18,28.36,7.0,1.0,29.04,0.0,-0.9974,0.0008,-0.0074,0.0018,0.0,2.0,0.0
2026-09-15 09:55:44,2026-09-15T09:40:23,759.68,2026-09-15,C,789.0,0.0,0.01,0.0,2899.0,0.01,0.4666,0.0025,0.0008,-0.0072,0.0017,0.0,0.0,540.0
2026-09-15 09:55:44,2026-09-15T09:40:23,759.68,2026-09-15,P,789.0,29.28,29.33,1.0,1.0,30.03,0.0,-0.9975,0.0008,-0.0072,0.0017,0.0,13.0,0.0
2026-09-15 09:55:44,2026-09-15T09:40:23,759.68,2026-09-15,C,790.0,0.0,0.01,0.0,2899.0,0.01,0.4807,0.0024,0.0007,-0.0071,0.0017,0.0,0.0,2979.0
2026-09-15 09:55:44,2026-09-15T09:40:23,759.68,2026-09-15,P,790.0,30.21,30.47,1.0,1.0,26.6,0.5646,-0.9976,0.0007,-0.0071,0.0017,0.0,0.0,0.0
2026-09-15 09:55:44,2026-09-15T09:40:23,759.68,2026-09-15,C,791.0,0.0,0.01,0.0,2899.0,0.01,0.4948,0.0023,0.0007,-0.0069,0.0016,0.0,0.0,240.0
2026-09-15 09:55:44,2026-09-15T09:40:23,759.68,2026-09-15,P,791.0,31.2,31.34,8.0,1.0,32.06,0.0,-0.9977,0.0007,-0.0069,0.0016,0.0,2.0,0.0
2026-09-15 09:55:44,2026-09-15T09:40:23,759.68,2026-09-15,C,792.0,0.0,0.01,0.0,2899.0,0.01,0.5089,0.0022,0.0006,-0.0068,0.0015,0.0,0.0,100.0
2026-09-15 09:55:44,2026-09-15T09:40:23,759.68,2026-09-15,P,792.0,32.26,32.36,4.0,1.0,33.04,0.379,-0.9978,0.0006,-0.0068,0.0015,0.0,2.0,0.0
2026-09-15 09:55:44,2026-09-15T09:40:23,759.68,2026-09-15,C,793.0,0.0,0.01,0.0,2899.0,0.01,0.5229,0.0021,0.0006,-0.0067,0.0015,0.0,0.0,20.0
2026-09-15 09:55:44,2026-09-15T09:40:23,759.68,2026-09-15,P,793.0,33.08,33.42,7.0,12.0,34.04,0.0,-0.9979,0.0006,-0.0067,0.0015,0.0,2.0,0.0
2026-09-15 09:55:44,2026-09-15T09:40:23,759.68,2026-09-15,C,794.0,0.0,0.01,0.0,2899.0,0.0,0.5369,0.002,0.0006,-0.0065,0.0014,0.0,0.0,0.0
2026-09-15 09:55:44,2026-09-15T09:40:23,759.68,2026-09-15,P,794.0,34.22,34.35,1.0,1.0,35.07,0.0,-0.998,0.0006,-0.0065,0.0014,0.0,2.0,0.0
2026-09-15 09:55:44,2026-09-15T09:40:23,759.68,2026-09-15,C,795.0,0.0,0.01,0.0,2899.0,0.01,0.5508,0.002,0.0005,-0.0064,0.0014,0.0,0.0,2661.0
2026-09-15 09:55:44,2026-09-15T09:40:23,759.68,2026-09-15,P,795.0,35.24,35.47,2.0,7.0,28.56,0.6804,-0.998,0.0005,-0.0064,0.0014,0.0,0.0,0.0
2026-09-15 09:55:44,2026-09-15T09:40:23,759.68,2026-09-15,C,796.0,0.0,0.01,0.0,2899.0,0.0,0.5646,0.0019,0.0005,-0.0063,0.0013,0.0,0.0,0.0
2026-09-15 09:55:44,2026-09-15T09:40:23,759.68,2026-09-15,P,796.0,36.19,36.39,2.0,2.0,30.51,0.0,-0.9981,0.0005,-0.0063,0.0013,0.0,0.0,0.0
2026-09-15 09:55:44,2026-09-15T09:40:23,759.68,2026-09-15,C,797.0,0.0,0.01,0.0,2899.0,0.01,0.5785,0.0018,0.0005,-0.0062,0.0013,0.0,0.0,18.0
2026-09-15 09:55:44,2026-09-15T09:40:23,759.68,2026-09-15,P,797.0,37.2,37.37,7.0,2.0,34.24,0.0,-0.9982,0.0005,-0.0062,0.0013,0.0,0.0,0.0
2026-09-15 10:00:45,2026-09-15T09:45:23,760.06,2026-09-15,C,723.0,36.9,37.08,221.0,15.0,36.94,0.0,0.9968,0.0007,-0.0129,0.0021,0.0,2.0,3.0
2026-09-15 10:00:45,2026-09-15T09:45:23,760.06,2026-09-15,P,723.0,0.0,0.01,0.0,2773.0,0.01,0.607,-0.0032,0.0007,-0.0129,0.0021,0.0,501.0,805.0
2026-09-15 10:00:45,2026-09-15T09:45:23,760.06,2026-09-15,C,724.0,35.89,36.12,56.0,55.0,35.92,0.0,0.9967,0.0007,-0.0132,0.0022,0.0,3.0,6.0
2026-09-15 10:00:45,2026-09-15T09:45:23,760.06,2026-09-15,P,724.0,0.0,0.01,0.0,2903.0,0.01,0.5916,-0.0033,0.0007,-0.0132,0.0022,0.0,5.0,1796.0
2026-09-15 10:00:45,2026-09-15T09:45:23,760.06,2026-09-15,C,725.0,34.97,35.08,1.0,67.0,34.97,0.0,0.9966,0.0008,-0.0134,0.0022,0.0,4.0,27.0
2026-09-15 10:00:45,2026-09-15T09:45:23,760.06,2026-09-15,P,725.0,0.0,0.01,0.0,2834.0,0.01,0.5762,-0.0034,0.0008,-0.0134,0.0022,0.0,4.0,1196.0
2026-09-15 10:00:45,2026-09-15T09:45:23,760.06,2026-09-15,C,726.0,33.92,34.12,61.0,55.0,33.92,0.0,0.9964,0.0008,-0.0137,0.0023,0.0,11.0,10.0
2026-09-15 10:00:45,2026-09-15T09:45:23,760.06,2026-09-15,P,726.0,0.0,0.01,0.0,4774.0,0.01,0.5608,-0.0036,0.0008,-0.0137,0.0023,0.0,105.0,16496.0
2026-09-15 10:00:45,2026-09-15T09:45:23,760.06,2026-09-15,C,727.0,32.95,33.12,56.0,55.0,32.97,0.0,0.9963,0.0009,-0.014,0.0024,0.0,17.0,9.0
2026-09-15 10:00:45,2026-09-15T09:45:23,760.06,2026-09-15,P,727.0,0.0,0.01,0.0,4620.0,0.01,0.5454,-0.0037,0.0009,-0.014,0.0024,0.0,107.0,29180.0
2026-09-15 10:00:45,2026-09-15T09:45:23,760.06,2026-09-15,C,728.0,31.98,32.08,65.0,42.0,31.94,0.0,0.9961,0.0009,-0.0142,0.0025,0.0,17.0,10.0
2026-09-15 10:00:45,2026-09-15T09:45:23,760.06,2026-09-15,P,728.0,0.0,0.01,0.0,2513.0,0.01,0.53,-0.0039,0.0009,-0.0142,0.0025,0.0,40.0,1126.0
2026-09-15 10:00:45,2026-09-15T09:45:23,760.06,2026-09-15,C,729.0,31.02,31.08,1.0,6.0,30.75,0.5145,0.996,0.001,-0.0145,0.0026,0.0,27.0,11.0
2026-09-15 10:00:45,2026-09-15T09:45:23,760.06,2026-09-15,P,729.0,0.0,0.01,0.0,2564.0,0.01,0.5145,-0.004,0.001,-0.0145,0.0026,0.0,1389.0,1595.0
2026-09-15 10:00:45,2026-09-15T09:45:23,760.06,2026-09-15,C,730.0,30.0,30.09,62.0,25.0,29.8,0.5324,0.9958,0.0011,-0.0148,0.0027,0.0,41.0,64.0
2026-09-15 10:00:45,2026-09-15T09:45:23,760.06,2026-09-15,P,730.0,0.01,0.02,4012.0,4776.0,0.01,0.5547,-0.0042,0.0011,-0.0148,0.0027,0.0,9544.0,19303.0
2026-09-15 10:00:45,2026-09-15T09:45:23,760.06,2026-09-15,C,731.0,29.05,29.08,15.0,1.0,28.95,0.516,0.9956,0.0011,-0.0151,0.0028,0.0,11.0,9.0
2026-09-15 10:00:45,2026-09-15T09:45:23,760.06,2026-09-15,P,731.0,0.01,0.02,4078.0,4787.0,0.01,0.5378,-0.0044,0.0011,-0.0151,0.0028,0.0,5757.0,18305.0
2026-09-15 10:00:45,2026-09-15T09:45:23,760.06,2026-09-15,C,732.0,28.0,28.09,62.0,25.0,27.98,0.5209,0.9954,0.0012,-0.0154,0.003,0.0,20.0,8.0
2026-09-15 10:00:45,2026-09-15T09:45:23,760.06,2026-09-15,P,732.0,0.01,0.02,4786.0,4789.0,0.01,0.5209,-0.0046,0.0012,-0.0154,0.003,0.0,6886.0,6051.0
2026-09-15 10:00:45,2026-09-15T09:45:23,760.06,2026-09-15,C,733.0,27.05,27.08,7.0,6.0,27.03,0.5039,0.9952,0.0013,-0.0157,0.0031,0.0,15.0,1.0
2026-09-15 10:00:45,2026-09-15T09:45:23,760.06,2026-09-15,P,733.0,0.01,0.02,4784.0,4789.0,0.01,0.5039,-0.0048,0.0013,-0.0157,0.0031,0.0,1123.0,1432.0
2026-09-15 10:00:45,2026-09-15T09:45:23,760.06,2026-09-15,C,734.0,26.04,26.07,1.0,1.0,26.02,0.4869,0.995,0.0014,-0.016,0.0032,0.0,3.0,6.0
2026-09-15 10:00:45,2026-09-15T09:45:23,760.06,2026-09-15,P,734.0,0.01,0.02,2866.0,2881.0,0.02,0.4869,-0.005,0.0014,-0.016,0.0032,0.0,5565.0,5103.0
2026-09-15 10:00:45,2026-09-15T09:45:23,760.06,2026-09-15,C,735.0,25.02,25.09,1.0,39.0,25.07,0.4699,0.9947,0.0015,-0.0164,0.0034,0.0,10.0,44.0
2026-09-15 10:00:45,2026-09-15T09:45:23,760.06,2026-09-15,P,735.0,0.01,0.02,4898.0,4913.0,0.01,0.4699,-0.0053,0.0015,-0.0164,0.0034,0.0,3476.0,3541.0
2026-09-15 10:00:45,2026-09-15T09:45:23,760.06,2026-09-15,C,736.0,24.01,24.08,122.0,5.0,23.7,0.4528,0.9944,0.0016,-0.0168,0.0035,0.0,1.0,10.0
2026-09-15 10:00:45,2026-09-15T09:45:23,760.06,2026-09-15,P,736.0,0.01,0.02,4898.0,4913.0,0.02,0.4528,-0.0056,0.0016,-0.0168,0.0035,0.0,54.0,1647.0
2026-09-15 10:00:45,2026-09-15T09:45:23,760.06,2026-09-15,C,737.0,23.02,23.09,1.0,22.0,23.02,0.4174,0.9941,0.0018,-0.0172,0.0037,0.0,12.0,6.0
2026-09-15 10:00:45,2026-09-15T09:45:23,760.06,2026-09-15,P,737.0,0.01,0.02,4844.0,4850.0,0.01,0.4358,-0.0059,0.0018,-0.0172,0.0037,0.0,8.0,541.0
2026-09-15 10:00:45,2026-09-15T09:45:23,760.06,2026-09-15,C,738.0,22.05,22.09,98.0,6.0,22.02,0.4009,0.9938,0.002,-0.0176,0.0039,0.0,2.0,10.0
2026-09-15 10:00:45,2026-09-15T09:45:23,760.06,2026-09-15,P,738.0,0.01,0.02,4874.0,4768.0,0.01,0.4186,-0.0062,0.002,-0.0176,0.0039,0.0,205.0,1543.0
2026-09-15 10:00:45,2026-09-15T09:45:23,760.06,2026-09-15,C,739.0,21.05,21.09,86.0,6.0,20.66,0.3843,0.9934,0.0022,-0.0181,0.0042,0.0,2.0,0.0
2026-09-15 10:00:45,2026-09-15T09:45:23,760.06,2026-09-15,P,739.0,0.01,0.02,4906.0,4415.0,0.02,0.4014,-0.0066,0.0022,-0.0181,0.0042,0.0,289.0,787.0
2026-09-15 10:00:45,2026-09-15T09:45:23,760.06,2026-09-15,C,740.0,20.05,20.09,2.0,6.0,19.77,0.3677,0.9929,0.0024,-0.0187,0.0044,0.0,17.0,97.0
2026-09-15 10:00:45,2026-09-15T09:45:23,760.06,2026-09-15,P,740.0,0.01,0.02,4789.0,3850.0,0.01,0.3842,-0.0071,0.0024,-0.0187,0.0044,0.0,260.0,2230.0
2026-09-15 10:00:45,2026-09-15T09:45:23,760.06,2026-09-15,C,741.0,19.01,19.09,100.0,16.0,18.57,0.351,0.9924,0.0026,-0.0194,0.0047,0.0,2.0,57.0
2026-09-15 10:00:45,2026-09-15T09:45:23,760.06,2026-09-15,P,741.0,0.01,0.02,4702.0,3353.0,0.02,0.3669,-0.0076,0.0026,-0.0194,0.0047,0.0,2.0,1396.0
2026-09-15 10:00:45,2026-09-15T09:45:23,760.06,2026-09-15,C,742.0,18.02,18.09,5.0,15.0,17.57,0.3496,0.9918,0.0029,-0.0203,0.005,0.0,2.0,16.0
2026-09-15 10:00:45,2026-09-15T09:45:23,760.06,2026-09-15,P,742.0,0.01,0.02,4639.0,2925.0,0.02,0.3496,-0.0082,0.0029,-0.0203,0.005,0.0,133.0,16025.0
2026-09-15 10:00:45,2026-09-15T09:45:23,760.06,2026-09-15,C,743.0,17.02,17.09,72.0,1.0,19.8,0.3436,0.9911,0.0033,-0.0213,0.0054,0.0,0.0,38.0
2026-09-15 10:00:45,2026-09-15T09:45:23,760.06,2026-09-15,P,743.0,0.01,0.02,4537.0,1602.0,0.02,0.3322,-0.0089,0.0033,-0.0213,0.0054,0.0,303.0,1867.0
2026-09-15 10:00:45,2026-09-15T09:45:23,760.06,2026-09-15,C,744.0,16.02,16.1,83.0,25.0,15.64,0.3429,0.9902,0.0038,-0.0226,0.0059,0.0,12.0,39.0
2026-09-15 10:00:45,2026-09-15T09:45:23,760.06,2026-09-15,P,744.0,0.02,0.03,4265.0,4553.0,0.03,0.3349,-0.0098,0.0038,-0.0226,0.0059,0.0,2938.0,1688.0
2026-09-15 10:00:45,2026-09-15T09:45:23,760.06,2026-09-15,C,745.0,15.02,15.1,106.0,15.0,14.24,0.3076,0.9891,0.0043,-0.0243,0.0065,0.0,3.0,514.0
2026-09-15 10:00:45,2026-09-15T09:45:23,760.06,2026-09-15,P,745.0,0.02,0.03,4394.0,4230.0,0.02,0.3165,-0.0109,0.0043,-0.0243,0.0065,0.0,907.0,4821.0
2026-09-15 10:00:45,2026-09-15T09:45:23,760.06,2026-09-15,C,746.0,14.06,14.1,1.0,51.0,13.52,0.2979,0.9877,0.005,-0.0265,0.0072,0.0,7.0,231.0
2026-09-15 10:00:45,2026-09-15T09:45:23,760.06,2026-09-15,P,746.0,0.02,0.03,4336.0,3632.0,0.02,0.2979,-0.0123,0.005,-0.0265,0.0072,0.0,660.0,1600.0
2026-09-15 10:00:45,2026-09-15T09:45:23,760.06,2026-09-15,C,747.0,13.02,13.1,46.0,1.0,12.25,0.2793,0.9859,0.006,-0.0294,0.0082,0.0,2.0,124.0
2026-09-15 10:00:45,2026-09-15T09:45:23,760.06,2026-09-15,P,747.0,0.03,0.04,2369.0,4204.0,0.03,0.2925,-0.0141,0.006,-0.0294,0.0082,0.0,1248.0,2889.0
2026-09-15 10:00:45,2026-09-15T09:45:23,760.06,2026-09-15,C,748.0,12.03,12.11,61.0,25.0,11.59,0.2834,0.9835,0.0072,-0.0334,0.0094,0.0,19.0,240.0
2026-09-15 10:00:45,2026-09-15T09:45:23,760.06,2026-09-15,P,748.0,0.03,0.04,3577.0,3793.0,0.04,0.273,-0.0165,0.0072,-0.0334,0.0094,0.0,799.0,5015.0
2026-09-15 10:00:45,2026-09-15T09:45:23,760.06,2026-09-15,C,749.0,11.05,11.11,1.0,6.0,10.95,0.2478,0.9803,0.0088,-0.0387,0.0109,0.0,28.0,165.0
2026-09-15 10:00:45,2026-09-15T09:45:23,760.06,2026-09-15,P,749.0,0.04,0.05,1389.0,3856.0,0.04,0.2632,-0.0197,0.0088,-0.0387,0.0109,0.0,1253.0,2839.0
2026-09-15 10:00:45,2026-09-15T09:45:23,760.06,2026-09-15,C,750.0,10.08,10.11,5.0,1.0,10.05,0.2336,0.9759,0.011,-0.046,0.0129,0.0,152.0,357.0
2026-09-15 10:00:45,2026-09-15T09:45:23,760.06,2026-09-15,P,750.0,0.05,0.06,50.0,3725.0,0.05,0.2508,-0.0241,0.011,-0.046,0.0129,0.0,4443.0,11473.0
2026-09-15 10:00:45,2026-09-15T09:45:23,760.06,2026-09-15,C,751.0,9.05,9.12,89.0,1.0,8.96,0.2223,0.9699,0.014,-0.0563,0.0154,0.0,29.0,147.0
2026-09-15 10:00:45,2026-09-15T09:45:23,760.06,2026-09-15,P,751.0,0.05,0.06,3220.0,3304.0,0.07,0.2298,-0.0301,0.014,-0.0563,0.0154,0.0,5191.0,3638.0
2026-09-15 10:00:45,2026-09-15T09:45:23,760.06,2026-09-15,C,752.0,8.1,8.15,6.0,41.0,7.73,0.2147,0.9614,0.0182,-0.0708,0.0189,0.0,13.0,188.0
2026-09-15 10:00:45,2026-09-15T09:45:23,760.06,2026-09-15,P,752.0,0.07,0.08,1009.0,3266.0,0.07,0.2204,-0.0386,0.0182,-0.0708,0.0189,0.0,7727.0,2977.0
2026-09-15 10:00:45,2026-09-15T09:45:23,760.06,2026-09-15,C,753.0,7.12,7.16,100.0,117.0,6.97,0.2004,0.9494,0.024,-0.0917,0.0234,0.0,89.0,235.0
2026-09-15 10:00:45,2026-09-15T09:45:23,760.06,2026-09-15,P,753.0,0.09,0.1,511.0,2293.0,0.09,0.2074,-0.0506,0.024,-0.0917,0.0234,0.0,14109.0,6336.0
2026-09-15 10:00:45,2026-09-15T09:45:23,760.06,2026-09-15,C,754.0,6.16,6.17,88.0,34.0,6.09,0.1897,0.9319,0.0321,-0.1225,0.0293,0.0,211.0,240.0
2026-09-15 10:00:45,2026-09-15T09:45:23,760.06,2026-09-15,P,754.0,0.12,0.13,366.0,2227.0,0.12,0.1952,-0.0681,0.0321,-0.1225,0.0293,0.0,5783.0,4123.0
2026-09-15 10:00:45,2026-09-15T09:45:23,760.06,2026-09-15,C,755.0,5.21,5.22,48.0,33.0,5.18,0.1821,0.9064,0.0433,-0.1689,0.0369,0.0,874.0,413.0
2026-09-15 10:00:45,2026-09-15T09:45:23,760.06,2026-09-15,P,755.0,0.16,0.17,973.0,1029.0,0.17,0.1821,-0.0936,0.0433,-0.1689,0.0369,0.0,24725.0,14480.0
2026-09-15 10:00:45,2026-09-15T09:45:23,760.06,2026-09-15,C,756.0,4.28,4.29,100.0,76.0,4.28,0.1718,0.8689,0.0583,-0.2403,0.0465,0.0,1767.0,688.0
2026-09-15 10:00:45,2026-09-15T09:45:23,760.06,2026-09-15,P,756.0,0.24,0.25,396.0,1823.0,0.24,0.1718,-0.1311,0.0583,-0.2403,0.0465,0.0,13187.0,4146.0
2026-09-15 10:00:45,2026-09-15T09:45:23,760.06,2026-09-15,C,757.0,3.4,3.41,216.0,32.0,3.4,0.1634,0.8142,0.0775,-0.3517,0.0578,0.0,2764.0,1228.0
2026-09-15 10:00:45,2026-09-15T09:45:23,760.06,2026-09-15,P,757.0,0.35,0.36,1035.0,956.0,0.35,0.1643,-0.1858,0.0775,-0.3517,0.0578,0.0,22791.0,4502.0
2026-09-15 10:00:45,2026-09-15T09:45:23,760.06,2026-09-15,C,758.0,2.58,2.59,37.0,165.0,2.57,0.1556,0.737,0.0995,-0.525,0.0697,0.0,7731.0,2411.0
2026-09-15 10:00:45,2026-09-15T09:45:23,760.06,2026-09-15,P,758.0,0.53,0.54,283.0,450.0,0.53,0.1556,-0.263,0.0995,-0.525,0.0697,0.0,30357.0,8008.0
2026-09-15 10:00:45,2026-09-15T09:45:23,760.06,2026-09-15,C,759.0,1.84,1.85,65.0,228.0,1.85,0.1484,0.6344,0.1199,-0.7879,0.0797,0.0,21520.0,4133.0
2026-09-15 10:00:45,2026-09-15T09:45:23,760.06,2026-09-15,P,759.0,0.79,0.8,210.0,337.0,0.8,0.1484,-0.3656,0.1199,-0.7879,0.0797,0.0,45445.0,5789.0
2026-09-15 10:00:45,2026-09-15T09:45:23,760.06,2026-09-15,C,760.0,1.23,1.24,194.0,338.0,1.24,0.1437,0.51,0.1322,-1.1697,0.0841,0.0,44296.0,4763.0
2026-09-15 10:00:45,2026-09-15T09:45:23,760.06,2026-09-15,P,760.0,1.17,1.18,287.0,20.0,1.17,0.1425,-0.49,0.1322,-1.1697,0.0841,0.0,35429.0,40728.0
2026-09-15 10:00:45,2026-09-15T09:45:23,760.06,2026-09-15,C,761.0,0.75,0.76,517.0,235.0,0.76,0.1391,0.3763,0.1295,-0.7638,0.0804,0.0,31137.0,4451.0
2026-09-15 10:00:45,2026-09-15T09:45:23,760.06,2026-09-15,P,761.0,1.71,1.72,36.0,100.0,1.73,0.1391,-0.6237,0.1295,-0.7638,0.0804,0.0,6842.0,6355.0
2026-09-15 10:00:45,2026-09-15T09:45:23,760.06,2026-09-15,C,762.0,0.43,0.44,302.0,440.0,0.43,0.1382,0.253,0.1106,-0.4376,0.0685,0.0,22513.0,7009.0
2026-09-15 10:00:45,2026-09-15T09:45:23,760.06,2026-09-15,P,762.0,2.38,2.39,86.0,5.0,2.44,0.1382,-0.747,0.1106,-0.4376,0.0685,0.0,5183.0,8736.0
2026-09-15 10:00:45,2026-09-15T09:45:23,760.06,2026-09-15,C,763.0,0.23,0.24,1198.0,253.0,0.24,0.1389,0.1588,0.0829,-0.2432,0.0529,0.0,14639.0,6363.0
2026-09-15 10:00:45,2026-09-15T09:45:23,760.06,2026-09-15,P,763.0,3.19,3.2,57.0,1.0,3.19,0.1389,-0.8412,0.0829,-0.2432,0.0529,0.0,1816.0,2310.0
2026-09-15 10:00:45,2026-09-15T09:45:23,760.06,2026-09-15,C,764.0,0.13,0.14,1956.0,1239.0,0.13,0.1424,0.0975,0.057,-0.1382,0.0384,0.0,17074.0,8872.0
2026-09-15 10:00:45,2026-09-15T09:45:23,760.06,2026-09-15,P,764.0,4.08,4.09,38.0,92.0,4.12,0.1437,-0.9025,0.057,-0.1382,0.0384,0.0,858.0,1840.0
2026-09-15 10:00:45,2026-09-15T09:45:23,760.06,2026-09-15,C,765.0,0.07,0.08,2164.0,1750.0,0.08,0.1472,0.0599,0.0377,-0.0808,0.0271,0.0,16901.0,8622.0
2026-09-15 10:00:45,2026-09-15T09:45:23,760.06,2026-09-15,P,765.0,5.03,5.04,36.0,1.0,5.15,0.1512,-0.9401,0.0377,-0.0808,0.0271,0.0,520.0,4199.0
2026-09-15 10:00:45,2026-09-15T09:45:23,760.06,2026-09-15,C,766.0,0.04,0.05,3003.0,2245.0,0.05,0.1547,0.037,0.0245,-0.0483,0.0188,0.0,4701.0,5000.0
2026-09-15 10:00:45,2026-09-15T09:45:23,760.06,2026-09-15,P,766.0,6.0,6.01,37.0,5.0,6.0,0.1604,-0.963,0.0245,-0.0483,0.0188,0.0,140.0,2039.0
2026-09-15 10:00:45,2026-09-15T09:45:23,760.06,2026-09-15,C,767.0,0.02,0.03,3866.0,186.0,0.03,0.1599,0.0233,0.0159,-0.0298,0.013,0.0,2949.0,5286.0
2026-09-15 10:00:45,2026-09-15T09:45:23,760.06,2026-09-15,P,767.0,6.96,6.99,7.0,1.0,6.98,0.1685,-0.9767,0.0159,-0.0298,0.013,0.0,79.0,1312.0
2026-09-15 10:00:45,2026-09-15T09:45:23,760.06,2026-09-15,C,768.0,0.02,0.03,3568.0,4352.0,0.03,0.1792,0.0154,0.0106,-0.0197,0.0093,0.0,2440.0,6194.0
2026-09-15 10:00:45,2026-09-15T09:45:23,760.06,2026-09-15,P,768.0,7.97,7.99,36.0,100.0,7.98,0.1842,-0.9846,0.0106,-0.0197,0.0093,0.0,110.0,226.0
2026-09-15 10:00:45,2026-09-15T09:45:23,760.06,2026-09-15,C,769.0,0.01,0.02,4396.0,4033.0,0.02,0.1849,0.0111,0.0075,-0.0144,0.007,0.0,847.0,2850.0
2026-09-15 10:00:45,2026-09-15T09:45:23,760.06,2026-09-15,P,769.0,8.96,8.98,36.0,100.0,9.15,0.1921,-0.9889,0.0075,-0.0144,0.007,0.0,115.0,401.0
2026-09-15 10:00:45,2026-09-15T09:45:23,760.06,2026-09-15,C,770.0,0.01,0.02,4360.0,4717.0,0.01,0.2027,0.0087,0.0057,-0.0117,0.0056,0.0,2056.0,7691.0
2026-09-15 10:00:45,2026-09-15T09:45:23,760.06,2026-09-15,P,770.0,9.95,9.97,47.0,42.0,10.05,0.2104,-0.9913,0.0057,-0.0117,0.0056,0.0,248.0,26.0
2026-09-15 10:00:45,2026-09-15T09:45:23,760.06,2026-09-15,C,771.0,0.0,0.01,0.0,2109.0,0.01,0.1944,0.0073,0.0046,-0.0104,0.0048,0.0,4347.0,2628.0
2026-09-15 10:00:45,2026-09-15T09:45:23,760.06,2026-09-15,P,771.0,10.96,10.97,35.0,46.0,11.03,0.2202,-0.9927,0.0046,-0.0104,0.0048,0.0,106.0,2.0
2026-09-15 10:00:45,2026-09-15T09:45:23,760.06,2026-09-15,C,772.0,0.01,0.02,2620.0,4958.0,0.02,0.2377,0.0065,0.0038,-0.0097,0.0043,0.0,3022.0,5596.0
2026-09-15 10:00:45,2026-09-15T09:45:23,760.06,2026-09-15,P,772.0,11.96,11.98,36.0,49.0,12.05,0.2377,-0.9935,0.0038,-0.0097,0.0043,0.0,227.0,0.0
2026-09-15 10:00:45,2026-09-15T09:45:23,760.06,2026-09-15,C,773.0,0.0,0.01,0.0,2652.0,0.01,0.2258,0.0059,0.0033,-0.0094,0.004,0.0,73.0,2456.0
2026-09-15 10:00:45,2026-09-15T09:45:23,760.06,2026-09-15,P,773.0,12.94,12.97,1.0,92.0,13.12,0.2258,-0.9941,0.0033,-0.0094,0.004,0.0,13.0,0.0
2026-09-15 10:00:45,2026-09-15T09:45:23,760.06,2026-09-15,C,774.0,0.0,0.01,0.0,4944.0,0.01,0.2413,0.0055,0.0029,-0.0091,0.0037,0.0,479.0,2687.0
2026-09-15 10:00:45,2026-09-15T09:45:23,760.06,2026-09-15,P,774.0,13.91,13.98,57.0,1.0,14.41,0.0,-0.9945,0.0029,-0.0091,0.0037,0.0,110.0,0.0
2026-09-15 10:00:45,2026-09-15T09:45:23,760.06,2026-09-15,C,775.0,0.0,0.01,0.0,2943.0,0.01,0.2567,0.0051,0.0026,-0.0089,0.0034,0.0,92.0,3104.0
2026-09-15 10:00:45,2026-09-15T09:45:23,760.06,2026-09-15,P,775.0,14.9,14.97,110.0,1.0,14.99,0.0,-0.9949,0.0026,-0.0089,0.0034,0.0,5.0,5.0
2026-09-15 10:00:45,2026-09-15T09:45:23,760.06,2026-09-15,C,776.0,0.0,0.01,0.0,2943.0,0.01,0.272,0.0048,0.0023,-0.0087,0.0032,0.0,15.0,594.0
2026-09-15 10:00:45,2026-09-15T09:45:23,760.06,2026-09-15,P,776.0,15.93,16.05,34.0,83.0,16.84,0.3333,-0.9952,0.0023,-0.0087,0.0032,0.0,7.0,12.0
2026-09-15 10:00:45,2026-09-15T09:45:23,760.06,2026-09-15,C,777.0,0.0,0.01,0.0,2943.0,0.01,0.2872,0.0045,0.002,-0.0086,0.003,0.0,15.0,458.0
2026-09-15 10:00:45,2026-09-15T09:45:23,760.06,2026-09-15,P,777.0,16.93,17.12,15.0,216.0,16.94,0.4087,-0.9955,0.002,-0.0086,0.003,0.0,13.0,0.0
2026-09-15 10:00:45,2026-09-15T09:45:23,760.06,2026-09-15,C,778.0,0.0,0.01,0.0,3004.0,0.01,0.3023,0.0042,0.0018,-0.0084,0.0028,0.0,6.0,236.0
2026-09-15 10:00:45,2026-09-15T09:45:23,760.06,2026-09-15,P,778.0,17.93,17.97,5.0,1.0,18.4,0.3023,-0.9958,0.0018,-0.0084,0.0028,0.0,8.0,0.0
2026-09-15 10:00:45,2026-09-15T09:45:23,760.06,2026-09-15,C,779.0,0.0,0.01,0.0,2943.0,0.01,0.3173,0.004,0.0017,-0.0082,0.0027,0.0,42.0,204.0
2026-09-15 10:00:45,2026-09-15T09:45:23,760.06,2026-09-15,P,779.0,18.93,18.97,3.0,1.0,19.1,0.0,-0.996,0.0017,-0.0082,0.0027,0.0,5.0,0.0
2026-09-15 10:00:45,2026-09-15T09:45:23,760.06,2026-09-15,C,780.0,0.0,0.01,0.0,2951.0,0.01,0.3322,0.0037,0.0015,-0.0081,0.0025,0.0,0.0,3027.0
2026-09-15 10:00:45,2026-09-15T09:45:23,760.06,2026-09-15,P,780.0,19.94,19.97,1.0,2.0,20.84,0.3322,-0.9963,0.0015,-0.0081,0.0025,0.0,5.0,0.0
2026-09-15 10:00:45,2026-09-15T09:45:23,760.06,2026-09-15,C,781.0,0.0,0.01,0.0,2895.0,0.01,0.3471,0.0035,0.0014,-0.0079,0.0024,0.0,1.0,397.0
2026-09-15 10:00:45,2026-09-15T09:45:23,760.06,2026-09-15,P,781.0,20.94,20.97,1.0,55.0,21.34,0.3471,-0.9965,0.0014,-0.0079,0.0024,0.0,6.0,0.0
2026-09-15 10:00:45,2026-09-15T09:45:23,760.06,2026-09-15,C,782.0,0.0,0.01,0.0,2898.0,0.01,0.3619,0.0034,0.0013,-0.0078,0.0023,0.0,0.0,230.0
2026-09-15 10:00:45,2026-09-15T09:45:23,760.06,2026-09-15,P,782.0,21.94,21.96,1.0,1.0,22.82,0.3619,-0.9966,0.0013,-0.0078,0.0023,0.0,5.0,0.0
2026-09-15 10:00:45,2026-09-15T09:45:23,760.06,2026-09-15,C,783.0,0.0,0.01,0.0,2898.0,0.01,0.3766,0.0032,0.0012,-0.0076,0.0022,0.0,0.0,294.0
2026-09-15 10:00:45,2026-09-15T09:45:23,760.06,2026-09-15,P,783.0,22.93,22.99,40.0,57.0,23.35,0.0,-0.9968,0.0012,-0.0076,0.0022,0.0,7.0,0.0
2026-09-15 10:00:45,2026-09-15T09:45:23,760.06,2026-09-15,C,784.0,0.0,0.01,0.0,2898.0,0.01,0.3912,0.003,0.0011,-0.0075,0.0021,0.0,0.0,31.0
2026-09-15 10:00:45,2026-09-15T09:45:23,760.06,2026-09-15,P,784.0,23.93,23.99,1.0,46.0,24.83,0.0,-0.997,0.0011,-0.0075,0.0021,0.0,4.0,0.0
2026-09-15 10:00:45,2026-09-15T09:45:23,760.06,2026-09-15,C,785.0,0.0,0.01,0.0,2898.0,0.01,0.4058,0.0029,0.001,-0.0073,0.002,0.0,0.0,1092.0
2026-09-15 10:00:45,2026-09-15T09:45:23,760.06,2026-09-15,P,785.0,24.93,24.98,1.0,36.0,25.4,0.0,-0.9971,0.001,-0.0073,0.002,0.0,5.0,0.0
2026-09-15 10:00:45,2026-09-15T09:45:23,760.06,2026-09-15,C,786.0,0.0,0.01,0.0,2898.0,0.01,0.4203,0.0028,0.0009,-0.0072,0.0019,0.0,0.0,273.0
2026-09-15 10:00:45,2026-09-15T09:45:23,760.06,2026-09-15,P,786.0,25.93,25.98,5.0,2.0,26.17,0.0,-0.9972,0.0009,-0.0072,0.0019,0.0,7.0,0.0
2026-09-15 10:00:45,2026-09-15T09:45:23,760.06,2026-09-15,C,787.0,0.0,0.01,0.0,2899.0,0.01,0.4347,0.0026,0.0009,-0.007,0.0018,0.0,0.0,24.0
2026-09-15 10:00:45,2026-09-15T09:45:23,760.06,2026-09-15,P,787.0,26.85,27.05,55.0,56.0,28.07,0.0,-0.9974,0.0009,-0.007,0.0018,0.0,2.0,0.0
2026-09-15 10:00:45,2026-09-15T09:45:23,760.06,2026-09-15,C,788.0,0.0,0.01,0.0,2899.0,0.01,0.4491,0.0025,0.0008,-0.0069,0.0017,0.0,0.0,1058.0
2026-09-15 10:00:45,2026-09-15T09:45:23,760.06,2026-09-15,P,788.0,27.94,27.98,1.0,2.0,28.45,0.4491,-0.9975,0.0008,-0.0069,0.0017,0.0,3.0,0.0
2026-09-15 10:00:45,2026-09-15T09:45:23,760.06,2026-09-15,C,789.0,0.0,0.01,0.0,2899.0,0.01,0.4635,0.0024,0.0008,-0.0068,0.0017,0.0,0.0,540.0
2026-09-15 10:00:45,2026-09-15T09:45:23,760.06,2026-09-15,P,789.0,28.85,29.0,68.0,66.0,29.08,0.0,-0.9976,0.0008,-0.0068,0.0017,0.0,16.0,0.0
2026-09-15 10:00:45,2026-09-15T09:45:23,760.06,2026-09-15,C,790.0,0.0,0.01,0.0,2899.0,0.01,0.4777,0.0023,0.0007,-0.0066,0.0016,0.0,0.0,2979.0
2026-09-15 10:00:45,2026-09-15T09:45:23,760.06,2026-09-15,P,790.0,29.88,30.12,5.0,7.0,26.6,0.6568,-0.9977,0.0007,-0.0066,0.0016,0.0,0.0,0.0
2026-09-15 10:00:45,2026-09-15T09:45:23,760.06,2026-09-15,C,791.0,0.0,0.01,0.0,2899.0,0.01,0.4919,0.0022,0.0006,-0.0065,0.0015,0.0,0.0,240.0
2026-09-15 10:00:45,2026-09-15T09:45:23,760.06,2026-09-15,P,791.0,30.93,30.99,1.0,48.0,32.06,0.0,-0.9978,0.0006,-0.0065,0.0015,0.0,2.0,0.0
2026-09-15 10:00:45,2026-09-15T09:45:23,760.06,2026-09-15,C,792.0,0.0,0.01,0.0,2899.0,0.01,0.5061,0.0021,0.0006,-0.0064,0.0015,0.0,0.0,100.0
2026-09-15 10:00:45,2026-09-15T09:45:23,760.06,2026-09-15,P,792.0,31.89,32.07,55.0,55.0,33.04,0.6369,-0.9979,0.0006,-0.0064,0.0015,0.0,2.0,0.0
2026-09-15 10:00:45,2026-09-15T09:45:23,760.06,2026-09-15,C,793.0,0.0,0.01,0.0,2899.0,0.01,0.5202,0.002,0.0006,-0.0063,0.0014,0.0,0.0,20.0
2026-09-15 10:00:45,2026-09-15T09:45:23,760.06,2026-09-15,P,793.0,32.92,33.12,37.0,57.0,34.04,0.7115,-0.998,0.0006,-0.0063,0.0014,0.0,2.0,0.0
2026-09-15 10:00:45,2026-09-15T09:45:23,760.06,2026-09-15,C,794.0,0.0,0.01,0.0,2899.0,0.0,0.5343,0.002,0.0005,-0.0061,0.0014,0.0,0.0,0.0
2026-09-15 10:00:45,2026-09-15T09:45:23,760.06,2026-09-15,P,794.0,33.83,34.01,1.0,57.0,34.07,0.0,-0.998,0.0005,-0.0061,0.0014,0.0,4.0,0.0
2026-09-15 10:00:45,2026-09-15T09:45:23,760.06,2026-09-15,C,795.0,0.0,0.01,0.0,2899.0,0.01,0.5483,0.0019,0.0005,-0.006,0.0013,0.0,0.0,2661.0
2026-09-15 10:00:45,2026-09-15T09:45:23,760.06,2026-09-15,P,795.0,34.94,34.97,1.0,27.0,35.07,0.5483,-0.9981,0.0005,-0.006,0.0013,0.0,3.0,0.0
2026-09-15 10:00:45,2026-09-15T09:45:23,760.06,2026-09-15,C,796.0,0.0,0.01,0.0,2899.0,0.0,0.5623,0.0018,0.0005,-0.0059,0.0013,0.0,0.0,0.0
2026-09-15 10:00:45,2026-09-15T09:45:23,760.06,2026-09-15,P,796.0,35.86,36.02,57.0,1.0,30.51,0.0,-0.9982,0.0005,-0.0059,0.0013,0.0,0.0,0.0
2026-09-15 10:00:45,2026-09-15T09:45:23,760.06,2026-09-15,C,797.0,0.0,0.01,0.0,2899.0,0.01,0.5762,0.0017,0.0004,-0.0058,0.0012,0.0,0.0,18.0
2026-09-15 10:00:45,2026-09-15T09:45:23,760.06,2026-09-15,P,797.0,36.91,37.05,44.0,55.0,34.24,0.7212,-0.9983,0.0004,-0.0058,0.0012,0.0,0.0,0.0
2026-09-15 10:00:45,2026-09-15T09:45:23,760.06,2026-09-15,C,798.0,0.0,0.01,0.0,2899.0,0.01,0.59,0.0017,0.0004,-0.0056,0.0012,0.0,0.0,1.0
2026-09-15 10:00:45,2026-09-15T09:45:23,760.06,2026-09-15,P,798.0,37.91,38.32,49.0,1.0,35.79,1.035,-0.9983,0.0004,-0.0056,0.0012,0.0,0.0,0.0
2026-09-15 10:05:46,2026-09-15T09:50:23,759.35,2026-09-15,C,722.0,37.31,37.41,121.0,1.0,37.51,0.0,0.9971,0.0006,-0.0118,0.0019,0.0,17.0,4.0
2026-09-15 10:05:46,2026-09-15T09:50:23,759.35,2026-09-15,P,722.0,0.0,0.01,0.0,2712.0,0.01,0.6156,-0.0029,0.0006,-0.0118,0.0019,0.0,60.0,2491.0
2026-09-15 10:05:46,2026-09-15T09:50:23,759.35,2026-09-15,C,723.0,36.3,36.41,132.0,1.0,36.46,0.0,0.997,0.0007,-0.012,0.002,0.0,9.0,3.0
2026-09-15 10:05:46,2026-09-15T09:50:23,759.35,2026-09-15,P,723.0,0.0,0.01,0.0,2712.0,0.01,0.6001,-0.003,0.0007,-0.012,0.002,0.0,541.0,805.0
2026-09-15 10:05:46,2026-09-15T09:50:23,759.35,2026-09-15,C,724.0,35.32,35.42,57.0,61.0,35.48,0.0,0.9968,0.0007,-0.0122,0.0021,0.0,8.0,6.0
2026-09-15 10:05:46,2026-09-15T09:50:23,759.35,2026-09-15,P,724.0,0.0,0.01,0.0,2772.0,0.01,0.5846,-0.0032,0.0007,-0.0122,0.0021,0.0,5.0,1796.0
2026-09-15 10:05:46,2026-09-15T09:50:23,759.35,2026-09-15,C,725.0,34.31,34.41,60.0,1.0,34.53,0.0,0.9967,0.0008,-0.0125,0.0022,0.0,10.0,27.0
2026-09-15 10:05:46,2026-09-15T09:50:23,759.35,2026-09-15,P,725.0,0.0,0.01,0.0,2852.0,0.01,0.569,-0.0033,0.0008,-0.0125,0.0022,0.0,4.0,1196.0
2026-09-15 10:05:46,2026-09-15T09:50:23,759.35,2026-09-15,C,726.0,33.3,33.42,83.0,62.0,33.39,0.0,0.9966,0.0008,-0.0127,0.0022,0.0,14.0,10.0
2026-09-15 10:05:46,2026-09-15T09:50:23,759.35,2026-09-15,P,726.0,0.0,0.01,0.0,4726.0,0.01,0.5535,-0.0034,0.0008,-0.0127,0.0022,0.0,105.0,16496.0
2026-09-15 10:05:46,2026-09-15T09:50:23,759.35,2026-09-15,C,727.0,32.3,32.42,60.0,81.0,32.36,0.0,0.9964,0.0009,-0.013,0.0023,0.0,27.0,9.0
2026-09-15 10:05:46,2026-09-15T09:50:23,759.35,2026-09-15,P,727.0,0.0,0.01,0.0,4475.0,0.01,0.538,-0.0036,0.0009,-0.013,0.0023,0.0,109.0,29180.0
2026-09-15 10:05:46,2026-09-15T09:50:23,759.35,2026-09-15,C,728.0,31.31,31.41,122.0,1.0,31.94,0.5223,0.9963,0.0009,-0.0133,0.0024,0.0,17.0,10.0
2026-09-15 10:05:46,2026-09-15T09:50:23,759.35,2026-09-15,P,728.0,0.0,0.01,0.0,2317.0,0.01,0.5224,-0.0037,0.0009,-0.0133,0.0024,0.0,40.0,1126.0
2026-09-15 10:05:46,2026-09-15T09:50:23,759.35,2026-09-15,C,729.0,30.35,30.41,70.0,1.0,30.75,0.5405,0.9961,0.001,-0.0136,0.0025,0.0,27.0,11.0
2026-09-15 10:05:46,2026-09-15T09:50:23,759.35,2026-09-15,P,729.0,0.0,0.01,0.0,3936.0,0.01,0.5069,-0.0039,0.001,-0.0136,0.0025,0.0,1736.0,1595.0
2026-09-15 10:05:46,2026-09-15T09:50:23,759.35,2026-09-15,C,730.0,29.35,29.41,55.0,1.0,29.4,0.4912,0.9959,0.0011,-0.0138,0.0026,0.0,51.0,64.0
2026-09-15 10:05:46,2026-09-15T09:50:23,759.35,2026-09-15,P,730.0,0.01,0.02,4788.0,4774.0,0.01,0.5462,-0.0041,0.0011,-0.0138,0.0026,0.0,11352.0,19303.0
2026-09-15 10:05:46,2026-09-15T09:50:23,759.35,2026-09-15,C,731.0,28.34,28.42,61.0,57.0,28.42,0.5076,0.9957,0.0011,-0.0141,0.0027,0.0,20.0,9.0
2026-09-15 10:05:46,2026-09-15T09:50:23,759.35,2026-09-15,P,731.0,0.01,0.02,4788.0,4786.0,0.02,0.5292,-0.0043,0.0011,-0.0141,0.0027,0.0,5917.0,18305.0
2026-09-15 10:05:46,2026-09-15T09:50:23,759.35,2026-09-15,C,732.0,27.35,27.43,55.0,82.0,27.47,0.4911,0.9955,0.0012,-0.0144,0.0029,0.0,29.0,8.0
2026-09-15 10:05:46,2026-09-15T09:50:23,759.35,2026-09-15,P,732.0,0.01,0.02,4785.0,4788.0,0.02,0.5121,-0.0045,0.0012,-0.0144,0.0029,0.0,7116.0,6051.0
2026-09-15 10:05:46,2026-09-15T09:50:23,759.35,2026-09-15,C,733.0,26.35,26.42,65.0,1.0,26.36,0.4443,0.9953,0.0013,-0.0148,0.003,0.0,25.0,1.0
2026-09-15 10:05:46,2026-09-15T09:50:23,759.35,2026-09-15,P,733.0,0.01,0.02,4787.0,4788.0,0.02,0.495,-0.0047,0.0013,-0.0148,0.003,0.0,1563.0,1432.0
2026-09-15 10:05:46,2026-09-15T09:50:23,759.35,2026-09-15,C,734.0,25.35,25.42,69.0,69.0,25.41,0.4286,0.9951,0.0014,-0.0151,0.0031,0.0,9.0,6.0
2026-09-15 10:05:46,2026-09-15T09:50:23,759.35,2026-09-15,P,734.0,0.01,0.02,4903.0,4908.0,0.02,0.4779,-0.0049,0.0014,-0.0151,0.0031,0.0,5565.0,5103.0
2026-09-15 10:05:46,2026-09-15T09:50:23,759.35,2026-09-15,C,735.0,24.35,24.42,55.0,1.0,24.85,0.4414,0.9948,0.0016,-0.0155,0.0033,0.0,14.0,44.0
2026-09-15 10:05:46,2026-09-15T09:50:23,759.35,2026-09-15,P,735.0,0.01,0.02,4945.0,4949.0,0.01,0.4607,-0.0052,0.0016,-0.0155,0.0033,0.0,3486.0,3541.0
2026-09-15 10:05:46,2026-09-15T09:50:23,759.35,2026-09-15,C,736.0,23.34,23.42,77.0,1.0,23.51,0.4434,0.9945,0.0017,-0.0159,0.0035,0.0,6.0,10.0
2026-09-15 10:05:46,2026-09-15T09:50:23,759.35,2026-09-15,P,736.0,0.01,0.02,4946.0,4949.0,0.02,0.4435,-0.0055,0.0017,-0.0159,0.0035,0.0,57.0,1647.0
2026-09-15 10:05:46,2026-09-15T09:50:23,759.35,2026-09-15,C,737.0,22.36,22.42,55.0,115.0,22.56,0.4262,0.9942,0.0018,-0.0164,0.0037,0.0,20.0,6.0
2026-09-15 10:05:46,2026-09-15T09:50:23,759.35,2026-09-15,P,737.0,0.01,0.02,4863.0,4869.0,0.01,0.4262,-0.0058,0.0018,-0.0164,0.0037,0.0,18.0,541.0
2026-09-15 10:05:46,2026-09-15T09:50:23,759.35,2026-09-15,C,738.0,21.35,21.42,116.0,1.0,21.34,0.3657,0.9938,0.002,-0.0169,0.0039,0.0,4.0,10.0
2026-09-15 10:05:46,2026-09-15T09:50:23,759.35,2026-09-15,P,738.0,0.01,0.02,4901.0,4624.0,0.01,0.4089,-0.0062,0.002,-0.0169,0.0039,0.0,205.0,1543.0
2026-09-15 10:05:46,2026-09-15T09:50:23,759.35,2026-09-15,C,739.0,20.35,20.42,130.0,1.0,20.39,0.3748,0.9934,0.0022,-0.0175,0.0041,0.0,4.0,0.0
2026-09-15 10:05:46,2026-09-15T09:50:23,759.35,2026-09-15,P,739.0,0.01,0.02,4777.0,3983.0,0.01,0.3916,-0.0066,0.0022,-0.0175,0.0041,0.0,359.0,787.0
2026-09-15 10:05:46,2026-09-15T09:50:23,759.35,2026-09-15,C,740.0,19.36,19.42,99.0,1.0,19.5,0.3868,0.9929,0.0025,-0.0182,0.0044,0.0,18.0,97.0
2026-09-15 10:05:46,2026-09-15T09:50:23,759.35,2026-09-15,P,740.0,0.01,0.02,4859.0,3630.0,0.02,0.3742,-0.0071,0.0025,-0.0182,0.0044,0.0,263.0,2230.0
2026-09-15 10:05:46,2026-09-15T09:50:23,759.35,2026-09-15,C,741.0,18.36,18.42,139.0,1.0,18.77,0.3567,0.9923,0.0028,-0.019,0.0047,0.0,3.0,57.0
2026-09-15 10:05:46,2026-09-15T09:50:23,759.35,2026-09-15,P,741.0,0.01,0.02,4781.0,3061.0,0.02,0.3568,-0.0077,0.0028,-0.019,0.0047,0.0,2.0,1396.0
2026-09-15 10:05:46,2026-09-15T09:50:23,759.35,2026-09-15,C,742.0,17.35,17.42,131.0,1.0,17.57,0.3392,0.9916,0.0031,-0.02,0.0051,0.0,2.0,16.0
2026-09-15 10:05:46,2026-09-15T09:50:23,759.35,2026-09-15,P,742.0,0.01,0.02,4757.0,1649.0,0.01,0.3392,-0.0084,0.0031,-0.02,0.0051,0.0,243.0,16025.0
2026-09-15 10:05:46,2026-09-15T09:50:23,759.35,2026-09-15,C,743.0,16.37,16.42,44.0,1.0,19.8,0.3216,0.9908,0.0035,-0.0213,0.0056,0.0,0.0,38.0
2026-09-15 10:05:46,2026-09-15T09:50:23,759.35,2026-09-15,P,743.0,0.01,0.02,4774.0,260.0,0.02,0.3216,-0.0092,0.0035,-0.0213,0.0056,0.0,571.0,1867.0
2026-09-15 10:05:46,2026-09-15T09:50:23,759.35,2026-09-15,C,744.0,15.37,15.43,55.0,71.0,15.64,0.3237,0.9897,0.0041,-0.023,0.0062,0.0,12.0,39.0
2026-09-15 10:05:46,2026-09-15T09:50:23,759.35,2026-09-15,P,744.0,0.02,0.03,4593.0,4638.0,0.02,0.3237,-0.0103,0.0041,-0.023,0.0062,0.0,2954.0,1688.0
2026-09-15 10:05:46,2026-09-15T09:50:23,759.35,2026-09-15,C,745.0,14.37,14.43,55.0,1.0,14.58,0.305,0.9884,0.0048,-0.0251,0.0068,0.0,4.0,514.0
2026-09-15 10:05:46,2026-09-15T09:50:23,759.35,2026-09-15,P,745.0,0.02,0.03,4492.0,3965.0,0.03,0.305,-0.0116,0.0048,-0.0251,0.0068,0.0,916.0,4821.0
2026-09-15 10:05:46,2026-09-15T09:50:23,759.35,2026-09-15,C,746.0,13.37,13.43,122.0,1.0,13.52,0.2863,0.9867,0.0056,-0.0279,0.0077,0.0,7.0,231.0
2026-09-15 10:05:46,2026-09-15T09:50:23,759.35,2026-09-15,P,746.0,0.02,0.03,4312.0,3228.0,0.03,0.2863,-0.0133,0.0056,-0.0279,0.0077,0.0,1058.0,1600.0
2026-09-15 10:05:46,2026-09-15T09:50:23,759.35,2026-09-15,C,747.0,12.37,12.43,79.0,1.0,12.37,0.2674,0.9844,0.0068,-0.0316,0.0088,0.0,7.0,124.0
2026-09-15 10:05:46,2026-09-15T09:50:23,759.35,2026-09-15,P,747.0,0.03,0.04,3670.0,4241.0,0.03,0.2802,-0.0156,0.0068,-0.0316,0.0088,0.0,1393.0,2889.0
2026-09-15 10:05:46,2026-09-15T09:50:23,759.35,2026-09-15,C,748.0,11.37,11.44,79.0,1.0,11.52,0.2548,0.9815,0.0083,-0.0365,0.0102,0.0,21.0,240.0
2026-09-15 10:05:46,2026-09-15T09:50:23,759.35,2026-09-15,P,748.0,0.03,0.04,4008.0,3379.0,0.04,0.2605,-0.0185,0.0083,-0.0365,0.0102,0.0,1013.0,5015.0
2026-09-15 10:05:46,2026-09-15T09:50:23,759.35,2026-09-15,C,749.0,10.39,10.45,66.0,1.0,10.5,0.25,0.9774,0.0103,-0.0433,0.0121,0.0,37.0,165.0
2026-09-15 10:05:46,2026-09-15T09:50:23,759.35,2026-09-15,P,749.0,0.04,0.05,3182.0,3893.0,0.04,0.2501,-0.0226,0.0103,-0.0433,0.0121,0.0,1393.0,2839.0
2026-09-15 10:05:46,2026-09-15T09:50:23,759.35,2026-09-15,C,750.0,9.42,9.44,37.0,54.0,9.73,0.244,0.9719,0.0131,-0.0527,0.0145,0.0,162.0,357.0
2026-09-15 10:05:46,2026-09-15T09:50:23,759.35,2026-09-15,P,750.0,0.05,0.06,3723.0,3807.0,0.05,0.2371,-0.0281,0.0131,-0.0527,0.0145,0.0,4825.0,11473.0
2026-09-15 10:05:46,2026-09-15T09:50:23,759.35,2026-09-15,C,751.0,8.41,8.47,66.0,1.0,8.55,0.2221,0.9642,0.0169,-0.0659,0.0177,0.0,40.0,147.0
2026-09-15 10:05:46,2026-09-15T09:50:23,759.35,2026-09-15,P,751.0,0.06,0.07,2713.0,3311.0,0.06,0.2221,-0.0358,0.0169,-0.0659,0.0177,0.0,8017.0,3638.0
2026-09-15 10:05:46,2026-09-15T09:50:23,759.35,2026-09-15,C,752.0,7.43,7.48,42.0,1.0,7.73,0.2104,0.9532,0.0222,-0.0849,0.0218,0.0,13.0,188.0
2026-09-15 10:05:46,2026-09-15T09:50:23,759.35,2026-09-15,P,752.0,0.08,0.09,2262.0,3231.0,0.08,0.2104,-0.0468,0.0222,-0.0849,0.0218,0.0,8964.0,2977.0
2026-09-15 10:05:46,2026-09-15T09:50:23,759.35,2026-09-15,C,753.0,6.45,6.51,60.0,106.0,6.44,0.1975,0.9374,0.0296,-0.1127,0.0273,0.0,230.0,235.0
2026-09-15 10:05:46,2026-09-15T09:50:23,759.35,2026-09-15,P,753.0,0.1,0.11,2440.0,1408.0,0.1,0.1956,-0.0626,0.0296,-0.1127,0.0273,0.0,24431.0,6336.0
2026-09-15 10:05:46,2026-09-15T09:50:23,759.35,2026-09-15,C,754.0,5.51,5.54,36.0,103.0,5.45,0.1906,0.9143,0.0399,-0.1544,0.0344,0.0,245.0,240.0
2026-09-15 10:05:46,2026-09-15T09:50:23,759.35,2026-09-15,P,754.0,0.14,0.15,2263.0,1206.0,0.14,0.1876,-0.0857,0.0399,-0.1544,0.0344,0.0,8534.0,4123.0
2026-09-15 10:05:46,2026-09-15T09:50:23,759.35,2026-09-15,C,755.0,4.58,4.59,1.0,163.0,4.66,0.1797,0.8803,0.0539,-0.2181,0.0434,0.0,1224.0,413.0
2026-09-15 10:05:46,2026-09-15T09:50:23,759.35,2026-09-15,P,755.0,0.21,0.22,714.0,2277.0,0.21,0.1761,-0.1197,0.0539,-0.2181,0.0434,0.0,32893.0,14480.0
2026-09-15 10:05:46,2026-09-15T09:50:23,759.35,2026-09-15,C,756.0,3.67,3.69,117.0,108.0,3.72,0.1688,0.8307,0.0721,-0.3172,0.0543,0.0,2355.0,688.0
2026-09-15 10:05:46,2026-09-15T09:50:23,759.35,2026-09-15,P,756.0,0.3,0.31,1896.0,495.0,0.31,0.1669,-0.1693,0.0721,-0.3172,0.0543,0.0,16959.0,4146.0
2026-09-15 10:05:46,2026-09-15T09:50:23,759.35,2026-09-15,C,757.0,2.83,2.84,33.0,109.0,2.78,0.1593,0.7598,0.0936,-0.4716,0.0662,0.0,3316.0,1228.0
2026-09-15 10:05:46,2026-09-15T09:50:23,759.35,2026-09-15,P,757.0,0.45,0.46,1199.0,105.0,0.45,0.1578,-0.2402,0.0936,-0.4716,0.0662,0.0,28769.0,4502.0
2026-09-15 10:05:46,2026-09-15T09:50:23,759.35,2026-09-15,C,758.0,2.06,2.07,39.0,84.0,2.05,0.1524,0.664,0.115,-0.7077,0.0768,0.0,8779.0,2411.0
2026-09-15 10:05:46,2026-09-15T09:50:23,759.35,2026-09-15,P,758.0,0.69,0.7,10.0,232.0,0.68,0.1512,-0.336,0.115,-0.7077,0.0768,0.0,42151.0,8008.0
2026-09-15 10:05:46,2026-09-15T09:50:23,759.35,2026-09-15,C,759.0,1.41,1.42,41.0,252.0,1.4,0.1461,0.5446,0.1302,-1.055,0.0831,0.0,26342.0,4133.0
2026-09-15 10:05:46,2026-09-15T09:50:23,759.35,2026-09-15,P,759.0,1.03,1.04,388.0,264.0,1.03,0.1442,-0.4554,0.1302,-1.055,0.0831,0.0,69852.0,5789.0
2026-09-15 10:05:46,2026-09-15T09:50:23,759.35,2026-09-15,C,760.0,0.89,0.9,364.0,262.0,0.89,0.1421,0.4115,0.132,-0.8744,0.0816,0.0,58395.0,4763.0
2026-09-15 10:05:46,2026-09-15T09:50:23,759.35,2026-09-15,P,760.0,1.52,1.53,126.0,233.0,1.53,0.1403,-0.5885,0.132,-0.8744,0.0816,0.0,45666.0,40728.0
2026-09-15 10:05:46,2026-09-15T09:50:23,759.35,2026-09-15,C,761.0,0.52,0.53,609.0,403.0,0.53,0.139,0.2832,0.1171,-0.5085,0.0717,0.0,41164.0,4451.0
2026-09-15 10:05:46,2026-09-15T09:50:23,759.35,2026-09-15,P,761.0,2.15,2.16,42.0,227.0,2.15,0.1383,-0.7168,0.1171,-0.5085,0.0717,0.0,8530.0,6355.0
2026-09-15 10:05:46,2026-09-15T09:50:23,759.35,2026-09-15,C,762.0,0.29,0.3,513.0,1596.0,0.29,0.139,0.1797,0.0905,-0.2817,0.0565,0.0,27965.0,7009.0
2026-09-15 10:05:46,2026-09-15T09:50:23,759.35,2026-09-15,P,762.0,2.91,2.93,104.0,120.0,2.94,0.1372,-0.8203,0.0905,-0.2817,0.0565,0.0,6173.0,8736.0
2026-09-15 10:05:46,2026-09-15T09:50:23,759.35,2026-09-15,C,763.0,0.15,0.16,2752.0,1067.0,0.15,0.1415,0.1097,0.0631,-0.1568,0.0414,0.0,20504.0,6363.0
2026-09-15 10:05:46,2026-09-15T09:50:23,759.35,2026-09-15,P,763.0,3.78,3.79,42.0,37.0,3.77,0.1389,-0.8903,0.0631,-0.1568,0.0414,0.0,2354.0,2310.0
2026-09-15 10:05:46,2026-09-15T09:50:23,759.35,2026-09-15,C,764.0,0.09,0.1,1090.0,2425.0,0.09,0.1496,0.0666,0.0418,-0.0898,0.0291,0.0,19014.0,8872.0
2026-09-15 10:05:46,2026-09-15T09:50:23,759.35,2026-09-15,P,764.0,4.71,4.72,41.0,36.0,4.8,0.142,-0.9334,0.0418,-0.0898,0.0291,0.0,1056.0,1840.0
2026-09-15 10:05:46,2026-09-15T09:50:23,759.35,2026-09-15,C,765.0,0.05,0.06,2572.0,2810.0,0.05,0.1557,0.041,0.0271,-0.0533,0.0202,0.0,23839.0,8622.0
2026-09-15 10:05:46,2026-09-15T09:50:23,759.35,2026-09-15,P,765.0,5.67,5.68,37.0,36.0,5.7,0.1501,-0.959,0.0271,-0.0533,0.0202,0.0,1057.0,4199.0
2026-09-15 10:05:46,2026-09-15T09:50:23,759.35,2026-09-15,C,766.0,0.03,0.04,3570.0,3371.0,0.04,0.1643,0.026,0.0177,-0.0332,0.0141,0.0,5961.0,5000.0
2026-09-15 10:05:46,2026-09-15T09:50:23,759.35,2026-09-15,P,766.0,6.65,6.67,39.0,45.0,6.71,0.1558,-0.974,0.0177,-0.0332,0.0141,0.0,242.0,2039.0
2026-09-15 10:05:46,2026-09-15T09:50:23,759.35,2026-09-15,C,767.0,0.02,0.03,3880.0,3591.0,0.03,0.1754,0.0173,0.0119,-0.0221,0.0101,0.0,3204.0,5286.0
2026-09-15 10:05:46,2026-09-15T09:50:23,759.35,2026-09-15,P,767.0,7.62,7.66,120.0,1.0,7.63,0.1632,-0.9827,0.0119,-0.0221,0.0101,0.0,92.0,1312.0
2026-09-15 10:05:46,2026-09-15T09:50:23,759.35,2026-09-15,C,768.0,0.02,0.03,1941.0,4508.0,0.03,0.1946,0.0124,0.0084,-0.0161,0.0076,0.0,2971.0,6194.0
2026-09-15 10:05:46,2026-09-15T09:50:23,759.35,2026-09-15,P,768.0,8.63,8.65,47.0,36.0,8.68,0.1594,-0.9876,0.0084,-0.0161,0.0076,0.0,191.0,226.0
2026-09-15 10:05:46,2026-09-15T09:50:23,759.35,2026-09-15,C,769.0,0.01,0.02,4567.0,4596.0,0.01,0.1994,0.0097,0.0063,-0.013,0.0061,0.0,882.0,2850.0
2026-09-15 10:05:46,2026-09-15T09:50:23,759.35,2026-09-15,P,769.0,9.63,9.64,37.0,36.0,9.7,0.1756,-0.9903,0.0063,-0.013,0.0061,0.0,189.0,401.0
2026-09-15 10:05:46,2026-09-15T09:50:23,759.35,2026-09-15,C,770.0,0.01,0.02,4287.0,4988.0,0.01,0.2172,0.0081,0.005,-0.0115,0.0052,0.0,2169.0,7691.0
2026-09-15 10:05:46,2026-09-15T09:50:23,759.35,2026-09-15,P,770.0,10.63,10.64,37.0,35.0,10.63,0.0,-0.9919,0.005,-0.0115,0.0052,0.0,311.0,26.0
2026-09-15 10:05:46,2026-09-15T09:50:23,759.35,2026-09-15,C,771.0,0.0,0.01,0.0,3535.0,0.01,0.2075,0.0072,0.0042,-0.0107,0.0047,0.0,5045.0,2628.0
2026-09-15 10:05:46,2026-09-15T09:50:23,759.35,2026-09-15,P,771.0,11.63,11.64,34.0,36.0,11.59,0.0,-0.9928,0.0042,-0.0107,0.0047,0.0,246.0,2.0
2026-09-15 10:05:46,2026-09-15T09:50:23,759.35,2026-09-15,C,772.0,0.01,0.02,2441.0,4957.0,0.01,0.2522,0.0065,0.0036,-0.0103,0.0043,0.0,3440.0,5596.0
2026-09-15 10:05:46,2026-09-15T09:50:23,759.35,2026-09-15,P,772.0,12.62,12.64,52.0,36.0,12.52,0.0,-0.9935,0.0036,-0.0103,0.0043,0.0,360.0,0.0
2026-09-15 10:05:46,2026-09-15T09:50:23,759.35,2026-09-15,C,773.0,0.0,0.01,0.0,2909.0,0.01,0.239,0.006,0.0032,-0.01,0.0039,0.0,74.0,2456.0
2026-09-15 10:05:46,2026-09-15T09:50:23,759.35,2026-09-15,P,773.0,13.57,13.65,1.0,42.0,13.57,0.0,-0.994,0.0032,-0.01,0.0039,0.0,18.0,0.0
2026-09-15 10:05:46,2026-09-15T09:50:23,759.35,2026-09-15,C,774.0,0.0,0.01,0.0,2942.0,0.01,0.2545,0.0056,0.0028,-0.0098,0.0037,0.0,549.0,2687.0
2026-09-15 10:05:46,2026-09-15T09:50:23,759.35,2026-09-15,P,774.0,14.57,14.65,85.0,1.0,14.65,0.0,-0.9944,0.0028,-0.0098,0.0037,0.0,111.0,0.0
2026-09-15 10:05:46,2026-09-15T09:50:23,759.35,2026-09-15,C,775.0,0.0,0.01,0.0,2942.0,0.01,0.2699,0.0052,0.0025,-0.0096,0.0034,0.0,95.0,3104.0
2026-09-15 10:05:46,2026-09-15T09:50:23,759.35,2026-09-15,P,775.0,15.59,15.65,1.0,18.0,14.99,0.0,-0.9948,0.0025,-0.0096,0.0034,0.0,5.0,5.0
2026-09-15 10:05:46,2026-09-15T09:50:23,759.35,2026-09-15,C,776.0,0.0,0.01,0.0,2943.0,0.01,0.2852,0.0049,0.0022,-0.0094,0.0032,0.0,15.0,594.0
2026-09-15 10:05:46,2026-09-15T09:50:23,759.35,2026-09-15,P,776.0,16.58,16.74,160.0,200.0,16.76,0.0,-0.9951,0.0022,-0.0094,0.0032,0.0,18.0,12.0
2026-09-15 10:05:46,2026-09-15T09:50:23,759.35,2026-09-15,C,777.0,0.0,0.01,0.0,2942.0,0.01,0.3005,0.0046,0.002,-0.0092,0.0031,0.0,15.0,458.0
2026-09-15 10:05:46,2026-09-15T09:50:23,759.35,2026-09-15,P,777.0,17.6,17.66,1.0,99.0,16.94,0.2021,-0.9954,0.002,-0.0092,0.0031,0.0,13.0,0.0
2026-09-15 10:05:46,2026-09-15T09:50:23,759.35,2026-09-15,C,778.0,0.0,0.01,0.0,3022.0,0.01,0.3156,0.0043,0.0018,-0.0091,0.0029,0.0,6.0,236.0
2026-09-15 10:05:46,2026-09-15T09:50:23,759.35,2026-09-15,P,778.0,18.61,18.64,113.0,1.0,17.97,0.0,-0.9957,0.0018,-0.0091,0.0029,0.0,9.0,0.0
2026-09-15 10:05:46,2026-09-15T09:50:23,759.35,2026-09-15,C,779.0,0.0,0.01,0.0,2943.0,0.01,0.3307,0.0041,0.0016,-0.0089,0.0027,0.0,42.0,204.0
2026-09-15 10:05:46,2026-09-15T09:50:23,759.35,2026-09-15,P,779.0,19.58,19.65,84.0,23.0,19.6,0.0,-0.9959,0.0016,-0.0089,0.0027,0.0,7.0,0.0
2026-09-15 10:05:46,2026-09-15T09:50:23,759.35,2026-09-15,C,780.0,0.0,0.01,0.0,2955.0,0.01,0.3457,0.0039,0.0015,-0.0087,0.0026,0.0,0.0,3027.0
2026-09-15 10:05:46,2026-09-15T09:50:23,759.35,2026-09-15,P,780.0,20.58,20.65,1.0,25.0,20.76,0.0,-0.9961,0.0015,-0.0087,0.0026,0.0,15.0,0.0
2026-09-15 10:05:46,2026-09-15T09:50:23,759.35,2026-09-15,C,781.0,0.0,0.01,0.0,3017.0,0.01,0.3606,0.0037,0.0014,-0.0086,0.0025,0.0,1.0,397.0
2026-09-15 10:05:46,2026-09-15T09:50:23,759.35,2026-09-15,P,781.0,21.58,21.65,57.0,23.0,21.76,0.0,-0.9963,0.0014,-0.0086,0.0025,0.0,16.0,0.0
2026-09-15 10:05:46,2026-09-15T09:50:23,759.35,2026-09-15,C,782.0,0.0,0.01,0.0,2898.0,0.01,0.3754,0.0035,0.0013,-0.0084,0.0023,0.0,2.0,230.0
2026-09-15 10:05:46,2026-09-15T09:50:23,759.35,2026-09-15,P,782.0,22.6,22.64,37.0,1.0,22.82,0.0,-0.9965,0.0013,-0.0084,0.0023,0.0,5.0,0.0
2026-09-15 10:05:46,2026-09-15T09:50:23,759.35,2026-09-15,C,783.0,0.0,0.01,0.0,2897.0,0.01,0.3902,0.0033,0.0012,-0.0082,0.0022,0.0,0.0,294.0
2026-09-15 10:05:46,2026-09-15T09:50:23,759.35,2026-09-15,P,783.0,23.54,23.73,56.0,56.0,23.22,0.0,-0.9967,0.0012,-0.0082,0.0022,0.0,8.0,0.0
2026-09-15 10:05:46,2026-09-15T09:50:23,759.35,2026-09-15,C,784.0,0.0,0.01,0.0,2897.0,0.01,0.4048,0.0032,0.0011,-0.0081,0.0021,0.0,1.0,31.0
2026-09-15 10:05:46,2026-09-15T09:50:23,759.35,2026-09-15,P,784.0,24.59,24.64,44.0,1.0,24.76,0.0,-0.9968,0.0011,-0.0081,0.0021,0.0,14.0,0.0
2026-09-15 10:05:46,2026-09-15T09:50:23,759.35,2026-09-15,C,785.0,0.0,0.01,0.0,2897.0,0.01,0.4195,0.003,0.001,-0.0079,0.002,0.0,0.0,1092.0
2026-09-15 10:05:46,2026-09-15T09:50:23,759.35,2026-09-15,P,785.0,25.59,25.64,36.0,1.0,25.62,0.0,-0.997,0.001,-0.0079,0.002,0.0,8.0,0.0
2026-09-15 10:05:46,2026-09-15T09:50:23,759.35,2026-09-15,C,786.0,0.0,0.01,0.0,2898.0,0.01,0.434,0.0029,0.0009,-0.0078,0.002,0.0,0.0,273.0
2026-09-15 10:05:46,2026-09-15T09:50:23,759.35,2026-09-15,P,786.0,26.59,26.64,55.0,1.0,26.51,0.0,-0.9971,0.0009,-0.0078,0.002,0.0,13.0,0.0
2026-09-15 10:05:46,2026-09-15T09:50:23,759.35,2026-09-15,C,787.0,0.0,0.01,0.0,2899.0,0.01,0.4486,0.0027,0.0009,-0.0076,0.0019,0.0,0.0,24.0
2026-09-15 10:05:46,2026-09-15T09:50:23,759.35,2026-09-15,P,787.0,27.59,27.64,1.0,1.0,27.76,0.0,-0.9973,0.0009,-0.0076,0.0019,0.0,12.0,0.0
2026-09-15 10:05:46,2026-09-15T09:50:23,759.35,2026-09-15,C,788.0,0.0,0.01,0.0,2898.0,0.01,0.463,0.0026,0.0008,-0.0075,0.0018,0.0,0.0,1058.0
2026-09-15 10:05:46,2026-09-15T09:50:23,759.35,2026-09-15,P,788.0,28.59,28.64,52.0,1.0,28.76,0.0,-0.9974,0.0008,-0.0075,0.0018,0.0,13.0,0.0
2026-09-15 10:05:46,2026-09-15T09:50:23,759.35,2026-09-15,C,789.0,0.0,0.01,0.0,2898.0,0.01,0.4774,0.0025,0.0008,-0.0073,0.0017,0.0,0.0,540.0
2026-09-15 10:05:46,2026-09-15T09:50:23,759.35,2026-09-15,P,789.0,29.59,29.65,1.0,41.0,29.74,0.0,-0.9975,0.0008,-0.0073,0.0017,0.0,17.0,0.0
2026-09-15 10:05:46,2026-09-15T09:50:23,759.35,2026-09-15,C,790.0,0.0,0.01,0.0,2898.0,0.01,0.4917,0.0024,0.0007,-0.0072,0.0016,0.0,0.0,2979.0
2026-09-15 10:05:46,2026-09-15T09:50:23,759.35,2026-09-15,P,790.0,30.59,30.73,37.0,57.0,26.6,0.5634,-0.9976,0.0007,-0.0072,0.0016,0.0,0.0,0.0
2026-09-15 10:05:46,2026-09-15T09:50:23,759.35,2026-09-15,C,791.0,0.0,0.01,0.0,2898.0,0.01,0.506,0.0023,0.0007,-0.007,0.0016,0.0,0.0,240.0
2026-09-15 10:05:46,2026-09-15T09:50:23,759.35,2026-09-15,P,791.0,31.59,31.64,53.0,1.0,31.76,0.0,-0.9977,0.0007,-0.007,0.0016,0.0,13.0,0.0
2026-09-15 10:05:46,2026-09-15T09:50:23,759.35,2026-09-15,C,792.0,0.0,0.01,0.0,2898.0,0.01,0.5202,0.0022,0.0006,-0.0069,0.0015,0.0,0.0,100.0
2026-09-15 10:05:46,2026-09-15T09:50:23,759.35,2026-09-15,P,792.0,32.53,32.73,67.0,67.0,32.76,0.0,-0.9978,0.0006,-0.0069,0.0015,0.0,12.0,0.0
2026-09-15 10:05:46,2026-09-15T09:50:23,759.35,2026-09-15,C,793.0,0.0,0.01,0.0,2898.0,0.01,0.5344,0.0021,0.0006,-0.0068,0.0015,0.0,0.0,20.0
2026-09-15 10:05:46,2026-09-15T09:50:23,759.35,2026-09-15,P,793.0,33.57,33.73,56.0,56.0,34.04,0.0,-0.9979,0.0006,-0.0068,0.0015,0.0,2.0,0.0
2026-09-15 10:05:46,2026-09-15T09:50:23,759.35,2026-09-15,C,794.0,0.0,0.01,0.0,2899.0,0.0,0.5485,0.002,0.0006,-0.0066,0.0014,0.0,0.0,0.0
2026-09-15 10:05:46,2026-09-15T09:50:23,759.35,2026-09-15,P,794.0,34.57,34.73,55.0,56.0,34.07,0.0,-0.998,0.0006,-0.0066,0.0014,0.0,4.0,0.0
2026-09-15 10:05:46,2026-09-15T09:50:23,759.35,2026-09-15,C,795.0,0.0,0.01,0.0,2898.0,0.01,0.5626,0.002,0.0005,-0.0065,0.0014,0.0,0.0,2661.0
2026-09-15 10:05:46,2026-09-15T09:50:23,759.35,2026-09-15,P,795.0,35.55,35.65,56.0,23.0,34.94,0.0,-0.998,0.0005,-0.0065,0.0014,0.0,9.0,0.0
2026-09-15 10:05:46,2026-09-15T09:50:23,759.35,2026-09-15,C,796.0,0.0,0.01,0.0,2898.0,0.0,0.5766,0.0019,0.0005,-0.0064,0.0013,0.0,0.0,0.0
2026-09-15 10:05:46,2026-09-15T09:50:23,759.35,2026-09-15,P,796.0,36.58,36.65,47.0,23.0,36.76,0.0,-0.9981,0.0005,-0.0064,0.0013,0.0,10.0,0.0
2026-09-15 10:05:46,2026-09-15T09:50:23,759.35,2026-09-15,C,797.0,0.0,0.01,0.0,2899.0,0.01,0.5906,0.0018,0.0005,-0.0062,0.0013,0.0,0.0,18.0
2026-09-15 10:05:46,2026-09-15T09:50:23,759.35,2026-09-15,P,797.0,37.54,37.73,56.0,56.0,34.24,0.0,-0.9982,0.0005,-0.0062,0.0013,0.0,0.0,0.0
2026-09-15 10:10:47,2026-09-15T09:55:23,759.65,2026-09-15,C,722.0,37.61,37.69,58.0,1.0,37.59,0.7301,0.9968,0.0007,-0.0131,0.0021,0.0,23.0,4.0
2026-09-15 10:10:47,2026-09-15T09:55:23,759.65,2026-09-15,P,722.0,0.0,0.01,0.0,2715.0,0.01,0.6233,-0.0032,0.0007,-0.0131,0.0021,0.0,60.0,2491.0
2026-09-15 10:10:47,2026-09-15T09:55:23,759.65,2026-09-15,C,723.0,36.61,36.69,137.0,1.0,36.64,0.7513,0.9967,0.0007,-0.0134,0.0021,0.0,12.0,3.0
2026-09-15 10:10:47,2026-09-15T09:55:23,759.65,2026-09-15,P,723.0,0.0,0.01,0.0,2776.0,0.01,0.6078,-0.0033,0.0007,-0.0134,0.0021,0.0,621.0,805.0
2026-09-15 10:10:47,2026-09-15T09:55:23,759.65,2026-09-15,C,724.0,35.58,35.69,59.0,1.0,35.6,0.7086,0.9966,0.0008,-0.0137,0.0022,0.0,12.0,6.0
2026-09-15 10:10:47,2026-09-15T09:55:23,759.65,2026-09-15,P,724.0,0.0,0.01,0.0,2935.0,0.01,0.5921,-0.0034,0.0008,-0.0137,0.0022,0.0,5.0,1796.0
2026-09-15 10:10:47,2026-09-15T09:55:23,759.65,2026-09-15,C,725.0,34.61,34.7,59.0,35.0,34.65,0.7029,0.9964,0.0008,-0.0139,0.0023,0.0,14.0,27.0
2026-09-15 10:10:47,2026-09-15T09:55:23,759.65,2026-09-15,P,725.0,0.0,0.01,0.0,2775.0,0.01,0.5765,-0.0036,0.0008,-0.0139,0.0023,0.0,4.0,1196.0
2026-09-15 10:10:47,2026-09-15T09:55:23,759.65,2026-09-15,C,726.0,33.61,33.7,138.0,84.0,33.39,0.6845,0.9963,0.0009,-0.0142,0.0024,0.0,14.0,10.0
2026-09-15 10:10:47,2026-09-15T09:55:23,759.65,2026-09-15,P,726.0,0.0,0.01,0.0,4498.0,0.01,0.5609,-0.0037,0.0009,-0.0142,0.0024,0.0,105.0,16496.0
2026-09-15 10:10:47,2026-09-15T09:55:23,759.65,2026-09-15,C,727.0,32.6,32.7,58.0,1.0,32.36,0.6768,0.9961,0.0009,-0.0145,0.0025,0.0,27.0,9.0
2026-09-15 10:10:47,2026-09-15T09:55:23,759.65,2026-09-15,P,727.0,0.0,0.01,0.0,4296.0,0.01,0.5453,-0.0039,0.0009,-0.0145,0.0025,0.0,109.0,29180.0
2026-09-15 10:10:47,2026-09-15T09:55:23,759.65,2026-09-15,C,728.0,31.63,31.7,59.0,70.0,31.62,0.6476,0.996,0.001,-0.0148,0.0026,0.0,39.0,10.0
2026-09-15 10:10:47,2026-09-15T09:55:23,759.65,2026-09-15,P,728.0,0.0,0.01,0.0,2366.0,0.01,0.5298,-0.004,0.001,-0.0146,0.0026,0.0,40.0,1126.0
2026-09-15 10:10:47,2026-09-15T09:55:23,759.65,2026-09-15,C,729.0,30.63,30.7,122.0,78.0,30.75,0.6291,0.9958,0.001,-0.015,0.0027,0.0,27.0,11.0
2026-09-15 10:10:47,2026-09-15T09:55:23,759.65,2026-09-15,P,729.0,0.0,0.01,0.0,2376.0,0.02,0.5141,-0.0042,0.001,-0.0149,0.0027,0.0,2008.0,1595.0
2026-09-15 10:10:47,2026-09-15T09:55:23,759.65,2026-09-15,C,730.0,29.63,29.7,59.0,41.0,29.4,0.6106,0.9956,0.0011,-0.0153,0.0028,0.0,51.0,64.0
2026-09-15 10:10:47,2026-09-15T09:55:23,759.65,2026-09-15,P,730.0,0.01,0.02,3952.0,4778.0,0.01,0.5541,-0.0044,0.0011,-0.0152,0.0028,0.0,11501.0,19303.0
2026-09-15 10:10:47,2026-09-15T09:55:23,759.65,2026-09-15,C,731.0,28.63,28.7,59.0,41.0,28.42,0.6018,0.9954,0.0012,-0.0156,0.0029,0.0,20.0,9.0
2026-09-15 10:10:47,2026-09-15T09:55:23,759.65,2026-09-15,P,731.0,0.01,0.02,4043.0,4789.0,0.01,0.537,-0.0046,0.0012,-0.0155,0.0029,0.0,6097.0,18305.0
2026-09-15 10:10:47,2026-09-15T09:55:23,759.65,2026-09-15,C,732.0,27.63,27.7,77.0,40.0,27.47,0.583,0.9952,0.0013,-0.016,0.003,0.0,29.0,8.0
2026-09-15 10:10:47,2026-09-15T09:55:23,759.65,2026-09-15,P,732.0,0.01,0.02,4787.0,4791.0,0.02,0.5198,-0.0048,0.0013,-0.0158,0.003,0.0,7116.0,6051.0
2026-09-15 10:10:47,2026-09-15T09:55:23,759.65,2026-09-15,C,733.0,26.64,26.7,59.0,40.0,26.61,0.5641,0.995,0.0014,-0.0163,0.0032,0.0,32.0,1.0
2026-09-15 10:10:47,2026-09-15T09:55:23,759.65,2026-09-15,P,733.0,0.01,0.02,4788.0,4791.0,0.02,0.5026,-0.005,0.0014,-0.0161,0.0031,0.0,1563.0,1432.0
2026-09-15 10:10:47,2026-09-15T09:55:23,759.65,2026-09-15,C,734.0,25.63,25.69,70.0,6.0,25.66,0.5452,0.9947,0.0015,-0.0166,0.0033,0.0,16.0,6.0
2026-09-15 10:10:47,2026-09-15T09:55:23,759.65,2026-09-15,P,734.0,0.01,0.02,4784.0,4789.0,0.02,0.4854,-0.0052,0.0015,-0.0165,0.0033,0.0,5565.0,5103.0
2026-09-15 10:10:47,2026-09-15T09:55:23,759.65,2026-09-15,C,735.0,24.63,24.7,59.0,38.0,24.85,0.5262,0.9944,0.0016,-0.017,0.0035,0.0,14.0,44.0
2026-09-15 10:10:47,2026-09-15T09:55:23,759.65,2026-09-15,P,735.0,0.01,0.02,4785.0,4789.0,0.01,0.4682,-0.0055,0.0016,-0.0168,0.0034,0.0,3676.0,3541.0
2026-09-15 10:10:47,2026-09-15T09:55:23,759.65,2026-09-15,C,736.0,23.65,23.7,79.0,38.0,23.51,0.4987,0.9942,0.0017,-0.0174,0.0036,0.0,6.0,10.0
2026-09-15 10:10:47,2026-09-15T09:55:23,759.65,2026-09-15,P,736.0,0.01,0.02,4774.0,4789.0,0.02,0.4509,-0.0058,0.0017,-0.0172,0.0036,0.0,57.0,1647.0
2026-09-15 10:10:47,2026-09-15T09:55:23,759.65,2026-09-15,C,737.0,22.63,22.7,100.0,139.0,22.56,0.4799,0.9938,0.0019,-0.0178,0.0038,0.0,20.0,6.0
2026-09-15 10:10:47,2026-09-15T09:55:23,759.65,2026-09-15,P,737.0,0.01,0.02,4784.0,4791.0,0.01,0.4336,-0.0061,0.0019,-0.0176,0.0038,0.0,18.0,541.0
2026-09-15 10:10:47,2026-09-15T09:55:23,759.65,2026-09-15,C,738.0,21.63,21.7,100.0,31.0,21.56,0.469,0.9935,0.0021,-0.0182,0.004,0.0,12.0,10.0
2026-09-15 10:10:47,2026-09-15T09:55:23,759.65,2026-09-15,P,738.0,0.01,0.02,4901.0,4816.0,0.01,0.4162,-0.0065,0.0021,-0.0181,0.004,0.0,205.0,1543.0
2026-09-15 10:10:47,2026-09-15T09:55:23,759.65,2026-09-15,C,739.0,20.63,20.69,100.0,6.0,20.61,0.457,0.9931,0.0023,-0.0188,0.0043,0.0,12.0,0.0
2026-09-15 10:10:47,2026-09-15T09:55:23,759.65,2026-09-15,P,739.0,0.01,0.02,4785.0,4253.0,0.02,0.3988,-0.0069,0.0023,-0.0186,0.0042,0.0,360.0,787.0
2026-09-15 10:10:47,2026-09-15T09:55:23,759.65,2026-09-15,C,740.0,19.63,19.71,100.0,64.0,19.7,0.4375,0.9926,0.0025,-0.0194,0.0045,0.0,20.0,97.0
2026-09-15 10:10:47,2026-09-15T09:55:23,759.65,2026-09-15,P,740.0,0.01,0.02,4784.0,3824.0,0.01,0.3813,-0.0073,0.0025,-0.0192,0.0045,0.0,311.0,2230.0
2026-09-15 10:10:47,2026-09-15T09:55:23,759.65,2026-09-15,C,741.0,18.63,18.71,100.0,117.0,18.3,0.4179,0.9921,0.0028,-0.02,0.0048,0.0,4.0,57.0
2026-09-15 10:10:47,2026-09-15T09:55:23,759.65,2026-09-15,P,741.0,0.01,0.02,4740.0,3385.0,0.02,0.3637,-0.0079,0.0028,-0.0199,0.0048,0.0,3.0,1396.0
2026-09-15 10:10:47,2026-09-15T09:55:23,759.65,2026-09-15,C,742.0,17.64,17.71,101.0,77.0,17.63,0.3983,0.9914,0.0031,-0.0209,0.0052,0.0,8.0,16.0
2026-09-15 10:10:47,2026-09-15T09:55:23,759.65,2026-09-15,P,742.0,0.01,0.02,4681.0,2945.0,0.01,0.3461,-0.0085,0.0031,-0.0207,0.0051,0.0,243.0,16025.0
2026-09-15 10:10:47,2026-09-15T09:55:23,759.65,2026-09-15,C,743.0,16.64,16.71,100.0,41.0,19.8,0.3785,0.9907,0.0035,-0.0219,0.0056,0.0,0.0,38.0
2026-09-15 10:10:47,2026-09-15T09:55:23,759.65,2026-09-15,P,743.0,0.01,0.02,4586.0,1790.0,0.01,0.3285,-0.0092,0.0035,-0.0217,0.0055,0.0,741.0,1867.0
2026-09-15 10:10:47,2026-09-15T09:55:23,759.65,2026-09-15,C,744.0,15.64,15.71,100.0,64.0,15.64,0.3587,0.9898,0.004,-0.0232,0.0061,0.0,12.0,39.0
2026-09-15 10:10:47,2026-09-15T09:55:23,759.65,2026-09-15,P,744.0,0.02,0.03,3669.0,4251.0,0.02,0.3308,-0.0101,0.004,-0.023,0.006,0.0,3506.0,1688.0
2026-09-15 10:10:47,2026-09-15T09:55:23,759.65,2026-09-15,C,745.0,14.64,14.71,152.0,38.0,14.58,0.3387,0.9886,0.0046,-0.0248,0.0066,0.0,4.0,514.0
2026-09-15 10:10:47,2026-09-15T09:55:23,759.65,2026-09-15,P,745.0,0.02,0.03,4283.0,4212.0,0.02,0.3121,-0.0113,0.0046,-0.0246,0.0066,0.0,932.0,4821.0
2026-09-15 10:10:47,2026-09-15T09:55:23,759.65,2026-09-15,C,746.0,13.64,13.7,59.0,6.0,13.52,0.3284,0.9872,0.0054,-0.0269,0.0074,0.0,7.0,231.0
2026-09-15 10:10:47,2026-09-15T09:55:23,759.65,2026-09-15,P,746.0,0.02,0.03,4283.0,3556.0,0.03,0.2933,-0.0127,0.0053,-0.0267,0.0073,0.0,1116.0,1600.0
2026-09-15 10:10:47,2026-09-15T09:55:23,759.65,2026-09-15,C,747.0,12.65,12.72,87.0,69.0,12.37,0.3077,0.9854,0.0064,-0.0297,0.0083,0.0,7.0,124.0
2026-09-15 10:10:47,2026-09-15T09:55:23,759.65,2026-09-15,P,747.0,0.03,0.04,1712.0,3937.0,0.04,0.2874,-0.0145,0.0063,-0.0295,0.0083,0.0,1526.0,2889.0
2026-09-15 10:10:47,2026-09-15T09:55:23,759.65,2026-09-15,C,748.0,11.65,11.72,152.0,41.0,11.52,0.2868,0.9829,0.0077,-0.0336,0.0095,0.0,21.0,240.0
2026-09-15 10:10:47,2026-09-15T09:55:23,759.65,2026-09-15,P,748.0,0.03,0.04,3229.0,3886.0,0.04,0.2676,-0.017,0.0076,-0.0333,0.0095,0.0,1125.0,5015.0
2026-09-15 10:10:47,2026-09-15T09:55:23,759.65,2026-09-15,C,749.0,10.69,10.7,37.0,6.0,10.63,0.2617,0.9796,0.0094,-0.0388,0.0111,0.0,42.0,165.0
2026-09-15 10:10:47,2026-09-15T09:55:23,759.65,2026-09-15,P,749.0,0.03,0.04,3830.0,3313.0,0.05,0.2573,-0.0202,0.0094,-0.0385,0.011,0.0,1763.0,2839.0
2026-09-15 10:10:47,2026-09-15T09:55:23,759.65,2026-09-15,C,750.0,9.7,9.72,35.0,51.0,9.7,0.2481,0.9751,0.0118,-0.046,0.0131,0.0,186.0,357.0
2026-09-15 10:10:47,2026-09-15T09:55:23,759.65,2026-09-15,P,750.0,0.04,0.05,2890.0,3524.0,0.05,0.2363,-0.0249,0.0118,-0.046,0.0131,0.0,5259.0,11473.0
2026-09-15 10:10:47,2026-09-15T09:55:23,759.65,2026-09-15,C,751.0,8.69,8.73,79.0,6.0,8.61,0.2356,0.9687,0.0151,-0.0562,0.0158,0.0,42.0,147.0
2026-09-15 10:10:47,2026-09-15T09:55:23,759.65,2026-09-15,P,751.0,0.05,0.06,2587.0,3012.0,0.06,0.2227,-0.0313,0.0151,-0.0562,0.0158,0.0,10787.0,3638.0
2026-09-15 10:10:47,2026-09-15T09:55:23,759.65,2026-09-15,C,752.0,7.69,7.75,150.0,6.0,7.73,0.2229,0.9597,0.0198,-0.071,0.0193,0.0,13.0,188.0
2026-09-15 10:10:47,2026-09-15T09:55:23,759.65,2026-09-15,P,752.0,0.07,0.08,295.0,3534.0,0.07,0.2126,-0.0403,0.0198,-0.071,0.0193,0.0,9252.0,2977.0
2026-09-15 10:10:47,2026-09-15T09:55:23,759.65,2026-09-15,C,753.0,6.71,6.76,125.0,6.0,6.67,0.2074,0.9466,0.0264,-0.0927,0.0241,0.0,243.0,235.0
2026-09-15 10:10:47,2026-09-15T09:55:23,759.65,2026-09-15,P,753.0,0.09,0.1,111.0,3135.0,0.09,0.1989,-0.0534,0.0264,-0.0927,0.0241,0.0,28640.0,6336.0
2026-09-15 10:10:47,2026-09-15T09:55:23,759.65,2026-09-15,C,754.0,5.75,5.8,64.0,6.0,5.76,0.1927,0.9272,0.0358,-0.1254,0.0304,0.0,255.0,240.0
2026-09-15 10:10:47,2026-09-15T09:55:23,759.65,2026-09-15,P,754.0,0.11,0.12,2036.0,2022.0,0.12,0.1823,-0.0728,0.0358,-0.1254,0.0304,0.0,15126.0,4123.0
2026-09-15 10:10:47,2026-09-15T09:55:23,759.65,2026-09-15,C,755.0,4.82,4.84,82.0,93.0,4.85,0.1773,0.8982,0.0489,-0.176,0.0387,0.0,1288.0,413.0
2026-09-15 10:10:47,2026-09-15T09:55:23,759.65,2026-09-15,P,755.0,0.16,0.17,1811.0,1757.0,0.17,0.1717,-0.1018,0.0489,-0.176,0.0387,0.0,36596.0,14480.0
2026-09-15 10:10:47,2026-09-15T09:55:23,759.65,2026-09-15,C,756.0,3.9,3.91,83.0,48.0,3.86,0.1664,0.8547,0.0667,-0.256,0.0491,0.0,2590.0,688.0
2026-09-15 10:10:47,2026-09-15T09:55:23,759.65,2026-09-15,P,756.0,0.24,0.25,1384.0,1403.0,0.24,0.1621,-0.1453,0.0667,-0.256,0.0491,0.0,19067.0,4146.0
2026-09-15 10:10:47,2026-09-15T09:55:23,759.65,2026-09-15,C,757.0,3.02,3.04,125.0,146.0,3.0,0.1572,0.7904,0.0891,-0.384,0.0611,0.0,3660.0,1228.0
2026-09-15 10:10:47,2026-09-15T09:55:23,759.65,2026-09-15,P,757.0,0.36,0.37,1159.0,1156.0,0.36,0.1538,-0.2096,0.0891,-0.384,0.0611,0.0,33415.0,4502.0
2026-09-15 10:10:47,2026-09-15T09:55:23,759.65,2026-09-15,C,758.0,2.22,2.23,125.0,69.0,2.26,0.1487,0.6998,0.1133,-0.5865,0.0731,0.0,9722.0,2411.0
2026-09-15 10:10:47,2026-09-15T09:55:23,759.65,2026-09-15,P,758.0,0.56,0.57,654.0,565.0,0.56,0.1459,-0.3002,0.1133,-0.5865,0.0731,0.0,48391.0,8008.0
2026-09-15 10:10:47,2026-09-15T09:55:23,759.65,2026-09-15,C,759.0,1.52,1.53,366.0,36.0,1.53,0.1422,0.5817,0.1331,-0.8958,0.0814,0.0,30572.0,4133.0
2026-09-15 10:10:47,2026-09-15T09:55:23,759.65,2026-09-15,P,759.0,0.86,0.87,445.0,397.0,0.87,0.1397,-0.4183,0.1331,-0.8958,0.0814,0.0,83071.0,5789.0
2026-09-15 10:10:47,2026-09-15T09:55:23,759.65,2026-09-15,C,760.0,0.97,0.98,214.0,342.0,0.98,0.1377,0.4446,0.1394,-0.9423,0.0823,0.0,73821.0,4763.0
2026-09-15 10:10:47,2026-09-15T09:55:23,759.65,2026-09-15,P,760.0,1.3,1.31,296.0,467.0,1.31,0.1352,-0.5554,0.1394,-0.9423,0.0823,0.0,54167.0,40728.0
2026-09-15 10:10:47,2026-09-15T09:55:23,759.65,2026-09-15,C,761.0,0.56,0.57,489.0,511.0,0.56,0.1346,0.3075,0.1268,-0.5452,0.0739,0.0,48508.0,4451.0
2026-09-15 10:10:47,2026-09-15T09:55:23,759.65,2026-09-15,P,761.0,1.9,1.91,84.0,196.0,1.87,0.1318,-0.6925,0.1268,-0.5452,0.0739,0.0,10787.0,6355.0
2026-09-15 10:10:47,2026-09-15T09:55:23,759.65,2026-09-15,C,762.0,0.3,0.31,1037.0,1128.0,0.31,0.1345,0.1939,0.0992,-0.2969,0.0588,0.0,32496.0,7009.0
2026-09-15 10:10:47,2026-09-15T09:55:23,759.65,2026-09-15,P,762.0,2.64,2.65,210.0,42.0,2.69,0.13,-0.8061,0.0992,-0.2969,0.0588,0.0,6994.0,8736.0
2026-09-15 10:10:47,2026-09-15T09:55:23,759.65,2026-09-15,C,763.0,0.16,0.17,2048.0,1609.0,0.17,0.1374,0.1162,0.0689,-0.1606,0.0428,0.0,25039.0,6363.0
2026-09-15 10:10:47,2026-09-15T09:55:23,759.65,2026-09-15,P,763.0,3.5,3.51,123.0,80.0,3.54,0.131,-0.8838,0.0689,-0.1606,0.0428,0.0,2613.0,2310.0
2026-09-15 10:10:47,2026-09-15T09:55:23,759.65,2026-09-15,C,764.0,0.09,0.1,1254.0,2358.0,0.09,0.1439,0.0688,0.0449,-0.0891,0.0297,0.0,23889.0,8872.0
2026-09-15 10:10:47,2026-09-15T09:55:23,759.65,2026-09-15,P,764.0,4.42,4.44,32.0,6.0,4.47,0.1343,-0.9312,0.0449,-0.0891,0.0297,0.0,1125.0,1840.0
2026-09-15 10:10:47,2026-09-15T09:55:23,759.65,2026-09-15,C,765.0,0.05,0.06,2687.0,2805.0,0.06,0.1507,0.0413,0.0286,-0.0514,0.0202,0.0,24698.0,8622.0
2026-09-15 10:10:47,2026-09-15T09:55:23,759.65,2026-09-15,P,765.0,5.38,5.4,52.0,38.0,5.44,0.1349,-0.9587,0.0286,-0.0514,0.0202,0.0,1092.0,4199.0
2026-09-15 10:10:47,2026-09-15T09:55:23,759.65,2026-09-15,C,766.0,0.03,0.04,2820.0,3274.0,0.04,0.1598,0.0256,0.0183,-0.0313,0.0139,0.0,6282.0,5000.0
2026-09-15 10:10:47,2026-09-15T09:55:23,759.65,2026-09-15,P,766.0,6.36,6.39,6.0,19.0,6.42,0.0,-0.9744,0.0183,-0.0313,0.0139,0.0,286.0,2039.0
2026-09-15 10:10:47,2026-09-15T09:55:23,759.65,2026-09-15,C,767.0,0.02,0.03,3161.0,3753.0,0.03,0.1712,0.017,0.0121,-0.0208,0.0099,0.0,3504.0,5286.0
2026-09-15 10:10:47,2026-09-15T09:55:23,759.65,2026-09-15,P,767.0,7.34,7.38,113.0,94.0,7.34,0.0,-0.983,0.0121,-0.0208,0.0099,0.0,99.0,1312.0
2026-09-15 10:10:47,2026-09-15T09:55:23,759.65,2026-09-15,C,768.0,0.02,0.03,296.0,4386.0,0.02,0.1907,0.0122,0.0086,-0.0154,0.0075,0.0,3849.0,6194.0
2026-09-15 10:10:47,2026-09-15T09:55:23,759.65,2026-09-15,P,768.0,8.35,8.36,1.0,34.0,8.33,0.0,-0.9878,0.0086,-0.0154,0.0075,0.0,241.0,226.0
2026-09-15 10:10:47,2026-09-15T09:55:23,759.65,2026-09-15,C,769.0,0.01,0.02,3908.0,4372.0,0.02,0.1958,0.0097,0.0065,-0.0127,0.0061,0.0,933.0,2850.0
2026-09-15 10:10:47,2026-09-15T09:55:23,759.65,2026-09-15,P,769.0,9.35,9.36,34.0,1.0,9.57,0.0,-0.9903,0.0065,-0.0127,0.0061,0.0,192.0,401.0
2026-09-15 10:10:47,2026-09-15T09:55:23,759.65,2026-09-15,C,770.0,0.01,0.02,3508.0,4554.0,0.01,0.2138,0.0082,0.0052,-0.0115,0.0053,0.0,2518.0,7691.0
2026-09-15 10:10:47,2026-09-15T09:55:23,759.65,2026-09-15,P,770.0,10.34,10.36,51.0,40.0,10.29,0.0,-0.9918,0.0052,-0.0115,0.0053,0.0,376.0,26.0
2026-09-15 10:10:47,2026-09-15T09:55:23,759.65,2026-09-15,C,771.0,0.0,0.01,0.0,3513.0,0.01,0.2046,0.0074,0.0044,-0.0108,0.0048,0.0,5617.0,2628.0
2026-09-15 10:10:47,2026-09-15T09:55:23,759.65,2026-09-15,P,771.0,11.34,11.36,6.0,6.0,11.34,0.0,-0.9926,0.0044,-0.0108,0.0048,0.0,274.0,2.0
2026-09-15 10:10:47,2026-09-15T09:55:23,759.65,2026-09-15,C,772.0,0.01,0.02,2051.0,4775.0,0.01,0.249,0.0067,0.0038,-0.0105,0.0044,0.0,3926.0,5596.0
2026-09-15 10:10:47,2026-09-15T09:55:23,759.65,2026-09-15,P,772.0,12.34,12.36,41.0,38.0,12.4,0.0,-0.9933,0.0038,-0.0105,0.0044,0.0,372.0,0.0
2026-09-15 10:10:47,2026-09-15T09:55:23,759.65,2026-09-15,C,773.0,0.0,0.01,0.0,4554.0,0.01,0.2362,0.0062,0.0033,-0.0102,0.004,0.0,74.0,2456.0
2026-09-15 10:10:47,2026-09-15T09:55:23,759.65,2026-09-15,P,773.0,13.3,13.37,198.0,21.0,13.66,0.0,-0.9938,0.0033,-0.0102,0.004,0.0,19.0,0.0
2026-09-15 10:10:47,2026-09-15T09:55:23,759.65,2026-09-15,C,774.0,0.0,0.01,0.0,4945.0,0.01,0.2519,0.0057,0.0029,-0.01,0.0038,0.0,563.0,2687.0
2026-09-15 10:10:47,2026-09-15T09:55:23,759.65,2026-09-15,P,774.0,14.29,14.38,125.0,150.0,14.65,0.0,-0.9943,0.0029,-0.01,0.0038,0.0,111.0,0.0
2026-09-15 10:10:47,2026-09-15T09:55:23,759.65,2026-09-15,C,775.0,0.0,0.01,0.0,2944.0,0.01,0.2674,0.0054,0.0026,-0.0098,0.0035,0.0,96.0,3104.0
2026-09-15 10:10:47,2026-09-15T09:55:23,759.65,2026-09-15,P,775.0,15.29,15.38,100.0,100.0,14.99,0.0,-0.9946,0.0026,-0.0098,0.0035,0.0,5.0,5.0
2026-09-15 10:10:47,2026-09-15T09:55:23,759.65,2026-09-15,C,776.0,0.0,0.01,0.0,2944.0,0.01,0.2829,0.005,0.0023,-0.0096,0.0033,0.0,20.0,594.0
2026-09-15 10:10:47,2026-09-15T09:55:23,759.65,2026-09-15,P,776.0,16.29,16.47,100.0,101.0,16.59,0.0,-0.995,0.0023,-0.0096,0.0033,0.0,20.0,12.0
2026-09-15 10:10:47,2026-09-15T09:55:23,759.65,2026-09-15,C,777.0,0.0,0.01,0.0,2944.0,0.01,0.2982,0.0047,0.0021,-0.0094,0.0031,0.0,99.0,458.0
2026-09-15 10:10:47,2026-09-15T09:55:23,759.65,2026-09-15,P,777.0,17.31,17.43,100.0,100.0,16.94,0.0,-0.9953,0.0021,-0.0094,0.0031,0.0,13.0,0.0
2026-09-15 10:10:47,2026-09-15T09:55:23,759.65,2026-09-15,C,778.0,0.0,0.01,0.0,2944.0,0.01,0.3135,0.0044,0.0019,-0.0093,0.0029,0.0,6.0,236.0
2026-09-15 10:10:47,2026-09-15T09:55:23,759.65,2026-09-15,P,778.0,18.31,18.38,1.0,100.0,18.32,0.0,-0.9956,0.0019,-0.0093,0.0029,0.0,16.0,0.0
2026-09-15 10:10:47,2026-09-15T09:55:23,759.65,2026-09-15,C,779.0,0.0,0.01,0.0,2944.0,0.01,0.3286,0.0042,0.0017,-0.0091,0.0028,0.0,42.0,204.0
2026-09-15 10:10:47,2026-09-15T09:55:23,759.65,2026-09-15,P,779.0,19.29,19.37,56.0,100.0,19.71,0.0,-0.9958,0.0017,-0.0091,0.0028,0.0,8.0,0.0
2026-09-15 10:10:47,2026-09-15T09:55:23,759.65,2026-09-15,C,780.0,0.0,0.01,0.0,2946.0,0.01,0.3437,0.004,0.0016,-0.0089,0.0026,0.0,0.0,3027.0
2026-09-15 10:10:47,2026-09-15T09:55:23,759.65,2026-09-15,P,780.0,20.29,20.37,66.0,67.0,20.54,0.0,-0.996,0.0016,-0.0089,0.0026,0.0,16.0,0.0
2026-09-15 10:10:47,2026-09-15T09:55:23,759.65,2026-09-15,C,781.0,0.0,0.01,0.0,3018.0,0.01,0.3587,0.0038,0.0014,-0.0088,0.0025,0.0,1.0,397.0
2026-09-15 10:10:47,2026-09-15T09:55:23,759.65,2026-09-15,P,781.0,21.3,21.36,51.0,12.0,21.76,0.0,-0.9962,0.0014,-0.0088,0.0025,0.0,16.0,0.0
2026-09-15 10:10:47,2026-09-15T09:55:23,759.65,2026-09-15,C,782.0,0.0,0.01,0.0,2899.0,0.01,0.3737,0.0036,0.0013,-0.0086,0.0024,0.0,2.0,230.0
2026-09-15 10:10:47,2026-09-15T09:55:23,759.65,2026-09-15,P,782.0,22.31,22.37,41.0,55.0,22.54,0.0,-0.9964,0.0013,-0.0086,0.0024,0.0,6.0,0.0
2026-09-15 10:10:47,2026-09-15T09:55:23,759.65,2026-09-15,C,783.0,0.0,0.01,0.0,2899.0,0.01,0.3886,0.0034,0.0012,-0.0084,0.0023,0.0,0.0,294.0
2026-09-15 10:10:47,2026-09-15T09:55:23,759.65,2026-09-15,P,783.0,23.29,23.38,80.0,101.0,23.22,0.0,-0.9966,0.0012,-0.0084,0.0023,0.0,8.0,0.0
2026-09-15 10:10:47,2026-09-15T09:55:23,759.65,2026-09-15,C,784.0,0.0,0.01,0.0,3018.0,0.01,0.4034,0.0032,0.0011,-0.0083,0.0022,0.0,1.0,31.0
2026-09-15 10:10:47,2026-09-15T09:55:23,759.65,2026-09-15,P,784.0,24.28,24.38,68.0,1.0,24.76,0.0,-0.9968,0.0011,-0.0083,0.0022,0.0,14.0,0.0
2026-09-15 10:10:47,2026-09-15T09:55:23,759.65,2026-09-15,C,785.0,0.0,0.01,0.0,2899.0,0.01,0.4181,0.0031,0.001,-0.0081,0.0021,0.0,0.0,1092.0
2026-09-15 10:10:47,2026-09-15T09:55:23,759.65,2026-09-15,P,785.0,25.3,25.36,77.0,13.0,25.4,0.0,-0.9969,0.001,-0.0081,0.0021,0.0,9.0,0.0
2026-09-15 10:10:47,2026-09-15T09:55:23,759.65,2026-09-15,C,786.0,0.0,0.01,0.0,2899.0,0.01,0.4328,0.0029,0.001,-0.0079,0.002,0.0,0.0,273.0
2026-09-15 10:10:47,2026-09-15T09:55:23,759.65,2026-09-15,P,786.0,26.31,26.38,40.0,110.0,26.51,0.0,-0.9971,0.001,-0.0079,0.002,0.0,13.0,0.0
2026-09-15 10:10:47,2026-09-15T09:55:23,759.65,2026-09-15,C,787.0,0.0,0.01,0.0,2900.0,0.01,0.4474,0.0028,0.0009,-0.0078,0.0019,0.0,0.0,24.0
2026-09-15 10:10:47,2026-09-15T09:55:23,759.65,2026-09-15,P,787.0,27.23,27.43,77.0,75.0,27.76,0.0,-0.9972,0.0009,-0.0078,0.0019,0.0,12.0,0.0
2026-09-15 10:10:47,2026-09-15T09:55:23,759.65,2026-09-15,C,788.0,0.0,0.01,0.0,2900.0,0.01,0.4619,0.0027,0.0008,-0.0076,0.0018,0.0,0.0,1058.0
2026-09-15 10:10:47,2026-09-15T09:55:23,759.65,2026-09-15,P,788.0,28.32,28.37,1.0,42.0,28.46,0.0,-0.9973,0.0008,-0.0076,0.0018,0.0,15.0,0.0
2026-09-15 10:10:47,2026-09-15T09:55:23,759.65,2026-09-15,C,789.0,0.0,0.01,0.0,2900.0,0.01,0.4764,0.0026,0.0008,-0.0075,0.0017,0.0,0.0,540.0
2026-09-15 10:10:47,2026-09-15T09:55:23,759.65,2026-09-15,P,789.0,29.3,29.37,91.0,51.0,29.56,0.0,-0.9974,0.0008,-0.0075,0.0017,0.0,18.0,0.0
2026-09-15 10:10:47,2026-09-15T09:55:23,759.65,2026-09-15,C,790.0,0.0,0.01,0.0,2900.0,0.01,0.4908,0.0025,0.0007,-0.0073,0.0017,0.0,0.0,2979.0
2026-09-15 10:10:47,2026-09-15T09:55:23,759.65,2026-09-15,P,790.0,30.25,30.48,53.0,55.0,26.6,0.0,-0.9975,0.0007,-0.0073,0.0017,0.0,0.0,0.0
2026-09-15 10:10:47,2026-09-15T09:55:23,759.65,2026-09-15,C,791.0,0.0,0.01,0.0,2900.0,0.01,0.5052,0.0024,0.0007,-0.0072,0.0016,0.0,0.0,240.0
2026-09-15 10:10:47,2026-09-15T09:55:23,759.65,2026-09-15,P,791.0,31.3,31.38,95.0,113.0,31.76,0.0,-0.9976,0.0007,-0.0072,0.0016,0.0,13.0,0.0
2026-09-15 10:10:47,2026-09-15T09:55:23,759.65,2026-09-15,C,792.0,0.0,0.01,0.0,2900.0,0.01,0.5195,0.0023,0.0006,-0.0071,0.0016,0.0,0.0,100.0
2026-09-15 10:10:47,2026-09-15T09:55:23,759.65,2026-09-15,P,792.0,32.26,32.42,54.0,54.0,32.76,0.0,-0.9977,0.0006,-0.0071,0.0016,0.0,12.0,0.0
2026-09-15 10:10:47,2026-09-15T09:55:23,759.65,2026-09-15,C,793.0,0.0,0.01,0.0,2900.0,0.01,0.5338,0.0022,0.0006,-0.0069,0.0015,0.0,0.0,20.0
2026-09-15 10:10:47,2026-09-15T09:55:23,759.65,2026-09-15,P,793.0,33.27,33.42,54.0,56.0,34.04,0.0,-0.9978,0.0006,-0.0069,0.0015,0.0,2.0,0.0
2026-09-15 10:10:47,2026-09-15T09:55:23,759.65,2026-09-15,C,794.0,0.0,0.01,0.0,2900.0,0.0,0.548,0.0021,0.0006,-0.0068,0.0014,0.0,0.0,0.0
2026-09-15 10:10:47,2026-09-15T09:55:23,759.65,2026-09-15,P,794.0,34.3,34.4,48.0,56.0,34.07,0.0,-0.9979,0.0006,-0.0068,0.0014,0.0,4.0,0.0
2026-09-15 10:10:47,2026-09-15T09:55:23,759.65,2026-09-15,C,795.0,0.0,0.01,0.0,2900.0,0.01,0.5622,0.002,0.0005,-0.0066,0.0014,0.0,0.0,2661.0
2026-09-15 10:10:47,2026-09-15T09:55:23,759.65,2026-09-15,P,795.0,35.29,35.38,91.0,112.0,34.94,0.0,-0.998,0.0005,-0.0066,0.0014,0.0,9.0,0.0
2026-09-15 10:10:47,2026-09-15T09:55:23,759.65,2026-09-15,C,796.0,0.0,0.01,0.0,2900.0,0.0,0.5763,0.0019,0.0005,-0.0065,0.0013,0.0,0.0,0.0
2026-09-15 10:10:47,2026-09-15T09:55:23,759.65,2026-09-15,P,796.0,36.26,36.41,54.0,54.0,36.76,0.0,-0.9981,0.0005,-0.0065,0.0013,0.0,10.0,0.0
2026-09-15 10:10:47,2026-09-15T09:55:23,759.65,2026-09-15,C,797.0,0.0,0.01,0.0,2900.0,0.01,0.5904,0.0019,0.0005,-0.0064,0.0013,0.0,0.0,18.0
2026-09-15 10:10:47,2026-09-15T09:55:23,759.65,2026-09-15,P,797.0,37.25,37.42,54.0,54.0,34.24,0.0,-0.9981,0.0005,-0.0064,0.0013,0.0,0.0,0.0
