fetched_at_et,quote_ts,spot,expiry,type,strike,bid,ask,bid_size,ask_size,last_trade_price,iv,delta,gamma,theta,vega,rho,volume,open_interest
2026-08-25 09:47:55,2026-08-25T09:32:05,766.34,2026-08-25,C,729.0,35.97,38.43,10.0,1.0,35.61,0.0,0.9999,0.0,-0.0001,0.0001,0.0,0.0,1.0
2026-08-25 09:47:55,2026-08-25T09:32:05,766.34,2026-08-25,P,729.0,0.0,0.01,0.0,388.0,0.01,0.5964,-0.0001,0.0,-0.0001,0.0001,0.0,0.0,415.0
2026-08-25 09:47:55,2026-08-25T09:32:05,766.34,2026-08-25,C,730.0,34.98,37.75,2.0,9.0,36.46,0.0,0.9999,0.0,-0.0002,0.0001,0.0,0.0,1.0
2026-08-25 09:47:55,2026-08-25T09:32:05,766.34,2026-08-25,P,730.0,0.0,0.01,0.0,388.0,0.01,0.5814,-0.0001,0.0,-0.0002,0.0001,0.0,0.0,2872.0
2026-08-25 09:47:55,2026-08-25T09:32:05,766.34,2026-08-25,C,731.0,33.98,36.42,10.0,2.0,42.53,0.0,0.9999,0.0,-0.0002,0.0001,0.0,0.0,4.0
2026-08-25 09:47:55,2026-08-25T09:32:05,766.34,2026-08-25,P,731.0,0.0,0.01,0.0,388.0,0.01,0.5664,-0.0001,0.0,-0.0002,0.0001,0.0,0.0,389.0
2026-08-25 09:47:55,2026-08-25T09:32:05,766.34,2026-08-25,C,732.0,32.98,35.42,2.0,1.0,41.55,0.0,0.9999,0.0,-0.0002,0.0001,0.0,0.0,13.0
2026-08-25 09:47:55,2026-08-25T09:32:05,766.34,2026-08-25,P,732.0,0.0,0.01,0.0,388.0,0.01,0.5513,-0.0001,0.0,-0.0002,0.0001,0.0,0.0,516.0
2026-08-25 09:47:55,2026-08-25T09:32:05,766.34,2026-08-25,C,733.0,32.04,34.55,2.0,2.0,32.38,0.0,0.9999,0.0001,-0.0003,0.0001,0.0,0.0,1.0
2026-08-25 09:47:55,2026-08-25T09:32:05,766.34,2026-08-25,P,733.0,0.0,0.01,0.0,388.0,0.01,0.5363,-0.0001,0.0001,-0.0003,0.0001,0.0,0.0,568.0
2026-08-25 09:47:55,2026-08-25T09:32:05,766.34,2026-08-25,C,734.0,30.97,33.48,5.0,2.0,31.38,0.0,0.9998,0.0001,-0.0003,0.0001,0.0,0.0,1.0
2026-08-25 09:47:55,2026-08-25T09:32:05,766.34,2026-08-25,P,734.0,0.0,0.01,0.0,388.0,0.02,0.5212,-0.0002,0.0001,-0.0003,0.0001,0.0,0.0,79.0
2026-08-25 09:47:55,2026-08-25T09:32:05,766.34,2026-08-25,C,735.0,29.97,32.49,5.0,5.0,29.24,0.0,0.9998,0.0001,-0.0004,0.0002,0.0,0.0,5.0
2026-08-25 09:47:55,2026-08-25T09:32:05,766.34,2026-08-25,P,735.0,0.0,0.01,0.0,509.0,0.02,0.5062,-0.0002,0.0001,-0.0004,0.0002,0.0,0.0,525.0
2026-08-25 09:47:55,2026-08-25T09:32:05,766.34,2026-08-25,C,736.0,28.97,31.5,10.0,2.0,27.61,0.0,0.9998,0.0001,-0.0005,0.0002,0.0,0.0,7.0
2026-08-25 09:47:55,2026-08-25T09:32:05,766.34,2026-08-25,P,736.0,0.0,0.01,0.0,480.0,0.02,0.4911,-0.0002,0.0001,-0.0005,0.0002,0.0,0.0,3303.0
2026-08-25 09:47:55,2026-08-25T09:32:05,766.34,2026-08-25,C,737.0,27.94,30.64,312.0,3.0,26.65,0.0,0.9997,0.0001,-0.0006,0.0002,0.0,0.0,10.0
2026-08-25 09:47:55,2026-08-25T09:32:05,766.34,2026-08-25,P,737.0,0.0,0.01,0.0,480.0,0.01,0.476,-0.0003,0.0001,-0.0006,0.0002,0.0,15.0,502.0
2026-08-25 09:47:55,2026-08-25T09:32:05,766.34,2026-08-25,C,738.0,26.98,29.77,10.0,10.0,25.46,0.0,0.9996,0.0001,-0.0007,0.0003,0.0,0.0,4.0
2026-08-25 09:47:55,2026-08-25T09:32:05,766.34,2026-08-25,P,738.0,0.0,0.01,0.0,568.0,0.01,0.4609,-0.0004,0.0001,-0.0007,0.0003,0.0,18.0,451.0
2026-08-25 09:47:55,2026-08-25T09:32:05,766.34,2026-08-25,C,739.0,25.97,28.77,7.0,10.0,25.93,0.0,0.9996,0.0002,-0.0008,0.0004,0.0,0.0,6.0
2026-08-25 09:47:55,2026-08-25T09:32:05,766.34,2026-08-25,P,739.0,0.0,0.01,0.0,622.0,0.02,0.4458,-0.0004,0.0002,-0.0008,0.0004,0.0,0.0,336.0
2026-08-25 09:47:55,2026-08-25T09:32:05,766.34,2026-08-25,C,740.0,24.97,27.77,10.0,10.0,23.72,0.0,0.9995,0.0002,-0.001,0.0004,0.0,0.0,9.0
2026-08-25 09:47:55,2026-08-25T09:32:05,766.34,2026-08-25,P,740.0,0.0,0.01,0.0,616.0,0.01,0.4306,-0.0005,0.0002,-0.001,0.0004,0.0,0.0,685.0
2026-08-25 09:47:55,2026-08-25T09:32:05,766.34,2026-08-25,C,741.0,23.97,26.77,10.0,10.0,22.76,0.0,0.9994,0.0003,-0.0012,0.0005,0.0,0.0,2.0
2026-08-25 09:47:55,2026-08-25T09:32:05,766.34,2026-08-25,P,741.0,0.0,0.01,0.0,453.0,0.01,0.4154,-0.0006,0.0003,-0.0012,0.0005,0.0,1.0,561.0
2026-08-25 09:47:55,2026-08-25T09:32:05,766.34,2026-08-25,C,742.0,24.18,24.54,10.0,10.0,21.39,0.0,0.9992,0.0003,-0.0015,0.0006,0.0,0.0,3.0
2026-08-25 09:47:55,2026-08-25T09:32:05,766.34,2026-08-25,P,742.0,0.0,0.01,0.0,530.0,0.01,0.4002,-0.0008,0.0003,-0.0015,0.0006,0.0,1.0,450.0
2026-08-25 09:47:55,2026-08-25T09:32:05,766.34,2026-08-25,C,743.0,23.18,23.54,10.0,10.0,21.04,0.0,0.999,0.0004,-0.0019,0.0008,0.0,0.0,15.0
2026-08-25 09:47:55,2026-08-25T09:32:05,766.34,2026-08-25,P,743.0,0.0,0.01,0.0,553.0,0.02,0.385,-0.001,0.0004,-0.0019,0.0008,0.0,0.0,568.0
2026-08-25 09:47:55,2026-08-25T09:32:05,766.34,2026-08-25,C,744.0,22.18,22.54,210.0,10.0,20.15,0.0,0.9988,0.0005,-0.0023,0.0009,0.0,0.0,19.0
2026-08-25 09:47:55,2026-08-25T09:32:05,766.34,2026-08-25,P,744.0,0.0,0.01,0.0,531.0,0.01,0.3698,-0.0012,0.0005,-0.0023,0.0009,0.0,4.0,903.0
2026-08-25 09:47:55,2026-08-25T09:32:05,766.34,2026-08-25,C,745.0,21.17,21.54,210.0,10.0,19.12,0.0,0.9985,0.0006,-0.0029,0.0011,0.0,0.0,23.0
2026-08-25 09:47:55,2026-08-25T09:32:05,766.34,2026-08-25,P,745.0,0.0,0.01,0.0,445.0,0.01,0.3545,-0.0015,0.0006,-0.0029,0.0011,0.0,15.0,1025.0
2026-08-25 09:47:55,2026-08-25T09:32:05,766.34,2026-08-25,C,746.0,20.19,20.54,200.0,11.0,20.36,0.0,0.9982,0.0008,-0.0035,0.0014,0.0,1.0,11.0
2026-08-25 09:47:55,2026-08-25T09:32:05,766.34,2026-08-25,P,746.0,0.0,0.01,0.0,45.0,0.01,0.3795,-0.0018,0.0008,-0.0035,0.0014,0.0,148.0,1605.0
2026-08-25 09:47:55,2026-08-25T09:32:05,766.34,2026-08-25,C,747.0,19.19,19.54,210.0,10.0,16.43,0.0,0.9977,0.001,-0.0044,0.0017,0.0,0.0,74.0
2026-08-25 09:47:55,2026-08-25T09:32:05,766.34,2026-08-25,P,747.0,0.01,0.02,144.0,826.0,0.02,0.3626,-0.0023,0.001,-0.0044,0.0017,0.0,28.0,2506.0
2026-08-25 09:47:55,2026-08-25T09:32:05,766.34,2026-08-25,C,748.0,18.19,18.55,10.0,10.0,16.67,0.0,0.9972,0.0013,-0.0055,0.0021,0.0,0.0,55.0
2026-08-25 09:47:55,2026-08-25T09:32:05,766.34,2026-08-25,P,748.0,0.01,0.02,490.0,810.0,0.02,0.3457,-0.0028,0.0013,-0.0055,0.0021,0.0,536.0,7283.0
2026-08-25 09:47:55,2026-08-25T09:32:05,766.34,2026-08-25,C,749.0,17.19,17.55,10.0,10.0,16.73,0.0,0.9964,0.0016,-0.0068,0.0025,0.0,0.0,59.0
2026-08-25 09:47:55,2026-08-25T09:32:05,766.34,2026-08-25,P,749.0,0.01,0.02,538.0,819.0,0.01,0.3288,-0.0036,0.0016,-0.0068,0.0025,0.0,2.0,1627.0
2026-08-25 09:47:55,2026-08-25T09:32:05,766.34,2026-08-25,C,750.0,16.19,16.55,10.0,10.0,13.8,0.2692,0.9955,0.0021,-0.0086,0.0031,0.0,0.0,125.0
2026-08-25 09:47:55,2026-08-25T09:32:05,766.34,2026-08-25,P,750.0,0.01,0.02,666.0,767.0,0.01,0.3117,-0.0045,0.0021,-0.0086,0.0031,0.0,320.0,3718.0
2026-08-25 09:47:55,2026-08-25T09:32:05,766.34,2026-08-25,C,751.0,15.19,15.55,10.0,10.0,12.61,0.2541,0.9943,0.0026,-0.0108,0.0038,0.0,0.0,38.0
2026-08-25 09:47:55,2026-08-25T09:32:05,766.34,2026-08-25,P,751.0,0.01,0.02,639.0,685.0,0.02,0.2946,-0.0057,0.0026,-0.0108,0.0038,0.0,175.0,3805.0
2026-08-25 09:47:55,2026-08-25T09:32:05,766.34,2026-08-25,C,752.0,14.19,14.55,210.0,10.0,11.63,0.0,0.9928,0.0034,-0.0136,0.0047,0.0,0.0,32.0
2026-08-25 09:47:55,2026-08-25T09:32:05,766.34,2026-08-25,P,752.0,0.01,0.02,910.0,409.0,0.02,0.2774,-0.0072,0.0034,-0.0136,0.0047,0.0,530.0,2503.0
2026-08-25 09:47:55,2026-08-25T09:32:05,766.34,2026-08-25,C,753.0,13.2,13.55,20.0,137.0,11.0,0.0,0.9908,0.0043,-0.0172,0.0058,0.0,0.0,281.0
2026-08-25 09:47:55,2026-08-25T09:32:05,766.34,2026-08-25,P,753.0,0.02,0.03,410.0,1997.0,0.02,0.2775,-0.0092,0.0043,-0.0172,0.0058,0.0,418.0,4515.0
2026-08-25 09:47:55,2026-08-25T09:32:05,766.34,2026-08-25,C,754.0,12.2,12.56,20.0,151.0,10.11,0.0,0.9883,0.0056,-0.0218,0.0072,0.0,0.0,39.0
2026-08-25 09:47:55,2026-08-25T09:32:05,766.34,2026-08-25,P,754.0,0.02,0.03,1885.0,1204.0,0.03,0.2592,-0.0117,0.0056,-0.0218,0.0072,0.0,134.0,6602.0
2026-08-25 09:47:55,2026-08-25T09:32:05,766.34,2026-08-25,C,755.0,11.2,11.56,20.0,124.0,8.76,0.0,0.985,0.0072,-0.0277,0.009,0.0,0.0,118.0
2026-08-25 09:47:55,2026-08-25T09:32:05,766.34,2026-08-25,P,755.0,0.02,0.03,1680.0,1627.0,0.02,0.2408,-0.015,0.0072,-0.0277,0.009,0.0,495.0,7774.0
2026-08-25 09:47:55,2026-08-25T09:32:05,766.34,2026-08-25,C,756.0,10.21,10.56,300.0,151.0,7.59,0.0,0.9806,0.0094,-0.0355,0.0111,0.0,0.0,129.0
2026-08-25 09:47:55,2026-08-25T09:32:05,766.34,2026-08-25,P,756.0,0.03,0.04,284.0,892.0,0.03,0.2332,-0.0194,0.0094,-0.0355,0.0111,0.0,345.0,5870.0
2026-08-25 09:47:55,2026-08-25T09:32:05,766.34,2026-08-25,C,757.0,9.27,9.57,2.0,10.0,9.27,0.2388,0.9748,0.0122,-0.0455,0.0138,0.0,1.0,251.0
2026-08-25 09:47:55,2026-08-25T09:32:05,766.34,2026-08-25,P,757.0,0.03,0.04,1524.0,532.0,0.04,0.2138,-0.0252,0.0122,-0.0455,0.0138,0.0,798.0,4522.0
2026-08-25 09:47:55,2026-08-25T09:32:05,766.34,2026-08-25,C,758.0,8.23,8.58,200.0,67.0,8.37,0.0,0.967,0.0161,-0.0587,0.0171,0.0,6.0,242.0
2026-08-25 09:47:55,2026-08-25T09:32:05,766.34,2026-08-25,P,758.0,0.05,0.06,420.0,1717.0,0.05,0.2091,-0.033,0.0161,-0.0587,0.0171,0.0,493.0,4927.0
2026-08-25 09:47:55,2026-08-25T09:32:05,766.34,2026-08-25,C,759.0,7.25,7.59,200.0,72.0,7.16,0.1732,0.9565,0.0214,-0.0764,0.0214,0.0,33.0,747.0
2026-08-25 09:47:55,2026-08-25T09:32:05,766.34,2026-08-25,P,759.0,0.06,0.07,1015.0,532.0,0.06,0.1938,-0.0435,0.0214,-0.0764,0.0214,0.0,800.0,8086.0
2026-08-25 09:47:55,2026-08-25T09:32:05,766.34,2026-08-25,C,760.0,6.34,6.62,85.0,10.0,6.3,0.191,0.9419,0.0286,-0.1007,0.0267,0.0,57.0,792.0
2026-08-25 09:47:55,2026-08-25T09:32:05,766.34,2026-08-25,P,760.0,0.09,0.1,277.0,1311.0,0.09,0.1856,-0.0581,0.0286,-0.1007,0.0267,0.0,4237.0,12864.0
2026-08-25 09:47:55,2026-08-25T09:32:05,766.34,2026-08-25,C,761.0,5.33,5.64,8.0,10.0,5.35,0.1577,0.921,0.0387,-0.1358,0.0336,0.0,80.0,551.0
2026-08-25 09:47:55,2026-08-25T09:32:05,766.34,2026-08-25,P,761.0,0.12,0.13,361.0,443.0,0.12,0.1726,-0.079,0.0387,-0.1358,0.0336,0.0,1384.0,6950.0
2026-08-25 09:47:55,2026-08-25T09:32:05,766.34,2026-08-25,C,762.0,4.49,4.55,19.0,158.0,4.54,0.1608,0.8898,0.0529,-0.1895,0.0425,0.0,1330.0,2460.0
2026-08-25 09:47:55,2026-08-25T09:32:05,766.34,2026-08-25,P,762.0,0.18,0.19,313.0,297.0,0.19,0.1636,-0.1102,0.0529,-0.1895,0.0425,0.0,4003.0,10257.0
2026-08-25 09:47:55,2026-08-25T09:32:05,766.34,2026-08-25,C,763.0,3.58,3.63,295.0,184.0,3.6,0.1531,0.8425,0.0721,-0.2764,0.0537,0.0,1378.0,4816.0
2026-08-25 09:47:55,2026-08-25T09:32:05,766.34,2026-08-25,P,763.0,0.27,0.28,318.0,325.0,0.27,0.1544,-0.1575,0.0721,-0.2764,0.0537,0.0,2127.0,7137.0
2026-08-25 09:47:55,2026-08-25T09:32:05,766.34,2026-08-25,C,764.0,2.73,2.78,72.0,130.0,2.76,0.1476,0.7717,0.0957,-0.4193,0.0666,0.0,3038.0,9545.0
2026-08-25 09:47:55,2026-08-25T09:32:05,766.34,2026-08-25,P,764.0,0.42,0.43,48.0,272.0,0.42,0.1471,-0.2283,0.0957,-0.4193,0.0666,0.0,4120.0,9840.0
2026-08-25 09:47:55,2026-08-25T09:32:05,766.34,2026-08-25,C,765.0,1.97,2.0,299.0,236.0,2.01,0.1395,0.6726,0.1197,-0.6493,0.0786,0.0,2411.0,8765.0
2026-08-25 09:47:55,2026-08-25T09:32:05,766.34,2026-08-25,P,765.0,0.65,0.66,223.0,203.0,0.66,0.1404,-0.3274,0.1197,-0.6493,0.0786,0.0,5851.0,4800.0
2026-08-25 09:47:55,2026-08-25T09:32:05,766.34,2026-08-25,C,766.0,1.34,1.35,1.0,16.0,1.34,0.1341,0.5474,0.136,-0.9994,0.0857,0.0,5169.0,5889.0
2026-08-25 09:47:55,2026-08-25T09:32:05,766.34,2026-08-25,P,766.0,1.0,1.01,31.0,200.0,1.01,0.1354,-0.4526,0.136,-0.9994,0.0857,0.0,6820.0,2066.0
2026-08-25 09:47:55,2026-08-25T09:32:05,766.34,2026-08-25,C,767.0,0.82,0.83,425.0,36.0,0.83,0.1302,0.4091,0.1368,-0.8356,0.0842,0.0,7246.0,6629.0
2026-08-25 09:47:55,2026-08-25T09:32:05,766.34,2026-08-25,P,767.0,1.49,1.51,10.0,200.0,1.49,0.1328,-0.5909,0.1368,-0.8356,0.0842,0.0,2083.0,2126.0
2026-08-25 09:47:55,2026-08-25T09:32:05,766.34,2026-08-25,C,768.0,0.47,0.48,200.0,252.0,0.47,0.129,0.2779,0.1196,-0.4811,0.0734,0.0,5134.0,6087.0
2026-08-25 09:47:55,2026-08-25T09:32:05,766.34,2026-08-25,P,768.0,2.11,2.16,210.0,113.0,2.1,0.1312,-0.7221,0.1196,-0.4811,0.0734,0.0,561.0,1140.0
2026-08-25 09:47:55,2026-08-25T09:32:05,766.34,2026-08-25,C,769.0,0.26,0.27,123.0,688.0,0.26,0.1291,0.1726,0.0911,-0.2596,0.0571,0.0,2356.0,3680.0
2026-08-25 09:47:55,2026-08-25T09:32:05,766.34,2026-08-25,P,769.0,2.89,2.95,108.0,41.0,2.94,0.132,-0.8274,0.0911,-0.2596,0.0571,0.0,309.0,1580.0
2026-08-25 09:47:55,2026-08-25T09:32:05,766.34,2026-08-25,C,770.0,0.14,0.15,154.0,815.0,0.15,0.1318,0.1012,0.0619,-0.1369,0.0406,0.0,2272.0,7341.0
2026-08-25 09:47:55,2026-08-25T09:32:05,766.34,2026-08-25,P,770.0,3.76,3.82,19.0,19.0,3.77,0.1511,-0.8988,0.0619,-0.1369,0.0406,0.0,66.0,774.0
2026-08-25 09:47:55,2026-08-25T09:32:05,766.34,2026-08-25,C,771.0,0.07,0.08,1596.0,609.0,0.08,0.1375,0.0596,0.0398,-0.0758,0.0278,0.0,1045.0,4829.0
2026-08-25 09:47:55,2026-08-25T09:32:05,766.34,2026-08-25,P,771.0,4.56,4.86,10.0,34.0,5.1,0.155,-0.9404,0.0398,-0.0758,0.0278,0.0,25.0,35.0
2026-08-25 09:47:55,2026-08-25T09:32:05,766.34,2026-08-25,C,772.0,0.04,0.05,1746.0,1514.0,0.05,0.1453,0.0382,0.0261,-0.0483,0.0198,0.0,1035.0,3798.0
2026-08-25 09:47:55,2026-08-25T09:32:05,766.34,2026-08-25,P,772.0,5.52,5.85,10.0,26.0,5.91,0.1762,-0.9618,0.0261,-0.0483,0.0198,0.0,4.0,1458.0
2026-08-25 09:47:55,2026-08-25T09:32:05,766.34,2026-08-25,C,773.0,0.03,0.04,670.0,641.0,0.04,0.1591,0.028,0.0186,-0.0368,0.0154,0.0,329.0,8118.0
2026-08-25 09:47:55,2026-08-25T09:32:05,766.34,2026-08-25,P,773.0,6.5,6.84,10.0,13.0,7.07,0.1755,-0.972,0.0186,-0.0368,0.0154,0.0,2.0,28.0
2026-08-25 09:47:55,2026-08-25T09:32:05,766.34,2026-08-25,C,774.0,0.02,0.03,538.0,2175.0,0.03,0.1698,0.0228,0.0142,-0.032,0.013,0.0,95.0,2745.0
2026-08-25 09:47:55,2026-08-25T09:32:05,766.34,2026-08-25,P,774.0,7.49,7.83,10.0,15.0,10.67,0.1966,-0.9772,0.0142,-0.032,0.013,0.0,0.0,1.0
2026-08-25 09:47:55,2026-08-25T09:32:05,766.34,2026-08-25,C,775.0,0.01,0.02,1690.0,2644.0,0.02,0.1757,0.0195,0.0114,-0.0293,0.0114,0.0,302.0,3513.0
2026-08-25 09:47:55,2026-08-25T09:32:05,766.34,2026-08-25,P,775.0,8.49,8.83,10.0,100.0,10.79,0.2363,-0.9805,0.0114,-0.0293,0.0114,0.0,0.0,894.0
2026-08-25 09:47:55,2026-08-25T09:32:05,766.34,2026-08-25,C,776.0,0.01,0.02,843.0,749.0,0.02,0.1931,0.017,0.0093,-0.0272,0.0101,0.0,365.0,2955.0
2026-08-25 09:47:55,2026-08-25T09:32:05,766.34,2026-08-25,P,776.0,9.48,9.82,10.0,15.0,12.45,0.2471,-0.983,0.0093,-0.0272,0.0101,0.0,0.0,19.0
2026-08-25 09:47:55,2026-08-25T09:32:05,766.34,2026-08-25,C,777.0,0.01,0.02,581.0,966.0,0.01,0.2103,0.0149,0.0077,-0.0252,0.009,0.0,10.0,1546.0
2026-08-25 09:47:55,2026-08-25T09:32:05,766.34,2026-08-25,P,777.0,10.48,10.82,10.0,20.0,13.4,0.2765,-0.9851,0.0077,-0.0252,0.009,0.0,0.0,13.0
2026-08-25 09:47:55,2026-08-25T09:32:05,766.34,2026-08-25,C,778.0,0.0,0.01,0.0,480.0,0.01,0.201,0.0131,0.0065,-0.0232,0.008,0.0,311.0,1297.0
2026-08-25 09:47:55,2026-08-25T09:32:05,766.34,2026-08-25,P,778.0,11.47,11.83,59.0,200.0,15.48,0.2944,-0.9869,0.0065,-0.0232,0.008,0.0,0.0,0.0
2026-08-25 09:47:55,2026-08-25T09:32:05,766.34,2026-08-25,C,779.0,0.0,0.01,0.0,480.0,0.01,0.2163,0.0115,0.0054,-0.0212,0.0071,0.0,0.0,1129.0
2026-08-25 09:47:55,2026-08-25T09:32:05,766.34,2026-08-25,P,779.0,12.47,12.83,59.0,20.0,15.5,0.3149,-0.9885,0.0054,-0.0212,0.0071,0.0,0.0,28.0
2026-08-25 09:47:55,2026-08-25T09:32:05,766.34,2026-08-25,C,780.0,0.0,0.01,0.0,480.0,0.01,0.2314,0.01,0.0046,-0.0192,0.0063,0.0,31.0,3628.0
2026-08-25 09:47:55,2026-08-25T09:32:05,766.34,2026-08-25,P,780.0,13.47,13.84,62.0,52.0,16.26,0.3317,-0.99,0.0046,-0.0192,0.0063,0.0,0.0,0.0
2026-08-25 09:47:55,2026-08-25T09:32:05,766.34,2026-08-25,C,781.0,0.0,0.01,0.0,558.0,0.01,0.2465,0.0087,0.0039,-0.0173,0.0056,0.0,0.0,779.0
2026-08-25 09:47:55,2026-08-25T09:32:05,766.34,2026-08-25,P,781.0,14.47,14.83,10.0,210.0,17.7,0.3479,-0.9913,0.0039,-0.0173,0.0056,0.0,0.0,0.0
2026-08-25 09:47:55,2026-08-25T09:32:05,766.34,2026-08-25,C,782.0,0.0,0.01,0.0,558.0,0.01,0.2615,0.0075,0.0033,-0.0153,0.0049,0.0,10.0,1044.0
2026-08-25 09:47:55,2026-08-25T09:32:05,766.34,2026-08-25,P,782.0,15.47,15.83,10.0,210.0,18.7,0.3675,-0.9925,0.0033,-0.0153,0.0049,0.0,0.0,1.0
2026-08-25 09:47:55,2026-08-25T09:32:05,766.34,2026-08-25,C,783.0,0.0,0.01,0.0,546.0,0.01,0.2763,0.0064,0.0027,-0.0134,0.0043,0.0,0.0,968.0
2026-08-25 09:47:55,2026-08-25T09:32:05,766.34,2026-08-25,P,783.0,16.47,16.83,10.0,210.0,20.62,0.3983,-0.9936,0.0027,-0.0134,0.0043,0.0,0.0,0.0
2026-08-25 09:47:55,2026-08-25T09:32:05,766.34,2026-08-25,C,784.0,0.0,0.01,0.0,548.0,0.01,0.2911,0.0054,0.0023,-0.0114,0.0036,0.0,0.0,1194.0
2026-08-25 09:47:55,2026-08-25T09:32:05,766.34,2026-08-25,P,784.0,17.47,17.83,10.0,210.0,18.01,0.406,-0.9946,0.0023,-0.0114,0.0036,0.0,0.0,0.0
2026-08-25 09:47:55,2026-08-25T09:32:05,766.34,2026-08-25,C,785.0,0.0,0.01,0.0,554.0,0.01,0.3058,0.0045,0.0019,-0.0095,0.0031,0.0,17.0,3167.0
2026-08-25 09:47:55,2026-08-25T09:32:05,766.34,2026-08-25,P,785.0,18.47,18.83,10.0,10.0,21.61,0.4251,-0.9955,0.0019,-0.0095,0.0031,0.0,0.0,0.0
2026-08-25 09:47:55,2026-08-25T09:32:05,766.34,2026-08-25,C,786.0,0.0,0.01,0.0,548.0,0.01,0.3203,0.0036,0.0015,-0.0076,0.0025,0.0,0.0,1174.0
2026-08-25 09:47:55,2026-08-25T09:32:05,766.34,2026-08-25,P,786.0,19.47,19.83,10.0,210.0,22.69,0.4566,-0.9964,0.0015,-0.0076,0.0025,0.0,0.0,0.0
2026-08-25 09:47:55,2026-08-25T09:32:05,766.34,2026-08-25,C,787.0,0.0,0.01,0.0,480.0,0.01,0.3349,0.0028,0.0012,-0.0058,0.002,0.0,0.0,876.0
2026-08-25 09:47:55,2026-08-25T09:32:05,766.34,2026-08-25,P,787.0,20.47,20.83,10.0,210.0,24.61,0.4628,-0.9972,0.0012,-0.0058,0.002,0.0,0.0,0.0
2026-08-25 09:47:55,2026-08-25T09:32:05,766.34,2026-08-25,C,788.0,0.0,0.01,0.0,494.0,0.01,0.3493,0.002,0.0009,-0.0042,0.0015,0.0,1.0,1884.0
2026-08-25 09:47:55,2026-08-25T09:32:05,766.34,2026-08-25,P,788.0,21.47,21.83,10.0,210.0,20.32,0.4814,-0.998,0.0009,-0.0042,0.0015,0.0,0.0,0.0
2026-08-25 09:47:55,2026-08-25T09:32:05,766.34,2026-08-25,C,789.0,0.0,0.01,0.0,480.0,0.01,0.3637,0.0014,0.0006,-0.0028,0.0011,0.0,0.0,1582.0
2026-08-25 09:47:55,2026-08-25T09:32:05,766.34,2026-08-25,P,789.0,22.47,22.83,10.0,210.0,26.56,0.4999,-0.9986,0.0006,-0.0028,0.0011,0.0,0.0,0.0
2026-08-25 09:47:55,2026-08-25T09:32:05,766.34,2026-08-25,C,790.0,0.0,0.01,0.0,480.0,0.01,0.378,0.0009,0.0004,-0.0017,0.0007,0.0,0.0,2383.0
2026-08-25 09:47:55,2026-08-25T09:32:05,766.34,2026-08-25,P,790.0,23.47,23.83,10.0,10.0,21.47,0.5183,-0.9991,0.0004,-0.0017,0.0007,0.0,0.0,0.0
2026-08-25 09:47:55,2026-08-25T09:32:05,766.34,2026-08-25,C,791.0,0.0,0.01,0.0,480.0,0.02,0.3922,0.0006,0.0003,-0.001,0.0005,0.0,0.0,413.0
2026-08-25 09:47:55,2026-08-25T09:32:05,766.34,2026-08-25,P,791.0,23.29,26.03,10.0,5.0,24.68,0.5366,-0.9994,0.0003,-0.001,0.0005,0.0,1.0,0.0
2026-08-25 09:47:55,2026-08-25T09:32:05,766.34,2026-08-25,C,792.0,0.0,0.01,0.0,480.0,0.01,0.4064,0.0003,0.0002,-0.0005,0.0003,0.0,0.0,388.0
2026-08-25 09:47:55,2026-08-25T09:32:05,766.34,2026-08-25,P,792.0,24.24,27.05,6.0,10.0,29.55,0.5743,-0.9997,0.0002,-0.0005,0.0003,0.0,0.0,0.0
2026-08-25 09:47:55,2026-08-25T09:32:05,766.34,2026-08-25,C,793.0,0.0,0.01,0.0,480.0,0.01,0.4205,0.0002,0.0001,-0.0003,0.0002,0.0,0.0,719.0
2026-08-25 09:47:55,2026-08-25T09:32:05,766.34,2026-08-25,P,793.0,25.25,28.06,1.0,306.0,29.57,0.6104,-0.9998,0.0001,-0.0003,0.0002,0.0,0.0,0.0
2026-08-25 09:47:55,2026-08-25T09:32:05,766.34,2026-08-25,C,794.0,0.0,0.01,0.0,568.0,0.01,0.4346,0.0001,0.0001,-0.0002,0.0001,0.0,0.0,366.0
2026-08-25 09:47:55,2026-08-25T09:32:05,766.34,2026-08-25,P,794.0,26.55,29.04,6.0,10.0,31.55,0.6292,-0.9999,0.0001,-0.0002,0.0001,0.0,0.0,0.0
2026-08-25 09:47:55,2026-08-25T09:32:05,766.34,2026-08-25,C,795.0,0.0,0.01,0.0,595.0,0.01,0.4486,0.0001,0.0,-0.0001,0.0001,0.0,0.0,321.0
2026-08-25 09:47:55,2026-08-25T09:32:05,766.34,2026-08-25,P,795.0,27.46,30.04,1.0,6.0,32.57,0.6436,-0.9999,0.0,-0.0001,0.0001,0.0,0.0,0.0
2026-08-25 09:47:55,2026-08-25T09:32:05,766.34,2026-08-25,C,796.0,0.0,0.01,0.0,654.0,0.01,0.4625,0.0001,0.0,-0.0001,0.0001,0.0,0.0,327.0
2026-08-25 09:47:55,2026-08-25T09:32:05,766.34,2026-08-25,P,796.0,28.36,31.04,2.0,7.0,33.53,0.6834,-0.9999,0.0,-0.0001,0.0001,0.0,0.0,0.0
2026-08-25 09:47:55,2026-08-25T09:32:05,766.34,2026-08-25,C,797.0,0.0,0.01,0.0,532.0,0.04,0.4764,0.0001,0.0,-0.0001,0.0001,0.0,0.0,49.0
2026-08-25 09:47:55,2026-08-25T09:32:05,766.34,2026-08-25,P,797.0,29.36,32.04,2.0,10.0,34.56,0.7063,-0.9999,0.0,-0.0001,0.0001,0.0,0.0,0.0
2026-08-25 09:47:55,2026-08-25T09:32:05,766.34,2026-08-25,C,798.0,0.0,0.01,0.0,654.0,0.02,0.4903,0.0001,0.0,-0.0001,0.0001,0.0,0.0,43.0
2026-08-25 09:47:55,2026-08-25T09:32:05,766.34,2026-08-25,P,798.0,30.36,33.04,2.0,10.0,0.0,0.7036,-0.9999,0.0,-0.0001,0.0001,0.0,0.0,0.0
2026-08-25 09:47:55,2026-08-25T09:32:05,766.34,2026-08-25,C,799.0,0.0,0.01,0.0,541.0,0.01,0.5041,0.0001,0.0,-0.0001,0.0001,0.0,0.0,117.0
2026-08-25 09:47:55,2026-08-25T09:32:05,766.34,2026-08-25,P,799.0,31.28,34.03,10.0,30.0,30.0,0.722,-0.9999,0.0,-0.0001,0.0001,0.0,0.0,0.0
2026-08-25 09:47:55,2026-08-25T09:32:05,766.34,2026-08-25,C,800.0,0.0,0.01,0.0,541.0,0.01,0.5178,0.0001,0.0,-0.0001,0.0,0.0,0.0,577.0
2026-08-25 09:47:55,2026-08-25T09:32:05,766.34,2026-08-25,P,800.0,32.24,35.02,10.0,10.0,37.54,0.7403,-0.9999,0.0,-0.0001,0.0,0.0,0.0,1.0
2026-08-25 09:47:55,2026-08-25T09:32:05,766.34,2026-08-25,C,801.0,0.0,0.01,0.0,552.0,0.01,0.5315,0.0,0.0,-0.0001,0.0,0.0,0.0,59.0
2026-08-25 09:47:55,2026-08-25T09:32:05,766.34,2026-08-25,P,801.0,33.29,36.03,7.0,10.0,0.0,0.7536,-1.0,0.0,-0.0001,0.0,0.0,0.0,0.0
2026-08-25 09:47:55,2026-08-25T09:32:05,766.34,2026-08-25,C,802.0,0.0,0.01,0.0,556.0,0.01,0.5451,0.0,0.0,-0.0001,0.0,0.0,2.0,94.0
2026-08-25 09:47:55,2026-08-25T09:32:05,766.34,2026-08-25,P,802.0,34.36,37.03,2.0,30.0,0.0,0.7766,-1.0,0.0,-0.0001,0.0,0.0,0.0,0.0
2026-08-25 09:47:55,2026-08-25T09:32:05,766.34,2026-08-25,C,803.0,0.0,0.01,0.0,654.0,0.01,0.5588,0.0,0.0,-0.0001,0.0,0.0,1.0,250.0
2026-08-25 09:47:55,2026-08-25T09:32:05,766.34,2026-08-25,P,803.0,35.36,38.03,7.0,20.0,0.0,0.7895,-1.0,0.0,-0.0001,0.0,0.0,0.0,0.0
2026-08-25 09:47:55,2026-08-25T09:32:05,766.34,2026-08-25,C,804.0,0.0,0.01,0.0,565.0,0.01,0.5723,0.0,0.0,-0.0001,0.0,0.0,0.0,773.0
2026-08-25 09:47:55,2026-08-25T09:32:05,766.34,2026-08-25,P,804.0,36.36,39.03,7.0,10.0,0.0,0.8126,-1.0,0.0,-0.0001,0.0,0.0,0.0,0.0
2026-08-25 10:08:39,2026-08-25T09:53:05,766.13,2026-08-25,C,728.0,38.01,38.25,45.0,45.0,37.89,0.0,1.0,0.0,-0.0001,0.0,0.0,1.0,1.0
2026-08-25 10:08:39,2026-08-25T09:53:05,766.13,2026-08-25,P,728.0,0.0,0.01,0.0,2223.0,0.01,0.6245,0.0,0.0,-0.0001,0.0,0.0,0.0,602.0
2026-08-25 10:08:39,2026-08-25T09:53:05,766.13,2026-08-25,C,729.0,35.9,38.66,257.0,257.0,35.61,0.8849,1.0,0.0,-0.0001,0.0,0.0,0.0,1.0
2026-08-25 10:08:39,2026-08-25T09:53:05,766.13,2026-08-25,P,729.0,0.0,0.01,0.0,2223.0,0.01,0.6091,0.0,0.0,-0.0001,0.0,0.0,0.0,415.0
2026-08-25 10:08:39,2026-08-25T09:53:05,766.13,2026-08-25,C,730.0,34.9,37.66,257.0,257.0,36.46,0.864,1.0,0.0,-0.0001,0.0,0.0,0.0,1.0
2026-08-25 10:08:39,2026-08-25T09:53:05,766.13,2026-08-25,P,730.0,0.0,0.01,0.0,2223.0,0.01,0.5937,0.0,0.0,-0.0001,0.0,0.0,0.0,2872.0
2026-08-25 10:08:39,2026-08-25T09:53:05,766.13,2026-08-25,C,731.0,33.9,36.66,257.0,257.0,42.53,0.8432,0.9999,0.0,-0.0001,0.0,0.0,0.0,4.0
2026-08-25 10:08:39,2026-08-25T09:53:05,766.13,2026-08-25,P,731.0,0.0,0.01,0.0,2223.0,0.01,0.5782,-0.0001,0.0,-0.0001,0.0,0.0,15.0,389.0
2026-08-25 10:08:39,2026-08-25T09:53:05,766.13,2026-08-25,C,732.0,32.9,35.66,257.0,257.0,41.55,0.8223,0.9999,0.0,-0.0001,0.0001,0.0,0.0,13.0
2026-08-25 10:08:39,2026-08-25T09:53:05,766.13,2026-08-25,P,732.0,0.0,0.01,0.0,2222.0,0.01,0.5628,-0.0001,0.0,-0.0001,0.0001,0.0,0.0,516.0
2026-08-25 10:08:39,2026-08-25T09:53:05,766.13,2026-08-25,C,733.0,31.9,34.66,257.0,257.0,32.38,0.8013,0.9999,0.0,-0.0002,0.0001,0.0,0.0,1.0
2026-08-25 10:08:39,2026-08-25T09:53:05,766.13,2026-08-25,P,733.0,0.0,0.01,0.0,2222.0,0.01,0.5474,-0.0001,0.0,-0.0002,0.0001,0.0,0.0,568.0
2026-08-25 10:08:39,2026-08-25T09:53:05,766.13,2026-08-25,C,734.0,30.9,33.66,257.0,257.0,31.38,0.7803,0.9999,0.0,-0.0002,0.0001,0.0,0.0,1.0
2026-08-25 10:08:39,2026-08-25T09:53:05,766.13,2026-08-25,P,734.0,0.0,0.01,0.0,2223.0,0.02,0.5319,-0.0001,0.0,-0.0002,0.0001,0.0,0.0,79.0
2026-08-25 10:08:39,2026-08-25T09:53:05,766.13,2026-08-25,C,735.0,29.9,32.66,257.0,257.0,29.24,0.7593,0.9999,0.0001,-0.0002,0.0001,0.0,0.0,5.0
2026-08-25 10:08:39,2026-08-25T09:53:05,766.13,2026-08-25,P,735.0,0.0,0.01,0.0,2222.0,0.01,0.5165,-0.0001,0.0001,-0.0002,0.0001,0.0,1.0,525.0
2026-08-25 10:08:39,2026-08-25T09:53:05,766.13,2026-08-25,C,736.0,28.9,31.66,258.0,257.0,27.61,0.7382,0.9998,0.0001,-0.0003,0.0001,0.0,0.0,7.0
2026-08-25 10:08:39,2026-08-25T09:53:05,766.13,2026-08-25,P,736.0,0.0,0.01,0.0,2223.0,0.02,0.501,-0.0001,0.0001,-0.0003,0.0001,0.0,0.0,3303.0
2026-08-25 10:08:39,2026-08-25T09:53:05,766.13,2026-08-25,C,737.0,27.9,30.66,199.0,267.0,29.43,0.7171,0.9998,0.0001,-0.0004,0.0002,0.0,1.0,10.0
2026-08-25 10:08:39,2026-08-25T09:53:05,766.13,2026-08-25,P,737.0,0.0,0.01,0.0,2223.0,0.01,0.4855,-0.0002,0.0001,-0.0004,0.0002,0.0,15.0,502.0
2026-08-25 10:08:39,2026-08-25T09:53:05,766.13,2026-08-25,C,738.0,26.9,29.66,257.0,264.0,25.46,0.6959,0.9998,0.0001,-0.0004,0.0002,0.0,0.0,4.0
2026-08-25 10:08:39,2026-08-25T09:53:05,766.13,2026-08-25,P,738.0,0.0,0.01,0.0,2103.0,0.01,0.47,-0.0002,0.0001,-0.0004,0.0002,0.0,18.0,451.0
2026-08-25 10:08:39,2026-08-25T09:53:05,766.13,2026-08-25,C,739.0,26.98,28.67,45.0,45.0,27.6,0.9284,0.9997,0.0001,-0.0005,0.0002,0.0,1.0,6.0
2026-08-25 10:08:39,2026-08-25T09:53:05,766.13,2026-08-25,P,739.0,0.0,0.01,0.0,2199.0,0.01,0.4544,-0.0003,0.0001,-0.0005,0.0002,0.0,25.0,336.0
2026-08-25 10:08:39,2026-08-25T09:53:05,766.13,2026-08-25,C,740.0,26.01,26.26,46.0,46.0,26.06,0.0,0.9996,0.0002,-0.0006,0.0003,0.0,4.0,9.0
2026-08-25 10:08:39,2026-08-25T09:53:05,766.13,2026-08-25,P,740.0,0.0,0.01,0.0,2158.0,0.01,0.4389,-0.0004,0.0002,-0.0006,0.0003,0.0,25.0,685.0
2026-08-25 10:08:39,2026-08-25T09:53:05,766.13,2026-08-25,C,741.0,25.04,25.26,45.0,45.0,25.12,0.4233,0.9996,0.0002,-0.0008,0.0004,0.0,3.0,2.0
2026-08-25 10:08:39,2026-08-25T09:53:05,766.13,2026-08-25,P,741.0,0.0,0.01,0.0,2158.0,0.01,0.4233,-0.0004,0.0002,-0.0008,0.0004,0.0,359.0,561.0
2026-08-25 10:08:39,2026-08-25T09:53:05,766.13,2026-08-25,C,742.0,22.9,25.67,258.0,44.0,21.39,0.6142,0.9995,0.0002,-0.001,0.0004,0.0,0.0,3.0
2026-08-25 10:08:39,2026-08-25T09:53:05,766.13,2026-08-25,P,742.0,0.0,0.01,0.0,2258.0,0.01,0.4077,-0.0005,0.0002,-0.001,0.0004,0.0,31.0,450.0
2026-08-25 10:08:39,2026-08-25T09:53:05,766.13,2026-08-25,C,743.0,22.17,24.17,44.0,44.0,21.04,0.464,0.9993,0.0003,-0.0012,0.0005,0.0,0.0,15.0
2026-08-25 10:08:39,2026-08-25T09:53:05,766.13,2026-08-25,P,743.0,0.0,0.01,0.0,2149.0,0.01,0.3921,-0.0007,0.0003,-0.0012,0.0005,0.0,26.0,568.0
2026-08-25 10:08:39,2026-08-25T09:53:05,766.13,2026-08-25,C,744.0,21.23,23.19,100.0,44.0,20.15,0.506,0.9992,0.0004,-0.0015,0.0006,0.0,0.0,19.0
2026-08-25 10:08:39,2026-08-25T09:53:05,766.13,2026-08-25,P,744.0,0.0,0.01,0.0,1956.0,0.01,0.3764,-0.0008,0.0004,-0.0015,0.0006,0.0,532.0,903.0
2026-08-25 10:08:39,2026-08-25T09:53:05,766.13,2026-08-25,C,745.0,20.23,22.19,100.0,44.0,19.12,0.486,0.999,0.0005,-0.0019,0.0008,0.0,0.0,23.0
2026-08-25 10:08:39,2026-08-25T09:53:05,766.13,2026-08-25,P,745.0,0.0,0.01,0.0,1884.0,0.01,0.3607,-0.001,0.0005,-0.0019,0.0008,0.0,74.0,1025.0
2026-08-25 10:08:39,2026-08-25T09:53:05,766.13,2026-08-25,C,746.0,19.23,21.19,100.0,100.0,20.51,0.4661,0.9987,0.0006,-0.0023,0.001,0.0,2.0,11.0
2026-08-25 10:08:39,2026-08-25T09:53:05,766.13,2026-08-25,P,746.0,0.0,0.01,0.0,1696.0,0.01,0.345,-0.0013,0.0006,-0.0023,0.001,0.0,7241.0,1605.0
2026-08-25 10:08:39,2026-08-25T09:53:05,766.13,2026-08-25,C,747.0,18.23,20.19,100.0,100.0,16.43,0.446,0.9984,0.0008,-0.0029,0.0012,0.0,0.0,74.0
2026-08-25 10:08:39,2026-08-25T09:53:05,766.13,2026-08-25,P,747.0,0.01,0.02,2092.0,2278.0,0.01,0.3688,-0.0016,0.0008,-0.0029,0.0012,0.0,1711.0,2506.0
2026-08-25 10:08:39,2026-08-25T09:53:05,766.13,2026-08-25,C,748.0,18.05,19.19,100.0,100.0,16.67,0.6235,0.9979,0.001,-0.0037,0.0015,0.0,0.0,55.0
2026-08-25 10:08:39,2026-08-25T09:53:05,766.13,2026-08-25,P,748.0,0.01,0.02,2182.0,2277.0,0.01,0.3514,-0.0021,0.001,-0.0037,0.0015,0.0,4449.0,7283.0
2026-08-25 10:08:39,2026-08-25T09:53:05,766.13,2026-08-25,C,749.0,17.03,17.49,100.0,100.0,16.73,0.445,0.9974,0.0013,-0.0047,0.0019,0.0,0.0,59.0
2026-08-25 10:08:39,2026-08-25T09:53:05,766.13,2026-08-25,P,749.0,0.01,0.02,2159.0,2280.0,0.01,0.334,-0.0026,0.0013,-0.0047,0.0019,0.0,855.0,1627.0
2026-08-25 10:08:39,2026-08-25T09:53:05,766.13,2026-08-25,C,750.0,16.09,16.18,15.0,100.0,16.25,0.3024,0.9966,0.0017,-0.0059,0.0024,0.0,2.0,125.0
2026-08-25 10:08:39,2026-08-25T09:53:05,766.13,2026-08-25,P,750.0,0.01,0.02,2158.0,2279.0,0.01,0.3165,-0.0034,0.0017,-0.0059,0.0024,0.0,454.0,3718.0
2026-08-25 10:08:39,2026-08-25T09:53:05,766.13,2026-08-25,C,751.0,15.0,15.25,100.0,100.0,15.4,0.0,0.9957,0.0022,-0.0076,0.003,0.0,3.0,38.0
2026-08-25 10:08:39,2026-08-25T09:53:05,766.13,2026-08-25,P,751.0,0.01,0.02,2183.0,2309.0,0.01,0.2989,-0.0043,0.0022,-0.0076,0.003,0.0,559.0,3805.0
2026-08-25 10:08:39,2026-08-25T09:53:05,766.13,2026-08-25,C,752.0,14.04,14.26,100.0,100.0,14.2,0.2496,0.9945,0.0028,-0.0096,0.0037,0.0,3.0,32.0
2026-08-25 10:08:39,2026-08-25T09:53:05,766.13,2026-08-25,P,752.0,0.01,0.02,2209.0,2309.0,0.02,0.2813,-0.0055,0.0028,-0.0096,0.0037,0.0,829.0,2503.0
2026-08-25 10:08:39,2026-08-25T09:53:05,766.13,2026-08-25,C,753.0,13.04,13.25,100.0,150.0,13.26,0.0,0.9928,0.0037,-0.0124,0.0046,0.0,3.0,281.0
2026-08-25 10:08:39,2026-08-25T09:53:05,766.13,2026-08-25,P,753.0,0.01,0.02,2212.0,2107.0,0.02,0.2635,-0.0072,0.0037,-0.0124,0.0046,0.0,2778.0,4515.0
2026-08-25 10:08:39,2026-08-25T09:53:05,766.13,2026-08-25,C,754.0,11.42,12.75,172.0,100.0,12.3,0.0,0.9907,0.0048,-0.0159,0.0058,0.0,10.0,39.0
2026-08-25 10:08:39,2026-08-25T09:53:05,766.13,2026-08-25,P,754.0,0.02,0.03,1174.0,4012.0,0.02,0.2623,-0.0093,0.0048,-0.0159,0.0058,0.0,6103.0,6602.0
2026-08-25 10:08:39,2026-08-25T09:53:05,766.13,2026-08-25,C,755.0,10.42,11.9,176.0,176.0,11.75,0.2277,0.9879,0.0063,-0.0205,0.0073,0.0,20.0,118.0
2026-08-25 10:08:39,2026-08-25T09:53:05,766.13,2026-08-25,P,755.0,0.02,0.03,3193.0,3490.0,0.02,0.2434,-0.0121,0.0063,-0.0205,0.0073,0.0,1905.0,7774.0
2026-08-25 10:08:39,2026-08-25T09:53:05,766.13,2026-08-25,C,756.0,10.06,10.5,66.0,165.0,11.2,0.2862,0.9842,0.0083,-0.0266,0.0092,0.0,23.0,129.0
2026-08-25 10:08:39,2026-08-25T09:53:05,766.13,2026-08-25,P,756.0,0.02,0.03,3295.0,3250.0,0.02,0.2243,-0.0158,0.0083,-0.0266,0.0092,0.0,1608.0,5870.0
2026-08-25 10:08:39,2026-08-25T09:53:05,766.13,2026-08-25,C,757.0,9.08,9.27,64.0,102.0,9.33,0.2106,0.9791,0.0111,-0.0345,0.0116,0.0,68.0,251.0
2026-08-25 10:08:39,2026-08-25T09:53:05,766.13,2026-08-25,P,757.0,0.03,0.04,2117.0,3499.0,0.04,0.2155,-0.0209,0.0111,-0.0345,0.0116,0.0,2544.0,4522.0
2026-08-25 10:08:39,2026-08-25T09:53:05,766.13,2026-08-25,C,758.0,8.03,8.28,87.0,103.0,8.28,0.1642,0.9722,0.0149,-0.0451,0.0146,0.0,39.0,242.0
2026-08-25 10:08:39,2026-08-25T09:53:05,766.13,2026-08-25,P,758.0,0.04,0.05,1032.0,3729.0,0.05,0.2033,-0.0278,0.0149,-0.0451,0.0146,0.0,3136.0,4927.0
2026-08-25 10:08:39,2026-08-25T09:53:05,766.13,2026-08-25,C,759.0,7.08,7.28,72.0,68.0,7.35,0.1748,0.9629,0.0201,-0.0594,0.0185,0.0,96.0,747.0
2026-08-25 10:08:39,2026-08-25T09:53:05,766.13,2026-08-25,P,759.0,0.05,0.06,1040.0,3349.0,0.05,0.1887,-0.0371,0.0201,-0.0594,0.0185,0.0,2942.0,8086.0
2026-08-25 10:08:39,2026-08-25T09:53:05,766.13,2026-08-25,C,760.0,6.13,6.24,104.0,72.0,6.2,0.1667,0.9498,0.0275,-0.0787,0.0234,0.0,389.0,792.0
2026-08-25 10:08:39,2026-08-25T09:53:05,766.13,2026-08-25,P,760.0,0.06,0.07,2661.0,2788.0,0.06,0.1721,-0.0502,0.0275,-0.0787,0.0234,0.0,18448.0,12864.0
2026-08-25 10:08:39,2026-08-25T09:53:05,766.13,2026-08-25,C,761.0,5.17,5.32,148.0,84.0,5.1,0.1557,0.9309,0.0381,-0.1061,0.0298,0.0,221.0,551.0
2026-08-25 10:08:39,2026-08-25T09:53:05,766.13,2026-08-25,P,761.0,0.09,0.1,1907.0,2079.0,0.09,0.1616,-0.0691,0.0381,-0.1061,0.0298,0.0,23797.0,6950.0
2026-08-25 10:08:39,2026-08-25T09:53:05,766.13,2026-08-25,C,762.0,4.26,4.29,36.0,55.0,4.25,0.1505,0.9025,0.0536,-0.1476,0.0382,0.0,2532.0,2460.0
2026-08-25 10:08:39,2026-08-25T09:53:05,766.13,2026-08-25,P,762.0,0.13,0.14,1916.0,1892.0,0.14,0.1491,-0.0975,0.0536,-0.1476,0.0382,0.0,15871.0,10257.0
2026-08-25 10:08:39,2026-08-25T09:53:05,766.13,2026-08-25,C,763.0,3.32,3.35,38.0,120.0,3.4,0.1391,0.8571,0.0763,-0.2167,0.0494,0.0,2636.0,4816.0
2026-08-25 10:08:39,2026-08-25T09:53:05,766.13,2026-08-25,P,763.0,0.21,0.22,505.0,1442.0,0.21,0.138,-0.1429,0.0763,-0.2167,0.0494,0.0,20246.0,7137.0
2026-08-25 10:08:39,2026-08-25T09:53:05,766.13,2026-08-25,C,764.0,2.45,2.49,116.0,200.0,2.48,0.1304,0.7836,0.1069,-0.3399,0.0632,0.0,7083.0,9545.0
2026-08-25 10:08:39,2026-08-25T09:53:05,766.13,2026-08-25,P,764.0,0.34,0.35,417.0,857.0,0.35,0.1296,-0.2164,0.1069,-0.3399,0.0632,0.0,20911.0,9840.0
2026-08-25 10:08:39,2026-08-25T09:53:05,766.13,2026-08-25,C,765.0,1.69,1.71,16.0,154.0,1.7,0.1237,0.6718,0.1398,-0.5583,0.0767,0.0,14405.0,8765.0
2026-08-25 10:08:39,2026-08-25T09:53:05,766.13,2026-08-25,P,765.0,0.57,0.58,342.0,430.0,0.58,0.1237,-0.3282,0.1398,-0.5583,0.0767,0.0,39580.0,4800.0
2026-08-25 10:08:39,2026-08-25T09:53:05,766.13,2026-08-25,C,766.0,1.05,1.06,473.0,1.0,1.05,0.1179,0.524,0.1606,-0.9187,0.0839,0.0,44534.0,5889.0
2026-08-25 10:08:39,2026-08-25T09:53:05,766.13,2026-08-25,P,766.0,0.92,0.93,354.0,34.0,0.92,0.1185,-0.476,0.1606,-0.9187,0.0839,0.0,66342.0,2066.0
2026-08-25 10:08:39,2026-08-25T09:53:05,766.13,2026-08-25,C,767.0,0.59,0.6,17.0,406.0,0.59,0.1145,0.3626,0.1549,-0.5989,0.0794,0.0,78836.0,6629.0
2026-08-25 10:08:39,2026-08-25T09:53:05,766.13,2026-08-25,P,767.0,1.45,1.46,10.0,220.0,1.45,0.1145,-0.6374,0.1549,-0.5989,0.0794,0.0,23688.0,2126.0
2026-08-25 10:08:39,2026-08-25T09:53:05,766.13,2026-08-25,C,768.0,0.29,0.3,1221.0,366.0,0.3,0.1142,0.2221,0.1232,-0.3086,0.0642,0.0,53069.0,6087.0
2026-08-25 10:08:39,2026-08-25T09:53:05,766.13,2026-08-25,P,768.0,2.16,2.19,200.0,123.0,2.19,0.1126,-0.7779,0.1232,-0.3086,0.0642,0.0,5388.0,1140.0
2026-08-25 10:08:39,2026-08-25T09:53:05,766.13,2026-08-25,C,769.0,0.14,0.15,1303.0,1455.0,0.15,0.1179,0.1256,0.0833,-0.1545,0.0458,0.0,22910.0,3680.0
2026-08-25 10:08:39,2026-08-25T09:53:05,766.13,2026-08-25,P,769.0,3.01,3.04,54.0,37.0,3.04,0.1168,-0.8744,0.0833,-0.1545,0.0458,0.0,1857.0,1580.0
2026-08-25 10:08:39,2026-08-25T09:53:05,766.13,2026-08-25,C,770.0,0.07,0.08,2129.0,1799.0,0.08,0.1218,0.0704,0.0517,-0.0809,0.0308,0.0,23447.0,7341.0
2026-08-25 10:08:39,2026-08-25T09:53:05,766.13,2026-08-25,P,770.0,3.85,4.04,115.0,100.0,4.05,0.127,-0.9296,0.0517,-0.0809,0.0308,0.0,666.0,774.0
2026-08-25 10:08:39,2026-08-25T09:53:05,766.13,2026-08-25,C,771.0,0.05,0.06,611.0,3817.0,0.05,0.1368,0.0426,0.0323,-0.0484,0.0212,0.0,10753.0,4829.0
2026-08-25 10:08:39,2026-08-25T09:53:05,766.13,2026-08-25,P,771.0,4.81,5.0,112.0,100.0,4.92,0.1414,-0.9574,0.0323,-0.0484,0.0212,0.0,207.0,35.0
2026-08-25 10:08:39,2026-08-25T09:53:05,766.13,2026-08-25,C,772.0,0.03,0.04,3085.0,3580.0,0.03,0.1468,0.0307,0.0223,-0.0367,0.0163,0.0,4743.0,3798.0
2026-08-25 10:08:39,2026-08-25T09:53:05,766.13,2026-08-25,P,772.0,5.79,5.97,72.0,112.0,6.0,0.1288,-0.9693,0.0223,-0.0367,0.0163,0.0,63.0,1458.0
2026-08-25 10:08:39,2026-08-25T09:53:05,766.13,2026-08-25,C,773.0,0.02,0.03,3205.0,3405.0,0.02,0.1587,0.0254,0.017,-0.0331,0.0139,0.0,2916.0,8118.0
2026-08-25 10:08:39,2026-08-25T09:53:05,766.13,2026-08-25,P,773.0,6.34,7.04,120.0,84.0,6.95,0.0,-0.9746,0.017,-0.0331,0.0139,0.0,11.0,28.0
2026-08-25 10:08:39,2026-08-25T09:53:05,766.13,2026-08-25,C,774.0,0.02,0.03,1536.0,4050.0,0.03,0.1781,0.022,0.0135,-0.0311,0.0122,0.0,3035.0,2745.0
2026-08-25 10:08:39,2026-08-25T09:53:05,766.13,2026-08-25,P,774.0,7.29,8.59,100.0,95.0,7.47,0.2189,-0.978,0.0135,-0.0311,0.0122,0.0,38.0,1.0
2026-08-25 10:08:39,2026-08-25T09:53:05,766.13,2026-08-25,C,775.0,0.01,0.02,3393.0,3444.0,0.02,0.1838,0.0192,0.011,-0.0292,0.0108,0.0,3781.0,3513.0
2026-08-25 10:08:39,2026-08-25T09:53:05,766.13,2026-08-25,P,775.0,8.78,8.99,100.0,70.0,8.5,0.2025,-0.9808,0.011,-0.0292,0.0108,0.0,22.0,894.0
2026-08-25 10:08:39,2026-08-25T09:53:05,766.13,2026-08-25,C,776.0,0.01,0.02,2590.0,2764.0,0.02,0.2017,0.0168,0.0091,-0.0273,0.0097,0.0,911.0,2955.0
2026-08-25 10:08:39,2026-08-25T09:53:05,766.13,2026-08-25,P,776.0,9.35,10.14,77.0,113.0,9.76,0.0,-0.9832,0.0091,-0.0273,0.0097,0.0,59.0,19.0
2026-08-25 10:08:39,2026-08-25T09:53:05,766.13,2026-08-25,C,777.0,0.01,0.02,1789.0,2825.0,0.01,0.2193,0.0148,0.0076,-0.0254,0.0086,0.0,1061.0,1546.0
2026-08-25 10:08:39,2026-08-25T09:53:05,766.13,2026-08-25,P,777.0,10.76,10.98,152.0,95.0,10.93,0.2193,-0.9852,0.0076,-0.0254,0.0086,0.0,2.0,13.0
2026-08-25 10:08:39,2026-08-25T09:53:05,766.13,2026-08-25,C,778.0,0.0,0.01,0.0,1541.0,0.01,0.2094,0.0131,0.0064,-0.0235,0.0077,0.0,3043.0,1297.0
2026-08-25 10:08:39,2026-08-25T09:53:05,766.13,2026-08-25,P,778.0,10.83,12.61,100.0,100.0,15.48,0.0,-0.9869,0.0064,-0.0235,0.0077,0.0,0.0,0.0
2026-08-25 10:08:39,2026-08-25T09:53:05,766.13,2026-08-25,C,779.0,0.0,0.01,0.0,2018.0,0.01,0.225,0.0115,0.0054,-0.0217,0.0069,0.0,25.0,1129.0
2026-08-25 10:08:39,2026-08-25T09:53:05,766.13,2026-08-25,P,779.0,11.83,13.61,80.0,100.0,15.5,0.0,-0.9885,0.0054,-0.0217,0.0069,0.0,0.0,28.0
2026-08-25 10:08:39,2026-08-25T09:53:05,766.13,2026-08-25,C,780.0,0.0,0.01,0.0,2182.0,0.01,0.2406,0.0101,0.0046,-0.0198,0.0062,0.0,36.0,3628.0
2026-08-25 10:08:39,2026-08-25T09:53:05,766.13,2026-08-25,P,780.0,12.83,14.61,100.0,100.0,16.26,0.0,-0.9899,0.0046,-0.0198,0.0062,0.0,0.0,0.0
2026-08-25 10:08:39,2026-08-25T09:53:05,766.13,2026-08-25,C,781.0,0.0,0.01,0.0,2182.0,0.01,0.256,0.0089,0.0039,-0.0179,0.0055,0.0,3.0,779.0
2026-08-25 10:08:39,2026-08-25T09:53:05,766.13,2026-08-25,P,781.0,13.82,15.78,197.0,185.0,17.7,0.0,-0.9911,0.0039,-0.0179,0.0055,0.0,0.0,0.0
2026-08-25 10:08:39,2026-08-25T09:53:05,766.13,2026-08-25,C,782.0,0.0,0.01,0.0,2182.0,0.01,0.2713,0.0077,0.0033,-0.016,0.0049,0.0,12.0,1044.0
2026-08-25 10:08:39,2026-08-25T09:53:05,766.13,2026-08-25,P,782.0,14.82,16.07,257.0,93.0,18.7,0.0,-0.9923,0.0033,-0.016,0.0049,0.0,0.0,1.0
2026-08-25 10:08:39,2026-08-25T09:53:05,766.13,2026-08-25,C,783.0,0.0,0.01,0.0,2182.0,0.01,0.2866,0.0067,0.0028,-0.0142,0.0043,0.0,3.0,968.0
2026-08-25 10:08:39,2026-08-25T09:53:05,766.13,2026-08-25,P,783.0,15.82,17.02,257.0,100.0,20.62,0.0,-0.9933,0.0028,-0.0142,0.0043,0.0,0.0,0.0
2026-08-25 10:08:39,2026-08-25T09:53:05,766.13,2026-08-25,C,784.0,0.0,0.01,0.0,2182.0,0.01,0.3017,0.0057,0.0023,-0.0123,0.0037,0.0,1.0,1194.0
2026-08-25 10:08:39,2026-08-25T09:53:05,766.13,2026-08-25,P,784.0,17.76,18.01,45.0,100.0,18.02,0.3682,-0.9943,0.0023,-0.0123,0.0037,0.0,2.0,0.0
2026-08-25 10:08:39,2026-08-25T09:53:05,766.13,2026-08-25,C,785.0,0.0,0.01,0.0,2183.0,0.01,0.3167,0.0048,0.002,-0.0105,0.0032,0.0,23.0,3167.0
2026-08-25 10:08:39,2026-08-25T09:53:05,766.13,2026-08-25,P,785.0,18.76,18.98,45.0,100.0,18.96,0.3549,-0.9952,0.002,-0.0105,0.0032,0.0,2.0,0.0
2026-08-25 10:08:39,2026-08-25T09:53:05,766.13,2026-08-25,C,786.0,0.0,0.01,0.0,2183.0,0.01,0.3317,0.004,0.0016,-0.0086,0.0027,0.0,1.0,1174.0
2026-08-25 10:08:39,2026-08-25T09:53:05,766.13,2026-08-25,P,786.0,19.76,19.98,45.0,100.0,19.9,0.3713,-0.996,0.0016,-0.0086,0.0027,0.0,1.0,0.0
2026-08-25 10:08:39,2026-08-25T09:53:05,766.13,2026-08-25,C,787.0,0.0,0.01,0.0,2302.0,0.01,0.3466,0.0031,0.0013,-0.0068,0.0022,0.0,366.0,876.0
2026-08-25 10:08:39,2026-08-25T09:53:05,766.13,2026-08-25,P,787.0,20.76,20.99,45.0,100.0,20.84,0.4006,-0.9969,0.0013,-0.0068,0.0022,0.0,1.0,0.0
2026-08-25 10:08:39,2026-08-25T09:53:05,766.13,2026-08-25,C,788.0,0.0,0.01,0.0,2248.0,0.01,0.3614,0.0024,0.001,-0.0051,0.0017,0.0,12.0,1884.0
2026-08-25 10:08:39,2026-08-25T09:53:05,766.13,2026-08-25,P,788.0,20.82,22.02,257.0,100.0,20.32,0.0,-0.9976,0.001,-0.0051,0.0017,0.0,0.0,0.0
2026-08-25 10:08:39,2026-08-25T09:53:05,766.13,2026-08-25,C,789.0,0.0,0.01,0.0,2248.0,0.01,0.3761,0.0017,0.0007,-0.0035,0.0012,0.0,3.0,1582.0
2026-08-25 10:08:39,2026-08-25T09:53:05,766.13,2026-08-25,P,789.0,22.76,22.98,45.0,100.0,23.0,0.42,-0.9983,0.0007,-0.0035,0.0012,0.0,1.0,0.0
2026-08-25 10:08:39,2026-08-25T09:53:05,766.13,2026-08-25,C,790.0,0.0,0.01,0.0,2248.0,0.02,0.3908,0.0011,0.0005,-0.0022,0.0008,0.0,2.0,2383.0
2026-08-25 10:08:39,2026-08-25T09:53:05,766.13,2026-08-25,P,790.0,23.76,23.96,45.0,45.0,23.51,0.3908,-0.9989,0.0005,-0.0022,0.0008,0.0,3.0,0.0
2026-08-25 10:08:39,2026-08-25T09:53:05,766.13,2026-08-25,C,791.0,0.0,0.01,0.0,2248.0,0.02,0.4054,0.0007,0.0003,-0.0012,0.0005,0.0,0.0,413.0
2026-08-25 10:08:39,2026-08-25T09:53:05,766.13,2026-08-25,P,791.0,24.76,26.1,44.0,258.0,24.45,0.8062,-0.9993,0.0003,-0.0012,0.0005,0.0,3.0,0.0
2026-08-25 10:08:39,2026-08-25T09:53:05,766.13,2026-08-25,C,792.0,0.0,0.01,0.0,2248.0,0.01,0.42,0.0004,0.0002,-0.0006,0.0003,0.0,0.0,388.0
2026-08-25 10:08:39,2026-08-25T09:53:05,766.13,2026-08-25,P,792.0,24.34,27.1,257.0,257.0,29.55,0.0,-0.9996,0.0002,-0.0006,0.0003,0.0,0.0,0.0
2026-08-25 10:08:39,2026-08-25T09:53:05,766.13,2026-08-25,C,793.0,0.0,0.01,0.0,2248.0,0.01,0.4344,0.0002,0.0001,-0.0003,0.0002,0.0,0.0,719.0
2026-08-25 10:08:39,2026-08-25T09:53:05,766.13,2026-08-25,P,793.0,25.34,28.1,257.0,257.0,29.57,0.0,-0.9998,0.0001,-0.0003,0.0002,0.0,0.0,0.0
2026-08-25 10:08:39,2026-08-25T09:53:05,766.13,2026-08-25,C,794.0,0.0,0.01,0.0,2248.0,0.01,0.4488,0.0001,0.0001,-0.0002,0.0001,0.0,2.0,366.0
2026-08-25 10:08:39,2026-08-25T09:53:05,766.13,2026-08-25,P,794.0,26.34,29.1,257.0,257.0,31.55,0.0,-0.9999,0.0001,-0.0002,0.0001,0.0,0.0,0.0
2026-08-25 10:08:39,2026-08-25T09:53:05,766.13,2026-08-25,C,795.0,0.0,0.01,0.0,2248.0,0.01,0.4632,0.0001,0.0,-0.0001,0.0001,0.0,0.0,321.0
2026-08-25 10:08:39,2026-08-25T09:53:05,766.13,2026-08-25,P,795.0,27.34,30.1,257.0,257.0,32.57,0.0,-0.9999,0.0,-0.0001,0.0001,0.0,0.0,0.0
2026-08-25 10:08:39,2026-08-25T09:53:05,766.13,2026-08-25,C,796.0,0.0,0.01,0.0,2248.0,0.01,0.4775,0.0001,0.0,-0.0001,0.0001,0.0,0.0,327.0
2026-08-25 10:08:39,2026-08-25T09:53:05,766.13,2026-08-25,P,796.0,28.34,31.1,24.0,24.0,33.53,0.0,-0.9999,0.0,-0.0001,0.0001,0.0,0.0,0.0
2026-08-25 10:08:39,2026-08-25T09:53:05,766.13,2026-08-25,C,797.0,0.0,0.01,0.0,2248.0,0.04,0.4918,0.0001,0.0,-0.0001,0.0001,0.0,0.0,49.0
2026-08-25 10:08:39,2026-08-25T09:53:05,766.13,2026-08-25,P,797.0,29.34,32.1,24.0,24.0,34.56,0.0,-0.9999,0.0,-0.0001,0.0001,0.0,0.0,0.0
2026-08-25 10:08:39,2026-08-25T09:53:05,766.13,2026-08-25,C,798.0,0.0,0.01,0.0,2248.0,0.02,0.506,0.0001,0.0,-0.0001,0.0001,0.0,0.0,43.0
2026-08-25 10:08:39,2026-08-25T09:53:05,766.13,2026-08-25,P,798.0,30.34,33.1,24.0,24.0,0.0,0.0,-0.9999,0.0,-0.0001,0.0001,0.0,0.0,0.0
2026-08-25 10:08:39,2026-08-25T09:53:05,766.13,2026-08-25,C,799.0,0.0,0.01,0.0,2247.0,0.01,0.5201,0.0001,0.0,-0.0001,0.0001,0.0,0.0,117.0
2026-08-25 10:08:39,2026-08-25T09:53:05,766.13,2026-08-25,P,799.0,31.34,34.1,24.0,24.0,30.0,0.0,-0.9999,0.0,-0.0001,0.0001,0.0,0.0,0.0
2026-08-25 10:08:39,2026-08-25T09:53:05,766.13,2026-08-25,C,800.0,0.0,0.01,0.0,2248.0,0.01,0.5342,0.0001,0.0,-0.0001,0.0,0.0,0.0,577.0
2026-08-25 10:08:39,2026-08-25T09:53:05,766.13,2026-08-25,P,800.0,32.34,35.1,24.0,24.0,37.54,0.0,-0.9999,0.0,-0.0001,0.0,0.0,0.0,1.0
2026-08-25 10:08:39,2026-08-25T09:53:05,766.13,2026-08-25,C,801.0,0.0,0.01,0.0,2248.0,0.01,0.5482,0.0,0.0,-0.0001,0.0,0.0,0.0,59.0
2026-08-25 10:08:39,2026-08-25T09:53:05,766.13,2026-08-25,P,801.0,33.34,36.1,24.0,24.0,0.0,0.0,-1.0,0.0,-0.0001,0.0,0.0,0.0,0.0
2026-08-25 10:08:39,2026-08-25T09:53:05,766.13,2026-08-25,C,802.0,0.0,0.01,0.0,2247.0,0.01,0.5622,0.0,0.0,-0.0001,0.0,0.0,2.0,94.0
2026-08-25 10:08:39,2026-08-25T09:53:05,766.13,2026-08-25,P,802.0,34.34,37.1,24.0,24.0,0.0,0.0,-1.0,0.0,-0.0001,0.0,0.0,0.0,0.0
2026-08-25 10:08:39,2026-08-25T09:53:05,766.13,2026-08-25,C,803.0,0.0,0.01,0.0,2248.0,0.01,0.5762,0.0,0.0,-0.0001,0.0,0.0,1.0,250.0
2026-08-25 10:08:39,2026-08-25T09:53:05,766.13,2026-08-25,P,803.0,35.34,38.1,24.0,24.0,0.0,0.0,-1.0,0.0,-0.0001,0.0,0.0,0.0,0.0
2026-08-25 10:08:39,2026-08-25T09:53:05,766.13,2026-08-25,C,804.0,0.0,0.01,0.0,2248.0,0.01,0.5901,0.0,0.0,-0.0001,0.0,0.0,0.0,773.0
2026-08-25 10:08:39,2026-08-25T09:53:05,766.13,2026-08-25,P,804.0,36.34,39.1,24.0,24.0,0.0,0.0,-1.0,0.0,-0.0001,0.0,0.0,0.0,0.0
2026-08-25 11:08:11,2026-08-25T10:52:07,764.4414,2026-08-25,C,727.0,37.31,37.5,45.0,45.0,38.11,0.0,1.0,0.0,0.0,0.0,0.0,12.0,1.0
2026-08-25 11:08:11,2026-08-25T10:52:07,764.4414,2026-08-25,P,727.0,0.0,0.01,0.0,1345.0,0.01,0.6661,0.0,0.0,0.0,0.0,0.0,0.0,181.0
2026-08-25 11:08:11,2026-08-25T10:52:07,764.4414,2026-08-25,C,728.0,36.31,36.5,45.0,45.0,37.5,0.0,1.0,0.0,0.0,0.0,0.0,2.0,1.0
2026-08-25 11:08:11,2026-08-25T10:52:07,764.4414,2026-08-25,P,728.0,0.0,0.01,0.0,1335.0,0.01,0.6493,0.0,0.0,0.0,0.0,0.0,0.0,602.0
2026-08-25 11:08:11,2026-08-25T10:52:07,764.4414,2026-08-25,C,729.0,34.32,35.5,260.0,44.0,35.61,0.0,1.0,0.0,0.0,0.0,0.0,0.0,1.0
2026-08-25 11:08:11,2026-08-25T10:52:07,764.4414,2026-08-25,P,729.0,0.0,0.01,0.0,1325.0,0.01,0.6326,0.0,0.0,0.0,0.0,0.0,0.0,415.0
2026-08-25 11:08:11,2026-08-25T10:52:07,764.4414,2026-08-25,C,730.0,33.49,35.84,44.0,258.0,35.67,0.9814,1.0,0.0,0.0,0.0,0.0,1.0,1.0
2026-08-25 11:08:11,2026-08-25T10:52:07,764.4414,2026-08-25,P,730.0,0.0,0.01,0.0,1308.0,0.01,0.6158,0.0,0.0,0.0,0.0,0.0,0.0,2872.0
2026-08-25 11:08:11,2026-08-25T10:52:07,764.4414,2026-08-25,C,731.0,32.32,34.84,258.0,258.0,34.72,0.8868,1.0,0.0,0.0,0.0,0.0,1.0,4.0
2026-08-25 11:08:11,2026-08-25T10:52:07,764.4414,2026-08-25,P,731.0,0.0,0.01,0.0,1909.0,0.01,0.5991,0.0,0.0,0.0,0.0,0.0,15.0,389.0
2026-08-25 11:08:11,2026-08-25T10:52:07,764.4414,2026-08-25,C,732.0,31.32,33.84,300.0,300.0,41.55,0.8639,1.0,0.0,-0.0001,0.0,0.0,0.0,13.0
2026-08-25 11:08:11,2026-08-25T10:52:07,764.4414,2026-08-25,P,732.0,0.0,0.01,0.0,1821.0,0.01,0.5823,0.0,0.0,-0.0001,0.0,0.0,0.0,516.0
2026-08-25 11:08:11,2026-08-25T10:52:07,764.4414,2026-08-25,C,733.0,30.49,32.84,50.0,300.0,32.62,0.9085,1.0,0.0,-0.0001,0.0,0.0,1.0,1.0
2026-08-25 11:08:11,2026-08-25T10:52:07,764.4414,2026-08-25,P,733.0,0.0,0.01,0.0,1788.0,0.01,0.5655,0.0,0.0,-0.0001,0.0,0.0,0.0,568.0
2026-08-25 11:08:11,2026-08-25T10:52:07,764.4414,2026-08-25,C,734.0,29.32,31.84,300.0,300.0,31.16,0.8177,0.9999,0.0,-0.0001,0.0,0.0,2.0,1.0
2026-08-25 11:08:11,2026-08-25T10:52:07,764.4414,2026-08-25,P,734.0,0.0,0.01,0.0,1762.0,0.01,0.5487,-0.0001,0.0,-0.0001,0.0,0.0,1.0,79.0
2026-08-25 11:08:11,2026-08-25T10:52:07,764.4414,2026-08-25,C,735.0,28.32,30.84,300.0,300.0,29.24,0.7946,0.9999,0.0,-0.0001,0.0001,0.0,0.0,5.0
2026-08-25 11:08:11,2026-08-25T10:52:07,764.4414,2026-08-25,P,735.0,0.0,0.01,0.0,1720.0,0.01,0.5319,-0.0001,0.0,-0.0001,0.0001,0.0,2.0,525.0
2026-08-25 11:08:11,2026-08-25T10:52:07,764.4414,2026-08-25,C,736.0,27.49,29.84,50.0,300.0,29.63,0.835,0.9999,0.0,-0.0002,0.0001,0.0,2.0,7.0
2026-08-25 11:08:11,2026-08-25T10:52:07,764.4414,2026-08-25,P,736.0,0.0,0.01,0.0,1682.0,0.02,0.515,-0.0001,0.0,-0.0002,0.0001,0.0,0.0,3303.0
2026-08-25 11:08:11,2026-08-25T10:52:07,764.4414,2026-08-25,C,737.0,26.49,28.84,51.0,306.0,29.24,0.8103,0.9999,0.0001,-0.0002,0.0001,0.0,4.0,10.0
2026-08-25 11:08:11,2026-08-25T10:52:07,764.4414,2026-08-25,P,737.0,0.0,0.01,0.0,1749.0,0.01,0.4982,-0.0001,0.0001,-0.0002,0.0001,0.0,15.0,502.0
2026-08-25 11:08:11,2026-08-25T10:52:07,764.4414,2026-08-25,C,738.0,25.43,27.84,50.0,285.0,25.46,0.7659,0.9998,0.0001,-0.0002,0.0001,0.0,0.0,4.0
2026-08-25 11:08:11,2026-08-25T10:52:07,764.4414,2026-08-25,P,738.0,0.0,0.01,0.0,1719.0,0.01,0.4813,-0.0002,0.0001,-0.0002,0.0001,0.0,18.0,451.0
2026-08-25 11:08:11,2026-08-25T10:52:07,764.4414,2026-08-25,C,739.0,24.49,26.84,50.0,289.0,26.26,0.7607,0.9998,0.0001,-0.0003,0.0002,0.0,2.0,6.0
2026-08-25 11:08:11,2026-08-25T10:52:07,764.4414,2026-08-25,P,739.0,0.0,0.01,0.0,1687.0,0.01,0.4644,-0.0002,0.0001,-0.0003,0.0002,0.0,26.0,336.0
2026-08-25 11:08:11,2026-08-25T10:52:07,764.4414,2026-08-25,C,740.0,24.29,24.5,52.0,45.0,24.74,0.0,0.9997,0.0001,-0.0004,0.0002,0.0,8.0,9.0
2026-08-25 11:08:11,2026-08-25T10:52:07,764.4414,2026-08-25,P,740.0,0.0,0.01,0.0,1711.0,0.01,0.4474,-0.0003,0.0001,-0.0004,0.0002,0.0,310.0,685.0
2026-08-25 11:08:11,2026-08-25T10:52:07,764.4414,2026-08-25,C,741.0,23.29,23.5,51.0,45.0,24.53,0.0,0.9997,0.0002,-0.0005,0.0002,0.0,4.0,2.0
2026-08-25 11:08:11,2026-08-25T10:52:07,764.4414,2026-08-25,P,741.0,0.0,0.01,0.0,1633.0,0.01,0.4304,-0.0003,0.0002,-0.0005,0.0002,0.0,364.0,561.0
2026-08-25 11:08:11,2026-08-25T10:52:07,764.4414,2026-08-25,C,742.0,21.39,22.51,100.0,100.0,21.39,0.0,0.9996,0.0002,-0.0007,0.0003,0.0,0.0,3.0
2026-08-25 11:08:11,2026-08-25T10:52:07,764.4414,2026-08-25,P,742.0,0.0,0.01,0.0,1639.0,0.01,0.4134,-0.0004,0.0002,-0.0007,0.0003,0.0,36.0,450.0
2026-08-25 11:08:11,2026-08-25T10:52:07,764.4414,2026-08-25,C,743.0,20.65,22.1,100.0,239.0,23.11,0.0,0.9995,0.0003,-0.0008,0.0004,0.0,1.0,15.0
2026-08-25 11:08:11,2026-08-25T10:52:07,764.4414,2026-08-25,P,743.0,0.0,0.01,0.0,1604.0,0.01,0.3964,-0.0005,0.0003,-0.0009,0.0004,0.0,29.0,568.0
2026-08-25 11:08:11,2026-08-25T10:52:07,764.4414,2026-08-25,C,744.0,19.7,21.1,235.0,239.0,22.17,0.0,0.9993,0.0004,-0.0011,0.0005,0.0,2.0,19.0
2026-08-25 11:08:11,2026-08-25T10:52:07,764.4414,2026-08-25,P,744.0,0.0,0.01,0.0,1571.0,0.01,0.3793,-0.0007,0.0004,-0.0011,0.0005,0.0,1537.0,903.0
2026-08-25 11:08:11,2026-08-25T10:52:07,764.4414,2026-08-25,C,745.0,18.87,20.1,100.0,239.0,21.23,0.4725,0.9991,0.0005,-0.0014,0.0006,0.0,1.0,23.0
2026-08-25 11:08:11,2026-08-25T10:52:07,764.4414,2026-08-25,P,745.0,0.0,0.01,0.0,1958.0,0.01,0.3622,-0.0009,0.0005,-0.0015,0.0007,0.0,351.0,1025.0
2026-08-25 11:08:11,2026-08-25T10:52:07,764.4414,2026-08-25,C,746.0,18.03,19.1,100.0,209.0,18.49,0.5247,0.9988,0.0006,-0.0019,0.0008,0.0,6.0,11.0
2026-08-25 11:08:11,2026-08-25T10:52:07,764.4414,2026-08-25,P,746.0,0.01,0.02,1148.0,2865.0,0.02,0.3868,-0.0012,0.0006,-0.0019,0.0008,0.0,9772.0,1605.0
2026-08-25 11:08:11,2026-08-25T10:52:07,764.4414,2026-08-25,C,747.0,17.33,18.1,100.0,306.0,17.5,0.5794,0.9985,0.0008,-0.0024,0.0011,0.0,2.0,74.0
2026-08-25 11:08:11,2026-08-25T10:52:07,764.4414,2026-08-25,P,747.0,0.01,0.02,1219.0,2858.0,0.01,0.3679,-0.0015,0.0008,-0.0025,0.0011,0.0,2701.0,2506.0
2026-08-25 11:08:11,2026-08-25T10:52:07,764.4414,2026-08-25,C,748.0,16.39,17.16,100.0,313.0,16.32,0.5776,0.998,0.0011,-0.0032,0.0014,0.0,6.0,55.0
2026-08-25 11:08:11,2026-08-25T10:52:07,764.4414,2026-08-25,P,748.0,0.01,0.02,1288.0,2820.0,0.01,0.3489,-0.002,0.0011,-0.0032,0.0014,0.0,9321.0,7283.0
2026-08-25 11:08:11,2026-08-25T10:52:07,764.4414,2026-08-25,C,749.0,14.5,16.42,276.0,209.0,16.73,0.3516,0.9974,0.0014,-0.0042,0.0017,0.0,0.0,59.0
2026-08-25 11:08:11,2026-08-25T10:52:07,764.4414,2026-08-25,P,749.0,0.01,0.02,1635.0,2768.0,0.01,0.3298,-0.0027,0.0015,-0.0043,0.0018,0.0,948.0,1627.0
2026-08-25 11:08:11,2026-08-25T10:52:07,764.4414,2026-08-25,C,750.0,14.22,14.51,292.0,100.0,14.24,0.0,0.9965,0.0019,-0.0055,0.0022,0.0,17.0,125.0
2026-08-25 11:08:11,2026-08-25T10:52:07,764.4414,2026-08-25,P,750.0,0.01,0.02,2279.0,2693.0,0.01,0.3107,-0.0035,0.002,-0.0056,0.0023,0.0,905.0,3718.0
2026-08-25 11:08:11,2026-08-25T10:52:07,764.4414,2026-08-25,C,751.0,13.27,13.51,100.0,125.0,14.42,0.0,0.9954,0.0026,-0.0073,0.0029,0.0,4.0,38.0
2026-08-25 11:08:11,2026-08-25T10:52:07,764.4414,2026-08-25,P,751.0,0.01,0.02,2252.0,2647.0,0.02,0.2914,-0.0047,0.0026,-0.0074,0.0029,0.0,735.0,3805.0
2026-08-25 11:08:11,2026-08-25T10:52:07,764.4414,2026-08-25,C,752.0,12.32,12.51,152.0,100.0,12.29,0.0,0.9938,0.0035,-0.0097,0.0037,0.0,15.0,32.0
2026-08-25 11:08:11,2026-08-25T10:52:07,764.4414,2026-08-25,P,752.0,0.01,0.02,2211.0,2292.0,0.01,0.2721,-0.0062,0.0035,-0.0098,0.0038,0.0,1165.0,2503.0
2026-08-25 11:08:11,2026-08-25T10:52:07,764.4414,2026-08-25,C,753.0,11.3,11.51,218.0,150.0,11.18,0.0,0.9917,0.0047,-0.0129,0.0048,0.0,7.0,281.0
2026-08-25 11:08:11,2026-08-25T10:52:07,764.4414,2026-08-25,P,753.0,0.01,0.02,3593.0,3577.0,0.02,0.2526,-0.0084,0.0047,-0.0131,0.0049,0.0,3599.0,4515.0
2026-08-25 11:08:11,2026-08-25T10:52:07,764.4414,2026-08-25,C,754.0,9.83,11.11,100.0,100.0,10.65,0.262,0.9889,0.0064,-0.0172,0.0062,0.0,20.0,39.0
2026-08-25 11:08:11,2026-08-25T10:52:07,764.4414,2026-08-25,P,754.0,0.02,0.03,748.0,4059.0,0.02,0.2492,-0.0113,0.0064,-0.0175,0.0063,0.0,7451.0,6602.0
2026-08-25 11:08:11,2026-08-25T10:52:07,764.4414,2026-08-25,C,755.0,8.99,9.51,100.0,101.0,9.17,0.0,0.9849,0.0087,-0.0231,0.0081,0.0,26.0,118.0
2026-08-25 11:08:11,2026-08-25T10:52:07,764.4414,2026-08-25,P,755.0,0.02,0.03,3077.0,3911.0,0.02,0.2284,-0.0152,0.0088,-0.0234,0.0082,0.0,3384.0,7774.0
2026-08-25 11:08:11,2026-08-25T10:52:07,764.4414,2026-08-25,C,756.0,8.32,8.52,100.0,106.0,8.18,0.0,0.9795,0.0119,-0.031,0.0105,0.0,299.0,129.0
2026-08-25 11:08:11,2026-08-25T10:52:07,764.4414,2026-08-25,P,756.0,0.02,0.03,3346.0,3519.0,0.03,0.2073,-0.0208,0.012,-0.0314,0.0106,0.0,3617.0,5870.0
2026-08-25 11:08:11,2026-08-25T10:52:07,764.4414,2026-08-25,C,757.0,7.35,7.52,83.0,64.0,7.29,0.1518,0.9719,0.0164,-0.0418,0.0136,0.0,179.0,251.0
2026-08-25 11:08:11,2026-08-25T10:52:07,764.4414,2026-08-25,P,757.0,0.03,0.04,2552.0,3651.0,0.03,0.1963,-0.0281,0.0164,-0.0418,0.0136,0.0,10534.0,4522.0
2026-08-25 11:08:11,2026-08-25T10:52:07,764.4414,2026-08-25,C,758.0,6.33,6.53,100.0,72.0,6.46,0.0,0.9613,0.0229,-0.0566,0.0176,0.0,178.0,242.0
2026-08-25 11:08:11,2026-08-25T10:52:07,764.4414,2026-08-25,P,758.0,0.04,0.05,3118.0,3196.0,0.04,0.1814,-0.0387,0.0229,-0.0566,0.0176,0.0,10190.0,4927.0
2026-08-25 11:08:11,2026-08-25T10:52:07,764.4414,2026-08-25,C,759.0,5.37,5.55,93.0,67.0,5.3,0.1428,0.9461,0.0322,-0.0771,0.0228,0.0,389.0,747.0
2026-08-25 11:08:11,2026-08-25T10:52:07,764.4414,2026-08-25,P,759.0,0.06,0.07,960.0,3799.0,0.06,0.1693,-0.0539,0.0322,-0.0771,0.0228,0.0,39638.0,8086.0
2026-08-25 11:08:11,2026-08-25T10:52:07,764.4414,2026-08-25,C,760.0,4.4,4.57,92.0,104.0,4.45,0.1364,0.9238,0.046,-0.1064,0.0295,0.0,1369.0,792.0
2026-08-25 11:08:11,2026-08-25T10:52:07,764.4414,2026-08-25,P,760.0,0.08,0.09,1999.0,1131.0,0.09,0.1525,-0.0762,0.046,-0.1064,0.0295,0.0,71378.0,12864.0
2026-08-25 11:08:11,2026-08-25T10:52:07,764.4414,2026-08-25,C,761.0,3.57,3.6,37.0,94.0,3.54,0.1466,0.8889,0.067,-0.1519,0.0386,0.0,1933.0,551.0
2026-08-25 11:08:11,2026-08-25T10:52:07,764.4414,2026-08-25,P,761.0,0.13,0.14,1810.0,1898.0,0.14,0.141,-0.1111,0.067,-0.1519,0.0386,0.0,71467.0,6950.0
2026-08-25 11:08:11,2026-08-25T10:52:07,764.4414,2026-08-25,C,762.0,2.66,2.69,39.0,200.0,2.67,0.1336,0.8303,0.0988,-0.2323,0.0506,0.0,5462.0,2460.0
2026-08-25 11:08:11,2026-08-25T10:52:07,764.4414,2026-08-25,P,762.0,0.22,0.23,514.0,1616.0,0.23,0.1305,-0.1697,0.0988,-0.2323,0.0506,0.0,61153.0,10257.0
2026-08-25 11:08:11,2026-08-25T10:52:07,764.4414,2026-08-25,C,763.0,1.82,1.85,157.0,157.0,1.82,0.1237,0.7302,0.1408,-0.3882,0.065,0.0,11300.0,4816.0
2026-08-25 11:08:11,2026-08-25T10:52:07,764.4414,2026-08-25,P,763.0,0.38,0.39,571.0,636.0,0.38,0.1206,-0.2698,0.1408,-0.3882,0.065,0.0,120571.0,7137.0
2026-08-25 11:08:11,2026-08-25T10:52:07,764.4414,2026-08-25,C,764.0,1.13,1.14,179.0,264.0,1.13,0.1165,0.5786,0.1769,-0.6818,0.076,0.0,49345.0,9545.0
2026-08-25 11:08:11,2026-08-25T10:52:07,764.4414,2026-08-25,P,764.0,0.68,0.69,309.0,410.0,0.68,0.1132,-0.4214,0.1769,-0.6818,0.076,0.0,195305.0,9840.0
2026-08-25 11:08:11,2026-08-25T10:52:07,764.4414,2026-08-25,C,765.0,0.61,0.62,506.0,419.0,0.62,0.1122,0.3968,0.1795,-0.6048,0.075,0.0,155004.0,8765.0
2026-08-25 11:08:11,2026-08-25T10:52:07,764.4414,2026-08-25,P,765.0,1.16,1.17,236.0,220.0,1.16,0.1089,-0.6032,0.1795,-0.6048,0.075,0.0,224336.0,4800.0
2026-08-25 11:08:11,2026-08-25T10:52:07,764.4414,2026-08-25,C,766.0,0.29,0.3,1217.0,212.0,0.3,0.1112,0.2353,0.1422,-0.2976,0.061,0.0,226581.0,5889.0
2026-08-25 11:08:11,2026-08-25T10:52:07,764.4414,2026-08-25,P,766.0,1.83,1.86,313.0,270.0,1.85,0.1078,-0.7647,0.1422,-0.2976,0.061,0.0,150585.0,2066.0
2026-08-25 11:08:11,2026-08-25T10:52:07,764.4414,2026-08-25,C,767.0,0.14,0.15,1789.0,632.0,0.15,0.1165,0.1288,0.093,-0.1452,0.0429,0.0,207663.0,6629.0
2026-08-25 11:08:11,2026-08-25T10:52:07,764.4414,2026-08-25,P,767.0,2.68,2.71,101.0,37.0,2.7,0.1115,-0.8712,0.093,-0.1452,0.0429,0.0,45601.0,2126.0
2026-08-25 11:08:11,2026-08-25T10:52:07,764.4414,2026-08-25,C,768.0,0.07,0.08,2137.0,859.0,0.08,0.1245,0.0708,0.056,-0.0756,0.0285,0.0,123465.0,6087.0
2026-08-25 11:08:11,2026-08-25T10:52:07,764.4414,2026-08-25,P,768.0,3.59,3.66,91.0,109.0,3.7,0.1185,-0.9292,0.056,-0.0756,0.0285,0.0,12060.0,1140.0
2026-08-25 11:08:11,2026-08-25T10:52:07,764.4414,2026-08-25,C,769.0,0.04,0.05,3649.0,2388.0,0.05,0.136,0.0421,0.0341,-0.0447,0.0193,0.0,64486.0,3680.0
2026-08-25 11:08:11,2026-08-25T10:52:07,764.4414,2026-08-25,P,769.0,4.56,4.76,112.0,146.0,4.63,0.159,-0.9579,0.0341,-0.0447,0.0193,0.0,4157.0,1580.0
2026-08-25 11:08:11,2026-08-25T10:52:07,764.4414,2026-08-25,C,770.0,0.03,0.04,2645.0,2760.0,0.04,0.1529,0.0297,0.023,-0.0334,0.0146,0.0,43589.0,7341.0
2026-08-25 11:08:11,2026-08-25T10:52:07,764.4414,2026-08-25,P,770.0,5.55,5.72,100.0,101.0,5.59,0.1738,-0.9703,0.023,-0.0334,0.0146,0.0,1574.0,774.0
2026-08-25 11:08:11,2026-08-25T10:52:07,764.4414,2026-08-25,C,771.0,0.02,0.03,2913.0,2711.0,0.02,0.1662,0.0244,0.0173,-0.03,0.0123,0.0,18590.0,4829.0
2026-08-25 11:08:11,2026-08-25T10:52:07,764.4414,2026-08-25,P,771.0,6.53,6.67,106.0,187.0,6.59,0.1753,-0.9756,0.0173,-0.03,0.0123,0.0,398.0,35.0
2026-08-25 11:08:11,2026-08-25T10:52:07,764.4414,2026-08-25,C,772.0,0.02,0.03,1056.0,3866.0,0.02,0.1873,0.021,0.0136,-0.0282,0.0108,0.0,9586.0,3798.0
2026-08-25 11:08:11,2026-08-25T10:52:07,764.4414,2026-08-25,P,772.0,7.54,7.73,32.0,225.0,7.45,0.2223,-0.979,0.0136,-0.0282,0.0108,0.0,164.0,1458.0
2026-08-25 11:08:11,2026-08-25T10:52:07,764.4414,2026-08-25,C,773.0,0.01,0.02,3165.0,3099.0,0.01,0.194,0.0183,0.011,-0.0266,0.0096,0.0,5248.0,8118.0
2026-08-25 11:08:11,2026-08-25T10:52:07,764.4414,2026-08-25,P,773.0,8.53,8.99,124.0,217.0,8.65,0.3038,-0.9817,0.011,-0.0266,0.0096,0.0,33.0,28.0
2026-08-25 11:08:11,2026-08-25T10:52:07,764.4414,2026-08-25,C,774.0,0.01,0.02,2347.0,2383.0,0.01,0.2135,0.0161,0.0091,-0.025,0.0085,0.0,3829.0,2745.0
2026-08-25 11:08:11,2026-08-25T10:52:07,764.4414,2026-08-25,P,774.0,9.25,10.21,225.0,225.0,9.59,0.3184,-0.9839,0.0091,-0.025,0.0085,0.0,39.0,1.0
2026-08-25 11:08:11,2026-08-25T10:52:07,764.4414,2026-08-25,C,775.0,0.01,0.02,2173.0,2635.0,0.01,0.2327,0.0142,0.0076,-0.0234,0.0076,0.0,4356.0,3513.0
2026-08-25 11:08:11,2026-08-25T10:52:07,764.4414,2026-08-25,P,775.0,10.52,10.73,150.0,99.0,10.7,0.2843,-0.9858,0.0076,-0.0234,0.0076,0.0,240.0,894.0
2026-08-25 11:08:11,2026-08-25T10:52:07,764.4414,2026-08-25,C,776.0,0.01,0.02,1749.0,2559.0,0.01,0.2517,0.0125,0.0063,-0.0218,0.0068,0.0,1230.0,2955.0
2026-08-25 11:08:11,2026-08-25T10:52:07,764.4414,2026-08-25,P,776.0,10.95,12.2,100.0,281.0,11.62,0.2398,-0.9875,0.0063,-0.0218,0.0068,0.0,80.0,19.0
2026-08-25 11:08:11,2026-08-25T10:52:07,764.4414,2026-08-25,C,777.0,0.0,0.01,0.0,1575.0,0.01,0.2395,0.0111,0.0054,-0.0202,0.0061,0.0,5291.0,1546.0
2026-08-25 11:08:11,2026-08-25T10:52:07,764.4414,2026-08-25,P,777.0,12.52,12.74,152.0,144.0,12.43,0.3325,-0.9889,0.0054,-0.0202,0.0061,0.0,43.0,13.0
2026-08-25 11:08:11,2026-08-25T10:52:07,764.4414,2026-08-25,C,778.0,0.0,0.01,0.0,1764.0,0.01,0.2564,0.0098,0.0046,-0.0186,0.0055,0.0,6552.0,1297.0
2026-08-25 11:08:11,2026-08-25T10:52:07,764.4414,2026-08-25,P,778.0,13.05,14.2,100.0,279.0,12.0,0.3499,-0.9902,0.0046,-0.0186,0.0055,0.0,1.0,0.0
2026-08-25 11:08:11,2026-08-25T10:52:07,764.4414,2026-08-25,C,779.0,0.0,0.01,0.0,1772.0,0.01,0.2732,0.0086,0.0039,-0.017,0.0049,0.0,34.0,1129.0
2026-08-25 11:08:11,2026-08-25T10:52:07,764.4414,2026-08-25,P,779.0,13.98,15.29,306.0,100.0,15.5,0.3804,-0.9914,0.0039,-0.017,0.0049,0.0,0.0,28.0
2026-08-25 11:08:11,2026-08-25T10:52:07,764.4414,2026-08-25,C,780.0,0.0,0.01,0.0,1880.0,0.01,0.2899,0.0076,0.0033,-0.0154,0.0044,0.0,168.0,3628.0
2026-08-25 11:08:11,2026-08-25T10:52:07,764.4414,2026-08-25,P,780.0,15.01,15.95,100.0,100.0,15.15,0.0,-0.9924,0.0033,-0.0154,0.0044,0.0,2.0,0.0
2026-08-25 11:08:11,2026-08-25T10:52:07,764.4414,2026-08-25,C,781.0,0.0,0.01,0.0,1979.0,0.01,0.3065,0.0066,0.0028,-0.0138,0.0039,0.0,27.0,779.0
2026-08-25 11:08:11,2026-08-25T10:52:07,764.4414,2026-08-25,P,781.0,16.47,16.99,100.0,100.0,16.22,0.4908,-0.9934,0.0028,-0.0138,0.0039,0.0,7.0,0.0
2026-08-25 11:08:11,2026-08-25T10:52:07,764.4414,2026-08-25,C,782.0,0.0,0.01,0.0,2071.0,0.01,0.3229,0.0058,0.0024,-0.0122,0.0034,0.0,73.0,1044.0
2026-08-25 11:08:11,2026-08-25T10:52:07,764.4414,2026-08-25,P,782.0,17.43,17.8,50.0,263.0,17.17,0.4228,-0.9942,0.0024,-0.0122,0.0034,0.0,2.0,1.0
2026-08-25 11:08:11,2026-08-25T10:52:07,764.4414,2026-08-25,C,783.0,0.0,0.01,0.0,2884.0,0.01,0.3393,0.0049,0.002,-0.0106,0.003,0.0,12.0,968.0
2026-08-25 11:08:11,2026-08-25T10:52:07,764.4414,2026-08-25,P,783.0,18.51,18.74,45.0,183.0,18.66,0.455,-0.9951,0.002,-0.0106,0.003,0.0,2.0,0.0
2026-08-25 11:08:11,2026-08-25T10:52:07,764.4414,2026-08-25,C,784.0,0.0,0.01,0.0,3205.0,0.01,0.3556,0.0042,0.0017,-0.0091,0.0026,0.0,14.0,1194.0
2026-08-25 11:08:11,2026-08-25T10:52:07,764.4414,2026-08-25,P,784.0,19.51,19.72,45.0,1.0,19.61,0.4755,-0.9958,0.0017,-0.0091,0.0026,0.0,4.0,0.0
2026-08-25 11:08:11,2026-08-25T10:52:07,764.4414,2026-08-25,C,785.0,0.0,0.01,0.0,2270.0,0.01,0.3718,0.0034,0.0014,-0.0075,0.0022,0.0,41.0,3167.0
2026-08-25 11:08:11,2026-08-25T10:52:07,764.4414,2026-08-25,P,785.0,20.51,20.72,45.0,265.0,20.82,0.4832,-0.9966,0.0014,-0.0075,0.0022,0.0,6.0,0.0
2026-08-25 11:08:11,2026-08-25T10:52:07,764.4414,2026-08-25,C,786.0,0.0,0.01,0.0,2753.0,0.01,0.3879,0.0027,0.0011,-0.0059,0.0017,0.0,8.0,1174.0
2026-08-25 11:08:11,2026-08-25T10:52:07,764.4414,2026-08-25,P,786.0,21.51,21.72,100.0,1.0,21.77,0.5161,-0.9973,0.0011,-0.0059,0.0017,0.0,7.0,0.0
2026-08-25 11:08:11,2026-08-25T10:52:07,764.4414,2026-08-25,C,787.0,0.0,0.01,0.0,2752.0,0.01,0.4039,0.0021,0.0008,-0.0044,0.0014,0.0,374.0,876.0
2026-08-25 11:08:11,2026-08-25T10:52:07,764.4414,2026-08-25,P,787.0,22.51,22.72,45.0,266.0,20.84,0.5228,-0.9979,0.0008,-0.0044,0.0014,0.0,1.0,0.0
2026-08-25 11:08:11,2026-08-25T10:52:07,764.4414,2026-08-25,C,788.0,0.0,0.01,0.0,2754.0,0.01,0.4199,0.0014,0.0006,-0.003,0.001,0.0,17.0,1884.0
2026-08-25 11:08:11,2026-08-25T10:52:07,764.4414,2026-08-25,P,788.0,23.51,23.78,44.0,275.0,22.3,0.5952,-0.9986,0.0006,-0.003,0.001,0.0,1.0,0.0
2026-08-25 11:08:11,2026-08-25T10:52:07,764.4414,2026-08-25,C,789.0,0.0,0.01,0.0,2754.0,0.01,0.4358,0.0009,0.0004,-0.0018,0.0006,0.0,3.0,1582.0
2026-08-25 11:08:11,2026-08-25T10:52:07,764.4414,2026-08-25,P,789.0,24.51,24.72,45.0,255.0,23.61,0.5619,-0.9991,0.0004,-0.0018,0.0006,0.0,3.0,0.0
2026-08-25 11:08:11,2026-08-25T10:52:07,764.4414,2026-08-25,C,790.0,0.0,0.01,0.0,2754.0,0.02,0.4516,0.0005,0.0002,-0.0009,0.0004,0.0,2.0,2383.0
2026-08-25 11:08:11,2026-08-25T10:52:07,764.4414,2026-08-25,P,790.0,25.51,25.72,45.0,261.0,24.6,0.5813,-0.9995,0.0002,-0.0009,0.0004,0.0,4.0,0.0
2026-08-25 11:08:11,2026-08-25T10:52:07,764.4414,2026-08-25,C,791.0,0.0,0.01,0.0,2754.0,0.02,0.4673,0.0003,0.0001,-0.0004,0.0002,0.0,0.0,413.0
2026-08-25 11:08:11,2026-08-25T10:52:07,764.4414,2026-08-25,P,791.0,26.51,26.75,45.0,46.0,26.03,0.6224,-0.9997,0.0001,-0.0004,0.0002,0.0,6.0,0.0
2026-08-25 11:08:11,2026-08-25T10:52:07,764.4414,2026-08-25,C,792.0,0.0,0.01,0.0,2254.0,0.01,0.483,0.0001,0.0001,-0.0002,0.0001,0.0,0.0,388.0
2026-08-25 11:08:11,2026-08-25T10:52:07,764.4414,2026-08-25,P,792.0,27.51,27.72,45.0,1.0,27.03,0.635,-0.9999,0.0001,-0.0002,0.0001,0.0,2.0,0.0
2026-08-25 11:08:11,2026-08-25T10:52:07,764.4414,2026-08-25,C,793.0,0.0,0.01,0.0,2254.0,0.01,0.4986,0.0001,0.0,-0.0001,0.0001,0.0,0.0,719.0
2026-08-25 11:08:11,2026-08-25T10:52:07,764.4414,2026-08-25,P,793.0,28.06,29.51,258.0,44.0,29.57,0.801,-0.9999,0.0,-0.0001,0.0001,0.0,0.0,0.0
2026-08-25 11:08:11,2026-08-25T10:52:07,764.4414,2026-08-25,C,794.0,0.0,0.01,0.0,2254.0,0.01,0.5142,0.0001,0.0,-0.0001,0.0001,0.0,2.0,366.0
2026-08-25 11:08:11,2026-08-25T10:52:07,764.4414,2026-08-25,P,794.0,29.08,30.52,258.0,260.0,31.55,0.8332,-0.9999,0.0,-0.0001,0.0001,0.0,0.0,0.0
2026-08-25 11:08:11,2026-08-25T10:52:07,764.4414,2026-08-25,C,795.0,0.0,0.01,0.0,2254.0,0.01,0.5296,0.0001,0.0,-0.0001,0.0,0.0,0.0,321.0
2026-08-25 11:08:11,2026-08-25T10:52:07,764.4414,2026-08-25,P,795.0,30.04,31.52,258.0,260.0,32.57,0.8423,-0.9999,0.0,-0.0001,0.0,0.0,0.0,0.0
2026-08-25 11:08:11,2026-08-25T10:52:07,764.4414,2026-08-25,C,796.0,0.0,0.01,0.0,2254.0,0.01,0.5451,0.0001,0.0,-0.0001,0.0,0.0,0.0,327.0
2026-08-25 11:08:11,2026-08-25T10:52:07,764.4414,2026-08-25,P,796.0,30.78,32.68,25.0,150.0,33.53,0.8267,-0.9999,0.0,-0.0001,0.0,0.0,0.0,0.0
2026-08-25 11:08:11,2026-08-25T10:52:07,764.4414,2026-08-25,C,797.0,0.0,0.01,0.0,2254.0,0.04,0.5604,0.0,0.0,-0.0001,0.0,0.0,0.0,49.0
2026-08-25 11:08:11,2026-08-25T10:52:07,764.4414,2026-08-25,P,797.0,31.8,33.52,25.0,25.0,34.56,0.7792,-1.0,0.0,-0.0001,0.0,0.0,0.0,0.0
2026-08-25 11:08:11,2026-08-25T10:52:07,764.4414,2026-08-25,C,798.0,0.0,0.01,0.0,2254.0,0.01,0.5758,0.0,0.0,-0.0001,0.0,0.0,2.0,43.0
2026-08-25 11:08:11,2026-08-25T10:52:07,764.4414,2026-08-25,P,798.0,32.79,34.51,25.0,25.0,0.0,0.7867,-1.0,0.0,-0.0001,0.0,0.0,0.0,0.0
2026-08-25 11:08:11,2026-08-25T10:52:07,764.4414,2026-08-25,C,799.0,0.0,0.01,0.0,2253.0,0.01,0.591,0.0,0.0,-0.0001,0.0,0.0,0.0,117.0
2026-08-25 11:08:11,2026-08-25T10:52:07,764.4414,2026-08-25,P,799.0,34.04,35.52,25.0,25.0,30.0,0.9302,-1.0,0.0,-0.0001,0.0,0.0,0.0,0.0
2026-08-25 11:08:11,2026-08-25T10:52:07,764.4414,2026-08-25,C,800.0,0.0,0.01,0.0,2254.0,0.01,0.6063,0.0,0.0,-0.0001,0.0,0.0,0.0,577.0
2026-08-25 11:08:11,2026-08-25T10:52:07,764.4414,2026-08-25,P,800.0,35.22,36.33,25.0,25.0,35.67,0.9481,-1.0,0.0,-0.0001,0.0,0.0,1.0,1.0
2026-08-25 11:08:11,2026-08-25T10:52:07,764.4414,2026-08-25,C,801.0,0.0,0.01,0.0,2254.0,0.01,0.6214,0.0,0.0,-0.0001,0.0,0.0,0.0,59.0
2026-08-25 11:08:11,2026-08-25T10:52:07,764.4414,2026-08-25,P,801.0,36.05,37.68,25.0,25.0,0.0,1.0318,-1.0,0.0,-0.0001,0.0,0.0,0.0,0.0
2026-08-25 11:08:11,2026-08-25T10:52:07,764.4414,2026-08-25,C,802.0,0.0,0.01,0.0,2254.0,0.01,0.6365,0.0,0.0,-0.0001,0.0,0.0,2.0,94.0
2026-08-25 11:08:11,2026-08-25T10:52:07,764.4414,2026-08-25,P,802.0,36.16,38.68,25.0,25.0,0.0,0.0,-1.0,0.0,-0.0001,0.0,0.0,0.0,0.0
2026-08-25 11:13:12,2026-08-25T10:57:07,764.57,2026-08-25,C,727.0,37.44,37.63,25.0,25.0,37.56,0.0,1.0,0.0,0.0,0.0,0.0,34.0,1.0
2026-08-25 11:13:12,2026-08-25T10:57:07,764.57,2026-08-25,P,727.0,0.0,0.01,0.0,2229.0,0.01,0.6735,0.0,0.0,0.0,0.0,0.0,0.0,181.0
2026-08-25 11:13:12,2026-08-25T10:57:07,764.57,2026-08-25,C,728.0,36.44,36.65,25.0,25.0,37.5,0.0,1.0,0.0,0.0,0.0,0.0,2.0,1.0
2026-08-25 11:13:12,2026-08-25T10:57:07,764.57,2026-08-25,P,728.0,0.0,0.01,0.0,2229.0,0.01,0.6566,0.0,0.0,0.0,0.0,0.0,0.0,602.0
2026-08-25 11:13:12,2026-08-25T10:57:07,764.57,2026-08-25,C,729.0,34.04,35.84,143.0,142.0,35.61,0.0,1.0,0.0,0.0,0.0,0.0,0.0,1.0
2026-08-25 11:13:12,2026-08-25T10:57:07,764.57,2026-08-25,P,729.0,0.0,0.01,0.0,2229.0,0.01,0.6398,0.0,0.0,0.0,0.0,0.0,0.0,415.0
2026-08-25 11:13:12,2026-08-25T10:57:07,764.57,2026-08-25,C,730.0,33.05,34.98,25.0,169.0,35.67,0.0,1.0,0.0,0.0,0.0,0.0,1.0,1.0
2026-08-25 11:13:12,2026-08-25T10:57:07,764.57,2026-08-25,P,730.0,0.0,0.01,0.0,2229.0,0.01,0.6229,0.0,0.0,0.0,0.0,0.0,0.0,2872.0
2026-08-25 11:13:12,2026-08-25T10:57:07,764.57,2026-08-25,C,731.0,32.04,34.03,143.0,25.0,34.72,0.0,1.0,0.0,0.0,0.0,0.0,1.0,4.0
2026-08-25 11:13:12,2026-08-25T10:57:07,764.57,2026-08-25,P,731.0,0.0,0.01,0.0,2729.0,0.01,0.606,0.0,0.0,0.0,0.0,0.0,15.0,389.0
2026-08-25 11:13:12,2026-08-25T10:57:07,764.57,2026-08-25,C,732.0,31.04,34.27,165.0,25.0,41.55,0.8191,1.0,0.0,0.0,0.0,0.0,0.0,13.0
2026-08-25 11:13:12,2026-08-25T10:57:07,764.57,2026-08-25,P,732.0,0.0,0.01,0.0,2729.0,0.01,0.5891,0.0,0.0,0.0,0.0,0.0,0.0,516.0
2026-08-25 11:13:12,2026-08-25T10:57:07,764.57,2026-08-25,C,733.0,30.04,33.27,165.0,25.0,32.62,0.797,1.0,0.0,-0.0001,0.0,0.0,1.0,1.0
2026-08-25 11:13:12,2026-08-25T10:57:07,764.57,2026-08-25,P,733.0,0.0,0.01,0.0,2728.0,0.01,0.5722,0.0,0.0,-0.0001,0.0,0.0,0.0,568.0
2026-08-25 11:13:12,2026-08-25T10:57:07,764.57,2026-08-25,C,734.0,29.04,32.27,165.0,25.0,31.16,0.7748,1.0,0.0,-0.0001,0.0,0.0,2.0,1.0
2026-08-25 11:13:12,2026-08-25T10:57:07,764.57,2026-08-25,P,734.0,0.0,0.01,0.0,2729.0,0.01,0.5552,0.0,0.0,-0.0001,0.0,0.0,1.0,79.0
2026-08-25 11:13:12,2026-08-25T10:57:07,764.57,2026-08-25,C,735.0,28.04,31.27,165.0,25.0,29.24,0.7526,0.9999,0.0,-0.0001,0.0,0.0,0.0,5.0
2026-08-25 11:13:12,2026-08-25T10:57:07,764.57,2026-08-25,P,735.0,0.0,0.01,0.0,2728.0,0.01,0.5383,-0.0001,0.0,-0.0001,0.0,0.0,2.0,525.0
2026-08-25 11:13:12,2026-08-25T10:57:07,764.57,2026-08-25,C,736.0,27.04,30.27,165.0,25.0,29.63,0.7304,0.9999,0.0,-0.0001,0.0001,0.0,2.0,7.0
2026-08-25 11:13:12,2026-08-25T10:57:07,764.57,2026-08-25,P,736.0,0.0,0.01,0.0,2728.0,0.02,0.5213,-0.0001,0.0,-0.0001,0.0001,0.0,0.0,3303.0
2026-08-25 11:13:12,2026-08-25T10:57:07,764.57,2026-08-25,C,737.0,26.04,29.27,168.0,25.0,29.24,0.7081,0.9999,0.0,-0.0001,0.0001,0.0,4.0,10.0
2026-08-25 11:13:12,2026-08-25T10:57:07,764.57,2026-08-25,P,737.0,0.0,0.01,0.0,2728.0,0.01,0.5043,-0.0001,0.0,-0.0001,0.0001,0.0,15.0,502.0
2026-08-25 11:13:12,2026-08-25T10:57:07,764.57,2026-08-25,C,738.0,25.04,28.27,165.0,25.0,25.46,0.6858,0.9999,0.0001,-0.0002,0.0001,0.0,0.0,4.0
2026-08-25 11:13:12,2026-08-25T10:57:07,764.57,2026-08-25,P,738.0,0.0,0.01,0.0,2608.0,0.01,0.4873,-0.0001,0.0001,-0.0002,0.0001,0.0,18.0,451.0
2026-08-25 11:13:12,2026-08-25T10:57:07,764.57,2026-08-25,C,739.0,24.04,27.28,213.0,52.0,26.26,0.6686,0.9998,0.0001,-0.0002,0.0001,0.0,2.0,6.0
2026-08-25 11:13:12,2026-08-25T10:57:07,764.57,2026-08-25,P,739.0,0.0,0.01,0.0,2630.0,0.01,0.4703,-0.0001,0.0001,-0.0002,0.0001,0.0,26.0,336.0
2026-08-25 11:13:12,2026-08-25T10:57:07,764.57,2026-08-25,C,740.0,24.45,24.63,25.0,25.0,24.74,0.0,0.9998,0.0001,-0.0003,0.0002,0.0,8.0,9.0
2026-08-25 11:13:12,2026-08-25T10:57:07,764.57,2026-08-25,P,740.0,0.0,0.01,0.0,2608.0,0.01,0.4532,-0.0002,0.0001,-0.0003,0.0002,0.0,310.0,685.0
2026-08-25 11:13:12,2026-08-25T10:57:07,764.57,2026-08-25,C,741.0,23.45,23.63,25.0,25.0,24.53,0.0,0.9997,0.0001,-0.0004,0.0002,0.0,4.0,2.0
2026-08-25 11:13:12,2026-08-25T10:57:07,764.57,2026-08-25,P,741.0,0.0,0.01,0.0,2608.0,0.01,0.4361,-0.0003,0.0001,-0.0004,0.0002,0.0,364.0,561.0
2026-08-25 11:13:12,2026-08-25T10:57:07,764.57,2026-08-25,C,742.0,21.04,22.85,122.0,100.0,21.39,0.0,0.9997,0.0002,-0.0005,0.0003,0.0,0.0,3.0
2026-08-25 11:13:12,2026-08-25T10:57:07,764.57,2026-08-25,P,742.0,0.0,0.01,0.0,2768.0,0.01,0.419,-0.0003,0.0002,-0.0005,0.0003,0.0,36.0,450.0
2026-08-25 11:13:12,2026-08-25T10:57:07,764.57,2026-08-25,C,743.0,20.04,22.0,68.0,100.0,23.11,0.0,0.9996,0.0002,-0.0007,0.0003,0.0,1.0,15.0
2026-08-25 11:13:12,2026-08-25T10:57:07,764.57,2026-08-25,P,743.0,0.0,0.01,0.0,2698.0,0.01,0.4018,-0.0004,0.0002,-0.0007,0.0003,0.0,29.0,568.0
2026-08-25 11:13:12,2026-08-25T10:57:07,764.57,2026-08-25,C,744.0,19.04,21.05,68.0,100.0,22.17,0.0,0.9994,0.0003,-0.0009,0.0004,0.0,2.0,19.0
2026-08-25 11:13:12,2026-08-25T10:57:07,764.57,2026-08-25,P,744.0,0.0,0.01,0.0,2698.0,0.01,0.3846,-0.0006,0.0003,-0.0009,0.0004,0.0,1537.0,903.0
2026-08-25 11:13:12,2026-08-25T10:57:07,764.57,2026-08-25,C,745.0,18.04,20.79,99.0,100.0,21.23,0.0,0.9993,0.0004,-0.0011,0.0005,0.0,1.0,23.0
2026-08-25 11:13:12,2026-08-25T10:57:07,764.57,2026-08-25,P,745.0,0.0,0.01,0.0,3025.0,0.01,0.3674,-0.0007,0.0004,-0.0011,0.0005,0.0,413.0,1025.0
2026-08-25 11:13:12,2026-08-25T10:57:07,764.57,2026-08-25,C,746.0,17.05,19.79,100.0,100.0,18.49,0.0,0.999,0.0005,-0.0015,0.0007,0.0,6.0,11.0
2026-08-25 11:13:12,2026-08-25T10:57:07,764.57,2026-08-25,P,746.0,0.0,0.01,0.0,2985.0,0.01,0.3501,-0.001,0.0005,-0.0015,0.0007,0.0,9812.0,1605.0
2026-08-25 11:13:12,2026-08-25T10:57:07,764.57,2026-08-25,C,747.0,17.46,18.79,100.0,100.0,17.5,0.6951,0.9987,0.0007,-0.002,0.0009,0.0,2.0,74.0
2026-08-25 11:13:12,2026-08-25T10:57:07,764.57,2026-08-25,P,747.0,0.0,0.01,0.0,2818.0,0.01,0.3328,-0.0013,0.0007,-0.002,0.0009,0.0,2812.0,2506.0
2026-08-25 11:13:12,2026-08-25T10:57:07,764.57,2026-08-25,C,748.0,16.46,17.79,100.0,100.0,16.81,0.6652,0.9983,0.0009,-0.0026,0.0012,0.0,17.0,55.0
2026-08-25 11:13:12,2026-08-25T10:57:07,764.57,2026-08-25,P,748.0,0.01,0.02,2061.0,3278.0,0.01,0.3543,-0.0017,0.0009,-0.0026,0.0012,0.0,9321.0,7283.0
2026-08-25 11:13:12,2026-08-25T10:57:07,764.57,2026-08-25,C,749.0,14.05,16.79,100.0,100.0,16.73,0.0,0.9978,0.0012,-0.0034,0.0015,0.0,0.0,59.0
2026-08-25 11:13:12,2026-08-25T10:57:07,764.57,2026-08-25,P,749.0,0.01,0.02,2668.0,3208.0,0.01,0.3351,-0.0022,0.0012,-0.0034,0.0015,0.0,1248.0,1627.0
2026-08-25 11:13:12,2026-08-25T10:57:07,764.57,2026-08-25,C,750.0,14.46,14.62,100.0,100.0,14.24,0.0,0.9971,0.0017,-0.0046,0.0019,0.0,17.0,125.0
2026-08-25 11:13:12,2026-08-25T10:57:07,764.57,2026-08-25,P,750.0,0.01,0.02,2761.0,3150.0,0.01,0.3158,-0.0029,0.0017,-0.0046,0.0019,0.0,994.0,3718.0
2026-08-25 11:13:12,2026-08-25T10:57:07,764.57,2026-08-25,C,751.0,13.46,13.65,70.0,67.0,14.42,0.0,0.9961,0.0023,-0.0061,0.0025,0.0,4.0,38.0
2026-08-25 11:13:12,2026-08-25T10:57:07,764.57,2026-08-25,P,751.0,0.01,0.02,2843.0,3080.0,0.02,0.2964,-0.0039,0.0023,-0.0061,0.0025,0.0,735.0,3805.0
2026-08-25 11:13:12,2026-08-25T10:57:07,764.57,2026-08-25,C,752.0,12.45,12.63,81.0,63.0,12.29,0.0,0.9947,0.0031,-0.0081,0.0033,0.0,15.0,32.0
2026-08-25 11:13:12,2026-08-25T10:57:07,764.57,2026-08-25,P,752.0,0.01,0.02,2901.0,3005.0,0.01,0.2769,-0.0053,0.0031,-0.0081,0.0033,0.0,1167.0,2503.0
2026-08-25 11:13:12,2026-08-25T10:57:07,764.57,2026-08-25,C,753.0,11.46,11.63,68.0,65.0,11.18,0.0,0.9928,0.0042,-0.0109,0.0042,0.0,7.0,281.0
2026-08-25 11:13:12,2026-08-25T10:57:07,764.57,2026-08-25,P,753.0,0.01,0.02,2922.0,2987.0,0.02,0.2573,-0.0072,0.0042,-0.0109,0.0042,0.0,3599.0,4515.0
2026-08-25 11:13:12,2026-08-25T10:57:07,764.57,2026-08-25,C,754.0,9.55,11.5,100.0,70.0,10.65,0.0,0.9903,0.0057,-0.0146,0.0055,0.0,20.0,39.0
2026-08-25 11:13:12,2026-08-25T10:57:07,764.57,2026-08-25,P,754.0,0.01,0.02,3769.0,3643.0,0.02,0.2376,-0.0097,0.0057,-0.0146,0.0055,0.0,7474.0,6602.0
2026-08-25 11:13:12,2026-08-25T10:57:07,764.57,2026-08-25,C,755.0,8.66,9.78,92.0,90.0,9.78,0.0,0.9867,0.0078,-0.0198,0.0072,0.0,27.0,118.0
2026-08-25 11:13:12,2026-08-25T10:57:07,764.57,2026-08-25,P,755.0,0.02,0.03,1665.0,4017.0,0.03,0.2331,-0.0133,0.0078,-0.0198,0.0072,0.0,3890.0,7774.0
2026-08-25 11:13:12,2026-08-25T10:57:07,764.57,2026-08-25,C,756.0,8.47,8.64,57.0,66.0,8.18,0.0,0.9818,0.0108,-0.0268,0.0094,0.0,299.0,129.0
2026-08-25 11:13:12,2026-08-25T10:57:07,764.57,2026-08-25,P,756.0,0.02,0.03,3410.0,3556.0,0.02,0.2119,-0.0182,0.0108,-0.0268,0.0094,0.0,3625.0,5870.0
2026-08-25 11:13:12,2026-08-25T10:57:07,764.57,2026-08-25,C,757.0,7.48,7.67,62.0,52.0,7.65,0.1772,0.9749,0.0151,-0.0365,0.0123,0.0,199.0,251.0
2026-08-25 11:13:12,2026-08-25T10:57:07,764.57,2026-08-25,P,757.0,0.02,0.03,3525.0,3123.0,0.02,0.1905,-0.0251,0.0151,-0.0365,0.0123,0.0,10577.0,4522.0
2026-08-25 11:13:12,2026-08-25T10:57:07,764.57,2026-08-25,C,758.0,6.49,6.66,48.0,66.0,6.58,0.1567,0.9652,0.0212,-0.0498,0.0161,0.0,200.0,242.0
2026-08-25 11:13:12,2026-08-25T10:57:07,764.57,2026-08-25,P,758.0,0.03,0.04,3512.0,2794.0,0.04,0.178,-0.0348,0.0212,-0.0498,0.0161,0.0,10327.0,4927.0
2026-08-25 11:13:12,2026-08-25T10:57:07,764.57,2026-08-25,C,759.0,5.5,5.67,72.0,65.0,5.73,0.1466,0.9512,0.03,-0.0683,0.021,0.0,407.0,747.0
2026-08-25 11:13:12,2026-08-25T10:57:07,764.57,2026-08-25,P,759.0,0.05,0.06,2745.0,2605.0,0.06,0.1681,-0.0488,0.03,-0.0683,0.021,0.0,40906.0,8086.0
2026-08-25 11:13:12,2026-08-25T10:57:07,764.57,2026-08-25,C,760.0,4.53,4.72,84.0,72.0,4.72,0.1482,0.9305,0.0431,-0.0948,0.0274,0.0,1441.0,792.0
2026-08-25 11:13:12,2026-08-25T10:57:07,764.57,2026-08-25,P,760.0,0.07,0.08,1783.0,1228.0,0.08,0.1527,-0.0695,0.0431,-0.0948,0.0274,0.0,72635.0,12864.0
2026-08-25 11:13:12,2026-08-25T10:57:07,764.57,2026-08-25,C,761.0,3.66,3.69,36.0,47.0,3.59,0.1398,0.8983,0.0632,-0.1358,0.0361,0.0,2043.0,551.0
2026-08-25 11:13:12,2026-08-25T10:57:07,764.57,2026-08-25,P,761.0,0.12,0.13,1031.0,2202.0,0.12,0.1428,-0.1017,0.0632,-0.1358,0.0361,0.0,74039.0,6950.0
2026-08-25 11:13:12,2026-08-25T10:57:07,764.57,2026-08-25,C,762.0,2.74,2.77,172.0,92.0,2.77,0.1293,0.8438,0.0942,-0.208,0.0478,0.0,6229.0,2460.0
2026-08-25 11:13:12,2026-08-25T10:57:07,764.57,2026-08-25,P,762.0,0.2,0.21,428.0,1142.0,0.21,0.1315,-0.1562,0.0942,-0.208,0.0478,0.0,64386.0,10257.0
2026-08-25 11:13:12,2026-08-25T10:57:07,764.57,2026-08-25,C,763.0,1.9,1.93,192.0,137.0,1.94,0.1211,0.7492,0.1367,-0.3496,0.0624,0.0,12835.0,4816.0
2026-08-25 11:13:12,2026-08-25T10:57:07,764.57,2026-08-25,P,763.0,0.35,0.36,374.0,708.0,0.35,0.122,-0.2508,0.1367,-0.3496,0.0624,0.0,130656.0,7137.0
2026-08-25 11:13:12,2026-08-25T10:57:07,764.57,2026-08-25,C,764.0,1.18,1.19,97.0,93.0,1.18,0.1142,0.6015,0.1763,-0.6221,0.0745,0.0,56143.0,9545.0
2026-08-25 11:13:12,2026-08-25T10:57:07,764.57,2026-08-25,P,764.0,0.62,0.63,368.0,210.0,0.63,0.1142,-0.3985,0.1763,-0.6221,0.0745,0.0,218035.0,9840.0
2026-08-25 11:13:12,2026-08-25T10:57:07,764.57,2026-08-25,C,765.0,0.64,0.65,364.0,587.0,0.64,0.1102,0.4185,0.1839,-0.6463,0.0753,0.0,182219.0,8765.0
2026-08-25 11:13:12,2026-08-25T10:57:07,764.57,2026-08-25,P,765.0,1.08,1.09,48.0,302.0,1.09,0.1102,-0.5815,0.1839,-0.6463,0.0753,0.0,233620.0,4800.0
2026-08-25 11:13:12,2026-08-25T10:57:07,764.57,2026-08-25,C,766.0,0.31,0.32,503.0,751.0,0.31,0.1103,0.2506,0.149,-0.3193,0.0624,0.0,237996.0,5889.0
2026-08-25 11:13:12,2026-08-25T10:57:07,764.57,2026-08-25,P,766.0,1.74,1.76,23.0,198.0,1.75,0.1103,-0.7494,0.149,-0.3193,0.0624,0.0,152225.0,2066.0
2026-08-25 11:13:12,2026-08-25T10:57:07,764.57,2026-08-25,C,767.0,0.14,0.15,2018.0,453.0,0.14,0.1134,0.1375,0.0986,-0.1552,0.0444,0.0,214760.0,6629.0
2026-08-25 11:13:12,2026-08-25T10:57:07,764.57,2026-08-25,P,767.0,2.58,2.6,23.0,77.0,2.59,0.1158,-0.8625,0.0986,-0.1552,0.0444,0.0,46416.0,2126.0
2026-08-25 11:13:12,2026-08-25T10:57:07,764.57,2026-08-25,C,768.0,0.08,0.09,602.0,2121.0,0.08,0.1257,0.0756,0.0596,-0.0807,0.0296,0.0,132846.0,6087.0
2026-08-25 11:13:12,2026-08-25T10:57:07,764.57,2026-08-25,P,768.0,3.48,3.64,63.0,55.0,3.59,0.1387,-0.9244,0.0596,-0.0807,0.0296,0.0,12151.0,1140.0
2026-08-25 11:13:12,2026-08-25T10:57:07,764.57,2026-08-25,C,769.0,0.05,0.06,1559.0,3506.0,0.05,0.1394,0.0451,0.0364,-0.048,0.0202,0.0,65579.0,3680.0
2026-08-25 11:13:12,2026-08-25T10:57:07,764.57,2026-08-25,P,769.0,4.43,4.59,69.0,72.0,4.57,0.1487,-0.9549,0.0364,-0.048,0.0202,0.0,4166.0,1580.0
2026-08-25 11:13:12,2026-08-25T10:57:07,764.57,2026-08-25,C,770.0,0.03,0.04,3280.0,2962.0,0.04,0.1511,0.032,0.0246,-0.0362,0.0154,0.0,43702.0,7341.0
2026-08-25 11:13:12,2026-08-25T10:57:07,764.57,2026-08-25,P,770.0,5.43,5.58,64.0,64.0,5.53,0.1694,-0.968,0.0246,-0.0362,0.0154,0.0,1602.0,774.0
2026-08-25 11:13:12,2026-08-25T10:57:07,764.57,2026-08-25,C,771.0,0.02,0.03,2801.0,2838.0,0.03,0.1647,0.0263,0.0185,-0.0327,0.013,0.0,18670.0,4829.0
2026-08-25 11:13:12,2026-08-25T10:57:07,764.57,2026-08-25,P,771.0,6.39,6.58,144.0,147.0,6.36,0.1814,-0.9737,0.0185,-0.0327,0.013,0.0,410.0,35.0
2026-08-25 11:13:12,2026-08-25T10:57:07,764.57,2026-08-25,C,772.0,0.02,0.03,2458.0,2903.0,0.02,0.1861,0.0228,0.0146,-0.031,0.0114,0.0,9811.0,3798.0
2026-08-25 11:13:12,2026-08-25T10:57:07,764.57,2026-08-25,P,772.0,7.38,7.57,87.0,150.0,7.25,0.196,-0.9772,0.0146,-0.031,0.0114,0.0,180.0,1458.0
2026-08-25 11:13:12,2026-08-25T10:57:07,764.57,2026-08-25,C,773.0,0.01,0.02,3941.0,2096.0,0.01,0.193,0.0199,0.0118,-0.0294,0.0102,0.0,5288.0,8118.0
2026-08-25 11:13:12,2026-08-25T10:57:07,764.57,2026-08-25,P,773.0,8.38,9.01,149.0,151.0,8.65,0.3232,-0.9801,0.0118,-0.0294,0.0102,0.0,33.0,28.0
2026-08-25 11:13:12,2026-08-25T10:57:07,764.57,2026-08-25,C,774.0,0.01,0.02,3186.0,3093.0,0.01,0.2126,0.0176,0.0098,-0.0278,0.0091,0.0,3853.0,2745.0
2026-08-25 11:13:12,2026-08-25T10:57:07,764.57,2026-08-25,P,774.0,9.38,9.9,146.0,150.0,9.59,0.3315,-0.9824,0.0098,-0.0278,0.0091,0.0,39.0,1.0
2026-08-25 11:13:12,2026-08-25T10:57:07,764.57,2026-08-25,C,775.0,0.01,0.02,2958.0,3023.0,0.01,0.232,0.0156,0.0081,-0.0262,0.0082,0.0,4371.0,3513.0
2026-08-25 11:13:12,2026-08-25T10:57:07,764.57,2026-08-25,P,775.0,10.38,10.57,151.0,153.0,10.7,0.2605,-0.9844,0.0081,-0.0262,0.0082,0.0,240.0,894.0
2026-08-25 11:13:12,2026-08-25T10:57:07,764.57,2026-08-25,C,776.0,0.01,0.02,2692.0,3115.0,0.02,0.2512,0.0139,0.0069,-0.0246,0.0074,0.0,1390.0,2955.0
2026-08-25 11:13:12,2026-08-25T10:57:07,764.57,2026-08-25,P,776.0,11.19,12.48,88.0,65.0,11.4,0.4526,-0.9861,0.0069,-0.0246,0.0074,0.0,81.0,19.0
2026-08-25 11:13:12,2026-08-25T10:57:07,764.57,2026-08-25,C,777.0,0.0,0.01,0.0,2182.0,0.01,0.2392,0.0124,0.0058,-0.023,0.0067,0.0,7124.0,1546.0
2026-08-25 11:13:12,2026-08-25T10:57:07,764.57,2026-08-25,P,777.0,12.4,12.56,73.0,100.0,12.43,0.3081,-0.9876,0.0058,-0.023,0.0067,0.0,43.0,13.0
2026-08-25 11:13:12,2026-08-25T10:57:07,764.57,2026-08-25,C,778.0,0.0,0.01,0.0,2561.0,0.01,0.2562,0.011,0.005,-0.0214,0.006,0.0,6577.0,1297.0
2026-08-25 11:13:12,2026-08-25T10:57:07,764.57,2026-08-25,P,778.0,13.29,14.48,100.0,60.0,12.0,0.5252,-0.989,0.005,-0.0214,0.006,0.0,1.0,0.0
2026-08-25 11:13:12,2026-08-25T10:57:07,764.57,2026-08-25,C,779.0,0.0,0.01,0.0,2693.0,0.01,0.2732,0.0098,0.0043,-0.0198,0.0054,0.0,34.0,1129.0
2026-08-25 11:13:12,2026-08-25T10:57:07,764.57,2026-08-25,P,779.0,14.19,15.97,100.0,100.0,15.5,0.6105,-0.9902,0.0043,-0.0198,0.0054,0.0,0.0,28.0
2026-08-25 11:13:12,2026-08-25T10:57:07,764.57,2026-08-25,C,780.0,0.0,0.01,0.0,2971.0,0.01,0.29,0.0088,0.0037,-0.0183,0.0049,0.0,168.0,3628.0
2026-08-25 11:13:12,2026-08-25T10:57:07,764.57,2026-08-25,P,780.0,15.38,15.56,100.0,100.0,15.15,0.3556,-0.9912,0.0037,-0.0183,0.0049,0.0,2.0,0.0
2026-08-25 11:13:12,2026-08-25T10:57:07,764.57,2026-08-25,C,781.0,0.0,0.01,0.0,2693.0,0.01,0.3067,0.0078,0.0032,-0.0167,0.0044,0.0,27.0,779.0
2026-08-25 11:13:12,2026-08-25T10:57:07,764.57,2026-08-25,P,781.0,16.37,17.66,100.0,100.0,16.37,0.6505,-0.9922,0.0032,-0.0167,0.0044,0.0,11.0,0.0
2026-08-25 11:13:12,2026-08-25T10:57:07,764.57,2026-08-25,C,782.0,0.0,0.01,0.0,2693.0,0.01,0.3232,0.0069,0.0027,-0.0151,0.0039,0.0,73.0,1044.0
2026-08-25 11:13:12,2026-08-25T10:57:07,764.57,2026-08-25,P,782.0,17.39,17.57,25.0,100.0,17.17,0.4234,-0.9931,0.0027,-0.0151,0.0039,0.0,2.0,1.0
2026-08-25 11:13:12,2026-08-25T10:57:07,764.57,2026-08-25,C,783.0,0.0,0.01,0.0,3241.0,0.01,0.3398,0.006,0.0024,-0.0136,0.0035,0.0,12.0,968.0
2026-08-25 11:13:12,2026-08-25T10:57:07,764.57,2026-08-25,P,783.0,18.38,18.56,25.0,100.0,18.46,0.4142,-0.994,0.0024,-0.0136,0.0035,0.0,5.0,0.0
2026-08-25 11:13:12,2026-08-25T10:57:07,764.57,2026-08-25,C,784.0,0.0,0.01,0.0,3580.0,0.01,0.3562,0.0052,0.002,-0.012,0.0031,0.0,14.0,1194.0
2026-08-25 11:13:12,2026-08-25T10:57:07,764.57,2026-08-25,P,784.0,19.38,19.56,25.0,100.0,19.41,0.4334,-0.9948,0.002,-0.012,0.0031,0.0,7.0,0.0
2026-08-25 11:13:12,2026-08-25T10:57:07,764.57,2026-08-25,C,785.0,0.0,0.01,0.0,2693.0,0.01,0.3725,0.0045,0.0017,-0.0105,0.0027,0.0,41.0,3167.0
2026-08-25 11:13:12,2026-08-25T10:57:07,764.57,2026-08-25,P,785.0,20.39,20.57,25.0,100.0,20.49,0.4697,-0.9955,0.0017,-0.0105,0.0027,0.0,8.0,0.0
2026-08-25 11:13:12,2026-08-25T10:57:07,764.57,2026-08-25,C,786.0,0.0,0.01,0.0,2754.0,0.01,0.3887,0.0038,0.0014,-0.0089,0.0023,0.0,8.0,1174.0
2026-08-25 11:13:12,2026-08-25T10:57:07,764.57,2026-08-25,P,786.0,21.38,21.56,100.0,100.0,21.44,0.4715,-0.9962,0.0014,-0.0089,0.0023,0.0,11.0,0.0
2026-08-25 11:13:12,2026-08-25T10:57:07,764.57,2026-08-25,C,787.0,0.0,0.01,0.0,2753.0,0.01,0.4049,0.0032,0.0012,-0.0074,0.002,0.0,374.0,876.0
2026-08-25 11:13:12,2026-08-25T10:57:07,764.57,2026-08-25,P,787.0,22.39,22.56,25.0,100.0,22.32,0.5,-0.9968,0.0012,-0.0074,0.002,0.0,6.0,0.0
2026-08-25 11:13:12,2026-08-25T10:57:07,764.57,2026-08-25,C,788.0,0.0,0.01,0.0,2754.0,0.01,0.421,0.0025,0.001,-0.0058,0.0016,0.0,17.0,1884.0
2026-08-25 11:13:12,2026-08-25T10:57:07,764.57,2026-08-25,P,788.0,23.38,23.56,25.0,25.0,23.27,0.5092,-0.9975,0.001,-0.0058,0.0016,0.0,6.0,0.0
2026-08-25 11:13:12,2026-08-25T10:57:07,764.57,2026-08-25,C,789.0,0.0,0.01,0.0,2754.0,0.01,0.437,0.0019,0.0007,-0.0043,0.0012,0.0,3.0,1582.0
2026-08-25 11:13:12,2026-08-25T10:57:07,764.57,2026-08-25,P,789.0,24.38,24.57,25.0,25.0,24.31,0.538,-0.9981,0.0007,-0.0043,0.0012,0.0,4.0,0.0
2026-08-25 11:13:12,2026-08-25T10:57:07,764.57,2026-08-25,C,790.0,0.0,0.01,0.0,2754.0,0.02,0.4529,0.0013,0.0005,-0.0029,0.0009,0.0,2.0,2383.0
2026-08-25 11:13:12,2026-08-25T10:57:07,764.57,2026-08-25,P,790.0,25.39,25.57,25.0,25.0,25.26,0.5664,-0.9987,0.0005,-0.0029,0.0009,0.0,5.0,0.0
2026-08-25 11:13:12,2026-08-25T10:57:07,764.57,2026-08-25,C,791.0,0.0,0.01,0.0,2254.0,0.02,0.4688,0.0008,0.0004,-0.0018,0.0006,0.0,0.0,413.0
2026-08-25 11:13:12,2026-08-25T10:57:07,764.57,2026-08-25,P,791.0,26.39,26.56,25.0,25.0,26.03,0.5756,-0.9992,0.0004,-0.0018,0.0006,0.0,6.0,0.0
2026-08-25 11:13:12,2026-08-25T10:57:07,764.57,2026-08-25,C,792.0,0.0,0.01,0.0,2254.0,0.01,0.4846,0.0005,0.0002,-0.0009,0.0003,0.0,0.0,388.0
2026-08-25 11:13:12,2026-08-25T10:57:07,764.57,2026-08-25,P,792.0,27.39,27.56,25.0,25.0,27.32,0.6043,-0.9995,0.0002,-0.0009,0.0003,0.0,3.0,0.0
2026-08-25 11:13:12,2026-08-25T10:57:07,764.57,2026-08-25,C,793.0,0.0,0.01,0.0,2254.0,0.01,0.5003,0.0002,0.0001,-0.0004,0.0002,0.0,0.0,719.0
2026-08-25 11:13:12,2026-08-25T10:57:07,764.57,2026-08-25,P,793.0,28.28,29.96,25.0,143.0,29.57,1.015,-0.9998,0.0001,-0.0004,0.0002,0.0,0.0,0.0
2026-08-25 11:13:12,2026-08-25T10:57:07,764.57,2026-08-25,C,794.0,0.0,0.01,0.0,2254.0,0.01,0.516,0.0001,0.0001,-0.0002,0.0001,0.0,2.0,366.0
2026-08-25 11:13:12,2026-08-25T10:57:07,764.57,2026-08-25,P,794.0,29.36,30.91,25.0,25.0,31.55,1.0468,-0.9999,0.0001,-0.0002,0.0001,0.0,0.0,0.0
2026-08-25 11:13:12,2026-08-25T10:57:07,764.57,2026-08-25,C,795.0,0.0,0.01,0.0,2254.0,0.01,0.5316,0.0001,0.0,-0.0001,0.0001,0.0,0.0,321.0
2026-08-25 11:13:12,2026-08-25T10:57:07,764.57,2026-08-25,P,795.0,30.28,31.96,25.0,144.0,32.57,1.0677,-0.9999,0.0,-0.0001,0.0001,0.0,0.0,0.0
2026-08-25 11:13:12,2026-08-25T10:57:07,764.57,2026-08-25,C,796.0,0.0,0.01,0.0,2254.0,0.01,0.5472,0.0001,0.0,-0.0001,0.0,0.0,0.0,327.0
2026-08-25 11:13:12,2026-08-25T10:57:07,764.57,2026-08-25,P,796.0,30.99,32.96,25.0,100.0,33.53,1.0365,-0.9999,0.0,-0.0001,0.0,0.0,0.0,0.0
2026-08-25 11:13:12,2026-08-25T10:57:07,764.57,2026-08-25,C,797.0,0.0,0.01,0.0,2254.0,0.04,0.5627,0.0001,0.0,-0.0001,0.0,0.0,0.0,49.0
2026-08-25 11:13:12,2026-08-25T10:57:07,764.57,2026-08-25,P,797.0,31.79,33.96,25.0,25.0,34.56,1.0164,-0.9999,0.0,-0.0001,0.0,0.0,0.0,0.0
2026-08-25 11:13:12,2026-08-25T10:57:07,764.57,2026-08-25,C,798.0,0.0,0.01,0.0,2254.0,0.01,0.5781,0.0001,0.0,-0.0001,0.0,0.0,2.0,43.0
2026-08-25 11:13:12,2026-08-25T10:57:07,764.57,2026-08-25,P,798.0,32.84,34.96,25.0,25.0,0.0,1.0526,-0.9999,0.0,-0.0001,0.0,0.0,0.0,0.0
2026-08-25 11:13:12,2026-08-25T10:57:07,764.57,2026-08-25,C,799.0,0.0,0.01,0.0,2253.0,0.01,0.5935,0.0,0.0,-0.0001,0.0,0.0,0.0,117.0
2026-08-25 11:13:12,2026-08-25T10:57:07,764.57,2026-08-25,P,799.0,34.15,35.96,25.0,25.0,30.0,1.1453,-1.0,0.0,-0.0001,0.0,0.0,0.0,0.0
2026-08-25 11:13:12,2026-08-25T10:57:07,764.57,2026-08-25,C,800.0,0.0,0.01,0.0,2254.0,0.01,0.6088,0.0,0.0,-0.0001,0.0,0.0,0.0,577.0
2026-08-25 11:13:12,2026-08-25T10:57:07,764.57,2026-08-25,P,800.0,35.31,36.96,25.0,25.0,35.67,1.2026,-1.0,0.0,-0.0001,0.0,0.0,1.0,1.0
2026-08-25 11:13:12,2026-08-25T10:57:07,764.57,2026-08-25,C,801.0,0.0,0.01,0.0,2254.0,0.01,0.6241,0.0,0.0,-0.0001,0.0,0.0,0.0,59.0
2026-08-25 11:13:12,2026-08-25T10:57:07,764.57,2026-08-25,P,801.0,36.13,37.96,25.0,25.0,0.0,1.1912,-1.0,0.0,-0.0001,0.0,0.0,0.0,0.0
2026-08-25 11:13:12,2026-08-25T10:57:07,764.57,2026-08-25,C,802.0,0.0,0.01,0.0,2254.0,0.01,0.6394,0.0,0.0,-0.0001,0.0,0.0,2.0,94.0
2026-08-25 11:13:12,2026-08-25T10:57:07,764.57,2026-08-25,P,802.0,35.79,38.96,25.0,25.0,0.0,0.0,-1.0,0.0,-0.0001,0.0,0.0,0.0,0.0
2026-08-25 11:18:13,2026-08-25T11:02:08,764.64,2026-08-25,C,727.0,37.5,37.7,44.0,44.0,37.55,0.6792,1.0,0.0,0.0,0.0,0.0,53.0,1.0
2026-08-25 11:18:13,2026-08-25T11:02:08,764.64,2026-08-25,P,727.0,0.0,0.01,0.0,2229.0,0.01,0.6792,0.0,0.0,0.0,0.0,0.0,0.0,181.0
2026-08-25 11:18:13,2026-08-25T11:02:08,764.64,2026-08-25,C,728.0,36.5,36.69,44.0,44.0,37.5,0.0,1.0,0.0,0.0,0.0,0.0,2.0,1.0
2026-08-25 11:18:13,2026-08-25T11:02:08,764.64,2026-08-25,P,728.0,0.0,0.01,0.0,2229.0,0.01,0.6622,0.0,0.0,0.0,0.0,0.0,0.0,602.0
2026-08-25 11:18:13,2026-08-25T11:02:08,764.64,2026-08-25,C,729.0,34.0,37.0,184.0,186.0,35.61,0.0,1.0,0.0,0.0,0.0,0.0,0.0,1.0
2026-08-25 11:18:13,2026-08-25T11:02:08,764.64,2026-08-25,P,729.0,0.0,0.01,0.0,2229.0,0.01,0.6452,0.0,0.0,0.0,0.0,0.0,0.0,415.0
2026-08-25 11:18:13,2026-08-25T11:02:08,764.64,2026-08-25,C,730.0,33.0,36.06,184.0,184.0,35.67,0.0,1.0,0.0,0.0,0.0,0.0,1.0,1.0
2026-08-25 11:18:13,2026-08-25T11:02:08,764.64,2026-08-25,P,730.0,0.0,0.01,0.0,2229.0,0.01,0.6282,0.0,0.0,0.0,0.0,0.0,0.0,2872.0
2026-08-25 11:18:13,2026-08-25T11:02:08,764.64,2026-08-25,C,731.0,32.0,35.11,184.0,43.0,34.72,0.0,1.0,0.0,0.0,0.0,0.0,1.0,4.0
2026-08-25 11:18:13,2026-08-25T11:02:08,764.64,2026-08-25,P,731.0,0.0,0.01,0.0,2229.0,0.01,0.6112,0.0,0.0,0.0,0.0,0.0,15.0,389.0
2026-08-25 11:18:13,2026-08-25T11:02:08,764.64,2026-08-25,C,732.0,31.0,34.22,214.0,214.0,41.55,0.6595,1.0,0.0,0.0,0.0,0.0,0.0,13.0
2026-08-25 11:18:13,2026-08-25T11:02:08,764.64,2026-08-25,P,732.0,0.0,0.01,0.0,2228.0,0.01,0.5942,0.0,0.0,0.0,0.0,0.0,0.0,516.0
2026-08-25 11:18:13,2026-08-25T11:02:08,764.64,2026-08-25,C,733.0,30.0,33.22,214.0,214.0,31.65,0.6409,1.0,0.0,0.0,0.0,0.0,2.0,1.0
2026-08-25 11:18:13,2026-08-25T11:02:08,764.64,2026-08-25,P,733.0,0.0,0.01,0.0,2228.0,0.01,0.5771,0.0,0.0,0.0,0.0,0.0,0.0,568.0
2026-08-25 11:18:13,2026-08-25T11:02:08,764.64,2026-08-25,C,734.0,29.0,32.22,214.0,214.0,31.16,0.6223,1.0,0.0,-0.0001,0.0,0.0,2.0,1.0
2026-08-25 11:18:13,2026-08-25T11:02:08,764.64,2026-08-25,P,734.0,0.0,0.01,0.0,2729.0,0.01,0.5601,0.0,0.0,-0.0001,0.0,0.0,1.0,79.0
2026-08-25 11:18:13,2026-08-25T11:02:08,764.64,2026-08-25,C,735.0,28.0,31.22,214.0,214.0,29.24,0.6036,1.0,0.0,-0.0001,0.0,0.0,0.0,5.0
2026-08-25 11:18:13,2026-08-25T11:02:08,764.64,2026-08-25,P,735.0,0.0,0.01,0.0,2728.0,0.01,0.543,0.0,0.0,-0.0001,0.0,0.0,2.0,525.0
2026-08-25 11:18:13,2026-08-25T11:02:08,764.64,2026-08-25,C,736.0,27.0,30.22,214.0,214.0,29.63,0.585,0.9999,0.0,-0.0001,0.0,0.0,2.0,7.0
2026-08-25 11:18:13,2026-08-25T11:02:08,764.64,2026-08-25,P,736.0,0.0,0.01,0.0,2728.0,0.02,0.5259,-0.0001,0.0,-0.0001,0.0,0.0,0.0,3303.0
2026-08-25 11:18:13,2026-08-25T11:02:08,764.64,2026-08-25,C,737.0,26.0,29.22,218.0,218.0,29.24,0.5663,0.9999,0.0,-0.0001,0.0001,0.0,4.0,10.0
2026-08-25 11:18:13,2026-08-25T11:02:08,764.64,2026-08-25,P,737.0,0.0,0.01,0.0,2728.0,0.01,0.5088,-0.0001,0.0,-0.0001,0.0001,0.0,15.0,502.0
2026-08-25 11:18:13,2026-08-25T11:02:08,764.64,2026-08-25,C,738.0,25.0,28.22,214.0,214.0,25.46,0.5475,0.9999,0.0001,-0.0002,0.0001,0.0,0.0,4.0
2026-08-25 11:18:13,2026-08-25T11:02:08,764.64,2026-08-25,P,738.0,0.0,0.01,0.0,2608.0,0.01,0.4916,-0.0001,0.0001,-0.0002,0.0001,0.0,18.0,451.0
2026-08-25 11:18:13,2026-08-25T11:02:08,764.64,2026-08-25,C,739.0,24.0,27.22,218.0,218.0,26.26,0.5288,0.9999,0.0001,-0.0002,0.0001,0.0,2.0,6.0
2026-08-25 11:18:13,2026-08-25T11:02:08,764.64,2026-08-25,P,739.0,0.0,0.01,0.0,2630.0,0.01,0.4745,-0.0001,0.0001,-0.0002,0.0001,0.0,26.0,336.0
2026-08-25 11:18:13,2026-08-25T11:02:08,764.64,2026-08-25,C,740.0,24.52,24.69,51.0,45.0,24.74,0.4887,0.9998,0.0001,-0.0003,0.0001,0.0,8.0,9.0
2026-08-25 11:18:13,2026-08-25T11:02:08,764.64,2026-08-25,P,740.0,0.0,0.01,0.0,2608.0,0.01,0.4573,-0.0002,0.0001,-0.0003,0.0001,0.0,310.0,685.0
2026-08-25 11:18:13,2026-08-25T11:02:08,764.64,2026-08-25,C,741.0,23.52,23.69,50.0,44.0,24.53,0.4705,0.9998,0.0001,-0.0004,0.0002,0.0,4.0,2.0
2026-08-25 11:18:13,2026-08-25T11:02:08,764.64,2026-08-25,P,741.0,0.0,0.01,0.0,2608.0,0.01,0.4401,-0.0002,0.0001,-0.0004,0.0002,0.0,364.0,561.0
2026-08-25 11:18:13,2026-08-25T11:02:08,764.64,2026-08-25,C,742.0,21.0,23.73,148.0,145.0,21.39,0.0,0.9997,0.0002,-0.0005,0.0002,0.0,0.0,3.0
2026-08-25 11:18:13,2026-08-25T11:02:08,764.64,2026-08-25,P,742.0,0.0,0.01,0.0,2768.0,0.01,0.4228,-0.0003,0.0002,-0.0005,0.0002,0.0,36.0,450.0
2026-08-25 11:18:13,2026-08-25T11:02:08,764.64,2026-08-25,C,743.0,20.05,22.73,158.0,158.0,23.11,0.0,0.9996,0.0002,-0.0006,0.0003,0.0,1.0,15.0
2026-08-25 11:18:13,2026-08-25T11:02:08,764.64,2026-08-25,P,743.0,0.0,0.01,0.0,2698.0,0.01,0.4055,-0.0004,0.0002,-0.0006,0.0003,0.0,29.0,568.0
2026-08-25 11:18:13,2026-08-25T11:02:08,764.64,2026-08-25,C,744.0,19.05,21.73,158.0,165.0,22.17,0.0,0.9995,0.0003,-0.0008,0.0004,0.0,2.0,19.0
2026-08-25 11:18:13,2026-08-25T11:02:08,764.64,2026-08-25,P,744.0,0.0,0.01,0.0,2703.0,0.01,0.3882,-0.0005,0.0003,-0.0008,0.0004,0.0,1542.0,903.0
2026-08-25 11:18:13,2026-08-25T11:02:08,764.64,2026-08-25,C,745.0,18.04,20.74,148.0,152.0,21.23,0.0,0.9993,0.0004,-0.001,0.0005,0.0,1.0,23.0
2026-08-25 11:18:13,2026-08-25T11:02:08,764.64,2026-08-25,P,745.0,0.0,0.01,0.0,2318.0,0.01,0.3708,-0.0007,0.0004,-0.001,0.0005,0.0,413.0,1025.0
2026-08-25 11:18:13,2026-08-25T11:02:08,764.64,2026-08-25,C,746.0,17.0,19.74,152.0,157.0,18.49,0.0,0.9991,0.0005,-0.0013,0.0006,0.0,6.0,11.0
2026-08-25 11:18:13,2026-08-25T11:02:08,764.64,2026-08-25,P,746.0,0.0,0.01,0.0,2318.0,0.01,0.3534,-0.0009,0.0005,-0.0013,0.0006,0.0,9812.0,1605.0
2026-08-25 11:18:13,2026-08-25T11:02:08,764.64,2026-08-25,C,747.0,16.0,18.74,111.0,153.0,17.5,0.0,0.9988,0.0007,-0.0018,0.0008,0.0,2.0,74.0
2026-08-25 11:18:13,2026-08-25T11:02:08,764.64,2026-08-25,P,747.0,0.0,0.01,0.0,2318.0,0.01,0.336,-0.0012,0.0007,-0.0018,0.0008,0.0,2887.0,2506.0
2026-08-25 11:18:13,2026-08-25T11:02:08,764.64,2026-08-25,C,748.0,15.02,17.74,142.0,157.0,16.81,0.0,0.9985,0.0009,-0.0024,0.0011,0.0,17.0,55.0
2026-08-25 11:18:13,2026-08-25T11:02:08,764.64,2026-08-25,P,748.0,0.01,0.02,2061.0,3356.0,0.01,0.3577,-0.0015,0.0009,-0.0024,0.0011,0.0,9321.0,7283.0
2026-08-25 11:18:13,2026-08-25T11:02:08,764.64,2026-08-25,C,749.0,14.01,16.74,152.0,153.0,16.73,0.0,0.998,0.0012,-0.0031,0.0014,0.0,0.0,59.0
2026-08-25 11:18:13,2026-08-25T11:02:08,764.64,2026-08-25,P,749.0,0.01,0.02,2256.0,3287.0,0.01,0.3383,-0.002,0.0012,-0.0031,0.0014,0.0,1248.0,1627.0
2026-08-25 11:18:13,2026-08-25T11:02:08,764.64,2026-08-25,C,750.0,14.52,14.68,151.0,180.0,14.24,0.0,0.9973,0.0016,-0.0042,0.0018,0.0,17.0,125.0
2026-08-25 11:18:13,2026-08-25T11:02:08,764.64,2026-08-25,P,750.0,0.01,0.02,2357.0,3225.0,0.01,0.3189,-0.0027,0.0016,-0.0042,0.0018,0.0,996.0,3718.0
2026-08-25 11:18:13,2026-08-25T11:02:08,764.64,2026-08-25,C,751.0,13.53,13.7,124.0,62.0,14.42,0.3102,0.9963,0.0021,-0.0056,0.0023,0.0,4.0,38.0
2026-08-25 11:18:13,2026-08-25T11:02:08,764.64,2026-08-25,P,751.0,0.01,0.02,2447.0,3154.0,0.02,0.2994,-0.0037,0.0021,-0.0056,0.0023,0.0,735.0,3805.0
2026-08-25 11:18:13,2026-08-25T11:02:08,764.64,2026-08-25,C,752.0,12.53,12.7,127.0,50.0,12.29,0.29,0.995,0.0029,-0.0075,0.0031,0.0,15.0,32.0
2026-08-25 11:18:13,2026-08-25T11:02:08,764.64,2026-08-25,P,752.0,0.01,0.02,2737.0,2848.0,0.01,0.2797,-0.005,0.0029,-0.0075,0.0031,0.0,1230.0,2503.0
2026-08-25 11:18:13,2026-08-25T11:02:08,764.64,2026-08-25,C,753.0,11.52,11.7,134.0,51.0,11.55,0.26,0.9933,0.004,-0.0101,0.004,0.0,8.0,281.0
2026-08-25 11:18:13,2026-08-25T11:02:08,764.64,2026-08-25,P,753.0,0.01,0.02,2700.0,2853.0,0.01,0.26,-0.0067,0.004,-0.0101,0.004,0.0,3990.0,4515.0
2026-08-25 11:18:13,2026-08-25T11:02:08,764.64,2026-08-25,C,754.0,9.54,11.5,107.0,114.0,10.65,0.0,0.9908,0.0055,-0.0136,0.0052,0.0,20.0,39.0
2026-08-25 11:18:13,2026-08-25T11:02:08,764.64,2026-08-25,P,754.0,0.01,0.02,3010.0,3699.0,0.02,0.2401,-0.0092,0.0055,-0.0136,0.0052,0.0,7546.0,6602.0
2026-08-25 11:18:13,2026-08-25T11:02:08,764.64,2026-08-25,C,755.0,9.46,9.79,90.0,66.0,9.61,0.2419,0.9874,0.0075,-0.0185,0.0068,0.0,28.0,118.0
2026-08-25 11:18:13,2026-08-25T11:02:08,764.64,2026-08-25,P,755.0,0.02,0.03,1319.0,4245.0,0.02,0.2357,-0.0126,0.0075,-0.0185,0.0068,0.0,4512.0,7774.0
2026-08-25 11:18:13,2026-08-25T11:02:08,764.64,2026-08-25,C,756.0,8.54,8.71,62.0,60.0,8.79,0.2201,0.9827,0.0104,-0.0252,0.009,0.0,300.0,129.0
2026-08-25 11:18:13,2026-08-25T11:02:08,764.64,2026-08-25,P,756.0,0.02,0.03,2544.0,3639.0,0.02,0.2143,-0.0173,0.0104,-0.0252,0.009,0.0,3652.0,5870.0
2026-08-25 11:18:13,2026-08-25T11:02:08,764.64,2026-08-25,C,757.0,7.53,7.72,66.0,62.0,7.65,0.1981,0.9761,0.0146,-0.0344,0.0118,0.0,199.0,251.0
2026-08-25 11:18:13,2026-08-25T11:02:08,764.64,2026-08-25,P,757.0,0.02,0.03,2641.0,3490.0,0.03,0.1927,-0.0239,0.0146,-0.0344,0.0118,0.0,10692.0,4522.0
2026-08-25 11:18:13,2026-08-25T11:02:08,764.64,2026-08-25,C,758.0,6.55,6.71,49.0,200.0,6.58,0.1652,0.9667,0.0205,-0.047,0.0154,0.0,200.0,242.0
2026-08-25 11:18:13,2026-08-25T11:02:08,764.64,2026-08-25,P,758.0,0.03,0.04,2444.0,2878.0,0.03,0.1802,-0.0333,0.0205,-0.047,0.0154,0.0,10456.0,4927.0
2026-08-25 11:18:13,2026-08-25T11:02:08,764.64,2026-08-25,C,759.0,5.55,5.71,60.0,157.0,5.79,0.1435,0.9532,0.0292,-0.0647,0.0202,0.0,412.0,747.0
2026-08-25 11:18:13,2026-08-25T11:02:08,764.64,2026-08-25,P,759.0,0.04,0.05,2553.0,1800.0,0.05,0.1641,-0.0468,0.0292,-0.0647,0.0202,0.0,43865.0,8086.0
2026-08-25 11:18:13,2026-08-25T11:02:08,764.64,2026-08-25,C,760.0,4.59,4.73,113.0,204.0,4.8,0.1425,0.9333,0.0421,-0.0897,0.0264,0.0,1516.0,792.0
2026-08-25 11:18:13,2026-08-25T11:02:08,764.64,2026-08-25,P,760.0,0.06,0.07,2304.0,697.0,0.06,0.1502,-0.0667,0.0421,-0.0897,0.0264,0.0,76060.0,12864.0
2026-08-25 11:18:13,2026-08-25T11:02:08,764.64,2026-08-25,C,761.0,3.72,3.75,87.0,48.0,3.66,0.1434,0.9025,0.0619,-0.1278,0.0348,0.0,2077.0,551.0
2026-08-25 11:18:13,2026-08-25T11:02:08,764.64,2026-08-25,P,761.0,0.11,0.12,1.0,3573.0,0.12,0.1419,-0.0975,0.0619,-0.1278,0.0348,0.0,79738.0,6950.0
2026-08-25 11:18:13,2026-08-25T11:02:08,764.64,2026-08-25,C,762.0,2.8,2.83,44.0,244.0,2.73,0.1304,0.8504,0.0928,-0.1944,0.0462,0.0,6433.0,2460.0
2026-08-25 11:18:13,2026-08-25T11:02:08,764.64,2026-08-25,P,762.0,0.18,0.19,415.0,2104.0,0.18,0.1292,-0.1496,0.0928,-0.1944,0.0462,0.0,66275.0,10257.0
2026-08-25 11:18:13,2026-08-25T11:02:08,764.64,2026-08-25,C,763.0,1.94,1.97,116.0,252.0,1.94,0.1218,0.7581,0.1366,-0.327,0.0608,0.0,14629.0,4816.0
2026-08-25 11:18:13,2026-08-25T11:02:08,764.64,2026-08-25,P,763.0,0.32,0.33,388.0,1091.0,0.32,0.1194,-0.2419,0.1366,-0.327,0.0608,0.0,134618.0,7137.0
2026-08-25 11:18:13,2026-08-25T11:02:08,764.64,2026-08-25,C,764.0,1.21,1.23,258.0,126.0,1.22,0.1136,0.61,0.1791,-0.5901,0.0735,0.0,60696.0,9545.0
2026-08-25 11:18:13,2026-08-25T11:02:08,764.64,2026-08-25,P,764.0,0.58,0.59,293.0,496.0,0.58,0.1129,-0.39,0.1791,-0.5901,0.0735,0.0,232203.0,9840.0
2026-08-25 11:18:13,2026-08-25T11:02:08,764.64,2026-08-25,C,765.0,0.65,0.66,262.0,149.0,0.66,0.1091,0.4234,0.1881,-0.6443,0.0749,0.0,193168.0,8765.0
2026-08-25 11:18:13,2026-08-25T11:02:08,764.64,2026-08-25,P,765.0,1.02,1.03,158.0,71.0,1.02,0.1085,-0.5766,0.1881,-0.6443,0.0749,0.0,242280.0,4800.0
2026-08-25 11:18:13,2026-08-25T11:02:08,764.64,2026-08-25,C,766.0,0.31,0.32,633.0,379.0,0.31,0.108,0.2525,0.152,-0.3173,0.0622,0.0,244097.0,5889.0
2026-08-25 11:18:13,2026-08-25T11:02:08,764.64,2026-08-25,P,766.0,1.67,1.7,108.0,410.0,1.72,0.1072,-0.7475,0.152,-0.3173,0.0622,0.0,153256.0,2066.0
2026-08-25 11:18:13,2026-08-25T11:02:08,764.64,2026-08-25,C,767.0,0.14,0.15,2063.0,690.0,0.14,0.1132,0.1381,0.1001,-0.1541,0.0442,0.0,218806.0,6629.0
2026-08-25 11:18:13,2026-08-25T11:02:08,764.64,2026-08-25,P,767.0,2.49,2.52,57.0,38.0,2.61,0.1119,-0.8619,0.1001,-0.1541,0.0442,0.0,47252.0,2126.0
2026-08-25 11:18:13,2026-08-25T11:02:08,764.64,2026-08-25,C,768.0,0.08,0.09,488.0,2251.0,0.08,0.1257,0.0758,0.0603,-0.0802,0.0295,0.0,142213.0,6087.0
2026-08-25 11:18:13,2026-08-25T11:02:08,764.64,2026-08-25,P,768.0,3.41,3.57,204.0,72.0,3.53,0.1325,-0.9242,0.0603,-0.0802,0.0295,0.0,12391.0,1140.0
2026-08-25 11:18:13,2026-08-25T11:02:08,764.64,2026-08-25,C,769.0,0.05,0.06,1230.0,3334.0,0.05,0.1396,0.0452,0.0367,-0.0478,0.0201,0.0,65754.0,3680.0
2026-08-25 11:18:13,2026-08-25T11:02:08,764.64,2026-08-25,P,769.0,4.37,4.53,45.0,53.0,4.49,0.1342,-0.9548,0.0367,-0.0478,0.0201,0.0,4220.0,1580.0
2026-08-25 11:18:13,2026-08-25T11:02:08,764.64,2026-08-25,C,770.0,0.03,0.04,3344.0,1795.0,0.04,0.1515,0.0321,0.0247,-0.036,0.0153,0.0,43902.0,7341.0
2026-08-25 11:18:13,2026-08-25T11:02:08,764.64,2026-08-25,P,770.0,5.37,5.52,1.0,107.0,5.51,0.1644,-0.9679,0.0247,-0.036,0.0153,0.0,1638.0,774.0
2026-08-25 11:18:13,2026-08-25T11:02:08,764.64,2026-08-25,C,771.0,0.02,0.03,3031.0,1946.0,0.02,0.1652,0.0264,0.0186,-0.0326,0.0129,0.0,19023.0,4829.0
2026-08-25 11:18:13,2026-08-25T11:02:08,764.64,2026-08-25,P,771.0,6.34,6.51,119.0,132.0,6.25,0.1598,-0.9736,0.0186,-0.0326,0.0129,0.0,411.0,35.0
2026-08-25 11:18:13,2026-08-25T11:02:08,764.64,2026-08-25,C,772.0,0.02,0.03,2763.0,3195.0,0.02,0.1867,0.0228,0.0147,-0.0309,0.0114,0.0,9868.0,3798.0
2026-08-25 11:18:13,2026-08-25T11:02:08,764.64,2026-08-25,P,772.0,7.35,7.52,62.0,132.0,7.25,0.192,-0.9772,0.0147,-0.0309,0.0114,0.0,180.0,1458.0
2026-08-25 11:18:13,2026-08-25T11:02:08,764.64,2026-08-25,C,773.0,0.01,0.02,3643.0,1896.0,0.01,0.1938,0.02,0.0119,-0.0293,0.0101,0.0,5634.0,8118.0
2026-08-25 11:18:13,2026-08-25T11:02:08,764.64,2026-08-25,P,773.0,8.24,9.49,148.0,150.0,8.65,0.3824,-0.98,0.0119,-0.0293,0.0101,0.0,33.0,28.0
2026-08-25 11:18:13,2026-08-25T11:02:08,764.64,2026-08-25,C,774.0,0.01,0.02,3231.0,2544.0,0.02,0.2135,0.0176,0.0098,-0.0277,0.0091,0.0,3855.0,2745.0
2026-08-25 11:18:13,2026-08-25T11:02:08,764.64,2026-08-25,P,774.0,9.33,9.55,137.0,150.0,9.14,0.2404,-0.9824,0.0098,-0.0277,0.0091,0.0,47.0,1.0
2026-08-25 11:18:13,2026-08-25T11:02:08,764.64,2026-08-25,C,775.0,0.01,0.02,2813.0,2841.0,0.02,0.2331,0.0156,0.0082,-0.0262,0.0081,0.0,4407.0,3513.0
2026-08-25 11:18:13,2026-08-25T11:02:08,764.64,2026-08-25,P,775.0,10.35,10.5,15.0,150.0,10.7,0.2419,-0.9844,0.0082,-0.0262,0.0081,0.0,240.0,894.0
2026-08-25 11:18:13,2026-08-25T11:02:08,764.64,2026-08-25,C,776.0,0.01,0.02,2313.0,2841.0,0.01,0.2524,0.0139,0.0069,-0.0246,0.0073,0.0,1416.0,2955.0
2026-08-25 11:18:13,2026-08-25T11:02:08,764.64,2026-08-25,P,776.0,11.23,12.46,78.0,106.0,11.4,0.4684,-0.9861,0.0069,-0.0246,0.0073,0.0,81.0,19.0
2026-08-25 11:18:13,2026-08-25T11:02:08,764.64,2026-08-25,C,777.0,0.0,0.01,0.0,1562.0,0.02,0.2404,0.0124,0.0059,-0.023,0.0066,0.0,7187.0,1546.0
2026-08-25 11:18:13,2026-08-25T11:02:08,764.64,2026-08-25,P,777.0,12.33,12.51,75.0,108.0,12.43,0.2716,-0.9876,0.0059,-0.023,0.0066,0.0,43.0,13.0
2026-08-25 11:18:13,2026-08-25T11:02:08,764.64,2026-08-25,C,778.0,0.0,0.01,0.0,2061.0,0.01,0.2576,0.0111,0.005,-0.0215,0.006,0.0,6577.0,1297.0
2026-08-25 11:18:13,2026-08-25T11:02:08,764.64,2026-08-25,P,778.0,13.22,14.46,76.0,148.0,12.0,0.5251,-0.9889,0.005,-0.0215,0.006,0.0,1.0,0.0
2026-08-25 11:18:13,2026-08-25T11:02:08,764.64,2026-08-25,C,779.0,0.0,0.01,0.0,2061.0,0.01,0.2746,0.0099,0.0043,-0.0199,0.0054,0.0,34.0,1129.0
2026-08-25 11:18:13,2026-08-25T11:02:08,764.64,2026-08-25,P,779.0,14.22,16.01,145.0,158.0,15.5,0.6328,-0.9901,0.0043,-0.0199,0.0054,0.0,0.0,28.0
2026-08-25 11:18:13,2026-08-25T11:02:08,764.64,2026-08-25,C,780.0,0.0,0.01,0.0,2193.0,0.01,0.2916,0.0088,0.0037,-0.0184,0.0049,0.0,168.0,3628.0
2026-08-25 11:18:13,2026-08-25T11:02:08,764.64,2026-08-25,P,780.0,15.33,15.54,141.0,134.0,15.15,0.3577,-0.9912,0.0037,-0.0184,0.0049,0.0,2.0,0.0
2026-08-25 11:18:13,2026-08-25T11:02:08,764.64,2026-08-25,C,781.0,0.0,0.01,0.0,2812.0,0.01,0.3084,0.0078,0.0032,-0.0168,0.0044,0.0,27.0,779.0
2026-08-25 11:18:13,2026-08-25T11:02:08,764.64,2026-08-25,P,781.0,16.28,17.99,145.0,156.0,16.37,0.6988,-0.9922,0.0032,-0.0168,0.0044,0.0,11.0,0.0
2026-08-25 11:18:13,2026-08-25T11:02:08,764.64,2026-08-25,C,782.0,0.0,0.01,0.0,2693.0,0.01,0.3251,0.0069,0.0028,-0.0153,0.0039,0.0,73.0,1044.0
2026-08-25 11:18:13,2026-08-25T11:02:08,764.64,2026-08-25,P,782.0,17.32,17.51,43.0,129.0,17.17,0.3488,-0.9931,0.0028,-0.0153,0.0039,0.0,2.0,1.0
2026-08-25 11:18:13,2026-08-25T11:02:08,764.64,2026-08-25,C,783.0,0.0,0.01,0.0,3059.0,0.01,0.3418,0.0061,0.0024,-0.0137,0.0035,0.0,12.0,968.0
2026-08-25 11:18:13,2026-08-25T11:02:08,764.64,2026-08-25,P,783.0,18.33,18.5,44.0,130.0,18.46,0.3664,-0.9939,0.0024,-0.0137,0.0035,0.0,5.0,0.0
2026-08-25 11:18:13,2026-08-25T11:02:08,764.64,2026-08-25,C,784.0,0.0,0.01,0.0,2693.0,0.01,0.3583,0.0053,0.002,-0.0122,0.0031,0.0,14.0,1194.0
2026-08-25 11:18:13,2026-08-25T11:02:08,764.64,2026-08-25,P,784.0,19.33,19.5,24.0,132.0,19.41,0.4013,-0.9947,0.002,-0.0122,0.0031,0.0,7.0,0.0
2026-08-25 11:18:13,2026-08-25T11:02:08,764.64,2026-08-25,C,785.0,0.0,0.01,0.0,2693.0,0.01,0.3748,0.0046,0.0017,-0.0107,0.0027,0.0,41.0,3167.0
2026-08-25 11:18:13,2026-08-25T11:02:08,764.64,2026-08-25,P,785.0,20.32,20.51,44.0,125.0,20.49,0.4014,-0.9954,0.0017,-0.0107,0.0027,0.0,8.0,0.0
2026-08-25 11:18:13,2026-08-25T11:02:08,764.64,2026-08-25,C,786.0,0.0,0.01,0.0,2754.0,0.01,0.3911,0.0039,0.0015,-0.0092,0.0024,0.0,8.0,1174.0
2026-08-25 11:18:13,2026-08-25T11:02:08,764.64,2026-08-25,P,786.0,21.32,21.51,44.0,130.0,21.44,0.4187,-0.9961,0.0015,-0.0092,0.0024,0.0,11.0,0.0
2026-08-25 11:18:13,2026-08-25T11:02:08,764.64,2026-08-25,C,787.0,0.0,0.01,0.0,2753.0,0.01,0.4074,0.0032,0.0012,-0.0076,0.002,0.0,374.0,876.0
2026-08-25 11:18:13,2026-08-25T11:02:08,764.64,2026-08-25,P,787.0,22.33,22.51,44.0,130.0,22.32,0.4551,-0.9968,0.0012,-0.0076,0.002,0.0,6.0,0.0
2026-08-25 11:18:13,2026-08-25T11:02:08,764.64,2026-08-25,C,788.0,0.0,0.01,0.0,2754.0,0.01,0.4236,0.0026,0.001,-0.0061,0.0016,0.0,17.0,1884.0
2026-08-25 11:18:13,2026-08-25T11:02:08,764.64,2026-08-25,P,788.0,23.32,23.51,43.0,43.0,23.27,0.453,-0.9974,0.001,-0.0061,0.0016,0.0,6.0,0.0
2026-08-25 11:18:13,2026-08-25T11:02:08,764.64,2026-08-25,C,789.0,0.0,0.01,0.0,2754.0,0.01,0.4398,0.002,0.0008,-0.0046,0.0013,0.0,3.0,1582.0
2026-08-25 11:18:13,2026-08-25T11:02:08,764.64,2026-08-25,P,789.0,24.32,24.51,44.0,44.0,24.31,0.4701,-0.998,0.0008,-0.0046,0.0013,0.0,4.0,0.0
2026-08-25 11:18:13,2026-08-25T11:02:08,764.64,2026-08-25,C,790.0,0.0,0.01,0.0,2754.0,0.02,0.4558,0.0014,0.0006,-0.0032,0.001,0.0,2.0,2383.0
2026-08-25 11:18:13,2026-08-25T11:02:08,764.64,2026-08-25,P,790.0,25.32,25.51,44.0,44.0,25.26,0.487,-0.9986,0.0006,-0.0032,0.001,0.0,5.0,0.0
2026-08-25 11:18:13,2026-08-25T11:02:08,764.64,2026-08-25,C,791.0,0.0,0.01,0.0,2754.0,0.02,0.4718,0.0009,0.0004,-0.002,0.0006,0.0,0.0,413.0
2026-08-25 11:18:13,2026-08-25T11:02:08,764.64,2026-08-25,P,791.0,26.31,26.51,44.0,44.0,26.03,0.4718,-0.9991,0.0004,-0.002,0.0006,0.0,6.0,0.0
2026-08-25 11:18:13,2026-08-25T11:02:08,764.64,2026-08-25,C,792.0,0.0,0.01,0.0,2754.0,0.01,0.4877,0.0005,0.0002,-0.001,0.0004,0.0,0.0,388.0
2026-08-25 11:18:13,2026-08-25T11:02:08,764.64,2026-08-25,P,792.0,27.33,27.51,44.0,44.0,27.32,0.5429,-0.9995,0.0002,-0.001,0.0004,0.0,3.0,0.0
2026-08-25 11:18:13,2026-08-25T11:02:08,764.64,2026-08-25,C,793.0,0.0,0.01,0.0,2254.0,0.01,0.5036,0.0003,0.0001,-0.0005,0.0002,0.0,0.0,719.0
2026-08-25 11:18:13,2026-08-25T11:02:08,764.64,2026-08-25,P,793.0,28.22,30.0,43.0,184.0,29.57,1.0307,-0.9997,0.0001,-0.0005,0.0002,0.0,0.0,0.0
2026-08-25 11:18:13,2026-08-25T11:02:08,764.64,2026-08-25,C,794.0,0.0,0.01,0.0,2254.0,0.01,0.5194,0.0001,0.0001,-0.0002,0.0001,0.0,2.0,366.0
2026-08-25 11:18:13,2026-08-25T11:02:08,764.64,2026-08-25,P,794.0,29.21,31.0,43.0,184.0,31.55,1.0557,-0.9999,0.0001,-0.0002,0.0001,0.0,0.0,0.0
2026-08-25 11:18:13,2026-08-25T11:02:08,764.64,2026-08-25,C,795.0,0.0,0.01,0.0,2254.0,0.01,0.5351,0.0001,0.0,-0.0001,0.0001,0.0,0.0,321.0
2026-08-25 11:18:13,2026-08-25T11:02:08,764.64,2026-08-25,P,795.0,30.21,32.0,43.0,184.0,32.57,1.0823,-0.9999,0.0,-0.0001,0.0001,0.0,0.0,0.0
2026-08-25 11:18:13,2026-08-25T11:02:08,764.64,2026-08-25,C,796.0,0.0,0.01,0.0,2254.0,0.01,0.5508,0.0001,0.0,-0.0001,0.0,0.0,0.0,327.0
2026-08-25 11:18:13,2026-08-25T11:02:08,764.64,2026-08-25,P,796.0,31.21,33.0,15.0,15.0,33.53,1.1087,-0.9999,0.0,-0.0001,0.0,0.0,0.0,0.0
2026-08-25 11:18:13,2026-08-25T11:02:08,764.64,2026-08-25,C,797.0,0.0,0.01,0.0,2254.0,0.04,0.5664,0.0001,0.0,-0.0001,0.0,0.0,0.0,49.0
2026-08-25 11:18:13,2026-08-25T11:02:08,764.64,2026-08-25,P,797.0,32.24,34.0,24.0,24.0,34.56,1.1406,-0.9999,0.0,-0.0001,0.0,0.0,0.0,0.0
2026-08-25 11:18:13,2026-08-25T11:02:08,764.64,2026-08-25,C,798.0,0.0,0.01,0.0,2254.0,0.01,0.582,0.0001,0.0,-0.0001,0.0,0.0,2.0,43.0
2026-08-25 11:18:13,2026-08-25T11:02:08,764.64,2026-08-25,P,798.0,33.28,35.0,24.0,24.0,0.0,1.1743,-0.9999,0.0,-0.0001,0.0,0.0,0.0,0.0
2026-08-25 11:18:13,2026-08-25T11:02:08,764.64,2026-08-25,C,799.0,0.0,0.01,0.0,2253.0,0.01,0.5975,0.0,0.0,-0.0001,0.0,0.0,0.0,117.0
2026-08-25 11:18:13,2026-08-25T11:02:08,764.64,2026-08-25,P,799.0,34.21,36.0,15.0,15.0,30.0,1.1871,-1.0,0.0,-0.0001,0.0,0.0,0.0,0.0
2026-08-25 11:18:13,2026-08-25T11:02:08,764.64,2026-08-25,C,800.0,0.0,0.01,0.0,2254.0,0.01,0.6129,0.0,0.0,-0.0001,0.0,0.0,0.0,577.0
2026-08-25 11:18:13,2026-08-25T11:02:08,764.64,2026-08-25,P,800.0,35.21,37.0,24.0,24.0,35.67,1.2129,-1.0,0.0,-0.0001,0.0,0.0,1.0,1.0
2026-08-25 11:18:13,2026-08-25T11:02:08,764.64,2026-08-25,C,801.0,0.0,0.01,0.0,2254.0,0.01,0.6283,0.0,0.0,-0.0001,0.0,0.0,0.0,59.0
2026-08-25 11:18:13,2026-08-25T11:02:08,764.64,2026-08-25,P,801.0,36.21,37.99,15.0,15.0,0.0,1.2366,-1.0,0.0,-0.0001,0.0,0.0,0.0,0.0
2026-08-25 11:18:13,2026-08-25T11:02:08,764.64,2026-08-25,C,802.0,0.0,0.01,0.0,2254.0,0.01,0.6437,0.0,0.0,-0.0001,0.0,0.0,2.0,94.0
2026-08-25 11:18:13,2026-08-25T11:02:08,764.64,2026-08-25,P,802.0,37.2,39.0,15.0,15.0,0.0,1.2621,-1.0,0.0,-0.0001,0.0,0.0,0.0,0.0
2026-08-25 11:23:13,2026-08-25T11:07:07,764.56,2026-08-25,C,727.0,37.39,37.59,44.0,25.0,37.55,0.0,1.0,0.0,0.0,0.0,0.0,53.0,1.0
2026-08-25 11:23:13,2026-08-25T11:07:07,764.56,2026-08-25,P,727.0,0.0,0.01,0.0,2229.0,0.01,0.683,0.0,0.0,0.0,0.0,0.0,0.0,181.0
2026-08-25 11:23:13,2026-08-25T11:07:07,764.56,2026-08-25,C,728.0,36.46,36.61,44.0,44.0,37.5,0.0,1.0,0.0,0.0,0.0,0.0,2.0,1.0
2026-08-25 11:23:13,2026-08-25T11:07:07,764.56,2026-08-25,P,728.0,0.0,0.01,0.0,2229.0,0.01,0.6659,0.0,0.0,0.0,0.0,0.0,0.0,602.0
2026-08-25 11:23:13,2026-08-25T11:07:07,764.56,2026-08-25,C,729.0,33.85,37.0,43.0,259.0,35.61,0.0,1.0,0.0,0.0,0.0,0.0,0.0,1.0
2026-08-25 11:23:13,2026-08-25T11:07:07,764.56,2026-08-25,P,729.0,0.0,0.01,0.0,2229.0,0.01,0.6488,0.0,0.0,0.0,0.0,0.0,0.0,415.0
2026-08-25 11:23:13,2026-08-25T11:07:07,764.56,2026-08-25,C,730.0,32.85,36.06,43.0,256.0,35.67,0.0,1.0,0.0,0.0,0.0,0.0,1.0,1.0
2026-08-25 11:23:13,2026-08-25T11:07:07,764.56,2026-08-25,P,730.0,0.0,0.01,0.0,2229.0,0.01,0.6316,0.0,0.0,0.0,0.0,0.0,0.0,2872.0
2026-08-25 11:23:13,2026-08-25T11:07:07,764.56,2026-08-25,C,731.0,31.85,35.1,43.0,256.0,34.72,0.0,1.0,0.0,0.0,0.0,0.0,1.0,4.0
2026-08-25 11:23:13,2026-08-25T11:07:07,764.56,2026-08-25,P,731.0,0.0,0.01,0.0,2229.0,0.01,0.6145,0.0,0.0,0.0,0.0,0.0,15.0,389.0
2026-08-25 11:23:13,2026-08-25T11:07:07,764.56,2026-08-25,C,732.0,30.85,34.1,49.0,286.0,41.55,0.0,1.0,0.0,0.0,0.0,0.0,0.0,13.0
2026-08-25 11:23:13,2026-08-25T11:07:07,764.56,2026-08-25,P,732.0,0.0,0.01,0.0,2228.0,0.01,0.5973,0.0,0.0,0.0,0.0,0.0,0.0,516.0
2026-08-25 11:23:13,2026-08-25T11:07:07,764.56,2026-08-25,C,733.0,29.85,33.1,49.0,286.0,31.65,0.0,1.0,0.0,0.0,0.0,0.0,2.0,1.0
2026-08-25 11:23:13,2026-08-25T11:07:07,764.56,2026-08-25,P,733.0,0.0,0.01,0.0,2228.0,0.01,0.5802,0.0,0.0,0.0,0.0,0.0,0.0,568.0
2026-08-25 11:23:13,2026-08-25T11:07:07,764.56,2026-08-25,C,734.0,28.85,32.1,49.0,286.0,31.16,0.0,1.0,0.0,0.0,0.0,0.0,2.0,1.0
2026-08-25 11:23:13,2026-08-25T11:07:07,764.56,2026-08-25,P,734.0,0.0,0.01,0.0,2729.0,0.01,0.5629,0.0,0.0,0.0,0.0,0.0,1.0,79.0
2026-08-25 11:23:13,2026-08-25T11:07:07,764.56,2026-08-25,C,735.0,27.85,31.1,49.0,286.0,29.24,0.0,1.0,0.0,-0.0001,0.0,0.0,0.0,5.0
2026-08-25 11:23:13,2026-08-25T11:07:07,764.56,2026-08-25,P,735.0,0.0,0.01,0.0,2728.0,0.01,0.5457,0.0,0.0,-0.0001,0.0,0.0,2.0,525.0
2026-08-25 11:23:13,2026-08-25T11:07:07,764.56,2026-08-25,C,736.0,26.85,30.1,49.0,286.0,29.63,0.0,0.9999,0.0,-0.0001,0.0,0.0,2.0,7.0
2026-08-25 11:23:13,2026-08-25T11:07:07,764.56,2026-08-25,P,736.0,0.0,0.01,0.0,2728.0,0.02,0.5285,-0.0001,0.0,-0.0001,0.0,0.0,0.0,3303.0
2026-08-25 11:23:13,2026-08-25T11:07:07,764.56,2026-08-25,C,737.0,26.0,29.1,285.0,285.0,29.24,0.6375,0.9999,0.0,-0.0001,0.0001,0.0,4.0,10.0
2026-08-25 11:23:13,2026-08-25T11:07:07,764.56,2026-08-25,P,737.0,0.0,0.01,0.0,2728.0,0.01,0.5113,-0.0001,0.0,-0.0001,0.0001,0.0,15.0,502.0
2026-08-25 11:23:13,2026-08-25T11:07:07,764.56,2026-08-25,C,738.0,24.85,28.1,49.0,286.0,25.46,0.0,0.9999,0.0,-0.0001,0.0001,0.0,0.0,4.0
2026-08-25 11:23:13,2026-08-25T11:07:07,764.56,2026-08-25,P,738.0,0.0,0.01,0.0,2728.0,0.01,0.494,-0.0001,0.0,-0.0001,0.0001,0.0,18.0,451.0
2026-08-25 11:23:13,2026-08-25T11:07:07,764.56,2026-08-25,C,739.0,23.85,27.1,50.0,288.0,26.26,0.0,0.9999,0.0001,-0.0002,0.0001,0.0,2.0,6.0
2026-08-25 11:23:13,2026-08-25T11:07:07,764.56,2026-08-25,P,739.0,0.0,0.01,0.0,2630.0,0.01,0.4767,-0.0001,0.0001,-0.0002,0.0001,0.0,26.0,336.0
2026-08-25 11:23:13,2026-08-25T11:07:07,764.56,2026-08-25,C,740.0,24.41,24.6,51.0,50.0,24.74,0.0,0.9998,0.0001,-0.0002,0.0001,0.0,8.0,9.0
2026-08-25 11:23:13,2026-08-25T11:07:07,764.56,2026-08-25,P,740.0,0.0,0.01,0.0,2608.0,0.01,0.4594,-0.0001,0.0001,-0.0002,0.0001,0.0,310.0,685.0
2026-08-25 11:23:13,2026-08-25T11:07:07,764.56,2026-08-25,C,741.0,23.43,23.6,50.0,45.0,24.53,0.0,0.9998,0.0001,-0.0003,0.0002,0.0,4.0,2.0
2026-08-25 11:23:13,2026-08-25T11:07:07,764.56,2026-08-25,P,741.0,0.0,0.01,0.0,2608.0,0.01,0.442,-0.0002,0.0001,-0.0003,0.0002,0.0,364.0,561.0
2026-08-25 11:23:13,2026-08-25T11:07:07,764.56,2026-08-25,C,742.0,20.99,23.61,100.0,43.0,21.39,0.0,0.9997,0.0001,-0.0004,0.0002,0.0,0.0,3.0
2026-08-25 11:23:13,2026-08-25T11:07:07,764.56,2026-08-25,P,742.0,0.0,0.01,0.0,2768.0,0.01,0.4246,-0.0003,0.0001,-0.0004,0.0002,0.0,36.0,450.0
2026-08-25 11:23:13,2026-08-25T11:07:07,764.56,2026-08-25,C,743.0,20.05,22.61,100.0,43.0,23.11,0.0,0.9997,0.0002,-0.0005,0.0003,0.0,1.0,15.0
2026-08-25 11:23:13,2026-08-25T11:07:07,764.56,2026-08-25,P,743.0,0.0,0.01,0.0,2668.0,0.01,0.4072,-0.0003,0.0002,-0.0005,0.0003,0.0,29.0,568.0
2026-08-25 11:23:13,2026-08-25T11:07:07,764.56,2026-08-25,C,744.0,19.05,21.61,100.0,44.0,22.17,0.0,0.9996,0.0003,-0.0007,0.0003,0.0,2.0,19.0
2026-08-25 11:23:13,2026-08-25T11:07:07,764.56,2026-08-25,P,744.0,0.0,0.01,0.0,2703.0,0.01,0.3897,-0.0004,0.0003,-0.0007,0.0003,0.0,1542.0,903.0
2026-08-25 11:23:13,2026-08-25T11:07:07,764.56,2026-08-25,C,745.0,18.04,20.61,287.0,49.0,21.23,0.0,0.9994,0.0003,-0.0009,0.0004,0.0,1.0,23.0
2026-08-25 11:23:13,2026-08-25T11:07:07,764.56,2026-08-25,P,745.0,0.0,0.01,0.0,2698.0,0.01,0.3722,-0.0006,0.0003,-0.0009,0.0004,0.0,413.0,1025.0
2026-08-25 11:23:13,2026-08-25T11:07:07,764.56,2026-08-25,C,746.0,17.0,19.61,294.0,50.0,18.49,0.0,0.9992,0.0004,-0.0012,0.0006,0.0,6.0,11.0
2026-08-25 11:23:13,2026-08-25T11:07:07,764.56,2026-08-25,P,746.0,0.0,0.01,0.0,2818.0,0.01,0.3546,-0.0008,0.0004,-0.0012,0.0006,0.0,9812.0,1605.0
2026-08-25 11:23:13,2026-08-25T11:07:07,764.56,2026-08-25,C,747.0,16.0,18.61,273.0,49.0,17.5,0.0,0.999,0.0006,-0.0016,0.0007,0.0,2.0,74.0
2026-08-25 11:23:13,2026-08-25T11:07:07,764.56,2026-08-25,P,747.0,0.0,0.01,0.0,2818.0,0.01,0.337,-0.001,0.0006,-0.0016,0.0007,0.0,2887.0,2506.0
2026-08-25 11:23:13,2026-08-25T11:07:07,764.56,2026-08-25,C,748.0,15.02,17.61,282.0,50.0,16.81,0.0,0.9986,0.0008,-0.0021,0.001,0.0,17.0,55.0
2026-08-25 11:23:13,2026-08-25T11:07:07,764.56,2026-08-25,P,748.0,0.0,0.01,0.0,2818.0,0.02,0.3194,-0.0014,0.0008,-0.0021,0.001,0.0,9394.0,7283.0
2026-08-25 11:23:13,2026-08-25T11:07:07,764.56,2026-08-25,C,749.0,13.86,16.61,273.0,49.0,16.73,0.0,0.9981,0.0011,-0.0028,0.0013,0.0,0.0,59.0
2026-08-25 11:23:13,2026-08-25T11:07:07,764.56,2026-08-25,P,749.0,0.01,0.02,2668.0,2846.0,0.01,0.3393,-0.0019,0.0011,-0.0028,0.0013,0.0,1261.0,1627.0
2026-08-25 11:23:13,2026-08-25T11:07:07,764.56,2026-08-25,C,750.0,14.38,14.6,288.0,100.0,14.24,0.0,0.9975,0.0015,-0.0037,0.0017,0.0,17.0,125.0
2026-08-25 11:23:13,2026-08-25T11:07:07,764.56,2026-08-25,P,750.0,0.01,0.02,2697.0,2846.0,0.01,0.3197,-0.0025,0.0015,-0.0037,0.0017,0.0,997.0,3718.0
2026-08-25 11:23:13,2026-08-25T11:07:07,764.56,2026-08-25,C,751.0,13.41,13.61,152.0,73.0,14.42,0.0,0.9966,0.002,-0.005,0.0022,0.0,4.0,38.0
2026-08-25 11:23:13,2026-08-25T11:07:07,764.56,2026-08-25,P,751.0,0.01,0.02,2696.0,2846.0,0.02,0.3,-0.0034,0.002,-0.005,0.0022,0.0,735.0,3805.0
2026-08-25 11:23:13,2026-08-25T11:07:07,764.56,2026-08-25,C,752.0,12.39,12.61,102.0,102.0,12.29,0.0,0.9954,0.0028,-0.0068,0.0029,0.0,15.0,32.0
2026-08-25 11:23:13,2026-08-25T11:07:07,764.56,2026-08-25,P,752.0,0.01,0.02,2697.0,2848.0,0.02,0.2802,-0.0046,0.0028,-0.0068,0.0029,0.0,1235.0,2503.0
2026-08-25 11:23:13,2026-08-25T11:07:07,764.56,2026-08-25,C,753.0,11.41,11.61,95.0,77.0,11.55,0.0,0.9936,0.0038,-0.0093,0.0038,0.0,8.0,281.0
2026-08-25 11:23:13,2026-08-25T11:07:07,764.56,2026-08-25,P,753.0,0.01,0.02,3695.0,3721.0,0.02,0.2603,-0.0064,0.0038,-0.0093,0.0038,0.0,3993.0,4515.0
2026-08-25 11:23:13,2026-08-25T11:07:07,764.56,2026-08-25,C,754.0,10.5,11.48,66.0,137.0,10.65,0.4542,0.9913,0.0053,-0.0127,0.005,0.0,20.0,39.0
2026-08-25 11:23:13,2026-08-25T11:07:07,764.56,2026-08-25,P,754.0,0.01,0.02,3652.0,2776.0,0.02,0.2402,-0.0087,0.0053,-0.0127,0.005,0.0,7559.0,6602.0
2026-08-25 11:23:13,2026-08-25T11:07:07,764.56,2026-08-25,C,755.0,9.39,9.65,66.0,68.0,9.5,0.2092,0.988,0.0074,-0.0173,0.0066,0.0,30.0,118.0
2026-08-25 11:23:13,2026-08-25T11:07:07,764.56,2026-08-25,P,755.0,0.02,0.03,1161.0,3725.0,0.02,0.2357,-0.012,0.0074,-0.0173,0.0066,0.0,4584.0,7774.0
2026-08-25 11:23:13,2026-08-25T11:07:07,764.56,2026-08-25,C,756.0,8.41,8.61,66.0,66.0,8.79,0.0,0.9833,0.0103,-0.0238,0.0087,0.0,300.0,129.0
2026-08-25 11:23:13,2026-08-25T11:07:07,764.56,2026-08-25,P,756.0,0.02,0.03,3336.0,3552.0,0.02,0.2141,-0.0167,0.0103,-0.0238,0.0087,0.0,3653.0,5870.0
2026-08-25 11:23:13,2026-08-25T11:07:07,764.56,2026-08-25,C,757.0,7.43,7.61,66.0,74.0,7.65,0.0,0.9767,0.0145,-0.0327,0.0114,0.0,199.0,251.0
2026-08-25 11:23:13,2026-08-25T11:07:07,764.56,2026-08-25,P,757.0,0.02,0.03,3454.0,2751.0,0.02,0.1923,-0.0233,0.0145,-0.0327,0.0114,0.0,10728.0,4522.0
2026-08-25 11:23:13,2026-08-25T11:07:07,764.56,2026-08-25,C,758.0,6.45,6.62,66.0,100.0,6.5,0.0,0.9673,0.0206,-0.0452,0.0151,0.0,204.0,242.0
2026-08-25 11:23:13,2026-08-25T11:07:07,764.56,2026-08-25,P,758.0,0.03,0.04,3200.0,3339.0,0.04,0.1796,-0.0327,0.0206,-0.0452,0.0151,0.0,10527.0,4927.0
2026-08-25 11:23:13,2026-08-25T11:07:07,764.56,2026-08-25,C,759.0,5.45,5.63,72.0,63.0,5.55,0.1369,0.9536,0.0295,-0.0628,0.0199,0.0,423.0,747.0
2026-08-25 11:23:13,2026-08-25T11:07:07,764.56,2026-08-25,P,759.0,0.04,0.05,3134.0,1431.0,0.05,0.1633,-0.0464,0.0295,-0.0628,0.0199,0.0,47146.0,8086.0
2026-08-25 11:23:13,2026-08-25T11:07:07,764.56,2026-08-25,C,760.0,4.47,4.65,113.0,68.0,4.65,0.1323,0.9334,0.0428,-0.088,0.0262,0.0,1537.0,792.0
2026-08-25 11:23:13,2026-08-25T11:07:07,764.56,2026-08-25,P,760.0,0.07,0.08,1083.0,2169.0,0.08,0.1537,-0.0666,0.0428,-0.088,0.0262,0.0,79690.0,12864.0
2026-08-25 11:23:13,2026-08-25T11:07:07,764.56,2026-08-25,C,761.0,3.64,3.67,36.0,24.0,3.64,0.1436,0.9015,0.0636,-0.1269,0.0348,0.0,2124.0,551.0
2026-08-25 11:23:13,2026-08-25T11:07:07,764.56,2026-08-25,P,761.0,0.11,0.12,543.0,2397.0,0.11,0.1404,-0.0985,0.0636,-0.1269,0.0348,0.0,82991.0,6950.0
2026-08-25 11:23:13,2026-08-25T11:07:07,764.56,2026-08-25,C,762.0,2.7,2.72,19.0,48.0,2.71,0.1296,0.8471,0.096,-0.1959,0.0465,0.0,6598.0,2460.0
2026-08-25 11:23:13,2026-08-25T11:07:07,764.56,2026-08-25,P,762.0,0.18,0.19,766.0,1143.0,0.19,0.1273,-0.1529,0.096,-0.1959,0.0465,0.0,67862.0,10257.0
2026-08-25 11:23:13,2026-08-25T11:07:07,764.56,2026-08-25,C,763.0,1.84,1.87,160.0,245.0,1.88,0.1201,0.7504,0.1416,-0.3343,0.0613,0.0,15591.0,4816.0
2026-08-25 11:23:13,2026-08-25T11:07:07,764.56,2026-08-25,P,763.0,0.32,0.33,582.0,420.0,0.33,0.1184,-0.2496,0.1416,-0.3343,0.0613,0.0,142870.0,7137.0
2026-08-25 11:23:13,2026-08-25T11:07:07,764.56,2026-08-25,C,764.0,1.14,1.15,266.0,98.0,1.15,0.1125,0.5964,0.1842,-0.6085,0.0736,0.0,64043.0,9545.0
2026-08-25 11:23:13,2026-08-25T11:07:07,764.56,2026-08-25,P,764.0,0.6,0.61,86.0,300.0,0.61,0.1119,-0.4036,0.1842,-0.6085,0.0736,0.0,244437.0,9840.0
2026-08-25 11:23:13,2026-08-25T11:07:07,764.56,2026-08-25,C,765.0,0.6,0.61,1.0,479.0,0.61,0.108,0.4058,0.1898,-0.594,0.0737,0.0,203308.0,8765.0
2026-08-25 11:23:13,2026-08-25T11:07:07,764.56,2026-08-25,P,765.0,1.06,1.08,264.0,270.0,1.06,0.1066,-0.5942,0.1898,-0.594,0.0737,0.0,249207.0,4800.0
2026-08-25 11:23:13,2026-08-25T11:07:07,764.56,2026-08-25,C,766.0,0.28,0.29,843.0,518.0,0.28,0.1072,0.2357,0.1492,-0.2847,0.0597,0.0,250176.0,5889.0
2026-08-25 11:23:13,2026-08-25T11:07:07,764.56,2026-08-25,P,766.0,1.74,1.77,144.0,58.0,1.74,0.1055,-0.7643,0.1492,-0.2847,0.0597,0.0,155052.0,2066.0
2026-08-25 11:23:13,2026-08-25T11:07:07,764.56,2026-08-25,C,767.0,0.13,0.14,1027.0,1836.0,0.13,0.1117,0.1261,0.0955,-0.1357,0.0414,0.0,222784.0,6629.0
2026-08-25 11:23:13,2026-08-25T11:07:07,764.56,2026-08-25,P,767.0,2.59,2.6,24.0,4.0,2.59,0.109,-0.8739,0.0955,-0.1357,0.0414,0.0,47798.0,2126.0
2026-08-25 11:23:13,2026-08-25T11:07:07,764.56,2026-08-25,C,768.0,0.07,0.08,985.0,2152.0,0.07,0.1253,0.0682,0.0564,-0.0698,0.0272,0.0,142938.0,6087.0
2026-08-25 11:23:13,2026-08-25T11:07:07,764.56,2026-08-25,P,768.0,3.48,3.68,118.0,122.0,3.55,0.1376,-0.9318,0.0564,-0.0698,0.0272,0.0,12422.0,1140.0
2026-08-25 11:23:13,2026-08-25T11:07:07,764.56,2026-08-25,C,769.0,0.04,0.05,3108.0,2561.0,0.05,0.1373,0.0406,0.034,-0.0418,0.0184,0.0,66311.0,3680.0
2026-08-25 11:23:13,2026-08-25T11:07:07,764.56,2026-08-25,P,769.0,4.45,4.67,108.0,92.0,4.53,0.1586,-0.9594,0.034,-0.0418,0.0184,0.0,4300.0,1580.0
2026-08-25 11:23:13,2026-08-25T11:07:07,764.56,2026-08-25,C,770.0,0.03,0.04,2633.0,2584.0,0.04,0.1546,0.0292,0.023,-0.0321,0.0141,0.0,44063.0,7341.0
2026-08-25 11:23:13,2026-08-25T11:07:07,764.56,2026-08-25,P,770.0,5.45,5.6,89.0,72.0,5.43,0.1831,-0.9708,0.023,-0.0321,0.0141,0.0,1668.0,774.0
2026-08-25 11:23:13,2026-08-25T11:07:07,764.56,2026-08-25,C,771.0,0.02,0.03,2832.0,2684.0,0.03,0.1684,0.0242,0.0174,-0.0293,0.012,0.0,19066.0,4829.0
2026-08-25 11:23:13,2026-08-25T11:07:07,764.56,2026-08-25,P,771.0,6.43,6.63,101.0,195.0,6.53,0.1952,-0.9758,0.0174,-0.0293,0.012,0.0,412.0,35.0
2026-08-25 11:23:13,2026-08-25T11:07:07,764.56,2026-08-25,C,772.0,0.02,0.03,3237.0,3817.0,0.03,0.19,0.0208,0.0137,-0.0277,0.0105,0.0,9879.0,3798.0
2026-08-25 11:23:13,2026-08-25T11:07:07,764.56,2026-08-25,P,772.0,7.43,7.63,105.0,195.0,7.66,0.2124,-0.9792,0.0137,-0.0277,0.0105,0.0,184.0,1458.0
2026-08-25 11:23:13,2026-08-25T11:07:07,764.56,2026-08-25,C,773.0,0.01,0.02,3206.0,3020.0,0.01,0.1974,0.0181,0.011,-0.0261,0.0093,0.0,5660.0,8118.0
2026-08-25 11:23:13,2026-08-25T11:07:07,764.56,2026-08-25,P,773.0,8.24,9.49,157.0,225.0,8.65,0.3655,-0.9818,0.0111,-0.0262,0.0093,0.0,33.0,28.0
2026-08-25 11:23:13,2026-08-25T11:07:07,764.56,2026-08-25,C,774.0,0.01,0.02,3138.0,3110.0,0.01,0.2174,0.0159,0.0091,-0.0246,0.0083,0.0,3957.0,2745.0
2026-08-25 11:23:13,2026-08-25T11:07:07,764.56,2026-08-25,P,774.0,9.42,9.7,66.0,155.0,9.6,0.2768,-0.984,0.0091,-0.0246,0.0083,0.0,48.0,1.0
2026-08-25 11:23:13,2026-08-25T11:07:07,764.56,2026-08-25,C,775.0,0.01,0.02,2841.0,2841.0,0.01,0.237,0.0141,0.0075,-0.023,0.0074,0.0,4421.0,3513.0
2026-08-25 11:23:13,2026-08-25T11:07:07,764.56,2026-08-25,P,775.0,10.42,10.61,150.0,152.0,10.58,0.285,-0.9859,0.0076,-0.0231,0.0074,0.0,241.0,894.0
2026-08-25 11:23:13,2026-08-25T11:07:07,764.56,2026-08-25,C,776.0,0.01,0.02,2841.0,2841.0,0.02,0.2565,0.0124,0.0063,-0.0215,0.0066,0.0,1441.0,2955.0
2026-08-25 11:23:13,2026-08-25T11:07:07,764.56,2026-08-25,P,776.0,11.38,12.46,81.0,133.0,11.4,0.4716,-0.9875,0.0064,-0.0215,0.0066,0.0,81.0,19.0
2026-08-25 11:23:13,2026-08-25T11:07:07,764.56,2026-08-25,C,777.0,0.01,0.02,2341.0,2961.0,0.01,0.2757,0.011,0.0054,-0.02,0.006,0.0,7194.0,1546.0
2026-08-25 11:23:13,2026-08-25T11:07:07,764.56,2026-08-25,P,777.0,12.42,12.61,152.0,108.0,12.43,0.3341,-0.9889,0.0054,-0.02,0.006,0.0,43.0,13.0
2026-08-25 11:23:13,2026-08-25T11:07:07,764.56,2026-08-25,C,778.0,0.0,0.01,0.0,2561.0,0.01,0.2614,0.0098,0.0046,-0.0184,0.0054,0.0,6609.0,1297.0
2026-08-25 11:23:13,2026-08-25T11:07:07,764.56,2026-08-25,P,778.0,13.35,14.46,62.0,174.0,12.0,0.5252,-0.9902,0.0046,-0.0185,0.0054,0.0,1.0,0.0
2026-08-25 11:23:13,2026-08-25T11:07:07,764.56,2026-08-25,C,779.0,0.0,0.01,0.0,2693.0,0.01,0.2786,0.0086,0.0039,-0.0169,0.0048,0.0,34.0,1129.0
2026-08-25 11:23:13,2026-08-25T11:07:07,764.56,2026-08-25,P,779.0,14.42,16.13,43.0,100.0,15.5,0.6634,-0.9913,0.0039,-0.0169,0.0048,0.0,0.0,28.0
2026-08-25 11:23:13,2026-08-25T11:07:07,764.56,2026-08-25,C,780.0,0.0,0.01,0.0,2693.0,0.01,0.2957,0.0076,0.0033,-0.0154,0.0043,0.0,169.0,3628.0
2026-08-25 11:23:13,2026-08-25T11:07:07,764.56,2026-08-25,P,780.0,15.42,15.67,44.0,100.0,15.15,0.4096,-0.9924,0.0033,-0.0154,0.0043,0.0,2.0,0.0
2026-08-25 11:23:13,2026-08-25T11:07:07,764.56,2026-08-25,C,781.0,0.0,0.01,0.0,2693.0,0.01,0.3126,0.0067,0.0028,-0.0139,0.0038,0.0,27.0,779.0
2026-08-25 11:23:13,2026-08-25T11:07:07,764.56,2026-08-25,P,781.0,16.42,17.97,43.0,100.0,16.37,0.704,-0.9933,0.0028,-0.0139,0.0038,0.0,11.0,0.0
2026-08-25 11:23:13,2026-08-25T11:07:07,764.56,2026-08-25,C,782.0,0.0,0.01,0.0,2693.0,0.01,0.3295,0.0058,0.0024,-0.0124,0.0034,0.0,73.0,1044.0
2026-08-25 11:23:13,2026-08-25T11:07:07,764.56,2026-08-25,P,782.0,17.42,17.64,43.0,197.0,17.17,0.431,-0.9942,0.0024,-0.0124,0.0034,0.0,2.0,1.0
2026-08-25 11:23:13,2026-08-25T11:07:07,764.56,2026-08-25,C,783.0,0.0,0.01,0.0,2693.0,0.01,0.3462,0.005,0.002,-0.0108,0.0029,0.0,12.0,968.0
2026-08-25 11:23:13,2026-08-25T11:07:07,764.56,2026-08-25,P,783.0,18.42,18.61,25.0,100.0,18.46,0.4451,-0.995,0.002,-0.0109,0.003,0.0,5.0,0.0
2026-08-25 11:23:13,2026-08-25T11:07:07,764.56,2026-08-25,C,784.0,0.0,0.01,0.0,2693.0,0.01,0.3629,0.0043,0.0017,-0.0093,0.0025,0.0,14.0,1194.0
2026-08-25 11:23:13,2026-08-25T11:07:07,764.56,2026-08-25,P,784.0,19.41,19.6,44.0,100.0,19.41,0.4788,-0.9957,0.0017,-0.0094,0.0026,0.0,7.0,0.0
2026-08-25 11:23:13,2026-08-25T11:07:07,764.56,2026-08-25,C,785.0,0.0,0.01,0.0,2693.0,0.01,0.3794,0.0036,0.0014,-0.0078,0.0022,0.0,41.0,3167.0
2026-08-25 11:23:13,2026-08-25T11:07:07,764.56,2026-08-25,P,785.0,20.41,20.61,44.0,50.0,20.49,0.4928,-0.9964,0.0014,-0.0079,0.0022,0.0,8.0,0.0
2026-08-25 11:23:13,2026-08-25T11:07:07,764.56,2026-08-25,C,786.0,0.0,0.01,0.0,2634.0,0.01,0.3959,0.0029,0.0012,-0.0063,0.0018,0.0,8.0,1174.0
2026-08-25 11:23:13,2026-08-25T11:07:07,764.56,2026-08-25,P,786.0,21.41,21.61,44.0,100.0,21.44,0.5057,-0.9971,0.0012,-0.0064,0.0018,0.0,11.0,0.0
2026-08-25 11:23:13,2026-08-25T11:07:07,764.56,2026-08-25,C,787.0,0.0,0.01,0.0,2753.0,0.01,0.4123,0.0022,0.0009,-0.0049,0.0014,0.0,374.0,876.0
2026-08-25 11:23:13,2026-08-25T11:07:07,764.56,2026-08-25,P,787.0,22.41,22.6,45.0,100.0,22.32,0.5176,-0.9978,0.0009,-0.0049,0.0014,0.0,6.0,0.0
2026-08-25 11:23:13,2026-08-25T11:07:07,764.56,2026-08-25,C,788.0,0.0,0.01,0.0,2754.0,0.01,0.4286,0.0016,0.0007,-0.0034,0.0011,0.0,17.0,1884.0
2026-08-25 11:23:13,2026-08-25T11:07:07,764.56,2026-08-25,P,788.0,23.41,23.64,43.0,259.0,23.27,0.5456,-0.9984,0.0007,-0.0035,0.0011,0.0,6.0,0.0
2026-08-25 11:23:13,2026-08-25T11:07:07,764.56,2026-08-25,C,789.0,0.0,0.01,0.0,2754.0,0.01,0.4449,0.0011,0.0005,-0.0022,0.0007,0.0,3.0,1582.0
2026-08-25 11:23:13,2026-08-25T11:07:07,764.56,2026-08-25,P,789.0,24.41,24.58,44.0,44.0,24.31,0.5567,-0.9989,0.0005,-0.0022,0.0007,0.0,4.0,0.0
2026-08-25 11:23:13,2026-08-25T11:07:07,764.56,2026-08-25,C,790.0,0.0,0.01,0.0,3420.0,0.01,0.4611,0.0006,0.0003,-0.0012,0.0004,0.0,3.0,2383.0
2026-08-25 11:23:13,2026-08-25T11:07:07,764.56,2026-08-25,P,790.0,25.4,25.58,44.0,44.0,25.26,0.6008,-0.9994,0.0003,-0.0012,0.0004,0.0,5.0,0.0
2026-08-25 11:23:13,2026-08-25T11:07:07,764.56,2026-08-25,C,791.0,0.0,0.01,0.0,2754.0,0.02,0.4772,0.0003,0.0001,-0.0006,0.0002,0.0,0.0,413.0
2026-08-25 11:23:13,2026-08-25T11:07:07,764.56,2026-08-25,P,791.0,26.4,26.63,45.0,45.0,26.03,0.5954,-0.9997,0.0001,-0.0006,0.0002,0.0,6.0,0.0
2026-08-25 11:23:13,2026-08-25T11:07:07,764.56,2026-08-25,C,792.0,0.0,0.01,0.0,2754.0,0.01,0.4932,0.0001,0.0001,-0.0002,0.0001,0.0,0.0,388.0
2026-08-25 11:23:13,2026-08-25T11:07:07,764.56,2026-08-25,P,792.0,27.41,27.63,44.0,44.0,27.32,0.6325,-0.9998,0.0001,-0.0002,0.0001,0.0,3.0,0.0
2026-08-25 11:23:13,2026-08-25T11:07:07,764.56,2026-08-25,C,793.0,0.0,0.01,0.0,2254.0,0.01,0.5092,0.0001,0.0,-0.0001,0.0001,0.0,0.0,719.0
2026-08-25 11:23:13,2026-08-25T11:07:07,764.56,2026-08-25,P,793.0,28.39,30.15,43.0,43.0,29.57,1.0669,-0.9999,0.0,-0.0001,0.0001,0.0,0.0,0.0
2026-08-25 11:23:13,2026-08-25T11:07:07,764.56,2026-08-25,C,794.0,0.0,0.01,0.0,2254.0,0.01,0.5251,0.0001,0.0,-0.0001,0.0,0.0,2.0,366.0
2026-08-25 11:23:13,2026-08-25T11:07:07,764.56,2026-08-25,P,794.0,29.36,31.15,43.0,43.0,31.55,1.0892,-0.9999,0.0,-0.0001,0.0,0.0,0.0,0.0
2026-08-25 11:23:13,2026-08-25T11:07:07,764.56,2026-08-25,C,795.0,0.0,0.01,0.0,2254.0,0.01,0.5409,0.0001,0.0,-0.0001,0.0,0.0,0.0,321.0
2026-08-25 11:23:13,2026-08-25T11:07:07,764.56,2026-08-25,P,795.0,30.4,32.15,43.0,43.0,32.57,1.1268,-0.9999,0.0,-0.0001,0.0,0.0,0.0,0.0
2026-08-25 11:23:13,2026-08-25T11:07:07,764.56,2026-08-25,C,796.0,0.0,0.01,0.0,2254.0,0.01,0.5567,0.0,0.0,-0.0001,0.0,0.0,0.0,327.0
2026-08-25 11:23:13,2026-08-25T11:07:07,764.56,2026-08-25,P,796.0,31.22,33.15,25.0,25.0,33.53,1.1177,-1.0,0.0,-0.0001,0.0,0.0,0.0,0.0
2026-08-25 11:23:13,2026-08-25T11:07:07,764.56,2026-08-25,C,797.0,0.0,0.01,0.0,2254.0,0.04,0.5725,0.0,0.0,-0.0001,0.0,0.0,0.0,49.0
2026-08-25 11:23:13,2026-08-25T11:07:07,764.56,2026-08-25,P,797.0,32.4,34.14,25.0,25.0,34.56,1.1827,-1.0,0.0,-0.0001,0.0,0.0,0.0,0.0
2026-08-25 11:23:13,2026-08-25T11:07:07,764.56,2026-08-25,C,798.0,0.0,0.01,0.0,2254.0,0.01,0.5881,0.0,0.0,-0.0001,0.0,0.0,2.0,43.0
2026-08-25 11:23:13,2026-08-25T11:07:07,764.56,2026-08-25,P,798.0,33.13,35.15,25.0,25.0,0.0,1.1527,-1.0,0.0,-0.0001,0.0,0.0,0.0,0.0
2026-08-25 11:23:13,2026-08-25T11:07:07,764.56,2026-08-25,C,799.0,0.0,0.01,0.0,2253.0,0.01,0.6038,0.0,0.0,-0.0001,0.0,0.0,0.0,117.0
2026-08-25 11:23:13,2026-08-25T11:07:07,764.56,2026-08-25,P,799.0,34.23,36.15,25.0,25.0,30.0,1.1985,-1.0,0.0,-0.0001,0.0,0.0,0.0,0.0
2026-08-25 11:23:13,2026-08-25T11:07:07,764.56,2026-08-25,C,800.0,0.0,0.01,0.0,2254.0,0.01,0.6193,0.0,0.0,-0.0001,0.0,0.0,0.0,577.0
2026-08-25 11:23:13,2026-08-25T11:07:07,764.56,2026-08-25,P,800.0,35.35,37.15,25.0,25.0,35.67,1.2477,-1.0,0.0,-0.0001,0.0,0.0,1.0,1.0
2026-08-25 11:23:13,2026-08-25T11:07:07,764.56,2026-08-25,C,801.0,0.0,0.01,0.0,2254.0,0.01,0.6348,0.0,0.0,-0.0001,0.0,0.0,0.0,59.0
2026-08-25 11:23:13,2026-08-25T11:07:07,764.56,2026-08-25,P,801.0,36.22,38.15,25.0,25.0,0.0,1.2483,-1.0,0.0,-0.0001,0.0,0.0,0.0,0.0
2026-08-25 11:23:13,2026-08-25T11:07:07,764.56,2026-08-25,C,802.0,0.0,0.01,0.0,2254.0,0.01,0.6503,0.0,0.0,-0.0001,0.0,0.0,2.0,94.0
2026-08-25 11:23:13,2026-08-25T11:07:07,764.56,2026-08-25,P,802.0,35.92,39.15,25.0,25.0,0.0,0.8132,-1.0,0.0,-0.0001,0.0,0.0,0.0,0.0
2026-08-25 11:28:14,2026-08-25T11:12:07,764.77,2026-08-25,C,727.0,37.63,37.83,45.0,44.0,37.61,0.0,1.0,0.0,0.0,0.0,0.0,54.0,1.0
2026-08-25 11:28:14,2026-08-25T11:12:07,764.77,2026-08-25,P,727.0,0.0,0.01,0.0,2229.0,0.01,0.6927,0.0,0.0,0.0,0.0,0.0,0.0,181.0
2026-08-25 11:28:14,2026-08-25T11:12:07,764.77,2026-08-25,C,728.0,36.63,36.82,45.0,45.0,37.5,0.0,1.0,0.0,0.0,0.0,0.0,2.0,1.0
2026-08-25 11:28:14,2026-08-25T11:12:07,764.77,2026-08-25,P,728.0,0.0,0.01,0.0,2229.0,0.01,0.6754,0.0,0.0,0.0,0.0,0.0,0.0,602.0
2026-08-25 11:28:14,2026-08-25T11:12:07,764.77,2026-08-25,C,729.0,34.01,37.0,44.0,178.0,35.61,0.0,1.0,0.0,0.0,0.0,0.0,0.0,1.0
2026-08-25 11:28:14,2026-08-25T11:12:07,764.77,2026-08-25,P,729.0,0.0,0.01,0.0,2229.0,0.01,0.6582,0.0,0.0,0.0,0.0,0.0,0.0,415.0
2026-08-25 11:28:14,2026-08-25T11:12:07,764.77,2026-08-25,C,730.0,33.01,36.06,44.0,172.0,35.67,0.0,1.0,0.0,0.0,0.0,0.0,1.0,1.0
2026-08-25 11:28:14,2026-08-25T11:12:07,764.77,2026-08-25,P,730.0,0.0,0.01,0.0,2229.0,0.01,0.6409,0.0,0.0,0.0,0.0,0.0,0.0,2872.0
2026-08-25 11:28:14,2026-08-25T11:12:07,764.77,2026-08-25,C,731.0,32.01,35.1,44.0,172.0,34.72,0.0,1.0,0.0,0.0,0.0,0.0,1.0,4.0
2026-08-25 11:28:14,2026-08-25T11:12:07,764.77,2026-08-25,P,731.0,0.0,0.01,0.0,2229.0,0.01,0.6237,0.0,0.0,0.0,0.0,0.0,15.0,389.0
2026-08-25 11:28:14,2026-08-25T11:12:07,764.77,2026-08-25,C,732.0,31.01,34.1,50.0,206.0,41.55,0.0,1.0,0.0,0.0,0.0,0.0,0.0,13.0
2026-08-25 11:28:14,2026-08-25T11:12:07,764.77,2026-08-25,P,732.0,0.0,0.01,0.0,2228.0,0.01,0.6064,0.0,0.0,0.0,0.0,0.0,0.0,516.0
2026-08-25 11:28:14,2026-08-25T11:12:07,764.77,2026-08-25,C,733.0,30.01,33.1,50.0,206.0,31.65,0.0,1.0,0.0,0.0,0.0,0.0,2.0,1.0
2026-08-25 11:28:14,2026-08-25T11:12:07,764.77,2026-08-25,P,733.0,0.0,0.01,0.0,2228.0,0.01,0.5891,0.0,0.0,0.0,0.0,0.0,0.0,568.0
2026-08-25 11:28:14,2026-08-25T11:12:07,764.77,2026-08-25,C,734.0,29.01,32.1,45.0,207.0,31.16,0.0,1.0,0.0,0.0,0.0,0.0,2.0,1.0
2026-08-25 11:28:14,2026-08-25T11:12:07,764.77,2026-08-25,P,734.0,0.0,0.01,0.0,2729.0,0.01,0.5718,0.0,0.0,0.0,0.0,0.0,1.0,79.0
2026-08-25 11:28:14,2026-08-25T11:12:07,764.77,2026-08-25,C,735.0,28.01,31.1,45.0,201.0,29.24,0.0,1.0,0.0,0.0,0.0,0.0,0.0,5.0
2026-08-25 11:28:14,2026-08-25T11:12:07,764.77,2026-08-25,P,735.0,0.0,0.01,0.0,2728.0,0.01,0.5544,0.0,0.0,0.0,0.0,0.0,2.0,525.0
2026-08-25 11:28:14,2026-08-25T11:12:07,764.77,2026-08-25,C,736.0,27.01,30.1,50.0,206.0,29.63,0.0,1.0,0.0,-0.0001,0.0,0.0,2.0,7.0
2026-08-25 11:28:14,2026-08-25T11:12:07,764.77,2026-08-25,P,736.0,0.0,0.01,0.0,2728.0,0.02,0.5371,0.0,0.0,-0.0001,0.0,0.0,0.0,3303.0
2026-08-25 11:28:14,2026-08-25T11:12:07,764.77,2026-08-25,C,737.0,26.01,29.1,51.0,212.0,29.24,0.0,0.9999,0.0,-0.0001,0.0,0.0,4.0,10.0
2026-08-25 11:28:14,2026-08-25T11:12:07,764.77,2026-08-25,P,737.0,0.0,0.01,0.0,2728.0,0.01,0.5197,-0.0001,0.0,-0.0001,0.0,0.0,15.0,502.0
2026-08-25 11:28:14,2026-08-25T11:12:07,764.77,2026-08-25,C,738.0,25.01,28.1,50.0,206.0,25.46,0.0,0.9999,0.0,-0.0001,0.0001,0.0,0.0,4.0
2026-08-25 11:28:14,2026-08-25T11:12:07,764.77,2026-08-25,P,738.0,0.0,0.01,0.0,2728.0,0.01,0.5023,-0.0001,0.0,-0.0001,0.0001,0.0,18.0,451.0
2026-08-25 11:28:14,2026-08-25T11:12:07,764.77,2026-08-25,C,739.0,24.01,27.1,51.0,211.0,26.26,0.0,0.9999,0.0,-0.0001,0.0001,0.0,2.0,6.0
2026-08-25 11:28:14,2026-08-25T11:12:07,764.77,2026-08-25,P,739.0,0.0,0.01,0.0,2630.0,0.01,0.4849,-0.0001,0.0,-0.0001,0.0001,0.0,26.0,336.0
2026-08-25 11:28:14,2026-08-25T11:12:07,764.77,2026-08-25,C,740.0,24.64,24.82,52.0,46.0,24.74,0.0,0.9999,0.0001,-0.0002,0.0001,0.0,8.0,9.0
2026-08-25 11:28:14,2026-08-25T11:12:07,764.77,2026-08-25,P,740.0,0.0,0.01,0.0,2608.0,0.01,0.4674,-0.0001,0.0001,-0.0002,0.0001,0.0,310.0,685.0
2026-08-25 11:28:14,2026-08-25T11:12:07,764.77,2026-08-25,C,741.0,23.59,23.82,51.0,44.0,24.53,0.0,0.9998,0.0001,-0.0002,0.0001,0.0,4.0,2.0
2026-08-25 11:28:14,2026-08-25T11:12:07,764.77,2026-08-25,P,741.0,0.0,0.01,0.0,2608.0,0.01,0.45,-0.0002,0.0001,-0.0002,0.0001,0.0,364.0,561.0
2026-08-25 11:28:14,2026-08-25T11:12:07,764.77,2026-08-25,C,742.0,21.02,23.61,151.0,100.0,21.39,0.0,0.9998,0.0001,-0.0003,0.0002,0.0,0.0,3.0
2026-08-25 11:28:14,2026-08-25T11:12:07,764.77,2026-08-25,P,742.0,0.0,0.01,0.0,2768.0,0.01,0.4324,-0.0002,0.0001,-0.0003,0.0002,0.0,36.0,450.0
2026-08-25 11:28:14,2026-08-25T11:12:07,764.77,2026-08-25,C,743.0,20.05,22.61,100.0,44.0,23.11,0.0,0.9997,0.0002,-0.0004,0.0002,0.0,1.0,15.0
2026-08-25 11:28:14,2026-08-25T11:12:07,764.77,2026-08-25,P,743.0,0.0,0.01,0.0,2668.0,0.01,0.4149,-0.0003,0.0002,-0.0004,0.0002,0.0,29.0,568.0
2026-08-25 11:28:14,2026-08-25T11:12:07,764.77,2026-08-25,C,744.0,19.05,21.61,100.0,100.0,22.17,0.0,0.9996,0.0002,-0.0006,0.0003,0.0,2.0,19.0
2026-08-25 11:28:14,2026-08-25T11:12:07,764.77,2026-08-25,P,744.0,0.0,0.01,0.0,2703.0,0.01,0.3973,-0.0004,0.0002,-0.0006,0.0003,0.0,1542.0,903.0
2026-08-25 11:28:14,2026-08-25T11:12:07,764.77,2026-08-25,C,745.0,18.04,20.61,153.0,100.0,21.23,0.0,0.9995,0.0003,-0.0007,0.0004,0.0,1.0,23.0
2026-08-25 11:28:14,2026-08-25T11:12:07,764.77,2026-08-25,P,745.0,0.0,0.01,0.0,2698.0,0.01,0.3797,-0.0005,0.0003,-0.0007,0.0004,0.0,413.0,1025.0
2026-08-25 11:28:14,2026-08-25T11:12:07,764.77,2026-08-25,C,746.0,17.02,19.61,113.0,100.0,18.49,0.0,0.9993,0.0004,-0.001,0.0005,0.0,6.0,11.0
2026-08-25 11:28:14,2026-08-25T11:12:07,764.77,2026-08-25,P,746.0,0.0,0.01,0.0,2818.0,0.01,0.362,-0.0007,0.0004,-0.001,0.0005,0.0,9812.0,1605.0
2026-08-25 11:28:14,2026-08-25T11:12:07,764.77,2026-08-25,C,747.0,16.02,18.61,139.0,100.0,17.5,0.0,0.9991,0.0005,-0.0013,0.0006,0.0,2.0,74.0
2026-08-25 11:28:14,2026-08-25T11:12:07,764.77,2026-08-25,P,747.0,0.0,0.01,0.0,2818.0,0.01,0.3443,-0.0009,0.0005,-0.0013,0.0006,0.0,2887.0,2506.0
2026-08-25 11:28:14,2026-08-25T11:12:07,764.77,2026-08-25,C,748.0,15.02,17.61,108.0,100.0,16.81,0.0,0.9988,0.0007,-0.0017,0.0008,0.0,17.0,55.0
2026-08-25 11:28:14,2026-08-25T11:12:07,764.77,2026-08-25,P,748.0,0.0,0.01,0.0,2361.0,0.01,0.3266,-0.0012,0.0007,-0.0017,0.0008,0.0,10027.0,7283.0
2026-08-25 11:28:14,2026-08-25T11:12:07,764.77,2026-08-25,C,749.0,14.02,16.61,165.0,100.0,16.73,0.0,0.9984,0.001,-0.0023,0.0011,0.0,0.0,59.0
2026-08-25 11:28:14,2026-08-25T11:12:07,764.77,2026-08-25,P,749.0,0.01,0.02,2061.0,2874.0,0.01,0.3471,-0.0016,0.001,-0.0023,0.0011,0.0,1558.0,1627.0
2026-08-25 11:28:14,2026-08-25T11:12:07,764.77,2026-08-25,C,750.0,14.48,14.83,174.0,99.0,14.24,0.0,0.9978,0.0013,-0.0032,0.0014,0.0,17.0,125.0
2026-08-25 11:28:14,2026-08-25T11:12:07,764.77,2026-08-25,P,750.0,0.01,0.02,2693.0,2846.0,0.01,0.3274,-0.0021,0.0013,-0.0031,0.0014,0.0,1022.0,3718.0
2026-08-25 11:28:14,2026-08-25T11:12:07,764.77,2026-08-25,C,751.0,13.61,13.83,91.0,88.0,14.42,0.0,0.9971,0.0018,-0.0043,0.0019,0.0,4.0,38.0
2026-08-25 11:28:14,2026-08-25T11:12:07,764.77,2026-08-25,P,751.0,0.01,0.02,2692.0,2846.0,0.02,0.3076,-0.0029,0.0018,-0.0042,0.0019,0.0,735.0,3805.0
2026-08-25 11:28:14,2026-08-25T11:12:07,764.77,2026-08-25,C,752.0,12.65,12.83,64.0,64.0,12.29,0.0,0.996,0.0024,-0.0058,0.0025,0.0,15.0,32.0
2026-08-25 11:28:14,2026-08-25T11:12:07,764.77,2026-08-25,P,752.0,0.01,0.02,2697.0,2848.0,0.02,0.2877,-0.004,0.0024,-0.0058,0.0025,0.0,1235.0,2503.0
2026-08-25 11:28:14,2026-08-25T11:12:07,764.77,2026-08-25,C,753.0,11.61,11.83,62.0,64.0,11.55,0.0,0.9945,0.0034,-0.0079,0.0033,0.0,8.0,281.0
2026-08-25 11:28:14,2026-08-25T11:12:07,764.77,2026-08-25,P,753.0,0.01,0.02,2700.0,2853.0,0.02,0.2676,-0.0055,0.0034,-0.0079,0.0033,0.0,3993.0,4515.0
2026-08-25 11:28:14,2026-08-25T11:12:07,764.77,2026-08-25,C,754.0,10.68,10.86,148.0,117.0,10.65,0.0,0.9924,0.0047,-0.0109,0.0044,0.0,20.0,39.0
2026-08-25 11:28:14,2026-08-25T11:12:07,764.77,2026-08-25,P,754.0,0.01,0.02,3696.0,3680.0,0.01,0.2475,-0.0075,0.0046,-0.0108,0.0044,0.0,7564.0,6602.0
2026-08-25 11:28:14,2026-08-25T11:12:07,764.77,2026-08-25,C,755.0,9.39,9.83,52.0,50.0,9.59,0.0,0.9895,0.0065,-0.015,0.0058,0.0,31.0,118.0
2026-08-25 11:28:14,2026-08-25T11:12:07,764.77,2026-08-25,P,755.0,0.02,0.03,835.0,3946.0,0.02,0.2432,-0.0104,0.0065,-0.0149,0.0058,0.0,4833.0,7774.0
2026-08-25 11:28:14,2026-08-25T11:12:07,764.77,2026-08-25,C,756.0,8.61,8.83,66.0,64.0,8.79,0.0,0.9854,0.0092,-0.0206,0.0077,0.0,300.0,129.0
2026-08-25 11:28:14,2026-08-25T11:12:07,764.77,2026-08-25,P,756.0,0.02,0.03,2300.0,3849.0,0.02,0.2216,-0.0146,0.0091,-0.0205,0.0077,0.0,3663.0,5870.0
2026-08-25 11:28:14,2026-08-25T11:12:07,764.77,2026-08-25,C,757.0,7.66,7.84,66.0,66.0,7.65,0.0,0.9795,0.0129,-0.0285,0.0102,0.0,199.0,251.0
2026-08-25 11:28:14,2026-08-25T11:12:07,764.77,2026-08-25,P,757.0,0.02,0.03,3437.0,3594.0,0.03,0.1997,-0.0204,0.0128,-0.0283,0.0102,0.0,10818.0,4522.0
2026-08-25 11:28:14,2026-08-25T11:12:07,764.77,2026-08-25,C,758.0,6.7,6.85,66.0,66.0,6.64,0.0,0.9711,0.0184,-0.0395,0.0135,0.0,208.0,242.0
2026-08-25 11:28:14,2026-08-25T11:12:07,764.77,2026-08-25,P,758.0,0.03,0.04,1960.0,3750.0,0.03,0.1872,-0.0287,0.0183,-0.0393,0.0135,0.0,10603.0,4927.0
2026-08-25 11:28:14,2026-08-25T11:12:07,764.77,2026-08-25,C,759.0,5.73,5.86,72.0,72.0,5.68,0.1633,0.959,0.0264,-0.055,0.0179,0.0,425.0,747.0
2026-08-25 11:28:14,2026-08-25T11:12:07,764.77,2026-08-25,P,759.0,0.04,0.05,2174.0,3131.0,0.04,0.1711,-0.0407,0.0262,-0.0546,0.0178,0.0,47729.0,8086.0
2026-08-25 11:28:14,2026-08-25T11:12:07,764.77,2026-08-25,C,760.0,4.78,4.85,76.0,64.0,4.86,0.1517,0.9412,0.0384,-0.0769,0.0237,0.0,1561.0,792.0
2026-08-25 11:28:14,2026-08-25T11:12:07,764.77,2026-08-25,P,760.0,0.06,0.07,336.0,2797.0,0.06,0.1568,-0.0588,0.0384,-0.0769,0.0237,0.0,80201.0,12864.0
2026-08-25 11:28:14,2026-08-25T11:12:07,764.77,2026-08-25,C,761.0,3.82,3.9,54.0,85.0,3.84,0.142,0.9139,0.0568,-0.1094,0.0314,0.0,2155.0,551.0
2026-08-25 11:28:14,2026-08-25T11:12:07,764.77,2026-08-25,P,761.0,0.08,0.09,1901.0,1257.0,0.09,0.1383,-0.0861,0.0568,-0.1094,0.0314,0.0,84393.0,6950.0
2026-08-25 11:28:14,2026-08-25T11:12:07,764.77,2026-08-25,C,762.0,2.9,2.92,37.0,21.0,2.9,0.1242,0.8685,0.0862,-0.1635,0.042,0.0,6748.0,2460.0
2026-08-25 11:28:14,2026-08-25T11:12:07,764.77,2026-08-25,P,762.0,0.14,0.15,1293.0,1167.0,0.15,0.1268,-0.1315,0.0862,-0.1635,0.042,0.0,69077.0,10257.0
2026-08-25 11:28:14,2026-08-25T11:12:07,764.77,2026-08-25,C,763.0,2.01,2.04,157.0,153.0,2.02,0.1154,0.7866,0.131,-0.2701,0.0561,0.0,16278.0,4816.0
2026-08-25 11:28:14,2026-08-25T11:12:07,764.77,2026-08-25,P,763.0,0.26,0.27,564.0,508.0,0.26,0.1172,-0.2134,0.131,-0.2701,0.0561,0.0,148378.0,7137.0
2026-08-25 11:28:14,2026-08-25T11:12:07,764.77,2026-08-25,C,764.0,1.26,1.27,24.0,302.0,1.27,0.1085,0.6451,0.1816,-0.4936,0.0705,0.0,67099.0,9545.0
2026-08-25 11:28:14,2026-08-25T11:12:07,764.77,2026-08-25,P,764.0,0.49,0.5,437.0,358.0,0.5,0.1092,-0.3549,0.1816,-0.4936,0.0705,0.0,256090.0,9840.0
2026-08-25 11:28:14,2026-08-25T11:12:07,764.77,2026-08-25,C,765.0,0.67,0.68,516.0,71.0,0.68,0.1051,0.4521,0.2009,-0.6729,0.0746,0.0,209771.0,8765.0
2026-08-25 11:28:14,2026-08-25T11:12:07,764.77,2026-08-25,P,765.0,0.92,0.93,52.0,427.0,0.91,0.1065,-0.5479,0.2009,-0.6729,0.0746,0.0,253924.0,4800.0
2026-08-25 11:28:14,2026-08-25T11:12:07,764.77,2026-08-25,C,766.0,0.32,0.33,872.0,496.0,0.32,0.106,0.2666,0.1656,-0.322,0.0629,0.0,255470.0,5889.0
2026-08-25 11:28:14,2026-08-25T11:12:07,764.77,2026-08-25,P,766.0,1.55,1.58,114.0,116.0,1.57,0.106,-0.7334,0.1656,-0.322,0.0629,0.0,155805.0,2066.0
2026-08-25 11:28:14,2026-08-25T11:12:07,764.77,2026-08-25,C,767.0,0.14,0.15,1965.0,981.0,0.15,0.1094,0.1426,0.1078,-0.1523,0.0445,0.0,227686.0,6629.0
2026-08-25 11:28:14,2026-08-25T11:12:07,764.77,2026-08-25,P,767.0,2.38,2.4,1.0,82.0,2.39,0.1118,-0.8574,0.1078,-0.1523,0.0445,0.0,48001.0,2126.0
2026-08-25 11:28:14,2026-08-25T11:12:07,764.77,2026-08-25,C,768.0,0.07,0.08,2652.0,623.0,0.08,0.1193,0.0765,0.0636,-0.0774,0.0293,0.0,144950.0,6087.0
2026-08-25 11:28:14,2026-08-25T11:12:07,764.77,2026-08-25,P,768.0,3.26,3.43,72.0,100.0,3.3,0.1297,-0.9235,0.0636,-0.0774,0.0293,0.0,12437.0,1140.0
2026-08-25 11:28:14,2026-08-25T11:12:07,764.77,2026-08-25,C,769.0,0.04,0.05,3926.0,1112.0,0.04,0.1321,0.0442,0.0377,-0.0445,0.0195,0.0,66747.0,3680.0
2026-08-25 11:28:14,2026-08-25T11:12:07,764.77,2026-08-25,P,769.0,4.24,4.43,77.0,100.0,4.35,0.1548,-0.9558,0.0377,-0.0445,0.0195,0.0,4311.0,1580.0
2026-08-25 11:28:14,2026-08-25T11:12:07,764.77,2026-08-25,C,770.0,0.03,0.04,2822.0,2836.0,0.03,0.1499,0.0304,0.0248,-0.0325,0.0145,0.0,44123.0,7341.0
2026-08-25 11:28:14,2026-08-25T11:12:07,764.77,2026-08-25,P,770.0,5.22,5.4,72.0,78.0,5.28,0.1708,-0.9696,0.0248,-0.0325,0.0145,0.0,1688.0,774.0
2026-08-25 11:28:14,2026-08-25T11:12:07,764.77,2026-08-25,C,771.0,0.02,0.03,3021.0,2306.0,0.02,0.1636,0.0248,0.0184,-0.0291,0.0122,0.0,19070.0,4829.0
2026-08-25 11:28:14,2026-08-25T11:12:07,764.77,2026-08-25,P,771.0,6.21,6.39,68.0,66.0,6.53,0.1905,-0.9753,0.0183,-0.0291,0.0121,0.0,412.0,35.0
2026-08-25 11:28:14,2026-08-25T11:12:07,764.77,2026-08-25,C,772.0,0.02,0.03,2769.0,3099.0,0.02,0.1856,0.0213,0.0144,-0.0275,0.0106,0.0,10008.0,3798.0
2026-08-25 11:28:14,2026-08-25T11:12:07,764.77,2026-08-25,P,772.0,7.21,7.39,114.0,109.0,7.66,0.2149,-0.9788,0.0144,-0.0274,0.0106,0.0,184.0,1458.0
2026-08-25 11:28:14,2026-08-25T11:12:07,764.77,2026-08-25,C,773.0,0.01,0.02,3722.0,2095.0,0.02,0.193,0.0185,0.0116,-0.0259,0.0094,0.0,5669.0,8118.0
2026-08-25 11:28:14,2026-08-25T11:12:07,764.77,2026-08-25,P,773.0,8.21,8.58,48.0,149.0,8.41,0.2884,-0.9815,0.0115,-0.0259,0.0094,0.0,35.0,28.0
2026-08-25 11:28:14,2026-08-25T11:12:07,764.77,2026-08-25,C,774.0,0.01,0.02,3226.0,3074.0,0.01,0.2131,0.0162,0.0095,-0.0244,0.0084,0.0,3972.0,2745.0
2026-08-25 11:28:14,2026-08-25T11:12:07,764.77,2026-08-25,P,774.0,9.2,9.7,66.0,150.0,9.6,0.3375,-0.9838,0.0094,-0.0244,0.0083,0.0,48.0,1.0
2026-08-25 11:28:14,2026-08-25T11:12:07,764.77,2026-08-25,C,775.0,0.01,0.02,2841.0,2841.0,0.01,0.233,0.0143,0.0078,-0.0229,0.0075,0.0,4440.0,3513.0
2026-08-25 11:28:14,2026-08-25T11:12:07,764.77,2026-08-25,P,775.0,10.2,10.38,66.0,149.0,10.58,0.2771,-0.9857,0.0078,-0.0228,0.0074,0.0,241.0,894.0
2026-08-25 11:28:14,2026-08-25T11:12:07,764.77,2026-08-25,C,776.0,0.01,0.02,2841.0,2841.0,0.01,0.2526,0.0126,0.0066,-0.0214,0.0067,0.0,1456.0,2955.0
2026-08-25 11:28:14,2026-08-25T11:12:07,764.77,2026-08-25,P,776.0,11.19,12.44,69.0,105.0,11.4,0.5078,-0.9874,0.0066,-0.0213,0.0067,0.0,81.0,19.0
2026-08-25 11:28:14,2026-08-25T11:12:07,764.77,2026-08-25,C,777.0,0.01,0.02,2341.0,2996.0,0.01,0.2721,0.0112,0.0056,-0.0199,0.006,0.0,7505.0,1546.0
2026-08-25 11:28:14,2026-08-25T11:12:07,764.77,2026-08-25,P,777.0,12.19,12.37,59.0,75.0,12.43,0.3109,-0.9888,0.0055,-0.0198,0.006,0.0,43.0,13.0
2026-08-25 11:28:14,2026-08-25T11:12:07,764.77,2026-08-25,C,778.0,0.0,0.01,0.0,1971.0,0.01,0.2582,0.0099,0.0047,-0.0184,0.0054,0.0,7001.0,1297.0
2026-08-25 11:28:14,2026-08-25T11:12:07,764.77,2026-08-25,P,778.0,13.19,14.44,100.0,112.0,12.0,0.5698,-0.9901,0.0047,-0.0183,0.0054,0.0,1.0,0.0
2026-08-25 11:28:14,2026-08-25T11:12:07,764.77,2026-08-25,C,779.0,0.0,0.01,0.0,2693.0,0.01,0.2756,0.0088,0.004,-0.0169,0.0048,0.0,34.0,1129.0
2026-08-25 11:28:14,2026-08-25T11:12:07,764.77,2026-08-25,P,779.0,14.19,15.99,44.0,100.0,15.5,0.6729,-0.9913,0.004,-0.0168,0.0048,0.0,0.0,28.0
2026-08-25 11:28:14,2026-08-25T11:12:07,764.77,2026-08-25,C,780.0,0.0,0.01,0.0,2693.0,0.01,0.2928,0.0077,0.0034,-0.0154,0.0043,0.0,169.0,3628.0
2026-08-25 11:28:14,2026-08-25T11:12:07,764.77,2026-08-25,P,780.0,15.19,15.62,99.0,147.0,15.15,0.4733,-0.9923,0.0034,-0.0153,0.0043,0.0,2.0,0.0
2026-08-25 11:28:14,2026-08-25T11:12:07,764.77,2026-08-25,C,781.0,0.0,0.01,0.0,2693.0,0.01,0.3099,0.0068,0.0029,-0.0139,0.0038,0.0,27.0,779.0
2026-08-25 11:28:14,2026-08-25T11:12:07,764.77,2026-08-25,P,781.0,16.19,17.92,99.0,150.0,16.37,0.7273,-0.9932,0.0029,-0.0138,0.0038,0.0,11.0,0.0
2026-08-25 11:28:14,2026-08-25T11:12:07,764.77,2026-08-25,C,782.0,0.0,0.01,0.0,2693.0,0.01,0.3269,0.0059,0.0025,-0.0124,0.0034,0.0,73.0,1044.0
2026-08-25 11:28:14,2026-08-25T11:12:07,764.77,2026-08-25,P,782.0,17.19,17.51,44.0,100.0,17.17,0.4856,-0.9941,0.0025,-0.0123,0.0034,0.0,2.0,1.0
2026-08-25 11:28:14,2026-08-25T11:12:07,764.77,2026-08-25,C,783.0,0.0,0.01,0.0,2693.0,0.01,0.3438,0.0051,0.0021,-0.0109,0.003,0.0,12.0,968.0
2026-08-25 11:28:14,2026-08-25T11:12:07,764.77,2026-08-25,P,783.0,18.19,18.45,45.0,100.0,18.46,0.4828,-0.9949,0.0021,-0.0108,0.003,0.0,5.0,0.0
2026-08-25 11:28:14,2026-08-25T11:12:07,764.77,2026-08-25,C,784.0,0.0,0.01,0.0,2693.0,0.01,0.3606,0.0043,0.0018,-0.0094,0.0026,0.0,14.0,1194.0
2026-08-25 11:28:14,2026-08-25T11:12:07,764.77,2026-08-25,P,784.0,19.18,19.37,44.0,100.0,19.41,0.4483,-0.9957,0.0018,-0.0094,0.0026,0.0,7.0,0.0
2026-08-25 11:28:14,2026-08-25T11:12:07,764.77,2026-08-25,C,785.0,0.0,0.01,0.0,2693.0,0.01,0.3774,0.0036,0.0015,-0.0079,0.0022,0.0,41.0,3167.0
2026-08-25 11:28:14,2026-08-25T11:12:07,764.77,2026-08-25,P,785.0,20.18,20.39,45.0,100.0,20.49,0.4842,-0.9964,0.0015,-0.0079,0.0022,0.0,8.0,0.0
2026-08-25 11:28:14,2026-08-25T11:12:07,764.77,2026-08-25,C,786.0,0.0,0.01,0.0,2694.0,0.01,0.3944,0.0029,0.0012,-0.0064,0.0018,0.0,8.0,1174.0
2026-08-25 11:28:14,2026-08-25T11:12:07,764.77,2026-08-25,P,786.0,21.18,21.37,98.0,100.0,21.44,0.488,-0.9971,0.0012,-0.0064,0.0018,0.0,11.0,0.0
2026-08-25 11:28:14,2026-08-25T11:12:07,764.77,2026-08-25,C,787.0,0.0,0.01,0.0,2753.0,0.01,0.411,0.0023,0.0009,-0.0049,0.0014,0.0,374.0,876.0
2026-08-25 11:28:14,2026-08-25T11:12:07,764.77,2026-08-25,P,787.0,22.18,22.37,45.0,100.0,22.32,0.5076,-0.9977,0.0009,-0.005,0.0014,0.0,6.0,0.0
2026-08-25 11:28:14,2026-08-25T11:12:07,764.77,2026-08-25,C,788.0,0.0,0.01,0.0,2754.0,0.01,0.4274,0.0017,0.0007,-0.0035,0.0011,0.0,17.0,1884.0
2026-08-25 11:28:14,2026-08-25T11:12:07,764.77,2026-08-25,P,788.0,23.18,23.44,44.0,187.0,23.27,0.5792,-0.9983,0.0007,-0.0035,0.0011,0.0,6.0,0.0
2026-08-25 11:28:14,2026-08-25T11:12:07,764.77,2026-08-25,C,789.0,0.0,0.01,0.0,2754.0,0.01,0.4434,0.0011,0.0005,-0.0023,0.0008,0.0,3.0,1582.0
2026-08-25 11:28:14,2026-08-25T11:12:07,764.77,2026-08-25,P,789.0,24.18,24.38,44.0,45.0,24.31,0.5559,-0.9989,0.0005,-0.0022,0.0007,0.0,4.0,0.0
2026-08-25 11:28:14,2026-08-25T11:12:07,764.77,2026-08-25,C,790.0,0.0,0.01,0.0,3400.0,0.01,0.4597,0.0006,0.0003,-0.0012,0.0004,0.0,3.0,2383.0
2026-08-25 11:28:14,2026-08-25T11:12:07,764.77,2026-08-25,P,790.0,25.18,25.38,44.0,45.0,25.26,0.5755,-0.9994,0.0003,-0.0012,0.0004,0.0,5.0,0.0
2026-08-25 11:28:14,2026-08-25T11:12:07,764.77,2026-08-25,C,791.0,0.0,0.01,0.0,2254.0,0.02,0.476,0.0003,0.0001,-0.0006,0.0002,0.0,0.0,413.0
2026-08-25 11:28:14,2026-08-25T11:12:07,764.77,2026-08-25,P,791.0,26.18,26.37,44.0,46.0,26.03,0.5851,-0.9997,0.0001,-0.0005,0.0002,0.0,6.0,0.0
2026-08-25 11:28:14,2026-08-25T11:12:07,764.77,2026-08-25,C,792.0,0.0,0.01,0.0,2254.0,0.01,0.4921,0.0001,0.0001,-0.0002,0.0001,0.0,0.0,388.0
2026-08-25 11:28:14,2026-08-25T11:12:07,764.77,2026-08-25,P,792.0,27.18,27.37,45.0,45.0,27.32,0.6042,-0.9999,0.0001,-0.0002,0.0001,0.0,3.0,0.0
2026-08-25 11:28:14,2026-08-25T11:12:07,764.77,2026-08-25,C,793.0,0.0,0.01,0.0,2254.0,0.01,0.5087,0.0001,0.0,-0.0001,0.0001,0.0,0.0,719.0
2026-08-25 11:28:14,2026-08-25T11:12:07,764.77,2026-08-25,P,793.0,28.18,29.99,44.0,44.0,29.57,1.0896,-0.9999,0.0,-0.0001,0.0001,0.0,0.0,0.0
2026-08-25 11:28:14,2026-08-25T11:12:07,764.77,2026-08-25,C,794.0,0.0,0.01,0.0,2254.0,0.01,0.5247,0.0001,0.0,-0.0001,0.0,0.0,2.0,366.0
2026-08-25 11:28:14,2026-08-25T11:12:07,764.77,2026-08-25,P,794.0,29.18,30.99,44.0,44.0,31.55,1.1177,-0.9999,0.0,-0.0001,0.0,0.0,0.0,0.0
2026-08-25 11:28:14,2026-08-25T11:12:07,764.77,2026-08-25,C,795.0,0.0,0.01,0.0,2254.0,0.01,0.5407,0.0001,0.0,-0.0001,0.0,0.0,0.0,321.0
2026-08-25 11:28:14,2026-08-25T11:12:07,764.77,2026-08-25,P,795.0,30.18,31.98,44.0,187.0,32.57,1.1438,-0.9999,0.0,-0.0001,0.0,0.0,0.0,0.0
2026-08-25 11:28:14,2026-08-25T11:12:07,764.77,2026-08-25,C,796.0,0.0,0.01,0.0,2254.0,0.01,0.5566,0.0,0.0,-0.0001,0.0,0.0,0.0,327.0
2026-08-25 11:28:14,2026-08-25T11:12:07,764.77,2026-08-25,P,796.0,31.18,32.99,25.0,25.0,33.53,1.1731,-1.0,0.0,-0.0001,0.0,0.0,0.0,0.0
2026-08-25 11:28:14,2026-08-25T11:12:07,764.77,2026-08-25,C,797.0,0.0,0.01,0.0,2254.0,0.04,0.5725,0.0,0.0,-0.0001,0.0,0.0,0.0,49.0
2026-08-25 11:28:14,2026-08-25T11:12:07,764.77,2026-08-25,P,797.0,32.18,33.99,25.0,25.0,34.56,1.2006,-1.0,0.0,-0.0001,0.0,0.0,0.0,0.0
2026-08-25 11:28:14,2026-08-25T11:12:07,764.77,2026-08-25,C,798.0,0.0,0.01,0.0,2254.0,0.01,0.5883,0.0,0.0,-0.0001,0.0,0.0,2.0,43.0
2026-08-25 11:28:14,2026-08-25T11:12:07,764.77,2026-08-25,P,798.0,33.18,34.99,25.0,25.0,0.0,1.2279,-1.0,0.0,-0.0001,0.0,0.0,0.0,0.0
2026-08-25 11:28:14,2026-08-25T11:12:07,764.77,2026-08-25,C,799.0,0.0,0.01,0.0,2253.0,0.01,0.604,0.0,0.0,-0.0001,0.0,0.0,0.0,117.0
2026-08-25 11:28:14,2026-08-25T11:12:07,764.77,2026-08-25,P,799.0,34.18,35.99,25.0,25.0,30.0,1.2551,-1.0,0.0,-0.0001,0.0,0.0,0.0,0.0
2026-08-25 11:28:14,2026-08-25T11:12:07,764.77,2026-08-25,C,800.0,0.0,0.01,0.0,2254.0,0.01,0.6198,0.0,0.0,-0.0001,0.0,0.0,0.0,577.0
2026-08-25 11:28:14,2026-08-25T11:12:07,764.77,2026-08-25,P,800.0,35.18,36.99,25.0,25.0,35.67,1.282,-1.0,0.0,-0.0001,0.0,0.0,1.0,1.0
2026-08-25 11:28:14,2026-08-25T11:12:07,764.77,2026-08-25,C,801.0,0.0,0.01,0.0,2254.0,0.01,0.6354,0.0,0.0,-0.0001,0.0,0.0,0.0,59.0
2026-08-25 11:28:14,2026-08-25T11:12:07,764.77,2026-08-25,P,801.0,36.18,37.99,25.0,25.0,0.0,1.3089,-1.0,0.0,-0.0001,0.0,0.0,0.0,0.0
2026-08-25 11:28:14,2026-08-25T11:12:07,764.77,2026-08-25,C,802.0,0.0,0.01,0.0,2254.0,0.01,0.651,0.0,0.0,-0.0001,0.0,0.0,2.0,94.0
2026-08-25 11:28:14,2026-08-25T11:12:07,764.77,2026-08-25,P,802.0,35.92,38.99,25.0,25.0,0.0,1.0183,-1.0,0.0,-0.0001,0.0,0.0,0.0,0.0
2026-08-25 11:28:14,2026-08-25T11:12:07,764.77,2026-08-25,C,803.0,0.0,0.01,0.0,2254.0,0.01,0.6665,0.0,0.0,0.0,0.0,0.0,1.0,250.0
2026-08-25 11:28:14,2026-08-25T11:12:07,764.77,2026-08-25,P,803.0,36.9,39.99,25.0,25.0,0.0,1.0322,-1.0,0.0,0.0,0.0,0.0,0.0,0.0
2026-08-25 11:33:15,2026-08-25T11:17:07,764.79,2026-08-25,C,727.0,37.63,37.83,25.0,25.0,37.61,0.0,1.0,0.0,0.0,0.0,0.0,54.0,1.0
2026-08-25 11:33:15,2026-08-25T11:17:07,764.79,2026-08-25,P,727.0,0.0,0.01,0.0,2229.0,0.01,0.6975,0.0,0.0,0.0,0.0,0.0,0.0,181.0
2026-08-25 11:33:15,2026-08-25T11:17:07,764.79,2026-08-25,C,728.0,36.63,36.84,25.0,25.0,37.5,0.0,1.0,0.0,0.0,0.0,0.0,2.0,1.0
2026-08-25 11:33:15,2026-08-25T11:17:07,764.79,2026-08-25,P,728.0,0.0,0.01,0.0,2229.0,0.01,0.6801,0.0,0.0,0.0,0.0,0.0,0.0,602.0
2026-08-25 11:33:15,2026-08-25T11:17:07,764.79,2026-08-25,C,729.0,34.01,37.0,25.0,145.0,35.61,0.0,1.0,0.0,0.0,0.0,0.0,0.0,1.0
2026-08-25 11:33:15,2026-08-25T11:17:07,764.79,2026-08-25,P,729.0,0.0,0.01,0.0,2229.0,0.01,0.6628,0.0,0.0,0.0,0.0,0.0,0.0,415.0
2026-08-25 11:33:15,2026-08-25T11:17:07,764.79,2026-08-25,C,730.0,33.01,36.06,25.0,187.0,35.67,0.0,1.0,0.0,0.0,0.0,0.0,1.0,1.0
2026-08-25 11:33:15,2026-08-25T11:17:07,764.79,2026-08-25,P,730.0,0.0,0.01,0.0,2229.0,0.01,0.6454,0.0,0.0,0.0,0.0,0.0,0.0,2872.0
2026-08-25 11:33:15,2026-08-25T11:17:07,764.79,2026-08-25,C,731.0,32.01,35.1,25.0,143.0,34.72,0.0,1.0,0.0,0.0,0.0,0.0,1.0,4.0
2026-08-25 11:33:15,2026-08-25T11:17:07,764.79,2026-08-25,P,731.0,0.0,0.01,0.0,2229.0,0.01,0.628,0.0,0.0,0.0,0.0,0.0,15.0,389.0
2026-08-25 11:33:15,2026-08-25T11:17:07,764.79,2026-08-25,C,732.0,31.01,34.1,25.0,173.0,41.55,0.0,1.0,0.0,0.0,0.0,0.0,0.0,13.0
2026-08-25 11:33:15,2026-08-25T11:17:07,764.79,2026-08-25,P,732.0,0.0,0.01,0.0,2228.0,0.01,0.6106,0.0,0.0,0.0,0.0,0.0,0.0,516.0
2026-08-25 11:33:15,2026-08-25T11:17:07,764.79,2026-08-25,C,733.0,30.01,33.1,25.0,173.0,31.65,0.0,1.0,0.0,0.0,0.0,0.0,2.0,1.0
2026-08-25 11:33:15,2026-08-25T11:17:07,764.79,2026-08-25,P,733.0,0.0,0.01,0.0,2228.0,0.01,0.5932,0.0,0.0,0.0,0.0,0.0,0.0,568.0
2026-08-25 11:33:15,2026-08-25T11:17:07,764.79,2026-08-25,C,734.0,29.01,32.1,25.0,173.0,31.16,0.0,1.0,0.0,0.0,0.0,0.0,2.0,1.0
2026-08-25 11:33:15,2026-08-25T11:17:07,764.79,2026-08-25,P,734.0,0.0,0.01,0.0,2229.0,0.01,0.5757,0.0,0.0,0.0,0.0,0.0,1.0,79.0
2026-08-25 11:33:15,2026-08-25T11:17:07,764.79,2026-08-25,C,735.0,28.01,31.1,25.0,173.0,29.24,0.0,1.0,0.0,0.0,0.0,0.0,0.0,5.0
2026-08-25 11:33:15,2026-08-25T11:17:07,764.79,2026-08-25,P,735.0,0.0,0.01,0.0,2228.0,0.01,0.5583,0.0,0.0,0.0,0.0,0.0,2.0,525.0
2026-08-25 11:33:15,2026-08-25T11:17:07,764.79,2026-08-25,C,736.0,27.01,30.1,25.0,173.0,29.63,0.0,1.0,0.0,-0.0001,0.0,0.0,2.0,7.0
2026-08-25 11:33:15,2026-08-25T11:17:07,764.79,2026-08-25,P,736.0,0.0,0.01,0.0,2228.0,0.02,0.5408,0.0,0.0,-0.0001,0.0,0.0,0.0,3303.0
2026-08-25 11:33:15,2026-08-25T11:17:07,764.79,2026-08-25,C,737.0,26.01,29.1,25.0,179.0,29.24,0.0,0.9999,0.0,-0.0001,0.0,0.0,4.0,10.0
2026-08-25 11:33:15,2026-08-25T11:17:07,764.79,2026-08-25,P,737.0,0.0,0.01,0.0,2728.0,0.01,0.5233,-0.0001,0.0,-0.0001,0.0,0.0,15.0,502.0
2026-08-25 11:33:15,2026-08-25T11:17:07,764.79,2026-08-25,C,738.0,25.01,28.1,25.0,173.0,25.46,0.0,0.9999,0.0,-0.0001,0.0001,0.0,0.0,4.0
2026-08-25 11:33:15,2026-08-25T11:17:07,764.79,2026-08-25,P,738.0,0.0,0.01,0.0,2728.0,0.01,0.5058,-0.0001,0.0,-0.0001,0.0001,0.0,18.0,451.0
2026-08-25 11:33:15,2026-08-25T11:17:07,764.79,2026-08-25,C,739.0,24.01,27.1,25.0,179.0,26.26,0.0,0.9999,0.0,-0.0001,0.0001,0.0,2.0,6.0
2026-08-25 11:33:15,2026-08-25T11:17:07,764.79,2026-08-25,P,739.0,0.0,0.01,0.0,2630.0,0.01,0.4882,-0.0001,0.0001,-0.0001,0.0001,0.0,26.0,336.0
2026-08-25 11:33:15,2026-08-25T11:17:07,764.79,2026-08-25,C,740.0,24.63,24.84,25.0,25.0,24.74,0.0,0.9999,0.0001,-0.0002,0.0001,0.0,8.0,9.0
2026-08-25 11:33:15,2026-08-25T11:17:07,764.79,2026-08-25,P,740.0,0.0,0.01,0.0,2608.0,0.01,0.4707,-0.0001,0.0001,-0.0002,0.0001,0.0,310.0,685.0
2026-08-25 11:33:15,2026-08-25T11:17:07,764.79,2026-08-25,C,741.0,23.59,23.84,25.0,25.0,24.53,0.0,0.9998,0.0001,-0.0002,0.0001,0.0,4.0,2.0
2026-08-25 11:33:15,2026-08-25T11:17:07,764.79,2026-08-25,P,741.0,0.0,0.01,0.0,2608.0,0.01,0.4531,-0.0002,0.0001,-0.0002,0.0001,0.0,364.0,561.0
2026-08-25 11:33:15,2026-08-25T11:17:07,764.79,2026-08-25,C,742.0,21.02,23.61,108.0,118.0,21.39,0.0,0.9998,0.0001,-0.0003,0.0002,0.0,0.0,3.0
2026-08-25 11:33:15,2026-08-25T11:17:07,764.79,2026-08-25,P,742.0,0.0,0.01,0.0,2708.0,0.01,0.4354,-0.0002,0.0001,-0.0003,0.0002,0.0,36.0,450.0
2026-08-25 11:33:15,2026-08-25T11:17:07,764.79,2026-08-25,C,743.0,20.05,22.61,159.0,119.0,23.11,0.0,0.9997,0.0002,-0.0004,0.0002,0.0,1.0,15.0
2026-08-25 11:33:15,2026-08-25T11:17:07,764.79,2026-08-25,P,743.0,0.0,0.01,0.0,2668.0,0.01,0.4178,-0.0003,0.0002,-0.0004,0.0002,0.0,29.0,568.0
2026-08-25 11:33:15,2026-08-25T11:17:07,764.79,2026-08-25,C,744.0,19.05,21.61,164.0,162.0,22.17,0.0,0.9996,0.0002,-0.0006,0.0003,0.0,2.0,19.0
2026-08-25 11:33:15,2026-08-25T11:17:07,764.79,2026-08-25,P,744.0,0.0,0.01,0.0,2703.0,0.01,0.4001,-0.0004,0.0002,-0.0006,0.0003,0.0,1542.0,903.0
2026-08-25 11:33:15,2026-08-25T11:17:07,764.79,2026-08-25,C,745.0,18.04,20.61,111.0,162.0,21.23,0.0,0.9995,0.0003,-0.0007,0.0004,0.0,1.0,23.0
2026-08-25 11:33:15,2026-08-25T11:17:07,764.79,2026-08-25,P,745.0,0.0,0.01,0.0,2825.0,0.01,0.3823,-0.0005,0.0003,-0.0007,0.0004,0.0,453.0,1025.0
2026-08-25 11:33:15,2026-08-25T11:17:07,764.79,2026-08-25,C,746.0,17.02,19.61,111.0,155.0,18.49,0.0,0.9993,0.0004,-0.001,0.0005,0.0,6.0,11.0
2026-08-25 11:33:15,2026-08-25T11:17:07,764.79,2026-08-25,P,746.0,0.0,0.01,0.0,2818.0,0.01,0.3645,-0.0007,0.0004,-0.001,0.0005,0.0,9812.0,1605.0
2026-08-25 11:33:15,2026-08-25T11:17:07,764.79,2026-08-25,C,747.0,16.02,18.61,100.0,162.0,17.5,0.0,0.9991,0.0005,-0.0013,0.0006,0.0,2.0,74.0
2026-08-25 11:33:15,2026-08-25T11:17:07,764.79,2026-08-25,P,747.0,0.0,0.01,0.0,2818.0,0.01,0.3467,-0.0009,0.0005,-0.0013,0.0006,0.0,2887.0,2506.0
2026-08-25 11:33:15,2026-08-25T11:17:07,764.79,2026-08-25,C,748.0,15.02,17.61,99.0,155.0,16.81,0.0,0.9988,0.0007,-0.0018,0.0008,0.0,17.0,55.0
2026-08-25 11:33:15,2026-08-25T11:17:07,764.79,2026-08-25,P,748.0,0.0,0.01,0.0,2361.0,0.01,0.3288,-0.0012,0.0007,-0.0018,0.0008,0.0,10105.0,7283.0
2026-08-25 11:33:15,2026-08-25T11:17:07,764.79,2026-08-25,C,749.0,14.02,16.61,159.0,162.0,16.73,0.0,0.9984,0.001,-0.0024,0.0011,0.0,0.0,59.0
2026-08-25 11:33:15,2026-08-25T11:17:07,764.79,2026-08-25,P,749.0,0.01,0.02,2168.0,3220.0,0.02,0.3495,-0.0016,0.001,-0.0024,0.0011,0.0,1559.0,1627.0
2026-08-25 11:33:15,2026-08-25T11:17:07,764.79,2026-08-25,C,750.0,14.63,14.82,143.0,44.0,14.24,0.0,0.9978,0.0013,-0.0032,0.0014,0.0,17.0,125.0
2026-08-25 11:33:15,2026-08-25T11:17:07,764.79,2026-08-25,P,750.0,0.01,0.02,2690.0,3175.0,0.01,0.3296,-0.0022,0.0013,-0.0032,0.0014,0.0,1022.0,3718.0
2026-08-25 11:33:15,2026-08-25T11:17:07,764.79,2026-08-25,C,751.0,13.61,13.84,110.0,110.0,14.42,0.0,0.997,0.0018,-0.0043,0.0019,0.0,4.0,38.0
2026-08-25 11:33:15,2026-08-25T11:17:07,764.79,2026-08-25,P,751.0,0.01,0.02,2692.0,3088.0,0.01,0.3097,-0.003,0.0018,-0.0044,0.0019,0.0,736.0,3805.0
2026-08-25 11:33:15,2026-08-25T11:17:07,764.79,2026-08-25,C,752.0,12.59,12.84,111.0,121.0,12.29,0.0,0.996,0.0025,-0.0059,0.0025,0.0,15.0,32.0
2026-08-25 11:33:15,2026-08-25T11:17:07,764.79,2026-08-25,P,752.0,0.01,0.02,2697.0,3056.0,0.01,0.2897,-0.0041,0.0025,-0.0059,0.0025,0.0,1246.0,2503.0
2026-08-25 11:33:15,2026-08-25T11:17:07,764.79,2026-08-25,C,753.0,11.59,11.84,116.0,116.0,11.55,0.0,0.9944,0.0034,-0.008,0.0033,0.0,8.0,281.0
2026-08-25 11:33:15,2026-08-25T11:17:07,764.79,2026-08-25,P,753.0,0.01,0.02,2967.0,3150.0,0.01,0.2695,-0.0056,0.0034,-0.0081,0.0033,0.0,4016.0,4515.0
2026-08-25 11:33:15,2026-08-25T11:17:07,764.79,2026-08-25,C,754.0,10.7,10.86,105.0,116.0,10.65,0.0,0.9924,0.0047,-0.011,0.0044,0.0,20.0,39.0
2026-08-25 11:33:15,2026-08-25T11:17:07,764.79,2026-08-25,P,754.0,0.01,0.02,3678.0,2915.0,0.03,0.2492,-0.0077,0.0047,-0.0111,0.0044,0.0,7716.0,6602.0
2026-08-25 11:33:15,2026-08-25T11:17:07,764.79,2026-08-25,C,755.0,9.37,9.84,66.0,66.0,9.59,0.0,0.9894,0.0066,-0.0151,0.0058,0.0,31.0,118.0
2026-08-25 11:33:15,2026-08-25T11:17:07,764.79,2026-08-25,P,755.0,0.02,0.03,378.0,3844.0,0.02,0.2449,-0.0106,0.0066,-0.0152,0.0058,0.0,4995.0,7774.0
2026-08-25 11:33:15,2026-08-25T11:17:07,764.79,2026-08-25,C,756.0,8.57,8.85,66.0,66.0,8.79,0.0,0.9853,0.0092,-0.0209,0.0077,0.0,300.0,129.0
2026-08-25 11:33:15,2026-08-25T11:17:07,764.79,2026-08-25,P,756.0,0.02,0.03,1376.0,3991.0,0.02,0.2231,-0.0148,0.0092,-0.0209,0.0077,0.0,3668.0,5870.0
2026-08-25 11:33:15,2026-08-25T11:17:07,764.79,2026-08-25,C,757.0,7.64,7.85,77.0,98.0,7.49,0.0,0.9794,0.0129,-0.0288,0.0102,0.0,201.0,251.0
2026-08-25 11:33:15,2026-08-25T11:17:07,764.79,2026-08-25,P,757.0,0.02,0.03,2796.0,3022.0,0.03,0.2011,-0.0207,0.013,-0.0289,0.0102,0.0,10929.0,4522.0
2026-08-25 11:33:15,2026-08-25T11:17:07,764.79,2026-08-25,C,758.0,6.64,6.85,63.0,66.0,6.5,0.0,0.971,0.0184,-0.0399,0.0135,0.0,213.0,242.0
2026-08-25 11:33:15,2026-08-25T11:17:07,764.79,2026-08-25,P,758.0,0.03,0.04,1689.0,3718.0,0.03,0.1885,-0.0291,0.0184,-0.04,0.0135,0.0,10753.0,4927.0
2026-08-25 11:33:15,2026-08-25T11:17:07,764.79,2026-08-25,C,759.0,5.72,5.87,61.0,64.0,5.58,0.137,0.9589,0.0263,-0.0554,0.0178,0.0,427.0,747.0
2026-08-25 11:33:15,2026-08-25T11:17:07,764.79,2026-08-25,P,759.0,0.04,0.05,1894.0,3461.0,0.04,0.1723,-0.0412,0.0264,-0.0555,0.0178,0.0,48297.0,8086.0
2026-08-25 11:33:15,2026-08-25T11:17:07,764.79,2026-08-25,C,760.0,4.76,4.87,72.0,64.0,4.82,0.1444,0.9412,0.0382,-0.0772,0.0235,0.0,1610.0,792.0
2026-08-25 11:33:15,2026-08-25T11:17:07,764.79,2026-08-25,P,760.0,0.06,0.07,566.0,3539.0,0.06,0.1584,-0.0589,0.0382,-0.0774,0.0235,0.0,80912.0,12864.0
2026-08-25 11:33:15,2026-08-25T11:17:07,764.79,2026-08-25,C,761.0,3.82,3.91,72.0,85.0,3.86,0.138,0.9142,0.0564,-0.1095,0.0311,0.0,2209.0,551.0
2026-08-25 11:33:15,2026-08-25T11:17:07,764.79,2026-08-25,P,761.0,0.09,0.1,921.0,2543.0,0.1,0.1436,-0.086,0.0565,-0.1098,0.0311,0.0,86277.0,6950.0
2026-08-25 11:33:15,2026-08-25T11:17:07,764.79,2026-08-25,C,762.0,2.9,2.93,53.0,87.0,2.91,0.1272,0.8692,0.0854,-0.1634,0.0415,0.0,7124.0,2460.0
2026-08-25 11:33:15,2026-08-25T11:17:07,764.79,2026-08-25,P,762.0,0.15,0.16,488.0,2255.0,0.16,0.131,-0.1311,0.0855,-0.1639,0.0416,0.0,70520.0,10257.0
2026-08-25 11:33:15,2026-08-25T11:17:07,764.79,2026-08-25,C,763.0,2.02,2.05,280.0,157.0,2.04,0.1181,0.7879,0.1294,-0.2702,0.0555,0.0,17040.0,4816.0
2026-08-25 11:33:15,2026-08-25T11:17:07,764.79,2026-08-25,P,763.0,0.27,0.28,302.0,1337.0,0.28,0.1208,-0.2121,0.1294,-0.2702,0.0555,0.0,151583.0,7137.0
2026-08-25 11:33:15,2026-08-25T11:17:07,764.79,2026-08-25,C,764.0,1.27,1.28,30.0,111.0,1.28,0.112,0.6481,0.179,-0.4932,0.0698,0.0,71702.0,9545.0
2026-08-25 11:33:15,2026-08-25T11:17:07,764.79,2026-08-25,P,764.0,0.5,0.51,451.0,409.0,0.51,0.1127,-0.3519,0.179,-0.4932,0.0698,0.0,271632.0,9840.0
2026-08-25 11:33:15,2026-08-25T11:17:07,764.79,2026-08-25,C,765.0,0.69,0.7,136.0,515.0,0.69,0.107,0.4577,0.1985,-0.6949,0.0742,0.0,220299.0,8765.0
2026-08-25 11:33:15,2026-08-25T11:17:07,764.79,2026-08-25,P,765.0,0.92,0.93,79.0,299.0,0.92,0.1077,-0.5423,0.1985,-0.6949,0.0742,0.0,259841.0,4800.0
2026-08-25 11:33:15,2026-08-25T11:17:07,764.79,2026-08-25,C,766.0,0.32,0.33,805.0,565.0,0.33,0.1056,0.2734,0.1655,-0.3375,0.0632,0.0,261366.0,5889.0
2026-08-25 11:33:15,2026-08-25T11:17:07,764.79,2026-08-25,P,766.0,1.55,1.57,2.0,98.0,1.56,0.1081,-0.7266,0.1655,-0.3375,0.0632,0.0,157204.0,2066.0
2026-08-25 11:33:15,2026-08-25T11:17:07,764.79,2026-08-25,C,767.0,0.15,0.16,1212.0,1372.0,0.16,0.1117,0.1472,0.1093,-0.1596,0.045,0.0,231846.0,6629.0
2026-08-25 11:33:15,2026-08-25T11:17:07,764.79,2026-08-25,P,767.0,2.37,2.39,88.0,1.0,2.38,0.1129,-0.8528,0.1093,-0.1596,0.045,0.0,48243.0,2126.0
2026-08-25 11:33:15,2026-08-25T11:17:07,764.79,2026-08-25,C,768.0,0.07,0.08,2695.0,520.0,0.08,0.1196,0.0784,0.0646,-0.0799,0.0296,0.0,152568.0,6087.0
2026-08-25 11:33:15,2026-08-25T11:17:07,764.79,2026-08-25,P,768.0,3.27,3.43,117.0,128.0,3.31,0.1404,-0.9214,0.0647,-0.0801,0.0296,0.0,12479.0,1140.0
2026-08-25 11:33:15,2026-08-25T11:17:07,764.79,2026-08-25,C,769.0,0.04,0.05,3640.0,871.0,0.04,0.1325,0.0448,0.0381,-0.0452,0.0195,0.0,66955.0,3680.0
2026-08-25 11:33:15,2026-08-25T11:17:07,764.79,2026-08-25,P,769.0,4.22,4.35,60.0,145.0,4.3,0.1403,-0.9551,0.0382,-0.0453,0.0196,0.0,4321.0,1580.0
2026-08-25 11:33:15,2026-08-25T11:17:07,764.79,2026-08-25,C,770.0,0.03,0.04,2888.0,2708.0,0.04,0.1504,0.0303,0.0248,-0.0322,0.0143,0.0,44318.0,7341.0
2026-08-25 11:33:15,2026-08-25T11:17:07,764.79,2026-08-25,P,770.0,5.22,5.32,64.0,64.0,5.25,0.1909,-0.9696,0.0248,-0.0323,0.0143,0.0,1718.0,774.0
2026-08-25 11:33:15,2026-08-25T11:17:07,764.79,2026-08-25,C,771.0,0.02,0.03,3139.0,2132.0,0.02,0.1648,0.0244,0.0182,-0.0284,0.0119,0.0,19211.0,4829.0
2026-08-25 11:33:15,2026-08-25T11:17:07,764.79,2026-08-25,P,771.0,6.2,6.45,66.0,89.0,6.43,0.2164,-0.9756,0.0182,-0.0284,0.0119,0.0,418.0,35.0
2026-08-25 11:33:15,2026-08-25T11:17:07,764.79,2026-08-25,C,772.0,0.02,0.03,2787.0,3559.0,0.03,0.1868,0.0209,0.0142,-0.0268,0.0104,0.0,10132.0,3798.0
2026-08-25 11:33:15,2026-08-25T11:17:07,764.79,2026-08-25,P,772.0,7.2,7.39,114.0,97.0,7.56,0.2278,-0.9791,0.0143,-0.0268,0.0104,0.0,190.0,1458.0
2026-08-25 11:33:15,2026-08-25T11:17:07,764.79,2026-08-25,C,773.0,0.01,0.02,3599.0,1963.0,0.02,0.1943,0.0182,0.0114,-0.0253,0.0092,0.0,5676.0,8118.0
2026-08-25 11:33:15,2026-08-25T11:17:07,764.79,2026-08-25,P,773.0,8.19,8.67,143.0,148.0,8.41,0.3127,-0.9818,0.0114,-0.0253,0.0092,0.0,35.0,28.0
2026-08-25 11:33:15,2026-08-25T11:17:07,764.79,2026-08-25,C,774.0,0.01,0.02,2843.0,2544.0,0.01,0.2146,0.0159,0.0093,-0.0238,0.0082,0.0,3973.0,2745.0
2026-08-25 11:33:15,2026-08-25T11:17:07,764.79,2026-08-25,P,774.0,9.19,9.69,143.0,152.0,9.6,0.3447,-0.9841,0.0094,-0.0238,0.0082,0.0,48.0,1.0
2026-08-25 11:33:15,2026-08-25T11:17:07,764.79,2026-08-25,C,775.0,0.01,0.02,2841.0,2841.0,0.01,0.2346,0.014,0.0077,-0.0223,0.0073,0.0,4454.0,3513.0
2026-08-25 11:33:15,2026-08-25T11:17:07,764.79,2026-08-25,P,775.0,10.19,10.43,143.0,143.0,10.58,0.3113,-0.986,0.0077,-0.0223,0.0073,0.0,241.0,894.0
2026-08-25 11:33:15,2026-08-25T11:17:07,764.79,2026-08-25,C,776.0,0.01,0.02,2961.0,2841.0,0.02,0.2544,0.0124,0.0065,-0.0208,0.0065,0.0,1463.0,2955.0
2026-08-25 11:33:15,2026-08-25T11:17:07,764.79,2026-08-25,P,776.0,11.18,12.39,73.0,108.0,11.4,0.5093,-0.9876,0.0065,-0.0208,0.0065,0.0,81.0,19.0
2026-08-25 11:33:15,2026-08-25T11:17:07,764.79,2026-08-25,C,777.0,0.01,0.02,2841.0,3238.0,0.01,0.274,0.0109,0.0055,-0.0193,0.0058,0.0,7560.0,1546.0
2026-08-25 11:33:15,2026-08-25T11:17:07,764.79,2026-08-25,P,777.0,12.18,12.4,84.0,117.0,12.43,0.3453,-0.9891,0.0055,-0.0193,0.0058,0.0,43.0,13.0
2026-08-25 11:33:15,2026-08-25T11:17:07,764.79,2026-08-25,C,778.0,0.0,0.01,0.0,1961.0,0.01,0.26,0.0097,0.0046,-0.0178,0.0052,0.0,7217.0,1297.0
2026-08-25 11:33:15,2026-08-25T11:17:07,764.79,2026-08-25,P,778.0,13.18,14.42,124.0,64.0,12.0,0.5758,-0.9903,0.0046,-0.0178,0.0052,0.0,1.0,0.0
2026-08-25 11:33:15,2026-08-25T11:17:07,764.79,2026-08-25,C,779.0,0.0,0.01,0.0,2561.0,0.01,0.2775,0.0085,0.0039,-0.0163,0.0047,0.0,34.0,1129.0
2026-08-25 11:33:15,2026-08-25T11:17:07,764.79,2026-08-25,P,779.0,14.18,15.93,118.0,158.0,15.5,0.6743,-0.9915,0.0039,-0.0163,0.0047,0.0,0.0,28.0
2026-08-25 11:33:15,2026-08-25T11:17:07,764.79,2026-08-25,C,780.0,0.0,0.01,0.0,2693.0,0.01,0.2948,0.0075,0.0034,-0.0148,0.0042,0.0,169.0,3628.0
2026-08-25 11:33:15,2026-08-25T11:17:07,764.79,2026-08-25,P,780.0,15.2,15.61,44.0,142.0,15.15,0.4894,-0.9925,0.0034,-0.0148,0.0042,0.0,2.0,0.0
2026-08-25 11:33:15,2026-08-25T11:17:07,764.79,2026-08-25,C,781.0,0.0,0.01,0.0,2693.0,0.01,0.3121,0.0066,0.0028,-0.0134,0.0037,0.0,27.0,779.0
2026-08-25 11:33:15,2026-08-25T11:17:07,764.79,2026-08-25,P,781.0,16.18,17.88,118.0,102.0,16.86,0.7316,-0.9934,0.0029,-0.0134,0.0037,0.0,12.0,0.0
2026-08-25 11:33:15,2026-08-25T11:17:07,764.79,2026-08-25,C,782.0,0.0,0.01,0.0,2693.0,0.01,0.3292,0.0057,0.0024,-0.0119,0.0033,0.0,73.0,1044.0
2026-08-25 11:33:15,2026-08-25T11:17:07,764.79,2026-08-25,P,782.0,17.18,17.46,25.0,147.0,17.17,0.4845,-0.9943,0.0024,-0.0119,0.0033,0.0,2.0,1.0
2026-08-25 11:33:15,2026-08-25T11:17:07,764.79,2026-08-25,C,783.0,0.0,0.01,0.0,2693.0,0.01,0.3462,0.0049,0.002,-0.0104,0.0028,0.0,12.0,968.0
2026-08-25 11:33:15,2026-08-25T11:17:07,764.79,2026-08-25,P,783.0,18.18,18.4,25.0,149.0,18.46,0.4807,-0.9951,0.002,-0.0104,0.0028,0.0,5.0,0.0
2026-08-25 11:33:15,2026-08-25T11:17:07,764.79,2026-08-25,C,784.0,0.0,0.01,0.0,2693.0,0.01,0.3631,0.0042,0.0017,-0.009,0.0025,0.0,14.0,1194.0
2026-08-25 11:33:15,2026-08-25T11:17:07,764.79,2026-08-25,P,784.0,19.18,19.41,25.0,142.0,19.41,0.5076,-0.9958,0.0017,-0.009,0.0025,0.0,7.0,0.0
2026-08-25 11:33:15,2026-08-25T11:17:07,764.79,2026-08-25,C,785.0,0.0,0.01,0.0,2693.0,0.01,0.38,0.0035,0.0014,-0.0075,0.0021,0.0,41.0,3167.0
2026-08-25 11:33:15,2026-08-25T11:17:07,764.79,2026-08-25,P,785.0,20.17,20.39,25.0,142.0,20.49,0.5132,-0.9965,0.0014,-0.0075,0.0021,0.0,8.0,0.0
2026-08-25 11:33:15,2026-08-25T11:17:07,764.79,2026-08-25,C,786.0,0.0,0.01,0.0,2634.0,0.01,0.3967,0.0028,0.0011,-0.006,0.0017,0.0,8.0,1174.0
2026-08-25 11:33:15,2026-08-25T11:17:07,764.79,2026-08-25,P,786.0,21.17,21.38,46.0,64.0,21.44,0.5662,-0.9972,0.0011,-0.006,0.0017,0.0,11.0,0.0
2026-08-25 11:33:15,2026-08-25T11:17:07,764.79,2026-08-25,C,787.0,0.0,0.01,0.0,2753.0,0.01,0.4134,0.0022,0.0009,-0.0046,0.0014,0.0,374.0,876.0
2026-08-25 11:33:15,2026-08-25T11:17:07,764.79,2026-08-25,P,787.0,22.17,22.39,25.0,142.0,22.32,0.5729,-0.9978,0.0009,-0.0046,0.0014,0.0,6.0,0.0
2026-08-25 11:33:15,2026-08-25T11:17:07,764.79,2026-08-25,C,788.0,0.0,0.01,0.0,2754.0,0.01,0.43,0.0016,0.0006,-0.0032,0.001,0.0,17.0,1884.0
2026-08-25 11:33:15,2026-08-25T11:17:07,764.79,2026-08-25,P,788.0,23.17,23.47,25.0,25.0,23.27,0.6198,-0.9984,0.0006,-0.0032,0.001,0.0,6.0,0.0
2026-08-25 11:33:15,2026-08-25T11:17:07,764.79,2026-08-25,C,789.0,0.0,0.01,0.0,2754.0,0.01,0.4465,0.001,0.0004,-0.002,0.0007,0.0,3.0,1582.0
2026-08-25 11:33:15,2026-08-25T11:17:07,764.79,2026-08-25,P,789.0,24.17,24.41,25.0,25.0,24.31,0.6098,-0.999,0.0004,-0.002,0.0007,0.0,4.0,0.0
2026-08-25 11:33:15,2026-08-25T11:17:07,764.79,2026-08-25,C,790.0,0.0,0.01,0.0,3400.0,0.01,0.4629,0.0006,0.0003,-0.001,0.0004,0.0,3.0,2383.0
2026-08-25 11:33:15,2026-08-25T11:17:07,764.79,2026-08-25,P,790.0,25.17,25.38,25.0,25.0,25.26,0.6112,-0.9994,0.0003,-0.001,0.0004,0.0,5.0,0.0
2026-08-25 11:33:15,2026-08-25T11:17:07,764.79,2026-08-25,C,791.0,0.0,0.01,0.0,2254.0,0.02,0.4792,0.0003,0.0001,-0.0005,0.0002,0.0,0.0,413.0
2026-08-25 11:33:15,2026-08-25T11:17:07,764.79,2026-08-25,P,791.0,26.17,26.37,25.0,25.0,26.03,0.6454,-0.9997,0.0001,-0.0005,0.0002,0.0,6.0,0.0
2026-08-25 11:33:15,2026-08-25T11:17:07,764.79,2026-08-25,C,792.0,0.0,0.01,0.0,2254.0,0.01,0.4955,0.0001,0.0001,-0.0002,0.0001,0.0,0.0,388.0
2026-08-25 11:33:15,2026-08-25T11:17:07,764.79,2026-08-25,P,792.0,27.17,27.39,25.0,25.0,27.32,0.6592,-0.9999,0.0001,-0.0002,0.0001,0.0,3.0,0.0
2026-08-25 11:33:15,2026-08-25T11:17:07,764.79,2026-08-25,C,793.0,0.0,0.01,0.0,2254.0,0.01,0.5118,0.0001,0.0,-0.0001,0.0001,0.0,0.0,719.0
2026-08-25 11:33:15,2026-08-25T11:17:07,764.79,2026-08-25,P,793.0,28.17,29.94,25.0,144.0,29.57,1.0949,-0.9999,0.0,-0.0001,0.0001,0.0,0.0,0.0
2026-08-25 11:33:15,2026-08-25T11:17:07,764.79,2026-08-25,C,794.0,0.0,0.01,0.0,2254.0,0.01,0.5279,0.0001,0.0,-0.0001,0.0,0.0,2.0,366.0
2026-08-25 11:33:15,2026-08-25T11:17:07,764.79,2026-08-25,P,794.0,29.18,30.97,25.0,25.0,31.55,1.1298,-0.9999,0.0,-0.0001,0.0,0.0,0.0,0.0
2026-08-25 11:33:15,2026-08-25T11:17:07,764.79,2026-08-25,C,795.0,0.0,0.01,0.0,2254.0,0.01,0.544,0.0,0.0,-0.0001,0.0,0.0,0.0,321.0
2026-08-25 11:33:15,2026-08-25T11:17:07,764.79,2026-08-25,P,795.0,30.17,31.93,25.0,25.0,32.57,1.1494,-1.0,0.0,-0.0001,0.0,0.0,0.0,0.0
2026-08-25 11:33:15,2026-08-25T11:17:07,764.79,2026-08-25,C,796.0,0.0,0.01,0.0,2254.0,0.01,0.5601,0.0,0.0,-0.0001,0.0,0.0,0.0,327.0
2026-08-25 11:33:15,2026-08-25T11:17:07,764.79,2026-08-25,P,796.0,31.17,32.92,25.0,100.0,33.53,1.1755,-1.0,0.0,-0.0001,0.0,0.0,0.0,0.0
2026-08-25 11:33:15,2026-08-25T11:17:07,764.79,2026-08-25,C,797.0,0.0,0.01,0.0,2254.0,0.04,0.576,0.0,0.0,-0.0001,0.0,0.0,0.0,49.0
2026-08-25 11:33:15,2026-08-25T11:17:07,764.79,2026-08-25,P,797.0,32.17,33.98,25.0,25.0,34.56,1.2135,-1.0,0.0,-0.0001,0.0,0.0,0.0,0.0
2026-08-25 11:33:15,2026-08-25T11:17:07,764.79,2026-08-25,C,798.0,0.0,0.01,0.0,2254.0,0.01,0.592,0.0,0.0,-0.0001,0.0,0.0,2.0,43.0
2026-08-25 11:33:15,2026-08-25T11:17:07,764.79,2026-08-25,P,798.0,33.17,34.97,25.0,25.0,0.0,1.2393,-1.0,0.0,-0.0001,0.0,0.0,0.0,0.0
2026-08-25 11:33:15,2026-08-25T11:17:07,764.79,2026-08-25,C,799.0,0.0,0.01,0.0,2253.0,0.01,0.6078,0.0,0.0,-0.0001,0.0,0.0,0.0,117.0
2026-08-25 11:33:15,2026-08-25T11:17:07,764.79,2026-08-25,P,799.0,34.17,35.99,25.0,25.0,30.0,1.2703,-1.0,0.0,-0.0001,0.0,0.0,0.0,0.0
2026-08-25 11:33:15,2026-08-25T11:17:07,764.79,2026-08-25,C,800.0,0.0,0.01,0.0,2254.0,0.01,0.6236,0.0,0.0,-0.0001,0.0,0.0,0.0,577.0
2026-08-25 11:33:15,2026-08-25T11:17:07,764.79,2026-08-25,P,800.0,35.17,36.97,25.0,25.0,35.67,1.294,-1.0,0.0,-0.0001,0.0,0.0,1.0,1.0
2026-08-25 11:33:15,2026-08-25T11:17:07,764.79,2026-08-25,C,801.0,0.0,0.01,0.0,2254.0,0.01,0.6394,0.0,0.0,-0.0001,0.0,0.0,0.0,59.0
2026-08-25 11:33:15,2026-08-25T11:17:07,764.79,2026-08-25,P,801.0,36.17,37.98,25.0,25.0,0.0,1.3228,-1.0,0.0,-0.0001,0.0,0.0,0.0,0.0
2026-08-25 11:33:15,2026-08-25T11:17:07,764.79,2026-08-25,C,802.0,0.0,0.01,0.0,2254.0,0.01,0.6551,0.0,0.0,0.0,0.0,0.0,2.0,94.0
2026-08-25 11:33:15,2026-08-25T11:17:07,764.79,2026-08-25,P,802.0,35.92,38.99,25.0,25.0,0.0,1.0441,-1.0,0.0,0.0,0.0,0.0,0.0,0.0
2026-08-25 11:33:15,2026-08-25T11:17:07,764.79,2026-08-25,C,803.0,0.0,0.01,0.0,2254.0,0.01,0.6707,0.0,0.0,0.0,0.0,0.0,1.0,250.0
2026-08-25 11:33:15,2026-08-25T11:17:07,764.79,2026-08-25,P,803.0,36.9,39.99,25.0,25.0,0.0,1.059,-1.0,0.0,0.0,0.0,0.0,0.0,0.0
2026-08-25 11:38:16,2026-08-25T11:22:07,765.11,2026-08-25,C,727.0,38.0,38.18,45.0,45.0,37.61,0.0,1.0,0.0,0.0,0.0,0.0,54.0,1.0
2026-08-25 11:38:16,2026-08-25T11:22:07,765.11,2026-08-25,P,727.0,0.0,0.01,0.0,2229.0,0.01,0.7099,0.0,0.0,0.0,0.0,0.0,0.0,181.0
2026-08-25 11:38:16,2026-08-25T11:22:07,765.11,2026-08-25,C,728.0,36.99,37.18,45.0,45.0,37.5,0.0,1.0,0.0,0.0,0.0,0.0,2.0,1.0
2026-08-25 11:38:16,2026-08-25T11:22:07,765.11,2026-08-25,P,728.0,0.0,0.01,0.0,2229.0,0.01,0.6924,0.0,0.0,0.0,0.0,0.0,0.0,602.0
2026-08-25 11:38:16,2026-08-25T11:22:07,765.11,2026-08-25,C,729.0,34.38,37.0,276.0,258.0,35.61,0.0,1.0,0.0,0.0,0.0,0.0,0.0,1.0
2026-08-25 11:38:16,2026-08-25T11:22:07,765.11,2026-08-25,P,729.0,0.0,0.01,0.0,2229.0,0.01,0.6749,0.0,0.0,0.0,0.0,0.0,0.0,415.0
2026-08-25 11:38:16,2026-08-25T11:22:07,765.11,2026-08-25,C,730.0,33.38,36.06,281.0,258.0,35.67,0.0,1.0,0.0,0.0,0.0,0.0,1.0,1.0
2026-08-25 11:38:16,2026-08-25T11:22:07,765.11,2026-08-25,P,730.0,0.0,0.01,0.0,2229.0,0.01,0.6573,0.0,0.0,0.0,0.0,0.0,0.0,2872.0
2026-08-25 11:38:16,2026-08-25T11:22:07,765.11,2026-08-25,C,731.0,32.38,35.1,282.0,258.0,34.72,0.0,1.0,0.0,0.0,0.0,0.0,1.0,4.0
2026-08-25 11:38:16,2026-08-25T11:22:07,765.11,2026-08-25,P,731.0,0.0,0.01,0.0,2229.0,0.01,0.6398,0.0,0.0,0.0,0.0,0.0,15.0,389.0
2026-08-25 11:38:16,2026-08-25T11:22:07,765.11,2026-08-25,C,732.0,31.38,34.1,283.0,300.0,41.55,0.0,1.0,0.0,0.0,0.0,0.0,0.0,13.0
2026-08-25 11:38:16,2026-08-25T11:22:07,765.11,2026-08-25,P,732.0,0.0,0.01,0.0,2228.0,0.01,0.6223,0.0,0.0,0.0,0.0,0.0,0.0,516.0
2026-08-25 11:38:16,2026-08-25T11:22:07,765.11,2026-08-25,C,733.0,30.38,33.1,284.0,300.0,31.65,0.0,1.0,0.0,0.0,0.0,0.0,2.0,1.0
2026-08-25 11:38:16,2026-08-25T11:22:07,765.11,2026-08-25,P,733.0,0.0,0.01,0.0,2228.0,0.01,0.6047,0.0,0.0,0.0,0.0,0.0,0.0,568.0
2026-08-25 11:38:16,2026-08-25T11:22:07,765.11,2026-08-25,C,734.0,29.38,32.1,290.0,300.0,31.16,0.0,1.0,0.0,0.0,0.0,0.0,2.0,1.0
2026-08-25 11:38:16,2026-08-25T11:22:07,765.11,2026-08-25,P,734.0,0.0,0.01,0.0,2229.0,0.01,0.5871,0.0,0.0,0.0,0.0,0.0,1.0,79.0
2026-08-25 11:38:16,2026-08-25T11:22:07,765.11,2026-08-25,C,735.0,28.38,31.1,291.0,300.0,29.24,0.0,1.0,0.0,0.0,0.0,0.0,0.0,5.0
2026-08-25 11:38:16,2026-08-25T11:22:07,765.11,2026-08-25,P,735.0,0.0,0.01,0.0,2228.0,0.01,0.5695,0.0,0.0,0.0,0.0,0.0,2.0,525.0
2026-08-25 11:38:16,2026-08-25T11:22:07,765.11,2026-08-25,C,736.0,27.39,30.1,50.0,300.0,29.63,0.0,1.0,0.0,0.0,0.0,0.0,2.0,7.0
2026-08-25 11:38:16,2026-08-25T11:22:07,765.11,2026-08-25,P,736.0,0.0,0.01,0.0,2228.0,0.02,0.5519,0.0,0.0,0.0,0.0,0.0,0.0,3303.0
2026-08-25 11:38:16,2026-08-25T11:22:07,765.11,2026-08-25,C,737.0,26.39,29.1,50.0,305.0,29.24,0.0,1.0,0.0,0.0,0.0,0.0,4.0,10.0
2026-08-25 11:38:16,2026-08-25T11:22:07,765.11,2026-08-25,P,737.0,0.0,0.01,0.0,2728.0,0.01,0.5343,0.0,0.0,0.0,0.0,0.0,15.0,502.0
2026-08-25 11:38:16,2026-08-25T11:22:07,765.11,2026-08-25,C,738.0,25.38,28.1,283.0,300.0,25.46,0.0,1.0,0.0,-0.0001,0.0,0.0,0.0,4.0
2026-08-25 11:38:16,2026-08-25T11:22:07,765.11,2026-08-25,P,738.0,0.0,0.01,0.0,2728.0,0.01,0.5166,0.0,0.0,-0.0001,0.0,0.0,18.0,451.0
2026-08-25 11:38:16,2026-08-25T11:22:07,765.11,2026-08-25,C,739.0,24.38,27.1,290.0,306.0,26.26,0.0,0.9999,0.0,-0.0001,0.0,0.0,2.0,6.0
2026-08-25 11:38:16,2026-08-25T11:22:07,765.11,2026-08-25,P,739.0,0.0,0.01,0.0,2630.0,0.01,0.4989,-0.0001,0.0,-0.0001,0.0,0.0,26.0,336.0
2026-08-25 11:38:16,2026-08-25T11:22:07,765.11,2026-08-25,C,740.0,25.0,25.18,52.0,47.0,24.74,0.0,0.9999,0.0,-0.0001,0.0001,0.0,8.0,9.0
2026-08-25 11:38:16,2026-08-25T11:22:07,765.11,2026-08-25,P,740.0,0.0,0.01,0.0,2608.0,0.01,0.4812,-0.0001,0.0,-0.0001,0.0001,0.0,310.0,685.0
2026-08-25 11:38:16,2026-08-25T11:22:07,765.11,2026-08-25,C,741.0,24.01,24.19,51.0,45.0,24.53,0.0,0.9999,0.0001,-0.0002,0.0001,0.0,4.0,2.0
2026-08-25 11:38:16,2026-08-25T11:22:07,765.11,2026-08-25,P,741.0,0.0,0.01,0.0,2608.0,0.01,0.4635,-0.0001,0.0001,-0.0002,0.0001,0.0,364.0,561.0
2026-08-25 11:38:16,2026-08-25T11:22:07,765.11,2026-08-25,C,742.0,21.39,23.61,50.0,44.0,21.39,0.0,0.9998,0.0001,-0.0002,0.0001,0.0,0.0,3.0
2026-08-25 11:38:16,2026-08-25T11:22:07,765.11,2026-08-25,P,742.0,0.0,0.01,0.0,2708.0,0.01,0.4457,-0.0001,0.0001,-0.0002,0.0001,0.0,36.0,450.0
2026-08-25 11:38:16,2026-08-25T11:22:07,765.11,2026-08-25,C,743.0,20.39,22.61,100.0,100.0,23.11,0.0,0.9998,0.0001,-0.0003,0.0001,0.0,1.0,15.0
2026-08-25 11:38:16,2026-08-25T11:22:07,765.11,2026-08-25,P,743.0,0.0,0.01,0.0,2672.0,0.01,0.4279,-0.0002,0.0001,-0.0003,0.0001,0.0,29.0,568.0
2026-08-25 11:38:16,2026-08-25T11:22:07,765.11,2026-08-25,C,744.0,19.39,21.61,100.0,100.0,22.17,0.0,0.9997,0.0002,-0.0004,0.0002,0.0,2.0,19.0
2026-08-25 11:38:16,2026-08-25T11:22:07,765.11,2026-08-25,P,744.0,0.0,0.01,0.0,2677.0,0.01,0.41,-0.0003,0.0002,-0.0004,0.0002,0.0,1542.0,903.0
2026-08-25 11:38:16,2026-08-25T11:22:07,765.11,2026-08-25,C,745.0,18.56,20.61,265.0,100.0,21.23,0.0,0.9996,0.0002,-0.0005,0.0003,0.0,1.0,23.0
2026-08-25 11:38:16,2026-08-25T11:22:07,765.11,2026-08-25,P,745.0,0.0,0.01,0.0,2822.0,0.01,0.3922,-0.0004,0.0002,-0.0005,0.0003,0.0,463.0,1025.0
2026-08-25 11:38:16,2026-08-25T11:22:07,765.11,2026-08-25,C,746.0,17.4,19.61,239.0,100.0,18.49,0.0,0.9995,0.0003,-0.0007,0.0004,0.0,6.0,11.0
2026-08-25 11:38:16,2026-08-25T11:22:07,765.11,2026-08-25,P,746.0,0.0,0.01,0.0,2822.0,0.01,0.3742,-0.0005,0.0003,-0.0007,0.0004,0.0,9812.0,1605.0
2026-08-25 11:38:16,2026-08-25T11:22:07,765.11,2026-08-25,C,747.0,17.43,18.61,100.0,100.0,17.84,0.0,0.9994,0.0004,-0.0009,0.0005,0.0,3.0,74.0
2026-08-25 11:38:16,2026-08-25T11:22:07,765.11,2026-08-25,P,747.0,0.0,0.01,0.0,2822.0,0.01,0.3563,-0.0006,0.0004,-0.0009,0.0005,0.0,2887.0,2506.0
2026-08-25 11:38:16,2026-08-25T11:22:07,765.11,2026-08-25,C,748.0,15.39,17.61,101.0,100.0,16.81,0.0,0.9991,0.0005,-0.0012,0.0006,0.0,17.0,55.0
2026-08-25 11:38:16,2026-08-25T11:22:07,765.11,2026-08-25,P,748.0,0.0,0.01,0.0,2365.0,0.02,0.3382,-0.0009,0.0005,-0.0012,0.0006,0.0,10469.0,7283.0
2026-08-25 11:38:16,2026-08-25T11:22:07,765.11,2026-08-25,C,749.0,14.39,16.61,100.0,100.0,16.73,0.0,0.9988,0.0007,-0.0017,0.0008,0.0,0.0,59.0
2026-08-25 11:38:16,2026-08-25T11:22:07,765.11,2026-08-25,P,749.0,0.01,0.02,2065.0,2945.0,0.01,0.3598,-0.0012,0.0007,-0.0017,0.0008,0.0,2352.0,1627.0
2026-08-25 11:38:16,2026-08-25T11:22:07,765.11,2026-08-25,C,750.0,14.95,15.15,101.0,1.0,14.24,0.0,0.9984,0.001,-0.0023,0.0011,0.0,17.0,125.0
2026-08-25 11:38:16,2026-08-25T11:22:07,765.11,2026-08-25,P,750.0,0.01,0.02,2075.0,2876.0,0.02,0.3398,-0.0016,0.001,-0.0023,0.0011,0.0,1078.0,3718.0
2026-08-25 11:38:16,2026-08-25T11:22:07,765.11,2026-08-25,C,751.0,14.0,14.18,62.0,100.0,14.42,0.0,0.9978,0.0014,-0.0031,0.0014,0.0,4.0,38.0
2026-08-25 11:38:16,2026-08-25T11:22:07,765.11,2026-08-25,P,751.0,0.01,0.02,2701.0,2849.0,0.01,0.3197,-0.0022,0.0014,-0.0031,0.0014,0.0,737.0,3805.0
2026-08-25 11:38:16,2026-08-25T11:22:07,765.11,2026-08-25,C,752.0,13.0,13.18,69.0,146.0,12.29,0.0,0.9969,0.0019,-0.0043,0.0019,0.0,15.0,32.0
2026-08-25 11:38:16,2026-08-25T11:22:07,765.11,2026-08-25,P,752.0,0.01,0.02,2699.0,2850.0,0.02,0.2996,-0.0031,0.0019,-0.0043,0.0019,0.0,1273.0,2503.0
2026-08-25 11:38:16,2026-08-25T11:22:07,765.11,2026-08-25,C,753.0,11.99,12.18,152.0,133.0,11.55,0.0,0.9958,0.0027,-0.0059,0.0026,0.0,8.0,281.0
2026-08-25 11:38:16,2026-08-25T11:22:07,765.11,2026-08-25,P,753.0,0.01,0.02,2702.0,2855.0,0.01,0.2792,-0.0042,0.0027,-0.0059,0.0026,0.0,4074.0,4515.0
2026-08-25 11:38:16,2026-08-25T11:22:07,765.11,2026-08-25,C,754.0,10.63,11.18,152.0,132.0,10.65,0.0,0.9941,0.0038,-0.0082,0.0035,0.0,20.0,39.0
2026-08-25 11:38:16,2026-08-25T11:22:07,765.11,2026-08-25,P,754.0,0.01,0.02,3022.0,3142.0,0.01,0.2588,-0.0059,0.0038,-0.0082,0.0035,0.0,7738.0,6602.0
2026-08-25 11:38:16,2026-08-25T11:22:07,765.11,2026-08-25,C,755.0,10.01,10.19,66.0,68.0,9.96,0.0,0.9917,0.0053,-0.0114,0.0047,0.0,32.0,118.0
2026-08-25 11:38:16,2026-08-25T11:22:07,765.11,2026-08-25,P,755.0,0.01,0.02,3001.0,2946.0,0.01,0.2382,-0.0082,0.0053,-0.0114,0.0046,0.0,5188.0,7774.0
2026-08-25 11:38:16,2026-08-25T11:22:07,765.11,2026-08-25,C,756.0,9.01,9.18,66.0,68.0,9.13,0.0,0.9884,0.0075,-0.016,0.0063,0.0,401.0,129.0
2026-08-25 11:38:16,2026-08-25T11:22:07,765.11,2026-08-25,P,756.0,0.02,0.03,148.0,4003.0,0.03,0.2331,-0.0116,0.0075,-0.0159,0.0062,0.0,3723.0,5870.0
2026-08-25 11:38:16,2026-08-25T11:22:07,765.11,2026-08-25,C,757.0,8.01,8.19,79.0,105.0,7.76,0.0,0.9835,0.0107,-0.0223,0.0084,0.0,202.0,251.0
2026-08-25 11:38:16,2026-08-25T11:22:07,765.11,2026-08-25,P,757.0,0.02,0.03,2311.0,3983.0,0.03,0.211,-0.0164,0.0106,-0.0222,0.0084,0.0,11168.0,4522.0
2026-08-25 11:38:16,2026-08-25T11:22:07,765.11,2026-08-25,C,758.0,7.02,7.18,66.0,66.0,7.06,0.0,0.9766,0.0153,-0.0313,0.0112,0.0,217.0,242.0
2026-08-25 11:38:16,2026-08-25T11:22:07,765.11,2026-08-25,P,758.0,0.02,0.03,3299.0,3248.0,0.03,0.1886,-0.0233,0.0152,-0.0311,0.0112,0.0,10925.0,4927.0
2026-08-25 11:38:16,2026-08-25T11:22:07,765.11,2026-08-25,C,759.0,6.1,6.18,62.0,78.0,5.82,0.1454,0.9666,0.0221,-0.0439,0.015,0.0,429.0,747.0
2026-08-25 11:38:16,2026-08-25T11:22:07,765.11,2026-08-25,P,759.0,0.03,0.04,1939.0,3752.0,0.03,0.175,-0.0333,0.022,-0.0437,0.015,0.0,53450.0,8086.0
2026-08-25 11:38:16,2026-08-25T11:22:07,765.11,2026-08-25,C,760.0,5.11,5.19,3.0,83.0,5.14,0.1424,0.9518,0.0323,-0.0618,0.02,0.0,1636.0,792.0
2026-08-25 11:38:16,2026-08-25T11:22:07,765.11,2026-08-25,P,760.0,0.04,0.05,1777.0,3172.0,0.05,0.1579,-0.048,0.0321,-0.0615,0.02,0.0,81953.0,12864.0
2026-08-25 11:38:16,2026-08-25T11:22:07,765.11,2026-08-25,C,761.0,4.13,4.23,64.0,100.0,4.19,0.1423,0.9296,0.0479,-0.0875,0.0267,0.0,2340.0,551.0
2026-08-25 11:38:16,2026-08-25T11:22:07,765.11,2026-08-25,P,761.0,0.06,0.07,1972.0,2547.0,0.06,0.1427,-0.07,0.0476,-0.0871,0.0266,0.0,87925.0,6950.0
2026-08-25 11:38:16,2026-08-25T11:22:07,765.11,2026-08-25,C,762.0,3.2,3.21,1.0,48.0,3.22,0.1222,0.8942,0.0727,-0.1274,0.0358,0.0,7453.0,2460.0
2026-08-25 11:38:16,2026-08-25T11:22:07,765.11,2026-08-25,P,762.0,0.1,0.11,1696.0,2222.0,0.1,0.1289,-0.1058,0.0727,-0.1274,0.0358,0.0,73734.0,10257.0
2026-08-25 11:38:16,2026-08-25T11:22:07,765.11,2026-08-25,C,763.0,2.28,2.3,100.0,196.0,2.3,0.1158,0.8308,0.1131,-0.2019,0.0484,0.0,18367.0,4816.0
2026-08-25 11:38:16,2026-08-25T11:22:07,765.11,2026-08-25,P,763.0,0.19,0.2,494.0,1475.0,0.19,0.1191,-0.1692,0.1131,-0.2019,0.0484,0.0,158969.0,7137.0
2026-08-25 11:38:16,2026-08-25T11:22:07,765.11,2026-08-25,C,764.0,1.47,1.48,151.0,236.0,1.47,0.1078,0.7124,0.1686,-0.3646,0.064,0.0,77706.0,9545.0
2026-08-25 11:38:16,2026-08-25T11:22:07,765.11,2026-08-25,P,764.0,0.37,0.38,471.0,556.0,0.38,0.1109,-0.2876,0.1686,-0.3646,0.064,0.0,285964.0,9840.0
2026-08-25 11:38:16,2026-08-25T11:22:07,765.11,2026-08-25,C,765.0,0.82,0.83,144.0,465.0,0.82,0.104,0.5275,0.2075,-0.7024,0.0737,0.0,237059.0,8765.0
2026-08-25 11:38:16,2026-08-25T11:22:07,765.11,2026-08-25,P,765.0,0.72,0.73,377.0,290.0,0.72,0.1053,-0.4725,0.2075,-0.7024,0.0737,0.0,269730.0,4800.0
2026-08-25 11:38:16,2026-08-25T11:22:07,765.11,2026-08-25,C,766.0,0.39,0.4,479.0,541.0,0.39,0.1031,0.3252,0.1881,-0.4068,0.0673,0.0,274989.0,5889.0
2026-08-25 11:38:16,2026-08-25T11:22:07,765.11,2026-08-25,P,766.0,1.29,1.31,102.0,212.0,1.3,0.1038,-0.6748,0.1881,-0.4068,0.0673,0.0,159944.0,2066.0
2026-08-25 11:38:16,2026-08-25T11:22:07,765.11,2026-08-25,C,767.0,0.18,0.19,530.0,1481.0,0.18,0.1072,0.1758,0.1291,-0.1896,0.0497,0.0,236419.0,6629.0
2026-08-25 11:38:16,2026-08-25T11:22:07,765.11,2026-08-25,P,767.0,2.07,2.1,149.0,123.0,2.08,0.1103,-0.8242,0.1291,-0.1896,0.0497,0.0,49228.0,2126.0
2026-08-25 11:38:16,2026-08-25T11:22:07,765.11,2026-08-25,C,768.0,0.09,0.1,1243.0,2284.0,0.09,0.1173,0.0928,0.0768,-0.0932,0.033,0.0,165022.0,6087.0
2026-08-25 11:38:16,2026-08-25T11:22:07,765.11,2026-08-25,P,768.0,2.99,3.01,22.0,37.0,2.95,0.1235,-0.9072,0.0768,-0.0932,0.033,0.0,12596.0,1140.0
2026-08-25 11:38:16,2026-08-25T11:22:07,765.11,2026-08-25,C,769.0,0.05,0.06,2515.0,3129.0,0.06,0.1294,0.0523,0.0452,-0.0518,0.0218,0.0,70506.0,3680.0
2026-08-25 11:38:16,2026-08-25T11:22:07,765.11,2026-08-25,P,769.0,3.89,3.99,115.0,100.0,3.92,0.1299,-0.9481,0.0448,-0.0514,0.0217,0.0,4371.0,1580.0
2026-08-25 11:38:16,2026-08-25T11:22:07,765.11,2026-08-25,C,770.0,0.03,0.04,3443.0,2320.0,0.04,0.143,0.0342,0.0286,-0.0354,0.0157,0.0,44650.0,7341.0
2026-08-25 11:38:16,2026-08-25T11:22:07,765.11,2026-08-25,P,770.0,4.87,4.98,115.0,100.0,4.91,0.1468,-0.966,0.0284,-0.0353,0.0156,0.0,1745.0,774.0
2026-08-25 11:38:16,2026-08-25T11:22:07,765.11,2026-08-25,C,771.0,0.02,0.03,3174.0,1464.0,0.02,0.158,0.0269,0.0206,-0.0306,0.0128,0.0,19248.0,4829.0
2026-08-25 11:38:16,2026-08-25T11:22:07,765.11,2026-08-25,P,771.0,5.86,6.01,102.0,82.0,5.93,0.1871,-0.9732,0.0205,-0.0306,0.0128,0.0,430.0,35.0
2026-08-25 11:38:16,2026-08-25T11:22:07,765.11,2026-08-25,C,772.0,0.02,0.03,2089.0,2926.0,0.03,0.1804,0.023,0.0159,-0.0289,0.0111,0.0,10163.0,3798.0
2026-08-25 11:38:16,2026-08-25T11:22:07,765.11,2026-08-25,P,772.0,6.85,6.96,150.0,106.0,7.04,0.1808,-0.9771,0.0159,-0.0288,0.0111,0.0,195.0,1458.0
2026-08-25 11:38:16,2026-08-25T11:22:07,765.11,2026-08-25,C,773.0,0.01,0.02,3468.0,1485.0,0.02,0.1884,0.02,0.0127,-0.0274,0.0098,0.0,5684.0,8118.0
2026-08-25 11:38:16,2026-08-25T11:22:07,765.11,2026-08-25,P,773.0,7.85,8.66,150.0,224.0,8.41,0.3572,-0.9801,0.0127,-0.0274,0.0098,0.0,35.0,28.0
2026-08-25 11:38:16,2026-08-25T11:22:07,765.11,2026-08-25,C,774.0,0.01,0.02,3222.0,2781.0,0.02,0.209,0.0175,0.0104,-0.0259,0.0088,0.0,3975.0,2745.0
2026-08-25 11:38:16,2026-08-25T11:22:07,765.11,2026-08-25,P,774.0,8.85,9.02,170.0,224.0,9.01,0.2613,-0.9825,0.0103,-0.0259,0.0087,0.0,49.0,1.0
2026-08-25 11:38:16,2026-08-25T11:22:07,765.11,2026-08-25,C,775.0,0.01,0.02,2424.0,2544.0,0.01,0.2293,0.0154,0.0086,-0.0244,0.0078,0.0,4471.0,3513.0
2026-08-25 11:38:16,2026-08-25T11:22:07,765.11,2026-08-25,P,775.0,9.85,10.05,224.0,224.0,10.58,0.2959,-0.9846,0.0086,-0.0244,0.0078,0.0,241.0,894.0
2026-08-25 11:38:16,2026-08-25T11:22:07,765.11,2026-08-25,C,776.0,0.01,0.02,2844.0,2844.0,0.01,0.2493,0.0137,0.0072,-0.023,0.007,0.0,1472.0,2955.0
2026-08-25 11:38:16,2026-08-25T11:22:07,765.11,2026-08-25,P,776.0,10.85,12.13,156.0,111.0,11.4,0.5156,-0.9863,0.0072,-0.0229,0.007,0.0,81.0,19.0
2026-08-25 11:38:16,2026-08-25T11:22:07,765.11,2026-08-25,C,777.0,0.01,0.02,2844.0,2964.0,0.01,0.2691,0.0122,0.0061,-0.0215,0.0063,0.0,7928.0,1546.0
2026-08-25 11:38:16,2026-08-25T11:22:07,765.11,2026-08-25,P,777.0,11.84,12.02,100.0,105.0,12.43,0.3278,-0.9879,0.006,-0.0215,0.0063,0.0,43.0,13.0
2026-08-25 11:38:16,2026-08-25T11:22:07,765.11,2026-08-25,C,778.0,0.0,0.01,0.0,1305.0,0.01,0.2558,0.0108,0.0052,-0.02,0.0057,0.0,8845.0,1297.0
2026-08-25 11:38:16,2026-08-25T11:22:07,765.11,2026-08-25,P,778.0,12.84,14.13,100.0,125.0,12.0,0.5783,-0.9892,0.0051,-0.02,0.0057,0.0,1.0,0.0
2026-08-25 11:38:16,2026-08-25T11:22:07,765.11,2026-08-25,C,779.0,0.0,0.01,0.0,2400.0,0.01,0.2735,0.0096,0.0044,-0.0186,0.0052,0.0,4216.0,1129.0
2026-08-25 11:38:16,2026-08-25T11:22:07,765.11,2026-08-25,P,779.0,13.84,15.12,100.0,167.0,15.5,0.6082,-0.9904,0.0044,-0.0185,0.0051,0.0,0.0,28.0
2026-08-25 11:38:16,2026-08-25T11:22:07,765.11,2026-08-25,C,780.0,0.0,0.01,0.0,2697.0,0.01,0.291,0.0086,0.0038,-0.0171,0.0046,0.0,169.0,3628.0
2026-08-25 11:38:16,2026-08-25T11:22:07,765.11,2026-08-25,P,780.0,14.84,15.24,100.0,157.0,15.2,0.4741,-0.9914,0.0038,-0.0171,0.0046,0.0,3.0,0.0
2026-08-25 11:38:16,2026-08-25T11:22:07,765.11,2026-08-25,C,781.0,0.0,0.01,0.0,2697.0,0.01,0.3084,0.0076,0.0032,-0.0156,0.0042,0.0,27.0,779.0
2026-08-25 11:38:16,2026-08-25T11:22:07,765.11,2026-08-25,P,781.0,15.84,17.62,100.0,171.0,16.86,0.7387,-0.9924,0.0032,-0.0156,0.0042,0.0,12.0,0.0
2026-08-25 11:38:16,2026-08-25T11:22:07,765.11,2026-08-25,C,782.0,0.0,0.01,0.0,2697.0,0.01,0.3258,0.0067,0.0028,-0.0142,0.0037,0.0,73.0,1044.0
2026-08-25 11:38:16,2026-08-25T11:22:07,765.11,2026-08-25,P,782.0,16.84,17.09,44.0,96.0,17.17,0.4726,-0.9933,0.0028,-0.0142,0.0037,0.0,2.0,1.0
2026-08-25 11:38:16,2026-08-25T11:22:07,765.11,2026-08-25,C,783.0,0.0,0.01,0.0,2697.0,0.01,0.3429,0.0059,0.0024,-0.0128,0.0033,0.0,12.0,968.0
2026-08-25 11:38:16,2026-08-25T11:22:07,765.11,2026-08-25,P,783.0,17.84,18.03,45.0,100.0,18.46,0.4668,-0.9941,0.0024,-0.0127,0.0033,0.0,5.0,0.0
2026-08-25 11:38:16,2026-08-25T11:22:07,765.11,2026-08-25,C,784.0,0.0,0.01,0.0,2697.0,0.01,0.36,0.0051,0.002,-0.0113,0.0029,0.0,14.0,1194.0
2026-08-25 11:38:16,2026-08-25T11:22:07,765.11,2026-08-25,P,784.0,18.83,19.03,51.0,100.0,19.41,0.4828,-0.9949,0.002,-0.0113,0.0029,0.0,7.0,0.0
2026-08-25 11:38:16,2026-08-25T11:22:07,765.11,2026-08-25,C,785.0,0.0,0.01,0.0,2697.0,0.01,0.3771,0.0044,0.0017,-0.0099,0.0026,0.0,41.0,3167.0
2026-08-25 11:38:16,2026-08-25T11:22:07,765.11,2026-08-25,P,785.0,19.83,20.01,45.0,100.0,20.49,0.4913,-0.9956,0.0017,-0.0098,0.0025,0.0,8.0,0.0
2026-08-25 11:38:16,2026-08-25T11:22:07,765.11,2026-08-25,C,786.0,0.0,0.01,0.0,2698.0,0.01,0.394,0.0037,0.0014,-0.0084,0.0022,0.0,8.0,1174.0
2026-08-25 11:38:16,2026-08-25T11:22:07,765.11,2026-08-25,P,786.0,20.83,21.03,55.0,100.0,21.44,0.5255,-0.9963,0.0014,-0.0084,0.0022,0.0,11.0,0.0
2026-08-25 11:38:16,2026-08-25T11:22:07,765.11,2026-08-25,C,787.0,0.0,0.01,0.0,2753.0,0.01,0.4108,0.0031,0.0012,-0.007,0.0018,0.0,374.0,876.0
2026-08-25 11:38:16,2026-08-25T11:22:07,765.11,2026-08-25,P,787.0,21.83,22.01,45.0,100.0,22.32,0.5329,-0.9969,0.0012,-0.007,0.0018,0.0,6.0,0.0
2026-08-25 11:38:16,2026-08-25T11:22:07,765.11,2026-08-25,C,788.0,0.0,0.01,0.0,2754.0,0.01,0.4276,0.0025,0.001,-0.0056,0.0015,0.0,17.0,1884.0
2026-08-25 11:38:16,2026-08-25T11:22:07,765.11,2026-08-25,P,788.0,22.83,23.07,44.0,100.0,23.27,0.592,-0.9975,0.001,-0.0056,0.0015,0.0,6.0,0.0
2026-08-25 11:38:16,2026-08-25T11:22:07,765.11,2026-08-25,C,789.0,0.0,0.01,0.0,2754.0,0.01,0.4442,0.0019,0.0007,-0.0042,0.0012,0.0,3.0,1582.0
2026-08-25 11:38:16,2026-08-25T11:22:07,765.11,2026-08-25,P,789.0,23.83,24.01,45.0,45.0,24.31,0.574,-0.9981,0.0007,-0.0042,0.0012,0.0,4.0,0.0
2026-08-25 11:38:16,2026-08-25T11:22:07,765.11,2026-08-25,C,790.0,0.0,0.01,0.0,3400.0,0.01,0.4608,0.0013,0.0005,-0.0028,0.0009,0.0,3.0,2383.0
2026-08-25 11:38:16,2026-08-25T11:22:07,765.11,2026-08-25,P,790.0,24.83,25.01,45.0,45.0,25.26,0.5944,-0.9987,0.0005,-0.0028,0.0008,0.0,5.0,0.0
2026-08-25 11:38:16,2026-08-25T11:22:07,765.11,2026-08-25,C,791.0,0.0,0.01,0.0,2754.0,0.02,0.4774,0.0008,0.0004,-0.0017,0.0006,0.0,0.0,413.0
2026-08-25 11:38:16,2026-08-25T11:22:07,765.11,2026-08-25,P,791.0,25.83,26.01,46.0,45.0,26.03,0.6146,-0.9992,0.0003,-0.0016,0.0006,0.0,6.0,0.0
2026-08-25 11:38:16,2026-08-25T11:22:07,765.11,2026-08-25,C,792.0,0.0,0.01,0.0,2254.0,0.01,0.4938,0.0004,0.0002,-0.0008,0.0003,0.0,0.0,388.0
2026-08-25 11:38:16,2026-08-25T11:22:07,765.11,2026-08-25,P,792.0,26.83,27.01,45.0,45.0,27.32,0.6348,-0.9996,0.0002,-0.0008,0.0003,0.0,3.0,0.0
2026-08-25 11:38:16,2026-08-25T11:22:07,765.11,2026-08-25,C,793.0,0.0,0.01,0.0,2254.0,0.01,0.5102,0.0002,0.0001,-0.0003,0.0001,0.0,0.0,719.0
2026-08-25 11:38:16,2026-08-25T11:22:07,765.11,2026-08-25,P,793.0,27.82,29.62,44.0,275.0,29.57,1.0978,-0.9998,0.0001,-0.0003,0.0001,0.0,0.0,0.0
2026-08-25 11:38:16,2026-08-25T11:22:07,765.11,2026-08-25,C,794.0,0.0,0.01,0.0,2254.0,0.01,0.5266,0.0001,0.0,-0.0001,0.0001,0.0,2.0,366.0
2026-08-25 11:38:16,2026-08-25T11:22:07,765.11,2026-08-25,P,794.0,28.82,30.62,44.0,275.0,31.55,1.1264,-0.9999,0.0,-0.0001,0.0001,0.0,0.0,0.0
2026-08-25 11:38:16,2026-08-25T11:22:07,765.11,2026-08-25,C,795.0,0.0,0.01,0.0,2254.0,0.01,0.5428,0.0001,0.0,-0.0001,0.0,0.0,0.0,321.0
2026-08-25 11:38:16,2026-08-25T11:22:07,765.11,2026-08-25,P,795.0,29.82,31.62,44.0,269.0,32.57,1.1547,-0.9999,0.0,-0.0001,0.0,0.0,0.0,0.0
2026-08-25 11:38:16,2026-08-25T11:22:07,765.11,2026-08-25,C,796.0,0.0,0.01,0.0,2254.0,0.01,0.559,0.0001,0.0,-0.0001,0.0,0.0,0.0,327.0
2026-08-25 11:38:16,2026-08-25T11:22:07,765.11,2026-08-25,P,796.0,30.83,32.62,25.0,140.0,33.53,1.1846,-0.9999,0.0,-0.0001,0.0,0.0,0.0,0.0
2026-08-25 11:38:16,2026-08-25T11:22:07,765.11,2026-08-25,C,797.0,0.0,0.01,0.0,2254.0,0.04,0.5751,0.0,0.0,-0.0001,0.0,0.0,0.0,49.0
2026-08-25 11:38:16,2026-08-25T11:22:07,765.11,2026-08-25,P,797.0,31.82,33.62,25.0,25.0,34.56,1.2109,-1.0,0.0,-0.0001,0.0,0.0,0.0,0.0
2026-08-25 11:38:16,2026-08-25T11:22:07,765.11,2026-08-25,C,798.0,0.0,0.01,0.0,2254.0,0.01,0.5912,0.0,0.0,-0.0001,0.0,0.0,2.0,43.0
2026-08-25 11:38:16,2026-08-25T11:22:07,765.11,2026-08-25,P,798.0,32.82,34.62,25.0,25.0,0.0,1.2387,-1.0,0.0,-0.0001,0.0,0.0,0.0,0.0
2026-08-25 11:38:16,2026-08-25T11:22:07,765.11,2026-08-25,C,799.0,0.0,0.01,0.0,2253.0,0.01,0.6072,0.0,0.0,-0.0001,0.0,0.0,0.0,117.0
2026-08-25 11:38:16,2026-08-25T11:22:07,765.11,2026-08-25,P,799.0,33.82,35.62,25.0,25.0,30.0,1.2664,-1.0,0.0,-0.0001,0.0,0.0,0.0,0.0
2026-08-25 11:38:16,2026-08-25T11:22:07,765.11,2026-08-25,C,800.0,0.0,0.01,0.0,2254.0,0.01,0.6232,0.0,0.0,-0.0001,0.0,0.0,0.0,577.0
2026-08-25 11:38:16,2026-08-25T11:22:07,765.11,2026-08-25,P,800.0,34.82,36.62,25.0,25.0,35.67,1.2939,-1.0,0.0,-0.0001,0.0,0.0,1.0,1.0
2026-08-25 11:38:16,2026-08-25T11:22:07,765.11,2026-08-25,C,801.0,0.0,0.01,0.0,2254.0,0.01,0.6391,0.0,0.0,-0.0001,0.0,0.0,0.0,59.0
2026-08-25 11:38:16,2026-08-25T11:22:07,765.11,2026-08-25,P,801.0,35.82,37.62,25.0,25.0,0.0,1.3212,-1.0,0.0,-0.0001,0.0,0.0,0.0,0.0
2026-08-25 11:38:16,2026-08-25T11:22:07,765.11,2026-08-25,C,802.0,0.0,0.01,0.0,2254.0,0.01,0.655,0.0,0.0,-0.0001,0.0,0.0,2.0,94.0
2026-08-25 11:38:16,2026-08-25T11:22:07,765.11,2026-08-25,P,802.0,35.92,38.62,25.0,25.0,0.0,1.1475,-1.0,0.0,-0.0001,0.0,0.0,0.0,0.0
2026-08-25 11:38:16,2026-08-25T11:22:07,765.11,2026-08-25,C,803.0,0.0,0.01,0.0,2254.0,0.01,0.6708,0.0,0.0,-0.0001,0.0,0.0,1.0,250.0
2026-08-25 11:38:16,2026-08-25T11:22:07,765.11,2026-08-25,P,803.0,36.9,39.62,25.0,25.0,0.0,1.1661,-1.0,0.0,-0.0001,0.0,0.0,0.0,0.0
2026-08-25 11:43:17,2026-08-25T11:27:08,764.74,2026-08-25,C,727.0,37.7,37.88,24.0,24.0,37.61,0.0,1.0,0.0,0.0,0.0,0.0,54.0,1.0
2026-08-25 11:43:17,2026-08-25T11:27:08,764.74,2026-08-25,P,727.0,0.0,0.01,0.0,2229.0,0.01,0.7101,0.0,0.0,0.0,0.0,0.0,0.0,181.0
2026-08-25 11:43:17,2026-08-25T11:27:08,764.74,2026-08-25,C,728.0,36.68,36.88,24.0,24.0,37.5,0.0,1.0,0.0,0.0,0.0,0.0,2.0,1.0
2026-08-25 11:43:17,2026-08-25T11:27:08,764.74,2026-08-25,P,728.0,0.0,0.01,0.0,2229.0,0.01,0.6924,0.0,0.0,0.0,0.0,0.0,0.0,602.0
2026-08-25 11:43:17,2026-08-25T11:27:08,764.74,2026-08-25,C,729.0,34.09,37.23,24.0,24.0,35.61,0.0,1.0,0.0,0.0,0.0,0.0,0.0,1.0
2026-08-25 11:43:17,2026-08-25T11:27:08,764.74,2026-08-25,P,729.0,0.0,0.01,0.0,2229.0,0.01,0.6748,0.0,0.0,0.0,0.0,0.0,0.0,415.0
2026-08-25 11:43:17,2026-08-25T11:27:08,764.74,2026-08-25,C,730.0,33.38,36.41,142.0,24.0,35.67,0.8962,1.0,0.0,0.0,0.0,0.0,1.0,1.0
2026-08-25 11:43:17,2026-08-25T11:27:08,764.74,2026-08-25,P,730.0,0.0,0.01,0.0,2229.0,0.01,0.6571,0.0,0.0,0.0,0.0,0.0,0.0,2872.0
2026-08-25 11:43:17,2026-08-25T11:27:08,764.74,2026-08-25,C,731.0,32.09,35.41,24.0,24.0,34.72,0.0,1.0,0.0,0.0,0.0,0.0,1.0,4.0
2026-08-25 11:43:17,2026-08-25T11:27:08,764.74,2026-08-25,P,731.0,0.0,0.01,0.0,2229.0,0.01,0.6394,0.0,0.0,0.0,0.0,0.0,15.0,389.0
2026-08-25 11:43:17,2026-08-25T11:27:08,764.74,2026-08-25,C,732.0,31.38,34.42,211.0,46.0,41.55,0.8576,1.0,0.0,0.0,0.0,0.0,0.0,13.0
2026-08-25 11:43:17,2026-08-25T11:27:08,764.74,2026-08-25,P,732.0,0.0,0.01,0.0,2228.0,0.01,0.6217,0.0,0.0,0.0,0.0,0.0,0.0,516.0
2026-08-25 11:43:17,2026-08-25T11:27:08,764.74,2026-08-25,C,733.0,30.09,33.36,45.0,211.0,31.65,0.0,1.0,0.0,0.0,0.0,0.0,2.0,1.0
2026-08-25 11:43:17,2026-08-25T11:27:08,764.74,2026-08-25,P,733.0,0.0,0.01,0.0,2228.0,0.01,0.604,0.0,0.0,0.0,0.0,0.0,10.0,568.0
2026-08-25 11:43:17,2026-08-25T11:27:08,764.74,2026-08-25,C,734.0,29.09,32.41,45.0,45.0,31.16,0.0,1.0,0.0,0.0,0.0,0.0,2.0,1.0
2026-08-25 11:43:17,2026-08-25T11:27:08,764.74,2026-08-25,P,734.0,0.0,0.01,0.0,2229.0,0.01,0.5863,0.0,0.0,0.0,0.0,0.0,1.0,79.0
2026-08-25 11:43:17,2026-08-25T11:27:08,764.74,2026-08-25,C,735.0,28.09,31.42,45.0,46.0,29.24,0.0,1.0,0.0,0.0,0.0,0.0,0.0,5.0
2026-08-25 11:43:17,2026-08-25T11:27:08,764.74,2026-08-25,P,735.0,0.0,0.01,0.0,2228.0,0.01,0.5685,0.0,0.0,0.0,0.0,0.0,2.0,525.0
2026-08-25 11:43:17,2026-08-25T11:27:08,764.74,2026-08-25,C,736.0,27.39,30.42,45.0,46.0,29.63,0.7714,1.0,0.0,0.0,0.0,0.0,2.0,7.0
2026-08-25 11:43:17,2026-08-25T11:27:08,764.74,2026-08-25,P,736.0,0.0,0.01,0.0,2228.0,0.02,0.5508,0.0,0.0,0.0,0.0,0.0,0.0,3303.0
2026-08-25 11:43:17,2026-08-25T11:27:08,764.74,2026-08-25,C,737.0,26.39,29.37,45.0,50.0,29.24,0.7157,1.0,0.0,0.0,0.0,0.0,4.0,10.0
2026-08-25 11:43:17,2026-08-25T11:27:08,764.74,2026-08-25,P,737.0,0.0,0.01,0.0,2228.0,0.01,0.533,0.0,0.0,0.0,0.0,0.0,15.0,502.0
2026-08-25 11:43:17,2026-08-25T11:27:08,764.74,2026-08-25,C,738.0,25.38,28.42,211.0,51.0,25.46,0.7187,1.0,0.0,-0.0001,0.0,0.0,0.0,4.0
2026-08-25 11:43:17,2026-08-25T11:27:08,764.74,2026-08-25,P,738.0,0.0,0.01,0.0,2728.0,0.01,0.5152,0.0,0.0,-0.0001,0.0,0.0,18.0,451.0
2026-08-25 11:43:17,2026-08-25T11:27:08,764.74,2026-08-25,C,739.0,24.38,27.42,217.0,52.0,26.26,0.6954,0.9999,0.0,-0.0001,0.0,0.0,2.0,6.0
2026-08-25 11:43:17,2026-08-25T11:27:08,764.74,2026-08-25,P,739.0,0.0,0.01,0.0,2630.0,0.01,0.4973,-0.0001,0.0,-0.0001,0.0,0.0,26.0,336.0
2026-08-25 11:43:17,2026-08-25T11:27:08,764.74,2026-08-25,C,740.0,24.65,24.87,46.0,46.0,24.74,0.0,0.9999,0.0,-0.0001,0.0001,0.0,8.0,9.0
2026-08-25 11:43:17,2026-08-25T11:27:08,764.74,2026-08-25,P,740.0,0.0,0.01,0.0,2608.0,0.01,0.4795,-0.0001,0.0,-0.0001,0.0001,0.0,310.0,685.0
2026-08-25 11:43:17,2026-08-25T11:27:08,764.74,2026-08-25,C,741.0,23.68,23.87,46.0,45.0,24.53,0.0,0.9999,0.0001,-0.0001,0.0001,0.0,4.0,2.0
2026-08-25 11:43:17,2026-08-25T11:27:08,764.74,2026-08-25,P,741.0,0.0,0.01,0.0,2608.0,0.01,0.4616,-0.0001,0.0001,-0.0002,0.0001,0.0,364.0,561.0
2026-08-25 11:43:17,2026-08-25T11:27:08,764.74,2026-08-25,C,742.0,21.67,24.02,100.0,161.0,21.39,0.5476,0.9998,0.0001,-0.0002,0.0001,0.0,0.0,3.0
2026-08-25 11:43:17,2026-08-25T11:27:08,764.74,2026-08-25,P,742.0,0.0,0.01,0.0,2708.0,0.01,0.4436,-0.0001,0.0001,-0.0002,0.0001,0.0,36.0,450.0
2026-08-25 11:43:17,2026-08-25T11:27:08,764.74,2026-08-25,C,743.0,20.39,23.02,100.0,208.0,23.11,0.0,0.9998,0.0001,-0.0003,0.0001,0.0,1.0,15.0
2026-08-25 11:43:17,2026-08-25T11:27:08,764.74,2026-08-25,P,743.0,0.0,0.01,0.0,2673.0,0.01,0.4257,-0.0002,0.0001,-0.0003,0.0001,0.0,29.0,568.0
2026-08-25 11:43:17,2026-08-25T11:27:08,764.74,2026-08-25,C,744.0,19.39,22.02,100.0,219.0,22.17,0.0,0.9997,0.0002,-0.0004,0.0002,0.0,2.0,19.0
2026-08-25 11:43:17,2026-08-25T11:27:08,764.74,2026-08-25,P,744.0,0.0,0.01,0.0,2708.0,0.01,0.4077,-0.0003,0.0002,-0.0004,0.0002,0.0,1542.0,903.0
2026-08-25 11:43:17,2026-08-25T11:27:08,764.74,2026-08-25,C,745.0,18.56,21.02,166.0,176.0,21.23,0.0,0.9996,0.0002,-0.0005,0.0003,0.0,1.0,23.0
2026-08-25 11:43:17,2026-08-25T11:27:08,764.74,2026-08-25,P,745.0,0.0,0.01,0.0,3869.0,0.01,0.3896,-0.0004,0.0002,-0.0005,0.0003,0.0,464.0,1025.0
2026-08-25 11:43:17,2026-08-25T11:27:08,764.74,2026-08-25,C,746.0,17.4,19.62,169.0,117.0,18.49,0.0,0.9995,0.0003,-0.0007,0.0004,0.0,6.0,11.0
2026-08-25 11:43:17,2026-08-25T11:27:08,764.74,2026-08-25,P,746.0,0.0,0.01,0.0,3299.0,0.01,0.3715,-0.0005,0.0003,-0.0007,0.0004,0.0,9812.0,1605.0
2026-08-25 11:43:17,2026-08-25T11:27:08,764.74,2026-08-25,C,747.0,17.4,18.64,167.0,172.0,18.64,0.5888,0.9993,0.0004,-0.0009,0.0005,0.0,4.0,74.0
2026-08-25 11:43:17,2026-08-25T11:27:08,764.74,2026-08-25,P,747.0,0.0,0.01,0.0,3544.0,0.01,0.3534,-0.0007,0.0004,-0.0009,0.0005,0.0,2888.0,2506.0
2026-08-25 11:43:17,2026-08-25T11:27:08,764.74,2026-08-25,C,748.0,15.39,17.64,100.0,226.0,16.81,0.0,0.9991,0.0006,-0.0012,0.0006,0.0,17.0,55.0
2026-08-25 11:43:17,2026-08-25T11:27:08,764.74,2026-08-25,P,748.0,0.0,0.01,0.0,2867.0,0.01,0.3352,-0.0009,0.0006,-0.0012,0.0006,0.0,10705.0,7283.0
2026-08-25 11:43:17,2026-08-25T11:27:08,764.74,2026-08-25,C,749.0,14.39,16.67,63.0,49.0,16.73,0.0,0.9988,0.0008,-0.0017,0.0008,0.0,0.0,59.0
2026-08-25 11:43:17,2026-08-25T11:27:08,764.74,2026-08-25,P,749.0,0.01,0.02,2066.0,3421.0,0.02,0.3563,-0.0012,0.0008,-0.0017,0.0008,0.0,2470.0,1627.0
2026-08-25 11:43:17,2026-08-25T11:27:08,764.74,2026-08-25,C,750.0,14.62,14.86,149.0,100.0,14.24,0.0,0.9983,0.0011,-0.0024,0.0011,0.0,17.0,125.0
2026-08-25 11:43:17,2026-08-25T11:27:08,764.74,2026-08-25,P,750.0,0.01,0.02,2183.0,3355.0,0.01,0.3361,-0.0017,0.0011,-0.0024,0.0011,0.0,1082.0,3718.0
2026-08-25 11:43:17,2026-08-25T11:27:08,764.74,2026-08-25,C,751.0,13.66,13.88,100.0,56.0,14.42,0.0,0.9977,0.0015,-0.0032,0.0015,0.0,4.0,38.0
2026-08-25 11:43:17,2026-08-25T11:27:08,764.74,2026-08-25,P,751.0,0.01,0.02,2673.0,3287.0,0.01,0.3159,-0.0023,0.0015,-0.0032,0.0015,0.0,738.0,3805.0
2026-08-25 11:43:17,2026-08-25T11:27:08,764.74,2026-08-25,C,752.0,12.68,12.89,111.0,43.0,12.29,0.0,0.9968,0.0021,-0.0045,0.002,0.0,15.0,32.0
2026-08-25 11:43:17,2026-08-25T11:27:08,764.74,2026-08-25,P,752.0,0.01,0.02,2752.0,3217.0,0.02,0.2955,-0.0032,0.0021,-0.0045,0.002,0.0,1306.0,2503.0
2026-08-25 11:43:17,2026-08-25T11:27:08,764.74,2026-08-25,C,753.0,11.67,11.88,141.0,42.0,11.55,0.0,0.9955,0.0029,-0.0062,0.0027,0.0,8.0,281.0
2026-08-25 11:43:17,2026-08-25T11:27:08,764.74,2026-08-25,P,753.0,0.01,0.02,2834.0,3140.0,0.02,0.275,-0.0045,0.0029,-0.0062,0.0027,0.0,4117.0,4515.0
2026-08-25 11:43:17,2026-08-25T11:27:08,764.74,2026-08-25,C,754.0,10.6,11.5,113.0,141.0,10.65,0.4076,0.9937,0.0041,-0.0087,0.0037,0.0,20.0,39.0
2026-08-25 11:43:17,2026-08-25T11:27:08,764.74,2026-08-25,P,754.0,0.01,0.02,3058.0,3111.0,0.03,0.2543,-0.0063,0.0041,-0.0087,0.0036,0.0,7748.0,6602.0
2026-08-25 11:43:17,2026-08-25T11:27:08,764.74,2026-08-25,C,755.0,9.72,9.87,65.0,62.0,9.82,0.0,0.9911,0.0058,-0.0121,0.0049,0.0,33.0,118.0
2026-08-25 11:43:17,2026-08-25T11:27:08,764.74,2026-08-25,P,755.0,0.01,0.02,2925.0,2972.0,0.02,0.2335,-0.0089,0.0058,-0.0121,0.0049,0.0,5221.0,7774.0
2026-08-25 11:43:17,2026-08-25T11:27:08,764.74,2026-08-25,C,756.0,8.68,8.88,76.0,62.0,8.9,0.0,0.9874,0.0082,-0.017,0.0066,0.0,403.0,129.0
2026-08-25 11:43:17,2026-08-25T11:27:08,764.74,2026-08-25,P,756.0,0.02,0.03,1039.0,2977.0,0.03,0.2279,-0.0126,0.0082,-0.017,0.0066,0.0,3918.0,5870.0
2026-08-25 11:43:17,2026-08-25T11:27:08,764.74,2026-08-25,C,757.0,7.7,7.89,62.0,62.0,7.75,0.0,0.9821,0.0118,-0.0239,0.0089,0.0,203.0,251.0
2026-08-25 11:43:17,2026-08-25T11:27:08,764.74,2026-08-25,P,757.0,0.02,0.03,2021.0,3890.0,0.02,0.2055,-0.0178,0.0117,-0.0239,0.0089,0.0,11372.0,4522.0
2026-08-25 11:43:17,2026-08-25T11:27:08,764.74,2026-08-25,C,758.0,6.71,6.89,53.0,66.0,6.86,0.0,0.9744,0.017,-0.0337,0.012,0.0,223.0,242.0
2026-08-25 11:43:17,2026-08-25T11:27:08,764.74,2026-08-25,P,758.0,0.02,0.03,3395.0,2851.0,0.03,0.1828,-0.0255,0.0169,-0.0336,0.012,0.0,11030.0,4927.0
2026-08-25 11:43:17,2026-08-25T11:27:08,764.74,2026-08-25,C,759.0,5.74,5.91,46.0,51.0,5.99,0.1479,0.9632,0.0247,-0.0476,0.0161,0.0,430.0,747.0
2026-08-25 11:43:17,2026-08-25T11:27:08,764.74,2026-08-25,P,759.0,0.03,0.04,2877.0,3505.0,0.03,0.1688,-0.0367,0.0246,-0.0474,0.016,0.0,53531.0,8086.0
2026-08-25 11:43:17,2026-08-25T11:27:08,764.74,2026-08-25,C,760.0,4.77,4.91,64.0,100.0,4.79,0.1402,0.9466,0.0363,-0.0673,0.0215,0.0,1674.0,792.0
2026-08-25 11:43:17,2026-08-25T11:27:08,764.74,2026-08-25,P,760.0,0.04,0.05,2799.0,2937.0,0.05,0.1511,-0.0532,0.0361,-0.0671,0.0215,0.0,82968.0,12864.0
2026-08-25 11:43:17,2026-08-25T11:27:08,764.74,2026-08-25,C,761.0,3.82,3.93,104.0,84.0,3.9,0.1391,0.9213,0.0543,-0.096,0.0288,0.0,2421.0,551.0
2026-08-25 11:43:17,2026-08-25T11:27:08,764.74,2026-08-25,P,761.0,0.07,0.08,970.0,2172.0,0.07,0.1394,-0.0783,0.054,-0.0957,0.0287,0.0,88807.0,6950.0
2026-08-25 11:43:17,2026-08-25T11:27:08,764.74,2026-08-25,C,762.0,2.88,2.9,19.0,19.0,2.9,0.1231,0.8795,0.0834,-0.1427,0.0387,0.0,7739.0,2460.0
2026-08-25 11:43:17,2026-08-25T11:27:08,764.74,2026-08-25,P,762.0,0.12,0.13,1627.0,1411.0,0.13,0.126,-0.1205,0.0834,-0.1427,0.0387,0.0,75410.0,10257.0
2026-08-25 11:43:17,2026-08-25T11:27:08,764.74,2026-08-25,C,763.0,1.97,1.99,102.0,175.0,1.98,0.1153,0.8022,0.1301,-0.2356,0.0526,0.0,19493.0,4816.0
2026-08-25 11:43:17,2026-08-25T11:27:08,764.74,2026-08-25,P,763.0,0.23,0.24,113.0,744.0,0.23,0.1143,-0.1978,0.1301,-0.2356,0.0526,0.0,162076.0,7137.0
2026-08-25 11:43:17,2026-08-25T11:27:08,764.74,2026-08-25,C,764.0,1.2,1.22,198.0,173.0,1.22,0.1071,0.661,0.1869,-0.442,0.0677,0.0,80699.0,9545.0
2026-08-25 11:43:17,2026-08-25T11:27:08,764.74,2026-08-25,P,764.0,0.45,0.46,409.0,627.0,0.45,0.1071,-0.339,0.1869,-0.442,0.0677,0.0,297163.0,9840.0
2026-08-25 11:43:17,2026-08-25T11:27:08,764.74,2026-08-25,C,765.0,0.64,0.65,98.0,496.0,0.64,0.1032,0.4604,0.2106,-0.6616,0.0729,0.0,248417.0,8765.0
2026-08-25 11:43:17,2026-08-25T11:27:08,764.74,2026-08-25,P,765.0,0.87,0.88,81.0,228.0,0.89,0.1032,-0.5396,0.2106,-0.6616,0.0729,0.0,279676.0,4800.0
2026-08-25 11:43:17,2026-08-25T11:27:08,764.74,2026-08-25,C,766.0,0.29,0.3,475.0,103.0,0.3,0.1031,0.2675,0.172,-0.3119,0.0615,0.0,284295.0,5889.0
2026-08-25 11:43:17,2026-08-25T11:27:08,764.74,2026-08-25,P,766.0,1.54,1.55,150.0,43.0,1.46,0.1031,-0.7325,0.172,-0.3119,0.0615,0.0,161896.0,2066.0
2026-08-25 11:43:17,2026-08-25T11:27:08,764.74,2026-08-25,C,767.0,0.13,0.14,528.0,1695.0,0.13,0.1079,0.1409,0.1102,-0.1456,0.0431,0.0,241816.0,6629.0
2026-08-25 11:43:17,2026-08-25T11:27:08,764.74,2026-08-25,P,767.0,2.37,2.41,128.0,37.0,2.34,0.1079,-0.8591,0.1102,-0.1456,0.0431,0.0,49653.0,2126.0
2026-08-25 11:43:17,2026-08-25T11:27:08,764.74,2026-08-25,C,768.0,0.07,0.08,786.0,2574.0,0.08,0.1208,0.0746,0.064,-0.0733,0.0281,0.0,173355.0,6087.0
2026-08-25 11:43:17,2026-08-25T11:27:08,764.74,2026-08-25,P,768.0,3.21,3.37,101.0,68.0,3.24,0.1297,-0.9254,0.064,-0.0733,0.0281,0.0,12660.0,1140.0
2026-08-25 11:43:17,2026-08-25T11:27:08,764.74,2026-08-25,C,769.0,0.04,0.05,3364.0,3003.0,0.05,0.1336,0.0435,0.0379,-0.0429,0.0188,0.0,73339.0,3680.0
2026-08-25 11:43:17,2026-08-25T11:27:08,764.74,2026-08-25,P,769.0,4.18,4.35,51.0,100.0,4.25,0.149,-0.9569,0.0376,-0.0425,0.0187,0.0,4403.0,1580.0
2026-08-25 11:43:17,2026-08-25T11:27:08,764.74,2026-08-25,C,770.0,0.03,0.04,2444.0,3490.0,0.03,0.1519,0.0302,0.025,-0.0318,0.014,0.0,44748.0,7341.0
2026-08-25 11:43:17,2026-08-25T11:27:08,764.74,2026-08-25,P,770.0,5.17,5.35,85.0,113.0,5.31,0.1736,-0.9699,0.0248,-0.0317,0.014,0.0,1776.0,774.0
2026-08-25 11:43:17,2026-08-25T11:27:08,764.74,2026-08-25,C,771.0,0.02,0.03,3007.0,2835.0,0.03,0.1666,0.0247,0.0185,-0.0287,0.0118,0.0,19327.0,4829.0
2026-08-25 11:43:17,2026-08-25T11:27:08,764.74,2026-08-25,P,771.0,6.16,6.37,51.0,51.0,6.35,0.2025,-0.9754,0.0184,-0.0286,0.0118,0.0,432.0,35.0
2026-08-25 11:43:17,2026-08-25T11:27:08,764.74,2026-08-25,C,772.0,0.02,0.03,2450.0,3107.0,0.02,0.189,0.0212,0.0145,-0.0272,0.0103,0.0,10218.0,3798.0
2026-08-25 11:43:17,2026-08-25T11:27:08,764.74,2026-08-25,P,772.0,7.16,7.34,193.0,160.0,6.95,0.219,-0.9788,0.0144,-0.0271,0.0103,0.0,197.0,1458.0
2026-08-25 11:43:17,2026-08-25T11:27:08,764.74,2026-08-25,C,773.0,0.01,0.02,3333.0,2009.0,0.02,0.1967,0.0185,0.0116,-0.0257,0.0091,0.0,5714.0,8118.0
2026-08-25 11:43:17,2026-08-25T11:27:08,764.74,2026-08-25,P,773.0,8.15,8.65,149.0,193.0,8.41,0.3156,-0.9816,0.0116,-0.0256,0.0091,0.0,35.0,28.0
2026-08-25 11:43:17,2026-08-25T11:27:08,764.74,2026-08-25,C,774.0,0.01,0.02,3143.0,2911.0,0.02,0.2173,0.0162,0.0095,-0.0242,0.0081,0.0,3981.0,2745.0
2026-08-25 11:43:17,2026-08-25T11:27:08,764.74,2026-08-25,P,774.0,9.15,9.41,150.0,126.0,9.01,0.2879,-0.9838,0.0095,-0.0242,0.0081,0.0,49.0,1.0
2026-08-25 11:43:17,2026-08-25T11:27:08,764.74,2026-08-25,C,775.0,0.01,0.02,2716.0,2836.0,0.01,0.2376,0.0143,0.0079,-0.0228,0.0073,0.0,4473.0,3513.0
2026-08-25 11:43:17,2026-08-25T11:27:08,764.74,2026-08-25,P,775.0,10.15,10.36,168.0,125.0,10.58,0.2954,-0.9857,0.0079,-0.0228,0.0073,0.0,241.0,894.0
2026-08-25 11:43:17,2026-08-25T11:27:08,764.74,2026-08-25,C,776.0,0.01,0.02,2836.0,2836.0,0.01,0.2578,0.0127,0.0066,-0.0214,0.0065,0.0,1474.0,2955.0
2026-08-25 11:43:17,2026-08-25T11:27:08,764.74,2026-08-25,P,776.0,11.15,12.07,141.0,76.0,11.4,0.4745,-0.9874,0.0066,-0.0213,0.0065,0.0,81.0,19.0
2026-08-25 11:43:17,2026-08-25T11:27:08,764.74,2026-08-25,C,777.0,0.01,0.02,2336.0,2836.0,0.02,0.2777,0.0112,0.0056,-0.0199,0.0059,0.0,8106.0,1546.0
2026-08-25 11:43:17,2026-08-25T11:27:08,764.74,2026-08-25,P,777.0,12.14,12.34,62.0,110.0,12.43,0.3284,-0.9888,0.0056,-0.0199,0.0058,0.0,43.0,13.0
2026-08-25 11:43:17,2026-08-25T11:27:08,764.74,2026-08-25,C,778.0,0.0,0.01,0.0,2028.0,0.01,0.2636,0.01,0.0048,-0.0185,0.0053,0.0,9403.0,1297.0
2026-08-25 11:43:17,2026-08-25T11:27:08,764.74,2026-08-25,P,778.0,13.13,14.12,123.0,112.0,12.0,0.5398,-0.99,0.0047,-0.0184,0.0053,0.0,1.0,0.0
2026-08-25 11:43:17,2026-08-25T11:27:08,764.74,2026-08-25,C,779.0,0.0,0.01,0.0,2698.0,0.01,0.2819,0.0088,0.004,-0.0169,0.0047,0.0,4216.0,1129.0
2026-08-25 11:43:17,2026-08-25T11:27:08,764.74,2026-08-25,P,779.0,14.14,15.06,44.0,154.0,15.5,0.561,-0.9912,0.004,-0.017,0.0047,0.0,0.0,28.0
2026-08-25 11:43:17,2026-08-25T11:27:08,764.74,2026-08-25,C,780.0,0.0,0.01,0.0,2698.0,0.01,0.2995,0.0078,0.0034,-0.0154,0.0042,0.0,169.0,3628.0
2026-08-25 11:43:17,2026-08-25T11:27:08,764.74,2026-08-25,P,780.0,15.14,15.4,100.0,62.0,15.2,0.425,-0.9922,0.0035,-0.0156,0.0042,0.0,3.0,0.0
2026-08-25 11:43:17,2026-08-25T11:27:08,764.74,2026-08-25,C,781.0,0.0,0.01,0.0,2698.0,0.01,0.317,0.0068,0.0029,-0.014,0.0038,0.0,27.0,779.0
2026-08-25 11:43:17,2026-08-25T11:27:08,764.74,2026-08-25,P,781.0,16.14,17.52,100.0,149.0,16.86,0.6941,-0.9931,0.003,-0.0141,0.0038,0.0,12.0,0.0
2026-08-25 11:43:17,2026-08-25T11:27:08,764.74,2026-08-25,C,782.0,0.0,0.01,0.0,2698.0,0.01,0.3345,0.006,0.0025,-0.0127,0.0034,0.0,73.0,1044.0
2026-08-25 11:43:17,2026-08-25T11:27:08,764.74,2026-08-25,P,782.0,17.14,17.39,44.0,100.0,17.17,0.466,-0.994,0.0025,-0.0127,0.0034,0.0,2.0,1.0
2026-08-25 11:43:17,2026-08-25T11:27:08,764.74,2026-08-25,C,783.0,0.0,0.01,0.0,2698.0,0.01,0.3517,0.0053,0.0022,-0.0113,0.003,0.0,12.0,968.0
2026-08-25 11:43:17,2026-08-25T11:27:08,764.74,2026-08-25,P,783.0,18.13,18.33,24.0,44.0,18.46,0.4458,-0.9947,0.0022,-0.0113,0.003,0.0,5.0,0.0
2026-08-25 11:43:17,2026-08-25T11:27:08,764.74,2026-08-25,C,784.0,0.0,0.01,0.0,2698.0,0.01,0.3689,0.0045,0.0018,-0.0099,0.0026,0.0,14.0,1194.0
2026-08-25 11:43:17,2026-08-25T11:27:08,764.74,2026-08-25,P,784.0,19.14,19.37,45.0,51.0,19.41,0.4998,-0.9955,0.0018,-0.0099,0.0026,0.0,7.0,0.0
2026-08-25 11:43:17,2026-08-25T11:27:08,764.74,2026-08-25,C,785.0,0.0,0.01,0.0,2698.0,0.01,0.386,0.0038,0.0015,-0.0085,0.0022,0.0,41.0,3167.0
2026-08-25 11:43:17,2026-08-25T11:27:08,764.74,2026-08-25,P,785.0,20.13,20.32,51.0,91.0,20.49,0.4787,-0.9962,0.0015,-0.0085,0.0022,0.0,8.0,0.0
2026-08-25 11:43:17,2026-08-25T11:27:08,764.74,2026-08-25,C,786.0,0.0,0.01,0.0,2634.0,0.01,0.403,0.0032,0.0013,-0.0071,0.0019,0.0,8.0,1174.0
2026-08-25 11:43:17,2026-08-25T11:27:08,764.74,2026-08-25,P,786.0,21.13,21.3,100.0,100.0,21.44,0.4783,-0.9968,0.0013,-0.0071,0.0019,0.0,11.0,0.0
2026-08-25 11:43:17,2026-08-25T11:27:08,764.74,2026-08-25,C,787.0,0.0,0.01,0.0,2753.0,0.01,0.42,0.0026,0.001,-0.0057,0.0016,0.0,374.0,876.0
2026-08-25 11:43:17,2026-08-25T11:27:08,764.74,2026-08-25,P,787.0,22.13,22.3,51.0,100.0,22.32,0.4978,-0.9974,0.001,-0.0057,0.0016,0.0,6.0,0.0
2026-08-25 11:43:17,2026-08-25T11:27:08,764.74,2026-08-25,C,788.0,0.0,0.01,0.0,2754.0,0.01,0.4368,0.002,0.0008,-0.0043,0.0012,0.0,17.0,1884.0
2026-08-25 11:43:17,2026-08-25T11:27:08,764.74,2026-08-25,P,788.0,23.13,23.39,44.0,24.0,23.27,0.5923,-0.998,0.0008,-0.0043,0.0012,0.0,6.0,0.0
2026-08-25 11:43:17,2026-08-25T11:27:08,764.74,2026-08-25,C,789.0,0.0,0.01,0.0,2754.0,0.01,0.4536,0.0014,0.0006,-0.0029,0.0009,0.0,3.0,1582.0
2026-08-25 11:43:17,2026-08-25T11:27:08,764.74,2026-08-25,P,789.0,24.13,24.33,24.0,24.0,24.31,0.5686,-0.9986,0.0006,-0.003,0.0009,0.0,4.0,0.0
2026-08-25 11:43:17,2026-08-25T11:27:08,764.74,2026-08-25,C,790.0,0.0,0.01,0.0,3400.0,0.01,0.4703,0.0009,0.0004,-0.0018,0.0006,0.0,3.0,2383.0
2026-08-25 11:43:17,2026-08-25T11:27:08,764.74,2026-08-25,P,790.0,25.13,25.32,24.0,24.0,25.26,0.5787,-0.9991,0.0004,-0.0018,0.0006,0.0,5.0,0.0
2026-08-25 11:43:17,2026-08-25T11:27:08,764.74,2026-08-25,C,791.0,0.0,0.01,0.0,2754.0,0.02,0.4868,0.0005,0.0002,-0.0009,0.0003,0.0,0.0,413.0
2026-08-25 11:43:17,2026-08-25T11:27:08,764.74,2026-08-25,P,791.0,26.13,26.37,46.0,46.0,26.03,0.6421,-0.9995,0.0002,-0.0009,0.0003,0.0,6.0,0.0
2026-08-25 11:43:17,2026-08-25T11:27:08,764.74,2026-08-25,C,792.0,0.0,0.01,0.0,2754.0,0.01,0.5033,0.0002,0.0001,-0.0004,0.0002,0.0,0.0,388.0
2026-08-25 11:43:17,2026-08-25T11:27:08,764.74,2026-08-25,P,792.0,27.13,27.32,24.0,24.0,27.32,0.618,-0.9998,0.0001,-0.0004,0.0002,0.0,3.0,0.0
2026-08-25 11:43:17,2026-08-25T11:27:08,764.74,2026-08-25,C,793.0,0.0,0.01,0.0,2254.0,0.01,0.52,0.0001,0.0,-0.0001,0.0001,0.0,0.0,719.0
2026-08-25 11:43:17,2026-08-25T11:27:08,764.74,2026-08-25,P,793.0,28.13,29.55,24.0,24.0,29.57,1.0456,-0.9999,0.0,-0.0001,0.0001,0.0,0.0,0.0
2026-08-25 11:43:17,2026-08-25T11:27:08,764.74,2026-08-25,C,794.0,0.0,0.01,0.0,2254.0,0.01,0.5364,0.0001,0.0,-0.0001,0.0,0.0,2.0,366.0
2026-08-25 11:43:17,2026-08-25T11:27:08,764.74,2026-08-25,P,794.0,29.13,30.57,24.0,24.0,31.55,1.077,-0.9999,0.0,-0.0001,0.0,0.0,0.0,0.0
2026-08-25 11:43:17,2026-08-25T11:27:08,764.74,2026-08-25,C,795.0,0.0,0.01,0.0,2254.0,0.01,0.5531,0.0001,0.0,-0.0001,0.0,0.0,0.0,321.0
2026-08-25 11:43:17,2026-08-25T11:27:08,764.74,2026-08-25,P,795.0,30.13,31.6,44.0,143.0,32.57,1.1103,-0.9999,0.0,-0.0001,0.0,0.0,0.0,0.0
2026-08-25 11:43:17,2026-08-25T11:27:08,764.74,2026-08-25,C,796.0,0.0,0.01,0.0,2254.0,0.01,0.5694,0.0,0.0,-0.0001,0.0,0.0,0.0,327.0
2026-08-25 11:43:17,2026-08-25T11:27:08,764.74,2026-08-25,P,796.0,31.13,32.85,24.0,24.0,33.53,1.1845,-1.0,0.0,-0.0001,0.0,0.0,0.0,0.0
2026-08-25 11:43:17,2026-08-25T11:27:08,764.74,2026-08-25,C,797.0,0.0,0.01,0.0,2254.0,0.04,0.5857,0.0,0.0,-0.0001,0.0,0.0,0.0,49.0
2026-08-25 11:43:17,2026-08-25T11:27:08,764.74,2026-08-25,P,797.0,32.13,33.57,24.0,24.0,34.56,1.1589,-1.0,0.0,-0.0001,0.0,0.0,0.0,0.0
2026-08-25 11:43:17,2026-08-25T11:27:08,764.74,2026-08-25,C,798.0,0.0,0.01,0.0,2254.0,0.01,0.6019,0.0,0.0,-0.0001,0.0,0.0,2.0,43.0
2026-08-25 11:43:17,2026-08-25T11:27:08,764.74,2026-08-25,P,798.0,33.13,34.59,15.0,24.0,0.0,1.1899,-1.0,0.0,-0.0001,0.0,0.0,0.0,0.0
2026-08-25 11:43:17,2026-08-25T11:27:08,764.74,2026-08-25,C,799.0,0.0,0.01,0.0,2253.0,0.01,0.618,0.0,0.0,-0.0001,0.0,0.0,0.0,117.0
2026-08-25 11:43:17,2026-08-25T11:27:08,764.74,2026-08-25,P,799.0,34.13,35.9,15.0,24.0,30.0,1.2771,-1.0,0.0,-0.0001,0.0,0.0,0.0,0.0
2026-08-25 11:43:17,2026-08-25T11:27:08,764.74,2026-08-25,C,800.0,0.0,0.01,0.0,2254.0,0.01,0.6341,0.0,0.0,-0.0001,0.0,0.0,0.0,577.0
2026-08-25 11:43:17,2026-08-25T11:27:08,764.74,2026-08-25,P,800.0,35.12,36.9,24.0,24.0,35.67,1.3027,-1.0,0.0,-0.0001,0.0,0.0,1.0,1.0
2026-08-25 11:43:17,2026-08-25T11:27:08,764.74,2026-08-25,C,801.0,0.0,0.01,0.0,2254.0,0.01,0.6501,0.0,0.0,-0.0001,0.0,0.0,0.0,59.0
2026-08-25 11:43:17,2026-08-25T11:27:08,764.74,2026-08-25,P,801.0,36.12,37.53,24.0,24.0,0.0,1.2551,-1.0,0.0,-0.0001,0.0,0.0,0.0,0.0
2026-08-25 11:43:17,2026-08-25T11:27:08,764.74,2026-08-25,C,802.0,0.0,0.01,0.0,2254.0,0.01,0.6657,0.0,0.0,-0.0001,0.0,0.0,2.0,94.0
2026-08-25 11:43:17,2026-08-25T11:27:08,764.74,2026-08-25,P,802.0,35.58,38.91,24.0,24.0,0.0,0.8547,-1.0,0.0,-0.0001,0.0,0.0,0.0,0.0
2026-08-25 11:48:18,2026-08-25T11:32:08,765.21,2026-08-25,C,727.0,38.18,38.37,15.0,24.0,37.61,0.9267,1.0,0.0,0.0,0.0,0.0,54.0,1.0
2026-08-25 11:48:18,2026-08-25T11:32:08,765.21,2026-08-25,P,727.0,0.0,0.01,0.0,2229.0,0.01,0.7234,0.0,0.0,0.0,0.0,0.0,0.0,181.0
2026-08-25 11:48:18,2026-08-25T11:32:08,765.21,2026-08-25,C,728.0,37.18,37.37,15.0,24.0,37.5,0.9049,1.0,0.0,0.0,0.0,0.0,2.0,1.0
2026-08-25 11:48:18,2026-08-25T11:32:08,765.21,2026-08-25,P,728.0,0.0,0.01,0.0,2229.0,0.01,0.7056,0.0,0.0,0.0,0.0,0.0,0.0,602.0
2026-08-25 11:48:18,2026-08-25T11:32:08,765.21,2026-08-25,C,729.0,34.6,37.23,125.0,24.0,35.61,0.0,1.0,0.0,0.0,0.0,0.0,0.0,1.0
2026-08-25 11:48:18,2026-08-25T11:32:08,765.21,2026-08-25,P,729.0,0.0,0.01,0.0,2229.0,0.01,0.6878,0.0,0.0,0.0,0.0,0.0,0.0,415.0
2026-08-25 11:48:18,2026-08-25T11:32:08,765.21,2026-08-25,C,730.0,33.6,36.41,125.0,24.0,35.67,0.0,1.0,0.0,0.0,0.0,0.0,1.0,1.0
2026-08-25 11:48:18,2026-08-25T11:32:08,765.21,2026-08-25,P,730.0,0.0,0.01,0.0,2229.0,0.01,0.6699,0.0,0.0,0.0,0.0,0.0,0.0,2872.0
2026-08-25 11:48:18,2026-08-25T11:32:08,765.21,2026-08-25,C,731.0,32.6,35.41,125.0,44.0,34.72,0.0,1.0,0.0,0.0,0.0,0.0,1.0,4.0
2026-08-25 11:48:18,2026-08-25T11:32:08,765.21,2026-08-25,P,731.0,0.0,0.01,0.0,2229.0,0.01,0.6521,0.0,0.0,0.0,0.0,0.0,15.0,389.0
2026-08-25 11:48:18,2026-08-25T11:32:08,765.21,2026-08-25,C,732.0,31.6,34.42,190.0,205.0,41.55,0.0,1.0,0.0,0.0,0.0,0.0,0.0,13.0
2026-08-25 11:48:18,2026-08-25T11:32:08,765.21,2026-08-25,P,732.0,0.0,0.01,0.0,2228.0,0.01,0.6343,0.0,0.0,0.0,0.0,0.0,0.0,516.0
2026-08-25 11:48:18,2026-08-25T11:32:08,765.21,2026-08-25,C,733.0,30.6,33.36,190.0,205.0,31.65,0.0,1.0,0.0,0.0,0.0,0.0,2.0,1.0
2026-08-25 11:48:18,2026-08-25T11:32:08,765.21,2026-08-25,P,733.0,0.0,0.01,0.0,2228.0,0.01,0.6164,0.0,0.0,0.0,0.0,0.0,10.0,568.0
2026-08-25 11:48:18,2026-08-25T11:32:08,765.21,2026-08-25,C,734.0,29.6,32.41,191.0,49.0,31.16,0.0,1.0,0.0,0.0,0.0,0.0,2.0,1.0
2026-08-25 11:48:18,2026-08-25T11:32:08,765.21,2026-08-25,P,734.0,0.0,0.01,0.0,2229.0,0.01,0.5986,0.0,0.0,0.0,0.0,0.0,1.0,79.0
2026-08-25 11:48:18,2026-08-25T11:32:08,765.21,2026-08-25,C,735.0,28.6,31.42,191.0,206.0,29.24,0.0,1.0,0.0,0.0,0.0,0.0,0.0,5.0
2026-08-25 11:48:18,2026-08-25T11:32:08,765.21,2026-08-25,P,735.0,0.0,0.01,0.0,2228.0,0.01,0.5807,0.0,0.0,0.0,0.0,0.0,2.0,525.0
2026-08-25 11:48:18,2026-08-25T11:32:08,765.21,2026-08-25,C,736.0,27.6,30.42,190.0,205.0,29.63,0.0,1.0,0.0,0.0,0.0,0.0,2.0,7.0
2026-08-25 11:48:18,2026-08-25T11:32:08,765.21,2026-08-25,P,736.0,0.0,0.01,0.0,2228.0,0.02,0.5628,0.0,0.0,0.0,0.0,0.0,0.0,3303.0
2026-08-25 11:48:18,2026-08-25T11:32:08,765.21,2026-08-25,C,737.0,26.6,29.37,191.0,49.0,29.24,0.0,1.0,0.0,0.0,0.0,0.0,4.0,10.0
2026-08-25 11:48:18,2026-08-25T11:32:08,765.21,2026-08-25,P,737.0,0.0,0.01,0.0,2228.0,0.01,0.5448,0.0,0.0,0.0,0.0,0.0,15.0,502.0
2026-08-25 11:48:18,2026-08-25T11:32:08,765.21,2026-08-25,C,738.0,25.6,28.42,190.0,205.0,25.46,0.0,1.0,0.0,0.0,0.0,0.0,0.0,4.0
2026-08-25 11:48:18,2026-08-25T11:32:08,765.21,2026-08-25,P,738.0,0.0,0.01,0.0,2228.0,0.01,0.5269,0.0,0.0,0.0,0.0,0.0,18.0,451.0
2026-08-25 11:48:18,2026-08-25T11:32:08,765.21,2026-08-25,C,739.0,24.6,27.42,190.0,210.0,26.26,0.0,1.0,0.0,-0.0001,0.0,0.0,2.0,6.0
2026-08-25 11:48:18,2026-08-25T11:32:08,765.21,2026-08-25,P,739.0,0.0,0.01,0.0,2130.0,0.01,0.5089,0.0,0.0,-0.0001,0.0,0.0,26.0,336.0
2026-08-25 11:48:18,2026-08-25T11:32:08,765.21,2026-08-25,C,740.0,25.15,25.37,45.0,46.0,24.74,0.6401,0.9999,0.0,-0.0001,0.0001,0.0,8.0,9.0
2026-08-25 11:48:18,2026-08-25T11:32:08,765.21,2026-08-25,P,740.0,0.0,0.01,0.0,2108.0,0.01,0.4909,-0.0001,0.0,-0.0001,0.0001,0.0,310.0,685.0
2026-08-25 11:48:18,2026-08-25T11:32:08,765.21,2026-08-25,C,741.0,24.18,24.36,15.0,24.0,24.53,0.6097,0.9999,0.0001,-0.0001,0.0001,0.0,4.0,2.0
2026-08-25 11:48:18,2026-08-25T11:32:08,765.21,2026-08-25,P,741.0,0.0,0.01,0.0,2108.0,0.01,0.4729,-0.0001,0.0001,-0.0001,0.0001,0.0,364.0,561.0
2026-08-25 11:48:18,2026-08-25T11:32:08,765.21,2026-08-25,C,742.0,21.67,24.02,49.0,193.0,21.39,0.0,0.9999,0.0001,-0.0002,0.0001,0.0,0.0,3.0
2026-08-25 11:48:18,2026-08-25T11:32:08,765.21,2026-08-25,P,742.0,0.0,0.01,0.0,2208.0,0.01,0.4548,-0.0001,0.0001,-0.0002,0.0001,0.0,36.0,450.0
2026-08-25 11:48:18,2026-08-25T11:32:08,765.21,2026-08-25,C,743.0,20.6,23.02,173.0,164.0,23.11,0.0,0.9998,0.0001,-0.0002,0.0001,0.0,1.0,15.0
2026-08-25 11:48:18,2026-08-25T11:32:08,765.21,2026-08-25,P,743.0,0.0,0.01,0.0,2173.0,0.01,0.4368,-0.0002,0.0001,-0.0002,0.0001,0.0,29.0,568.0
2026-08-25 11:48:18,2026-08-25T11:32:08,765.21,2026-08-25,C,744.0,19.6,22.02,128.0,129.0,22.17,0.0,0.9998,0.0001,-0.0003,0.0002,0.0,2.0,19.0
2026-08-25 11:48:18,2026-08-25T11:32:08,765.21,2026-08-25,P,744.0,0.0,0.01,0.0,2178.0,0.01,0.4186,-0.0002,0.0001,-0.0003,0.0002,0.0,1544.0,903.0
2026-08-25 11:48:18,2026-08-25T11:32:08,765.21,2026-08-25,C,745.0,18.76,21.02,171.0,130.0,21.23,0.0,0.9997,0.0002,-0.0004,0.0002,0.0,1.0,23.0
2026-08-25 11:48:18,2026-08-25T11:32:08,765.21,2026-08-25,P,745.0,0.0,0.01,0.0,2308.0,0.01,0.4004,-0.0003,0.0002,-0.0004,0.0002,0.0,465.0,1025.0
2026-08-25 11:48:18,2026-08-25T11:32:08,765.21,2026-08-25,C,746.0,17.61,19.62,140.0,150.0,18.49,0.0,0.9996,0.0002,-0.0006,0.0003,0.0,6.0,11.0
2026-08-25 11:48:18,2026-08-25T11:32:08,765.21,2026-08-25,P,746.0,0.0,0.01,0.0,2623.0,0.01,0.3822,-0.0004,0.0002,-0.0006,0.0003,0.0,9812.0,1605.0
2026-08-25 11:48:18,2026-08-25T11:32:08,765.21,2026-08-25,C,747.0,17.4,18.64,165.0,225.0,18.64,0.0,0.9994,0.0003,-0.0008,0.0004,0.0,4.0,74.0
2026-08-25 11:48:18,2026-08-25T11:32:08,765.21,2026-08-25,P,747.0,0.0,0.01,0.0,2323.0,0.01,0.364,-0.0006,0.0003,-0.0008,0.0004,0.0,2888.0,2506.0
2026-08-25 11:48:18,2026-08-25T11:32:08,765.21,2026-08-25,C,748.0,15.61,17.64,143.0,163.0,16.81,0.0,0.9992,0.0005,-0.001,0.0005,0.0,17.0,55.0
2026-08-25 11:48:18,2026-08-25T11:32:08,765.21,2026-08-25,P,748.0,0.0,0.01,0.0,2323.0,0.02,0.3456,-0.0008,0.0005,-0.001,0.0005,0.0,10937.0,7283.0
2026-08-25 11:48:18,2026-08-25T11:32:08,765.21,2026-08-25,C,749.0,14.61,16.67,24.0,24.0,16.73,0.0,0.999,0.0006,-0.0014,0.0007,0.0,0.0,59.0
2026-08-25 11:48:18,2026-08-25T11:32:08,765.21,2026-08-25,P,749.0,0.01,0.02,2066.0,2924.0,0.01,0.3677,-0.001,0.0006,-0.0014,0.0007,0.0,2590.0,1627.0
2026-08-25 11:48:18,2026-08-25T11:32:08,765.21,2026-08-25,C,750.0,15.18,15.29,150.0,152.0,14.24,0.3593,0.9986,0.0009,-0.002,0.001,0.0,17.0,125.0
2026-08-25 11:48:18,2026-08-25T11:32:08,765.21,2026-08-25,P,750.0,0.01,0.02,2076.0,2858.0,0.02,0.3474,-0.0014,0.0009,-0.002,0.001,0.0,1094.0,3718.0
2026-08-25 11:48:18,2026-08-25T11:32:08,765.21,2026-08-25,C,751.0,14.19,14.34,15.0,199.0,14.42,0.3836,0.998,0.0012,-0.0027,0.0013,0.0,4.0,38.0
2026-08-25 11:48:18,2026-08-25T11:32:08,765.21,2026-08-25,P,751.0,0.01,0.02,2204.0,2791.0,0.01,0.327,-0.002,0.0012,-0.0027,0.0013,0.0,738.0,3805.0
2026-08-25 11:48:18,2026-08-25T11:32:08,765.21,2026-08-25,C,752.0,13.19,13.36,64.0,1.0,12.29,0.38,0.9973,0.0018,-0.0038,0.0017,0.0,15.0,32.0
2026-08-25 11:48:18,2026-08-25T11:32:08,765.21,2026-08-25,P,752.0,0.01,0.02,2227.0,2717.0,0.02,0.3065,-0.0027,0.0017,-0.0038,0.0017,0.0,1316.0,2503.0
2026-08-25 11:48:18,2026-08-25T11:32:08,765.21,2026-08-25,C,753.0,12.19,12.38,59.0,98.0,11.55,0.3557,0.9962,0.0024,-0.0052,0.0023,0.0,8.0,281.0
2026-08-25 11:48:18,2026-08-25T11:32:08,765.21,2026-08-25,P,753.0,0.01,0.02,2308.0,2641.0,0.01,0.2859,-0.0038,0.0024,-0.0052,0.0023,0.0,4135.0,4515.0
2026-08-25 11:48:18,2026-08-25T11:32:08,765.21,2026-08-25,C,754.0,11.15,11.48,116.0,112.0,10.65,0.3494,0.9947,0.0035,-0.0073,0.0031,0.0,20.0,39.0
2026-08-25 11:48:18,2026-08-25T11:32:08,765.21,2026-08-25,P,754.0,0.01,0.02,2741.0,2921.0,0.01,0.2652,-0.0053,0.0034,-0.0073,0.0031,0.0,7850.0,6602.0
2026-08-25 11:48:18,2026-08-25T11:32:08,765.21,2026-08-25,C,755.0,10.19,10.37,173.0,66.0,9.82,0.3204,0.9925,0.0049,-0.0102,0.0042,0.0,33.0,118.0
2026-08-25 11:48:18,2026-08-25T11:32:08,765.21,2026-08-25,P,755.0,0.01,0.02,2840.0,2609.0,0.02,0.2442,-0.0075,0.0049,-0.0102,0.0042,0.0,5295.0,7774.0
2026-08-25 11:48:18,2026-08-25T11:32:08,765.21,2026-08-25,C,756.0,9.19,9.37,188.0,66.0,8.9,0.2913,0.9893,0.007,-0.0144,0.0057,0.0,403.0,129.0
2026-08-25 11:48:18,2026-08-25T11:32:08,765.21,2026-08-25,P,756.0,0.02,0.03,145.0,2691.0,0.02,0.2386,-0.0107,0.007,-0.0144,0.0057,0.0,4023.0,5870.0
2026-08-25 11:48:18,2026-08-25T11:32:08,765.21,2026-08-25,C,757.0,8.2,8.28,62.0,76.0,7.75,0.2274,0.9848,0.01,-0.0203,0.0077,0.0,203.0,251.0
2026-08-25 11:48:18,2026-08-25T11:32:08,765.21,2026-08-25,P,757.0,0.02,0.03,1048.0,3849.0,0.02,0.2162,-0.0152,0.01,-0.0203,0.0077,0.0,11542.0,4522.0
2026-08-25 11:48:18,2026-08-25T11:32:08,765.21,2026-08-25,C,758.0,7.19,7.38,4.0,38.0,7.41,0.2415,0.9783,0.0144,-0.0286,0.0104,0.0,225.0,242.0
2026-08-25 11:48:18,2026-08-25T11:32:08,765.21,2026-08-25,P,758.0,0.02,0.03,2705.0,3281.0,0.03,0.1934,-0.0217,0.0144,-0.0286,0.0104,0.0,11108.0,4927.0
2026-08-25 11:48:18,2026-08-25T11:32:08,765.21,2026-08-25,C,759.0,6.21,6.38,13.0,66.0,6.31,0.2144,0.9688,0.021,-0.0405,0.014,0.0,458.0,747.0
2026-08-25 11:48:18,2026-08-25T11:32:08,765.21,2026-08-25,P,759.0,0.03,0.04,115.0,3929.0,0.03,0.1798,-0.0312,0.021,-0.0405,0.014,0.0,53581.0,8086.0
2026-08-25 11:48:18,2026-08-25T11:32:08,765.21,2026-08-25,C,760.0,5.2,5.28,128.0,2.0,5.32,0.1687,0.9548,0.0307,-0.0573,0.0188,0.0,1808.0,792.0
2026-08-25 11:48:18,2026-08-25T11:32:08,765.21,2026-08-25,P,760.0,0.03,0.04,2254.0,2828.0,0.03,0.1553,-0.0452,0.0307,-0.0573,0.0188,0.0,84902.0,12864.0
2026-08-25 11:48:18,2026-08-25T11:32:08,765.21,2026-08-25,C,761.0,4.23,4.43,200.0,84.0,4.33,0.1659,0.9339,0.0456,-0.0812,0.0251,0.0,2932.0,551.0
2026-08-25 11:48:18,2026-08-25T11:32:08,765.21,2026-08-25,P,761.0,0.05,0.06,935.0,2747.0,0.05,0.1422,-0.0661,0.0456,-0.0812,0.0251,0.0,91085.0,6950.0
2026-08-25 11:48:18,2026-08-25T11:32:08,765.21,2026-08-25,C,762.0,3.25,3.28,44.0,48.0,3.37,0.1231,0.9012,0.0694,-0.1169,0.0336,0.0,8051.0,2460.0
2026-08-25 11:48:18,2026-08-25T11:32:08,765.21,2026-08-25,P,762.0,0.08,0.09,1289.0,1444.0,0.09,0.1269,-0.0988,0.0694,-0.1169,0.0336,0.0,76997.0,10257.0
2026-08-25 11:48:18,2026-08-25T11:32:08,765.21,2026-08-25,C,763.0,2.34,2.36,307.0,48.0,2.38,0.1138,0.844,0.1087,-0.1799,0.0454,0.0,21115.0,4816.0
2026-08-25 11:48:18,2026-08-25T11:32:08,765.21,2026-08-25,P,763.0,0.15,0.16,1092.0,1078.0,0.16,0.1151,-0.156,0.1087,-0.1799,0.0454,0.0,169760.0,7137.0
2026-08-25 11:48:18,2026-08-25T11:32:08,765.21,2026-08-25,C,764.0,1.5,1.52,113.0,94.0,1.52,0.1079,0.7334,0.1673,-0.3197,0.0609,0.0,85923.0,9545.0
2026-08-25 11:48:18,2026-08-25T11:32:08,765.21,2026-08-25,P,764.0,0.32,0.33,416.0,561.0,0.31,0.107,-0.2666,0.1673,-0.3197,0.0609,0.0,309341.0,9840.0
2026-08-25 11:48:18,2026-08-25T11:32:08,765.21,2026-08-25,C,765.0,0.85,0.86,25.0,416.0,0.84,0.1018,0.548,0.2148,-0.631,0.0722,0.0,271130.0,8765.0
2026-08-25 11:48:18,2026-08-25T11:32:08,765.21,2026-08-25,P,765.0,0.64,0.65,467.0,58.0,0.66,0.1032,-0.452,0.2148,-0.631,0.0722,0.0,290351.0,4800.0
2026-08-25 11:48:18,2026-08-25T11:32:08,765.21,2026-08-25,C,766.0,0.4,0.41,250.0,621.0,0.39,0.1003,0.3365,0.1981,-0.4105,0.067,0.0,306951.0,5889.0
2026-08-25 11:48:18,2026-08-25T11:32:08,765.21,2026-08-25,P,766.0,1.2,1.21,25.0,152.0,1.2,0.1018,-0.6635,0.1981,-0.4105,0.067,0.0,164670.0,2066.0
2026-08-25 11:48:18,2026-08-25T11:32:08,765.21,2026-08-25,C,767.0,0.17,0.18,922.0,1222.0,0.18,0.1035,0.1805,0.1352,-0.1903,0.0497,0.0,252023.0,6629.0
2026-08-25 11:48:18,2026-08-25T11:32:08,765.21,2026-08-25,P,767.0,1.95,1.98,221.0,89.0,1.97,0.1056,-0.8195,0.1352,-0.1903,0.0497,0.0,50427.0,2126.0
2026-08-25 11:48:18,2026-08-25T11:32:08,765.21,2026-08-25,C,768.0,0.09,0.1,66.0,2991.0,0.09,0.1165,0.0948,0.0799,-0.0936,0.033,0.0,182068.0,6087.0
2026-08-25 11:48:18,2026-08-25T11:32:08,765.21,2026-08-25,P,768.0,2.87,2.89,22.0,36.0,2.85,0.1165,-0.9052,0.0799,-0.0936,0.033,0.0,12809.0,1140.0
2026-08-25 11:48:18,2026-08-25T11:32:08,765.21,2026-08-25,C,769.0,0.05,0.06,1687.0,2298.0,0.05,0.1296,0.0524,0.0461,-0.0508,0.0215,0.0,76701.0,3680.0
2026-08-25 11:48:18,2026-08-25T11:32:08,765.21,2026-08-25,P,769.0,3.81,3.87,88.0,15.0,3.82,0.1116,-0.9476,0.0461,-0.0508,0.0215,0.0,4427.0,1580.0
2026-08-25 11:48:18,2026-08-25T11:32:08,765.21,2026-08-25,C,770.0,0.03,0.04,2535.0,2696.0,0.04,0.1435,0.0335,0.0287,-0.0339,0.0152,0.0,44966.0,7341.0
2026-08-25 11:48:18,2026-08-25T11:32:08,765.21,2026-08-25,P,770.0,4.68,4.86,73.0,187.0,4.78,0.0,-0.9665,0.0287,-0.0339,0.0152,0.0,1801.0,774.0
2026-08-25 11:48:18,2026-08-25T11:32:08,765.21,2026-08-25,C,771.0,0.02,0.03,3534.0,2751.0,0.03,0.1589,0.026,0.0204,-0.0289,0.0123,0.0,19575.0,4829.0
2026-08-25 11:48:18,2026-08-25T11:32:08,765.21,2026-08-25,P,771.0,5.68,5.85,66.0,6.0,5.72,0.0,-0.974,0.0204,-0.0289,0.0123,0.0,437.0,35.0
2026-08-25 11:48:18,2026-08-25T11:32:08,765.21,2026-08-25,C,772.0,0.02,0.03,2673.0,2838.0,0.02,0.1817,0.0221,0.0157,-0.0271,0.0106,0.0,10244.0,3798.0
2026-08-25 11:48:18,2026-08-25T11:32:08,765.21,2026-08-25,P,772.0,6.69,6.86,209.0,117.0,6.73,0.0,-0.9779,0.0157,-0.0271,0.0106,0.0,209.0,1458.0
2026-08-25 11:48:18,2026-08-25T11:32:08,765.21,2026-08-25,C,773.0,0.01,0.02,3203.0,1248.0,0.02,0.19,0.0192,0.0125,-0.0257,0.0094,0.0,5743.0,8118.0
2026-08-25 11:48:18,2026-08-25T11:32:08,765.21,2026-08-25,P,773.0,7.65,8.02,1.0,162.0,8.41,0.2239,-0.9808,0.0125,-0.0257,0.0094,0.0,35.0,28.0
2026-08-25 11:48:18,2026-08-25T11:32:08,765.21,2026-08-25,C,774.0,0.01,0.02,3051.0,2502.0,0.01,0.2109,0.0168,0.0102,-0.0243,0.0083,0.0,4016.0,2745.0
2026-08-25 11:48:18,2026-08-25T11:32:08,765.21,2026-08-25,P,774.0,8.65,9.39,36.0,37.0,9.01,0.3462,-0.9832,0.0102,-0.0243,0.0083,0.0,49.0,1.0
2026-08-25 11:48:18,2026-08-25T11:32:08,765.21,2026-08-25,C,775.0,0.01,0.02,2758.0,2491.0,0.01,0.2316,0.0148,0.0084,-0.0228,0.0074,0.0,4474.0,3513.0
2026-08-25 11:48:18,2026-08-25T11:32:08,765.21,2026-08-25,P,775.0,9.67,9.85,133.0,67.0,10.58,0.0,-0.9852,0.0084,-0.0228,0.0074,0.0,241.0,894.0
2026-08-25 11:48:18,2026-08-25T11:32:08,765.21,2026-08-25,C,776.0,0.01,0.02,2698.0,2341.0,0.01,0.252,0.013,0.007,-0.0214,0.0066,0.0,1478.0,2955.0
2026-08-25 11:48:18,2026-08-25T11:32:08,765.21,2026-08-25,P,776.0,10.63,11.91,64.0,24.0,11.4,0.486,-0.987,0.007,-0.0214,0.0066,0.0,81.0,19.0
2026-08-25 11:48:18,2026-08-25T11:32:08,765.21,2026-08-25,C,777.0,0.01,0.02,2341.0,2461.0,0.02,0.2721,0.0116,0.0059,-0.02,0.006,0.0,8136.0,1546.0
2026-08-25 11:48:18,2026-08-25T11:32:08,765.21,2026-08-25,P,777.0,11.66,11.84,93.0,188.0,12.43,0.0,-0.9884,0.0059,-0.02,0.006,0.0,43.0,13.0
2026-08-25 11:48:18,2026-08-25T11:32:08,765.21,2026-08-25,C,778.0,0.0,0.01,0.0,1520.0,0.01,0.2587,0.0103,0.005,-0.0186,0.0054,0.0,9797.0,1297.0
2026-08-25 11:48:18,2026-08-25T11:32:08,765.21,2026-08-25,P,778.0,12.65,13.91,1.0,122.0,12.0,0.5488,-0.9897,0.005,-0.0186,0.0054,0.0,1.0,0.0
2026-08-25 11:48:18,2026-08-25T11:32:08,765.21,2026-08-25,C,779.0,0.0,0.01,0.0,2198.0,0.01,0.2767,0.0091,0.0042,-0.0172,0.0048,0.0,4217.0,1129.0
2026-08-25 11:48:18,2026-08-25T11:32:08,765.21,2026-08-25,P,779.0,13.65,14.9,86.0,68.0,15.5,0.5794,-0.9909,0.0042,-0.0172,0.0048,0.0,0.0,28.0
2026-08-25 11:48:18,2026-08-25T11:32:08,765.21,2026-08-25,C,780.0,0.0,0.01,0.0,2198.0,0.01,0.2946,0.0081,0.0036,-0.0158,0.0043,0.0,339.0,3628.0
2026-08-25 11:48:18,2026-08-25T11:32:08,765.21,2026-08-25,P,780.0,14.66,15.02,186.0,1.0,15.2,0.3946,-0.9919,0.0036,-0.0158,0.0043,0.0,3.0,0.0
2026-08-25 11:48:18,2026-08-25T11:32:08,765.21,2026-08-25,C,781.0,0.0,0.01,0.0,2198.0,0.01,0.3123,0.0071,0.0031,-0.0144,0.0039,0.0,27.0,779.0
2026-08-25 11:48:18,2026-08-25T11:32:08,765.21,2026-08-25,P,781.0,15.66,17.38,44.0,196.0,16.86,0.7127,-0.9929,0.0031,-0.0144,0.0039,0.0,12.0,0.0
2026-08-25 11:48:18,2026-08-25T11:32:08,765.21,2026-08-25,C,782.0,0.0,0.01,0.0,2198.0,0.01,0.3299,0.0062,0.0027,-0.013,0.0034,0.0,73.0,1044.0
2026-08-25 11:48:18,2026-08-25T11:32:08,765.21,2026-08-25,P,782.0,16.64,16.87,175.0,194.0,17.17,0.0,-0.9938,0.0027,-0.013,0.0034,0.0,2.0,1.0
2026-08-25 11:48:18,2026-08-25T11:32:08,765.21,2026-08-25,C,783.0,0.0,0.01,0.0,2198.0,0.01,0.3474,0.0054,0.0023,-0.0116,0.003,0.0,12.0,968.0
2026-08-25 11:48:18,2026-08-25T11:32:08,765.21,2026-08-25,P,783.0,17.66,17.85,24.0,15.0,18.46,0.0,-0.9946,0.0023,-0.0116,0.003,0.0,5.0,0.0
2026-08-25 11:48:18,2026-08-25T11:32:08,765.21,2026-08-25,C,784.0,0.0,0.01,0.0,2198.0,0.01,0.3648,0.0047,0.0019,-0.0102,0.0027,0.0,14.0,1194.0
2026-08-25 11:48:18,2026-08-25T11:32:08,765.21,2026-08-25,P,784.0,18.66,18.83,1.0,113.0,19.15,0.0,-0.9953,0.0019,-0.0102,0.0027,0.0,8.0,0.0
2026-08-25 11:48:18,2026-08-25T11:32:08,765.21,2026-08-25,C,785.0,0.0,0.01,0.0,2198.0,0.01,0.3821,0.004,0.0016,-0.0088,0.0023,0.0,41.0,3167.0
2026-08-25 11:48:18,2026-08-25T11:32:08,765.21,2026-08-25,P,785.0,19.65,19.83,24.0,15.0,20.49,0.0,-0.996,0.0016,-0.0088,0.0023,0.0,8.0,0.0
2026-08-25 11:48:18,2026-08-25T11:32:08,765.21,2026-08-25,C,786.0,0.0,0.01,0.0,2134.0,0.01,0.3993,0.0034,0.0013,-0.0074,0.002,0.0,8.0,1174.0
2026-08-25 11:48:18,2026-08-25T11:32:08,765.21,2026-08-25,P,786.0,20.65,20.83,200.0,45.0,21.44,0.0,-0.9966,0.0013,-0.0074,0.002,0.0,11.0,0.0
2026-08-25 11:48:18,2026-08-25T11:32:08,765.21,2026-08-25,C,787.0,0.0,0.01,0.0,2253.0,0.01,0.4164,0.0027,0.0011,-0.006,0.0016,0.0,374.0,876.0
2026-08-25 11:48:18,2026-08-25T11:32:08,765.21,2026-08-25,P,787.0,21.65,21.83,155.0,44.0,22.32,0.0,-0.9973,0.0011,-0.006,0.0016,0.0,6.0,0.0
2026-08-25 11:48:18,2026-08-25T11:32:08,765.21,2026-08-25,C,788.0,0.0,0.01,0.0,2254.0,0.01,0.4334,0.0021,0.0009,-0.0046,0.0013,0.0,17.0,1884.0
2026-08-25 11:48:18,2026-08-25T11:32:08,765.21,2026-08-25,P,788.0,22.66,22.86,50.0,200.0,23.27,0.0,-0.9979,0.0009,-0.0046,0.0013,0.0,6.0,0.0
2026-08-25 11:48:18,2026-08-25T11:32:08,765.21,2026-08-25,C,789.0,0.0,0.01,0.0,2254.0,0.01,0.4504,0.0016,0.0006,-0.0033,0.001,0.0,3.0,1582.0
2026-08-25 11:48:18,2026-08-25T11:32:08,765.21,2026-08-25,P,789.0,23.66,23.83,24.0,15.0,24.31,0.0,-0.9984,0.0006,-0.0033,0.001,0.0,4.0,0.0
2026-08-25 11:48:18,2026-08-25T11:32:08,765.21,2026-08-25,C,790.0,0.0,0.01,0.0,3400.0,0.01,0.4673,0.001,0.0004,-0.002,0.0007,0.0,3.0,2383.0
2026-08-25 11:48:18,2026-08-25T11:32:08,765.21,2026-08-25,P,790.0,24.65,24.82,45.0,1.0,25.26,0.0,-0.999,0.0004,-0.002,0.0007,0.0,5.0,0.0
2026-08-25 11:48:18,2026-08-25T11:32:08,765.21,2026-08-25,C,791.0,0.0,0.01,0.0,2254.0,0.02,0.4841,0.0006,0.0002,-0.001,0.0004,0.0,0.0,413.0
2026-08-25 11:48:18,2026-08-25T11:32:08,765.21,2026-08-25,P,791.0,25.65,25.83,45.0,45.0,26.03,0.0,-0.9994,0.0002,-0.001,0.0004,0.0,6.0,0.0
2026-08-25 11:48:18,2026-08-25T11:32:08,765.21,2026-08-25,C,792.0,0.0,0.01,0.0,2254.0,0.01,0.5008,0.0003,0.0001,-0.0004,0.0002,0.0,0.0,388.0
2026-08-25 11:48:18,2026-08-25T11:32:08,765.21,2026-08-25,P,792.0,26.66,26.83,24.0,15.0,27.32,0.0,-0.9997,0.0001,-0.0004,0.0002,0.0,3.0,0.0
2026-08-25 11:48:18,2026-08-25T11:32:08,765.21,2026-08-25,C,793.0,0.0,0.01,0.0,2254.0,0.01,0.5175,0.0001,0.0001,-0.0002,0.0001,0.0,0.0,719.0
2026-08-25 11:48:18,2026-08-25T11:32:08,765.21,2026-08-25,P,793.0,27.64,29.38,24.0,134.0,29.57,1.0718,-0.9999,0.0001,-0.0002,0.0001,0.0,0.0,0.0
2026-08-25 11:48:18,2026-08-25T11:32:08,765.21,2026-08-25,C,794.0,0.0,0.01,0.0,2254.0,0.01,0.5341,0.0001,0.0,-0.0001,0.0,0.0,2.0,366.0
2026-08-25 11:48:18,2026-08-25T11:32:08,765.21,2026-08-25,P,794.0,28.67,30.35,44.0,1.0,31.55,1.1001,-0.9999,0.0,-0.0001,0.0,0.0,0.0,0.0
2026-08-25 11:48:18,2026-08-25T11:32:08,765.21,2026-08-25,C,795.0,0.0,0.01,0.0,2254.0,0.01,0.5506,0.0001,0.0,-0.0001,0.0,0.0,0.0,321.0
2026-08-25 11:48:18,2026-08-25T11:32:08,765.21,2026-08-25,P,795.0,29.66,31.39,24.0,44.0,32.57,1.1265,-0.9999,0.0,-0.0001,0.0,0.0,0.0,0.0
2026-08-25 11:48:18,2026-08-25T11:32:08,765.21,2026-08-25,C,796.0,0.0,0.01,0.0,2254.0,0.01,0.5671,0.0,0.0,-0.0001,0.0,0.0,0.0,327.0
2026-08-25 11:48:18,2026-08-25T11:32:08,765.21,2026-08-25,P,796.0,30.64,32.37,24.0,24.0,33.53,1.1526,-1.0,0.0,-0.0001,0.0,0.0,0.0,0.0
2026-08-25 11:48:18,2026-08-25T11:32:08,765.21,2026-08-25,C,797.0,0.0,0.01,0.0,2254.0,0.04,0.5835,0.0,0.0,-0.0001,0.0,0.0,0.0,49.0
2026-08-25 11:48:18,2026-08-25T11:32:08,765.21,2026-08-25,P,797.0,31.67,33.39,24.0,24.0,34.56,1.1842,-1.0,0.0,-0.0001,0.0,0.0,0.0,0.0
2026-08-25 11:48:18,2026-08-25T11:32:08,765.21,2026-08-25,C,798.0,0.0,0.01,0.0,2254.0,0.01,0.5999,0.0,0.0,-0.0001,0.0,0.0,2.0,43.0
2026-08-25 11:48:18,2026-08-25T11:32:08,765.21,2026-08-25,P,798.0,32.64,34.39,24.0,24.0,0.0,1.2137,-1.0,0.0,-0.0001,0.0,0.0,0.0,0.0
2026-08-25 11:48:18,2026-08-25T11:32:08,765.21,2026-08-25,C,799.0,0.0,0.01,0.0,2253.0,0.01,0.6162,0.0,0.0,-0.0001,0.0,0.0,0.0,117.0
2026-08-25 11:48:18,2026-08-25T11:32:08,765.21,2026-08-25,P,799.0,33.66,35.39,24.0,24.0,30.0,1.2393,-1.0,0.0,-0.0001,0.0,0.0,0.0,0.0
2026-08-25 11:48:18,2026-08-25T11:32:08,765.21,2026-08-25,C,800.0,0.0,0.01,0.0,2254.0,0.01,0.6324,0.0,0.0,-0.0001,0.0,0.0,0.0,577.0
2026-08-25 11:48:18,2026-08-25T11:32:08,765.21,2026-08-25,P,800.0,34.67,36.38,24.0,24.0,35.67,1.2626,-1.0,0.0,-0.0001,0.0,0.0,1.0,1.0
2026-08-25 11:48:18,2026-08-25T11:32:08,765.21,2026-08-25,C,801.0,0.0,0.01,0.0,2254.0,0.01,0.6486,0.0,0.0,-0.0001,0.0,0.0,0.0,59.0
2026-08-25 11:48:18,2026-08-25T11:32:08,765.21,2026-08-25,P,801.0,35.63,37.38,24.0,24.0,0.0,1.2918,-1.0,0.0,-0.0001,0.0,0.0,0.0,0.0
2026-08-25 11:48:18,2026-08-25T11:32:08,765.21,2026-08-25,C,802.0,0.0,0.01,0.0,2254.0,0.01,0.6647,0.0,0.0,0.0,0.0,0.0,2.0,94.0
2026-08-25 11:48:18,2026-08-25T11:32:08,765.21,2026-08-25,P,802.0,35.58,38.4,24.0,24.0,0.0,1.0367,-1.0,0.0,0.0,0.0,0.0,0.0,0.0
2026-08-25 11:48:18,2026-08-25T11:32:08,765.21,2026-08-25,C,803.0,0.0,0.01,0.0,2254.0,0.01,0.6808,0.0,0.0,0.0,0.0,0.0,1.0,250.0
2026-08-25 11:48:18,2026-08-25T11:32:08,765.21,2026-08-25,P,803.0,36.58,39.4,24.0,24.0,0.0,1.0594,-1.0,0.0,0.0,0.0,0.0,0.0,0.0
