fetched_at_et,quote_ts,spot,expiry,type,strike,bid,ask,bid_size,ask_size,last_trade_price,iv,delta,gamma,theta,vega,rho,volume,open_interest
2026-09-21 09:49:11,2026-09-21T09:32:30,766.21,2026-09-21,C,728.0,37.92,38.36,28.0,172.0,38.3,0.0,0.9968,0.0007,-0.0137,0.0022,0.0,8.0,35.0
2026-09-21 09:49:11,2026-09-21T09:32:30,766.21,2026-09-21,P,728.0,0.0,0.01,0.0,3543.0,0.01,0.6095,-0.0032,0.0007,-0.0137,0.0022,0.0,15.0,6742.0
2026-09-21 09:49:11,2026-09-21T09:32:30,766.21,2026-09-21,C,729.0,36.92,37.36,151.0,136.0,37.31,0.0,0.9966,0.0007,-0.0139,0.0022,0.0,9.0,26.0
2026-09-21 09:49:11,2026-09-21T09:32:30,766.21,2026-09-21,P,729.0,0.0,0.01,0.0,5510.0,0.04,0.5945,-0.0034,0.0007,-0.0139,0.0022,0.0,0.0,2355.0
2026-09-21 09:49:11,2026-09-21T09:32:30,766.21,2026-09-21,C,730.0,35.92,36.4,28.0,140.0,36.33,0.0,0.9965,0.0008,-0.0141,0.0023,0.0,8.0,29.0
2026-09-21 09:49:11,2026-09-21T09:32:30,766.21,2026-09-21,P,730.0,0.0,0.01,0.0,5479.0,0.01,0.5795,-0.0035,0.0008,-0.0141,0.0023,0.0,2.0,2413.0
2026-09-21 09:49:11,2026-09-21T09:32:30,766.21,2026-09-21,C,731.0,34.92,35.32,154.0,130.0,35.2,0.0,0.9964,0.0008,-0.0142,0.0024,0.0,10.0,19.0
2026-09-21 09:49:11,2026-09-21T09:32:30,766.21,2026-09-21,P,731.0,0.0,0.01,0.0,3444.0,0.01,0.5644,-0.0036,0.0008,-0.0142,0.0024,0.0,10.0,7564.0
2026-09-21 09:49:11,2026-09-21T09:32:30,766.21,2026-09-21,C,732.0,33.92,34.36,33.0,135.0,34.33,0.0,0.9963,0.0008,-0.0144,0.0025,0.0,8.0,32.0
2026-09-21 09:49:11,2026-09-21T09:32:30,766.21,2026-09-21,P,732.0,0.0,0.01,0.0,5410.0,0.03,0.5494,-0.0037,0.0008,-0.0144,0.0025,0.0,0.0,881.0
2026-09-21 09:49:11,2026-09-21T09:32:30,766.21,2026-09-21,C,733.0,32.92,33.36,154.0,178.0,33.32,0.0,0.9962,0.0009,-0.0146,0.0026,0.0,9.0,63.0
2026-09-21 09:49:11,2026-09-21T09:32:30,766.21,2026-09-21,P,733.0,0.0,0.01,0.0,5375.0,0.01,0.5343,-0.0038,0.0009,-0.0146,0.0026,0.0,4.0,2919.0
2026-09-21 09:49:11,2026-09-21T09:32:30,766.21,2026-09-21,C,734.0,31.92,32.35,149.0,32.0,32.32,0.0,0.996,0.001,-0.0148,0.0026,0.0,8.0,56.0
2026-09-21 09:49:11,2026-09-21T09:32:30,766.21,2026-09-21,P,734.0,0.0,0.01,0.0,5336.0,0.05,0.5193,-0.004,0.001,-0.0148,0.0026,0.0,0.0,773.0
2026-09-21 09:49:11,2026-09-21T09:32:30,766.21,2026-09-21,C,735.0,30.92,31.36,30.0,142.0,31.26,0.0,0.9959,0.001,-0.015,0.0027,0.0,10.0,24.0
2026-09-21 09:49:11,2026-09-21T09:32:30,766.21,2026-09-21,P,735.0,0.0,0.01,0.0,3299.0,0.01,0.5042,-0.0041,0.001,-0.015,0.0027,0.0,11.0,1578.0
2026-09-21 09:49:11,2026-09-21T09:32:30,766.21,2026-09-21,C,736.0,29.92,30.36,153.0,142.0,30.32,0.0,0.9957,0.0011,-0.0151,0.0028,0.0,8.0,16.0
2026-09-21 09:49:11,2026-09-21T09:32:30,766.21,2026-09-21,P,736.0,0.01,0.01,1.0,68.0,0.01,0.5217,-0.0043,0.0011,-0.0151,0.0028,0.0,5.0,2021.0
2026-09-21 09:49:11,2026-09-21T09:32:30,766.21,2026-09-21,C,737.0,29.09,29.17,28.0,11.0,29.28,0.0,0.9956,0.0011,-0.0153,0.0029,0.0,17.0,17.0
2026-09-21 09:49:11,2026-09-21T09:32:30,766.21,2026-09-21,P,737.0,0.0,0.01,0.0,5033.0,0.01,0.474,-0.0044,0.0011,-0.0153,0.0029,0.0,6.0,1437.0
2026-09-21 09:49:11,2026-09-21T09:32:30,766.21,2026-09-21,C,738.0,28.09,28.21,18.0,6.0,28.17,0.0,0.9954,0.0012,-0.0155,0.003,0.0,36.0,22.0
2026-09-21 09:49:11,2026-09-21T09:32:30,766.21,2026-09-21,P,738.0,0.0,0.01,0.0,3222.0,0.02,0.4589,-0.0046,0.0012,-0.0155,0.003,0.0,10.0,1180.0
2026-09-21 09:49:11,2026-09-21T09:32:30,766.21,2026-09-21,C,739.0,27.09,27.17,13.0,11.0,27.07,0.0,0.9952,0.0013,-0.0157,0.0032,0.0,7.0,30.0
2026-09-21 09:49:11,2026-09-21T09:32:30,766.21,2026-09-21,P,739.0,0.0,0.01,0.0,4829.0,0.01,0.4437,-0.0048,0.0013,-0.0157,0.0032,0.0,2.0,1347.0
2026-09-21 09:49:11,2026-09-21T09:32:30,766.21,2026-09-21,C,740.0,26.09,26.18,13.0,11.0,26.09,0.0,0.995,0.0014,-0.0159,0.0033,0.0,35.0,42.0
2026-09-21 09:49:11,2026-09-21T09:32:30,766.21,2026-09-21,P,740.0,0.0,0.01,0.0,4697.0,0.01,0.4286,-0.005,0.0014,-0.0159,0.0033,0.0,8.0,5789.0
2026-09-21 09:49:11,2026-09-21T09:32:30,766.21,2026-09-21,C,741.0,25.09,25.19,25.0,24.0,25.07,0.0,0.9948,0.0015,-0.0161,0.0034,0.0,47.0,38.0
2026-09-21 09:49:11,2026-09-21T09:32:30,766.21,2026-09-21,P,741.0,0.0,0.01,0.0,4555.0,0.01,0.4134,-0.0052,0.0015,-0.0161,0.0034,0.0,5.0,2863.0
2026-09-21 09:49:11,2026-09-21T09:32:30,766.21,2026-09-21,C,742.0,24.09,24.21,25.0,6.0,24.1,0.0,0.9946,0.0016,-0.0163,0.0036,0.0,86.0,11.0
2026-09-21 09:49:11,2026-09-21T09:32:30,766.21,2026-09-21,P,742.0,0.0,0.01,0.0,3033.0,0.01,0.3982,-0.0054,0.0016,-0.0163,0.0036,0.0,50.0,1915.0
2026-09-21 09:49:11,2026-09-21T09:32:30,766.21,2026-09-21,C,743.0,23.09,23.21,24.0,6.0,23.34,0.0,0.9943,0.0017,-0.0165,0.0037,0.0,34.0,71.0
2026-09-21 09:49:11,2026-09-21T09:32:30,766.21,2026-09-21,P,743.0,0.0,0.01,0.0,3037.0,0.01,0.3829,-0.0057,0.0017,-0.0165,0.0037,0.0,30.0,2810.0
2026-09-21 09:49:11,2026-09-21T09:32:30,766.21,2026-09-21,C,744.0,22.09,22.18,70.0,70.0,22.13,0.0,0.9941,0.0019,-0.0167,0.0039,0.0,50.0,47.0
2026-09-21 09:49:11,2026-09-21T09:32:30,766.21,2026-09-21,P,744.0,0.0,0.01,0.0,3564.0,0.01,0.3676,-0.0059,0.0019,-0.0167,0.0039,0.0,196.0,1802.0
2026-09-21 09:49:11,2026-09-21T09:32:30,766.21,2026-09-21,C,745.0,21.1,21.18,13.0,43.0,21.15,0.0,0.9938,0.002,-0.0169,0.004,0.0,24.0,84.0
2026-09-21 09:49:11,2026-09-21T09:32:30,766.21,2026-09-21,P,745.0,0.01,0.02,1169.0,3402.0,0.01,0.394,-0.0062,0.002,-0.0169,0.004,0.0,63.0,18475.0
2026-09-21 09:49:11,2026-09-21T09:32:30,766.21,2026-09-21,C,746.0,20.1,20.18,13.0,11.0,20.1,0.0,0.9935,0.0022,-0.0171,0.0042,0.0,10.0,65.0
2026-09-21 09:49:11,2026-09-21T09:32:30,766.21,2026-09-21,P,746.0,0.01,0.02,3641.0,5322.0,0.01,0.3771,-0.0065,0.0022,-0.0171,0.0042,0.0,442.0,1979.0
2026-09-21 09:49:11,2026-09-21T09:32:30,766.21,2026-09-21,C,747.0,19.1,19.18,13.0,11.0,19.09,0.0,0.9931,0.0024,-0.0173,0.0044,0.0,3.0,18.0
2026-09-21 09:49:11,2026-09-21T09:32:30,766.21,2026-09-21,P,747.0,0.0,0.01,0.0,1479.0,0.01,0.3216,-0.0069,0.0024,-0.0173,0.0044,0.0,858.0,2684.0
2026-09-21 09:49:11,2026-09-21T09:32:30,766.21,2026-09-21,C,748.0,18.1,18.18,70.0,11.0,18.31,0.0,0.9927,0.0027,-0.0175,0.0046,0.0,19.0,61.0
2026-09-21 09:49:11,2026-09-21T09:32:30,766.21,2026-09-21,P,748.0,0.01,0.02,2837.0,3211.0,0.01,0.3433,-0.0073,0.0027,-0.0175,0.0046,0.0,1173.0,4869.0
2026-09-21 09:49:11,2026-09-21T09:32:30,766.21,2026-09-21,C,749.0,17.1,17.18,73.0,1.0,17.19,0.0,0.9923,0.0029,-0.0177,0.0049,0.0,231.0,83.0
2026-09-21 09:49:11,2026-09-21T09:32:30,766.21,2026-09-21,P,749.0,0.01,0.02,4437.0,4916.0,0.02,0.3263,-0.0077,0.0029,-0.0177,0.0049,0.0,494.0,5143.0
2026-09-21 09:49:11,2026-09-21T09:32:30,766.21,2026-09-21,C,750.0,16.16,16.18,13.0,32.0,16.16,0.0,0.9918,0.0033,-0.018,0.0052,0.0,244.0,477.0
2026-09-21 09:49:11,2026-09-21T09:32:30,766.21,2026-09-21,P,750.0,0.01,0.02,4586.0,4724.0,0.02,0.3093,-0.0081,0.0033,-0.018,0.0052,0.0,2840.0,16881.0
2026-09-21 09:49:11,2026-09-21T09:32:30,766.21,2026-09-21,C,751.0,15.1,15.19,91.0,34.0,15.17,0.0,0.9913,0.0036,-0.0184,0.0055,0.0,80.0,334.0
2026-09-21 09:49:11,2026-09-21T09:32:30,766.21,2026-09-21,P,751.0,0.01,0.02,3027.0,2826.0,0.02,0.2922,-0.0087,0.0036,-0.0184,0.0055,0.0,582.0,2776.0
2026-09-21 09:49:11,2026-09-21T09:32:30,766.21,2026-09-21,C,752.0,14.1,14.19,74.0,123.0,14.02,0.0,0.9906,0.0041,-0.0188,0.0059,0.0,30.0,298.0
2026-09-21 09:49:11,2026-09-21T09:32:30,766.21,2026-09-21,P,752.0,0.01,0.02,3559.0,3358.0,0.01,0.2749,-0.0094,0.0041,-0.0188,0.0059,0.0,485.0,3260.0
2026-09-21 09:49:11,2026-09-21T09:32:30,766.21,2026-09-21,C,753.0,13.1,13.2,79.0,33.0,13.57,0.0,0.9898,0.0047,-0.0194,0.0064,0.0,44.0,321.0
2026-09-21 09:49:11,2026-09-21T09:32:30,766.21,2026-09-21,P,753.0,0.01,0.02,4491.0,3363.0,0.01,0.2576,-0.0102,0.0047,-0.0194,0.0064,0.0,440.0,2802.0
2026-09-21 09:49:11,2026-09-21T09:32:30,766.21,2026-09-21,C,754.0,12.11,12.19,88.0,134.0,12.36,0.0,0.9888,0.0055,-0.0203,0.007,0.0,37.0,569.0
2026-09-21 09:49:11,2026-09-21T09:32:30,766.21,2026-09-21,P,754.0,0.02,0.03,3129.0,4187.0,0.02,0.2565,-0.0112,0.0055,-0.0203,0.007,0.0,183.0,2348.0
2026-09-21 09:49:11,2026-09-21T09:32:30,766.21,2026-09-21,C,755.0,11.11,11.19,44.0,20.0,11.11,0.0,0.9874,0.0065,-0.0217,0.0078,0.0,346.0,1471.0
2026-09-21 09:49:11,2026-09-21T09:32:30,766.21,2026-09-21,P,755.0,0.02,0.03,2603.0,2810.0,0.03,0.2381,-0.0126,0.0065,-0.0217,0.0078,0.0,966.0,21487.0
2026-09-21 09:49:11,2026-09-21T09:32:30,766.21,2026-09-21,C,756.0,10.11,10.19,13.0,11.0,10.14,0.0,0.9853,0.0079,-0.0241,0.0088,0.0,80.0,768.0
2026-09-21 09:49:11,2026-09-21T09:32:30,766.21,2026-09-21,P,756.0,0.03,0.04,676.0,3257.0,0.03,0.2304,-0.0147,0.0079,-0.0241,0.0088,0.0,455.0,4124.0
2026-09-21 09:49:11,2026-09-21T09:32:30,766.21,2026-09-21,C,757.0,9.12,9.2,60.0,44.0,9.13,0.0,0.9823,0.0099,-0.0278,0.0104,0.0,504.0,3398.0
2026-09-21 09:49:11,2026-09-21T09:32:30,766.21,2026-09-21,P,757.0,0.03,0.04,3127.0,3447.0,0.03,0.2109,-0.0177,0.0099,-0.0278,0.0104,0.0,611.0,6135.0
2026-09-21 09:49:11,2026-09-21T09:32:30,766.21,2026-09-21,C,758.0,8.12,8.21,77.0,41.0,8.16,0.0,0.9775,0.013,-0.034,0.0127,0.0,30.0,1431.0
2026-09-21 09:49:11,2026-09-21T09:32:30,766.21,2026-09-21,P,758.0,0.04,0.05,1245.0,3459.0,0.04,0.1991,-0.0225,0.013,-0.034,0.0127,0.0,496.0,6814.0
2026-09-21 09:49:11,2026-09-21T09:32:30,766.21,2026-09-21,C,759.0,7.14,7.22,56.0,17.0,7.12,0.0,0.9701,0.0177,-0.0441,0.0161,0.0,159.0,3109.0
2026-09-21 09:49:11,2026-09-21T09:32:30,766.21,2026-09-21,P,759.0,0.05,0.06,1046.0,3168.0,0.05,0.1849,-0.0299,0.0177,-0.0441,0.0161,0.0,1902.0,9099.0
2026-09-21 09:49:11,2026-09-21T09:32:30,766.21,2026-09-21,C,760.0,6.2,6.23,14.0,12.0,6.14,0.0332,0.9584,0.0248,-0.0604,0.0209,0.0,333.0,6853.0
2026-09-21 09:49:11,2026-09-21T09:32:30,766.21,2026-09-21,P,760.0,0.06,0.07,2653.0,2658.0,0.07,0.1735,-0.0416,0.0248,-0.0604,0.0209,0.0,4022.0,15275.0
2026-09-21 09:49:11,2026-09-21T09:32:30,766.21,2026-09-21,C,761.0,5.23,5.25,1.0,13.0,5.25,0.1303,0.94,0.0355,-0.0862,0.0277,0.0,405.0,5926.0
2026-09-21 09:49:11,2026-09-21T09:32:30,766.21,2026-09-21,P,761.0,0.09,0.1,170.0,2556.0,0.09,0.1585,-0.06,0.0355,-0.0862,0.0277,0.0,1723.0,9645.0
2026-09-21 09:49:11,2026-09-21T09:32:30,766.21,2026-09-21,C,762.0,4.25,4.3,13.0,176.0,4.25,0.1213,0.9114,0.0515,-0.1274,0.0368,0.0,1548.0,8574.0
2026-09-21 09:49:11,2026-09-21T09:32:30,766.21,2026-09-21,P,762.0,0.12,0.13,1669.0,1.0,0.13,0.1464,-0.0886,0.0515,-0.1274,0.0368,0.0,2293.0,6835.0
2026-09-21 09:49:11,2026-09-21T09:32:30,766.21,2026-09-21,C,763.0,3.33,3.34,81.0,81.0,3.33,0.1211,0.8664,0.0748,-0.1943,0.0487,0.0,1744.0,8346.0
2026-09-21 09:49:11,2026-09-21T09:32:30,766.21,2026-09-21,P,763.0,0.19,0.2,895.0,621.0,0.2,0.1358,-0.1336,0.0748,-0.1943,0.0487,0.0,3880.0,6849.0
2026-09-21 09:49:11,2026-09-21T09:32:30,766.21,2026-09-21,C,764.0,2.45,2.46,167.0,1.0,2.46,0.1154,0.7945,0.1067,-0.309,0.0631,0.0,3006.0,6049.0
2026-09-21 09:49:11,2026-09-21T09:32:30,766.21,2026-09-21,P,764.0,0.31,0.32,592.0,596.0,0.32,0.1261,-0.2055,0.1067,-0.309,0.0631,0.0,7306.0,1764.0
2026-09-21 09:49:11,2026-09-21T09:32:30,766.21,2026-09-21,C,765.0,1.67,1.68,123.0,154.0,1.67,0.11,0.6831,0.1426,-0.5137,0.0776,0.0,3060.0,10594.0
2026-09-21 09:49:11,2026-09-21T09:32:30,766.21,2026-09-21,P,765.0,0.52,0.53,526.0,599.0,0.52,0.1184,-0.3169,0.1426,-0.5137,0.0776,0.0,8986.0,1927.0
2026-09-21 09:49:11,2026-09-21T09:32:30,766.21,2026-09-21,C,766.0,1.01,1.02,437.0,3.0,1.02,0.1056,0.5314,0.1661,-0.8661,0.0859,0.0,5215.0,5357.0
2026-09-21 09:49:11,2026-09-21T09:32:30,766.21,2026-09-21,P,766.0,0.87,0.88,449.0,545.0,0.87,0.1131,-0.4686,0.1661,-0.8661,0.0859,0.0,14034.0,558.0
2026-09-21 09:49:11,2026-09-21T09:32:30,766.21,2026-09-21,C,767.0,0.54,0.55,597.0,540.0,0.55,0.1025,0.3658,0.1591,-0.592,0.0817,0.0,10009.0,4728.0
2026-09-21 09:49:11,2026-09-21T09:32:30,766.21,2026-09-21,P,767.0,1.39,1.4,312.0,8.0,1.4,0.1105,-0.6342,0.1591,-0.592,0.0817,0.0,4817.0,636.0
2026-09-21 09:49:11,2026-09-21T09:32:30,766.21,2026-09-21,C,768.0,0.25,0.26,609.0,543.0,0.25,0.1005,0.2252,0.1252,-0.3116,0.0664,0.0,4938.0,7227.0
2026-09-21 09:49:11,2026-09-21T09:32:30,766.21,2026-09-21,P,768.0,2.11,2.12,81.0,188.0,2.14,0.1123,-0.7748,0.1252,-0.3116,0.0664,0.0,1118.0,334.0
2026-09-21 09:49:11,2026-09-21T09:32:30,766.21,2026-09-21,C,769.0,0.11,0.12,979.0,1318.0,0.12,0.1044,0.1286,0.0848,-0.1588,0.0478,0.0,2358.0,5303.0
2026-09-21 09:49:11,2026-09-21T09:32:30,766.21,2026-09-21,P,769.0,2.97,2.98,81.0,1.0,2.99,0.1193,-0.8714,0.0848,-0.1588,0.0478,0.0,980.0,318.0
2026-09-21 09:49:11,2026-09-21T09:32:30,766.21,2026-09-21,C,770.0,0.06,0.07,649.0,2962.0,0.07,0.1141,0.0706,0.0523,-0.0804,0.0318,0.0,17754.0,29669.0
2026-09-21 09:49:11,2026-09-21T09:32:30,766.21,2026-09-21,P,770.0,3.9,3.92,19.0,13.0,4.01,0.1319,-0.9294,0.0523,-0.0804,0.0318,0.0,143.0,828.0
2026-09-21 09:49:11,2026-09-21T09:32:30,766.21,2026-09-21,C,771.0,0.04,0.05,548.0,4324.0,0.04,0.1275,0.0386,0.0309,-0.0417,0.0203,0.0,865.0,4731.0
2026-09-21 09:49:11,2026-09-21T09:32:30,766.21,2026-09-21,P,771.0,4.88,4.9,48.0,14.0,4.9,0.1469,-0.9614,0.0309,-0.0417,0.0203,0.0,340.0,69.0
2026-09-21 09:49:11,2026-09-21T09:32:30,766.21,2026-09-21,C,772.0,0.03,0.04,117.0,3871.0,0.03,0.1423,0.0224,0.0185,-0.0237,0.0132,0.0,1062.0,3586.0
2026-09-21 09:49:11,2026-09-21T09:32:30,766.21,2026-09-21,P,772.0,5.86,5.94,11.0,57.0,5.98,0.1759,-0.9776,0.0185,-0.0237,0.0132,0.0,119.0,119.0
2026-09-21 09:49:11,2026-09-21T09:32:30,766.21,2026-09-21,C,773.0,0.02,0.03,1170.0,4210.0,0.03,0.154,0.0149,0.012,-0.0161,0.0094,0.0,337.0,3885.0
2026-09-21 09:49:11,2026-09-21T09:32:30,766.21,2026-09-21,P,773.0,6.85,6.93,38.0,49.0,6.98,0.1991,-0.9851,0.012,-0.0161,0.0094,0.0,45.0,0.0
2026-09-21 09:49:11,2026-09-21T09:32:30,766.21,2026-09-21,C,774.0,0.01,0.02,2911.0,3291.0,0.02,0.1609,0.0114,0.0088,-0.0132,0.0075,0.0,177.0,2988.0
2026-09-21 09:49:11,2026-09-21T09:32:30,766.21,2026-09-21,P,774.0,7.85,7.93,11.0,49.0,8.02,0.2196,-0.9886,0.0088,-0.0132,0.0075,0.0,67.0,10.0
2026-09-21 09:49:11,2026-09-21T09:32:30,766.21,2026-09-21,C,775.0,0.01,0.02,2822.0,2924.0,0.02,0.1786,0.0098,0.007,-0.0121,0.0065,0.0,220.0,2242.0
2026-09-21 09:49:11,2026-09-21T09:32:30,766.21,2026-09-21,P,775.0,8.84,8.93,86.0,53.0,9.02,0.2392,-0.9902,0.007,-0.0121,0.0065,0.0,160.0,0.0
2026-09-21 09:49:11,2026-09-21T09:32:30,766.21,2026-09-21,C,776.0,0.01,0.02,2573.0,3737.0,0.01,0.196,0.0088,0.0058,-0.0117,0.0058,0.0,65.0,860.0
2026-09-21 09:49:11,2026-09-21T09:32:30,766.21,2026-09-21,P,776.0,9.83,9.93,157.0,38.0,9.91,0.2608,-0.9912,0.0058,-0.0117,0.0058,0.0,17.0,10.0
2026-09-21 09:49:11,2026-09-21T09:32:30,766.21,2026-09-21,C,777.0,0.0,0.01,0.0,3990.0,0.01,0.1881,0.008,0.0049,-0.0114,0.0054,0.0,446.0,2233.0
2026-09-21 09:49:11,2026-09-21T09:32:30,766.21,2026-09-21,P,777.0,10.83,10.92,144.0,39.0,11.01,0.2792,-0.992,0.0049,-0.0114,0.0054,0.0,1.0,0.0
2026-09-21 09:49:11,2026-09-21T09:32:30,766.21,2026-09-21,C,778.0,0.0,0.01,0.0,4451.0,0.01,0.2036,0.0074,0.0042,-0.0113,0.005,0.0,6.0,817.0
2026-09-21 09:49:11,2026-09-21T09:32:30,766.21,2026-09-21,P,778.0,11.77,12.01,26.0,80.0,15.91,0.2906,-0.9926,0.0042,-0.0113,0.005,0.0,0.0,0.0
2026-09-21 09:49:11,2026-09-21T09:32:30,766.21,2026-09-21,C,779.0,0.0,0.01,0.0,5042.0,0.01,0.2188,0.0069,0.0037,-0.0112,0.0046,0.0,0.0,835.0
2026-09-21 09:49:11,2026-09-21T09:32:30,766.21,2026-09-21,P,779.0,12.76,13.01,89.0,70.0,18.04,0.3072,-0.9931,0.0037,-0.0112,0.0046,0.0,0.0,0.0
2026-09-21 09:49:11,2026-09-21T09:32:30,766.21,2026-09-21,C,780.0,0.0,0.01,0.0,5440.0,0.01,0.234,0.0064,0.0033,-0.011,0.0043,0.0,0.0,2288.0
2026-09-21 09:49:11,2026-09-21T09:32:30,766.21,2026-09-21,P,780.0,13.76,14.01,25.0,27.0,18.59,0.3269,-0.9936,0.0033,-0.011,0.0043,0.0,0.0,0.0
2026-09-21 09:49:11,2026-09-21T09:32:30,766.21,2026-09-21,C,781.0,0.0,0.01,0.0,3572.0,0.01,0.249,0.006,0.0029,-0.0109,0.0041,0.0,3.0,930.0
2026-09-21 09:49:11,2026-09-21T09:32:30,766.21,2026-09-21,P,781.0,14.76,15.01,88.0,79.0,19.36,0.3464,-0.994,0.0029,-0.0109,0.0041,0.0,0.0,10.0
2026-09-21 09:49:11,2026-09-21T09:32:30,766.21,2026-09-21,C,782.0,0.0,0.01,0.0,5691.0,0.01,0.264,0.0057,0.0026,-0.0108,0.0038,0.0,0.0,596.0
2026-09-21 09:49:11,2026-09-21T09:32:30,766.21,2026-09-21,P,782.0,15.76,16.01,88.0,69.0,20.68,0.3657,-0.9943,0.0026,-0.0108,0.0038,0.0,0.0,0.0
2026-09-21 09:49:11,2026-09-21T09:32:30,766.21,2026-09-21,C,783.0,0.0,0.01,0.0,5798.0,0.01,0.2788,0.0053,0.0024,-0.0106,0.0036,0.0,15.0,2107.0
2026-09-21 09:49:11,2026-09-21T09:32:30,766.21,2026-09-21,P,783.0,16.76,17.01,26.0,68.0,22.72,0.3849,-0.9947,0.0024,-0.0106,0.0036,0.0,0.0,0.0
2026-09-21 09:49:11,2026-09-21T09:32:30,766.21,2026-09-21,C,784.0,0.0,0.01,0.0,5897.0,0.01,0.2936,0.005,0.0021,-0.0105,0.0034,0.0,0.0,346.0
2026-09-21 09:49:11,2026-09-21T09:32:30,766.21,2026-09-21,P,784.0,17.76,18.01,88.0,70.0,23.92,0.4038,-0.995,0.0021,-0.0105,0.0034,0.0,0.0,0.0
2026-09-21 09:49:11,2026-09-21T09:32:30,766.21,2026-09-21,C,785.0,0.0,0.01,0.0,5947.0,0.01,0.3083,0.0048,0.0019,-0.0104,0.0033,0.0,1.0,490.0
2026-09-21 09:49:11,2026-09-21T09:32:30,766.21,2026-09-21,P,785.0,18.76,19.01,85.0,73.0,25.23,0.4227,-0.9952,0.0019,-0.0104,0.0033,0.0,0.0,0.0
2026-09-21 09:49:11,2026-09-21T09:32:30,766.21,2026-09-21,C,786.0,0.0,0.01,0.0,5938.0,0.01,0.3229,0.0046,0.0018,-0.0103,0.0031,0.0,8.0,1683.0
2026-09-21 09:49:11,2026-09-21T09:32:30,766.21,2026-09-21,P,786.0,19.76,20.01,85.0,80.0,24.78,0.4414,-0.9954,0.0018,-0.0103,0.0031,0.0,0.0,0.0
2026-09-21 09:49:11,2026-09-21T09:32:30,766.21,2026-09-21,C,787.0,0.0,0.01,0.0,3966.0,0.01,0.3374,0.0043,0.0016,-0.0102,0.003,0.0,0.0,1400.0
2026-09-21 09:49:11,2026-09-21T09:32:30,766.21,2026-09-21,P,787.0,20.76,21.01,25.0,80.0,24.71,0.46,-0.9957,0.0016,-0.0102,0.003,0.0,0.0,0.0
2026-09-21 09:49:11,2026-09-21T09:32:30,766.21,2026-09-21,C,788.0,0.0,0.01,0.0,5995.0,0.01,0.3518,0.0041,0.0015,-0.01,0.0028,0.0,0.0,1010.0
2026-09-21 09:49:11,2026-09-21T09:32:30,766.21,2026-09-21,P,788.0,21.72,22.01,5.0,4.0,26.31,0.456,-0.9959,0.0015,-0.01,0.0028,0.0,0.0,0.0
2026-09-21 09:49:11,2026-09-21T09:32:30,766.21,2026-09-21,C,789.0,0.0,0.01,0.0,6019.0,0.02,0.3662,0.004,0.0014,-0.0099,0.0027,0.0,0.0,6906.0
2026-09-21 09:49:11,2026-09-21T09:32:30,766.21,2026-09-21,P,789.0,22.68,23.08,53.0,10.0,27.76,0.48,-0.996,0.0014,-0.0099,0.0027,0.0,0.0,0.0
2026-09-21 09:49:11,2026-09-21T09:32:30,766.21,2026-09-21,C,790.0,0.0,0.01,0.0,6043.0,0.01,0.3805,0.0038,0.0013,-0.0098,0.0026,0.0,0.0,6747.0
2026-09-21 09:49:11,2026-09-21T09:32:30,766.21,2026-09-21,P,790.0,23.6,24.08,10.0,10.0,28.71,0.5202,-0.9962,0.0013,-0.0098,0.0026,0.0,0.0,0.0
2026-09-21 09:49:11,2026-09-21T09:32:30,766.21,2026-09-21,C,791.0,0.0,0.01,0.0,4062.0,0.02,0.3947,0.0036,0.0012,-0.0097,0.0025,0.0,0.0,221.0
2026-09-21 09:49:11,2026-09-21T09:32:30,766.21,2026-09-21,P,791.0,24.6,25.08,10.0,10.0,31.84,0.5384,-0.9964,0.0012,-0.0097,0.0025,0.0,0.0,0.0
2026-09-21 09:49:11,2026-09-21T09:32:30,766.21,2026-09-21,C,792.0,0.0,0.01,0.0,5583.0,0.01,0.4089,0.0035,0.0011,-0.0096,0.0024,0.0,0.0,485.0
2026-09-21 09:49:11,2026-09-21T09:32:30,766.21,2026-09-21,P,792.0,25.26,27.05,2.0,1.0,32.97,0.7212,-0.9965,0.0011,-0.0096,0.0024,0.0,0.0,0.0
2026-09-21 09:49:11,2026-09-21T09:32:30,766.21,2026-09-21,C,793.0,0.0,0.01,0.0,5599.0,0.01,0.423,0.0034,0.001,-0.0095,0.0023,0.0,0.0,26.0
2026-09-21 09:49:11,2026-09-21T09:32:30,766.21,2026-09-21,P,793.0,26.26,28.11,1.0,1.0,31.68,0.7558,-0.9966,0.001,-0.0095,0.0023,0.0,0.0,0.0
2026-09-21 09:49:11,2026-09-21T09:32:30,766.21,2026-09-21,C,794.0,0.0,0.01,0.0,5619.0,0.01,0.4371,0.0032,0.001,-0.0094,0.0022,0.0,0.0,530.0
2026-09-21 09:49:11,2026-09-21T09:32:30,766.21,2026-09-21,P,794.0,27.15,28.7,1.0,1.0,32.59,0.6438,-0.9968,0.001,-0.0094,0.0022,0.0,0.0,0.0
2026-09-21 09:49:11,2026-09-21T09:32:30,766.21,2026-09-21,C,795.0,0.0,0.01,0.0,5635.0,0.02,0.4511,0.0031,0.0009,-0.0092,0.0022,0.0,0.0,543.0
2026-09-21 09:49:11,2026-09-21T09:32:30,766.21,2026-09-21,P,795.0,28.24,30.04,1.0,1.0,33.86,0.7789,-0.9969,0.0009,-0.0092,0.0022,0.0,0.0,0.0
2026-09-21 09:49:11,2026-09-21T09:32:30,766.21,2026-09-21,C,796.0,0.0,0.01,0.0,5651.0,0.02,0.465,0.003,0.0009,-0.0091,0.0021,0.0,0.0,1.0
2026-09-21 09:49:11,2026-09-21T09:32:30,766.21,2026-09-21,P,796.0,29.26,30.8,2.0,1.0,34.39,0.8186,-0.997,0.0009,-0.0091,0.0021,0.0,0.0,0.0
2026-09-21 09:49:11,2026-09-21T09:32:30,766.21,2026-09-21,C,797.0,0.0,0.01,0.0,5667.0,0.02,0.479,0.0029,0.0008,-0.009,0.002,0.0,0.0,170.0
2026-09-21 09:49:11,2026-09-21T09:32:30,766.21,2026-09-21,P,797.0,30.26,32.21,1.0,1.0,36.67,0.8642,-0.9971,0.0008,-0.009,0.002,0.0,0.0,0.0
2026-09-21 09:49:11,2026-09-21T09:32:30,766.21,2026-09-21,C,798.0,0.0,0.01,0.0,3682.0,0.02,0.4928,0.0028,0.0008,-0.0089,0.0019,0.0,0.0,115.0
2026-09-21 09:49:11,2026-09-21T09:32:30,766.21,2026-09-21,P,798.0,31.22,33.16,2.0,1.0,39.06,0.8659,-0.9972,0.0008,-0.0089,0.0019,0.0,0.0,0.0
2026-09-21 09:49:11,2026-09-21T09:32:30,766.21,2026-09-21,C,799.0,0.0,0.01,0.0,3694.0,0.01,0.5066,0.0027,0.0007,-0.0088,0.0019,0.0,0.0,23.0
2026-09-21 09:49:11,2026-09-21T09:32:30,766.21,2026-09-21,P,799.0,32.25,34.24,2.0,1.0,37.77,0.8824,-0.9973,0.0007,-0.0088,0.0019,0.0,0.0,0.0
2026-09-21 09:49:11,2026-09-21T09:32:30,766.21,2026-09-21,C,800.0,0.0,0.01,0.0,5711.0,0.01,0.5203,0.0026,0.0007,-0.0087,0.0018,0.0,2.0,935.0
2026-09-21 09:49:11,2026-09-21T09:32:30,766.21,2026-09-21,P,800.0,33.14,35.27,2.0,3.0,38.52,0.6534,-0.9974,0.0007,-0.0087,0.0018,0.0,0.0,1.0
2026-09-21 09:49:11,2026-09-21T09:32:30,766.21,2026-09-21,C,801.0,0.0,0.01,0.0,5727.0,0.01,0.534,0.0025,0.0006,-0.0086,0.0018,0.0,0.0,242.0
2026-09-21 09:49:11,2026-09-21T09:32:30,766.21,2026-09-21,P,801.0,33.56,35.63,1.0,2.0,39.82,0.0,-0.9975,0.0006,-0.0086,0.0018,0.0,0.0,0.0
2026-09-21 09:49:11,2026-09-21T09:32:30,766.21,2026-09-21,C,802.0,0.0,0.01,0.0,5743.0,0.01,0.5477,0.0024,0.0006,-0.0085,0.0017,0.0,0.0,1043.0
2026-09-21 09:49:11,2026-09-21T09:32:30,766.21,2026-09-21,P,802.0,35.29,37.19,2.0,2.0,42.57,0.9736,-0.9976,0.0006,-0.0085,0.0017,0.0,0.0,0.0
2026-09-21 09:49:11,2026-09-21T09:32:30,766.21,2026-09-21,C,803.0,0.0,0.01,0.0,5755.0,0.01,0.5613,0.0024,0.0006,-0.0084,0.0016,0.0,0.0,958.0
2026-09-21 09:49:11,2026-09-21T09:32:30,766.21,2026-09-21,P,803.0,36.25,38.16,2.0,1.0,43.44,0.9782,-0.9976,0.0006,-0.0084,0.0016,0.0,0.0,0.0
2026-09-21 09:49:11,2026-09-21T09:32:30,766.21,2026-09-21,C,804.0,0.0,0.01,0.0,3770.0,0.02,0.5748,0.0023,0.0006,-0.0083,0.0016,0.0,0.0,65.0
2026-09-21 09:49:11,2026-09-21T09:32:30,766.21,2026-09-21,P,804.0,37.2,39.1,1.0,1.0,42.69,0.9708,-0.9977,0.0006,-0.0083,0.0016,0.0,0.0,0.0
2026-09-21 09:54:12,2026-09-21T09:38:43,766.61,2026-09-21,C,729.0,36.99,38.09,69.0,69.0,37.41,0.0,0.9966,0.0007,-0.0143,0.0023,0.0,15.0,26.0
2026-09-21 09:54:12,2026-09-21T09:38:43,766.61,2026-09-21,P,729.0,0.0,0.01,0.0,6966.0,0.04,0.6056,-0.0034,0.0007,-0.0142,0.0022,0.0,0.0,2355.0
2026-09-21 09:54:12,2026-09-21T09:38:43,766.61,2026-09-21,C,730.0,35.93,37.01,70.0,61.0,36.65,0.0,0.9965,0.0008,-0.0144,0.0023,0.0,19.0,29.0
2026-09-21 09:54:12,2026-09-21T09:38:43,766.61,2026-09-21,P,730.0,0.0,0.01,0.0,6942.0,0.01,0.5905,-0.0035,0.0008,-0.0144,0.0023,0.0,2.0,2413.0
2026-09-21 09:54:12,2026-09-21T09:38:43,766.61,2026-09-21,C,731.0,35.02,36.08,370.0,370.0,36.08,0.0,0.9964,0.0008,-0.0146,0.0024,0.0,18.0,19.0
2026-09-21 09:54:12,2026-09-21T09:38:43,766.61,2026-09-21,P,731.0,0.0,0.01,0.0,6911.0,0.01,0.5754,-0.0036,0.0008,-0.0145,0.0024,0.0,10.0,7564.0
2026-09-21 09:54:12,2026-09-21T09:38:43,766.61,2026-09-21,C,732.0,33.91,35.09,70.0,69.0,34.43,0.0,0.9962,0.0008,-0.0148,0.0025,0.0,12.0,32.0
2026-09-21 09:54:12,2026-09-21T09:38:43,766.61,2026-09-21,P,732.0,0.0,0.01,0.0,6827.0,0.01,0.5602,-0.0037,0.0008,-0.0147,0.0025,0.0,4.0,881.0
2026-09-21 09:54:12,2026-09-21T09:38:43,766.61,2026-09-21,C,733.0,33.28,33.78,299.0,218.0,33.32,0.0,0.9961,0.0009,-0.015,0.0026,0.0,9.0,63.0
2026-09-21 09:54:12,2026-09-21T09:38:43,766.61,2026-09-21,P,733.0,0.0,0.01,0.0,6739.0,0.01,0.5451,-0.0038,0.0009,-0.0149,0.0026,0.0,4.0,2919.0
2026-09-21 09:54:12,2026-09-21T09:38:43,766.61,2026-09-21,C,734.0,32.27,32.78,58.0,277.0,32.32,0.0,0.996,0.0009,-0.0152,0.0026,0.0,8.0,56.0
2026-09-21 09:54:12,2026-09-21T09:38:43,766.61,2026-09-21,P,734.0,0.0,0.01,0.0,6650.0,0.05,0.5299,-0.004,0.0009,-0.0151,0.0026,0.0,0.0,773.0
2026-09-21 09:54:12,2026-09-21T09:38:43,766.61,2026-09-21,C,735.0,31.27,31.77,58.0,32.0,31.26,0.0,0.9958,0.001,-0.0154,0.0027,0.0,10.0,24.0
2026-09-21 09:54:12,2026-09-21T09:38:43,766.61,2026-09-21,P,735.0,0.0,0.01,0.0,6560.0,0.01,0.5148,-0.0041,0.001,-0.0153,0.0027,0.0,11.0,1578.0
2026-09-21 09:54:12,2026-09-21T09:38:43,766.61,2026-09-21,C,736.0,30.29,30.78,57.0,272.0,30.46,0.0,0.9957,0.0011,-0.0156,0.0028,0.0,10.0,16.0
2026-09-21 09:54:12,2026-09-21T09:38:43,766.61,2026-09-21,P,736.0,0.0,0.01,0.0,6464.0,0.01,0.4996,-0.0043,0.0011,-0.0154,0.0028,0.0,6.0,2021.0
2026-09-21 09:54:12,2026-09-21T09:38:43,766.61,2026-09-21,C,737.0,29.59,29.68,32.0,32.0,29.39,0.5201,0.9955,0.0011,-0.0158,0.0029,0.0,32.0,17.0
2026-09-21 09:54:12,2026-09-21T09:38:43,766.61,2026-09-21,P,737.0,0.0,0.01,0.0,6371.0,0.01,0.4844,-0.0044,0.0011,-0.0156,0.0029,0.0,6.0,1437.0
2026-09-21 09:54:12,2026-09-21T09:38:43,766.61,2026-09-21,C,738.0,28.59,28.68,25.0,31.0,28.25,0.5039,0.9953,0.0012,-0.0159,0.003,0.0,94.0,22.0
2026-09-21 09:54:12,2026-09-21T09:38:43,766.61,2026-09-21,P,738.0,0.0,0.01,0.0,6322.0,0.02,0.4692,-0.0046,0.0012,-0.0158,0.003,0.0,10.0,1180.0
2026-09-21 09:54:12,2026-09-21T09:38:43,766.61,2026-09-21,C,739.0,27.59,27.68,32.0,31.0,27.43,0.4877,0.9952,0.0013,-0.0161,0.0032,0.0,40.0,30.0
2026-09-21 09:54:12,2026-09-21T09:38:43,766.61,2026-09-21,P,739.0,0.0,0.01,0.0,6216.0,0.01,0.4539,-0.0048,0.0013,-0.016,0.0031,0.0,3.0,1347.0
2026-09-21 09:54:12,2026-09-21T09:38:43,766.61,2026-09-21,C,740.0,26.59,26.68,32.0,32.0,26.55,0.4715,0.995,0.0014,-0.0163,0.0033,0.0,75.0,42.0
2026-09-21 09:54:12,2026-09-21T09:38:43,766.61,2026-09-21,P,740.0,0.0,0.01,0.0,6111.0,0.01,0.4387,-0.005,0.0014,-0.0162,0.0032,0.0,3621.0,5789.0
2026-09-21 09:54:12,2026-09-21T09:38:43,766.61,2026-09-21,C,741.0,25.59,25.69,32.0,35.0,25.43,0.4739,0.9948,0.0015,-0.0165,0.0034,0.0,52.0,38.0
2026-09-21 09:54:12,2026-09-21T09:38:43,766.61,2026-09-21,P,741.0,0.0,0.01,0.0,5998.0,0.01,0.4234,-0.0052,0.0015,-0.0164,0.0034,0.0,6.0,2863.0
2026-09-21 09:54:12,2026-09-21T09:38:43,766.61,2026-09-21,C,742.0,24.59,24.69,32.0,34.0,24.68,0.4571,0.9945,0.0016,-0.0168,0.0035,0.0,174.0,11.0
2026-09-21 09:54:12,2026-09-21T09:38:43,766.61,2026-09-21,P,742.0,0.0,0.01,0.0,5823.0,0.01,0.4081,-0.0054,0.0016,-0.0166,0.0035,0.0,545.0,1915.0
2026-09-21 09:54:12,2026-09-21T09:38:43,766.61,2026-09-21,C,743.0,23.59,23.69,32.0,35.0,23.21,0.4402,0.9943,0.0017,-0.017,0.0037,0.0,35.0,71.0
2026-09-21 09:54:12,2026-09-21T09:38:43,766.61,2026-09-21,P,743.0,0.0,0.01,0.0,5493.0,0.01,0.3927,-0.0057,0.0017,-0.0168,0.0037,0.0,93.0,2810.0
2026-09-21 09:54:12,2026-09-21T09:38:43,766.61,2026-09-21,C,744.0,22.59,22.68,15.0,85.0,22.61,0.4063,0.994,0.0018,-0.0172,0.0039,0.0,69.0,47.0
2026-09-21 09:54:12,2026-09-21T09:38:43,766.61,2026-09-21,P,744.0,0.0,0.01,0.0,4642.0,0.01,0.3774,-0.006,0.0018,-0.0171,0.0038,0.0,1480.0,1802.0
2026-09-21 09:54:12,2026-09-21T09:38:43,766.61,2026-09-21,C,745.0,21.59,21.66,89.0,78.0,21.43,0.3102,0.9937,0.002,-0.0174,0.004,0.0,25.0,84.0
2026-09-21 09:54:12,2026-09-21T09:38:43,766.61,2026-09-21,P,745.0,0.01,0.02,5657.0,6504.0,0.02,0.4046,-0.0062,0.002,-0.0173,0.004,0.0,3923.0,18475.0
2026-09-21 09:54:12,2026-09-21T09:38:43,766.61,2026-09-21,C,746.0,20.59,20.66,81.0,79.0,20.52,0.2966,0.9934,0.0022,-0.0177,0.0042,0.0,64.0,65.0
2026-09-21 09:54:12,2026-09-21T09:38:43,766.61,2026-09-21,P,746.0,0.01,0.02,6219.0,6460.0,0.01,0.3877,-0.0066,0.0022,-0.0175,0.0042,0.0,563.0,1979.0
2026-09-21 09:54:12,2026-09-21T09:38:43,766.61,2026-09-21,C,747.0,19.59,19.68,45.0,100.0,19.47,0.357,0.993,0.0024,-0.0179,0.0044,0.0,92.0,18.0
2026-09-21 09:54:12,2026-09-21T09:38:43,766.61,2026-09-21,P,747.0,0.01,0.02,6291.0,6416.0,0.01,0.3707,-0.0069,0.0024,-0.0178,0.0044,0.0,2696.0,2684.0
2026-09-21 09:54:12,2026-09-21T09:38:43,766.61,2026-09-21,C,748.0,18.59,18.66,51.0,53.0,18.51,0.2695,0.9926,0.0026,-0.0182,0.0047,0.0,109.0,61.0
2026-09-21 09:54:12,2026-09-21T09:38:43,766.61,2026-09-21,P,748.0,0.01,0.02,6169.0,6221.0,0.01,0.3537,-0.0073,0.0026,-0.0181,0.0046,0.0,2197.0,4869.0
2026-09-21 09:54:12,2026-09-21T09:38:43,766.61,2026-09-21,C,749.0,17.6,17.68,14.0,100.0,17.51,0.3381,0.9922,0.0029,-0.0186,0.0049,0.0,325.0,83.0
2026-09-21 09:54:12,2026-09-21T09:38:43,766.61,2026-09-21,P,749.0,0.01,0.02,6116.0,6172.0,0.02,0.3361,-0.0078,0.0029,-0.0186,0.0049,0.0,1092.0,5143.0
2026-09-21 09:54:12,2026-09-21T09:38:43,766.61,2026-09-21,C,750.0,16.62,16.64,18.0,11.0,16.53,0.0,0.9917,0.0032,-0.019,0.0052,0.0,456.0,477.0
2026-09-21 09:54:12,2026-09-21T09:38:43,766.61,2026-09-21,P,750.0,0.01,0.02,6060.0,6035.0,0.01,0.3195,-0.0082,0.0032,-0.0188,0.0052,0.0,8917.0,16881.0
2026-09-21 09:54:12,2026-09-21T09:38:43,766.61,2026-09-21,C,751.0,15.6,15.66,53.0,37.0,15.49,0.2722,0.9911,0.0036,-0.0195,0.0056,0.0,138.0,334.0
2026-09-21 09:54:12,2026-09-21T09:38:43,766.61,2026-09-21,P,751.0,0.01,0.02,6000.0,5769.0,0.02,0.3018,-0.0089,0.0036,-0.0195,0.0056,0.0,755.0,2776.0
2026-09-21 09:54:12,2026-09-21T09:38:43,766.61,2026-09-21,C,752.0,14.6,14.66,51.0,35.0,14.29,0.2563,0.9904,0.0041,-0.0201,0.006,0.0,55.0,298.0
2026-09-21 09:54:12,2026-09-21T09:38:43,766.61,2026-09-21,P,752.0,0.01,0.02,5932.0,5208.0,0.02,0.2845,-0.0096,0.0041,-0.0201,0.006,0.0,676.0,3260.0
2026-09-21 09:54:12,2026-09-21T09:38:43,766.61,2026-09-21,C,753.0,13.6,13.69,15.0,91.0,13.46,0.278,0.9895,0.0047,-0.0209,0.0065,0.0,46.0,321.0
2026-09-21 09:54:12,2026-09-21T09:38:43,766.61,2026-09-21,P,753.0,0.01,0.02,5956.0,3097.0,0.02,0.2671,-0.0105,0.0047,-0.0209,0.0065,0.0,1026.0,2802.0
2026-09-21 09:54:12,2026-09-21T09:38:43,766.61,2026-09-21,C,754.0,12.6,12.69,72.0,100.0,12.5,0.26,0.9884,0.0054,-0.0221,0.0071,0.0,50.0,569.0
2026-09-21 09:54:12,2026-09-21T09:38:43,766.61,2026-09-21,P,754.0,0.02,0.03,5097.0,5842.0,0.02,0.2664,-0.0116,0.0054,-0.0221,0.0071,0.0,2385.0,2348.0
2026-09-21 09:54:12,2026-09-21T09:38:43,766.61,2026-09-21,C,755.0,11.62,11.64,28.0,11.0,11.63,0.0,0.9869,0.0064,-0.0236,0.0079,0.0,752.0,1471.0
2026-09-21 09:54:12,2026-09-21T09:38:43,766.61,2026-09-21,P,755.0,0.02,0.03,5598.0,5668.0,0.02,0.2479,-0.0131,0.0064,-0.0236,0.0079,0.0,1706.0,21487.0
2026-09-21 09:54:12,2026-09-21T09:38:43,766.61,2026-09-21,C,756.0,10.61,10.7,54.0,100.0,10.49,0.236,0.985,0.0077,-0.0259,0.0089,0.0,374.0,768.0
2026-09-21 09:54:12,2026-09-21T09:38:43,766.61,2026-09-21,P,756.0,0.03,0.04,1293.0,5723.0,0.03,0.2406,-0.015,0.0077,-0.0259,0.0089,0.0,778.0,4124.0
2026-09-21 09:54:12,2026-09-21T09:38:43,766.61,2026-09-21,C,757.0,9.63,9.65,28.0,11.0,9.55,0.1456,0.9823,0.0095,-0.0291,0.0103,0.0,2343.0,3398.0
2026-09-21 09:54:12,2026-09-21T09:38:43,766.61,2026-09-21,P,757.0,0.03,0.04,4092.0,5553.0,0.03,0.221,-0.0177,0.0095,-0.0291,0.0103,0.0,1134.0,6135.0
2026-09-21 09:54:12,2026-09-21T09:38:43,766.61,2026-09-21,C,758.0,8.62,8.7,50.0,100.0,8.72,0.202,0.9784,0.012,-0.0339,0.0122,0.0,63.0,1431.0
2026-09-21 09:54:12,2026-09-21T09:38:43,766.61,2026-09-21,P,758.0,0.04,0.05,462.0,5437.0,0.04,0.2095,-0.0216,0.012,-0.0339,0.0122,0.0,2082.0,6814.0
2026-09-21 09:54:12,2026-09-21T09:38:43,766.61,2026-09-21,C,759.0,7.64,7.68,67.0,29.0,7.66,0.1613,0.9728,0.0157,-0.041,0.0147,0.0,337.0,3109.0
2026-09-21 09:54:12,2026-09-21T09:38:43,766.61,2026-09-21,P,759.0,0.04,0.05,3013.0,3627.0,0.05,0.1889,-0.0272,0.0157,-0.041,0.0147,0.0,3251.0,9099.0
2026-09-21 09:54:12,2026-09-21T09:38:43,766.61,2026-09-21,C,760.0,6.64,6.7,54.0,60.0,6.58,0.1685,0.9644,0.0212,-0.0518,0.0184,0.0,554.0,6853.0
2026-09-21 09:54:12,2026-09-21T09:38:43,766.61,2026-09-21,P,760.0,0.05,0.06,2547.0,3156.0,0.05,0.1741,-0.0356,0.0212,-0.0518,0.0184,0.0,7677.0,15275.0
2026-09-21 09:54:12,2026-09-21T09:38:43,766.61,2026-09-21,C,761.0,5.67,5.69,16.0,12.0,5.69,0.1472,0.9516,0.0295,-0.0682,0.0234,0.0,1244.0,5926.0
2026-09-21 09:54:12,2026-09-21T09:38:43,766.61,2026-09-21,P,761.0,0.07,0.08,1711.0,2982.0,0.08,0.1619,-0.0484,0.0295,-0.0682,0.0234,0.0,5411.0,9645.0
2026-09-21 09:54:12,2026-09-21T09:38:43,766.61,2026-09-21,C,762.0,4.69,4.71,72.0,54.0,4.69,0.1368,0.9315,0.0423,-0.094,0.0304,0.0,5440.0,8574.0
2026-09-21 09:54:12,2026-09-21T09:38:43,766.61,2026-09-21,P,762.0,0.09,0.1,1521.0,1905.0,0.09,0.146,-0.0685,0.0423,-0.094,0.0304,0.0,10447.0,6835.0
2026-09-21 09:54:12,2026-09-21T09:38:43,766.61,2026-09-21,C,763.0,3.75,3.76,94.0,190.0,3.78,0.1244,0.8989,0.062,-0.1368,0.0402,0.0,4608.0,8346.0
2026-09-21 09:54:12,2026-09-21T09:38:43,766.61,2026-09-21,P,763.0,0.14,0.15,1519.0,2150.0,0.14,0.1352,-0.1011,0.062,-0.1368,0.0402,0.0,8616.0,6849.0
2026-09-21 09:54:12,2026-09-21T09:38:43,766.61,2026-09-21,C,764.0,2.83,2.84,156.0,166.0,2.84,0.1171,0.844,0.0919,-0.2129,0.0534,0.0,4986.0,6049.0
2026-09-21 09:54:12,2026-09-21T09:38:43,766.61,2026-09-21,P,764.0,0.22,0.23,478.0,1680.0,0.23,0.1238,-0.156,0.0919,-0.2129,0.0534,0.0,19323.0,1764.0
2026-09-21 09:54:12,2026-09-21T09:38:43,766.61,2026-09-21,C,765.0,1.98,1.99,94.0,125.0,1.99,0.1097,0.7512,0.1319,-0.3569,0.0693,0.0,6562.0,10594.0
2026-09-21 09:54:12,2026-09-21T09:38:43,766.61,2026-09-21,P,765.0,0.37,0.38,568.0,958.0,0.38,0.1147,-0.2488,0.1319,-0.3569,0.0693,0.0,21331.0,1927.0
2026-09-21 09:54:12,2026-09-21T09:38:43,766.61,2026-09-21,C,766.0,1.25,1.26,88.0,294.0,1.25,0.1038,0.6093,0.1696,-0.6249,0.0826,0.0,14776.0,5357.0
2026-09-21 09:54:12,2026-09-21T09:38:43,766.61,2026-09-21,P,766.0,0.64,0.65,10.0,554.0,0.64,0.108,-0.3907,0.1696,-0.6249,0.0826,0.0,32331.0,558.0
2026-09-21 09:54:12,2026-09-21T09:38:43,766.61,2026-09-21,C,767.0,0.68,0.69,375.0,186.0,0.69,0.1004,0.4324,0.1797,-0.6985,0.0845,0.0,26814.0,4728.0
2026-09-21 09:54:12,2026-09-21T09:38:43,766.61,2026-09-21,P,767.0,1.08,1.09,150.0,290.0,1.08,0.1033,-0.5676,0.1797,-0.6985,0.0845,0.0,14811.0,636.0
2026-09-21 09:54:12,2026-09-21T09:38:43,766.61,2026-09-21,C,768.0,0.33,0.34,385.0,1525.0,0.34,0.0995,0.2639,0.1505,-0.3479,0.0714,0.0,16500.0,7227.0
2026-09-21 09:54:12,2026-09-21T09:38:43,766.61,2026-09-21,P,768.0,1.71,1.72,131.0,94.0,1.71,0.1029,-0.7361,0.1505,-0.3479,0.0714,0.0,3838.0,334.0
2026-09-21 09:54:12,2026-09-21T09:38:43,766.61,2026-09-21,C,769.0,0.14,0.15,1568.0,1370.0,0.14,0.0999,0.1425,0.1017,-0.1612,0.0509,0.0,11379.0,5303.0
2026-09-21 09:54:12,2026-09-21T09:38:43,766.61,2026-09-21,P,769.0,2.53,2.54,95.0,164.0,2.53,0.106,-0.8575,0.1017,-0.1612,0.0509,0.0,2084.0,318.0
2026-09-21 09:54:12,2026-09-21T09:38:43,766.61,2026-09-21,C,770.0,0.07,0.08,898.0,2391.0,0.08,0.108,0.0736,0.0601,-0.076,0.0328,0.0,29573.0,29669.0
2026-09-21 09:54:12,2026-09-21T09:38:43,766.61,2026-09-21,P,770.0,3.45,3.47,20.0,53.0,3.45,0.1141,-0.9264,0.0601,-0.076,0.0328,0.0,679.0,828.0
2026-09-21 09:54:12,2026-09-21T09:38:43,766.61,2026-09-21,C,771.0,0.04,0.05,1656.0,3565.0,0.05,0.1188,0.0402,0.0347,-0.0401,0.021,0.0,2437.0,4731.0
2026-09-21 09:54:12,2026-09-21T09:38:43,766.61,2026-09-21,P,771.0,4.42,4.44,11.0,18.0,4.43,0.1276,-0.9598,0.0347,-0.0401,0.021,0.0,751.0,69.0
2026-09-21 09:54:12,2026-09-21T09:38:43,766.61,2026-09-21,C,772.0,0.03,0.04,830.0,5627.0,0.03,0.1343,0.0246,0.0212,-0.025,0.0142,0.0,2213.0,3586.0
2026-09-21 09:54:12,2026-09-21T09:38:43,766.61,2026-09-21,P,772.0,5.38,5.46,53.0,60.0,5.41,0.14,-0.9754,0.0212,-0.025,0.0142,0.0,156.0,119.0
2026-09-21 09:54:12,2026-09-21T09:38:43,766.61,2026-09-21,C,773.0,0.02,0.03,4108.0,5897.0,0.03,0.1466,0.0176,0.0144,-0.0188,0.0107,0.0,1345.0,3885.0
2026-09-21 09:54:12,2026-09-21T09:38:43,766.61,2026-09-21,P,773.0,6.38,6.49,21.0,100.0,6.47,0.1696,-0.9824,0.0144,-0.0188,0.0107,0.0,61.0,0.0
2026-09-21 09:54:12,2026-09-21T09:38:43,766.61,2026-09-21,C,774.0,0.01,0.02,5877.0,5514.0,0.02,0.1542,0.0142,0.0108,-0.0165,0.0089,0.0,860.0,2988.0
2026-09-21 09:54:12,2026-09-21T09:38:43,766.61,2026-09-21,P,774.0,7.35,7.49,62.0,100.0,7.45,0.1814,-0.9858,0.0108,-0.0165,0.0089,0.0,68.0,10.0
2026-09-21 09:54:12,2026-09-21T09:38:43,766.61,2026-09-21,C,775.0,0.01,0.02,5846.0,6132.0,0.01,0.172,0.0124,0.0087,-0.0157,0.0079,0.0,239.0,2242.0
2026-09-21 09:54:12,2026-09-21T09:38:43,766.61,2026-09-21,P,775.0,8.35,8.49,79.0,124.0,8.52,0.2016,-0.9876,0.0087,-0.0157,0.0079,0.0,166.0,0.0
2026-09-21 09:54:12,2026-09-21T09:38:43,766.61,2026-09-21,C,776.0,0.01,0.02,5594.0,6402.0,0.02,0.1897,0.0112,0.0072,-0.0153,0.0071,0.0,99.0,860.0
2026-09-21 09:54:12,2026-09-21T09:38:43,766.61,2026-09-21,P,776.0,9.34,9.43,100.0,52.0,9.39,0.1787,-0.9888,0.0072,-0.0153,0.0071,0.0,159.0,10.0
2026-09-21 09:54:12,2026-09-21T09:38:43,766.61,2026-09-21,C,777.0,0.0,0.01,0.0,3265.0,0.01,0.1826,0.0103,0.0061,-0.0151,0.0066,0.0,581.0,2233.0
2026-09-21 09:54:12,2026-09-21T09:38:43,766.61,2026-09-21,P,777.0,10.34,10.48,100.0,100.0,10.54,0.2318,-0.9897,0.0061,-0.0151,0.0066,0.0,2.0,0.0
2026-09-21 09:54:12,2026-09-21T09:38:43,766.61,2026-09-21,C,778.0,0.0,0.01,0.0,6168.0,0.01,0.1982,0.0095,0.0053,-0.0149,0.0061,0.0,11.0,817.0
2026-09-21 09:54:12,2026-09-21T09:38:43,766.61,2026-09-21,P,778.0,11.29,11.55,100.0,100.0,15.91,0.2603,-0.9905,0.0053,-0.0149,0.0061,0.0,0.0,0.0
2026-09-21 09:54:12,2026-09-21T09:38:43,766.61,2026-09-21,C,779.0,0.0,0.01,0.0,6644.0,0.01,0.2136,0.0088,0.0046,-0.0148,0.0057,0.0,0.0,835.0
2026-09-21 09:54:12,2026-09-21T09:38:43,766.61,2026-09-21,P,779.0,12.29,12.56,100.0,171.0,18.04,0.284,-0.9912,0.0046,-0.0148,0.0057,0.0,0.0,0.0
2026-09-21 09:54:12,2026-09-21T09:38:43,766.61,2026-09-21,C,780.0,0.0,0.01,0.0,6923.0,0.01,0.2289,0.0082,0.0041,-0.0146,0.0053,0.0,3.0,2288.0
2026-09-21 09:54:12,2026-09-21T09:38:43,766.61,2026-09-21,P,780.0,13.29,13.56,100.0,349.0,13.67,0.3032,-0.9918,0.0041,-0.0146,0.0053,0.0,48.0,0.0
2026-09-21 09:54:12,2026-09-21T09:38:43,766.61,2026-09-21,C,781.0,0.0,0.01,0.0,7011.0,0.01,0.2441,0.0077,0.0036,-0.0145,0.005,0.0,13.0,930.0
2026-09-21 09:54:12,2026-09-21T09:38:43,766.61,2026-09-21,P,781.0,14.28,14.55,100.0,100.0,14.42,0.3116,-0.9923,0.0036,-0.0145,0.005,0.0,2.0,10.0
2026-09-21 09:54:12,2026-09-21T09:38:43,766.61,2026-09-21,C,782.0,0.0,0.01,0.0,7091.0,0.01,0.2592,0.0072,0.0032,-0.0143,0.0047,0.0,0.0,596.0
2026-09-21 09:54:12,2026-09-21T09:38:43,766.61,2026-09-21,P,782.0,15.28,15.55,100.0,100.0,20.68,0.3299,-0.9928,0.0032,-0.0143,0.0047,0.0,0.0,0.0
2026-09-21 09:54:12,2026-09-21T09:38:43,766.61,2026-09-21,C,783.0,0.0,0.01,0.0,7163.0,0.01,0.2742,0.0068,0.0029,-0.0142,0.0044,0.0,15.0,2107.0
2026-09-21 09:54:12,2026-09-21T09:38:43,766.61,2026-09-21,P,783.0,16.28,16.55,100.0,100.0,22.72,0.3481,-0.9932,0.0029,-0.0142,0.0044,0.0,0.0,0.0
2026-09-21 09:54:12,2026-09-21T09:38:43,766.61,2026-09-21,C,784.0,0.0,0.01,0.0,7231.0,0.01,0.2891,0.0065,0.0026,-0.014,0.0042,0.0,0.0,346.0
2026-09-21 09:54:12,2026-09-21T09:38:43,766.61,2026-09-21,P,784.0,17.28,17.55,100.0,100.0,23.92,0.3661,-0.9935,0.0026,-0.014,0.0042,0.0,0.0,0.0
2026-09-21 09:54:12,2026-09-21T09:38:43,766.61,2026-09-21,C,785.0,0.0,0.01,0.0,7287.0,0.01,0.3039,0.0061,0.0024,-0.0138,0.004,0.0,1.0,490.0
2026-09-21 09:54:12,2026-09-21T09:38:43,766.61,2026-09-21,P,785.0,18.28,18.55,100.0,100.0,25.23,0.3839,-0.9939,0.0024,-0.0138,0.004,0.0,0.0,0.0
2026-09-21 09:54:12,2026-09-21T09:38:43,766.61,2026-09-21,C,786.0,0.0,0.01,0.0,7293.0,0.01,0.3187,0.0058,0.0022,-0.0137,0.0038,0.0,9.0,1683.0
2026-09-21 09:54:12,2026-09-21T09:38:43,766.61,2026-09-21,P,786.0,19.28,19.55,100.0,100.0,24.78,0.4017,-0.9942,0.0022,-0.0137,0.0038,0.0,0.0,0.0
2026-09-21 09:54:12,2026-09-21T09:38:43,766.61,2026-09-21,C,787.0,0.0,0.01,0.0,7342.0,0.01,0.3333,0.0056,0.002,-0.0135,0.0036,0.0,0.0,1400.0
2026-09-21 09:54:12,2026-09-21T09:38:43,766.61,2026-09-21,P,787.0,20.28,20.55,100.0,100.0,24.71,0.4193,-0.9944,0.002,-0.0135,0.0036,0.0,0.0,0.0
2026-09-21 09:54:12,2026-09-21T09:38:43,766.61,2026-09-21,C,788.0,0.0,0.01,0.0,7390.0,0.01,0.3479,0.0053,0.0018,-0.0134,0.0035,0.0,1.0,1010.0
2026-09-21 09:54:12,2026-09-21T09:38:43,766.61,2026-09-21,P,788.0,21.28,21.56,6.0,46.0,26.31,0.4439,-0.9947,0.0018,-0.0134,0.0035,0.0,0.0,0.0
2026-09-21 09:54:12,2026-09-21T09:38:43,766.61,2026-09-21,C,789.0,0.0,0.01,0.0,7430.0,0.02,0.3624,0.0051,0.0017,-0.0132,0.0034,0.0,0.0,6906.0
2026-09-21 09:54:12,2026-09-21T09:38:43,766.61,2026-09-21,P,789.0,22.19,22.56,20.0,30.0,27.76,0.0,-0.9949,0.0017,-0.0132,0.0034,0.0,0.0,0.0
2026-09-21 09:54:12,2026-09-21T09:38:43,766.61,2026-09-21,C,790.0,0.0,0.01,0.0,7466.0,0.01,0.3768,0.0049,0.0016,-0.0131,0.0032,0.0,2.0,6747.0
2026-09-21 09:54:12,2026-09-21T09:38:43,766.61,2026-09-21,P,790.0,23.19,23.56,10.0,2.0,28.71,0.0,-0.9951,0.0016,-0.0131,0.0032,0.0,0.0,0.0
2026-09-21 09:54:12,2026-09-21T09:38:43,766.61,2026-09-21,C,791.0,0.0,0.01,0.0,7502.0,0.02,0.3912,0.0047,0.0015,-0.013,0.0031,0.0,0.0,221.0
2026-09-21 09:54:12,2026-09-21T09:38:43,766.61,2026-09-21,P,791.0,24.19,24.56,10.0,2.0,31.84,0.0,-0.9953,0.0015,-0.013,0.0031,0.0,0.0,0.0
2026-09-21 09:54:12,2026-09-21T09:38:43,766.61,2026-09-21,C,792.0,0.0,0.01,0.0,7034.0,0.01,0.4055,0.0045,0.0014,-0.0128,0.003,0.0,0.0,485.0
2026-09-21 09:54:12,2026-09-21T09:38:43,766.61,2026-09-21,P,792.0,24.75,26.78,2.0,6.0,32.97,0.737,-0.9955,0.0014,-0.0128,0.003,0.0,0.0,0.0
2026-09-21 09:54:12,2026-09-21T09:38:43,766.61,2026-09-21,C,793.0,0.0,0.01,0.0,7066.0,0.01,0.4198,0.0043,0.0013,-0.0127,0.0029,0.0,0.0,26.0
2026-09-21 09:54:12,2026-09-21T09:38:43,766.61,2026-09-21,P,793.0,25.78,27.78,2.0,6.0,31.68,0.7654,-0.9957,0.0013,-0.0127,0.0029,0.0,0.0,0.0
2026-09-21 09:54:12,2026-09-21T09:38:43,766.61,2026-09-21,C,794.0,0.0,0.01,0.0,7094.0,0.01,0.4339,0.0042,0.0012,-0.0126,0.0028,0.0,0.0,530.0
2026-09-21 09:54:12,2026-09-21T09:38:43,766.61,2026-09-21,P,794.0,26.69,28.08,2.0,1.0,32.59,0.5558,-0.9958,0.0012,-0.0126,0.0028,0.0,0.0,0.0
2026-09-21 09:54:12,2026-09-21T09:38:43,766.61,2026-09-21,C,795.0,0.0,0.01,0.0,7122.0,0.02,0.4481,0.004,0.0011,-0.0124,0.0027,0.0,0.0,543.0
2026-09-21 09:54:12,2026-09-21T09:38:43,766.61,2026-09-21,P,795.0,27.75,29.77,2.0,2.0,33.86,0.8015,-0.996,0.0011,-0.0124,0.0027,0.0,0.0,0.0
2026-09-21 09:54:12,2026-09-21T09:38:43,766.61,2026-09-21,C,796.0,0.0,0.01,0.0,7150.0,0.02,0.4621,0.0038,0.0011,-0.0123,0.0026,0.0,0.0,1.0
2026-09-21 09:54:12,2026-09-21T09:38:43,766.61,2026-09-21,P,796.0,28.69,30.08,2.0,1.0,34.39,0.5902,-0.9962,0.0011,-0.0123,0.0026,0.0,0.0,0.0
2026-09-21 09:54:12,2026-09-21T09:38:43,766.61,2026-09-21,C,797.0,0.0,0.01,0.0,7178.0,0.02,0.4762,0.0037,0.001,-0.0122,0.0025,0.0,0.0,170.0
2026-09-21 09:54:12,2026-09-21T09:38:43,766.61,2026-09-21,P,797.0,29.81,31.77,2.0,6.0,36.67,0.8581,-0.9963,0.001,-0.0122,0.0025,0.0,0.0,0.0
2026-09-21 09:54:12,2026-09-21T09:38:43,766.61,2026-09-21,C,798.0,0.0,0.01,0.0,7206.0,0.02,0.4901,0.0036,0.0009,-0.012,0.0024,0.0,0.0,115.0
2026-09-21 09:54:12,2026-09-21T09:38:43,766.61,2026-09-21,P,798.0,30.69,32.16,1.0,2.0,39.06,0.6243,-0.9964,0.0009,-0.012,0.0024,0.0,0.0,0.0
2026-09-21 09:54:12,2026-09-21T09:38:43,766.61,2026-09-21,C,799.0,0.0,0.01,0.0,7230.0,0.01,0.504,0.0035,0.0009,-0.0119,0.0023,0.0,0.0,23.0
2026-09-21 09:54:12,2026-09-21T09:38:43,766.61,2026-09-21,P,799.0,31.75,33.72,1.0,1.0,37.77,0.8765,-0.9965,0.0009,-0.0119,0.0023,0.0,0.0,0.0
2026-09-21 09:54:12,2026-09-21T09:38:43,766.61,2026-09-21,C,800.0,0.0,0.01,0.0,7258.0,0.01,0.5179,0.0034,0.0008,-0.0118,0.0023,0.0,2.0,935.0
2026-09-21 09:54:12,2026-09-21T09:38:43,766.61,2026-09-21,P,800.0,32.69,34.05,2.0,2.0,38.52,0.0,-0.9966,0.0008,-0.0118,0.0023,0.0,0.0,1.0
2026-09-21 09:54:12,2026-09-21T09:38:43,766.61,2026-09-21,C,801.0,0.0,0.01,0.0,7282.0,0.01,0.5317,0.0033,0.0008,-0.0116,0.0022,0.0,0.0,242.0
2026-09-21 09:54:12,2026-09-21T09:38:43,766.61,2026-09-21,P,801.0,33.75,35.77,2.0,6.0,39.82,0.9308,-0.9967,0.0008,-0.0116,0.0022,0.0,0.0,0.0
2026-09-21 09:54:12,2026-09-21T09:38:43,766.61,2026-09-21,C,802.0,0.0,0.01,0.0,7310.0,0.01,0.5455,0.0032,0.0008,-0.0115,0.0021,0.0,0.0,1043.0
2026-09-21 09:54:12,2026-09-21T09:38:43,766.61,2026-09-21,P,802.0,34.72,36.16,1.0,2.0,42.57,0.6915,-0.9968,0.0008,-0.0115,0.0021,0.0,0.0,0.0
2026-09-21 09:54:12,2026-09-21T09:38:43,766.61,2026-09-21,C,803.0,0.0,0.01,0.0,7334.0,0.01,0.5592,0.0031,0.0007,-0.0114,0.0021,0.0,0.0,958.0
2026-09-21 09:54:12,2026-09-21T09:38:43,766.61,2026-09-21,P,803.0,35.72,37.16,1.0,2.0,43.44,0.7082,-0.9969,0.0007,-0.0114,0.0021,0.0,0.0,0.0
2026-09-21 09:54:12,2026-09-21T09:38:43,766.61,2026-09-21,C,804.0,0.0,0.01,0.0,7358.0,0.02,0.5729,0.003,0.0007,-0.0112,0.002,0.0,0.0,65.0
2026-09-21 09:54:12,2026-09-21T09:38:43,766.61,2026-09-21,P,804.0,36.78,38.78,2.0,10.0,42.69,1.0037,-0.997,0.0007,-0.0112,0.002,0.0,0.0,0.0
2026-09-21 09:59:12,2026-09-21T09:42:55,766.49,2026-09-21,C,729.0,37.44,38.09,59.0,70.0,38.09,0.9633,0.9968,0.0007,-0.0133,0.0021,0.0,17.0,26.0
2026-09-21 09:59:12,2026-09-21T09:42:55,766.49,2026-09-21,P,729.0,0.0,0.01,0.0,6423.0,0.04,0.607,-0.0032,0.0007,-0.0133,0.0021,0.0,0.0,2355.0
2026-09-21 09:59:12,2026-09-21T09:42:55,766.49,2026-09-21,C,730.0,36.44,37.01,59.0,70.0,36.63,0.9123,0.9967,0.0007,-0.0135,0.0022,0.0,20.0,29.0
2026-09-21 09:59:12,2026-09-21T09:42:55,766.49,2026-09-21,P,730.0,0.0,0.01,0.0,6399.0,0.01,0.5918,-0.0033,0.0007,-0.0135,0.0022,0.0,2.0,2413.0
2026-09-21 09:59:12,2026-09-21T09:42:55,766.49,2026-09-21,C,731.0,35.44,36.08,59.0,288.0,36.08,0.9159,0.9966,0.0008,-0.0137,0.0023,0.0,18.0,19.0
2026-09-21 09:59:12,2026-09-21T09:42:55,766.49,2026-09-21,P,731.0,0.0,0.01,0.0,6379.0,0.01,0.5766,-0.0034,0.0008,-0.0137,0.0023,0.0,10.0,7564.0
2026-09-21 09:59:12,2026-09-21T09:42:55,766.49,2026-09-21,C,732.0,34.44,35.09,24.0,70.0,34.49,0.8973,0.9964,0.0008,-0.0138,0.0024,0.0,91.0,32.0
2026-09-21 09:59:12,2026-09-21T09:42:55,766.49,2026-09-21,P,732.0,0.0,0.01,0.0,6359.0,0.01,0.5614,-0.0036,0.0008,-0.0138,0.0024,0.0,4.0,881.0
2026-09-21 09:59:12,2026-09-21T09:42:55,766.49,2026-09-21,C,733.0,33.44,33.77,24.0,70.0,33.32,0.7334,0.9963,0.0009,-0.014,0.0024,0.0,9.0,63.0
2026-09-21 09:59:12,2026-09-21T09:42:55,766.49,2026-09-21,P,733.0,0.0,0.01,0.0,6335.0,0.01,0.5462,-0.0037,0.0009,-0.014,0.0024,0.0,4.0,2919.0
2026-09-21 09:59:12,2026-09-21T09:42:55,766.49,2026-09-21,C,734.0,32.27,32.78,70.0,224.0,32.32,0.0,0.9962,0.0009,-0.0142,0.0025,0.0,8.0,56.0
2026-09-21 09:59:12,2026-09-21T09:42:55,766.49,2026-09-21,P,734.0,0.0,0.01,0.0,6311.0,0.05,0.5309,-0.0038,0.0009,-0.0142,0.0025,0.0,0.0,773.0
2026-09-21 09:59:12,2026-09-21T09:42:55,766.49,2026-09-21,C,735.0,31.27,31.78,70.0,223.0,31.26,0.0,0.996,0.001,-0.0144,0.0026,0.0,10.0,24.0
2026-09-21 09:59:12,2026-09-21T09:42:55,766.49,2026-09-21,P,735.0,0.0,0.01,0.0,6271.0,0.01,0.5157,-0.004,0.001,-0.0144,0.0026,0.0,11.0,1578.0
2026-09-21 09:59:12,2026-09-21T09:42:55,766.49,2026-09-21,C,736.0,30.29,30.78,70.0,224.0,30.46,0.0,0.9959,0.001,-0.0146,0.0027,0.0,10.0,16.0
2026-09-21 09:59:12,2026-09-21T09:42:55,766.49,2026-09-21,P,736.0,0.0,0.01,0.0,6186.0,0.01,0.5004,-0.0041,0.001,-0.0146,0.0027,0.0,6.0,2021.0
2026-09-21 09:59:12,2026-09-21T09:42:55,766.49,2026-09-21,C,737.0,29.44,29.54,24.0,60.0,29.39,0.0,0.9957,0.0011,-0.0147,0.0028,0.0,32.0,17.0
2026-09-21 09:59:12,2026-09-21T09:42:55,766.49,2026-09-21,P,737.0,0.0,0.01,0.0,6100.0,0.01,0.4851,-0.0043,0.0011,-0.0147,0.0028,0.0,6.0,1437.0
2026-09-21 09:59:12,2026-09-21T09:42:55,766.49,2026-09-21,C,738.0,28.45,28.54,37.0,60.0,28.25,0.0,0.9956,0.0012,-0.0149,0.0029,0.0,94.0,22.0
2026-09-21 09:59:12,2026-09-21T09:42:55,766.49,2026-09-21,P,738.0,0.0,0.01,0.0,6007.0,0.02,0.4698,-0.0044,0.0012,-0.0149,0.0029,0.0,10.0,1180.0
2026-09-21 09:59:12,2026-09-21T09:42:55,766.49,2026-09-21,C,739.0,27.44,27.54,24.0,60.0,27.57,0.0,0.9954,0.0012,-0.0151,0.003,0.0,49.0,30.0
2026-09-21 09:59:12,2026-09-21T09:42:55,766.49,2026-09-21,P,739.0,0.0,0.01,0.0,5966.0,0.01,0.4545,-0.0046,0.0012,-0.0151,0.003,0.0,28.0,1347.0
2026-09-21 09:59:12,2026-09-21T09:42:55,766.49,2026-09-21,C,740.0,26.45,26.54,15.0,60.0,26.55,0.0,0.9952,0.0013,-0.0153,0.0031,0.0,75.0,42.0
2026-09-21 09:59:12,2026-09-21T09:42:55,766.49,2026-09-21,P,740.0,0.0,0.01,0.0,5805.0,0.01,0.4392,-0.0048,0.0013,-0.0153,0.0031,0.0,3636.0,5789.0
2026-09-21 09:59:12,2026-09-21T09:42:55,766.49,2026-09-21,C,741.0,25.44,25.54,59.0,60.0,25.43,0.0,0.995,0.0014,-0.0155,0.0032,0.0,52.0,38.0
2026-09-21 09:59:12,2026-09-21T09:42:55,766.49,2026-09-21,P,741.0,0.0,0.01,0.0,5550.0,0.01,0.4238,-0.005,0.0014,-0.0155,0.0032,0.0,147.0,2863.0
2026-09-21 09:59:12,2026-09-21T09:42:55,766.49,2026-09-21,C,742.0,24.45,24.54,15.0,60.0,24.68,0.0,0.9948,0.0015,-0.0157,0.0034,0.0,174.0,11.0
2026-09-21 09:59:12,2026-09-21T09:42:55,766.49,2026-09-21,P,742.0,0.0,0.01,0.0,5276.0,0.01,0.4084,-0.0052,0.0015,-0.0157,0.0034,0.0,548.0,1915.0
2026-09-21 09:59:12,2026-09-21T09:42:55,766.49,2026-09-21,C,743.0,23.45,23.54,24.0,60.0,23.21,0.0,0.9945,0.0017,-0.0159,0.0035,0.0,35.0,71.0
2026-09-21 09:59:12,2026-09-21T09:42:55,766.49,2026-09-21,P,743.0,0.0,0.01,0.0,4990.0,0.01,0.393,-0.0055,0.0017,-0.0159,0.0035,0.0,95.0,2810.0
2026-09-21 09:59:12,2026-09-21T09:42:55,766.49,2026-09-21,C,744.0,22.47,22.54,52.0,109.0,22.61,0.0,0.9943,0.0018,-0.0161,0.0037,0.0,69.0,47.0
2026-09-21 09:59:12,2026-09-21T09:42:55,766.49,2026-09-21,P,744.0,0.0,0.01,0.0,4682.0,0.01,0.3775,-0.0057,0.0018,-0.0161,0.0037,0.0,1618.0,1802.0
2026-09-21 09:59:12,2026-09-21T09:42:55,766.49,2026-09-21,C,745.0,21.47,21.54,55.0,110.0,21.43,0.0,0.994,0.002,-0.0164,0.0038,0.0,25.0,84.0
2026-09-21 09:59:12,2026-09-21T09:42:55,766.49,2026-09-21,P,745.0,0.01,0.02,5039.0,6109.0,0.01,0.4047,-0.006,0.002,-0.0164,0.0038,0.0,4743.0,18475.0
2026-09-21 09:59:12,2026-09-21T09:42:55,766.49,2026-09-21,C,746.0,20.47,20.54,70.0,110.0,20.52,0.0,0.9937,0.0021,-0.0166,0.004,0.0,64.0,65.0
2026-09-21 09:59:12,2026-09-21T09:42:55,766.49,2026-09-21,P,746.0,0.01,0.02,5724.0,6074.0,0.02,0.3877,-0.0063,0.0021,-0.0166,0.004,0.0,573.0,1979.0
2026-09-21 09:59:12,2026-09-21T09:42:55,766.49,2026-09-21,C,747.0,19.45,19.54,40.0,108.0,19.61,0.0,0.9933,0.0023,-0.0169,0.0042,0.0,93.0,18.0
2026-09-21 09:59:12,2026-09-21T09:42:55,766.49,2026-09-21,P,747.0,0.01,0.02,5917.0,6038.0,0.02,0.3706,-0.0067,0.0023,-0.0169,0.0042,0.0,2701.0,2684.0
2026-09-21 09:59:12,2026-09-21T09:42:55,766.49,2026-09-21,C,748.0,18.46,18.54,10.0,107.0,18.51,0.0,0.993,0.0026,-0.0172,0.0045,0.0,109.0,61.0
2026-09-21 09:59:12,2026-09-21T09:42:55,766.49,2026-09-21,P,748.0,0.01,0.02,5733.0,5790.0,0.02,0.3535,-0.007,0.0026,-0.0172,0.0045,0.0,2374.0,4869.0
2026-09-21 09:59:12,2026-09-21T09:42:55,766.49,2026-09-21,C,749.0,17.46,17.51,100.0,100.0,17.51,0.0,0.9925,0.0028,-0.0175,0.0047,0.0,325.0,83.0
2026-09-21 09:59:12,2026-09-21T09:42:55,766.49,2026-09-21,P,749.0,0.01,0.02,5753.0,5814.0,0.01,0.3364,-0.0075,0.0028,-0.0175,0.0047,0.0,1638.0,5143.0
2026-09-21 09:59:12,2026-09-21T09:42:55,766.49,2026-09-21,C,750.0,16.48,16.5,94.0,110.0,16.51,0.0,0.992,0.0032,-0.0179,0.005,0.0,578.0,477.0
2026-09-21 09:59:12,2026-09-21T09:42:55,766.49,2026-09-21,P,750.0,0.01,0.02,5709.0,5767.0,0.01,0.3191,-0.008,0.0032,-0.0179,0.005,0.0,8968.0,16881.0
2026-09-21 09:59:12,2026-09-21T09:42:55,766.49,2026-09-21,C,751.0,15.46,15.55,10.0,100.0,15.49,0.0,0.9914,0.0035,-0.0184,0.0054,0.0,138.0,334.0
2026-09-21 09:59:12,2026-09-21T09:42:55,766.49,2026-09-21,P,751.0,0.01,0.02,5661.0,5398.0,0.01,0.3018,-0.0086,0.0035,-0.0184,0.0054,0.0,1293.0,2776.0
2026-09-21 09:59:12,2026-09-21T09:42:55,766.49,2026-09-21,C,752.0,14.46,14.55,60.0,112.0,14.29,0.0,0.9908,0.004,-0.019,0.0058,0.0,55.0,298.0
2026-09-21 09:59:12,2026-09-21T09:42:55,766.49,2026-09-21,P,752.0,0.01,0.02,5585.0,4803.0,0.02,0.2844,-0.0092,0.004,-0.019,0.0058,0.0,785.0,3260.0
2026-09-21 09:59:12,2026-09-21T09:42:55,766.49,2026-09-21,C,753.0,13.46,13.55,100.0,111.0,13.53,0.0,0.9899,0.0046,-0.0198,0.0062,0.0,48.0,321.0
2026-09-21 09:59:12,2026-09-21T09:42:55,766.49,2026-09-21,P,753.0,0.01,0.02,5488.0,4264.0,0.02,0.2669,-0.0101,0.0046,-0.0198,0.0062,0.0,1627.0,2802.0
2026-09-21 09:59:12,2026-09-21T09:42:55,766.49,2026-09-21,C,754.0,12.48,12.55,59.0,100.0,12.55,0.0,0.9888,0.0053,-0.0208,0.0068,0.0,60.0,569.0
2026-09-21 09:59:12,2026-09-21T09:42:55,766.49,2026-09-21,P,754.0,0.02,0.03,4314.0,5463.0,0.02,0.2661,-0.0112,0.0053,-0.0208,0.0068,0.0,2462.0,2348.0
2026-09-21 09:59:12,2026-09-21T09:42:55,766.49,2026-09-21,C,755.0,11.49,11.5,30.0,65.0,11.49,0.0,0.9874,0.0062,-0.0223,0.0076,0.0,920.0,1471.0
2026-09-21 09:59:12,2026-09-21T09:42:55,766.49,2026-09-21,P,755.0,0.02,0.03,4935.0,5376.0,0.02,0.2475,-0.0126,0.0062,-0.0223,0.0076,0.0,3207.0,21487.0
2026-09-21 09:59:12,2026-09-21T09:42:55,766.49,2026-09-21,C,756.0,10.47,10.55,100.0,100.0,10.58,0.0,0.9856,0.0075,-0.0243,0.0086,0.0,376.0,768.0
2026-09-21 09:59:12,2026-09-21T09:42:55,766.49,2026-09-21,P,756.0,0.02,0.03,4938.0,4566.0,0.03,0.2287,-0.0144,0.0075,-0.0243,0.0086,0.0,871.0,4124.0
2026-09-21 09:59:12,2026-09-21T09:42:55,766.49,2026-09-21,C,757.0,9.49,9.51,38.0,43.0,9.54,0.0185,0.9831,0.0093,-0.0272,0.0099,0.0,2612.0,3398.0
2026-09-21 09:59:12,2026-09-21T09:42:55,766.49,2026-09-21,P,757.0,0.03,0.04,1956.0,5030.0,0.04,0.2204,-0.0169,0.0093,-0.0272,0.0099,0.0,1224.0,6135.0
2026-09-21 09:59:12,2026-09-21T09:42:55,766.49,2026-09-21,C,758.0,8.48,8.56,62.0,100.0,8.6,0.0,0.9795,0.0118,-0.0314,0.0116,0.0,75.0,1431.0
2026-09-21 09:59:12,2026-09-21T09:42:55,766.49,2026-09-21,P,758.0,0.04,0.05,448.0,5009.0,0.04,0.2087,-0.0205,0.0118,-0.0314,0.0116,0.0,4691.0,6814.0
2026-09-21 09:59:12,2026-09-21T09:42:55,766.49,2026-09-21,C,759.0,7.48,7.57,91.0,145.0,7.51,0.1396,0.9742,0.0154,-0.0378,0.0141,0.0,420.0,3109.0
2026-09-21 09:59:12,2026-09-21T09:42:55,766.49,2026-09-21,P,759.0,0.04,0.05,2537.0,3541.0,0.05,0.188,-0.0258,0.0154,-0.0378,0.0141,0.0,4845.0,9099.0
2026-09-21 09:59:12,2026-09-21T09:42:55,766.49,2026-09-21,C,760.0,6.51,6.55,5.0,96.0,6.55,0.1229,0.9663,0.0208,-0.0474,0.0176,0.0,644.0,6853.0
2026-09-21 09:59:12,2026-09-21T09:42:55,766.49,2026-09-21,P,760.0,0.05,0.06,2164.0,3244.0,0.05,0.1731,-0.0337,0.0208,-0.0474,0.0176,0.0,9335.0,15275.0
2026-09-21 09:59:12,2026-09-21T09:42:55,766.49,2026-09-21,C,761.0,5.53,5.54,86.0,11.0,5.54,0.1393,0.9541,0.0292,-0.0622,0.0224,0.0,1522.0,5926.0
2026-09-21 09:59:12,2026-09-21T09:42:55,766.49,2026-09-21,P,761.0,0.06,0.07,2239.0,2285.0,0.07,0.1561,-0.0459,0.0292,-0.0622,0.0224,0.0,7065.0,9645.0
2026-09-21 09:59:12,2026-09-21T09:42:55,766.49,2026-09-21,C,762.0,4.55,4.57,56.0,88.0,4.58,0.1286,0.9345,0.0423,-0.0861,0.0294,0.0,5696.0,8574.0
2026-09-21 09:59:12,2026-09-21T09:42:55,766.49,2026-09-21,P,762.0,0.09,0.1,1106.0,2485.0,0.1,0.1446,-0.0655,0.0423,-0.0861,0.0294,0.0,13242.0,6835.0
2026-09-21 09:59:12,2026-09-21T09:42:55,766.49,2026-09-21,C,763.0,3.59,3.61,192.0,165.0,3.66,0.121,0.9021,0.063,-0.1266,0.0392,0.0,4950.0,8346.0
2026-09-21 09:59:12,2026-09-21T09:42:55,766.49,2026-09-21,P,763.0,0.13,0.14,1036.0,1954.0,0.14,0.1309,-0.0979,0.063,-0.1266,0.0392,0.0,11914.0,6849.0
2026-09-21 09:59:12,2026-09-21T09:42:55,766.49,2026-09-21,C,764.0,2.67,2.68,40.0,94.0,2.68,0.1128,0.8461,0.0951,-0.2004,0.0528,0.0,5598.0,6049.0
2026-09-21 09:59:12,2026-09-21T09:42:55,766.49,2026-09-21,P,764.0,0.2,0.21,1844.0,261.0,0.21,0.1178,-0.1539,0.0951,-0.2004,0.0528,0.0,22673.0,1764.0
2026-09-21 09:59:12,2026-09-21T09:42:55,766.49,2026-09-21,C,765.0,1.82,1.83,126.0,94.0,1.83,0.1039,0.7496,0.139,-0.3428,0.0692,0.0,8146.0,10594.0
2026-09-21 09:59:12,2026-09-21T09:42:55,766.49,2026-09-21,P,765.0,0.36,0.37,986.0,866.0,0.36,0.1091,-0.2504,0.139,-0.3428,0.0692,0.0,25273.0,1927.0
2026-09-21 09:59:12,2026-09-21T09:42:55,766.49,2026-09-21,C,766.0,1.11,1.12,97.0,292.0,1.12,0.0988,0.5992,0.1804,-0.6142,0.0827,0.0,20049.0,5357.0
2026-09-21 09:59:12,2026-09-21T09:42:55,766.49,2026-09-21,P,766.0,0.64,0.65,300.0,583.0,0.65,0.1018,-0.4008,0.1804,-0.6142,0.0827,0.0,41598.0,558.0
2026-09-21 09:59:12,2026-09-21T09:42:55,766.49,2026-09-21,C,767.0,0.58,0.59,159.0,749.0,0.58,0.0947,0.4115,0.1883,-0.6132,0.0832,0.0,36681.0,4728.0
2026-09-21 09:59:12,2026-09-21T09:42:55,766.49,2026-09-21,P,767.0,1.11,1.12,225.0,226.0,1.12,0.0977,-0.5885,0.1883,-0.6132,0.0832,0.0,19926.0,636.0
2026-09-21 09:59:12,2026-09-21T09:42:55,766.49,2026-09-21,C,768.0,0.26,0.27,418.0,1046.0,0.27,0.0928,0.239,0.1506,-0.2894,0.0678,0.0,21706.0,7227.0
2026-09-21 09:59:12,2026-09-21T09:42:55,766.49,2026-09-21,P,768.0,1.79,1.8,187.0,109.0,1.79,0.0982,-0.761,0.1506,-0.2894,0.0678,0.0,5367.0,334.0
2026-09-21 09:59:12,2026-09-21T09:42:55,766.49,2026-09-21,C,769.0,0.11,0.12,1364.0,1727.0,0.11,0.0961,0.1244,0.0963,-0.1313,0.0466,0.0,16868.0,5303.0
2026-09-21 09:59:12,2026-09-21T09:42:55,766.49,2026-09-21,P,769.0,2.64,2.65,187.0,67.0,2.62,0.1041,-0.8756,0.0963,-0.1313,0.0466,0.0,2368.0,318.0
2026-09-21 09:59:12,2026-09-21T09:42:55,766.49,2026-09-21,C,770.0,0.06,0.07,61.0,2964.0,0.06,0.1072,0.0652,0.0557,-0.0647,0.03,0.0,33669.0,29669.0
2026-09-21 09:59:12,2026-09-21T09:42:55,766.49,2026-09-21,P,770.0,3.58,3.59,62.0,39.0,3.59,0.114,-0.9348,0.0557,-0.0647,0.03,0.0,969.0,828.0
2026-09-21 09:59:12,2026-09-21T09:42:55,766.49,2026-09-21,C,771.0,0.03,0.04,2459.0,3168.0,0.04,0.1159,0.0373,0.0326,-0.0368,0.0197,0.0,3261.0,4731.0
2026-09-21 09:59:12,2026-09-21T09:42:55,766.49,2026-09-21,P,771.0,4.55,4.57,50.0,94.0,4.56,0.1307,-0.9627,0.0326,-0.0368,0.0197,0.0,881.0,69.0
2026-09-21 09:59:12,2026-09-21T09:42:55,766.49,2026-09-21,C,772.0,0.02,0.03,4309.0,5360.0,0.03,0.1294,0.0241,0.0206,-0.0246,0.0139,0.0,4661.0,3586.0
2026-09-21 09:59:12,2026-09-21T09:42:55,766.49,2026-09-21,P,772.0,5.5,5.58,105.0,10.0,5.47,0.1534,-0.9759,0.0206,-0.0246,0.0139,0.0,168.0,119.0
2026-09-21 09:59:12,2026-09-21T09:42:55,766.49,2026-09-21,C,773.0,0.02,0.03,1454.0,5542.0,0.02,0.1491,0.018,0.0144,-0.0197,0.0109,0.0,1420.0,3885.0
2026-09-21 09:59:12,2026-09-21T09:42:55,766.49,2026-09-21,P,773.0,6.5,6.58,100.0,102.0,6.47,0.1729,-0.982,0.0144,-0.0197,0.0109,0.0,61.0,0.0
2026-09-21 09:59:12,2026-09-21T09:42:55,766.49,2026-09-21,C,774.0,0.01,0.02,5324.0,5504.0,0.02,0.1566,0.015,0.0111,-0.0179,0.0093,0.0,1084.0,2988.0
2026-09-21 09:59:12,2026-09-21T09:42:55,766.49,2026-09-21,P,774.0,7.49,7.58,100.0,112.0,7.45,0.1913,-0.985,0.0111,-0.0179,0.0093,0.0,68.0,10.0
2026-09-21 09:59:12,2026-09-21T09:42:55,766.49,2026-09-21,C,775.0,0.01,0.02,5001.0,5811.0,0.02,0.1745,0.0133,0.009,-0.0173,0.0083,0.0,240.0,2242.0
2026-09-21 09:59:12,2026-09-21T09:42:55,766.49,2026-09-21,P,775.0,8.48,8.57,117.0,91.0,8.52,0.2086,-0.9867,0.009,-0.0173,0.0083,0.0,166.0,0.0
2026-09-21 09:59:12,2026-09-21T09:42:55,766.49,2026-09-21,C,776.0,0.01,0.02,4540.0,6039.0,0.01,0.1922,0.012,0.0075,-0.017,0.0075,0.0,297.0,860.0
2026-09-21 09:59:12,2026-09-21T09:42:55,766.49,2026-09-21,P,776.0,9.48,9.55,109.0,53.0,9.45,0.225,-0.988,0.0075,-0.017,0.0075,0.0,176.0,10.0
2026-09-21 09:59:12,2026-09-21T09:42:55,766.49,2026-09-21,C,777.0,0.0,0.01,0.0,5162.0,0.01,0.1849,0.0111,0.0064,-0.0168,0.0069,0.0,2744.0,2233.0
2026-09-21 09:59:12,2026-09-21T09:42:55,766.49,2026-09-21,P,777.0,10.48,10.57,100.0,100.0,10.48,0.2447,-0.9889,0.0064,-0.0168,0.0069,0.0,3.0,0.0
2026-09-21 09:59:12,2026-09-21T09:42:55,766.49,2026-09-21,C,778.0,0.0,0.01,0.0,5862.0,0.01,0.2006,0.0102,0.0055,-0.0166,0.0064,0.0,14.0,817.0
2026-09-21 09:59:12,2026-09-21T09:42:55,766.49,2026-09-21,P,778.0,11.24,11.58,234.0,100.0,15.91,0.0,-0.9898,0.0055,-0.0166,0.0064,0.0,0.0,0.0
2026-09-21 09:59:12,2026-09-21T09:42:55,766.49,2026-09-21,C,779.0,0.0,0.01,0.0,6325.0,0.01,0.2161,0.0095,0.0048,-0.0164,0.006,0.0,0.0,835.0
2026-09-21 09:59:12,2026-09-21T09:42:55,766.49,2026-09-21,P,779.0,12.24,12.57,234.0,100.0,18.04,0.0,-0.9905,0.0048,-0.0164,0.006,0.0,0.0,0.0
2026-09-21 09:59:12,2026-09-21T09:42:55,766.49,2026-09-21,C,780.0,0.0,0.01,0.0,6512.0,0.01,0.2315,0.0089,0.0043,-0.0162,0.0056,0.0,3.0,2288.0
2026-09-21 09:59:12,2026-09-21T09:42:55,766.49,2026-09-21,P,780.0,13.24,13.57,237.0,100.0,13.67,0.0,-0.9911,0.0043,-0.0162,0.0056,0.0,48.0,0.0
2026-09-21 09:59:12,2026-09-21T09:42:55,766.49,2026-09-21,C,781.0,0.0,0.01,0.0,6524.0,0.01,0.2468,0.0083,0.0038,-0.0161,0.0053,0.0,20.0,930.0
2026-09-21 09:59:12,2026-09-21T09:42:55,766.49,2026-09-21,P,781.0,14.24,14.57,229.0,100.0,14.52,0.0,-0.9917,0.0038,-0.0161,0.0053,0.0,4.0,10.0
2026-09-21 09:59:12,2026-09-21T09:42:55,766.49,2026-09-21,C,782.0,0.0,0.01,0.0,6588.0,0.01,0.2619,0.0078,0.0034,-0.0159,0.005,0.0,0.0,596.0
2026-09-21 09:59:12,2026-09-21T09:42:55,766.49,2026-09-21,P,782.0,15.24,15.56,238.0,75.0,20.68,0.0,-0.9922,0.0034,-0.0159,0.005,0.0,0.0,0.0
2026-09-21 09:59:12,2026-09-21T09:42:55,766.49,2026-09-21,C,783.0,0.0,0.01,0.0,6644.0,0.01,0.277,0.0074,0.0031,-0.0157,0.0047,0.0,15.0,2107.0
2026-09-21 09:59:12,2026-09-21T09:42:55,766.49,2026-09-21,P,783.0,16.24,16.56,238.0,82.0,22.72,0.0,-0.9926,0.0031,-0.0157,0.0047,0.0,0.0,0.0
2026-09-21 09:59:12,2026-09-21T09:42:55,766.49,2026-09-21,C,784.0,0.0,0.01,0.0,6696.0,0.01,0.292,0.007,0.0028,-0.0156,0.0045,0.0,0.0,346.0
2026-09-21 09:59:12,2026-09-21T09:42:55,766.49,2026-09-21,P,784.0,17.24,17.56,239.0,83.0,23.92,0.0,-0.993,0.0028,-0.0156,0.0045,0.0,0.0,0.0
2026-09-21 09:59:12,2026-09-21T09:42:55,766.49,2026-09-21,C,785.0,0.0,0.01,0.0,6689.0,0.01,0.3068,0.0067,0.0025,-0.0154,0.0043,0.0,1.0,490.0
2026-09-21 09:59:12,2026-09-21T09:42:55,766.49,2026-09-21,P,785.0,18.24,18.56,239.0,83.0,25.23,0.0,-0.9933,0.0025,-0.0154,0.0043,0.0,0.0,0.0
2026-09-21 09:59:12,2026-09-21T09:42:55,766.49,2026-09-21,C,786.0,0.0,0.01,0.0,6793.0,0.01,0.3216,0.0063,0.0023,-0.0152,0.0041,0.0,9.0,1683.0
2026-09-21 09:59:12,2026-09-21T09:42:55,766.49,2026-09-21,P,786.0,19.24,19.56,238.0,83.0,24.78,0.0,-0.9937,0.0023,-0.0152,0.0041,0.0,0.0,0.0
2026-09-21 09:59:12,2026-09-21T09:42:55,766.49,2026-09-21,C,787.0,0.0,0.01,0.0,6770.0,0.01,0.3364,0.006,0.0021,-0.0151,0.0039,0.0,0.0,1400.0
2026-09-21 09:59:12,2026-09-21T09:42:55,766.49,2026-09-21,P,787.0,20.23,20.56,100.0,83.0,24.71,0.0,-0.994,0.0021,-0.0151,0.0039,0.0,0.0,0.0
2026-09-21 09:59:12,2026-09-21T09:42:55,766.49,2026-09-21,C,788.0,0.0,0.01,0.0,6806.0,0.01,0.351,0.0058,0.002,-0.0149,0.0037,0.0,1.0,1010.0
2026-09-21 09:59:12,2026-09-21T09:42:55,766.49,2026-09-21,P,788.0,21.23,21.58,24.0,4.0,26.31,0.0,-0.9942,0.002,-0.0149,0.0037,0.0,0.0,0.0
2026-09-21 09:59:12,2026-09-21T09:42:55,766.49,2026-09-21,C,789.0,0.0,0.01,0.0,6838.0,0.02,0.3656,0.0055,0.0018,-0.0148,0.0036,0.0,0.0,6906.0
2026-09-21 09:59:12,2026-09-21T09:42:55,766.49,2026-09-21,P,789.0,21.72,23.09,1.0,2.0,27.76,0.0,-0.9945,0.0018,-0.0148,0.0036,0.0,0.0,0.0
2026-09-21 09:59:12,2026-09-21T09:42:55,766.49,2026-09-21,C,790.0,0.0,0.01,0.0,6370.0,0.01,0.3801,0.0053,0.0017,-0.0146,0.0034,0.0,4.0,6747.0
2026-09-21 09:59:12,2026-09-21T09:42:55,766.49,2026-09-21,P,790.0,22.91,24.11,2.0,2.0,28.71,0.4597,-0.9947,0.0017,-0.0146,0.0034,0.0,0.0,0.0
2026-09-21 09:59:12,2026-09-21T09:42:55,766.49,2026-09-21,C,791.0,0.0,0.01,0.0,6398.0,0.02,0.3945,0.0051,0.0016,-0.0145,0.0033,0.0,0.0,221.0
2026-09-21 09:59:12,2026-09-21T09:42:55,766.49,2026-09-21,P,791.0,23.88,25.11,2.0,1.0,31.84,0.4765,-0.9949,0.0016,-0.0145,0.0033,0.0,0.0,0.0
2026-09-21 09:59:12,2026-09-21T09:42:55,766.49,2026-09-21,C,792.0,0.0,0.01,0.0,6422.0,0.01,0.4089,0.0049,0.0015,-0.0143,0.0032,0.0,0.0,485.0
2026-09-21 09:59:12,2026-09-21T09:42:55,766.49,2026-09-21,P,792.0,24.88,26.75,2.0,1.0,32.97,0.7287,-0.9951,0.0015,-0.0143,0.0032,0.0,0.0,0.0
2026-09-21 09:59:12,2026-09-21T09:42:55,766.49,2026-09-21,C,793.0,0.0,0.01,0.0,6446.0,0.01,0.4232,0.0047,0.0014,-0.0142,0.0031,0.0,0.0,26.0
2026-09-21 09:59:12,2026-09-21T09:42:55,766.49,2026-09-21,P,793.0,25.95,27.07,1.0,2.0,31.68,0.5365,-0.9953,0.0014,-0.0142,0.0031,0.0,0.0,0.0
2026-09-21 09:59:12,2026-09-21T09:42:55,766.49,2026-09-21,C,794.0,0.0,0.01,0.0,6470.0,0.01,0.4375,0.0045,0.0013,-0.014,0.003,0.0,0.0,530.0
2026-09-21 09:59:12,2026-09-21T09:42:55,766.49,2026-09-21,P,794.0,26.93,28.07,1.0,2.0,32.59,0.5537,-0.9955,0.0013,-0.014,0.003,0.0,0.0,0.0
2026-09-21 09:59:12,2026-09-21T09:42:55,766.49,2026-09-21,C,795.0,0.0,0.01,0.0,6490.0,0.02,0.4517,0.0044,0.0012,-0.0139,0.0029,0.0,0.0,543.0
2026-09-21 09:59:12,2026-09-21T09:42:55,766.49,2026-09-21,P,795.0,27.95,29.74,2.0,1.0,33.86,0.6378,-0.9956,0.0012,-0.0139,0.0029,0.0,0.0,0.0
2026-09-21 09:59:12,2026-09-21T09:42:55,766.49,2026-09-21,C,796.0,0.0,0.01,0.0,6514.0,0.02,0.4658,0.0042,0.0011,-0.0137,0.0028,0.0,0.0,1.0
2026-09-21 09:59:12,2026-09-21T09:42:55,766.49,2026-09-21,P,796.0,28.91,30.07,2.0,1.0,34.39,0.596,-0.9958,0.0011,-0.0137,0.0028,0.0,0.0,0.0
2026-09-21 09:59:12,2026-09-21T09:42:55,766.49,2026-09-21,C,797.0,0.0,0.01,0.0,6538.0,0.02,0.4799,0.0041,0.0011,-0.0136,0.0027,0.0,0.0,170.0
2026-09-21 09:59:12,2026-09-21T09:42:55,766.49,2026-09-21,P,797.0,29.93,31.12,2.0,1.0,36.67,0.5962,-0.9959,0.0011,-0.0136,0.0027,0.0,0.0,0.0
2026-09-21 09:59:12,2026-09-21T09:42:55,766.49,2026-09-21,C,798.0,0.0,0.01,0.0,6558.0,0.02,0.4939,0.0039,0.001,-0.0134,0.0026,0.0,0.0,115.0
2026-09-21 09:59:12,2026-09-21T09:42:55,766.49,2026-09-21,P,798.0,30.88,32.07,2.0,2.0,39.06,0.5921,-0.9961,0.001,-0.0134,0.0026,0.0,0.0,0.0
2026-09-21 09:59:12,2026-09-21T09:42:55,766.49,2026-09-21,C,799.0,0.0,0.01,0.0,6578.0,0.01,0.5079,0.0038,0.001,-0.0133,0.0025,0.0,0.0,23.0
2026-09-21 09:59:12,2026-09-21T09:42:55,766.49,2026-09-21,P,799.0,31.27,33.13,1.0,2.0,37.77,0.0,-0.9962,0.001,-0.0133,0.0025,0.0,0.0,0.0
2026-09-21 09:59:12,2026-09-21T09:42:55,766.49,2026-09-21,C,800.0,0.0,0.01,0.0,6602.0,0.01,0.5218,0.0037,0.0009,-0.0132,0.0024,0.0,2.0,935.0
2026-09-21 09:59:12,2026-09-21T09:42:55,766.49,2026-09-21,P,800.0,32.89,34.11,1.0,2.0,38.52,0.6461,-0.9963,0.0009,-0.0132,0.0024,0.0,0.0,1.0
2026-09-21 09:59:12,2026-09-21T09:42:55,766.49,2026-09-21,C,801.0,0.0,0.01,0.0,6622.0,0.01,0.5357,0.0036,0.0008,-0.013,0.0024,0.0,0.0,242.0
2026-09-21 09:59:12,2026-09-21T09:42:55,766.49,2026-09-21,P,801.0,33.92,35.09,1.0,2.0,39.82,0.6723,-0.9964,0.0008,-0.013,0.0024,0.0,0.0,0.0
2026-09-21 09:59:12,2026-09-21T09:42:55,766.49,2026-09-21,C,802.0,0.0,0.01,0.0,6642.0,0.01,0.5495,0.0034,0.0008,-0.0129,0.0023,0.0,0.0,1043.0
2026-09-21 09:59:12,2026-09-21T09:42:55,766.49,2026-09-21,P,802.0,34.94,36.11,1.0,2.0,42.57,0.7064,-0.9966,0.0008,-0.0129,0.0023,0.0,0.0,0.0
2026-09-21 09:59:12,2026-09-21T09:42:55,766.49,2026-09-21,C,803.0,0.0,0.01,0.0,6662.0,0.01,0.5633,0.0034,0.0008,-0.0127,0.0022,0.0,0.0,958.0
2026-09-21 09:59:12,2026-09-21T09:42:55,766.49,2026-09-21,P,803.0,35.93,37.08,1.0,2.0,43.44,0.6846,-0.9966,0.0008,-0.0127,0.0022,0.0,0.0,0.0
2026-09-21 09:59:12,2026-09-21T09:42:55,766.49,2026-09-21,C,804.0,0.0,0.01,0.0,6682.0,0.02,0.5771,0.0032,0.0007,-0.0126,0.0022,0.0,0.0,65.0
2026-09-21 09:59:12,2026-09-21T09:42:55,766.49,2026-09-21,P,804.0,36.91,38.16,2.0,1.0,42.69,0.6745,-0.9968,0.0007,-0.0126,0.0022,0.0,0.0,0.0
2026-09-21 10:04:13,2026-09-21T09:47:12,767.025,2026-09-21,C,729.0,37.44,38.13,290.0,128.0,38.1,0.0,0.9969,0.0007,-0.0131,0.0021,0.0,20.0,26.0
2026-09-21 10:04:13,2026-09-21T09:47:12,767.025,2026-09-21,P,729.0,0.0,0.01,0.0,6480.0,0.04,0.6167,-0.0031,0.0007,-0.0131,0.0021,0.0,0.0,2355.0
2026-09-21 10:04:13,2026-09-21T09:47:12,767.025,2026-09-21,C,730.0,36.44,37.13,289.0,128.0,36.98,0.0,0.9968,0.0007,-0.0132,0.0022,0.0,22.0,29.0
2026-09-21 10:04:13,2026-09-21T09:47:12,767.025,2026-09-21,P,730.0,0.0,0.01,0.0,6456.0,0.01,0.6014,-0.0032,0.0007,-0.0132,0.0022,0.0,2.0,2413.0
2026-09-21 10:04:13,2026-09-21T09:47:12,767.025,2026-09-21,C,731.0,35.44,36.13,289.0,141.0,36.08,0.0,0.9966,0.0007,-0.0134,0.0022,0.0,18.0,19.0
2026-09-21 10:04:13,2026-09-21T09:47:12,767.025,2026-09-21,P,731.0,0.0,0.01,0.0,6428.0,0.01,0.5861,-0.0034,0.0007,-0.0134,0.0022,0.0,10.0,7564.0
2026-09-21 10:04:13,2026-09-21T09:47:12,767.025,2026-09-21,C,732.0,34.44,35.13,291.0,128.0,35.09,0.0,0.9965,0.0008,-0.0136,0.0023,0.0,93.0,32.0
2026-09-21 10:04:13,2026-09-21T09:47:12,767.025,2026-09-21,P,732.0,0.0,0.01,0.0,6404.0,0.01,0.5708,-0.0035,0.0008,-0.0136,0.0023,0.0,4.0,881.0
2026-09-21 10:04:13,2026-09-21T09:47:12,767.025,2026-09-21,C,733.0,33.44,34.13,289.0,69.0,34.1,0.0,0.9964,0.0008,-0.0138,0.0024,0.0,10.0,63.0
2026-09-21 10:04:13,2026-09-21T09:47:12,767.025,2026-09-21,P,733.0,0.0,0.01,0.0,6365.0,0.01,0.5556,-0.0036,0.0008,-0.0138,0.0024,0.0,4.0,2919.0
2026-09-21 10:04:13,2026-09-21T09:47:12,767.025,2026-09-21,C,734.0,32.52,33.13,289.0,117.0,32.32,0.0,0.9963,0.0009,-0.014,0.0024,0.0,8.0,56.0
2026-09-21 10:04:13,2026-09-21T09:47:12,767.025,2026-09-21,P,734.0,0.0,0.01,0.0,6268.0,0.05,0.5402,-0.0037,0.0009,-0.014,0.0024,0.0,0.0,773.0
2026-09-21 10:04:13,2026-09-21T09:47:12,767.025,2026-09-21,C,735.0,31.45,32.13,112.0,112.0,32.09,0.0,0.9961,0.0009,-0.0141,0.0025,0.0,184.0,24.0
2026-09-21 10:04:13,2026-09-21T09:47:12,767.025,2026-09-21,P,735.0,0.0,0.01,0.0,6175.0,0.01,0.5249,-0.0039,0.0009,-0.0141,0.0025,0.0,12.0,1578.0
2026-09-21 10:04:13,2026-09-21T09:47:12,767.025,2026-09-21,C,736.0,30.44,31.13,290.0,69.0,30.88,0.0,0.996,0.001,-0.0143,0.0026,0.0,24.0,16.0
2026-09-21 10:04:13,2026-09-21T09:47:12,767.025,2026-09-21,P,736.0,0.0,0.01,0.0,6074.0,0.01,0.5096,-0.004,0.001,-0.0143,0.0026,0.0,6.0,2021.0
2026-09-21 10:04:13,2026-09-21T09:47:12,767.025,2026-09-21,C,737.0,29.96,30.07,93.0,81.0,29.39,0.632,0.9958,0.001,-0.0145,0.0027,0.0,32.0,17.0
2026-09-21 10:04:13,2026-09-21T09:47:12,767.025,2026-09-21,P,737.0,0.0,0.01,0.0,5973.0,0.01,0.4942,-0.0042,0.001,-0.0145,0.0027,0.0,6.0,1437.0
2026-09-21 10:04:13,2026-09-21T09:47:12,767.025,2026-09-21,C,738.0,28.96,29.08,73.0,71.0,28.25,0.6132,0.9957,0.0011,-0.0147,0.0028,0.0,94.0,22.0
2026-09-21 10:04:13,2026-09-21T09:47:12,767.025,2026-09-21,P,738.0,0.0,0.01,0.0,5869.0,0.02,0.4789,-0.0043,0.0011,-0.0147,0.0028,0.0,10.0,1180.0
2026-09-21 10:04:13,2026-09-21T09:47:12,767.025,2026-09-21,C,739.0,27.96,28.08,92.0,81.0,27.57,0.5943,0.9955,0.0012,-0.0149,0.0029,0.0,49.0,30.0
2026-09-21 10:04:13,2026-09-21T09:47:12,767.025,2026-09-21,P,739.0,0.0,0.01,0.0,5818.0,0.01,0.4635,-0.0045,0.0012,-0.0149,0.0029,0.0,28.0,1347.0
2026-09-21 10:04:13,2026-09-21T09:47:12,767.025,2026-09-21,C,740.0,26.96,27.08,98.0,101.0,26.59,0.5754,0.9953,0.0013,-0.0151,0.003,0.0,77.0,42.0
2026-09-21 10:04:13,2026-09-21T09:47:12,767.025,2026-09-21,P,740.0,0.0,0.01,0.0,5703.0,0.01,0.4481,-0.0047,0.0013,-0.0151,0.003,0.0,3642.0,5789.0
2026-09-21 10:04:13,2026-09-21T09:47:12,767.025,2026-09-21,C,741.0,25.96,26.08,73.0,63.0,25.73,0.5565,0.9951,0.0014,-0.0153,0.0032,0.0,56.0,38.0
2026-09-21 10:04:13,2026-09-21T09:47:12,767.025,2026-09-21,P,741.0,0.0,0.01,0.0,5552.0,0.01,0.4326,-0.0049,0.0014,-0.0153,0.0032,0.0,147.0,2863.0
2026-09-21 10:04:13,2026-09-21T09:47:12,767.025,2026-09-21,C,742.0,24.96,25.08,111.0,71.0,24.68,0.5376,0.9949,0.0015,-0.0155,0.0033,0.0,174.0,11.0
2026-09-21 10:04:13,2026-09-21T09:47:12,767.025,2026-09-21,P,742.0,0.0,0.01,0.0,5248.0,0.01,0.4172,-0.0051,0.0015,-0.0155,0.0033,0.0,548.0,1915.0
2026-09-21 10:04:13,2026-09-21T09:47:12,767.025,2026-09-21,C,743.0,23.96,24.08,61.0,62.0,23.21,0.5186,0.9947,0.0016,-0.0157,0.0034,0.0,35.0,71.0
2026-09-21 10:04:13,2026-09-21T09:47:12,767.025,2026-09-21,P,743.0,0.0,0.01,0.0,4920.0,0.01,0.4017,-0.0053,0.0016,-0.0157,0.0034,0.0,625.0,2810.0
2026-09-21 10:04:13,2026-09-21T09:47:12,767.025,2026-09-21,C,744.0,22.97,23.08,60.0,62.0,22.99,0.4995,0.9944,0.0017,-0.0159,0.0036,0.0,76.0,47.0
2026-09-21 10:04:13,2026-09-21T09:47:12,767.025,2026-09-21,P,744.0,0.0,0.01,0.0,4575.0,0.01,0.3862,-0.0056,0.0017,-0.0159,0.0036,0.0,1628.0,1802.0
2026-09-21 10:04:13,2026-09-21T09:47:12,767.025,2026-09-21,C,745.0,21.97,22.08,1.0,200.0,21.63,0.4803,0.9942,0.0019,-0.0162,0.0037,0.0,74.0,84.0
2026-09-21 10:04:13,2026-09-21T09:47:12,767.025,2026-09-21,P,745.0,0.01,0.02,5691.0,6010.0,0.01,0.4142,-0.0058,0.0019,-0.0162,0.0037,0.0,7591.0,18475.0
2026-09-21 10:04:13,2026-09-21T09:47:12,767.025,2026-09-21,C,746.0,20.97,21.08,15.0,200.0,20.66,0.4611,0.9939,0.002,-0.0164,0.0039,0.0,65.0,65.0
2026-09-21 10:04:13,2026-09-21T09:47:12,767.025,2026-09-21,P,746.0,0.01,0.02,5762.0,6051.0,0.01,0.3971,-0.0061,0.002,-0.0164,0.0039,0.0,939.0,1979.0
2026-09-21 10:04:13,2026-09-21T09:47:12,767.025,2026-09-21,C,747.0,19.97,20.08,15.0,200.0,20.07,0.4419,0.9935,0.0022,-0.0167,0.0041,0.0,144.0,18.0
2026-09-21 10:04:13,2026-09-21T09:47:12,767.025,2026-09-21,P,747.0,0.01,0.02,5838.0,6006.0,0.01,0.38,-0.0065,0.0022,-0.0167,0.0041,0.0,2760.0,2684.0
2026-09-21 10:04:13,2026-09-21T09:47:12,767.025,2026-09-21,C,748.0,18.97,19.08,100.0,200.0,18.51,0.4225,0.9932,0.0024,-0.017,0.0043,0.0,109.0,61.0
2026-09-21 10:04:13,2026-09-21T09:47:12,767.025,2026-09-21,P,748.0,0.01,0.02,5923.0,5954.0,0.01,0.3628,-0.0068,0.0024,-0.017,0.0043,0.0,2417.0,4869.0
2026-09-21 10:04:13,2026-09-21T09:47:12,767.025,2026-09-21,C,749.0,17.97,18.07,200.0,200.0,17.51,0.3837,0.9927,0.0027,-0.0173,0.0046,0.0,325.0,83.0
2026-09-21 10:04:13,2026-09-21T09:47:12,767.025,2026-09-21,P,749.0,0.01,0.02,5799.0,5824.0,0.01,0.3456,-0.0073,0.0027,-0.0173,0.0046,0.0,1739.0,5143.0
2026-09-21 10:04:13,2026-09-21T09:47:12,767.025,2026-09-21,C,750.0,16.98,17.08,200.0,200.0,16.94,0.3716,0.9922,0.003,-0.0177,0.0049,0.0,652.0,477.0
2026-09-21 10:04:13,2026-09-21T09:47:12,767.025,2026-09-21,P,750.0,0.01,0.02,5798.0,5786.0,0.02,0.3283,-0.0078,0.003,-0.0177,0.0049,0.0,9105.0,16881.0
2026-09-21 10:04:13,2026-09-21T09:47:12,767.025,2026-09-21,C,751.0,15.97,16.08,200.0,200.0,15.49,0.3691,0.9917,0.0034,-0.0182,0.0052,0.0,138.0,334.0
2026-09-21 10:04:13,2026-09-21T09:47:12,767.025,2026-09-21,P,751.0,0.01,0.02,5778.0,5511.0,0.02,0.311,-0.0083,0.0034,-0.0182,0.0052,0.0,1380.0,2776.0
2026-09-21 10:04:13,2026-09-21T09:47:12,767.025,2026-09-21,C,752.0,14.97,15.08,200.0,200.0,14.29,0.3538,0.991,0.0038,-0.0188,0.0056,0.0,55.0,298.0
2026-09-21 10:04:13,2026-09-21T09:47:12,767.025,2026-09-21,P,752.0,0.01,0.02,5723.0,4879.0,0.02,0.2935,-0.009,0.0038,-0.0188,0.0056,0.0,871.0,3260.0
2026-09-21 10:04:13,2026-09-21T09:47:12,767.025,2026-09-21,C,753.0,13.98,14.09,200.0,200.0,13.53,0.3336,0.9902,0.0043,-0.0196,0.006,0.0,48.0,321.0
2026-09-21 10:04:13,2026-09-21T09:47:12,767.025,2026-09-21,P,753.0,0.01,0.02,5663.0,4237.0,0.01,0.276,-0.0098,0.0043,-0.0196,0.006,0.0,1715.0,2802.0
2026-09-21 10:04:13,2026-09-21T09:47:12,767.025,2026-09-21,C,754.0,12.98,13.09,200.0,200.0,12.85,0.3132,0.9892,0.005,-0.0207,0.0066,0.0,62.0,569.0
2026-09-21 10:04:13,2026-09-21T09:47:12,767.025,2026-09-21,P,754.0,0.02,0.03,4584.0,5550.0,0.02,0.2757,-0.0108,0.005,-0.0207,0.0066,0.0,2637.0,2348.0
2026-09-21 10:04:13,2026-09-21T09:47:12,767.025,2026-09-21,C,755.0,12.02,12.04,35.0,110.0,12.1,0.0,0.9879,0.0059,-0.0221,0.0073,0.0,963.0,1471.0
2026-09-21 10:04:13,2026-09-21T09:47:12,767.025,2026-09-21,P,755.0,0.02,0.03,5066.0,5491.0,0.02,0.257,-0.0121,0.0059,-0.0221,0.0073,0.0,4231.0,21487.0
2026-09-21 10:04:13,2026-09-21T09:47:12,767.025,2026-09-21,C,756.0,10.98,11.09,200.0,200.0,11.01,0.2718,0.9861,0.007,-0.0241,0.0082,0.0,385.0,768.0
2026-09-21 10:04:13,2026-09-21T09:47:12,767.025,2026-09-21,P,756.0,0.02,0.03,5347.0,4805.0,0.02,0.2382,-0.0139,0.007,-0.0241,0.0082,0.0,1053.0,4124.0
2026-09-21 10:04:13,2026-09-21T09:47:12,767.025,2026-09-21,C,757.0,10.03,10.04,72.0,39.0,10.01,0.1805,0.9837,0.0086,-0.027,0.0095,0.0,2868.0,3398.0
2026-09-21 10:04:13,2026-09-21T09:47:12,767.025,2026-09-21,P,757.0,0.03,0.04,2077.0,5123.0,0.03,0.2302,-0.0163,0.0086,-0.027,0.0095,0.0,1807.0,6135.0
2026-09-21 10:04:13,2026-09-21T09:47:12,767.025,2026-09-21,C,758.0,9.0,9.1,200.0,200.0,9.03,0.236,0.9804,0.0108,-0.0311,0.0111,0.0,171.0,1431.0
2026-09-21 10:04:13,2026-09-21T09:47:12,767.025,2026-09-21,P,758.0,0.03,0.04,4439.0,4938.0,0.03,0.2104,-0.0196,0.0108,-0.0311,0.0111,0.0,5969.0,6814.0
2026-09-21 10:04:13,2026-09-21T09:47:12,767.025,2026-09-21,C,759.0,8.04,8.05,27.0,39.0,7.99,0.1684,0.9756,0.0141,-0.0372,0.0134,0.0,465.0,3109.0
2026-09-21 10:04:13,2026-09-21T09:47:12,767.025,2026-09-21,P,759.0,0.04,0.05,1507.0,4817.0,0.04,0.1982,-0.0244,0.0141,-0.0372,0.0134,0.0,6242.0,9099.0
2026-09-21 10:04:13,2026-09-21T09:47:12,767.025,2026-09-21,C,760.0,7.01,7.07,220.0,77.0,7.08,0.1699,0.9684,0.0188,-0.0462,0.0165,0.0,722.0,6853.0
2026-09-21 10:04:13,2026-09-21T09:47:12,767.025,2026-09-21,P,760.0,0.05,0.06,341.0,4576.0,0.05,0.1836,-0.0316,0.0188,-0.0462,0.0165,0.0,10683.0,15275.0
2026-09-21 10:04:13,2026-09-21T09:47:12,767.025,2026-09-21,C,761.0,6.06,6.08,46.0,99.0,6.07,0.1493,0.9577,0.0259,-0.0598,0.0208,0.0,1735.0,5926.0
2026-09-21 10:04:13,2026-09-21T09:47:12,767.025,2026-09-21,P,761.0,0.06,0.07,1400.0,4114.0,0.06,0.1669,-0.0423,0.0259,-0.0598,0.0208,0.0,7736.0,9645.0
2026-09-21 10:04:13,2026-09-21T09:47:12,767.025,2026-09-21,C,762.0,5.07,5.09,38.0,43.0,5.04,0.1368,0.941,0.0367,-0.0809,0.027,0.0,6179.0,8574.0
2026-09-21 10:04:13,2026-09-21T09:47:12,767.025,2026-09-21,P,762.0,0.07,0.08,3323.0,3041.0,0.08,0.1484,-0.059,0.0367,-0.0809,0.027,0.0,15284.0,6835.0
2026-09-21 10:04:13,2026-09-21T09:47:12,767.025,2026-09-21,C,763.0,4.11,4.12,1.0,41.0,4.07,0.128,0.9142,0.0536,-0.1151,0.0355,0.0,5317.0,8346.0
2026-09-21 10:04:13,2026-09-21T09:47:12,767.025,2026-09-21,P,763.0,0.11,0.12,410.0,2109.0,0.11,0.1377,-0.0858,0.0536,-0.1151,0.0355,0.0,13703.0,6849.0
2026-09-21 10:04:13,2026-09-21T09:47:12,767.025,2026-09-21,C,764.0,3.17,3.18,37.0,132.0,3.17,0.1186,0.8695,0.0797,-0.1741,0.0472,0.0,6795.0,6049.0
2026-09-21 10:04:13,2026-09-21T09:47:12,767.025,2026-09-21,P,764.0,0.16,0.17,1064.0,1146.0,0.17,0.1233,-0.1305,0.0797,-0.1741,0.0472,0.0,26435.0,1764.0
2026-09-21 10:04:13,2026-09-21T09:47:12,767.025,2026-09-21,C,765.0,2.26,2.27,229.0,94.0,2.28,0.1097,0.7932,0.1175,-0.2839,0.0624,0.0,10050.0,10594.0
2026-09-21 10:04:13,2026-09-21T09:47:12,767.025,2026-09-21,P,765.0,0.27,0.28,716.0,1086.0,0.27,0.113,-0.2068,0.1175,-0.2839,0.0624,0.0,34629.0,1927.0
2026-09-21 10:04:13,2026-09-21T09:47:12,767.025,2026-09-21,C,766.0,1.47,1.48,279.0,339.0,1.48,0.1026,0.6688,0.1609,-0.4927,0.0777,0.0,28003.0,5357.0
2026-09-21 10:04:13,2026-09-21T09:47:12,767.025,2026-09-21,P,766.0,0.47,0.48,720.0,691.0,0.48,0.1052,-0.3312,0.1609,-0.4927,0.0777,0.0,53853.0,558.0
2026-09-21 10:04:13,2026-09-21T09:47:12,767.025,2026-09-21,C,767.0,0.84,0.85,566.0,592.0,0.84,0.0974,0.4968,0.1863,-0.8448,0.0847,0.0,57513.0,4728.0
2026-09-21 10:04:13,2026-09-21T09:47:12,767.025,2026-09-21,P,767.0,0.84,0.85,518.0,603.0,0.84,0.0997,-0.5032,0.1863,-0.8448,0.0847,0.0,29190.0,636.0
2026-09-21 10:04:13,2026-09-21T09:47:12,767.025,2026-09-21,C,768.0,0.41,0.42,772.0,639.0,0.41,0.0962,0.314,0.1691,-0.4247,0.0762,0.0,33488.0,7227.0
2026-09-21 10:04:13,2026-09-21T09:47:12,767.025,2026-09-21,P,768.0,1.41,1.42,250.0,65.0,1.41,0.1002,-0.686,0.1691,-0.4247,0.0762,0.0,8034.0,334.0
2026-09-21 10:04:13,2026-09-21T09:47:12,767.025,2026-09-21,C,769.0,0.18,0.19,1682.0,827.0,0.19,0.0982,0.1725,0.1197,-0.1971,0.0565,0.0,26890.0,5303.0
2026-09-21 10:04:13,2026-09-21T09:47:12,767.025,2026-09-21,P,769.0,2.18,2.19,94.0,35.0,2.21,0.1019,-0.8275,0.1197,-0.1971,0.0565,0.0,2974.0,318.0
2026-09-21 10:04:13,2026-09-21T09:47:12,767.025,2026-09-21,C,770.0,0.08,0.09,2161.0,1794.0,0.09,0.1033,0.0906,0.0725,-0.0944,0.0375,0.0,46502.0,29669.0
2026-09-21 10:04:13,2026-09-21T09:47:12,767.025,2026-09-21,P,770.0,3.07,3.09,108.0,44.0,3.03,0.1104,-0.9094,0.0725,-0.0944,0.0375,0.0,1525.0,828.0
2026-09-21 10:04:13,2026-09-21T09:47:12,767.025,2026-09-21,C,771.0,0.04,0.05,3189.0,2703.0,0.05,0.1121,0.0493,0.0421,-0.0496,0.0242,0.0,8640.0,4731.0
2026-09-21 10:04:13,2026-09-21T09:47:12,767.025,2026-09-21,P,771.0,4.03,4.05,45.0,36.0,4.07,0.1228,-0.9507,0.0421,-0.0496,0.0242,0.0,1035.0,69.0
2026-09-21 10:04:13,2026-09-21T09:47:12,767.025,2026-09-21,C,772.0,0.02,0.03,4721.0,1425.0,0.03,0.1211,0.029,0.0251,-0.0291,0.0161,0.0,5792.0,3586.0
2026-09-21 10:04:13,2026-09-21T09:47:12,767.025,2026-09-21,P,772.0,5.02,5.03,40.0,62.0,5.04,0.1393,-0.971,0.0251,-0.0291,0.0161,0.0,309.0,119.0
2026-09-21 10:04:13,2026-09-21T09:47:12,767.025,2026-09-21,C,773.0,0.02,0.03,4849.0,5138.0,0.02,0.141,0.0196,0.0164,-0.0205,0.0116,0.0,2245.0,3885.0
2026-09-21 10:04:13,2026-09-21T09:47:12,767.025,2026-09-21,P,773.0,6.0,6.06,33.0,15.0,5.98,0.1452,-0.9804,0.0164,-0.0205,0.0116,0.0,64.0,0.0
2026-09-21 10:04:13,2026-09-21T09:47:12,767.025,2026-09-21,C,774.0,0.01,0.02,5590.0,4019.0,0.01,0.1492,0.0153,0.0119,-0.0172,0.0094,0.0,1170.0,2988.0
2026-09-21 10:04:13,2026-09-21T09:47:12,767.025,2026-09-21,P,774.0,7.0,7.06,15.0,109.0,7.31,0.1605,-0.9847,0.0119,-0.0172,0.0094,0.0,69.0,10.0
2026-09-21 10:04:13,2026-09-21T09:47:12,767.025,2026-09-21,C,775.0,0.01,0.02,5833.0,5214.0,0.01,0.1674,0.0131,0.0094,-0.0161,0.0082,0.0,327.0,2242.0
2026-09-21 10:04:13,2026-09-21T09:47:12,767.025,2026-09-21,P,775.0,7.99,8.05,18.0,20.0,7.97,0.174,-0.9869,0.0094,-0.0161,0.0082,0.0,177.0,0.0
2026-09-21 10:04:13,2026-09-21T09:47:12,767.025,2026-09-21,C,776.0,0.01,0.02,5951.0,5934.0,0.01,0.1852,0.0118,0.0078,-0.0157,0.0074,0.0,516.0,860.0
2026-09-21 10:04:13,2026-09-21T09:47:12,767.025,2026-09-21,P,776.0,8.99,9.05,14.0,300.0,9.05,0.1925,-0.9882,0.0078,-0.0157,0.0074,0.0,194.0,10.0
2026-09-21 10:04:13,2026-09-21T09:47:12,767.025,2026-09-21,C,777.0,0.0,0.01,0.0,1758.0,0.01,0.1788,0.0107,0.0066,-0.0155,0.0068,0.0,12802.0,2233.0
2026-09-21 10:04:13,2026-09-21T09:47:12,767.025,2026-09-21,P,777.0,9.99,10.05,10.0,15.0,9.94,0.2106,-0.9893,0.0066,-0.0155,0.0068,0.0,31.0,0.0
2026-09-21 10:04:13,2026-09-21T09:47:12,767.025,2026-09-21,C,778.0,0.0,0.01,0.0,4436.0,0.01,0.1946,0.0099,0.0056,-0.0153,0.0062,0.0,14.0,817.0
2026-09-21 10:04:13,2026-09-21T09:47:12,767.025,2026-09-21,P,778.0,10.89,11.58,156.0,90.0,15.91,0.3438,-0.9901,0.0056,-0.0153,0.0062,0.0,0.0,0.0
2026-09-21 10:04:13,2026-09-21T09:47:12,767.025,2026-09-21,C,779.0,0.0,0.01,0.0,5245.0,0.01,0.2102,0.0092,0.0049,-0.0151,0.0058,0.0,1.0,835.0
2026-09-21 10:04:13,2026-09-21T09:47:12,767.025,2026-09-21,P,779.0,11.88,12.57,69.0,70.0,18.04,0.3638,-0.9908,0.0049,-0.0151,0.0058,0.0,0.0,0.0
2026-09-21 10:04:13,2026-09-21T09:47:12,767.025,2026-09-21,C,780.0,0.0,0.01,0.0,5848.0,0.01,0.2257,0.0085,0.0043,-0.015,0.0054,0.0,13.0,2288.0
2026-09-21 10:04:13,2026-09-21T09:47:12,767.025,2026-09-21,P,780.0,12.88,13.57,69.0,132.0,13.14,0.3871,-0.9915,0.0043,-0.015,0.0054,0.0,56.0,0.0
2026-09-21 10:04:13,2026-09-21T09:47:12,767.025,2026-09-21,C,781.0,0.0,0.01,0.0,6160.0,0.01,0.2411,0.008,0.0038,-0.0148,0.0051,0.0,23.0,930.0
2026-09-21 10:04:13,2026-09-21T09:47:12,767.025,2026-09-21,P,781.0,13.88,14.24,200.0,281.0,13.92,0.3089,-0.992,0.0038,-0.0148,0.0051,0.0,8.0,10.0
2026-09-21 10:04:13,2026-09-21T09:47:12,767.025,2026-09-21,C,782.0,0.0,0.01,0.0,6517.0,0.01,0.2564,0.0075,0.0034,-0.0146,0.0048,0.0,143.0,596.0
2026-09-21 10:04:13,2026-09-21T09:47:12,767.025,2026-09-21,P,782.0,14.88,15.56,200.0,93.0,20.68,0.4306,-0.9925,0.0034,-0.0146,0.0048,0.0,0.0,0.0
2026-09-21 10:04:13,2026-09-21T09:47:12,767.025,2026-09-21,C,783.0,0.0,0.01,0.0,6658.0,0.01,0.2716,0.0071,0.0031,-0.0145,0.0045,0.0,28.0,2107.0
2026-09-21 10:04:13,2026-09-21T09:47:12,767.025,2026-09-21,P,783.0,15.88,16.56,156.0,93.0,22.72,0.453,-0.9929,0.0031,-0.0145,0.0045,0.0,0.0,0.0
2026-09-21 10:04:13,2026-09-21T09:47:12,767.025,2026-09-21,C,784.0,0.0,0.01,0.0,6722.0,0.01,0.2866,0.0067,0.0028,-0.0143,0.0043,0.0,0.0,346.0
2026-09-21 10:04:13,2026-09-21T09:47:12,767.025,2026-09-21,P,784.0,16.88,17.56,200.0,93.0,23.92,0.4752,-0.9933,0.0028,-0.0143,0.0043,0.0,0.0,0.0
2026-09-21 10:04:13,2026-09-21T09:47:12,767.025,2026-09-21,C,785.0,0.0,0.01,0.0,6782.0,0.01,0.3016,0.0063,0.0025,-0.0142,0.0041,0.0,1.0,490.0
2026-09-21 10:04:13,2026-09-21T09:47:12,767.025,2026-09-21,P,785.0,17.88,18.56,200.0,93.0,25.23,0.4972,-0.9937,0.0025,-0.0142,0.0041,0.0,0.0,0.0
2026-09-21 10:04:13,2026-09-21T09:47:12,767.025,2026-09-21,C,786.0,0.0,0.01,0.0,6834.0,0.01,0.3165,0.006,0.0023,-0.014,0.0039,0.0,9.0,1683.0
2026-09-21 10:04:13,2026-09-21T09:47:12,767.025,2026-09-21,P,786.0,18.88,19.56,200.0,93.0,24.78,0.519,-0.994,0.0023,-0.014,0.0039,0.0,0.0,0.0
2026-09-21 10:04:13,2026-09-21T09:47:12,767.025,2026-09-21,C,787.0,0.0,0.01,0.0,6823.0,0.01,0.3314,0.0057,0.0021,-0.0138,0.0037,0.0,0.0,1400.0
2026-09-21 10:04:13,2026-09-21T09:47:12,767.025,2026-09-21,P,787.0,19.88,20.56,200.0,93.0,24.71,0.5406,-0.9943,0.0021,-0.0138,0.0037,0.0,0.0,0.0
2026-09-21 10:04:13,2026-09-21T09:47:12,767.025,2026-09-21,C,788.0,0.0,0.01,0.0,6867.0,0.01,0.3461,0.0055,0.0019,-0.0137,0.0036,0.0,1.0,1010.0
2026-09-21 10:04:13,2026-09-21T09:47:12,767.025,2026-09-21,P,788.0,20.88,21.55,68.0,69.0,26.31,0.5594,-0.9945,0.0019,-0.0137,0.0036,0.0,0.0,0.0
2026-09-21 10:04:13,2026-09-21T09:47:12,767.025,2026-09-21,C,789.0,0.0,0.01,0.0,6907.0,0.02,0.3608,0.0052,0.0018,-0.0135,0.0034,0.0,0.0,6906.0
2026-09-21 10:04:13,2026-09-21T09:47:12,767.025,2026-09-21,P,789.0,21.75,22.51,68.0,68.0,27.76,0.5258,-0.9948,0.0018,-0.0135,0.0034,0.0,0.0,0.0
2026-09-21 10:04:13,2026-09-21T09:47:12,767.025,2026-09-21,C,790.0,0.0,0.01,0.0,6947.0,0.01,0.3754,0.005,0.0016,-0.0134,0.0033,0.0,5.0,6747.0
2026-09-21 10:04:13,2026-09-21T09:47:12,767.025,2026-09-21,P,790.0,22.86,23.55,68.0,68.0,28.71,0.5959,-0.995,0.0016,-0.0134,0.0033,0.0,0.0,0.0
2026-09-21 10:04:13,2026-09-21T09:47:12,767.025,2026-09-21,C,791.0,0.0,0.01,0.0,6979.0,0.02,0.3899,0.0048,0.0015,-0.0132,0.0031,0.0,0.0,221.0
2026-09-21 10:04:13,2026-09-21T09:47:12,767.025,2026-09-21,P,791.0,23.41,24.52,68.0,68.0,31.84,0.0,-0.9952,0.0015,-0.0132,0.0031,0.0,0.0,0.0
2026-09-21 10:04:13,2026-09-21T09:47:12,767.025,2026-09-21,C,792.0,0.0,0.01,0.0,7015.0,0.01,0.4044,0.0046,0.0014,-0.0131,0.003,0.0,0.0,485.0
2026-09-21 10:04:13,2026-09-21T09:47:12,767.025,2026-09-21,P,792.0,24.39,25.51,69.0,69.0,32.97,0.0,-0.9954,0.0014,-0.0131,0.003,0.0,0.0,0.0
2026-09-21 10:04:13,2026-09-21T09:47:12,767.025,2026-09-21,C,793.0,0.0,0.01,0.0,7043.0,0.01,0.4188,0.0044,0.0013,-0.013,0.0029,0.0,0.0,26.0
2026-09-21 10:04:13,2026-09-21T09:47:12,767.025,2026-09-21,P,793.0,25.45,26.59,68.0,68.0,31.68,0.0,-0.9956,0.0013,-0.013,0.0029,0.0,0.0,0.0
2026-09-21 10:04:13,2026-09-21T09:47:12,767.025,2026-09-21,C,794.0,0.0,0.01,0.0,7070.0,0.01,0.4332,0.0043,0.0012,-0.0128,0.0028,0.0,0.0,530.0
2026-09-21 10:04:13,2026-09-21T09:47:12,767.025,2026-09-21,P,794.0,26.86,27.51,67.0,68.0,32.59,0.665,-0.9957,0.0012,-0.0128,0.0028,0.0,0.0,0.0
2026-09-21 10:04:13,2026-09-21T09:47:12,767.025,2026-09-21,C,795.0,0.0,0.01,0.0,7099.0,0.02,0.4474,0.0041,0.0012,-0.0127,0.0027,0.0,0.0,543.0
2026-09-21 10:04:13,2026-09-21T09:47:12,767.025,2026-09-21,P,795.0,27.45,28.55,68.0,68.0,33.86,0.0,-0.9959,0.0012,-0.0127,0.0027,0.0,0.0,0.0
2026-09-21 10:04:13,2026-09-21T09:47:12,767.025,2026-09-21,C,796.0,0.0,0.01,0.0,7127.0,0.02,0.4617,0.004,0.0011,-0.0125,0.0026,0.0,0.0,1.0
2026-09-21 10:04:13,2026-09-21T09:47:12,767.025,2026-09-21,P,796.0,28.84,29.51,67.0,68.0,34.39,0.6975,-0.996,0.0011,-0.0125,0.0026,0.0,0.0,0.0
2026-09-21 10:04:13,2026-09-21T09:47:12,767.025,2026-09-21,C,797.0,0.0,0.01,0.0,7155.0,0.02,0.4758,0.0038,0.001,-0.0124,0.0025,0.0,0.0,170.0
2026-09-21 10:04:13,2026-09-21T09:47:12,767.025,2026-09-21,P,797.0,29.85,30.55,68.0,68.0,36.67,0.7351,-0.9962,0.001,-0.0124,0.0025,0.0,0.0,0.0
2026-09-21 10:04:13,2026-09-21T09:47:12,767.025,2026-09-21,C,798.0,0.0,0.01,0.0,7178.0,0.02,0.49,0.0037,0.001,-0.0123,0.0024,0.0,0.0,115.0
2026-09-21 10:04:13,2026-09-21T09:47:12,767.025,2026-09-21,P,798.0,30.84,31.59,69.0,69.0,39.06,0.7652,-0.9963,0.001,-0.0123,0.0024,0.0,0.0,0.0
2026-09-21 10:04:13,2026-09-21T09:47:12,767.025,2026-09-21,C,799.0,0.0,0.01,0.0,7207.0,0.01,0.504,0.0036,0.0009,-0.0121,0.0024,0.0,0.0,23.0
2026-09-21 10:04:13,2026-09-21T09:47:12,767.025,2026-09-21,P,799.0,31.45,32.55,68.0,68.0,37.77,0.0,-0.9964,0.0009,-0.0121,0.0024,0.0,0.0,0.0
2026-09-21 10:04:13,2026-09-21T09:47:12,767.025,2026-09-21,C,800.0,0.0,0.01,0.0,7231.0,0.01,0.5181,0.0034,0.0009,-0.012,0.0023,0.0,2.0,935.0
2026-09-21 10:04:13,2026-09-21T09:47:12,767.025,2026-09-21,P,800.0,32.41,33.51,69.0,69.0,38.52,0.0,-0.9966,0.0009,-0.012,0.0023,0.0,0.0,1.0
2026-09-21 10:04:13,2026-09-21T09:47:12,767.025,2026-09-21,C,801.0,0.0,0.01,0.0,7259.0,0.01,0.532,0.0033,0.0008,-0.0119,0.0022,0.0,0.0,242.0
2026-09-21 10:04:13,2026-09-21T09:47:12,767.025,2026-09-21,P,801.0,33.45,34.55,68.0,68.0,39.82,0.0,-0.9967,0.0008,-0.0119,0.0022,0.0,0.0,0.0
2026-09-21 10:04:13,2026-09-21T09:47:12,767.025,2026-09-21,C,802.0,0.0,0.01,0.0,7283.0,0.01,0.5459,0.0032,0.0008,-0.0117,0.0022,0.0,0.0,1043.0
2026-09-21 10:04:13,2026-09-21T09:47:12,767.025,2026-09-21,P,802.0,34.4,35.51,68.0,68.0,42.57,0.0,-0.9968,0.0008,-0.0117,0.0022,0.0,0.0,0.0
2026-09-21 10:04:13,2026-09-21T09:47:12,767.025,2026-09-21,C,803.0,0.0,0.01,0.0,7307.0,0.01,0.5598,0.0031,0.0007,-0.0116,0.0021,0.0,0.0,958.0
2026-09-21 10:04:13,2026-09-21T09:47:12,767.025,2026-09-21,P,803.0,35.86,36.51,67.0,68.0,43.44,0.8408,-0.9969,0.0007,-0.0116,0.0021,0.0,0.0,0.0
2026-09-21 10:04:13,2026-09-21T09:47:12,767.025,2026-09-21,C,804.0,0.0,0.01,0.0,7331.0,0.02,0.5736,0.003,0.0007,-0.0115,0.002,0.0,0.0,65.0
2026-09-21 10:04:13,2026-09-21T09:47:12,767.025,2026-09-21,P,804.0,36.83,37.55,68.0,68.0,42.69,0.864,-0.997,0.0007,-0.0115,0.002,0.0,0.0,0.0
2026-09-21 10:04:13,2026-09-21T09:47:12,767.025,2026-09-21,C,805.0,0.0,0.01,0.0,7355.0,0.01,0.5874,0.003,0.0007,-0.0113,0.002,0.0,0.0,41.0
2026-09-21 10:04:13,2026-09-21T09:47:12,767.025,2026-09-21,P,805.0,37.79,38.51,68.0,68.0,43.96,0.8473,-0.997,0.0007,-0.0113,0.002,0.0,0.0,0.0
2026-09-21 10:09:14,2026-09-21T09:53:51,767.32,2026-09-21,C,729.0,37.67,38.42,126.0,126.0,38.3,0.0,0.9978,0.0005,-0.0085,0.0015,0.0,21.0,26.0
2026-09-21 10:09:14,2026-09-21T09:53:51,767.32,2026-09-21,P,729.0,0.0,0.01,0.0,6527.0,0.04,0.6269,-0.0022,0.0005,-0.0085,0.0015,0.0,0.0,2355.0
2026-09-21 10:09:14,2026-09-21T09:53:51,767.32,2026-09-21,C,730.0,36.69,37.42,129.0,129.0,36.98,0.0,0.9978,0.0005,-0.0085,0.0015,0.0,22.0,29.0
2026-09-21 10:09:14,2026-09-21T09:53:51,767.32,2026-09-21,P,730.0,0.0,0.01,0.0,6500.0,0.01,0.6115,-0.0022,0.0005,-0.0085,0.0015,0.0,2.0,2413.0
2026-09-21 10:09:14,2026-09-21T09:53:51,767.32,2026-09-21,C,731.0,35.67,36.41,133.0,133.0,36.37,0.0,0.9977,0.0006,-0.0086,0.0016,0.0,89.0,19.0
2026-09-21 10:09:14,2026-09-21T09:53:51,767.32,2026-09-21,P,731.0,0.0,0.01,0.0,6472.0,0.01,0.5961,-0.0023,0.0006,-0.0086,0.0016,0.0,10.0,7564.0
2026-09-21 10:09:14,2026-09-21T09:53:51,767.32,2026-09-21,C,732.0,34.59,35.4,125.0,125.0,35.28,0.0,0.9976,0.0006,-0.0086,0.0016,0.0,220.0,32.0
2026-09-21 10:09:14,2026-09-21T09:53:51,767.32,2026-09-21,P,732.0,0.0,0.01,0.0,6444.0,0.01,0.5807,-0.0024,0.0006,-0.0086,0.0016,0.0,4.0,881.0
2026-09-21 10:09:14,2026-09-21T09:53:51,767.32,2026-09-21,C,733.0,33.69,34.41,135.0,135.0,34.37,0.0,0.9976,0.0006,-0.0087,0.0017,0.0,77.0,63.0
2026-09-21 10:09:14,2026-09-21T09:53:51,767.32,2026-09-21,P,733.0,0.0,0.01,0.0,6416.0,0.01,0.5653,-0.0024,0.0006,-0.0087,0.0017,0.0,4.0,2919.0
2026-09-21 10:09:14,2026-09-21T09:53:51,767.32,2026-09-21,C,734.0,32.69,33.42,135.0,135.0,32.32,0.0,0.9975,0.0006,-0.0087,0.0017,0.0,8.0,56.0
2026-09-21 10:09:14,2026-09-21T09:53:51,767.32,2026-09-21,P,734.0,0.0,0.01,0.0,6388.0,0.05,0.5498,-0.0025,0.0006,-0.0087,0.0017,0.0,0.0,773.0
2026-09-21 10:09:14,2026-09-21T09:53:51,767.32,2026-09-21,C,735.0,31.79,32.42,127.0,127.0,32.37,0.0,0.9974,0.0007,-0.0087,0.0018,0.0,186.0,24.0
2026-09-21 10:09:14,2026-09-21T09:53:51,767.32,2026-09-21,P,735.0,0.0,0.01,0.0,6356.0,0.01,0.5344,-0.0026,0.0007,-0.0087,0.0018,0.0,12.0,1578.0
2026-09-21 10:09:14,2026-09-21T09:53:51,767.32,2026-09-21,C,736.0,30.86,31.42,134.0,134.0,31.13,0.0,0.9973,0.0007,-0.0088,0.0018,0.0,26.0,16.0
2026-09-21 10:09:14,2026-09-21T09:53:51,767.32,2026-09-21,P,736.0,0.0,0.01,0.0,6324.0,0.01,0.5189,-0.0027,0.0007,-0.0088,0.0018,0.0,6.0,2021.0
2026-09-21 10:09:14,2026-09-21T09:53:51,767.32,2026-09-21,C,737.0,30.27,30.32,51.0,62.0,30.14,0.0,0.9972,0.0008,-0.0088,0.0019,0.0,35.0,17.0
2026-09-21 10:09:14,2026-09-21T09:53:51,767.32,2026-09-21,P,737.0,0.0,0.01,0.0,6245.0,0.01,0.5035,-0.0028,0.0008,-0.0088,0.0019,0.0,6.0,1437.0
2026-09-21 10:09:14,2026-09-21T09:53:51,767.32,2026-09-21,C,738.0,29.27,29.32,47.0,50.0,28.98,0.0,0.9972,0.0008,-0.0089,0.0019,0.0,101.0,22.0
2026-09-21 10:09:14,2026-09-21T09:53:51,767.32,2026-09-21,P,738.0,0.0,0.01,0.0,6193.0,0.02,0.488,-0.0028,0.0008,-0.0089,0.0019,0.0,10.0,1180.0
2026-09-21 10:09:14,2026-09-21T09:53:51,767.32,2026-09-21,C,739.0,28.27,28.32,50.0,62.0,27.57,0.0,0.9971,0.0008,-0.0089,0.002,0.0,49.0,30.0
2026-09-21 10:09:14,2026-09-21T09:53:51,767.32,2026-09-21,P,739.0,0.0,0.01,0.0,6076.0,0.01,0.4725,-0.0029,0.0008,-0.0089,0.002,0.0,28.0,1347.0
2026-09-21 10:09:14,2026-09-21T09:53:51,767.32,2026-09-21,C,740.0,27.27,27.32,72.0,69.0,27.04,0.0,0.997,0.0009,-0.009,0.002,0.0,83.0,42.0
2026-09-21 10:09:14,2026-09-21T09:53:51,767.32,2026-09-21,P,740.0,0.0,0.01,0.0,5955.0,0.01,0.457,-0.003,0.0009,-0.009,0.002,0.0,3657.0,5789.0
2026-09-21 10:09:14,2026-09-21T09:53:51,767.32,2026-09-21,C,741.0,26.27,26.32,30.0,37.0,26.06,0.0,0.9968,0.001,-0.009,0.0021,0.0,61.0,38.0
2026-09-21 10:09:14,2026-09-21T09:53:51,767.32,2026-09-21,P,741.0,0.0,0.01,0.0,5827.0,0.01,0.4414,-0.0032,0.001,-0.009,0.0021,0.0,147.0,2863.0
2026-09-21 10:09:14,2026-09-21T09:53:51,767.32,2026-09-21,C,742.0,25.27,25.32,30.0,41.0,24.96,0.0,0.9967,0.001,-0.0091,0.0022,0.0,179.0,11.0
2026-09-21 10:09:14,2026-09-21T09:53:51,767.32,2026-09-21,P,742.0,0.0,0.01,0.0,5692.0,0.01,0.4259,-0.0033,0.001,-0.0091,0.0022,0.0,548.0,1915.0
2026-09-21 10:09:14,2026-09-21T09:53:51,767.32,2026-09-21,C,743.0,24.26,24.32,85.0,58.0,24.01,0.0,0.9966,0.0011,-0.0092,0.0023,0.0,40.0,71.0
2026-09-21 10:09:14,2026-09-21T09:53:51,767.32,2026-09-21,P,743.0,0.0,0.01,0.0,5450.0,0.01,0.4103,-0.0034,0.0011,-0.0092,0.0023,0.0,660.0,2810.0
2026-09-21 10:09:14,2026-09-21T09:53:51,767.32,2026-09-21,C,744.0,23.27,23.32,71.0,53.0,23.22,0.0,0.9964,0.0012,-0.0093,0.0024,0.0,78.0,47.0
2026-09-21 10:09:14,2026-09-21T09:53:51,767.32,2026-09-21,P,744.0,0.0,0.01,0.0,5113.0,0.01,0.3947,-0.0036,0.0012,-0.0093,0.0024,0.0,1678.0,1802.0
2026-09-21 10:09:14,2026-09-21T09:53:51,767.32,2026-09-21,C,745.0,22.27,22.32,91.0,83.0,22.27,0.0,0.9963,0.0013,-0.0094,0.0025,0.0,76.0,84.0
2026-09-21 10:09:14,2026-09-21T09:53:51,767.32,2026-09-21,P,745.0,0.01,0.02,3928.0,6072.0,0.01,0.4234,-0.0037,0.0013,-0.0094,0.0025,0.0,7934.0,18475.0
2026-09-21 10:09:14,2026-09-21T09:53:51,767.32,2026-09-21,C,746.0,21.27,21.32,100.0,95.0,21.27,0.0,0.9961,0.0014,-0.0095,0.0026,0.0,123.0,65.0
2026-09-21 10:09:14,2026-09-21T09:53:51,767.32,2026-09-21,P,746.0,0.01,0.02,5548.0,6071.0,0.01,0.4062,-0.0039,0.0014,-0.0095,0.0026,0.0,978.0,1979.0
2026-09-21 10:09:14,2026-09-21T09:53:51,767.32,2026-09-21,C,747.0,20.27,20.33,100.0,34.0,20.32,0.0,0.9959,0.0016,-0.0096,0.0028,0.0,205.0,18.0
2026-09-21 10:09:14,2026-09-21T09:53:51,767.32,2026-09-21,P,747.0,0.01,0.02,5759.0,6023.0,0.01,0.389,-0.0041,0.0016,-0.0096,0.0028,0.0,2874.0,2684.0
2026-09-21 10:09:14,2026-09-21T09:53:51,767.32,2026-09-21,C,748.0,19.27,19.33,93.0,44.0,18.51,0.0,0.9956,0.0017,-0.0098,0.0029,0.0,109.0,61.0
2026-09-21 10:09:14,2026-09-21T09:53:51,767.32,2026-09-21,P,748.0,0.01,0.02,5880.0,5972.0,0.01,0.3717,-0.0044,0.0017,-0.0098,0.0029,0.0,2507.0,4869.0
2026-09-21 10:09:14,2026-09-21T09:53:51,767.32,2026-09-21,C,749.0,18.27,18.32,93.0,49.0,18.32,0.0,0.9954,0.0019,-0.01,0.0031,0.0,332.0,83.0
2026-09-21 10:09:14,2026-09-21T09:53:51,767.32,2026-09-21,P,749.0,0.01,0.02,5942.0,5919.0,0.02,0.3543,-0.0046,0.0019,-0.01,0.0031,0.0,1909.0,5143.0
2026-09-21 10:09:14,2026-09-21T09:53:51,767.32,2026-09-21,C,750.0,17.3,17.31,118.0,73.0,17.29,0.0,0.995,0.0021,-0.0104,0.0033,0.0,729.0,477.0
2026-09-21 10:09:14,2026-09-21T09:53:51,767.32,2026-09-21,P,750.0,0.01,0.02,5806.0,5790.0,0.01,0.3369,-0.005,0.0021,-0.0104,0.0033,0.0,9658.0,16881.0
2026-09-21 10:09:14,2026-09-21T09:53:51,767.32,2026-09-21,C,751.0,16.27,16.33,96.0,41.0,15.49,0.0,0.9946,0.0024,-0.0108,0.0036,0.0,138.0,334.0
2026-09-21 10:09:14,2026-09-21T09:53:51,767.32,2026-09-21,P,751.0,0.01,0.02,5837.0,5803.0,0.02,0.3195,-0.0054,0.0024,-0.0108,0.0036,0.0,1409.0,2776.0
2026-09-21 10:09:14,2026-09-21T09:53:51,767.32,2026-09-21,C,752.0,15.27,15.33,62.0,47.0,14.29,0.0,0.9941,0.0027,-0.0113,0.0039,0.0,55.0,298.0
2026-09-21 10:09:14,2026-09-21T09:53:51,767.32,2026-09-21,P,752.0,0.01,0.02,5785.0,5538.0,0.02,0.3019,-0.0059,0.0027,-0.0113,0.0039,0.0,947.0,3260.0
2026-09-21 10:09:14,2026-09-21T09:53:51,767.32,2026-09-21,C,753.0,14.27,14.33,52.0,62.0,13.53,0.0,0.9934,0.0032,-0.0121,0.0043,0.0,48.0,321.0
2026-09-21 10:09:14,2026-09-21T09:53:51,767.32,2026-09-21,P,753.0,0.01,0.02,5726.0,5003.0,0.02,0.2843,-0.0066,0.0032,-0.0121,0.0043,0.0,1935.0,2802.0
2026-09-21 10:09:14,2026-09-21T09:53:51,767.32,2026-09-21,C,754.0,13.27,13.33,101.0,37.0,12.85,0.0,0.9926,0.0037,-0.0132,0.0048,0.0,62.0,569.0
2026-09-21 10:09:14,2026-09-21T09:53:51,767.32,2026-09-21,P,754.0,0.02,0.03,2444.0,5616.0,0.03,0.2843,-0.0074,0.0037,-0.0132,0.0048,0.0,2693.0,2348.0
2026-09-21 10:09:14,2026-09-21T09:53:51,767.32,2026-09-21,C,755.0,12.31,12.32,35.0,71.0,12.31,0.0,0.9914,0.0045,-0.0147,0.0055,0.0,1084.0,1471.0
2026-09-21 10:09:14,2026-09-21T09:53:51,767.32,2026-09-21,P,755.0,0.02,0.03,4489.0,5611.0,0.02,0.2656,-0.0086,0.0045,-0.0147,0.0055,0.0,4541.0,21487.0
2026-09-21 10:09:14,2026-09-21T09:53:51,767.32,2026-09-21,C,756.0,11.28,11.34,94.0,91.0,11.01,0.0,0.9897,0.0055,-0.0169,0.0064,0.0,385.0,768.0
2026-09-21 10:09:14,2026-09-21T09:53:51,767.32,2026-09-21,P,756.0,0.02,0.03,4990.0,5516.0,0.03,0.2467,-0.0103,0.0055,-0.0169,0.0064,0.0,1133.0,4124.0
2026-09-21 10:09:14,2026-09-21T09:53:51,767.32,2026-09-21,C,757.0,10.31,10.32,35.0,11.0,10.41,0.0,0.9874,0.007,-0.0199,0.0076,0.0,2972.0,3398.0
2026-09-21 10:09:14,2026-09-21T09:53:51,767.32,2026-09-21,P,757.0,0.03,0.04,60.0,5402.0,0.04,0.2389,-0.0126,0.007,-0.0199,0.0076,0.0,2272.0,6135.0
2026-09-21 10:09:14,2026-09-21T09:53:51,767.32,2026-09-21,C,758.0,9.29,9.33,69.0,57.0,9.33,0.0,0.9842,0.0091,-0.0243,0.0092,0.0,199.0,1431.0
2026-09-21 10:09:14,2026-09-21T09:53:51,767.32,2026-09-21,P,758.0,0.03,0.04,2066.0,5184.0,0.04,0.219,-0.0158,0.0091,-0.0243,0.0092,0.0,6102.0,6814.0
2026-09-21 10:09:14,2026-09-21T09:53:51,767.32,2026-09-21,C,759.0,8.32,8.33,36.0,11.0,8.32,0.1545,0.9795,0.012,-0.0306,0.0115,0.0,579.0,3109.0
2026-09-21 10:09:14,2026-09-21T09:53:51,767.32,2026-09-21,P,759.0,0.03,0.04,4698.0,4609.0,0.04,0.1988,-0.0205,0.012,-0.0306,0.0115,0.0,8943.0,9099.0
2026-09-21 10:09:14,2026-09-21T09:53:51,767.32,2026-09-21,C,760.0,7.33,7.34,119.0,1.0,7.34,0.1575,0.9727,0.0164,-0.0396,0.0146,0.0,828.0,6853.0
2026-09-21 10:09:14,2026-09-21T09:53:51,767.32,2026-09-21,P,760.0,0.04,0.05,3838.0,4469.0,0.04,0.1858,-0.0271,0.0164,-0.0393,0.0145,0.0,12101.0,15275.0
2026-09-21 10:09:14,2026-09-21T09:53:51,767.32,2026-09-21,C,761.0,6.34,6.35,38.0,10.0,6.34,0.1494,0.9627,0.0228,-0.0528,0.0187,0.0,1852.0,5926.0
2026-09-21 10:09:14,2026-09-21T09:53:51,767.32,2026-09-21,P,761.0,0.05,0.06,3649.0,3879.0,0.06,0.1705,-0.0372,0.0228,-0.0526,0.0187,0.0,8890.0,9645.0
2026-09-21 10:09:14,2026-09-21T09:53:51,767.32,2026-09-21,C,762.0,5.36,5.37,36.0,11.0,5.37,0.1428,0.9479,0.0324,-0.072,0.0243,0.0,6693.0,8574.0
2026-09-21 10:09:14,2026-09-21T09:53:51,767.32,2026-09-21,P,762.0,0.07,0.08,1709.0,3623.0,0.08,0.1576,-0.0521,0.0324,-0.0719,0.0243,0.0,16367.0,6835.0
2026-09-21 10:09:14,2026-09-21T09:53:51,767.32,2026-09-21,C,763.0,4.39,4.4,35.0,71.0,4.39,0.1338,0.9253,0.0469,-0.1007,0.0319,0.0,5697.0,8346.0
2026-09-21 10:09:14,2026-09-21T09:53:51,767.32,2026-09-21,P,763.0,0.1,0.11,1750.0,2451.0,0.11,0.1444,-0.0748,0.0469,-0.1007,0.0319,0.0,16469.0,6849.0
2026-09-21 10:09:14,2026-09-21T09:53:51,767.32,2026-09-21,C,764.0,3.44,3.45,202.0,249.0,3.44,0.1227,0.8892,0.0692,-0.1464,0.0421,0.0,8070.0,6049.0
2026-09-21 10:09:14,2026-09-21T09:53:51,767.32,2026-09-21,P,764.0,0.15,0.16,1391.0,2556.0,0.15,0.1316,-0.1109,0.0694,-0.1464,0.0421,0.0,32291.0,1764.0
2026-09-21 10:09:14,2026-09-21T09:53:51,767.32,2026-09-21,C,765.0,2.53,2.54,94.0,169.0,2.52,0.1137,0.8276,0.1034,-0.2287,0.0558,0.0,11987.0,10594.0
2026-09-21 10:09:14,2026-09-21T09:53:51,767.32,2026-09-21,P,765.0,0.24,0.25,815.0,1788.0,0.24,0.12,-0.1724,0.1036,-0.2283,0.0558,0.0,46427.0,1927.0
2026-09-21 10:09:14,2026-09-21T09:53:51,767.32,2026-09-21,C,766.0,1.7,1.71,94.0,200.0,1.69,0.106,0.7215,0.1483,-0.3907,0.0718,0.0,34373.0,5357.0
2026-09-21 10:09:14,2026-09-21T09:53:51,767.32,2026-09-21,P,766.0,0.41,0.42,766.0,834.0,0.41,0.1109,-0.2785,0.1483,-0.3907,0.0718,0.0,67031.0,558.0
2026-09-21 10:09:14,2026-09-21T09:53:51,767.32,2026-09-21,C,767.0,1.0,1.01,638.0,4.0,1.01,0.1002,0.561,0.1845,-0.7003,0.0832,0.0,82680.0,4728.0
2026-09-21 10:09:14,2026-09-21T09:53:51,767.32,2026-09-21,P,767.0,0.72,0.73,669.0,724.0,0.73,0.1044,-0.439,0.1845,-0.7003,0.0832,0.0,47025.0,636.0
2026-09-21 10:09:14,2026-09-21T09:53:51,767.32,2026-09-21,C,768.0,0.52,0.53,589.0,710.0,0.52,0.0973,0.3742,0.181,-0.5416,0.0803,0.0,59697.0,7227.0
2026-09-21 10:09:14,2026-09-21T09:53:51,767.32,2026-09-21,P,768.0,1.23,1.24,258.0,330.0,1.24,0.1005,-0.6258,0.181,-0.5416,0.0803,0.0,11781.0,334.0
2026-09-21 10:09:14,2026-09-21T09:53:51,767.32,2026-09-21,C,769.0,0.23,0.24,2241.0,161.0,0.23,0.0965,0.217,0.1376,-0.2645,0.0637,0.0,42598.0,5303.0
2026-09-21 10:09:14,2026-09-21T09:53:51,767.32,2026-09-21,P,769.0,1.94,1.95,259.0,95.0,1.95,0.1022,-0.783,0.1376,-0.2645,0.0637,0.0,4645.0,318.0
2026-09-21 10:09:14,2026-09-21T09:53:51,767.32,2026-09-21,C,770.0,0.1,0.11,2659.0,523.0,0.1,0.1006,0.1182,0.0879,-0.1303,0.0443,0.0,73022.0,29669.0
2026-09-21 10:09:14,2026-09-21T09:53:51,767.32,2026-09-21,P,770.0,2.81,2.82,171.0,94.0,2.82,0.1092,-0.8818,0.0879,-0.1303,0.0443,0.0,2247.0,828.0
2026-09-21 10:09:14,2026-09-21T09:53:51,767.32,2026-09-21,C,771.0,0.05,0.06,2488.0,2294.0,0.06,0.1096,0.0648,0.0524,-0.068,0.0293,0.0,10898.0,4731.0
2026-09-21 10:09:14,2026-09-21T09:53:51,767.32,2026-09-21,P,771.0,3.76,3.77,45.0,35.0,3.75,0.1208,-0.9352,0.0524,-0.068,0.0293,0.0,1237.0,69.0
2026-09-21 10:09:14,2026-09-21T09:53:51,767.32,2026-09-21,C,772.0,0.03,0.04,4460.0,3549.0,0.04,0.1219,0.0364,0.0308,-0.0373,0.019,0.0,7974.0,3586.0
2026-09-21 10:09:14,2026-09-21T09:53:51,767.32,2026-09-21,P,772.0,4.74,4.75,46.0,35.0,4.75,0.1372,-0.9636,0.0308,-0.0373,0.019,0.0,617.0,119.0
2026-09-21 10:09:14,2026-09-21T09:53:51,767.32,2026-09-21,C,773.0,0.02,0.03,5145.0,4332.0,0.03,0.1353,0.0213,0.0184,-0.0217,0.0124,0.0,2724.0,3885.0
2026-09-21 10:09:14,2026-09-21T09:53:51,767.32,2026-09-21,P,773.0,5.73,5.74,1.0,81.0,5.72,0.155,-0.9787,0.0184,-0.0217,0.0124,0.0,129.0,0.0
2026-09-21 10:09:14,2026-09-21T09:53:51,767.32,2026-09-21,C,774.0,0.01,0.02,5518.0,3464.0,0.02,0.144,0.0135,0.0115,-0.014,0.0086,0.0,1272.0,2988.0
2026-09-21 10:09:14,2026-09-21T09:53:51,767.32,2026-09-21,P,774.0,6.71,6.76,65.0,156.0,6.88,0.1796,-0.9865,0.0115,-0.014,0.0086,0.0,85.0,10.0
2026-09-21 10:09:14,2026-09-21T09:53:51,767.32,2026-09-21,C,775.0,0.01,0.02,5847.0,4961.0,0.01,0.1624,0.0096,0.0079,-0.0103,0.0064,0.0,429.0,2242.0
2026-09-21 10:09:14,2026-09-21T09:53:51,767.32,2026-09-21,P,775.0,7.7,7.76,102.0,59.0,7.63,0.1982,-0.9904,0.0079,-0.0103,0.0064,0.0,182.0,0.0
2026-09-21 10:09:14,2026-09-21T09:53:51,767.32,2026-09-21,C,776.0,0.01,0.02,5886.0,5860.0,0.02,0.1806,0.0076,0.0059,-0.0087,0.0052,0.0,569.0,860.0
2026-09-21 10:09:14,2026-09-21T09:53:51,767.32,2026-09-21,P,776.0,8.7,8.76,38.0,100.0,8.64,0.2191,-0.9924,0.0059,-0.0086,0.0052,0.0,261.0,10.0
2026-09-21 10:09:14,2026-09-21T09:53:51,767.32,2026-09-21,C,777.0,0.01,0.02,5673.0,5955.0,0.01,0.1984,0.0064,0.0047,-0.0078,0.0044,0.0,12989.0,2233.0
2026-09-21 10:09:14,2026-09-21T09:53:51,767.32,2026-09-21,P,777.0,9.71,9.73,103.0,85.0,9.73,0.2278,-0.9935,0.0047,-0.0079,0.0045,0.0,213.0,0.0
2026-09-21 10:09:14,2026-09-21T09:53:51,767.32,2026-09-21,C,778.0,0.0,0.01,0.0,4307.0,0.02,0.1906,0.0058,0.0039,-0.0076,0.004,0.0,24.0,817.0
2026-09-21 10:09:14,2026-09-21T09:53:51,767.32,2026-09-21,P,778.0,10.6,11.35,69.0,70.0,15.91,0.3661,-0.9942,0.0039,-0.0076,0.004,0.0,0.0,0.0
2026-09-21 10:09:14,2026-09-21T09:53:51,767.32,2026-09-21,C,779.0,0.0,0.01,0.0,5321.0,0.01,0.2064,0.0053,0.0034,-0.0074,0.0037,0.0,3.0,835.0
2026-09-21 10:09:14,2026-09-21T09:53:51,767.32,2026-09-21,P,779.0,11.6,12.45,69.0,137.0,11.76,0.4067,-0.9947,0.0034,-0.0074,0.0037,0.0,1.0,0.0
2026-09-21 10:09:14,2026-09-21T09:53:51,767.32,2026-09-21,C,780.0,0.0,0.01,0.0,6006.0,0.01,0.2221,0.005,0.0029,-0.0073,0.0034,0.0,13.0,2288.0
2026-09-21 10:09:14,2026-09-21T09:53:51,767.32,2026-09-21,P,780.0,12.6,13.34,100.0,145.0,13.14,0.4147,-0.995,0.0029,-0.0073,0.0034,0.0,56.0,0.0
2026-09-21 10:09:14,2026-09-21T09:53:51,767.32,2026-09-21,C,781.0,0.0,0.01,0.0,6335.0,0.01,0.2377,0.0046,0.0026,-0.0073,0.0032,0.0,23.0,930.0
2026-09-21 10:09:14,2026-09-21T09:53:51,767.32,2026-09-21,P,781.0,13.61,14.24,100.0,150.0,13.83,0.4231,-0.9954,0.0026,-0.0073,0.0032,0.0,9.0,10.0
2026-09-21 10:09:14,2026-09-21T09:53:51,767.32,2026-09-21,C,782.0,0.0,0.01,0.0,6587.0,0.01,0.2531,0.0044,0.0023,-0.0072,0.003,0.0,144.0,596.0
2026-09-21 10:09:14,2026-09-21T09:53:51,767.32,2026-09-21,P,782.0,14.61,15.43,69.0,142.0,14.62,0.4807,-0.9956,0.0023,-0.0072,0.003,0.0,20.0,0.0
2026-09-21 10:09:14,2026-09-21T09:53:51,767.32,2026-09-21,C,783.0,0.0,0.01,0.0,6659.0,0.01,0.2684,0.0041,0.0021,-0.0072,0.0028,0.0,88.0,2107.0
2026-09-21 10:09:14,2026-09-21T09:53:51,767.32,2026-09-21,P,783.0,15.59,16.43,69.0,70.0,22.72,0.5018,-0.9959,0.0021,-0.0072,0.0028,0.0,0.0,0.0
2026-09-21 10:09:14,2026-09-21T09:53:51,767.32,2026-09-21,C,784.0,0.0,0.01,0.0,6723.0,0.01,0.2837,0.0039,0.0019,-0.0072,0.0027,0.0,0.0,346.0
2026-09-21 10:09:14,2026-09-21T09:53:51,767.32,2026-09-21,P,784.0,16.61,17.43,68.0,70.0,23.92,0.5295,-0.9961,0.0019,-0.0072,0.0027,0.0,0.0,0.0
2026-09-21 10:09:14,2026-09-21T09:53:51,767.32,2026-09-21,C,785.0,0.0,0.01,0.0,6783.0,0.01,0.2988,0.0037,0.0017,-0.0072,0.0026,0.0,1.0,490.0
2026-09-21 10:09:14,2026-09-21T09:53:51,767.32,2026-09-21,P,785.0,17.6,18.35,69.0,144.0,17.85,0.5366,-0.9963,0.0017,-0.0072,0.0026,0.0,1.0,0.0
2026-09-21 10:09:14,2026-09-21T09:53:51,767.32,2026-09-21,C,786.0,0.0,0.01,0.0,6835.0,0.01,0.3139,0.0036,0.0016,-0.0071,0.0024,0.0,9.0,1683.0
2026-09-21 10:09:14,2026-09-21T09:53:51,767.32,2026-09-21,P,786.0,18.59,19.24,100.0,100.0,24.78,0.5345,-0.9964,0.0016,-0.0071,0.0024,0.0,0.0,0.0
2026-09-21 10:09:14,2026-09-21T09:53:51,767.32,2026-09-21,C,787.0,0.0,0.01,0.0,6823.0,0.01,0.3288,0.0034,0.0014,-0.0071,0.0023,0.0,0.0,1400.0
2026-09-21 10:09:14,2026-09-21T09:53:51,767.32,2026-09-21,P,787.0,19.59,20.24,100.0,100.0,24.71,0.5569,-0.9966,0.0014,-0.0071,0.0023,0.0,0.0,0.0
2026-09-21 10:09:14,2026-09-21T09:53:51,767.32,2026-09-21,C,788.0,0.0,0.01,0.0,6867.0,0.01,0.3437,0.0033,0.0013,-0.0071,0.0022,0.0,1.0,1010.0
2026-09-21 10:09:14,2026-09-21T09:53:51,767.32,2026-09-21,P,788.0,20.21,21.26,68.0,68.0,26.31,0.4584,-0.9967,0.0013,-0.0071,0.0022,0.0,0.0,0.0
2026-09-21 10:09:14,2026-09-21T09:53:51,767.32,2026-09-21,C,789.0,0.0,0.01,0.0,6907.0,0.02,0.3586,0.0031,0.0012,-0.007,0.0022,0.0,0.0,6906.0
2026-09-21 10:09:14,2026-09-21T09:53:51,767.32,2026-09-21,P,789.0,21.12,22.31,68.0,68.0,27.76,0.4511,-0.9969,0.0012,-0.007,0.0022,0.0,0.0,0.0
2026-09-21 10:09:14,2026-09-21T09:53:51,767.32,2026-09-21,C,790.0,0.0,0.01,0.0,6946.0,0.01,0.3733,0.003,0.0011,-0.007,0.0021,0.0,5.0,6747.0
2026-09-21 10:09:14,2026-09-21T09:53:51,767.32,2026-09-21,P,790.0,22.44,23.3,67.0,68.0,28.71,0.5991,-0.997,0.0011,-0.007,0.0021,0.0,0.0,0.0
2026-09-21 10:09:14,2026-09-21T09:53:51,767.32,2026-09-21,C,791.0,0.0,0.01,0.0,6979.0,0.02,0.388,0.0029,0.001,-0.007,0.002,0.0,0.0,221.0
2026-09-21 10:09:14,2026-09-21T09:53:51,767.32,2026-09-21,P,791.0,23.14,24.32,68.0,68.0,31.84,0.5077,-0.9971,0.001,-0.007,0.002,0.0,0.0,0.0
2026-09-21 10:09:14,2026-09-21T09:53:51,767.32,2026-09-21,C,792.0,0.0,0.01,0.0,7015.0,0.01,0.4026,0.0028,0.001,-0.007,0.0019,0.0,0.0,485.0
2026-09-21 10:09:14,2026-09-21T09:53:51,767.32,2026-09-21,P,792.0,24.07,25.31,68.0,68.0,32.97,0.4489,-0.9972,0.001,-0.007,0.0019,0.0,0.0,0.0
2026-09-21 10:09:14,2026-09-21T09:53:51,767.32,2026-09-21,C,793.0,0.0,0.01,0.0,7043.0,0.01,0.4171,0.0027,0.0009,-0.007,0.0019,0.0,0.0,26.0
2026-09-21 10:09:14,2026-09-21T09:53:51,767.32,2026-09-21,P,793.0,25.1,26.32,68.0,68.0,31.68,0.5127,-0.9973,0.0009,-0.007,0.0019,0.0,0.0,0.0
2026-09-21 10:09:14,2026-09-21T09:53:51,767.32,2026-09-21,C,794.0,0.0,0.01,0.0,7071.0,0.01,0.4316,0.0026,0.0009,-0.0069,0.0018,0.0,0.0,530.0
2026-09-21 10:09:14,2026-09-21T09:53:51,767.32,2026-09-21,P,794.0,26.14,27.77,68.0,68.0,32.59,0.7298,-0.9974,0.0009,-0.0069,0.0018,0.0,0.0,0.0
2026-09-21 10:09:14,2026-09-21T09:53:51,767.32,2026-09-21,C,795.0,0.0,0.01,0.0,7099.0,0.02,0.446,0.0025,0.0008,-0.0069,0.0018,0.0,0.0,543.0
2026-09-21 10:09:14,2026-09-21T09:53:51,767.32,2026-09-21,P,795.0,27.13,28.96,68.0,68.0,33.86,0.794,-0.9975,0.0008,-0.0069,0.0018,0.0,0.0,0.0
2026-09-21 10:09:14,2026-09-21T09:53:51,767.32,2026-09-21,C,796.0,0.0,0.01,0.0,7127.0,0.02,0.4604,0.0024,0.0008,-0.0069,0.0017,0.0,0.0,1.0
2026-09-21 10:09:14,2026-09-21T09:53:51,767.32,2026-09-21,P,796.0,28.12,29.3,68.0,68.0,34.39,0.5638,-0.9976,0.0008,-0.0069,0.0017,0.0,0.0,0.0
2026-09-21 10:09:14,2026-09-21T09:53:51,767.32,2026-09-21,C,797.0,0.0,0.01,0.0,7154.0,0.02,0.4747,0.0024,0.0007,-0.0069,0.0016,0.0,0.0,170.0
2026-09-21 10:09:14,2026-09-21T09:53:51,767.32,2026-09-21,P,797.0,29.08,30.52,67.0,67.0,36.67,0.6918,-0.9976,0.0007,-0.0069,0.0016,0.0,0.0,0.0
2026-09-21 10:09:14,2026-09-21T09:53:51,767.32,2026-09-21,C,798.0,0.0,0.01,0.0,7179.0,0.02,0.4889,0.0023,0.0007,-0.0068,0.0016,0.0,0.0,115.0
2026-09-21 10:09:14,2026-09-21T09:53:51,767.32,2026-09-21,P,798.0,30.08,31.29,68.0,68.0,39.06,0.5215,-0.9977,0.0007,-0.0068,0.0016,0.0,0.0,0.0
2026-09-21 10:09:14,2026-09-21T09:53:51,767.32,2026-09-21,C,799.0,0.0,0.01,0.0,7207.0,0.01,0.5031,0.0022,0.0006,-0.0068,0.0016,0.0,0.0,23.0
2026-09-21 10:09:14,2026-09-21T09:53:51,767.32,2026-09-21,P,799.0,31.04,32.32,68.0,68.0,37.77,0.5031,-0.9978,0.0006,-0.0068,0.0016,0.0,0.0,0.0
2026-09-21 10:09:14,2026-09-21T09:53:51,767.32,2026-09-21,C,800.0,0.0,0.01,0.0,7231.0,0.01,0.5173,0.0022,0.0006,-0.0068,0.0015,0.0,2.0,935.0
2026-09-21 10:09:14,2026-09-21T09:53:51,767.32,2026-09-21,P,800.0,32.45,33.3,68.0,68.0,38.52,0.8079,-0.9978,0.0006,-0.0068,0.0015,0.0,0.0,1.0
2026-09-21 10:09:14,2026-09-21T09:53:51,767.32,2026-09-21,C,801.0,0.0,0.01,0.0,7259.0,0.01,0.5314,0.0021,0.0006,-0.0068,0.0015,0.0,0.0,242.0
2026-09-21 10:09:14,2026-09-21T09:53:51,767.32,2026-09-21,P,801.0,33.08,34.79,68.0,68.0,39.82,0.8665,-0.9979,0.0006,-0.0068,0.0015,0.0,0.0,0.0
2026-09-21 10:09:14,2026-09-21T09:53:51,767.32,2026-09-21,C,802.0,0.0,0.01,0.0,7283.0,0.01,0.5454,0.0021,0.0006,-0.0068,0.0014,0.0,0.0,1043.0
2026-09-21 10:09:14,2026-09-21T09:53:51,767.32,2026-09-21,P,802.0,34.12,35.29,68.0,68.0,42.57,0.652,-0.9979,0.0006,-0.0068,0.0014,0.0,0.0,0.0
2026-09-21 10:09:14,2026-09-21T09:53:51,767.32,2026-09-21,C,803.0,0.0,0.01,0.0,7307.0,0.01,0.5594,0.002,0.0005,-0.0067,0.0014,0.0,0.0,958.0
2026-09-21 10:09:14,2026-09-21T09:53:51,767.32,2026-09-21,P,803.0,35.13,36.29,68.0,68.0,43.44,0.6803,-0.998,0.0005,-0.0067,0.0014,0.0,0.0,0.0
2026-09-21 10:09:14,2026-09-21T09:53:51,767.32,2026-09-21,C,804.0,0.0,0.01,0.0,7331.0,0.02,0.5734,0.002,0.0005,-0.0067,0.0014,0.0,0.0,65.0
2026-09-21 10:09:14,2026-09-21T09:53:51,767.32,2026-09-21,P,804.0,36.08,37.53,68.0,68.0,42.69,0.829,-0.998,0.0005,-0.0067,0.0014,0.0,0.0,0.0
2026-09-21 10:09:14,2026-09-21T09:53:51,767.32,2026-09-21,C,805.0,0.0,0.01,0.0,7355.0,0.01,0.5873,0.0019,0.0005,-0.0067,0.0013,0.0,0.0,41.0
2026-09-21 10:09:14,2026-09-21T09:53:51,767.32,2026-09-21,P,805.0,37.12,38.29,69.0,69.0,43.96,0.5873,-0.9981,0.0005,-0.0067,0.0013,0.0,0.0,0.0
2026-09-21 10:14:15,2026-09-21T09:58:50,767.39,2026-09-21,C,730.0,36.89,37.57,116.0,116.0,37.19,0.0,0.9969,0.0007,-0.0128,0.002,0.0,23.0,29.0
2026-09-21 10:14:15,2026-09-21T09:58:50,767.39,2026-09-21,P,730.0,0.0,0.01,0.0,6499.0,0.01,0.6166,-0.0031,0.0007,-0.0128,0.002,0.0,2.0,2413.0
2026-09-21 10:14:15,2026-09-21T09:58:50,767.39,2026-09-21,C,731.0,35.82,36.55,370.0,151.0,36.37,0.0,0.9968,0.0007,-0.0129,0.0021,0.0,89.0,19.0
2026-09-21 10:14:15,2026-09-21T09:58:50,767.39,2026-09-21,P,731.0,0.0,0.01,0.0,6472.0,0.01,0.6011,-0.0032,0.0007,-0.0129,0.0021,0.0,10.0,7564.0
2026-09-21 10:14:15,2026-09-21T09:58:50,767.39,2026-09-21,C,732.0,34.77,35.55,114.0,114.0,35.28,0.0,0.9967,0.0007,-0.0129,0.0022,0.0,220.0,32.0
2026-09-21 10:14:15,2026-09-21T09:58:50,767.39,2026-09-21,P,732.0,0.0,0.01,0.0,6444.0,0.01,0.5856,-0.0033,0.0007,-0.0129,0.0022,0.0,6.0,881.0
2026-09-21 10:14:15,2026-09-21T09:58:50,767.39,2026-09-21,C,733.0,33.83,34.55,129.0,129.0,34.49,0.0,0.9966,0.0008,-0.013,0.0022,0.0,79.0,63.0
2026-09-21 10:14:15,2026-09-21T09:58:50,767.39,2026-09-21,P,733.0,0.0,0.01,0.0,6415.0,0.01,0.5701,-0.0034,0.0008,-0.013,0.0022,0.0,4.0,2919.0
2026-09-21 10:14:15,2026-09-21T09:58:50,767.39,2026-09-21,C,734.0,33.1,33.5,292.0,136.0,32.32,0.0,0.9965,0.0008,-0.013,0.0023,0.0,8.0,56.0
2026-09-21 10:14:15,2026-09-21T09:58:50,767.39,2026-09-21,P,734.0,0.0,0.01,0.0,6387.0,0.05,0.5546,-0.0035,0.0008,-0.0131,0.0023,0.0,0.0,773.0
2026-09-21 10:14:15,2026-09-21T09:58:50,767.39,2026-09-21,C,735.0,32.18,32.52,353.0,127.0,32.52,0.0,0.9964,0.0009,-0.0131,0.0023,0.0,244.0,24.0
2026-09-21 10:14:15,2026-09-21T09:58:50,767.39,2026-09-21,P,735.0,0.0,0.01,0.0,6356.0,0.01,0.539,-0.0036,0.0009,-0.0131,0.0023,0.0,12.0,1578.0
2026-09-21 10:14:15,2026-09-21T09:58:50,767.39,2026-09-21,C,736.0,31.25,31.55,69.0,132.0,31.48,0.0,0.9963,0.0009,-0.0132,0.0024,0.0,28.0,16.0
2026-09-21 10:14:15,2026-09-21T09:58:50,767.39,2026-09-21,P,736.0,0.0,0.01,0.0,6323.0,0.01,0.5235,-0.0037,0.0009,-0.0132,0.0024,0.0,6.0,2021.0
2026-09-21 10:14:15,2026-09-21T09:58:50,767.39,2026-09-21,C,737.0,30.34,30.41,40.0,99.0,30.48,0.0,0.9962,0.001,-0.0132,0.0025,0.0,36.0,17.0
2026-09-21 10:14:15,2026-09-21T09:58:50,767.39,2026-09-21,P,737.0,0.0,0.01,0.0,6245.0,0.01,0.5079,-0.0038,0.001,-0.0132,0.0025,0.0,6.0,1437.0
2026-09-21 10:14:15,2026-09-21T09:58:50,767.39,2026-09-21,C,738.0,29.34,29.41,66.0,99.0,28.98,0.0,0.9961,0.001,-0.0133,0.0026,0.0,101.0,22.0
2026-09-21 10:14:15,2026-09-21T09:58:50,767.39,2026-09-21,P,738.0,0.0,0.01,0.0,6133.0,0.02,0.4924,-0.0039,0.001,-0.0133,0.0026,0.0,10.0,1180.0
2026-09-21 10:14:15,2026-09-21T09:58:50,767.39,2026-09-21,C,739.0,28.34,28.41,42.0,99.0,27.57,0.0,0.9959,0.0011,-0.0134,0.0026,0.0,49.0,30.0
2026-09-21 10:14:15,2026-09-21T09:58:50,767.39,2026-09-21,P,739.0,0.0,0.01,0.0,6076.0,0.01,0.4768,-0.0041,0.0011,-0.0134,0.0026,0.0,28.0,1347.0
2026-09-21 10:14:15,2026-09-21T09:58:50,767.39,2026-09-21,C,740.0,27.34,27.41,67.0,99.0,27.44,0.0,0.9958,0.0012,-0.0134,0.0027,0.0,84.0,42.0
2026-09-21 10:14:15,2026-09-21T09:58:50,767.39,2026-09-21,P,740.0,0.0,0.01,0.0,5955.0,0.01,0.4612,-0.0042,0.0012,-0.0134,0.0027,0.0,3657.0,5789.0
2026-09-21 10:14:15,2026-09-21T09:58:50,767.39,2026-09-21,C,741.0,26.34,26.41,67.0,99.0,26.36,0.0,0.9956,0.0012,-0.0135,0.0028,0.0,62.0,38.0
2026-09-21 10:14:15,2026-09-21T09:58:50,767.39,2026-09-21,P,741.0,0.0,0.01,0.0,5668.0,0.01,0.4455,-0.0044,0.0012,-0.0135,0.0028,0.0,147.0,2863.0
2026-09-21 10:14:15,2026-09-21T09:58:50,767.39,2026-09-21,C,742.0,25.34,25.41,68.0,99.0,25.44,0.0,0.9955,0.0013,-0.0135,0.0029,0.0,275.0,11.0
2026-09-21 10:14:15,2026-09-21T09:58:50,767.39,2026-09-21,P,742.0,0.0,0.01,0.0,5320.0,0.01,0.4299,-0.0045,0.0013,-0.0136,0.0029,0.0,548.0,1915.0
2026-09-21 10:14:15,2026-09-21T09:58:50,767.39,2026-09-21,C,743.0,24.34,24.41,72.0,100.0,24.49,0.0,0.9953,0.0014,-0.0136,0.003,0.0,41.0,71.0
2026-09-21 10:14:15,2026-09-21T09:58:50,767.39,2026-09-21,P,743.0,0.0,0.01,0.0,5038.0,0.01,0.4142,-0.0047,0.0014,-0.0136,0.003,0.0,660.0,2810.0
2026-09-21 10:14:15,2026-09-21T09:58:50,767.39,2026-09-21,C,744.0,23.34,23.42,79.0,72.0,23.22,0.0,0.9951,0.0015,-0.0137,0.0031,0.0,78.0,47.0
2026-09-21 10:14:15,2026-09-21T09:58:50,767.39,2026-09-21,P,744.0,0.0,0.01,0.0,4475.0,0.01,0.3985,-0.0049,0.0015,-0.0137,0.0031,0.0,2002.0,1802.0
2026-09-21 10:14:15,2026-09-21T09:58:50,767.39,2026-09-21,C,745.0,22.34,22.42,86.0,100.0,22.34,0.0,0.9949,0.0016,-0.0138,0.0032,0.0,77.0,84.0
2026-09-21 10:14:15,2026-09-21T09:58:50,767.39,2026-09-21,P,745.0,0.01,0.02,5547.0,6031.0,0.02,0.4275,-0.0051,0.0016,-0.0138,0.0032,0.0,8321.0,18475.0
2026-09-21 10:14:15,2026-09-21T09:58:50,767.39,2026-09-21,C,746.0,21.34,21.42,28.0,129.0,21.32,0.0,0.9947,0.0018,-0.0138,0.0034,0.0,184.0,65.0
2026-09-21 10:14:15,2026-09-21T09:58:50,767.39,2026-09-21,P,746.0,0.01,0.02,5622.0,6483.0,0.02,0.4102,-0.0053,0.0018,-0.0139,0.0034,0.0,1277.0,1979.0
2026-09-21 10:14:15,2026-09-21T09:58:50,767.39,2026-09-21,C,747.0,20.34,20.42,100.0,100.0,20.52,0.0,0.9945,0.0019,-0.014,0.0035,0.0,207.0,18.0
2026-09-21 10:14:15,2026-09-21T09:58:50,767.39,2026-09-21,P,747.0,0.01,0.02,5704.0,6435.0,0.01,0.3929,-0.0055,0.0019,-0.014,0.0035,0.0,2882.0,2684.0
2026-09-21 10:14:15,2026-09-21T09:58:50,767.39,2026-09-21,C,748.0,19.34,19.42,88.0,100.0,19.49,0.0,0.9942,0.0021,-0.0141,0.0037,0.0,169.0,61.0
2026-09-21 10:14:15,2026-09-21T09:58:50,767.39,2026-09-21,P,748.0,0.01,0.02,5879.0,5971.0,0.01,0.3755,-0.0058,0.0021,-0.0141,0.0037,0.0,2610.0,4869.0
2026-09-21 10:14:15,2026-09-21T09:58:50,767.39,2026-09-21,C,749.0,18.36,18.38,116.0,47.0,18.4,0.0,0.9939,0.0023,-0.0142,0.0039,0.0,383.0,83.0
2026-09-21 10:14:15,2026-09-21T09:58:50,767.39,2026-09-21,P,749.0,0.01,0.02,5940.0,5917.0,0.01,0.3581,-0.0061,0.0023,-0.0142,0.0039,0.0,1927.0,5143.0
2026-09-21 10:14:15,2026-09-21T09:58:50,767.39,2026-09-21,C,750.0,17.36,17.38,46.0,46.0,17.3,0.0,0.9936,0.0026,-0.0144,0.0041,0.0,817.0,477.0
2026-09-21 10:14:15,2026-09-21T09:58:50,767.39,2026-09-21,P,750.0,0.01,0.02,5891.0,5862.0,0.01,0.3406,-0.0064,0.0026,-0.0144,0.0041,0.0,9720.0,16881.0
2026-09-21 10:14:15,2026-09-21T09:58:50,767.39,2026-09-21,C,751.0,16.35,16.42,46.0,123.0,16.37,0.0604,0.9932,0.0028,-0.0146,0.0043,0.0,139.0,334.0
2026-09-21 10:14:15,2026-09-21T09:58:50,767.39,2026-09-21,P,751.0,0.01,0.02,5836.0,5706.0,0.01,0.323,-0.0068,0.0028,-0.0146,0.0043,0.0,1454.0,2776.0
2026-09-21 10:14:15,2026-09-21T09:58:50,767.39,2026-09-21,C,752.0,15.35,15.42,51.0,122.0,14.29,0.0,0.9927,0.0032,-0.015,0.0046,0.0,55.0,298.0
2026-09-21 10:14:15,2026-09-21T09:58:50,767.39,2026-09-21,P,752.0,0.01,0.02,5784.0,5107.0,0.02,0.3053,-0.0073,0.0032,-0.015,0.0046,0.0,963.0,3260.0
2026-09-21 10:14:15,2026-09-21T09:58:50,767.39,2026-09-21,C,753.0,14.35,14.42,44.0,122.0,14.36,0.0,0.9921,0.0036,-0.0154,0.005,0.0,49.0,321.0
2026-09-21 10:14:15,2026-09-21T09:58:50,767.39,2026-09-21,P,753.0,0.01,0.02,5721.0,4504.0,0.01,0.2876,-0.0079,0.0036,-0.0154,0.0049,0.0,2022.0,2802.0
2026-09-21 10:14:15,2026-09-21T09:58:50,767.39,2026-09-21,C,754.0,13.35,13.42,84.0,122.0,13.34,0.0313,0.9914,0.0041,-0.016,0.0054,0.0,138.0,569.0
2026-09-21 10:14:15,2026-09-21T09:58:50,767.39,2026-09-21,P,754.0,0.02,0.03,3067.0,5876.0,0.02,0.2877,-0.0086,0.0041,-0.016,0.0054,0.0,2768.0,2348.0
2026-09-21 10:14:15,2026-09-21T09:58:50,767.39,2026-09-21,C,755.0,12.37,12.38,37.0,1.0,12.47,0.0,0.9904,0.0048,-0.0169,0.0059,0.0,1301.0,1471.0
2026-09-21 10:14:15,2026-09-21T09:58:50,767.39,2026-09-21,P,755.0,0.02,0.03,4955.0,5723.0,0.03,0.2689,-0.0096,0.0048,-0.0169,0.0059,0.0,4559.0,21487.0
2026-09-21 10:14:15,2026-09-21T09:58:50,767.39,2026-09-21,C,756.0,11.35,11.43,89.0,100.0,11.5,0.2064,0.9891,0.0057,-0.0183,0.0066,0.0,401.0,768.0
2026-09-21 10:14:15,2026-09-21T09:58:50,767.39,2026-09-21,P,756.0,0.02,0.03,5375.0,5372.0,0.03,0.2499,-0.0109,0.0057,-0.0183,0.0066,0.0,1195.0,4124.0
2026-09-21 10:14:15,2026-09-21T09:58:50,767.39,2026-09-21,C,757.0,10.37,10.39,46.0,123.0,10.42,0.0,0.9873,0.007,-0.0203,0.0076,0.0,3274.0,3398.0
2026-09-21 10:14:15,2026-09-21T09:58:50,767.39,2026-09-21,P,757.0,0.03,0.04,1507.0,5582.0,0.03,0.2422,-0.0126,0.007,-0.0203,0.0076,0.0,2572.0,6135.0
2026-09-21 10:14:15,2026-09-21T09:58:50,767.39,2026-09-21,C,758.0,9.36,9.43,94.0,100.0,9.53,0.1875,0.9848,0.0088,-0.0233,0.0089,0.0,213.0,1431.0
2026-09-21 10:14:15,2026-09-21T09:58:50,767.39,2026-09-21,P,758.0,0.03,0.04,2424.0,5371.0,0.03,0.2221,-0.0152,0.0088,-0.0233,0.0089,0.0,7130.0,6814.0
2026-09-21 10:14:15,2026-09-21T09:58:50,767.39,2026-09-21,C,759.0,8.38,8.4,116.0,46.0,8.44,0.0246,0.981,0.0114,-0.028,0.0107,0.0,674.0,3109.0
2026-09-21 10:14:15,2026-09-21T09:58:50,767.39,2026-09-21,P,759.0,0.03,0.04,4592.0,4241.0,0.04,0.2019,-0.019,0.0114,-0.0279,0.0107,0.0,9024.0,9099.0
2026-09-21 10:14:15,2026-09-21T09:58:50,767.39,2026-09-21,C,760.0,7.39,7.4,114.0,77.0,7.55,0.1399,0.9752,0.0153,-0.0351,0.0134,0.0,1047.0,6853.0
2026-09-21 10:14:15,2026-09-21T09:58:50,767.39,2026-09-21,P,760.0,0.04,0.05,3870.0,4418.0,0.04,0.189,-0.0247,0.0152,-0.035,0.0134,0.0,12620.0,15275.0
2026-09-21 10:14:15,2026-09-21T09:58:50,767.39,2026-09-21,C,761.0,6.4,6.42,117.0,48.0,6.42,0.1469,0.9665,0.0212,-0.046,0.0172,0.0,1989.0,5926.0
2026-09-21 10:14:15,2026-09-21T09:58:50,767.39,2026-09-21,P,761.0,0.05,0.06,3585.0,3610.0,0.05,0.1737,-0.0334,0.0211,-0.0459,0.0171,0.0,9559.0,9645.0
2026-09-21 10:14:15,2026-09-21T09:58:50,767.39,2026-09-21,C,762.0,5.42,5.43,68.0,1.0,5.46,0.139,0.9528,0.0304,-0.0631,0.0224,0.0,7188.0,8574.0
2026-09-21 10:14:15,2026-09-21T09:58:50,767.39,2026-09-21,P,762.0,0.07,0.08,2751.0,3400.0,0.08,0.1608,-0.0469,0.0302,-0.0628,0.0224,0.0,17095.0,6835.0
2026-09-21 10:14:15,2026-09-21T09:58:50,767.39,2026-09-21,C,763.0,4.45,4.46,36.0,1.0,4.55,0.1302,0.9312,0.0445,-0.0901,0.0298,0.0,6175.0,8346.0
2026-09-21 10:14:15,2026-09-21T09:58:50,767.39,2026-09-21,P,763.0,0.09,0.1,2631.0,1610.0,0.1,0.1443,-0.0684,0.0443,-0.0896,0.0297,0.0,25045.0,6849.0
2026-09-21 10:14:15,2026-09-21T09:58:50,767.39,2026-09-21,C,764.0,3.5,3.51,94.0,227.0,3.5,0.1213,0.8958,0.0667,-0.135,0.0401,0.0,9468.0,6049.0
2026-09-21 10:14:15,2026-09-21T09:58:50,767.39,2026-09-21,P,764.0,0.14,0.15,1664.0,1026.0,0.15,0.1322,-0.1042,0.0667,-0.135,0.0401,0.0,35252.0,1764.0
2026-09-21 10:14:15,2026-09-21T09:58:50,767.39,2026-09-21,C,765.0,2.58,2.59,140.0,41.0,2.6,0.1139,0.8354,0.1004,-0.2156,0.0539,0.0,13890.0,10594.0
2026-09-21 10:14:15,2026-09-21T09:58:50,767.39,2026-09-21,P,765.0,0.22,0.23,2188.0,455.0,0.23,0.1197,-0.1646,0.1004,-0.2156,0.0539,0.0,51395.0,1927.0
2026-09-21 10:14:15,2026-09-21T09:58:50,767.39,2026-09-21,C,766.0,1.74,1.75,317.0,21.0,1.75,0.106,0.7325,0.1454,-0.3701,0.0701,0.0,39316.0,5357.0
2026-09-21 10:14:15,2026-09-21T09:58:50,767.39,2026-09-21,P,766.0,0.39,0.4,812.0,806.0,0.4,0.1103,-0.2675,0.1454,-0.3701,0.0701,0.0,76594.0,558.0
2026-09-21 10:14:15,2026-09-21T09:58:50,767.39,2026-09-21,C,767.0,1.04,1.05,578.0,531.0,1.05,0.0993,0.5752,0.1845,-0.6626,0.0822,0.0,100944.0,4728.0
2026-09-21 10:14:15,2026-09-21T09:58:50,767.39,2026-09-21,P,767.0,0.68,0.69,637.0,575.0,0.68,0.1042,-0.4248,0.1845,-0.6626,0.0822,0.0,62677.0,636.0
2026-09-21 10:14:15,2026-09-21T09:58:50,767.39,2026-09-21,C,768.0,0.54,0.55,709.0,703.0,0.55,0.0969,0.386,0.1857,-0.5574,0.0804,0.0,87214.0,7227.0
2026-09-21 10:14:15,2026-09-21T09:58:50,767.39,2026-09-21,P,768.0,1.18,1.19,292.0,211.0,1.2,0.1019,-0.614,0.1857,-0.5574,0.0804,0.0,17815.0,334.0
2026-09-21 10:14:15,2026-09-21T09:58:50,767.39,2026-09-21,C,769.0,0.25,0.26,300.0,1439.0,0.25,0.0978,0.2214,0.1429,-0.2644,0.064,0.0,56847.0,5303.0
2026-09-21 10:14:15,2026-09-21T09:58:50,767.39,2026-09-21,P,769.0,1.89,1.9,128.0,105.0,1.9,0.1042,-0.7786,0.1429,-0.2644,0.064,0.0,5423.0,318.0
2026-09-21 10:14:15,2026-09-21T09:58:50,767.39,2026-09-21,C,770.0,0.11,0.12,1109.0,1948.0,0.12,0.1017,0.1174,0.0903,-0.1251,0.0439,0.0,92728.0,29669.0
2026-09-21 10:14:15,2026-09-21T09:58:50,767.39,2026-09-21,P,770.0,2.75,2.76,153.0,105.0,2.76,0.1089,-0.8826,0.0903,-0.1251,0.0439,0.0,3406.0,828.0
2026-09-21 10:14:15,2026-09-21T09:58:50,767.39,2026-09-21,C,771.0,0.05,0.06,2605.0,2429.0,0.06,0.1085,0.0639,0.0531,-0.0652,0.0288,0.0,16240.0,4731.0
2026-09-21 10:14:15,2026-09-21T09:58:50,767.39,2026-09-21,P,771.0,3.7,3.71,74.0,49.0,3.66,0.1229,-0.9361,0.0531,-0.0652,0.0288,0.0,1381.0,69.0
2026-09-21 10:14:15,2026-09-21T09:58:50,767.39,2026-09-21,C,772.0,0.03,0.04,3754.0,3779.0,0.04,0.1207,0.038,0.0321,-0.0388,0.0195,0.0,8228.0,3586.0
2026-09-21 10:14:15,2026-09-21T09:58:50,767.39,2026-09-21,P,772.0,4.67,4.69,46.0,117.0,4.65,0.1384,-0.9623,0.0319,-0.0385,0.0194,0.0,667.0,119.0
2026-09-21 10:14:15,2026-09-21T09:58:50,767.39,2026-09-21,C,773.0,0.02,0.03,4714.0,4659.0,0.03,0.1343,0.0247,0.0204,-0.026,0.0138,0.0,3011.0,3885.0
2026-09-21 10:14:15,2026-09-21T09:58:50,767.39,2026-09-21,P,773.0,5.66,5.68,46.0,88.0,5.59,0.1569,-0.9755,0.0203,-0.0258,0.0138,0.0,179.0,0.0
2026-09-21 10:14:15,2026-09-21T09:58:50,767.39,2026-09-21,C,774.0,0.01,0.02,5474.0,3996.0,0.02,0.1432,0.0177,0.014,-0.0197,0.0105,0.0,1931.0,2988.0
2026-09-21 10:14:15,2026-09-21T09:58:50,767.39,2026-09-21,P,774.0,6.62,6.69,106.0,57.0,6.67,0.1667,-0.9823,0.014,-0.0196,0.0105,0.0,86.0,10.0
2026-09-21 10:14:15,2026-09-21T09:58:50,767.39,2026-09-21,C,775.0,0.01,0.02,5820.0,5450.0,0.02,0.1618,0.014,0.0104,-0.0166,0.0086,0.0,453.0,2242.0
2026-09-21 10:14:15,2026-09-21T09:58:50,767.39,2026-09-21,P,775.0,7.61,7.68,115.0,40.0,7.65,0.1834,-0.986,0.0104,-0.0165,0.0085,0.0,184.0,0.0
2026-09-21 10:14:15,2026-09-21T09:58:50,767.39,2026-09-21,C,776.0,0.01,0.02,5711.0,6210.0,0.02,0.18,0.0118,0.0082,-0.0151,0.0074,0.0,575.0,860.0
2026-09-21 10:14:15,2026-09-21T09:58:50,767.39,2026-09-21,P,776.0,8.61,8.68,150.0,24.0,8.76,0.1986,-0.9882,0.0082,-0.0151,0.0073,0.0,264.0,10.0
2026-09-21 10:14:15,2026-09-21T09:58:50,767.39,2026-09-21,C,777.0,0.01,0.02,3552.0,5954.0,0.01,0.198,0.0105,0.0067,-0.0143,0.0066,0.0,14364.0,2233.0
2026-09-21 10:14:15,2026-09-21T09:58:50,767.39,2026-09-21,P,777.0,9.65,9.67,45.0,112.0,9.66,0.236,-0.9896,0.0067,-0.0143,0.0066,0.0,280.0,0.0
2026-09-21 10:14:15,2026-09-21T09:58:50,767.39,2026-09-21,C,778.0,0.0,0.01,0.0,4792.0,0.01,0.1903,0.0095,0.0057,-0.014,0.006,0.0,121.0,817.0
2026-09-21 10:14:15,2026-09-21T09:58:50,767.39,2026-09-21,P,778.0,10.47,11.15,100.0,139.0,10.53,0.3367,-0.9905,0.0057,-0.014,0.006,0.0,1.0,0.0
2026-09-21 10:14:15,2026-09-21T09:58:50,767.39,2026-09-21,C,779.0,0.0,0.01,0.0,5641.0,0.01,0.2063,0.0088,0.0049,-0.0138,0.0055,0.0,4.0,835.0
2026-09-21 10:14:15,2026-09-21T09:58:50,767.39,2026-09-21,P,779.0,11.46,12.04,304.0,263.0,11.53,0.336,-0.9912,0.0049,-0.0138,0.0055,0.0,2.0,0.0
2026-09-21 10:14:15,2026-09-21T09:58:50,767.39,2026-09-21,C,780.0,0.0,0.01,0.0,6006.0,0.01,0.222,0.0082,0.0043,-0.0136,0.0052,0.0,13.0,2288.0
2026-09-21 10:14:15,2026-09-21T09:58:50,767.39,2026-09-21,P,780.0,12.46,13.17,298.0,141.0,13.14,0.3866,-0.9918,0.0043,-0.0136,0.0052,0.0,56.0,0.0
2026-09-21 10:14:15,2026-09-21T09:58:50,767.39,2026-09-21,C,781.0,0.0,0.01,0.0,6335.0,0.01,0.2377,0.0076,0.0038,-0.0136,0.0048,0.0,23.0,930.0
2026-09-21 10:14:15,2026-09-21T09:58:50,767.39,2026-09-21,P,781.0,13.46,14.21,298.0,144.0,13.53,0.4182,-0.9924,0.0038,-0.0136,0.0048,0.0,10.0,10.0
2026-09-21 10:14:15,2026-09-21T09:58:50,767.39,2026-09-21,C,782.0,0.0,0.01,0.0,6587.0,0.01,0.2533,0.0072,0.0034,-0.0135,0.0046,0.0,144.0,596.0
2026-09-21 10:14:15,2026-09-21T09:58:50,767.39,2026-09-21,P,782.0,14.46,15.21,297.0,139.0,14.5,0.4418,-0.9928,0.0034,-0.0135,0.0046,0.0,21.0,0.0
2026-09-21 10:14:15,2026-09-21T09:58:50,767.39,2026-09-21,C,783.0,0.0,0.01,0.0,6659.0,0.01,0.2687,0.0068,0.0031,-0.0135,0.0044,0.0,108.0,2107.0
2026-09-21 10:14:15,2026-09-21T09:58:50,767.39,2026-09-21,P,783.0,15.46,16.15,295.0,100.0,22.72,0.4522,-0.9932,0.0031,-0.0134,0.0043,0.0,0.0,0.0
2026-09-21 10:14:15,2026-09-21T09:58:50,767.39,2026-09-21,C,784.0,0.0,0.01,0.0,6722.0,0.01,0.284,0.0065,0.0028,-0.0134,0.0041,0.0,0.0,346.0
2026-09-21 10:14:15,2026-09-21T09:58:50,767.39,2026-09-21,P,784.0,16.46,17.15,295.0,100.0,23.92,0.4749,-0.9935,0.0028,-0.0134,0.0041,0.0,0.0,0.0
2026-09-21 10:14:15,2026-09-21T09:58:50,767.39,2026-09-21,C,785.0,0.0,0.01,0.0,6782.0,0.01,0.2993,0.0062,0.0025,-0.0134,0.004,0.0,1.0,490.0
2026-09-21 10:14:15,2026-09-21T09:58:50,767.39,2026-09-21,P,785.0,17.46,18.21,296.0,138.0,17.85,0.5112,-0.9938,0.0025,-0.0134,0.0039,0.0,1.0,0.0
2026-09-21 10:14:15,2026-09-21T09:58:50,767.39,2026-09-21,C,786.0,0.0,0.01,0.0,6835.0,0.01,0.3144,0.0059,0.0023,-0.0133,0.0038,0.0,9.0,1683.0
2026-09-21 10:14:15,2026-09-21T09:58:50,767.39,2026-09-21,P,786.0,18.46,19.21,295.0,100.0,24.78,0.5339,-0.9941,0.0023,-0.0133,0.0038,0.0,0.0,0.0
2026-09-21 10:14:15,2026-09-21T09:58:50,767.39,2026-09-21,C,787.0,0.0,0.01,0.0,6823.0,0.01,0.3295,0.0056,0.0021,-0.0133,0.0036,0.0,0.0,1400.0
2026-09-21 10:14:15,2026-09-21T09:58:50,767.39,2026-09-21,P,787.0,19.46,20.22,296.0,289.0,24.71,0.5587,-0.9944,0.0021,-0.0133,0.0036,0.0,0.0,0.0
2026-09-21 10:14:15,2026-09-21T09:58:50,767.39,2026-09-21,C,788.0,0.0,0.01,0.0,6866.0,0.01,0.3445,0.0054,0.002,-0.0132,0.0035,0.0,1.0,1010.0
2026-09-21 10:14:15,2026-09-21T09:58:50,767.39,2026-09-21,P,788.0,20.21,21.1,87.0,80.0,26.31,0.4541,-0.9946,0.002,-0.0132,0.0035,0.0,0.0,0.0
2026-09-21 10:14:15,2026-09-21T09:58:50,767.39,2026-09-21,C,789.0,0.0,0.01,0.0,6906.0,0.02,0.3594,0.0052,0.0018,-0.0132,0.0033,0.0,0.0,6906.0
2026-09-21 10:14:15,2026-09-21T09:58:50,767.39,2026-09-21,P,789.0,21.16,22.08,69.0,69.0,27.76,0.4154,-0.9948,0.0018,-0.0132,0.0033,0.0,0.0,0.0
2026-09-21 10:14:15,2026-09-21T09:58:50,767.39,2026-09-21,C,790.0,0.0,0.01,0.0,6946.0,0.01,0.3742,0.005,0.0017,-0.0132,0.0032,0.0,5.0,6747.0
2026-09-21 10:14:15,2026-09-21T09:58:50,767.39,2026-09-21,P,790.0,22.16,23.09,72.0,69.0,28.71,0.4435,-0.995,0.0017,-0.0132,0.0032,0.0,0.0,0.0
2026-09-21 10:14:15,2026-09-21T09:58:50,767.39,2026-09-21,C,791.0,0.0,0.01,0.0,6979.0,0.02,0.389,0.0048,0.0016,-0.0131,0.0031,0.0,0.0,221.0
2026-09-21 10:14:15,2026-09-21T09:58:50,767.39,2026-09-21,P,791.0,23.06,24.08,69.0,69.0,31.84,0.0,-0.9952,0.0016,-0.0131,0.0031,0.0,0.0,0.0
2026-09-21 10:14:15,2026-09-21T09:58:50,767.39,2026-09-21,C,792.0,0.0,0.01,0.0,7014.0,0.01,0.4037,0.0047,0.0015,-0.0131,0.003,0.0,0.0,485.0
2026-09-21 10:14:15,2026-09-21T09:58:50,767.39,2026-09-21,P,792.0,24.06,25.09,68.0,68.0,32.97,0.0,-0.9953,0.0015,-0.0131,0.003,0.0,0.0,0.0
2026-09-21 10:14:15,2026-09-21T09:58:50,767.39,2026-09-21,C,793.0,0.0,0.01,0.0,7043.0,0.01,0.4184,0.0045,0.0014,-0.013,0.0029,0.0,0.0,26.0
2026-09-21 10:14:15,2026-09-21T09:58:50,767.39,2026-09-21,P,793.0,25.05,26.09,69.0,69.0,31.68,0.0,-0.9955,0.0014,-0.013,0.0029,0.0,0.0,0.0
2026-09-21 10:14:15,2026-09-21T09:58:50,767.39,2026-09-21,C,794.0,0.0,0.01,0.0,7070.0,0.01,0.4329,0.0044,0.0013,-0.013,0.0028,0.0,0.0,530.0
2026-09-21 10:14:15,2026-09-21T09:58:50,767.39,2026-09-21,P,794.0,26.08,27.17,68.0,68.0,32.59,0.5108,-0.9956,0.0013,-0.013,0.0028,0.0,0.0,0.0
2026-09-21 10:14:15,2026-09-21T09:58:50,767.39,2026-09-21,C,795.0,0.0,0.01,0.0,7099.0,0.02,0.4474,0.0042,0.0012,-0.013,0.0027,0.0,0.0,543.0
2026-09-21 10:14:15,2026-09-21T09:58:50,767.39,2026-09-21,P,795.0,27.02,28.24,68.0,68.0,33.86,0.5388,-0.9958,0.0012,-0.013,0.0027,0.0,0.0,0.0
2026-09-21 10:14:15,2026-09-21T09:58:50,767.39,2026-09-21,C,796.0,0.0,0.01,0.0,7127.0,0.02,0.4619,0.0041,0.0012,-0.0129,0.0027,0.0,0.0,1.0
2026-09-21 10:14:15,2026-09-21T09:58:50,767.39,2026-09-21,P,796.0,28.06,29.09,68.0,68.0,34.39,0.0,-0.9959,0.0011,-0.0129,0.0027,0.0,0.0,0.0
2026-09-21 10:14:15,2026-09-21T09:58:50,767.39,2026-09-21,C,797.0,0.0,0.01,0.0,7154.0,0.02,0.4763,0.004,0.0011,-0.0129,0.0026,0.0,0.0,170.0
2026-09-21 10:14:15,2026-09-21T09:58:50,767.39,2026-09-21,P,797.0,29.1,30.11,69.0,69.0,36.67,0.4766,-0.996,0.0011,-0.0129,0.0026,0.0,0.0,0.0
2026-09-21 10:14:15,2026-09-21T09:58:50,767.39,2026-09-21,C,798.0,0.0,0.01,0.0,7178.0,0.02,0.4906,0.0039,0.001,-0.0129,0.0025,0.0,0.0,115.0
2026-09-21 10:14:15,2026-09-21T09:58:50,767.39,2026-09-21,P,798.0,30.07,31.12,68.0,68.0,39.06,0.0,-0.9961,0.001,-0.0129,0.0025,0.0,0.0,0.0
2026-09-21 10:14:15,2026-09-21T09:58:50,767.39,2026-09-21,C,799.0,0.0,0.01,0.0,7207.0,0.01,0.5049,0.0038,0.001,-0.0128,0.0024,0.0,0.0,23.0
2026-09-21 10:14:15,2026-09-21T09:58:50,767.39,2026-09-21,P,799.0,31.03,32.09,68.0,68.0,37.77,0.0,-0.9962,0.001,-0.0128,0.0024,0.0,0.0,0.0
2026-09-21 10:14:15,2026-09-21T09:58:50,767.39,2026-09-21,C,800.0,0.0,0.01,0.0,7230.0,0.01,0.5192,0.0037,0.0009,-0.0128,0.0024,0.0,2.0,935.0
2026-09-21 10:14:15,2026-09-21T09:58:50,767.39,2026-09-21,P,800.0,32.06,33.11,69.0,69.0,38.52,0.0,-0.9963,0.0009,-0.0128,0.0024,0.0,0.0,1.0
2026-09-21 10:14:15,2026-09-21T09:58:50,767.39,2026-09-21,C,801.0,0.0,0.01,0.0,7258.0,0.01,0.5333,0.0036,0.0009,-0.0127,0.0023,0.0,0.0,242.0
2026-09-21 10:14:15,2026-09-21T09:58:50,767.39,2026-09-21,P,801.0,33.1,34.09,69.0,69.0,39.82,0.0,-0.9964,0.0009,-0.0127,0.0023,0.0,0.0,0.0
2026-09-21 10:14:15,2026-09-21T09:58:50,767.39,2026-09-21,C,802.0,0.0,0.01,0.0,7282.0,0.01,0.5475,0.0035,0.0008,-0.0127,0.0023,0.0,0.0,1043.0
2026-09-21 10:14:15,2026-09-21T09:58:50,767.39,2026-09-21,P,802.0,34.1,35.09,69.0,69.0,42.57,0.0,-0.9965,0.0008,-0.0127,0.0023,0.0,0.0,0.0
2026-09-21 10:14:15,2026-09-21T09:58:50,767.39,2026-09-21,C,803.0,0.0,0.01,0.0,7306.0,0.01,0.5616,0.0034,0.0008,-0.0127,0.0022,0.0,0.0,958.0
2026-09-21 10:14:15,2026-09-21T09:58:50,767.39,2026-09-21,P,803.0,35.07,36.09,68.0,68.0,43.44,0.0,-0.9966,0.0008,-0.0127,0.0022,0.0,0.0,0.0
2026-09-21 10:14:15,2026-09-21T09:58:50,767.39,2026-09-21,C,804.0,0.0,0.01,0.0,7331.0,0.02,0.5756,0.0033,0.0008,-0.0126,0.0022,0.0,0.0,65.0
2026-09-21 10:14:15,2026-09-21T09:58:50,767.39,2026-09-21,P,804.0,36.1,37.09,68.0,68.0,42.69,0.0,-0.9967,0.0008,-0.0126,0.0022,0.0,0.0,0.0
2026-09-21 10:14:15,2026-09-21T09:58:50,767.39,2026-09-21,C,805.0,0.0,0.01,0.0,7354.0,0.01,0.5896,0.0032,0.0007,-0.0126,0.0021,0.0,0.0,41.0
2026-09-21 10:14:15,2026-09-21T09:58:50,767.39,2026-09-21,P,805.0,37.08,38.11,69.0,69.0,43.96,0.0,-0.9968,0.0007,-0.0126,0.0021,0.0,0.0,0.0
2026-09-21 10:19:16,2026-09-21T10:03:50,767.49,2026-09-21,C,730.0,37.06,37.79,360.0,134.0,37.19,0.0,0.9968,0.0007,-0.0135,0.0021,0.0,23.0,29.0
2026-09-21 10:19:16,2026-09-21T10:03:50,767.49,2026-09-21,P,730.0,0.0,0.01,0.0,6500.0,0.01,0.6214,-0.0032,0.0007,-0.0135,0.0021,0.0,2.0,2413.0
2026-09-21 10:19:16,2026-09-21T10:03:50,767.49,2026-09-21,C,731.0,36.07,36.79,125.0,125.0,36.37,0.0,0.9967,0.0007,-0.0136,0.0022,0.0,89.0,19.0
2026-09-21 10:19:16,2026-09-21T10:03:50,767.49,2026-09-21,P,731.0,0.0,0.01,0.0,6472.0,0.01,0.6058,-0.0033,0.0007,-0.0136,0.0022,0.0,10.0,7564.0
2026-09-21 10:19:16,2026-09-21T10:03:50,767.49,2026-09-21,C,732.0,35.16,35.78,291.0,292.0,35.57,0.5902,0.9966,0.0008,-0.0136,0.0022,0.0,270.0,32.0
2026-09-21 10:19:16,2026-09-21T10:03:50,767.49,2026-09-21,P,732.0,0.0,0.01,0.0,6444.0,0.01,0.5902,-0.0034,0.0008,-0.0136,0.0022,0.0,6.0,881.0
2026-09-21 10:19:16,2026-09-21T10:03:50,767.49,2026-09-21,C,733.0,34.12,34.79,363.0,138.0,34.7,0.0,0.9965,0.0008,-0.0137,0.0023,0.0,140.0,63.0
2026-09-21 10:19:16,2026-09-21T10:03:50,767.49,2026-09-21,P,733.0,0.0,0.01,0.0,6416.0,0.01,0.5746,-0.0035,0.0008,-0.0137,0.0023,0.0,4.0,2919.0
2026-09-21 10:19:16,2026-09-21T10:03:50,767.49,2026-09-21,C,734.0,33.1,33.79,292.0,142.0,33.56,0.0,0.9964,0.0008,-0.0137,0.0023,0.0,150.0,56.0
2026-09-21 10:19:16,2026-09-21T10:03:50,767.49,2026-09-21,P,734.0,0.0,0.01,0.0,6388.0,0.05,0.559,-0.0036,0.0008,-0.0137,0.0023,0.0,0.0,773.0
2026-09-21 10:19:16,2026-09-21T10:03:50,767.49,2026-09-21,C,735.0,32.18,32.78,291.0,291.0,32.73,0.6032,0.9963,0.0009,-0.0138,0.0024,0.0,379.0,24.0
2026-09-21 10:19:16,2026-09-21T10:03:50,767.49,2026-09-21,P,735.0,0.0,0.01,0.0,6356.0,0.01,0.5434,-0.0037,0.0009,-0.0138,0.0024,0.0,12.0,1578.0
2026-09-21 10:19:16,2026-09-21T10:03:50,767.49,2026-09-21,C,736.0,31.25,31.79,69.0,117.0,31.48,0.6818,0.9962,0.001,-0.0139,0.0025,0.0,28.0,16.0
2026-09-21 10:19:16,2026-09-21T10:03:50,767.49,2026-09-21,P,736.0,0.0,0.01,0.0,6324.0,0.01,0.5277,-0.0038,0.001,-0.0139,0.0025,0.0,6.0,2021.0
2026-09-21 10:19:16,2026-09-21T10:03:50,767.49,2026-09-21,C,737.0,30.44,30.51,81.0,62.0,30.55,0.0,0.996,0.001,-0.0139,0.0025,0.0,58.0,17.0
2026-09-21 10:19:16,2026-09-21T10:03:50,767.49,2026-09-21,P,737.0,0.0,0.01,0.0,6246.0,0.01,0.5121,-0.004,0.001,-0.0139,0.0025,0.0,6.0,1437.0
2026-09-21 10:19:16,2026-09-21T10:03:50,767.49,2026-09-21,C,738.0,29.44,29.51,97.0,50.0,28.98,0.0,0.9959,0.0011,-0.014,0.0026,0.0,101.0,22.0
2026-09-21 10:19:16,2026-09-21T10:03:50,767.49,2026-09-21,P,738.0,0.0,0.01,0.0,6133.0,0.02,0.4964,-0.0041,0.0011,-0.014,0.0026,0.0,10.0,1180.0
2026-09-21 10:19:16,2026-09-21T10:03:50,767.49,2026-09-21,C,739.0,28.44,28.51,39.0,58.0,27.57,0.0,0.9958,0.0011,-0.014,0.0027,0.0,49.0,30.0
2026-09-21 10:19:16,2026-09-21T10:03:50,767.49,2026-09-21,P,739.0,0.0,0.01,0.0,6079.0,0.01,0.4807,-0.0042,0.0011,-0.014,0.0027,0.0,28.0,1347.0
2026-09-21 10:19:16,2026-09-21T10:03:50,767.49,2026-09-21,C,740.0,27.44,27.51,83.0,58.0,27.58,0.0,0.9956,0.0012,-0.0141,0.0028,0.0,127.0,42.0
2026-09-21 10:19:16,2026-09-21T10:03:50,767.49,2026-09-21,P,740.0,0.0,0.01,0.0,5904.0,0.01,0.465,-0.0044,0.0012,-0.0141,0.0028,0.0,3657.0,5789.0
2026-09-21 10:19:16,2026-09-21T10:03:50,767.49,2026-09-21,C,741.0,26.44,26.52,98.0,75.0,26.36,0.0,0.9955,0.0013,-0.0142,0.0029,0.0,62.0,38.0
2026-09-21 10:19:16,2026-09-21T10:03:50,767.49,2026-09-21,P,741.0,0.0,0.01,0.0,5548.0,0.01,0.4492,-0.0045,0.0013,-0.0142,0.0029,0.0,147.0,2863.0
2026-09-21 10:19:16,2026-09-21T10:03:50,767.49,2026-09-21,C,742.0,25.44,25.51,98.0,81.0,25.44,0.0,0.9953,0.0014,-0.0143,0.003,0.0,275.0,11.0
2026-09-21 10:19:16,2026-09-21T10:03:50,767.49,2026-09-21,P,742.0,0.0,0.01,0.0,4816.0,0.01,0.4335,-0.0047,0.0014,-0.0143,0.003,0.0,773.0,1915.0
2026-09-21 10:19:16,2026-09-21T10:03:50,767.49,2026-09-21,C,743.0,24.45,24.51,25.0,58.0,24.49,0.0,0.9951,0.0015,-0.0143,0.0031,0.0,41.0,71.0
2026-09-21 10:19:16,2026-09-21T10:03:50,767.49,2026-09-21,P,743.0,0.0,0.01,0.0,2870.0,0.01,0.4177,-0.0049,0.0015,-0.0143,0.0031,0.0,660.0,2810.0
2026-09-21 10:19:16,2026-09-21T10:03:50,767.49,2026-09-21,C,744.0,23.45,23.52,47.0,65.0,23.22,0.0,0.9949,0.0016,-0.0144,0.0032,0.0,78.0,47.0
2026-09-21 10:19:16,2026-09-21T10:03:50,767.49,2026-09-21,P,744.0,0.0,0.01,0.0,2243.0,0.01,0.4019,-0.0051,0.0016,-0.0144,0.0032,0.0,2259.0,1802.0
2026-09-21 10:19:16,2026-09-21T10:03:50,767.49,2026-09-21,C,745.0,22.45,22.51,29.0,59.0,22.34,0.386,0.9947,0.0017,-0.0145,0.0033,0.0,77.0,84.0
2026-09-21 10:19:16,2026-09-21T10:03:50,767.49,2026-09-21,P,745.0,0.01,0.02,5637.0,6121.0,0.02,0.4312,-0.0053,0.0017,-0.0145,0.0033,0.0,9313.0,18475.0
2026-09-21 10:19:16,2026-09-21T10:03:50,767.49,2026-09-21,C,746.0,21.45,21.52,200.0,84.0,21.54,0.0,0.9945,0.0018,-0.0146,0.0035,0.0,243.0,65.0
2026-09-21 10:19:16,2026-09-21T10:03:50,767.49,2026-09-21,P,746.0,0.01,0.02,5712.0,6073.0,0.02,0.4138,-0.0055,0.0018,-0.0146,0.0035,0.0,1310.0,1979.0
2026-09-21 10:19:16,2026-09-21T10:03:50,767.49,2026-09-21,C,747.0,20.45,20.52,29.0,75.0,20.55,0.3543,0.9942,0.002,-0.0148,0.0036,0.0,209.0,18.0
2026-09-21 10:19:16,2026-09-21T10:03:50,767.49,2026-09-21,P,747.0,0.01,0.02,5794.0,6025.0,0.01,0.3964,-0.0058,0.002,-0.0148,0.0036,0.0,2886.0,2684.0
2026-09-21 10:19:16,2026-09-21T10:03:50,767.49,2026-09-21,C,748.0,19.45,19.52,200.0,108.0,19.5,0.3383,0.994,0.0022,-0.0149,0.0038,0.0,229.0,61.0
2026-09-21 10:19:16,2026-09-21T10:03:50,767.49,2026-09-21,P,748.0,0.01,0.02,5884.0,5975.0,0.02,0.3789,-0.006,0.0022,-0.0149,0.0038,0.0,2664.0,4869.0
2026-09-21 10:19:16,2026-09-21T10:03:50,767.49,2026-09-21,C,749.0,18.47,18.48,1.0,39.0,18.54,0.0,0.9936,0.0024,-0.0151,0.004,0.0,515.0,83.0
2026-09-21 10:19:16,2026-09-21T10:03:50,767.49,2026-09-21,P,749.0,0.01,0.02,5946.0,5923.0,0.01,0.3613,-0.0064,0.0024,-0.0151,0.004,0.0,1932.0,5143.0
2026-09-21 10:19:16,2026-09-21T10:03:50,767.49,2026-09-21,C,750.0,17.47,17.48,1.0,38.0,17.55,0.0,0.9932,0.0026,-0.0153,0.0042,0.0,1138.0,477.0
2026-09-21 10:19:16,2026-09-21T10:03:50,767.49,2026-09-21,P,750.0,0.01,0.02,5897.0,5829.0,0.01,0.3437,-0.0068,0.0026,-0.0153,0.0042,0.0,9840.0,16881.0
2026-09-21 10:19:16,2026-09-21T10:03:50,767.49,2026-09-21,C,751.0,16.45,16.52,92.0,55.0,16.37,0.2902,0.9928,0.0029,-0.0156,0.0045,0.0,139.0,334.0
2026-09-21 10:19:16,2026-09-21T10:03:50,767.49,2026-09-21,P,751.0,0.01,0.02,5841.0,5410.0,0.01,0.326,-0.0072,0.0029,-0.0156,0.0045,0.0,1465.0,2776.0
2026-09-21 10:19:16,2026-09-21T10:03:50,767.49,2026-09-21,C,752.0,15.45,15.52,189.0,55.0,15.62,0.2944,0.9923,0.0033,-0.0161,0.0048,0.0,57.0,298.0
2026-09-21 10:19:16,2026-09-21T10:03:50,767.49,2026-09-21,P,752.0,0.01,0.02,5789.0,4393.0,0.01,0.3082,-0.0077,0.0033,-0.0161,0.0048,0.0,1020.0,3260.0
2026-09-21 10:19:16,2026-09-21T10:03:50,767.49,2026-09-21,C,753.0,14.46,14.52,15.0,51.0,14.36,0.2772,0.9916,0.0037,-0.0166,0.0052,0.0,49.0,321.0
2026-09-21 10:19:16,2026-09-21T10:03:50,767.49,2026-09-21,P,753.0,0.01,0.02,5757.0,2241.0,0.02,0.2904,-0.0084,0.0037,-0.0166,0.0052,0.0,2154.0,2802.0
2026-09-21 10:19:16,2026-09-21T10:03:50,767.49,2026-09-21,C,754.0,13.46,13.52,188.0,103.0,13.53,0.26,0.9908,0.0043,-0.0174,0.0056,0.0,139.0,569.0
2026-09-21 10:19:16,2026-09-21T10:03:50,767.49,2026-09-21,P,754.0,0.02,0.03,4917.0,5619.0,0.03,0.2906,-0.0092,0.0043,-0.0174,0.0056,0.0,3012.0,2348.0
2026-09-21 10:19:16,2026-09-21T10:03:50,767.49,2026-09-21,C,755.0,12.48,12.49,36.0,1.0,12.54,0.0,0.9897,0.005,-0.0186,0.0062,0.0,1375.0,1471.0
2026-09-21 10:19:16,2026-09-21T10:03:50,767.49,2026-09-21,P,755.0,0.02,0.03,5229.0,5615.0,0.03,0.2716,-0.0103,0.005,-0.0186,0.0062,0.0,4848.0,21487.0
2026-09-21 10:19:16,2026-09-21T10:03:50,767.49,2026-09-21,C,756.0,11.46,11.53,48.0,58.0,11.49,0.2363,0.9883,0.006,-0.0203,0.007,0.0,405.0,768.0
2026-09-21 10:19:16,2026-09-21T10:03:50,767.49,2026-09-21,P,756.0,0.02,0.03,5470.0,5125.0,0.02,0.2525,-0.0117,0.006,-0.0203,0.007,0.0,1318.0,4124.0
2026-09-21 10:19:16,2026-09-21T10:03:50,767.49,2026-09-21,C,757.0,10.48,10.5,122.0,46.0,10.51,0.1923,0.9863,0.0073,-0.0227,0.008,0.0,3316.0,3398.0
2026-09-21 10:19:16,2026-09-21T10:03:50,767.49,2026-09-21,P,757.0,0.03,0.04,1157.0,3885.0,0.03,0.2448,-0.0137,0.0073,-0.0227,0.008,0.0,2844.0,6135.0
2026-09-21 10:19:16,2026-09-21T10:03:50,767.49,2026-09-21,C,758.0,9.47,9.53,36.0,196.0,9.54,0.2073,0.9834,0.0092,-0.0262,0.0094,0.0,278.0,1431.0
2026-09-21 10:19:16,2026-09-21T10:03:50,767.49,2026-09-21,P,758.0,0.03,0.04,3432.0,3447.0,0.03,0.2246,-0.0166,0.0092,-0.0262,0.0094,0.0,7354.0,6814.0
2026-09-21 10:19:16,2026-09-21T10:03:50,767.49,2026-09-21,C,759.0,8.49,8.51,106.0,47.0,8.75,0.181,0.9793,0.0119,-0.0315,0.0114,0.0,691.0,3109.0
2026-09-21 10:19:16,2026-09-21T10:03:50,767.49,2026-09-21,P,759.0,0.03,0.04,4718.0,3998.0,0.04,0.2042,-0.0207,0.0119,-0.0315,0.0114,0.0,9666.0,9099.0
2026-09-21 10:19:16,2026-09-21T10:03:50,767.49,2026-09-21,C,760.0,7.5,7.51,36.0,1.0,7.49,0.1687,0.9732,0.0159,-0.0394,0.0141,0.0,1142.0,6853.0
2026-09-21 10:19:16,2026-09-21T10:03:50,767.49,2026-09-21,P,760.0,0.04,0.05,4205.0,4076.0,0.05,0.1913,-0.0268,0.0159,-0.0394,0.0141,0.0,12948.0,15275.0
2026-09-21 10:19:16,2026-09-21T10:03:50,767.49,2026-09-21,C,761.0,6.51,6.53,50.0,46.0,6.62,0.1626,0.9641,0.0218,-0.0512,0.0179,0.0,2037.0,5926.0
2026-09-21 10:19:16,2026-09-21T10:03:50,767.49,2026-09-21,P,761.0,0.05,0.06,3943.0,3416.0,0.06,0.1759,-0.0359,0.0218,-0.0512,0.0179,0.0,10188.0,9645.0
2026-09-21 10:19:16,2026-09-21T10:03:50,767.49,2026-09-21,C,762.0,5.53,5.54,1.0,42.0,5.57,0.1506,0.9503,0.0308,-0.0689,0.0232,0.0,7989.0,8574.0
2026-09-21 10:19:16,2026-09-21T10:03:50,767.49,2026-09-21,P,762.0,0.07,0.08,3178.0,3296.0,0.07,0.1631,-0.0497,0.0308,-0.0689,0.0232,0.0,19002.0,6835.0
2026-09-21 10:19:16,2026-09-21T10:03:50,767.49,2026-09-21,C,763.0,4.55,4.57,57.0,38.0,4.58,0.1409,0.9289,0.0445,-0.0963,0.0303,0.0,6512.0,8346.0
2026-09-21 10:19:16,2026-09-21T10:03:50,767.49,2026-09-21,P,763.0,0.1,0.11,1849.0,2324.0,0.11,0.15,-0.0711,0.0445,-0.0963,0.0303,0.0,27107.0,6849.0
2026-09-21 10:19:16,2026-09-21T10:03:50,767.49,2026-09-21,C,764.0,3.6,3.61,105.0,36.0,3.62,0.1309,0.8945,0.0656,-0.1404,0.0401,0.0,10438.0,6049.0
2026-09-21 10:19:16,2026-09-21T10:03:50,767.49,2026-09-21,P,764.0,0.14,0.15,2370.0,2111.0,0.15,0.1349,-0.1055,0.0656,-0.1404,0.0401,0.0,39098.0,1764.0
2026-09-21 10:19:16,2026-09-21T10:03:50,767.49,2026-09-21,C,765.0,2.68,2.69,230.0,1.0,2.71,0.1196,0.8368,0.0978,-0.2177,0.0532,0.0,14900.0,10594.0
2026-09-21 10:19:16,2026-09-21T10:03:50,767.49,2026-09-21,P,765.0,0.22,0.23,885.0,1164.0,0.22,0.1226,-0.1632,0.0978,-0.2177,0.0532,0.0,56248.0,1927.0
2026-09-21 10:19:16,2026-09-21T10:03:50,767.49,2026-09-21,C,766.0,1.83,1.84,194.0,34.0,1.84,0.1084,0.7386,0.1414,-0.3649,0.0689,0.0,43480.0,5357.0
2026-09-21 10:19:16,2026-09-21T10:03:50,767.49,2026-09-21,P,766.0,0.37,0.38,797.0,1067.0,0.37,0.1121,-0.2614,0.1414,-0.3649,0.0689,0.0,84798.0,558.0
2026-09-21 10:19:16,2026-09-21T10:03:50,767.49,2026-09-21,C,767.0,1.1,1.11,590.0,52.0,1.1,0.1015,0.5862,0.1812,-0.6453,0.0812,0.0,115694.0,4728.0
2026-09-21 10:19:16,2026-09-21T10:03:50,767.49,2026-09-21,P,767.0,0.64,0.65,728.0,672.0,0.65,0.1046,-0.4138,0.1812,-0.6453,0.0812,0.0,78821.0,636.0
2026-09-21 10:19:16,2026-09-21T10:03:50,767.49,2026-09-21,C,768.0,0.58,0.59,735.0,685.0,0.59,0.0981,0.3991,0.1856,-0.5903,0.0806,0.0,115878.0,7227.0
2026-09-21 10:19:16,2026-09-21T10:03:50,767.49,2026-09-21,P,768.0,1.12,1.13,58.0,555.0,1.12,0.1012,-0.6009,0.1856,-0.5903,0.0806,0.0,25205.0,334.0
2026-09-21 10:19:16,2026-09-21T10:03:50,767.49,2026-09-21,C,769.0,0.27,0.28,743.0,752.0,0.27,0.0993,0.2327,0.1458,-0.2844,0.0652,0.0,69632.0,5303.0
2026-09-21 10:19:16,2026-09-21T10:03:50,767.49,2026-09-21,P,769.0,1.81,1.82,1.0,227.0,1.82,0.1032,-0.7673,0.1458,-0.2844,0.0652,0.0,7126.0,318.0
2026-09-21 10:19:16,2026-09-21T10:03:50,767.49,2026-09-21,C,770.0,0.12,0.13,2282.0,1136.0,0.13,0.103,0.1254,0.0937,-0.1368,0.0455,0.0,106480.0,29669.0
2026-09-21 10:19:16,2026-09-21T10:03:50,767.49,2026-09-21,P,770.0,2.66,2.67,134.0,94.0,2.67,0.1088,-0.8746,0.0937,-0.1368,0.0455,0.0,4173.0,828.0
2026-09-21 10:19:16,2026-09-21T10:03:50,767.49,2026-09-21,C,771.0,0.06,0.07,1987.0,2008.0,0.06,0.1116,0.0691,0.0559,-0.0721,0.0303,0.0,25707.0,4731.0
2026-09-21 10:19:16,2026-09-21T10:03:50,767.49,2026-09-21,P,771.0,3.6,3.61,1.0,36.0,3.63,0.1204,-0.9309,0.0559,-0.0721,0.0303,0.0,1540.0,69.0
2026-09-21 10:19:16,2026-09-21T10:03:50,767.49,2026-09-21,C,772.0,0.03,0.04,4284.0,3948.0,0.04,0.1204,0.0409,0.0338,-0.0427,0.0204,0.0,8530.0,3586.0
2026-09-21 10:19:16,2026-09-21T10:03:50,767.49,2026-09-21,P,772.0,4.57,4.59,43.0,94.0,4.49,0.1356,-0.9591,0.0338,-0.0427,0.0204,0.0,704.0,119.0
2026-09-21 10:19:16,2026-09-21T10:03:50,767.49,2026-09-21,C,773.0,0.02,0.03,3529.0,3071.0,0.02,0.1342,0.0266,0.0216,-0.0285,0.0145,0.0,3272.0,3885.0
2026-09-21 10:19:16,2026-09-21T10:03:50,767.49,2026-09-21,P,773.0,5.56,5.57,1.0,35.0,5.33,0.1511,-0.9734,0.0216,-0.0285,0.0145,0.0,204.0,0.0
2026-09-21 10:19:16,2026-09-21T10:03:50,767.49,2026-09-21,C,774.0,0.01,0.02,5657.0,3930.0,0.02,0.1432,0.0191,0.0149,-0.0216,0.0111,0.0,2003.0,2988.0
2026-09-21 10:19:16,2026-09-21T10:03:50,767.49,2026-09-21,P,774.0,6.52,6.58,59.0,23.0,6.31,0.1627,-0.9809,0.0149,-0.0216,0.0111,0.0,92.0,10.0
2026-09-21 10:19:16,2026-09-21T10:03:50,767.49,2026-09-21,C,775.0,0.01,0.02,5855.0,5414.0,0.02,0.1619,0.0151,0.011,-0.0182,0.009,0.0,468.0,2242.0
2026-09-21 10:19:16,2026-09-21T10:03:50,767.49,2026-09-21,P,775.0,7.52,7.58,57.0,28.0,7.65,0.1788,-0.9849,0.011,-0.0182,0.009,0.0,184.0,0.0
2026-09-21 10:19:16,2026-09-21T10:03:50,767.49,2026-09-21,C,776.0,0.01,0.02,5975.0,5949.0,0.02,0.1802,0.0129,0.0087,-0.0167,0.0078,0.0,578.0,860.0
2026-09-21 10:19:16,2026-09-21T10:03:50,767.49,2026-09-21,P,776.0,8.51,8.58,140.0,31.0,8.44,0.1934,-0.9871,0.0087,-0.0167,0.0078,0.0,284.0,10.0
2026-09-21 10:19:16,2026-09-21T10:03:50,767.49,2026-09-21,C,777.0,0.01,0.02,3920.0,5955.0,0.01,0.1984,0.0114,0.0072,-0.016,0.007,0.0,14426.0,2233.0
2026-09-21 10:19:16,2026-09-21T10:03:50,767.49,2026-09-21,P,777.0,9.54,9.56,46.0,115.0,9.49,0.2232,-0.9886,0.0072,-0.016,0.007,0.0,438.0,0.0
2026-09-21 10:19:16,2026-09-21T10:03:50,767.49,2026-09-21,C,778.0,0.0,0.01,0.0,4819.0,0.01,0.1908,0.0104,0.0061,-0.0156,0.0064,0.0,187.0,817.0
2026-09-21 10:19:16,2026-09-21T10:03:50,767.49,2026-09-21,P,778.0,10.23,10.89,200.0,200.0,10.45,0.2314,-0.9896,0.0061,-0.0156,0.0064,0.0,3.0,0.0
2026-09-21 10:19:16,2026-09-21T10:03:50,767.49,2026-09-21,C,779.0,0.0,0.01,0.0,5642.0,0.01,0.2068,0.0096,0.0053,-0.0154,0.0059,0.0,187.0,835.0
2026-09-21 10:19:16,2026-09-21T10:03:50,767.49,2026-09-21,P,779.0,11.23,11.89,200.0,200.0,11.53,0.25,-0.9904,0.0053,-0.0154,0.0059,0.0,2.0,0.0
2026-09-21 10:19:16,2026-09-21T10:03:50,767.49,2026-09-21,C,780.0,0.0,0.01,0.0,6093.0,0.01,0.2227,0.009,0.0046,-0.0153,0.0056,0.0,14.0,2288.0
2026-09-21 10:19:16,2026-09-21T10:03:50,767.49,2026-09-21,P,780.0,12.23,12.97,200.0,200.0,13.14,0.3093,-0.991,0.0046,-0.0153,0.0056,0.0,56.0,0.0
2026-09-21 10:19:16,2026-09-21T10:03:50,767.49,2026-09-21,C,781.0,0.0,0.01,0.0,6335.0,0.01,0.2385,0.0084,0.0041,-0.0152,0.0052,0.0,23.0,930.0
2026-09-21 10:19:16,2026-09-21T10:03:50,767.49,2026-09-21,P,781.0,13.22,13.98,298.0,372.0,13.3,0.3296,-0.9916,0.0041,-0.0152,0.0052,0.0,18.0,10.0
2026-09-21 10:19:16,2026-09-21T10:03:50,767.49,2026-09-21,C,782.0,0.0,0.01,0.0,6589.0,0.01,0.2542,0.0079,0.0036,-0.0152,0.0049,0.0,144.0,596.0
2026-09-21 10:19:16,2026-09-21T10:03:50,767.49,2026-09-21,P,782.0,14.22,14.98,300.0,373.0,14.33,0.3497,-0.9921,0.0036,-0.0152,0.0049,0.0,42.0,0.0
2026-09-21 10:19:16,2026-09-21T10:03:50,767.49,2026-09-21,C,783.0,0.0,0.01,0.0,6661.0,0.01,0.2697,0.0075,0.0033,-0.0151,0.0047,0.0,108.0,2107.0
2026-09-21 10:19:16,2026-09-21T10:03:50,767.49,2026-09-21,P,783.0,15.22,15.98,298.0,285.0,22.72,0.3697,-0.9925,0.0033,-0.0151,0.0047,0.0,0.0,0.0
2026-09-21 10:19:16,2026-09-21T10:03:50,767.49,2026-09-21,C,784.0,0.0,0.01,0.0,6725.0,0.01,0.2851,0.0071,0.003,-0.015,0.0044,0.0,0.0,346.0
2026-09-21 10:19:16,2026-09-21T10:03:50,767.49,2026-09-21,P,784.0,16.22,16.97,298.0,158.0,23.92,0.3847,-0.9929,0.003,-0.015,0.0044,0.0,0.0,0.0
2026-09-21 10:19:16,2026-09-21T10:03:50,767.49,2026-09-21,C,785.0,0.0,0.01,0.0,6785.0,0.01,0.3005,0.0068,0.0027,-0.015,0.0042,0.0,1.0,490.0
2026-09-21 10:19:16,2026-09-21T10:03:50,767.49,2026-09-21,P,785.0,17.22,17.98,299.0,371.0,17.28,0.409,-0.9932,0.0027,-0.015,0.0042,0.0,11.0,0.0
2026-09-21 10:19:16,2026-09-21T10:03:50,767.49,2026-09-21,C,786.0,0.0,0.01,0.0,6925.0,0.01,0.3157,0.0065,0.0025,-0.015,0.0041,0.0,9.0,1683.0
2026-09-21 10:19:16,2026-09-21T10:03:50,767.49,2026-09-21,P,786.0,18.22,18.98,298.0,285.0,24.78,0.4285,-0.9935,0.0025,-0.015,0.0041,0.0,0.0,0.0
2026-09-21 10:19:16,2026-09-21T10:03:50,767.49,2026-09-21,C,787.0,0.0,0.01,0.0,6823.0,0.01,0.3309,0.0062,0.0023,-0.0149,0.0039,0.0,0.0,1400.0
2026-09-21 10:19:16,2026-09-21T10:03:50,767.49,2026-09-21,P,787.0,19.22,19.58,300.0,170.0,19.55,0.0,-0.9938,0.0023,-0.0149,0.0039,0.0,33.0,0.0
2026-09-21 10:19:16,2026-09-21T10:03:50,767.49,2026-09-21,C,788.0,0.0,0.01,0.0,6867.0,0.01,0.346,0.006,0.0021,-0.0149,0.0038,0.0,1.0,1010.0
2026-09-21 10:19:16,2026-09-21T10:03:50,767.49,2026-09-21,P,788.0,20.21,20.89,87.0,70.0,26.31,0.3871,-0.994,0.0021,-0.0149,0.0038,0.0,0.0,0.0
2026-09-21 10:19:16,2026-09-21T10:03:50,767.49,2026-09-21,C,789.0,0.0,0.01,0.0,6907.0,0.02,0.361,0.0057,0.002,-0.0148,0.0036,0.0,0.0,6906.0
2026-09-21 10:19:16,2026-09-21T10:03:50,767.49,2026-09-21,P,789.0,21.16,21.89,69.0,70.0,27.76,0.0,-0.9943,0.002,-0.0148,0.0036,0.0,0.0,0.0
2026-09-21 10:19:16,2026-09-21T10:03:50,767.49,2026-09-21,C,790.0,0.0,0.01,0.0,7011.0,0.01,0.376,0.0055,0.0018,-0.0148,0.0035,0.0,5.0,6747.0
2026-09-21 10:19:16,2026-09-21T10:03:50,767.49,2026-09-21,P,790.0,22.16,22.89,80.0,69.0,28.71,0.0,-0.9945,0.0018,-0.0148,0.0035,0.0,0.0,0.0
2026-09-21 10:19:16,2026-09-21T10:03:50,767.49,2026-09-21,C,791.0,0.0,0.01,0.0,6979.0,0.02,0.3908,0.0053,0.0017,-0.0147,0.0034,0.0,0.0,221.0
2026-09-21 10:19:16,2026-09-21T10:03:50,767.49,2026-09-21,P,791.0,22.95,23.88,69.0,69.0,31.84,0.0,-0.9947,0.0017,-0.0147,0.0034,0.0,0.0,0.0
2026-09-21 10:19:16,2026-09-21T10:03:50,767.49,2026-09-21,C,792.0,0.0,0.01,0.0,7015.0,0.01,0.4056,0.0051,0.0016,-0.0147,0.0032,0.0,0.0,485.0
2026-09-21 10:19:16,2026-09-21T10:03:50,767.49,2026-09-21,P,792.0,23.99,24.88,69.0,69.0,32.97,0.0,-0.9949,0.0016,-0.0147,0.0032,0.0,0.0,0.0
2026-09-21 10:19:16,2026-09-21T10:03:50,767.49,2026-09-21,C,793.0,0.0,0.01,0.0,7043.0,0.01,0.4204,0.005,0.0015,-0.0147,0.0031,0.0,0.0,26.0
2026-09-21 10:19:16,2026-09-21T10:03:50,767.49,2026-09-21,P,793.0,24.97,25.92,69.0,69.0,31.68,0.0,-0.995,0.0015,-0.0147,0.0031,0.0,0.0,0.0
2026-09-21 10:19:16,2026-09-21T10:03:50,767.49,2026-09-21,C,794.0,0.0,0.01,0.0,7071.0,0.01,0.435,0.0048,0.0014,-0.0146,0.0031,0.0,0.0,530.0
2026-09-21 10:19:16,2026-09-21T10:03:50,767.49,2026-09-21,P,794.0,25.94,26.93,69.0,69.0,32.59,0.0,-0.9952,0.0014,-0.0146,0.0031,0.0,0.0,0.0
2026-09-21 10:19:16,2026-09-21T10:03:50,767.49,2026-09-21,C,795.0,0.0,0.01,0.0,7099.0,0.02,0.4496,0.0047,0.0013,-0.0146,0.003,0.0,0.0,543.0
2026-09-21 10:19:16,2026-09-21T10:03:50,767.49,2026-09-21,P,795.0,26.91,28.01,69.0,69.0,33.86,0.0,-0.9953,0.0013,-0.0146,0.003,0.0,0.0,0.0
2026-09-21 10:19:16,2026-09-21T10:03:50,767.49,2026-09-21,C,796.0,0.0,0.01,0.0,7127.0,0.02,0.4642,0.0045,0.0012,-0.0145,0.0029,0.0,0.0,1.0
2026-09-21 10:19:16,2026-09-21T10:03:50,767.49,2026-09-21,P,796.0,27.98,28.96,68.0,69.0,34.39,0.0,-0.9955,0.0012,-0.0145,0.0029,0.0,0.0,0.0
2026-09-21 10:19:16,2026-09-21T10:03:50,767.49,2026-09-21,C,797.0,0.0,0.01,0.0,7155.0,0.02,0.4787,0.0044,0.0012,-0.0145,0.0028,0.0,0.0,170.0
2026-09-21 10:19:16,2026-09-21T10:03:50,767.49,2026-09-21,P,797.0,28.98,29.96,69.0,69.0,36.67,0.0,-0.9956,0.0012,-0.0145,0.0028,0.0,0.0,0.0
2026-09-21 10:19:16,2026-09-21T10:03:50,767.49,2026-09-21,C,798.0,0.0,0.01,0.0,7179.0,0.02,0.4931,0.0043,0.0011,-0.0145,0.0027,0.0,0.0,115.0
2026-09-21 10:19:16,2026-09-21T10:03:50,767.49,2026-09-21,P,798.0,30.07,30.91,69.0,69.0,39.06,0.0,-0.9957,0.0011,-0.0145,0.0027,0.0,0.0,0.0
2026-09-21 10:19:16,2026-09-21T10:03:50,767.49,2026-09-21,C,799.0,0.0,0.01,0.0,7207.0,0.01,0.5075,0.0042,0.001,-0.0144,0.0026,0.0,0.0,23.0
2026-09-21 10:19:16,2026-09-21T10:03:50,767.49,2026-09-21,P,799.0,31.03,31.92,69.0,69.0,37.77,0.0,-0.9958,0.001,-0.0144,0.0026,0.0,0.0,0.0
2026-09-21 10:19:16,2026-09-21T10:03:50,767.49,2026-09-21,C,800.0,0.0,0.01,0.0,7231.0,0.01,0.5219,0.004,0.001,-0.0144,0.0026,0.0,2.0,935.0
2026-09-21 10:19:16,2026-09-21T10:03:50,767.49,2026-09-21,P,800.0,31.98,32.89,70.0,70.0,38.52,0.0,-0.996,0.001,-0.0144,0.0026,0.0,0.0,1.0
2026-09-21 10:19:16,2026-09-21T10:03:50,767.49,2026-09-21,C,801.0,0.0,0.01,0.0,7259.0,0.01,0.5361,0.0039,0.001,-0.0143,0.0025,0.0,0.0,242.0
2026-09-21 10:19:16,2026-09-21T10:03:50,767.49,2026-09-21,P,801.0,32.98,33.96,69.0,69.0,39.82,0.0,-0.9961,0.001,-0.0143,0.0025,0.0,0.0,0.0
2026-09-21 10:19:16,2026-09-21T10:03:50,767.49,2026-09-21,C,802.0,0.0,0.01,0.0,7283.0,0.01,0.5504,0.0038,0.0009,-0.0143,0.0025,0.0,0.0,1043.0
2026-09-21 10:19:16,2026-09-21T10:03:50,767.49,2026-09-21,P,802.0,33.97,34.89,70.0,70.0,42.57,0.0,-0.9962,0.0009,-0.0143,0.0025,0.0,0.0,0.0
2026-09-21 10:19:16,2026-09-21T10:03:50,767.49,2026-09-21,C,803.0,0.0,0.01,0.0,7307.0,0.01,0.5646,0.0037,0.0009,-0.0143,0.0024,0.0,0.0,958.0
2026-09-21 10:19:16,2026-09-21T10:03:50,767.49,2026-09-21,P,803.0,34.97,35.89,68.0,69.0,43.44,0.0,-0.9963,0.0009,-0.0143,0.0024,0.0,0.0,0.0
2026-09-21 10:19:16,2026-09-21T10:03:50,767.49,2026-09-21,C,804.0,0.0,0.01,0.0,7331.0,0.02,0.5787,0.0037,0.0008,-0.0142,0.0024,0.0,0.0,65.0
2026-09-21 10:19:16,2026-09-21T10:03:50,767.49,2026-09-21,P,804.0,35.96,36.89,69.0,69.0,42.69,0.0,-0.9963,0.0008,-0.0142,0.0024,0.0,0.0,0.0
2026-09-21 10:19:16,2026-09-21T10:03:50,767.49,2026-09-21,C,805.0,0.0,0.01,0.0,7355.0,0.01,0.5928,0.0036,0.0008,-0.0142,0.0023,0.0,0.0,41.0
2026-09-21 10:19:16,2026-09-21T10:03:50,767.49,2026-09-21,P,805.0,36.98,37.88,69.0,69.0,43.96,0.0,-0.9964,0.0008,-0.0142,0.0023,0.0,0.0,0.0
2026-09-21 10:24:17,2026-09-21T10:08:51,767.43,2026-09-21,C,730.0,37.04,37.79,370.0,70.0,37.19,0.0,0.9965,0.0007,-0.0149,0.0022,0.0,23.0,29.0
2026-09-21 10:24:17,2026-09-21T10:08:51,767.43,2026-09-21,P,730.0,0.0,0.01,0.0,7000.0,0.01,0.6248,-0.0035,0.0007,-0.0149,0.0022,0.0,4.0,2413.0
2026-09-21 10:24:17,2026-09-21T10:08:51,767.43,2026-09-21,C,731.0,36.04,36.79,370.0,69.0,36.37,0.0,0.9964,0.0008,-0.015,0.0023,0.0,89.0,19.0
2026-09-21 10:24:17,2026-09-21T10:08:51,767.43,2026-09-21,P,731.0,0.0,0.01,0.0,6972.0,0.01,0.6091,-0.0036,0.0008,-0.015,0.0023,0.0,10.0,7564.0
2026-09-21 10:24:17,2026-09-21T10:08:51,767.43,2026-09-21,C,732.0,35.03,35.69,138.0,69.0,35.14,0.0,0.9963,0.0008,-0.015,0.0024,0.0,271.0,32.0
2026-09-21 10:24:17,2026-09-21T10:08:51,767.43,2026-09-21,P,732.0,0.0,0.01,0.0,6944.0,0.01,0.5934,-0.0037,0.0008,-0.015,0.0024,0.0,6.0,881.0
2026-09-21 10:24:17,2026-09-21T10:08:51,767.43,2026-09-21,C,733.0,34.03,34.79,125.0,125.0,34.7,0.0,0.9962,0.0009,-0.0151,0.0024,0.0,140.0,63.0
2026-09-21 10:24:17,2026-09-21T10:08:51,767.43,2026-09-21,P,733.0,0.0,0.01,0.0,6916.0,0.01,0.5772,-0.0038,0.0009,-0.0151,0.0024,0.0,4.0,2919.0
2026-09-21 10:24:17,2026-09-21T10:08:51,767.43,2026-09-21,C,734.0,33.02,33.79,370.0,69.0,33.56,0.0,0.9961,0.0009,-0.0152,0.0025,0.0,150.0,56.0
2026-09-21 10:24:17,2026-09-21T10:08:51,767.43,2026-09-21,P,734.0,0.0,0.01,0.0,6888.0,0.05,0.5615,-0.0039,0.0009,-0.0152,0.0025,0.0,0.0,773.0
2026-09-21 10:24:17,2026-09-21T10:08:51,767.43,2026-09-21,C,735.0,32.04,32.69,370.0,69.0,32.14,0.0,0.996,0.001,-0.0152,0.0026,0.0,467.0,24.0
2026-09-21 10:24:17,2026-09-21T10:08:51,767.43,2026-09-21,P,735.0,0.0,0.01,0.0,6856.0,0.01,0.5457,-0.0041,0.001,-0.0153,0.0026,0.0,12.0,1578.0
2026-09-21 10:24:17,2026-09-21T10:08:51,767.43,2026-09-21,C,736.0,31.03,31.79,112.0,69.0,31.14,0.0,0.9958,0.001,-0.0153,0.0026,0.0,29.0,16.0
2026-09-21 10:24:17,2026-09-21T10:08:51,767.43,2026-09-21,P,736.0,0.0,0.01,0.0,6824.0,0.01,0.53,-0.0042,0.001,-0.0153,0.0026,0.0,6.0,2021.0
2026-09-21 10:24:17,2026-09-21T10:08:51,767.43,2026-09-21,C,737.0,30.4,30.46,15.0,1.0,30.55,0.0,0.9957,0.0011,-0.0154,0.0027,0.0,58.0,17.0
2026-09-21 10:24:17,2026-09-21T10:08:51,767.43,2026-09-21,P,737.0,0.0,0.01,0.0,6746.0,0.01,0.5142,-0.0043,0.0011,-0.0154,0.0027,0.0,6.0,1437.0
2026-09-21 10:24:17,2026-09-21T10:08:51,767.43,2026-09-21,C,738.0,29.4,29.46,15.0,1.0,28.98,0.0,0.9956,0.0011,-0.0155,0.0028,0.0,101.0,22.0
2026-09-21 10:24:17,2026-09-21T10:08:51,767.43,2026-09-21,P,738.0,0.0,0.01,0.0,6633.0,0.02,0.4984,-0.0044,0.0011,-0.0155,0.0028,0.0,10.0,1180.0
2026-09-21 10:24:17,2026-09-21T10:08:51,767.43,2026-09-21,C,739.0,28.4,28.47,15.0,44.0,27.57,0.0,0.9954,0.0012,-0.0155,0.0029,0.0,49.0,30.0
2026-09-21 10:24:17,2026-09-21T10:08:51,767.43,2026-09-21,P,739.0,0.0,0.01,0.0,6578.0,0.01,0.4826,-0.0046,0.0012,-0.0156,0.0029,0.0,28.0,1347.0
2026-09-21 10:24:17,2026-09-21T10:08:51,767.43,2026-09-21,C,740.0,27.4,27.47,15.0,62.0,27.58,0.0,0.9952,0.0013,-0.0156,0.003,0.0,127.0,42.0
2026-09-21 10:24:17,2026-09-21T10:08:51,767.43,2026-09-21,P,740.0,0.0,0.01,0.0,5963.0,0.01,0.4668,-0.0048,0.0013,-0.0156,0.003,0.0,3659.0,5789.0
2026-09-21 10:24:17,2026-09-21T10:08:51,767.43,2026-09-21,C,741.0,26.4,26.47,15.0,62.0,26.36,0.0,0.9951,0.0014,-0.0157,0.0031,0.0,62.0,38.0
2026-09-21 10:24:17,2026-09-21T10:08:51,767.43,2026-09-21,P,741.0,0.0,0.01,0.0,6205.0,0.01,0.451,-0.0049,0.0014,-0.0157,0.0031,0.0,147.0,2863.0
2026-09-21 10:24:17,2026-09-21T10:08:51,767.43,2026-09-21,C,742.0,25.4,25.47,15.0,11.0,25.18,0.0,0.9949,0.0015,-0.0158,0.0032,0.0,318.0,11.0
2026-09-21 10:24:17,2026-09-21T10:08:51,767.43,2026-09-21,P,742.0,0.0,0.01,0.0,5459.0,0.01,0.4351,-0.0051,0.0015,-0.0158,0.0032,0.0,773.0,1915.0
2026-09-21 10:24:17,2026-09-21T10:08:51,767.43,2026-09-21,C,743.0,24.4,24.47,62.0,1.0,24.49,0.0,0.9947,0.0016,-0.0159,0.0033,0.0,41.0,71.0
2026-09-21 10:24:17,2026-09-21T10:08:51,767.43,2026-09-21,P,743.0,0.0,0.01,0.0,3119.0,0.01,0.4192,-0.0053,0.0016,-0.0159,0.0033,0.0,660.0,2810.0
2026-09-21 10:24:17,2026-09-21T10:08:51,767.43,2026-09-21,C,744.0,23.4,23.47,62.0,1.0,23.22,0.0,0.9945,0.0017,-0.016,0.0034,0.0,78.0,47.0
2026-09-21 10:24:17,2026-09-21T10:08:51,767.43,2026-09-21,P,744.0,0.0,0.01,0.0,2457.0,0.01,0.4033,-0.0055,0.0017,-0.016,0.0034,0.0,2944.0,1802.0
2026-09-21 10:24:17,2026-09-21T10:08:51,767.43,2026-09-21,C,745.0,22.4,22.47,100.0,11.0,22.26,0.0,0.9943,0.0018,-0.0161,0.0036,0.0,90.0,84.0
2026-09-21 10:24:17,2026-09-21T10:08:51,767.43,2026-09-21,P,745.0,0.01,0.02,6136.0,6620.0,0.01,0.4327,-0.0057,0.0018,-0.0161,0.0036,0.0,9444.0,18475.0
2026-09-21 10:24:17,2026-09-21T10:08:51,767.43,2026-09-21,C,746.0,21.4,21.47,100.0,11.0,21.27,0.0,0.994,0.002,-0.0162,0.0037,0.0,244.0,65.0
2026-09-21 10:24:17,2026-09-21T10:08:51,767.43,2026-09-21,P,746.0,0.01,0.02,6211.0,6572.0,0.01,0.4152,-0.006,0.002,-0.0162,0.0037,0.0,1348.0,1979.0
2026-09-21 10:24:17,2026-09-21T10:08:51,767.43,2026-09-21,C,747.0,20.4,20.47,100.0,11.0,20.27,0.0,0.9937,0.0021,-0.0164,0.0039,0.0,211.0,18.0
2026-09-21 10:24:17,2026-09-21T10:08:51,767.43,2026-09-21,P,747.0,0.01,0.02,6144.0,6375.0,0.01,0.3976,-0.0063,0.0021,-0.0164,0.0039,0.0,2893.0,2684.0
2026-09-21 10:24:17,2026-09-21T10:08:51,767.43,2026-09-21,C,748.0,19.4,19.47,101.0,70.0,19.31,0.0,0.9934,0.0023,-0.0166,0.0041,0.0,230.0,61.0
2026-09-21 10:24:17,2026-09-21T10:08:51,767.43,2026-09-21,P,748.0,0.01,0.02,6234.0,6325.0,0.01,0.38,-0.0066,0.0023,-0.0166,0.0041,0.0,2675.0,4869.0
2026-09-21 10:24:17,2026-09-21T10:08:51,767.43,2026-09-21,C,749.0,18.44,18.45,1.0,37.0,18.19,0.3237,0.993,0.0026,-0.0168,0.0043,0.0,548.0,83.0
2026-09-21 10:24:17,2026-09-21T10:08:51,767.43,2026-09-21,P,749.0,0.01,0.02,6296.0,6273.0,0.01,0.3624,-0.007,0.0026,-0.0168,0.0043,0.0,1945.0,5143.0
2026-09-21 10:24:17,2026-09-21T10:08:51,767.43,2026-09-21,C,750.0,17.44,17.45,1.0,35.0,17.16,0.3075,0.9926,0.0028,-0.0171,0.0045,0.0,1218.0,477.0
2026-09-21 10:24:17,2026-09-21T10:08:51,767.43,2026-09-21,P,750.0,0.01,0.02,4246.0,3737.0,0.02,0.3446,-0.0074,0.0028,-0.0171,0.0045,0.0,9913.0,16881.0
2026-09-21 10:24:17,2026-09-21T10:08:51,767.43,2026-09-21,C,751.0,16.41,16.48,100.0,57.0,16.37,0.0752,0.9921,0.0031,-0.0175,0.0048,0.0,139.0,334.0
2026-09-21 10:24:17,2026-09-21T10:08:51,767.43,2026-09-21,P,751.0,0.01,0.02,4190.0,3687.0,0.02,0.3268,-0.0079,0.0032,-0.0176,0.0048,0.0,1503.0,2776.0
2026-09-21 10:24:17,2026-09-21T10:08:51,767.43,2026-09-21,C,752.0,15.41,15.48,100.0,11.0,15.11,0.0,0.9915,0.0035,-0.0181,0.0052,0.0,60.0,298.0
2026-09-21 10:24:17,2026-09-21T10:08:51,767.43,2026-09-21,P,752.0,0.01,0.02,6139.0,3035.0,0.02,0.3089,-0.0085,0.0035,-0.0181,0.0052,0.0,1089.0,3260.0
2026-09-21 10:24:17,2026-09-21T10:08:51,767.43,2026-09-21,C,753.0,14.41,14.48,100.0,15.0,14.36,0.0477,0.9908,0.004,-0.0188,0.0056,0.0,49.0,321.0
2026-09-21 10:24:17,2026-09-21T10:08:51,767.43,2026-09-21,P,753.0,0.01,0.02,6108.0,2357.0,0.02,0.291,-0.0093,0.004,-0.0188,0.0056,0.0,2176.0,2802.0
2026-09-21 10:24:17,2026-09-21T10:08:51,767.43,2026-09-21,C,754.0,13.41,13.48,100.0,11.0,13.12,0.0387,0.9898,0.0046,-0.0198,0.0061,0.0,201.0,569.0
2026-09-21 10:24:17,2026-09-21T10:08:51,767.43,2026-09-21,P,754.0,0.02,0.03,5036.0,5819.0,0.02,0.2911,-0.0102,0.0046,-0.0198,0.0061,0.0,3709.0,2348.0
2026-09-21 10:24:17,2026-09-21T10:08:51,767.43,2026-09-21,C,755.0,12.45,12.47,1.0,61.0,12.25,0.2552,0.9886,0.0054,-0.0212,0.0067,0.0,1388.0,1471.0
2026-09-21 10:24:17,2026-09-21T10:08:51,767.43,2026-09-21,P,755.0,0.02,0.03,5463.0,5750.0,0.02,0.272,-0.0114,0.0054,-0.0213,0.0068,0.0,4921.0,21487.0
2026-09-21 10:24:17,2026-09-21T10:08:51,767.43,2026-09-21,C,756.0,11.42,11.48,15.0,1.0,11.49,0.2257,0.9869,0.0065,-0.0232,0.0076,0.0,405.0,768.0
2026-09-21 10:24:17,2026-09-21T10:08:51,767.43,2026-09-21,P,756.0,0.02,0.03,3682.0,3080.0,0.03,0.2527,-0.0131,0.0065,-0.0233,0.0076,0.0,1419.0,4124.0
2026-09-21 10:24:17,2026-09-21T10:08:51,767.43,2026-09-21,C,757.0,10.46,10.47,73.0,34.0,10.27,0.2268,0.9847,0.0079,-0.0261,0.0087,0.0,3322.0,3398.0
2026-09-21 10:24:17,2026-09-21T10:08:51,767.43,2026-09-21,P,757.0,0.03,0.04,2050.0,5648.0,0.03,0.2449,-0.0154,0.008,-0.0262,0.0088,0.0,3029.0,6135.0
2026-09-21 10:24:17,2026-09-21T10:08:51,767.43,2026-09-21,C,758.0,9.42,9.49,100.0,11.0,9.18,0.1902,0.9815,0.01,-0.0302,0.0102,0.0,279.0,1431.0
2026-09-21 10:24:17,2026-09-21T10:08:51,767.43,2026-09-21,P,758.0,0.03,0.04,4268.0,4900.0,0.03,0.2246,-0.0186,0.01,-0.0303,0.0103,0.0,7378.0,6814.0
2026-09-21 10:24:17,2026-09-21T10:08:51,767.43,2026-09-21,C,759.0,8.43,8.49,15.0,1.0,8.39,0.1884,0.977,0.0128,-0.0362,0.0123,0.0,696.0,3109.0
2026-09-21 10:24:17,2026-09-21T10:08:51,767.43,2026-09-21,P,759.0,0.03,0.04,4839.0,3678.0,0.04,0.2041,-0.0232,0.0129,-0.0364,0.0124,0.0,9781.0,9099.0
2026-09-21 10:24:17,2026-09-21T10:08:51,767.43,2026-09-21,C,760.0,7.47,7.48,1.0,36.0,7.47,0.1838,0.9704,0.017,-0.0449,0.0152,0.0,1316.0,6853.0
2026-09-21 10:24:17,2026-09-21T10:08:51,767.43,2026-09-21,P,760.0,0.04,0.05,4194.0,3458.0,0.05,0.191,-0.0298,0.0171,-0.0452,0.0152,0.0,13153.0,15275.0
2026-09-21 10:24:17,2026-09-21T10:08:51,767.43,2026-09-21,C,761.0,6.48,6.49,1.0,34.0,6.45,0.1698,0.9607,0.0232,-0.0577,0.019,0.0,2079.0,5926.0
2026-09-21 10:24:17,2026-09-21T10:08:51,767.43,2026-09-21,P,761.0,0.06,0.07,1072.0,3961.0,0.06,0.1816,-0.0393,0.0232,-0.0577,0.019,0.0,11671.0,9645.0
2026-09-21 10:24:17,2026-09-21T10:08:51,767.43,2026-09-21,C,762.0,5.5,5.52,52.0,42.0,5.47,0.1583,0.9463,0.0323,-0.0765,0.0243,0.0,8351.0,8574.0
2026-09-21 10:24:17,2026-09-21T10:08:51,767.43,2026-09-21,P,762.0,0.07,0.08,3408.0,3478.0,0.07,0.163,-0.0537,0.0323,-0.0765,0.0243,0.0,21962.0,6835.0
2026-09-21 10:24:17,2026-09-21T10:08:51,767.43,2026-09-21,C,763.0,4.52,4.54,59.0,115.0,4.49,0.1444,0.9243,0.0461,-0.1048,0.0315,0.0,6652.0,8346.0
2026-09-21 10:24:17,2026-09-21T10:08:51,767.43,2026-09-21,P,763.0,0.1,0.11,924.0,2341.0,0.11,0.1497,-0.0757,0.0461,-0.1048,0.0315,0.0,28381.0,6849.0
2026-09-21 10:24:17,2026-09-21T10:08:51,767.43,2026-09-21,C,764.0,3.57,3.58,163.0,94.0,3.54,0.1304,0.8896,0.0673,-0.1493,0.0411,0.0,11006.0,6049.0
2026-09-21 10:24:17,2026-09-21T10:08:51,767.43,2026-09-21,P,764.0,0.14,0.15,1233.0,1917.0,0.14,0.1344,-0.1104,0.0673,-0.1493,0.0411,0.0,43790.0,1764.0
2026-09-21 10:24:17,2026-09-21T10:08:51,767.43,2026-09-21,C,765.0,2.64,2.65,172.0,94.0,2.66,0.1188,0.8319,0.0997,-0.226,0.0538,0.0,16008.0,10594.0
2026-09-21 10:24:17,2026-09-21T10:08:51,767.43,2026-09-21,P,765.0,0.22,0.23,183.0,2140.0,0.22,0.1218,-0.1681,0.0997,-0.226,0.0538,0.0,61208.0,1927.0
2026-09-21 10:24:17,2026-09-21T10:08:51,767.43,2026-09-21,C,766.0,1.79,1.8,358.0,261.0,1.8,0.1087,0.7331,0.1441,-0.372,0.0691,0.0,46882.0,5357.0
2026-09-21 10:24:17,2026-09-21T10:08:51,767.43,2026-09-21,P,766.0,0.36,0.37,715.0,848.0,0.37,0.1109,-0.2669,0.1441,-0.372,0.0691,0.0,94609.0,558.0
2026-09-21 10:24:17,2026-09-21T10:08:51,767.43,2026-09-21,C,767.0,1.07,1.08,512.0,513.0,1.08,0.1008,0.5783,0.1849,-0.653,0.081,0.0,131040.0,4728.0
2026-09-21 10:24:17,2026-09-21T10:08:51,767.43,2026-09-21,P,767.0,0.64,0.65,571.0,692.0,0.65,0.1026,-0.4217,0.1849,-0.653,0.081,0.0,103539.0,636.0
2026-09-21 10:24:17,2026-09-21T10:08:51,767.43,2026-09-21,C,768.0,0.55,0.56,752.0,159.0,0.56,0.0974,0.3873,0.1883,-0.5528,0.0795,0.0,142080.0,7227.0
2026-09-21 10:24:17,2026-09-21T10:08:51,767.43,2026-09-21,P,768.0,1.12,1.13,364.0,378.0,1.13,0.0993,-0.6127,0.1883,-0.5528,0.0795,0.0,33795.0,334.0
2026-09-21 10:24:17,2026-09-21T10:08:51,767.43,2026-09-21,C,769.0,0.25,0.26,1039.0,239.0,0.26,0.0986,0.2191,0.1449,-0.2558,0.0628,0.0,83745.0,5303.0
2026-09-21 10:24:17,2026-09-21T10:08:51,767.43,2026-09-21,P,769.0,1.83,1.84,94.0,126.0,1.82,0.0994,-0.7809,0.1449,-0.2558,0.0628,0.0,9565.0,318.0
2026-09-21 10:24:17,2026-09-21T10:08:51,767.43,2026-09-21,C,770.0,0.11,0.12,2583.0,1154.0,0.12,0.1026,0.1136,0.0901,-0.1176,0.0425,0.0,122501.0,29669.0
2026-09-21 10:24:17,2026-09-21T10:08:51,767.43,2026-09-21,P,770.0,2.68,2.69,94.0,163.0,2.68,0.1064,-0.8864,0.0901,-0.1176,0.0425,0.0,4904.0,828.0
2026-09-21 10:24:17,2026-09-21T10:08:51,767.43,2026-09-21,C,771.0,0.05,0.06,3207.0,706.0,0.06,0.1096,0.0603,0.0519,-0.0594,0.0273,0.0,27933.0,4731.0
2026-09-21 10:24:17,2026-09-21T10:08:51,767.43,2026-09-21,P,771.0,3.62,3.64,82.0,11.0,3.66,0.1155,-0.9397,0.0519,-0.0594,0.0273,0.0,1650.0,69.0
2026-09-21 10:24:17,2026-09-21T10:08:51,767.43,2026-09-21,C,772.0,0.03,0.04,4217.0,3622.0,0.04,0.1227,0.0343,0.0302,-0.0338,0.0178,0.0,9114.0,3586.0
2026-09-21 10:24:17,2026-09-21T10:08:51,767.43,2026-09-21,P,772.0,4.6,4.61,1.0,1.0,4.65,0.128,-0.9654,0.0305,-0.034,0.018,0.0,723.0,119.0
2026-09-21 10:24:17,2026-09-21T10:08:51,767.43,2026-09-21,C,773.0,0.02,0.03,5285.0,5012.0,0.02,0.1364,0.022,0.019,-0.0223,0.0125,0.0,3402.0,3885.0
2026-09-21 10:24:17,2026-09-21T10:08:51,767.43,2026-09-21,P,773.0,5.59,5.6,37.0,1.0,5.74,0.1438,-0.9778,0.0191,-0.0225,0.0126,0.0,234.0,0.0
2026-09-21 10:24:17,2026-09-21T10:08:51,767.43,2026-09-21,C,774.0,0.01,0.02,5847.0,4336.0,0.02,0.1455,0.016,0.0131,-0.0172,0.0096,0.0,2014.0,2988.0
2026-09-21 10:24:17,2026-09-21T10:08:51,767.43,2026-09-21,P,774.0,6.56,6.62,46.0,150.0,6.95,0.1686,-0.9839,0.0132,-0.0173,0.0096,0.0,109.0,10.0
2026-09-21 10:24:17,2026-09-21T10:08:51,767.43,2026-09-21,C,775.0,0.01,0.02,6140.0,5674.0,0.01,0.1642,0.013,0.0099,-0.0151,0.0079,0.0,576.0,2242.0
2026-09-21 10:24:17,2026-09-21T10:08:51,767.43,2026-09-21,P,775.0,7.56,7.62,2.0,15.0,7.61,0.1855,-0.987,0.0099,-0.0151,0.008,0.0,197.0,0.0
2026-09-21 10:24:17,2026-09-21T10:08:51,767.43,2026-09-21,C,776.0,0.01,0.02,5882.0,6298.0,0.01,0.1827,0.0113,0.0079,-0.0142,0.007,0.0,585.0,860.0
2026-09-21 10:24:17,2026-09-21T10:08:51,767.43,2026-09-21,P,776.0,8.56,8.62,1.0,150.0,8.63,0.2057,-0.9887,0.0079,-0.0142,0.007,0.0,300.0,10.0
2026-09-21 10:24:17,2026-09-21T10:08:51,767.43,2026-09-21,C,777.0,0.01,0.02,2128.0,4304.0,0.01,0.2009,0.0101,0.0066,-0.0138,0.0063,0.0,14495.0,2233.0
2026-09-21 10:24:17,2026-09-21T10:08:51,767.43,2026-09-21,P,777.0,9.57,9.59,112.0,57.0,9.72,0.2083,-0.9898,0.0066,-0.0138,0.0063,0.0,572.0,0.0
2026-09-21 10:24:17,2026-09-21T10:08:51,767.43,2026-09-21,C,778.0,0.0,0.01,0.0,5320.0,0.01,0.1931,0.0093,0.0056,-0.0136,0.0058,0.0,211.0,817.0
2026-09-21 10:24:17,2026-09-21T10:08:51,767.43,2026-09-21,P,778.0,10.23,10.99,100.0,137.0,10.45,0.2339,-0.9907,0.0056,-0.0136,0.0058,0.0,3.0,0.0
2026-09-21 10:24:17,2026-09-21T10:08:51,767.43,2026-09-21,C,779.0,0.0,0.01,0.0,6142.0,0.02,0.2093,0.0086,0.0048,-0.0135,0.0054,0.0,189.0,835.0
2026-09-21 10:24:17,2026-09-21T10:08:51,767.43,2026-09-21,P,779.0,11.36,11.98,328.0,376.0,11.53,0.3054,-0.9914,0.0049,-0.0135,0.0054,0.0,2.0,0.0
2026-09-21 10:24:17,2026-09-21T10:08:51,767.43,2026-09-21,C,780.0,0.0,0.01,0.0,6506.0,0.01,0.2252,0.008,0.0042,-0.0134,0.005,0.0,14.0,2288.0
2026-09-21 10:24:17,2026-09-21T10:08:51,767.43,2026-09-21,P,780.0,12.23,12.99,100.0,138.0,13.14,0.2712,-0.9919,0.0043,-0.0134,0.005,0.0,56.0,0.0
2026-09-21 10:24:17,2026-09-21T10:08:51,767.43,2026-09-21,C,781.0,0.0,0.01,0.0,6835.0,0.01,0.2411,0.0076,0.0038,-0.0134,0.0047,0.0,33.0,930.0
2026-09-21 10:24:17,2026-09-21T10:08:51,767.43,2026-09-21,P,781.0,13.35,13.98,100.0,376.0,13.3,0.3444,-0.9924,0.0038,-0.0134,0.0047,0.0,18.0,10.0
2026-09-21 10:24:17,2026-09-21T10:08:51,767.43,2026-09-21,C,782.0,0.0,0.01,0.0,7088.0,0.01,0.2569,0.0071,0.0034,-0.0133,0.0045,0.0,144.0,596.0
2026-09-21 10:24:17,2026-09-21T10:08:51,767.43,2026-09-21,P,782.0,14.35,14.98,100.0,376.0,14.33,0.3651,-0.9929,0.0034,-0.0133,0.0045,0.0,42.0,0.0
2026-09-21 10:24:17,2026-09-21T10:08:51,767.43,2026-09-21,C,783.0,0.0,0.01,0.0,7160.0,0.01,0.2725,0.0068,0.003,-0.0133,0.0042,0.0,118.0,2107.0
2026-09-21 10:24:17,2026-09-21T10:08:51,767.43,2026-09-21,P,783.0,15.35,15.98,100.0,309.0,22.72,0.3857,-0.9932,0.003,-0.0133,0.0042,0.0,0.0,0.0
2026-09-21 10:24:17,2026-09-21T10:08:51,767.43,2026-09-21,C,784.0,0.0,0.01,0.0,7224.0,0.01,0.288,0.0064,0.0027,-0.0132,0.004,0.0,0.0,346.0
2026-09-21 10:24:17,2026-09-21T10:08:51,767.43,2026-09-21,P,784.0,16.25,16.99,100.0,100.0,23.92,0.3594,-0.9936,0.0027,-0.0132,0.004,0.0,0.0,0.0
2026-09-21 10:24:17,2026-09-21T10:08:51,767.43,2026-09-21,C,785.0,0.0,0.01,0.0,7284.0,0.01,0.3035,0.0061,0.0025,-0.0132,0.0039,0.0,1.0,490.0
2026-09-21 10:24:17,2026-09-21T10:08:51,767.43,2026-09-21,P,785.0,17.29,17.98,100.0,376.0,17.28,0.397,-0.9939,0.0025,-0.0132,0.0039,0.0,11.0,0.0
2026-09-21 10:24:17,2026-09-21T10:08:51,767.43,2026-09-21,C,786.0,0.0,0.01,0.0,7336.0,0.01,0.3188,0.0058,0.0023,-0.0132,0.0037,0.0,9.0,1683.0
2026-09-21 10:24:17,2026-09-21T10:08:51,767.43,2026-09-21,P,786.0,18.36,18.98,323.0,309.0,24.78,0.4506,-0.9942,0.0023,-0.0132,0.0037,0.0,0.0,0.0
2026-09-21 10:24:17,2026-09-21T10:08:51,767.43,2026-09-21,C,787.0,0.0,0.01,0.0,7323.0,0.01,0.3341,0.0056,0.0021,-0.0131,0.0035,0.0,0.0,1400.0
2026-09-21 10:24:17,2026-09-21T10:08:51,767.43,2026-09-21,P,787.0,19.24,19.98,309.0,376.0,19.95,0.397,-0.9944,0.0021,-0.0131,0.0035,0.0,37.0,0.0
2026-09-21 10:24:17,2026-09-21T10:08:51,767.43,2026-09-21,C,788.0,0.0,0.01,0.0,6867.0,0.01,0.3492,0.0054,0.0019,-0.0131,0.0034,0.0,1.0,1010.0
2026-09-21 10:24:17,2026-09-21T10:08:51,767.43,2026-09-21,P,788.0,20.36,20.99,100.0,100.0,26.31,0.4949,-0.9946,0.0019,-0.0131,0.0034,0.0,0.0,0.0
2026-09-21 10:24:17,2026-09-21T10:08:51,767.43,2026-09-21,C,789.0,0.0,0.01,0.0,6907.0,0.02,0.3644,0.0052,0.0018,-0.013,0.0033,0.0,0.0,6906.0
2026-09-21 10:24:17,2026-09-21T10:08:51,767.43,2026-09-21,P,789.0,21.33,21.99,100.0,100.0,27.76,0.5006,-0.9948,0.0018,-0.013,0.0033,0.0,0.0,0.0
2026-09-21 10:24:17,2026-09-21T10:08:51,767.43,2026-09-21,C,790.0,0.0,0.01,0.0,6947.0,0.01,0.3794,0.005,0.0017,-0.013,0.0032,0.0,5.0,6747.0
2026-09-21 10:24:17,2026-09-21T10:08:51,767.43,2026-09-21,P,790.0,22.32,22.98,100.0,100.0,28.71,0.5092,-0.995,0.0017,-0.013,0.0032,0.0,0.0,0.0
2026-09-21 10:24:17,2026-09-21T10:08:51,767.43,2026-09-21,C,791.0,0.0,0.01,0.0,6979.0,0.02,0.3944,0.0048,0.0016,-0.013,0.003,0.0,0.0,221.0
2026-09-21 10:24:17,2026-09-21T10:08:51,767.43,2026-09-21,P,791.0,23.34,23.99,69.0,69.0,31.84,0.5443,-0.9952,0.0016,-0.013,0.003,0.0,0.0,0.0
2026-09-21 10:24:17,2026-09-21T10:08:51,767.43,2026-09-21,C,792.0,0.0,0.01,0.0,7015.0,0.01,0.4092,0.0046,0.0014,-0.0129,0.0029,0.0,0.0,485.0
2026-09-21 10:24:17,2026-09-21T10:08:51,767.43,2026-09-21,P,792.0,24.35,24.98,68.0,197.0,24.95,0.5636,-0.9954,0.0014,-0.0129,0.0029,0.0,1.0,0.0
2026-09-21 10:24:17,2026-09-21T10:08:51,767.43,2026-09-21,C,793.0,0.0,0.01,0.0,7043.0,0.01,0.4241,0.0045,0.0014,-0.0129,0.0028,0.0,0.0,26.0
2026-09-21 10:24:17,2026-09-21T10:08:51,767.43,2026-09-21,P,793.0,25.28,25.98,2.0,2.0,31.68,0.5381,-0.9955,0.0014,-0.0129,0.0028,0.0,0.0,0.0
2026-09-21 10:24:17,2026-09-21T10:08:51,767.43,2026-09-21,C,794.0,0.0,0.01,0.0,7071.0,0.01,0.4388,0.0043,0.0013,-0.0128,0.0028,0.0,0.0,530.0
2026-09-21 10:24:17,2026-09-21T10:08:51,767.43,2026-09-21,P,794.0,26.36,26.98,2.0,2.0,32.59,0.6071,-0.9957,0.0013,-0.0128,0.0028,0.0,0.0,0.0
2026-09-21 10:24:17,2026-09-21T10:08:51,767.43,2026-09-21,C,795.0,0.0,0.01,0.0,7099.0,0.02,0.4535,0.0042,0.0012,-0.0128,0.0027,0.0,0.0,543.0
2026-09-21 10:24:17,2026-09-21T10:08:51,767.43,2026-09-21,P,795.0,27.26,28.01,2.0,2.0,33.86,0.5817,-0.9958,0.0012,-0.0128,0.0027,0.0,0.0,0.0
2026-09-21 10:24:17,2026-09-21T10:08:51,767.43,2026-09-21,C,796.0,0.0,0.01,0.0,7127.0,0.02,0.4682,0.0041,0.0011,-0.0128,0.0026,0.0,0.0,1.0
2026-09-21 10:24:17,2026-09-21T10:08:51,767.43,2026-09-21,P,796.0,28.34,28.98,2.0,2.0,34.39,0.6336,-0.9959,0.0011,-0.0128,0.0026,0.0,0.0,0.0
2026-09-21 10:24:17,2026-09-21T10:08:51,767.43,2026-09-21,C,797.0,0.0,0.01,0.0,7155.0,0.02,0.4828,0.0039,0.0011,-0.0127,0.0025,0.0,0.0,170.0
2026-09-21 10:24:17,2026-09-21T10:08:51,767.43,2026-09-21,P,797.0,29.34,29.98,2.0,2.0,36.67,0.6522,-0.9961,0.0011,-0.0127,0.0025,0.0,0.0,0.0
2026-09-21 10:24:17,2026-09-21T10:08:51,767.43,2026-09-21,C,798.0,0.0,0.01,0.0,7179.0,0.02,0.4973,0.0038,0.001,-0.0127,0.0025,0.0,0.0,115.0
2026-09-21 10:24:17,2026-09-21T10:08:51,767.43,2026-09-21,P,798.0,30.34,30.98,2.0,2.0,39.06,0.6707,-0.9962,0.001,-0.0127,0.0025,0.0,0.0,0.0
2026-09-21 10:24:17,2026-09-21T10:08:51,767.43,2026-09-21,C,799.0,0.0,0.01,0.0,7207.0,0.01,0.5118,0.0037,0.001,-0.0127,0.0024,0.0,0.0,23.0
2026-09-21 10:24:17,2026-09-21T10:08:51,767.43,2026-09-21,P,799.0,31.32,31.98,2.0,2.0,37.77,0.6757,-0.9963,0.001,-0.0126,0.0024,0.0,0.0,0.0
2026-09-21 10:24:17,2026-09-21T10:08:51,767.43,2026-09-21,C,800.0,0.0,0.01,0.0,7231.0,0.01,0.5262,0.0036,0.0009,-0.0126,0.0023,0.0,2.0,935.0
2026-09-21 10:24:17,2026-09-21T10:08:51,767.43,2026-09-21,P,800.0,32.34,32.98,2.0,2.0,38.52,0.7074,-0.9964,0.0009,-0.0126,0.0023,0.0,0.0,1.0
2026-09-21 10:24:17,2026-09-21T10:08:51,767.43,2026-09-21,C,801.0,0.0,0.01,0.0,7259.0,0.01,0.5406,0.0035,0.0009,-0.0126,0.0023,0.0,0.0,242.0
2026-09-21 10:24:17,2026-09-21T10:08:51,767.43,2026-09-21,P,801.0,33.32,33.98,2.0,2.0,39.82,0.7117,-0.9965,0.0009,-0.0126,0.0023,0.0,0.0,0.0
2026-09-21 10:24:17,2026-09-21T10:08:51,767.43,2026-09-21,C,802.0,0.0,0.01,0.0,7283.0,0.01,0.5549,0.0034,0.0008,-0.0125,0.0022,0.0,0.0,1043.0
2026-09-21 10:24:17,2026-09-21T10:08:51,767.43,2026-09-21,P,802.0,34.3,34.98,69.0,69.0,42.57,0.7139,-0.9966,0.0008,-0.0125,0.0022,0.0,0.0,0.0
2026-09-21 10:24:17,2026-09-21T10:08:51,767.43,2026-09-21,C,803.0,0.0,0.01,0.0,7307.0,0.01,0.5691,0.0034,0.0008,-0.0125,0.0022,0.0,0.0,958.0
2026-09-21 10:24:17,2026-09-21T10:08:51,767.43,2026-09-21,P,803.0,35.34,35.98,68.0,69.0,43.44,0.7618,-0.9966,0.0008,-0.0125,0.0022,0.0,0.0,0.0
2026-09-21 10:24:17,2026-09-21T10:08:51,767.43,2026-09-21,C,804.0,0.0,0.01,0.0,7331.0,0.02,0.5834,0.0033,0.0008,-0.0125,0.0021,0.0,0.0,65.0
2026-09-21 10:24:17,2026-09-21T10:08:51,767.43,2026-09-21,P,804.0,36.32,36.98,2.0,2.0,42.69,0.7651,-0.9967,0.0008,-0.0125,0.0021,0.0,0.0,0.0
2026-09-21 10:24:17,2026-09-21T10:08:51,767.43,2026-09-21,C,805.0,0.0,0.01,0.0,7355.0,0.01,0.5975,0.0032,0.0007,-0.0124,0.0021,0.0,0.0,41.0
2026-09-21 10:24:17,2026-09-21T10:08:51,767.43,2026-09-21,P,805.0,37.34,37.98,69.0,69.0,43.96,0.7977,-0.9968,0.0007,-0.0124,0.0021,0.0,0.0,0.0
2026-09-21 10:29:18,2026-09-21T10:13:51,767.875,2026-09-21,C,730.0,37.2,37.89,289.0,121.0,37.19,0.0,0.9962,0.0008,-0.0167,0.0024,0.0,23.0,29.0
2026-09-21 10:29:18,2026-09-21T10:13:51,767.875,2026-09-21,P,730.0,0.0,0.01,0.0,7643.0,0.01,0.6357,-0.0038,0.0008,-0.0167,0.0024,0.0,4.0,2413.0
2026-09-21 10:29:18,2026-09-21T10:13:51,767.875,2026-09-21,C,731.0,36.2,36.89,368.0,119.0,36.37,0.0,0.9961,0.0008,-0.0168,0.0025,0.0,89.0,19.0
2026-09-21 10:29:18,2026-09-21T10:13:51,767.875,2026-09-21,P,731.0,0.0,0.01,0.0,7611.0,0.01,0.6199,-0.0039,0.0008,-0.0168,0.0025,0.0,10.0,7564.0
2026-09-21 10:29:18,2026-09-21T10:13:51,767.875,2026-09-21,C,732.0,35.42,35.88,356.0,100.0,35.6,0.0,0.996,0.0009,-0.0168,0.0025,0.0,276.0,32.0
2026-09-21 10:29:18,2026-09-21T10:13:51,767.875,2026-09-21,P,732.0,0.0,0.01,0.0,7579.0,0.01,0.6041,-0.004,0.0009,-0.0168,0.0025,0.0,6.0,881.0
2026-09-21 10:29:18,2026-09-21T10:13:51,767.875,2026-09-21,C,733.0,34.18,34.88,361.0,36.0,34.67,0.0,0.9959,0.0009,-0.0169,0.0026,0.0,145.0,63.0
2026-09-21 10:29:18,2026-09-21T10:13:51,767.875,2026-09-21,P,733.0,0.0,0.01,0.0,7547.0,0.01,0.5883,-0.0041,0.0009,-0.0169,0.0026,0.0,4.0,2919.0
2026-09-21 10:29:18,2026-09-21T10:13:51,767.875,2026-09-21,C,734.0,33.4,33.88,360.0,37.0,33.5,0.0,0.9957,0.001,-0.017,0.0027,0.0,152.0,56.0
2026-09-21 10:29:18,2026-09-21T10:13:51,767.875,2026-09-21,P,734.0,0.0,0.01,0.0,7511.0,0.05,0.5725,-0.0043,0.001,-0.017,0.0027,0.0,0.0,773.0
2026-09-21 10:29:18,2026-09-21T10:13:51,767.875,2026-09-21,C,735.0,32.2,32.88,370.0,37.0,32.71,0.0,0.9956,0.001,-0.017,0.0027,0.0,470.0,24.0
2026-09-21 10:29:18,2026-09-21T10:13:51,767.875,2026-09-21,P,735.0,0.0,0.01,0.0,7475.0,0.01,0.5567,-0.0044,0.001,-0.017,0.0027,0.0,12.0,1578.0
2026-09-21 10:29:18,2026-09-21T10:13:51,767.875,2026-09-21,C,736.0,31.19,31.88,110.0,36.0,31.37,0.0,0.9955,0.0011,-0.0171,0.0028,0.0,31.0,16.0
2026-09-21 10:29:18,2026-09-21T10:13:51,767.875,2026-09-21,P,736.0,0.0,0.01,0.0,7439.0,0.01,0.5408,-0.0045,0.0011,-0.0171,0.0028,0.0,6.0,2021.0
2026-09-21 10:29:18,2026-09-21T10:13:51,767.875,2026-09-21,C,737.0,30.79,30.87,59.0,10.0,30.55,0.0,0.9954,0.0011,-0.0172,0.0029,0.0,58.0,17.0
2026-09-21 10:29:18,2026-09-21T10:13:51,767.875,2026-09-21,P,737.0,0.0,0.01,0.0,7395.0,0.01,0.525,-0.0046,0.0011,-0.0172,0.0029,0.0,6.0,1437.0
2026-09-21 10:29:18,2026-09-21T10:13:51,767.875,2026-09-21,C,738.0,29.79,29.89,59.0,58.0,28.98,0.0,0.9952,0.0012,-0.0173,0.003,0.0,101.0,22.0
2026-09-21 10:29:18,2026-09-21T10:13:51,767.875,2026-09-21,P,738.0,0.0,0.01,0.0,7286.0,0.02,0.5091,-0.0048,0.0012,-0.0173,0.003,0.0,10.0,1180.0
2026-09-21 10:29:18,2026-09-21T10:13:51,767.875,2026-09-21,C,739.0,28.8,28.89,15.0,97.0,28.57,0.0,0.995,0.0012,-0.0173,0.0031,0.0,50.0,30.0
2026-09-21 10:29:18,2026-09-21T10:13:51,767.875,2026-09-21,P,739.0,0.0,0.01,0.0,7141.0,0.01,0.4932,-0.005,0.0012,-0.0173,0.0031,0.0,28.0,1347.0
2026-09-21 10:29:18,2026-09-21T10:13:51,767.875,2026-09-21,C,740.0,27.8,27.88,15.0,87.0,27.58,0.0,0.9949,0.0013,-0.0174,0.0032,0.0,127.0,42.0
2026-09-21 10:29:18,2026-09-21T10:13:51,767.875,2026-09-21,P,740.0,0.0,0.01,0.0,6924.0,0.02,0.4773,-0.0051,0.0013,-0.0174,0.0032,0.0,3669.0,5789.0
2026-09-21 10:29:18,2026-09-21T10:13:51,767.875,2026-09-21,C,741.0,26.79,26.88,59.0,24.0,26.36,0.0,0.9947,0.0014,-0.0175,0.0033,0.0,62.0,38.0
2026-09-21 10:29:18,2026-09-21T10:13:51,767.875,2026-09-21,P,741.0,0.0,0.01,0.0,6698.0,0.01,0.4614,-0.0053,0.0014,-0.0175,0.0033,0.0,147.0,2863.0
2026-09-21 10:29:18,2026-09-21T10:13:51,767.875,2026-09-21,C,742.0,25.8,25.89,59.0,24.0,25.52,0.0,0.9945,0.0015,-0.0176,0.0034,0.0,321.0,11.0
2026-09-21 10:29:18,2026-09-21T10:13:51,767.875,2026-09-21,P,742.0,0.0,0.01,0.0,6457.0,0.01,0.4455,-0.0055,0.0015,-0.0176,0.0034,0.0,773.0,1915.0
2026-09-21 10:29:18,2026-09-21T10:13:51,767.875,2026-09-21,C,743.0,24.8,24.89,60.0,58.0,24.49,0.0,0.9943,0.0016,-0.0177,0.0035,0.0,41.0,71.0
2026-09-21 10:29:18,2026-09-21T10:13:51,767.875,2026-09-21,P,743.0,0.0,0.01,0.0,6053.0,0.01,0.4295,-0.0057,0.0016,-0.0177,0.0035,0.0,660.0,2810.0
2026-09-21 10:29:18,2026-09-21T10:13:51,767.875,2026-09-21,C,744.0,23.8,23.89,105.0,58.0,23.58,0.0,0.9941,0.0017,-0.0177,0.0036,0.0,79.0,47.0
2026-09-21 10:29:18,2026-09-21T10:13:51,767.875,2026-09-21,P,744.0,0.0,0.01,0.0,3953.0,0.01,0.4135,-0.0059,0.0017,-0.0177,0.0036,0.0,3002.0,1802.0
2026-09-21 10:29:18,2026-09-21T10:13:51,767.875,2026-09-21,C,745.0,22.8,22.89,121.0,106.0,22.57,0.0,0.9939,0.0019,-0.0178,0.0038,0.0,92.0,84.0
2026-09-21 10:29:18,2026-09-21T10:13:51,767.875,2026-09-21,P,745.0,0.01,0.02,7114.0,7143.0,0.01,0.4438,-0.0061,0.0019,-0.0178,0.0038,0.0,9540.0,18475.0
2026-09-21 10:29:18,2026-09-21T10:13:51,767.875,2026-09-21,C,746.0,21.8,21.89,100.0,24.0,21.55,0.0,0.9936,0.002,-0.0179,0.0039,0.0,247.0,65.0
2026-09-21 10:29:18,2026-09-21T10:13:51,767.875,2026-09-21,P,746.0,0.01,0.02,7054.0,7083.0,0.02,0.4262,-0.0064,0.002,-0.0179,0.0039,0.0,1362.0,1979.0
2026-09-21 10:29:18,2026-09-21T10:13:51,767.875,2026-09-21,C,747.0,20.8,20.89,121.0,104.0,20.27,0.0,0.9934,0.0022,-0.018,0.004,0.0,211.0,18.0
2026-09-21 10:29:18,2026-09-21T10:13:51,767.875,2026-09-21,P,747.0,0.01,0.02,6995.0,7023.0,0.01,0.4086,-0.0066,0.0022,-0.018,0.004,0.0,3124.0,2684.0
2026-09-21 10:29:18,2026-09-21T10:13:51,767.875,2026-09-21,C,748.0,19.8,19.89,100.0,24.0,19.65,0.0,0.993,0.0024,-0.0182,0.0042,0.0,232.0,61.0
2026-09-21 10:29:18,2026-09-21T10:13:51,767.875,2026-09-21,P,748.0,0.01,0.02,6786.0,6819.0,0.01,0.3908,-0.007,0.0024,-0.0182,0.0042,0.0,2696.0,4869.0
2026-09-21 10:29:18,2026-09-21T10:13:51,767.875,2026-09-21,C,749.0,18.85,18.87,124.0,45.0,18.69,0.0,0.9927,0.0026,-0.0183,0.0044,0.0,553.0,83.0
2026-09-21 10:29:18,2026-09-21T10:13:51,767.875,2026-09-21,P,749.0,0.01,0.02,6749.0,6762.0,0.01,0.3731,-0.0073,0.0026,-0.0183,0.0044,0.0,1973.0,5143.0
2026-09-21 10:29:18,2026-09-21T10:13:51,767.875,2026-09-21,C,750.0,17.83,17.89,100.0,102.0,17.69,0.0,0.9923,0.0028,-0.0185,0.0046,0.0,1219.0,477.0
2026-09-21 10:29:18,2026-09-21T10:13:51,767.875,2026-09-21,P,750.0,0.01,0.02,6668.0,6615.0,0.02,0.3553,-0.0077,0.0028,-0.0185,0.0046,0.0,10017.0,16881.0
2026-09-21 10:29:18,2026-09-21T10:13:51,767.875,2026-09-21,C,751.0,16.81,16.9,15.0,100.0,16.37,0.0,0.9919,0.0031,-0.0187,0.0049,0.0,139.0,334.0
2026-09-21 10:29:18,2026-09-21T10:13:51,767.875,2026-09-21,P,751.0,0.01,0.02,6608.0,6302.0,0.01,0.3374,-0.0081,0.0031,-0.0187,0.0049,0.0,1523.0,2776.0
2026-09-21 10:29:18,2026-09-21T10:13:51,767.875,2026-09-21,C,752.0,15.8,15.89,125.0,45.0,15.72,0.0,0.9914,0.0035,-0.019,0.0052,0.0,62.0,298.0
2026-09-21 10:29:18,2026-09-21T10:13:51,767.875,2026-09-21,P,752.0,0.01,0.02,6544.0,5917.0,0.02,0.3194,-0.0086,0.0035,-0.019,0.0052,0.0,1188.0,3260.0
2026-09-21 10:29:18,2026-09-21T10:13:51,767.875,2026-09-21,C,753.0,14.81,14.89,100.0,24.0,14.36,0.0,0.9908,0.0039,-0.0193,0.0055,0.0,49.0,321.0
2026-09-21 10:29:18,2026-09-21T10:13:51,767.875,2026-09-21,P,753.0,0.01,0.02,6480.0,5232.0,0.01,0.3014,-0.0092,0.0039,-0.0193,0.0055,0.0,2232.0,2802.0
2026-09-21 10:29:18,2026-09-21T10:13:51,767.875,2026-09-21,C,754.0,13.81,13.9,100.0,24.0,13.47,0.0,0.9901,0.0044,-0.0198,0.0059,0.0,202.0,569.0
2026-09-21 10:29:18,2026-09-21T10:13:51,767.875,2026-09-21,P,754.0,0.02,0.03,5709.0,6307.0,0.02,0.302,-0.0099,0.0044,-0.0198,0.0059,0.0,3944.0,2348.0
2026-09-21 10:29:18,2026-09-21T10:13:51,767.875,2026-09-21,C,755.0,12.86,12.87,35.0,36.0,12.82,0.0,0.9892,0.005,-0.0206,0.0064,0.0,1431.0,1471.0
2026-09-21 10:29:18,2026-09-21T10:13:51,767.875,2026-09-21,P,755.0,0.02,0.03,6136.0,6234.0,0.02,0.2828,-0.0108,0.005,-0.0206,0.0064,0.0,5031.0,21487.0
2026-09-21 10:29:18,2026-09-21T10:13:51,767.875,2026-09-21,C,756.0,11.83,11.9,104.0,58.0,11.71,0.0,0.988,0.0059,-0.0216,0.007,0.0,407.0,768.0
2026-09-21 10:29:18,2026-09-21T10:13:51,767.875,2026-09-21,P,756.0,0.02,0.03,6097.0,6152.0,0.02,0.2636,-0.012,0.0059,-0.0216,0.007,0.0,1433.0,4124.0
2026-09-21 10:29:18,2026-09-21T10:13:51,767.875,2026-09-21,C,757.0,10.86,10.88,125.0,45.0,10.72,0.0,0.9865,0.007,-0.0232,0.0078,0.0,3440.0,3398.0
2026-09-21 10:29:18,2026-09-21T10:13:51,767.875,2026-09-21,P,757.0,0.02,0.03,6040.0,5959.0,0.03,0.2441,-0.0135,0.007,-0.0232,0.0078,0.0,3313.0,6135.0
2026-09-21 10:29:18,2026-09-21T10:13:51,767.875,2026-09-21,C,758.0,9.82,9.91,116.0,108.0,9.81,0.0,0.9843,0.0085,-0.0254,0.0089,0.0,286.0,1431.0
2026-09-21 10:29:18,2026-09-21T10:13:51,767.875,2026-09-21,P,758.0,0.03,0.04,2685.0,5996.0,0.02,0.2358,-0.0157,0.0085,-0.0254,0.0089,0.0,7416.0,6814.0
2026-09-21 10:29:18,2026-09-21T10:13:51,767.875,2026-09-21,C,759.0,8.82,8.91,127.0,24.0,8.65,0.0,0.9813,0.0107,-0.0289,0.0103,0.0,701.0,3109.0
2026-09-21 10:29:18,2026-09-21T10:13:51,767.875,2026-09-21,P,759.0,0.03,0.04,5210.0,5881.0,0.04,0.2152,-0.0187,0.0107,-0.0289,0.0103,0.0,9812.0,9099.0
2026-09-21 10:29:18,2026-09-21T10:13:51,767.875,2026-09-21,C,760.0,7.87,7.89,129.0,42.0,7.82,0.1633,0.9768,0.0138,-0.0342,0.0124,0.0,1425.0,6853.0
2026-09-21 10:29:18,2026-09-21T10:13:51,767.875,2026-09-21,P,760.0,0.04,0.05,1858.0,5660.0,0.04,0.2025,-0.0232,0.0138,-0.0342,0.0124,0.0,13511.0,15275.0
2026-09-21 10:29:18,2026-09-21T10:13:51,767.875,2026-09-21,C,761.0,6.88,6.9,109.0,46.0,6.89,0.1591,0.97,0.0185,-0.0423,0.0153,0.0,2151.0,5926.0
2026-09-21 10:29:18,2026-09-21T10:13:51,767.875,2026-09-21,P,761.0,0.05,0.06,333.0,4365.0,0.05,0.1873,-0.03,0.0185,-0.0423,0.0153,0.0,12027.0,9645.0
2026-09-21 10:29:18,2026-09-21T10:13:51,767.875,2026-09-21,C,762.0,5.89,5.91,53.0,45.0,5.9,0.1481,0.9597,0.0257,-0.0547,0.0194,0.0,8815.0,8574.0
2026-09-21 10:29:18,2026-09-21T10:13:51,767.875,2026-09-21,P,762.0,0.06,0.07,243.0,4668.0,0.07,0.17,-0.0403,0.0257,-0.0547,0.0194,0.0,22739.0,6835.0
2026-09-21 10:29:18,2026-09-21T10:13:51,767.875,2026-09-21,C,763.0,4.91,4.93,110.0,47.0,4.89,0.1332,0.9436,0.0368,-0.0739,0.0252,0.0,6915.0,8346.0
2026-09-21 10:29:18,2026-09-21T10:13:51,767.875,2026-09-21,P,763.0,0.07,0.08,3834.0,3513.0,0.07,0.1507,-0.0564,0.0368,-0.0739,0.0252,0.0,30251.0,6849.0
2026-09-21 10:29:18,2026-09-21T10:13:51,767.875,2026-09-21,C,764.0,3.93,3.95,143.0,127.0,3.91,0.1239,0.918,0.0543,-0.1042,0.0333,0.0,11393.0,6049.0
2026-09-21 10:29:18,2026-09-21T10:13:51,767.875,2026-09-21,P,764.0,0.1,0.11,2160.0,2178.0,0.1,0.1362,-0.082,0.0543,-0.1042,0.0333,0.0,47637.0,1764.0
2026-09-21 10:29:18,2026-09-21T10:13:51,767.875,2026-09-21,C,765.0,2.99,3.0,241.0,66.0,2.99,0.1131,0.8752,0.0822,-0.155,0.0445,0.0,17126.0,10594.0
2026-09-21 10:29:18,2026-09-21T10:13:51,767.875,2026-09-21,P,765.0,0.15,0.16,1897.0,1261.0,0.16,0.1218,-0.1248,0.0822,-0.155,0.0445,0.0,66991.0,1927.0
2026-09-21 10:29:18,2026-09-21T10:13:51,767.875,2026-09-21,C,766.0,2.09,2.1,94.0,104.0,2.09,0.1042,0.7993,0.1255,-0.2512,0.0594,0.0,50926.0,5357.0
2026-09-21 10:29:18,2026-09-21T10:13:51,767.875,2026-09-21,P,766.0,0.25,0.26,797.0,781.0,0.25,0.1095,-0.2007,0.1255,-0.2512,0.0594,0.0,103258.0,558.0
2026-09-21 10:29:18,2026-09-21T10:13:51,767.875,2026-09-21,C,767.0,1.29,1.3,430.0,435.0,1.29,0.0958,0.6661,0.1788,-0.4497,0.0754,0.0,147067.0,4728.0
2026-09-21 10:29:18,2026-09-21T10:13:51,767.875,2026-09-21,P,767.0,0.45,0.46,773.0,760.0,0.45,0.0998,-0.3339,0.1788,-0.4497,0.0754,0.0,117758.0,636.0
2026-09-21 10:29:18,2026-09-21T10:13:51,767.875,2026-09-21,C,768.0,0.69,0.7,690.0,284.0,0.7,0.0925,0.4736,0.207,-0.7046,0.0818,0.0,171491.0,7227.0
2026-09-21 10:29:18,2026-09-21T10:13:51,767.875,2026-09-21,P,768.0,0.85,0.86,203.0,606.0,0.85,0.0962,-0.5264,0.207,-0.7046,0.0818,0.0,38921.0,334.0
2026-09-21 10:29:18,2026-09-21T10:13:51,767.875,2026-09-21,C,769.0,0.31,0.32,1204.0,282.0,0.32,0.0912,0.2775,0.1756,-0.3268,0.0701,0.0,93683.0,5303.0
2026-09-21 10:29:18,2026-09-21T10:13:51,767.875,2026-09-21,P,769.0,1.47,1.48,274.0,465.0,1.47,0.097,-0.7225,0.1756,-0.3268,0.0701,0.0,11469.0,318.0
2026-09-21 10:29:18,2026-09-21T10:13:51,767.875,2026-09-21,C,770.0,0.13,0.14,2380.0,304.0,0.13,0.0946,0.1432,0.1134,-0.146,0.0491,0.0,140667.0,29669.0
2026-09-21 10:29:18,2026-09-21T10:13:51,767.875,2026-09-21,P,770.0,2.29,2.3,104.0,94.0,2.32,0.1031,-0.8568,0.1134,-0.146,0.0491,0.0,5411.0,828.0
2026-09-21 10:29:18,2026-09-21T10:13:51,767.875,2026-09-21,C,771.0,0.06,0.07,3045.0,722.0,0.07,0.1029,0.0745,0.0651,-0.0718,0.0317,0.0,35413.0,4731.0
2026-09-21 10:29:18,2026-09-21T10:13:51,767.875,2026-09-21,P,771.0,3.19,3.24,25.0,84.0,3.26,0.1143,-0.9255,0.0651,-0.0718,0.0317,0.0,1897.0,69.0
2026-09-21 10:29:18,2026-09-21T10:13:51,767.875,2026-09-21,C,772.0,0.03,0.04,4788.0,1890.0,0.04,0.113,0.042,0.0377,-0.0404,0.0208,0.0,9369.0,3586.0
2026-09-21 10:29:18,2026-09-21T10:13:51,767.875,2026-09-21,P,772.0,4.19,4.21,39.0,120.0,4.25,0.1297,-0.958,0.0377,-0.0404,0.0208,0.0,779.0,119.0
2026-09-21 10:29:18,2026-09-21T10:13:51,767.875,2026-09-21,C,773.0,0.02,0.03,5750.0,5110.0,0.03,0.1275,0.0262,0.0231,-0.0258,0.0143,0.0,3582.0,3885.0
2026-09-21 10:29:18,2026-09-21T10:13:51,767.875,2026-09-21,P,773.0,5.18,5.19,35.0,35.0,5.34,0.1491,-0.9738,0.0231,-0.0258,0.0143,0.0,292.0,0.0
2026-09-21 10:29:18,2026-09-21T10:13:51,767.875,2026-09-21,C,774.0,0.01,0.02,6249.0,5005.0,0.01,0.1373,0.0183,0.0154,-0.019,0.0106,0.0,3037.0,2988.0
2026-09-21 10:29:18,2026-09-21T10:13:51,767.875,2026-09-21,P,774.0,6.17,6.19,40.0,127.0,6.22,0.1663,-0.9817,0.0154,-0.019,0.0106,0.0,134.0,10.0
2026-09-21 10:29:18,2026-09-21T10:13:51,767.875,2026-09-21,C,775.0,0.01,0.02,6453.0,6504.0,0.02,0.1563,0.0142,0.0112,-0.0159,0.0086,0.0,602.0,2242.0
2026-09-21 10:29:18,2026-09-21T10:13:51,767.875,2026-09-21,P,775.0,7.14,7.22,110.0,15.0,7.61,0.1972,-0.9858,0.0112,-0.0159,0.0086,0.0,197.0,0.0
2026-09-21 10:29:18,2026-09-21T10:13:51,767.875,2026-09-21,C,776.0,0.01,0.02,6591.0,6800.0,0.02,0.175,0.012,0.0087,-0.0146,0.0073,0.0,587.0,860.0
2026-09-21 10:29:18,2026-09-21T10:13:51,767.875,2026-09-21,P,776.0,8.15,8.23,46.0,127.0,8.2,0.2163,-0.988,0.0087,-0.0146,0.0073,0.0,330.0,10.0
2026-09-21 10:29:18,2026-09-21T10:13:51,767.875,2026-09-21,C,777.0,0.01,0.02,5918.0,6808.0,0.01,0.1935,0.0106,0.0071,-0.0139,0.0065,0.0,14953.0,2233.0
2026-09-21 10:29:18,2026-09-21T10:13:51,767.875,2026-09-21,P,777.0,9.16,9.18,41.0,43.0,9.33,0.2225,-0.9894,0.0071,-0.0139,0.0065,0.0,597.0,0.0
2026-09-21 10:29:18,2026-09-21T10:13:51,767.875,2026-09-21,C,778.0,0.0,0.01,0.0,6413.0,0.01,0.1866,0.0096,0.006,-0.0136,0.006,0.0,1233.0,817.0
2026-09-21 10:29:18,2026-09-21T10:13:51,767.875,2026-09-21,P,778.0,10.13,10.31,107.0,110.0,10.45,0.2784,-0.9904,0.006,-0.0136,0.006,0.0,3.0,0.0
2026-09-21 10:29:18,2026-09-21T10:13:51,767.875,2026-09-21,C,779.0,0.0,0.01,0.0,7145.0,0.02,0.2029,0.0089,0.0052,-0.0135,0.0055,0.0,189.0,835.0
2026-09-21 10:29:18,2026-09-21T10:13:51,767.875,2026-09-21,P,779.0,11.13,11.3,58.0,116.0,11.53,0.2974,-0.9911,0.0052,-0.0135,0.0055,0.0,2.0,0.0
2026-09-21 10:29:18,2026-09-21T10:13:51,767.875,2026-09-21,C,780.0,0.0,0.01,0.0,7354.0,0.01,0.219,0.0083,0.0045,-0.0134,0.0051,0.0,31.0,2288.0
2026-09-21 10:29:18,2026-09-21T10:13:51,767.875,2026-09-21,P,780.0,12.13,12.3,58.0,143.0,13.14,0.319,-0.9917,0.0045,-0.0134,0.0051,0.0,56.0,0.0
2026-09-21 10:29:18,2026-09-21T10:13:51,767.875,2026-09-21,C,781.0,0.0,0.01,0.0,7514.0,0.01,0.2351,0.0078,0.004,-0.0133,0.0048,0.0,34.0,930.0
2026-09-21 10:29:18,2026-09-21T10:13:51,767.875,2026-09-21,P,781.0,13.13,13.3,115.0,161.0,13.3,0.3404,-0.9922,0.004,-0.0133,0.0048,0.0,18.0,10.0
2026-09-21 10:29:18,2026-09-21T10:13:51,767.875,2026-09-21,C,782.0,0.0,0.01,0.0,7671.0,0.01,0.251,0.0073,0.0035,-0.0133,0.0045,0.0,144.0,596.0
2026-09-21 10:29:18,2026-09-21T10:13:51,767.875,2026-09-21,P,782.0,14.13,14.3,58.0,174.0,14.33,0.3615,-0.9927,0.0035,-0.0133,0.0045,0.0,42.0,0.0
2026-09-21 10:29:18,2026-09-21T10:13:51,767.875,2026-09-21,C,783.0,0.0,0.01,0.0,7765.0,0.01,0.2668,0.0069,0.0032,-0.0132,0.0043,0.0,118.0,2107.0
2026-09-21 10:29:18,2026-09-21T10:13:51,767.875,2026-09-21,P,783.0,15.13,15.3,58.0,183.0,22.72,0.3824,-0.9931,0.0032,-0.0132,0.0043,0.0,0.0,0.0
2026-09-21 10:29:18,2026-09-21T10:13:51,767.875,2026-09-21,C,784.0,0.0,0.01,0.0,7839.0,0.01,0.2824,0.0065,0.0029,-0.0132,0.0041,0.0,0.0,346.0
2026-09-21 10:29:18,2026-09-21T10:13:51,767.875,2026-09-21,P,784.0,16.13,16.3,58.0,100.0,23.92,0.4032,-0.9935,0.0029,-0.0132,0.0041,0.0,0.0,0.0
2026-09-21 10:29:18,2026-09-21T10:13:51,767.875,2026-09-21,C,785.0,0.0,0.01,0.0,7907.0,0.01,0.298,0.0062,0.0026,-0.0131,0.0039,0.0,1.0,490.0
2026-09-21 10:29:18,2026-09-21T10:13:51,767.875,2026-09-21,P,785.0,17.13,17.3,58.0,152.0,17.28,0.4237,-0.9938,0.0026,-0.0131,0.0039,0.0,11.0,0.0
2026-09-21 10:29:18,2026-09-21T10:13:51,767.875,2026-09-21,C,786.0,0.0,0.01,0.0,7967.0,0.01,0.3135,0.0059,0.0024,-0.0131,0.0037,0.0,9.0,1683.0
2026-09-21 10:29:18,2026-09-21T10:13:51,767.875,2026-09-21,P,786.0,18.13,18.3,58.0,155.0,24.78,0.4441,-0.9941,0.0024,-0.0131,0.0037,0.0,0.0,0.0
2026-09-21 10:29:18,2026-09-21T10:13:51,767.875,2026-09-21,C,787.0,0.0,0.01,0.0,7962.0,0.01,0.3289,0.0057,0.0022,-0.013,0.0036,0.0,1.0,1400.0
2026-09-21 10:29:18,2026-09-21T10:13:51,767.875,2026-09-21,P,787.0,19.13,19.3,58.0,156.0,19.95,0.4643,-0.9943,0.0022,-0.013,0.0036,0.0,37.0,0.0
2026-09-21 10:29:18,2026-09-21T10:13:51,767.875,2026-09-21,C,788.0,0.0,0.01,0.0,8014.0,0.01,0.3442,0.0054,0.002,-0.013,0.0034,0.0,1.0,1010.0
2026-09-21 10:29:18,2026-09-21T10:13:51,767.875,2026-09-21,P,788.0,20.06,20.3,78.0,79.0,26.31,0.4478,-0.9946,0.002,-0.013,0.0034,0.0,0.0,0.0
2026-09-21 10:29:18,2026-09-21T10:13:51,767.875,2026-09-21,C,789.0,0.0,0.01,0.0,8058.0,0.01,0.3594,0.0052,0.0018,-0.013,0.0033,0.0,2.0,6906.0
2026-09-21 10:29:18,2026-09-21T10:13:51,767.875,2026-09-21,P,789.0,21.01,21.3,100.0,18.0,27.76,0.4527,-0.9948,0.0018,-0.013,0.0033,0.0,0.0,0.0
2026-09-21 10:29:18,2026-09-21T10:13:51,767.875,2026-09-21,C,790.0,0.0,0.01,0.0,7602.0,0.01,0.3746,0.005,0.0017,-0.0129,0.0032,0.0,5.0,6747.0
2026-09-21 10:29:18,2026-09-21T10:13:51,767.875,2026-09-21,P,790.0,22.01,22.3,100.0,16.0,28.71,0.4709,-0.995,0.0017,-0.0129,0.0032,0.0,0.0,0.0
2026-09-21 10:29:18,2026-09-21T10:13:51,767.875,2026-09-21,C,791.0,0.0,0.01,0.0,7638.0,0.02,0.3897,0.0048,0.0016,-0.0129,0.0031,0.0,0.0,221.0
2026-09-21 10:29:18,2026-09-21T10:13:51,767.875,2026-09-21,P,791.0,23.0,23.3,78.0,78.0,31.84,0.4493,-0.9952,0.0016,-0.0129,0.0031,0.0,0.0,0.0
2026-09-21 10:29:18,2026-09-21T10:13:51,767.875,2026-09-21,C,792.0,0.0,0.01,0.0,7674.0,0.01,0.4047,0.0047,0.0015,-0.0128,0.003,0.0,0.0,485.0
2026-09-21 10:29:18,2026-09-21T10:13:51,767.875,2026-09-21,P,792.0,23.55,24.75,1.0,2.0,24.95,0.515,-0.9953,0.0015,-0.0128,0.003,0.0,1.0,0.0
2026-09-21 10:29:18,2026-09-21T10:13:51,767.875,2026-09-21,C,793.0,0.0,0.01,0.0,7706.0,0.01,0.4197,0.0045,0.0014,-0.0128,0.0028,0.0,0.0,26.0
2026-09-21 10:29:18,2026-09-21T10:13:51,767.875,2026-09-21,P,793.0,24.56,25.84,301.0,1.0,31.68,0.5664,-0.9955,0.0014,-0.0128,0.0028,0.0,0.0,0.0
2026-09-21 10:29:18,2026-09-21T10:13:51,767.875,2026-09-21,C,794.0,0.0,0.01,0.0,7734.0,0.01,0.4346,0.0044,0.0013,-0.0128,0.0028,0.0,0.0,530.0
2026-09-21 10:29:18,2026-09-21T10:13:51,767.875,2026-09-21,P,794.0,25.55,27.38,1.0,1.0,32.59,0.5853,-0.9956,0.0013,-0.0128,0.0028,0.0,0.0,0.0
2026-09-21 10:29:18,2026-09-21T10:13:51,767.875,2026-09-21,C,795.0,0.0,0.01,0.0,7766.0,0.02,0.4494,0.0042,0.0012,-0.0127,0.0027,0.0,0.0,543.0
2026-09-21 10:29:18,2026-09-21T10:13:51,767.875,2026-09-21,P,795.0,26.55,28.39,1.0,1.0,33.86,0.577,-0.9958,0.0012,-0.0127,0.0027,0.0,0.0,0.0
2026-09-21 10:29:18,2026-09-21T10:13:51,767.875,2026-09-21,C,796.0,0.0,0.01,0.0,7767.0,0.02,0.4641,0.0041,0.0012,-0.0127,0.0026,0.0,0.0,1.0
2026-09-21 10:29:18,2026-09-21T10:13:51,767.875,2026-09-21,P,796.0,27.55,29.19,1.0,1.0,34.39,0.6608,-0.9959,0.0012,-0.0127,0.0026,0.0,0.0,0.0
2026-09-21 10:29:18,2026-09-21T10:13:51,767.875,2026-09-21,C,797.0,0.0,0.01,0.0,7767.0,0.02,0.4788,0.004,0.0011,-0.0126,0.0025,0.0,0.0,170.0
2026-09-21 10:29:18,2026-09-21T10:13:51,767.875,2026-09-21,P,797.0,28.56,30.38,1.0,1.0,36.67,0.6476,-0.996,0.0011,-0.0126,0.0025,0.0,0.0,0.0
2026-09-21 10:29:18,2026-09-21T10:13:51,767.875,2026-09-21,C,798.0,0.0,0.01,0.0,7767.0,0.02,0.4935,0.0039,0.001,-0.0126,0.0025,0.0,0.0,115.0
2026-09-21 10:29:18,2026-09-21T10:13:51,767.875,2026-09-21,P,798.0,29.55,31.19,1.0,1.0,39.06,0.6892,-0.9961,0.001,-0.0126,0.0025,0.0,0.0,0.0
2026-09-21 10:29:18,2026-09-21T10:13:51,767.875,2026-09-21,C,799.0,0.0,0.01,0.0,7767.0,0.01,0.5081,0.0038,0.001,-0.0126,0.0024,0.0,0.0,23.0
2026-09-21 10:29:18,2026-09-21T10:13:51,767.875,2026-09-21,P,799.0,30.55,32.38,1.0,1.0,37.77,0.6848,-0.9962,0.001,-0.0126,0.0024,0.0,0.0,0.0
2026-09-21 10:29:18,2026-09-21T10:13:51,767.875,2026-09-21,C,800.0,0.0,0.01,0.0,7767.0,0.01,0.5226,0.0036,0.0009,-0.0125,0.0023,0.0,2.0,935.0
2026-09-21 10:29:18,2026-09-21T10:13:51,767.875,2026-09-21,P,800.0,31.55,33.23,1.0,2.0,38.52,0.8647,-0.9964,0.0009,-0.0125,0.0023,0.0,0.0,1.0
2026-09-21 10:29:18,2026-09-21T10:13:51,767.875,2026-09-21,C,801.0,0.0,0.01,0.0,7767.0,0.01,0.5371,0.0036,0.0009,-0.0125,0.0023,0.0,0.0,242.0
2026-09-21 10:29:18,2026-09-21T10:13:51,767.875,2026-09-21,P,801.0,32.55,34.2,1.0,1.0,39.82,0.7722,-0.9964,0.0009,-0.0125,0.0023,0.0,0.0,0.0
2026-09-21 10:29:18,2026-09-21T10:13:51,767.875,2026-09-21,C,802.0,0.0,0.01,0.0,7767.0,0.01,0.5515,0.0035,0.0008,-0.0124,0.0022,0.0,0.0,1043.0
2026-09-21 10:29:18,2026-09-21T10:13:51,767.875,2026-09-21,P,802.0,33.55,34.93,68.0,1.0,42.57,0.7705,-0.9965,0.0008,-0.0124,0.0022,0.0,0.0,0.0
2026-09-21 10:29:18,2026-09-21T10:13:51,767.875,2026-09-21,C,803.0,0.0,0.01,0.0,7767.0,0.01,0.5659,0.0034,0.0008,-0.0124,0.0022,0.0,0.0,958.0
2026-09-21 10:29:18,2026-09-21T10:13:51,767.875,2026-09-21,P,803.0,34.55,36.26,1.0,1.0,43.44,0.7713,-0.9966,0.0008,-0.0124,0.0022,0.0,0.0,0.0
2026-09-21 10:29:18,2026-09-21T10:13:51,767.875,2026-09-21,C,804.0,0.0,0.01,0.0,7767.0,0.02,0.5803,0.0033,0.0008,-0.0124,0.0021,0.0,0.0,65.0
2026-09-21 10:29:18,2026-09-21T10:13:51,767.875,2026-09-21,P,804.0,35.55,37.49,1.0,2.0,42.69,1.0257,-0.9967,0.0008,-0.0124,0.0021,0.0,0.0,0.0
2026-09-21 10:29:18,2026-09-21T10:13:51,767.875,2026-09-21,C,805.0,0.0,0.01,0.0,7767.0,0.01,0.5946,0.0032,0.0007,-0.0123,0.0021,0.0,0.0,41.0
2026-09-21 10:29:18,2026-09-21T10:13:51,767.875,2026-09-21,P,805.0,36.55,38.2,1.0,1.0,43.96,0.838,-0.9968,0.0007,-0.0123,0.0021,0.0,0.0,0.0
2026-09-21 10:29:18,2026-09-21T10:13:51,767.875,2026-09-21,C,806.0,0.0,0.01,0.0,7767.0,0.01,0.6088,0.0031,0.0007,-0.0123,0.002,0.0,0.0,483.0
2026-09-21 10:29:18,2026-09-21T10:13:51,767.875,2026-09-21,P,806.0,37.55,39.22,1.0,1.0,46.72,0.8567,-0.9969,0.0007,-0.0123,0.002,0.0,0.0,0.0
2026-09-21 10:34:19,2026-09-21T10:18:52,768.435,2026-09-21,C,731.0,36.68,37.45,364.0,110.0,37.38,0.0,0.9986,0.0004,-0.005,0.001,0.0,94.0,19.0
2026-09-21 10:34:19,2026-09-21T10:18:52,768.435,2026-09-21,P,731.0,0.0,0.01,0.0,7611.0,0.01,0.6326,-0.0014,0.0004,-0.005,0.001,0.0,10.0,7564.0
2026-09-21 10:34:19,2026-09-21T10:18:52,768.435,2026-09-21,C,732.0,35.83,36.45,125.0,112.0,36.31,0.0,0.9985,0.0004,-0.005,0.001,0.0,345.0,32.0
2026-09-21 10:34:19,2026-09-21T10:18:52,768.435,2026-09-21,P,732.0,0.0,0.01,0.0,7579.0,0.01,0.6167,-0.0015,0.0004,-0.005,0.001,0.0,6.0,881.0
2026-09-21 10:34:19,2026-09-21T10:18:52,768.435,2026-09-21,C,733.0,34.83,35.45,120.0,95.0,35.33,0.0,0.9985,0.0004,-0.005,0.001,0.0,155.0,63.0
2026-09-21 10:34:19,2026-09-21T10:18:52,768.435,2026-09-21,P,733.0,0.0,0.01,0.0,7547.0,0.01,0.6008,-0.0015,0.0004,-0.005,0.001,0.0,4.0,2919.0
2026-09-21 10:34:19,2026-09-21T10:18:52,768.435,2026-09-21,C,734.0,33.83,34.45,134.0,120.0,34.17,0.0,0.9984,0.0004,-0.005,0.0011,0.0,225.0,56.0
2026-09-21 10:34:19,2026-09-21T10:18:52,768.435,2026-09-21,P,734.0,0.0,0.01,0.0,7511.0,0.05,0.5849,-0.0016,0.0004,-0.005,0.0011,0.0,0.0,773.0
2026-09-21 10:34:19,2026-09-21T10:18:52,768.435,2026-09-21,C,735.0,32.83,33.45,131.0,59.0,33.41,0.0,0.9984,0.0004,-0.005,0.0011,0.0,542.0,24.0
2026-09-21 10:34:19,2026-09-21T10:18:52,768.435,2026-09-21,P,735.0,0.0,0.01,0.0,7475.0,0.01,0.569,-0.0016,0.0004,-0.005,0.0011,0.0,12.0,1578.0
2026-09-21 10:34:19,2026-09-21T10:18:52,768.435,2026-09-21,C,736.0,31.83,32.45,113.0,104.0,32.07,0.0,0.9984,0.0005,-0.005,0.0011,0.0,49.0,16.0
2026-09-21 10:34:19,2026-09-21T10:18:52,768.435,2026-09-21,P,736.0,0.0,0.01,0.0,7439.0,0.01,0.5531,-0.0016,0.0005,-0.005,0.0011,0.0,6.0,2021.0
2026-09-21 10:34:19,2026-09-21T10:18:52,768.435,2026-09-21,C,737.0,31.38,31.45,68.0,101.0,30.55,0.0,0.9983,0.0005,-0.005,0.0012,0.0,58.0,17.0
2026-09-21 10:34:19,2026-09-21T10:18:52,768.435,2026-09-21,P,737.0,0.0,0.01,0.0,7395.0,0.01,0.5372,-0.0017,0.0005,-0.005,0.0012,0.0,6.0,1437.0
2026-09-21 10:34:19,2026-09-21T10:18:52,768.435,2026-09-21,C,738.0,30.38,30.45,56.0,100.0,28.98,0.0,0.9983,0.0005,-0.005,0.0012,0.0,101.0,22.0
2026-09-21 10:34:19,2026-09-21T10:18:52,768.435,2026-09-21,P,738.0,0.0,0.01,0.0,7285.0,0.02,0.5212,-0.0017,0.0005,-0.005,0.0012,0.0,10.0,1180.0
2026-09-21 10:34:19,2026-09-21T10:18:52,768.435,2026-09-21,C,739.0,29.38,29.45,71.0,100.0,28.57,0.0,0.9982,0.0006,-0.005,0.0012,0.0,50.0,30.0
2026-09-21 10:34:19,2026-09-21T10:18:52,768.435,2026-09-21,P,739.0,0.0,0.01,0.0,7143.0,0.01,0.5052,-0.0018,0.0006,-0.005,0.0012,0.0,28.0,1347.0
2026-09-21 10:34:19,2026-09-21T10:18:52,768.435,2026-09-21,C,740.0,28.39,28.45,62.0,64.0,27.58,0.0,0.9982,0.0006,-0.005,0.0012,0.0,127.0,42.0
2026-09-21 10:34:19,2026-09-21T10:18:52,768.435,2026-09-21,P,740.0,0.0,0.01,0.0,6927.0,0.02,0.4892,-0.0018,0.0006,-0.005,0.0012,0.0,3669.0,5789.0
2026-09-21 10:34:19,2026-09-21T10:18:52,768.435,2026-09-21,C,741.0,27.39,27.45,32.0,100.0,27.22,0.0,0.9981,0.0006,-0.005,0.0013,0.0,63.0,38.0
2026-09-21 10:34:19,2026-09-21T10:18:52,768.435,2026-09-21,P,741.0,0.0,0.01,0.0,6702.0,0.01,0.4732,-0.0019,0.0006,-0.005,0.0013,0.0,187.0,2863.0
2026-09-21 10:34:19,2026-09-21T10:18:52,768.435,2026-09-21,C,742.0,26.39,26.45,63.0,99.0,26.2,0.0,0.9981,0.0007,-0.005,0.0013,0.0,407.0,11.0
2026-09-21 10:34:19,2026-09-21T10:18:52,768.435,2026-09-21,P,742.0,0.0,0.01,0.0,6461.0,0.01,0.4572,-0.0019,0.0007,-0.005,0.0013,0.0,848.0,1915.0
2026-09-21 10:34:19,2026-09-21T10:18:52,768.435,2026-09-21,C,743.0,25.39,25.47,12.0,79.0,24.89,0.0,0.998,0.0007,-0.005,0.0014,0.0,51.0,71.0
2026-09-21 10:34:19,2026-09-21T10:18:52,768.435,2026-09-21,P,743.0,0.0,0.01,0.0,6207.0,0.01,0.4412,-0.002,0.0007,-0.005,0.0014,0.0,660.0,2810.0
2026-09-21 10:34:19,2026-09-21T10:18:52,768.435,2026-09-21,C,744.0,24.39,24.46,24.0,70.0,24.25,0.0,0.9979,0.0008,-0.005,0.0014,0.0,145.0,47.0
2026-09-21 10:34:19,2026-09-21T10:18:52,768.435,2026-09-21,P,744.0,0.0,0.01,0.0,3603.0,0.01,0.4251,-0.0021,0.0008,-0.005,0.0014,0.0,3211.0,1802.0
2026-09-21 10:34:19,2026-09-21T10:18:52,768.435,2026-09-21,C,745.0,23.39,23.46,23.0,71.0,23.34,0.0,0.9948,0.0016,-0.015,0.0032,0.0,108.0,84.0
2026-09-21 10:34:19,2026-09-21T10:18:52,768.435,2026-09-21,P,745.0,0.01,0.02,7209.0,7238.0,0.02,0.4565,-0.0052,0.0016,-0.015,0.0032,0.0,9706.0,18475.0
2026-09-21 10:34:19,2026-09-21T10:18:52,768.435,2026-09-21,C,746.0,22.39,22.46,24.0,168.0,21.55,0.0,0.9946,0.0017,-0.015,0.0034,0.0,247.0,65.0
2026-09-21 10:34:19,2026-09-21T10:18:52,768.435,2026-09-21,P,746.0,0.01,0.02,7149.0,7178.0,0.01,0.4388,-0.0054,0.0017,-0.015,0.0034,0.0,1363.0,1979.0
2026-09-21 10:34:19,2026-09-21T10:18:52,768.435,2026-09-21,C,747.0,21.39,21.46,25.0,194.0,20.27,0.0,0.9944,0.0019,-0.015,0.0035,0.0,211.0,18.0
2026-09-21 10:34:19,2026-09-21T10:18:52,768.435,2026-09-21,P,747.0,0.01,0.02,7089.0,7118.0,0.02,0.4211,-0.0056,0.0019,-0.015,0.0035,0.0,3306.0,2684.0
2026-09-21 10:34:19,2026-09-21T10:18:52,768.435,2026-09-21,C,748.0,20.39,20.46,27.0,179.0,19.91,0.0,0.9942,0.002,-0.015,0.0036,0.0,233.0,61.0
2026-09-21 10:34:19,2026-09-21T10:18:52,768.435,2026-09-21,P,748.0,0.01,0.02,6881.0,6913.0,0.01,0.4033,-0.0058,0.002,-0.015,0.0036,0.0,2711.0,4869.0
2026-09-21 10:34:19,2026-09-21T10:18:52,768.435,2026-09-21,C,749.0,19.4,19.41,95.0,1.0,18.87,0.0,0.9939,0.0022,-0.015,0.0038,0.0,555.0,83.0
2026-09-21 10:34:19,2026-09-21T10:18:52,768.435,2026-09-21,P,749.0,0.01,0.02,6820.0,6857.0,0.01,0.3855,-0.0061,0.0022,-0.015,0.0038,0.0,1981.0,5143.0
2026-09-21 10:34:19,2026-09-21T10:18:52,768.435,2026-09-21,C,750.0,18.4,18.46,1.0,122.0,18.36,0.0,0.9936,0.0024,-0.015,0.0039,0.0,1338.0,477.0
2026-09-21 10:34:19,2026-09-21T10:18:52,768.435,2026-09-21,P,750.0,0.01,0.02,6763.0,6711.0,0.01,0.3676,-0.0064,0.0024,-0.015,0.0039,0.0,11056.0,16881.0
2026-09-21 10:34:19,2026-09-21T10:18:52,768.435,2026-09-21,C,751.0,17.4,17.46,11.0,200.0,16.37,0.0,0.9934,0.0026,-0.015,0.0041,0.0,139.0,334.0
2026-09-21 10:34:19,2026-09-21T10:18:52,768.435,2026-09-21,P,751.0,0.01,0.02,6703.0,6395.0,0.03,0.3496,-0.0066,0.0026,-0.015,0.0041,0.0,1763.0,2776.0
2026-09-21 10:34:19,2026-09-21T10:18:52,768.435,2026-09-21,C,752.0,16.4,16.46,11.0,200.0,15.72,0.0,0.993,0.0029,-0.015,0.0043,0.0,62.0,298.0
2026-09-21 10:34:19,2026-09-21T10:18:52,768.435,2026-09-21,P,752.0,0.01,0.02,6638.0,6051.0,0.02,0.3316,-0.007,0.0029,-0.015,0.0043,0.0,1307.0,3260.0
2026-09-21 10:34:19,2026-09-21T10:18:52,768.435,2026-09-21,C,753.0,15.4,15.48,11.0,200.0,15.01,0.0,0.9927,0.0032,-0.015,0.0045,0.0,51.0,321.0
2026-09-21 10:34:19,2026-09-21T10:18:52,768.435,2026-09-21,P,753.0,0.01,0.02,6575.0,5301.0,0.02,0.3135,-0.0073,0.0032,-0.015,0.0045,0.0,2444.0,2802.0
2026-09-21 10:34:19,2026-09-21T10:18:52,768.435,2026-09-21,C,754.0,14.4,14.48,22.0,200.0,13.47,0.0,0.9923,0.0035,-0.015,0.0047,0.0,202.0,569.0
2026-09-21 10:34:19,2026-09-21T10:18:52,768.435,2026-09-21,P,754.0,0.02,0.03,5888.0,6581.0,0.02,0.3152,-0.0115,0.0047,-0.025,0.0066,0.0,4128.0,2348.0
2026-09-21 10:34:19,2026-09-21T10:18:52,768.435,2026-09-21,C,755.0,13.41,13.42,1.0,37.0,13.28,0.0,0.9878,0.0052,-0.025,0.007,0.0,1456.0,1471.0
2026-09-21 10:34:19,2026-09-21T10:18:52,768.435,2026-09-21,P,755.0,0.02,0.03,6244.0,6358.0,0.02,0.296,-0.0122,0.0052,-0.025,0.007,0.0,5089.0,21487.0
2026-09-21 10:34:19,2026-09-21T10:18:52,768.435,2026-09-21,C,756.0,12.4,12.48,26.0,200.0,12.45,0.0,0.9913,0.0045,-0.015,0.0053,0.0,411.0,768.0
2026-09-21 10:34:19,2026-09-21T10:18:52,768.435,2026-09-21,P,756.0,0.02,0.03,6220.0,6276.0,0.03,0.2767,-0.0129,0.0059,-0.025,0.0074,0.0,1446.0,4124.0
2026-09-21 10:34:19,2026-09-21T10:18:52,768.435,2026-09-21,C,757.0,11.41,11.43,134.0,53.0,11.42,0.0,0.9862,0.0067,-0.025,0.0078,0.0,3618.0,3398.0
2026-09-21 10:34:19,2026-09-21T10:18:52,768.435,2026-09-21,P,757.0,0.02,0.03,6123.0,5924.0,0.02,0.2572,-0.0138,0.0067,-0.025,0.0078,0.0,3340.0,6135.0
2026-09-21 10:34:19,2026-09-21T10:18:52,768.435,2026-09-21,C,758.0,10.41,10.47,11.0,123.0,10.44,0.0,0.9958,0.0031,-0.005,0.0029,0.0,302.0,1431.0
2026-09-21 10:34:19,2026-09-21T10:18:52,768.435,2026-09-21,P,758.0,0.03,0.04,3088.0,6121.0,0.03,0.2494,-0.0191,0.0091,-0.035,0.0103,0.0,8519.0,6814.0
2026-09-21 10:34:19,2026-09-21T10:18:52,768.435,2026-09-21,C,759.0,9.41,9.47,34.0,117.0,9.37,0.0,0.9892,0.0069,-0.015,0.0065,0.0,710.0,3109.0
2026-09-21 10:34:19,2026-09-21T10:18:52,768.435,2026-09-21,P,759.0,0.03,0.04,5586.0,6017.0,0.03,0.2288,-0.0206,0.0106,-0.035,0.011,0.0,10017.0,9099.0
2026-09-21 10:34:19,2026-09-21T10:18:52,768.435,2026-09-21,C,760.0,8.42,8.44,46.0,131.0,8.45,0.0,0.9776,0.0125,-0.035,0.0119,0.0,1626.0,6853.0
2026-09-21 10:34:19,2026-09-21T10:18:52,768.435,2026-09-21,P,760.0,0.03,0.04,5883.0,5448.0,0.04,0.208,-0.0224,0.0125,-0.035,0.0119,0.0,14466.0,15275.0
2026-09-21 10:34:19,2026-09-21T10:18:52,768.435,2026-09-21,C,761.0,7.43,7.44,1.0,48.0,7.46,0.0,0.9705,0.0169,-0.045,0.0149,0.0,2193.0,5926.0
2026-09-21 10:34:19,2026-09-21T10:18:52,768.435,2026-09-21,P,761.0,0.04,0.05,5120.0,5101.0,0.04,0.1949,-0.0295,0.0169,-0.045,0.0149,0.0,12954.0,9645.0
2026-09-21 10:34:19,2026-09-21T10:18:52,768.435,2026-09-21,C,762.0,6.44,6.45,1.0,85.0,6.38,0.0,0.9938,0.0067,-0.005,0.0044,0.0,9119.0,8574.0
2026-09-21 10:34:19,2026-09-21T10:18:52,768.435,2026-09-21,P,762.0,0.05,0.06,3098.0,4648.0,0.05,0.1792,-0.0378,0.0225,-0.055,0.0182,0.0,24779.0,6835.0
2026-09-21 10:34:19,2026-09-21T10:18:52,768.435,2026-09-21,C,763.0,5.45,5.46,71.0,1.0,5.4,0.1261,0.9758,0.0204,-0.025,0.0132,0.0,7110.0,8346.0
2026-09-21 10:34:19,2026-09-21T10:18:52,768.435,2026-09-21,P,763.0,0.06,0.07,4765.0,3954.0,0.06,0.1614,-0.0476,0.0301,-0.0647,0.022,0.0,31625.0,6849.0
2026-09-21 10:34:19,2026-09-21T10:18:52,768.435,2026-09-21,C,764.0,4.47,4.49,51.0,92.0,4.5,0.1218,0.9574,0.0348,-0.045,0.0206,0.0,11732.0,6049.0
2026-09-21 10:34:19,2026-09-21T10:18:52,768.435,2026-09-21,P,764.0,0.09,0.1,1334.0,3854.0,0.1,0.1492,-0.0702,0.0442,-0.0942,0.0294,0.0,51182.0,1764.0
2026-09-21 10:34:19,2026-09-21T10:18:52,768.435,2026-09-21,C,765.0,3.51,3.52,219.0,95.0,3.55,0.118,0.9226,0.0593,-0.085,0.032,0.0,18563.0,10594.0
2026-09-21 10:34:19,2026-09-21T10:18:52,768.435,2026-09-21,P,765.0,0.13,0.14,739.0,3559.0,0.13,0.1347,-0.1009,0.0648,-0.1303,0.0382,0.0,73826.0,1927.0
2026-09-21 10:34:19,2026-09-21T10:18:52,768.435,2026-09-21,C,766.0,2.59,2.6,1.0,288.0,2.6,0.1091,0.864,0.097,-0.155,0.0469,0.0,54308.0,5357.0
2026-09-21 10:34:19,2026-09-21T10:18:52,768.435,2026-09-21,P,766.0,0.2,0.21,1181.0,1548.0,0.2,0.1209,-0.1561,0.0978,-0.2,0.0509,0.0,112887.0,558.0
2026-09-21 10:34:19,2026-09-21T10:18:52,768.435,2026-09-21,C,767.0,1.74,1.75,94.0,222.0,1.74,0.1027,0.7566,0.1482,-0.305,0.0654,0.0,162075.0,4728.0
2026-09-21 10:34:19,2026-09-21T10:18:52,768.435,2026-09-21,P,767.0,0.34,0.35,1452.0,65.0,0.35,0.1097,-0.2543,0.1442,-0.34,0.0668,0.0,134091.0,636.0
2026-09-21 10:34:19,2026-09-21T10:18:52,768.435,2026-09-21,C,768.0,1.04,1.05,48.0,684.0,1.05,0.0983,0.5916,0.1922,-0.595,0.0795,0.0,214423.0,7227.0
2026-09-21 10:34:19,2026-09-21T10:18:52,768.435,2026-09-21,P,768.0,0.64,0.65,744.0,768.0,0.64,0.104,-0.4122,0.1844,-0.63,0.0797,0.0,52080.0,334.0
2026-09-21 10:34:19,2026-09-21T10:18:52,768.435,2026-09-21,C,769.0,0.54,0.55,748.0,761.0,0.55,0.0974,0.3951,0.1924,-0.56,0.0789,0.0,125562.0,5303.0
2026-09-21 10:34:19,2026-09-21T10:18:52,768.435,2026-09-21,P,769.0,1.15,1.16,298.0,267.0,1.15,0.1044,-0.5992,0.1825,-0.605,0.0792,0.0,15598.0,318.0
2026-09-21 10:34:19,2026-09-21T10:18:52,768.435,2026-09-21,C,770.0,0.26,0.27,311.0,1930.0,0.27,0.0996,0.2275,0.1473,-0.27,0.0633,0.0,162755.0,29669.0
2026-09-21 10:34:19,2026-09-21T10:18:52,768.435,2026-09-21,P,770.0,1.86,1.87,243.0,1.0,1.86,0.1068,-0.7604,0.1436,-0.305,0.0649,0.0,7264.0,828.0
2026-09-21 10:34:19,2026-09-21T10:18:52,768.435,2026-09-21,C,771.0,0.12,0.13,1649.0,1509.0,0.13,0.105,0.1218,0.0932,-0.13,0.0438,0.0,50589.0,4731.0
2026-09-21 10:34:19,2026-09-21T10:18:52,768.435,2026-09-21,P,771.0,2.73,2.74,94.0,137.0,2.76,0.1175,-0.8562,0.0954,-0.175,0.0485,0.0,2198.0,69.0
2026-09-21 10:34:19,2026-09-21T10:18:52,768.435,2026-09-21,C,772.0,0.06,0.07,2532.0,2435.0,0.06,0.1137,0.0674,0.0553,-0.0694,0.0292,0.0,13415.0,3586.0
2026-09-21 10:34:19,2026-09-21T10:18:52,768.435,2026-09-21,P,772.0,3.67,3.68,40.0,74.0,3.65,0.1319,-0.9071,0.0624,-0.115,0.0362,0.0,976.0,119.0
2026-09-21 10:34:19,2026-09-21T10:18:52,768.435,2026-09-21,C,773.0,0.03,0.04,5274.0,4101.0,0.04,0.1226,0.0375,0.0322,-0.0378,0.0188,0.0,5566.0,3885.0
2026-09-21 10:34:19,2026-09-21T10:18:52,768.435,2026-09-21,P,773.0,4.64,4.66,88.0,59.0,4.76,0.1483,-0.9346,0.0426,-0.085,0.028,0.0,439.0,0.0
2026-09-21 10:34:19,2026-09-21T10:18:52,768.435,2026-09-21,C,774.0,0.02,0.03,6185.0,5821.0,0.03,0.1367,0.0256,0.0211,-0.027,0.0138,0.0,3465.0,2988.0
2026-09-21 10:34:19,2026-09-21T10:18:52,768.435,2026-09-21,P,774.0,5.63,5.64,38.0,1.0,5.74,0.1688,-0.9473,0.0316,-0.075,0.0237,0.0,152.0,10.0
2026-09-21 10:34:19,2026-09-21T10:18:52,768.435,2026-09-21,C,775.0,0.01,0.02,6578.0,5446.0,0.01,0.1459,0.0146,0.0124,-0.015,0.0088,0.0,730.0,2242.0
2026-09-21 10:34:19,2026-09-21T10:18:52,768.435,2026-09-21,P,775.0,6.57,6.64,86.0,19.0,6.75,0.1849,-0.9786,0.016,-0.025,0.0118,0.0,198.0,0.0
2026-09-21 10:34:19,2026-09-21T10:18:52,768.435,2026-09-21,C,776.0,0.01,0.02,6701.0,6815.0,0.02,0.1654,0.013,0.0099,-0.0151,0.0079,0.0,751.0,860.0
2026-09-21 10:34:19,2026-09-21T10:18:52,768.435,2026-09-21,P,776.0,7.57,7.64,97.0,24.0,7.79,0.2104,-0.9753,0.0152,-0.035,0.013,0.0,335.0,10.0
2026-09-21 10:34:19,2026-09-21T10:18:52,768.435,2026-09-21,C,777.0,0.01,0.02,6038.0,6848.0,0.01,0.1841,0.012,0.0083,-0.0152,0.0072,0.0,15389.0,2233.0
2026-09-21 10:34:19,2026-09-21T10:18:52,768.435,2026-09-21,P,777.0,8.61,8.63,96.0,97.0,8.71,0.2297,-0.9686,0.0155,-0.055,0.0155,0.0,616.0,0.0
2026-09-21 10:34:19,2026-09-21T10:18:52,768.435,2026-09-21,C,778.0,0.0,0.01,0.0,5945.0,0.02,0.1783,0.0046,0.0037,-0.005,0.0032,0.0,1308.0,817.0
2026-09-21 10:34:19,2026-09-21T10:18:52,768.435,2026-09-21,P,778.0,9.56,9.71,133.0,200.0,10.29,0.272,-0.9839,0.0091,-0.025,0.0091,0.0,4.0,0.0
2026-09-21 10:34:19,2026-09-21T10:18:52,768.435,2026-09-21,C,779.0,0.0,0.01,0.0,6905.0,0.01,0.1948,0.0042,0.0031,-0.005,0.003,0.0,191.0,835.0
2026-09-21 10:34:19,2026-09-21T10:18:52,768.435,2026-09-21,P,779.0,10.55,10.72,174.0,200.0,11.53,0.2948,-0.9899,0.006,-0.015,0.0061,0.0,2.0,0.0
2026-09-21 10:34:19,2026-09-21T10:18:52,768.435,2026-09-21,C,780.0,0.0,0.01,0.0,7354.0,0.01,0.2111,0.0039,0.0027,-0.005,0.0027,0.0,145.0,2288.0
2026-09-21 10:34:19,2026-09-21T10:18:52,768.435,2026-09-21,P,780.0,11.55,11.71,161.0,144.0,13.14,0.3142,-0.9906,0.0052,-0.015,0.0057,0.0,56.0,0.0
2026-09-21 10:34:19,2026-09-21T10:18:52,768.435,2026-09-21,C,781.0,0.0,0.01,0.0,7514.0,0.02,0.2273,0.0037,0.0024,-0.005,0.0026,0.0,44.0,930.0
2026-09-21 10:34:19,2026-09-21T10:18:52,768.435,2026-09-21,P,781.0,12.56,12.72,200.0,200.0,13.3,0.3422,-0.9869,0.006,-0.025,0.0075,0.0,18.0,10.0
2026-09-21 10:34:19,2026-09-21T10:18:52,768.435,2026-09-21,C,782.0,0.0,0.01,0.0,7672.0,0.01,0.243,0.0035,0.0021,-0.005,0.0024,0.0,288.0,596.0
2026-09-21 10:34:19,2026-09-21T10:18:52,768.435,2026-09-21,P,782.0,13.56,13.72,118.0,200.0,14.33,0.3642,-0.9876,0.0054,-0.025,0.0071,0.0,42.0,0.0
2026-09-21 10:34:19,2026-09-21T10:18:52,768.435,2026-09-21,C,783.0,0.0,0.01,0.0,7890.0,0.01,0.2589,0.0033,0.0019,-0.005,0.0023,0.0,118.0,2107.0
2026-09-21 10:34:19,2026-09-21T10:18:52,768.435,2026-09-21,P,783.0,14.56,14.72,162.0,200.0,22.72,0.386,-0.9883,0.0048,-0.025,0.0067,0.0,0.0,0.0
2026-09-21 10:34:19,2026-09-21T10:18:52,768.435,2026-09-21,C,784.0,0.0,0.01,0.0,7840.0,0.01,0.2747,0.0031,0.0017,-0.005,0.0021,0.0,0.0,346.0
2026-09-21 10:34:19,2026-09-21T10:18:52,768.435,2026-09-21,P,784.0,15.56,15.7,181.0,144.0,23.92,0.4006,-0.9889,0.0044,-0.025,0.0064,0.0,0.0,0.0
2026-09-21 10:34:19,2026-09-21T10:18:52,768.435,2026-09-21,C,785.0,0.0,0.01,0.0,7908.0,0.01,0.2905,0.0029,0.0015,-0.005,0.002,0.0,2.0,490.0
2026-09-21 10:34:19,2026-09-21T10:18:52,768.435,2026-09-21,P,785.0,16.55,16.72,176.0,200.0,17.28,0.4253,-0.9929,0.003,-0.015,0.0044,0.0,11.0,0.0
2026-09-21 10:34:19,2026-09-21T10:18:52,768.435,2026-09-21,C,786.0,0.0,0.01,0.0,7406.0,0.01,0.3061,0.0028,0.0014,-0.005,0.0019,0.0,9.0,1683.0
2026-09-21 10:34:19,2026-09-21T10:18:52,768.435,2026-09-21,P,786.0,17.55,17.72,133.0,200.0,18.12,0.4463,-0.9932,0.0027,-0.015,0.0042,0.0,10.0,0.0
2026-09-21 10:34:19,2026-09-21T10:18:52,768.435,2026-09-21,C,787.0,0.0,0.01,0.0,7462.0,0.01,0.3216,0.0027,0.0013,-0.005,0.0018,0.0,1.0,1400.0
2026-09-21 10:34:19,2026-09-21T10:18:52,768.435,2026-09-21,P,787.0,18.56,18.72,180.0,200.0,19.95,0.4709,-0.9903,0.0033,-0.025,0.0056,0.0,37.0,0.0
2026-09-21 10:34:19,2026-09-21T10:18:52,768.435,2026-09-21,C,788.0,0.0,0.01,0.0,7514.0,0.01,0.3371,0.0026,0.0012,-0.005,0.0018,0.0,2.0,1010.0
2026-09-21 10:34:19,2026-09-21T10:18:52,768.435,2026-09-21,P,788.0,19.56,19.72,54.0,105.0,26.31,0.4917,-0.9907,0.0031,-0.025,0.0054,0.0,0.0,0.0
2026-09-21 10:34:19,2026-09-21T10:18:52,768.435,2026-09-21,C,789.0,0.0,0.01,0.0,7558.0,0.01,0.3525,0.0025,0.0011,-0.005,0.0017,0.0,2.0,6906.0
2026-09-21 10:34:19,2026-09-21T10:18:52,768.435,2026-09-21,P,789.0,20.56,20.72,54.0,69.0,27.76,0.5123,-0.991,0.0028,-0.025,0.0052,0.0,0.0,0.0
2026-09-21 10:34:19,2026-09-21T10:18:52,768.435,2026-09-21,C,790.0,0.0,0.01,0.0,7602.0,0.01,0.3678,0.0024,0.001,-0.005,0.0016,0.0,5.0,6747.0
2026-09-21 10:34:19,2026-09-21T10:18:52,768.435,2026-09-21,P,790.0,21.56,21.72,54.0,69.0,28.71,0.5328,-0.9913,0.0026,-0.025,0.005,0.0,0.0,0.0
2026-09-21 10:34:19,2026-09-21T10:18:52,768.435,2026-09-21,C,791.0,0.0,0.01,0.0,7638.0,0.02,0.383,0.0023,0.0009,-0.005,0.0016,0.0,0.0,221.0
2026-09-21 10:34:19,2026-09-21T10:18:52,768.435,2026-09-21,P,791.0,22.56,22.72,54.0,69.0,31.84,0.5532,-0.9916,0.0025,-0.025,0.0049,0.0,0.0,0.0
2026-09-21 10:34:19,2026-09-21T10:18:52,768.435,2026-09-21,C,792.0,0.0,0.01,0.0,7674.0,0.01,0.3981,0.0022,0.0008,-0.005,0.0015,0.0,0.0,485.0
2026-09-21 10:34:19,2026-09-21T10:18:52,768.435,2026-09-21,P,792.0,23.56,23.72,83.0,68.0,24.95,0.5734,-0.9919,0.0023,-0.025,0.0047,0.0,1.0,0.0
2026-09-21 10:34:19,2026-09-21T10:18:52,768.435,2026-09-21,C,793.0,0.0,0.01,0.0,7706.0,0.01,0.4132,0.0021,0.0008,-0.005,0.0015,0.0,0.0,26.0
2026-09-21 10:34:19,2026-09-21T10:18:52,768.435,2026-09-21,P,793.0,24.16,25.44,69.0,69.0,31.68,0.6973,-0.9979,0.0008,-0.005,0.0015,0.0,0.0,0.0
2026-09-21 10:34:19,2026-09-21T10:18:52,768.435,2026-09-21,C,794.0,0.0,0.01,0.0,7734.0,0.01,0.4282,0.0021,0.0008,-0.005,0.0014,0.0,0.0,530.0
2026-09-21 10:34:19,2026-09-21T10:18:52,768.435,2026-09-21,P,794.0,25.16,26.44,68.0,69.0,32.59,0.7197,-0.9979,0.0008,-0.005,0.0014,0.0,0.0,0.0
2026-09-21 10:34:19,2026-09-21T10:18:52,768.435,2026-09-21,C,795.0,0.0,0.01,0.0,7766.0,0.02,0.4432,0.002,0.0007,-0.005,0.0014,0.0,0.0,543.0
2026-09-21 10:34:19,2026-09-21T10:18:52,768.435,2026-09-21,P,795.0,26.21,27.19,68.0,68.0,33.86,0.6813,-0.998,0.0007,-0.005,0.0014,0.0,0.0,0.0
2026-09-21 10:34:19,2026-09-21T10:18:52,768.435,2026-09-21,C,796.0,0.0,0.01,0.0,7767.0,0.02,0.4581,0.002,0.0007,-0.005,0.0013,0.0,0.0,1.0
2026-09-21 10:34:19,2026-09-21T10:18:52,768.435,2026-09-21,P,796.0,27.18,28.23,68.0,68.0,34.39,0.7057,-0.998,0.0007,-0.005,0.0013,0.0,0.0,0.0
2026-09-21 10:34:19,2026-09-21T10:18:52,768.435,2026-09-21,C,797.0,0.0,0.01,0.0,7767.0,0.02,0.4729,0.0019,0.0006,-0.005,0.0013,0.0,0.0,170.0
2026-09-21 10:34:19,2026-09-21T10:18:52,768.435,2026-09-21,P,797.0,28.16,29.44,69.0,69.0,36.67,0.786,-0.9981,0.0006,-0.005,0.0013,0.0,0.0,0.0
2026-09-21 10:34:19,2026-09-21T10:18:52,768.435,2026-09-21,C,798.0,0.0,0.01,0.0,7767.0,0.02,0.4877,0.0018,0.0006,-0.005,0.0013,0.0,0.0,115.0
2026-09-21 10:34:19,2026-09-21T10:18:52,768.435,2026-09-21,P,798.0,29.13,30.16,69.0,69.0,39.06,0.697,-0.9982,0.0006,-0.005,0.0013,0.0,0.0,0.0
2026-09-21 10:34:19,2026-09-21T10:18:52,768.435,2026-09-21,C,799.0,0.0,0.01,0.0,7767.0,0.01,0.5024,0.0018,0.0006,-0.005,0.0012,0.0,0.0,23.0
2026-09-21 10:34:19,2026-09-21T10:18:52,768.435,2026-09-21,P,799.0,30.18,31.36,68.0,68.0,37.77,0.8117,-0.9982,0.0006,-0.005,0.0012,0.0,0.0,0.0
2026-09-21 10:34:19,2026-09-21T10:18:52,768.435,2026-09-21,C,800.0,0.0,0.01,0.0,7767.0,0.01,0.517,0.0017,0.0005,-0.005,0.0012,0.0,2.0,935.0
2026-09-21 10:34:19,2026-09-21T10:18:52,768.435,2026-09-21,P,800.0,31.17,32.2,69.0,69.0,38.52,0.7722,-0.9983,0.0005,-0.005,0.0012,0.0,0.0,1.0
2026-09-21 10:34:19,2026-09-21T10:18:52,768.435,2026-09-21,C,801.0,0.0,0.01,0.0,7767.0,0.01,0.5316,0.0017,0.0005,-0.005,0.0012,0.0,0.0,242.0
2026-09-21 10:34:19,2026-09-21T10:18:52,768.435,2026-09-21,P,801.0,32.13,33.3,69.0,69.0,39.82,0.8161,-0.9983,0.0005,-0.005,0.0012,0.0,0.0,0.0
2026-09-21 10:34:19,2026-09-21T10:18:52,768.435,2026-09-21,C,802.0,0.0,0.01,0.0,7767.0,0.01,0.5462,0.0017,0.0005,-0.005,0.0011,0.0,0.0,1043.0
2026-09-21 10:34:19,2026-09-21T10:18:52,768.435,2026-09-21,P,802.0,33.13,34.26,69.0,69.0,42.57,0.8206,-0.9983,0.0005,-0.005,0.0011,0.0,0.0,0.0
2026-09-21 10:34:19,2026-09-21T10:18:52,768.435,2026-09-21,C,803.0,0.0,0.01,0.0,7767.0,0.01,0.5607,0.0016,0.0005,-0.005,0.0011,0.0,0.0,958.0
2026-09-21 10:34:19,2026-09-21T10:18:52,768.435,2026-09-21,P,803.0,34.12,35.16,69.0,69.0,43.44,0.7883,-0.9984,0.0005,-0.005,0.0011,0.0,0.0,0.0
2026-09-21 10:34:19,2026-09-21T10:18:52,768.435,2026-09-21,C,804.0,0.0,0.01,0.0,7767.0,0.02,0.5751,0.0016,0.0004,-0.005,0.0011,0.0,0.0,65.0
2026-09-21 10:34:19,2026-09-21T10:18:52,768.435,2026-09-21,P,804.0,35.16,36.36,69.0,69.0,42.69,0.9101,-0.9984,0.0004,-0.005,0.0011,0.0,0.0,0.0
2026-09-21 10:34:19,2026-09-21T10:18:52,768.435,2026-09-21,C,805.0,0.0,0.01,0.0,7767.0,0.01,0.5895,0.0016,0.0004,-0.005,0.0011,0.0,0.0,41.0
2026-09-21 10:34:19,2026-09-21T10:18:52,768.435,2026-09-21,P,805.0,36.13,37.18,69.0,69.0,43.96,0.8424,-0.9984,0.0004,-0.005,0.0011,0.0,0.0,0.0
2026-09-21 10:34:19,2026-09-21T10:18:52,768.435,2026-09-21,C,806.0,0.0,0.01,0.0,7767.0,0.01,0.6039,0.0015,0.0004,-0.005,0.001,0.0,0.0,483.0
2026-09-21 10:34:19,2026-09-21T10:18:52,768.435,2026-09-21,P,806.0,37.14,38.16,69.0,69.0,46.72,0.8561,-0.9985,0.0004,-0.005,0.001,0.0,0.0,0.0
2026-09-21 10:39:19,2026-09-21T10:23:51,769.0753,2026-09-21,C,731.0,37.43,38.06,131.0,1.0,38.01,0.0,0.9986,0.0004,-0.005,0.001,0.0,97.0,19.0
2026-09-21 10:39:19,2026-09-21T10:23:51,769.0753,2026-09-21,P,731.0,0.0,0.01,0.0,6912.0,0.01,0.6463,-0.0014,0.0004,-0.005,0.001,0.0,10.0,7564.0
2026-09-21 10:39:19,2026-09-21T10:23:51,769.0753,2026-09-21,C,732.0,36.43,37.06,128.0,73.0,36.62,0.0,0.9986,0.0004,-0.005,0.001,0.0,397.0,32.0
2026-09-21 10:39:19,2026-09-21T10:23:51,769.0753,2026-09-21,P,732.0,0.0,0.01,0.0,6888.0,0.01,0.6303,-0.0014,0.0004,-0.005,0.001,0.0,6.0,881.0
2026-09-21 10:39:19,2026-09-21T10:23:51,769.0753,2026-09-21,C,733.0,35.43,36.06,118.0,26.0,35.67,0.0,0.9985,0.0004,-0.005,0.001,0.0,156.0,63.0
2026-09-21 10:39:19,2026-09-21T10:23:51,769.0753,2026-09-21,P,733.0,0.0,0.01,0.0,6860.0,0.01,0.6143,-0.0015,0.0004,-0.005,0.001,0.0,4.0,2919.0
2026-09-21 10:39:19,2026-09-21T10:23:51,769.0753,2026-09-21,C,734.0,34.21,35.06,120.0,1.0,34.8,0.0,0.9985,0.0004,-0.005,0.001,0.0,228.0,56.0
2026-09-21 10:39:19,2026-09-21T10:23:51,769.0753,2026-09-21,P,734.0,0.0,0.01,0.0,6832.0,0.05,0.5983,-0.0015,0.0004,-0.005,0.001,0.0,0.0,773.0
2026-09-21 10:39:19,2026-09-21T10:23:51,769.0753,2026-09-21,C,735.0,33.76,34.06,125.0,69.0,33.95,0.0,0.9984,0.0004,-0.005,0.0011,0.0,546.0,24.0
2026-09-21 10:39:19,2026-09-21T10:23:51,769.0753,2026-09-21,P,735.0,0.0,0.01,0.0,6804.0,0.01,0.5823,-0.0016,0.0004,-0.005,0.0011,0.0,12.0,1578.0
2026-09-21 10:39:19,2026-09-21T10:23:51,769.0753,2026-09-21,C,736.0,32.43,33.06,113.0,24.0,32.98,0.0,0.9984,0.0004,-0.005,0.0011,0.0,53.0,16.0
2026-09-21 10:39:19,2026-09-21T10:23:51,769.0753,2026-09-21,P,736.0,0.0,0.01,0.0,6772.0,0.01,0.5663,-0.0016,0.0004,-0.005,0.0011,0.0,6.0,2021.0
2026-09-21 10:39:19,2026-09-21T10:23:51,769.0753,2026-09-21,C,737.0,32.0,32.06,102.0,22.0,31.37,0.0,0.9984,0.0005,-0.005,0.0011,0.0,117.0,17.0
2026-09-21 10:39:19,2026-09-21T10:23:51,769.0753,2026-09-21,P,737.0,0.0,0.01,0.0,6740.0,0.01,0.5503,-0.0016,0.0005,-0.005,0.0011,0.0,6.0,1437.0
2026-09-21 10:39:19,2026-09-21T10:23:51,769.0753,2026-09-21,C,738.0,31.0,31.06,62.0,21.0,30.27,0.0,0.9983,0.0005,-0.005,0.0012,0.0,104.0,22.0
2026-09-21 10:39:19,2026-09-21T10:23:51,769.0753,2026-09-21,P,738.0,0.0,0.01,0.0,6708.0,0.02,0.5343,-0.0017,0.0005,-0.005,0.0012,0.0,10.0,1180.0
2026-09-21 10:39:19,2026-09-21T10:23:51,769.0753,2026-09-21,C,739.0,30.0,30.06,104.0,38.0,29.93,0.0,0.9983,0.0005,-0.005,0.0012,0.0,66.0,30.0
2026-09-21 10:39:19,2026-09-21T10:23:51,769.0753,2026-09-21,P,739.0,0.0,0.01,0.0,6661.0,0.01,0.5182,-0.0017,0.0005,-0.005,0.0012,0.0,28.0,1347.0
2026-09-21 10:39:19,2026-09-21T10:23:51,769.0753,2026-09-21,C,740.0,29.04,29.06,102.0,102.0,28.96,0.0,0.9982,0.0006,-0.005,0.0012,0.0,295.0,42.0
2026-09-21 10:39:19,2026-09-21T10:23:51,769.0753,2026-09-21,P,740.0,0.0,0.01,0.0,6497.0,0.02,0.5021,-0.0018,0.0006,-0.005,0.0012,0.0,3669.0,5789.0
2026-09-21 10:39:19,2026-09-21T10:23:51,769.0753,2026-09-21,C,741.0,28.0,28.06,102.0,20.0,27.88,0.0,0.9982,0.0006,-0.005,0.0013,0.0,80.0,38.0
2026-09-21 10:39:19,2026-09-21T10:23:51,769.0753,2026-09-21,P,741.0,0.0,0.01,0.0,6320.0,0.01,0.486,-0.0018,0.0006,-0.005,0.0013,0.0,187.0,2863.0
2026-09-21 10:39:19,2026-09-21T10:23:51,769.0753,2026-09-21,C,742.0,27.0,27.06,113.0,17.0,27.0,0.0,0.9981,0.0006,-0.005,0.0013,0.0,516.0,11.0
2026-09-21 10:39:19,2026-09-21T10:23:51,769.0753,2026-09-21,P,742.0,0.0,0.01,0.0,6150.0,0.01,0.4699,-0.0019,0.0006,-0.005,0.0013,0.0,848.0,1915.0
2026-09-21 10:39:19,2026-09-21T10:23:51,769.0753,2026-09-21,C,743.0,26.0,26.06,102.0,18.0,25.99,0.0,1.0,0.0,0.0,0.0,0.0,54.0,71.0
2026-09-21 10:39:19,2026-09-21T10:23:51,769.0753,2026-09-21,P,743.0,0.0,0.01,0.0,5935.0,0.01,0.4538,-0.002,0.0007,-0.005,0.0013,0.0,660.0,2810.0
2026-09-21 10:39:19,2026-09-21T10:23:51,769.0753,2026-09-21,C,744.0,25.0,25.06,102.0,20.0,24.25,0.0,1.0,0.0,0.0,0.0,0.0,145.0,47.0
2026-09-21 10:39:19,2026-09-21T10:23:51,769.0753,2026-09-21,P,744.0,0.0,0.01,0.0,5619.0,0.01,0.4376,-0.002,0.0007,-0.005,0.0014,0.0,3291.0,1802.0
2026-09-21 10:39:19,2026-09-21T10:23:51,769.0753,2026-09-21,C,745.0,24.0,24.06,105.0,62.0,23.27,0.0,0.9949,0.0016,-0.015,0.0032,0.0,116.0,84.0
2026-09-21 10:39:19,2026-09-21T10:23:51,769.0753,2026-09-21,P,745.0,0.01,0.02,4626.0,6661.0,0.02,0.4702,-0.0051,0.0016,-0.015,0.0032,0.0,9761.0,18475.0
2026-09-21 10:39:19,2026-09-21T10:23:51,769.0753,2026-09-21,C,746.0,23.0,23.06,129.0,78.0,22.26,0.0,1.0,0.0,0.0,0.0,0.0,261.0,65.0
2026-09-21 10:39:19,2026-09-21T10:23:51,769.0753,2026-09-21,P,746.0,0.01,0.02,6652.0,6613.0,0.01,0.4524,-0.0053,0.0017,-0.015,0.0033,0.0,1381.0,1979.0
2026-09-21 10:39:19,2026-09-21T10:23:51,769.0753,2026-09-21,C,747.0,22.0,22.06,128.0,14.0,22.06,0.0,1.0,0.0,0.0,0.0,0.0,220.0,18.0
2026-09-21 10:39:19,2026-09-21T10:23:51,769.0753,2026-09-21,P,747.0,0.01,0.02,6608.0,6565.0,0.01,0.4346,-0.0055,0.0018,-0.015,0.0034,0.0,3309.0,2684.0
2026-09-21 10:39:19,2026-09-21T10:23:51,769.0753,2026-09-21,C,748.0,21.0,21.06,130.0,1.0,21.01,0.0,1.0,0.0,0.0,0.0,0.0,253.0,61.0
2026-09-21 10:39:19,2026-09-21T10:23:51,769.0753,2026-09-21,P,748.0,0.01,0.02,6561.0,6518.0,0.01,0.4168,-0.0057,0.0019,-0.015,0.0035,0.0,2780.0,4869.0
2026-09-21 10:39:19,2026-09-21T10:23:51,769.0753,2026-09-21,C,749.0,20.01,20.07,122.0,46.0,19.81,0.0,0.9941,0.0021,-0.015,0.0036,0.0,556.0,83.0
2026-09-21 10:39:19,2026-09-21T10:23:51,769.0753,2026-09-21,P,749.0,0.01,0.02,6367.0,6320.0,0.01,0.3989,-0.0059,0.0021,-0.015,0.0036,0.0,2026.0,5143.0
2026-09-21 10:39:19,2026-09-21T10:23:51,769.0753,2026-09-21,C,750.0,19.02,19.07,111.0,23.0,18.36,0.0,1.0,0.0,0.0,0.0,0.0,1399.0,477.0
2026-09-21 10:39:19,2026-09-21T10:23:51,769.0753,2026-09-21,P,750.0,0.01,0.02,6325.0,6274.0,0.01,0.3809,-0.0062,0.0023,-0.015,0.0038,0.0,11239.0,16881.0
2026-09-21 10:39:19,2026-09-21T10:23:51,769.0753,2026-09-21,C,751.0,18.01,18.07,124.0,40.0,16.37,0.0,1.0,0.0,0.0,0.0,0.0,139.0,334.0
2026-09-21 10:39:19,2026-09-21T10:23:51,769.0753,2026-09-21,P,751.0,0.01,0.02,6280.0,6021.0,0.01,0.3629,-0.0065,0.0025,-0.015,0.0039,0.0,1782.0,2776.0
2026-09-21 10:39:19,2026-09-21T10:23:51,769.0753,2026-09-21,C,752.0,17.01,17.07,125.0,36.0,16.34,0.0,1.0,0.0,0.0,0.0,0.0,65.0,298.0
2026-09-21 10:39:19,2026-09-21T10:23:51,769.0753,2026-09-21,P,752.0,0.01,0.02,6240.0,5789.0,0.02,0.3448,-0.0068,0.0027,-0.015,0.0041,0.0,1359.0,3260.0
2026-09-21 10:39:19,2026-09-21T10:23:51,769.0753,2026-09-21,C,753.0,16.01,16.07,100.0,34.0,15.49,0.0,1.0,0.0,0.0,0.0,0.0,53.0,321.0
2026-09-21 10:39:19,2026-09-21T10:23:51,769.0753,2026-09-21,P,753.0,0.01,0.02,6195.0,5565.0,0.01,0.3267,-0.0071,0.003,-0.015,0.0043,0.0,2511.0,2802.0
2026-09-21 10:39:19,2026-09-21T10:23:51,769.0753,2026-09-21,C,754.0,15.01,15.07,128.0,16.0,15.0,0.0,1.0,0.0,0.0,0.0,0.0,206.0,569.0
2026-09-21 10:39:19,2026-09-21T10:23:51,769.0753,2026-09-21,P,754.0,0.02,0.03,3599.0,6079.0,0.02,0.3285,-0.0111,0.0044,-0.025,0.0064,0.0,4474.0,2348.0
2026-09-21 10:39:19,2026-09-21T10:23:51,769.0753,2026-09-21,C,755.0,14.05,14.07,56.0,70.0,14.0,0.0,0.9882,0.0049,-0.025,0.0067,0.0,1493.0,1471.0
2026-09-21 10:39:19,2026-09-21T10:23:51,769.0753,2026-09-21,P,755.0,0.02,0.03,3949.0,6055.0,0.02,0.3093,-0.0118,0.0049,-0.025,0.0067,0.0,5095.0,21487.0
2026-09-21 10:39:19,2026-09-21T10:23:51,769.0753,2026-09-21,C,756.0,13.01,13.07,129.0,20.0,13.06,0.0,0.9939,0.0033,-0.01,0.0039,0.0,431.0,768.0
2026-09-21 10:39:19,2026-09-21T10:23:51,769.0753,2026-09-21,P,756.0,0.02,0.03,5705.0,5851.0,0.02,0.2899,-0.0125,0.0055,-0.025,0.0071,0.0,2322.0,4124.0
2026-09-21 10:39:19,2026-09-21T10:23:51,769.0753,2026-09-21,C,757.0,12.06,12.07,108.0,106.0,12.04,0.0,0.9868,0.0062,-0.025,0.0075,0.0,3660.0,3398.0
2026-09-21 10:39:19,2026-09-21T10:23:51,769.0753,2026-09-21,P,757.0,0.02,0.03,5876.0,5788.0,0.02,0.2704,-0.0132,0.0062,-0.025,0.0075,0.0,3357.0,6135.0
2026-09-21 10:39:19,2026-09-21T10:23:51,769.0753,2026-09-21,C,758.0,11.02,11.08,100.0,23.0,10.97,0.0,0.9931,0.0043,-0.01,0.0044,0.0,315.0,1431.0
2026-09-21 10:39:19,2026-09-21T10:23:51,769.0753,2026-09-21,P,758.0,0.02,0.03,6201.0,6155.0,0.02,0.2507,-0.0142,0.0071,-0.025,0.008,0.0,8718.0,6814.0
2026-09-21 10:39:19,2026-09-21T10:23:51,769.0753,2026-09-21,C,759.0,10.02,10.08,118.0,20.0,9.97,0.0,0.9925,0.005,-0.01,0.0048,0.0,746.0,3109.0
2026-09-21 10:39:19,2026-09-21T10:23:51,769.0753,2026-09-21,P,759.0,0.03,0.04,2269.0,5644.0,0.04,0.2425,-0.0196,0.0097,-0.035,0.0105,0.0,10071.0,9099.0
2026-09-21 10:39:19,2026-09-21T10:23:51,769.0753,2026-09-21,C,760.0,9.07,9.08,74.0,47.0,8.98,0.0,0.9787,0.0113,-0.035,0.0113,0.0,1757.0,6853.0
2026-09-21 10:39:19,2026-09-21T10:23:51,769.0753,2026-09-21,P,760.0,0.03,0.04,3356.0,5516.0,0.03,0.2217,-0.0213,0.0113,-0.035,0.0113,0.0,14624.0,15275.0
2026-09-21 10:39:19,2026-09-21T10:23:51,769.0753,2026-09-21,C,761.0,8.07,8.08,67.0,1.0,7.99,0.0,1.0,0.0,0.0,0.0,0.0,2298.0,5926.0
2026-09-21 10:39:19,2026-09-21T10:23:51,769.0753,2026-09-21,P,761.0,0.03,0.04,5723.0,5131.0,0.04,0.2007,-0.0232,0.0135,-0.035,0.0122,0.0,14400.0,9645.0
2026-09-21 10:39:19,2026-09-21T10:23:51,769.0753,2026-09-21,C,762.0,7.08,7.09,66.0,81.0,6.99,0.0,1.0,0.0,0.0,0.0,0.0,9208.0,8574.0
2026-09-21 10:39:19,2026-09-21T10:23:51,769.0753,2026-09-21,P,762.0,0.04,0.05,4918.0,5127.0,0.05,0.1871,-0.0307,0.0183,-0.045,0.0154,0.0,26077.0,6835.0
2026-09-21 10:39:19,2026-09-21T10:23:51,769.0753,2026-09-21,C,763.0,6.09,6.1,68.0,1.0,6.08,0.1313,0.981,0.0158,-0.02,0.0108,0.0,7335.0,8346.0
2026-09-21 10:39:19,2026-09-21T10:23:51,769.0753,2026-09-21,P,763.0,0.05,0.06,4712.0,4459.0,0.05,0.1714,-0.039,0.0244,-0.0541,0.0187,0.0,33200.0,6849.0
2026-09-21 10:39:19,2026-09-21T10:23:51,769.0753,2026-09-21,C,764.0,5.11,5.12,20.0,46.0,5.1,0.1284,0.9708,0.0248,-0.03,0.0153,0.0,11943.0,6049.0
2026-09-21 10:39:19,2026-09-21T10:23:51,769.0753,2026-09-21,P,764.0,0.07,0.08,3560.0,3946.0,0.07,0.1577,-0.0546,0.0347,-0.0734,0.0242,0.0,54464.0,1764.0
2026-09-21 10:39:19,2026-09-21T10:23:51,769.0753,2026-09-21,C,765.0,4.14,4.15,83.0,64.0,4.14,0.1237,0.9446,0.0438,-0.06,0.025,0.0,19295.0,10594.0
2026-09-21 10:39:19,2026-09-21T10:23:51,769.0753,2026-09-21,P,765.0,0.1,0.11,2050.0,2343.0,0.1,0.1435,-0.0784,0.0506,-0.1024,0.0318,0.0,78799.0,1927.0
2026-09-21 10:39:19,2026-09-21T10:23:51,769.0753,2026-09-21,C,766.0,3.2,3.21,203.0,168.0,3.2,0.1185,0.8965,0.074,-0.12,0.0389,0.0,57108.0,5357.0
2026-09-21 10:39:19,2026-09-21T10:23:51,769.0753,2026-09-21,P,766.0,0.16,0.17,1205.0,2340.0,0.16,0.132,-0.1222,0.0763,-0.1605,0.0432,0.0,122544.0,558.0
2026-09-21 10:39:19,2026-09-21T10:23:51,769.0753,2026-09-21,C,767.0,2.31,2.32,262.0,174.0,2.32,0.112,0.8163,0.1159,-0.23,0.0558,0.0,170526.0,4728.0
2026-09-21 10:39:19,2026-09-21T10:23:51,769.0753,2026-09-21,P,767.0,0.27,0.28,1079.0,1187.0,0.28,0.1218,-0.1975,0.1133,-0.27,0.058,0.0,149703.0,636.0
2026-09-21 10:39:19,2026-09-21T10:23:51,769.0753,2026-09-21,C,768.0,1.52,1.53,494.0,222.0,1.52,0.1081,0.6851,0.1609,-0.45,0.0729,0.0,234563.0,7227.0
2026-09-21 10:39:19,2026-09-21T10:23:51,769.0753,2026-09-21,P,768.0,0.49,0.5,693.0,1150.0,0.49,0.1158,-0.3213,0.1533,-0.49,0.0734,0.0,68327.0,334.0
2026-09-21 10:39:19,2026-09-21T10:23:51,769.0753,2026-09-21,C,769.0,0.91,0.92,709.0,704.0,0.92,0.1067,0.5115,0.183,-0.84,0.081,0.0,154718.0,5303.0
2026-09-21 10:39:19,2026-09-21T10:23:51,769.0753,2026-09-21,P,769.0,0.87,0.88,557.0,589.0,0.88,0.1129,-0.4854,0.175,-0.87,0.081,0.0,23700.0,318.0
2026-09-21 10:39:19,2026-09-21T10:23:51,769.0753,2026-09-21,C,770.0,0.49,0.5,868.0,754.0,0.49,0.1081,0.3357,0.1652,-0.49,0.0746,0.0,192907.0,29669.0
2026-09-21 10:39:19,2026-09-21T10:23:51,769.0753,2026-09-21,P,770.0,1.45,1.46,235.0,229.0,1.45,0.1139,-0.655,0.1604,-0.53,0.0753,0.0,10340.0,828.0
2026-09-21 10:39:19,2026-09-21T10:23:51,769.0753,2026-09-21,C,771.0,0.25,0.26,1014.0,1327.0,0.26,0.1112,0.1977,0.1222,-0.25,0.0582,0.0,70162.0,4731.0
2026-09-21 10:39:19,2026-09-21T10:23:51,769.0753,2026-09-21,P,771.0,2.21,2.22,195.0,195.0,2.21,0.1192,-0.7872,0.1209,-0.29,0.0605,0.0,3119.0,69.0
2026-09-21 10:39:19,2026-09-21T10:23:51,769.0753,2026-09-21,C,772.0,0.13,0.14,1861.0,1920.0,0.14,0.1173,0.1117,0.079,-0.13,0.041,0.0,21110.0,3586.0
2026-09-21 10:39:19,2026-09-21T10:23:51,769.0753,2026-09-21,P,772.0,3.09,3.1,167.0,157.0,3.11,0.129,-0.8691,0.082,-0.17,0.0452,0.0,1553.0,119.0
2026-09-21 10:39:19,2026-09-21T10:23:51,769.0753,2026-09-21,C,773.0,0.07,0.08,2152.0,2301.0,0.08,0.1284,0.0678,0.0498,-0.0781,0.0288,0.0,8054.0,3885.0
2026-09-21 10:39:19,2026-09-21T10:23:51,769.0753,2026-09-21,P,773.0,4.03,4.04,1.0,78.0,4.16,0.1416,-0.9152,0.0546,-0.11,0.0336,0.0,460.0,0.0
2026-09-21 10:39:19,2026-09-21T10:23:51,769.0753,2026-09-21,C,774.0,0.04,0.05,3970.0,3359.0,0.04,0.1385,0.0404,0.0308,-0.0456,0.0196,0.0,4968.0,2988.0
2026-09-21 10:39:19,2026-09-21T10:23:51,769.0753,2026-09-21,P,774.0,5.0,5.01,83.0,62.0,5.13,0.1569,-0.9404,0.0377,-0.08,0.0259,0.0,227.0,10.0
2026-09-21 10:39:19,2026-09-21T10:23:51,769.0753,2026-09-21,C,775.0,0.02,0.03,5506.0,3676.0,0.03,0.1459,0.023,0.0184,-0.0251,0.0126,0.0,1256.0,2242.0
2026-09-21 10:39:19,2026-09-21T10:23:51,769.0753,2026-09-21,P,775.0,5.98,6.03,21.0,69.0,6.06,0.1814,-0.9568,0.0267,-0.06,0.0202,0.0,219.0,0.0
2026-09-21 10:39:19,2026-09-21T10:23:51,769.0753,2026-09-21,C,776.0,0.01,0.02,6047.0,3296.0,0.02,0.1546,0.0139,0.0113,-0.0151,0.0083,0.0,904.0,860.0
2026-09-21 10:39:19,2026-09-21T10:23:51,769.0753,2026-09-21,P,776.0,6.97,7.03,22.0,125.0,7.16,0.2028,-0.966,0.02,-0.05,0.0167,0.0,341.0,10.0
2026-09-21 10:39:19,2026-09-21T10:23:51,769.0753,2026-09-21,C,777.0,0.01,0.02,5942.0,5479.0,0.01,0.1736,0.0132,0.0096,-0.0161,0.0078,0.0,15972.0,2233.0
2026-09-21 10:39:19,2026-09-21T10:23:51,769.0753,2026-09-21,P,777.0,7.97,7.98,37.0,20.0,8.0,0.211,-0.9691,0.0166,-0.05,0.0153,0.0,682.0,0.0
2026-09-21 10:39:19,2026-09-21T10:23:51,769.0753,2026-09-21,C,778.0,0.0,0.01,0.0,421.0,0.01,0.169,0.0048,0.0041,-0.005,0.0034,0.0,1334.0,817.0
2026-09-21 10:39:19,2026-09-21T10:23:51,769.0753,2026-09-21,P,778.0,8.96,9.11,1.0,100.0,10.29,0.2668,-0.9759,0.0126,-0.04,0.0125,0.0,4.0,0.0
2026-09-21 10:39:19,2026-09-21T10:23:51,769.0753,2026-09-21,C,779.0,0.0,0.01,0.0,4942.0,0.01,0.1857,0.0044,0.0034,-0.005,0.0031,0.0,192.0,835.0
2026-09-21 10:39:19,2026-09-21T10:23:51,769.0753,2026-09-21,P,779.0,9.96,10.11,78.0,100.0,11.53,0.2903,-0.9777,0.0108,-0.04,0.0116,0.0,2.0,0.0
2026-09-21 10:39:19,2026-09-21T10:23:51,769.0753,2026-09-21,C,780.0,0.0,0.01,0.0,6229.0,0.01,0.2022,0.0041,0.003,-0.005,0.0028,0.0,145.0,2288.0
2026-09-21 10:39:19,2026-09-21T10:23:51,769.0753,2026-09-21,P,780.0,10.96,11.11,1.0,100.0,13.14,0.3134,-0.9792,0.0094,-0.04,0.0109,0.0,56.0,0.0
2026-09-21 10:39:19,2026-09-21T10:23:51,769.0753,2026-09-21,C,781.0,0.0,0.01,0.0,6670.0,0.02,0.2186,0.0038,0.0026,-0.005,0.0026,0.0,45.0,930.0
2026-09-21 10:39:19,2026-09-21T10:23:51,769.0753,2026-09-21,P,781.0,11.96,12.11,1.0,100.0,13.3,0.3362,-0.9806,0.0083,-0.04,0.0103,0.0,18.0,10.0
2026-09-21 10:39:19,2026-09-21T10:23:51,769.0753,2026-09-21,C,782.0,0.0,0.01,0.0,7056.0,0.01,0.2348,0.0036,0.0022,-0.005,0.0025,0.0,290.0,596.0
2026-09-21 10:39:19,2026-09-21T10:23:51,769.0753,2026-09-21,P,782.0,12.95,13.11,31.0,71.0,14.33,0.3559,-0.9853,0.0064,-0.03,0.0081,0.0,42.0,0.0
2026-09-21 10:39:19,2026-09-21T10:23:51,769.0753,2026-09-21,C,783.0,0.0,0.01,0.0,7148.0,0.01,0.2509,0.0034,0.002,-0.005,0.0023,0.0,118.0,2107.0
2026-09-21 10:39:19,2026-09-21T10:23:51,769.0753,2026-09-21,P,783.0,13.95,14.11,2.0,100.0,22.72,0.378,-0.9861,0.0057,-0.03,0.0077,0.0,0.0,0.0
2026-09-21 10:39:19,2026-09-21T10:23:51,769.0753,2026-09-21,C,784.0,0.0,0.01,0.0,7051.0,0.01,0.2669,0.0032,0.0018,-0.005,0.0022,0.0,0.0,346.0
2026-09-21 10:39:19,2026-09-21T10:23:51,769.0753,2026-09-21,P,784.0,14.95,15.11,1.0,100.0,23.92,0.3999,-0.9868,0.0051,-0.03,0.0074,0.0,0.0,0.0
2026-09-21 10:39:19,2026-09-21T10:23:51,769.0753,2026-09-21,C,785.0,0.0,0.01,0.0,7062.0,0.01,0.2828,0.003,0.0016,-0.005,0.0021,0.0,2.0,490.0
2026-09-21 10:39:19,2026-09-21T10:23:51,769.0753,2026-09-21,P,785.0,15.95,16.11,1.0,71.0,17.28,0.4216,-0.9874,0.0046,-0.03,0.007,0.0,11.0,0.0
2026-09-21 10:39:19,2026-09-21T10:23:51,769.0753,2026-09-21,C,786.0,0.0,0.01,0.0,7126.0,0.01,0.2986,0.0029,0.0015,-0.005,0.002,0.0,9.0,1683.0
2026-09-21 10:39:19,2026-09-21T10:23:51,769.0753,2026-09-21,P,786.0,16.95,17.11,1.0,100.0,18.12,0.4431,-0.988,0.0042,-0.03,0.0067,0.0,10.0,0.0
2026-09-21 10:39:19,2026-09-21T10:23:51,769.0753,2026-09-21,C,787.0,0.0,0.01,0.0,6682.0,0.01,0.3142,0.0028,0.0013,-0.005,0.0019,0.0,1.0,1400.0
2026-09-21 10:39:19,2026-09-21T10:23:51,769.0753,2026-09-21,P,787.0,17.95,18.11,1.0,70.0,19.95,0.4644,-0.9885,0.0039,-0.03,0.0065,0.0,37.0,0.0
2026-09-21 10:39:19,2026-09-21T10:23:51,769.0753,2026-09-21,C,788.0,0.0,0.01,0.0,6734.0,0.01,0.3298,0.0026,0.0012,-0.005,0.0018,0.0,2.0,1010.0
2026-09-21 10:39:19,2026-09-21T10:23:51,769.0753,2026-09-21,P,788.0,18.95,19.11,1.0,100.0,26.31,0.4856,-0.989,0.0036,-0.03,0.0062,0.0,0.0,0.0
2026-09-21 10:39:19,2026-09-21T10:23:51,769.0753,2026-09-21,C,789.0,0.0,0.01,0.0,6778.0,0.01,0.3454,0.0025,0.0011,-0.005,0.0017,0.0,2.0,6906.0
2026-09-21 10:39:19,2026-09-21T10:23:51,769.0753,2026-09-21,P,789.0,19.95,20.11,1.0,100.0,27.76,0.5065,-0.9894,0.0033,-0.03,0.006,0.0,0.0,0.0
2026-09-21 10:39:19,2026-09-21T10:23:51,769.0753,2026-09-21,C,790.0,0.0,0.01,0.0,6814.0,0.01,0.3608,0.0024,0.001,-0.005,0.0017,0.0,5.0,6747.0
2026-09-21 10:39:19,2026-09-21T10:23:51,769.0753,2026-09-21,P,790.0,20.95,21.11,1.0,100.0,28.71,0.5274,-0.9898,0.0031,-0.03,0.0058,0.0,0.0,0.0
2026-09-21 10:39:19,2026-09-21T10:23:51,769.0753,2026-09-21,C,791.0,0.0,0.01,0.0,6850.0,0.02,0.3762,0.0023,0.001,-0.005,0.0016,0.0,0.0,221.0
2026-09-21 10:39:19,2026-09-21T10:23:51,769.0753,2026-09-21,P,791.0,21.95,22.11,1.0,100.0,31.84,0.548,-0.9901,0.0028,-0.03,0.0056,0.0,0.0,0.0
2026-09-21 10:39:19,2026-09-21T10:23:51,769.0753,2026-09-21,C,792.0,0.0,0.01,0.0,6883.0,0.01,0.3914,0.0023,0.0009,-0.005,0.0015,0.0,0.0,485.0
2026-09-21 10:39:19,2026-09-21T10:23:51,769.0753,2026-09-21,P,792.0,22.93,23.11,37.0,150.0,24.95,0.56,-0.996,0.0014,-0.01,0.0025,0.0,1.0,0.0
2026-09-21 10:39:19,2026-09-21T10:23:51,769.0753,2026-09-21,C,793.0,0.0,0.01,0.0,6911.0,0.01,0.4066,0.0022,0.0008,-0.005,0.0015,0.0,0.0,26.0
2026-09-21 10:39:19,2026-09-21T10:23:51,769.0753,2026-09-21,P,793.0,23.95,24.11,1.0,68.0,31.68,0.589,-0.9908,0.0025,-0.03,0.0053,0.0,0.0,0.0
2026-09-21 10:39:19,2026-09-21T10:23:51,769.0753,2026-09-21,C,794.0,0.0,0.01,0.0,6939.0,0.01,0.4218,0.0021,0.0008,-0.005,0.0014,0.0,0.0,530.0
2026-09-21 10:39:19,2026-09-21T10:23:51,769.0753,2026-09-21,P,794.0,24.95,25.68,2.0,69.0,32.59,0.7702,-0.9911,0.0023,-0.03,0.0051,0.0,0.0,0.0
2026-09-21 10:39:19,2026-09-21T10:23:51,769.0753,2026-09-21,C,795.0,0.0,0.01,0.0,6963.0,0.02,0.4369,0.002,0.0007,-0.005,0.0014,0.0,0.0,543.0
2026-09-21 10:39:19,2026-09-21T10:23:51,769.0753,2026-09-21,P,795.0,25.85,26.66,68.0,68.0,33.86,0.7674,-0.998,0.0007,-0.005,0.0014,0.0,0.0,0.0
2026-09-21 10:39:19,2026-09-21T10:23:51,769.0753,2026-09-21,C,796.0,0.0,0.01,0.0,6987.0,0.02,0.4519,0.002,0.0007,-0.005,0.0014,0.0,0.0,1.0
2026-09-21 10:39:19,2026-09-21T10:23:51,769.0753,2026-09-21,P,796.0,26.93,27.7,37.0,69.0,34.39,0.8176,-0.9965,0.0011,-0.01,0.0022,0.0,0.0,0.0
2026-09-21 10:39:19,2026-09-21T10:23:51,769.0753,2026-09-21,C,797.0,0.0,0.01,0.0,7011.0,0.02,0.4668,0.0019,0.0006,-0.005,0.0013,0.0,0.0,170.0
2026-09-21 10:39:19,2026-09-21T10:23:51,769.0753,2026-09-21,P,797.0,27.95,28.75,1.0,69.0,36.67,0.8561,-0.9918,0.002,-0.03,0.0047,0.0,0.0,0.0
2026-09-21 10:39:19,2026-09-21T10:23:51,769.0753,2026-09-21,C,798.0,0.0,0.01,0.0,7035.0,0.02,0.4817,0.0019,0.0006,-0.005,0.0013,0.0,0.0,115.0
2026-09-21 10:39:19,2026-09-21T10:23:51,769.0753,2026-09-21,P,798.0,28.93,29.7,37.0,69.0,39.06,0.8642,-0.9967,0.001,-0.01,0.0021,0.0,0.0,0.0
2026-09-21 10:39:19,2026-09-21T10:23:51,769.0753,2026-09-21,C,799.0,0.0,0.01,0.0,7055.0,0.01,0.4966,0.0018,0.0006,-0.005,0.0012,0.0,0.0,23.0
2026-09-21 10:39:19,2026-09-21T10:23:51,769.0753,2026-09-21,P,799.0,29.93,30.62,37.0,69.0,30.75,0.8685,-0.9968,0.0009,-0.01,0.0021,0.0,1.0,0.0
2026-09-21 10:39:19,2026-09-21T10:23:51,769.0753,2026-09-21,C,800.0,0.0,0.01,0.0,7079.0,0.01,0.5113,0.0018,0.0006,-0.005,0.0012,0.0,2.0,935.0
2026-09-21 10:39:19,2026-09-21T10:23:51,769.0753,2026-09-21,P,800.0,30.41,31.62,68.0,68.0,31.68,0.7128,-0.9982,0.0006,-0.005,0.0012,0.0,1.0,1.0
2026-09-21 10:39:19,2026-09-21T10:23:51,769.0753,2026-09-21,C,801.0,0.0,0.01,0.0,7099.0,0.01,0.526,0.0017,0.0005,-0.005,0.0012,0.0,0.0,242.0
2026-09-21 10:39:19,2026-09-21T10:23:51,769.0753,2026-09-21,P,801.0,31.93,32.7,36.0,68.0,39.82,0.9332,-0.997,0.0008,-0.01,0.002,0.0,0.0,0.0
2026-09-21 10:39:19,2026-09-21T10:23:51,769.0753,2026-09-21,C,802.0,0.0,0.01,0.0,7119.0,0.01,0.5407,0.0017,0.0005,-0.005,0.0012,0.0,2.0,1043.0
2026-09-21 10:39:19,2026-09-21T10:23:51,769.0753,2026-09-21,P,802.0,32.66,33.68,68.0,68.0,42.57,0.877,-0.9983,0.0005,-0.005,0.0012,0.0,0.0,0.0
2026-09-21 10:39:19,2026-09-21T10:23:51,769.0753,2026-09-21,C,803.0,0.0,0.01,0.0,7139.0,0.01,0.5553,0.0016,0.0005,-0.005,0.0011,0.0,0.0,958.0
2026-09-21 10:39:19,2026-09-21T10:23:51,769.0753,2026-09-21,P,803.0,33.87,34.73,67.0,67.0,43.44,0.9711,-0.9984,0.0005,-0.005,0.0011,0.0,0.0,0.0
2026-09-21 10:39:19,2026-09-21T10:23:51,769.0753,2026-09-21,C,804.0,0.0,0.01,0.0,7159.0,0.02,0.5699,0.0016,0.0004,-0.005,0.0011,0.0,0.0,65.0
2026-09-21 10:39:19,2026-09-21T10:23:51,769.0753,2026-09-21,P,804.0,34.95,35.69,2.0,69.0,42.69,1.0035,-0.9931,0.0014,-0.03,0.004,0.0,0.0,0.0
2026-09-21 10:39:19,2026-09-21T10:23:51,769.0753,2026-09-21,C,805.0,0.0,0.01,0.0,7179.0,0.01,0.5844,0.0016,0.0004,-0.005,0.0011,0.0,0.0,41.0
2026-09-21 10:39:19,2026-09-21T10:23:51,769.0753,2026-09-21,P,805.0,35.89,36.62,66.0,68.0,43.96,0.9917,-0.9984,0.0004,-0.005,0.0011,0.0,0.0,0.0
2026-09-21 10:39:19,2026-09-21T10:23:51,769.0753,2026-09-21,C,806.0,0.0,0.01,0.0,7199.0,0.01,0.5989,0.0015,0.0004,-0.005,0.001,0.0,0.0,483.0
2026-09-21 10:39:19,2026-09-21T10:23:51,769.0753,2026-09-21,P,806.0,36.41,37.7,67.0,67.0,46.72,0.8701,-0.9985,0.0004,-0.005,0.001,0.0,0.0,0.0
2026-09-21 10:39:19,2026-09-21T10:23:51,769.0753,2026-09-21,C,807.0,0.0,0.01,0.0,7219.0,0.01,0.6133,0.0015,0.0004,-0.005,0.001,0.0,0.0,395.0
2026-09-21 10:39:19,2026-09-21T10:23:51,769.0753,2026-09-21,P,807.0,37.38,38.68,68.0,68.0,47.38,0.8631,-0.9985,0.0004,-0.005,0.001,0.0,0.0,0.0
2026-09-21 10:44:21,2026-09-21T10:28:52,769.19,2026-09-21,C,731.0,37.72,38.67,291.0,121.0,38.08,0.7233,0.9965,0.0007,-0.015,0.0022,0.0,98.0,19.0
2026-09-21 10:44:21,2026-09-21T10:28:52,769.19,2026-09-21,P,731.0,0.0,0.01,0.0,5279.0,0.01,0.6528,-0.0035,0.0007,-0.015,0.0022,0.0,10.0,7564.0
2026-09-21 10:44:21,2026-09-21T10:28:52,769.19,2026-09-21,C,732.0,36.67,37.67,129.0,127.0,37.06,0.0,0.9964,0.0008,-0.0152,0.0022,0.0,399.0,32.0
2026-09-21 10:44:21,2026-09-21T10:28:52,769.19,2026-09-21,P,732.0,0.0,0.01,0.0,5243.0,0.01,0.6368,-0.0036,0.0008,-0.0151,0.0022,0.0,6.0,881.0
2026-09-21 10:44:21,2026-09-21T10:28:52,769.19,2026-09-21,C,733.0,35.67,36.67,130.0,128.0,35.67,0.0,0.9963,0.0008,-0.0153,0.0023,0.0,156.0,63.0
2026-09-21 10:44:21,2026-09-21T10:28:52,769.19,2026-09-21,P,733.0,0.0,0.01,0.0,5203.0,0.01,0.6207,-0.0037,0.0008,-0.0153,0.0023,0.0,4.0,2919.0
2026-09-21 10:44:21,2026-09-21T10:28:52,769.19,2026-09-21,C,734.0,34.66,35.69,291.0,129.0,34.8,0.0,0.9962,0.0008,-0.0155,0.0024,0.0,228.0,56.0
2026-09-21 10:44:21,2026-09-21T10:28:52,769.19,2026-09-21,P,734.0,0.0,0.01,0.0,5163.0,0.05,0.6046,-0.0038,0.0008,-0.0155,0.0024,0.0,0.0,773.0
2026-09-21 10:44:21,2026-09-21T10:28:52,769.19,2026-09-21,C,735.0,33.75,34.33,117.0,115.0,34.08,0.0,0.996,0.0009,-0.0157,0.0024,0.0,547.0,24.0
2026-09-21 10:44:21,2026-09-21T10:28:52,769.19,2026-09-21,P,735.0,0.0,0.01,0.0,5123.0,0.01,0.5885,-0.004,0.0009,-0.0157,0.0024,0.0,12.0,1578.0
2026-09-21 10:44:21,2026-09-21T10:28:52,769.19,2026-09-21,C,736.0,32.68,33.67,292.0,128.0,33.08,0.0,0.9959,0.0009,-0.0159,0.0025,0.0,105.0,16.0
2026-09-21 10:44:21,2026-09-21T10:28:52,769.19,2026-09-21,P,736.0,0.0,0.01,0.0,7083.0,0.01,0.5724,-0.0041,0.0009,-0.0159,0.0025,0.0,6.0,2021.0
2026-09-21 10:44:21,2026-09-21T10:28:52,769.19,2026-09-21,C,737.0,32.09,32.15,97.0,49.0,32.12,0.0,0.9957,0.001,-0.0161,0.0026,0.0,158.0,17.0
2026-09-21 10:44:21,2026-09-21T10:28:52,769.19,2026-09-21,P,737.0,0.0,0.01,0.0,4963.0,0.01,0.5562,-0.0043,0.001,-0.0161,0.0026,0.0,6.0,1437.0
2026-09-21 10:44:21,2026-09-21T10:28:52,769.19,2026-09-21,C,738.0,31.09,31.15,96.0,27.0,31.17,0.0,0.9956,0.0011,-0.0163,0.0027,0.0,167.0,22.0
2026-09-21 10:44:21,2026-09-21T10:28:52,769.19,2026-09-21,P,738.0,0.0,0.01,0.0,4919.0,0.02,0.5401,-0.0044,0.0011,-0.0163,0.0027,0.0,10.0,1180.0
2026-09-21 10:44:21,2026-09-21T10:28:52,769.19,2026-09-21,C,739.0,30.09,30.15,95.0,47.0,30.1,0.0,0.9954,0.0011,-0.0165,0.0028,0.0,166.0,30.0
2026-09-21 10:44:21,2026-09-21T10:28:52,769.19,2026-09-21,P,739.0,0.0,0.01,0.0,4932.0,0.01,0.5239,-0.0046,0.0011,-0.0165,0.0028,0.0,47.0,1347.0
2026-09-21 10:44:21,2026-09-21T10:28:52,769.19,2026-09-21,C,740.0,29.09,29.15,101.0,69.0,29.19,0.0,0.9952,0.0012,-0.0167,0.0029,0.0,549.0,42.0
2026-09-21 10:44:21,2026-09-21T10:28:52,769.19,2026-09-21,P,740.0,0.0,0.01,0.0,4809.0,0.01,0.5078,-0.0048,0.0012,-0.0167,0.0029,0.0,3671.0,5789.0
2026-09-21 10:44:21,2026-09-21T10:28:52,769.19,2026-09-21,C,741.0,28.09,28.15,89.0,33.0,28.19,0.0,0.9951,0.0013,-0.0169,0.003,0.0,181.0,38.0
2026-09-21 10:44:21,2026-09-21T10:28:52,769.19,2026-09-21,P,741.0,0.0,0.01,0.0,6596.0,0.01,0.4916,-0.0049,0.0013,-0.0169,0.003,0.0,187.0,2863.0
2026-09-21 10:44:21,2026-09-21T10:28:52,769.19,2026-09-21,C,742.0,27.09,27.15,93.0,62.0,27.19,0.0,0.9949,0.0014,-0.0171,0.0031,0.0,574.0,11.0
2026-09-21 10:44:21,2026-09-21T10:28:52,769.19,2026-09-21,P,742.0,0.0,0.01,0.0,3851.0,0.01,0.4754,-0.0051,0.0014,-0.0171,0.0031,0.0,848.0,1915.0
2026-09-21 10:44:21,2026-09-21T10:28:52,769.19,2026-09-21,C,743.0,26.09,26.15,90.0,29.0,26.13,0.0,0.9947,0.0015,-0.0173,0.0032,0.0,73.0,71.0
2026-09-21 10:44:21,2026-09-21T10:28:52,769.19,2026-09-21,P,743.0,0.0,0.01,0.0,4046.0,0.01,0.4591,-0.0053,0.0015,-0.0173,0.0032,0.0,665.0,2810.0
2026-09-21 10:44:21,2026-09-21T10:28:52,769.19,2026-09-21,C,744.0,25.09,25.15,89.0,23.0,25.18,0.0,0.9944,0.0016,-0.0175,0.0034,0.0,211.0,47.0
2026-09-21 10:44:21,2026-09-21T10:28:52,769.19,2026-09-21,P,744.0,0.0,0.01,0.0,2912.0,0.01,0.4428,-0.0056,0.0016,-0.0175,0.0034,0.0,3337.0,1802.0
2026-09-21 10:44:21,2026-09-21T10:28:52,769.19,2026-09-21,C,745.0,24.09,24.15,66.0,59.0,24.05,0.0,0.9942,0.0017,-0.0177,0.0035,0.0,142.0,84.0
2026-09-21 10:44:21,2026-09-21T10:28:52,769.19,2026-09-21,P,745.0,0.01,0.02,5839.0,4788.0,0.01,0.4758,-0.0058,0.0017,-0.0177,0.0035,0.0,9803.0,18475.0
2026-09-21 10:44:21,2026-09-21T10:28:52,769.19,2026-09-21,C,746.0,23.1,23.16,100.0,79.0,23.18,0.0,0.9939,0.0018,-0.0179,0.0036,0.0,366.0,65.0
2026-09-21 10:44:21,2026-09-21T10:28:52,769.19,2026-09-21,P,746.0,0.01,0.02,5791.0,4732.0,0.01,0.458,-0.0061,0.0018,-0.0179,0.0036,0.0,1381.0,1979.0
2026-09-21 10:44:21,2026-09-21T10:28:52,769.19,2026-09-21,C,747.0,22.1,22.16,107.0,85.0,22.04,0.0,0.9937,0.002,-0.0181,0.0038,0.0,230.0,18.0
2026-09-21 10:44:21,2026-09-21T10:28:52,769.19,2026-09-21,P,747.0,0.01,0.02,5739.0,4676.0,0.01,0.44,-0.0063,0.002,-0.0181,0.0038,0.0,3312.0,2684.0
2026-09-21 10:44:21,2026-09-21T10:28:52,769.19,2026-09-21,C,748.0,21.1,21.16,59.0,83.0,21.01,0.0,0.9934,0.0021,-0.0183,0.004,0.0,253.0,61.0
2026-09-21 10:44:21,2026-09-21T10:28:52,769.19,2026-09-21,P,748.0,0.01,0.02,5536.0,4473.0,0.02,0.4221,-0.0066,0.0021,-0.0183,0.004,0.0,2788.0,4869.0
2026-09-21 10:44:21,2026-09-21T10:28:52,769.19,2026-09-21,C,749.0,20.1,20.16,59.0,40.0,20.13,0.0,0.993,0.0023,-0.0185,0.0041,0.0,580.0,83.0
2026-09-21 10:44:21,2026-09-21T10:28:52,769.19,2026-09-21,P,749.0,0.01,0.02,5341.0,4424.0,0.02,0.4041,-0.007,0.0023,-0.0185,0.0041,0.0,2076.0,5143.0
2026-09-21 10:44:21,2026-09-21T10:28:52,769.19,2026-09-21,C,750.0,19.11,19.16,100.0,77.0,19.2,0.0,0.9927,0.0025,-0.0187,0.0043,0.0,1419.0,477.0
2026-09-21 10:44:21,2026-09-21T10:28:52,769.19,2026-09-21,P,750.0,0.01,0.02,5391.0,3740.0,0.01,0.386,-0.0073,0.0025,-0.0187,0.0043,0.0,11419.0,16881.0
2026-09-21 10:44:21,2026-09-21T10:28:52,769.19,2026-09-21,C,751.0,18.1,18.16,111.0,35.0,18.09,0.0,0.9923,0.0028,-0.019,0.0046,0.0,150.0,334.0
2026-09-21 10:44:21,2026-09-21T10:28:52,769.19,2026-09-21,P,751.0,0.01,0.02,5362.0,3803.0,0.01,0.3679,-0.0077,0.0028,-0.019,0.0046,0.0,1795.0,2776.0
2026-09-21 10:44:21,2026-09-21T10:28:52,769.19,2026-09-21,C,752.0,17.1,17.16,59.0,37.0,16.99,0.0,0.9918,0.0031,-0.0192,0.0048,0.0,66.0,298.0
2026-09-21 10:44:21,2026-09-21T10:28:52,769.19,2026-09-21,P,752.0,0.01,0.02,5298.0,3229.0,0.01,0.3497,-0.0082,0.0031,-0.0192,0.0048,0.0,1413.0,3260.0
2026-09-21 10:44:21,2026-09-21T10:28:52,769.19,2026-09-21,C,753.0,16.1,16.16,59.0,29.0,15.99,0.0,0.9914,0.0034,-0.0194,0.0051,0.0,55.0,321.0
2026-09-21 10:44:21,2026-09-21T10:28:52,769.19,2026-09-21,P,753.0,0.01,0.02,5119.0,1626.0,0.02,0.3314,-0.0086,0.0034,-0.0194,0.0051,0.0,2622.0,2802.0
2026-09-21 10:44:21,2026-09-21T10:28:52,769.19,2026-09-21,C,754.0,15.1,15.16,59.0,75.0,15.0,0.0,0.9908,0.0038,-0.0197,0.0054,0.0,206.0,569.0
2026-09-21 10:44:21,2026-09-21T10:28:52,769.19,2026-09-21,P,754.0,0.02,0.03,6210.0,5653.0,0.02,0.3334,-0.0092,0.0038,-0.0197,0.0054,0.0,4594.0,2348.0
2026-09-21 10:44:21,2026-09-21T10:28:52,769.19,2026-09-21,C,755.0,14.14,14.15,1.0,103.0,14.08,0.0,0.9902,0.0043,-0.02,0.0057,0.0,1511.0,1471.0
2026-09-21 10:44:21,2026-09-21T10:28:52,769.19,2026-09-21,P,755.0,0.02,0.03,6607.0,5392.0,0.03,0.3141,-0.0098,0.0043,-0.02,0.0057,0.0,5148.0,21487.0
2026-09-21 10:44:21,2026-09-21T10:28:52,769.19,2026-09-21,C,756.0,13.11,13.17,109.0,55.0,13.17,0.0,0.9894,0.0048,-0.0204,0.0061,0.0,451.0,768.0
2026-09-21 10:44:21,2026-09-21T10:28:52,769.19,2026-09-21,P,756.0,0.02,0.03,6670.0,5318.0,0.02,0.2946,-0.0106,0.0048,-0.0204,0.0061,0.0,2429.0,4124.0
2026-09-21 10:44:21,2026-09-21T10:28:52,769.19,2026-09-21,C,757.0,12.14,12.16,48.0,118.0,12.13,0.0,0.9886,0.0055,-0.0208,0.0066,0.0,3667.0,3398.0
2026-09-21 10:44:21,2026-09-21T10:28:52,769.19,2026-09-21,P,757.0,0.02,0.03,4572.0,3424.0,0.03,0.275,-0.0114,0.0055,-0.0208,0.0066,0.0,3417.0,6135.0
2026-09-21 10:44:21,2026-09-21T10:28:52,769.19,2026-09-21,C,758.0,11.11,11.17,69.0,26.0,11.15,0.0,0.9875,0.0064,-0.0214,0.0071,0.0,350.0,1431.0
2026-09-21 10:44:21,2026-09-21T10:28:52,769.19,2026-09-21,P,758.0,0.02,0.03,4465.0,3247.0,0.03,0.2552,-0.0125,0.0064,-0.0214,0.0071,0.0,8758.0,6814.0
2026-09-21 10:44:21,2026-09-21T10:28:52,769.19,2026-09-21,C,759.0,10.11,10.17,125.0,21.0,10.14,0.0,0.9861,0.0076,-0.0223,0.0078,0.0,780.0,3109.0
2026-09-21 10:44:21,2026-09-21T10:28:52,769.19,2026-09-21,P,759.0,0.02,0.03,6344.0,1527.0,0.02,0.2353,-0.0138,0.0076,-0.0223,0.0078,0.0,10253.0,9099.0
2026-09-21 10:44:21,2026-09-21T10:28:52,769.19,2026-09-21,C,760.0,9.15,9.16,121.0,76.0,9.17,0.0,0.9843,0.0091,-0.0237,0.0088,0.0,1846.0,6853.0
2026-09-21 10:44:21,2026-09-21T10:28:52,769.19,2026-09-21,P,760.0,0.03,0.04,4207.0,3171.0,0.03,0.2262,-0.0157,0.0091,-0.0237,0.0088,0.0,14910.0,15275.0
2026-09-21 10:44:21,2026-09-21T10:28:52,769.19,2026-09-21,C,761.0,8.13,8.18,109.0,18.0,8.27,0.0,0.9815,0.0115,-0.0262,0.0101,0.0,2432.0,5926.0
2026-09-21 10:44:21,2026-09-21T10:28:52,769.19,2026-09-21,P,761.0,0.03,0.04,4194.0,2649.0,0.04,0.205,-0.0184,0.0114,-0.0261,0.0101,0.0,14750.0,9645.0
2026-09-21 10:44:21,2026-09-21T10:28:52,769.19,2026-09-21,C,762.0,7.16,7.18,48.0,85.0,7.19,0.0,0.9772,0.0149,-0.0305,0.0121,0.0,9291.0,8574.0
2026-09-21 10:44:21,2026-09-21T10:28:52,769.19,2026-09-21,P,762.0,0.04,0.05,3737.0,2694.0,0.04,0.1915,-0.0228,0.0149,-0.0305,0.0121,0.0,26634.0,6835.0
2026-09-21 10:44:21,2026-09-21T10:28:52,769.19,2026-09-21,C,763.0,6.17,6.19,105.0,46.0,6.27,0.0,0.9697,0.0207,-0.0387,0.0153,0.0,7622.0,8346.0
2026-09-21 10:44:21,2026-09-21T10:28:52,769.19,2026-09-21,P,763.0,0.05,0.06,3366.0,2436.0,0.05,0.1754,-0.0303,0.0207,-0.0387,0.0153,0.0,34195.0,6849.0
2026-09-21 10:44:21,2026-09-21T10:28:52,769.19,2026-09-21,C,764.0,5.19,5.2,1.0,105.0,5.21,0.1061,0.956,0.0305,-0.0548,0.0206,0.0,12034.0,6049.0
2026-09-21 10:44:21,2026-09-21T10:28:52,769.19,2026-09-21,P,764.0,0.07,0.08,2732.0,2732.0,0.07,0.1617,-0.0437,0.0303,-0.0544,0.0204,0.0,56303.0,1764.0
2026-09-21 10:44:21,2026-09-21T10:28:52,769.19,2026-09-21,C,765.0,4.22,4.23,1.0,117.0,4.22,0.1169,0.9318,0.0467,-0.0844,0.0286,0.0,19467.0,10594.0
2026-09-21 10:44:21,2026-09-21T10:28:52,769.19,2026-09-21,P,765.0,0.1,0.11,1996.0,2525.0,0.11,0.1471,-0.0682,0.0467,-0.0844,0.0286,0.0,81273.0,1927.0
2026-09-21 10:44:21,2026-09-21T10:28:52,769.19,2026-09-21,C,766.0,3.27,3.28,205.0,244.0,3.27,0.1136,0.8902,0.0722,-0.1379,0.04,0.0,58294.0,5357.0
2026-09-21 10:44:21,2026-09-21T10:28:52,769.19,2026-09-21,P,766.0,0.15,0.16,2077.0,2392.0,0.16,0.1334,-0.1098,0.0722,-0.1379,0.04,0.0,127014.0,558.0
2026-09-21 10:44:21,2026-09-21T10:28:52,769.19,2026-09-21,C,767.0,2.37,2.38,256.0,1.0,2.37,0.109,0.8203,0.1099,-0.2329,0.0547,0.0,174347.0,4728.0
2026-09-21 10:44:21,2026-09-21T10:28:52,769.19,2026-09-21,P,767.0,0.25,0.26,1368.0,370.0,0.26,0.1225,-0.1797,0.1099,-0.2329,0.0547,0.0,157082.0,636.0
2026-09-21 10:44:21,2026-09-21T10:28:52,769.19,2026-09-21,C,768.0,1.58,1.59,156.0,309.0,1.58,0.1054,0.7053,0.1572,-0.4085,0.0704,0.0,243205.0,7227.0
2026-09-21 10:44:21,2026-09-21T10:28:52,769.19,2026-09-21,P,768.0,0.46,0.47,840.0,826.0,0.47,0.1168,-0.2947,0.1572,-0.4085,0.0704,0.0,78204.0,334.0
2026-09-21 10:44:21,2026-09-21T10:28:52,769.19,2026-09-21,C,769.0,0.94,0.95,536.0,235.0,0.95,0.1046,0.535,0.1908,-0.7444,0.0802,0.0,173956.0,5303.0
2026-09-21 10:44:21,2026-09-21T10:28:52,769.19,2026-09-21,P,769.0,0.82,0.83,747.0,753.0,0.83,0.1146,-0.465,0.1908,-0.7444,0.0802,0.0,33850.0,318.0
2026-09-21 10:44:21,2026-09-21T10:28:52,769.19,2026-09-21,C,770.0,0.51,0.52,884.0,915.0,0.51,0.106,0.3488,0.176,-0.4926,0.0751,0.0,221199.0,29669.0
2026-09-21 10:44:21,2026-09-21T10:28:52,769.19,2026-09-21,P,770.0,1.39,1.4,286.0,72.0,1.39,0.1166,-0.6512,0.176,-0.4926,0.0751,0.0,15132.0,828.0
2026-09-21 10:44:21,2026-09-21T10:28:52,769.19,2026-09-21,C,771.0,0.26,0.27,1447.0,884.0,0.27,0.1112,0.2079,0.1285,-0.2615,0.0594,0.0,79967.0,4731.0
2026-09-21 10:44:21,2026-09-21T10:28:52,769.19,2026-09-21,P,771.0,2.14,2.15,161.0,94.0,2.15,0.1229,-0.7921,0.1285,-0.2615,0.0594,0.0,4178.0,69.0
2026-09-21 10:44:21,2026-09-21T10:28:52,769.19,2026-09-21,C,772.0,0.14,0.15,1643.0,1475.0,0.15,0.1197,0.1206,0.0837,-0.1421,0.0427,0.0,38674.0,3586.0
2026-09-21 10:44:21,2026-09-21T10:28:52,769.19,2026-09-21,P,772.0,3.02,3.03,245.0,1.0,2.95,0.1355,-0.8794,0.0837,-0.1421,0.0427,0.0,2453.0,119.0
2026-09-21 10:44:21,2026-09-21T10:28:52,769.19,2026-09-21,C,773.0,0.08,0.09,2217.0,3801.0,0.09,0.13,0.0691,0.0518,-0.0779,0.0291,0.0,11810.0,3885.0
2026-09-21 10:44:21,2026-09-21T10:28:52,769.19,2026-09-21,P,773.0,3.96,3.97,1.0,86.0,3.92,0.1514,-0.9309,0.0518,-0.0779,0.0291,0.0,493.0,0.0
2026-09-21 10:44:21,2026-09-21T10:28:52,769.19,2026-09-21,C,774.0,0.05,0.06,3172.0,4014.0,0.05,0.142,0.0401,0.0314,-0.044,0.0193,0.0,5663.0,2988.0
2026-09-21 10:44:21,2026-09-21T10:28:52,769.19,2026-09-21,P,774.0,4.92,4.94,88.0,104.0,5.08,0.1699,-0.9599,0.0314,-0.044,0.0193,0.0,247.0,10.0
2026-09-21 10:44:21,2026-09-21T10:28:52,769.19,2026-09-21,C,775.0,0.03,0.04,3914.0,3975.0,0.03,0.1439,0.025,0.0199,-0.0275,0.0133,0.0,1992.0,2242.0
2026-09-21 10:44:21,2026-09-21T10:28:52,769.19,2026-09-21,P,775.0,5.91,5.92,74.0,1.0,5.91,0.188,-0.975,0.0199,-0.0275,0.0133,0.0,256.0,0.0
2026-09-21 10:44:21,2026-09-21T10:28:52,769.19,2026-09-21,C,776.0,0.02,0.03,6237.0,6276.0,0.02,0.1646,0.0173,0.0134,-0.0197,0.0098,0.0,1526.0,860.0
2026-09-21 10:44:21,2026-09-21T10:28:52,769.19,2026-09-21,P,776.0,6.88,6.94,91.0,59.0,6.9,0.2066,-0.9828,0.0133,-0.0196,0.0098,0.0,383.0,10.0
2026-09-21 10:44:21,2026-09-21T10:28:52,769.19,2026-09-21,C,777.0,0.01,0.02,4257.0,3817.0,0.02,0.172,0.0135,0.0099,-0.0162,0.0079,0.0,16437.0,2233.0
2026-09-21 10:44:21,2026-09-21T10:28:52,769.19,2026-09-21,P,777.0,7.89,7.91,68.0,123.0,7.95,0.2299,-0.9865,0.0099,-0.0162,0.0079,0.0,809.0,0.0
2026-09-21 10:44:21,2026-09-21T10:28:52,769.19,2026-09-21,C,778.0,0.0,0.01,0.0,47.0,0.01,0.1677,0.0114,0.0078,-0.0148,0.0068,0.0,1408.0,817.0
2026-09-21 10:44:21,2026-09-21T10:28:52,769.19,2026-09-21,P,778.0,8.87,8.93,24.0,60.0,8.96,0.248,-0.9886,0.0078,-0.0147,0.0068,0.0,6.0,0.0
2026-09-21 10:44:21,2026-09-21T10:28:52,769.19,2026-09-21,C,779.0,0.0,0.01,0.0,3097.0,0.02,0.1846,0.0102,0.0064,-0.0141,0.0061,0.0,193.0,835.0
2026-09-21 10:44:21,2026-09-21T10:28:52,769.19,2026-09-21,P,779.0,9.76,9.96,100.0,100.0,11.53,0.2408,-0.9899,0.0064,-0.0141,0.0061,0.0,2.0,0.0
2026-09-21 10:44:21,2026-09-21T10:28:52,769.19,2026-09-21,C,780.0,0.0,0.01,0.0,4640.0,0.01,0.2012,0.0092,0.0055,-0.0137,0.0056,0.0,150.0,2288.0
2026-09-21 10:44:21,2026-09-21T10:28:52,769.19,2026-09-21,P,780.0,10.76,10.96,100.0,100.0,13.14,0.2613,-0.9908,0.0054,-0.0137,0.0056,0.0,56.0,0.0
2026-09-21 10:44:21,2026-09-21T10:28:52,769.19,2026-09-21,C,781.0,0.0,0.01,0.0,7285.0,0.02,0.2177,0.0085,0.0047,-0.0135,0.0052,0.0,45.0,930.0
2026-09-21 10:44:21,2026-09-21T10:28:52,769.19,2026-09-21,P,781.0,11.76,11.96,100.0,100.0,13.3,0.2815,-0.9915,0.0047,-0.0135,0.0052,0.0,18.0,10.0
2026-09-21 10:44:21,2026-09-21T10:28:52,769.19,2026-09-21,C,782.0,0.0,0.01,0.0,5478.0,0.01,0.2341,0.0079,0.0041,-0.0133,0.0048,0.0,290.0,596.0
2026-09-21 10:44:21,2026-09-21T10:28:52,769.19,2026-09-21,P,782.0,12.76,12.96,100.0,100.0,14.33,0.3015,-0.9921,0.0041,-0.0133,0.0048,0.0,42.0,0.0
2026-09-21 10:44:21,2026-09-21T10:28:52,769.19,2026-09-21,C,783.0,0.0,0.01,0.0,5594.0,0.01,0.2503,0.0074,0.0036,-0.0131,0.0045,0.0,118.0,2107.0
2026-09-21 10:44:21,2026-09-21T10:28:52,769.19,2026-09-21,P,783.0,13.76,13.96,100.0,100.0,22.72,0.3212,-0.9926,0.0036,-0.0131,0.0045,0.0,0.0,0.0
2026-09-21 10:44:21,2026-09-21T10:28:52,769.19,2026-09-21,C,784.0,0.0,0.01,0.0,5698.0,0.01,0.2664,0.0069,0.0032,-0.013,0.0042,0.0,0.0,346.0
2026-09-21 10:44:21,2026-09-21T10:28:52,769.19,2026-09-21,P,784.0,14.76,14.96,100.0,100.0,23.92,0.3408,-0.9931,0.0032,-0.013,0.0042,0.0,0.0,0.0
2026-09-21 10:44:21,2026-09-21T10:28:52,769.19,2026-09-21,C,785.0,0.0,0.01,0.0,5802.0,0.01,0.2824,0.0065,0.0029,-0.0128,0.004,0.0,2.0,490.0
2026-09-21 10:44:21,2026-09-21T10:28:52,769.19,2026-09-21,P,785.0,15.76,15.96,100.0,100.0,17.28,0.3603,-0.9935,0.0029,-0.0128,0.004,0.0,11.0,0.0
2026-09-21 10:44:21,2026-09-21T10:28:52,769.19,2026-09-21,C,786.0,0.0,0.01,0.0,5817.0,0.01,0.2984,0.0062,0.0026,-0.0127,0.0038,0.0,9.0,1683.0
2026-09-21 10:44:21,2026-09-21T10:28:52,769.19,2026-09-21,P,786.0,16.76,16.96,100.0,100.0,18.12,0.3796,-0.9939,0.0026,-0.0127,0.0038,0.0,10.0,0.0
2026-09-21 10:44:21,2026-09-21T10:28:52,769.19,2026-09-21,C,787.0,0.0,0.01,0.0,5889.0,0.01,0.3142,0.0058,0.0024,-0.0126,0.0036,0.0,1.0,1400.0
2026-09-21 10:44:21,2026-09-21T10:28:52,769.19,2026-09-21,P,787.0,17.76,17.96,100.0,100.0,19.95,0.3987,-0.9942,0.0024,-0.0126,0.0036,0.0,37.0,0.0
2026-09-21 10:44:21,2026-09-21T10:28:52,769.19,2026-09-21,C,788.0,0.0,0.01,0.0,5449.0,0.01,0.3299,0.0055,0.0022,-0.0124,0.0034,0.0,2.0,1010.0
2026-09-21 10:44:21,2026-09-21T10:28:52,769.19,2026-09-21,P,788.0,18.75,18.96,68.0,68.0,26.31,0.4102,-0.9945,0.0022,-0.0124,0.0034,0.0,0.0,0.0
2026-09-21 10:44:21,2026-09-21T10:28:52,769.19,2026-09-21,C,789.0,0.0,0.01,0.0,5505.0,0.01,0.3455,0.0053,0.002,-0.0123,0.0033,0.0,2.0,6906.0
2026-09-21 10:44:21,2026-09-21T10:28:52,769.19,2026-09-21,P,789.0,19.73,19.96,68.0,68.0,27.76,0.4108,-0.9948,0.002,-0.0123,0.0033,0.0,0.0,0.0
2026-09-21 10:44:21,2026-09-21T10:28:52,769.19,2026-09-21,C,790.0,0.0,0.01,0.0,5553.0,0.01,0.361,0.005,0.0018,-0.0121,0.0031,0.0,5.0,6747.0
2026-09-21 10:44:21,2026-09-21T10:28:52,769.19,2026-09-21,P,790.0,20.73,20.96,67.0,68.0,28.71,0.4287,-0.995,0.0018,-0.0121,0.0031,0.0,0.0,0.0
2026-09-21 10:44:21,2026-09-21T10:28:52,769.19,2026-09-21,C,791.0,0.0,0.01,0.0,5597.0,0.02,0.3765,0.0048,0.0017,-0.012,0.003,0.0,0.0,221.0
2026-09-21 10:44:21,2026-09-21T10:28:52,769.19,2026-09-21,P,791.0,21.75,21.96,68.0,68.0,31.84,0.4656,-0.9952,0.0017,-0.012,0.003,0.0,0.0,0.0
2026-09-21 10:44:21,2026-09-21T10:28:52,769.19,2026-09-21,C,792.0,0.0,0.01,0.0,5638.0,0.01,0.3919,0.0046,0.0016,-0.0119,0.0029,0.0,0.0,485.0
2026-09-21 10:44:21,2026-09-21T10:28:52,769.19,2026-09-21,P,792.0,22.73,22.96,69.0,68.0,24.95,0.4641,-0.9954,0.0016,-0.0119,0.0028,0.0,1.0,0.0
2026-09-21 10:44:21,2026-09-21T10:28:52,769.19,2026-09-21,C,793.0,0.0,0.01,0.0,5670.0,0.01,0.4072,0.0044,0.0014,-0.0117,0.0027,0.0,0.0,26.0
2026-09-21 10:44:21,2026-09-21T10:28:52,769.19,2026-09-21,P,793.0,23.73,23.96,68.0,68.0,31.68,0.4817,-0.9956,0.0014,-0.0117,0.0027,0.0,0.0,0.0
2026-09-21 10:44:21,2026-09-21T10:28:52,769.19,2026-09-21,C,794.0,0.0,0.01,0.0,7706.0,0.01,0.4225,0.0042,0.0013,-0.0116,0.0026,0.0,0.0,530.0
2026-09-21 10:44:21,2026-09-21T10:28:52,769.19,2026-09-21,P,794.0,24.35,25.45,67.0,67.0,32.59,0.5821,-0.9958,0.0013,-0.0116,0.0026,0.0,0.0,0.0
2026-09-21 10:44:21,2026-09-21T10:28:52,769.19,2026-09-21,C,795.0,0.0,0.01,0.0,5734.0,0.02,0.4377,0.004,0.0012,-0.0115,0.0025,0.0,0.0,543.0
2026-09-21 10:44:21,2026-09-21T10:28:52,769.19,2026-09-21,P,795.0,25.32,26.43,68.0,68.0,33.86,0.538,-0.996,0.0012,-0.0115,0.0025,0.0,0.0,0.0
2026-09-21 10:44:21,2026-09-21T10:28:52,769.19,2026-09-21,C,796.0,0.0,0.01,0.0,5766.0,0.02,0.4528,0.0039,0.0012,-0.0114,0.0024,0.0,0.0,1.0
2026-09-21 10:44:21,2026-09-21T10:28:52,769.19,2026-09-21,P,796.0,26.32,27.45,68.0,67.0,34.39,0.5455,-0.9961,0.0012,-0.0113,0.0024,0.0,0.0,0.0
2026-09-21 10:44:21,2026-09-21T10:28:52,769.19,2026-09-21,C,797.0,0.0,0.01,0.0,5794.0,0.02,0.4679,0.0037,0.0011,-0.0112,0.0024,0.0,0.0,170.0
2026-09-21 10:44:21,2026-09-21T10:28:52,769.19,2026-09-21,P,797.0,27.32,28.45,67.0,67.0,36.67,0.563,-0.9963,0.0011,-0.0112,0.0024,0.0,0.0,0.0
2026-09-21 10:44:21,2026-09-21T10:28:52,769.19,2026-09-21,C,798.0,0.0,0.01,0.0,7826.0,0.02,0.4829,0.0036,0.001,-0.0111,0.0023,0.0,0.0,115.0
2026-09-21 10:44:21,2026-09-21T10:28:52,769.19,2026-09-21,P,798.0,28.35,29.45,67.0,67.0,39.06,0.6598,-0.9964,0.001,-0.0111,0.0023,0.0,0.0,0.0
2026-09-21 10:44:21,2026-09-21T10:28:52,769.19,2026-09-21,C,799.0,0.0,0.01,0.0,5854.0,0.01,0.4978,0.0035,0.001,-0.011,0.0022,0.0,0.0,23.0
2026-09-21 10:44:21,2026-09-21T10:28:52,769.19,2026-09-21,P,799.0,29.35,30.45,68.0,68.0,30.75,0.6789,-0.9965,0.001,-0.011,0.0022,0.0,1.0,0.0
2026-09-21 10:44:21,2026-09-21T10:28:52,769.19,2026-09-21,C,800.0,0.0,0.01,0.0,5855.0,0.01,0.5127,0.0034,0.0009,-0.0108,0.0021,0.0,2.0,935.0
2026-09-21 10:44:21,2026-09-21T10:28:52,769.19,2026-09-21,P,800.0,30.32,31.45,68.0,68.0,31.68,0.6151,-0.9966,0.0009,-0.0108,0.0021,0.0,1.0,1.0
2026-09-21 10:44:21,2026-09-21T10:28:52,769.19,2026-09-21,C,801.0,0.0,0.01,0.0,5855.0,0.01,0.5275,0.0032,0.0009,-0.0107,0.0021,0.0,0.0,242.0
2026-09-21 10:44:21,2026-09-21T10:28:52,769.19,2026-09-21,P,801.0,31.35,32.4,68.0,68.0,39.82,0.6815,-0.9968,0.0009,-0.0107,0.0021,0.0,0.0,0.0
2026-09-21 10:44:21,2026-09-21T10:28:52,769.19,2026-09-21,C,802.0,0.0,0.01,0.0,5855.0,0.01,0.5423,0.0031,0.0008,-0.0106,0.002,0.0,2.0,1043.0
2026-09-21 10:44:21,2026-09-21T10:28:52,769.19,2026-09-21,P,802.0,32.26,33.93,69.0,68.0,42.57,0.9104,-0.9969,0.0008,-0.0106,0.002,0.0,0.0,0.0
2026-09-21 10:44:21,2026-09-21T10:28:52,769.19,2026-09-21,C,803.0,0.0,0.01,0.0,5855.0,0.01,0.557,0.003,0.0008,-0.0105,0.0019,0.0,0.0,958.0
2026-09-21 10:44:21,2026-09-21T10:28:52,769.19,2026-09-21,P,803.0,33.32,34.5,68.0,68.0,43.44,0.7479,-0.997,0.0008,-0.0105,0.0019,0.0,0.0,0.0
2026-09-21 10:44:21,2026-09-21T10:28:52,769.19,2026-09-21,C,804.0,0.0,0.01,0.0,5855.0,0.02,0.5717,0.0029,0.0007,-0.0104,0.0019,0.0,0.0,65.0
2026-09-21 10:44:21,2026-09-21T10:28:52,769.19,2026-09-21,P,804.0,34.27,36.08,67.0,67.0,42.69,0.9848,-0.9971,0.0007,-0.0104,0.0019,0.0,0.0,0.0
2026-09-21 10:44:21,2026-09-21T10:28:52,769.19,2026-09-21,C,805.0,0.0,0.01,0.0,5855.0,0.01,0.5863,0.0028,0.0007,-0.0103,0.0018,0.0,0.0,41.0
2026-09-21 10:44:21,2026-09-21T10:28:52,769.19,2026-09-21,P,805.0,35.34,36.42,67.0,67.0,43.96,0.7621,-0.9972,0.0007,-0.0102,0.0018,0.0,0.0,0.0
2026-09-21 10:44:21,2026-09-21T10:28:52,769.19,2026-09-21,C,806.0,0.0,0.01,0.0,5855.0,0.01,0.6009,0.0028,0.0007,-0.0101,0.0018,0.0,0.0,483.0
2026-09-21 10:44:21,2026-09-21T10:28:52,769.19,2026-09-21,P,806.0,36.34,37.43,67.0,67.0,46.72,0.7883,-0.9972,0.0007,-0.0101,0.0018,0.0,0.0,0.0
2026-09-21 10:44:21,2026-09-21T10:28:52,769.19,2026-09-21,C,807.0,0.0,0.01,0.0,5855.0,0.01,0.6154,0.0027,0.0006,-0.01,0.0017,0.0,0.0,395.0
2026-09-21 10:44:21,2026-09-21T10:28:52,769.19,2026-09-21,P,807.0,37.35,38.42,67.0,67.0,47.38,0.8064,-0.9973,0.0006,-0.01,0.0017,0.0,0.0,0.0
2026-09-21 10:49:21,2026-09-21T10:33:52,769.21,2026-09-21,C,731.0,38.12,38.31,58.0,71.0,38.15,0.7975,0.997,0.0006,-0.0126,0.0019,0.0,124.0,19.0
2026-09-21 10:49:21,2026-09-21T10:33:52,769.21,2026-09-21,P,731.0,0.0,0.01,0.0,7812.0,0.01,0.6572,-0.003,0.0006,-0.0126,0.0019,0.0,10.0,7564.0
2026-09-21 10:49:21,2026-09-21T10:33:52,769.21,2026-09-21,C,732.0,37.12,37.29,59.0,71.0,36.99,0.7494,0.9969,0.0007,-0.0126,0.0019,0.0,489.0,32.0
2026-09-21 10:49:21,2026-09-21T10:33:52,769.21,2026-09-21,P,732.0,0.0,0.01,0.0,7776.0,0.01,0.641,-0.0031,0.0007,-0.0126,0.0019,0.0,6.0,881.0
2026-09-21 10:49:21,2026-09-21T10:33:52,769.21,2026-09-21,C,733.0,36.12,36.29,60.0,72.0,36.16,0.7309,0.9968,0.0007,-0.0127,0.002,0.0,172.0,63.0
2026-09-21 10:49:21,2026-09-21T10:33:52,769.21,2026-09-21,P,733.0,0.0,0.01,0.0,7743.0,0.01,0.6248,-0.0032,0.0007,-0.0127,0.002,0.0,4.0,2919.0
2026-09-21 10:49:21,2026-09-21T10:33:52,769.21,2026-09-21,C,734.0,35.12,35.29,59.0,71.0,35.11,0.7124,0.9967,0.0007,-0.0127,0.002,0.0,319.0,56.0
2026-09-21 10:49:21,2026-09-21T10:33:52,769.21,2026-09-21,P,734.0,0.0,0.01,0.0,7707.0,0.05,0.6086,-0.0033,0.0007,-0.0127,0.002,0.0,0.0,773.0
2026-09-21 10:49:21,2026-09-21T10:33:52,769.21,2026-09-21,C,735.0,34.12,34.29,102.0,71.0,34.07,0.6939,0.9966,0.0008,-0.0128,0.0021,0.0,626.0,24.0
2026-09-21 10:49:21,2026-09-21T10:33:52,769.21,2026-09-21,P,735.0,0.0,0.01,0.0,7668.0,0.01,0.5924,-0.0034,0.0008,-0.0128,0.0021,0.0,12.0,1578.0
2026-09-21 10:49:21,2026-09-21T10:33:52,769.21,2026-09-21,C,736.0,33.05,33.29,70.0,71.0,33.05,0.0,0.9965,0.0008,-0.0129,0.0022,0.0,122.0,16.0
2026-09-21 10:49:21,2026-09-21T10:33:52,769.21,2026-09-21,P,736.0,0.0,0.01,0.0,7628.0,0.01,0.5761,-0.0035,0.0008,-0.0129,0.0022,0.0,6.0,2021.0
2026-09-21 10:49:21,2026-09-21T10:33:52,769.21,2026-09-21,C,737.0,32.12,32.18,64.0,1.0,32.22,0.0,0.9964,0.0009,-0.0129,0.0022,0.0,222.0,17.0
2026-09-21 10:49:21,2026-09-21T10:33:52,769.21,2026-09-21,P,737.0,0.0,0.01,0.0,7587.0,0.01,0.5599,-0.0036,0.0009,-0.0129,0.0022,0.0,6.0,1437.0
2026-09-21 10:49:21,2026-09-21T10:33:52,769.21,2026-09-21,C,738.0,31.12,31.18,101.0,1.0,31.24,0.0,0.9963,0.0009,-0.013,0.0023,0.0,220.0,22.0
2026-09-21 10:49:21,2026-09-21T10:33:52,769.21,2026-09-21,P,738.0,0.0,0.01,0.0,7544.0,0.02,0.5436,-0.0037,0.0009,-0.013,0.0023,0.0,10.0,1180.0
2026-09-21 10:49:21,2026-09-21T10:33:52,769.21,2026-09-21,C,739.0,30.12,30.18,108.0,20.0,30.2,0.0,0.9962,0.001,-0.013,0.0024,0.0,267.0,30.0
2026-09-21 10:49:21,2026-09-21T10:33:52,769.21,2026-09-21,P,739.0,0.0,0.01,0.0,7560.0,0.01,0.5274,-0.0038,0.001,-0.013,0.0024,0.0,57.0,1347.0
2026-09-21 10:49:21,2026-09-21T10:33:52,769.21,2026-09-21,C,740.0,29.17,29.18,93.0,12.0,29.21,0.0,0.9961,0.001,-0.0131,0.0024,0.0,1526.0,42.0
2026-09-21 10:49:21,2026-09-21T10:33:52,769.21,2026-09-21,P,740.0,0.0,0.01,0.0,7327.0,0.01,0.5111,-0.0039,0.001,-0.0131,0.0024,0.0,3671.0,5789.0
2026-09-21 10:49:21,2026-09-21T10:33:52,769.21,2026-09-21,C,741.0,28.17,28.18,75.0,20.0,28.24,0.0,0.996,0.0011,-0.0132,0.0025,0.0,289.0,38.0
2026-09-21 10:49:21,2026-09-21T10:33:52,769.21,2026-09-21,P,741.0,0.0,0.01,0.0,7079.0,0.01,0.4948,-0.004,0.0011,-0.0132,0.0025,0.0,187.0,2863.0
2026-09-21 10:49:21,2026-09-21T10:33:52,769.21,2026-09-21,C,742.0,27.17,27.18,1.0,96.0,27.15,0.0,0.9958,0.0012,-0.0132,0.0026,0.0,725.0,11.0
2026-09-21 10:49:21,2026-09-21T10:33:52,769.21,2026-09-21,P,742.0,0.0,0.01,0.0,6816.0,0.01,0.4784,-0.0042,0.0012,-0.0132,0.0026,0.0,848.0,1915.0
2026-09-21 10:49:21,2026-09-21T10:33:52,769.21,2026-09-21,C,743.0,26.13,26.19,101.0,11.0,26.21,0.0,0.9957,0.0012,-0.0133,0.0027,0.0,165.0,71.0
2026-09-21 10:49:21,2026-09-21T10:33:52,769.21,2026-09-21,P,743.0,0.0,0.01,0.0,6506.0,0.01,0.4621,-0.0043,0.0012,-0.0133,0.0027,0.0,1098.0,2810.0
2026-09-21 10:49:21,2026-09-21T10:33:52,769.21,2026-09-21,C,744.0,25.17,25.19,49.0,59.0,25.16,0.0,0.9955,0.0013,-0.0134,0.0028,0.0,436.0,47.0
2026-09-21 10:49:21,2026-09-21T10:33:52,769.21,2026-09-21,P,744.0,0.0,0.01,0.0,4264.0,0.01,0.4457,-0.0045,0.0013,-0.0134,0.0028,0.0,3532.0,1802.0
2026-09-21 10:49:21,2026-09-21T10:33:52,769.21,2026-09-21,C,745.0,24.13,24.19,103.0,64.0,24.24,0.0,0.9953,0.0014,-0.0134,0.0029,0.0,192.0,84.0
2026-09-21 10:49:21,2026-09-21T10:33:52,769.21,2026-09-21,P,745.0,0.01,0.02,6750.0,7245.0,0.02,0.4789,-0.0047,0.0014,-0.0134,0.0029,0.0,9828.0,18475.0
2026-09-21 10:49:21,2026-09-21T10:33:52,769.21,2026-09-21,C,746.0,23.13,23.19,117.0,76.0,23.17,0.0,0.9952,0.0015,-0.0135,0.003,0.0,413.0,65.0
2026-09-21 10:49:21,2026-09-21T10:33:52,769.21,2026-09-21,P,746.0,0.01,0.02,7195.0,7188.0,0.01,0.4609,-0.0048,0.0015,-0.0135,0.003,0.0,1381.0,1979.0
2026-09-21 10:49:21,2026-09-21T10:33:52,769.21,2026-09-21,C,747.0,22.13,22.19,169.0,82.0,22.23,0.0,0.995,0.0017,-0.0136,0.0031,0.0,376.0,18.0
2026-09-21 10:49:21,2026-09-21T10:33:52,769.21,2026-09-21,P,747.0,0.01,0.02,7135.0,7123.0,0.01,0.4428,-0.005,0.0017,-0.0136,0.0031,0.0,3322.0,2684.0
2026-09-21 10:49:21,2026-09-21T10:33:52,769.21,2026-09-21,C,748.0,21.13,21.19,73.0,13.0,21.22,0.0,0.9947,0.0018,-0.0136,0.0032,0.0,283.0,61.0
2026-09-21 10:49:21,2026-09-21T10:33:52,769.21,2026-09-21,P,748.0,0.01,0.02,7107.0,7095.0,0.01,0.4247,-0.0053,0.0018,-0.0136,0.0032,0.0,2971.0,4869.0
2026-09-21 10:49:21,2026-09-21T10:33:52,769.21,2026-09-21,C,749.0,20.13,20.19,123.0,11.0,20.21,0.0,0.9945,0.002,-0.0137,0.0034,0.0,649.0,83.0
2026-09-21 10:49:21,2026-09-21T10:33:52,769.21,2026-09-21,P,749.0,0.01,0.02,7046.0,7034.0,0.02,0.4066,-0.0055,0.002,-0.0137,0.0034,0.0,2127.0,5143.0
2026-09-21 10:49:21,2026-09-21T10:33:52,769.21,2026-09-21,C,750.0,19.18,19.19,1.0,115.0,19.21,0.0,0.9942,0.0021,-0.0138,0.0035,0.0,1542.0,477.0
2026-09-21 10:49:21,2026-09-21T10:33:52,769.21,2026-09-21,P,750.0,0.01,0.02,6986.0,6977.0,0.01,0.3884,-0.0058,0.0021,-0.0138,0.0035,0.0,11512.0,16881.0
2026-09-21 10:49:21,2026-09-21T10:33:52,769.21,2026-09-21,C,751.0,18.13,18.19,65.0,1.0,18.09,0.0,0.994,0.0023,-0.0139,0.0037,0.0,151.0,334.0
2026-09-21 10:49:21,2026-09-21T10:33:52,769.21,2026-09-21,P,751.0,0.01,0.02,6929.0,6765.0,0.01,0.3702,-0.006,0.0023,-0.0139,0.0037,0.0,1795.0,2776.0
2026-09-21 10:49:21,2026-09-21T10:33:52,769.21,2026-09-21,C,752.0,17.13,17.19,200.0,1.0,17.01,0.0,0.9936,0.0026,-0.014,0.0038,0.0,67.0,298.0
2026-09-21 10:49:21,2026-09-21T10:33:52,769.21,2026-09-21,P,752.0,0.01,0.02,6869.0,6342.0,0.01,0.3518,-0.0064,0.0026,-0.014,0.0038,0.0,1417.0,3260.0
2026-09-21 10:49:21,2026-09-21T10:33:52,769.21,2026-09-21,C,753.0,16.14,16.2,58.0,11.0,15.99,0.0,0.9933,0.0028,-0.0141,0.004,0.0,55.0,321.0
2026-09-21 10:49:21,2026-09-21T10:33:52,769.21,2026-09-21,P,753.0,0.01,0.02,6809.0,3983.0,0.02,0.3334,-0.0067,0.0028,-0.0141,0.004,0.0,2708.0,2802.0
2026-09-21 10:49:21,2026-09-21T10:33:52,769.21,2026-09-21,C,754.0,15.14,15.2,58.0,19.0,15.15,0.0,0.9929,0.0032,-0.0142,0.0043,0.0,234.0,569.0
2026-09-21 10:49:21,2026-09-21T10:33:52,769.21,2026-09-21,P,754.0,0.02,0.03,6214.0,6748.0,0.02,0.3354,-0.0071,0.0032,-0.0142,0.0043,0.0,4899.0,2348.0
2026-09-21 10:49:21,2026-09-21T10:33:52,769.21,2026-09-21,C,755.0,14.18,14.2,48.0,88.0,14.18,0.0,0.9924,0.0036,-0.0144,0.0046,0.0,1552.0,1471.0
2026-09-21 10:49:21,2026-09-21T10:33:52,769.21,2026-09-21,P,755.0,0.02,0.03,6675.0,6682.0,0.02,0.3159,-0.0076,0.0036,-0.0144,0.0046,0.0,5243.0,21487.0
2026-09-21 10:49:21,2026-09-21T10:33:52,769.21,2026-09-21,C,756.0,13.14,13.2,61.0,24.0,13.08,0.0,0.9918,0.004,-0.0148,0.0049,0.0,453.0,768.0
2026-09-21 10:49:21,2026-09-21T10:33:52,769.21,2026-09-21,P,756.0,0.02,0.03,6456.0,6457.0,0.02,0.2963,-0.0082,0.004,-0.0148,0.0049,0.0,2500.0,4124.0
2026-09-21 10:49:21,2026-09-21T10:33:52,769.21,2026-09-21,C,757.0,12.19,12.2,37.0,11.0,12.04,0.0,0.991,0.0047,-0.0153,0.0053,0.0,3795.0,3398.0
2026-09-21 10:49:21,2026-09-21T10:33:52,769.21,2026-09-21,P,757.0,0.02,0.03,6227.0,6195.0,0.02,0.2765,-0.009,0.0047,-0.0153,0.0053,0.0,3471.0,6135.0
2026-09-21 10:49:21,2026-09-21T10:33:52,769.21,2026-09-21,C,758.0,11.15,11.2,117.0,1.0,11.16,0.0,0.99,0.0055,-0.0161,0.0059,0.0,445.0,1431.0
2026-09-21 10:49:21,2026-09-21T10:33:52,769.21,2026-09-21,P,758.0,0.02,0.03,6148.0,5360.0,0.03,0.2566,-0.01,0.0055,-0.0161,0.0059,0.0,8768.0,6814.0
2026-09-21 10:49:21,2026-09-21T10:33:52,769.21,2026-09-21,C,759.0,10.15,10.21,145.0,15.0,10.18,0.0,0.9886,0.0066,-0.0174,0.0066,0.0,782.0,3109.0
2026-09-21 10:49:21,2026-09-21T10:33:52,769.21,2026-09-21,P,759.0,0.02,0.03,6243.0,2599.0,0.02,0.2366,-0.0114,0.0066,-0.0174,0.0066,0.0,10486.0,9099.0
2026-09-21 10:49:21,2026-09-21T10:33:52,769.21,2026-09-21,C,760.0,9.2,9.21,36.0,46.0,9.19,0.0,0.9864,0.0083,-0.0196,0.0077,0.0,2041.0,6853.0
2026-09-21 10:49:21,2026-09-21T10:33:52,769.21,2026-09-21,P,760.0,0.03,0.04,6098.0,6096.0,0.03,0.2273,-0.0136,0.0083,-0.0196,0.0077,0.0,15184.0,15275.0
2026-09-21 10:49:21,2026-09-21T10:33:52,769.21,2026-09-21,C,761.0,8.17,8.21,127.0,20.0,8.26,0.0,0.9831,0.0108,-0.0233,0.0094,0.0,2462.0,5926.0
2026-09-21 10:49:21,2026-09-21T10:33:52,769.21,2026-09-21,P,761.0,0.03,0.04,5802.0,4484.0,0.04,0.2061,-0.0169,0.0108,-0.0233,0.0094,0.0,16291.0,9645.0
2026-09-21 10:49:21,2026-09-21T10:33:52,769.21,2026-09-21,C,762.0,7.21,7.22,37.0,47.0,7.28,0.0,0.9777,0.0148,-0.0296,0.0118,0.0,9731.0,8574.0
2026-09-21 10:49:21,2026-09-21T10:33:52,769.21,2026-09-21,P,762.0,0.04,0.05,5419.0,5129.0,0.04,0.1924,-0.0223,0.0148,-0.0296,0.0118,0.0,27367.0,6835.0
2026-09-21 10:49:21,2026-09-21T10:33:52,769.21,2026-09-21,C,763.0,6.22,6.23,36.0,85.0,6.19,0.0,0.969,0.021,-0.0399,0.0154,0.0,8114.0,8346.0
2026-09-21 10:49:21,2026-09-21T10:33:52,769.21,2026-09-21,P,763.0,0.05,0.06,4924.0,4769.0,0.05,0.1761,-0.031,0.021,-0.0399,0.0154,0.0,35978.0,6849.0
2026-09-21 10:49:21,2026-09-21T10:33:52,769.21,2026-09-21,C,764.0,5.23,5.24,87.0,1.0,5.24,0.1228,0.9548,0.031,-0.0568,0.0208,0.0,12168.0,6049.0
2026-09-21 10:49:21,2026-09-21T10:33:52,769.21,2026-09-21,P,764.0,0.07,0.08,1758.0,4243.0,0.07,0.1623,-0.0452,0.031,-0.0568,0.0208,0.0,58539.0,1764.0
2026-09-21 10:49:21,2026-09-21T10:33:52,769.21,2026-09-21,C,765.0,4.26,4.27,37.0,86.0,4.26,0.1206,0.9319,0.0467,-0.0843,0.0284,0.0,20408.0,10594.0
2026-09-21 10:49:21,2026-09-21T10:33:52,769.21,2026-09-21,P,765.0,0.1,0.11,672.0,3817.0,0.1,0.1482,-0.0681,0.0467,-0.0843,0.0284,0.0,86033.0,1927.0
2026-09-21 10:49:21,2026-09-21T10:33:52,769.21,2026-09-21,C,766.0,3.3,3.31,229.0,94.0,3.29,0.1144,0.8935,0.0717,-0.1309,0.039,0.0,60491.0,5357.0
2026-09-21 10:49:21,2026-09-21T10:33:52,769.21,2026-09-21,P,766.0,0.14,0.15,1383.0,1888.0,0.14,0.1318,-0.1065,0.0717,-0.1309,0.039,0.0,133082.0,558.0
2026-09-21 10:49:21,2026-09-21T10:33:52,769.21,2026-09-21,C,767.0,2.39,2.4,239.0,200.0,2.39,0.1098,0.8255,0.1102,-0.2196,0.0534,0.0,177037.0,4728.0
2026-09-21 10:49:21,2026-09-21T10:33:52,769.21,2026-09-21,P,767.0,0.23,0.24,1090.0,1183.0,0.24,0.1196,-0.1745,0.1102,-0.2196,0.0534,0.0,166199.0,636.0
2026-09-21 10:49:21,2026-09-21T10:33:52,769.21,2026-09-21,C,768.0,1.58,1.59,146.0,376.0,1.59,0.1047,0.7068,0.1581,-0.4026,0.0698,0.0,250667.0,7227.0
2026-09-21 10:49:21,2026-09-21T10:33:52,769.21,2026-09-21,P,768.0,0.42,0.43,908.0,818.0,0.43,0.112,-0.2932,0.1581,-0.4026,0.0698,0.0,92578.0,334.0
2026-09-21 10:49:21,2026-09-21T10:33:52,769.21,2026-09-21,C,769.0,0.93,0.94,714.0,713.0,0.93,0.1016,0.5345,0.1884,-0.7552,0.0796,0.0,196224.0,5303.0
2026-09-21 10:49:21,2026-09-21T10:33:52,769.21,2026-09-21,P,769.0,0.77,0.78,671.0,772.0,0.77,0.1091,-0.4655,0.1884,-0.7552,0.0796,0.0,51533.0,318.0
2026-09-21 10:49:21,2026-09-21T10:33:52,769.21,2026-09-21,C,770.0,0.48,0.49,824.0,715.0,0.49,0.1027,0.3513,0.1734,-0.5059,0.0748,0.0,244997.0,29669.0
2026-09-21 10:49:21,2026-09-21T10:33:52,769.21,2026-09-21,P,770.0,1.32,1.33,265.0,273.0,1.33,0.1107,-0.6487,0.1734,-0.5059,0.0748,0.0,20277.0,828.0
2026-09-21 10:49:21,2026-09-21T10:33:52,769.21,2026-09-21,C,771.0,0.23,0.24,2379.0,114.0,0.23,0.1067,0.2112,0.1278,-0.2706,0.0595,0.0,87385.0,4731.0
2026-09-21 10:49:21,2026-09-21T10:33:52,769.21,2026-09-21,P,771.0,2.07,2.08,144.0,222.0,2.08,0.1172,-0.7888,0.1278,-0.2706,0.0595,0.0,6086.0,69.0
2026-09-21 10:49:21,2026-09-21T10:33:52,769.21,2026-09-21,C,772.0,0.12,0.13,1971.0,1834.0,0.13,0.1154,0.1272,0.0845,-0.1562,0.0439,0.0,49478.0,3586.0
2026-09-21 10:49:21,2026-09-21T10:33:52,769.21,2026-09-21,P,772.0,2.95,2.96,175.0,94.0,2.98,0.1277,-0.8728,0.0845,-0.1562,0.0439,0.0,3531.0,119.0
2026-09-21 10:49:21,2026-09-21T10:33:52,769.21,2026-09-21,C,773.0,0.07,0.08,2214.0,3317.0,0.08,0.1272,0.0804,0.055,-0.0985,0.032,0.0,16666.0,3885.0
2026-09-21 10:49:21,2026-09-21T10:33:52,769.21,2026-09-21,P,773.0,3.9,3.91,20.0,75.0,3.84,0.1439,-0.9196,0.055,-0.0985,0.032,0.0,666.0,0.0
2026-09-21 10:49:21,2026-09-21T10:33:52,769.21,2026-09-21,C,774.0,0.04,0.05,5112.0,4018.0,0.05,0.1376,0.0526,0.0363,-0.0652,0.0234,0.0,7662.0,2988.0
2026-09-21 10:49:21,2026-09-21T10:33:52,769.21,2026-09-21,P,774.0,4.87,4.89,92.0,86.0,4.89,0.1624,-0.9474,0.0363,-0.0652,0.0234,0.0,280.0,10.0
2026-09-21 10:49:21,2026-09-21T10:33:52,769.21,2026-09-21,C,775.0,0.03,0.04,5010.0,5905.0,0.04,0.1536,0.0352,0.0243,-0.0442,0.0171,0.0,2236.0,2242.0
2026-09-21 10:49:21,2026-09-21T10:33:52,769.21,2026-09-21,P,775.0,5.86,5.87,1.0,80.0,6.02,0.1814,-0.9648,0.0243,-0.0442,0.0171,0.0,260.0,0.0
2026-09-21 10:49:21,2026-09-21T10:33:52,769.21,2026-09-21,C,776.0,0.02,0.03,6274.0,6477.0,0.02,0.1662,0.0242,0.0165,-0.0308,0.0126,0.0,1695.0,860.0
2026-09-21 10:49:21,2026-09-21T10:33:52,769.21,2026-09-21,P,776.0,6.85,6.91,84.0,65.0,7.17,0.1923,-0.9758,0.0165,-0.0308,0.0126,0.0,411.0,10.0
2026-09-21 10:49:21,2026-09-21T10:33:52,769.21,2026-09-21,C,777.0,0.01,0.02,6467.0,6154.0,0.01,0.1737,0.0171,0.0116,-0.0222,0.0095,0.0,16989.0,2233.0
2026-09-21 10:49:21,2026-09-21T10:33:52,769.21,2026-09-21,P,777.0,7.84,7.86,59.0,81.0,7.87,0.224,-0.9829,0.0116,-0.0222,0.0095,0.0,948.0,0.0
2026-09-21 10:49:21,2026-09-21T10:33:52,769.21,2026-09-21,C,778.0,0.0,0.01,0.0,47.0,0.01,0.1693,0.0126,0.0084,-0.0169,0.0074,0.0,1526.0,817.0
2026-09-21 10:49:21,2026-09-21T10:33:52,769.21,2026-09-21,P,778.0,8.84,8.9,1.0,63.0,8.96,0.23,-0.9874,0.0084,-0.0169,0.0074,0.0,6.0,0.0
2026-09-21 10:49:21,2026-09-21T10:33:52,769.21,2026-09-21,C,779.0,0.0,0.01,0.0,5550.0,0.02,0.1862,0.0098,0.0063,-0.0135,0.0059,0.0,193.0,835.0
2026-09-21 10:49:21,2026-09-21T10:33:52,769.21,2026-09-21,P,779.0,9.73,9.9,200.0,154.0,9.8,0.0,-0.9902,0.0063,-0.0135,0.0059,0.0,10.0,0.0
2026-09-21 10:49:21,2026-09-21T10:33:52,769.21,2026-09-21,C,780.0,0.0,0.01,0.0,6760.0,0.01,0.203,0.008,0.0049,-0.0114,0.0049,0.0,170.0,2288.0
2026-09-21 10:49:21,2026-09-21T10:33:52,769.21,2026-09-21,P,780.0,10.73,10.89,200.0,125.0,11.12,0.0,-0.992,0.0049,-0.0114,0.0049,0.0,62.0,0.0
2026-09-21 10:49:21,2026-09-21T10:33:52,769.21,2026-09-21,C,781.0,0.0,0.01,0.0,7438.0,0.02,0.2196,0.0068,0.004,-0.0101,0.0042,0.0,45.0,930.0
2026-09-21 10:49:21,2026-09-21T10:33:52,769.21,2026-09-21,P,781.0,11.72,11.89,125.0,125.0,13.3,0.0,-0.9932,0.004,-0.0101,0.0042,0.0,18.0,10.0
2026-09-21 10:49:21,2026-09-21T10:33:52,769.21,2026-09-21,C,782.0,0.0,0.01,0.0,7639.0,0.01,0.2361,0.0059,0.0033,-0.0093,0.0038,0.0,292.0,596.0
2026-09-21 10:49:21,2026-09-21T10:33:52,769.21,2026-09-21,P,782.0,12.72,12.89,136.0,61.0,14.33,0.0,-0.9941,0.0033,-0.0093,0.0038,0.0,42.0,0.0
2026-09-21 10:49:21,2026-09-21T10:33:52,769.21,2026-09-21,C,783.0,0.0,0.01,0.0,7759.0,0.01,0.2524,0.0054,0.0029,-0.0088,0.0034,0.0,146.0,2107.0
2026-09-21 10:49:21,2026-09-21T10:33:52,769.21,2026-09-21,P,783.0,13.72,13.89,125.0,61.0,14.12,0.0,-0.9946,0.0029,-0.0088,0.0034,0.0,2.0,0.0
2026-09-21 10:49:21,2026-09-21T10:33:52,769.21,2026-09-21,C,784.0,0.0,0.01,0.0,7870.0,0.01,0.2687,0.0049,0.0025,-0.0085,0.0031,0.0,0.0,346.0
2026-09-21 10:49:21,2026-09-21T10:33:52,769.21,2026-09-21,P,784.0,14.72,14.89,194.0,62.0,23.92,0.0,-0.9951,0.0025,-0.0085,0.0031,0.0,0.0,0.0
2026-09-21 10:49:21,2026-09-21T10:33:52,769.21,2026-09-21,C,785.0,0.0,0.01,0.0,7966.0,0.01,0.2848,0.0046,0.0022,-0.0082,0.0029,0.0,2.0,490.0
2026-09-21 10:49:21,2026-09-21T10:33:52,769.21,2026-09-21,P,785.0,15.72,15.89,125.0,66.0,16.12,0.0,-0.9954,0.0022,-0.0082,0.0029,0.0,14.0,0.0
2026-09-21 10:49:21,2026-09-21T10:33:52,769.21,2026-09-21,C,786.0,0.0,0.01,0.0,7990.0,0.01,0.3008,0.0043,0.002,-0.0081,0.0028,0.0,9.0,1683.0
2026-09-21 10:49:21,2026-09-21T10:33:52,769.21,2026-09-21,P,786.0,16.72,16.89,125.0,65.0,17.09,0.0,-0.9957,0.002,-0.0081,0.0028,0.0,13.0,0.0
2026-09-21 10:49:21,2026-09-21T10:33:52,769.21,2026-09-21,C,787.0,0.0,0.01,0.0,8066.0,0.01,0.3167,0.004,0.0018,-0.008,0.0026,0.0,1.0,1400.0
2026-09-21 10:49:21,2026-09-21T10:33:52,769.21,2026-09-21,P,787.0,17.72,17.89,125.0,66.0,18.06,0.0,-0.996,0.0018,-0.008,0.0026,0.0,45.0,0.0
2026-09-21 10:49:21,2026-09-21T10:33:52,769.21,2026-09-21,C,788.0,0.0,0.01,0.0,7633.0,0.01,0.3325,0.0038,0.0016,-0.0079,0.0025,0.0,2.0,1010.0
2026-09-21 10:49:21,2026-09-21T10:33:52,769.21,2026-09-21,P,788.0,18.72,18.89,139.0,115.0,19.18,0.0,-0.9962,0.0016,-0.0079,0.0025,0.0,20.0,0.0
2026-09-21 10:49:21,2026-09-21T10:33:52,769.21,2026-09-21,C,789.0,0.0,0.01,0.0,7693.0,0.01,0.3483,0.0037,0.0015,-0.0078,0.0024,0.0,2.0,6906.0
2026-09-21 10:49:21,2026-09-21T10:33:52,769.21,2026-09-21,P,789.0,19.72,19.89,74.0,52.0,20.16,0.0,-0.9963,0.0015,-0.0078,0.0024,0.0,82.0,0.0
2026-09-21 10:49:21,2026-09-21T10:33:52,769.21,2026-09-21,C,790.0,0.0,0.01,0.0,7749.0,0.01,0.3639,0.0035,0.0014,-0.0078,0.0023,0.0,5.0,6747.0
2026-09-21 10:49:21,2026-09-21T10:33:52,769.21,2026-09-21,P,790.0,20.72,20.89,85.0,52.0,21.08,0.0,-0.9965,0.0014,-0.0078,0.0023,0.0,10.0,0.0
2026-09-21 10:49:21,2026-09-21T10:33:52,769.21,2026-09-21,C,791.0,0.0,0.01,0.0,7798.0,0.02,0.3795,0.0034,0.0013,-0.0078,0.0022,0.0,0.0,221.0
2026-09-21 10:49:21,2026-09-21T10:33:52,769.21,2026-09-21,P,791.0,21.72,21.89,138.0,54.0,22.16,0.0,-0.9966,0.0013,-0.0078,0.0022,0.0,4.0,0.0
2026-09-21 10:49:21,2026-09-21T10:33:52,769.21,2026-09-21,C,792.0,0.0,0.01,0.0,7842.0,0.01,0.395,0.0032,0.0012,-0.0077,0.0021,0.0,0.0,485.0
2026-09-21 10:49:21,2026-09-21T10:33:52,769.21,2026-09-21,P,792.0,22.72,22.89,71.0,53.0,23.06,0.0,-0.9968,0.0012,-0.0077,0.0021,0.0,15.0,0.0
2026-09-21 10:49:21,2026-09-21T10:33:52,769.21,2026-09-21,C,793.0,0.0,0.01,0.0,7856.0,0.01,0.4104,0.0031,0.0011,-0.0077,0.002,0.0,0.0,26.0
2026-09-21 10:49:21,2026-09-21T10:33:52,769.21,2026-09-21,P,793.0,23.72,23.89,71.0,66.0,23.86,0.0,-0.9969,0.0011,-0.0077,0.002,0.0,18.0,0.0
2026-09-21 10:49:21,2026-09-21T10:33:52,769.21,2026-09-21,C,794.0,0.0,0.01,0.0,7856.0,0.01,0.4258,0.003,0.001,-0.0076,0.0019,0.0,0.0,530.0
2026-09-21 10:49:21,2026-09-21T10:33:52,769.21,2026-09-21,P,794.0,24.32,25.39,235.0,133.0,25.18,0.524,-0.997,0.001,-0.0076,0.0019,0.0,4.0,0.0
2026-09-21 10:49:21,2026-09-21T10:33:52,769.21,2026-09-21,C,795.0,0.0,0.01,0.0,7856.0,0.02,0.4411,0.0029,0.001,-0.0076,0.0019,0.0,0.0,543.0
2026-09-21 10:49:21,2026-09-21T10:33:52,769.21,2026-09-21,P,795.0,25.3,26.39,114.0,112.0,26.1,0.5205,-0.9971,0.001,-0.0076,0.0019,0.0,2.0,0.0
2026-09-21 10:49:21,2026-09-21T10:33:52,769.21,2026-09-21,C,796.0,0.0,0.01,0.0,7856.0,0.02,0.4563,0.0028,0.0009,-0.0076,0.0018,0.0,0.0,1.0
2026-09-21 10:49:21,2026-09-21T10:33:52,769.21,2026-09-21,P,796.0,26.32,27.39,247.0,140.0,27.09,0.5601,-0.9972,0.0009,-0.0076,0.0018,0.0,2.0,0.0
2026-09-21 10:49:21,2026-09-21T10:33:52,769.21,2026-09-21,C,797.0,0.0,0.01,0.0,7855.0,0.02,0.4715,0.0027,0.0008,-0.0076,0.0018,0.0,0.0,170.0
2026-09-21 10:49:21,2026-09-21T10:33:52,769.21,2026-09-21,P,797.0,27.42,28.37,136.0,133.0,28.12,0.6392,-0.9973,0.0008,-0.0076,0.0018,0.0,2.0,0.0
2026-09-21 10:49:21,2026-09-21T10:33:52,769.21,2026-09-21,C,798.0,0.0,0.01,0.0,7856.0,0.02,0.4866,0.0026,0.0008,-0.0075,0.0017,0.0,0.0,115.0
2026-09-21 10:49:21,2026-09-21T10:33:52,769.21,2026-09-21,P,798.0,28.36,29.36,184.0,181.0,29.12,0.6057,-0.9974,0.0008,-0.0075,0.0017,0.0,2.0,0.0
2026-09-21 10:49:21,2026-09-21T10:33:52,769.21,2026-09-21,C,799.0,0.0,0.01,0.0,7856.0,0.01,0.5016,0.0026,0.0008,-0.0075,0.0016,0.0,10.0,23.0
2026-09-21 10:49:21,2026-09-21T10:33:52,769.21,2026-09-21,P,799.0,29.31,30.35,71.0,70.0,30.75,0.5352,-0.9974,0.0008,-0.0075,0.0016,0.0,1.0,0.0
2026-09-21 10:49:21,2026-09-21T10:33:52,769.21,2026-09-21,C,800.0,0.0,0.01,0.0,7855.0,0.01,0.5166,0.0025,0.0007,-0.0075,0.0016,0.0,2.0,935.0
2026-09-21 10:49:21,2026-09-21T10:33:52,769.21,2026-09-21,P,800.0,30.36,31.37,137.0,71.0,31.44,0.6511,-0.9975,0.0007,-0.0075,0.0016,0.0,4.0,1.0
2026-09-21 10:49:21,2026-09-21T10:33:52,769.21,2026-09-21,C,801.0,0.0,0.01,0.0,7855.0,0.01,0.5316,0.0024,0.0007,-0.0074,0.0016,0.0,0.0,242.0
2026-09-21 10:49:21,2026-09-21T10:33:52,769.21,2026-09-21,P,801.0,31.29,32.33,71.0,71.0,39.82,0.0,-0.9976,0.0007,-0.0074,0.0016,0.0,0.0,0.0
2026-09-21 10:49:21,2026-09-21T10:33:52,769.21,2026-09-21,C,802.0,0.0,0.01,0.0,7855.0,0.01,0.5464,0.0023,0.0006,-0.0074,0.0015,0.0,2.0,1043.0
2026-09-21 10:49:21,2026-09-21T10:33:52,769.21,2026-09-21,P,802.0,32.31,33.35,71.0,71.0,42.57,0.5824,-0.9977,0.0006,-0.0074,0.0015,0.0,0.0,0.0
2026-09-21 10:49:21,2026-09-21T10:33:52,769.21,2026-09-21,C,803.0,0.0,0.01,0.0,7855.0,0.01,0.5613,0.0023,0.0006,-0.0074,0.0015,0.0,0.0,958.0
2026-09-21 10:49:21,2026-09-21T10:33:52,769.21,2026-09-21,P,803.0,33.31,34.37,70.0,70.0,43.44,0.6418,-0.9977,0.0006,-0.0074,0.0015,0.0,0.0,0.0
2026-09-21 10:49:21,2026-09-21T10:33:52,769.21,2026-09-21,C,804.0,0.0,0.01,0.0,7856.0,0.02,0.576,0.0022,0.0006,-0.0074,0.0014,0.0,0.0,65.0
2026-09-21 10:49:21,2026-09-21T10:33:52,769.21,2026-09-21,P,804.0,34.42,35.35,70.0,70.0,42.69,0.7574,-0.9978,0.0006,-0.0074,0.0014,0.0,0.0,0.0
2026-09-21 10:49:21,2026-09-21T10:33:52,769.21,2026-09-21,C,805.0,0.0,0.01,0.0,7855.0,0.01,0.5908,0.0022,0.0006,-0.0073,0.0014,0.0,0.0,41.0
2026-09-21 10:49:21,2026-09-21T10:33:52,769.21,2026-09-21,P,805.0,35.22,36.39,71.0,71.0,43.96,0.0,-0.9978,0.0006,-0.0073,0.0014,0.0,0.0,0.0
2026-09-21 10:49:21,2026-09-21T10:33:52,769.21,2026-09-21,C,806.0,0.0,0.01,0.0,7855.0,0.01,0.6054,0.0021,0.0005,-0.0073,0.0014,0.0,0.0,483.0
2026-09-21 10:49:21,2026-09-21T10:33:52,769.21,2026-09-21,P,806.0,36.22,37.32,70.0,70.0,46.72,0.0,-0.9979,0.0005,-0.0073,0.0014,0.0,0.0,0.0
2026-09-21 10:49:21,2026-09-21T10:33:52,769.21,2026-09-21,C,807.0,0.0,0.01,0.0,7856.0,0.01,0.6201,0.002,0.0005,-0.0073,0.0013,0.0,0.0,395.0
2026-09-21 10:49:21,2026-09-21T10:33:52,769.21,2026-09-21,P,807.0,37.32,38.34,71.0,71.0,47.38,0.66,-0.998,0.0005,-0.0073,0.0013,0.0,0.0,0.0
2026-09-21 10:54:22,2026-09-21T10:38:52,769.34,2026-09-21,C,731.0,38.03,38.51,112.0,112.0,38.09,0.0,0.9967,0.0007,-0.0141,0.002,0.0,132.0,19.0
2026-09-21 10:54:22,2026-09-21T10:38:52,769.34,2026-09-21,P,731.0,0.0,0.01,0.0,7812.0,0.01,0.6641,-0.0033,0.0007,-0.0141,0.002,0.0,10.0,7564.0
2026-09-21 10:54:22,2026-09-21T10:38:52,769.34,2026-09-21,C,732.0,37.03,37.52,116.0,371.0,37.44,0.0,0.9966,0.0007,-0.0142,0.0021,0.0,493.0,32.0
2026-09-21 10:54:22,2026-09-21T10:38:52,769.34,2026-09-21,P,732.0,0.0,0.01,0.0,7776.0,0.01,0.6478,-0.0034,0.0007,-0.0142,0.0021,0.0,6.0,881.0
2026-09-21 10:54:22,2026-09-21T10:38:52,769.34,2026-09-21,C,733.0,36.03,36.52,115.0,371.0,36.46,0.0,0.9965,0.0008,-0.0142,0.0021,0.0,197.0,63.0
2026-09-21 10:54:22,2026-09-21T10:38:52,769.34,2026-09-21,P,733.0,0.0,0.01,0.0,7744.0,0.01,0.6315,-0.0035,0.0008,-0.0142,0.0021,0.0,4.0,2919.0
2026-09-21 10:54:22,2026-09-21T10:38:52,769.34,2026-09-21,C,734.0,35.03,35.52,116.0,371.0,35.11,0.0,0.9964,0.0008,-0.0143,0.0022,0.0,319.0,56.0
2026-09-21 10:54:22,2026-09-21T10:38:52,769.34,2026-09-21,P,734.0,0.0,0.01,0.0,7708.0,0.05,0.6152,-0.0036,0.0008,-0.0143,0.0022,0.0,0.0,773.0
2026-09-21 10:54:22,2026-09-21T10:38:52,769.34,2026-09-21,C,735.0,34.03,34.52,113.0,371.0,34.49,0.0,0.9963,0.0008,-0.0144,0.0023,0.0,679.0,24.0
2026-09-21 10:54:22,2026-09-21T10:38:52,769.34,2026-09-21,P,735.0,0.0,0.01,0.0,7668.0,0.01,0.5989,-0.0037,0.0008,-0.0144,0.0023,0.0,12.0,1578.0
2026-09-21 10:54:22,2026-09-21T10:38:52,769.34,2026-09-21,C,736.0,33.03,33.52,121.0,371.0,33.33,0.0,0.9962,0.0009,-0.0144,0.0023,0.0,175.0,16.0
2026-09-21 10:54:22,2026-09-21T10:38:52,769.34,2026-09-21,P,736.0,0.0,0.01,0.0,7628.0,0.01,0.5825,-0.0038,0.0009,-0.0144,0.0023,0.0,6.0,2021.0
2026-09-21 10:54:22,2026-09-21T10:38:52,769.34,2026-09-21,C,737.0,32.28,32.33,10.0,91.0,32.34,0.0,0.9961,0.0009,-0.0145,0.0024,0.0,229.0,17.0
2026-09-21 10:54:22,2026-09-21T10:38:52,769.34,2026-09-21,P,737.0,0.0,0.01,0.0,7588.0,0.01,0.5662,-0.0039,0.0009,-0.0145,0.0024,0.0,6.0,1437.0
2026-09-21 10:54:22,2026-09-21T10:38:52,769.34,2026-09-21,C,738.0,31.28,31.33,15.0,15.0,31.2,0.0,0.996,0.001,-0.0146,0.0024,0.0,280.0,22.0
2026-09-21 10:54:22,2026-09-21T10:38:52,769.34,2026-09-21,P,738.0,0.0,0.01,0.0,7544.0,0.02,0.5498,-0.004,0.001,-0.0146,0.0024,0.0,10.0,1180.0
2026-09-21 10:54:22,2026-09-21T10:38:52,769.34,2026-09-21,C,739.0,30.28,30.33,11.0,90.0,30.17,0.0,0.9959,0.001,-0.0146,0.0025,0.0,272.0,30.0
2026-09-21 10:54:22,2026-09-21T10:38:52,769.34,2026-09-21,P,739.0,0.0,0.01,0.0,7740.0,0.01,0.5334,-0.0041,0.001,-0.0146,0.0025,0.0,57.0,1347.0
2026-09-21 10:54:22,2026-09-21T10:38:52,769.34,2026-09-21,C,740.0,29.29,29.3,1.0,119.0,29.41,0.0,0.9957,0.0011,-0.0147,0.0026,0.0,1837.0,42.0
2026-09-21 10:54:22,2026-09-21T10:38:52,769.34,2026-09-21,P,740.0,0.0,0.01,0.0,7327.0,0.01,0.517,-0.0043,0.0011,-0.0147,0.0026,0.0,3671.0,5789.0
2026-09-21 10:54:22,2026-09-21T10:38:52,769.34,2026-09-21,C,741.0,28.28,28.34,67.0,15.0,28.15,0.0,0.9956,0.0012,-0.0148,0.0027,0.0,335.0,38.0
2026-09-21 10:54:22,2026-09-21T10:38:52,769.34,2026-09-21,P,741.0,0.0,0.01,0.0,7078.0,0.01,0.5006,-0.0044,0.0012,-0.0148,0.0027,0.0,187.0,2863.0
2026-09-21 10:54:22,2026-09-21T10:38:52,769.34,2026-09-21,C,742.0,27.29,27.3,1.0,118.0,27.37,0.0,0.9954,0.0012,-0.0148,0.0028,0.0,953.0,11.0
2026-09-21 10:54:22,2026-09-21T10:38:52,769.34,2026-09-21,P,742.0,0.0,0.01,0.0,6815.0,0.01,0.4842,-0.0046,0.0012,-0.0148,0.0028,0.0,848.0,1915.0
2026-09-21 10:54:22,2026-09-21T10:38:52,769.34,2026-09-21,C,743.0,26.29,26.34,1.0,108.0,26.21,0.0,0.9953,0.0013,-0.0149,0.0029,0.0,165.0,71.0
2026-09-21 10:54:22,2026-09-21T10:38:52,769.34,2026-09-21,P,743.0,0.0,0.01,0.0,6539.0,0.01,0.4677,-0.0047,0.0013,-0.0149,0.0029,0.0,1098.0,2810.0
2026-09-21 10:54:22,2026-09-21T10:38:52,769.34,2026-09-21,C,744.0,25.29,25.3,1.0,39.0,25.37,0.0,0.9951,0.0014,-0.015,0.003,0.0,607.0,47.0
2026-09-21 10:54:22,2026-09-21T10:38:52,769.34,2026-09-21,P,744.0,0.0,0.01,0.0,4153.0,0.01,0.4512,-0.0049,0.0014,-0.015,0.003,0.0,3646.0,1802.0
2026-09-21 10:54:22,2026-09-21T10:38:52,769.34,2026-09-21,C,745.0,24.29,24.34,1.0,108.0,24.24,0.0,0.9949,0.0015,-0.0151,0.0031,0.0,192.0,84.0
2026-09-21 10:54:22,2026-09-21T10:38:52,769.34,2026-09-21,P,745.0,0.01,0.02,6930.0,7423.0,0.01,0.4849,-0.0051,0.0015,-0.0151,0.0031,0.0,10215.0,18475.0
2026-09-21 10:54:22,2026-09-21T10:38:52,769.34,2026-09-21,C,746.0,23.29,23.34,1.0,109.0,23.17,0.0,0.9947,0.0016,-0.0151,0.0032,0.0,413.0,65.0
2026-09-21 10:54:22,2026-09-21T10:38:52,769.34,2026-09-21,P,746.0,0.01,0.02,7375.0,7368.0,0.01,0.4668,-0.0053,0.0016,-0.0151,0.0032,0.0,2056.0,1979.0
2026-09-21 10:54:22,2026-09-21T10:38:52,769.34,2026-09-21,C,747.0,22.29,22.34,1.0,100.0,22.23,0.0,0.9945,0.0018,-0.0152,0.0033,0.0,376.0,18.0
2026-09-21 10:54:22,2026-09-21T10:38:52,769.34,2026-09-21,P,747.0,0.01,0.02,7314.0,7302.0,0.01,0.4486,-0.0055,0.0018,-0.0152,0.0033,0.0,3334.0,2684.0
2026-09-21 10:54:22,2026-09-21T10:38:52,769.34,2026-09-21,C,748.0,21.29,21.34,6.0,122.0,21.35,0.0,0.9943,0.0019,-0.0153,0.0034,0.0,286.0,61.0
2026-09-21 10:54:22,2026-09-21T10:38:52,769.34,2026-09-21,P,748.0,0.01,0.02,7254.0,7242.0,0.02,0.4304,-0.0057,0.0019,-0.0153,0.0034,0.0,3182.0,4869.0
2026-09-21 10:54:22,2026-09-21T10:38:52,769.34,2026-09-21,C,749.0,20.29,20.34,7.0,100.0,20.21,0.0,0.994,0.0021,-0.0154,0.0036,0.0,649.0,83.0
2026-09-21 10:54:22,2026-09-21T10:38:52,769.34,2026-09-21,P,749.0,0.01,0.02,7043.0,7031.0,0.01,0.4122,-0.006,0.0021,-0.0154,0.0036,0.0,2135.0,5143.0
2026-09-21 10:54:22,2026-09-21T10:38:52,769.34,2026-09-21,C,750.0,19.29,19.31,43.0,55.0,19.36,0.0,0.9937,0.0022,-0.0155,0.0037,0.0,1623.0,477.0
2026-09-21 10:54:22,2026-09-21T10:38:52,769.34,2026-09-21,P,750.0,0.01,0.02,6985.0,6973.0,0.01,0.3939,-0.0063,0.0022,-0.0155,0.0037,0.0,11545.0,16881.0
2026-09-21 10:54:22,2026-09-21T10:38:52,769.34,2026-09-21,C,751.0,18.29,18.35,11.0,15.0,18.45,0.0,0.9934,0.0025,-0.0156,0.0039,0.0,152.0,334.0
2026-09-21 10:54:22,2026-09-21T10:38:52,769.34,2026-09-21,P,751.0,0.01,0.02,6926.0,6762.0,0.01,0.3755,-0.0066,0.0025,-0.0156,0.0039,0.0,1797.0,2776.0
2026-09-21 10:54:22,2026-09-21T10:38:52,769.34,2026-09-21,C,752.0,17.3,17.35,1.0,15.0,17.45,0.0,0.9931,0.0027,-0.0157,0.0041,0.0,69.0,298.0
2026-09-21 10:54:22,2026-09-21T10:38:52,769.34,2026-09-21,P,752.0,0.01,0.02,6867.0,6396.0,0.02,0.3571,-0.0069,0.0027,-0.0157,0.0041,0.0,1425.0,3260.0
2026-09-21 10:54:22,2026-09-21T10:38:52,769.34,2026-09-21,C,753.0,16.3,16.35,1.0,126.0,15.99,0.0,0.9927,0.003,-0.0158,0.0043,0.0,55.0,321.0
2026-09-21 10:54:22,2026-09-21T10:38:52,769.34,2026-09-21,P,753.0,0.01,0.02,6806.0,4142.0,0.02,0.3386,-0.0073,0.003,-0.0158,0.0043,0.0,2897.0,2802.0
2026-09-21 10:54:22,2026-09-21T10:38:52,769.34,2026-09-21,C,754.0,15.3,15.35,1.0,126.0,15.15,0.0,0.9922,0.0033,-0.016,0.0046,0.0,234.0,569.0
2026-09-21 10:54:22,2026-09-21T10:38:52,769.34,2026-09-21,P,754.0,0.02,0.03,6211.0,6715.0,0.03,0.3407,-0.0078,0.0033,-0.016,0.0046,0.0,5085.0,2348.0
2026-09-21 10:54:22,2026-09-21T10:38:52,769.34,2026-09-21,C,755.0,14.3,14.31,36.0,35.0,14.4,0.0,0.9917,0.0037,-0.0162,0.0049,0.0,1604.0,1471.0
2026-09-21 10:54:22,2026-09-21T10:38:52,769.34,2026-09-21,P,755.0,0.02,0.03,6673.0,6648.0,0.02,0.3211,-0.0083,0.0037,-0.0162,0.0049,0.0,5272.0,21487.0
2026-09-21 10:54:22,2026-09-21T10:38:52,769.34,2026-09-21,C,756.0,13.3,13.35,1.0,124.0,13.51,0.2505,0.9911,0.0042,-0.0166,0.0052,0.0,457.0,768.0
2026-09-21 10:54:22,2026-09-21T10:38:52,769.34,2026-09-21,P,756.0,0.02,0.03,6454.0,6455.0,0.03,0.3014,-0.0089,0.0042,-0.0166,0.0052,0.0,2530.0,4124.0
2026-09-21 10:54:22,2026-09-21T10:38:52,769.34,2026-09-21,C,757.0,12.3,12.32,48.0,126.0,12.41,0.0,0.9903,0.0049,-0.0171,0.0056,0.0,3917.0,3398.0
2026-09-21 10:54:22,2026-09-21T10:38:52,769.34,2026-09-21,P,757.0,0.02,0.03,6376.0,6374.0,0.03,0.2815,-0.0097,0.0049,-0.0171,0.0056,0.0,3504.0,6135.0
2026-09-21 10:54:22,2026-09-21T10:38:52,769.34,2026-09-21,C,758.0,11.3,11.35,11.0,100.0,11.46,0.2162,0.9892,0.0057,-0.018,0.0062,0.0,521.0,1431.0
2026-09-21 10:54:22,2026-09-21T10:38:52,769.34,2026-09-21,P,758.0,0.02,0.03,6326.0,5751.0,0.02,0.2615,-0.0108,0.0057,-0.018,0.0062,0.0,8778.0,6814.0
2026-09-21 10:54:22,2026-09-21T10:38:52,769.34,2026-09-21,C,759.0,10.31,10.35,1.0,3.0,10.18,0.0,0.9878,0.0069,-0.0193,0.007,0.0,782.0,3109.0
2026-09-21 10:54:22,2026-09-21T10:38:52,769.34,2026-09-21,P,759.0,0.02,0.03,6239.0,2949.0,0.02,0.2413,-0.0122,0.0069,-0.0193,0.007,0.0,10814.0,9099.0
2026-09-21 10:54:22,2026-09-21T10:38:52,769.34,2026-09-21,C,760.0,9.31,9.33,121.0,59.0,9.4,0.0,0.9856,0.0085,-0.0215,0.008,0.0,2181.0,6853.0
2026-09-21 10:54:22,2026-09-21T10:38:52,769.34,2026-09-21,P,760.0,0.03,0.04,6109.0,6095.0,0.03,0.2322,-0.0144,0.0085,-0.0215,0.008,0.0,15336.0,15275.0
2026-09-21 10:54:22,2026-09-21T10:38:52,769.34,2026-09-21,C,761.0,8.31,8.35,11.0,7.0,8.41,0.1638,0.9824,0.0109,-0.025,0.0096,0.0,2527.0,5926.0
2026-09-21 10:54:22,2026-09-21T10:38:52,769.34,2026-09-21,P,761.0,0.03,0.04,6023.0,5000.0,0.04,0.2108,-0.0176,0.0109,-0.025,0.0096,0.0,16509.0,9645.0
2026-09-21 10:54:22,2026-09-21T10:38:52,769.34,2026-09-21,C,762.0,7.32,7.34,78.0,101.0,7.34,0.0,0.9774,0.0146,-0.0308,0.0118,0.0,9794.0,8574.0
2026-09-21 10:54:22,2026-09-21T10:38:52,769.34,2026-09-21,P,762.0,0.04,0.05,5549.0,5523.0,0.04,0.1972,-0.0226,0.0146,-0.0308,0.0118,0.0,27857.0,6835.0
2026-09-21 10:54:22,2026-09-21T10:38:52,769.34,2026-09-21,C,763.0,6.33,6.34,35.0,36.0,6.36,0.1394,0.9694,0.0204,-0.0402,0.0152,0.0,8289.0,8346.0
2026-09-21 10:54:22,2026-09-21T10:38:52,769.34,2026-09-21,P,763.0,0.05,0.06,4486.0,5026.0,0.05,0.181,-0.0306,0.0204,-0.0402,0.0152,0.0,36382.0,6849.0
2026-09-21 10:54:22,2026-09-21T10:38:52,769.34,2026-09-21,C,764.0,5.34,5.36,42.0,55.0,5.37,0.1323,0.9566,0.0294,-0.0553,0.02,0.0,12199.0,6049.0
2026-09-21 10:54:22,2026-09-21T10:38:52,769.34,2026-09-21,P,764.0,0.06,0.07,4545.0,4245.0,0.07,0.1625,-0.0434,0.0294,-0.0553,0.02,0.0,60190.0,1764.0
2026-09-21 10:54:22,2026-09-21T10:38:52,769.34,2026-09-21,C,765.0,4.36,4.38,50.0,46.0,4.4,0.1251,0.936,0.0438,-0.0795,0.0269,0.0,20615.0,10594.0
2026-09-21 10:54:22,2026-09-21T10:38:52,769.34,2026-09-21,P,765.0,0.08,0.09,4045.0,3566.0,0.09,0.146,-0.064,0.0438,-0.0795,0.0269,0.0,88216.0,1927.0
2026-09-21 10:54:22,2026-09-21T10:38:52,769.34,2026-09-21,C,766.0,3.4,3.41,42.0,124.0,3.45,0.1176,0.9018,0.0669,-0.12,0.0366,0.0,61529.0,5357.0
2026-09-21 10:54:22,2026-09-21T10:38:52,769.34,2026-09-21,P,766.0,0.12,0.13,2423.0,2072.0,0.12,0.1317,-0.0982,0.0669,-0.12,0.0366,0.0,137420.0,558.0
2026-09-21 10:54:22,2026-09-21T10:38:52,769.34,2026-09-21,C,767.0,2.48,2.49,40.0,104.0,2.49,0.1102,0.8411,0.1033,-0.196,0.0501,0.0,178941.0,4728.0
2026-09-21 10:54:22,2026-09-21T10:38:52,769.34,2026-09-21,P,767.0,0.2,0.21,1966.0,1062.0,0.2,0.1177,-0.1589,0.1033,-0.196,0.0501,0.0,175979.0,636.0
2026-09-21 10:54:22,2026-09-21T10:38:52,769.34,2026-09-21,C,768.0,1.65,1.66,222.0,289.0,1.69,0.1035,0.7321,0.1523,-0.3544,0.0666,0.0,254095.0,7227.0
2026-09-21 10:54:22,2026-09-21T10:38:52,769.34,2026-09-21,P,768.0,0.37,0.38,52.0,781.0,0.37,0.1104,-0.2679,0.1523,-0.3544,0.0666,0.0,105901.0,334.0
2026-09-21 10:54:22,2026-09-21T10:38:52,769.34,2026-09-21,C,769.0,0.97,0.98,252.0,594.0,0.98,0.1004,0.5647,0.1899,-0.6705,0.0784,0.0,209028.0,5303.0
2026-09-21 10:54:22,2026-09-21T10:38:52,769.34,2026-09-21,P,769.0,0.68,0.69,739.0,196.0,0.69,0.1061,-0.4353,0.1899,-0.6705,0.0784,0.0,62999.0,318.0
2026-09-21 10:54:22,2026-09-21T10:38:52,769.34,2026-09-21,C,770.0,0.5,0.51,791.0,753.0,0.51,0.0999,0.375,0.1826,-0.5389,0.0758,0.0,266398.0,29669.0
2026-09-21 10:54:22,2026-09-21T10:38:52,769.34,2026-09-21,P,770.0,1.22,1.23,197.0,227.0,1.23,0.1059,-0.625,0.1826,-0.5389,0.0758,0.0,24482.0,828.0
2026-09-21 10:54:22,2026-09-21T10:38:52,769.34,2026-09-21,C,771.0,0.24,0.25,964.0,1497.0,0.24,0.1036,0.2225,0.1371,-0.2781,0.0608,0.0,94559.0,4731.0
2026-09-21 10:54:22,2026-09-21T10:38:52,769.34,2026-09-21,P,771.0,1.96,1.97,94.0,39.0,1.94,0.1113,-0.7775,0.1371,-0.2781,0.0608,0.0,7496.0,69.0
2026-09-21 10:54:22,2026-09-21T10:38:52,769.34,2026-09-21,C,772.0,0.12,0.13,1718.0,2084.0,0.12,0.1116,0.1295,0.0896,-0.1522,0.0442,0.0,60563.0,3586.0
2026-09-21 10:54:22,2026-09-21T10:38:52,769.34,2026-09-21,P,772.0,2.84,2.85,94.0,42.0,2.81,0.1225,-0.8705,0.0896,-0.1522,0.0442,0.0,4033.0,119.0
2026-09-21 10:54:22,2026-09-21T10:38:52,769.34,2026-09-21,C,773.0,0.07,0.08,2050.0,3556.0,0.07,0.124,0.0786,0.0568,-0.0913,0.0314,0.0,20499.0,3885.0
2026-09-21 10:54:22,2026-09-21T10:38:52,769.34,2026-09-21,P,773.0,3.78,3.79,37.0,35.0,3.7,0.1375,-0.9214,0.0568,-0.0913,0.0314,0.0,815.0,0.0
2026-09-21 10:54:22,2026-09-21T10:38:52,769.34,2026-09-21,C,774.0,0.04,0.05,4181.0,4400.0,0.04,0.1349,0.0497,0.0364,-0.058,0.0223,0.0,7829.0,2988.0
2026-09-21 10:54:22,2026-09-21T10:38:52,769.34,2026-09-21,P,774.0,4.75,4.76,95.0,1.0,4.69,0.1556,-0.9503,0.0364,-0.058,0.0223,0.0,286.0,10.0
2026-09-21 10:54:22,2026-09-21T10:38:52,769.34,2026-09-21,C,775.0,0.03,0.04,2204.0,5993.0,0.04,0.1512,0.0323,0.0237,-0.0381,0.016,0.0,2441.0,2242.0
2026-09-21 10:54:22,2026-09-21T10:38:52,769.34,2026-09-21,P,775.0,5.74,5.75,112.0,1.0,5.6,0.1742,-0.9677,0.0237,-0.0381,0.016,0.0,342.0,0.0
2026-09-21 10:54:22,2026-09-21T10:38:52,769.34,2026-09-21,C,776.0,0.02,0.03,5363.0,6476.0,0.03,0.164,0.0217,0.0158,-0.026,0.0116,0.0,1712.0,860.0
2026-09-21 10:54:22,2026-09-21T10:38:52,769.34,2026-09-21,P,776.0,6.69,6.74,125.0,1.0,6.68,0.1805,-0.9783,0.0158,-0.026,0.0116,0.0,412.0,10.0
2026-09-21 10:54:22,2026-09-21T10:38:52,769.34,2026-09-21,C,777.0,0.01,0.02,6438.0,6173.0,0.02,0.1718,0.0153,0.0109,-0.0188,0.0086,0.0,16993.0,2233.0
2026-09-21 10:54:22,2026-09-21T10:38:52,769.34,2026-09-21,P,777.0,7.72,7.74,112.0,71.0,7.63,0.216,-0.9847,0.0109,-0.0188,0.0086,0.0,1113.0,0.0
2026-09-21 10:54:22,2026-09-21T10:38:52,769.34,2026-09-21,C,778.0,0.0,0.01,0.0,1746.0,0.01,0.1678,0.0114,0.0079,-0.0145,0.0067,0.0,1560.0,817.0
2026-09-21 10:54:22,2026-09-21T10:38:52,769.34,2026-09-21,P,778.0,8.68,8.74,150.0,1.0,8.89,0.2154,-0.9886,0.0079,-0.0145,0.0067,0.0,10.0,0.0
2026-09-21 10:54:22,2026-09-21T10:38:52,769.34,2026-09-21,C,779.0,0.0,0.01,0.0,5913.0,0.01,0.1848,0.009,0.006,-0.012,0.0055,0.0,194.0,835.0
2026-09-21 10:54:22,2026-09-21T10:38:52,769.34,2026-09-21,P,779.0,9.58,9.75,100.0,43.0,9.8,0.0,-0.991,0.006,-0.012,0.0055,0.0,10.0,0.0
2026-09-21 10:54:22,2026-09-21T10:38:52,769.34,2026-09-21,C,780.0,0.0,0.01,0.0,6910.0,0.01,0.2018,0.0076,0.0048,-0.0105,0.0047,0.0,198.0,2288.0
2026-09-21 10:54:22,2026-09-21T10:38:52,769.34,2026-09-21,P,780.0,10.58,10.73,100.0,1.0,10.64,0.0,-0.9924,0.0048,-0.0105,0.0047,0.0,71.0,0.0
2026-09-21 10:54:22,2026-09-21T10:38:52,769.34,2026-09-21,C,781.0,0.0,0.01,0.0,7438.0,0.02,0.2185,0.0066,0.004,-0.0096,0.0041,0.0,45.0,930.0
2026-09-21 10:54:22,2026-09-21T10:38:52,769.34,2026-09-21,P,781.0,11.58,11.73,138.0,1.0,11.7,0.0,-0.9934,0.004,-0.0096,0.0041,0.0,28.0,10.0
2026-09-21 10:54:22,2026-09-21T10:38:52,769.34,2026-09-21,C,782.0,0.0,0.01,0.0,7638.0,0.01,0.2351,0.0059,0.0034,-0.0091,0.0037,0.0,292.0,596.0
2026-09-21 10:54:22,2026-09-21T10:38:52,769.34,2026-09-21,P,782.0,12.57,12.73,100.0,8.0,12.62,0.0,-0.9941,0.0034,-0.0091,0.0037,0.0,50.0,0.0
2026-09-21 10:54:22,2026-09-21T10:38:52,769.34,2026-09-21,C,783.0,0.0,0.01,0.0,7938.0,0.01,0.2516,0.0054,0.0029,-0.0088,0.0034,0.0,171.0,2107.0
2026-09-21 10:54:22,2026-09-21T10:38:52,769.34,2026-09-21,P,783.0,13.57,13.73,100.0,69.0,13.62,0.0,-0.9946,0.0029,-0.0088,0.0034,0.0,10.0,0.0
2026-09-21 10:54:22,2026-09-21T10:38:52,769.34,2026-09-21,C,784.0,0.0,0.01,0.0,7870.0,0.01,0.268,0.005,0.0026,-0.0086,0.0032,0.0,0.0,346.0
2026-09-21 10:54:22,2026-09-21T10:38:52,769.34,2026-09-21,P,784.0,14.57,14.73,100.0,1.0,14.62,0.0,-0.995,0.0026,-0.0086,0.0032,0.0,8.0,0.0
2026-09-21 10:54:22,2026-09-21T10:38:52,769.34,2026-09-21,C,785.0,0.0,0.01,0.0,7966.0,0.01,0.2842,0.0047,0.0023,-0.0085,0.003,0.0,2.0,490.0
2026-09-21 10:54:22,2026-09-21T10:38:52,769.34,2026-09-21,P,785.0,15.57,15.73,100.0,76.0,15.64,0.0,-0.9953,0.0023,-0.0085,0.003,0.0,22.0,0.0
2026-09-21 10:54:22,2026-09-21T10:38:52,769.34,2026-09-21,C,786.0,0.0,0.01,0.0,7990.0,0.01,0.3003,0.0044,0.0021,-0.0084,0.0028,0.0,9.0,1683.0
2026-09-21 10:54:22,2026-09-21T10:38:52,769.34,2026-09-21,P,786.0,16.57,16.73,142.0,1.0,16.64,0.0,-0.9956,0.0021,-0.0084,0.0028,0.0,21.0,0.0
2026-09-21 10:54:22,2026-09-21T10:38:52,769.34,2026-09-21,C,787.0,0.0,0.01,0.0,8066.0,0.01,0.3164,0.0042,0.0019,-0.0084,0.0027,0.0,1.0,1400.0
2026-09-21 10:54:22,2026-09-21T10:38:52,769.34,2026-09-21,P,787.0,17.57,17.73,142.0,1.0,17.63,0.0,-0.9958,0.0019,-0.0084,0.0027,0.0,51.0,0.0
2026-09-21 10:54:22,2026-09-21T10:38:52,769.34,2026-09-21,C,788.0,0.0,0.01,0.0,8314.0,0.01,0.3323,0.004,0.0017,-0.0083,0.0026,0.0,2.0,1010.0
2026-09-21 10:54:22,2026-09-21T10:38:52,769.34,2026-09-21,P,788.0,18.57,18.73,145.0,20.0,18.63,0.0,-0.996,0.0017,-0.0083,0.0026,0.0,28.0,0.0
2026-09-21 10:54:22,2026-09-21T10:38:52,769.34,2026-09-21,C,789.0,0.0,0.01,0.0,8194.0,0.01,0.3482,0.0038,0.0016,-0.0082,0.0024,0.0,2.0,6906.0
2026-09-21 10:54:22,2026-09-21T10:38:52,769.34,2026-09-21,P,789.0,19.57,19.73,100.0,1.0,19.59,0.0,-0.9962,0.0016,-0.0082,0.0024,0.0,86.0,0.0
2026-09-21 10:54:22,2026-09-21T10:38:52,769.34,2026-09-21,C,790.0,0.0,0.01,0.0,8430.0,0.01,0.364,0.0037,0.0014,-0.0082,0.0023,0.0,5.0,6747.0
2026-09-21 10:54:22,2026-09-21T10:38:52,769.34,2026-09-21,P,790.0,20.57,20.72,100.0,2.0,20.65,0.0,-0.9963,0.0014,-0.0082,0.0023,0.0,12.0,0.0
2026-09-21 10:54:22,2026-09-21T10:38:52,769.34,2026-09-21,C,791.0,0.0,0.01,0.0,8298.0,0.02,0.3796,0.0035,0.0013,-0.0082,0.0022,0.0,0.0,221.0
2026-09-21 10:54:22,2026-09-21T10:38:52,769.34,2026-09-21,P,791.0,21.57,21.73,100.0,1.0,21.59,0.0,-0.9965,0.0013,-0.0082,0.0022,0.0,6.0,0.0
2026-09-21 10:54:22,2026-09-21T10:38:52,769.34,2026-09-21,C,792.0,0.0,0.01,0.0,8343.0,0.01,0.3953,0.0034,0.0012,-0.0081,0.0022,0.0,0.0,485.0
2026-09-21 10:54:22,2026-09-21T10:38:52,769.34,2026-09-21,P,792.0,22.57,22.72,100.0,2.0,22.64,0.0,-0.9966,0.0012,-0.0081,0.0022,0.0,17.0,0.0
2026-09-21 10:54:22,2026-09-21T10:38:52,769.34,2026-09-21,C,793.0,0.0,0.01,0.0,8356.0,0.01,0.4108,0.0033,0.0012,-0.0081,0.0021,0.0,0.0,26.0
2026-09-21 10:54:22,2026-09-21T10:38:52,769.34,2026-09-21,P,793.0,23.57,23.73,143.0,1.0,23.86,0.0,-0.9967,0.0012,-0.0081,0.0021,0.0,18.0,0.0
2026-09-21 10:54:22,2026-09-21T10:38:52,769.34,2026-09-21,C,794.0,0.0,0.01,0.0,8356.0,0.01,0.4263,0.0032,0.0011,-0.0081,0.002,0.0,0.0,530.0
2026-09-21 10:54:22,2026-09-21T10:38:52,769.34,2026-09-21,P,794.0,24.01,25.21,71.0,71.0,25.18,0.0,-0.9968,0.0011,-0.0081,0.002,0.0,4.0,0.0
2026-09-21 10:54:22,2026-09-21T10:38:52,769.34,2026-09-21,C,795.0,0.0,0.01,0.0,8356.0,0.02,0.4417,0.003,0.001,-0.008,0.0019,0.0,0.0,543.0
2026-09-21 10:54:22,2026-09-21T10:38:52,769.34,2026-09-21,P,795.0,25.3,26.23,172.0,111.0,26.1,0.6278,-0.997,0.001,-0.008,0.0019,0.0,2.0,0.0
2026-09-21 10:54:22,2026-09-21T10:38:52,769.34,2026-09-21,C,796.0,0.0,0.01,0.0,8356.0,0.02,0.457,0.0029,0.001,-0.008,0.0019,0.0,0.0,1.0
2026-09-21 10:54:22,2026-09-21T10:38:52,769.34,2026-09-21,P,796.0,26.11,27.26,152.0,301.0,27.09,0.0,-0.9971,0.001,-0.008,0.0019,0.0,2.0,0.0
2026-09-21 10:54:22,2026-09-21T10:38:52,769.34,2026-09-21,C,797.0,0.0,0.01,0.0,8356.0,0.02,0.4723,0.0028,0.0009,-0.008,0.0018,0.0,0.0,170.0
2026-09-21 10:54:22,2026-09-21T10:38:52,769.34,2026-09-21,P,797.0,27.14,28.2,202.0,203.0,28.12,0.4723,-0.9972,0.0009,-0.008,0.0018,0.0,2.0,0.0
2026-09-21 10:54:22,2026-09-21T10:38:52,769.34,2026-09-21,C,798.0,0.0,0.01,0.0,7856.0,0.02,0.4875,0.0028,0.0008,-0.0079,0.0018,0.0,0.0,115.0
2026-09-21 10:54:22,2026-09-21T10:38:52,769.34,2026-09-21,P,798.0,28.14,29.2,301.0,301.0,29.12,0.4875,-0.9972,0.0008,-0.0079,0.0018,0.0,2.0,0.0
2026-09-21 10:54:22,2026-09-21T10:38:52,769.34,2026-09-21,C,799.0,0.0,0.01,0.0,7856.0,0.01,0.5027,0.0027,0.0008,-0.0079,0.0017,0.0,10.0,23.0
2026-09-21 10:54:22,2026-09-21T10:38:52,769.34,2026-09-21,P,799.0,29.2,30.12,71.0,71.0,30.75,0.0,-0.9973,0.0008,-0.0079,0.0017,0.0,1.0,0.0
2026-09-21 10:54:22,2026-09-21T10:38:52,769.34,2026-09-21,C,800.0,0.0,0.01,0.0,7856.0,0.01,0.5178,0.0026,0.0008,-0.0079,0.0017,0.0,2.0,935.0
2026-09-21 10:54:22,2026-09-21T10:38:52,769.34,2026-09-21,P,800.0,30.03,31.19,71.0,71.0,31.44,0.0,-0.9974,0.0008,-0.0079,0.0017,0.0,4.0,1.0
2026-09-21 10:54:22,2026-09-21T10:38:52,769.34,2026-09-21,C,801.0,0.0,0.01,0.0,7856.0,0.01,0.5328,0.0025,0.0007,-0.0078,0.0016,0.0,0.0,242.0
2026-09-21 10:54:22,2026-09-21T10:38:52,769.34,2026-09-21,P,801.0,31.05,32.17,71.0,71.0,39.82,0.0,-0.9975,0.0007,-0.0078,0.0016,0.0,0.0,0.0
2026-09-21 10:54:22,2026-09-21T10:38:52,769.34,2026-09-21,C,802.0,0.0,0.01,0.0,7856.0,0.01,0.5478,0.0024,0.0007,-0.0078,0.0016,0.0,2.0,1043.0
2026-09-21 10:54:22,2026-09-21T10:38:52,769.34,2026-09-21,P,802.0,32.09,33.26,71.0,71.0,42.57,0.5839,-0.9976,0.0007,-0.0078,0.0016,0.0,0.0,0.0
2026-09-21 10:54:22,2026-09-21T10:38:52,769.34,2026-09-21,C,803.0,0.0,0.01,0.0,7856.0,0.01,0.5627,0.0024,0.0006,-0.0078,0.0015,0.0,0.0,958.0
2026-09-21 10:54:22,2026-09-21T10:38:52,769.34,2026-09-21,P,803.0,33.16,34.27,72.0,72.0,33.72,0.0,-0.9976,0.0006,-0.0078,0.0015,0.0,1.0,0.0
2026-09-21 10:54:22,2026-09-21T10:38:52,769.34,2026-09-21,C,804.0,0.0,0.01,0.0,7856.0,0.02,0.5776,0.0023,0.0006,-0.0078,0.0015,0.0,0.0,65.0
2026-09-21 10:54:22,2026-09-21T10:38:52,769.34,2026-09-21,P,804.0,34.09,35.14,71.0,71.0,34.67,0.0,-0.9977,0.0006,-0.0078,0.0015,0.0,1.0,0.0
2026-09-21 10:54:22,2026-09-21T10:38:52,769.34,2026-09-21,C,805.0,0.0,0.01,0.0,7856.0,0.01,0.5925,0.0023,0.0006,-0.0077,0.0015,0.0,0.0,41.0
2026-09-21 10:54:22,2026-09-21T10:38:52,769.34,2026-09-21,P,805.0,35.15,36.19,1.0,71.0,43.96,0.0,-0.9977,0.0006,-0.0077,0.0015,0.0,0.0,0.0
2026-09-21 10:54:22,2026-09-21T10:38:52,769.34,2026-09-21,C,806.0,0.0,0.01,0.0,7856.0,0.01,0.6072,0.0022,0.0006,-0.0077,0.0014,0.0,0.0,483.0
2026-09-21 10:54:22,2026-09-21T10:38:52,769.34,2026-09-21,P,806.0,36.05,37.2,70.0,70.0,46.72,0.0,-0.9978,0.0006,-0.0077,0.0014,0.0,0.0,0.0
2026-09-21 10:54:22,2026-09-21T10:38:52,769.34,2026-09-21,C,807.0,0.0,0.01,0.0,7856.0,0.01,0.622,0.0022,0.0005,-0.0077,0.0014,0.0,0.0,395.0
2026-09-21 10:54:22,2026-09-21T10:38:52,769.34,2026-09-21,P,807.0,37.15,38.19,1.0,71.0,47.38,0.0,-0.9978,0.0005,-0.0077,0.0014,0.0,0.0,0.0
2026-09-21 10:59:23,2026-09-21T10:43:52,768.96,2026-09-21,C,731.0,37.72,38.51,370.0,108.0,38.09,1.0656,0.9964,0.0008,-0.0157,0.0022,0.0,132.0,19.0
2026-09-21 10:59:23,2026-09-21T10:43:52,768.96,2026-09-21,P,731.0,0.0,0.01,0.0,7652.0,0.01,0.6628,-0.0036,0.0008,-0.0157,0.0022,0.0,10.0,7564.0
2026-09-21 10:59:23,2026-09-21T10:43:52,768.96,2026-09-21,C,732.0,36.72,37.76,371.0,371.0,36.9,1.0452,0.9963,0.0008,-0.0157,0.0023,0.0,494.0,32.0
2026-09-21 10:59:23,2026-09-21T10:43:52,768.96,2026-09-21,P,732.0,0.0,0.01,0.0,7616.0,0.01,0.6464,-0.0037,0.0008,-0.0157,0.0023,0.0,6.0,881.0
2026-09-21 10:59:23,2026-09-21T10:43:52,768.96,2026-09-21,C,733.0,35.35,36.56,144.0,370.0,35.93,1.0212,0.9962,0.0008,-0.0158,0.0023,0.0,198.0,63.0
2026-09-21 10:59:23,2026-09-21T10:43:52,768.96,2026-09-21,P,733.0,0.0,0.01,0.0,7576.0,0.01,0.6299,-0.0038,0.0008,-0.0158,0.0023,0.0,4.0,2919.0
2026-09-21 10:59:23,2026-09-21T10:43:52,768.96,2026-09-21,C,734.0,34.35,35.61,69.0,67.0,35.11,0.997,0.9961,0.0009,-0.0159,0.0024,0.0,319.0,56.0
2026-09-21 10:59:23,2026-09-21T10:43:52,768.96,2026-09-21,P,734.0,0.0,0.01,0.0,7540.0,0.05,0.6135,-0.0039,0.0009,-0.0159,0.0024,0.0,0.0,773.0
2026-09-21 10:59:23,2026-09-21T10:43:52,768.96,2026-09-21,C,735.0,33.72,34.53,371.0,139.0,33.93,0.9728,0.996,0.0009,-0.016,0.0024,0.0,718.0,24.0
2026-09-21 10:59:23,2026-09-21T10:43:52,768.96,2026-09-21,P,735.0,0.0,0.01,0.0,7500.0,0.01,0.597,-0.004,0.0009,-0.016,0.0024,0.0,12.0,1578.0
2026-09-21 10:59:23,2026-09-21T10:43:52,768.96,2026-09-21,C,736.0,32.72,33.63,371.0,141.0,32.93,0.9486,0.9958,0.001,-0.016,0.0025,0.0,180.0,16.0
2026-09-21 10:59:23,2026-09-21T10:43:52,768.96,2026-09-21,P,736.0,0.0,0.01,0.0,7456.0,0.01,0.5806,-0.0042,0.001,-0.016,0.0025,0.0,6.0,2021.0
2026-09-21 10:59:23,2026-09-21T10:43:52,768.96,2026-09-21,C,737.0,31.87,32.0,58.0,77.0,32.34,0.0,0.9957,0.001,-0.0161,0.0026,0.0,229.0,17.0
2026-09-21 10:59:23,2026-09-21T10:43:52,768.96,2026-09-21,P,737.0,0.0,0.01,0.0,7412.0,0.01,0.5641,-0.0043,0.001,-0.0161,0.0026,0.0,6.0,1437.0
2026-09-21 10:59:23,2026-09-21T10:43:52,768.96,2026-09-21,C,738.0,30.87,31.0,75.0,121.0,31.15,0.0,0.9956,0.0011,-0.0162,0.0026,0.0,295.0,22.0
2026-09-21 10:59:23,2026-09-21T10:43:52,768.96,2026-09-21,P,738.0,0.0,0.01,0.0,7346.0,0.02,0.5476,-0.0044,0.0011,-0.0162,0.0026,0.0,10.0,1180.0
2026-09-21 10:59:23,2026-09-21T10:43:52,768.96,2026-09-21,C,739.0,29.87,30.0,59.0,77.0,30.26,0.0,0.9954,0.0011,-0.0163,0.0027,0.0,278.0,30.0
2026-09-21 10:59:23,2026-09-21T10:43:52,768.96,2026-09-21,P,739.0,0.0,0.01,0.0,7293.0,0.01,0.531,-0.0046,0.0011,-0.0163,0.0027,0.0,317.0,1347.0
2026-09-21 10:59:23,2026-09-21T10:43:52,768.96,2026-09-21,C,740.0,28.91,28.93,46.0,39.0,28.91,0.0,0.9953,0.0012,-0.0164,0.0028,0.0,1961.0,42.0
2026-09-21 10:59:23,2026-09-21T10:43:52,768.96,2026-09-21,P,740.0,0.0,0.01,0.0,6867.0,0.01,0.5145,-0.0047,0.0012,-0.0164,0.0028,0.0,3671.0,5789.0
2026-09-21 10:59:23,2026-09-21T10:43:52,768.96,2026-09-21,C,741.0,27.87,28.01,87.0,122.0,27.95,0.0,0.9951,0.0013,-0.0164,0.0029,0.0,336.0,38.0
2026-09-21 10:59:23,2026-09-21T10:43:52,768.96,2026-09-21,P,741.0,0.0,0.01,0.0,5358.0,0.01,0.498,-0.0049,0.0013,-0.0164,0.0029,0.0,187.0,2863.0
2026-09-21 10:59:23,2026-09-21T10:43:52,768.96,2026-09-21,C,742.0,26.91,26.93,48.0,42.0,26.9,0.0,0.995,0.0014,-0.0165,0.003,0.0,1091.0,11.0
2026-09-21 10:59:23,2026-09-21T10:43:52,768.96,2026-09-21,P,742.0,0.0,0.01,0.0,5087.0,0.01,0.4814,-0.005,0.0014,-0.0165,0.003,0.0,853.0,1915.0
2026-09-21 10:59:23,2026-09-21T10:43:52,768.96,2026-09-21,C,743.0,25.86,26.01,15.0,122.0,26.14,0.0,0.9948,0.0014,-0.0166,0.0031,0.0,166.0,71.0
2026-09-21 10:59:23,2026-09-21T10:43:52,768.96,2026-09-21,P,743.0,0.0,0.01,0.0,3922.0,0.01,0.4648,-0.0052,0.0014,-0.0166,0.0031,0.0,1118.0,2810.0
2026-09-21 10:59:23,2026-09-21T10:43:52,768.96,2026-09-21,C,744.0,24.93,24.94,39.0,1.0,25.0,0.0,0.9946,0.0016,-0.0167,0.0032,0.0,671.0,47.0
2026-09-21 10:59:23,2026-09-21T10:43:52,768.96,2026-09-21,P,744.0,0.0,0.01,0.0,2931.0,0.01,0.4482,-0.0054,0.0016,-0.0167,0.0032,0.0,3691.0,1802.0
2026-09-21 10:59:23,2026-09-21T10:43:52,768.96,2026-09-21,C,745.0,23.88,24.01,54.0,78.0,24.24,0.0,0.9944,0.0017,-0.0167,0.0033,0.0,192.0,84.0
2026-09-21 10:59:23,2026-09-21T10:43:52,768.96,2026-09-21,P,745.0,0.01,0.02,7348.0,7325.0,0.02,0.4814,-0.0056,0.0017,-0.0167,0.0033,0.0,10255.0,18475.0
2026-09-21 10:59:23,2026-09-21T10:43:52,768.96,2026-09-21,C,746.0,22.88,22.95,92.0,100.0,22.96,0.0,0.9942,0.0018,-0.0168,0.0034,0.0,415.0,65.0
2026-09-21 10:59:23,2026-09-21T10:43:52,768.96,2026-09-21,P,746.0,0.01,0.02,7288.0,7269.0,0.01,0.4632,-0.0058,0.0018,-0.0168,0.0034,0.0,2057.0,1979.0
2026-09-21 10:59:23,2026-09-21T10:43:52,768.96,2026-09-21,C,747.0,21.87,21.95,123.0,57.0,22.12,0.0,0.9939,0.0019,-0.0169,0.0036,0.0,381.0,18.0
2026-09-21 10:59:23,2026-09-21T10:43:52,768.96,2026-09-21,P,747.0,0.01,0.02,7228.0,7180.0,0.01,0.4448,-0.0061,0.0019,-0.0169,0.0036,0.0,3514.0,2684.0
2026-09-21 10:59:23,2026-09-21T10:43:52,768.96,2026-09-21,C,748.0,20.87,20.95,137.0,19.0,21.35,0.0,0.9937,0.0021,-0.017,0.0037,0.0,286.0,61.0
2026-09-21 10:59:23,2026-09-21T10:43:52,768.96,2026-09-21,P,748.0,0.01,0.02,5018.0,4970.0,0.01,0.4265,-0.0063,0.0021,-0.017,0.0037,0.0,3184.0,4869.0
2026-09-21 10:59:23,2026-09-21T10:43:52,768.96,2026-09-21,C,749.0,19.92,19.93,33.0,35.0,19.9,0.0,0.9934,0.0023,-0.0171,0.0039,0.0,682.0,83.0
2026-09-21 10:59:23,2026-09-21T10:43:52,768.96,2026-09-21,P,749.0,0.01,0.02,4965.0,4901.0,0.01,0.4081,-0.0066,0.0023,-0.0171,0.0039,0.0,2139.0,5143.0
2026-09-21 10:59:23,2026-09-21T10:43:52,768.96,2026-09-21,C,750.0,18.88,18.95,15.0,12.0,18.96,0.0,0.9931,0.0025,-0.0172,0.004,0.0,1698.0,477.0
2026-09-21 10:59:23,2026-09-21T10:43:52,768.96,2026-09-21,P,750.0,0.01,0.02,4908.0,4657.0,0.01,0.3896,-0.0069,0.0025,-0.0172,0.004,0.0,11636.0,16881.0
2026-09-21 10:59:23,2026-09-21T10:43:52,768.96,2026-09-21,C,751.0,17.88,17.95,15.0,5.0,18.23,0.0,0.9927,0.0027,-0.0173,0.0042,0.0,154.0,334.0
2026-09-21 10:59:23,2026-09-21T10:43:52,768.96,2026-09-21,P,751.0,0.01,0.02,4875.0,4266.0,0.01,0.371,-0.0073,0.0027,-0.0173,0.0042,0.0,1801.0,2776.0
2026-09-21 10:59:23,2026-09-21T10:43:52,768.96,2026-09-21,C,752.0,16.88,16.96,15.0,100.0,17.45,0.0,0.9923,0.003,-0.0175,0.0044,0.0,69.0,298.0
2026-09-21 10:59:23,2026-09-21T10:43:52,768.96,2026-09-21,P,752.0,0.01,0.02,4819.0,3903.0,0.02,0.3524,-0.0077,0.003,-0.0175,0.0044,0.0,1456.0,3260.0
2026-09-21 10:59:23,2026-09-21T10:43:52,768.96,2026-09-21,C,753.0,15.88,15.95,15.0,1.0,15.99,0.0,0.9919,0.0033,-0.0176,0.0047,0.0,55.0,321.0
2026-09-21 10:59:23,2026-09-21T10:43:52,768.96,2026-09-21,P,753.0,0.01,0.02,6732.0,4170.0,0.02,0.3338,-0.0081,0.0033,-0.0176,0.0047,0.0,2972.0,2802.0
2026-09-21 10:59:23,2026-09-21T10:43:52,768.96,2026-09-21,C,754.0,14.88,15.02,126.0,77.0,14.9,0.0,0.9914,0.0037,-0.0178,0.005,0.0,251.0,569.0
2026-09-21 10:59:23,2026-09-21T10:43:52,768.96,2026-09-21,P,754.0,0.02,0.03,4729.0,4573.0,0.03,0.3355,-0.0086,0.0037,-0.0178,0.005,0.0,5290.0,2348.0
2026-09-21 10:59:23,2026-09-21T10:43:52,768.96,2026-09-21,C,755.0,13.94,13.95,35.0,34.0,14.07,0.0,0.9908,0.0042,-0.0181,0.0053,0.0,1620.0,1471.0
2026-09-21 10:59:23,2026-09-21T10:43:52,768.96,2026-09-21,P,755.0,0.02,0.03,4517.0,4387.0,0.02,0.3157,-0.0092,0.0042,-0.0181,0.0053,0.0,5283.0,21487.0
2026-09-21 10:59:23,2026-09-21T10:43:52,768.96,2026-09-21,C,756.0,12.88,12.96,100.0,39.0,13.13,0.0,0.99,0.0047,-0.0186,0.0057,0.0,562.0,768.0
2026-09-21 10:59:23,2026-09-21T10:43:52,768.96,2026-09-21,P,756.0,0.02,0.03,4242.0,4133.0,0.02,0.2957,-0.01,0.0047,-0.0186,0.0057,0.0,2653.0,4124.0
2026-09-21 10:59:23,2026-09-21T10:43:52,768.96,2026-09-21,C,757.0,11.93,11.95,46.0,39.0,12.38,0.0,0.9891,0.0055,-0.0192,0.0062,0.0,3920.0,3398.0
2026-09-21 10:59:23,2026-09-21T10:43:52,768.96,2026-09-21,P,757.0,0.02,0.03,6227.0,5492.0,0.03,0.2756,-0.0109,0.0055,-0.0192,0.0062,0.0,3843.0,6135.0
2026-09-21 10:59:23,2026-09-21T10:43:52,768.96,2026-09-21,C,758.0,10.89,10.96,15.0,37.0,11.01,0.0,0.9879,0.0064,-0.0202,0.0068,0.0,525.0,1431.0
2026-09-21 10:59:23,2026-09-21T10:43:52,768.96,2026-09-21,P,758.0,0.02,0.03,6269.0,4215.0,0.03,0.2554,-0.0121,0.0064,-0.0202,0.0068,0.0,8888.0,6814.0
2026-09-21 10:59:23,2026-09-21T10:43:52,768.96,2026-09-21,C,759.0,9.89,9.96,15.0,33.0,10.29,0.0,0.9862,0.0078,-0.0217,0.0077,0.0,785.0,3109.0
2026-09-21 10:59:23,2026-09-21T10:43:52,768.96,2026-09-21,P,759.0,0.03,0.04,3973.0,3927.0,0.03,0.2468,-0.0138,0.0078,-0.0217,0.0077,0.0,10841.0,9099.0
2026-09-21 10:59:23,2026-09-21T10:43:52,768.96,2026-09-21,C,760.0,8.94,8.96,45.0,98.0,8.94,0.0,0.9837,0.0096,-0.0242,0.0088,0.0,2304.0,6853.0
2026-09-21 10:59:23,2026-09-21T10:43:52,768.96,2026-09-21,P,760.0,0.03,0.04,5947.0,5238.0,0.03,0.2254,-0.0163,0.0096,-0.0242,0.0088,0.0,15445.0,15275.0
2026-09-21 10:59:23,2026-09-21T10:43:52,768.96,2026-09-21,C,761.0,7.93,7.97,14.0,1.0,7.95,0.0,0.98,0.0124,-0.0281,0.0105,0.0,2605.0,5926.0
2026-09-21 10:59:23,2026-09-21T10:43:52,768.96,2026-09-21,P,761.0,0.04,0.05,5120.0,5781.0,0.04,0.2123,-0.02,0.0124,-0.0281,0.0105,0.0,21592.0,9645.0
2026-09-21 10:59:23,2026-09-21T10:43:52,768.96,2026-09-21,C,762.0,6.95,6.97,45.0,39.0,6.93,0.0018,0.9743,0.0167,-0.0345,0.013,0.0,9893.0,8574.0
2026-09-21 10:59:23,2026-09-21T10:43:52,768.96,2026-09-21,P,762.0,0.04,0.05,5321.0,4033.0,0.04,0.1897,-0.0257,0.0167,-0.0345,0.013,0.0,28160.0,6835.0
2026-09-21 10:59:23,2026-09-21T10:43:52,768.96,2026-09-21,C,763.0,5.97,5.99,48.0,100.0,6.0,0.1401,0.9653,0.0234,-0.0448,0.0166,0.0,8572.0,8346.0
2026-09-21 10:59:23,2026-09-21T10:43:52,768.96,2026-09-21,P,763.0,0.05,0.06,4837.0,3592.0,0.06,0.1729,-0.0347,0.0234,-0.0448,0.0166,0.0,36942.0,6849.0
2026-09-21 10:59:23,2026-09-21T10:43:52,768.96,2026-09-21,C,764.0,4.97,4.99,49.0,38.0,4.98,0.1333,0.9508,0.0339,-0.0612,0.0219,0.0,12285.0,6049.0
2026-09-21 10:59:23,2026-09-21T10:43:52,768.96,2026-09-21,P,764.0,0.07,0.08,3861.0,4015.0,0.08,0.1585,-0.0492,0.0339,-0.0612,0.0219,0.0,62037.0,1764.0
2026-09-21 10:59:23,2026-09-21T10:43:52,768.96,2026-09-21,C,765.0,4.01,4.03,49.0,41.0,4.01,0.1241,0.9273,0.051,-0.0877,0.0294,0.0,20859.0,10594.0
2026-09-21 10:59:23,2026-09-21T10:43:52,768.96,2026-09-21,P,765.0,0.09,0.1,2398.0,1921.0,0.1,0.1402,-0.0727,0.051,-0.0877,0.0294,0.0,92121.0,1927.0
2026-09-21 10:59:23,2026-09-21T10:43:52,768.96,2026-09-21,C,766.0,3.05,3.06,94.0,114.0,3.04,0.1139,0.8866,0.0789,-0.1342,0.0401,0.0,62002.0,5357.0
2026-09-21 10:59:23,2026-09-21T10:43:52,768.96,2026-09-21,P,766.0,0.14,0.15,2462.0,1393.0,0.15,0.1263,-0.1134,0.0789,-0.1342,0.0401,0.0,144039.0,558.0
2026-09-21 10:59:23,2026-09-21T10:43:52,768.96,2026-09-21,C,767.0,2.15,2.16,94.0,114.0,2.14,0.106,0.8112,0.1229,-0.2285,0.0551,0.0,180450.0,4728.0
2026-09-21 10:59:23,2026-09-21T10:43:52,768.96,2026-09-21,P,767.0,0.24,0.25,956.0,1038.0,0.25,0.1164,-0.1888,0.1229,-0.2285,0.0551,0.0,184546.0,636.0
2026-09-21 10:59:23,2026-09-21T10:43:52,768.96,2026-09-21,C,768.0,1.35,1.36,70.0,341.0,1.36,0.1005,0.6768,0.1755,-0.4324,0.0716,0.0,256945.0,7227.0
2026-09-21 10:59:23,2026-09-21T10:43:52,768.96,2026-09-21,P,768.0,0.45,0.46,173.0,764.0,0.46,0.1083,-0.3232,0.1755,-0.4324,0.0716,0.0,119765.0,334.0
2026-09-21 10:59:23,2026-09-21T10:43:52,768.96,2026-09-21,C,769.0,0.74,0.75,760.0,690.0,0.75,0.0974,0.4875,0.2004,-0.7624,0.0787,0.0,223149.0,5303.0
2026-09-21 10:59:23,2026-09-21T10:43:52,768.96,2026-09-21,P,769.0,0.83,0.84,11.0,737.0,0.83,0.1031,-0.5125,0.2004,-0.7624,0.0787,0.0,86683.0,318.0
2026-09-21 10:59:23,2026-09-21T10:43:52,768.96,2026-09-21,C,770.0,0.35,0.36,847.0,880.0,0.36,0.0982,0.3005,0.1714,-0.387,0.0696,0.0,282330.0,29669.0
2026-09-21 10:59:23,2026-09-21T10:43:52,768.96,2026-09-21,P,770.0,1.45,1.46,48.0,181.0,1.46,0.1048,-0.6995,0.1714,-0.387,0.0696,0.0,31681.0,828.0
2026-09-21 10:59:23,2026-09-21T10:43:52,768.96,2026-09-21,C,771.0,0.17,0.18,442.0,2517.0,0.17,0.1052,0.1706,0.1172,-0.1971,0.052,0.0,100920.0,4731.0
2026-09-21 10:59:23,2026-09-21T10:43:52,768.96,2026-09-21,P,771.0,2.25,2.26,114.0,249.0,2.25,0.1141,-0.8294,0.1172,-0.1971,0.052,0.0,10505.0,69.0
2026-09-21 10:59:23,2026-09-21T10:43:52,768.96,2026-09-21,C,772.0,0.09,0.1,137.0,3005.0,0.09,0.1156,0.099,0.0734,-0.1107,0.0367,0.0,68743.0,3586.0
2026-09-21 10:59:23,2026-09-21T10:43:52,768.96,2026-09-21,P,772.0,3.18,3.19,94.0,240.0,3.2,0.1257,-0.901,0.0734,-0.1107,0.0367,0.0,4868.0,119.0
2026-09-21 10:59:23,2026-09-21T10:43:52,768.96,2026-09-21,C,773.0,0.05,0.06,2275.0,4447.0,0.06,0.1267,0.0612,0.0461,-0.0689,0.026,0.0,22368.0,3885.0
2026-09-21 10:59:23,2026-09-21T10:43:52,768.96,2026-09-21,P,773.0,4.12,4.14,100.0,46.0,4.13,0.1429,-0.9388,0.0461,-0.0689,0.026,0.0,935.0,0.0
2026-09-21 10:59:23,2026-09-21T10:43:52,768.96,2026-09-21,C,774.0,0.03,0.04,3352.0,3584.0,0.03,0.139,0.0402,0.03,-0.0464,0.0188,0.0,9010.0,2988.0
2026-09-21 10:59:23,2026-09-21T10:43:52,768.96,2026-09-21,P,774.0,5.12,5.13,34.0,40.0,5.1,0.1608,-0.9598,0.03,-0.0464,0.0188,0.0,594.0,10.0
2026-09-21 10:59:23,2026-09-21T10:43:52,768.96,2026-09-21,C,775.0,0.02,0.03,4292.0,4329.0,0.03,0.1527,0.0281,0.0204,-0.0337,0.0142,0.0,2810.0,2242.0
2026-09-21 10:59:23,2026-09-21T10:43:52,768.96,2026-09-21,P,775.0,6.09,6.11,100.0,43.0,6.15,0.1829,-0.9719,0.0204,-0.0337,0.0142,0.0,424.0,0.0
2026-09-21 10:59:23,2026-09-21T10:43:52,768.96,2026-09-21,C,776.0,0.02,0.03,37.0,6432.0,0.02,0.1737,0.0212,0.0147,-0.0267,0.0112,0.0,1745.0,860.0
2026-09-21 10:59:23,2026-09-21T10:43:52,768.96,2026-09-21,P,776.0,7.08,7.16,100.0,15.0,7.12,0.2038,-0.9788,0.0147,-0.0267,0.0112,0.0,415.0,10.0
2026-09-21 10:59:23,2026-09-21T10:43:52,768.96,2026-09-21,C,777.0,0.01,0.02,6552.0,6596.0,0.01,0.181,0.0171,0.0112,-0.0229,0.0093,0.0,17126.0,2233.0
2026-09-21 10:59:23,2026-09-21T10:43:52,768.96,2026-09-21,P,777.0,8.1,8.11,120.0,35.0,7.98,0.2237,-0.9829,0.0112,-0.0229,0.0093,0.0,1150.0,0.0
2026-09-21 10:59:23,2026-09-21T10:43:52,768.96,2026-09-21,C,778.0,0.0,0.01,0.0,5000.0,0.01,0.176,0.0146,0.009,-0.0209,0.0081,0.0,1626.0,817.0
2026-09-21 10:59:23,2026-09-21T10:43:52,768.96,2026-09-21,P,778.0,9.08,9.15,1.0,65.0,8.89,0.2462,-0.9854,0.009,-0.0209,0.0081,0.0,10.0,0.0
2026-09-21 10:59:23,2026-09-21T10:43:52,768.96,2026-09-21,C,779.0,0.0,0.01,0.0,6721.0,0.01,0.1931,0.0129,0.0074,-0.0198,0.0073,0.0,197.0,835.0
2026-09-21 10:59:23,2026-09-21T10:43:52,768.96,2026-09-21,P,779.0,9.99,10.66,100.0,351.0,10.07,0.1931,-0.9871,0.0074,-0.0198,0.0073,0.0,21.0,0.0
2026-09-21 10:59:23,2026-09-21T10:43:52,768.96,2026-09-21,C,780.0,0.0,0.01,0.0,7455.0,0.01,0.2101,0.0118,0.0063,-0.0192,0.0066,0.0,199.0,2288.0
2026-09-21 10:59:23,2026-09-21T10:43:52,768.96,2026-09-21,P,780.0,10.97,11.26,100.0,302.0,10.76,0.0,-0.9882,0.0063,-0.0192,0.0066,0.0,76.0,0.0
2026-09-21 10:59:23,2026-09-21T10:43:52,768.96,2026-09-21,C,781.0,0.0,0.01,0.0,7599.0,0.02,0.2269,0.0108,0.0055,-0.0188,0.0062,0.0,45.0,930.0
2026-09-21 10:59:23,2026-09-21T10:43:52,768.96,2026-09-21,P,781.0,11.98,12.64,100.0,354.0,12.07,0.0,-0.9892,0.0055,-0.0188,0.0062,0.0,33.0,10.0
2026-09-21 10:59:23,2026-09-21T10:43:52,768.96,2026-09-21,C,782.0,0.0,0.01,0.0,7787.0,0.01,0.2436,0.0101,0.0048,-0.0186,0.0058,0.0,294.0,596.0
2026-09-21 10:59:23,2026-09-21T10:43:52,768.96,2026-09-21,P,782.0,12.99,13.26,100.0,294.0,12.75,0.0,-0.9899,0.0048,-0.0186,0.0058,0.0,54.0,0.0
2026-09-21 10:59:23,2026-09-21T10:43:52,768.96,2026-09-21,C,783.0,0.0,0.01,0.0,7839.0,0.01,0.2602,0.0095,0.0043,-0.0185,0.0054,0.0,171.0,2107.0
2026-09-21 10:59:23,2026-09-21T10:43:52,768.96,2026-09-21,P,783.0,13.99,14.15,100.0,117.0,13.94,0.0,-0.9905,0.0043,-0.0185,0.0054,0.0,14.0,0.0
2026-09-21 10:59:23,2026-09-21T10:43:52,768.96,2026-09-21,C,784.0,0.0,0.01,0.0,7818.0,0.01,0.2766,0.009,0.0038,-0.0184,0.0052,0.0,0.0,346.0
2026-09-21 10:59:23,2026-09-21T10:43:52,768.96,2026-09-21,P,784.0,14.99,15.26,100.0,290.0,14.73,0.0,-0.991,0.0038,-0.0184,0.0052,0.0,12.0,0.0
2026-09-21 10:59:23,2026-09-21T10:43:52,768.96,2026-09-21,C,785.0,0.0,0.01,0.0,7850.0,0.01,0.293,0.0085,0.0035,-0.0183,0.0049,0.0,2.0,490.0
2026-09-21 10:59:23,2026-09-21T10:43:52,768.96,2026-09-21,P,785.0,15.99,16.64,100.0,290.0,15.86,0.0,-0.9915,0.0035,-0.0183,0.0049,0.0,27.0,0.0
2026-09-21 10:59:23,2026-09-21T10:43:52,768.96,2026-09-21,C,786.0,0.0,0.01,0.0,8111.0,0.01,0.3096,0.0081,0.0032,-0.0182,0.0047,0.0,9.0,1683.0
2026-09-21 10:59:23,2026-09-21T10:43:52,768.96,2026-09-21,P,786.0,16.99,17.28,100.0,286.0,16.73,0.0,-0.9919,0.0032,-0.0182,0.0047,0.0,25.0,0.0
2026-09-21 10:59:23,2026-09-21T10:43:52,768.96,2026-09-21,C,787.0,0.0,0.01,0.0,7998.0,0.01,0.3257,0.0077,0.0029,-0.0182,0.0045,0.0,1.0,1400.0
2026-09-21 10:59:23,2026-09-21T10:43:52,768.96,2026-09-21,P,787.0,17.99,18.26,100.0,277.0,17.76,0.0,-0.9923,0.0029,-0.0182,0.0045,0.0,53.0,0.0
2026-09-21 10:59:23,2026-09-21T10:43:52,768.96,2026-09-21,C,788.0,0.0,0.01,0.0,8062.0,0.01,0.3418,0.0074,0.0026,-0.0181,0.0043,0.0,2.0,1010.0
2026-09-21 10:59:23,2026-09-21T10:43:52,768.96,2026-09-21,P,788.0,18.97,19.67,69.0,1.0,18.75,0.0,-0.9926,0.0026,-0.0181,0.0043,0.0,30.0,0.0
2026-09-21 10:59:23,2026-09-21T10:43:52,768.96,2026-09-21,C,789.0,0.0,0.01,0.0,8122.0,0.01,0.3577,0.0071,0.0024,-0.0181,0.0041,0.0,2.0,6906.0
2026-09-21 10:59:23,2026-09-21T10:43:52,768.96,2026-09-21,P,789.0,19.99,20.22,143.0,1.0,20.08,0.0,-0.9929,0.0024,-0.0181,0.0041,0.0,268.0,0.0
2026-09-21 10:59:23,2026-09-21T10:43:52,768.96,2026-09-21,C,790.0,0.0,0.01,0.0,8174.0,0.01,0.3736,0.0068,0.0023,-0.018,0.004,0.0,10.0,6747.0
2026-09-21 10:59:23,2026-09-21T10:43:52,768.96,2026-09-21,P,790.0,20.97,21.28,141.0,141.0,21.01,0.0,-0.9932,0.0023,-0.018,0.004,0.0,23.0,0.0
2026-09-21 10:59:23,2026-09-21T10:43:52,768.96,2026-09-21,C,791.0,0.0,0.01,0.0,8222.0,0.02,0.3894,0.0065,0.0021,-0.018,0.0038,0.0,0.0,221.0
2026-09-21 10:59:23,2026-09-21T10:43:52,768.96,2026-09-21,P,791.0,21.98,22.23,69.0,69.0,21.95,0.0,-0.9935,0.0021,-0.0179,0.0038,0.0,11.0,0.0
2026-09-21 10:59:23,2026-09-21T10:43:52,768.96,2026-09-21,C,792.0,0.0,0.01,0.0,8263.0,0.01,0.4051,0.0063,0.002,-0.0179,0.0037,0.0,0.0,485.0
2026-09-21 10:59:23,2026-09-21T10:43:52,768.96,2026-09-21,P,792.0,22.97,23.26,129.0,133.0,23.08,0.0,-0.9937,0.002,-0.0179,0.0037,0.0,31.0,0.0
2026-09-21 10:59:23,2026-09-21T10:43:52,768.96,2026-09-21,C,793.0,0.0,0.01,0.0,8303.0,0.01,0.4207,0.0061,0.0018,-0.0178,0.0036,0.0,0.0,26.0
2026-09-21 10:59:23,2026-09-21T10:43:52,768.96,2026-09-21,P,793.0,23.97,24.26,69.0,71.0,23.98,0.0,-0.9939,0.0018,-0.0178,0.0036,0.0,24.0,0.0
2026-09-21 10:59:23,2026-09-21T10:43:52,768.96,2026-09-21,C,794.0,0.0,0.01,0.0,8343.0,0.01,0.4363,0.0059,0.0017,-0.0178,0.0034,0.0,0.0,530.0
2026-09-21 10:59:23,2026-09-21T10:43:52,768.96,2026-09-21,P,794.0,24.5,25.5,252.0,69.0,25.18,0.0,-0.9941,0.0017,-0.0178,0.0034,0.0,4.0,0.0
2026-09-21 10:59:23,2026-09-21T10:43:52,768.96,2026-09-21,C,795.0,0.0,0.01,0.0,8356.0,0.02,0.4518,0.0057,0.0016,-0.0177,0.0033,0.0,0.0,543.0
2026-09-21 10:59:23,2026-09-21T10:43:52,768.96,2026-09-21,P,795.0,25.51,26.78,70.0,171.0,26.1,0.0,-0.9943,0.0016,-0.0177,0.0034,0.0,2.0,0.0
2026-09-21 10:59:23,2026-09-21T10:43:52,768.96,2026-09-21,C,796.0,0.0,0.01,0.0,7856.0,0.02,0.4672,0.0055,0.0015,-0.0177,0.0032,0.0,0.0,1.0
2026-09-21 10:59:23,2026-09-21T10:43:52,768.96,2026-09-21,P,796.0,26.42,27.76,147.0,147.0,27.09,0.0,-0.9945,0.0015,-0.0177,0.0032,0.0,2.0,0.0
2026-09-21 10:59:23,2026-09-21T10:43:52,768.96,2026-09-21,C,797.0,0.0,0.01,0.0,7856.0,0.02,0.4826,0.0053,0.0014,-0.0176,0.0032,0.0,0.0,170.0
2026-09-21 10:59:23,2026-09-21T10:43:52,768.96,2026-09-21,P,797.0,27.51,28.79,130.0,130.0,28.12,0.0,-0.9947,0.0014,-0.0176,0.0032,0.0,2.0,0.0
2026-09-21 10:59:23,2026-09-21T10:43:52,768.96,2026-09-21,C,798.0,0.0,0.01,0.0,7856.0,0.02,0.4979,0.0052,0.0013,-0.0176,0.0031,0.0,0.0,115.0
2026-09-21 10:59:23,2026-09-21T10:43:52,768.96,2026-09-21,P,798.0,28.51,29.78,69.0,301.0,29.12,0.0,-0.9948,0.0014,-0.0176,0.0031,0.0,2.0,0.0
2026-09-21 10:59:23,2026-09-21T10:43:52,768.96,2026-09-21,C,799.0,0.0,0.01,0.0,8037.0,0.01,0.5131,0.005,0.0013,-0.0175,0.003,0.0,10.0,23.0
2026-09-21 10:59:23,2026-09-21T10:43:52,768.96,2026-09-21,P,799.0,29.51,31.17,69.0,69.0,30.75,0.0,-0.995,0.0013,-0.0175,0.003,0.0,1.0,0.0
2026-09-21 10:59:23,2026-09-21T10:43:52,768.96,2026-09-21,C,800.0,0.0,0.01,0.0,7856.0,0.01,0.5283,0.0049,0.0012,-0.0174,0.0029,0.0,2.0,935.0
2026-09-21 10:59:23,2026-09-21T10:43:52,768.96,2026-09-21,P,800.0,30.51,31.46,130.0,155.0,31.44,0.0,-0.9951,0.0012,-0.0174,0.0029,0.0,4.0,1.0
2026-09-21 10:59:23,2026-09-21T10:43:52,768.96,2026-09-21,C,801.0,0.0,0.01,0.0,7856.0,0.01,0.5434,0.0048,0.0012,-0.0174,0.0028,0.0,0.0,242.0
2026-09-21 10:59:23,2026-09-21T10:43:52,768.96,2026-09-21,P,801.0,31.51,32.69,69.0,69.0,39.82,0.0,-0.9952,0.0012,-0.0174,0.0028,0.0,0.0,0.0
2026-09-21 10:59:23,2026-09-21T10:43:52,768.96,2026-09-21,C,802.0,0.0,0.01,0.0,7856.0,0.01,0.5585,0.0046,0.0011,-0.0174,0.0028,0.0,2.0,1043.0
2026-09-21 10:59:23,2026-09-21T10:43:52,768.96,2026-09-21,P,802.0,32.51,34.25,69.0,69.0,42.57,0.9387,-0.9954,0.0011,-0.0174,0.0028,0.0,0.0,0.0
2026-09-21 10:59:23,2026-09-21T10:43:52,768.96,2026-09-21,C,803.0,0.0,0.01,0.0,7856.0,0.01,0.5735,0.0045,0.001,-0.0173,0.0027,0.0,0.0,958.0
2026-09-21 10:59:23,2026-09-21T10:43:52,768.96,2026-09-21,P,803.0,33.51,35.19,69.0,69.0,33.72,0.9305,-0.9955,0.001,-0.0173,0.0027,0.0,1.0,0.0
2026-09-21 10:59:23,2026-09-21T10:43:52,768.96,2026-09-21,C,804.0,0.0,0.01,0.0,7856.0,0.02,0.5885,0.0044,0.001,-0.0173,0.0026,0.0,0.0,65.0
2026-09-21 10:59:23,2026-09-21T10:43:52,768.96,2026-09-21,P,804.0,34.51,36.25,70.0,70.0,34.67,0.5882,-0.9956,0.001,-0.0172,0.0026,0.0,1.0,0.0
2026-09-21 10:59:23,2026-09-21T10:43:52,768.96,2026-09-21,C,805.0,0.0,0.01,0.0,7856.0,0.01,0.6034,0.0043,0.001,-0.0172,0.0026,0.0,0.0,41.0
2026-09-21 10:59:23,2026-09-21T10:43:52,768.96,2026-09-21,P,805.0,35.51,37.18,69.0,69.0,43.96,0.0,-0.9957,0.001,-0.0172,0.0026,0.0,0.0,0.0
2026-09-21 10:59:23,2026-09-21T10:43:52,768.96,2026-09-21,C,806.0,0.0,0.01,0.0,7856.0,0.01,0.6183,0.0042,0.0009,-0.0171,0.0025,0.0,0.0,483.0
2026-09-21 10:59:23,2026-09-21T10:43:52,768.96,2026-09-21,P,806.0,36.51,38.24,69.0,69.0,46.72,0.0,-0.9958,0.0009,-0.0171,0.0025,0.0,0.0,0.0
2026-09-21 10:59:23,2026-09-21T10:43:52,768.96,2026-09-21,C,807.0,0.0,0.01,0.0,7856.0,0.01,0.6331,0.0041,0.0009,-0.0171,0.0025,0.0,0.0,395.0
2026-09-21 10:59:23,2026-09-21T10:43:52,768.96,2026-09-21,P,807.0,37.51,39.25,69.0,69.0,47.38,1.0467,-0.9959,0.0009,-0.0171,0.0025,0.0,0.0,0.0
2026-09-21 11:04:23,2026-09-21T10:48:52,769.26,2026-09-21,C,731.0,37.7,38.59,161.0,89.0,38.09,0.0,0.996,0.0008,-0.018,0.0024,0.0,132.0,19.0
2026-09-21 11:04:23,2026-09-21T10:48:52,769.26,2026-09-21,P,731.0,0.0,0.01,0.0,7145.0,0.01,0.6729,-0.004,0.0008,-0.018,0.0024,0.0,10.0,7564.0
2026-09-21 11:04:23,2026-09-21T10:48:52,769.26,2026-09-21,C,732.0,36.76,37.65,162.0,98.0,36.72,0.0,0.9958,0.0008,-0.0181,0.0025,0.0,496.0,32.0
2026-09-21 11:04:23,2026-09-21T10:48:52,769.26,2026-09-21,P,732.0,0.0,0.01,0.0,7059.0,0.01,0.6564,-0.0042,0.0008,-0.0181,0.0025,0.0,6.0,881.0
2026-09-21 11:04:23,2026-09-21T10:48:52,769.26,2026-09-21,C,733.0,35.51,36.76,90.0,217.0,35.93,0.0,0.9957,0.0009,-0.0182,0.0025,0.0,198.0,63.0
2026-09-21 11:04:23,2026-09-21T10:48:52,769.26,2026-09-21,P,733.0,0.0,0.01,0.0,6965.0,0.01,0.6398,-0.0043,0.0009,-0.0182,0.0025,0.0,4.0,2919.0
2026-09-21 11:04:23,2026-09-21T10:48:52,769.26,2026-09-21,C,734.0,34.51,35.76,88.0,216.0,34.96,0.0,0.9956,0.0009,-0.0183,0.0026,0.0,320.0,56.0
2026-09-21 11:04:23,2026-09-21T10:48:52,769.26,2026-09-21,P,734.0,0.0,0.01,0.0,6866.0,0.05,0.6233,-0.0044,0.0009,-0.0183,0.0026,0.0,0.0,773.0
2026-09-21 11:04:23,2026-09-21T10:48:52,769.26,2026-09-21,C,735.0,33.59,34.8,95.0,223.0,34.03,0.0,0.9955,0.001,-0.0184,0.0026,0.0,719.0,24.0
2026-09-21 11:04:23,2026-09-21T10:48:52,769.26,2026-09-21,P,735.0,0.0,0.01,0.0,6763.0,0.01,0.6067,-0.0045,0.001,-0.0184,0.0026,0.0,13.0,1578.0
2026-09-21 11:04:23,2026-09-21T10:48:52,769.26,2026-09-21,C,736.0,32.53,33.8,89.0,161.0,32.72,0.0,0.9954,0.001,-0.0185,0.0027,0.0,182.0,16.0
2026-09-21 11:04:23,2026-09-21T10:48:52,769.26,2026-09-21,P,736.0,0.0,0.01,0.0,6658.0,0.01,0.5901,-0.0046,0.001,-0.0185,0.0027,0.0,7.0,2021.0
2026-09-21 11:04:23,2026-09-21T10:48:52,769.26,2026-09-21,C,737.0,32.18,32.25,72.0,10.0,32.34,0.0,0.9952,0.0011,-0.0186,0.0028,0.0,229.0,17.0
2026-09-21 11:04:23,2026-09-21T10:48:52,769.26,2026-09-21,P,737.0,0.0,0.01,0.0,6546.0,0.01,0.5735,-0.0048,0.0011,-0.0186,0.0028,0.0,6.0,1437.0
2026-09-21 11:04:23,2026-09-21T10:48:52,769.26,2026-09-21,C,738.0,31.18,31.25,71.0,10.0,31.15,0.0,0.9951,0.0012,-0.0186,0.0029,0.0,295.0,22.0
2026-09-21 11:04:23,2026-09-21T10:48:52,769.26,2026-09-21,P,738.0,0.0,0.01,0.0,6379.0,0.02,0.5569,-0.0049,0.0012,-0.0186,0.0029,0.0,10.0,1180.0
2026-09-21 11:04:23,2026-09-21T10:48:52,769.26,2026-09-21,C,739.0,30.18,30.25,74.0,11.0,29.74,0.0,0.9949,0.0012,-0.0187,0.003,0.0,309.0,30.0
2026-09-21 11:04:23,2026-09-21T10:48:52,769.26,2026-09-21,P,739.0,0.0,0.01,0.0,6100.0,0.01,0.5403,-0.0051,0.0012,-0.0187,0.003,0.0,317.0,1347.0
2026-09-21 11:04:23,2026-09-21T10:48:52,769.26,2026-09-21,C,740.0,29.23,29.25,31.0,11.0,28.76,0.0,0.9948,0.0013,-0.0188,0.0031,0.0,1965.0,42.0
2026-09-21 11:04:23,2026-09-21T10:48:52,769.26,2026-09-21,P,740.0,0.0,0.01,0.0,5790.0,0.01,0.5236,-0.0052,0.0013,-0.0188,0.0031,0.0,3674.0,5789.0
2026-09-21 11:04:23,2026-09-21T10:48:52,769.26,2026-09-21,C,741.0,28.18,28.25,67.0,20.0,27.95,0.0,0.9946,0.0014,-0.0189,0.0032,0.0,336.0,38.0
2026-09-21 11:04:23,2026-09-21T10:48:52,769.26,2026-09-21,P,741.0,0.0,0.01,0.0,4839.0,0.01,0.507,-0.0054,0.0014,-0.0189,0.0032,0.0,208.0,2863.0
2026-09-21 11:04:23,2026-09-21T10:48:52,769.26,2026-09-21,C,742.0,27.23,27.25,43.0,74.0,27.16,0.0,0.9944,0.0014,-0.019,0.0032,0.0,1168.0,11.0
2026-09-21 11:04:23,2026-09-21T10:48:52,769.26,2026-09-21,P,742.0,0.0,0.01,0.0,2870.0,0.01,0.4903,-0.0056,0.0014,-0.019,0.0032,0.0,862.0,1915.0
2026-09-21 11:04:23,2026-09-21T10:48:52,769.26,2026-09-21,C,743.0,26.19,26.26,15.0,16.0,26.14,0.0,0.9942,0.0016,-0.0191,0.0034,0.0,166.0,71.0
2026-09-21 11:04:23,2026-09-21T10:48:52,769.26,2026-09-21,P,743.0,0.0,0.01,0.0,2374.0,0.01,0.4736,-0.0058,0.0016,-0.0191,0.0034,0.0,1118.0,2810.0
2026-09-21 11:04:23,2026-09-21T10:48:52,769.26,2026-09-21,C,744.0,25.23,25.25,43.0,17.0,24.86,0.0,0.994,0.0016,-0.0192,0.0035,0.0,712.0,47.0
2026-09-21 11:04:23,2026-09-21T10:48:52,769.26,2026-09-21,P,744.0,0.0,0.01,0.0,1714.0,0.01,0.4569,-0.006,0.0016,-0.0192,0.0035,0.0,3858.0,1802.0
2026-09-21 11:04:23,2026-09-21T10:48:52,769.26,2026-09-21,C,745.0,24.19,24.26,73.0,15.0,23.87,0.0,0.9938,0.0018,-0.0193,0.0036,0.0,200.0,84.0
2026-09-21 11:04:23,2026-09-21T10:48:52,769.26,2026-09-21,P,745.0,0.01,0.02,6609.0,6900.0,0.02,0.4909,-0.0062,0.0018,-0.0193,0.0036,0.0,10337.0,18475.0
2026-09-21 11:04:23,2026-09-21T10:48:52,769.26,2026-09-21,C,746.0,23.19,23.25,15.0,1.0,22.96,0.0,0.9936,0.0019,-0.0194,0.0037,0.0,415.0,65.0
2026-09-21 11:04:23,2026-09-21T10:48:52,769.26,2026-09-21,P,746.0,0.01,0.02,6686.0,6685.0,0.01,0.4725,-0.0064,0.0019,-0.0194,0.0037,0.0,2057.0,1979.0
2026-09-21 11:04:23,2026-09-21T10:48:52,769.26,2026-09-21,C,747.0,22.19,22.26,160.0,11.0,21.85,0.0,0.9933,0.002,-0.0195,0.0039,0.0,440.0,18.0
2026-09-21 11:04:23,2026-09-21T10:48:52,769.26,2026-09-21,P,747.0,0.01,0.02,6757.0,6468.0,0.02,0.4541,-0.0067,0.002,-0.0195,0.0039,0.0,3515.0,2684.0
2026-09-21 11:04:23,2026-09-21T10:48:52,769.26,2026-09-21,C,748.0,21.19,21.25,138.0,11.0,21.35,0.0,0.993,0.0022,-0.0196,0.004,0.0,286.0,61.0
2026-09-21 11:04:23,2026-09-21T10:48:52,769.26,2026-09-21,P,748.0,0.01,0.02,6681.0,5992.0,0.01,0.4356,-0.007,0.0022,-0.0196,0.004,0.0,3191.0,4869.0
2026-09-21 11:04:23,2026-09-21T10:48:52,769.26,2026-09-21,C,749.0,20.23,20.26,42.0,44.0,20.18,0.0,0.9927,0.0024,-0.0197,0.0042,0.0,704.0,83.0
2026-09-21 11:04:23,2026-09-21T10:48:52,769.26,2026-09-21,P,749.0,0.01,0.02,6752.0,5514.0,0.01,0.4171,-0.0073,0.0024,-0.0197,0.0042,0.0,2154.0,5143.0
2026-09-21 11:04:23,2026-09-21T10:48:52,769.26,2026-09-21,C,750.0,19.19,19.26,200.0,11.0,18.95,0.0,0.9924,0.0026,-0.0198,0.0044,0.0,1699.0,477.0
2026-09-21 11:04:23,2026-09-21T10:48:52,769.26,2026-09-21,P,750.0,0.01,0.02,6768.0,5009.0,0.01,0.3985,-0.0076,0.0026,-0.0198,0.0044,0.0,11663.0,16881.0
2026-09-21 11:04:23,2026-09-21T10:48:52,769.26,2026-09-21,C,751.0,18.19,18.26,89.0,11.0,17.93,0.0,0.992,0.0029,-0.02,0.0046,0.0,156.0,334.0
2026-09-21 11:04:23,2026-09-21T10:48:52,769.26,2026-09-21,P,751.0,0.01,0.02,6707.0,4017.0,0.01,0.3799,-0.008,0.0029,-0.02,0.0046,0.0,1845.0,2776.0
2026-09-21 11:04:23,2026-09-21T10:48:52,769.26,2026-09-21,C,752.0,17.19,17.26,163.0,20.0,16.79,0.0,0.9915,0.0031,-0.0202,0.0048,0.0,81.0,298.0
2026-09-21 11:04:23,2026-09-21T10:48:52,769.26,2026-09-21,P,752.0,0.02,0.03,3823.0,6390.0,0.02,0.3841,-0.0085,0.0031,-0.0202,0.0048,0.0,14435.0,3260.0
2026-09-21 11:04:23,2026-09-21T10:48:52,769.26,2026-09-21,C,753.0,16.2,16.26,167.0,11.0,15.94,0.0,0.991,0.0035,-0.0204,0.0051,0.0,64.0,321.0
2026-09-21 11:04:23,2026-09-21T10:48:52,769.26,2026-09-21,P,753.0,0.02,0.03,4028.0,6174.0,0.02,0.3643,-0.009,0.0035,-0.0204,0.0051,0.0,10921.0,2802.0
2026-09-21 11:04:23,2026-09-21T10:48:52,769.26,2026-09-21,C,754.0,15.2,15.27,173.0,67.0,14.78,0.0,0.9905,0.0039,-0.0207,0.0054,0.0,253.0,569.0
2026-09-21 11:04:23,2026-09-21T10:48:52,769.26,2026-09-21,P,754.0,0.02,0.03,5729.0,5852.0,0.03,0.3445,-0.0095,0.0039,-0.0207,0.0054,0.0,5316.0,2348.0
2026-09-21 11:04:23,2026-09-21T10:48:52,769.26,2026-09-21,C,755.0,14.24,14.26,111.0,11.0,14.09,0.0,0.9898,0.0044,-0.0211,0.0057,0.0,1643.0,1471.0
2026-09-21 11:04:23,2026-09-21T10:48:52,769.26,2026-09-21,P,755.0,0.02,0.03,5771.0,5228.0,0.02,0.3246,-0.0102,0.0044,-0.0211,0.0057,0.0,5313.0,21487.0
2026-09-21 11:04:23,2026-09-21T10:48:52,769.26,2026-09-21,C,756.0,13.2,13.27,171.0,28.0,13.23,0.0,0.989,0.005,-0.0216,0.0061,0.0,573.0,768.0
2026-09-21 11:04:23,2026-09-21T10:48:52,769.26,2026-09-21,P,756.0,0.02,0.03,5928.0,4727.0,0.02,0.3045,-0.011,0.005,-0.0216,0.0061,0.0,2690.0,4124.0
2026-09-21 11:04:23,2026-09-21T10:48:52,769.26,2026-09-21,C,757.0,12.2,12.27,190.0,11.0,12.25,0.0,0.988,0.0057,-0.0224,0.0066,0.0,3940.0,3398.0
2026-09-21 11:04:23,2026-09-21T10:48:52,769.26,2026-09-21,P,757.0,0.02,0.03,6031.0,4151.0,0.04,0.2844,-0.012,0.0057,-0.0224,0.0066,0.0,3864.0,6135.0
2026-09-21 11:04:23,2026-09-21T10:48:52,769.26,2026-09-21,C,758.0,11.2,11.27,182.0,10.0,10.82,0.0,0.9867,0.0067,-0.0235,0.0073,0.0,541.0,1431.0
2026-09-21 11:04:23,2026-09-21T10:48:52,769.26,2026-09-21,P,758.0,0.02,0.03,6160.0,3308.0,0.03,0.264,-0.0133,0.0067,-0.0235,0.0073,0.0,8993.0,6814.0
2026-09-21 11:04:23,2026-09-21T10:48:52,769.26,2026-09-21,C,759.0,10.21,10.27,15.0,11.0,9.85,0.0,0.9849,0.008,-0.0252,0.0081,0.0,805.0,3109.0
2026-09-21 11:04:23,2026-09-21T10:48:52,769.26,2026-09-21,P,759.0,0.03,0.04,3122.0,5021.0,0.03,0.2557,-0.0151,0.008,-0.0252,0.0081,0.0,10892.0,9099.0
2026-09-21 11:04:23,2026-09-21T10:48:52,769.26,2026-09-21,C,760.0,9.25,9.27,145.0,11.0,9.24,0.0,0.9824,0.0098,-0.0278,0.0093,0.0,2317.0,6853.0
2026-09-21 11:04:23,2026-09-21T10:48:52,769.26,2026-09-21,P,760.0,0.03,0.04,5067.0,4229.0,0.04,0.2342,-0.0176,0.0098,-0.0278,0.0093,0.0,15799.0,15275.0
2026-09-21 11:04:23,2026-09-21T10:48:52,769.26,2026-09-21,C,761.0,8.22,8.28,89.0,24.0,8.16,0.0,0.9788,0.0124,-0.0318,0.0109,0.0,2615.0,5926.0
2026-09-21 11:04:23,2026-09-21T10:48:52,769.26,2026-09-21,P,761.0,0.04,0.05,2143.0,4873.0,0.04,0.2213,-0.0212,0.0124,-0.0318,0.0109,0.0,21652.0,9645.0
2026-09-21 11:04:23,2026-09-21T10:48:52,769.26,2026-09-21,C,762.0,7.26,7.28,110.0,11.0,7.19,0.0837,0.9734,0.0163,-0.0379,0.0132,0.0,9999.0,8574.0
2026-09-21 11:04:23,2026-09-21T10:48:52,769.26,2026-09-21,P,762.0,0.04,0.05,4409.0,3719.0,0.04,0.1986,-0.0266,0.0163,-0.0379,0.0132,0.0,28551.0,6835.0
2026-09-21 11:04:23,2026-09-21T10:48:52,769.26,2026-09-21,C,763.0,6.27,6.28,61.0,1.0,6.28,0.1289,0.9653,0.0221,-0.0473,0.0164,0.0,10834.0,8346.0
2026-09-21 11:04:23,2026-09-21T10:48:52,769.26,2026-09-21,P,763.0,0.05,0.06,3719.0,3480.0,0.05,0.1821,-0.0347,0.0221,-0.0473,0.0164,0.0,37917.0,6849.0
2026-09-21 11:04:23,2026-09-21T10:48:52,769.26,2026-09-21,C,764.0,5.28,5.3,106.0,11.0,5.28,0.1329,0.9527,0.0312,-0.0618,0.021,0.0,12441.0,6049.0
2026-09-21 11:04:23,2026-09-21T10:48:52,769.26,2026-09-21,P,764.0,0.07,0.08,1101.0,3743.0,0.07,0.1682,-0.0473,0.0312,-0.0618,0.021,0.0,64372.0,1764.0
2026-09-21 11:04:23,2026-09-21T10:48:52,769.26,2026-09-21,C,765.0,4.3,4.33,106.0,74.0,4.24,0.1282,0.9328,0.0454,-0.0844,0.0274,0.0,21222.0,10594.0
2026-09-21 11:04:23,2026-09-21T10:48:52,769.26,2026-09-21,P,765.0,0.09,0.1,670.0,3577.0,0.1,0.1502,-0.0672,0.0454,-0.0844,0.0274,0.0,99328.0,1927.0
2026-09-21 11:04:23,2026-09-21T10:48:52,769.26,2026-09-21,C,766.0,3.35,3.36,173.0,181.0,3.35,0.1193,0.8999,0.0686,-0.1214,0.0365,0.0,63194.0,5357.0
2026-09-21 11:04:23,2026-09-21T10:48:52,769.26,2026-09-21,P,766.0,0.13,0.14,163.0,3237.0,0.13,0.1346,-0.1001,0.0686,-0.1214,0.0365,0.0,156581.0,558.0
2026-09-21 11:04:23,2026-09-21T10:48:52,769.26,2026-09-21,C,767.0,2.42,2.43,182.0,1.0,2.43,0.1086,0.8405,0.1063,-0.1919,0.0495,0.0,182838.0,4728.0
2026-09-21 11:04:23,2026-09-21T10:48:52,769.26,2026-09-21,P,767.0,0.2,0.21,994.0,1618.0,0.2,0.1193,-0.1595,0.1063,-0.1919,0.0495,0.0,207374.0,636.0
2026-09-21 11:04:23,2026-09-21T10:48:52,769.26,2026-09-21,C,768.0,1.58,1.59,270.0,95.0,1.56,0.1016,0.73,0.159,-0.3442,0.0659,0.0,261490.0,7227.0
2026-09-21 11:04:23,2026-09-21T10:48:52,769.26,2026-09-21,P,768.0,0.36,0.37,51.0,1441.0,0.36,0.1093,-0.27,0.159,-0.3442,0.0659,0.0,146466.0,334.0
2026-09-21 11:04:23,2026-09-21T10:48:52,769.26,2026-09-21,C,769.0,0.9,0.91,503.0,567.0,0.9,0.0975,0.555,0.2004,-0.6594,0.0775,0.0,235870.0,5303.0
2026-09-21 11:04:23,2026-09-21T10:48:52,769.26,2026-09-21,P,769.0,0.67,0.68,612.0,648.0,0.67,0.1027,-0.445,0.2004,-0.6594,0.0775,0.0,105790.0,318.0
2026-09-21 11:04:23,2026-09-21T10:48:52,769.26,2026-09-21,C,770.0,0.44,0.45,798.0,177.0,0.45,0.0964,0.3555,0.1898,-0.4721,0.0735,0.0,299327.0,29669.0
2026-09-21 11:04:23,2026-09-21T10:48:52,769.26,2026-09-21,P,770.0,1.22,1.23,1.0,304.0,1.22,0.1033,-0.6445,0.1898,-0.4721,0.0735,0.0,36794.0,828.0
2026-09-21 11:04:23,2026-09-21T10:48:52,769.26,2026-09-21,C,771.0,0.2,0.21,2147.0,149.0,0.21,0.1003,0.1995,0.1366,-0.2275,0.0566,0.0,112474.0,4731.0
2026-09-21 11:04:23,2026-09-21T10:48:52,769.26,2026-09-21,P,771.0,1.98,1.99,94.0,151.0,1.97,0.1085,-0.8005,0.1366,-0.2275,0.0566,0.0,11816.0,69.0
2026-09-21 11:04:23,2026-09-21T10:48:52,769.26,2026-09-21,C,772.0,0.1,0.11,2007.0,2166.0,0.09,0.1098,0.1093,0.0846,-0.1164,0.0391,0.0,80032.0,3586.0
2026-09-21 11:04:23,2026-09-21T10:48:52,769.26,2026-09-21,P,772.0,2.85,2.88,30.0,136.0,2.89,0.1216,-0.8907,0.0846,-0.1164,0.0391,0.0,5135.0,119.0
2026-09-21 11:04:23,2026-09-21T10:48:52,769.26,2026-09-21,C,773.0,0.05,0.06,4034.0,1973.0,0.06,0.1192,0.0632,0.051,-0.0664,0.0266,0.0,24018.0,3885.0
2026-09-21 11:04:23,2026-09-21T10:48:52,769.26,2026-09-21,P,773.0,3.81,3.83,15.0,1.0,3.96,0.1365,-0.9368,0.051,-0.0664,0.0266,0.0,1225.0,0.0
2026-09-21 11:04:23,2026-09-21T10:48:52,769.26,2026-09-21,C,774.0,0.03,0.04,4214.0,3873.0,0.04,0.1323,0.0393,0.0317,-0.042,0.0185,0.0,10220.0,2988.0
2026-09-21 11:04:23,2026-09-21T10:48:52,769.26,2026-09-21,P,774.0,4.79,4.81,15.0,32.0,4.88,0.1556,-0.9607,0.0317,-0.042,0.0185,0.0,775.0,10.0
2026-09-21 11:04:23,2026-09-21T10:48:52,769.26,2026-09-21,C,775.0,0.02,0.03,4818.0,4853.0,0.03,0.1466,0.0267,0.0209,-0.0296,0.0136,0.0,3006.0,2242.0
2026-09-21 11:04:23,2026-09-21T10:48:52,769.26,2026-09-21,P,775.0,5.79,5.81,20.0,103.0,5.93,0.176,-0.9733,0.0209,-0.0296,0.0136,0.0,451.0,0.0
2026-09-21 11:04:23,2026-09-21T10:48:52,769.26,2026-09-21,C,776.0,0.01,0.02,6145.0,4662.0,0.02,0.1559,0.02,0.0149,-0.0236,0.0107,0.0,1946.0,860.0
2026-09-21 11:04:23,2026-09-21T10:48:52,769.26,2026-09-21,P,776.0,6.78,6.84,11.0,35.0,7.11,0.2054,-0.98,0.0149,-0.0236,0.0107,0.0,427.0,10.0
2026-09-21 11:04:23,2026-09-21T10:48:52,769.26,2026-09-21,C,777.0,0.01,0.02,5720.0,5867.0,0.01,0.1757,0.0164,0.0114,-0.0208,0.009,0.0,17175.0,2233.0
2026-09-21 11:04:23,2026-09-21T10:48:52,769.26,2026-09-21,P,777.0,7.78,7.8,1.0,107.0,7.98,0.2176,-0.9836,0.0114,-0.0208,0.009,0.0,1150.0,0.0
2026-09-21 11:04:23,2026-09-21T10:48:52,769.26,2026-09-21,C,778.0,0.0,0.01,0.0,2420.0,0.01,0.1714,0.0143,0.0092,-0.0195,0.0079,0.0,1664.0,817.0
2026-09-21 11:04:23,2026-09-21T10:48:52,769.26,2026-09-21,P,778.0,8.77,8.83,64.0,114.0,8.89,0.247,-0.9857,0.0092,-0.0195,0.0079,0.0,131.0,0.0
2026-09-21 11:04:23,2026-09-21T10:48:52,769.26,2026-09-21,C,779.0,0.0,0.01,0.0,5424.0,0.01,0.1887,0.0128,0.0076,-0.0189,0.0072,0.0,197.0,835.0
2026-09-21 11:04:23,2026-09-21T10:48:52,769.26,2026-09-21,P,779.0,9.74,9.86,55.0,114.0,10.13,0.2699,-0.9872,0.0076,-0.0189,0.0072,0.0,22.0,0.0
2026-09-21 11:04:23,2026-09-21T10:48:52,769.26,2026-09-21,C,780.0,0.0,0.01,0.0,6396.0,0.01,0.2059,0.0118,0.0065,-0.0186,0.0066,0.0,200.0,2288.0
2026-09-21 11:04:23,2026-09-21T10:48:52,769.26,2026-09-21,P,780.0,10.74,10.86,53.0,135.0,11.25,0.2924,-0.9882,0.0065,-0.0186,0.0066,0.0,77.0,0.0
2026-09-21 11:04:23,2026-09-21T10:48:52,769.26,2026-09-21,C,781.0,0.0,0.01,0.0,6878.0,0.02,0.2228,0.0109,0.0057,-0.0185,0.0062,0.0,45.0,930.0
2026-09-21 11:04:23,2026-09-21T10:48:52,769.26,2026-09-21,P,781.0,11.76,11.86,1.0,127.0,12.07,0.3219,-0.9891,0.0057,-0.0185,0.0062,0.0,33.0,10.0
2026-09-21 11:04:23,2026-09-21T10:48:52,769.26,2026-09-21,C,782.0,0.0,0.01,0.0,7210.0,0.01,0.2397,0.0102,0.005,-0.0184,0.0058,0.0,296.0,596.0
2026-09-21 11:04:23,2026-09-21T10:48:52,769.26,2026-09-21,P,782.0,12.76,12.86,1.0,200.0,12.75,0.3442,-0.9898,0.005,-0.0184,0.0058,0.0,54.0,0.0
2026-09-21 11:04:23,2026-09-21T10:48:52,769.26,2026-09-21,C,783.0,0.0,0.01,0.0,7455.0,0.01,0.2564,0.0096,0.0044,-0.0183,0.0055,0.0,191.0,2107.0
2026-09-21 11:04:23,2026-09-21T10:48:52,769.26,2026-09-21,P,783.0,13.77,13.86,1.0,200.0,13.94,0.3701,-0.9904,0.0044,-0.0183,0.0055,0.0,14.0,0.0
2026-09-21 11:04:23,2026-09-21T10:48:52,769.26,2026-09-21,C,784.0,0.0,0.01,0.0,7675.0,0.01,0.273,0.0091,0.004,-0.0182,0.0052,0.0,0.0,346.0
2026-09-21 11:04:23,2026-09-21T10:48:52,769.26,2026-09-21,P,784.0,14.74,14.86,67.0,200.0,14.73,0.3798,-0.9909,0.004,-0.0182,0.0052,0.0,12.0,0.0
2026-09-21 11:04:23,2026-09-21T10:48:52,769.26,2026-09-21,C,785.0,0.0,0.01,0.0,7815.0,0.01,0.2895,0.0086,0.0036,-0.0181,0.0049,0.0,2.0,490.0
2026-09-21 11:04:23,2026-09-21T10:48:52,769.26,2026-09-21,P,785.0,15.74,15.86,67.0,200.0,15.86,0.4012,-0.9914,0.0036,-0.0181,0.0049,0.0,27.0,0.0
2026-09-21 11:04:23,2026-09-21T10:48:52,769.26,2026-09-21,C,786.0,0.0,0.01,0.0,7997.0,0.01,0.3059,0.0082,0.0032,-0.0181,0.0047,0.0,9.0,1683.0
2026-09-21 11:04:23,2026-09-21T10:48:52,769.26,2026-09-21,P,786.0,16.74,16.86,50.0,200.0,16.73,0.4223,-0.9918,0.0032,-0.0181,0.0047,0.0,25.0,0.0
2026-09-21 11:04:23,2026-09-21T10:48:52,769.26,2026-09-21,C,787.0,0.0,0.01,0.0,8149.0,0.01,0.3221,0.0078,0.003,-0.018,0.0045,0.0,1.0,1400.0
2026-09-21 11:04:23,2026-09-21T10:48:52,769.26,2026-09-21,P,787.0,17.74,17.86,66.0,200.0,17.76,0.4432,-0.9922,0.003,-0.018,0.0045,0.0,53.0,0.0
2026-09-21 11:04:23,2026-09-21T10:48:52,769.26,2026-09-21,C,788.0,0.0,0.01,0.0,8213.0,0.01,0.3383,0.0074,0.0027,-0.018,0.0043,0.0,2.0,1010.0
2026-09-21 11:04:23,2026-09-21T10:48:52,769.26,2026-09-21,P,788.0,18.76,18.86,1.0,71.0,19.28,0.4737,-0.9926,0.0027,-0.018,0.0043,0.0,32.0,0.0
2026-09-21 11:04:23,2026-09-21T10:48:52,769.26,2026-09-21,C,789.0,0.0,0.01,0.0,8273.0,0.01,0.3544,0.0071,0.0025,-0.0179,0.0041,0.0,2.0,6906.0
2026-09-21 11:04:23,2026-09-21T10:48:52,769.26,2026-09-21,P,789.0,19.76,19.86,1.0,188.0,20.27,0.4946,-0.9929,0.0025,-0.0179,0.0041,0.0,340.0,0.0
2026-09-21 11:04:23,2026-09-21T10:48:52,769.26,2026-09-21,C,790.0,0.0,0.01,0.0,8325.0,0.01,0.3704,0.0068,0.0023,-0.0178,0.004,0.0,12.0,6747.0
2026-09-21 11:04:23,2026-09-21T10:48:52,769.26,2026-09-21,P,790.0,20.76,20.86,1.0,117.0,21.01,0.5154,-0.9932,0.0023,-0.0178,0.004,0.0,23.0,0.0
2026-09-21 11:04:23,2026-09-21T10:48:52,769.26,2026-09-21,C,791.0,0.0,0.01,0.0,8354.0,0.02,0.3863,0.0066,0.0021,-0.0178,0.0038,0.0,0.0,221.0
2026-09-21 11:04:23,2026-09-21T10:48:52,769.26,2026-09-21,P,791.0,21.76,21.86,1.0,118.0,21.95,0.5361,-0.9934,0.0021,-0.0178,0.0038,0.0,11.0,0.0
2026-09-21 11:04:23,2026-09-21T10:48:52,769.26,2026-09-21,C,792.0,0.0,0.01,0.0,8356.0,0.01,0.4022,0.0063,0.002,-0.0177,0.0037,0.0,0.0,485.0
2026-09-21 11:04:23,2026-09-21T10:48:52,769.26,2026-09-21,P,792.0,22.76,22.85,1.0,10.0,23.08,0.5566,-0.9937,0.002,-0.0177,0.0037,0.0,31.0,0.0
2026-09-21 11:04:23,2026-09-21T10:48:52,769.26,2026-09-21,C,793.0,0.0,0.01,0.0,8355.0,0.01,0.418,0.0061,0.0019,-0.0177,0.0036,0.0,0.0,26.0
2026-09-21 11:04:23,2026-09-21T10:48:52,769.26,2026-09-21,P,793.0,23.76,23.86,1.0,101.0,23.98,0.577,-0.9939,0.0019,-0.0177,0.0036,0.0,24.0,0.0
2026-09-21 11:04:23,2026-09-21T10:48:52,769.26,2026-09-21,C,794.0,0.0,0.01,0.0,8355.0,0.01,0.4336,0.0059,0.0017,-0.0176,0.0034,0.0,0.0,530.0
2026-09-21 11:04:23,2026-09-21T10:48:52,769.26,2026-09-21,P,794.0,24.29,25.5,69.0,69.0,25.18,0.6705,-0.9941,0.0017,-0.0176,0.0034,0.0,4.0,0.0
2026-09-21 11:04:23,2026-09-21T10:48:52,769.26,2026-09-21,C,795.0,0.0,0.01,0.0,8356.0,0.02,0.4493,0.0057,0.0016,-0.0175,0.0033,0.0,0.0,543.0
2026-09-21 11:04:23,2026-09-21T10:48:52,769.26,2026-09-21,P,795.0,25.31,26.48,58.0,58.0,26.1,0.6924,-0.9943,0.0016,-0.0175,0.0033,0.0,2.0,0.0
2026-09-21 11:04:23,2026-09-21T10:48:52,769.26,2026-09-21,C,796.0,0.0,0.01,0.0,8355.0,0.02,0.4648,0.0055,0.0015,-0.0175,0.0032,0.0,0.0,1.0
2026-09-21 11:04:23,2026-09-21T10:48:52,769.26,2026-09-21,P,796.0,26.26,27.45,112.0,109.0,27.09,0.6823,-0.9945,0.0015,-0.0175,0.0032,0.0,2.0,0.0
2026-09-21 11:04:23,2026-09-21T10:48:52,769.26,2026-09-21,C,797.0,0.0,0.01,0.0,7855.0,0.02,0.4804,0.0054,0.0014,-0.0174,0.0031,0.0,0.0,170.0
2026-09-21 11:04:23,2026-09-21T10:48:52,769.26,2026-09-21,P,797.0,27.3,28.44,69.0,70.0,28.21,0.7162,-0.9946,0.0014,-0.0174,0.0031,0.0,3.0,0.0
2026-09-21 11:04:23,2026-09-21T10:48:52,769.26,2026-09-21,C,798.0,0.0,0.01,0.0,7855.0,0.02,0.4958,0.0052,0.0014,-0.0174,0.003,0.0,0.0,115.0
2026-09-21 11:04:23,2026-09-21T10:48:52,769.26,2026-09-21,P,798.0,28.25,29.44,113.0,113.0,29.15,0.7148,-0.9948,0.0014,-0.0174,0.003,0.0,3.0,0.0
2026-09-21 11:04:23,2026-09-21T10:48:52,769.26,2026-09-21,C,799.0,0.0,0.01,0.0,7855.0,0.01,0.5112,0.005,0.0013,-0.0173,0.003,0.0,10.0,23.0
2026-09-21 11:04:23,2026-09-21T10:48:52,769.26,2026-09-21,P,799.0,29.26,30.42,38.0,38.0,30.75,0.7303,-0.995,0.0013,-0.0173,0.003,0.0,1.0,0.0
2026-09-21 11:04:23,2026-09-21T10:48:52,769.26,2026-09-21,C,800.0,0.0,0.01,0.0,7855.0,0.01,0.5265,0.0049,0.0012,-0.0173,0.0029,0.0,2.0,935.0
2026-09-21 11:04:23,2026-09-21T10:48:52,769.26,2026-09-21,P,800.0,30.28,31.49,69.0,69.0,31.44,0.792,-0.9951,0.0012,-0.0173,0.0029,0.0,4.0,1.0
2026-09-21 11:04:23,2026-09-21T10:48:52,769.26,2026-09-21,C,801.0,0.0,0.01,0.0,7855.0,0.01,0.5417,0.0048,0.0012,-0.0172,0.0028,0.0,0.0,242.0
2026-09-21 11:04:23,2026-09-21T10:48:52,769.26,2026-09-21,P,801.0,31.29,32.39,37.0,37.0,39.82,0.7708,-0.9952,0.0012,-0.0172,0.0028,0.0,0.0,0.0
2026-09-21 11:04:23,2026-09-21T10:48:52,769.26,2026-09-21,C,802.0,0.0,0.01,0.0,7856.0,0.01,0.5569,0.0046,0.0011,-0.0172,0.0027,0.0,2.0,1043.0
2026-09-21 11:04:23,2026-09-21T10:48:52,769.26,2026-09-21,P,802.0,32.27,33.39,37.0,37.0,42.57,0.7799,-0.9954,0.0011,-0.0172,0.0027,0.0,0.0,0.0
2026-09-21 11:04:23,2026-09-21T10:48:52,769.26,2026-09-21,C,803.0,0.0,0.01,0.0,7855.0,0.01,0.5721,0.0045,0.001,-0.0171,0.0027,0.0,0.0,958.0
2026-09-21 11:04:23,2026-09-21T10:48:52,769.26,2026-09-21,P,803.0,33.28,34.42,38.0,38.0,33.72,0.8216,-0.9955,0.001,-0.0171,0.0027,0.0,1.0,0.0
2026-09-21 11:04:23,2026-09-21T10:48:52,769.26,2026-09-21,C,804.0,0.0,0.01,0.0,7855.0,0.02,0.5872,0.0044,0.001,-0.017,0.0026,0.0,0.0,65.0
2026-09-21 11:04:23,2026-09-21T10:48:52,769.26,2026-09-21,P,804.0,34.26,35.39,37.0,37.0,34.67,0.8135,-0.9956,0.001,-0.017,0.0026,0.0,1.0,0.0
2026-09-21 11:04:23,2026-09-21T10:48:52,769.26,2026-09-21,C,805.0,0.0,0.01,0.0,7855.0,0.01,0.6022,0.0043,0.001,-0.017,0.0026,0.0,0.0,41.0
2026-09-21 11:04:23,2026-09-21T10:48:52,769.26,2026-09-21,P,805.0,35.28,36.36,38.0,38.0,43.96,0.845,-0.9957,0.001,-0.017,0.0026,0.0,0.0,0.0
2026-09-21 11:04:23,2026-09-21T10:48:52,769.26,2026-09-21,C,806.0,0.0,0.01,0.0,7855.0,0.01,0.6172,0.0042,0.0009,-0.0169,0.0025,0.0,0.0,483.0
2026-09-21 11:04:23,2026-09-21T10:48:52,769.26,2026-09-21,P,806.0,36.27,37.44,37.0,37.0,46.72,0.8871,-0.9958,0.0009,-0.0169,0.0025,0.0,0.0,0.0
2026-09-21 11:04:23,2026-09-21T10:48:52,769.26,2026-09-21,C,807.0,0.0,0.01,0.0,7855.0,0.01,0.6322,0.0041,0.0009,-0.0169,0.0024,0.0,0.0,395.0
2026-09-21 11:04:23,2026-09-21T10:48:52,769.26,2026-09-21,P,807.0,37.27,38.36,38.0,38.0,47.38,0.8781,-0.9959,0.0009,-0.0169,0.0024,0.0,0.0,0.0
2026-09-21 11:09:24,2026-09-21T10:53:52,768.93,2026-09-21,C,731.0,37.77,38.45,93.0,93.0,38.15,1.0065,0.9959,0.0008,-0.0182,0.0024,0.0,134.0,19.0
2026-09-21 11:09:24,2026-09-21T10:53:52,768.93,2026-09-21,P,731.0,0.0,0.01,0.0,6646.0,0.01,0.6727,-0.0041,0.0008,-0.0182,0.0024,0.0,10.0,7564.0
2026-09-21 11:09:24,2026-09-21T10:53:52,768.93,2026-09-21,C,732.0,36.76,37.5,369.0,369.0,37.21,1.0017,0.9958,0.0009,-0.0182,0.0025,0.0,497.0,32.0
2026-09-21 11:09:24,2026-09-21T10:53:52,768.93,2026-09-21,P,732.0,0.0,0.01,0.0,6559.0,0.01,0.656,-0.0042,0.0009,-0.0182,0.0025,0.0,36.0,881.0
2026-09-21 11:09:24,2026-09-21T10:53:52,768.93,2026-09-21,C,733.0,35.51,36.52,127.0,369.0,35.93,0.8476,0.9957,0.0009,-0.0183,0.0025,0.0,198.0,63.0
2026-09-21 11:09:24,2026-09-21T10:53:52,768.93,2026-09-21,P,733.0,0.0,0.01,0.0,6466.0,0.01,0.6393,-0.0043,0.0009,-0.0183,0.0025,0.0,4.0,2919.0
2026-09-21 11:09:24,2026-09-21T10:53:52,768.93,2026-09-21,C,734.0,34.51,35.52,125.0,370.0,34.96,0.8266,0.9956,0.001,-0.0184,0.0026,0.0,320.0,56.0
2026-09-21 11:09:24,2026-09-21T10:53:52,768.93,2026-09-21,P,734.0,0.0,0.01,0.0,6366.0,0.05,0.6226,-0.0044,0.001,-0.0184,0.0026,0.0,0.0,773.0
2026-09-21 11:09:24,2026-09-21T10:53:52,768.93,2026-09-21,C,735.0,33.59,34.55,115.0,115.0,34.03,0.8752,0.9954,0.001,-0.0185,0.0027,0.0,719.0,24.0
2026-09-21 11:09:24,2026-09-21T10:53:52,768.93,2026-09-21,P,735.0,0.0,0.01,0.0,6264.0,0.01,0.6059,-0.0046,0.001,-0.0185,0.0027,0.0,13.0,1578.0
2026-09-21 11:09:24,2026-09-21T10:53:52,768.93,2026-09-21,C,736.0,32.53,33.55,114.0,114.0,32.72,0.8187,0.9953,0.001,-0.0186,0.0027,0.0,182.0,16.0
2026-09-21 11:09:24,2026-09-21T10:53:52,768.93,2026-09-21,P,736.0,0.0,0.01,0.0,6159.0,0.01,0.5892,-0.0047,0.001,-0.0186,0.0027,0.0,7.0,2021.0
2026-09-21 11:09:24,2026-09-21T10:53:52,768.93,2026-09-21,C,737.0,31.89,31.96,44.0,77.0,31.93,0.0,0.9952,0.0011,-0.0187,0.0028,0.0,231.0,17.0
2026-09-21 11:09:24,2026-09-21T10:53:52,768.93,2026-09-21,P,737.0,0.0,0.01,0.0,6046.0,0.01,0.5725,-0.0048,0.0011,-0.0187,0.0028,0.0,6.0,1437.0
2026-09-21 11:09:24,2026-09-21T10:53:52,768.93,2026-09-21,C,738.0,30.89,30.96,78.0,60.0,30.9,0.0,0.995,0.0012,-0.0188,0.0029,0.0,328.0,22.0
2026-09-21 11:09:24,2026-09-21T10:53:52,768.93,2026-09-21,P,738.0,0.0,0.01,0.0,5931.0,0.02,0.5558,-0.005,0.0012,-0.0188,0.0029,0.0,10.0,1180.0
2026-09-21 11:09:24,2026-09-21T10:53:52,768.93,2026-09-21,C,739.0,29.89,29.96,78.0,61.0,29.74,0.0,0.9949,0.0012,-0.0188,0.003,0.0,309.0,30.0
2026-09-21 11:09:24,2026-09-21T10:53:52,768.93,2026-09-21,P,739.0,0.0,0.01,0.0,5867.0,0.01,0.539,-0.0051,0.0012,-0.0188,0.003,0.0,447.0,1347.0
2026-09-21 11:09:24,2026-09-21T10:53:52,768.93,2026-09-21,C,740.0,28.91,28.92,11.0,37.0,28.76,0.0,0.9947,0.0013,-0.0189,0.0031,0.0,1965.0,42.0
2026-09-21 11:09:24,2026-09-21T10:53:52,768.93,2026-09-21,P,740.0,0.0,0.01,0.0,5737.0,0.01,0.5222,-0.0053,0.0013,-0.0189,0.0031,0.0,3674.0,5789.0
2026-09-21 11:09:24,2026-09-21T10:53:52,768.93,2026-09-21,C,741.0,27.9,27.96,33.0,59.0,27.95,0.0,0.9945,0.0014,-0.019,0.0032,0.0,336.0,38.0
2026-09-21 11:09:24,2026-09-21T10:53:52,768.93,2026-09-21,P,741.0,0.0,0.01,0.0,5601.0,0.01,0.5054,-0.0055,0.0014,-0.019,0.0032,0.0,213.0,2863.0
2026-09-21 11:09:24,2026-09-21T10:53:52,768.93,2026-09-21,C,742.0,26.91,26.93,53.0,117.0,26.86,0.0,0.9943,0.0015,-0.0191,0.0033,0.0,1180.0,11.0
2026-09-21 11:09:24,2026-09-21T10:53:52,768.93,2026-09-21,P,742.0,0.0,0.01,0.0,5460.0,0.01,0.4886,-0.0057,0.0015,-0.0191,0.0033,0.0,862.0,1915.0
2026-09-21 11:09:24,2026-09-21T10:53:52,768.93,2026-09-21,C,743.0,25.9,25.96,35.0,57.0,26.1,0.0,0.9941,0.0016,-0.0192,0.0034,0.0,202.0,71.0
2026-09-21 11:09:24,2026-09-21T10:53:52,768.93,2026-09-21,P,743.0,0.0,0.01,0.0,3434.0,0.01,0.4718,-0.0059,0.0016,-0.0192,0.0034,0.0,1138.0,2810.0
2026-09-21 11:09:24,2026-09-21T10:53:52,768.93,2026-09-21,C,744.0,24.91,24.93,55.0,84.0,24.94,0.0,0.9939,0.0017,-0.0193,0.0035,0.0,725.0,47.0
2026-09-21 11:09:24,2026-09-21T10:53:52,768.93,2026-09-21,P,744.0,0.0,0.01,0.0,2553.0,0.01,0.4549,-0.0061,0.0017,-0.0193,0.0035,0.0,3965.0,1802.0
2026-09-21 11:09:24,2026-09-21T10:53:52,768.93,2026-09-21,C,745.0,23.9,23.96,37.0,56.0,23.88,0.0,0.9937,0.0018,-0.0194,0.0036,0.0,210.0,84.0
2026-09-21 11:09:24,2026-09-21T10:53:52,768.93,2026-09-21,P,745.0,0.01,0.02,6109.0,6400.0,0.01,0.4887,-0.0063,0.0018,-0.0194,0.0036,0.0,10338.0,18475.0
2026-09-21 11:09:24,2026-09-21T10:53:52,768.93,2026-09-21,C,746.0,22.9,22.96,100.0,100.0,22.96,0.0,0.9934,0.002,-0.0195,0.0038,0.0,415.0,65.0
2026-09-21 11:09:24,2026-09-21T10:53:52,768.93,2026-09-21,P,746.0,0.01,0.02,6186.0,6184.0,0.01,0.4701,-0.0066,0.002,-0.0195,0.0038,0.0,2057.0,1979.0
2026-09-21 11:09:24,2026-09-21T10:53:52,768.93,2026-09-21,C,747.0,21.9,21.97,100.0,100.0,21.94,0.0,0.9932,0.0021,-0.0196,0.0039,0.0,446.0,18.0
2026-09-21 11:09:24,2026-09-21T10:53:52,768.93,2026-09-21,P,747.0,0.01,0.02,6257.0,5968.0,0.02,0.4515,-0.0068,0.0021,-0.0196,0.0039,0.0,3515.0,2684.0
2026-09-21 11:09:24,2026-09-21T10:53:52,768.93,2026-09-21,C,748.0,20.9,20.97,100.0,100.0,21.35,0.0,0.9929,0.0023,-0.0197,0.004,0.0,286.0,61.0
2026-09-21 11:09:24,2026-09-21T10:53:52,768.93,2026-09-21,P,748.0,0.01,0.02,6406.0,5828.0,0.02,0.4329,-0.0071,0.0023,-0.0197,0.004,0.0,3201.0,4869.0
2026-09-21 11:09:24,2026-09-21T10:53:52,768.93,2026-09-21,C,749.0,19.9,19.97,100.0,121.0,19.94,0.0,0.9926,0.0025,-0.0198,0.0042,0.0,705.0,83.0
2026-09-21 11:09:24,2026-09-21T10:53:52,768.93,2026-09-21,P,749.0,0.01,0.02,5182.0,4346.0,0.02,0.4142,-0.0074,0.0025,-0.0198,0.0042,0.0,2251.0,5143.0
2026-09-21 11:09:24,2026-09-21T10:53:52,768.93,2026-09-21,C,750.0,18.9,18.97,100.0,100.0,18.95,0.0,0.9922,0.0027,-0.0199,0.0044,0.0,1699.0,477.0
2026-09-21 11:09:24,2026-09-21T10:53:52,768.93,2026-09-21,P,750.0,0.01,0.02,5546.0,4149.0,0.01,0.3955,-0.0078,0.0027,-0.0199,0.0044,0.0,11670.0,16881.0
2026-09-21 11:09:24,2026-09-21T10:53:52,768.93,2026-09-21,C,751.0,17.9,17.96,100.0,52.0,17.93,0.0,0.9918,0.003,-0.0201,0.0046,0.0,156.0,334.0
2026-09-21 11:09:24,2026-09-21T10:53:52,768.93,2026-09-21,P,751.0,0.01,0.02,5474.0,3956.0,0.01,0.3767,-0.0082,0.003,-0.0201,0.0046,0.0,1864.0,2776.0
2026-09-21 11:09:24,2026-09-21T10:53:52,768.93,2026-09-21,C,752.0,16.9,16.97,100.0,100.0,16.79,0.0,0.9914,0.0032,-0.0203,0.0048,0.0,81.0,298.0
2026-09-21 11:09:24,2026-09-21T10:53:52,768.93,2026-09-21,P,752.0,0.02,0.03,4056.0,5183.0,0.02,0.3806,-0.0086,0.0032,-0.0203,0.0048,0.0,14779.0,3260.0
2026-09-21 11:09:24,2026-09-21T10:53:52,768.93,2026-09-21,C,753.0,15.91,15.97,100.0,100.0,15.98,0.0,0.9909,0.0036,-0.0205,0.0051,0.0,84.0,321.0
2026-09-21 11:09:24,2026-09-21T10:53:52,768.93,2026-09-21,P,753.0,0.02,0.03,4129.0,4620.0,0.02,0.3606,-0.0091,0.0036,-0.0205,0.0051,0.0,11055.0,2802.0
2026-09-21 11:09:24,2026-09-21T10:53:52,768.93,2026-09-21,C,754.0,14.91,14.97,100.0,100.0,14.78,0.0,0.9903,0.004,-0.0208,0.0054,0.0,253.0,569.0
2026-09-21 11:09:24,2026-09-21T10:53:52,768.93,2026-09-21,P,754.0,0.02,0.03,4193.0,4435.0,0.02,0.3406,-0.0097,0.004,-0.0208,0.0054,0.0,5328.0,2348.0
2026-09-21 11:09:24,2026-09-21T10:53:52,768.93,2026-09-21,C,755.0,13.91,13.97,100.0,100.0,13.94,0.0,0.9896,0.0045,-0.0211,0.0058,0.0,1653.0,1471.0
2026-09-21 11:09:24,2026-09-21T10:53:52,768.93,2026-09-21,P,755.0,0.02,0.03,4452.0,4235.0,0.02,0.3205,-0.0104,0.0045,-0.0211,0.0058,0.0,5324.0,21487.0
2026-09-21 11:09:24,2026-09-21T10:53:52,768.93,2026-09-21,C,756.0,12.91,12.98,100.0,100.0,13.15,0.0,0.9888,0.0052,-0.0217,0.0062,0.0,574.0,768.0
2026-09-21 11:09:24,2026-09-21T10:53:52,768.93,2026-09-21,P,756.0,0.02,0.03,4502.0,3994.0,0.03,0.3003,-0.0112,0.0052,-0.0217,0.0062,0.0,2904.0,4124.0
2026-09-21 11:09:24,2026-09-21T10:53:52,768.93,2026-09-21,C,757.0,11.91,11.98,100.0,100.0,11.96,0.0,0.9877,0.006,-0.0225,0.0067,0.0,3941.0,3398.0
2026-09-21 11:09:24,2026-09-21T10:53:52,768.93,2026-09-21,P,757.0,0.02,0.03,4455.0,3717.0,0.02,0.2799,-0.0123,0.006,-0.0225,0.0067,0.0,3891.0,6135.0
2026-09-21 11:09:24,2026-09-21T10:53:52,768.93,2026-09-21,C,758.0,10.91,10.98,100.0,100.0,11.0,0.0,0.9863,0.007,-0.0236,0.0074,0.0,561.0,1431.0
2026-09-21 11:09:24,2026-09-21T10:53:52,768.93,2026-09-21,P,758.0,0.02,0.03,4500.0,3049.0,0.03,0.2594,-0.0137,0.007,-0.0236,0.0074,0.0,9032.0,6814.0
2026-09-21 11:09:24,2026-09-21T10:53:52,768.93,2026-09-21,C,759.0,9.92,9.98,73.0,100.0,10.27,0.0,0.9844,0.0084,-0.0254,0.0083,0.0,806.0,3109.0
2026-09-21 11:09:24,2026-09-21T10:53:52,768.93,2026-09-21,P,759.0,0.03,0.04,3551.0,4262.0,0.03,0.2506,-0.0156,0.0084,-0.0254,0.0083,0.0,10962.0,9099.0
2026-09-21 11:09:24,2026-09-21T10:53:52,768.93,2026-09-21,C,760.0,8.94,8.95,1.0,50.0,8.97,0.2111,0.9818,0.0104,-0.0282,0.0095,0.0,2398.0,6853.0
2026-09-21 11:09:24,2026-09-21T10:53:52,768.93,2026-09-21,P,760.0,0.03,0.04,4056.0,3735.0,0.04,0.2289,-0.0182,0.0104,-0.0282,0.0095,0.0,15859.0,15275.0
2026-09-21 11:09:24,2026-09-21T10:53:52,768.93,2026-09-21,C,761.0,7.94,7.98,14.0,100.0,7.95,0.1739,0.9778,0.0133,-0.0324,0.0112,0.0,2630.0,5926.0
2026-09-21 11:09:24,2026-09-21T10:53:52,768.93,2026-09-21,P,761.0,0.04,0.05,2416.0,3924.0,0.04,0.2156,-0.0222,0.0133,-0.0324,0.0112,0.0,21955.0,9645.0
2026-09-21 11:09:24,2026-09-21T10:53:52,768.93,2026-09-21,C,762.0,6.95,6.96,1.0,90.0,6.96,0.1848,0.9719,0.0176,-0.039,0.0137,0.0,10008.0,8574.0
2026-09-21 11:09:24,2026-09-21T10:53:52,768.93,2026-09-21,P,762.0,0.04,0.05,3492.0,2952.0,0.04,0.1927,-0.0281,0.0176,-0.039,0.0137,0.0,28722.0,6835.0
2026-09-21 11:09:24,2026-09-21T10:53:52,768.93,2026-09-21,C,763.0,5.95,5.97,100.0,74.0,5.98,0.1659,0.9628,0.0242,-0.0494,0.0172,0.0,11001.0,8346.0
2026-09-21 11:09:24,2026-09-21T10:53:52,768.93,2026-09-21,P,763.0,0.05,0.06,3022.0,2844.0,0.06,0.1757,-0.0372,0.0242,-0.0494,0.0172,0.0,38528.0,6849.0
2026-09-21 11:09:24,2026-09-21T10:53:52,768.93,2026-09-21,C,764.0,4.97,4.98,219.0,94.0,5.0,0.1485,0.9485,0.0347,-0.0656,0.0222,0.0,12587.0,6049.0
2026-09-21 11:09:24,2026-09-21T10:53:52,768.93,2026-09-21,P,764.0,0.07,0.08,1350.0,3741.0,0.08,0.1611,-0.0515,0.0347,-0.0656,0.0222,0.0,64851.0,1764.0
2026-09-21 11:09:24,2026-09-21T10:53:52,768.93,2026-09-21,C,765.0,3.99,4.01,148.0,149.0,4.01,0.1369,0.9255,0.0513,-0.0912,0.0294,0.0,21548.0,10594.0
2026-09-21 11:09:24,2026-09-21T10:53:52,768.93,2026-09-21,P,765.0,0.09,0.1,1444.0,1488.0,0.1,0.1425,-0.0745,0.0513,-0.0912,0.0294,0.0,102144.0,1927.0
2026-09-21 11:09:24,2026-09-21T10:53:52,768.93,2026-09-21,C,766.0,3.04,3.05,105.0,202.0,3.06,0.1217,0.8863,0.0786,-0.1353,0.0395,0.0,63763.0,5357.0
2026-09-21 11:09:24,2026-09-21T10:53:52,768.93,2026-09-21,P,766.0,0.14,0.15,536.0,3085.0,0.15,0.1284,-0.1137,0.0786,-0.1353,0.0395,0.0,161600.0,558.0
2026-09-21 11:09:24,2026-09-21T10:53:52,768.93,2026-09-21,C,767.0,2.13,2.14,214.0,67.0,2.15,0.1099,0.8134,0.1225,-0.2241,0.054,0.0,183686.0,4728.0
2026-09-21 11:09:24,2026-09-21T10:53:52,768.93,2026-09-21,P,767.0,0.23,0.24,1192.0,1402.0,0.24,0.1147,-0.1866,0.1225,-0.2241,0.054,0.0,214272.0,636.0
2026-09-21 11:09:24,2026-09-21T10:53:52,768.93,2026-09-21,C,768.0,1.33,1.34,193.0,304.0,1.34,0.1025,0.6809,0.1771,-0.4188,0.0702,0.0,264998.0,7227.0
2026-09-21 11:09:24,2026-09-21T10:53:52,768.93,2026-09-21,P,768.0,0.42,0.43,796.0,708.0,0.43,0.1046,-0.3191,0.1771,-0.4188,0.0702,0.0,155236.0,334.0
2026-09-21 11:09:24,2026-09-21T10:53:52,768.93,2026-09-21,C,769.0,0.71,0.72,542.0,709.0,0.71,0.0969,0.4892,0.2052,-0.7488,0.0776,0.0,244266.0,5303.0
2026-09-21 11:09:24,2026-09-21T10:53:52,768.93,2026-09-21,P,769.0,0.8,0.81,583.0,577.0,0.81,0.1001,-0.5108,0.2052,-0.7488,0.0776,0.0,117254.0,318.0
2026-09-21 11:09:24,2026-09-21T10:53:52,768.93,2026-09-21,C,770.0,0.33,0.34,712.0,828.0,0.33,0.0962,0.2964,0.1758,-0.3682,0.0682,0.0,310144.0,29669.0
2026-09-21 11:09:24,2026-09-21T10:53:52,768.93,2026-09-21,P,770.0,1.42,1.43,260.0,232.0,1.41,0.0999,-0.7036,0.1758,-0.3682,0.0682,0.0,40122.0,828.0
2026-09-21 11:09:24,2026-09-21T10:53:52,768.93,2026-09-21,C,771.0,0.15,0.16,1689.0,1982.0,0.15,0.1021,0.1625,0.118,-0.1786,0.0499,0.0,117202.0,4731.0
2026-09-21 11:09:24,2026-09-21T10:53:52,768.93,2026-09-21,P,771.0,2.24,2.25,146.0,105.0,2.24,0.1053,-0.8375,0.118,-0.1786,0.0499,0.0,12372.0,69.0
2026-09-21 11:09:24,2026-09-21T10:53:52,768.93,2026-09-21,C,772.0,0.07,0.08,2370.0,2053.0,0.08,0.1103,0.0902,0.0715,-0.0948,0.034,0.0,88014.0,3586.0
2026-09-21 11:09:24,2026-09-21T10:53:52,768.93,2026-09-21,P,772.0,3.16,3.17,212.0,94.0,3.18,0.1154,-0.9098,0.0715,-0.0948,0.034,0.0,5512.0,119.0
2026-09-21 11:09:24,2026-09-21T10:53:52,768.93,2026-09-21,C,773.0,0.04,0.05,3349.0,4016.0,0.04,0.1233,0.0534,0.0434,-0.0561,0.0232,0.0,27784.0,3885.0
2026-09-21 11:09:24,2026-09-21T10:53:52,768.93,2026-09-21,P,773.0,4.13,4.14,94.0,94.0,4.12,0.1306,-0.9466,0.0434,-0.0561,0.0232,0.0,1432.0,0.0
2026-09-21 11:09:24,2026-09-21T10:53:52,768.93,2026-09-21,C,774.0,0.03,0.04,3984.0,5009.0,0.04,0.1408,0.0341,0.0274,-0.0367,0.0164,0.0,10288.0,2988.0
2026-09-21 11:09:24,2026-09-21T10:53:52,768.93,2026-09-21,P,774.0,5.11,5.13,101.0,97.0,5.12,0.1473,-0.9659,0.0274,-0.0367,0.0164,0.0,833.0,10.0
2026-09-21 11:09:24,2026-09-21T10:53:52,768.93,2026-09-21,C,775.0,0.02,0.03,5017.0,5561.0,0.02,0.1547,0.0238,0.0185,-0.0269,0.0123,0.0,3025.0,2242.0
2026-09-21 11:09:24,2026-09-21T10:53:52,768.93,2026-09-21,P,775.0,6.11,6.12,35.0,50.0,6.06,0.1634,-0.9762,0.0185,-0.0269,0.0123,0.0,453.0,0.0
2026-09-21 11:09:24,2026-09-21T10:53:52,768.93,2026-09-21,C,776.0,0.01,0.02,6014.0,5539.0,0.01,0.1636,0.0184,0.0134,-0.0221,0.0098,0.0,1952.0,860.0
2026-09-21 11:09:24,2026-09-21T10:53:52,768.93,2026-09-21,P,776.0,7.07,7.13,100.0,52.0,6.93,0.197,-0.9816,0.0134,-0.0221,0.0098,0.0,428.0,10.0
2026-09-21 11:09:24,2026-09-21T10:53:52,768.93,2026-09-21,C,777.0,0.01,0.02,5800.0,5915.0,0.01,0.1834,0.0154,0.0104,-0.0198,0.0084,0.0,17178.0,2233.0
2026-09-21 11:09:24,2026-09-21T10:53:52,768.93,2026-09-21,P,777.0,8.1,8.11,1.0,11.0,8.14,0.1969,-0.9846,0.0104,-0.0198,0.0084,0.0,1151.0,0.0
2026-09-21 11:09:24,2026-09-21T10:53:52,768.93,2026-09-21,C,778.0,0.0,0.01,0.0,5002.0,0.01,0.1784,0.0135,0.0085,-0.0188,0.0075,0.0,1673.0,817.0
2026-09-21 11:09:24,2026-09-21T10:53:52,768.93,2026-09-21,P,778.0,9.06,9.12,100.0,69.0,9.12,0.2334,-0.9865,0.0085,-0.0188,0.0075,0.0,132.0,0.0
2026-09-21 11:09:24,2026-09-21T10:53:52,768.93,2026-09-21,C,779.0,0.0,0.01,0.0,5736.0,0.01,0.1958,0.0122,0.0071,-0.0183,0.0068,0.0,229.0,835.0
2026-09-21 11:09:24,2026-09-21T10:53:52,768.93,2026-09-21,P,779.0,10.01,10.14,100.0,100.0,10.13,0.2307,-0.9878,0.0071,-0.0183,0.0068,0.0,22.0,0.0
2026-09-21 11:09:24,2026-09-21T10:53:52,768.93,2026-09-21,C,780.0,0.0,0.01,0.0,6076.0,0.01,0.213,0.0112,0.0061,-0.018,0.0063,0.0,201.0,2288.0
2026-09-21 11:09:24,2026-09-21T10:53:52,768.93,2026-09-21,P,780.0,11.0,11.14,100.0,100.0,11.14,0.2412,-0.9888,0.0061,-0.018,0.0063,0.0,116.0,0.0
2026-09-21 11:09:24,2026-09-21T10:53:52,768.93,2026-09-21,C,781.0,0.0,0.01,0.0,6379.0,0.02,0.2301,0.0104,0.0054,-0.0179,0.0059,0.0,45.0,930.0
2026-09-21 11:09:24,2026-09-21T10:53:52,768.93,2026-09-21,P,781.0,12.0,12.14,100.0,100.0,12.15,0.2601,-0.9896,0.0054,-0.0179,0.0059,0.0,35.0,10.0
2026-09-21 11:09:24,2026-09-21T10:53:52,768.93,2026-09-21,C,782.0,0.0,0.01,0.0,6711.0,0.01,0.247,0.0098,0.0047,-0.0178,0.0055,0.0,296.0,596.0
2026-09-21 11:09:24,2026-09-21T10:53:52,768.93,2026-09-21,P,782.0,13.0,13.14,100.0,100.0,12.75,0.2788,-0.9902,0.0047,-0.0178,0.0055,0.0,54.0,0.0
2026-09-21 11:09:24,2026-09-21T10:53:52,768.93,2026-09-21,C,783.0,0.0,0.01,0.0,7031.0,0.01,0.2638,0.0092,0.0042,-0.0177,0.0052,0.0,191.0,2107.0
2026-09-21 11:09:24,2026-09-21T10:53:52,768.93,2026-09-21,P,783.0,14.0,14.13,100.0,100.0,13.94,0.2837,-0.9908,0.0042,-0.0177,0.0052,0.0,14.0,0.0
2026-09-21 11:09:24,2026-09-21T10:53:52,768.93,2026-09-21,C,784.0,0.0,0.01,0.0,7175.0,0.01,0.2805,0.0087,0.0038,-0.0176,0.0049,0.0,0.0,346.0
2026-09-21 11:09:24,2026-09-21T10:53:52,768.93,2026-09-21,P,784.0,15.0,15.13,100.0,100.0,14.73,0.3014,-0.9913,0.0038,-0.0176,0.0049,0.0,12.0,0.0
2026-09-21 11:09:24,2026-09-21T10:53:52,768.93,2026-09-21,C,785.0,0.0,0.01,0.0,7375.0,0.01,0.2971,0.0082,0.0034,-0.0176,0.0047,0.0,2.0,490.0
2026-09-21 11:09:24,2026-09-21T10:53:52,768.93,2026-09-21,P,785.0,16.0,16.13,100.0,100.0,15.86,0.319,-0.9918,0.0034,-0.0176,0.0047,0.0,27.0,0.0
2026-09-21 11:09:24,2026-09-21T10:53:52,768.93,2026-09-21,C,786.0,0.0,0.01,0.0,7498.0,0.01,0.3135,0.0078,0.0031,-0.0175,0.0045,0.0,9.0,1683.0
2026-09-21 11:09:24,2026-09-21T10:53:52,768.93,2026-09-21,P,786.0,17.0,17.14,100.0,100.0,16.73,0.352,-0.9922,0.0031,-0.0175,0.0045,0.0,25.0,0.0
2026-09-21 11:09:24,2026-09-21T10:53:52,768.93,2026-09-21,C,787.0,0.0,0.01,0.0,7650.0,0.01,0.3299,0.0075,0.0028,-0.0174,0.0043,0.0,1.0,1400.0
2026-09-21 11:09:24,2026-09-21T10:53:52,768.93,2026-09-21,P,787.0,18.0,18.13,100.0,100.0,17.76,0.3538,-0.9925,0.0028,-0.0174,0.0043,0.0,53.0,0.0
2026-09-21 11:09:24,2026-09-21T10:53:52,768.93,2026-09-21,C,788.0,0.0,0.01,0.0,7713.0,0.01,0.3462,0.0072,0.0026,-0.0174,0.0041,0.0,2.0,1010.0
2026-09-21 11:09:24,2026-09-21T10:53:52,768.93,2026-09-21,P,788.0,19.0,19.13,100.0,73.0,18.97,0.371,-0.9928,0.0026,-0.0174,0.0041,0.0,54.0,0.0
2026-09-21 11:09:24,2026-09-21T10:53:52,768.93,2026-09-21,C,789.0,0.0,0.01,0.0,7773.0,0.01,0.3624,0.0068,0.0024,-0.0173,0.0039,0.0,2.0,6906.0
2026-09-21 11:09:24,2026-09-21T10:53:52,768.93,2026-09-21,P,789.0,20.0,20.13,100.0,69.0,20.27,0.3881,-0.9932,0.0024,-0.0173,0.0039,0.0,340.0,0.0
2026-09-21 11:09:24,2026-09-21T10:53:52,768.93,2026-09-21,C,790.0,0.0,0.01,0.0,7825.0,0.01,0.3785,0.0066,0.0022,-0.0173,0.0038,0.0,12.0,6747.0
2026-09-21 11:09:24,2026-09-21T10:53:52,768.93,2026-09-21,P,790.0,21.0,21.13,100.0,69.0,21.01,0.4052,-0.9934,0.0022,-0.0173,0.0038,0.0,23.0,0.0
2026-09-21 11:09:24,2026-09-21T10:53:52,768.93,2026-09-21,C,791.0,0.0,0.01,0.0,7855.0,0.02,0.3945,0.0063,0.002,-0.0172,0.0037,0.0,0.0,221.0
2026-09-21 11:09:24,2026-09-21T10:53:52,768.93,2026-09-21,P,791.0,22.0,22.13,100.0,70.0,21.95,0.4221,-0.9937,0.002,-0.0172,0.0037,0.0,11.0,0.0
2026-09-21 11:09:24,2026-09-21T10:53:52,768.93,2026-09-21,C,792.0,0.0,0.01,0.0,7855.0,0.01,0.4104,0.0061,0.0019,-0.0172,0.0035,0.0,0.0,485.0
2026-09-21 11:09:24,2026-09-21T10:53:52,768.93,2026-09-21,P,792.0,23.0,23.14,69.0,82.0,23.08,0.4582,-0.9939,0.0019,-0.0172,0.0035,0.0,31.0,0.0
2026-09-21 11:09:24,2026-09-21T10:53:52,768.93,2026-09-21,C,793.0,0.0,0.01,0.0,7856.0,0.01,0.4263,0.0059,0.0018,-0.0171,0.0034,0.0,0.0,26.0
2026-09-21 11:09:24,2026-09-21T10:53:52,768.93,2026-09-21,P,793.0,24.0,24.13,69.0,43.0,23.98,0.4557,-0.9941,0.0018,-0.0171,0.0034,0.0,24.0,0.0
2026-09-21 11:09:24,2026-09-21T10:53:52,768.93,2026-09-21,C,794.0,0.0,0.01,0.0,7856.0,0.01,0.4421,0.0057,0.0017,-0.017,0.0033,0.0,0.0,530.0
2026-09-21 11:09:24,2026-09-21T10:53:52,768.93,2026-09-21,P,794.0,24.57,25.37,128.0,128.0,25.18,0.0,-0.9943,0.0017,-0.017,0.0033,0.0,4.0,0.0
2026-09-21 11:09:24,2026-09-21T10:53:52,768.93,2026-09-21,C,795.0,0.0,0.01,0.0,7856.0,0.02,0.4578,0.0055,0.0016,-0.017,0.0032,0.0,0.0,543.0
2026-09-21 11:09:24,2026-09-21T10:53:52,768.93,2026-09-21,P,795.0,25.49,26.36,108.0,170.0,26.1,0.0,-0.9945,0.0016,-0.017,0.0032,0.0,2.0,0.0
2026-09-21 11:09:24,2026-09-21T10:53:52,768.93,2026-09-21,C,796.0,0.0,0.01,0.0,7856.0,0.02,0.4735,0.0053,0.0015,-0.0169,0.0031,0.0,0.0,1.0
2026-09-21 11:09:24,2026-09-21T10:53:52,768.93,2026-09-21,P,796.0,26.57,27.33,128.0,128.0,27.09,0.0,-0.9947,0.0015,-0.0169,0.0031,0.0,2.0,0.0
2026-09-21 11:09:24,2026-09-21T10:53:52,768.93,2026-09-21,C,797.0,0.0,0.01,0.0,7855.0,0.02,0.4891,0.0052,0.0014,-0.0169,0.003,0.0,0.0,170.0
2026-09-21 11:09:24,2026-09-21T10:53:52,768.93,2026-09-21,P,797.0,27.57,28.39,128.0,128.0,28.21,0.0,-0.9948,0.0014,-0.0169,0.003,0.0,3.0,0.0
2026-09-21 11:09:24,2026-09-21T10:53:52,768.93,2026-09-21,C,798.0,0.0,0.01,0.0,7856.0,0.02,0.5046,0.005,0.0013,-0.0168,0.0029,0.0,0.0,115.0
2026-09-21 11:09:24,2026-09-21T10:53:52,768.93,2026-09-21,P,798.0,28.58,29.44,224.0,224.0,29.15,0.0,-0.995,0.0013,-0.0168,0.0029,0.0,3.0,0.0
2026-09-21 11:09:24,2026-09-21T10:53:52,768.93,2026-09-21,C,799.0,0.0,0.01,0.0,7856.0,0.01,0.5201,0.0049,0.0012,-0.0168,0.0028,0.0,10.0,23.0
2026-09-21 11:09:24,2026-09-21T10:53:52,768.93,2026-09-21,P,799.0,29.55,30.37,68.0,68.0,30.75,0.0,-0.9951,0.0012,-0.0168,0.0028,0.0,1.0,0.0
2026-09-21 11:09:24,2026-09-21T10:53:52,768.93,2026-09-21,C,800.0,0.0,0.01,0.0,7855.0,0.01,0.5355,0.0047,0.0012,-0.0167,0.0028,0.0,2.0,935.0
2026-09-21 11:09:24,2026-09-21T10:53:52,768.93,2026-09-21,P,800.0,30.58,31.35,197.0,129.0,31.44,0.0,-0.9953,0.0012,-0.0167,0.0028,0.0,4.0,1.0
2026-09-21 11:09:24,2026-09-21T10:53:52,768.93,2026-09-21,C,801.0,0.0,0.01,0.0,7856.0,0.01,0.5509,0.0046,0.0011,-0.0167,0.0027,0.0,0.0,242.0
2026-09-21 11:09:24,2026-09-21T10:53:52,768.93,2026-09-21,P,801.0,31.58,32.37,69.0,69.0,39.82,0.0,-0.9954,0.0011,-0.0167,0.0027,0.0,0.0,0.0
2026-09-21 11:09:24,2026-09-21T10:53:52,768.93,2026-09-21,C,802.0,0.0,0.01,0.0,7855.0,0.01,0.5662,0.0045,0.0011,-0.0166,0.0026,0.0,2.0,1043.0
2026-09-21 11:09:24,2026-09-21T10:53:52,768.93,2026-09-21,P,802.0,32.56,33.37,69.0,69.0,42.57,0.0,-0.9955,0.0011,-0.0166,0.0026,0.0,0.0,0.0
2026-09-21 11:09:24,2026-09-21T10:53:52,768.93,2026-09-21,C,803.0,0.0,0.01,0.0,7855.0,0.01,0.5814,0.0044,0.001,-0.0166,0.0026,0.0,0.0,958.0
2026-09-21 11:09:24,2026-09-21T10:53:52,768.93,2026-09-21,P,803.0,33.56,34.36,69.0,69.0,33.72,0.0,-0.9956,0.001,-0.0166,0.0026,0.0,1.0,0.0
2026-09-21 11:09:24,2026-09-21T10:53:52,768.93,2026-09-21,C,804.0,0.0,0.01,0.0,7856.0,0.02,0.5966,0.0043,0.001,-0.0165,0.0025,0.0,0.0,65.0
2026-09-21 11:09:24,2026-09-21T10:53:52,768.93,2026-09-21,P,804.0,34.55,35.33,68.0,68.0,34.67,0.0,-0.9957,0.001,-0.0165,0.0025,0.0,1.0,0.0
2026-09-21 11:09:24,2026-09-21T10:53:52,768.93,2026-09-21,C,805.0,0.0,0.01,0.0,7856.0,0.01,0.6118,0.0042,0.0009,-0.0164,0.0024,0.0,0.0,41.0
2026-09-21 11:09:24,2026-09-21T10:53:52,768.93,2026-09-21,P,805.0,35.56,36.35,69.0,69.0,43.96,0.0,-0.9958,0.0009,-0.0164,0.0024,0.0,0.0,0.0
2026-09-21 11:09:24,2026-09-21T10:53:52,768.93,2026-09-21,C,806.0,0.0,0.01,0.0,7855.0,0.01,0.6269,0.0041,0.0009,-0.0164,0.0024,0.0,0.0,483.0
2026-09-21 11:09:24,2026-09-21T10:53:52,768.93,2026-09-21,P,806.0,36.54,37.32,69.0,69.0,46.72,0.0,-0.9959,0.0009,-0.0164,0.0024,0.0,0.0,0.0
2026-09-21 11:09:24,2026-09-21T10:53:52,768.93,2026-09-21,C,807.0,0.0,0.01,0.0,7856.0,0.01,0.6419,0.004,0.0008,-0.0163,0.0024,0.0,0.0,395.0
2026-09-21 11:09:24,2026-09-21T10:53:52,768.93,2026-09-21,P,807.0,37.57,38.33,69.0,69.0,47.38,0.0,-0.996,0.0008,-0.0163,0.0024,0.0,0.0,0.0
2026-09-21 11:14:25,2026-09-21T10:58:51,769.41,2026-09-21,C,731.0,37.77,38.45,115.0,69.0,38.15,0.0,0.9959,0.0008,-0.0182,0.0024,0.0,134.0,19.0
2026-09-21 11:14:25,2026-09-21T10:58:51,769.41,2026-09-21,P,731.0,0.0,0.01,0.0,5144.0,0.01,0.6855,-0.0041,0.0008,-0.0182,0.0024,0.0,10.0,7564.0
2026-09-21 11:14:25,2026-09-21T10:58:51,769.41,2026-09-21,C,732.0,36.76,37.5,145.0,145.0,37.21,0.0,0.9958,0.0008,-0.0183,0.0024,0.0,497.0,32.0
2026-09-21 11:14:25,2026-09-21T10:58:51,769.41,2026-09-21,P,732.0,0.0,0.01,0.0,5058.0,0.01,0.6687,-0.0042,0.0008,-0.0183,0.0024,0.0,36.0,881.0
2026-09-21 11:14:25,2026-09-21T10:58:51,769.41,2026-09-21,C,733.0,35.51,36.52,71.0,24.0,35.93,0.0,0.9957,0.0009,-0.0184,0.0025,0.0,198.0,63.0
2026-09-21 11:14:25,2026-09-21T10:58:51,769.41,2026-09-21,P,733.0,0.0,0.01,0.0,4965.0,0.01,0.652,-0.0043,0.0009,-0.0184,0.0025,0.0,4.0,2919.0
2026-09-21 11:14:25,2026-09-21T10:58:51,769.41,2026-09-21,C,734.0,34.51,35.52,138.0,68.0,34.96,0.0,0.9956,0.0009,-0.0185,0.0026,0.0,320.0,56.0
2026-09-21 11:14:25,2026-09-21T10:58:51,769.41,2026-09-21,P,734.0,0.0,0.01,0.0,4865.0,0.05,0.6352,-0.0044,0.0009,-0.0185,0.0026,0.0,0.0,773.0
2026-09-21 11:14:25,2026-09-21T10:58:51,769.41,2026-09-21,C,735.0,33.59,34.55,119.0,119.0,34.03,0.0,0.9955,0.001,-0.0186,0.0026,0.0,719.0,24.0
2026-09-21 11:14:25,2026-09-21T10:58:51,769.41,2026-09-21,P,735.0,0.0,0.01,0.0,4763.0,0.01,0.6184,-0.0045,0.001,-0.0186,0.0026,0.0,13.0,1578.0
2026-09-21 11:14:25,2026-09-21T10:58:51,769.41,2026-09-21,C,736.0,32.55,33.55,69.0,69.0,32.72,0.0,0.9954,0.001,-0.0186,0.0027,0.0,182.0,16.0
2026-09-21 11:14:25,2026-09-21T10:58:51,769.41,2026-09-21,P,736.0,0.0,0.01,0.0,6658.0,0.01,0.6015,-0.0046,0.001,-0.0186,0.0027,0.0,7.0,2021.0
2026-09-21 11:14:25,2026-09-21T10:58:51,769.41,2026-09-21,C,737.0,32.35,32.41,53.0,93.0,32.19,0.0,0.9952,0.0011,-0.0187,0.0028,0.0,273.0,17.0
2026-09-21 11:14:25,2026-09-21T10:58:51,769.41,2026-09-21,P,737.0,0.0,0.01,0.0,4546.0,0.01,0.5847,-0.0048,0.0011,-0.0187,0.0028,0.0,6.0,1437.0
2026-09-21 11:14:25,2026-09-21T10:58:51,769.41,2026-09-21,C,738.0,31.35,31.41,35.0,100.0,31.19,0.0,0.9951,0.0011,-0.0188,0.0028,0.0,373.0,22.0
2026-09-21 11:14:25,2026-09-21T10:58:51,769.41,2026-09-21,P,738.0,0.0,0.01,0.0,4429.0,0.02,0.5678,-0.0049,0.0011,-0.0188,0.0028,0.0,10.0,1180.0
2026-09-21 11:14:25,2026-09-21T10:58:51,769.41,2026-09-21,C,739.0,30.35,30.41,48.0,92.0,29.74,0.0,0.9949,0.0012,-0.0189,0.0029,0.0,309.0,30.0
2026-09-21 11:14:25,2026-09-21T10:58:51,769.41,2026-09-21,P,739.0,0.0,0.01,0.0,4367.0,0.01,0.551,-0.0051,0.0012,-0.0189,0.0029,0.0,447.0,1347.0
2026-09-21 11:14:25,2026-09-21T10:58:51,769.41,2026-09-21,C,740.0,29.36,29.38,56.0,113.0,29.34,0.0,0.9948,0.0013,-0.019,0.003,0.0,2031.0,42.0
2026-09-21 11:14:25,2026-09-21T10:58:51,769.41,2026-09-21,P,740.0,0.0,0.01,0.0,4237.0,0.01,0.5341,-0.0052,0.0013,-0.019,0.003,0.0,3678.0,5789.0
2026-09-21 11:14:25,2026-09-21T10:58:51,769.41,2026-09-21,C,741.0,28.35,28.41,83.0,99.0,28.08,0.0,0.9946,0.0014,-0.0191,0.0031,0.0,345.0,38.0
2026-09-21 11:14:25,2026-09-21T10:58:51,769.41,2026-09-21,P,741.0,0.0,0.01,0.0,5600.0,0.01,0.5172,-0.0054,0.0014,-0.0191,0.0031,0.0,213.0,2863.0
2026-09-21 11:14:25,2026-09-21T10:58:51,769.41,2026-09-21,C,742.0,27.36,27.38,56.0,111.0,27.38,0.0,0.9944,0.0014,-0.0192,0.0032,0.0,1285.0,11.0
2026-09-21 11:14:25,2026-09-21T10:58:51,769.41,2026-09-21,P,742.0,0.0,0.01,0.0,3459.0,0.01,0.5003,-0.0056,0.0014,-0.0192,0.0032,0.0,862.0,1915.0
2026-09-21 11:14:25,2026-09-21T10:58:51,769.41,2026-09-21,C,743.0,26.35,26.42,84.0,107.0,26.05,0.0,0.9942,0.0015,-0.0192,0.0033,0.0,212.0,71.0
2026-09-21 11:14:25,2026-09-21T10:58:51,769.41,2026-09-21,P,743.0,0.0,0.01,0.0,3814.0,0.01,0.4833,-0.0058,0.0015,-0.0192,0.0033,0.0,1188.0,2810.0
2026-09-21 11:14:25,2026-09-21T10:58:51,769.41,2026-09-21,C,744.0,25.36,25.42,57.0,123.0,25.23,0.0,0.994,0.0016,-0.0193,0.0034,0.0,816.0,47.0
2026-09-21 11:14:25,2026-09-21T10:58:51,769.41,2026-09-21,P,744.0,0.0,0.01,0.0,3462.0,0.01,0.4664,-0.006,0.0016,-0.0193,0.0034,0.0,4881.0,1802.0
2026-09-21 11:14:25,2026-09-21T10:58:51,769.41,2026-09-21,C,745.0,24.36,24.42,41.0,58.0,23.88,0.0,0.9938,0.0018,-0.0194,0.0035,0.0,210.0,84.0
2026-09-21 11:14:25,2026-09-21T10:58:51,769.41,2026-09-21,P,745.0,0.01,0.02,4684.0,4975.0,0.02,0.5012,-0.0062,0.0018,-0.0194,0.0035,0.0,10402.0,18475.0
2026-09-21 11:14:25,2026-09-21T10:58:51,769.41,2026-09-21,C,746.0,23.36,23.42,45.0,58.0,23.09,0.0,0.9936,0.0019,-0.0195,0.0037,0.0,417.0,65.0
2026-09-21 11:14:25,2026-09-21T10:58:51,769.41,2026-09-21,P,746.0,0.01,0.02,4761.0,4760.0,0.02,0.4825,-0.0064,0.0019,-0.0195,0.0037,0.0,2059.0,1979.0
2026-09-21 11:14:25,2026-09-21T10:58:51,769.41,2026-09-21,C,747.0,22.36,22.42,79.0,111.0,22.06,0.0,0.9933,0.002,-0.0196,0.0038,0.0,447.0,18.0
2026-09-21 11:14:25,2026-09-21T10:58:51,769.41,2026-09-21,P,747.0,0.01,0.02,4832.0,4543.0,0.02,0.4638,-0.0067,0.002,-0.0196,0.0038,0.0,3515.0,2684.0
2026-09-21 11:14:25,2026-09-21T10:58:51,769.41,2026-09-21,C,748.0,21.36,21.42,45.0,110.0,21.14,0.0,0.993,0.0022,-0.0197,0.004,0.0,338.0,61.0
2026-09-21 11:14:25,2026-09-21T10:58:51,769.41,2026-09-21,P,748.0,0.01,0.02,4905.0,4367.0,0.01,0.4451,-0.007,0.0022,-0.0197,0.004,0.0,3203.0,4869.0
2026-09-21 11:14:25,2026-09-21T10:58:51,769.41,2026-09-21,C,749.0,20.35,20.43,100.0,133.0,20.37,0.0,0.9927,0.0024,-0.0198,0.0041,0.0,708.0,83.0
2026-09-21 11:14:25,2026-09-21T10:58:51,769.41,2026-09-21,P,749.0,0.01,0.02,6826.0,5970.0,0.01,0.4263,-0.0073,0.0024,-0.0198,0.0041,0.0,2656.0,5143.0
2026-09-21 11:14:25,2026-09-21T10:58:51,769.41,2026-09-21,C,750.0,19.36,19.42,100.0,115.0,18.98,0.0,0.9924,0.0026,-0.0199,0.0043,0.0,1700.0,477.0
2026-09-21 11:14:25,2026-09-21T10:58:51,769.41,2026-09-21,P,750.0,0.01,0.02,6842.0,5775.0,0.01,0.4075,-0.0076,0.0026,-0.0199,0.0043,0.0,11672.0,16881.0
2026-09-21 11:14:25,2026-09-21T10:58:51,769.41,2026-09-21,C,751.0,18.35,18.42,100.0,102.0,18.04,0.0,0.992,0.0028,-0.0201,0.0045,0.0,157.0,334.0
2026-09-21 11:14:25,2026-09-21T10:58:51,769.41,2026-09-21,P,751.0,0.01,0.02,6781.0,5585.0,0.02,0.3886,-0.008,0.0028,-0.0201,0.0045,0.0,2236.0,2776.0
2026-09-21 11:14:25,2026-09-21T10:58:51,769.41,2026-09-21,C,752.0,17.36,17.42,37.0,113.0,17.06,0.0,0.9916,0.0031,-0.0202,0.0047,0.0,96.0,298.0
2026-09-21 11:14:25,2026-09-21T10:58:51,769.41,2026-09-21,P,752.0,0.02,0.03,2055.0,4463.0,0.02,0.393,-0.0084,0.0031,-0.0202,0.0047,0.0,14963.0,3260.0
2026-09-21 11:14:25,2026-09-21T10:58:51,769.41,2026-09-21,C,753.0,16.36,16.42,43.0,112.0,16.26,0.0,0.9911,0.0034,-0.0203,0.0049,0.0,100.0,321.0
2026-09-21 11:14:25,2026-09-21T10:58:51,769.41,2026-09-21,P,753.0,0.02,0.03,4479.0,6247.0,0.02,0.373,-0.0089,0.0034,-0.0203,0.0049,0.0,11201.0,2802.0
2026-09-21 11:14:25,2026-09-21T10:58:51,769.41,2026-09-21,C,754.0,15.37,15.42,28.0,112.0,14.78,0.0,0.9906,0.0038,-0.0205,0.0052,0.0,253.0,569.0
2026-09-21 11:14:25,2026-09-21T10:58:51,769.41,2026-09-21,P,754.0,0.02,0.03,4467.0,5990.0,0.02,0.3529,-0.0094,0.0038,-0.0205,0.0052,0.0,5334.0,2348.0
2026-09-21 11:14:25,2026-09-21T10:58:51,769.41,2026-09-21,C,755.0,14.37,14.43,89.0,120.0,14.27,0.0,0.99,0.0042,-0.0208,0.0055,0.0,1676.0,1471.0
2026-09-21 11:14:25,2026-09-21T10:58:51,769.41,2026-09-21,P,755.0,0.02,0.03,6069.0,5782.0,0.02,0.3327,-0.01,0.0042,-0.0208,0.0055,0.0,5337.0,21487.0
2026-09-21 11:14:25,2026-09-21T10:58:51,769.41,2026-09-21,C,756.0,13.37,13.43,32.0,118.0,13.26,0.0,0.9893,0.0048,-0.0211,0.0059,0.0,640.0,768.0
2026-09-21 11:14:25,2026-09-21T10:58:51,769.41,2026-09-21,P,756.0,0.02,0.03,5974.0,5397.0,0.03,0.3123,-0.0107,0.0048,-0.0211,0.0059,0.0,3217.0,4124.0
2026-09-21 11:14:25,2026-09-21T10:58:51,769.41,2026-09-21,C,757.0,12.38,12.4,100.0,45.0,12.29,0.0,0.9884,0.0055,-0.0216,0.0063,0.0,4001.0,3398.0
2026-09-21 11:14:25,2026-09-21T10:58:51,769.41,2026-09-21,P,757.0,0.02,0.03,4037.0,3265.0,0.03,0.2919,-0.0116,0.0055,-0.0216,0.0063,0.0,3965.0,6135.0
2026-09-21 11:14:25,2026-09-21T10:58:51,769.41,2026-09-21,C,758.0,11.37,11.43,100.0,106.0,11.07,0.0,0.9873,0.0063,-0.0223,0.0069,0.0,579.0,1431.0
2026-09-21 11:14:25,2026-09-21T10:58:51,769.41,2026-09-21,P,758.0,0.02,0.03,6155.0,5053.0,0.02,0.2713,-0.0127,0.0063,-0.0223,0.0069,0.0,9042.0,6814.0
2026-09-21 11:14:25,2026-09-21T10:58:51,769.41,2026-09-21,C,759.0,10.37,10.42,98.0,63.0,10.41,0.0,0.9859,0.0075,-0.0234,0.0076,0.0,826.0,3109.0
2026-09-21 11:14:25,2026-09-21T10:58:51,769.41,2026-09-21,P,759.0,0.03,0.04,3086.0,5455.0,0.04,0.263,-0.0141,0.0075,-0.0234,0.0076,0.0,11037.0,9099.0
2026-09-21 11:14:25,2026-09-21T10:58:51,769.41,2026-09-21,C,760.0,9.39,9.4,47.0,35.0,9.25,0.1886,0.9839,0.0091,-0.0252,0.0085,0.0,2488.0,6853.0
2026-09-21 11:14:25,2026-09-21T10:58:51,769.41,2026-09-21,P,760.0,0.03,0.04,3640.0,3710.0,0.04,0.2412,-0.0161,0.0091,-0.0252,0.0085,0.0,16097.0,15275.0
2026-09-21 11:14:25,2026-09-21T10:58:51,769.41,2026-09-21,C,761.0,8.38,8.42,91.0,23.0,8.19,0.0,0.981,0.0113,-0.028,0.0098,0.0,2664.0,5926.0
2026-09-21 11:14:25,2026-09-21T10:58:51,769.41,2026-09-21,P,761.0,0.04,0.05,219.0,5436.0,0.05,0.2283,-0.019,0.0113,-0.028,0.0098,0.0,22003.0,9645.0
2026-09-21 11:14:25,2026-09-21T10:58:51,769.41,2026-09-21,C,762.0,7.41,7.42,94.0,70.0,7.24,0.1652,0.9766,0.0147,-0.0326,0.0117,0.0,10109.0,8574.0
2026-09-21 11:14:25,2026-09-21T10:58:51,769.41,2026-09-21,P,762.0,0.04,0.05,1666.0,3672.0,0.04,0.2054,-0.0234,0.0147,-0.0326,0.0117,0.0,29364.0,6835.0
2026-09-21 11:14:25,2026-09-21T10:58:51,769.41,2026-09-21,C,763.0,6.4,6.42,100.0,121.0,6.39,0.1599,0.9698,0.0199,-0.04,0.0145,0.0,11442.0,8346.0
2026-09-21 11:14:25,2026-09-21T10:58:51,769.41,2026-09-21,P,763.0,0.05,0.06,1713.0,3474.0,0.05,0.1888,-0.0302,0.0199,-0.04,0.0145,0.0,38621.0,6849.0
2026-09-21 11:14:25,2026-09-21T10:58:51,769.41,2026-09-21,C,764.0,5.43,5.44,94.0,105.0,5.43,0.1476,0.959,0.028,-0.0519,0.0185,0.0,12903.0,6049.0
2026-09-21 11:14:25,2026-09-21T10:58:51,769.41,2026-09-21,P,764.0,0.06,0.07,2464.0,4353.0,0.06,0.1699,-0.041,0.028,-0.0519,0.0185,0.0,65990.0,1764.0
2026-09-21 11:14:25,2026-09-21T10:58:51,769.41,2026-09-21,C,765.0,4.44,4.45,104.0,94.0,4.44,0.1369,0.9414,0.0411,-0.0712,0.0244,0.0,21901.0,10594.0
2026-09-21 11:14:25,2026-09-21T10:58:51,769.41,2026-09-21,P,765.0,0.08,0.09,1103.0,3903.0,0.08,0.153,-0.0586,0.0411,-0.0712,0.0244,0.0,104164.0,1927.0
2026-09-21 11:14:25,2026-09-21T10:58:51,769.41,2026-09-21,C,766.0,3.47,3.48,181.0,38.0,3.5,0.1239,0.9119,0.0627,-0.1036,0.033,0.0,64501.0,5357.0
2026-09-21 11:14:25,2026-09-21T10:58:51,769.41,2026-09-21,P,766.0,0.11,0.12,1682.0,2061.0,0.11,0.1356,-0.0881,0.0627,-0.1036,0.033,0.0,167475.0,558.0
2026-09-21 11:14:25,2026-09-21T10:58:51,769.41,2026-09-21,C,767.0,2.54,2.55,201.0,38.0,2.55,0.1132,0.8583,0.0986,-0.1651,0.0454,0.0,185304.0,4728.0
2026-09-21 11:14:25,2026-09-21T10:58:51,769.41,2026-09-21,P,767.0,0.18,0.19,854.0,2541.0,0.18,0.1224,-0.1417,0.0986,-0.1651,0.0454,0.0,222684.0,636.0
2026-09-21 11:14:25,2026-09-21T10:58:51,769.41,2026-09-21,C,768.0,1.68,1.69,200.0,94.0,1.69,0.1041,0.7565,0.1513,-0.2988,0.0618,0.0,268357.0,7227.0
2026-09-21 11:14:25,2026-09-21T10:58:51,769.41,2026-09-21,P,768.0,0.32,0.33,650.0,856.0,0.32,0.1115,-0.2435,0.1513,-0.2988,0.0618,0.0,164818.0,334.0
2026-09-21 11:14:25,2026-09-21T10:58:51,769.41,2026-09-21,C,769.0,0.98,0.99,559.0,570.0,0.98,0.0997,0.5884,0.1987,-0.5833,0.0754,0.0,254569.0,5303.0
2026-09-21 11:14:25,2026-09-21T10:58:51,769.41,2026-09-21,P,769.0,0.61,0.62,610.0,580.0,0.61,0.1043,-0.4116,0.1987,-0.5833,0.0754,0.0,127640.0,318.0
2026-09-21 11:14:25,2026-09-21T10:58:51,769.41,2026-09-21,C,770.0,0.49,0.5,716.0,669.0,0.49,0.0978,0.3862,0.1969,-0.5261,0.0742,0.0,324664.0,29669.0
2026-09-21 11:14:25,2026-09-21T10:58:51,769.41,2026-09-21,P,770.0,1.12,1.13,413.0,409.0,1.13,0.1025,-0.6138,0.1969,-0.5261,0.0742,0.0,43715.0,828.0
2026-09-21 11:14:25,2026-09-21T10:58:51,769.41,2026-09-21,C,771.0,0.23,0.24,1045.0,863.0,0.24,0.1012,0.2202,0.1465,-0.2553,0.0588,0.0,122894.0,4731.0
2026-09-21 11:14:25,2026-09-21T10:58:51,769.41,2026-09-21,P,771.0,1.86,1.87,77.0,231.0,1.86,0.1073,-0.7798,0.1465,-0.2553,0.0588,0.0,12977.0,69.0
2026-09-21 11:14:25,2026-09-21T10:58:51,769.41,2026-09-21,C,772.0,0.11,0.12,1960.0,1794.0,0.12,0.1092,0.1215,0.0921,-0.1311,0.0412,0.0,107309.0,3586.0
2026-09-21 11:14:25,2026-09-21T10:58:51,769.41,2026-09-21,P,772.0,2.73,2.75,172.0,133.0,2.74,0.1182,-0.8785,0.0921,-0.1311,0.0412,0.0,6235.0,119.0
2026-09-21 11:14:25,2026-09-21T10:58:51,769.41,2026-09-21,C,773.0,0.06,0.07,2332.0,2550.0,0.07,0.1167,0.071,0.0561,-0.0758,0.0284,0.0,28635.0,3885.0
2026-09-21 11:14:25,2026-09-21T10:58:51,769.41,2026-09-21,P,773.0,3.69,3.7,94.0,104.0,3.7,0.1339,-0.929,0.0561,-0.0758,0.0284,0.0,1724.0,0.0
2026-09-21 11:14:25,2026-09-21T10:58:51,769.41,2026-09-21,C,774.0,0.03,0.04,4745.0,3783.0,0.03,0.1304,0.0446,0.0352,-0.0487,0.0201,0.0,10699.0,2988.0
2026-09-21 11:14:25,2026-09-21T10:58:51,769.41,2026-09-21,P,774.0,4.66,4.68,48.0,100.0,4.67,0.1514,-0.9554,0.0352,-0.0487,0.0201,0.0,988.0,10.0
2026-09-21 11:14:25,2026-09-21T10:58:51,769.41,2026-09-21,C,775.0,0.02,0.03,3838.0,3697.0,0.03,0.1452,0.0304,0.0233,-0.0344,0.0148,0.0,3080.0,2242.0
2026-09-21 11:14:25,2026-09-21T10:58:51,769.41,2026-09-21,P,775.0,5.65,5.66,1.0,37.0,5.74,0.1719,-0.9696,0.0233,-0.0344,0.0148,0.0,485.0,0.0
2026-09-21 11:14:25,2026-09-21T10:58:51,769.41,2026-09-21,C,776.0,0.01,0.02,6244.0,5006.0,0.02,0.1549,0.0225,0.0164,-0.027,0.0116,0.0,2050.0,860.0
2026-09-21 11:14:25,2026-09-21T10:58:51,769.41,2026-09-21,P,776.0,6.62,6.68,117.0,39.0,7.04,0.2018,-0.9775,0.0164,-0.027,0.0116,0.0,431.0,10.0
2026-09-21 11:14:25,2026-09-21T10:58:51,769.41,2026-09-21,C,777.0,0.01,0.02,4043.0,4115.0,0.01,0.175,0.0181,0.0124,-0.0232,0.0096,0.0,17182.0,2233.0
2026-09-21 11:14:25,2026-09-21T10:58:51,769.41,2026-09-21,P,777.0,7.65,7.66,37.0,121.0,7.82,0.2101,-0.9819,0.0124,-0.0232,0.0096,0.0,1159.0,0.0
2026-09-21 11:14:25,2026-09-21T10:58:51,769.41,2026-09-21,C,778.0,0.0,0.01,0.0,1623.0,0.01,0.171,0.0155,0.0099,-0.0213,0.0083,0.0,1694.0,817.0
2026-09-21 11:14:25,2026-09-21T10:58:51,769.41,2026-09-21,P,778.0,8.64,8.66,107.0,86.0,8.84,0.2327,-0.9845,0.0099,-0.0213,0.0083,0.0,157.0,0.0
2026-09-21 11:14:25,2026-09-21T10:58:51,769.41,2026-09-21,C,779.0,0.0,0.01,0.0,5985.0,0.01,0.1886,0.0138,0.0082,-0.0204,0.0075,0.0,260.0,835.0
2026-09-21 11:14:25,2026-09-21T10:58:51,769.41,2026-09-21,P,779.0,9.59,9.7,63.0,59.0,9.91,0.2766,-0.9862,0.0082,-0.0204,0.0075,0.0,24.0,0.0
2026-09-21 11:14:25,2026-09-21T10:58:51,769.41,2026-09-21,C,780.0,0.0,0.01,0.0,4424.0,0.01,0.206,0.0125,0.0069,-0.0199,0.0069,0.0,201.0,2288.0
2026-09-21 11:14:25,2026-09-21T10:58:51,769.41,2026-09-21,P,780.0,10.6,10.7,114.0,120.0,10.74,0.3031,-0.9875,0.0069,-0.0199,0.0069,0.0,160.0,0.0
2026-09-21 11:14:25,2026-09-21T10:58:51,769.41,2026-09-21,C,781.0,0.0,0.01,0.0,4953.0,0.02,0.2233,0.0116,0.006,-0.0196,0.0064,0.0,45.0,930.0
2026-09-21 11:14:25,2026-09-21T10:58:51,769.41,2026-09-21,P,781.0,11.59,11.69,100.0,100.0,12.15,0.3192,-0.9884,0.006,-0.0196,0.0064,0.0,35.0,10.0
2026-09-21 11:14:25,2026-09-21T10:58:51,769.41,2026-09-21,C,782.0,0.0,0.01,0.0,5210.0,0.01,0.2404,0.0108,0.0053,-0.0195,0.006,0.0,297.0,596.0
2026-09-21 11:14:25,2026-09-21T10:58:51,769.41,2026-09-21,P,782.0,12.59,12.69,61.0,53.0,12.75,0.3418,-0.9892,0.0053,-0.0195,0.006,0.0,54.0,0.0
2026-09-21 11:14:25,2026-09-21T10:58:51,769.41,2026-09-21,C,783.0,0.0,0.01,0.0,5530.0,0.01,0.2574,0.0101,0.0047,-0.0194,0.0056,0.0,191.0,2107.0
2026-09-21 11:14:25,2026-09-21T10:58:51,769.41,2026-09-21,P,783.0,13.59,13.69,60.0,54.0,13.69,0.364,-0.9899,0.0047,-0.0194,0.0056,0.0,16.0,0.0
2026-09-21 11:14:25,2026-09-21T10:58:51,769.41,2026-09-21,C,784.0,0.0,0.01,0.0,5674.0,0.01,0.2742,0.0096,0.0042,-0.0193,0.0053,0.0,0.0,346.0
2026-09-21 11:14:25,2026-09-21T10:58:51,769.41,2026-09-21,P,784.0,14.59,14.69,100.0,100.0,14.91,0.3861,-0.9904,0.0042,-0.0193,0.0053,0.0,13.0,0.0
2026-09-21 11:14:25,2026-09-21T10:58:51,769.41,2026-09-21,C,785.0,0.0,0.01,0.0,5875.0,0.01,0.291,0.0091,0.0038,-0.0192,0.0051,0.0,2.0,490.0
2026-09-21 11:14:25,2026-09-21T10:58:51,769.41,2026-09-21,P,785.0,15.59,15.69,100.0,100.0,15.86,0.4079,-0.991,0.0038,-0.0192,0.0051,0.0,27.0,0.0
2026-09-21 11:14:25,2026-09-21T10:58:51,769.41,2026-09-21,C,786.0,0.0,0.01,0.0,5997.0,0.01,0.3076,0.0086,0.0034,-0.0191,0.0048,0.0,9.0,1683.0
2026-09-21 11:14:25,2026-09-21T10:58:51,769.41,2026-09-21,P,786.0,16.59,16.69,112.0,100.0,16.73,0.4296,-0.9914,0.0034,-0.0191,0.0048,0.0,25.0,0.0
2026-09-21 11:14:25,2026-09-21T10:58:51,769.41,2026-09-21,C,787.0,0.0,0.01,0.0,6148.0,0.01,0.3241,0.0082,0.0031,-0.0191,0.0046,0.0,1.0,1400.0
2026-09-21 11:14:25,2026-09-21T10:58:51,769.41,2026-09-21,P,787.0,17.58,17.69,66.0,56.0,17.73,0.4462,-0.9918,0.0031,-0.0191,0.0046,0.0,54.0,0.0
2026-09-21 11:14:25,2026-09-21T10:58:51,769.41,2026-09-21,C,788.0,0.0,0.01,0.0,6288.0,0.01,0.3406,0.0078,0.0028,-0.019,0.0044,0.0,2.0,1010.0
2026-09-21 11:14:25,2026-09-21T10:58:51,769.41,2026-09-21,P,788.0,18.59,18.69,56.0,68.0,18.97,0.4723,-0.9922,0.0028,-0.019,0.0044,0.0,54.0,0.0
2026-09-21 11:14:25,2026-09-21T10:58:51,769.41,2026-09-21,C,789.0,0.0,0.01,0.0,6273.0,0.01,0.3569,0.0075,0.0026,-0.019,0.0042,0.0,2.0,6906.0
2026-09-21 11:14:25,2026-09-21T10:58:51,769.41,2026-09-21,P,789.0,19.58,19.69,77.0,67.0,19.99,0.4883,-0.9925,0.0026,-0.019,0.0042,0.0,407.0,0.0
2026-09-21 11:14:25,2026-09-21T10:58:51,769.41,2026-09-21,C,790.0,0.0,0.01,0.0,6325.0,0.01,0.3732,0.0072,0.0024,-0.0189,0.0041,0.0,12.0,6747.0
2026-09-21 11:14:25,2026-09-21T10:58:51,769.41,2026-09-21,P,790.0,20.58,20.69,74.0,65.0,20.94,0.5091,-0.9928,0.0024,-0.0189,0.0041,0.0,24.0,0.0
2026-09-21 11:14:25,2026-09-21T10:58:51,769.41,2026-09-21,C,791.0,0.0,0.01,0.0,6354.0,0.02,0.3893,0.0069,0.0022,-0.0188,0.0039,0.0,0.0,221.0
2026-09-21 11:14:25,2026-09-21T10:58:51,769.41,2026-09-21,P,791.0,21.58,21.69,124.0,68.0,21.95,0.5298,-0.9931,0.0022,-0.0188,0.0039,0.0,11.0,0.0
2026-09-21 11:14:25,2026-09-21T10:58:51,769.41,2026-09-21,C,792.0,0.0,0.01,0.0,6355.0,0.01,0.4054,0.0067,0.0021,-0.0188,0.0038,0.0,0.0,485.0
2026-09-21 11:14:25,2026-09-21T10:58:51,769.41,2026-09-21,P,792.0,22.58,22.69,75.0,65.0,23.08,0.5503,-0.9933,0.0021,-0.0188,0.0038,0.0,31.0,0.0
2026-09-21 11:14:25,2026-09-21T10:58:51,769.41,2026-09-21,C,793.0,0.0,0.01,0.0,6354.0,0.01,0.4214,0.0064,0.0019,-0.0187,0.0037,0.0,0.0,26.0
2026-09-21 11:14:25,2026-09-21T10:58:51,769.41,2026-09-21,P,793.0,23.58,23.69,1.0,1.0,24.05,0.5707,-0.9936,0.0019,-0.0187,0.0037,0.0,25.0,0.0
2026-09-21 11:14:25,2026-09-21T10:58:51,769.41,2026-09-21,C,794.0,0.0,0.01,0.0,6354.0,0.01,0.4374,0.0062,0.0018,-0.0186,0.0035,0.0,0.0,530.0
2026-09-21 11:14:25,2026-09-21T10:58:51,769.41,2026-09-21,P,794.0,24.34,25.16,126.0,68.0,24.98,0.6904,-0.9938,0.0018,-0.0186,0.0035,0.0,5.0,0.0
2026-09-21 11:14:25,2026-09-21T10:58:51,769.41,2026-09-21,C,795.0,0.0,0.01,0.0,5855.0,0.02,0.4532,0.006,0.0017,-0.0186,0.0034,0.0,0.0,543.0
2026-09-21 11:14:25,2026-09-21T10:58:51,769.41,2026-09-21,P,795.0,25.24,26.26,69.0,69.0,26.1,0.713,-0.994,0.0017,-0.0186,0.0034,0.0,2.0,0.0
2026-09-21 11:14:25,2026-09-21T10:58:51,769.41,2026-09-21,C,796.0,0.0,0.01,0.0,5854.0,0.02,0.469,0.0058,0.0016,-0.0185,0.0033,0.0,0.0,1.0
2026-09-21 11:14:25,2026-09-21T10:58:51,769.41,2026-09-21,P,796.0,26.24,27.21,145.0,145.0,27.09,0.7173,-0.9942,0.0016,-0.0185,0.0033,0.0,2.0,0.0
2026-09-21 11:14:25,2026-09-21T10:58:51,769.41,2026-09-21,C,797.0,0.0,0.01,0.0,5855.0,0.02,0.4848,0.0056,0.0015,-0.0185,0.0032,0.0,0.0,170.0
2026-09-21 11:14:25,2026-09-21T10:58:51,769.41,2026-09-21,P,797.0,27.31,28.21,126.0,126.0,28.21,0.7647,-0.9944,0.0015,-0.0185,0.0032,0.0,3.0,0.0
2026-09-21 11:14:25,2026-09-21T10:58:51,769.41,2026-09-21,C,798.0,0.0,0.01,0.0,5855.0,0.02,0.5004,0.0055,0.0014,-0.0184,0.0031,0.0,0.0,115.0
2026-09-21 11:14:25,2026-09-21T10:58:51,769.41,2026-09-21,P,798.0,28.24,29.18,145.0,69.0,29.15,0.7488,-0.9945,0.0014,-0.0184,0.0031,0.0,3.0,0.0
2026-09-21 11:14:25,2026-09-21T10:58:51,769.41,2026-09-21,C,799.0,0.0,0.01,0.0,5855.0,0.01,0.5161,0.0053,0.0014,-0.0184,0.0031,0.0,10.0,23.0
2026-09-21 11:14:25,2026-09-21T10:58:51,769.41,2026-09-21,P,799.0,29.28,30.4,2.0,2.0,30.75,0.8722,-0.9947,0.0014,-0.0184,0.0031,0.0,1.0,0.0
2026-09-21 11:14:25,2026-09-21T10:58:51,769.41,2026-09-21,C,800.0,0.0,0.01,0.0,5930.0,0.01,0.5316,0.0052,0.0013,-0.0183,0.003,0.0,2.0,935.0
2026-09-21 11:14:25,2026-09-21T10:58:51,769.41,2026-09-21,P,800.0,30.28,31.26,59.0,60.0,31.44,0.8385,-0.9948,0.0013,-0.0183,0.003,0.0,4.0,1.0
2026-09-21 11:14:25,2026-09-21T10:58:51,769.41,2026-09-21,C,801.0,0.0,0.01,0.0,5855.0,0.01,0.5471,0.005,0.0012,-0.0182,0.0029,0.0,0.0,242.0
2026-09-21 11:14:25,2026-09-21T10:58:51,769.41,2026-09-21,P,801.0,31.36,32.39,2.0,2.0,39.82,0.9384,-0.995,0.0012,-0.0182,0.0029,0.0,0.0,0.0
2026-09-21 11:14:25,2026-09-21T10:58:51,769.41,2026-09-21,C,802.0,0.0,0.01,0.0,5855.0,0.01,0.5626,0.0049,0.0012,-0.0182,0.0028,0.0,2.0,1043.0
2026-09-21 11:14:25,2026-09-21T10:58:51,769.41,2026-09-21,P,802.0,32.34,33.33,2.0,2.0,42.57,0.9387,-0.9951,0.0012,-0.0182,0.0028,0.0,0.0,0.0
2026-09-21 11:14:25,2026-09-21T10:58:51,769.41,2026-09-21,C,803.0,0.0,0.01,0.0,5855.0,0.01,0.5779,0.0048,0.0011,-0.0181,0.0028,0.0,0.0,958.0
2026-09-21 11:14:25,2026-09-21T10:58:51,769.41,2026-09-21,P,803.0,33.22,34.36,2.0,2.0,33.72,0.9294,-0.9952,0.0011,-0.0181,0.0028,0.0,1.0,0.0
2026-09-21 11:14:25,2026-09-21T10:58:51,769.41,2026-09-21,C,804.0,0.0,0.01,0.0,5855.0,0.02,0.5933,0.0046,0.001,-0.0181,0.0027,0.0,0.0,65.0
2026-09-21 11:14:25,2026-09-21T10:58:51,769.41,2026-09-21,P,804.0,34.22,35.3,69.0,68.0,34.67,0.9337,-0.9954,0.001,-0.0181,0.0027,0.0,1.0,0.0
2026-09-21 11:14:25,2026-09-21T10:58:51,769.41,2026-09-21,C,805.0,0.0,0.01,0.0,5855.0,0.01,0.6085,0.0045,0.001,-0.018,0.0026,0.0,0.0,41.0
2026-09-21 11:14:25,2026-09-21T10:58:51,769.41,2026-09-21,P,805.0,35.34,36.3,2.0,2.0,43.96,0.994,-0.9955,0.001,-0.018,0.0026,0.0,0.0,0.0
2026-09-21 11:14:25,2026-09-21T10:58:51,769.41,2026-09-21,C,806.0,0.0,0.01,0.0,5855.0,0.01,0.6238,0.0044,0.001,-0.018,0.0026,0.0,0.0,483.0
2026-09-21 11:14:25,2026-09-21T10:58:51,769.41,2026-09-21,P,806.0,36.24,37.34,69.0,68.0,46.72,0.9956,-0.9956,0.001,-0.018,0.0026,0.0,0.0,0.0
2026-09-21 11:14:25,2026-09-21T10:58:51,769.41,2026-09-21,C,807.0,0.0,0.01,0.0,5855.0,0.01,0.6389,0.0043,0.0009,-0.0179,0.0025,0.0,0.0,395.0
2026-09-21 11:14:25,2026-09-21T10:58:51,769.41,2026-09-21,P,807.0,37.36,38.43,2.0,2.0,47.38,1.0886,-0.9957,0.0009,-0.0179,0.0025,0.0,0.0,0.0
2026-09-21 11:19:26,2026-09-21T11:03:53,769.17,2026-09-21,C,731.0,37.77,38.45,114.0,114.0,38.15,0.0,0.9955,0.0009,-0.0207,0.0026,0.0,134.0,19.0
2026-09-21 11:19:26,2026-09-21T11:03:53,769.17,2026-09-21,P,731.0,0.0,0.01,0.0,5145.0,0.01,0.6868,-0.0045,0.0009,-0.0207,0.0026,0.0,10.0,7564.0
2026-09-21 11:19:26,2026-09-21T11:03:53,769.17,2026-09-21,C,732.0,36.76,37.5,361.0,292.0,37.12,0.0,0.9954,0.0009,-0.0207,0.0026,0.0,498.0,32.0
2026-09-21 11:19:26,2026-09-21T11:03:53,769.17,2026-09-21,P,732.0,0.0,0.01,0.0,5058.0,0.01,0.6698,-0.0046,0.0009,-0.0207,0.0026,0.0,36.0,881.0
2026-09-21 11:19:26,2026-09-21T11:03:53,769.17,2026-09-21,C,733.0,35.6,36.52,370.0,291.0,35.93,0.0,0.9952,0.001,-0.0208,0.0027,0.0,198.0,63.0
2026-09-21 11:19:26,2026-09-21T11:03:53,769.17,2026-09-21,P,733.0,0.0,0.01,0.0,4965.0,0.01,0.6529,-0.0048,0.001,-0.0208,0.0027,0.0,4.0,2919.0
2026-09-21 11:19:26,2026-09-21T11:03:53,769.17,2026-09-21,C,734.0,34.72,35.52,360.0,284.0,34.96,0.0,0.9951,0.001,-0.0209,0.0028,0.0,320.0,56.0
2026-09-21 11:19:26,2026-09-21T11:03:53,769.17,2026-09-21,P,734.0,0.0,0.01,0.0,4865.0,0.05,0.636,-0.0049,0.001,-0.0209,0.0028,0.0,0.0,773.0
2026-09-21 11:19:26,2026-09-21T11:03:53,769.17,2026-09-21,C,735.0,33.74,34.55,352.0,139.0,34.03,0.0,0.995,0.0011,-0.021,0.0028,0.0,719.0,24.0
2026-09-21 11:19:26,2026-09-21T11:03:53,769.17,2026-09-21,P,735.0,0.0,0.01,0.0,4763.0,0.01,0.619,-0.005,0.0011,-0.021,0.0028,0.0,13.0,1578.0
2026-09-21 11:19:26,2026-09-21T11:03:53,769.17,2026-09-21,C,736.0,32.59,33.55,115.0,115.0,32.72,0.0,0.9948,0.0011,-0.0211,0.0029,0.0,182.0,16.0
2026-09-21 11:19:26,2026-09-21T11:03:53,769.17,2026-09-21,P,736.0,0.0,0.01,0.0,4658.0,0.01,0.6021,-0.0052,0.0011,-0.0211,0.0029,0.0,7.0,2021.0
2026-09-21 11:19:26,2026-09-21T11:03:53,769.17,2026-09-21,C,737.0,32.14,32.24,64.0,99.0,32.18,0.683,0.9947,0.0012,-0.0212,0.003,0.0,274.0,17.0
2026-09-21 11:19:26,2026-09-21T11:03:53,769.17,2026-09-21,P,737.0,0.0,0.01,0.0,4546.0,0.01,0.5851,-0.0053,0.0012,-0.0212,0.003,0.0,6.0,1437.0
2026-09-21 11:19:26,2026-09-21T11:03:53,769.17,2026-09-21,C,738.0,31.14,31.24,32.0,98.0,31.18,0.6636,0.9945,0.0012,-0.0213,0.0031,0.0,374.0,22.0
2026-09-21 11:19:26,2026-09-21T11:03:53,769.17,2026-09-21,P,738.0,0.0,0.01,0.0,4430.0,0.02,0.5681,-0.0055,0.0012,-0.0213,0.0031,0.0,10.0,1180.0
2026-09-21 11:19:26,2026-09-21T11:03:53,769.17,2026-09-21,C,739.0,30.14,30.24,40.0,99.0,29.74,0.6443,0.9944,0.0013,-0.0214,0.0032,0.0,309.0,30.0
2026-09-21 11:19:26,2026-09-21T11:03:53,769.17,2026-09-21,P,739.0,0.0,0.01,0.0,4367.0,0.01,0.5511,-0.0056,0.0013,-0.0214,0.0032,0.0,447.0,1347.0
2026-09-21 11:19:26,2026-09-21T11:03:53,769.17,2026-09-21,C,740.0,29.15,29.24,68.0,138.0,29.23,0.6249,0.9942,0.0014,-0.0215,0.0033,0.0,2056.0,42.0
2026-09-21 11:19:26,2026-09-21T11:03:53,769.17,2026-09-21,P,740.0,0.0,0.01,0.0,4237.0,0.01,0.5341,-0.0058,0.0014,-0.0215,0.0033,0.0,3678.0,5789.0
2026-09-21 11:19:26,2026-09-21T11:03:53,769.17,2026-09-21,C,741.0,28.15,28.24,34.0,99.0,28.08,0.6055,0.994,0.0015,-0.0216,0.0034,0.0,345.0,38.0
2026-09-21 11:19:26,2026-09-21T11:03:53,769.17,2026-09-21,P,741.0,0.0,0.01,0.0,2104.0,0.01,0.517,-0.006,0.0015,-0.0216,0.0034,0.0,213.0,2863.0
2026-09-21 11:19:26,2026-09-21T11:03:53,769.17,2026-09-21,C,742.0,27.15,27.24,1.0,140.0,27.27,0.586,0.9938,0.0016,-0.0217,0.0035,0.0,1359.0,11.0
2026-09-21 11:19:26,2026-09-21T11:03:53,769.17,2026-09-21,P,742.0,0.0,0.01,0.0,1963.0,0.01,0.5002,-0.0062,0.0016,-0.0217,0.0035,0.0,862.0,1915.0
2026-09-21 11:19:26,2026-09-21T11:03:53,769.17,2026-09-21,C,743.0,26.15,26.25,1.0,100.0,26.17,0.5794,0.9936,0.0017,-0.0218,0.0036,0.0,213.0,71.0
2026-09-21 11:19:26,2026-09-21T11:03:53,769.17,2026-09-21,P,743.0,0.0,0.01,0.0,1814.0,0.01,0.4832,-0.0064,0.0017,-0.0218,0.0036,0.0,1188.0,2810.0
2026-09-21 11:19:26,2026-09-21T11:03:53,769.17,2026-09-21,C,744.0,25.18,25.19,36.0,46.0,25.2,0.0,0.9933,0.0018,-0.0219,0.0037,0.0,882.0,47.0
2026-09-21 11:19:26,2026-09-21T11:03:53,769.17,2026-09-21,P,744.0,0.0,0.01,0.0,1767.0,0.02,0.466,-0.0067,0.0018,-0.0219,0.0037,0.0,4896.0,1802.0
2026-09-21 11:19:26,2026-09-21T11:03:53,769.17,2026-09-21,C,745.0,24.15,24.25,58.0,100.0,24.19,0.5396,0.9931,0.0019,-0.022,0.0038,0.0,211.0,84.0
2026-09-21 11:19:26,2026-09-21T11:03:53,769.17,2026-09-21,P,745.0,0.01,0.02,4685.0,4975.0,0.01,0.5007,-0.0069,0.0019,-0.022,0.0038,0.0,10432.0,18475.0
2026-09-21 11:19:26,2026-09-21T11:03:53,769.17,2026-09-21,C,746.0,23.15,23.25,60.0,101.0,23.09,0.5196,0.9928,0.0021,-0.0221,0.004,0.0,417.0,65.0
2026-09-21 11:19:26,2026-09-21T11:03:53,769.17,2026-09-21,P,746.0,0.01,0.02,4762.0,4760.0,0.02,0.4819,-0.0072,0.0021,-0.0221,0.004,0.0,2069.0,1979.0
2026-09-21 11:19:26,2026-09-21T11:03:53,769.17,2026-09-21,C,747.0,22.15,22.25,76.0,177.0,22.2,0.4996,0.9925,0.0022,-0.0222,0.0041,0.0,448.0,18.0
2026-09-21 11:19:26,2026-09-21T11:03:53,769.17,2026-09-21,P,747.0,0.01,0.02,4832.0,4583.0,0.01,0.4631,-0.0075,0.0022,-0.0222,0.0041,0.0,3517.0,2684.0
2026-09-21 11:19:26,2026-09-21T11:03:53,769.17,2026-09-21,C,748.0,21.15,21.25,89.0,200.0,21.2,0.4892,0.9922,0.0024,-0.0224,0.0043,0.0,339.0,61.0
2026-09-21 11:19:26,2026-09-21T11:03:53,769.17,2026-09-21,P,748.0,0.01,0.02,4907.0,4369.0,0.02,0.4442,-0.0078,0.0024,-0.0224,0.0043,0.0,3204.0,4869.0
2026-09-21 11:19:26,2026-09-21T11:03:53,769.17,2026-09-21,C,749.0,20.15,20.25,36.0,182.0,20.19,0.4687,0.9919,0.0026,-0.0225,0.0045,0.0,710.0,83.0
2026-09-21 11:19:26,2026-09-21T11:03:53,769.17,2026-09-21,P,749.0,0.01,0.02,4827.0,3971.0,0.02,0.4252,-0.0081,0.0026,-0.0225,0.0045,0.0,2664.0,5143.0
2026-09-21 11:19:26,2026-09-21T11:03:53,769.17,2026-09-21,C,750.0,19.16,19.25,12.0,175.0,19.18,0.4482,0.9915,0.0028,-0.0226,0.0047,0.0,1759.0,477.0
2026-09-21 11:19:26,2026-09-21T11:03:53,769.17,2026-09-21,P,750.0,0.01,0.02,4843.0,3775.0,0.02,0.4062,-0.0085,0.0028,-0.0226,0.0047,0.0,11677.0,16881.0
2026-09-21 11:19:26,2026-09-21T11:03:53,769.17,2026-09-21,C,751.0,18.16,18.25,1.0,196.0,18.04,0.4275,0.9911,0.0031,-0.0227,0.0049,0.0,157.0,334.0
2026-09-21 11:19:26,2026-09-21T11:03:53,769.17,2026-09-21,P,751.0,0.01,0.02,4782.0,3236.0,0.01,0.3872,-0.0089,0.0031,-0.0228,0.0049,0.0,2345.0,2776.0
2026-09-21 11:19:26,2026-09-21T11:03:53,769.17,2026-09-21,C,752.0,17.16,17.25,2.0,176.0,17.06,0.4068,0.9906,0.0034,-0.0229,0.0051,0.0,96.0,298.0
2026-09-21 11:19:26,2026-09-21T11:03:53,769.17,2026-09-21,P,752.0,0.02,0.03,2405.0,4466.0,0.02,0.3914,-0.0094,0.0034,-0.0229,0.0051,0.0,15125.0,3260.0
2026-09-21 11:19:26,2026-09-21T11:03:53,769.17,2026-09-21,C,753.0,16.16,16.25,1.0,193.0,16.25,0.386,0.9901,0.0038,-0.0231,0.0054,0.0,101.0,321.0
2026-09-21 11:19:26,2026-09-21T11:03:53,769.17,2026-09-21,P,753.0,0.02,0.03,3482.0,4249.0,0.03,0.3712,-0.0099,0.0038,-0.0231,0.0054,0.0,11236.0,2802.0
2026-09-21 11:19:26,2026-09-21T11:03:53,769.17,2026-09-21,C,754.0,15.16,15.25,1.0,200.0,15.3,0.365,0.9895,0.0042,-0.0233,0.0057,0.0,255.0,569.0
2026-09-21 11:19:26,2026-09-21T11:03:53,769.17,2026-09-21,P,754.0,0.02,0.03,3985.0,3992.0,0.02,0.3509,-0.0105,0.0042,-0.0233,0.0057,0.0,5435.0,2348.0
2026-09-21 11:19:26,2026-09-21T11:03:53,769.17,2026-09-21,C,755.0,14.16,14.23,17.0,200.0,14.26,0.3507,0.9888,0.0047,-0.0237,0.006,0.0,1677.0,1471.0
2026-09-21 11:19:26,2026-09-21T11:03:53,769.17,2026-09-21,P,755.0,0.02,0.03,3968.0,3710.0,0.02,0.3305,-0.0112,0.0047,-0.0237,0.006,0.0,5457.0,21487.0
2026-09-21 11:19:26,2026-09-21T11:03:53,769.17,2026-09-21,C,756.0,13.16,13.26,19.0,177.0,13.26,0.3292,0.988,0.0053,-0.0241,0.0064,0.0,640.0,768.0
2026-09-21 11:19:26,2026-09-21T11:03:53,769.17,2026-09-21,P,756.0,0.02,0.03,4052.0,3872.0,0.02,0.31,-0.012,0.0053,-0.0241,0.0064,0.0,3467.0,4124.0
2026-09-21 11:19:26,2026-09-21T11:03:53,769.17,2026-09-21,C,757.0,12.16,12.2,21.0,200.0,12.28,0.2948,0.987,0.0061,-0.0247,0.0069,0.0,4013.0,3398.0
2026-09-21 11:19:26,2026-09-21T11:03:53,769.17,2026-09-21,P,757.0,0.02,0.03,4105.0,3268.0,0.02,0.2894,-0.013,0.006,-0.0247,0.0069,0.0,4003.0,6135.0
2026-09-21 11:19:26,2026-09-21T11:03:53,769.17,2026-09-21,C,758.0,11.17,11.26,1.0,180.0,11.23,0.291,0.9857,0.0071,-0.0256,0.0076,0.0,779.0,1431.0
2026-09-21 11:19:26,2026-09-21T11:03:53,769.17,2026-09-21,P,758.0,0.02,0.03,4158.0,2860.0,0.02,0.2686,-0.0143,0.007,-0.0256,0.0075,0.0,9081.0,6814.0
2026-09-21 11:19:26,2026-09-21T11:03:53,769.17,2026-09-21,C,759.0,10.17,10.21,16.0,112.0,10.23,0.2583,0.984,0.0084,-0.027,0.0083,0.0,1026.0,3109.0
2026-09-21 11:19:26,2026-09-21T11:03:53,769.17,2026-09-21,P,759.0,0.03,0.04,3417.0,3460.0,0.04,0.2599,-0.016,0.0083,-0.027,0.0083,0.0,11130.0,9099.0
2026-09-21 11:19:26,2026-09-21T11:03:53,769.17,2026-09-21,C,760.0,9.18,9.19,114.0,122.0,9.21,0.2246,0.9816,0.0102,-0.0291,0.0094,0.0,2578.0,6853.0
2026-09-21 11:19:26,2026-09-21T11:03:53,769.17,2026-09-21,P,760.0,0.03,0.04,3641.0,3225.0,0.03,0.238,-0.0183,0.0101,-0.0291,0.0094,0.0,16159.0,15275.0
2026-09-21 11:19:26,2026-09-21T11:03:53,769.17,2026-09-21,C,761.0,8.18,8.21,1.0,92.0,8.24,0.219,0.9783,0.0127,-0.0324,0.0109,0.0,2666.0,5926.0
2026-09-21 11:19:26,2026-09-21T11:03:53,769.17,2026-09-21,P,761.0,0.04,0.05,2537.0,5405.0,0.04,0.2247,-0.0216,0.0127,-0.0324,0.0108,0.0,22072.0,9645.0
2026-09-21 11:19:26,2026-09-21T11:03:53,769.17,2026-09-21,C,762.0,7.19,7.2,68.0,46.0,7.26,0.1919,0.9733,0.0165,-0.0377,0.0129,0.0,10171.0,8574.0
2026-09-21 11:19:26,2026-09-21T11:03:53,769.17,2026-09-21,P,762.0,0.04,0.05,3324.0,3059.0,0.04,0.2015,-0.0266,0.0164,-0.0376,0.0129,0.0,29606.0,6835.0
2026-09-21 11:19:26,2026-09-21T11:03:53,769.17,2026-09-21,C,763.0,6.19,6.21,75.0,129.0,6.25,0.1768,0.9656,0.0223,-0.046,0.0159,0.0,11854.0,8346.0
2026-09-21 11:19:26,2026-09-21T11:03:53,769.17,2026-09-21,P,763.0,0.05,0.06,4329.0,4186.0,0.05,0.1845,-0.0342,0.0222,-0.0459,0.0159,0.0,39192.0,6849.0
2026-09-21 11:19:26,2026-09-21T11:03:53,769.17,2026-09-21,C,764.0,5.22,5.24,134.0,141.0,5.25,0.1588,0.9535,0.0314,-0.0592,0.0202,0.0,12944.0,6049.0
2026-09-21 11:19:26,2026-09-21T11:03:53,769.17,2026-09-21,P,764.0,0.06,0.07,2592.0,2797.0,0.06,0.1652,-0.0462,0.0312,-0.0589,0.0202,0.0,66472.0,1764.0
2026-09-21 11:19:26,2026-09-21T11:03:53,769.17,2026-09-21,C,765.0,4.24,4.25,94.0,94.0,4.27,0.1428,0.9341,0.046,-0.0802,0.0264,0.0,22016.0,10594.0
2026-09-21 11:19:26,2026-09-21T11:03:53,769.17,2026-09-21,P,765.0,0.08,0.09,2346.0,2705.0,0.08,0.1474,-0.0659,0.046,-0.0802,0.0264,0.0,104458.0,1927.0
2026-09-21 11:19:26,2026-09-21T11:03:53,769.17,2026-09-21,C,766.0,3.26,3.27,117.0,201.0,3.34,0.1258,0.9014,0.0702,-0.1152,0.0354,0.0,65135.0,5357.0
2026-09-21 11:19:26,2026-09-21T11:03:53,769.17,2026-09-21,P,766.0,0.11,0.12,3333.0,1569.0,0.11,0.1292,-0.0986,0.0702,-0.1152,0.0354,0.0,178646.0,558.0
2026-09-21 11:19:26,2026-09-21T11:03:53,769.17,2026-09-21,C,767.0,2.33,2.34,171.0,202.0,2.34,0.1123,0.8412,0.1106,-0.1828,0.0483,0.0,186142.0,4728.0
2026-09-21 11:19:26,2026-09-21T11:03:53,769.17,2026-09-21,P,767.0,0.18,0.19,2759.0,789.0,0.19,0.1147,-0.1588,0.1106,-0.1828,0.0483,0.0,227637.0,636.0
2026-09-21 11:19:26,2026-09-21T11:03:53,769.17,2026-09-21,C,768.0,1.49,1.5,132.0,406.0,1.51,0.1031,0.7258,0.1688,-0.3336,0.0649,0.0,270147.0,7227.0
2026-09-21 11:19:26,2026-09-21T11:03:53,769.17,2026-09-21,P,768.0,0.34,0.35,1284.0,767.0,0.34,0.1033,-0.2742,0.1688,-0.3336,0.0649,0.0,169237.0,334.0
2026-09-21 11:19:26,2026-09-21T11:03:53,769.17,2026-09-21,C,769.0,0.81,0.82,526.0,523.0,0.81,0.0969,0.5392,0.2129,-0.6572,0.0761,0.0,260561.0,5303.0
2026-09-21 11:19:26,2026-09-21T11:03:53,769.17,2026-09-21,P,769.0,0.67,0.68,588.0,662.0,0.66,0.0984,-0.4608,0.2129,-0.6572,0.0761,0.0,135481.0,318.0
2026-09-21 11:19:26,2026-09-21T11:03:53,769.17,2026-09-21,C,770.0,0.38,0.39,651.0,743.0,0.38,0.0958,0.3306,0.1946,-0.4048,0.0701,0.0,335266.0,29669.0
2026-09-21 11:19:26,2026-09-21T11:03:53,769.17,2026-09-21,P,770.0,1.22,1.23,235.0,144.0,1.25,0.0974,-0.6694,0.1946,-0.4048,0.0701,0.0,46992.0,828.0
2026-09-21 11:19:26,2026-09-21T11:03:53,769.17,2026-09-21,C,771.0,0.17,0.18,1178.0,2256.0,0.17,0.0998,0.1778,0.1326,-0.1886,0.0519,0.0,129229.0,4731.0
2026-09-21 11:19:26,2026-09-21T11:03:53,769.17,2026-09-21,P,771.0,2.02,2.03,234.0,133.0,2.03,0.102,-0.8222,0.1326,-0.1886,0.0519,0.0,13604.0,69.0
2026-09-21 11:19:26,2026-09-21T11:03:53,769.17,2026-09-21,C,772.0,0.08,0.09,1996.0,1974.0,0.09,0.1087,0.0959,0.079,-0.0966,0.035,0.0,121553.0,3586.0
2026-09-21 11:19:26,2026-09-21T11:03:53,769.17,2026-09-21,P,772.0,2.92,2.94,200.0,208.0,2.91,0.1122,-0.9041,0.079,-0.0966,0.035,0.0,6562.0,119.0
2026-09-21 11:19:26,2026-09-21T11:03:53,769.17,2026-09-21,C,773.0,0.05,0.06,879.0,4347.0,0.06,0.1242,0.0556,0.047,-0.0561,0.0236,0.0,29188.0,3885.0
2026-09-21 11:19:26,2026-09-21T11:03:53,769.17,2026-09-21,P,773.0,3.9,3.91,94.0,226.0,3.89,0.1292,-0.9444,0.047,-0.0561,0.0236,0.0,1761.0,0.0
2026-09-21 11:19:26,2026-09-21T11:03:53,769.17,2026-09-21,C,774.0,0.03,0.04,3147.0,4048.0,0.04,0.1369,0.0355,0.0295,-0.0369,0.0167,0.0,10879.0,2988.0
2026-09-21 11:19:26,2026-09-21T11:03:53,769.17,2026-09-21,P,774.0,4.86,4.87,11.0,39.0,4.84,0.1444,-0.9648,0.0293,-0.0366,0.0166,0.0,1045.0,10.0
2026-09-21 11:19:26,2026-09-21T11:03:53,769.17,2026-09-21,C,775.0,0.02,0.03,3677.0,3738.0,0.02,0.1515,0.025,0.0198,-0.0274,0.0126,0.0,3101.0,2242.0
2026-09-21 11:19:26,2026-09-21T11:03:53,769.17,2026-09-21,P,775.0,5.83,5.89,66.0,20.0,5.82,0.1351,-0.9752,0.0197,-0.0272,0.0125,0.0,500.0,0.0
2026-09-21 11:19:26,2026-09-21T11:03:53,769.17,2026-09-21,C,776.0,0.01,0.02,4243.0,3708.0,0.02,0.1609,0.0195,0.0145,-0.023,0.0102,0.0,2054.0,860.0
2026-09-21 11:19:26,2026-09-21T11:03:53,769.17,2026-09-21,P,776.0,6.82,6.88,204.0,12.0,6.86,0.155,-0.9806,0.0144,-0.023,0.0102,0.0,432.0,10.0
2026-09-21 11:19:26,2026-09-21T11:03:53,769.17,2026-09-21,C,777.0,0.01,0.02,4105.0,4220.0,0.01,0.181,0.0165,0.0113,-0.0212,0.0088,0.0,17227.0,2233.0
2026-09-21 11:19:26,2026-09-21T11:03:53,769.17,2026-09-21,P,777.0,7.86,7.87,86.0,37.0,7.82,0.1962,-0.9835,0.0113,-0.0211,0.0088,0.0,1217.0,0.0
2026-09-21 11:19:26,2026-09-21T11:03:53,769.17,2026-09-21,C,778.0,0.0,0.01,0.0,1508.0,0.01,0.1765,0.0146,0.0092,-0.0203,0.0079,0.0,1739.0,817.0
2026-09-21 11:19:26,2026-09-21T11:03:53,769.17,2026-09-21,P,778.0,8.86,8.87,7.0,112.0,8.82,0.2108,-0.9854,0.0092,-0.0203,0.0079,0.0,259.0,0.0
2026-09-21 11:19:26,2026-09-21T11:03:53,769.17,2026-09-21,C,779.0,0.0,0.01,0.0,4085.0,0.01,0.1942,0.0133,0.0078,-0.02,0.0072,0.0,260.0,835.0
2026-09-21 11:19:26,2026-09-21T11:03:53,769.17,2026-09-21,P,779.0,9.75,9.87,200.0,2.0,9.86,0.0,-0.9867,0.0078,-0.02,0.0072,0.0,26.0,0.0
2026-09-21 11:19:26,2026-09-21T11:03:53,769.17,2026-09-21,C,780.0,0.0,0.01,0.0,4425.0,0.01,0.2117,0.0122,0.0067,-0.0198,0.0067,0.0,201.0,2288.0
2026-09-21 11:19:26,2026-09-21T11:03:53,769.17,2026-09-21,P,780.0,10.74,10.87,200.0,1.0,10.75,0.0,-0.9878,0.0067,-0.0198,0.0067,0.0,187.0,0.0
2026-09-21 11:19:26,2026-09-21T11:03:53,769.17,2026-09-21,C,781.0,0.0,0.01,0.0,4878.0,0.02,0.2291,0.0114,0.0058,-0.0196,0.0062,0.0,45.0,930.0
2026-09-21 11:19:26,2026-09-21T11:03:53,769.17,2026-09-21,P,781.0,11.74,11.87,161.0,1.0,11.88,0.0,-0.9886,0.0058,-0.0196,0.0062,0.0,36.0,10.0
2026-09-21 11:19:26,2026-09-21T11:03:53,769.17,2026-09-21,C,782.0,0.0,0.01,0.0,5210.0,0.01,0.2463,0.0107,0.0051,-0.0196,0.0059,0.0,297.0,596.0
2026-09-21 11:19:26,2026-09-21T11:03:53,769.17,2026-09-21,P,782.0,12.74,12.87,200.0,2.0,12.88,0.0,-0.9893,0.0051,-0.0196,0.0058,0.0,55.0,0.0
2026-09-21 11:19:26,2026-09-21T11:03:53,769.17,2026-09-21,C,783.0,0.0,0.01,0.0,5530.0,0.01,0.2638,0.01,0.0045,-0.0195,0.0055,0.0,192.0,2107.0
2026-09-21 11:19:26,2026-09-21T11:03:53,769.17,2026-09-21,P,783.0,13.74,13.87,200.0,70.0,13.8,0.0,-0.99,0.0045,-0.0195,0.0055,0.0,18.0,0.0
2026-09-21 11:19:26,2026-09-21T11:03:53,769.17,2026-09-21,C,784.0,0.0,0.01,0.0,5674.0,0.01,0.2807,0.0095,0.0041,-0.0194,0.0052,0.0,0.0,346.0
2026-09-21 11:19:26,2026-09-21T11:03:53,769.17,2026-09-21,P,784.0,14.74,14.87,200.0,1.0,14.91,0.0,-0.9905,0.0041,-0.0194,0.0052,0.0,13.0,0.0
2026-09-21 11:19:26,2026-09-21T11:03:53,769.17,2026-09-21,C,785.0,0.0,0.01,0.0,5875.0,0.01,0.2976,0.009,0.0037,-0.0193,0.005,0.0,2.0,490.0
2026-09-21 11:19:26,2026-09-21T11:03:53,769.17,2026-09-21,P,785.0,15.74,15.87,200.0,1.0,15.86,0.0,-0.991,0.0037,-0.0193,0.005,0.0,27.0,0.0
2026-09-21 11:19:26,2026-09-21T11:03:53,769.17,2026-09-21,C,786.0,0.0,0.01,0.0,6133.0,0.01,0.3143,0.0085,0.0033,-0.0193,0.0047,0.0,9.0,1683.0
2026-09-21 11:19:26,2026-09-21T11:03:53,769.17,2026-09-21,P,786.0,16.74,16.87,200.0,73.0,16.76,0.0,-0.9915,0.0033,-0.0193,0.0047,0.0,75.0,0.0
2026-09-21 11:19:26,2026-09-21T11:03:53,769.17,2026-09-21,C,787.0,0.0,0.01,0.0,6149.0,0.01,0.331,0.0081,0.003,-0.0192,0.0045,0.0,1.0,1400.0
2026-09-21 11:19:26,2026-09-21T11:03:53,769.17,2026-09-21,P,787.0,17.74,17.87,200.0,8.0,17.73,0.0,-0.9918,0.003,-0.0192,0.0045,0.0,54.0,0.0
2026-09-21 11:19:26,2026-09-21T11:03:53,769.17,2026-09-21,C,788.0,0.0,0.01,0.0,6213.0,0.01,0.3475,0.0078,0.0028,-0.0191,0.0044,0.0,2.0,1010.0
2026-09-21 11:19:26,2026-09-21T11:03:53,769.17,2026-09-21,P,788.0,18.74,18.87,155.0,38.0,18.97,0.0,-0.9922,0.0028,-0.0191,0.0044,0.0,54.0,0.0
2026-09-21 11:19:26,2026-09-21T11:03:53,769.17,2026-09-21,C,789.0,0.0,0.01,0.0,6273.0,0.01,0.3639,0.0075,0.0026,-0.0191,0.0042,0.0,2.0,6906.0
2026-09-21 11:19:26,2026-09-21T11:03:53,769.17,2026-09-21,P,789.0,19.74,19.87,173.0,78.0,19.99,0.0,-0.9925,0.0026,-0.0191,0.0042,0.0,407.0,0.0
2026-09-21 11:19:26,2026-09-21T11:03:53,769.17,2026-09-21,C,790.0,0.0,0.01,0.0,6325.0,0.01,0.3803,0.0072,0.0024,-0.019,0.004,0.0,12.0,6747.0
2026-09-21 11:19:26,2026-09-21T11:03:53,769.17,2026-09-21,P,790.0,20.74,20.87,187.0,1.0,20.94,0.0,-0.9928,0.0024,-0.019,0.004,0.0,24.0,0.0
2026-09-21 11:19:26,2026-09-21T11:03:53,769.17,2026-09-21,C,791.0,0.0,0.01,0.0,6354.0,0.02,0.3966,0.0069,0.0022,-0.0189,0.0039,0.0,0.0,221.0
2026-09-21 11:19:26,2026-09-21T11:03:53,769.17,2026-09-21,P,791.0,21.74,21.87,140.0,76.0,21.7,0.0,-0.9931,0.0022,-0.0189,0.0039,0.0,12.0,0.0
2026-09-21 11:19:26,2026-09-21T11:03:53,769.17,2026-09-21,C,792.0,0.0,0.01,0.0,6355.0,0.01,0.4128,0.0066,0.002,-0.0189,0.0037,0.0,0.0,485.0
2026-09-21 11:19:26,2026-09-21T11:03:53,769.17,2026-09-21,P,792.0,22.74,22.87,165.0,22.0,22.82,0.0,-0.9934,0.002,-0.0189,0.0037,0.0,76.0,0.0
2026-09-21 11:19:26,2026-09-21T11:03:53,769.17,2026-09-21,C,793.0,0.0,0.01,0.0,6355.0,0.01,0.4289,0.0064,0.0019,-0.0188,0.0036,0.0,0.0,26.0
2026-09-21 11:19:26,2026-09-21T11:03:53,769.17,2026-09-21,P,793.0,23.74,23.88,80.0,1.0,24.05,0.0,-0.9936,0.0019,-0.0188,0.0036,0.0,25.0,0.0
2026-09-21 11:19:26,2026-09-21T11:03:53,769.17,2026-09-21,C,794.0,0.0,0.01,0.0,6355.0,0.01,0.445,0.0062,0.0018,-0.0188,0.0035,0.0,0.0,530.0
2026-09-21 11:19:26,2026-09-21T11:03:53,769.17,2026-09-21,P,794.0,24.26,25.32,144.0,144.0,24.98,0.0,-0.9938,0.0018,-0.0188,0.0035,0.0,5.0,0.0
2026-09-21 11:19:26,2026-09-21T11:03:53,769.17,2026-09-21,C,795.0,0.0,0.01,0.0,6355.0,0.01,0.4609,0.006,0.0017,-0.0187,0.0034,0.0,1.0,543.0
2026-09-21 11:19:26,2026-09-21T11:03:53,769.17,2026-09-21,P,795.0,25.22,26.37,114.0,69.0,26.1,0.0,-0.994,0.0017,-0.0187,0.0034,0.0,2.0,0.0
2026-09-21 11:19:26,2026-09-21T11:03:53,769.17,2026-09-21,C,796.0,0.0,0.01,0.0,6355.0,0.02,0.4768,0.0058,0.0016,-0.0186,0.0033,0.0,0.0,1.0
2026-09-21 11:19:26,2026-09-21T11:03:53,769.17,2026-09-21,P,796.0,26.33,27.36,145.0,149.0,27.09,0.5649,-0.9942,0.0016,-0.0186,0.0033,0.0,2.0,0.0
2026-09-21 11:19:26,2026-09-21T11:03:53,769.17,2026-09-21,C,797.0,0.0,0.01,0.0,5855.0,0.02,0.4927,0.0056,0.0015,-0.0186,0.0032,0.0,0.0,170.0
2026-09-21 11:19:26,2026-09-21T11:03:53,769.17,2026-09-21,P,797.0,27.28,28.32,245.0,149.0,28.21,0.0,-0.9944,0.0015,-0.0186,0.0032,0.0,3.0,0.0
2026-09-21 11:19:26,2026-09-21T11:03:53,769.17,2026-09-21,C,798.0,0.0,0.01,0.0,5855.0,0.02,0.5085,0.0054,0.0014,-0.0185,0.0031,0.0,0.0,115.0
2026-09-21 11:19:26,2026-09-21T11:03:53,769.17,2026-09-21,P,798.0,28.33,29.37,69.0,69.0,29.15,0.6138,-0.9946,0.0014,-0.0185,0.0031,0.0,3.0,0.0
2026-09-21 11:19:26,2026-09-21T11:03:53,769.17,2026-09-21,C,799.0,0.0,0.01,0.0,5855.0,0.01,0.5242,0.0053,0.0013,-0.0184,0.003,0.0,10.0,23.0
2026-09-21 11:19:26,2026-09-21T11:03:53,769.17,2026-09-21,P,799.0,29.33,30.36,68.0,68.0,30.75,0.6193,-0.9947,0.0013,-0.0184,0.003,0.0,1.0,0.0
2026-09-21 11:19:26,2026-09-21T11:03:53,769.17,2026-09-21,C,800.0,0.0,0.01,0.0,5855.0,0.01,0.5399,0.0051,0.0013,-0.0184,0.0029,0.0,2.0,935.0
2026-09-21 11:19:26,2026-09-21T11:03:53,769.17,2026-09-21,P,800.0,30.25,31.41,130.0,130.0,31.44,0.5818,-0.9949,0.0013,-0.0184,0.0029,0.0,4.0,1.0
2026-09-21 11:19:26,2026-09-21T11:03:53,769.17,2026-09-21,C,801.0,0.0,0.01,0.0,5855.0,0.01,0.5555,0.005,0.0012,-0.0183,0.0029,0.0,0.0,242.0
2026-09-21 11:19:26,2026-09-21T11:03:53,769.17,2026-09-21,P,801.0,31.26,32.49,69.0,69.0,39.82,0.7192,-0.995,0.0012,-0.0183,0.0029,0.0,0.0,0.0
2026-09-21 11:19:26,2026-09-21T11:03:53,769.17,2026-09-21,C,802.0,0.0,0.01,0.0,5855.0,0.01,0.571,0.0049,0.0011,-0.0183,0.0028,0.0,2.0,1043.0
2026-09-21 11:19:26,2026-09-21T11:03:53,769.17,2026-09-21,P,802.0,32.26,33.41,69.0,69.0,42.57,0.6385,-0.9951,0.0011,-0.0183,0.0028,0.0,0.0,0.0
2026-09-21 11:19:26,2026-09-21T11:03:53,769.17,2026-09-21,C,803.0,0.0,0.01,0.0,5855.0,0.01,0.5865,0.0047,0.0011,-0.0182,0.0027,0.0,0.0,958.0
2026-09-21 11:19:26,2026-09-21T11:03:53,769.17,2026-09-21,P,803.0,33.32,34.47,70.0,70.0,33.72,0.6746,-0.9953,0.0011,-0.0182,0.0027,0.0,1.0,0.0
2026-09-21 11:19:26,2026-09-21T11:03:53,769.17,2026-09-21,C,804.0,0.0,0.01,0.0,5855.0,0.02,0.602,0.0046,0.001,-0.0182,0.0027,0.0,0.0,65.0
2026-09-21 11:19:26,2026-09-21T11:03:53,769.17,2026-09-21,P,804.0,34.26,35.4,68.0,68.0,34.67,0.6478,-0.9954,0.001,-0.0182,0.0027,0.0,1.0,0.0
2026-09-21 11:19:26,2026-09-21T11:03:53,769.17,2026-09-21,C,805.0,0.0,0.01,0.0,5855.0,0.01,0.6173,0.0045,0.001,-0.0181,0.0026,0.0,0.0,41.0
2026-09-21 11:19:26,2026-09-21T11:03:53,769.17,2026-09-21,P,805.0,35.27,36.39,69.0,69.0,43.96,0.6641,-0.9955,0.001,-0.0181,0.0026,0.0,0.0,0.0
2026-09-21 11:19:26,2026-09-21T11:03:53,769.17,2026-09-21,C,806.0,0.0,0.01,0.0,5855.0,0.01,0.6327,0.0044,0.0009,-0.018,0.0025,0.0,0.0,483.0
2026-09-21 11:19:26,2026-09-21T11:03:53,769.17,2026-09-21,P,806.0,36.32,37.43,68.0,69.0,46.72,0.5628,-0.9956,0.0009,-0.018,0.0025,0.0,0.0,0.0
2026-09-21 11:19:26,2026-09-21T11:03:53,769.17,2026-09-21,C,807.0,0.0,0.01,0.0,5855.0,0.01,0.648,0.0043,0.0009,-0.018,0.0025,0.0,0.0,395.0
2026-09-21 11:19:26,2026-09-21T11:03:53,769.17,2026-09-21,P,807.0,37.29,38.58,69.0,69.0,47.38,0.9194,-0.9957,0.0009,-0.018,0.0025,0.0,0.0,0.0
2026-09-21 11:24:26,2026-09-21T11:08:52,769.55,2026-09-21,C,732.0,36.89,37.61,133.0,133.0,37.57,0.0,0.9968,0.0007,-0.0132,0.0019,0.0,500.0,32.0
2026-09-21 11:24:26,2026-09-21T11:08:52,769.55,2026-09-21,P,732.0,0.0,0.01,0.0,7134.0,0.01,0.6806,-0.0032,0.0007,-0.0132,0.0019,0.0,36.0,881.0
2026-09-21 11:24:26,2026-09-21T11:08:52,769.55,2026-09-21,C,733.0,35.99,36.62,138.0,70.0,36.55,0.0,0.9967,0.0007,-0.0133,0.0019,0.0,199.0,63.0
2026-09-21 11:24:26,2026-09-21T11:08:52,769.55,2026-09-21,P,733.0,0.0,0.01,0.0,6966.0,0.01,0.6636,-0.0033,0.0007,-0.0133,0.0019,0.0,4.0,2919.0
2026-09-21 11:24:26,2026-09-21T11:08:52,769.55,2026-09-21,C,734.0,34.89,35.62,139.0,138.0,34.96,0.0,0.9966,0.0008,-0.0133,0.002,0.0,320.0,56.0
2026-09-21 11:24:26,2026-09-21T11:08:52,769.55,2026-09-21,P,734.0,0.0,0.01,0.0,6866.0,0.05,0.6466,-0.0034,0.0008,-0.0133,0.002,0.0,0.0,773.0
2026-09-21 11:24:26,2026-09-21T11:08:52,769.55,2026-09-21,C,735.0,33.91,34.62,144.0,144.0,34.55,0.0,0.9965,0.0008,-0.0134,0.002,0.0,720.0,24.0
2026-09-21 11:24:26,2026-09-21T11:08:52,769.55,2026-09-21,P,735.0,0.0,0.01,0.0,6839.0,0.01,0.6295,-0.0035,0.0008,-0.0134,0.002,0.0,13.0,1578.0
2026-09-21 11:24:26,2026-09-21T11:08:52,769.55,2026-09-21,C,736.0,32.89,33.63,114.0,114.0,33.58,0.0,0.9964,0.0008,-0.0135,0.0021,0.0,183.0,16.0
2026-09-21 11:24:26,2026-09-21T11:08:52,769.55,2026-09-21,P,736.0,0.0,0.01,0.0,6659.0,0.01,0.6124,-0.0036,0.0008,-0.0135,0.0021,0.0,7.0,2021.0
2026-09-21 11:24:26,2026-09-21T11:08:52,769.55,2026-09-21,C,737.0,32.48,32.54,97.0,88.0,32.49,0.0,0.9963,0.0009,-0.0135,0.0022,0.0,276.0,17.0
2026-09-21 11:24:26,2026-09-21T11:08:52,769.55,2026-09-21,P,737.0,0.0,0.01,0.0,6547.0,0.01,0.5953,-0.0037,0.0009,-0.0135,0.0022,0.0,6.0,1437.0
2026-09-21 11:24:26,2026-09-21T11:08:52,769.55,2026-09-21,C,738.0,31.48,31.54,97.0,87.0,31.18,0.0,0.9962,0.0009,-0.0136,0.0022,0.0,374.0,22.0
2026-09-21 11:24:26,2026-09-21T11:08:52,769.55,2026-09-21,P,738.0,0.0,0.01,0.0,6431.0,0.02,0.5782,-0.0038,0.0009,-0.0136,0.0022,0.0,10.0,1180.0
2026-09-21 11:24:26,2026-09-21T11:08:52,769.55,2026-09-21,C,739.0,30.48,30.54,100.0,85.0,30.49,0.0,0.9961,0.001,-0.0137,0.0023,0.0,335.0,30.0
2026-09-21 11:24:26,2026-09-21T11:08:52,769.55,2026-09-21,P,739.0,0.0,0.01,0.0,6368.0,0.01,0.5611,-0.0039,0.001,-0.0137,0.0023,0.0,487.0,1347.0
2026-09-21 11:24:26,2026-09-21T11:08:52,769.55,2026-09-21,C,740.0,29.48,29.54,104.0,88.0,29.48,0.0,0.996,0.001,-0.0137,0.0024,0.0,2058.0,42.0
2026-09-21 11:24:26,2026-09-21T11:08:52,769.55,2026-09-21,P,740.0,0.0,0.01,0.0,6238.0,0.01,0.544,-0.004,0.001,-0.0137,0.0024,0.0,3679.0,5789.0
2026-09-21 11:24:26,2026-09-21T11:08:52,769.55,2026-09-21,C,741.0,28.48,28.55,90.0,94.0,28.08,0.0,0.9958,0.0011,-0.0138,0.0024,0.0,345.0,38.0
2026-09-21 11:24:26,2026-09-21T11:08:52,769.55,2026-09-21,P,741.0,0.0,0.01,0.0,4105.0,0.01,0.5268,-0.0042,0.0011,-0.0138,0.0024,0.0,213.0,2863.0
2026-09-21 11:24:26,2026-09-21T11:08:52,769.55,2026-09-21,C,742.0,27.48,27.55,58.0,98.0,27.27,0.0,0.9957,0.0012,-0.0139,0.0025,0.0,1359.0,11.0
2026-09-21 11:24:26,2026-09-21T11:08:52,769.55,2026-09-21,P,742.0,0.0,0.01,0.0,3964.0,0.01,0.5096,-0.0043,0.0012,-0.0139,0.0025,0.0,862.0,1915.0
2026-09-21 11:24:26,2026-09-21T11:08:52,769.55,2026-09-21,C,743.0,26.48,26.55,94.0,94.0,26.52,0.0,0.9956,0.0013,-0.0139,0.0026,0.0,214.0,71.0
2026-09-21 11:24:26,2026-09-21T11:08:52,769.55,2026-09-21,P,743.0,0.0,0.01,0.0,3585.0,0.01,0.4924,-0.0044,0.0013,-0.0139,0.0026,0.0,1207.0,2810.0
2026-09-21 11:24:26,2026-09-21T11:08:52,769.55,2026-09-21,C,744.0,25.51,25.53,131.0,120.0,25.51,0.0,0.9954,0.0014,-0.014,0.0027,0.0,886.0,47.0
2026-09-21 11:24:26,2026-09-21T11:08:52,769.55,2026-09-21,P,744.0,0.0,0.01,0.0,2936.0,0.01,0.4752,-0.0046,0.0014,-0.014,0.0027,0.0,4899.0,1802.0
2026-09-21 11:24:26,2026-09-21T11:08:52,769.55,2026-09-21,C,745.0,24.48,24.55,106.0,47.0,24.38,0.0,0.9952,0.0014,-0.0141,0.0028,0.0,213.0,84.0
2026-09-21 11:24:26,2026-09-21T11:08:52,769.55,2026-09-21,P,745.0,0.01,0.02,6685.0,6976.0,0.02,0.5107,-0.0048,0.0014,-0.0141,0.0028,0.0,10434.0,18475.0
2026-09-21 11:24:26,2026-09-21T11:08:52,769.55,2026-09-21,C,746.0,23.48,23.55,63.0,46.0,23.09,0.0,0.995,0.0016,-0.0142,0.0029,0.0,417.0,65.0
2026-09-21 11:24:26,2026-09-21T11:08:52,769.55,2026-09-21,P,746.0,0.01,0.02,6762.0,6761.0,0.02,0.4918,-0.005,0.0016,-0.0142,0.0029,0.0,2080.0,1979.0
2026-09-21 11:24:26,2026-09-21T11:08:52,769.55,2026-09-21,C,747.0,22.48,22.55,73.0,104.0,22.2,0.0,0.9948,0.0017,-0.0142,0.003,0.0,448.0,18.0
2026-09-21 11:24:26,2026-09-21T11:08:52,769.55,2026-09-21,P,747.0,0.01,0.02,6833.0,6584.0,0.02,0.4728,-0.0052,0.0017,-0.0142,0.003,0.0,3518.0,2684.0
2026-09-21 11:24:26,2026-09-21T11:08:52,769.55,2026-09-21,C,748.0,21.49,21.55,100.0,103.0,21.45,0.0,0.9946,0.0018,-0.0143,0.0031,0.0,341.0,61.0
2026-09-21 11:24:26,2026-09-21T11:08:52,769.55,2026-09-21,P,748.0,0.01,0.02,6907.0,6369.0,0.01,0.4538,-0.0054,0.0018,-0.0143,0.0031,0.0,3213.0,4869.0
2026-09-21 11:24:26,2026-09-21T11:08:52,769.55,2026-09-21,C,749.0,20.52,20.53,53.0,1.0,20.5,0.0,0.9944,0.002,-0.0144,0.0032,0.0,712.0,83.0
2026-09-21 11:24:26,2026-09-21T11:08:52,769.55,2026-09-21,P,749.0,0.01,0.02,6827.0,6011.0,0.01,0.4348,-0.0056,0.002,-0.0144,0.0032,0.0,2677.0,5143.0
2026-09-21 11:24:26,2026-09-21T11:08:52,769.55,2026-09-21,C,750.0,19.49,19.55,100.0,40.0,19.42,0.0,0.9941,0.0021,-0.0145,0.0034,0.0,1760.0,477.0
2026-09-21 11:24:26,2026-09-21T11:08:52,769.55,2026-09-21,P,750.0,0.01,0.02,6843.0,5814.0,0.01,0.4156,-0.0059,0.0021,-0.0145,0.0034,0.0,11685.0,16881.0
2026-09-21 11:24:26,2026-09-21T11:08:52,769.55,2026-09-21,C,751.0,18.49,18.55,100.0,98.0,18.04,0.0,0.9938,0.0023,-0.0146,0.0035,0.0,157.0,334.0
2026-09-21 11:24:26,2026-09-21T11:08:52,769.55,2026-09-21,P,751.0,0.01,0.02,6782.0,4913.0,0.02,0.3965,-0.0062,0.0023,-0.0146,0.0035,0.0,2348.0,2776.0
2026-09-21 11:24:26,2026-09-21T11:08:52,769.55,2026-09-21,C,752.0,17.49,17.55,100.0,79.0,17.31,0.0,0.9935,0.0026,-0.0148,0.0037,0.0,106.0,298.0
2026-09-21 11:24:26,2026-09-21T11:08:52,769.55,2026-09-21,P,752.0,0.02,0.03,4406.0,6466.0,0.02,0.401,-0.0065,0.0026,-0.0148,0.0037,0.0,15150.0,3260.0
2026-09-21 11:24:26,2026-09-21T11:08:52,769.55,2026-09-21,C,753.0,16.49,16.55,100.0,75.0,16.47,0.0,0.9931,0.0028,-0.015,0.0039,0.0,102.0,321.0
2026-09-21 11:24:26,2026-09-21T11:08:52,769.55,2026-09-21,P,753.0,0.02,0.03,4479.0,6249.0,0.02,0.3808,-0.0069,0.0028,-0.015,0.0039,0.0,11674.0,2802.0
2026-09-21 11:24:26,2026-09-21T11:08:52,769.55,2026-09-21,C,754.0,15.49,15.56,100.0,46.0,15.49,0.0,0.9926,0.0032,-0.0152,0.0042,0.0,281.0,569.0
2026-09-21 11:24:26,2026-09-21T11:08:52,769.55,2026-09-21,P,754.0,0.02,0.03,6060.0,6067.0,0.03,0.3604,-0.0074,0.0032,-0.0152,0.0042,0.0,5452.0,2348.0
2026-09-21 11:24:26,2026-09-21T11:08:52,769.55,2026-09-21,C,755.0,14.49,14.55,91.0,62.0,14.52,0.0,0.9921,0.0036,-0.0155,0.0044,0.0,1679.0,1471.0
2026-09-21 11:24:26,2026-09-21T11:08:52,769.55,2026-09-21,P,755.0,0.02,0.03,5997.0,5710.0,0.03,0.3398,-0.0079,0.0036,-0.0155,0.0044,0.0,5477.0,21487.0
2026-09-21 11:24:26,2026-09-21T11:08:52,769.55,2026-09-21,C,756.0,13.49,13.56,66.0,42.0,13.26,0.0,0.9915,0.004,-0.016,0.0048,0.0,640.0,768.0
2026-09-21 11:24:26,2026-09-21T11:08:52,769.55,2026-09-21,P,756.0,0.02,0.03,6052.0,5475.0,0.02,0.3192,-0.0085,0.004,-0.016,0.0048,0.0,3475.0,4124.0
2026-09-21 11:24:26,2026-09-21T11:08:52,769.55,2026-09-21,C,757.0,12.5,12.54,100.0,2.0,12.52,0.0,0.9906,0.0047,-0.0166,0.0052,0.0,4016.0,3398.0
2026-09-21 11:24:26,2026-09-21T11:08:52,769.55,2026-09-21,P,757.0,0.02,0.03,6105.0,4716.0,0.02,0.2985,-0.0094,0.0047,-0.0166,0.0052,0.0,4057.0,6135.0
2026-09-21 11:24:26,2026-09-21T11:08:52,769.55,2026-09-21,C,758.0,11.5,11.56,100.0,81.0,11.47,0.0346,0.9895,0.0055,-0.0176,0.0058,0.0,780.0,1431.0
2026-09-21 11:24:26,2026-09-21T11:08:52,769.55,2026-09-21,P,758.0,0.02,0.03,6157.0,3568.0,0.02,0.2776,-0.0105,0.0055,-0.0176,0.0058,0.0,9101.0,6814.0
2026-09-21 11:24:26,2026-09-21T11:08:52,769.55,2026-09-21,C,759.0,10.5,10.55,100.0,11.0,10.23,0.0,0.988,0.0066,-0.0191,0.0065,0.0,1036.0,3109.0
2026-09-21 11:24:26,2026-09-21T11:08:52,769.55,2026-09-21,P,759.0,0.03,0.04,5491.0,5477.0,0.03,0.2692,-0.012,0.0066,-0.0191,0.0065,0.0,11268.0,9099.0
2026-09-21 11:24:26,2026-09-21T11:08:52,769.55,2026-09-21,C,760.0,9.54,9.55,126.0,77.0,9.53,0.0,0.9859,0.0082,-0.0214,0.0075,0.0,2677.0,6853.0
2026-09-21 11:24:26,2026-09-21T11:08:52,769.55,2026-09-21,P,760.0,0.03,0.04,5683.0,4652.0,0.03,0.2472,-0.0141,0.0082,-0.0214,0.0075,0.0,16217.0,15275.0
2026-09-21 11:24:26,2026-09-21T11:08:52,769.55,2026-09-21,C,761.0,8.54,8.56,107.0,105.0,8.52,0.0,0.9828,0.0105,-0.0249,0.0089,0.0,2732.0,5926.0
2026-09-21 11:24:26,2026-09-21T11:08:52,769.55,2026-09-21,P,761.0,0.04,0.05,3405.0,5161.0,0.04,0.2342,-0.0172,0.0105,-0.0249,0.0089,0.0,22218.0,9645.0
2026-09-21 11:24:26,2026-09-21T11:08:52,769.55,2026-09-21,C,762.0,7.55,7.56,94.0,1.0,7.53,0.0,0.978,0.0139,-0.0304,0.011,0.0,10190.0,8574.0
2026-09-21 11:24:26,2026-09-21T11:08:52,769.55,2026-09-21,P,762.0,0.04,0.05,5333.0,3826.0,0.04,0.2109,-0.022,0.0139,-0.0303,0.011,0.0,29984.0,6835.0
2026-09-21 11:24:26,2026-09-21T11:08:52,769.55,2026-09-21,C,763.0,6.56,6.57,74.0,114.0,6.55,0.1378,0.9708,0.0192,-0.0389,0.0139,0.0,12143.0,8346.0
2026-09-21 11:24:26,2026-09-21T11:08:52,769.55,2026-09-21,P,763.0,0.05,0.06,4873.0,3806.0,0.06,0.1942,-0.0292,0.0192,-0.0388,0.0139,0.0,39550.0,6849.0
2026-09-21 11:24:26,2026-09-21T11:08:52,769.55,2026-09-21,C,764.0,5.57,5.58,221.0,133.0,5.53,0.1427,0.9594,0.0273,-0.052,0.018,0.0,13148.0,6049.0
2026-09-21 11:24:26,2026-09-21T11:08:52,769.55,2026-09-21,P,764.0,0.06,0.07,4406.0,3984.0,0.06,0.1751,-0.0405,0.0273,-0.052,0.018,0.0,67279.0,1764.0
2026-09-21 11:24:26,2026-09-21T11:08:52,769.55,2026-09-21,C,765.0,4.59,4.6,94.0,150.0,4.59,0.1289,0.9417,0.0401,-0.0722,0.0239,0.0,22249.0,10594.0
2026-09-21 11:24:26,2026-09-21T11:08:52,769.55,2026-09-21,P,765.0,0.08,0.09,1818.0,3890.0,0.08,0.1582,-0.0582,0.04,-0.0722,0.0239,0.0,106940.0,1927.0
2026-09-21 11:24:26,2026-09-21T11:08:52,769.55,2026-09-21,C,766.0,3.61,3.62,220.0,77.0,3.6,0.1205,0.9135,0.0606,-0.1034,0.032,0.0,65803.0,5357.0
2026-09-21 11:24:26,2026-09-21T11:08:52,769.55,2026-09-21,P,766.0,0.11,0.12,820.0,3096.0,0.12,0.1407,-0.0863,0.0604,-0.1033,0.0319,0.0,186087.0,558.0
2026-09-21 11:24:26,2026-09-21T11:08:52,769.55,2026-09-21,C,767.0,2.66,2.67,222.0,1.0,2.65,0.109,0.8656,0.0941,-0.1561,0.0432,0.0,187188.0,4728.0
2026-09-21 11:24:26,2026-09-21T11:08:52,769.55,2026-09-21,P,767.0,0.16,0.17,478.0,2208.0,0.17,0.1232,-0.1341,0.0939,-0.1558,0.0432,0.0,234683.0,636.0
2026-09-21 11:24:26,2026-09-21T11:08:52,769.55,2026-09-21,C,768.0,1.78,1.79,317.0,171.0,1.78,0.1027,0.7751,0.1472,-0.2651,0.0585,0.0,272687.0,7227.0
2026-09-21 11:24:26,2026-09-21T11:08:52,769.55,2026-09-21,P,768.0,0.28,0.29,346.0,2095.0,0.29,0.1106,-0.2249,0.1472,-0.2651,0.0585,0.0,180433.0,334.0
2026-09-21 11:24:26,2026-09-21T11:08:52,769.55,2026-09-21,C,769.0,1.04,1.05,515.0,542.0,1.04,0.0971,0.6125,0.2037,-0.5128,0.0732,0.0,270194.0,5303.0
2026-09-21 11:24:26,2026-09-21T11:08:52,769.55,2026-09-21,P,769.0,0.53,0.54,232.0,728.0,0.54,0.1019,-0.3875,0.2037,-0.5128,0.0732,0.0,147738.0,318.0
2026-09-21 11:24:26,2026-09-21T11:08:52,769.55,2026-09-21,C,770.0,0.52,0.53,684.0,692.0,0.52,0.0953,0.4011,0.2094,-0.5281,0.0738,0.0,359401.0,29669.0
2026-09-21 11:24:26,2026-09-21T11:08:52,769.55,2026-09-21,P,770.0,1.01,1.02,393.0,483.0,1.02,0.1014,-0.5989,0.2094,-0.5281,0.0738,0.0,52396.0,828.0
2026-09-21 11:24:26,2026-09-21T11:08:52,769.55,2026-09-21,C,771.0,0.23,0.24,1585.0,744.0,0.24,0.0988,0.2244,0.1552,-0.2498,0.0585,0.0,134877.0,4731.0
2026-09-21 11:24:26,2026-09-21T11:08:52,769.55,2026-09-21,P,771.0,1.73,1.74,77.0,280.0,1.74,0.1067,-0.7756,0.1552,-0.2498,0.0585,0.0,14760.0,69.0
2026-09-21 11:24:26,2026-09-21T11:08:52,769.55,2026-09-21,C,772.0,0.11,0.12,1845.0,2058.0,0.12,0.1076,0.1218,0.0961,-0.1263,0.0408,0.0,142358.0,3586.0
2026-09-21 11:24:26,2026-09-21T11:08:52,769.55,2026-09-21,P,772.0,2.6,2.61,21.0,225.0,2.62,0.1192,-0.8786,0.0958,-0.1258,0.0407,0.0,7168.0,119.0
2026-09-21 11:24:26,2026-09-21T11:08:52,769.55,2026-09-21,C,773.0,0.05,0.06,3040.0,661.0,0.06,0.1157,0.0683,0.0569,-0.0694,0.0273,0.0,31183.0,3885.0
2026-09-21 11:24:26,2026-09-21T11:08:52,769.55,2026-09-21,P,773.0,3.55,3.56,1.0,141.0,3.55,0.1364,-0.9319,0.0567,-0.0692,0.0273,0.0,1937.0,0.0
2026-09-21 11:24:26,2026-09-21T11:08:52,769.55,2026-09-21,C,774.0,0.03,0.04,5225.0,4080.0,0.03,0.1298,0.0394,0.0337,-0.0398,0.0181,0.0,12080.0,2988.0
2026-09-21 11:24:26,2026-09-21T11:08:52,769.55,2026-09-21,P,774.0,4.52,4.54,58.0,52.0,4.53,0.1573,-0.9607,0.0336,-0.0397,0.018,0.0,1064.0,10.0
2026-09-21 11:24:26,2026-09-21T11:08:52,769.55,2026-09-21,C,775.0,0.02,0.03,5622.0,4964.0,0.03,0.145,0.0236,0.0203,-0.0238,0.012,0.0,3199.0,2242.0
2026-09-21 11:24:26,2026-09-21T11:08:52,769.55,2026-09-21,P,775.0,5.51,5.53,117.0,68.0,5.54,0.1771,-0.9765,0.0202,-0.0238,0.012,0.0,663.0,0.0
2026-09-21 11:24:26,2026-09-21T11:08:52,769.55,2026-09-21,C,776.0,0.01,0.02,6245.0,4357.0,0.02,0.1551,0.0151,0.0129,-0.0156,0.0083,0.0,2098.0,860.0
2026-09-21 11:24:26,2026-09-21T11:08:52,769.55,2026-09-21,P,776.0,6.49,6.55,42.0,60.0,6.53,0.1908,-0.9849,0.0128,-0.0156,0.0083,0.0,443.0,10.0
2026-09-21 11:24:26,2026-09-21T11:08:52,769.55,2026-09-21,C,777.0,0.01,0.02,6031.0,6146.0,0.01,0.1755,0.0108,0.0088,-0.0116,0.0062,0.0,17229.0,2233.0
2026-09-21 11:24:26,2026-09-21T11:08:52,769.55,2026-09-21,P,777.0,7.5,7.52,117.0,127.0,7.56,0.2211,-0.9892,0.0088,-0.0116,0.0062,0.0,1256.0,0.0
2026-09-21 11:24:26,2026-09-21T11:08:52,769.55,2026-09-21,C,778.0,0.0,0.01,0.0,1606.0,0.01,0.1717,0.0085,0.0066,-0.0097,0.0051,0.0,1840.0,817.0
2026-09-21 11:24:26,2026-09-21T11:08:52,769.55,2026-09-21,P,778.0,8.5,8.51,1.0,47.0,8.53,0.2414,-0.9915,0.0066,-0.0097,0.005,0.0,365.0,0.0
2026-09-21 11:24:26,2026-09-21T11:08:52,769.55,2026-09-21,C,779.0,0.0,0.01,0.0,5983.0,0.01,0.1896,0.0072,0.0052,-0.0089,0.0044,0.0,298.0,835.0
2026-09-21 11:24:26,2026-09-21T11:08:52,769.55,2026-09-21,P,779.0,9.45,9.57,100.0,100.0,9.63,0.2523,-0.9928,0.0052,-0.0089,0.0044,0.0,28.0,0.0
2026-09-21 11:24:26,2026-09-21T11:08:52,769.55,2026-09-21,C,780.0,0.0,0.01,0.0,6426.0,0.01,0.2073,0.0064,0.0044,-0.0084,0.0039,0.0,216.0,2288.0
2026-09-21 11:24:26,2026-09-21T11:08:52,769.55,2026-09-21,P,780.0,10.45,10.56,100.0,100.0,10.75,0.2694,-0.9936,0.0043,-0.0084,0.0039,0.0,187.0,0.0
2026-09-21 11:24:26,2026-09-21T11:08:52,769.55,2026-09-21,C,781.0,0.0,0.01,0.0,6879.0,0.02,0.2248,0.0059,0.0037,-0.0082,0.0036,0.0,45.0,930.0
2026-09-21 11:24:26,2026-09-21T11:08:52,769.55,2026-09-21,P,781.0,11.46,11.56,83.0,100.0,11.88,0.2962,-0.9941,0.0037,-0.0082,0.0036,0.0,36.0,10.0
2026-09-21 11:24:26,2026-09-21T11:08:52,769.55,2026-09-21,C,782.0,0.0,0.01,0.0,7211.0,0.01,0.2422,0.0055,0.0032,-0.0081,0.0033,0.0,297.0,596.0
2026-09-21 11:24:26,2026-09-21T11:08:52,769.55,2026-09-21,P,782.0,12.45,12.55,100.0,100.0,12.72,0.3062,-0.9946,0.0032,-0.0081,0.0033,0.0,56.0,0.0
2026-09-21 11:24:26,2026-09-21T11:08:52,769.55,2026-09-21,C,783.0,0.0,0.01,0.0,7531.0,0.01,0.2595,0.0051,0.0028,-0.0081,0.0031,0.0,192.0,2107.0
2026-09-21 11:24:26,2026-09-21T11:08:52,769.55,2026-09-21,P,783.0,13.47,13.56,44.0,91.0,13.72,0.3445,-0.9949,0.0028,-0.0081,0.0031,0.0,19.0,0.0
2026-09-21 11:24:26,2026-09-21T11:08:52,769.55,2026-09-21,C,784.0,0.0,0.01,0.0,7675.0,0.01,0.2766,0.0048,0.0025,-0.008,0.0029,0.0,0.0,346.0
2026-09-21 11:24:26,2026-09-21T11:08:52,769.55,2026-09-21,P,784.0,14.45,14.56,100.0,93.0,14.91,0.3541,-0.9952,0.0025,-0.008,0.0029,0.0,13.0,0.0
2026-09-21 11:24:26,2026-09-21T11:08:52,769.55,2026-09-21,C,785.0,0.0,0.01,0.0,7876.0,0.01,0.2936,0.0045,0.0023,-0.008,0.0028,0.0,2.0,490.0
2026-09-21 11:24:26,2026-09-21T11:08:52,769.55,2026-09-21,P,785.0,15.44,15.56,100.0,100.0,15.86,0.3678,-0.9955,0.0023,-0.008,0.0028,0.0,27.0,0.0
2026-09-21 11:24:26,2026-09-21T11:08:52,769.55,2026-09-21,C,786.0,0.0,0.01,0.0,7998.0,0.01,0.3105,0.0043,0.002,-0.0079,0.0026,0.0,59.0,1683.0
2026-09-21 11:24:26,2026-09-21T11:08:52,769.55,2026-09-21,P,786.0,16.44,16.56,100.0,100.0,16.76,0.388,-0.9957,0.002,-0.0079,0.0026,0.0,75.0,0.0
2026-09-21 11:24:26,2026-09-21T11:08:52,769.55,2026-09-21,C,787.0,0.0,0.01,0.0,8150.0,0.01,0.3273,0.0041,0.0018,-0.0079,0.0025,0.0,1.0,1400.0
2026-09-21 11:24:26,2026-09-21T11:08:52,769.55,2026-09-21,P,787.0,17.44,17.56,100.0,100.0,17.73,0.4081,-0.9959,0.0018,-0.0079,0.0025,0.0,54.0,0.0
2026-09-21 11:24:26,2026-09-21T11:08:52,769.55,2026-09-21,C,788.0,0.0,0.01,0.0,8214.0,0.01,0.344,0.0039,0.0017,-0.0079,0.0024,0.0,2.0,1010.0
2026-09-21 11:24:26,2026-09-21T11:08:52,769.55,2026-09-21,P,788.0,18.44,18.56,100.0,100.0,18.97,0.428,-0.9961,0.0017,-0.0079,0.0024,0.0,54.0,0.0
2026-09-21 11:24:26,2026-09-21T11:08:52,769.55,2026-09-21,C,789.0,0.0,0.01,0.0,8274.0,0.01,0.3606,0.0037,0.0016,-0.0078,0.0023,0.0,2.0,6906.0
2026-09-21 11:24:26,2026-09-21T11:08:52,769.55,2026-09-21,P,789.0,19.44,19.56,100.0,90.0,19.99,0.4477,-0.9963,0.0015,-0.0078,0.0023,0.0,407.0,0.0
2026-09-21 11:24:26,2026-09-21T11:08:52,769.55,2026-09-21,C,790.0,0.0,0.01,0.0,8326.0,0.01,0.3771,0.0036,0.0014,-0.0078,0.0022,0.0,12.0,6747.0
2026-09-21 11:24:26,2026-09-21T11:08:52,769.55,2026-09-21,P,790.0,20.44,20.56,100.0,94.0,20.94,0.4674,-0.9964,0.0014,-0.0078,0.0022,0.0,24.0,0.0
2026-09-21 11:24:26,2026-09-21T11:08:52,769.55,2026-09-21,C,791.0,0.0,0.01,0.0,8355.0,0.02,0.3935,0.0034,0.0013,-0.0078,0.0021,0.0,0.0,221.0
2026-09-21 11:24:26,2026-09-21T11:08:52,769.55,2026-09-21,P,791.0,21.44,21.56,100.0,100.0,21.7,0.4869,-0.9966,0.0013,-0.0078,0.0021,0.0,12.0,0.0
2026-09-21 11:24:26,2026-09-21T11:08:52,769.55,2026-09-21,C,792.0,0.0,0.01,0.0,8356.0,0.01,0.4098,0.0033,0.0012,-0.0077,0.002,0.0,0.0,485.0
2026-09-21 11:24:26,2026-09-21T11:08:52,769.55,2026-09-21,P,792.0,22.44,22.56,100.0,87.0,22.73,0.5063,-0.9967,0.0012,-0.0077,0.002,0.0,77.0,0.0
2026-09-21 11:24:26,2026-09-21T11:08:52,769.55,2026-09-21,C,793.0,0.0,0.01,0.0,8356.0,0.01,0.4261,0.0032,0.0011,-0.0077,0.0019,0.0,0.0,26.0
2026-09-21 11:24:26,2026-09-21T11:08:52,769.55,2026-09-21,P,793.0,23.44,23.56,63.0,69.0,24.05,0.5256,-0.9968,0.0011,-0.0077,0.0019,0.0,25.0,0.0
2026-09-21 11:24:26,2026-09-21T11:08:52,769.55,2026-09-21,C,794.0,0.0,0.01,0.0,8356.0,0.01,0.4423,0.003,0.0011,-0.0077,0.0019,0.0,0.0,530.0
2026-09-21 11:24:26,2026-09-21T11:08:52,769.55,2026-09-21,P,794.0,24.26,25.02,70.0,203.0,24.98,0.6918,-0.997,0.0011,-0.0077,0.0019,0.0,5.0,0.0
2026-09-21 11:24:26,2026-09-21T11:08:52,769.55,2026-09-21,C,795.0,0.0,0.01,0.0,8431.0,0.01,0.4584,0.0029,0.001,-0.0076,0.0018,0.0,1.0,543.0
2026-09-21 11:24:26,2026-09-21T11:08:52,769.55,2026-09-21,P,795.0,25.22,26.07,68.0,108.0,26.1,0.7181,-0.9971,0.001,-0.0076,0.0018,0.0,2.0,0.0
2026-09-21 11:24:26,2026-09-21T11:08:52,769.55,2026-09-21,C,796.0,0.0,0.01,0.0,7856.0,0.02,0.4745,0.0028,0.0009,-0.0076,0.0017,0.0,0.0,1.0
2026-09-21 11:24:26,2026-09-21T11:08:52,769.55,2026-09-21,P,796.0,26.32,27.08,169.0,225.0,27.09,0.7771,-0.9972,0.0009,-0.0076,0.0017,0.0,2.0,0.0
2026-09-21 11:24:26,2026-09-21T11:08:52,769.55,2026-09-21,C,797.0,0.0,0.01,0.0,7856.0,0.02,0.4904,0.0027,0.0009,-0.0076,0.0017,0.0,0.0,170.0
2026-09-21 11:24:26,2026-09-21T11:08:52,769.55,2026-09-21,P,797.0,27.28,28.04,197.0,197.0,28.21,0.7741,-0.9973,0.0009,-0.0076,0.0017,0.0,3.0,0.0
2026-09-21 11:24:26,2026-09-21T11:08:52,769.55,2026-09-21,C,798.0,0.0,0.01,0.0,7856.0,0.02,0.5064,0.0027,0.0008,-0.0075,0.0016,0.0,0.0,115.0
2026-09-21 11:24:26,2026-09-21T11:08:52,769.55,2026-09-21,P,798.0,28.32,29.14,70.0,224.0,29.15,0.8422,-0.9974,0.0008,-0.0075,0.0016,0.0,3.0,0.0
2026-09-21 11:24:26,2026-09-21T11:08:52,769.55,2026-09-21,C,799.0,0.0,0.01,0.0,7856.0,0.01,0.5222,0.0026,0.0008,-0.0075,0.0016,0.0,10.0,23.0
2026-09-21 11:24:26,2026-09-21T11:08:52,769.55,2026-09-21,P,799.0,29.11,30.23,68.0,68.0,30.75,0.8265,-0.9974,0.0008,-0.0075,0.0016,0.0,1.0,0.0
2026-09-21 11:24:26,2026-09-21T11:08:52,769.55,2026-09-21,C,800.0,0.0,0.01,0.0,7856.0,0.01,0.538,0.0025,0.0007,-0.0075,0.0015,0.0,3.0,935.0
2026-09-21 11:24:26,2026-09-21T11:08:52,769.55,2026-09-21,P,800.0,30.24,31.02,203.0,203.0,31.44,0.8185,-0.9975,0.0007,-0.0075,0.0015,0.0,4.0,1.0
2026-09-21 11:24:26,2026-09-21T11:08:52,769.55,2026-09-21,C,801.0,0.0,0.01,0.0,7856.0,0.01,0.5537,0.0024,0.0007,-0.0074,0.0015,0.0,0.0,242.0
2026-09-21 11:24:26,2026-09-21T11:08:52,769.55,2026-09-21,P,801.0,31.03,32.25,69.0,69.0,39.82,0.8485,-0.9976,0.0007,-0.0074,0.0015,0.0,0.0,0.0
2026-09-21 11:24:26,2026-09-21T11:08:52,769.55,2026-09-21,C,802.0,0.0,0.01,0.0,7856.0,0.01,0.5694,0.0024,0.0007,-0.0074,0.0014,0.0,2.0,1043.0
2026-09-21 11:24:26,2026-09-21T11:08:52,769.55,2026-09-21,P,802.0,32.03,33.1,69.0,69.0,42.57,0.798,-0.9976,0.0007,-0.0074,0.0014,0.0,0.0,0.0
2026-09-21 11:24:26,2026-09-21T11:08:52,769.55,2026-09-21,C,803.0,0.0,0.01,0.0,7856.0,0.01,0.585,0.0023,0.0006,-0.0074,0.0014,0.0,0.0,958.0
2026-09-21 11:24:26,2026-09-21T11:08:52,769.55,2026-09-21,P,803.0,33.03,34.25,69.0,69.0,33.72,0.8922,-0.9977,0.0006,-0.0074,0.0014,0.0,1.0,0.0
2026-09-21 11:24:26,2026-09-21T11:08:52,769.55,2026-09-21,C,804.0,0.0,0.01,0.0,7856.0,0.02,0.6006,0.0022,0.0006,-0.0074,0.0014,0.0,0.0,65.0
2026-09-21 11:24:26,2026-09-21T11:08:52,769.55,2026-09-21,P,804.0,34.08,35.21,70.0,70.0,34.67,0.9181,-0.9978,0.0006,-0.0074,0.0014,0.0,1.0,0.0
2026-09-21 11:24:26,2026-09-21T11:08:52,769.55,2026-09-21,C,805.0,0.0,0.01,0.0,7856.0,0.01,0.6161,0.0022,0.0006,-0.0073,0.0013,0.0,0.0,41.0
2026-09-21 11:24:26,2026-09-21T11:08:52,769.55,2026-09-21,P,805.0,35.08,36.22,69.0,69.0,43.96,0.944,-0.9978,0.0006,-0.0073,0.0013,0.0,0.0,0.0
2026-09-21 11:24:26,2026-09-21T11:08:52,769.55,2026-09-21,C,806.0,0.0,0.01,0.0,7856.0,0.01,0.6316,0.0021,0.0005,-0.0073,0.0013,0.0,0.0,483.0
2026-09-21 11:24:26,2026-09-21T11:08:52,769.55,2026-09-21,P,806.0,36.07,37.25,69.0,69.0,46.72,0.974,-0.9979,0.0005,-0.0073,0.0013,0.0,0.0,0.0
2026-09-21 11:24:26,2026-09-21T11:08:52,769.55,2026-09-21,C,807.0,0.0,0.01,0.0,7856.0,0.01,0.647,0.0021,0.0005,-0.0073,0.0013,0.0,0.0,395.0
2026-09-21 11:24:26,2026-09-21T11:08:52,769.55,2026-09-21,P,807.0,37.08,38.12,69.0,69.0,47.38,0.9397,-0.9979,0.0005,-0.0073,0.0013,0.0,0.0,0.0
2026-09-21 11:24:26,2026-09-21T11:08:52,769.55,2026-09-21,C,808.0,0.0,0.01,0.0,7856.0,0.01,0.6624,0.002,0.0005,-0.0072,0.0012,0.0,0.0,114.0
2026-09-21 11:24:26,2026-09-21T11:08:52,769.55,2026-09-21,P,808.0,38.44,39.11,100.0,108.0,38.44,1.1013,-0.998,0.0005,-0.0072,0.0012,0.0,4.0,0.0
2026-09-21 11:29:27,2026-09-21T11:13:52,769.7499,2026-09-21,C,732.0,37.13,37.77,119.0,116.0,37.57,0.0,0.9969,0.0007,-0.013,0.0018,0.0,500.0,32.0
2026-09-21 11:29:27,2026-09-21T11:13:52,769.7499,2026-09-21,P,732.0,0.0,0.01,0.0,7892.0,0.01,0.6898,-0.0031,0.0007,-0.013,0.0018,0.0,36.0,881.0
2026-09-21 11:29:27,2026-09-21T11:13:52,769.7499,2026-09-21,C,733.0,35.99,36.77,127.0,125.0,36.55,0.0,0.9968,0.0007,-0.013,0.0019,0.0,199.0,63.0
2026-09-21 11:29:27,2026-09-21T11:13:52,769.7499,2026-09-21,P,733.0,0.0,0.01,0.0,7844.0,0.01,0.6726,-0.0032,0.0007,-0.013,0.0019,0.0,4.0,2919.0
2026-09-21 11:29:27,2026-09-21T11:13:52,769.7499,2026-09-21,C,734.0,35.11,35.77,120.0,133.0,34.96,0.0,0.9967,0.0007,-0.0131,0.0019,0.0,320.0,56.0
2026-09-21 11:29:27,2026-09-21T11:13:52,769.7499,2026-09-21,P,734.0,0.0,0.01,0.0,7804.0,0.05,0.6554,-0.0033,0.0007,-0.0131,0.0019,0.0,0.0,773.0
2026-09-21 11:29:27,2026-09-21T11:13:52,769.7499,2026-09-21,C,735.0,34.09,34.77,129.0,126.0,34.55,0.0,0.9966,0.0008,-0.0132,0.002,0.0,720.0,24.0
2026-09-21 11:29:27,2026-09-21T11:13:52,769.7499,2026-09-21,P,735.0,0.0,0.01,0.0,7764.0,0.01,0.6382,-0.0034,0.0008,-0.0132,0.002,0.0,13.0,1578.0
2026-09-21 11:29:27,2026-09-21T11:13:52,769.7499,2026-09-21,C,736.0,32.95,33.77,110.0,113.0,33.64,0.0,0.9965,0.0008,-0.0132,0.002,0.0,184.0,16.0
2026-09-21 11:29:27,2026-09-21T11:13:52,769.7499,2026-09-21,P,736.0,0.0,0.01,0.0,7715.0,0.01,0.621,-0.0035,0.0008,-0.0132,0.002,0.0,7.0,2021.0
2026-09-21 11:29:27,2026-09-21T11:13:52,769.7499,2026-09-21,C,737.0,32.69,32.75,83.0,58.0,32.49,0.0,0.9964,0.0009,-0.0133,0.0021,0.0,276.0,17.0
2026-09-21 11:29:27,2026-09-21T11:13:52,769.7499,2026-09-21,P,737.0,0.0,0.01,0.0,7668.0,0.01,0.6038,-0.0036,0.0009,-0.0133,0.0021,0.0,6.0,1437.0
2026-09-21 11:29:27,2026-09-21T11:13:52,769.7499,2026-09-21,C,738.0,31.69,31.75,70.0,99.0,31.18,0.0,0.9963,0.0009,-0.0134,0.0022,0.0,374.0,22.0
2026-09-21 11:29:27,2026-09-21T11:13:52,769.7499,2026-09-21,P,738.0,0.0,0.01,0.0,6149.0,0.02,0.5866,-0.0037,0.0009,-0.0134,0.0022,0.0,10.0,1180.0
2026-09-21 11:29:27,2026-09-21T11:13:52,769.7499,2026-09-21,C,739.0,30.69,30.75,87.0,99.0,30.57,0.0,0.9962,0.001,-0.0134,0.0022,0.0,338.0,30.0
2026-09-21 11:29:27,2026-09-21T11:13:52,769.7499,2026-09-21,P,739.0,0.0,0.01,0.0,6096.0,0.01,0.5693,-0.0038,0.001,-0.0134,0.0022,0.0,493.0,1347.0
2026-09-21 11:29:27,2026-09-21T11:13:52,769.7499,2026-09-21,C,740.0,29.71,29.73,50.0,58.0,29.73,0.0,0.9961,0.001,-0.0135,0.0023,0.0,2063.0,42.0
2026-09-21 11:29:27,2026-09-21T11:13:52,769.7499,2026-09-21,P,740.0,0.0,0.01,0.0,5927.0,0.01,0.552,-0.0039,0.001,-0.0135,0.0023,0.0,3681.0,5789.0
2026-09-21 11:29:27,2026-09-21T11:13:52,769.7499,2026-09-21,C,741.0,28.69,28.75,89.0,58.0,28.08,0.0,0.9959,0.0011,-0.0136,0.0024,0.0,345.0,38.0
2026-09-21 11:29:27,2026-09-21T11:13:52,769.7499,2026-09-21,P,741.0,0.0,0.01,0.0,5134.0,0.01,0.5348,-0.0041,0.0011,-0.0136,0.0024,0.0,213.0,2863.0
2026-09-21 11:29:27,2026-09-21T11:13:52,769.7499,2026-09-21,C,742.0,27.69,27.75,88.0,54.0,27.54,0.0,0.9958,0.0012,-0.0136,0.0024,0.0,1360.0,11.0
2026-09-21 11:29:27,2026-09-21T11:13:52,769.7499,2026-09-21,P,742.0,0.0,0.01,0.0,4928.0,0.01,0.5175,-0.0042,0.0012,-0.0136,0.0024,0.0,862.0,1915.0
2026-09-21 11:29:27,2026-09-21T11:13:52,769.7499,2026-09-21,C,743.0,26.69,26.75,88.0,89.0,26.52,0.0,0.9956,0.0012,-0.0137,0.0025,0.0,214.0,71.0
2026-09-21 11:29:27,2026-09-21T11:13:52,769.7499,2026-09-21,P,743.0,0.0,0.01,0.0,4429.0,0.01,0.5001,-0.0044,0.0012,-0.0137,0.0025,0.0,1207.0,2810.0
2026-09-21 11:29:27,2026-09-21T11:13:52,769.7499,2026-09-21,C,744.0,25.69,25.75,112.0,105.0,25.51,0.0,0.9955,0.0013,-0.0138,0.0026,0.0,886.0,47.0
2026-09-21 11:29:27,2026-09-21T11:13:52,769.7499,2026-09-21,P,744.0,0.0,0.01,0.0,3566.0,0.01,0.4828,-0.0045,0.0013,-0.0138,0.0026,0.0,5319.0,1802.0
2026-09-21 11:29:27,2026-09-21T11:13:52,769.7499,2026-09-21,C,745.0,24.69,24.75,52.0,86.0,24.38,0.0,0.9953,0.0014,-0.0138,0.0027,0.0,213.0,84.0
2026-09-21 11:29:27,2026-09-21T11:13:52,769.7499,2026-09-21,P,745.0,0.01,0.02,7410.0,7383.0,0.01,0.5189,-0.0047,0.0014,-0.0138,0.0027,0.0,10474.0,18475.0
2026-09-21 11:29:27,2026-09-21T11:13:52,769.7499,2026-09-21,C,746.0,23.69,23.75,92.0,50.0,23.48,0.0,0.9951,0.0015,-0.0139,0.0028,0.0,419.0,65.0
2026-09-21 11:29:27,2026-09-21T11:13:52,769.7499,2026-09-21,P,746.0,0.01,0.02,7359.0,7300.0,0.02,0.4999,-0.0049,0.0015,-0.0139,0.0028,0.0,2137.0,1979.0
2026-09-21 11:29:27,2026-09-21T11:13:52,769.7499,2026-09-21,C,747.0,22.69,22.75,100.0,98.0,22.2,0.0,0.9949,0.0016,-0.014,0.0029,0.0,448.0,18.0
2026-09-21 11:29:27,2026-09-21T11:13:52,769.7499,2026-09-21,P,747.0,0.01,0.02,7293.0,7274.0,0.01,0.4808,-0.0051,0.0016,-0.014,0.0029,0.0,3521.0,2684.0
2026-09-21 11:29:27,2026-09-21T11:13:52,769.7499,2026-09-21,C,748.0,21.69,21.75,100.0,40.0,21.55,0.0,0.9947,0.0018,-0.0141,0.003,0.0,346.0,61.0
2026-09-21 11:29:27,2026-09-21T11:13:52,769.7499,2026-09-21,P,748.0,0.01,0.02,7231.0,7268.0,0.01,0.4616,-0.0053,0.0018,-0.0141,0.003,0.0,3213.0,4869.0
2026-09-21 11:29:27,2026-09-21T11:13:52,769.7499,2026-09-21,C,749.0,20.72,20.73,90.0,1.0,20.5,0.0,0.9945,0.0019,-0.0142,0.0031,0.0,712.0,83.0
2026-09-21 11:29:27,2026-09-21T11:13:52,769.7499,2026-09-21,P,749.0,0.01,0.02,7014.0,7051.0,0.02,0.4424,-0.0055,0.0019,-0.0142,0.0031,0.0,2869.0,5143.0
2026-09-21 11:29:27,2026-09-21T11:13:52,769.7499,2026-09-21,C,750.0,19.7,19.75,51.0,45.0,19.42,0.0,0.9942,0.0021,-0.0142,0.0033,0.0,1760.0,477.0
2026-09-21 11:29:27,2026-09-21T11:13:52,769.7499,2026-09-21,P,750.0,0.01,0.02,6953.0,6784.0,0.01,0.4232,-0.0058,0.0021,-0.0142,0.0033,0.0,11828.0,16881.0
2026-09-21 11:29:27,2026-09-21T11:13:52,769.7499,2026-09-21,C,751.0,18.7,18.76,54.0,58.0,18.04,0.0,0.994,0.0023,-0.0144,0.0034,0.0,157.0,334.0
2026-09-21 11:29:27,2026-09-21T11:13:52,769.7499,2026-09-21,P,751.0,0.01,0.02,6798.0,5811.0,0.02,0.4038,-0.006,0.0023,-0.0144,0.0034,0.0,2530.0,2776.0
2026-09-21 11:29:27,2026-09-21T11:13:52,769.7499,2026-09-21,C,752.0,17.7,17.76,54.0,100.0,17.53,0.0,0.9936,0.0025,-0.0145,0.0036,0.0,117.0,298.0
2026-09-21 11:29:27,2026-09-21T11:13:52,769.7499,2026-09-21,P,752.0,0.02,0.03,5052.0,6786.0,0.02,0.4087,-0.0064,0.0025,-0.0145,0.0036,0.0,15162.0,3260.0
2026-09-21 11:29:27,2026-09-21T11:13:52,769.7499,2026-09-21,C,753.0,16.7,16.76,100.0,100.0,16.47,0.0,0.9933,0.0027,-0.0146,0.0038,0.0,102.0,321.0
2026-09-21 11:29:27,2026-09-21T11:13:52,769.7499,2026-09-21,P,753.0,0.02,0.03,5239.0,6701.0,0.02,0.3882,-0.0067,0.0027,-0.0146,0.0038,0.0,11688.0,2802.0
2026-09-21 11:29:27,2026-09-21T11:13:52,769.7499,2026-09-21,C,754.0,15.7,15.76,100.0,98.0,15.41,0.0,0.9928,0.0031,-0.0149,0.004,0.0,308.0,569.0
2026-09-21 11:29:27,2026-09-21T11:13:52,769.7499,2026-09-21,P,754.0,0.02,0.03,6685.0,6664.0,0.02,0.3677,-0.0072,0.0031,-0.0149,0.004,0.0,5477.0,2348.0
2026-09-21 11:29:27,2026-09-21T11:13:52,769.7499,2026-09-21,C,755.0,14.7,14.76,100.0,41.0,14.7,0.0,0.9924,0.0034,-0.0151,0.0043,0.0,1687.0,1471.0
2026-09-21 11:29:27,2026-09-21T11:13:52,769.7499,2026-09-21,P,755.0,0.02,0.03,6510.0,6423.0,0.02,0.3471,-0.0076,0.0034,-0.0151,0.0043,0.0,5530.0,21487.0
2026-09-21 11:29:27,2026-09-21T11:13:52,769.7499,2026-09-21,C,756.0,13.7,13.76,100.0,39.0,13.26,0.0,0.9918,0.0039,-0.0155,0.0046,0.0,640.0,768.0
2026-09-21 11:29:27,2026-09-21T11:13:52,769.7499,2026-09-21,P,756.0,0.02,0.03,6361.0,6240.0,0.02,0.3263,-0.0082,0.0039,-0.0155,0.0046,0.0,3480.0,4124.0
2026-09-21 11:29:27,2026-09-21T11:13:52,769.7499,2026-09-21,C,757.0,12.7,12.76,100.0,35.0,12.47,0.0,0.991,0.0045,-0.0161,0.005,0.0,4018.0,3398.0
2026-09-21 11:29:27,2026-09-21T11:13:52,769.7499,2026-09-21,P,757.0,0.02,0.03,6355.0,5407.0,0.03,0.3055,-0.009,0.0045,-0.0161,0.005,0.0,4099.0,6135.0
2026-09-21 11:29:27,2026-09-21T11:13:52,769.7499,2026-09-21,C,758.0,11.71,11.77,100.0,53.0,11.47,0.0,0.99,0.0052,-0.0169,0.0055,0.0,780.0,1431.0
2026-09-21 11:29:27,2026-09-21T11:13:52,769.7499,2026-09-21,P,758.0,0.02,0.03,6196.0,4224.0,0.02,0.2844,-0.01,0.0052,-0.0169,0.0055,0.0,9128.0,6814.0
2026-09-21 11:29:27,2026-09-21T11:13:52,769.7499,2026-09-21,C,759.0,10.71,10.76,100.0,50.0,10.68,0.0,0.9886,0.0062,-0.0182,0.0062,0.0,1238.0,3109.0
2026-09-21 11:29:27,2026-09-21T11:13:52,769.7499,2026-09-21,P,759.0,0.03,0.04,6146.0,6093.0,0.03,0.2762,-0.0114,0.0062,-0.0182,0.0062,0.0,11547.0,9099.0
2026-09-21 11:29:27,2026-09-21T11:13:52,769.7499,2026-09-21,C,760.0,9.74,9.75,124.0,1.0,9.58,0.0,0.9867,0.0077,-0.0202,0.0071,0.0,2682.0,6853.0
2026-09-21 11:29:27,2026-09-21T11:13:52,769.7499,2026-09-21,P,760.0,0.03,0.04,6108.0,5510.0,0.03,0.2541,-0.0133,0.0077,-0.0202,0.0071,0.0,16235.0,15275.0
2026-09-21 11:29:27,2026-09-21T11:13:52,769.7499,2026-09-21,C,761.0,8.73,8.77,48.0,85.0,8.75,0.0,0.984,0.0098,-0.0233,0.0083,0.0,2739.0,5926.0
2026-09-21 11:29:27,2026-09-21T11:13:52,769.7499,2026-09-21,P,761.0,0.04,0.05,5298.0,5894.0,0.04,0.2411,-0.016,0.0098,-0.0233,0.0083,0.0,22636.0,9645.0
2026-09-21 11:29:27,2026-09-21T11:13:52,769.7499,2026-09-21,C,762.0,7.75,7.76,80.0,1.0,7.61,0.1755,0.9797,0.0128,-0.0281,0.0102,0.0,10250.0,8574.0
2026-09-21 11:29:27,2026-09-21T11:13:52,769.7499,2026-09-21,P,762.0,0.04,0.05,5501.0,4680.0,0.04,0.2178,-0.0203,0.0128,-0.0281,0.0102,0.0,30478.0,6835.0
2026-09-21 11:29:27,2026-09-21T11:13:52,769.7499,2026-09-21,C,763.0,6.76,6.77,39.0,37.0,6.77,0.1639,0.9732,0.0176,-0.0356,0.0128,0.0,12477.0,8346.0
2026-09-21 11:29:27,2026-09-21T11:13:52,769.7499,2026-09-21,P,763.0,0.05,0.06,4943.0,4635.0,0.05,0.2011,-0.0268,0.0176,-0.0356,0.0128,0.0,39841.0,6849.0
2026-09-21 11:29:27,2026-09-21T11:13:52,769.7499,2026-09-21,C,764.0,5.77,5.78,94.0,217.0,5.77,0.154,0.9632,0.0249,-0.0472,0.0166,0.0,13214.0,6049.0
2026-09-21 11:29:27,2026-09-21T11:13:52,769.7499,2026-09-21,P,764.0,0.06,0.07,4405.0,4059.0,0.07,0.1821,-0.0368,0.0249,-0.0472,0.0166,0.0,67490.0,1764.0
2026-09-21 11:29:27,2026-09-21T11:13:52,769.7499,2026-09-21,C,765.0,4.78,4.79,145.0,94.0,4.78,0.1422,0.9473,0.0364,-0.0652,0.022,0.0,22559.0,10594.0
2026-09-21 11:29:27,2026-09-21T11:13:52,769.7499,2026-09-21,P,765.0,0.08,0.09,1534.0,3730.0,0.08,0.1655,-0.0527,0.0364,-0.0652,0.022,0.0,109997.0,1927.0
2026-09-21 11:29:27,2026-09-21T11:13:52,769.7499,2026-09-21,C,766.0,3.81,3.82,94.0,216.0,3.82,0.1297,0.9222,0.0548,-0.0931,0.0294,0.0,65969.0,5357.0
2026-09-21 11:29:27,2026-09-21T11:13:52,769.7499,2026-09-21,P,766.0,0.1,0.11,2110.0,2309.0,0.11,0.145,-0.0778,0.0548,-0.0931,0.0294,0.0,189262.0,558.0
2026-09-21 11:29:27,2026-09-21T11:13:52,769.7499,2026-09-21,C,767.0,2.85,2.87,274.0,215.0,2.86,0.1182,0.8803,0.0848,-0.1385,0.0397,0.0,188270.0,4728.0
2026-09-21 11:29:27,2026-09-21T11:13:52,769.7499,2026-09-21,P,767.0,0.15,0.16,1191.0,2069.0,0.16,0.1289,-0.1197,0.0848,-0.1385,0.0397,0.0,255953.0,636.0
2026-09-21 11:29:27,2026-09-21T11:13:52,769.7499,2026-09-21,C,768.0,1.95,1.96,246.0,171.0,1.95,0.1054,0.8025,0.1339,-0.2284,0.0541,0.0,274701.0,7227.0
2026-09-21 11:29:27,2026-09-21T11:13:52,769.7499,2026-09-21,P,768.0,0.25,0.26,156.0,1687.0,0.26,0.1149,-0.1975,0.1339,-0.2284,0.0541,0.0,190089.0,334.0
2026-09-21 11:29:27,2026-09-21T11:13:52,769.7499,2026-09-21,C,769.0,1.16,1.17,416.0,8.0,1.16,0.0974,0.6567,0.1946,-0.4341,0.07,0.0,277069.0,5303.0
2026-09-21 11:29:27,2026-09-21T11:13:52,769.7499,2026-09-21,P,769.0,0.46,0.47,629.0,899.0,0.46,0.1046,-0.3433,0.1946,-0.4341,0.07,0.0,160858.0,318.0
2026-09-21 11:29:27,2026-09-21T11:13:52,769.7499,2026-09-21,C,770.0,0.59,0.6,657.0,658.0,0.59,0.094,0.4483,0.2163,-0.6166,0.0748,0.0,376989.0,29669.0
2026-09-21 11:29:27,2026-09-21T11:13:52,769.7499,2026-09-21,P,770.0,0.88,0.89,557.0,545.0,0.88,0.0994,-0.5517,0.2163,-0.6166,0.0748,0.0,63464.0,828.0
2026-09-21 11:29:27,2026-09-21T11:13:52,769.7499,2026-09-21,C,771.0,0.26,0.27,1100.0,823.0,0.26,0.0958,0.2562,0.1705,-0.2907,0.062,0.0,142359.0,4731.0
2026-09-21 11:29:27,2026-09-21T11:13:52,769.7499,2026-09-21,P,771.0,1.55,1.56,221.0,249.0,1.55,0.1024,-0.7438,0.1705,-0.2907,0.062,0.0,16305.0,69.0
2026-09-21 11:29:27,2026-09-21T11:13:52,769.7499,2026-09-21,C,772.0,0.12,0.13,395.0,2045.0,0.12,0.1041,0.1376,0.1074,-0.1427,0.0437,0.0,155510.0,3586.0
2026-09-21 11:29:27,2026-09-21T11:13:52,769.7499,2026-09-21,P,772.0,2.4,2.41,157.0,94.0,2.39,0.1114,-0.8624,0.1074,-0.1427,0.0437,0.0,7566.0,119.0
2026-09-21 11:29:27,2026-09-21T11:13:52,769.7499,2026-09-21,C,773.0,0.06,0.07,2138.0,2070.0,0.06,0.115,0.0762,0.0635,-0.077,0.0293,0.0,38251.0,3885.0
2026-09-21 11:29:27,2026-09-21T11:13:52,769.7499,2026-09-21,P,773.0,3.35,3.36,171.0,142.0,3.35,0.1292,-0.9238,0.0635,-0.077,0.0293,0.0,1972.0,0.0
2026-09-21 11:29:27,2026-09-21T11:13:52,769.7499,2026-09-21,C,774.0,0.03,0.04,5160.0,3423.0,0.04,0.1256,0.0436,0.0374,-0.0436,0.0194,0.0,12351.0,2988.0
2026-09-21 11:29:27,2026-09-21T11:13:52,769.7499,2026-09-21,P,774.0,4.32,4.34,50.0,113.0,4.34,0.1462,-0.9564,0.0374,-0.0436,0.0194,0.0,1105.0,10.0
2026-09-21 11:29:27,2026-09-21T11:13:52,769.7499,2026-09-21,C,775.0,0.02,0.03,6092.0,5390.0,0.03,0.1412,0.0256,0.0223,-0.0257,0.0128,0.0,3267.0,2242.0
2026-09-21 11:29:27,2026-09-21T11:13:52,769.7499,2026-09-21,P,775.0,5.31,5.32,88.0,37.0,5.35,0.1676,-0.9744,0.0223,-0.0257,0.0128,0.0,728.0,0.0
2026-09-21 11:29:27,2026-09-21T11:13:52,769.7499,2026-09-21,C,776.0,0.01,0.02,6459.0,5130.0,0.02,0.1517,0.0161,0.0139,-0.0164,0.0087,0.0,2107.0,860.0
2026-09-21 11:29:27,2026-09-21T11:13:52,769.7499,2026-09-21,P,776.0,6.28,6.34,100.0,54.0,6.55,0.1955,-0.9839,0.0139,-0.0164,0.0087,0.0,447.0,10.0
2026-09-21 11:29:27,2026-09-21T11:13:52,769.7499,2026-09-21,C,777.0,0.01,0.02,6566.0,6626.0,0.01,0.1724,0.0112,0.0094,-0.0119,0.0064,0.0,18033.0,2233.0
2026-09-21 11:29:27,2026-09-21T11:13:52,769.7499,2026-09-21,P,777.0,7.3,7.31,38.0,48.0,7.3,0.2073,-0.9888,0.0094,-0.0119,0.0064,0.0,1275.0,0.0
2026-09-21 11:29:27,2026-09-21T11:13:52,769.7499,2026-09-21,C,778.0,0.0,0.01,0.0,2936.0,0.01,0.169,0.0087,0.0069,-0.0098,0.0051,0.0,1888.0,817.0
2026-09-21 11:29:27,2026-09-21T11:13:52,769.7499,2026-09-21,P,778.0,8.27,8.33,100.0,107.0,8.3,0.238,-0.9913,0.0069,-0.0098,0.0051,0.0,385.0,0.0
2026-09-21 11:29:27,2026-09-21T11:13:52,769.7499,2026-09-21,C,779.0,0.0,0.01,0.0,6674.0,0.01,0.1871,0.0074,0.0054,-0.0088,0.0044,0.0,314.0,835.0
2026-09-21 11:29:27,2026-09-21T11:13:52,769.7499,2026-09-21,P,779.0,9.25,9.37,100.0,107.0,9.26,0.2686,-0.9926,0.0054,-0.0088,0.0044,0.0,34.0,0.0
2026-09-21 11:29:27,2026-09-21T11:13:52,769.7499,2026-09-21,C,780.0,0.0,0.01,0.0,7292.0,0.01,0.205,0.0065,0.0045,-0.0084,0.0039,0.0,217.0,2288.0
2026-09-21 11:29:27,2026-09-21T11:13:52,769.7499,2026-09-21,P,780.0,10.25,10.37,88.0,100.0,10.4,0.2921,-0.9935,0.0045,-0.0084,0.0039,0.0,213.0,0.0
2026-09-21 11:29:27,2026-09-21T11:13:52,769.7499,2026-09-21,C,781.0,0.0,0.01,0.0,7591.0,0.02,0.2227,0.0059,0.0038,-0.0081,0.0036,0.0,45.0,930.0
2026-09-21 11:29:27,2026-09-21T11:13:52,769.7499,2026-09-21,P,781.0,11.25,11.37,59.0,110.0,11.88,0.3153,-0.9941,0.0038,-0.0081,0.0036,0.0,36.0,10.0
2026-09-21 11:29:27,2026-09-21T11:13:52,769.7499,2026-09-21,C,782.0,0.0,0.01,0.0,7722.0,0.01,0.2403,0.0055,0.0033,-0.008,0.0033,0.0,298.0,596.0
2026-09-21 11:29:27,2026-09-21T11:13:52,769.7499,2026-09-21,P,782.0,12.25,12.36,59.0,100.0,12.72,0.3341,-0.9945,0.0033,-0.008,0.0033,0.0,56.0,0.0
2026-09-21 11:29:27,2026-09-21T11:13:52,769.7499,2026-09-21,C,783.0,0.0,0.01,0.0,7838.0,0.01,0.2577,0.0051,0.0029,-0.008,0.0031,0.0,192.0,2107.0
2026-09-21 11:29:27,2026-09-21T11:13:52,769.7499,2026-09-21,P,783.0,13.25,13.36,59.0,100.0,13.72,0.3566,-0.9949,0.0029,-0.008,0.0031,0.0,19.0,0.0
2026-09-21 11:29:27,2026-09-21T11:13:52,769.7499,2026-09-21,C,784.0,0.0,0.01,0.0,8008.0,0.01,0.275,0.0048,0.0026,-0.0079,0.0029,0.0,0.0,346.0
2026-09-21 11:29:27,2026-09-21T11:13:52,769.7499,2026-09-21,P,784.0,14.24,14.36,100.0,100.0,14.91,0.3741,-0.9952,0.0026,-0.0079,0.0029,0.0,13.0,0.0
2026-09-21 11:29:27,2026-09-21T11:13:52,769.7499,2026-09-21,C,785.0,0.0,0.01,0.0,8103.0,0.01,0.2921,0.0045,0.0023,-0.0079,0.0027,0.0,2.0,490.0
2026-09-21 11:29:27,2026-09-21T11:13:52,769.7499,2026-09-21,P,785.0,15.24,15.36,100.0,100.0,15.86,0.396,-0.9955,0.0023,-0.0079,0.0027,0.0,27.0,0.0
2026-09-21 11:29:27,2026-09-21T11:13:52,769.7499,2026-09-21,C,786.0,0.0,0.01,0.0,8126.0,0.01,0.3092,0.0043,0.0021,-0.0078,0.0026,0.0,59.0,1683.0
2026-09-21 11:29:27,2026-09-21T11:13:52,769.7499,2026-09-21,P,786.0,16.24,16.36,100.0,100.0,16.76,0.4176,-0.9957,0.0021,-0.0078,0.0026,0.0,75.0,0.0
2026-09-21 11:29:27,2026-09-21T11:13:52,769.7499,2026-09-21,C,787.0,0.0,0.01,0.0,8207.0,0.01,0.3261,0.0041,0.0019,-0.0078,0.0025,0.0,1.0,1400.0
2026-09-21 11:29:27,2026-09-21T11:13:52,769.7499,2026-09-21,P,787.0,17.24,17.36,100.0,100.0,17.56,0.439,-0.9959,0.0019,-0.0078,0.0025,0.0,101.0,0.0
2026-09-21 11:29:27,2026-09-21T11:13:52,769.7499,2026-09-21,C,788.0,0.0,0.01,0.0,8274.0,0.01,0.343,0.0039,0.0017,-0.0078,0.0023,0.0,2.0,1010.0
2026-09-21 11:29:27,2026-09-21T11:13:52,769.7499,2026-09-21,P,788.0,18.24,18.36,75.0,100.0,18.97,0.4603,-0.9961,0.0017,-0.0078,0.0023,0.0,54.0,0.0
2026-09-21 11:29:27,2026-09-21T11:13:52,769.7499,2026-09-21,C,789.0,0.0,0.01,0.0,8339.0,0.01,0.3597,0.0037,0.0016,-0.0077,0.0022,0.0,2.0,6906.0
2026-09-21 11:29:27,2026-09-21T11:13:52,769.7499,2026-09-21,P,789.0,19.24,19.36,69.0,100.0,19.99,0.4814,-0.9963,0.0016,-0.0077,0.0022,0.0,407.0,0.0
2026-09-21 11:29:27,2026-09-21T11:13:52,769.7499,2026-09-21,C,790.0,0.0,0.01,0.0,8356.0,0.01,0.3764,0.0035,0.0014,-0.0077,0.0022,0.0,12.0,6747.0
2026-09-21 11:29:27,2026-09-21T11:13:52,769.7499,2026-09-21,P,790.0,20.24,20.36,66.0,69.0,20.64,0.5024,-0.9965,0.0014,-0.0077,0.0022,0.0,25.0,0.0
2026-09-21 11:29:27,2026-09-21T11:13:52,769.7499,2026-09-21,C,791.0,0.0,0.01,0.0,8356.0,0.02,0.393,0.0034,0.0013,-0.0076,0.0021,0.0,0.0,221.0
2026-09-21 11:29:27,2026-09-21T11:13:52,769.7499,2026-09-21,P,791.0,21.24,21.36,70.0,100.0,21.64,0.5233,-0.9966,0.0013,-0.0076,0.0021,0.0,13.0,0.0
2026-09-21 11:29:27,2026-09-21T11:13:52,769.7499,2026-09-21,C,792.0,0.0,0.01,0.0,8355.0,0.01,0.4094,0.0033,0.0012,-0.0076,0.002,0.0,0.0,485.0
2026-09-21 11:29:27,2026-09-21T11:13:52,769.7499,2026-09-21,P,792.0,22.24,22.36,65.0,100.0,22.73,0.544,-0.9967,0.0012,-0.0076,0.002,0.0,77.0,0.0
2026-09-21 11:29:27,2026-09-21T11:13:52,769.7499,2026-09-21,C,793.0,0.0,0.01,0.0,8355.0,0.01,0.4258,0.0031,0.0011,-0.0076,0.0019,0.0,0.0,26.0
2026-09-21 11:29:27,2026-09-21T11:13:52,769.7499,2026-09-21,P,793.0,23.24,23.36,66.0,69.0,24.05,0.5645,-0.9969,0.0011,-0.0076,0.0019,0.0,25.0,0.0
2026-09-21 11:29:27,2026-09-21T11:13:52,769.7499,2026-09-21,C,794.0,0.0,0.01,0.0,8354.0,0.01,0.4422,0.003,0.0011,-0.0076,0.0018,0.0,0.0,530.0
2026-09-21 11:29:27,2026-09-21T11:13:52,769.7499,2026-09-21,P,794.0,24.02,24.87,68.0,128.0,24.98,0.7118,-0.997,0.0011,-0.0076,0.0018,0.0,5.0,0.0
2026-09-21 11:29:27,2026-09-21T11:13:52,769.7499,2026-09-21,C,795.0,0.0,0.01,0.0,8355.0,0.01,0.4584,0.0029,0.001,-0.0075,0.0018,0.0,1.0,543.0
2026-09-21 11:29:27,2026-09-21T11:13:52,769.7499,2026-09-21,P,795.0,24.96,25.85,112.0,69.0,26.1,0.7077,-0.9971,0.001,-0.0075,0.0018,0.0,2.0,0.0
2026-09-21 11:29:27,2026-09-21T11:13:52,769.7499,2026-09-21,C,796.0,0.0,0.01,0.0,8355.0,0.02,0.4746,0.0028,0.0009,-0.0075,0.0017,0.0,0.0,1.0
2026-09-21 11:29:27,2026-09-21T11:13:52,769.7499,2026-09-21,P,796.0,26.01,26.87,68.0,144.0,27.09,0.7553,-0.9972,0.0009,-0.0075,0.0017,0.0,2.0,0.0
2026-09-21 11:29:27,2026-09-21T11:13:52,769.7499,2026-09-21,C,797.0,0.0,0.01,0.0,7856.0,0.02,0.4908,0.0027,0.0009,-0.0075,0.0017,0.0,0.0,170.0
2026-09-21 11:29:27,2026-09-21T11:13:52,769.7499,2026-09-21,P,797.0,26.69,27.88,129.0,144.0,28.21,0.6214,-0.9973,0.0009,-0.0075,0.0017,0.0,3.0,0.0
2026-09-21 11:29:27,2026-09-21T11:13:52,769.7499,2026-09-21,C,798.0,0.0,0.01,0.0,7855.0,0.02,0.5073,0.0026,0.0008,-0.0074,0.0016,0.0,0.0,115.0
2026-09-21 11:29:27,2026-09-21T11:13:52,769.7499,2026-09-21,P,798.0,27.97,28.87,145.0,145.0,29.15,0.7869,-0.9974,0.0008,-0.0074,0.0016,0.0,3.0,0.0
2026-09-21 11:29:27,2026-09-21T11:13:52,769.7499,2026-09-21,C,799.0,0.0,0.01,0.0,7856.0,0.01,0.5233,0.0026,0.0008,-0.0074,0.0016,0.0,10.0,23.0
2026-09-21 11:29:27,2026-09-21T11:13:52,769.7499,2026-09-21,P,799.0,29.11,30.08,69.0,69.0,30.75,0.9172,-0.9974,0.0008,-0.0074,0.0016,0.0,1.0,0.0
2026-09-21 11:29:27,2026-09-21T11:13:52,769.7499,2026-09-21,C,800.0,0.0,0.01,0.0,7856.0,0.01,0.5392,0.0025,0.0007,-0.0074,0.0015,0.0,3.0,935.0
2026-09-21 11:29:27,2026-09-21T11:13:52,769.7499,2026-09-21,P,800.0,30.09,30.95,69.0,129.0,31.44,0.8996,-0.9975,0.0007,-0.0074,0.0015,0.0,4.0,1.0
2026-09-21 11:29:27,2026-09-21T11:13:52,769.7499,2026-09-21,C,801.0,0.0,0.01,0.0,7855.0,0.01,0.5551,0.0024,0.0007,-0.0073,0.0015,0.0,0.0,242.0
2026-09-21 11:29:27,2026-09-21T11:13:52,769.7499,2026-09-21,P,801.0,31.02,32.11,69.0,69.0,39.82,0.9495,-0.9976,0.0007,-0.0073,0.0015,0.0,0.0,0.0
2026-09-21 11:29:27,2026-09-21T11:13:52,769.7499,2026-09-21,C,802.0,0.0,0.01,0.0,7855.0,0.01,0.5709,0.0023,0.0007,-0.0073,0.0014,0.0,2.0,1043.0
2026-09-21 11:29:27,2026-09-21T11:13:52,769.7499,2026-09-21,P,802.0,32.04,33.11,69.0,69.0,42.57,0.9791,-0.9977,0.0007,-0.0073,0.0014,0.0,0.0,0.0
2026-09-21 11:29:27,2026-09-21T11:13:52,769.7499,2026-09-21,C,803.0,0.0,0.01,0.0,7855.0,0.01,0.5866,0.0023,0.0006,-0.0073,0.0014,0.0,0.0,958.0
2026-09-21 11:29:27,2026-09-21T11:13:52,769.7499,2026-09-21,P,803.0,33.08,34.12,69.0,69.0,33.72,1.0169,-0.9977,0.0006,-0.0073,0.0014,0.0,1.0,0.0
2026-09-21 11:29:27,2026-09-21T11:13:52,769.7499,2026-09-21,C,804.0,0.0,0.01,0.0,7856.0,0.02,0.6023,0.0022,0.0006,-0.0072,0.0014,0.0,0.0,65.0
2026-09-21 11:29:27,2026-09-21T11:13:52,769.7499,2026-09-21,P,804.0,34.03,35.08,68.0,68.0,34.67,1.0148,-0.9978,0.0006,-0.0072,0.0014,0.0,1.0,0.0
2026-09-21 11:29:27,2026-09-21T11:13:52,769.7499,2026-09-21,C,805.0,0.0,0.01,0.0,7855.0,0.01,0.618,0.0022,0.0006,-0.0072,0.0013,0.0,0.0,41.0
2026-09-21 11:29:27,2026-09-21T11:13:52,769.7499,2026-09-21,P,805.0,35.07,36.07,69.0,69.0,43.96,1.0473,-0.9978,0.0006,-0.0072,0.0013,0.0,0.0,0.0
2026-09-21 11:29:27,2026-09-21T11:13:52,769.7499,2026-09-21,C,806.0,0.0,0.01,0.0,7855.0,0.01,0.6336,0.0021,0.0005,-0.0072,0.0013,0.0,0.0,483.0
2026-09-21 11:29:27,2026-09-21T11:13:52,769.7499,2026-09-21,P,806.0,36.01,37.11,69.0,69.0,46.72,1.0647,-0.9979,0.0005,-0.0072,0.0013,0.0,0.0,0.0
2026-09-21 11:29:27,2026-09-21T11:13:52,769.7499,2026-09-21,C,807.0,0.0,0.01,0.0,7856.0,0.01,0.6491,0.002,0.0005,-0.0072,0.0013,0.0,0.0,395.0
2026-09-21 11:29:27,2026-09-21T11:13:52,769.7499,2026-09-21,P,807.0,37.07,38.08,69.0,69.0,47.38,1.0971,-0.998,0.0005,-0.0072,0.0013,0.0,0.0,0.0
2026-09-21 11:29:27,2026-09-21T11:13:52,769.7499,2026-09-21,C,808.0,0.0,0.01,0.0,7856.0,0.01,0.6646,0.002,0.0005,-0.0071,0.0012,0.0,0.0,114.0
2026-09-21 11:29:27,2026-09-21T11:13:52,769.7499,2026-09-21,P,808.0,38.24,38.89,101.0,108.0,38.44,1.1142,-0.998,0.0005,-0.0071,0.0012,0.0,4.0,0.0
2026-09-21 11:34:27,2026-09-21T11:18:53,770.11,2026-09-21,C,732.0,37.33,38.11,70.0,15.0,37.99,0.0,0.9969,0.0006,-0.0128,0.0018,0.0,504.0,32.0
2026-09-21 11:34:27,2026-09-21T11:18:53,770.11,2026-09-21,P,732.0,0.0,0.01,0.0,7892.0,0.01,0.7011,-0.0031,0.0006,-0.0128,0.0018,0.0,36.0,881.0
2026-09-21 11:34:27,2026-09-21T11:18:53,770.11,2026-09-21,C,733.0,36.36,37.11,223.0,53.0,36.55,0.0,0.9968,0.0007,-0.0128,0.0018,0.0,199.0,63.0
2026-09-21 11:34:27,2026-09-21T11:18:53,770.11,2026-09-21,P,733.0,0.0,0.01,0.0,7844.0,0.01,0.6838,-0.0032,0.0007,-0.0128,0.0018,0.0,4.0,2919.0
2026-09-21 11:34:27,2026-09-21T11:18:53,770.11,2026-09-21,C,734.0,35.33,36.11,123.0,1.0,36.09,0.0,0.9968,0.0007,-0.0129,0.0019,0.0,321.0,56.0
2026-09-21 11:34:27,2026-09-21T11:18:53,770.11,2026-09-21,P,734.0,0.0,0.01,0.0,7804.0,0.05,0.6665,-0.0032,0.0007,-0.0129,0.0019,0.0,0.0,773.0
2026-09-21 11:34:27,2026-09-21T11:18:53,770.11,2026-09-21,C,735.0,34.99,35.11,69.0,1.0,34.87,0.0,0.9967,0.0008,-0.0129,0.0019,0.0,776.0,24.0
2026-09-21 11:34:27,2026-09-21T11:18:53,770.11,2026-09-21,P,735.0,0.0,0.01,0.0,7764.0,0.01,0.6492,-0.0033,0.0008,-0.0129,0.0019,0.0,13.0,1578.0
2026-09-21 11:34:27,2026-09-21T11:18:53,770.11,2026-09-21,C,736.0,33.36,34.11,296.0,26.0,33.92,0.0,0.9966,0.0008,-0.013,0.002,0.0,187.0,16.0
2026-09-21 11:34:27,2026-09-21T11:18:53,770.11,2026-09-21,P,736.0,0.0,0.01,0.0,7716.0,0.01,0.6318,-0.0034,0.0008,-0.013,0.002,0.0,7.0,2021.0
2026-09-21 11:34:27,2026-09-21T11:18:53,770.11,2026-09-21,C,737.0,33.04,33.11,15.0,20.0,32.93,0.0,0.9965,0.0008,-0.0131,0.002,0.0,286.0,17.0
2026-09-21 11:34:27,2026-09-21T11:18:53,770.11,2026-09-21,P,737.0,0.0,0.01,0.0,7668.0,0.01,0.6145,-0.0035,0.0008,-0.0131,0.002,0.0,6.0,1437.0
2026-09-21 11:34:27,2026-09-21T11:18:53,770.11,2026-09-21,C,738.0,32.04,32.11,15.0,29.0,31.88,0.0,0.9964,0.0009,-0.0131,0.0021,0.0,392.0,22.0
2026-09-21 11:34:27,2026-09-21T11:18:53,770.11,2026-09-21,P,738.0,0.0,0.01,0.0,6087.0,0.02,0.5971,-0.0036,0.0009,-0.0131,0.0021,0.0,10.0,1180.0
2026-09-21 11:34:27,2026-09-21T11:18:53,770.11,2026-09-21,C,739.0,31.04,31.11,70.0,31.0,30.88,0.0,0.9963,0.0009,-0.0132,0.0022,0.0,340.0,30.0
2026-09-21 11:34:27,2026-09-21T11:18:53,770.11,2026-09-21,P,739.0,0.0,0.01,0.0,6096.0,0.01,0.5797,-0.0037,0.0009,-0.0132,0.0022,0.0,493.0,1347.0
2026-09-21 11:34:27,2026-09-21T11:18:53,770.11,2026-09-21,C,740.0,30.1,30.11,36.0,48.0,30.03,0.0,0.9962,0.001,-0.0133,0.0022,0.0,2173.0,42.0
2026-09-21 11:34:27,2026-09-21T11:18:53,770.11,2026-09-21,P,740.0,0.0,0.01,0.0,5234.0,0.01,0.5624,-0.0038,0.001,-0.0133,0.0022,0.0,3681.0,5789.0
2026-09-21 11:34:27,2026-09-21T11:18:53,770.11,2026-09-21,C,741.0,29.05,29.11,15.0,20.0,28.08,0.0,0.996,0.001,-0.0133,0.0023,0.0,345.0,38.0
2026-09-21 11:34:27,2026-09-21T11:18:53,770.11,2026-09-21,P,741.0,0.0,0.01,0.0,5135.0,0.01,0.5449,-0.004,0.001,-0.0133,0.0023,0.0,213.0,2863.0
2026-09-21 11:34:27,2026-09-21T11:18:53,770.11,2026-09-21,C,742.0,28.04,28.11,15.0,56.0,27.74,0.0,0.9959,0.0011,-0.0134,0.0024,0.0,1405.0,11.0
2026-09-21 11:34:27,2026-09-21T11:18:53,770.11,2026-09-21,P,742.0,0.0,0.01,0.0,4928.0,0.01,0.5275,-0.0041,0.0011,-0.0134,0.0024,0.0,1512.0,1915.0
2026-09-21 11:34:27,2026-09-21T11:18:53,770.11,2026-09-21,C,743.0,27.04,27.11,15.0,20.0,26.88,0.0,0.9958,0.0012,-0.0135,0.0024,0.0,215.0,71.0
2026-09-21 11:34:27,2026-09-21T11:18:53,770.11,2026-09-21,P,743.0,0.0,0.01,0.0,4266.0,0.01,0.51,-0.0042,0.0012,-0.0135,0.0024,0.0,1207.0,2810.0
2026-09-21 11:34:27,2026-09-21T11:18:53,770.11,2026-09-21,C,744.0,26.04,26.11,15.0,50.0,25.91,0.0,0.9956,0.0013,-0.0135,0.0025,0.0,887.0,47.0
2026-09-21 11:34:27,2026-09-21T11:18:53,770.11,2026-09-21,P,744.0,0.0,0.01,0.0,2669.0,0.01,0.4926,-0.0044,0.0013,-0.0135,0.0025,0.0,5783.0,1802.0
2026-09-21 11:34:27,2026-09-21T11:18:53,770.11,2026-09-21,C,745.0,25.04,25.11,15.0,46.0,24.38,0.0,0.9954,0.0014,-0.0136,0.0026,0.0,213.0,84.0
2026-09-21 11:34:27,2026-09-21T11:18:53,770.11,2026-09-21,P,745.0,0.01,0.02,7484.0,7397.0,0.01,0.5296,-0.0046,0.0014,-0.0136,0.0026,0.0,10486.0,18475.0
2026-09-21 11:34:27,2026-09-21T11:18:53,770.11,2026-09-21,C,746.0,24.05,24.11,15.0,46.0,23.9,0.0,0.9953,0.0015,-0.0137,0.0027,0.0,420.0,65.0
2026-09-21 11:34:27,2026-09-21T11:18:53,770.11,2026-09-21,P,746.0,0.01,0.02,7432.0,7313.0,0.02,0.5104,-0.0047,0.0015,-0.0137,0.0027,0.0,2137.0,1979.0
2026-09-21 11:34:27,2026-09-21T11:18:53,770.11,2026-09-21,C,747.0,23.05,23.12,15.0,82.0,22.79,0.0,0.9951,0.0016,-0.0137,0.0028,0.0,506.0,18.0
2026-09-21 11:34:27,2026-09-21T11:18:53,770.11,2026-09-21,P,747.0,0.01,0.02,7370.0,7290.0,0.01,0.4912,-0.0049,0.0016,-0.0137,0.0028,0.0,3567.0,2684.0
2026-09-21 11:34:27,2026-09-21T11:18:53,770.11,2026-09-21,C,748.0,22.05,22.12,15.0,84.0,21.89,0.0,0.9949,0.0017,-0.0138,0.0029,0.0,347.0,61.0
2026-09-21 11:34:27,2026-09-21T11:18:53,770.11,2026-09-21,P,748.0,0.01,0.02,7309.0,7285.0,0.01,0.4719,-0.0051,0.0017,-0.0138,0.0029,0.0,3216.0,4869.0
2026-09-21 11:34:27,2026-09-21T11:18:53,770.11,2026-09-21,C,749.0,21.09,21.11,59.0,114.0,21.03,0.0,0.9946,0.0018,-0.0139,0.003,0.0,806.0,83.0
2026-09-21 11:34:27,2026-09-21T11:18:53,770.11,2026-09-21,P,749.0,0.01,0.02,7093.0,7069.0,0.01,0.4526,-0.0054,0.0018,-0.0139,0.003,0.0,2873.0,5143.0
2026-09-21 11:34:27,2026-09-21T11:18:53,770.11,2026-09-21,C,750.0,20.05,20.12,15.0,74.0,19.96,0.0,0.9944,0.002,-0.014,0.0032,0.0,1763.0,477.0
2026-09-21 11:34:27,2026-09-21T11:18:53,770.11,2026-09-21,P,750.0,0.01,0.02,7032.0,5345.0,0.01,0.4332,-0.0056,0.002,-0.014,0.0032,0.0,11853.0,16881.0
2026-09-21 11:34:27,2026-09-21T11:18:53,770.11,2026-09-21,C,751.0,19.05,19.12,15.0,20.0,18.04,0.0,0.9941,0.0022,-0.0141,0.0033,0.0,157.0,334.0
2026-09-21 11:34:27,2026-09-21T11:18:53,770.11,2026-09-21,P,751.0,0.01,0.02,6951.0,3548.0,0.02,0.4137,-0.0059,0.0022,-0.0141,0.0033,0.0,2546.0,2776.0
2026-09-21 11:34:27,2026-09-21T11:18:53,770.11,2026-09-21,C,752.0,18.06,18.12,15.0,26.0,17.53,0.0,0.9938,0.0024,-0.0142,0.0035,0.0,117.0,298.0
2026-09-21 11:34:27,2026-09-21T11:18:53,770.11,2026-09-21,P,752.0,0.02,0.03,6639.0,6803.0,0.02,0.419,-0.0062,0.0024,-0.0142,0.0035,0.0,15346.0,3260.0
2026-09-21 11:34:27,2026-09-21T11:18:53,770.11,2026-09-21,C,753.0,17.05,17.12,15.0,73.0,16.9,0.0,0.9935,0.0026,-0.0143,0.0037,0.0,103.0,321.0
2026-09-21 11:34:27,2026-09-21T11:18:53,770.11,2026-09-21,P,753.0,0.02,0.03,6831.0,6719.0,0.02,0.3984,-0.0065,0.0026,-0.0143,0.0037,0.0,11694.0,2802.0
2026-09-21 11:34:27,2026-09-21T11:18:53,770.11,2026-09-21,C,754.0,16.05,16.12,15.0,73.0,16.06,0.0,0.9931,0.0029,-0.0145,0.0039,0.0,334.0,569.0
2026-09-21 11:34:27,2026-09-21T11:18:53,770.11,2026-09-21,P,754.0,0.02,0.03,6764.0,5954.0,0.02,0.3778,-0.0069,0.0029,-0.0145,0.0039,0.0,5497.0,2348.0
2026-09-21 11:34:27,2026-09-21T11:18:53,770.11,2026-09-21,C,755.0,15.06,15.12,15.0,63.0,14.92,0.0,0.9926,0.0032,-0.0148,0.0041,0.0,1690.0,1471.0
2026-09-21 11:34:27,2026-09-21T11:18:53,770.11,2026-09-21,P,755.0,0.02,0.03,6589.0,5467.0,0.02,0.357,-0.0074,0.0032,-0.0148,0.0041,0.0,5534.0,21487.0
2026-09-21 11:34:27,2026-09-21T11:18:53,770.11,2026-09-21,C,756.0,14.06,14.13,15.0,78.0,13.26,0.0,0.9921,0.0037,-0.0151,0.0044,0.0,640.0,768.0
2026-09-21 11:34:27,2026-09-21T11:18:53,770.11,2026-09-21,P,756.0,0.02,0.03,6515.0,5232.0,0.02,0.3362,-0.0079,0.0037,-0.0151,0.0044,0.0,3483.0,4124.0
2026-09-21 11:34:27,2026-09-21T11:18:53,770.11,2026-09-21,C,757.0,13.06,13.13,15.0,71.0,12.93,0.0,0.9914,0.0042,-0.0155,0.0047,0.0,4021.0,3398.0
2026-09-21 11:34:27,2026-09-21T11:18:53,770.11,2026-09-21,P,757.0,0.02,0.03,6356.0,4133.0,0.02,0.3152,-0.0086,0.0042,-0.0155,0.0047,0.0,4118.0,6135.0
2026-09-21 11:34:27,2026-09-21T11:18:53,770.11,2026-09-21,C,758.0,12.06,12.13,15.0,20.0,12.06,0.0,0.9905,0.0049,-0.0162,0.0052,0.0,786.0,1431.0
2026-09-21 11:34:27,2026-09-21T11:18:53,770.11,2026-09-21,P,758.0,0.02,0.03,6350.0,211.0,0.03,0.294,-0.0095,0.0049,-0.0162,0.0052,0.0,9348.0,6814.0
2026-09-21 11:34:27,2026-09-21T11:18:53,770.11,2026-09-21,C,759.0,11.07,11.14,15.0,84.0,10.9,0.0,0.9894,0.0058,-0.0173,0.0058,0.0,1242.0,3109.0
2026-09-21 11:34:27,2026-09-21T11:18:53,770.11,2026-09-21,P,759.0,0.03,0.04,6227.0,5664.0,0.03,0.2861,-0.0106,0.0058,-0.0173,0.0058,0.0,11602.0,9099.0
2026-09-21 11:34:27,2026-09-21T11:18:53,770.11,2026-09-21,C,760.0,10.12,10.13,1.0,37.0,10.06,0.2438,0.9877,0.007,-0.0189,0.0065,0.0,2806.0,6853.0
2026-09-21 11:34:27,2026-09-21T11:18:53,770.11,2026-09-21,P,760.0,0.03,0.04,6185.0,3729.0,0.03,0.2638,-0.0123,0.007,-0.0189,0.0065,0.0,16290.0,15275.0
2026-09-21 11:34:27,2026-09-21T11:18:53,770.11,2026-09-21,C,761.0,9.1,9.14,153.0,16.0,9.07,0.0,0.9854,0.0088,-0.0214,0.0076,0.0,2763.0,5926.0
2026-09-21 11:34:27,2026-09-21T11:18:53,770.11,2026-09-21,P,761.0,0.04,0.05,5818.0,4963.0,0.04,0.2511,-0.0146,0.0088,-0.0214,0.0076,0.0,22785.0,9645.0
2026-09-21 11:34:27,2026-09-21T11:18:53,770.11,2026-09-21,C,762.0,8.13,8.14,1.0,36.0,8.1,0.2135,0.9818,0.0114,-0.0254,0.0092,0.0,10355.0,8574.0
2026-09-21 11:34:27,2026-09-21T11:18:53,770.11,2026-09-21,P,762.0,0.04,0.05,5749.0,3346.0,0.05,0.2277,-0.0182,0.0114,-0.0254,0.0092,0.0,31290.0,6835.0
2026-09-21 11:34:27,2026-09-21T11:18:53,770.11,2026-09-21,C,763.0,7.14,7.16,127.0,49.0,7.07,0.1956,0.9764,0.0155,-0.0316,0.0115,0.0,12613.0,8346.0
2026-09-21 11:34:27,2026-09-21T11:18:53,770.11,2026-09-21,P,763.0,0.05,0.06,5260.0,3670.0,0.06,0.2112,-0.0236,0.0155,-0.0316,0.0115,0.0,40261.0,6849.0
2026-09-21 11:34:27,2026-09-21T11:18:53,770.11,2026-09-21,C,764.0,6.14,6.15,239.0,94.0,6.1,0.1798,0.9679,0.0217,-0.0414,0.0148,0.0,13255.0,6049.0
2026-09-21 11:34:27,2026-09-21T11:18:53,770.11,2026-09-21,P,764.0,0.06,0.07,5060.0,3329.0,0.06,0.1925,-0.0321,0.0217,-0.0414,0.0148,0.0,69056.0,1764.0
2026-09-21 11:34:27,2026-09-21T11:18:53,770.11,2026-09-21,C,765.0,5.16,5.17,39.0,94.0,5.11,0.1612,0.9545,0.0315,-0.0565,0.0194,0.0,22928.0,10594.0
2026-09-21 11:34:27,2026-09-21T11:18:53,770.11,2026-09-21,P,765.0,0.08,0.09,3001.0,3712.0,0.09,0.1763,-0.0455,0.0315,-0.0565,0.0194,0.0,113027.0,1927.0
2026-09-21 11:34:27,2026-09-21T11:18:53,770.11,2026-09-21,C,766.0,4.18,4.19,147.0,94.0,4.13,0.1467,0.9334,0.047,-0.08,0.026,0.0,66877.0,5357.0
2026-09-21 11:34:27,2026-09-21T11:18:53,770.11,2026-09-21,P,766.0,0.1,0.11,2625.0,2637.0,0.1,0.1563,-0.0666,0.047,-0.08,0.026,0.0,193705.0,558.0
2026-09-21 11:34:27,2026-09-21T11:18:53,770.11,2026-09-21,C,767.0,3.22,3.23,20.0,215.0,3.22,0.1268,0.899,0.0723,-0.1172,0.0352,0.0,190856.0,4728.0
2026-09-21 11:34:27,2026-09-21T11:18:53,770.11,2026-09-21,P,767.0,0.14,0.15,1306.0,2546.0,0.14,0.1386,-0.101,0.0723,-0.1172,0.0352,0.0,271584.0,636.0
2026-09-21 11:34:27,2026-09-21T11:18:53,770.11,2026-09-21,C,768.0,2.3,2.31,94.0,95.0,2.27,0.1148,0.8373,0.1143,-0.1853,0.048,0.0,277488.0,7227.0
2026-09-21 11:34:27,2026-09-21T11:18:53,770.11,2026-09-21,P,768.0,0.22,0.23,868.0,2332.0,0.22,0.1232,-0.1627,0.1143,-0.1853,0.048,0.0,200878.0,334.0
2026-09-21 11:34:27,2026-09-21T11:18:53,770.11,2026-09-21,C,769.0,1.46,1.47,302.0,252.0,1.46,0.1025,0.7183,0.1752,-0.3376,0.0642,0.0,286560.0,5303.0
2026-09-21 11:34:27,2026-09-21T11:18:53,770.11,2026-09-21,P,769.0,0.38,0.39,701.0,713.0,0.39,0.1118,-0.2817,0.1752,-0.3376,0.0642,0.0,176395.0,318.0
2026-09-21 11:34:27,2026-09-21T11:18:53,770.11,2026-09-21,C,770.0,0.8,0.81,689.0,198.0,0.81,0.0988,0.5245,0.2185,-0.6736,0.0746,0.0,404887.0,29669.0
2026-09-21 11:34:27,2026-09-21T11:18:53,770.11,2026-09-21,P,770.0,0.73,0.74,489.0,648.0,0.73,0.1055,-0.4755,0.2185,-0.6736,0.0746,0.0,75708.0,828.0
2026-09-21 11:34:27,2026-09-21T11:18:53,770.11,2026-09-21,C,771.0,0.38,0.39,836.0,569.0,0.39,0.0999,0.3149,0.193,-0.3742,0.0673,0.0,156077.0,4731.0
2026-09-21 11:34:27,2026-09-21T11:18:53,770.11,2026-09-21,P,771.0,1.3,1.31,200.0,98.0,1.32,0.1044,-0.6851,0.193,-0.3742,0.0673,0.0,18413.0,69.0
2026-09-21 11:34:27,2026-09-21T11:18:53,770.11,2026-09-21,C,772.0,0.17,0.18,79.0,788.0,0.17,0.1024,0.1693,0.1281,-0.1778,0.0493,0.0,165647.0,3586.0
2026-09-21 11:34:27,2026-09-21T11:18:53,770.11,2026-09-21,P,772.0,2.09,2.1,94.0,228.0,2.1,0.1108,-0.8308,0.1281,-0.1778,0.0493,0.0,8463.0,119.0
2026-09-21 11:34:27,2026-09-21T11:18:53,770.11,2026-09-21,C,773.0,0.08,0.09,2249.0,1958.0,0.08,0.1133,0.0921,0.0761,-0.0927,0.0332,0.0,50996.0,3885.0
2026-09-21 11:34:27,2026-09-21T11:18:53,770.11,2026-09-21,P,773.0,3.0,3.01,36.0,94.0,3.06,0.1227,-0.9079,0.0761,-0.0927,0.0332,0.0,2658.0,0.0
2026-09-21 11:34:27,2026-09-21T11:18:53,770.11,2026-09-21,C,774.0,0.04,0.05,3701.0,737.0,0.04,0.1238,0.0519,0.0446,-0.0517,0.022,0.0,13036.0,2988.0
2026-09-21 11:34:27,2026-09-21T11:18:53,770.11,2026-09-21,P,774.0,3.96,3.97,41.0,76.0,4.0,0.1357,-0.9481,0.0446,-0.0517,0.022,0.0,1119.0,10.0
2026-09-21 11:34:27,2026-09-21T11:18:53,770.11,2026-09-21,C,775.0,0.02,0.03,5902.0,1323.0,0.03,0.1343,0.03,0.0263,-0.0298,0.0144,0.0,4009.0,2242.0
2026-09-21 11:34:27,2026-09-21T11:18:53,770.11,2026-09-21,P,775.0,4.94,4.96,71.0,54.0,5.0,0.1546,-0.97,0.0263,-0.0298,0.0144,0.0,839.0,0.0
2026-09-21 11:34:27,2026-09-21T11:18:53,770.11,2026-09-21,C,776.0,0.01,0.02,6501.0,1451.0,0.01,0.1455,0.0183,0.016,-0.0184,0.0096,0.0,2464.0,860.0
2026-09-21 11:34:27,2026-09-21T11:18:53,770.11,2026-09-21,P,776.0,5.92,5.99,78.0,15.0,5.97,0.1957,-0.9817,0.016,-0.0184,0.0096,0.0,458.0,10.0
2026-09-21 11:34:27,2026-09-21T11:18:53,770.11,2026-09-21,C,777.0,0.01,0.02,6596.0,6656.0,0.02,0.1664,0.0123,0.0105,-0.0127,0.0069,0.0,18105.0,2233.0
2026-09-21 11:34:27,2026-09-21T11:18:53,770.11,2026-09-21,P,777.0,6.93,6.94,39.0,1.0,7.08,0.1888,-0.9877,0.0105,-0.0127,0.0069,0.0,1391.0,0.0
2026-09-21 11:34:27,2026-09-21T11:18:53,770.11,2026-09-21,C,778.0,0.0,0.01,0.0,1618.0,0.01,0.1639,0.0092,0.0075,-0.0101,0.0054,0.0,1923.0,817.0
2026-09-21 11:34:27,2026-09-21T11:18:53,770.11,2026-09-21,P,778.0,7.91,7.98,27.0,15.0,8.15,0.2411,-0.9908,0.0075,-0.0101,0.0054,0.0,494.0,0.0
2026-09-21 11:34:27,2026-09-21T11:18:53,770.11,2026-09-21,C,779.0,0.0,0.01,0.0,6645.0,0.01,0.1822,0.0076,0.0058,-0.0089,0.0045,0.0,316.0,835.0
2026-09-21 11:34:27,2026-09-21T11:18:53,770.11,2026-09-21,P,779.0,8.9,9.03,58.0,10.0,9.13,0.2687,-0.9924,0.0058,-0.0089,0.0045,0.0,41.0,0.0
2026-09-21 11:34:27,2026-09-21T11:18:53,770.11,2026-09-21,C,780.0,0.0,0.01,0.0,7293.0,0.01,0.2003,0.0067,0.0047,-0.0083,0.004,0.0,217.0,2288.0
2026-09-21 11:34:27,2026-09-21T11:18:53,770.11,2026-09-21,P,780.0,9.91,10.03,1.0,194.0,10.22,0.293,-0.9933,0.0047,-0.0083,0.004,0.0,214.0,0.0
2026-09-21 11:34:27,2026-09-21T11:18:53,770.11,2026-09-21,C,781.0,0.0,0.01,0.0,7590.0,0.01,0.2182,0.006,0.004,-0.008,0.0036,0.0,48.0,930.0
2026-09-21 11:34:27,2026-09-21T11:18:53,770.11,2026-09-21,P,781.0,10.9,11.02,67.0,10.0,11.01,0.3169,-0.994,0.004,-0.008,0.0036,0.0,38.0,10.0
2026-09-21 11:34:27,2026-09-21T11:18:53,770.11,2026-09-21,C,782.0,0.0,0.01,0.0,7784.0,0.01,0.2359,0.0055,0.0034,-0.0079,0.0033,0.0,299.0,596.0
2026-09-21 11:34:27,2026-09-21T11:18:53,770.11,2026-09-21,P,782.0,11.9,12.02,1.0,200.0,12.01,0.3328,-0.9945,0.0034,-0.0079,0.0033,0.0,58.0,0.0
2026-09-21 11:34:27,2026-09-21T11:18:53,770.11,2026-09-21,C,783.0,0.0,0.01,0.0,7900.0,0.01,0.2535,0.0052,0.003,-0.0078,0.0031,0.0,192.0,2107.0
2026-09-21 11:34:27,2026-09-21T11:18:53,770.11,2026-09-21,P,783.0,12.9,13.02,1.0,10.0,13.72,0.3638,-0.9948,0.003,-0.0078,0.0031,0.0,19.0,0.0
2026-09-21 11:34:27,2026-09-21T11:18:53,770.11,2026-09-21,C,784.0,0.0,0.01,0.0,8008.0,0.01,0.271,0.0048,0.0026,-0.0078,0.0029,0.0,0.0,346.0
2026-09-21 11:34:27,2026-09-21T11:18:53,770.11,2026-09-21,P,784.0,13.9,14.02,1.0,200.0,14.91,0.3868,-0.9952,0.0026,-0.0078,0.0029,0.0,13.0,0.0
2026-09-21 11:34:27,2026-09-21T11:18:53,770.11,2026-09-21,C,785.0,0.0,0.01,0.0,8104.0,0.01,0.2883,0.0046,0.0024,-0.0078,0.0027,0.0,2.0,490.0
2026-09-21 11:34:27,2026-09-21T11:18:53,770.11,2026-09-21,P,785.0,14.9,15.02,1.0,10.0,15.86,0.4097,-0.9954,0.0024,-0.0078,0.0027,0.0,27.0,0.0
2026-09-21 11:34:27,2026-09-21T11:18:53,770.11,2026-09-21,C,786.0,0.0,0.01,0.0,8126.0,0.01,0.3056,0.0043,0.0021,-0.0077,0.0026,0.0,59.0,1683.0
2026-09-21 11:34:27,2026-09-21T11:18:53,770.11,2026-09-21,P,786.0,15.9,16.02,1.0,200.0,16.76,0.4323,-0.9957,0.0021,-0.0077,0.0026,0.0,75.0,0.0
2026-09-21 11:34:27,2026-09-21T11:18:53,770.11,2026-09-21,C,787.0,0.0,0.01,0.0,8207.0,0.01,0.3227,0.0041,0.0019,-0.0077,0.0024,0.0,1.0,1400.0
2026-09-21 11:34:27,2026-09-21T11:18:53,770.11,2026-09-21,P,787.0,16.9,17.02,1.0,10.0,17.56,0.4547,-0.9959,0.0019,-0.0077,0.0024,0.0,101.0,0.0
2026-09-21 11:34:27,2026-09-21T11:18:53,770.11,2026-09-21,C,788.0,0.0,0.01,0.0,8275.0,0.01,0.3397,0.0039,0.0017,-0.0076,0.0023,0.0,2.0,1010.0
2026-09-21 11:34:27,2026-09-21T11:18:53,770.11,2026-09-21,P,788.0,17.9,18.02,1.0,10.0,18.97,0.477,-0.9961,0.0017,-0.0076,0.0023,0.0,54.0,0.0
2026-09-21 11:34:27,2026-09-21T11:18:53,770.11,2026-09-21,C,789.0,0.0,0.01,0.0,8339.0,0.01,0.3566,0.0037,0.0016,-0.0076,0.0022,0.0,2.0,6906.0
2026-09-21 11:34:27,2026-09-21T11:18:53,770.11,2026-09-21,P,789.0,18.9,19.02,1.0,10.0,19.99,0.499,-0.9963,0.0016,-0.0076,0.0022,0.0,407.0,0.0
2026-09-21 11:34:27,2026-09-21T11:18:53,770.11,2026-09-21,C,790.0,0.0,0.01,0.0,8444.0,0.01,0.3734,0.0036,0.0015,-0.0076,0.0021,0.0,12.0,6747.0
2026-09-21 11:34:27,2026-09-21T11:18:53,770.11,2026-09-21,P,790.0,19.9,20.02,1.0,10.0,20.64,0.5209,-0.9964,0.0015,-0.0076,0.0021,0.0,25.0,0.0
2026-09-21 11:34:27,2026-09-21T11:18:53,770.11,2026-09-21,C,791.0,0.0,0.01,0.0,8356.0,0.02,0.3901,0.0034,0.0014,-0.0075,0.002,0.0,0.0,221.0
2026-09-21 11:34:27,2026-09-21T11:18:53,770.11,2026-09-21,P,791.0,20.9,21.02,1.0,10.0,21.64,0.5426,-0.9966,0.0014,-0.0075,0.002,0.0,13.0,0.0
2026-09-21 11:34:27,2026-09-21T11:18:53,770.11,2026-09-21,C,792.0,0.0,0.01,0.0,8356.0,0.01,0.4068,0.0033,0.0012,-0.0075,0.002,0.0,0.0,485.0
2026-09-21 11:34:27,2026-09-21T11:18:53,770.11,2026-09-21,P,792.0,21.85,22.02,64.0,10.0,22.73,0.5342,-0.9967,0.0012,-0.0075,0.002,0.0,77.0,0.0
2026-09-21 11:34:27,2026-09-21T11:18:53,770.11,2026-09-21,C,793.0,0.0,0.01,0.0,8356.0,0.01,0.4233,0.0031,0.0012,-0.0075,0.0019,0.0,0.0,26.0
2026-09-21 11:34:27,2026-09-21T11:18:53,770.11,2026-09-21,P,793.0,22.9,23.02,1.0,10.0,24.05,0.5856,-0.9969,0.0012,-0.0075,0.0019,0.0,25.0,0.0
2026-09-21 11:34:27,2026-09-21T11:18:53,770.11,2026-09-21,C,794.0,0.0,0.01,0.0,8356.0,0.01,0.4398,0.003,0.0011,-0.0074,0.0018,0.0,0.0,530.0
2026-09-21 11:34:27,2026-09-21T11:18:53,770.11,2026-09-21,P,794.0,23.85,24.02,64.0,10.0,24.02,0.5752,-0.997,0.0011,-0.0074,0.0018,0.0,6.0,0.0
2026-09-21 11:34:27,2026-09-21T11:18:53,770.11,2026-09-21,C,795.0,0.0,0.01,0.0,8444.0,0.01,0.4562,0.0029,0.001,-0.0074,0.0018,0.0,1.0,543.0
2026-09-21 11:34:27,2026-09-21T11:18:53,770.11,2026-09-21,P,795.0,24.62,25.55,157.0,108.0,26.1,0.7261,-0.9971,0.001,-0.0074,0.0018,0.0,2.0,0.0
2026-09-21 11:34:27,2026-09-21T11:18:53,770.11,2026-09-21,C,796.0,0.0,0.01,0.0,7856.0,0.02,0.4726,0.0028,0.0009,-0.0074,0.0017,0.0,0.0,1.0
2026-09-21 11:34:27,2026-09-21T11:18:53,770.11,2026-09-21,P,796.0,25.49,26.54,157.0,162.0,26.01,0.6952,-0.9972,0.0009,-0.0074,0.0017,0.0,34.0,0.0
2026-09-21 11:34:27,2026-09-21T11:18:53,770.11,2026-09-21,C,797.0,0.0,0.01,0.0,7856.0,0.02,0.4888,0.0027,0.0009,-0.0074,0.0016,0.0,0.0,170.0
2026-09-21 11:34:27,2026-09-21T11:18:53,770.11,2026-09-21,P,797.0,26.49,27.58,128.0,132.0,28.21,0.7347,-0.9973,0.0009,-0.0074,0.0016,0.0,3.0,0.0
2026-09-21 11:34:27,2026-09-21T11:18:53,770.11,2026-09-21,C,798.0,0.0,0.01,0.0,7856.0,0.02,0.505,0.0026,0.0008,-0.0073,0.0016,0.0,0.0,115.0
2026-09-21 11:34:27,2026-09-21T11:18:53,770.11,2026-09-21,P,798.0,27.54,28.54,161.0,162.0,29.15,0.7612,-0.9974,0.0008,-0.0073,0.0016,0.0,3.0,0.0
2026-09-21 11:34:27,2026-09-21T11:18:53,770.11,2026-09-21,C,799.0,0.0,0.01,0.0,7856.0,0.01,0.5212,0.0026,0.0008,-0.0073,0.0016,0.0,10.0,23.0
2026-09-21 11:34:27,2026-09-21T11:18:53,770.11,2026-09-21,P,799.0,28.46,29.52,138.0,138.0,29.02,0.7353,-0.9974,0.0008,-0.0073,0.0016,0.0,3.0,0.0
2026-09-21 11:34:27,2026-09-21T11:18:53,770.11,2026-09-21,C,800.0,0.0,0.01,0.0,7856.0,0.01,0.5372,0.0025,0.0007,-0.0073,0.0015,0.0,3.0,935.0
2026-09-21 11:34:27,2026-09-21T11:18:53,770.11,2026-09-21,P,800.0,29.45,30.57,130.0,130.0,31.44,0.7776,-0.9975,0.0007,-0.0073,0.0015,0.0,4.0,1.0
2026-09-21 11:34:27,2026-09-21T11:18:53,770.11,2026-09-21,C,801.0,0.0,0.01,0.0,7856.0,0.01,0.5533,0.0024,0.0007,-0.0072,0.0015,0.0,0.0,242.0
2026-09-21 11:34:27,2026-09-21T11:18:53,770.11,2026-09-21,P,801.0,30.56,31.55,2.0,2.0,39.82,0.8405,-0.9976,0.0007,-0.0072,0.0015,0.0,0.0,0.0
2026-09-21 11:34:27,2026-09-21T11:18:53,770.11,2026-09-21,C,802.0,0.0,0.01,0.0,7856.0,0.01,0.5692,0.0023,0.0007,-0.0072,0.0014,0.0,2.0,1043.0
2026-09-21 11:34:27,2026-09-21T11:18:53,770.11,2026-09-21,P,802.0,31.52,32.58,2.0,2.0,42.57,0.8584,-0.9977,0.0007,-0.0072,0.0014,0.0,0.0,0.0
2026-09-21 11:34:27,2026-09-21T11:18:53,770.11,2026-09-21,C,803.0,0.0,0.01,0.0,7856.0,0.01,0.5851,0.0023,0.0006,-0.0072,0.0014,0.0,0.0,958.0
2026-09-21 11:34:27,2026-09-21T11:18:53,770.11,2026-09-21,P,803.0,32.54,33.52,68.0,151.0,33.02,0.8619,-0.9977,0.0006,-0.0072,0.0014,0.0,2.0,0.0
2026-09-21 11:34:27,2026-09-21T11:18:53,770.11,2026-09-21,C,804.0,0.0,0.01,0.0,7856.0,0.02,0.601,0.0022,0.0006,-0.0071,0.0013,0.0,0.0,65.0
2026-09-21 11:34:27,2026-09-21T11:18:53,770.11,2026-09-21,P,804.0,33.52,34.58,68.0,68.0,34.67,0.9022,-0.9978,0.0006,-0.0071,0.0013,0.0,1.0,0.0
2026-09-21 11:34:27,2026-09-21T11:18:53,770.11,2026-09-21,C,805.0,0.0,0.01,0.0,7856.0,0.01,0.6167,0.0022,0.0006,-0.0071,0.0013,0.0,0.0,41.0
2026-09-21 11:34:27,2026-09-21T11:18:53,770.11,2026-09-21,P,805.0,34.55,35.58,2.0,2.0,43.96,0.9373,-0.9978,0.0006,-0.0071,0.0013,0.0,0.0,0.0
2026-09-21 11:34:27,2026-09-21T11:18:53,770.11,2026-09-21,C,806.0,0.0,0.01,0.0,7856.0,0.01,0.6325,0.0021,0.0005,-0.0071,0.0013,0.0,0.0,483.0
2026-09-21 11:34:27,2026-09-21T11:18:53,770.11,2026-09-21,P,806.0,35.57,36.52,69.0,69.0,46.72,0.9409,-0.9979,0.0005,-0.0071,0.0013,0.0,0.0,0.0
2026-09-21 11:34:27,2026-09-21T11:18:53,770.11,2026-09-21,C,807.0,0.0,0.01,0.0,7856.0,0.01,0.6482,0.002,0.0005,-0.007,0.0012,0.0,0.0,395.0
2026-09-21 11:34:27,2026-09-21T11:18:53,770.11,2026-09-21,P,807.0,36.57,37.48,69.0,1.0,47.38,0.9898,-0.998,0.0005,-0.007,0.0012,0.0,0.0,0.0
2026-09-21 11:34:27,2026-09-21T11:18:53,770.11,2026-09-21,C,808.0,0.0,0.01,0.0,7856.0,0.01,0.6638,0.002,0.0005,-0.007,0.0012,0.0,0.0,114.0
2026-09-21 11:34:27,2026-09-21T11:18:53,770.11,2026-09-21,P,808.0,37.9,38.57,20.0,109.0,38.02,1.1269,-0.998,0.0005,-0.007,0.0012,0.0,81.0,0.0
2026-09-21 11:39:28,2026-09-21T11:23:54,770.0,2026-09-21,C,732.0,37.49,38.16,134.0,370.0,38.14,0.0,0.9961,0.0008,-0.0173,0.0022,0.0,559.0,32.0
2026-09-21 11:39:28,2026-09-21T11:23:54,770.0,2026-09-21,P,732.0,0.0,0.01,0.0,7892.0,0.01,0.7031,-0.0039,0.0008,-0.0173,0.0022,0.0,36.0,881.0
2026-09-21 11:39:28,2026-09-21T11:23:54,770.0,2026-09-21,C,733.0,36.49,37.16,138.0,370.0,36.55,0.0,0.996,0.0008,-0.0174,0.0023,0.0,199.0,63.0
2026-09-21 11:39:28,2026-09-21T11:23:54,770.0,2026-09-21,P,733.0,0.0,0.01,0.0,7844.0,0.01,0.6857,-0.004,0.0008,-0.0174,0.0023,0.0,4.0,2919.0
2026-09-21 11:39:28,2026-09-21T11:23:54,770.0,2026-09-21,C,734.0,35.47,36.16,134.0,370.0,36.09,0.0,0.9958,0.0009,-0.0175,0.0023,0.0,321.0,56.0
2026-09-21 11:39:28,2026-09-21T11:23:54,770.0,2026-09-21,P,734.0,0.0,0.01,0.0,7804.0,0.05,0.6682,-0.0042,0.0009,-0.0175,0.0023,0.0,0.0,773.0
2026-09-21 11:39:28,2026-09-21T11:23:54,770.0,2026-09-21,C,735.0,34.85,35.16,138.0,370.0,34.87,0.9144,0.9957,0.0009,-0.0176,0.0024,0.0,776.0,24.0
2026-09-21 11:39:28,2026-09-21T11:23:54,770.0,2026-09-21,P,735.0,0.0,0.01,0.0,7764.0,0.01,0.6508,-0.0043,0.0009,-0.0176,0.0024,0.0,13.0,1578.0
2026-09-21 11:39:28,2026-09-21T11:23:54,770.0,2026-09-21,C,736.0,33.49,34.15,120.0,120.0,34.11,0.0,0.9956,0.001,-0.0176,0.0025,0.0,189.0,16.0
2026-09-21 11:39:28,2026-09-21T11:23:54,770.0,2026-09-21,P,736.0,0.0,0.01,0.0,7715.0,0.01,0.6333,-0.0044,0.001,-0.0176,0.0025,0.0,7.0,2021.0
2026-09-21 11:39:28,2026-09-21T11:23:54,770.0,2026-09-21,C,737.0,32.91,32.97,103.0,38.0,32.91,0.0,0.9955,0.001,-0.0177,0.0025,0.0,287.0,17.0
2026-09-21 11:39:28,2026-09-21T11:23:54,770.0,2026-09-21,P,737.0,0.0,0.01,0.0,7668.0,0.01,0.6158,-0.0045,0.001,-0.0177,0.0025,0.0,6.0,1437.0
2026-09-21 11:39:28,2026-09-21T11:23:54,770.0,2026-09-21,C,738.0,31.91,31.97,102.0,69.0,31.89,0.0,0.9953,0.0011,-0.0178,0.0026,0.0,443.0,22.0
2026-09-21 11:39:28,2026-09-21T11:23:54,770.0,2026-09-21,P,738.0,0.0,0.01,0.0,6088.0,0.02,0.5983,-0.0047,0.0011,-0.0178,0.0026,0.0,10.0,1180.0
2026-09-21 11:39:28,2026-09-21T11:23:54,770.0,2026-09-21,C,739.0,30.91,30.98,100.0,78.0,30.88,0.0,0.9952,0.0011,-0.018,0.0027,0.0,340.0,30.0
2026-09-21 11:39:28,2026-09-21T11:23:54,770.0,2026-09-21,P,739.0,0.0,0.01,0.0,6035.0,0.01,0.5808,-0.0048,0.0011,-0.018,0.0027,0.0,493.0,1347.0
2026-09-21 11:39:28,2026-09-21T11:23:54,770.0,2026-09-21,C,740.0,29.95,29.97,57.0,54.0,29.99,0.0,0.995,0.0012,-0.018,0.0028,0.0,2363.0,42.0
2026-09-21 11:39:28,2026-09-21T11:23:54,770.0,2026-09-21,P,740.0,0.0,0.01,0.0,5234.0,0.01,0.5632,-0.005,0.0012,-0.018,0.0028,0.0,3683.0,5789.0
2026-09-21 11:39:28,2026-09-21T11:23:54,770.0,2026-09-21,C,741.0,28.91,28.98,102.0,78.0,28.08,0.0,0.9949,0.0013,-0.0182,0.0028,0.0,345.0,38.0
2026-09-21 11:39:28,2026-09-21T11:23:54,770.0,2026-09-21,P,741.0,0.0,0.01,0.0,4241.0,0.01,0.5457,-0.0051,0.0013,-0.0182,0.0028,0.0,213.0,2863.0
2026-09-21 11:39:28,2026-09-21T11:23:54,770.0,2026-09-21,C,742.0,27.91,27.98,69.0,77.0,28.09,0.0,0.9947,0.0014,-0.0182,0.0029,0.0,1407.0,11.0
2026-09-21 11:39:28,2026-09-21T11:23:54,770.0,2026-09-21,P,742.0,0.0,0.01,0.0,3618.0,0.01,0.5281,-0.0053,0.0014,-0.0182,0.0029,0.0,1512.0,1915.0
2026-09-21 11:39:28,2026-09-21T11:23:54,770.0,2026-09-21,C,743.0,26.91,26.98,117.0,68.0,27.05,0.0,0.9945,0.0014,-0.0184,0.003,0.0,216.0,71.0
2026-09-21 11:39:28,2026-09-21T11:23:54,770.0,2026-09-21,P,743.0,0.0,0.01,0.0,2279.0,0.01,0.5105,-0.0055,0.0014,-0.0184,0.003,0.0,1208.0,2810.0
2026-09-21 11:39:28,2026-09-21T11:23:54,770.0,2026-09-21,C,744.0,25.91,25.98,115.0,75.0,25.91,0.0,0.9943,0.0016,-0.0185,0.0031,0.0,887.0,47.0
2026-09-21 11:39:28,2026-09-21T11:23:54,770.0,2026-09-21,P,744.0,0.0,0.01,0.0,271.0,0.01,0.4929,-0.0057,0.0016,-0.0185,0.0031,0.0,5797.0,1802.0
2026-09-21 11:39:28,2026-09-21T11:23:54,770.0,2026-09-21,C,745.0,24.92,24.97,15.0,50.0,24.38,0.0,0.9941,0.0017,-0.0186,0.0032,0.0,213.0,84.0
2026-09-21 11:39:28,2026-09-21T11:23:54,770.0,2026-09-21,P,745.0,0.01,0.02,7484.0,7397.0,0.01,0.5298,-0.0059,0.0017,-0.0186,0.0032,0.0,10494.0,18475.0
2026-09-21 11:39:28,2026-09-21T11:23:54,770.0,2026-09-21,C,746.0,23.92,23.98,15.0,73.0,23.9,0.0,0.9939,0.0018,-0.0187,0.0034,0.0,420.0,65.0
2026-09-21 11:39:28,2026-09-21T11:23:54,770.0,2026-09-21,P,746.0,0.01,0.02,7431.0,7312.0,0.02,0.5105,-0.0061,0.0018,-0.0187,0.0034,0.0,2137.0,1979.0
2026-09-21 11:39:28,2026-09-21T11:23:54,770.0,2026-09-21,C,747.0,22.92,22.98,100.0,88.0,23.14,0.0,0.9936,0.0019,-0.0188,0.0035,0.0,507.0,18.0
2026-09-21 11:39:28,2026-09-21T11:23:54,770.0,2026-09-21,P,747.0,0.01,0.02,7369.0,7289.0,0.01,0.4911,-0.0064,0.0019,-0.0188,0.0035,0.0,3574.0,2684.0
2026-09-21 11:39:28,2026-09-21T11:23:54,770.0,2026-09-21,C,748.0,21.92,21.98,128.0,87.0,21.94,0.0,0.9934,0.0021,-0.0189,0.0036,0.0,348.0,61.0
2026-09-21 11:39:28,2026-09-21T11:23:54,770.0,2026-09-21,P,748.0,0.01,0.02,7157.0,7133.0,0.01,0.4716,-0.0066,0.0021,-0.0189,0.0036,0.0,3218.0,4869.0
2026-09-21 11:39:28,2026-09-21T11:23:54,770.0,2026-09-21,C,749.0,20.96,20.97,93.0,1.0,21.02,0.0,0.9931,0.0022,-0.019,0.0038,0.0,837.0,83.0
2026-09-21 11:39:28,2026-09-21T11:23:54,770.0,2026-09-21,P,749.0,0.01,0.02,7092.0,6395.0,0.01,0.4521,-0.0069,0.0022,-0.019,0.0038,0.0,2878.0,5143.0
2026-09-21 11:39:28,2026-09-21T11:23:54,770.0,2026-09-21,C,750.0,19.92,20.0,100.0,111.0,19.96,0.0,0.9928,0.0024,-0.0191,0.0039,0.0,1763.0,477.0
2026-09-21 11:39:28,2026-09-21T11:23:54,770.0,2026-09-21,P,750.0,0.01,0.02,7031.0,5343.0,0.01,0.4326,-0.0072,0.0024,-0.0191,0.0039,0.0,11930.0,16881.0
2026-09-21 11:39:28,2026-09-21T11:23:54,770.0,2026-09-21,C,751.0,18.92,18.98,100.0,8.0,18.04,0.0,0.9924,0.0026,-0.0193,0.0041,0.0,157.0,334.0
2026-09-21 11:39:28,2026-09-21T11:23:54,770.0,2026-09-21,P,751.0,0.01,0.02,6951.0,3461.0,0.02,0.413,-0.0076,0.0026,-0.0193,0.0041,0.0,2561.0,2776.0
2026-09-21 11:39:28,2026-09-21T11:23:54,770.0,2026-09-21,C,752.0,17.92,17.98,100.0,9.0,18.04,0.0,0.992,0.0029,-0.0194,0.0043,0.0,230.0,298.0
2026-09-21 11:39:28,2026-09-21T11:23:54,770.0,2026-09-21,P,752.0,0.02,0.03,6638.0,6802.0,0.03,0.418,-0.008,0.0029,-0.0194,0.0043,0.0,15354.0,3260.0
2026-09-21 11:39:28,2026-09-21T11:23:54,770.0,2026-09-21,C,753.0,16.92,16.99,100.0,30.0,17.06,0.1276,0.9916,0.0032,-0.0196,0.0045,0.0,104.0,321.0
2026-09-21 11:39:28,2026-09-21T11:23:54,770.0,2026-09-21,P,753.0,0.02,0.03,6830.0,6718.0,0.02,0.3973,-0.0084,0.0032,-0.0196,0.0045,0.0,11698.0,2802.0
2026-09-21 11:39:28,2026-09-21T11:23:54,770.0,2026-09-21,C,754.0,15.93,15.99,15.0,90.0,16.1,0.0,0.9911,0.0035,-0.0197,0.0048,0.0,362.0,569.0
2026-09-21 11:39:28,2026-09-21T11:23:54,770.0,2026-09-21,P,754.0,0.02,0.03,6792.0,5952.0,0.03,0.3764,-0.0089,0.0035,-0.0197,0.0048,0.0,5515.0,2348.0
2026-09-21 11:39:28,2026-09-21T11:23:54,770.0,2026-09-21,C,755.0,14.93,14.99,15.0,47.0,14.92,0.0,0.9906,0.004,-0.02,0.005,0.0,1690.0,1471.0
2026-09-21 11:39:28,2026-09-21T11:23:54,770.0,2026-09-21,P,755.0,0.02,0.03,6587.0,5435.0,0.02,0.3555,-0.0094,0.004,-0.02,0.005,0.0,5651.0,21487.0
2026-09-21 11:39:28,2026-09-21T11:23:54,770.0,2026-09-21,C,756.0,13.93,13.99,100.0,53.0,13.26,0.0,0.9899,0.0044,-0.0202,0.0054,0.0,640.0,768.0
2026-09-21 11:39:28,2026-09-21T11:23:54,770.0,2026-09-21,P,756.0,0.02,0.03,6513.0,5224.0,0.02,0.3344,-0.0101,0.0044,-0.0202,0.0054,0.0,3492.0,4124.0
2026-09-21 11:39:28,2026-09-21T11:23:54,770.0,2026-09-21,C,757.0,12.93,12.99,128.0,83.0,12.92,0.0,0.9892,0.005,-0.0206,0.0057,0.0,4022.0,3398.0
2026-09-21 11:39:28,2026-09-21T11:23:54,770.0,2026-09-21,P,757.0,0.02,0.03,6433.0,4276.0,0.02,0.3133,-0.0108,0.005,-0.0206,0.0057,0.0,4340.0,6135.0
2026-09-21 11:39:28,2026-09-21T11:23:54,770.0,2026-09-21,C,758.0,11.93,11.99,100.0,12.0,11.91,0.2605,0.9882,0.0058,-0.0212,0.0062,0.0,792.0,1431.0
2026-09-21 11:39:28,2026-09-21T11:23:54,770.0,2026-09-21,P,758.0,0.03,0.04,6006.0,6176.0,0.04,0.306,-0.0118,0.0058,-0.0212,0.0062,0.0,9407.0,6814.0
2026-09-21 11:39:28,2026-09-21T11:23:54,770.0,2026-09-21,C,759.0,10.94,11.0,15.0,89.0,10.94,0.2233,0.987,0.0068,-0.022,0.0068,0.0,1253.0,3109.0
2026-09-21 11:39:28,2026-09-21T11:23:54,770.0,2026-09-21,P,759.0,0.03,0.04,6255.0,5662.0,0.03,0.2837,-0.013,0.0068,-0.022,0.0068,0.0,11738.0,9099.0
2026-09-21 11:39:28,2026-09-21T11:23:54,770.0,2026-09-21,C,760.0,9.98,9.99,135.0,36.0,9.9,0.0,0.9854,0.0081,-0.0232,0.0075,0.0,2814.0,6853.0
2026-09-21 11:39:28,2026-09-21T11:23:54,770.0,2026-09-21,P,760.0,0.03,0.04,6151.0,4063.0,0.04,0.2612,-0.0146,0.0081,-0.0232,0.0075,0.0,16512.0,15275.0
2026-09-21 11:39:28,2026-09-21T11:23:54,770.0,2026-09-21,C,761.0,8.95,9.0,152.0,5.0,8.99,0.2012,0.9832,0.0099,-0.0251,0.0085,0.0,2778.0,5926.0
2026-09-21 11:39:28,2026-09-21T11:23:54,770.0,2026-09-21,P,761.0,0.04,0.05,5760.0,5071.0,0.04,0.2482,-0.0168,0.0099,-0.0251,0.0085,0.0,23486.0,9645.0
2026-09-21 11:39:28,2026-09-21T11:23:54,770.0,2026-09-21,C,762.0,7.99,8.01,55.0,43.0,7.98,0.1671,0.9799,0.0126,-0.0283,0.0099,0.0,10372.0,8574.0
2026-09-21 11:39:28,2026-09-21T11:23:54,770.0,2026-09-21,P,762.0,0.04,0.05,5640.0,3342.0,0.05,0.2245,-0.0201,0.0126,-0.0283,0.0099,0.0,31593.0,6835.0
2026-09-21 11:39:28,2026-09-21T11:23:54,770.0,2026-09-21,C,763.0,7.0,7.01,17.0,38.0,6.97,0.1607,0.9746,0.0167,-0.0339,0.0121,0.0,12652.0,8346.0
2026-09-21 11:39:28,2026-09-21T11:23:54,770.0,2026-09-21,P,763.0,0.05,0.06,5173.0,3451.0,0.05,0.2078,-0.0254,0.0167,-0.0339,0.0121,0.0,40495.0,6849.0
2026-09-21 11:39:28,2026-09-21T11:23:54,770.0,2026-09-21,C,764.0,6.01,6.02,237.0,94.0,5.92,0.1597,0.9656,0.0234,-0.0439,0.0155,0.0,13303.0,6049.0
2026-09-21 11:39:28,2026-09-21T11:23:54,770.0,2026-09-21,P,764.0,0.06,0.07,4732.0,3077.0,0.06,0.1886,-0.0344,0.0234,-0.0439,0.0155,0.0,70592.0,1764.0
2026-09-21 11:39:28,2026-09-21T11:23:54,770.0,2026-09-21,C,765.0,5.02,5.04,153.0,143.0,5.01,0.1512,0.9501,0.0344,-0.0621,0.0207,0.0,23187.0,10594.0
2026-09-21 11:39:28,2026-09-21T11:23:54,770.0,2026-09-21,P,765.0,0.08,0.09,3427.0,4370.0,0.08,0.1719,-0.0499,0.0344,-0.0621,0.0207,0.0,114189.0,1927.0
2026-09-21 11:39:28,2026-09-21T11:23:54,770.0,2026-09-21,C,766.0,4.05,4.06,148.0,94.0,4.03,0.1356,0.923,0.0526,-0.095,0.0287,0.0,67353.0,5357.0
2026-09-21 11:39:28,2026-09-21T11:23:54,770.0,2026-09-21,P,766.0,0.11,0.12,1796.0,3033.0,0.11,0.1549,-0.077,0.0526,-0.095,0.0287,0.0,201874.0,558.0
2026-09-21 11:39:28,2026-09-21T11:23:54,770.0,2026-09-21,C,767.0,3.1,3.11,250.0,36.0,3.07,0.1245,0.877,0.0812,-0.1526,0.0396,0.0,191510.0,4728.0
2026-09-21 11:39:28,2026-09-21T11:23:54,770.0,2026-09-21,P,767.0,0.15,0.16,1847.0,1897.0,0.16,0.1356,-0.123,0.0812,-0.1526,0.0396,0.0,277070.0,636.0
2026-09-21 11:39:28,2026-09-21T11:23:54,770.0,2026-09-21,C,768.0,2.18,2.19,172.0,94.0,2.15,0.1144,0.8005,0.1237,-0.2519,0.0534,0.0,279254.0,7227.0
2026-09-21 11:39:28,2026-09-21T11:23:54,770.0,2026-09-21,P,768.0,0.24,0.25,1034.0,1595.0,0.24,0.1222,-0.1995,0.1237,-0.2519,0.0534,0.0,207694.0,334.0
2026-09-21 11:39:28,2026-09-21T11:23:54,770.0,2026-09-21,C,769.0,1.37,1.38,284.0,34.0,1.39,0.1043,0.6722,0.1784,-0.4362,0.0677,0.0,291328.0,5303.0
2026-09-21 11:39:28,2026-09-21T11:23:54,770.0,2026-09-21,P,769.0,0.43,0.44,10.0,1800.0,0.44,0.1103,-0.3278,0.1784,-0.4362,0.0677,0.0,186463.0,318.0
2026-09-21 11:39:28,2026-09-21T11:23:54,770.0,2026-09-21,C,770.0,0.74,0.75,499.0,666.0,0.75,0.1003,0.4795,0.2099,-0.7089,0.0741,0.0,420836.0,29669.0
2026-09-21 11:39:28,2026-09-21T11:23:54,770.0,2026-09-21,P,770.0,0.79,0.8,589.0,685.0,0.8,0.1057,-0.5205,0.2099,-0.7089,0.0741,0.0,88541.0,828.0
2026-09-21 11:39:28,2026-09-21T11:23:54,770.0,2026-09-21,C,771.0,0.34,0.35,1378.0,99.0,0.34,0.1011,0.288,0.174,-0.3531,0.0643,0.0,174609.0,4731.0
2026-09-21 11:39:28,2026-09-21T11:23:54,770.0,2026-09-21,P,771.0,1.39,1.4,143.0,94.0,1.4,0.1074,-0.712,0.174,-0.3531,0.0643,0.0,21203.0,69.0
2026-09-21 11:39:28,2026-09-21T11:23:54,770.0,2026-09-21,C,772.0,0.15,0.16,2225.0,925.0,0.15,0.1084,0.1617,0.1155,-0.1808,0.0474,0.0,174980.0,3586.0
2026-09-21 11:39:28,2026-09-21T11:23:54,770.0,2026-09-21,P,772.0,2.21,2.22,94.0,211.0,2.24,0.1151,-0.8383,0.1155,-0.1808,0.0474,0.0,9363.0,119.0
2026-09-21 11:39:28,2026-09-21T11:23:54,770.0,2026-09-21,C,773.0,0.07,0.08,2665.0,2029.0,0.07,0.1168,0.0866,0.0695,-0.09,0.0315,0.0,64434.0,3885.0
2026-09-21 11:39:28,2026-09-21T11:23:54,770.0,2026-09-21,P,773.0,3.12,3.14,139.0,148.0,3.13,0.1301,-0.9134,0.0695,-0.09,0.0315,0.0,3030.0,0.0
2026-09-21 11:39:28,2026-09-21T11:23:54,770.0,2026-09-21,C,774.0,0.04,0.05,5020.0,4315.0,0.05,0.1301,0.045,0.0394,-0.0443,0.0196,0.0,14731.0,2988.0
2026-09-21 11:39:28,2026-09-21T11:23:54,770.0,2026-09-21,P,774.0,4.09,4.1,40.0,129.0,4.15,0.1488,-0.955,0.0394,-0.0443,0.0196,0.0,1217.0,10.0
2026-09-21 11:39:28,2026-09-21T11:23:54,770.0,2026-09-21,C,775.0,0.03,0.04,2427.0,5557.0,0.03,0.1484,0.0248,0.0224,-0.0238,0.0123,0.0,4776.0,2242.0
2026-09-21 11:39:28,2026-09-21T11:23:54,770.0,2026-09-21,P,775.0,5.07,5.09,105.0,54.0,5.15,0.1716,-0.9752,0.0224,-0.0238,0.0123,0.0,905.0,0.0
2026-09-21 11:39:28,2026-09-21T11:23:54,770.0,2026-09-21,C,776.0,0.02,0.03,3569.0,6261.0,0.02,0.1629,0.0158,0.014,-0.0157,0.0085,0.0,2587.0,860.0
2026-09-21 11:39:28,2026-09-21T11:23:54,770.0,2026-09-21,P,776.0,6.04,6.12,101.0,127.0,5.91,0.176,-0.9842,0.014,-0.0157,0.0085,0.0,475.0,10.0
2026-09-21 11:39:28,2026-09-21T11:23:54,770.0,2026-09-21,C,777.0,0.01,0.02,6595.0,6113.0,0.02,0.1722,0.012,0.01,-0.0126,0.0066,0.0,18137.0,2233.0
2026-09-21 11:39:28,2026-09-21T11:23:54,770.0,2026-09-21,P,777.0,7.06,7.07,40.0,33.0,7.04,0.2141,-0.988,0.01,-0.0126,0.0066,0.0,1431.0,0.0
2026-09-21 11:39:28,2026-09-21T11:23:54,770.0,2026-09-21,C,778.0,0.0,0.01,0.0,2175.0,0.01,0.1691,0.0101,0.0078,-0.0116,0.0057,0.0,2937.0,817.0
2026-09-21 11:39:28,2026-09-21T11:23:54,770.0,2026-09-21,P,778.0,8.03,8.11,150.0,152.0,8.07,0.2179,-0.9899,0.0078,-0.0116,0.0057,0.0,496.0,0.0
2026-09-21 11:39:28,2026-09-21T11:23:54,770.0,2026-09-21,C,779.0,0.0,0.01,0.0,6122.0,0.01,0.1875,0.009,0.0064,-0.0112,0.0051,0.0,318.0,835.0
2026-09-21 11:39:28,2026-09-21T11:23:54,770.0,2026-09-21,P,779.0,9.01,9.15,100.0,143.0,9.08,0.0,-0.991,0.0064,-0.0112,0.0051,0.0,94.0,0.0
2026-09-21 11:39:28,2026-09-21T11:23:54,770.0,2026-09-21,C,780.0,0.0,0.01,0.0,7293.0,0.01,0.2057,0.0082,0.0054,-0.0111,0.0047,0.0,218.0,2288.0
2026-09-21 11:39:28,2026-09-21T11:23:54,770.0,2026-09-21,P,780.0,10.05,10.07,40.0,113.0,10.08,0.2816,-0.9918,0.0054,-0.0111,0.0047,0.0,357.0,0.0
2026-09-21 11:39:28,2026-09-21T11:23:54,770.0,2026-09-21,C,781.0,0.0,0.01,0.0,7591.0,0.01,0.2237,0.0076,0.0046,-0.011,0.0043,0.0,49.0,930.0
2026-09-21 11:39:28,2026-09-21T11:23:54,770.0,2026-09-21,P,781.0,11.01,11.15,100.0,141.0,11.01,0.0,-0.9924,0.0046,-0.011,0.0043,0.0,38.0,10.0
2026-09-21 11:39:28,2026-09-21T11:23:54,770.0,2026-09-21,C,782.0,0.0,0.01,0.0,7784.0,0.01,0.2416,0.007,0.004,-0.0109,0.004,0.0,300.0,596.0
2026-09-21 11:39:28,2026-09-21T11:23:54,770.0,2026-09-21,P,782.0,12.01,12.15,100.0,141.0,12.01,0.0,-0.993,0.004,-0.0109,0.004,0.0,58.0,0.0
2026-09-21 11:39:28,2026-09-21T11:23:54,770.0,2026-09-21,C,783.0,0.0,0.01,0.0,7988.0,0.01,0.2593,0.0066,0.0035,-0.0108,0.0038,0.0,192.0,2107.0
2026-09-21 11:39:28,2026-09-21T11:23:54,770.0,2026-09-21,P,783.0,13.01,13.15,100.0,130.0,13.72,0.0,-0.9934,0.0035,-0.0108,0.0038,0.0,19.0,0.0
2026-09-21 11:39:28,2026-09-21T11:23:54,770.0,2026-09-21,C,784.0,0.0,0.01,0.0,8008.0,0.01,0.2769,0.0062,0.0031,-0.0108,0.0036,0.0,0.0,346.0
2026-09-21 11:39:28,2026-09-21T11:23:54,770.0,2026-09-21,P,784.0,14.01,14.15,100.0,131.0,14.91,0.0,-0.9938,0.0031,-0.0108,0.0036,0.0,13.0,0.0
2026-09-21 11:39:28,2026-09-21T11:23:54,770.0,2026-09-21,C,785.0,0.0,0.01,0.0,8043.0,0.01,0.2943,0.0058,0.0028,-0.0107,0.0034,0.0,2.0,490.0
2026-09-21 11:39:28,2026-09-21T11:23:54,770.0,2026-09-21,P,785.0,15.01,15.15,100.0,131.0,15.86,0.0,-0.9942,0.0028,-0.0107,0.0034,0.0,27.0,0.0
2026-09-21 11:39:28,2026-09-21T11:23:54,770.0,2026-09-21,C,786.0,0.0,0.01,0.0,8127.0,0.01,0.3117,0.0055,0.0025,-0.0107,0.0032,0.0,59.0,1683.0
2026-09-21 11:39:28,2026-09-21T11:23:54,770.0,2026-09-21,P,786.0,16.0,16.14,100.0,10.0,16.76,0.0,-0.9945,0.0025,-0.0107,0.0032,0.0,75.0,0.0
2026-09-21 11:39:28,2026-09-21T11:23:54,770.0,2026-09-21,C,787.0,0.0,0.01,0.0,8207.0,0.01,0.3289,0.0052,0.0023,-0.0106,0.003,0.0,1.0,1400.0
2026-09-21 11:39:28,2026-09-21T11:23:54,770.0,2026-09-21,P,787.0,17.0,17.14,100.0,10.0,17.56,0.0,-0.9948,0.0023,-0.0106,0.003,0.0,101.0,0.0
2026-09-21 11:39:28,2026-09-21T11:23:54,770.0,2026-09-21,C,788.0,0.0,0.01,0.0,8275.0,0.01,0.346,0.005,0.0021,-0.0106,0.0029,0.0,2.0,1010.0
2026-09-21 11:39:28,2026-09-21T11:23:54,770.0,2026-09-21,P,788.0,18.0,18.14,118.0,126.0,18.97,0.0,-0.995,0.0021,-0.0106,0.0029,0.0,54.0,0.0
2026-09-21 11:39:28,2026-09-21T11:23:54,770.0,2026-09-21,C,789.0,0.0,0.01,0.0,8339.0,0.01,0.363,0.0048,0.0019,-0.0105,0.0028,0.0,2.0,6906.0
2026-09-21 11:39:28,2026-09-21T11:23:54,770.0,2026-09-21,P,789.0,19.0,19.14,131.0,10.0,19.99,0.0,-0.9952,0.0019,-0.0105,0.0028,0.0,407.0,0.0
2026-09-21 11:39:28,2026-09-21T11:23:54,770.0,2026-09-21,C,790.0,0.0,0.01,0.0,8356.0,0.01,0.38,0.0046,0.0018,-0.0104,0.0026,0.0,12.0,6747.0
2026-09-21 11:39:28,2026-09-21T11:23:54,770.0,2026-09-21,P,790.0,20.0,20.14,128.0,10.0,20.64,0.0,-0.9954,0.0018,-0.0104,0.0026,0.0,25.0,0.0
2026-09-21 11:39:28,2026-09-21T11:23:54,770.0,2026-09-21,C,791.0,0.0,0.01,0.0,8356.0,0.02,0.3968,0.0044,0.0016,-0.0104,0.0025,0.0,0.0,221.0
2026-09-21 11:39:28,2026-09-21T11:23:54,770.0,2026-09-21,P,791.0,21.0,21.14,100.0,10.0,21.04,0.0,-0.9956,0.0016,-0.0104,0.0025,0.0,15.0,0.0
2026-09-21 11:39:28,2026-09-21T11:23:54,770.0,2026-09-21,C,792.0,0.0,0.01,0.0,8356.0,0.01,0.4136,0.0042,0.0015,-0.0103,0.0024,0.0,0.0,485.0
2026-09-21 11:39:28,2026-09-21T11:23:54,770.0,2026-09-21,P,792.0,22.0,22.14,127.0,10.0,22.73,0.0,-0.9958,0.0015,-0.0103,0.0024,0.0,77.0,0.0
2026-09-21 11:39:28,2026-09-21T11:23:54,770.0,2026-09-21,C,793.0,0.0,0.01,0.0,8356.0,0.01,0.4302,0.004,0.0014,-0.0103,0.0023,0.0,0.0,26.0
2026-09-21 11:39:28,2026-09-21T11:23:54,770.0,2026-09-21,P,793.0,23.0,23.14,115.0,10.0,24.05,0.0,-0.996,0.0014,-0.0103,0.0023,0.0,25.0,0.0
2026-09-21 11:39:28,2026-09-21T11:23:54,770.0,2026-09-21,C,794.0,0.0,0.01,0.0,8356.0,0.01,0.4468,0.0039,0.0013,-0.0102,0.0023,0.0,0.0,530.0
2026-09-21 11:39:28,2026-09-21T11:23:54,770.0,2026-09-21,P,794.0,24.0,24.14,111.0,136.0,24.02,0.0,-0.9961,0.0013,-0.0102,0.0023,0.0,6.0,0.0
2026-09-21 11:39:28,2026-09-21T11:23:54,770.0,2026-09-21,C,795.0,0.0,0.01,0.0,7944.0,0.01,0.4634,0.0038,0.0012,-0.0102,0.0022,0.0,1.0,543.0
2026-09-21 11:39:28,2026-09-21T11:23:54,770.0,2026-09-21,P,795.0,24.62,25.52,170.0,168.0,26.1,0.0,-0.9962,0.0012,-0.0102,0.0022,0.0,2.0,0.0
2026-09-21 11:39:28,2026-09-21T11:23:54,770.0,2026-09-21,C,796.0,0.0,0.01,0.0,7856.0,0.02,0.4798,0.0036,0.0011,-0.0101,0.0021,0.0,0.0,1.0
2026-09-21 11:39:28,2026-09-21T11:23:54,770.0,2026-09-21,P,796.0,25.56,26.52,243.0,242.0,26.01,0.0,-0.9964,0.0011,-0.0101,0.0021,0.0,34.0,0.0
2026-09-21 11:39:28,2026-09-21T11:23:54,770.0,2026-09-21,C,797.0,0.0,0.01,0.0,7856.0,0.02,0.4962,0.0035,0.0011,-0.0101,0.002,0.0,0.0,170.0
2026-09-21 11:39:28,2026-09-21T11:23:54,770.0,2026-09-21,P,797.0,26.59,27.58,129.0,194.0,28.21,0.0,-0.9965,0.0011,-0.0101,0.002,0.0,3.0,0.0
2026-09-21 11:39:28,2026-09-21T11:23:54,770.0,2026-09-21,C,798.0,0.0,0.01,0.0,7856.0,0.02,0.5125,0.0034,0.001,-0.01,0.002,0.0,0.0,115.0
2026-09-21 11:39:28,2026-09-21T11:23:54,770.0,2026-09-21,P,798.0,27.55,28.46,157.0,243.0,29.15,0.0,-0.9966,0.001,-0.01,0.002,0.0,3.0,0.0
2026-09-21 11:39:28,2026-09-21T11:23:54,770.0,2026-09-21,C,799.0,0.0,0.01,0.0,7856.0,0.01,0.5288,0.0033,0.001,-0.01,0.0019,0.0,10.0,23.0
2026-09-21 11:39:28,2026-09-21T11:23:54,770.0,2026-09-21,P,799.0,28.58,29.44,170.0,168.0,29.02,0.0,-0.9967,0.001,-0.01,0.0019,0.0,3.0,0.0
2026-09-21 11:39:28,2026-09-21T11:23:54,770.0,2026-09-21,C,800.0,0.0,0.01,0.0,7856.0,0.01,0.545,0.0032,0.0009,-0.0099,0.0019,0.0,3.0,935.0
2026-09-21 11:39:28,2026-09-21T11:23:54,770.0,2026-09-21,P,800.0,29.59,30.44,129.0,198.0,31.44,0.0,-0.9968,0.0009,-0.0099,0.0019,0.0,4.0,1.0
2026-09-21 11:39:28,2026-09-21T11:23:54,770.0,2026-09-21,C,801.0,0.0,0.01,0.0,7856.0,0.01,0.5611,0.0031,0.0008,-0.0099,0.0018,0.0,0.0,242.0
2026-09-21 11:39:28,2026-09-21T11:23:54,770.0,2026-09-21,P,801.0,30.56,31.55,69.0,69.0,39.82,0.0,-0.9969,0.0008,-0.0099,0.0018,0.0,0.0,0.0
2026-09-21 11:39:28,2026-09-21T11:23:54,770.0,2026-09-21,C,802.0,0.0,0.01,0.0,7856.0,0.01,0.5772,0.003,0.0008,-0.0098,0.0018,0.0,2.0,1043.0
2026-09-21 11:39:28,2026-09-21T11:23:54,770.0,2026-09-21,P,802.0,31.54,32.67,69.0,69.0,42.57,0.5772,-0.997,0.0008,-0.0098,0.0018,0.0,0.0,0.0
2026-09-21 11:39:28,2026-09-21T11:23:54,770.0,2026-09-21,C,803.0,0.0,0.01,0.0,7856.0,0.01,0.5932,0.0029,0.0008,-0.0098,0.0017,0.0,0.0,958.0
2026-09-21 11:39:28,2026-09-21T11:23:54,770.0,2026-09-21,P,803.0,32.55,33.52,129.0,198.0,33.02,0.0,-0.9971,0.0008,-0.0098,0.0017,0.0,2.0,0.0
2026-09-21 11:39:28,2026-09-21T11:23:54,770.0,2026-09-21,C,804.0,0.0,0.01,0.0,7856.0,0.02,0.6092,0.0028,0.0007,-0.0097,0.0017,0.0,0.0,65.0
2026-09-21 11:39:28,2026-09-21T11:23:54,770.0,2026-09-21,P,804.0,33.54,34.68,69.0,69.0,34.67,0.649,-0.9972,0.0007,-0.0097,0.0017,0.0,1.0,0.0
2026-09-21 11:39:28,2026-09-21T11:23:54,770.0,2026-09-21,C,805.0,0.0,0.01,0.0,7856.0,0.01,0.6251,0.0028,0.0007,-0.0097,0.0016,0.0,0.0,41.0
2026-09-21 11:39:28,2026-09-21T11:23:54,770.0,2026-09-21,P,805.0,34.62,35.51,69.0,69.0,43.96,0.0,-0.9972,0.0007,-0.0097,0.0016,0.0,0.0,0.0
2026-09-21 11:39:28,2026-09-21T11:23:54,770.0,2026-09-21,C,806.0,0.0,0.01,0.0,7856.0,0.01,0.6409,0.0027,0.0007,-0.0096,0.0016,0.0,0.0,483.0
2026-09-21 11:39:28,2026-09-21T11:23:54,770.0,2026-09-21,P,806.0,35.6,36.45,69.0,69.0,46.72,0.0,-0.9973,0.0007,-0.0096,0.0016,0.0,0.0,0.0
2026-09-21 11:39:28,2026-09-21T11:23:54,770.0,2026-09-21,C,807.0,0.0,0.01,0.0,7856.0,0.01,0.6567,0.0026,0.0006,-0.0096,0.0015,0.0,0.0,395.0
2026-09-21 11:39:28,2026-09-21T11:23:54,770.0,2026-09-21,P,807.0,36.54,37.43,69.0,69.0,47.38,0.0,-0.9974,0.0006,-0.0096,0.0015,0.0,0.0,0.0
2026-09-21 11:39:28,2026-09-21T11:23:54,770.0,2026-09-21,C,808.0,0.0,0.01,0.0,7856.0,0.01,0.6725,0.0026,0.0006,-0.0096,0.0015,0.0,0.0,114.0
2026-09-21 11:39:28,2026-09-21T11:23:54,770.0,2026-09-21,P,808.0,37.84,38.47,168.0,108.0,38.02,0.862,-0.9974,0.0006,-0.0096,0.0015,0.0,81.0,0.0
2026-09-21 11:44:29,2026-09-21T11:28:53,769.835,2026-09-21,C,732.0,37.49,38.16,139.0,362.0,38.14,0.0,0.9951,0.0009,-0.0224,0.0026,0.0,559.0,32.0
2026-09-21 11:44:29,2026-09-21T11:28:53,769.835,2026-09-21,P,732.0,0.0,0.01,0.0,7892.0,0.01,0.708,-0.0049,0.0009,-0.0224,0.0026,0.0,36.0,881.0
2026-09-21 11:44:29,2026-09-21T11:28:53,769.835,2026-09-21,C,733.0,36.49,37.16,140.0,363.0,36.55,0.0,0.995,0.001,-0.0226,0.0027,0.0,199.0,63.0
2026-09-21 11:44:29,2026-09-21T11:28:53,769.835,2026-09-21,P,733.0,0.0,0.01,0.0,7843.0,0.01,0.6904,-0.005,0.001,-0.0226,0.0027,0.0,4.0,2919.0
2026-09-21 11:44:29,2026-09-21T11:28:53,769.835,2026-09-21,C,734.0,35.47,36.16,141.0,365.0,36.09,0.0,0.9949,0.001,-0.0227,0.0028,0.0,321.0,56.0
2026-09-21 11:44:29,2026-09-21T11:28:53,769.835,2026-09-21,P,734.0,0.0,0.01,0.0,7803.0,0.05,0.6728,-0.0051,0.001,-0.0227,0.0028,0.0,0.0,773.0
2026-09-21 11:44:29,2026-09-21T11:28:53,769.835,2026-09-21,C,735.0,34.78,35.16,107.0,368.0,34.87,0.9559,0.9947,0.0011,-0.0228,0.0029,0.0,776.0,24.0
2026-09-21 11:44:29,2026-09-21T11:28:53,769.835,2026-09-21,P,735.0,0.0,0.01,0.0,7764.0,0.01,0.6552,-0.0053,0.0011,-0.0228,0.0029,0.0,13.0,1578.0
2026-09-21 11:44:29,2026-09-21T11:28:53,769.835,2026-09-21,C,736.0,33.49,34.15,115.0,115.0,34.11,0.0,0.9946,0.0011,-0.0229,0.0029,0.0,189.0,16.0
2026-09-21 11:44:29,2026-09-21T11:28:53,769.835,2026-09-21,P,736.0,0.0,0.01,0.0,6219.0,0.01,0.6376,-0.0054,0.0011,-0.0229,0.0029,0.0,7.0,2021.0
2026-09-21 11:44:29,2026-09-21T11:28:53,769.835,2026-09-21,C,737.0,32.79,32.85,47.0,102.0,32.86,0.0,0.9944,0.0012,-0.023,0.003,0.0,376.0,17.0
2026-09-21 11:44:29,2026-09-21T11:28:53,769.835,2026-09-21,P,737.0,0.0,0.01,0.0,6171.0,0.01,0.6199,-0.0056,0.0012,-0.023,0.003,0.0,9.0,1437.0
2026-09-21 11:44:29,2026-09-21T11:28:53,769.835,2026-09-21,C,738.0,31.79,31.86,20.0,101.0,31.97,0.0,0.9942,0.0013,-0.0232,0.0031,0.0,452.0,22.0
2026-09-21 11:44:29,2026-09-21T11:28:53,769.835,2026-09-21,P,738.0,0.0,0.01,0.0,6088.0,0.02,0.6023,-0.0058,0.0013,-0.0232,0.0031,0.0,10.0,1180.0
2026-09-21 11:44:29,2026-09-21T11:28:53,769.835,2026-09-21,C,739.0,30.79,30.86,21.0,76.0,30.97,0.0,0.9941,0.0013,-0.0233,0.0032,0.0,341.0,30.0
2026-09-21 11:44:29,2026-09-21T11:28:53,769.835,2026-09-21,P,739.0,0.0,0.01,0.0,5378.0,0.01,0.5846,-0.0059,0.0013,-0.0233,0.0032,0.0,493.0,1347.0
2026-09-21 11:44:29,2026-09-21T11:28:53,769.835,2026-09-21,C,740.0,29.8,29.82,49.0,137.0,29.95,0.0,0.9939,0.0014,-0.0234,0.0033,0.0,2367.0,42.0
2026-09-21 11:44:29,2026-09-21T11:28:53,769.835,2026-09-21,P,740.0,0.0,0.01,0.0,5233.0,0.01,0.5669,-0.0061,0.0014,-0.0234,0.0033,0.0,3683.0,5789.0
2026-09-21 11:44:29,2026-09-21T11:28:53,769.835,2026-09-21,C,741.0,28.79,28.86,23.0,76.0,28.08,0.0,0.9937,0.0015,-0.0236,0.0034,0.0,345.0,38.0
2026-09-21 11:44:29,2026-09-21T11:28:53,769.835,2026-09-21,P,741.0,0.0,0.01,0.0,4080.0,0.01,0.5492,-0.0063,0.0015,-0.0236,0.0034,0.0,213.0,2863.0
2026-09-21 11:44:29,2026-09-21T11:28:53,769.835,2026-09-21,C,742.0,27.77,27.86,56.0,110.0,28.05,0.0,0.9935,0.0016,-0.0237,0.0035,0.0,1452.0,11.0
2026-09-21 11:44:29,2026-09-21T11:28:53,769.835,2026-09-21,P,742.0,0.0,0.01,0.0,3333.0,0.01,0.5315,-0.0065,0.0016,-0.0237,0.0035,0.0,1612.0,1915.0
2026-09-21 11:44:29,2026-09-21T11:28:53,769.835,2026-09-21,C,743.0,26.79,26.86,58.0,73.0,27.05,0.0,0.9932,0.0017,-0.0238,0.0036,0.0,216.0,71.0
2026-09-21 11:44:29,2026-09-21T11:28:53,769.835,2026-09-21,P,743.0,0.0,0.01,0.0,1764.0,0.01,0.5137,-0.0068,0.0017,-0.0238,0.0036,0.0,1208.0,2810.0
2026-09-21 11:44:29,2026-09-21T11:28:53,769.835,2026-09-21,C,744.0,25.8,25.86,18.0,72.0,25.91,0.0,0.993,0.0018,-0.0239,0.0037,0.0,887.0,47.0
2026-09-21 11:44:29,2026-09-21T11:28:53,769.835,2026-09-21,P,744.0,0.0,0.01,0.0,200.0,0.01,0.4959,-0.007,0.0018,-0.0239,0.0037,0.0,6214.0,1802.0
2026-09-21 11:44:29,2026-09-21T11:28:53,769.835,2026-09-21,C,745.0,24.8,24.86,19.0,71.0,24.9,0.0,0.9927,0.0019,-0.0241,0.0038,0.0,216.0,84.0
2026-09-21 11:44:29,2026-09-21T11:28:53,769.835,2026-09-21,P,745.0,0.01,0.02,7395.0,7308.0,0.01,0.5331,-0.0073,0.0019,-0.0241,0.0038,0.0,10526.0,18475.0
2026-09-21 11:44:29,2026-09-21T11:28:53,769.835,2026-09-21,C,746.0,23.8,23.86,60.0,72.0,23.92,0.0,0.9925,0.0021,-0.0242,0.004,0.0,421.0,65.0
2026-09-21 11:44:29,2026-09-21T11:28:53,769.835,2026-09-21,P,746.0,0.01,0.02,7343.0,7224.0,0.02,0.5136,-0.0075,0.0021,-0.0242,0.004,0.0,2147.0,1979.0
2026-09-21 11:44:29,2026-09-21T11:28:53,769.835,2026-09-21,C,747.0,22.8,22.86,16.0,100.0,23.14,0.0,0.9922,0.0022,-0.0243,0.0041,0.0,507.0,18.0
2026-09-21 11:44:29,2026-09-21T11:28:53,769.835,2026-09-21,P,747.0,0.01,0.02,7280.0,7200.0,0.01,0.494,-0.0078,0.0022,-0.0243,0.0041,0.0,3574.0,2684.0
2026-09-21 11:44:29,2026-09-21T11:28:53,769.835,2026-09-21,C,748.0,21.79,21.86,45.0,100.0,21.94,0.0,0.9918,0.0024,-0.0244,0.0043,0.0,348.0,61.0
2026-09-21 11:44:29,2026-09-21T11:28:53,769.835,2026-09-21,P,748.0,0.01,0.02,7158.0,7134.0,0.01,0.4744,-0.0082,0.0024,-0.0244,0.0043,0.0,3241.0,4869.0
2026-09-21 11:44:29,2026-09-21T11:28:53,769.835,2026-09-21,C,749.0,20.79,20.86,98.0,100.0,20.97,0.0,0.9915,0.0026,-0.0246,0.0045,0.0,848.0,83.0
2026-09-21 11:44:29,2026-09-21T11:28:53,769.835,2026-09-21,P,749.0,0.01,0.02,7092.0,6045.0,0.02,0.4547,-0.0085,0.0026,-0.0246,0.0045,0.0,2889.0,5143.0
2026-09-21 11:44:29,2026-09-21T11:28:53,769.835,2026-09-21,C,750.0,19.8,19.86,21.0,125.0,19.89,0.0,0.9911,0.0028,-0.0247,0.0046,0.0,1764.0,477.0
2026-09-21 11:44:29,2026-09-21T11:28:53,769.835,2026-09-21,P,750.0,0.01,0.02,7031.0,5218.0,0.02,0.435,-0.0089,0.0028,-0.0247,0.0046,0.0,11936.0,16881.0
2026-09-21 11:44:29,2026-09-21T11:28:53,769.835,2026-09-21,C,751.0,18.8,18.86,23.0,100.0,19.01,0.3706,0.9907,0.0031,-0.0249,0.0048,0.0,167.0,334.0
2026-09-21 11:44:29,2026-09-21T11:28:53,769.835,2026-09-21,P,751.0,0.01,0.02,6950.0,4677.0,0.02,0.4152,-0.0093,0.0031,-0.0249,0.0048,0.0,2595.0,2776.0
2026-09-21 11:44:29,2026-09-21T11:28:53,769.835,2026-09-21,C,752.0,17.81,17.87,23.0,100.0,18.04,0.3525,0.9902,0.0034,-0.025,0.0051,0.0,230.0,298.0
2026-09-21 11:44:29,2026-09-21T11:28:53,769.835,2026-09-21,P,752.0,0.02,0.03,6638.0,6802.0,0.02,0.4203,-0.0098,0.0034,-0.025,0.0051,0.0,15465.0,3260.0
2026-09-21 11:44:29,2026-09-21T11:28:53,769.835,2026-09-21,C,753.0,16.81,16.87,23.0,100.0,17.06,0.3343,0.9897,0.0037,-0.0252,0.0053,0.0,104.0,321.0
2026-09-21 11:44:29,2026-09-21T11:28:53,769.835,2026-09-21,P,753.0,0.02,0.03,6830.0,6718.0,0.02,0.3993,-0.0103,0.0037,-0.0252,0.0053,0.0,11701.0,2802.0
2026-09-21 11:44:29,2026-09-21T11:28:53,769.835,2026-09-21,C,754.0,15.81,15.87,14.0,100.0,15.91,0.3162,0.9892,0.0041,-0.0254,0.0056,0.0,364.0,569.0
2026-09-21 11:44:29,2026-09-21T11:28:53,769.835,2026-09-21,P,754.0,0.02,0.03,6673.0,5863.0,0.03,0.3783,-0.0108,0.0041,-0.0254,0.0056,0.0,5547.0,2348.0
2026-09-21 11:44:29,2026-09-21T11:28:53,769.835,2026-09-21,C,755.0,14.81,14.87,26.0,100.0,14.92,0.2979,0.9885,0.0046,-0.0256,0.0059,0.0,1690.0,1471.0
2026-09-21 11:44:29,2026-09-21T11:28:53,769.835,2026-09-21,P,755.0,0.02,0.03,6499.0,5376.0,0.02,0.3572,-0.0115,0.0046,-0.0256,0.0059,0.0,5656.0,21487.0
2026-09-21 11:44:29,2026-09-21T11:28:53,769.835,2026-09-21,C,756.0,13.81,13.87,25.0,100.0,13.9,0.2795,0.9878,0.0051,-0.0259,0.0062,0.0,641.0,768.0
2026-09-21 11:44:29,2026-09-21T11:28:53,769.835,2026-09-21,P,756.0,0.02,0.03,6424.0,5135.0,0.02,0.3359,-0.0122,0.0051,-0.0259,0.0062,0.0,3492.0,4124.0
2026-09-21 11:44:29,2026-09-21T11:28:53,769.835,2026-09-21,C,757.0,12.81,12.87,21.0,100.0,12.97,0.2811,0.9869,0.0058,-0.0262,0.0066,0.0,4025.0,3398.0
2026-09-21 11:44:29,2026-09-21T11:28:53,769.835,2026-09-21,P,757.0,0.02,0.03,6343.0,4119.0,0.03,0.3146,-0.0131,0.0058,-0.0262,0.0066,0.0,4561.0,6135.0
2026-09-21 11:44:29,2026-09-21T11:28:53,769.835,2026-09-21,C,758.0,11.82,11.87,38.0,100.0,12.02,0.2743,0.9858,0.0066,-0.0267,0.0071,0.0,795.0,1431.0
2026-09-21 11:44:29,2026-09-21T11:28:53,769.835,2026-09-21,P,758.0,0.03,0.04,5917.0,6087.0,0.04,0.3072,-0.0142,0.0066,-0.0267,0.0071,0.0,9442.0,6814.0
2026-09-21 11:44:29,2026-09-21T11:28:53,769.835,2026-09-21,C,759.0,10.82,10.87,25.0,120.0,10.92,0.2416,0.9846,0.0077,-0.0274,0.0077,0.0,1255.0,3109.0
2026-09-21 11:44:29,2026-09-21T11:28:53,769.835,2026-09-21,P,759.0,0.03,0.04,6165.0,5572.0,0.03,0.2847,-0.0154,0.0077,-0.0274,0.0077,0.0,11754.0,9099.0
2026-09-21 11:44:29,2026-09-21T11:28:53,769.835,2026-09-21,C,760.0,9.83,9.84,128.0,1.0,10.0,0.0,0.9829,0.0091,-0.0284,0.0085,0.0,2900.0,6853.0
2026-09-21 11:44:29,2026-09-21T11:28:53,769.835,2026-09-21,P,760.0,0.03,0.04,6188.0,3780.0,0.04,0.262,-0.0171,0.0091,-0.0284,0.0085,0.0,16589.0,15275.0
2026-09-21 11:44:29,2026-09-21T11:28:53,769.835,2026-09-21,C,761.0,8.83,8.87,13.0,149.0,9.08,0.2121,0.9806,0.0109,-0.0301,0.0094,0.0,2789.0,5926.0
2026-09-21 11:44:29,2026-09-21T11:28:53,769.835,2026-09-21,P,761.0,0.04,0.05,5726.0,4976.0,0.05,0.2488,-0.0194,0.0109,-0.0301,0.0094,0.0,23514.0,9645.0
2026-09-21 11:44:29,2026-09-21T11:28:53,769.835,2026-09-21,C,762.0,7.84,7.86,88.0,111.0,7.85,0.1813,0.9774,0.0136,-0.0329,0.0108,0.0,10403.0,8574.0
2026-09-21 11:44:29,2026-09-21T11:28:53,769.835,2026-09-21,P,762.0,0.04,0.05,5550.0,2896.0,0.04,0.2249,-0.0226,0.0136,-0.0329,0.0108,0.0,31635.0,6835.0
2026-09-21 11:44:29,2026-09-21T11:28:53,769.835,2026-09-21,C,763.0,6.85,6.86,51.0,7.0,6.95,0.1766,0.9723,0.0177,-0.0377,0.0128,0.0,12778.0,8346.0
2026-09-21 11:44:29,2026-09-21T11:28:53,769.835,2026-09-21,P,763.0,0.05,0.06,5107.0,3214.0,0.05,0.2079,-0.0277,0.0177,-0.0377,0.0128,0.0,40712.0,6849.0
2026-09-21 11:44:29,2026-09-21T11:28:53,769.835,2026-09-21,C,764.0,5.86,5.87,233.0,176.0,5.86,0.1642,0.9639,0.0243,-0.0465,0.0159,0.0,13377.0,6049.0
2026-09-21 11:44:29,2026-09-21T11:28:53,769.835,2026-09-21,P,764.0,0.06,0.07,4592.0,2562.0,0.06,0.1885,-0.0361,0.0243,-0.0465,0.0159,0.0,70799.0,1764.0
2026-09-21 11:44:29,2026-09-21T11:28:53,769.835,2026-09-21,C,765.0,4.88,4.89,222.0,186.0,4.88,0.1539,0.9491,0.0352,-0.063,0.0209,0.0,23455.0,10594.0
2026-09-21 11:44:29,2026-09-21T11:28:53,769.835,2026-09-21,P,765.0,0.08,0.09,3831.0,2988.0,0.08,0.1716,-0.0509,0.0352,-0.063,0.0209,0.0,115004.0,1927.0
2026-09-21 11:44:29,2026-09-21T11:28:53,769.835,2026-09-21,C,766.0,3.91,3.92,184.0,224.0,4.0,0.1413,0.9228,0.0535,-0.0938,0.0285,0.0,67769.0,5357.0
2026-09-21 11:44:29,2026-09-21T11:28:53,769.835,2026-09-21,P,766.0,0.11,0.12,1967.0,1982.0,0.11,0.1543,-0.0772,0.0535,-0.0938,0.0285,0.0,204492.0,558.0
2026-09-21 11:44:29,2026-09-21T11:28:53,769.835,2026-09-21,C,767.0,2.96,2.97,188.0,212.0,2.97,0.1249,0.877,0.083,-0.1492,0.0394,0.0,192024.0,4728.0
2026-09-21 11:44:29,2026-09-21T11:28:53,769.835,2026-09-21,P,767.0,0.16,0.17,2016.0,1794.0,0.17,0.1372,-0.123,0.083,-0.1492,0.0394,0.0,279258.0,636.0
2026-09-21 11:44:29,2026-09-21T11:28:53,769.835,2026-09-21,C,768.0,2.05,2.06,141.0,250.0,2.05,0.1139,0.7985,0.1278,-0.2486,0.0533,0.0,280114.0,7227.0
2026-09-21 11:44:29,2026-09-21T11:28:53,769.835,2026-09-21,P,768.0,0.25,0.26,1767.0,902.0,0.25,0.1207,-0.2015,0.1278,-0.2486,0.0533,0.0,211257.0,334.0
2026-09-21 11:44:29,2026-09-21T11:28:53,769.835,2026-09-21,C,769.0,1.25,1.26,327.0,317.0,1.25,0.1043,0.6641,0.1844,-0.4409,0.0677,0.0,294530.0,5303.0
2026-09-21 11:44:29,2026-09-21T11:28:53,769.835,2026-09-21,P,769.0,0.45,0.46,897.0,764.0,0.45,0.1095,-0.3359,0.1844,-0.4409,0.0677,0.0,194285.0,318.0
2026-09-21 11:44:29,2026-09-21T11:28:53,769.835,2026-09-21,C,770.0,0.64,0.65,684.0,482.0,0.64,0.0985,0.4654,0.2124,-0.6676,0.0733,0.0,429733.0,29669.0
2026-09-21 11:44:29,2026-09-21T11:28:53,769.835,2026-09-21,P,770.0,0.85,0.86,652.0,664.0,0.85,0.1046,-0.5346,0.2124,-0.6676,0.0733,0.0,95507.0,828.0
2026-09-21 11:44:29,2026-09-21T11:28:53,769.835,2026-09-21,C,771.0,0.29,0.3,764.0,931.0,0.29,0.0999,0.2745,0.172,-0.327,0.0624,0.0,182045.0,4731.0
2026-09-21 11:44:29,2026-09-21T11:28:53,769.835,2026-09-21,P,771.0,1.49,1.5,284.0,230.0,1.49,0.1073,-0.7256,0.172,-0.327,0.0624,0.0,22845.0,69.0
2026-09-21 11:44:29,2026-09-21T11:28:53,769.835,2026-09-21,C,772.0,0.13,0.14,1792.0,2159.0,0.13,0.1067,0.1518,0.112,-0.1653,0.0453,0.0,181529.0,3586.0
2026-09-21 11:44:29,2026-09-21T11:28:53,769.835,2026-09-21,P,772.0,2.33,2.34,163.0,159.0,2.34,0.115,-0.8482,0.112,-0.1653,0.0453,0.0,9824.0,119.0
2026-09-21 11:44:29,2026-09-21T11:28:53,769.835,2026-09-21,C,773.0,0.07,0.08,1845.0,2987.0,0.07,0.1196,0.082,0.0668,-0.0843,0.0301,0.0,71842.0,3885.0
2026-09-21 11:44:29,2026-09-21T11:28:53,769.835,2026-09-21,P,773.0,3.26,3.27,245.0,1.0,3.27,0.1317,-0.918,0.0668,-0.0843,0.0301,0.0,3105.0,0.0
2026-09-21 11:44:29,2026-09-21T11:28:53,769.835,2026-09-21,C,774.0,0.04,0.05,3358.0,3561.0,0.04,0.1329,0.0457,0.039,-0.046,0.0196,0.0,15038.0,2988.0
2026-09-21 11:44:29,2026-09-21T11:28:53,769.835,2026-09-21,P,774.0,4.24,4.25,106.0,230.0,4.16,0.1499,-0.9543,0.039,-0.046,0.0196,0.0,1272.0,10.0
2026-09-21 11:44:29,2026-09-21T11:28:53,769.835,2026-09-21,C,775.0,0.03,0.04,101.0,5549.0,0.03,0.1512,0.029,0.0244,-0.03,0.0137,0.0,5046.0,2242.0
2026-09-21 11:44:29,2026-09-21T11:28:53,769.835,2026-09-21,P,775.0,5.22,5.24,134.0,45.0,5.24,0.1723,-0.971,0.0244,-0.03,0.0137,0.0,1015.0,0.0
2026-09-21 11:44:29,2026-09-21T11:28:53,769.835,2026-09-21,C,776.0,0.02,0.03,4982.0,6251.0,0.03,0.1658,0.0217,0.0171,-0.024,0.0107,0.0,2678.0,860.0
2026-09-21 11:44:29,2026-09-21T11:28:53,769.835,2026-09-21,P,776.0,6.18,6.24,75.0,33.0,6.17,0.179,-0.9783,0.0171,-0.024,0.0107,0.0,479.0,10.0
2026-09-21 11:44:29,2026-09-21T11:28:53,769.835,2026-09-21,C,777.0,0.01,0.02,6595.0,6113.0,0.01,0.175,0.0181,0.0131,-0.0219,0.0091,0.0,18154.0,2233.0
2026-09-21 11:44:29,2026-09-21T11:28:53,769.835,2026-09-21,P,777.0,7.21,7.22,81.0,36.0,7.16,0.2142,-0.9819,0.0131,-0.0219,0.0091,0.0,1488.0,0.0
2026-09-21 11:44:29,2026-09-21T11:28:53,769.835,2026-09-21,C,778.0,0.0,0.01,0.0,2519.0,0.02,0.1718,0.016,0.0106,-0.0212,0.0082,0.0,2949.0,817.0
2026-09-21 11:44:29,2026-09-21T11:28:53,769.835,2026-09-21,P,778.0,8.17,8.23,150.0,18.0,8.16,0.216,-0.984,0.0106,-0.0212,0.0082,0.0,498.0,0.0
2026-09-21 11:44:29,2026-09-21T11:28:53,769.835,2026-09-21,C,779.0,0.0,0.01,0.0,6121.0,0.01,0.1903,0.0145,0.0088,-0.0209,0.0075,0.0,327.0,835.0
2026-09-21 11:44:29,2026-09-21T11:28:53,769.835,2026-09-21,P,779.0,9.08,9.24,137.0,47.0,8.98,0.0,-0.9855,0.0088,-0.0209,0.0075,0.0,141.0,0.0
2026-09-21 11:44:29,2026-09-21T11:28:53,769.835,2026-09-21,C,780.0,0.0,0.01,0.0,7293.0,0.01,0.2086,0.0133,0.0075,-0.0208,0.0069,0.0,218.0,2288.0
2026-09-21 11:44:29,2026-09-21T11:28:53,769.835,2026-09-21,P,780.0,10.2,10.22,116.0,68.0,10.12,0.2812,-0.9867,0.0075,-0.0208,0.0069,0.0,441.0,0.0
2026-09-21 11:44:29,2026-09-21T11:28:53,769.835,2026-09-21,C,781.0,0.0,0.01,0.0,7590.0,0.01,0.2268,0.0124,0.0065,-0.0207,0.0064,0.0,50.0,930.0
2026-09-21 11:44:29,2026-09-21T11:28:53,769.835,2026-09-21,P,781.0,11.08,11.24,100.0,50.0,11.12,0.0,-0.9876,0.0065,-0.0207,0.0064,0.0,40.0,10.0
2026-09-21 11:44:29,2026-09-21T11:28:53,769.835,2026-09-21,C,782.0,0.0,0.01,0.0,7816.0,0.01,0.2448,0.0116,0.0057,-0.0206,0.006,0.0,300.0,596.0
2026-09-21 11:44:29,2026-09-21T11:28:53,769.835,2026-09-21,P,782.0,12.07,12.23,100.0,100.0,12.12,0.0,-0.9884,0.0057,-0.0206,0.006,0.0,60.0,0.0
2026-09-21 11:44:29,2026-09-21T11:28:53,769.835,2026-09-21,C,783.0,0.0,0.01,0.0,7988.0,0.01,0.2627,0.0108,0.005,-0.0205,0.0057,0.0,192.0,2107.0
2026-09-21 11:44:29,2026-09-21T11:28:53,769.835,2026-09-21,P,783.0,13.07,13.22,137.0,3.0,13.72,0.0,-0.9892,0.005,-0.0205,0.0057,0.0,19.0,0.0
2026-09-21 11:44:29,2026-09-21T11:28:53,769.835,2026-09-21,C,784.0,0.0,0.01,0.0,8007.0,0.01,0.2804,0.0102,0.0045,-0.0204,0.0054,0.0,0.0,346.0
2026-09-21 11:44:29,2026-09-21T11:28:53,769.835,2026-09-21,P,784.0,14.07,14.22,135.0,4.0,14.12,0.0,-0.9898,0.0045,-0.0204,0.0054,0.0,15.0,0.0
2026-09-21 11:44:29,2026-09-21T11:28:53,769.835,2026-09-21,C,785.0,0.0,0.01,0.0,8103.0,0.01,0.298,0.0096,0.004,-0.0203,0.0051,0.0,2.0,490.0
2026-09-21 11:44:29,2026-09-21T11:28:53,769.835,2026-09-21,P,785.0,15.07,15.23,100.0,27.0,15.86,0.0,-0.9904,0.004,-0.0203,0.0051,0.0,27.0,0.0
2026-09-21 11:44:29,2026-09-21T11:28:53,769.835,2026-09-21,C,786.0,0.0,0.01,0.0,8127.0,0.01,0.3155,0.0092,0.0036,-0.0202,0.0048,0.0,59.0,1683.0
2026-09-21 11:44:29,2026-09-21T11:28:53,769.835,2026-09-21,P,786.0,16.07,16.23,137.0,1.0,16.76,0.0,-0.9908,0.0036,-0.0202,0.0048,0.0,75.0,0.0
2026-09-21 11:44:29,2026-09-21T11:28:53,769.835,2026-09-21,C,787.0,0.0,0.01,0.0,8207.0,0.01,0.3328,0.0087,0.0033,-0.0202,0.0046,0.0,1.0,1400.0
2026-09-21 11:44:29,2026-09-21T11:28:53,769.835,2026-09-21,P,787.0,17.07,17.23,139.0,75.0,17.16,0.0,-0.9913,0.0033,-0.0202,0.0046,0.0,103.0,0.0
2026-09-21 11:44:29,2026-09-21T11:28:53,769.835,2026-09-21,C,788.0,0.0,0.01,0.0,8274.0,0.01,0.3501,0.0083,0.003,-0.0201,0.0044,0.0,2.0,1010.0
2026-09-21 11:44:29,2026-09-21T11:28:53,769.835,2026-09-21,P,788.0,18.07,18.23,100.0,28.0,18.97,0.0,-0.9917,0.003,-0.0201,0.0044,0.0,54.0,0.0
2026-09-21 11:44:29,2026-09-21T11:28:53,769.835,2026-09-21,C,789.0,0.0,0.01,0.0,8338.0,0.01,0.3672,0.008,0.0028,-0.02,0.0042,0.0,2.0,6906.0
2026-09-21 11:44:29,2026-09-21T11:28:53,769.835,2026-09-21,P,789.0,19.07,19.23,100.0,33.0,19.99,0.0,-0.992,0.0028,-0.02,0.0042,0.0,407.0,0.0
2026-09-21 11:44:29,2026-09-21T11:28:53,769.835,2026-09-21,C,790.0,0.0,0.01,0.0,8355.0,0.01,0.3843,0.0076,0.0026,-0.0199,0.0041,0.0,12.0,6747.0
2026-09-21 11:44:29,2026-09-21T11:28:53,769.835,2026-09-21,P,790.0,20.07,20.22,144.0,1.0,20.64,0.0,-0.9924,0.0026,-0.0199,0.0041,0.0,25.0,0.0
2026-09-21 11:44:29,2026-09-21T11:28:53,769.835,2026-09-21,C,791.0,0.0,0.01,0.0,8356.0,0.02,0.4013,0.0073,0.0024,-0.0198,0.0039,0.0,0.0,221.0
2026-09-21 11:44:29,2026-09-21T11:28:53,769.835,2026-09-21,P,791.0,21.07,21.24,147.0,36.0,21.04,0.0,-0.9927,0.0024,-0.0198,0.0039,0.0,15.0,0.0
2026-09-21 11:44:29,2026-09-21T11:28:53,769.835,2026-09-21,C,792.0,0.0,0.01,0.0,8355.0,0.01,0.4182,0.007,0.0022,-0.0197,0.0038,0.0,0.0,485.0
2026-09-21 11:44:29,2026-09-21T11:28:53,769.835,2026-09-21,P,792.0,22.07,22.23,100.0,29.0,22.73,0.0,-0.993,0.0022,-0.0197,0.0038,0.0,77.0,0.0
2026-09-21 11:44:29,2026-09-21T11:28:53,769.835,2026-09-21,C,793.0,0.0,0.01,0.0,8356.0,0.01,0.435,0.0068,0.002,-0.0196,0.0036,0.0,0.0,26.0
2026-09-21 11:44:29,2026-09-21T11:28:53,769.835,2026-09-21,P,793.0,23.07,23.23,80.0,22.0,24.05,0.0,-0.9932,0.002,-0.0196,0.0036,0.0,25.0,0.0
2026-09-21 11:44:29,2026-09-21T11:28:53,769.835,2026-09-21,C,794.0,0.0,0.01,0.0,7855.0,0.01,0.4518,0.0065,0.0019,-0.0196,0.0035,0.0,0.0,530.0
2026-09-21 11:44:29,2026-09-21T11:28:53,769.835,2026-09-21,P,794.0,24.07,24.23,80.0,35.0,24.02,0.0,-0.9935,0.0019,-0.0196,0.0035,0.0,6.0,0.0
2026-09-21 11:44:29,2026-09-21T11:28:53,769.835,2026-09-21,C,795.0,0.0,0.01,0.0,7856.0,0.01,0.4684,0.0063,0.0018,-0.0195,0.0034,0.0,1.0,543.0
2026-09-21 11:44:29,2026-09-21T11:28:53,769.835,2026-09-21,P,795.0,24.62,25.52,113.0,112.0,26.1,0.0,-0.9937,0.0018,-0.0195,0.0034,0.0,2.0,0.0
2026-09-21 11:44:29,2026-09-21T11:28:53,769.835,2026-09-21,C,796.0,0.0,0.01,0.0,7856.0,0.02,0.485,0.0061,0.0017,-0.0194,0.0033,0.0,0.0,1.0
2026-09-21 11:44:29,2026-09-21T11:28:53,769.835,2026-09-21,P,796.0,25.65,26.52,158.0,161.0,26.01,0.0,-0.9939,0.0017,-0.0194,0.0033,0.0,34.0,0.0
2026-09-21 11:44:29,2026-09-21T11:28:53,769.835,2026-09-21,C,797.0,0.0,0.01,0.0,7855.0,0.02,0.5016,0.0059,0.0016,-0.0193,0.0032,0.0,0.0,170.0
2026-09-21 11:44:29,2026-09-21T11:28:53,769.835,2026-09-21,P,797.0,26.59,27.58,129.0,132.0,28.21,0.0,-0.9941,0.0016,-0.0193,0.0032,0.0,3.0,0.0
2026-09-21 11:44:29,2026-09-21T11:28:53,769.835,2026-09-21,C,798.0,0.0,0.01,0.0,7855.0,0.02,0.518,0.0057,0.0015,-0.0192,0.0031,0.0,0.0,115.0
2026-09-21 11:44:29,2026-09-21T11:28:53,769.835,2026-09-21,P,798.0,27.55,28.46,158.0,161.0,29.15,0.0,-0.9943,0.0015,-0.0192,0.0031,0.0,3.0,0.0
2026-09-21 11:44:29,2026-09-21T11:28:53,769.835,2026-09-21,C,799.0,0.0,0.01,0.0,7856.0,0.01,0.5344,0.0056,0.0014,-0.0192,0.003,0.0,10.0,23.0
2026-09-21 11:44:29,2026-09-21T11:28:53,769.835,2026-09-21,P,799.0,28.58,29.44,111.0,112.0,29.02,0.0,-0.9944,0.0014,-0.0192,0.003,0.0,3.0,0.0
2026-09-21 11:44:29,2026-09-21T11:28:53,769.835,2026-09-21,C,800.0,0.0,0.01,0.0,7855.0,0.01,0.5507,0.0054,0.0013,-0.0191,0.0029,0.0,3.0,935.0
2026-09-21 11:44:29,2026-09-21T11:28:53,769.835,2026-09-21,P,800.0,29.59,30.44,129.0,158.0,31.44,0.0,-0.9946,0.0013,-0.0191,0.0029,0.0,4.0,1.0
2026-09-21 11:44:29,2026-09-21T11:28:53,769.835,2026-09-21,C,801.0,0.0,0.01,0.0,7855.0,0.01,0.567,0.0052,0.0013,-0.019,0.0029,0.0,0.0,242.0
2026-09-21 11:44:29,2026-09-21T11:28:53,769.835,2026-09-21,P,801.0,30.56,31.55,69.0,69.0,39.82,0.0,-0.9948,0.0013,-0.019,0.0029,0.0,0.0,0.0
2026-09-21 11:44:29,2026-09-21T11:28:53,769.835,2026-09-21,C,802.0,0.0,0.01,0.0,7855.0,0.01,0.5832,0.0051,0.0012,-0.0189,0.0028,0.0,2.0,1043.0
2026-09-21 11:44:29,2026-09-21T11:28:53,769.835,2026-09-21,P,802.0,31.56,32.67,69.0,69.0,42.57,0.0,-0.9949,0.0012,-0.0189,0.0028,0.0,0.0,0.0
2026-09-21 11:44:29,2026-09-21T11:28:53,769.835,2026-09-21,C,803.0,0.0,0.01,0.0,7855.0,0.01,0.5994,0.005,0.0011,-0.0189,0.0027,0.0,0.0,958.0
2026-09-21 11:44:29,2026-09-21T11:28:53,769.835,2026-09-21,P,803.0,32.57,33.52,129.0,158.0,33.02,0.0,-0.995,0.0011,-0.0189,0.0027,0.0,2.0,0.0
2026-09-21 11:44:29,2026-09-21T11:28:53,769.835,2026-09-21,C,804.0,0.0,0.01,0.0,7856.0,0.02,0.6154,0.0048,0.0011,-0.0188,0.0026,0.0,0.0,65.0
2026-09-21 11:44:29,2026-09-21T11:28:53,769.835,2026-09-21,P,804.0,33.56,34.68,70.0,70.0,34.67,0.0,-0.9952,0.0011,-0.0188,0.0026,0.0,1.0,0.0
2026-09-21 11:44:29,2026-09-21T11:28:53,769.835,2026-09-21,C,805.0,0.0,0.01,0.0,7855.0,0.01,0.6315,0.0047,0.001,-0.0187,0.0026,0.0,0.0,41.0
2026-09-21 11:44:29,2026-09-21T11:28:53,769.835,2026-09-21,P,805.0,34.62,35.51,69.0,69.0,43.96,0.0,-0.9953,0.001,-0.0187,0.0026,0.0,0.0,0.0
2026-09-21 11:44:29,2026-09-21T11:28:53,769.835,2026-09-21,C,806.0,0.0,0.01,0.0,7855.0,0.01,0.6474,0.0046,0.001,-0.0186,0.0025,0.0,0.0,483.0
2026-09-21 11:44:29,2026-09-21T11:28:53,769.835,2026-09-21,P,806.0,35.61,36.45,69.0,69.0,46.72,0.0,-0.9954,0.001,-0.0186,0.0025,0.0,0.0,0.0
2026-09-21 11:44:29,2026-09-21T11:28:53,769.835,2026-09-21,C,807.0,0.0,0.01,0.0,7856.0,0.01,0.6634,0.0045,0.001,-0.0186,0.0025,0.0,0.0,395.0
2026-09-21 11:44:29,2026-09-21T11:28:53,769.835,2026-09-21,P,807.0,36.59,37.43,69.0,69.0,47.38,0.0,-0.9955,0.001,-0.0186,0.0025,0.0,0.0,0.0
2026-09-21 11:44:29,2026-09-21T11:28:53,769.835,2026-09-21,C,808.0,0.0,0.01,0.0,7855.0,0.01,0.6793,0.0044,0.0009,-0.0185,0.0024,0.0,0.0,114.0
2026-09-21 11:44:29,2026-09-21T11:28:53,769.835,2026-09-21,P,808.0,38.04,38.46,163.0,162.0,38.02,0.8493,-0.9956,0.0009,-0.0185,0.0024,0.0,81.0,0.0
