fetched_at_et,quote_ts,spot,expiry,type,strike,bid,ask,bid_size,ask_size,last_trade_price,iv,delta,gamma,theta,vega,rho,volume,open_interest
2026-07-23 09:51:37,2026-07-23T09:36:05,741.07,2026-07-23,C,705.0,34.86,36.71,38.0,38.0,48.86,0.0,0.9962,0.0008,-0.0156,0.0024,0.0,0.0,1.0
2026-07-23 09:51:37,2026-07-23T09:36:05,741.07,2026-07-23,P,705.0,0.0,0.01,0.0,6201.0,0.02,0.6006,-0.0038,0.0008,-0.0156,0.0024,0.0,0.0,11349.0
2026-07-23 09:51:37,2026-07-23T09:36:05,741.07,2026-07-23,C,706.0,33.86,35.71,38.0,38.0,42.04,0.0,0.9961,0.0008,-0.0157,0.0025,0.0,0.0,21.0
2026-07-23 09:51:37,2026-07-23T09:36:05,741.07,2026-07-23,P,706.0,0.0,0.01,0.0,6201.0,0.01,0.585,-0.0039,0.0008,-0.0157,0.0025,0.0,0.0,603.0
2026-07-23 09:51:37,2026-07-23T09:36:05,741.07,2026-07-23,C,707.0,32.86,34.71,38.0,38.0,40.49,0.0,0.996,0.0009,-0.0158,0.0025,0.0,0.0,2.0
2026-07-23 09:51:37,2026-07-23T09:36:05,741.07,2026-07-23,P,707.0,0.0,0.01,0.0,6201.0,0.02,0.5693,-0.004,0.0009,-0.0158,0.0025,0.0,0.0,443.0
2026-07-23 09:51:37,2026-07-23T09:36:05,741.07,2026-07-23,C,708.0,31.86,33.71,20.0,20.0,45.72,0.0,0.9959,0.001,-0.0159,0.0026,0.0,0.0,3.0
2026-07-23 09:51:37,2026-07-23T09:36:05,741.07,2026-07-23,P,708.0,0.0,0.01,0.0,6044.0,0.02,0.5537,-0.0041,0.001,-0.0159,0.0026,0.0,0.0,149.0
2026-07-23 09:51:37,2026-07-23T09:36:05,741.07,2026-07-23,C,709.0,30.86,32.71,38.0,38.0,39.73,0.0,0.9958,0.001,-0.016,0.0027,0.0,0.0,3.0
2026-07-23 09:51:37,2026-07-23T09:36:05,741.07,2026-07-23,P,709.0,0.0,0.01,0.0,5772.0,0.02,0.538,-0.0042,0.001,-0.016,0.0027,0.0,6.0,164.0
2026-07-23 09:51:37,2026-07-23T09:36:05,741.07,2026-07-23,C,710.0,29.86,31.71,38.0,38.0,38.21,0.0,0.9956,0.0011,-0.0162,0.0028,0.0,0.0,19.0
2026-07-23 09:51:37,2026-07-23T09:36:05,741.07,2026-07-23,P,710.0,0.0,0.01,0.0,5460.0,0.01,0.5223,-0.0044,0.0011,-0.0162,0.0028,0.0,0.0,265.0
2026-07-23 09:51:37,2026-07-23T09:36:05,741.07,2026-07-23,C,711.0,28.86,30.71,38.0,38.0,0.0,0.0,0.9954,0.0011,-0.0163,0.0029,0.0,0.0,0.0
2026-07-23 09:51:37,2026-07-23T09:36:05,741.07,2026-07-23,P,711.0,0.0,0.01,0.0,4043.0,0.01,0.5066,-0.0046,0.0011,-0.0163,0.0029,0.0,2032.0,1282.0
2026-07-23 09:51:37,2026-07-23T09:36:05,741.07,2026-07-23,C,712.0,27.86,29.72,38.0,38.0,35.79,0.0,0.9953,0.0012,-0.0166,0.003,0.0,0.0,0.0
2026-07-23 09:51:37,2026-07-23T09:36:05,741.07,2026-07-23,P,712.0,0.01,0.02,6104.0,6163.0,0.01,0.5459,-0.0047,0.0012,-0.0166,0.003,0.0,184.0,2401.0
2026-07-23 09:51:37,2026-07-23T09:36:05,741.07,2026-07-23,C,713.0,27.26,28.71,38.0,38.0,27.39,0.0,0.9951,0.0013,-0.0168,0.0031,0.0,4.0,1.0
2026-07-23 09:51:37,2026-07-23T09:36:05,741.07,2026-07-23,P,713.0,0.01,0.02,6201.0,6246.0,0.01,0.5287,-0.0049,0.0013,-0.0168,0.0031,0.0,1.0,377.0
2026-07-23 09:51:37,2026-07-23T09:36:05,741.07,2026-07-23,C,714.0,25.87,27.72,38.0,38.0,39.79,0.0,0.9948,0.0014,-0.0171,0.0032,0.0,0.0,1.0
2026-07-23 09:51:37,2026-07-23T09:36:05,741.07,2026-07-23,P,714.0,0.01,0.02,6158.0,6203.0,0.01,0.5115,-0.0052,0.0014,-0.0171,0.0032,0.0,500.0,8473.0
2026-07-23 09:51:37,2026-07-23T09:36:05,741.07,2026-07-23,C,715.0,24.87,26.72,38.0,38.0,35.43,0.0,0.9946,0.0015,-0.0175,0.0034,0.0,0.0,7.0
2026-07-23 09:51:37,2026-07-23T09:36:05,741.07,2026-07-23,P,715.0,0.01,0.02,6201.0,6222.0,0.02,0.4943,-0.0054,0.0015,-0.0175,0.0034,0.0,501.0,1859.0
2026-07-23 09:51:37,2026-07-23T09:36:05,741.07,2026-07-23,C,716.0,24.88,25.71,210.0,38.0,25.13,0.6893,0.9943,0.0016,-0.018,0.0036,0.0,10.0,1.0
2026-07-23 09:51:37,2026-07-23T09:36:05,741.07,2026-07-23,P,716.0,0.01,0.02,5201.0,5232.0,0.01,0.477,-0.0057,0.0016,-0.018,0.0036,0.0,2.0,1122.0
2026-07-23 09:51:37,2026-07-23T09:36:05,741.07,2026-07-23,C,717.0,24.03,24.31,27.0,38.0,23.92,0.624,0.9939,0.0018,-0.0187,0.0038,0.0,2.0,3.0
2026-07-23 09:51:37,2026-07-23T09:36:05,741.07,2026-07-23,P,717.0,0.01,0.02,5158.0,5150.0,0.02,0.4597,-0.0061,0.0018,-0.0187,0.0038,0.0,506.0,267.0
2026-07-23 09:51:37,2026-07-23T09:36:05,741.07,2026-07-23,C,718.0,23.03,23.31,20.0,38.0,22.94,0.602,0.9935,0.0019,-0.0195,0.004,0.0,6.0,11.0
2026-07-23 09:51:37,2026-07-23T09:36:05,741.07,2026-07-23,P,718.0,0.01,0.02,5201.0,4687.0,0.01,0.4423,-0.0065,0.0019,-0.0195,0.004,0.0,4.0,2208.0
2026-07-23 09:51:37,2026-07-23T09:36:05,741.07,2026-07-23,C,719.0,22.03,22.31,29.0,38.0,21.95,0.5834,0.993,0.0021,-0.0205,0.0043,0.0,40.0,1.0
2026-07-23 09:51:37,2026-07-23T09:36:05,741.07,2026-07-23,P,719.0,0.01,0.02,5218.0,4160.0,0.02,0.4249,-0.007,0.0021,-0.0205,0.0043,0.0,759.0,727.0
2026-07-23 09:51:37,2026-07-23T09:36:05,741.07,2026-07-23,C,720.0,21.03,21.31,71.0,44.0,21.19,0.5611,0.9923,0.0024,-0.0219,0.0046,0.0,18.0,24.0
2026-07-23 09:51:37,2026-07-23T09:36:05,741.07,2026-07-23,P,720.0,0.02,0.03,5202.0,5204.0,0.03,0.4324,-0.0077,0.0024,-0.0219,0.0046,0.0,2789.0,5800.0
2026-07-23 09:51:37,2026-07-23T09:36:05,741.07,2026-07-23,C,721.0,20.03,20.31,20.0,44.0,19.96,0.5419,0.9915,0.0027,-0.0237,0.0051,0.0,40.0,2.0
2026-07-23 09:51:37,2026-07-23T09:36:05,741.07,2026-07-23,P,721.0,0.02,0.03,5232.0,5234.0,0.03,0.4141,-0.0085,0.0027,-0.0237,0.0051,0.0,264.0,2993.0
2026-07-23 09:51:37,2026-07-23T09:36:05,741.07,2026-07-23,C,722.0,19.04,19.32,98.0,100.0,18.93,0.5193,0.9905,0.0031,-0.026,0.0056,0.0,8.0,5.0
2026-07-23 09:51:37,2026-07-23T09:36:05,741.07,2026-07-23,P,722.0,0.02,0.03,5382.0,5156.0,0.04,0.3957,-0.0095,0.0031,-0.026,0.0056,0.0,139.0,1881.0
2026-07-23 09:51:37,2026-07-23T09:36:05,741.07,2026-07-23,C,723.0,18.04,18.32,66.0,185.0,18.53,0.4995,0.9892,0.0036,-0.0291,0.0063,0.0,8.0,1.0
2026-07-23 09:51:37,2026-07-23T09:36:05,741.07,2026-07-23,P,723.0,0.03,0.04,1829.0,3423.0,0.04,0.3939,-0.0108,0.0036,-0.0291,0.0063,0.0,698.0,889.0
2026-07-23 09:51:37,2026-07-23T09:36:05,741.07,2026-07-23,C,724.0,17.05,17.32,100.0,40.0,16.96,0.4793,0.9875,0.0042,-0.0332,0.0071,0.0,18.0,11.0
2026-07-23 09:51:37,2026-07-23T09:36:05,741.07,2026-07-23,P,724.0,0.03,0.04,3541.0,3553.0,0.04,0.3747,-0.0125,0.0042,-0.0332,0.0071,0.0,623.0,1574.0
2026-07-23 09:51:37,2026-07-23T09:36:05,741.07,2026-07-23,C,725.0,16.05,16.33,99.0,100.0,16.42,0.4588,0.9852,0.005,-0.0386,0.0082,0.0,30.0,22.0
2026-07-23 09:51:37,2026-07-23T09:36:05,741.07,2026-07-23,P,725.0,0.04,0.05,1441.0,3556.0,0.05,0.3682,-0.0148,0.005,-0.0386,0.0082,0.0,1210.0,1202.0
2026-07-23 09:51:37,2026-07-23T09:36:05,741.07,2026-07-23,C,726.0,15.06,15.33,98.0,100.0,15.39,0.4354,0.9823,0.006,-0.046,0.0096,0.0,26.0,3.0
2026-07-23 09:51:37,2026-07-23T09:36:05,741.07,2026-07-23,P,726.0,0.04,0.05,3556.0,3201.0,0.05,0.3482,-0.0177,0.006,-0.046,0.0096,0.0,272.0,1108.0
2026-07-23 09:51:37,2026-07-23T09:36:05,741.07,2026-07-23,C,727.0,14.07,14.34,46.0,66.0,14.46,0.4165,0.9784,0.0073,-0.056,0.0114,0.0,11.0,6.0
2026-07-23 09:51:37,2026-07-23T09:36:05,741.07,2026-07-23,P,727.0,0.05,0.06,3454.0,3172.0,0.05,0.3383,-0.0216,0.0073,-0.056,0.0114,0.0,1659.0,9514.0
2026-07-23 09:51:37,2026-07-23T09:36:05,741.07,2026-07-23,C,728.0,13.08,13.35,47.0,66.0,13.61,0.397,0.9732,0.009,-0.0695,0.0136,0.0,25.0,17.0
2026-07-23 09:51:37,2026-07-23T09:36:05,741.07,2026-07-23,P,728.0,0.06,0.07,3308.0,2245.0,0.06,0.3262,-0.0268,0.009,-0.0695,0.0136,0.0,3164.0,22361.0
2026-07-23 09:51:37,2026-07-23T09:36:05,741.07,2026-07-23,C,729.0,12.1,12.37,64.0,53.0,12.56,0.3807,0.9664,0.0112,-0.0879,0.0163,0.0,67.0,58.0
2026-07-23 09:51:37,2026-07-23T09:36:05,741.07,2026-07-23,P,729.0,0.08,0.09,1780.0,2429.0,0.09,0.3192,-0.0336,0.0112,-0.0879,0.0163,0.0,2011.0,1100.0
2026-07-23 09:51:37,2026-07-23T09:36:05,741.07,2026-07-23,C,730.0,11.12,11.39,51.0,58.0,11.3,0.3631,0.9573,0.014,-0.1128,0.0197,0.0,64.0,82.0
2026-07-23 09:51:37,2026-07-23T09:36:05,741.07,2026-07-23,P,730.0,0.1,0.11,1572.0,1298.0,0.1,0.3088,-0.0427,0.014,-0.1128,0.0197,0.0,3326.0,12521.0
2026-07-23 09:51:37,2026-07-23T09:36:05,741.07,2026-07-23,C,731.0,10.16,10.42,62.0,61.0,10.79,0.3476,0.9455,0.0174,-0.1464,0.0239,0.0,75.0,4.0
2026-07-23 09:51:37,2026-07-23T09:36:05,741.07,2026-07-23,P,731.0,0.13,0.14,1813.0,592.0,0.14,0.3005,-0.0545,0.0174,-0.1464,0.0239,0.0,2818.0,1967.0
2026-07-23 09:51:37,2026-07-23T09:36:05,741.07,2026-07-23,C,732.0,9.19,9.46,43.0,59.0,9.22,0.3345,0.9302,0.0216,-0.1915,0.0289,0.0,100.0,5.0
2026-07-23 09:51:37,2026-07-23T09:36:05,741.07,2026-07-23,P,732.0,0.18,0.19,686.0,829.0,0.18,0.2924,-0.0698,0.0216,-0.1915,0.0289,0.0,4847.0,4385.0
2026-07-23 09:51:37,2026-07-23T09:36:05,741.07,2026-07-23,C,733.0,8.26,8.41,96.0,64.0,8.29,0.2984,0.9105,0.0266,-0.2519,0.0347,0.0,60.0,7.0
2026-07-23 09:51:37,2026-07-23T09:36:05,741.07,2026-07-23,P,733.0,0.24,0.25,304.0,625.0,0.24,0.2898,-0.0895,0.0266,-0.2519,0.0347,0.0,5720.0,2235.0
2026-07-23 09:51:37,2026-07-23T09:36:05,741.07,2026-07-23,C,734.0,7.39,7.43,146.0,22.0,7.35,0.2911,0.8855,0.0326,-0.3321,0.0413,0.0,159.0,16.0
2026-07-23 09:51:37,2026-07-23T09:36:05,741.07,2026-07-23,P,734.0,0.32,0.33,341.0,463.0,0.34,0.2839,-0.1145,0.0326,-0.3321,0.0413,0.0,4657.0,1286.0
2026-07-23 09:51:37,2026-07-23T09:36:05,741.07,2026-07-23,C,735.0,6.51,6.55,22.0,25.0,6.65,0.2832,0.8542,0.0393,-0.4376,0.0486,0.0,1693.0,123.0
2026-07-23 09:51:37,2026-07-23T09:36:05,741.07,2026-07-23,P,735.0,0.43,0.44,280.0,455.0,0.44,0.2792,-0.1458,0.0393,-0.4376,0.0486,0.0,9630.0,6313.0
2026-07-23 09:51:37,2026-07-23T09:36:05,741.07,2026-07-23,C,736.0,5.65,5.69,100.0,27.0,5.76,0.2793,0.8158,0.0467,-0.5752,0.0562,0.0,545.0,71.0
2026-07-23 09:51:37,2026-07-23T09:36:05,741.07,2026-07-23,P,736.0,0.57,0.58,240.0,187.0,0.57,0.274,-0.1842,0.0467,-0.5752,0.0562,0.0,7762.0,11610.0
2026-07-23 09:51:37,2026-07-23T09:36:05,741.07,2026-07-23,C,737.0,4.83,4.87,166.0,25.0,4.87,0.2745,0.7694,0.0544,-0.7528,0.0639,0.0,972.0,13.0
2026-07-23 09:51:37,2026-07-23T09:36:05,741.07,2026-07-23,P,737.0,0.75,0.76,256.0,19.0,0.76,0.2691,-0.2306,0.0544,-0.7528,0.0639,0.0,11293.0,9010.0
2026-07-23 09:51:37,2026-07-23T09:36:05,741.07,2026-07-23,C,738.0,4.06,4.09,150.0,23.0,4.06,0.2687,0.7149,0.0619,-0.9789,0.0711,0.0,3761.0,103.0
2026-07-23 09:51:37,2026-07-23T09:36:05,741.07,2026-07-23,P,738.0,0.98,0.99,104.0,170.0,0.98,0.2632,-0.2851,0.0619,-0.9789,0.0711,0.0,12297.0,6481.0
2026-07-23 09:51:37,2026-07-23T09:36:05,741.07,2026-07-23,C,739.0,3.35,3.37,100.0,24.0,3.35,0.2637,0.6523,0.0686,-1.2623,0.0771,0.0,12812.0,669.0
2026-07-23 09:51:37,2026-07-23T09:36:05,741.07,2026-07-23,P,739.0,1.26,1.27,207.0,1.0,1.27,0.2593,-0.3477,0.0686,-1.2623,0.0771,0.0,10315.0,5411.0
2026-07-23 09:51:37,2026-07-23T09:36:05,741.07,2026-07-23,C,740.0,2.71,2.73,81.0,161.0,2.73,0.2579,0.5828,0.0738,-1.6108,0.0813,0.0,20714.0,587.0
2026-07-23 09:51:37,2026-07-23T09:36:05,741.07,2026-07-23,P,740.0,1.61,1.62,76.0,11.0,1.63,0.2536,-0.4172,0.0738,-1.6108,0.0813,0.0,18649.0,13653.0
2026-07-23 09:51:37,2026-07-23T09:36:05,741.07,2026-07-23,C,741.0,2.12,2.13,178.0,1.0,2.14,0.2533,0.508,0.0768,-2.0307,0.083,0.0,21863.0,501.0
2026-07-23 09:51:37,2026-07-23T09:36:05,741.07,2026-07-23,P,741.0,2.03,2.04,76.0,60.0,2.03,0.2491,-0.492,0.0768,-2.0307,0.083,0.0,4900.0,4291.0
2026-07-23 09:51:37,2026-07-23T09:36:05,741.07,2026-07-23,C,742.0,1.61,1.62,211.0,1.0,1.62,0.248,0.4302,0.0771,-1.6115,0.0818,0.0,21102.0,515.0
2026-07-23 09:51:37,2026-07-23T09:36:05,741.07,2026-07-23,P,742.0,2.51,2.54,60.0,168.0,2.53,0.2444,-0.5698,0.0771,-1.6115,0.0818,0.0,3457.0,3056.0
2026-07-23 09:51:37,2026-07-23T09:36:05,741.07,2026-07-23,C,743.0,1.19,1.2,1.0,228.0,1.2,0.243,0.3523,0.0743,-1.1847,0.0775,0.0,16275.0,1502.0
2026-07-23 09:51:37,2026-07-23T09:36:05,741.07,2026-07-23,P,743.0,3.09,3.12,21.0,166.0,3.09,0.2379,-0.6477,0.0743,-1.1847,0.0775,0.0,2307.0,4183.0
2026-07-23 09:51:37,2026-07-23T09:36:05,741.07,2026-07-23,C,744.0,0.84,0.85,556.0,5.0,0.85,0.2382,0.2776,0.0684,-0.8379,0.0703,0.0,17853.0,1703.0
2026-07-23 09:51:37,2026-07-23T09:36:05,741.07,2026-07-23,P,744.0,3.74,3.77,22.0,24.0,3.74,0.2325,-0.7224,0.0684,-0.8379,0.0703,0.0,1834.0,6102.0
2026-07-23 09:51:37,2026-07-23T09:36:05,741.07,2026-07-23,C,745.0,0.58,0.59,200.0,391.0,0.58,0.2341,0.21,0.0598,-0.5714,0.0608,0.0,25660.0,5602.0
2026-07-23 09:51:37,2026-07-23T09:36:05,741.07,2026-07-23,P,745.0,4.47,4.51,23.0,26.0,4.48,0.2292,-0.79,0.0598,-0.5714,0.0608,0.0,5239.0,13004.0
2026-07-23 09:51:37,2026-07-23T09:36:05,741.07,2026-07-23,C,746.0,0.38,0.39,537.0,351.0,0.39,0.2307,0.1531,0.0495,-0.3794,0.0503,0.0,14594.0,4431.0
2026-07-23 09:51:37,2026-07-23T09:36:05,741.07,2026-07-23,P,746.0,5.27,5.31,22.0,24.0,5.27,0.2247,-0.8469,0.0495,-0.3794,0.0503,0.0,4703.0,8883.0
2026-07-23 09:51:37,2026-07-23T09:36:05,741.07,2026-07-23,C,747.0,0.25,0.26,178.0,1045.0,0.26,0.2308,0.1087,0.0391,-0.2482,0.0401,0.0,7953.0,7503.0
2026-07-23 09:51:37,2026-07-23T09:36:05,741.07,2026-07-23,P,747.0,6.13,6.19,12.0,104.0,6.18,0.2231,-0.8913,0.0391,-0.2482,0.0401,0.0,3412.0,7913.0
2026-07-23 09:51:37,2026-07-23T09:36:05,741.07,2026-07-23,C,748.0,0.16,0.17,206.0,1878.0,0.16,0.2314,0.0756,0.0298,-0.1613,0.031,0.0,6928.0,12511.0
2026-07-23 09:51:37,2026-07-23T09:36:05,741.07,2026-07-23,P,748.0,6.97,7.15,100.0,57.0,7.03,0.171,-0.9244,0.0298,-0.1613,0.031,0.0,4571.0,10216.0
2026-07-23 09:51:37,2026-07-23T09:36:05,741.07,2026-07-23,C,749.0,0.1,0.11,810.0,1848.0,0.11,0.2325,0.0518,0.022,-0.1042,0.0233,0.0,4457.0,9998.0
2026-07-23 09:51:37,2026-07-23T09:36:05,741.07,2026-07-23,P,749.0,7.92,8.09,38.0,62.0,8.0,0.0,-0.9482,0.022,-0.1042,0.0233,0.0,1150.0,5349.0
2026-07-23 09:51:37,2026-07-23T09:36:05,741.07,2026-07-23,C,750.0,0.06,0.07,1718.0,1750.0,0.06,0.2336,0.0349,0.0158,-0.0667,0.0171,0.0,9536.0,14413.0
2026-07-23 09:51:37,2026-07-23T09:36:05,741.07,2026-07-23,P,750.0,8.91,9.04,57.0,48.0,9.0,0.136,-0.9651,0.0158,-0.0667,0.0171,0.0,597.0,5617.0
2026-07-23 09:51:37,2026-07-23T09:36:05,741.07,2026-07-23,C,751.0,0.04,0.05,2885.0,3463.0,0.04,0.2398,0.0232,0.0111,-0.0422,0.0123,0.0,2435.0,8620.0
2026-07-23 09:51:37,2026-07-23T09:36:05,741.07,2026-07-23,P,751.0,9.76,10.03,62.0,59.0,10.0,0.0,-0.9768,0.0111,-0.0422,0.0123,0.0,196.0,2638.0
2026-07-23 09:51:37,2026-07-23T09:36:05,741.07,2026-07-23,C,752.0,0.03,0.04,1267.0,3679.0,0.04,0.2502,0.0152,0.0077,-0.0265,0.0087,0.0,4141.0,14676.0
2026-07-23 09:51:37,2026-07-23T09:36:05,741.07,2026-07-23,P,752.0,10.74,11.02,48.0,48.0,10.6,0.0,-0.9848,0.0077,-0.0265,0.0087,0.0,261.0,1744.0
2026-07-23 09:51:37,2026-07-23T09:36:05,741.07,2026-07-23,C,753.0,0.02,0.03,2978.0,3625.0,0.02,0.2571,0.0099,0.0052,-0.0166,0.0061,0.0,1961.0,7607.0
2026-07-23 09:51:37,2026-07-23T09:36:05,741.07,2026-07-23,P,753.0,11.74,12.0,44.0,62.0,11.49,0.0,-0.9901,0.0052,-0.0166,0.0061,0.0,207.0,1476.0
2026-07-23 09:51:37,2026-07-23T09:36:05,741.07,2026-07-23,C,754.0,0.01,0.02,5224.0,5224.0,0.01,0.2582,0.0064,0.0035,-0.0104,0.0042,0.0,735.0,6401.0
2026-07-23 09:51:37,2026-07-23T09:36:05,741.07,2026-07-23,P,754.0,12.83,13.0,48.0,71.0,12.4,0.0,-0.9936,0.0035,-0.0104,0.0042,0.0,807.0,971.0
2026-07-23 09:51:37,2026-07-23T09:36:05,741.07,2026-07-23,C,755.0,0.01,0.02,5104.0,5225.0,0.01,0.2755,0.0041,0.0023,-0.0064,0.0028,0.0,1706.0,14125.0
2026-07-23 09:51:37,2026-07-23T09:36:05,741.07,2026-07-23,P,755.0,13.79,14.01,42.0,66.0,13.6,0.0,-0.9959,0.0023,-0.0064,0.0028,0.0,518.0,1110.0
2026-07-23 09:51:37,2026-07-23T09:36:05,741.07,2026-07-23,C,756.0,0.01,0.02,2104.0,6224.0,0.01,0.2927,0.0026,0.0015,-0.0039,0.0019,0.0,1472.0,10210.0
2026-07-23 09:51:37,2026-07-23T09:36:05,741.07,2026-07-23,P,756.0,14.8,15.0,28.0,66.0,14.43,0.0,-0.9974,0.0015,-0.0039,0.0019,0.0,118.0,8.0
2026-07-23 09:51:37,2026-07-23T09:36:05,741.07,2026-07-23,C,757.0,0.0,0.01,0.0,6014.0,0.01,0.2755,0.0016,0.001,-0.0024,0.0012,0.0,3484.0,7041.0
2026-07-23 09:51:37,2026-07-23T09:36:05,741.07,2026-07-23,P,757.0,15.79,16.02,12.0,47.0,15.65,0.0,-0.9984,0.001,-0.0024,0.0012,0.0,209.0,6.0
2026-07-23 09:51:37,2026-07-23T09:36:05,741.07,2026-07-23,C,758.0,0.0,0.01,0.0,6056.0,0.01,0.2909,0.001,0.0006,-0.0014,0.0008,0.0,33.0,4495.0
2026-07-23 09:51:37,2026-07-23T09:36:05,741.07,2026-07-23,P,758.0,16.71,17.15,28.0,14.0,16.69,0.0,-0.999,0.0006,-0.0014,0.0008,0.0,36.0,4.0
2026-07-23 09:51:37,2026-07-23T09:36:05,741.07,2026-07-23,C,759.0,0.0,0.01,0.0,6165.0,0.01,0.3062,0.0006,0.0004,-0.0008,0.0005,0.0,93.0,3361.0
2026-07-23 09:51:37,2026-07-23T09:36:05,741.07,2026-07-23,P,759.0,17.7,18.16,21.0,10.0,17.44,0.0,-0.9994,0.0004,-0.0008,0.0005,0.0,48.0,0.0
2026-07-23 09:51:37,2026-07-23T09:36:05,741.07,2026-07-23,C,760.0,0.0,0.01,0.0,6166.0,0.01,0.3214,0.0004,0.0002,-0.0004,0.0003,0.0,9.0,7975.0
2026-07-23 09:51:37,2026-07-23T09:36:05,741.07,2026-07-23,P,760.0,18.71,19.16,12.0,10.0,18.52,0.0,-0.9996,0.0002,-0.0004,0.0003,0.0,35.0,1.0
2026-07-23 09:51:37,2026-07-23T09:36:05,741.07,2026-07-23,C,761.0,0.0,0.01,0.0,6165.0,0.01,0.3366,0.0002,0.0001,-0.0002,0.0002,0.0,93.0,1883.0
2026-07-23 09:51:37,2026-07-23T09:36:05,741.07,2026-07-23,P,761.0,19.7,20.15,21.0,10.0,19.78,0.0,-0.9998,0.0001,-0.0002,0.0002,0.0,30.0,0.0
2026-07-23 09:51:37,2026-07-23T09:36:05,741.07,2026-07-23,C,762.0,0.0,0.01,0.0,6122.0,0.01,0.3516,0.0001,0.0001,-0.0001,0.0001,0.0,3.0,1457.0
2026-07-23 09:51:37,2026-07-23T09:36:05,741.07,2026-07-23,P,762.0,20.7,21.15,33.0,10.0,20.72,0.0,-0.9999,0.0001,-0.0001,0.0001,0.0,30.0,0.0
2026-07-23 09:51:37,2026-07-23T09:36:05,741.07,2026-07-23,C,763.0,0.0,0.01,0.0,6302.0,0.01,0.3666,0.0001,0.0,-0.0001,0.0001,0.0,0.0,13912.0
2026-07-23 09:51:37,2026-07-23T09:36:05,741.07,2026-07-23,P,763.0,21.7,22.15,39.0,10.0,21.71,0.0,-0.9999,0.0,-0.0001,0.0001,0.0,26.0,0.0
2026-07-23 09:51:37,2026-07-23T09:36:05,741.07,2026-07-23,C,764.0,0.0,0.01,0.0,6362.0,0.01,0.3815,0.0,0.0,0.0,0.0,0.0,3.0,5314.0
2026-07-23 09:51:37,2026-07-23T09:36:05,741.07,2026-07-23,P,764.0,22.7,23.15,10.0,10.0,22.42,0.0,-1.0,0.0,0.0,0.0,0.0,15.0,0.0
2026-07-23 09:51:37,2026-07-23T09:36:05,741.07,2026-07-23,C,765.0,0.0,0.01,0.0,2421.0,0.01,0.3963,0.0,0.0,0.0,0.0,0.0,11.0,8260.0
2026-07-23 09:51:37,2026-07-23T09:36:05,741.07,2026-07-23,P,765.0,23.7,24.15,10.0,10.0,23.53,0.0,-1.0,0.0,0.0,0.0,0.0,22.0,0.0
2026-07-23 09:51:37,2026-07-23T09:36:05,741.07,2026-07-23,C,766.0,0.0,0.01,0.0,2122.0,0.01,0.4111,0.0,0.0,0.0,0.0,0.0,20.0,3265.0
2026-07-23 09:51:37,2026-07-23T09:36:05,741.07,2026-07-23,P,766.0,23.14,26.51,10.0,2.0,25.04,0.0,-1.0,0.0,0.0,0.0,0.0,20.0,0.0
2026-07-23 09:51:37,2026-07-23T09:36:05,741.07,2026-07-23,C,767.0,0.0,0.01,0.0,2181.0,0.01,0.4258,0.0,0.0,0.0,0.0,0.0,0.0,2977.0
2026-07-23 09:51:37,2026-07-23T09:36:05,741.07,2026-07-23,P,767.0,25.34,26.94,1.0,2.0,25.87,0.6905,-1.0,0.0,0.0,0.0,0.0,20.0,0.0
2026-07-23 09:51:37,2026-07-23T09:36:05,741.07,2026-07-23,C,768.0,0.0,0.01,0.0,2182.0,0.01,0.4404,0.0,0.0,0.0,0.0,0.0,0.0,4740.0
2026-07-23 09:51:37,2026-07-23T09:36:05,741.07,2026-07-23,P,768.0,26.46,28.15,2.0,1.0,26.86,0.7664,-1.0,0.0,0.0,0.0,0.0,19.0,1.0
2026-07-23 09:51:37,2026-07-23T09:36:05,741.07,2026-07-23,C,769.0,0.0,0.01,0.0,2182.0,0.02,0.455,0.0,0.0,0.0,0.0,0.0,0.0,10436.0
2026-07-23 09:51:37,2026-07-23T09:36:05,741.07,2026-07-23,P,769.0,26.14,29.51,10.0,2.0,27.82,0.0,-1.0,0.0,0.0,0.0,0.0,17.0,0.0
2026-07-23 09:51:37,2026-07-23T09:36:05,741.07,2026-07-23,C,770.0,0.0,0.01,0.0,3400.0,0.01,0.4695,0.0,0.0,0.0,0.0,0.0,0.0,10373.0
2026-07-23 09:51:37,2026-07-23T09:36:05,741.07,2026-07-23,P,770.0,27.14,30.51,10.0,2.0,28.8,0.0,-1.0,0.0,0.0,0.0,0.0,21.0,0.0
2026-07-23 09:51:37,2026-07-23T09:36:05,741.07,2026-07-23,C,771.0,0.0,0.01,0.0,2182.0,0.02,0.484,0.0,0.0,0.0,0.0,0.0,0.0,4646.0
2026-07-23 09:51:37,2026-07-23T09:36:05,741.07,2026-07-23,P,771.0,28.14,31.51,10.0,2.0,29.82,0.0,-1.0,0.0,0.0,0.0,0.0,22.0,0.0
2026-07-23 09:51:37,2026-07-23T09:36:05,741.07,2026-07-23,C,772.0,0.0,0.01,0.0,2182.0,0.01,0.4984,0.0,0.0,0.0,0.0,0.0,0.0,1061.0
2026-07-23 09:51:37,2026-07-23T09:36:05,741.07,2026-07-23,P,772.0,29.14,32.51,10.0,2.0,30.84,0.0,-1.0,0.0,0.0,0.0,0.0,22.0,0.0
2026-07-23 09:51:37,2026-07-23T09:36:05,741.07,2026-07-23,C,773.0,0.0,0.01,0.0,2182.0,0.01,0.5127,0.0,0.0,0.0,0.0,0.0,0.0,2371.0
2026-07-23 09:51:37,2026-07-23T09:36:05,741.07,2026-07-23,P,773.0,30.14,33.51,10.0,2.0,31.83,0.0,-1.0,0.0,0.0,0.0,0.0,43.0,0.0
2026-07-23 09:51:37,2026-07-23T09:36:05,741.07,2026-07-23,C,774.0,0.0,0.01,0.0,2182.0,0.03,0.527,0.0,0.0,0.0,0.0,0.0,0.0,288.0
2026-07-23 09:51:37,2026-07-23T09:36:05,741.07,2026-07-23,P,774.0,31.14,34.51,10.0,2.0,32.71,0.0,-1.0,0.0,0.0,0.0,0.0,30.0,0.0
2026-07-23 09:51:37,2026-07-23T09:36:05,741.07,2026-07-23,C,775.0,0.0,0.01,0.0,2182.0,0.01,0.5413,0.0,0.0,0.0,0.0,0.0,0.0,488.0
2026-07-23 09:51:37,2026-07-23T09:36:05,741.07,2026-07-23,P,775.0,32.16,35.51,1.0,2.0,33.86,0.0,-1.0,0.0,0.0,0.0,0.0,166.0,0.0
2026-07-23 09:51:37,2026-07-23T09:36:05,741.07,2026-07-23,C,776.0,0.0,0.01,0.0,2182.0,0.01,0.5555,0.0,0.0,0.0,0.0,0.0,0.0,157.0
2026-07-23 09:51:37,2026-07-23T09:36:05,741.07,2026-07-23,P,776.0,33.14,36.36,10.0,2.0,34.75,0.0,-1.0,0.0,0.0,0.0,0.0,138.0,0.0
2026-07-23 09:51:37,2026-07-23T09:36:05,741.07,2026-07-23,C,777.0,0.0,0.01,0.0,2182.0,0.01,0.5696,0.0,0.0,0.0,0.0,0.0,0.0,131.0
2026-07-23 09:51:37,2026-07-23T09:36:05,741.07,2026-07-23,P,777.0,34.14,37.36,10.0,2.0,35.69,0.0,-1.0,0.0,0.0,0.0,0.0,24.0,0.0
2026-07-23 09:51:37,2026-07-23T09:36:05,741.07,2026-07-23,C,778.0,0.0,0.01,0.0,2181.0,0.02,0.5837,0.0,0.0,0.0,0.0,0.0,0.0,77.0
2026-07-23 09:51:37,2026-07-23T09:36:05,741.07,2026-07-23,P,778.0,35.14,38.36,10.0,2.0,36.72,0.0,-1.0,0.0,0.0,0.0,0.0,21.0,0.0
2026-07-23 09:56:46,2026-07-23T09:41:05,741.59,2026-07-23,C,705.0,35.12,36.91,43.0,43.0,48.86,0.0,0.9967,0.0007,-0.0132,0.0021,0.0,0.0,1.0
2026-07-23 09:56:46,2026-07-23T09:41:05,741.59,2026-07-23,P,705.0,0.0,0.01,0.0,6258.0,0.02,0.6114,-0.0032,0.0007,-0.0132,0.0021,0.0,0.0,11349.0
2026-07-23 09:56:46,2026-07-23T09:41:05,741.59,2026-07-23,C,706.0,34.12,35.91,43.0,43.0,42.04,0.0,0.9966,0.0008,-0.0133,0.0022,0.0,0.0,21.0
2026-07-23 09:56:46,2026-07-23T09:41:05,741.59,2026-07-23,P,706.0,0.0,0.01,0.0,6258.0,0.01,0.5957,-0.0034,0.0008,-0.0133,0.0022,0.0,0.0,603.0
2026-07-23 09:56:46,2026-07-23T09:41:05,741.59,2026-07-23,C,707.0,33.12,34.93,146.0,43.0,40.49,0.0,0.9965,0.0008,-0.0135,0.0022,0.0,0.0,2.0
2026-07-23 09:56:46,2026-07-23T09:41:05,741.59,2026-07-23,P,707.0,0.0,0.01,0.0,6218.0,0.01,0.58,-0.0035,0.0008,-0.0135,0.0022,0.0,5.0,443.0
2026-07-23 09:56:46,2026-07-23T09:41:05,741.59,2026-07-23,C,708.0,32.12,33.93,43.0,43.0,45.72,0.0,0.9964,0.0008,-0.0136,0.0023,0.0,0.0,3.0
2026-07-23 09:56:46,2026-07-23T09:41:05,741.59,2026-07-23,P,708.0,0.0,0.01,0.0,6258.0,0.01,0.5642,-0.0036,0.0008,-0.0136,0.0023,0.0,1.0,149.0
2026-07-23 09:56:46,2026-07-23T09:41:05,741.59,2026-07-23,C,709.0,31.12,32.93,43.0,43.0,39.73,0.0,0.9963,0.0009,-0.0138,0.0024,0.0,0.0,3.0
2026-07-23 09:56:46,2026-07-23T09:41:05,741.59,2026-07-23,P,709.0,0.0,0.01,0.0,6288.0,0.02,0.5485,-0.0037,0.0009,-0.0138,0.0024,0.0,6.0,164.0
2026-07-23 09:56:46,2026-07-23T09:41:05,741.59,2026-07-23,C,710.0,30.12,31.93,43.0,43.0,38.21,0.0,0.9961,0.001,-0.0141,0.0025,0.0,0.0,19.0
2026-07-23 09:56:46,2026-07-23T09:41:05,741.59,2026-07-23,P,710.0,0.0,0.01,0.0,6288.0,0.01,0.5327,-0.0039,0.001,-0.0141,0.0025,0.0,50.0,265.0
2026-07-23 09:56:46,2026-07-23T09:41:05,741.59,2026-07-23,C,711.0,29.12,30.91,43.0,43.0,0.0,0.0,0.9959,0.001,-0.0144,0.0026,0.0,0.0,0.0
2026-07-23 09:56:46,2026-07-23T09:41:05,741.59,2026-07-23,P,711.0,0.0,0.01,0.0,2151.0,0.01,0.517,-0.004,0.001,-0.0144,0.0026,0.0,2293.0,1282.0
2026-07-23 09:56:46,2026-07-23T09:41:05,741.59,2026-07-23,C,712.0,28.12,29.92,43.0,43.0,35.79,0.0,0.9958,0.0011,-0.0147,0.0027,0.0,0.0,0.0
2026-07-23 09:56:46,2026-07-23T09:41:05,741.59,2026-07-23,P,712.0,0.01,0.02,6098.0,6268.0,0.02,0.5566,-0.0042,0.0011,-0.0147,0.0027,0.0,1115.0,2401.0
2026-07-23 09:56:46,2026-07-23T09:41:05,741.59,2026-07-23,C,713.0,27.26,28.93,43.0,43.0,27.39,0.0,0.9955,0.0012,-0.0151,0.0028,0.0,4.0,1.0
2026-07-23 09:56:46,2026-07-23T09:41:05,741.59,2026-07-23,P,713.0,0.01,0.02,6236.0,6267.0,0.01,0.5394,-0.0045,0.0012,-0.0151,0.0028,0.0,343.0,377.0
2026-07-23 09:56:46,2026-07-23T09:41:05,741.59,2026-07-23,C,714.0,26.12,27.92,43.0,43.0,39.79,0.0,0.9953,0.0013,-0.0156,0.003,0.0,0.0,1.0
2026-07-23 09:56:46,2026-07-23T09:41:05,741.59,2026-07-23,P,714.0,0.01,0.02,6155.0,6306.0,0.01,0.5221,-0.0047,0.0013,-0.0156,0.003,0.0,835.0,8473.0
2026-07-23 09:56:46,2026-07-23T09:41:05,741.59,2026-07-23,C,715.0,25.13,26.92,43.0,43.0,35.43,0.0,0.995,0.0014,-0.0162,0.0031,0.0,0.0,7.0
2026-07-23 09:56:46,2026-07-23T09:41:05,741.59,2026-07-23,P,715.0,0.01,0.02,6113.0,6265.0,0.01,0.5048,-0.005,0.0014,-0.0162,0.0031,0.0,836.0,1859.0
2026-07-23 09:56:46,2026-07-23T09:41:05,741.59,2026-07-23,C,716.0,24.84,25.92,146.0,146.0,25.13,0.0,0.9946,0.0015,-0.0169,0.0033,0.0,10.0,1.0
2026-07-23 09:56:46,2026-07-23T09:41:05,741.59,2026-07-23,P,716.0,0.01,0.02,5152.0,5304.0,0.01,0.4874,-0.0054,0.0015,-0.0169,0.0033,0.0,2.0,1122.0
2026-07-23 09:56:46,2026-07-23T09:41:05,741.59,2026-07-23,C,717.0,24.25,24.79,24.0,24.0,23.92,0.0,0.9942,0.0017,-0.0178,0.0036,0.0,2.0,3.0
2026-07-23 09:56:46,2026-07-23T09:41:05,741.59,2026-07-23,P,717.0,0.01,0.02,5152.0,5302.0,0.02,0.47,-0.0058,0.0017,-0.0178,0.0036,0.0,506.0,267.0
2026-07-23 09:56:46,2026-07-23T09:41:05,741.59,2026-07-23,C,718.0,23.25,23.79,24.0,24.0,22.94,0.0,0.9938,0.0018,-0.0188,0.0038,0.0,6.0,11.0
2026-07-23 09:56:46,2026-07-23T09:41:05,741.59,2026-07-23,P,718.0,0.01,0.02,5151.0,5288.0,0.01,0.4526,-0.0062,0.0018,-0.0188,0.0038,0.0,4.0,2208.0
2026-07-23 09:56:46,2026-07-23T09:41:05,741.59,2026-07-23,C,719.0,22.25,22.8,43.0,43.0,21.95,0.0,0.9932,0.002,-0.0201,0.0041,0.0,40.0,1.0
2026-07-23 09:56:46,2026-07-23T09:41:05,741.59,2026-07-23,P,719.0,0.01,0.02,5111.0,5248.0,0.01,0.4351,-0.0068,0.002,-0.0201,0.0041,0.0,1112.0,727.0
2026-07-23 09:56:46,2026-07-23T09:41:05,741.59,2026-07-23,C,720.0,21.26,21.8,180.0,49.0,21.61,0.0,0.9925,0.0023,-0.0217,0.0045,0.0,19.0,24.0
2026-07-23 09:56:46,2026-07-23T09:41:05,741.59,2026-07-23,P,720.0,0.02,0.03,5150.0,5322.0,0.02,0.443,-0.0075,0.0023,-0.0217,0.0045,0.0,4577.0,5800.0
2026-07-23 09:56:46,2026-07-23T09:41:05,741.59,2026-07-23,C,721.0,20.26,20.8,167.0,49.0,19.96,0.0,0.9917,0.0026,-0.0236,0.005,0.0,40.0,2.0
2026-07-23 09:56:46,2026-07-23T09:41:05,741.59,2026-07-23,P,721.0,0.02,0.03,5180.0,5304.0,0.03,0.4246,-0.0083,0.0026,-0.0236,0.005,0.0,564.0,2993.0
2026-07-23 09:56:46,2026-07-23T09:41:05,741.59,2026-07-23,C,722.0,19.27,19.8,100.0,53.0,19.75,0.28,0.9906,0.003,-0.026,0.0055,0.0,10.0,5.0
2026-07-23 09:56:46,2026-07-23T09:41:05,741.59,2026-07-23,P,722.0,0.02,0.03,3900.0,3698.0,0.02,0.4062,-0.0094,0.003,-0.026,0.0055,0.0,558.0,1881.0
2026-07-23 09:56:46,2026-07-23T09:41:05,741.59,2026-07-23,C,723.0,18.27,18.8,53.0,52.0,18.53,0.2664,0.9894,0.0034,-0.0291,0.0062,0.0,8.0,1.0
2026-07-23 09:56:46,2026-07-23T09:41:05,741.59,2026-07-23,P,723.0,0.03,0.04,2638.0,3505.0,0.03,0.4047,-0.0106,0.0034,-0.0291,0.0062,0.0,1500.0,889.0
2026-07-23 09:56:46,2026-07-23T09:41:05,741.59,2026-07-23,C,724.0,17.44,17.8,100.0,127.0,17.55,0.455,0.9878,0.004,-0.0329,0.0069,0.0,31.0,11.0
2026-07-23 09:56:46,2026-07-23T09:41:05,741.59,2026-07-23,P,724.0,0.03,0.04,3632.0,3632.0,0.04,0.3855,-0.0122,0.004,-0.0329,0.0069,0.0,873.0,1574.0
2026-07-23 09:56:46,2026-07-23T09:41:05,741.59,2026-07-23,C,725.0,16.28,16.81,127.0,100.0,16.66,0.316,0.9858,0.0047,-0.0378,0.0079,0.0,34.0,22.0
2026-07-23 09:56:46,2026-07-23T09:41:05,741.59,2026-07-23,P,725.0,0.04,0.05,55.0,3673.0,0.04,0.3791,-0.0142,0.0047,-0.0378,0.0079,0.0,1938.0,1202.0
2026-07-23 09:56:46,2026-07-23T09:41:05,741.59,2026-07-23,C,726.0,15.28,15.81,84.0,100.0,15.39,0.2988,0.9832,0.0056,-0.0441,0.0091,0.0,26.0,3.0
2026-07-23 09:56:46,2026-07-23T09:41:05,741.59,2026-07-23,P,726.0,0.04,0.05,3526.0,3691.0,0.05,0.3592,-0.0168,0.0056,-0.0441,0.0091,0.0,540.0,1108.0
2026-07-23 09:56:46,2026-07-23T09:41:05,741.59,2026-07-23,C,727.0,14.29,14.82,42.0,65.0,14.46,0.3047,0.9799,0.0068,-0.0524,0.0106,0.0,11.0,6.0
2026-07-23 09:56:46,2026-07-23T09:41:05,741.59,2026-07-23,P,727.0,0.05,0.06,2537.0,3670.0,0.06,0.3494,-0.0201,0.0068,-0.0524,0.0106,0.0,1861.0,9514.0
2026-07-23 09:56:46,2026-07-23T09:41:05,741.59,2026-07-23,C,728.0,13.31,13.83,49.0,49.0,13.49,0.308,0.9756,0.0082,-0.0633,0.0125,0.0,28.0,17.0
2026-07-23 09:56:46,2026-07-23T09:41:05,741.59,2026-07-23,P,728.0,0.06,0.07,2416.0,3669.0,0.06,0.3375,-0.0244,0.0082,-0.0633,0.0125,0.0,6805.0,22361.0
2026-07-23 09:56:46,2026-07-23T09:41:05,741.59,2026-07-23,C,729.0,12.32,12.85,63.0,57.0,12.87,0.3037,0.97,0.0101,-0.0778,0.0148,0.0,68.0,58.0
2026-07-23 09:56:46,2026-07-23T09:41:05,741.59,2026-07-23,P,729.0,0.07,0.08,3486.0,3365.0,0.07,0.3239,-0.03,0.0101,-0.0778,0.0148,0.0,5439.0,1100.0
2026-07-23 09:56:46,2026-07-23T09:41:05,741.59,2026-07-23,C,730.0,11.38,11.81,72.0,54.0,11.59,0.309,0.9626,0.0125,-0.0973,0.0177,0.0,72.0,82.0
2026-07-23 09:56:46,2026-07-23T09:41:05,741.59,2026-07-23,P,730.0,0.09,0.1,2011.0,2151.0,0.1,0.315,-0.0374,0.0125,-0.0973,0.0177,0.0,4997.0,12521.0
2026-07-23 09:56:46,2026-07-23T09:41:05,741.59,2026-07-23,C,731.0,10.37,10.83,69.0,63.0,10.69,0.2735,0.9529,0.0155,-0.1236,0.0212,0.0,100.0,4.0
2026-07-23 09:56:46,2026-07-23T09:41:05,741.59,2026-07-23,P,731.0,0.11,0.12,2010.0,612.0,0.12,0.3031,-0.0471,0.0155,-0.1236,0.0212,0.0,3899.0,1967.0
2026-07-23 09:56:46,2026-07-23T09:41:05,741.59,2026-07-23,C,732.0,9.48,9.81,94.0,65.0,9.68,0.289,0.9401,0.0192,-0.1593,0.0256,0.0,125.0,5.0
2026-07-23 09:56:46,2026-07-23T09:41:05,741.59,2026-07-23,P,732.0,0.15,0.16,1900.0,1332.0,0.16,0.2974,-0.0599,0.0192,-0.1593,0.0256,0.0,6277.0,4385.0
2026-07-23 09:56:46,2026-07-23T09:41:05,741.59,2026-07-23,C,733.0,8.62,8.89,53.0,72.0,8.75,0.3127,0.9234,0.0239,-0.2076,0.0308,0.0,136.0,7.0
2026-07-23 09:56:46,2026-07-23T09:41:05,741.59,2026-07-23,P,733.0,0.2,0.21,986.0,1237.0,0.2,0.2906,-0.0766,0.0239,-0.2076,0.0308,0.0,6600.0,2235.0
2026-07-23 09:56:46,2026-07-23T09:41:05,741.59,2026-07-23,C,734.0,7.79,7.82,30.0,39.0,7.76,0.2851,0.9017,0.0295,-0.2731,0.0369,0.0,172.0,16.0
2026-07-23 09:56:46,2026-07-23T09:41:05,741.59,2026-07-23,P,734.0,0.27,0.28,504.0,960.0,0.28,0.285,-0.0983,0.0295,-0.2731,0.0369,0.0,5833.0,1286.0
2026-07-23 09:56:46,2026-07-23T09:41:05,741.59,2026-07-23,C,735.0,6.88,6.91,32.0,40.0,6.96,0.279,0.874,0.036,-0.361,0.0438,0.0,1821.0,123.0
2026-07-23 09:56:46,2026-07-23T09:41:05,741.59,2026-07-23,P,735.0,0.36,0.37,626.0,1.0,0.37,0.2789,-0.126,0.036,-0.361,0.0438,0.0,18113.0,6313.0
2026-07-23 09:56:46,2026-07-23T09:41:05,741.59,2026-07-23,C,736.0,6.0,6.03,32.0,40.0,6.09,0.2735,0.8393,0.0434,-0.478,0.0514,0.0,687.0,71.0
2026-07-23 09:56:46,2026-07-23T09:41:05,741.59,2026-07-23,P,736.0,0.48,0.49,292.0,50.0,0.48,0.2734,-0.1607,0.0434,-0.478,0.0514,0.0,10313.0,11610.0
2026-07-23 09:56:46,2026-07-23T09:41:05,741.59,2026-07-23,C,737.0,5.15,5.19,28.0,42.0,5.19,0.268,0.7965,0.0513,-0.6315,0.0593,0.0,1352.0,13.0
2026-07-23 09:56:46,2026-07-23T09:41:05,741.59,2026-07-23,P,737.0,0.64,0.65,296.0,408.0,0.64,0.2688,-0.2035,0.0513,-0.6315,0.0593,0.0,17435.0,9010.0
2026-07-23 09:56:46,2026-07-23T09:41:05,741.59,2026-07-23,C,738.0,4.35,4.38,31.0,126.0,4.39,0.2628,0.7452,0.0594,-0.8296,0.067,0.0,4184.0,103.0
2026-07-23 09:56:46,2026-07-23T09:41:05,741.59,2026-07-23,P,738.0,0.84,0.85,1.0,435.0,0.83,0.2635,-0.2547,0.0594,-0.8296,0.067,0.0,18495.0,6481.0
2026-07-23 09:56:46,2026-07-23T09:41:05,741.59,2026-07-23,C,739.0,3.61,3.63,7.0,79.0,3.55,0.2568,0.6855,0.067,-1.0801,0.0738,0.0,14373.0,669.0
2026-07-23 09:56:46,2026-07-23T09:41:05,741.59,2026-07-23,P,739.0,1.08,1.09,243.0,1.0,1.07,0.2567,-0.3145,0.067,-1.0801,0.0738,0.0,15819.0,5411.0
2026-07-23 09:56:46,2026-07-23T09:41:05,741.59,2026-07-23,C,740.0,2.92,2.93,9.0,70.0,2.94,0.2514,0.6178,0.0736,-1.3908,0.0791,0.0,26457.0,587.0
2026-07-23 09:56:46,2026-07-23T09:41:05,741.59,2026-07-23,P,740.0,1.39,1.4,182.0,296.0,1.38,0.2514,-0.3822,0.0736,-1.3908,0.0791,0.0,27762.0,13653.0
2026-07-23 09:56:46,2026-07-23T09:41:05,741.59,2026-07-23,C,741.0,2.29,2.3,297.0,2.0,2.32,0.2456,0.5433,0.0781,-1.7694,0.0821,0.0,31504.0,501.0
2026-07-23 09:56:46,2026-07-23T09:41:05,741.59,2026-07-23,P,741.0,1.77,1.78,98.0,8.0,1.76,0.2462,-0.4567,0.0781,-1.7694,0.0821,0.0,11854.0,4291.0
2026-07-23 09:56:46,2026-07-23T09:41:05,741.59,2026-07-23,C,742.0,1.76,1.77,16.0,310.0,1.77,0.2397,0.464,0.08,-1.7584,0.0822,0.0,36450.0,515.0
2026-07-23 09:56:46,2026-07-23T09:41:05,741.59,2026-07-23,P,742.0,2.22,2.24,109.0,35.0,2.21,0.2408,-0.536,0.08,-1.7584,0.0822,0.0,6620.0,3056.0
2026-07-23 09:56:46,2026-07-23T09:41:05,741.59,2026-07-23,C,743.0,1.29,1.3,166.0,251.0,1.31,0.2348,0.3828,0.0786,-1.2958,0.0791,0.0,26918.0,1502.0
2026-07-23 09:56:46,2026-07-23T09:41:05,741.59,2026-07-23,P,743.0,2.76,2.78,85.0,8.0,2.8,0.236,-0.6172,0.0786,-1.2958,0.0791,0.0,3802.0,4183.0
2026-07-23 09:56:46,2026-07-23T09:41:05,741.59,2026-07-23,C,744.0,0.92,0.93,440.0,187.0,0.93,0.231,0.3038,0.0734,-0.9206,0.0728,0.0,26405.0,1703.0
2026-07-23 09:56:46,2026-07-23T09:41:05,741.59,2026-07-23,P,744.0,3.38,3.4,37.0,6.0,3.38,0.2317,-0.6962,0.0734,-0.9206,0.0728,0.0,2564.0,6102.0
2026-07-23 09:56:46,2026-07-23T09:41:05,741.59,2026-07-23,C,745.0,0.63,0.64,466.0,309.0,0.64,0.2275,0.2316,0.0649,-0.6318,0.0638,0.0,37075.0,5602.0
2026-07-23 09:56:46,2026-07-23T09:41:05,741.59,2026-07-23,P,745.0,4.09,4.12,54.0,37.0,4.1,0.2282,-0.7684,0.0649,-0.6318,0.0638,0.0,6102.0,13004.0
2026-07-23 09:56:46,2026-07-23T09:41:05,741.59,2026-07-23,C,746.0,0.42,0.43,31.0,414.0,0.42,0.2256,0.1699,0.0544,-0.421,0.0534,0.0,22273.0,4431.0
2026-07-23 09:56:46,2026-07-23T09:41:05,741.59,2026-07-23,P,746.0,4.87,4.91,150.0,46.0,4.96,0.2246,-0.8301,0.0544,-0.421,0.0534,0.0,5156.0,8883.0
2026-07-23 09:56:46,2026-07-23T09:41:05,741.59,2026-07-23,C,747.0,0.27,0.28,624.0,882.0,0.28,0.2243,0.1206,0.0433,-0.2741,0.0428,0.0,12010.0,7503.0
2026-07-23 09:56:46,2026-07-23T09:41:05,741.59,2026-07-23,P,747.0,5.72,5.77,16.0,20.0,5.68,0.2254,-0.8794,0.0433,-0.2741,0.0428,0.0,3826.0,7913.0
2026-07-23 09:56:46,2026-07-23T09:41:05,741.59,2026-07-23,C,748.0,0.17,0.18,1742.0,1761.0,0.17,0.2243,0.0832,0.033,-0.1756,0.033,0.0,9266.0,12511.0
2026-07-23 09:56:46,2026-07-23T09:41:05,741.59,2026-07-23,P,748.0,6.51,6.76,84.0,84.0,6.52,0.1951,-0.9168,0.033,-0.1756,0.033,0.0,4696.0,10216.0
2026-07-23 09:56:46,2026-07-23T09:41:05,741.59,2026-07-23,C,749.0,0.1,0.11,2359.0,1733.0,0.11,0.2276,0.0563,0.0242,-0.1113,0.0247,0.0,6363.0,9998.0
2026-07-23 09:56:46,2026-07-23T09:41:05,741.59,2026-07-23,P,749.0,7.44,7.68,83.0,89.0,7.5,0.1781,-0.9437,0.0242,-0.1113,0.0247,0.0,1286.0,5349.0
2026-07-23 09:56:46,2026-07-23T09:41:05,741.59,2026-07-23,C,750.0,0.07,0.08,1285.0,3848.0,0.07,0.2311,0.0376,0.0174,-0.0703,0.0181,0.0,11634.0,14413.0
2026-07-23 09:56:46,2026-07-23T09:41:05,741.59,2026-07-23,P,750.0,8.39,8.67,72.0,59.0,8.5,0.0,-0.9624,0.0174,-0.0703,0.0181,0.0,634.0,5617.0
2026-07-23 09:56:46,2026-07-23T09:41:05,741.59,2026-07-23,C,751.0,0.04,0.05,3566.0,3846.0,0.04,0.232,0.025,0.0122,-0.0445,0.013,0.0,3208.0,8620.0
2026-07-23 09:56:46,2026-07-23T09:41:05,741.59,2026-07-23,P,751.0,9.35,9.64,50.0,60.0,9.26,0.0,-0.975,0.0122,-0.0445,0.013,0.0,269.0,2638.0
2026-07-23 09:56:46,2026-07-23T09:41:05,741.59,2026-07-23,C,752.0,0.03,0.04,3077.0,3959.0,0.03,0.2428,0.0166,0.0085,-0.0285,0.0093,0.0,5491.0,14676.0
2026-07-23 09:56:46,2026-07-23T09:41:05,741.59,2026-07-23,P,752.0,10.39,10.73,66.0,59.0,10.5,0.2744,-0.9834,0.0085,-0.0285,0.0093,0.0,264.0,1744.0
2026-07-23 09:56:46,2026-07-23T09:41:05,741.59,2026-07-23,C,753.0,0.02,0.03,3934.0,4038.0,0.04,0.2501,0.0111,0.0059,-0.0184,0.0066,0.0,2677.0,7607.0
2026-07-23 09:56:46,2026-07-23T09:41:05,741.59,2026-07-23,P,753.0,11.39,11.7,58.0,64.0,11.3,0.2807,-0.989,0.0059,-0.0184,0.0066,0.0,224.0,1476.0
2026-07-23 09:56:46,2026-07-23T09:41:05,741.59,2026-07-23,C,754.0,0.01,0.02,5183.0,5334.0,0.01,0.2517,0.0073,0.004,-0.0118,0.0047,0.0,918.0,6401.0
2026-07-23 09:56:46,2026-07-23T09:41:05,741.59,2026-07-23,P,754.0,12.39,12.74,24.0,52.0,12.61,0.313,-0.9927,0.004,-0.0118,0.0047,0.0,822.0,971.0
2026-07-23 09:56:46,2026-07-23T09:41:05,741.59,2026-07-23,C,755.0,0.01,0.02,5143.0,5265.0,0.01,0.2692,0.0048,0.0027,-0.0075,0.0032,0.0,2076.0,14125.0
2026-07-23 09:56:46,2026-07-23T09:41:05,741.59,2026-07-23,P,755.0,13.39,13.66,15.0,86.0,13.49,0.3748,-0.9952,0.0027,-0.0075,0.0032,0.0,541.0,1110.0
2026-07-23 09:56:46,2026-07-23T09:41:05,741.59,2026-07-23,C,756.0,0.01,0.02,5144.0,5260.0,0.02,0.2865,0.0031,0.0018,-0.0046,0.0022,0.0,1675.0,10210.0
2026-07-23 09:56:46,2026-07-23T09:41:05,741.59,2026-07-23,P,756.0,14.36,14.77,41.0,66.0,14.43,0.3619,-0.9969,0.0018,-0.0046,0.0022,0.0,118.0,8.0
2026-07-23 09:56:46,2026-07-23T09:41:05,741.59,2026-07-23,C,757.0,0.0,0.01,0.0,2163.0,0.01,0.2701,0.0019,0.0012,-0.0028,0.0014,0.0,3537.0,7041.0
2026-07-23 09:56:46,2026-07-23T09:41:05,741.59,2026-07-23,P,757.0,15.35,15.74,45.0,42.0,15.39,0.3699,-0.9981,0.0012,-0.0028,0.0014,0.0,214.0,6.0
2026-07-23 09:56:46,2026-07-23T09:41:05,741.59,2026-07-23,C,758.0,0.0,0.01,0.0,6293.0,0.01,0.2856,0.0012,0.0007,-0.0017,0.0009,0.0,35.0,4495.0
2026-07-23 09:56:46,2026-07-23T09:41:05,741.59,2026-07-23,P,758.0,16.26,16.72,2.0,1.0,16.69,0.3052,-0.9988,0.0007,-0.0017,0.0009,0.0,36.0,4.0
2026-07-23 09:56:46,2026-07-23T09:41:05,741.59,2026-07-23,C,759.0,0.0,0.01,0.0,6162.0,0.01,0.301,0.0007,0.0005,-0.001,0.0006,0.0,134.0,3361.0
2026-07-23 09:56:46,2026-07-23T09:41:05,741.59,2026-07-23,P,759.0,16.65,18.76,1.0,2.0,17.44,0.3584,-0.9993,0.0005,-0.001,0.0006,0.0,48.0,0.0
2026-07-23 09:56:46,2026-07-23T09:41:05,741.59,2026-07-23,C,760.0,0.0,0.01,0.0,6163.0,0.01,0.3164,0.0004,0.0003,-0.0005,0.0004,0.0,10.0,7975.0
2026-07-23 09:56:46,2026-07-23T09:41:05,741.59,2026-07-23,P,760.0,17.23,19.76,10.0,2.0,18.52,0.376,-0.9996,0.0003,-0.0005,0.0004,0.0,35.0,1.0
2026-07-23 09:56:46,2026-07-23T09:41:05,741.59,2026-07-23,C,761.0,0.0,0.01,0.0,6162.0,0.01,0.3316,0.0002,0.0002,-0.0003,0.0002,0.0,93.0,1883.0
2026-07-23 09:56:46,2026-07-23T09:41:05,741.59,2026-07-23,P,761.0,18.23,20.77,2.0,2.0,19.76,0.3936,-0.9998,0.0002,-0.0003,0.0002,0.0,31.0,0.0
2026-07-23 09:56:46,2026-07-23T09:41:05,741.59,2026-07-23,C,762.0,0.0,0.01,0.0,6162.0,0.01,0.3468,0.0001,0.0001,-0.0002,0.0001,0.0,3.0,1457.0
2026-07-23 09:56:46,2026-07-23T09:41:05,741.59,2026-07-23,P,762.0,19.23,22.26,1.0,10.0,20.72,0.5941,-0.9999,0.0001,-0.0002,0.0001,0.0,30.0,0.0
2026-07-23 09:56:46,2026-07-23T09:41:05,741.59,2026-07-23,C,763.0,0.0,0.01,0.0,6342.0,0.01,0.3619,0.0001,0.0,-0.0001,0.0001,0.0,12.0,13912.0
2026-07-23 09:56:46,2026-07-23T09:41:05,741.59,2026-07-23,P,763.0,20.23,23.26,1.0,10.0,21.71,0.6168,-0.9999,0.0,-0.0001,0.0001,0.0,26.0,0.0
2026-07-23 09:56:46,2026-07-23T09:41:05,741.59,2026-07-23,C,764.0,0.0,0.01,0.0,6402.0,0.01,0.3769,0.0,0.0,0.0,0.0,0.0,3.0,5314.0
2026-07-23 09:56:46,2026-07-23T09:41:05,741.59,2026-07-23,P,764.0,20.9,24.26,10.0,2.0,22.42,0.5356,-1.0,0.0,0.0,0.0,0.0,15.0,0.0
2026-07-23 09:56:46,2026-07-23T09:41:05,741.59,2026-07-23,C,765.0,0.0,0.01,0.0,6422.0,0.01,0.3918,0.0,0.0,0.0,0.0,0.0,11.0,8260.0
2026-07-23 09:56:46,2026-07-23T09:41:05,741.59,2026-07-23,P,765.0,21.9,25.19,10.0,10.0,23.53,0.5552,-1.0,0.0,0.0,0.0,0.0,22.0,0.0
2026-07-23 09:56:46,2026-07-23T09:41:05,741.59,2026-07-23,C,766.0,0.0,0.01,0.0,6122.0,0.01,0.4067,0.0,0.0,0.0,0.0,0.0,20.0,3265.0
2026-07-23 09:56:46,2026-07-23T09:41:05,741.59,2026-07-23,P,766.0,22.9,26.26,11.0,10.0,25.04,0.6043,-1.0,0.0,0.0,0.0,0.0,20.0,0.0
2026-07-23 09:56:46,2026-07-23T09:41:05,741.59,2026-07-23,C,767.0,0.0,0.01,0.0,6241.0,0.01,0.4215,0.0,0.0,0.0,0.0,0.0,0.0,2977.0
2026-07-23 09:56:46,2026-07-23T09:41:05,741.59,2026-07-23,P,767.0,25.25,26.02,2.0,1.0,25.87,0.6499,-1.0,0.0,0.0,0.0,0.0,20.0,0.0
2026-07-23 09:56:46,2026-07-23T09:41:05,741.59,2026-07-23,C,768.0,0.0,0.01,0.0,6242.0,0.01,0.4363,0.0,0.0,0.0,0.0,0.0,0.0,4740.0
2026-07-23 09:56:46,2026-07-23T09:41:05,741.59,2026-07-23,P,768.0,26.24,26.98,2.0,1.0,26.86,0.6035,-1.0,0.0,0.0,0.0,0.0,19.0,1.0
2026-07-23 09:56:46,2026-07-23T09:41:05,741.59,2026-07-23,C,769.0,0.0,0.01,0.0,6242.0,0.02,0.451,0.0,0.0,0.0,0.0,0.0,0.0,10436.0
2026-07-23 09:56:46,2026-07-23T09:41:05,741.59,2026-07-23,P,769.0,25.89,29.26,10.0,2.0,27.82,0.6278,-1.0,0.0,0.0,0.0,0.0,17.0,0.0
2026-07-23 09:56:46,2026-07-23T09:41:05,741.59,2026-07-23,C,770.0,0.0,0.01,0.0,3875.0,0.01,0.4656,0.0,0.0,0.0,0.0,0.0,0.0,10373.0
2026-07-23 09:56:46,2026-07-23T09:41:05,741.59,2026-07-23,P,770.0,26.89,30.26,10.0,2.0,28.8,0.6468,-1.0,0.0,0.0,0.0,0.0,21.0,0.0
2026-07-23 09:56:46,2026-07-23T09:41:05,741.59,2026-07-23,C,771.0,0.0,0.01,0.0,2242.0,0.01,0.4801,0.0,0.0,0.0,0.0,0.0,1.0,4646.0
2026-07-23 09:56:46,2026-07-23T09:41:05,741.59,2026-07-23,P,771.0,27.89,31.22,10.0,1.0,29.82,0.6657,-1.0,0.0,0.0,0.0,0.0,22.0,0.0
2026-07-23 09:56:46,2026-07-23T09:41:05,741.59,2026-07-23,C,772.0,0.0,0.01,0.0,2242.0,0.01,0.4946,0.0,0.0,0.0,0.0,0.0,0.0,1061.0
2026-07-23 09:56:46,2026-07-23T09:41:05,741.59,2026-07-23,P,772.0,28.89,32.26,10.0,10.0,30.89,0.6845,-1.0,0.0,0.0,0.0,0.0,24.0,0.0
2026-07-23 09:56:46,2026-07-23T09:41:05,741.59,2026-07-23,C,773.0,0.0,0.01,0.0,2242.0,0.01,0.5091,0.0,0.0,0.0,0.0,0.0,0.0,2371.0
2026-07-23 09:56:46,2026-07-23T09:41:05,741.59,2026-07-23,P,773.0,29.9,33.26,10.0,2.0,31.86,0.7088,-1.0,0.0,0.0,0.0,0.0,45.0,0.0
2026-07-23 09:56:46,2026-07-23T09:41:05,741.59,2026-07-23,C,774.0,0.0,0.01,0.0,2242.0,0.03,0.5235,0.0,0.0,0.0,0.0,0.0,0.0,288.0
2026-07-23 09:56:46,2026-07-23T09:41:05,741.59,2026-07-23,P,774.0,30.89,34.26,10.0,2.0,32.71,0.841,-1.0,0.0,0.0,0.0,0.0,30.0,0.0
2026-07-23 09:56:46,2026-07-23T09:41:05,741.59,2026-07-23,C,775.0,0.0,0.01,0.0,2242.0,0.01,0.5378,0.0,0.0,0.0,0.0,0.0,0.0,488.0
2026-07-23 09:56:46,2026-07-23T09:41:05,741.59,2026-07-23,P,775.0,31.89,35.26,10.0,10.0,33.86,0.7404,-1.0,0.0,0.0,0.0,0.0,166.0,0.0
2026-07-23 09:56:46,2026-07-23T09:41:05,741.59,2026-07-23,C,776.0,0.0,0.01,0.0,2242.0,0.01,0.5521,0.0,0.0,0.0,0.0,0.0,0.0,157.0
2026-07-23 09:56:46,2026-07-23T09:41:05,741.59,2026-07-23,P,776.0,32.87,36.26,10.0,10.0,34.75,0.9514,-1.0,0.0,0.0,0.0,0.0,138.0,0.0
2026-07-23 09:56:46,2026-07-23T09:41:05,741.59,2026-07-23,C,777.0,0.0,0.01,0.0,2242.0,0.01,0.5664,0.0,0.0,0.0,0.0,0.0,1.0,131.0
2026-07-23 09:56:46,2026-07-23T09:41:05,741.59,2026-07-23,P,777.0,34.18,37.26,1.0,2.0,35.69,0.7578,-1.0,0.0,0.0,0.0,0.0,24.0,0.0
2026-07-23 09:56:46,2026-07-23T09:41:05,741.59,2026-07-23,C,778.0,0.0,0.01,0.0,2241.0,0.02,0.5806,0.0,0.0,0.0,0.0,0.0,0.0,77.0
2026-07-23 09:56:46,2026-07-23T09:41:05,741.59,2026-07-23,P,778.0,35.07,38.26,1.0,2.0,36.72,1.0076,-1.0,0.0,0.0,0.0,0.0,21.0,0.0
2026-07-23 10:01:47,2026-07-23T09:46:05,741.52,2026-07-23,C,705.0,35.78,37.6,143.0,143.0,48.86,0.7212,0.9972,0.0006,-0.0109,0.0018,0.0,0.0,1.0
2026-07-23 10:01:47,2026-07-23T09:46:05,741.52,2026-07-23,P,705.0,0.0,0.01,0.0,6209.0,0.02,0.6166,-0.0028,0.0006,-0.0109,0.0018,0.0,0.0,11349.0
2026-07-23 10:01:47,2026-07-23T09:46:05,741.52,2026-07-23,C,706.0,34.78,36.6,143.0,143.0,42.04,0.7032,0.9971,0.0007,-0.0111,0.0019,0.0,0.0,21.0
2026-07-23 10:01:47,2026-07-23T09:46:05,741.52,2026-07-23,P,706.0,0.0,0.01,0.0,6209.0,0.01,0.6008,-0.0029,0.0007,-0.0111,0.0019,0.0,10.0,603.0
2026-07-23 10:01:47,2026-07-23T09:46:05,741.52,2026-07-23,C,707.0,33.78,35.6,145.0,145.0,40.49,0.6851,0.997,0.0007,-0.0112,0.0019,0.0,0.0,2.0
2026-07-23 10:01:47,2026-07-23T09:46:05,741.52,2026-07-23,P,707.0,0.0,0.01,0.0,6209.0,0.01,0.585,-0.003,0.0007,-0.0112,0.0019,0.0,5.0,443.0
2026-07-23 10:01:47,2026-07-23T09:46:05,741.52,2026-07-23,C,708.0,32.78,34.6,145.0,145.0,45.72,0.6671,0.9969,0.0008,-0.0114,0.002,0.0,0.0,3.0
2026-07-23 10:01:47,2026-07-23T09:46:05,741.52,2026-07-23,P,708.0,0.0,0.01,0.0,6209.0,0.01,0.5692,-0.0031,0.0008,-0.0114,0.002,0.0,1.0,149.0
2026-07-23 10:01:47,2026-07-23T09:46:05,741.52,2026-07-23,C,709.0,31.78,33.6,145.0,145.0,39.73,0.649,0.9968,0.0008,-0.0117,0.0021,0.0,0.0,3.0
2026-07-23 10:01:47,2026-07-23T09:46:05,741.52,2026-07-23,P,709.0,0.0,0.01,0.0,6199.0,0.01,0.5534,-0.0032,0.0008,-0.0117,0.0021,0.0,92.0,164.0
2026-07-23 10:01:47,2026-07-23T09:46:05,741.52,2026-07-23,C,710.0,30.78,32.6,143.0,143.0,38.21,0.6309,0.9966,0.0008,-0.0119,0.0022,0.0,0.0,19.0
2026-07-23 10:01:47,2026-07-23T09:46:05,741.52,2026-07-23,P,710.0,0.0,0.01,0.0,6288.0,0.01,0.5375,-0.0034,0.0008,-0.0119,0.0022,0.0,500.0,265.0
2026-07-23 10:01:47,2026-07-23T09:46:05,741.52,2026-07-23,C,711.0,29.78,31.6,137.0,137.0,0.0,0.6128,0.9964,0.0009,-0.0122,0.0023,0.0,0.0,0.0
2026-07-23 10:01:47,2026-07-23T09:46:05,741.52,2026-07-23,P,711.0,0.0,0.01,0.0,1687.0,0.01,0.5216,-0.0036,0.0009,-0.0122,0.0023,0.0,2342.0,1282.0
2026-07-23 10:01:47,2026-07-23T09:46:05,741.52,2026-07-23,C,712.0,28.78,30.62,135.0,135.0,35.79,0.6186,0.9963,0.001,-0.0126,0.0024,0.0,0.0,0.0
2026-07-23 10:01:47,2026-07-23T09:46:05,741.52,2026-07-23,P,712.0,0.01,0.02,6098.0,6217.0,0.02,0.5622,-0.0037,0.001,-0.0126,0.0024,0.0,1983.0,2401.0
2026-07-23 10:01:47,2026-07-23T09:46:05,741.52,2026-07-23,C,713.0,27.78,29.62,143.0,143.0,27.39,0.5999,0.996,0.0011,-0.013,0.0025,0.0,4.0,1.0
2026-07-23 10:01:47,2026-07-23T09:46:05,741.52,2026-07-23,P,713.0,0.01,0.02,6098.0,6216.0,0.01,0.5449,-0.004,0.0011,-0.013,0.0025,0.0,508.0,377.0
2026-07-23 10:01:47,2026-07-23T09:46:05,741.52,2026-07-23,C,714.0,26.79,28.62,18.0,110.0,39.79,0.5908,0.9958,0.0012,-0.0136,0.0027,0.0,0.0,1.0
2026-07-23 10:01:47,2026-07-23T09:46:05,741.52,2026-07-23,P,714.0,0.01,0.02,6153.0,6255.0,0.01,0.5275,-0.0042,0.0012,-0.0136,0.0027,0.0,1000.0,8473.0
2026-07-23 10:01:47,2026-07-23T09:46:05,741.52,2026-07-23,C,715.0,25.79,27.62,19.0,110.0,35.43,0.5717,0.9955,0.0013,-0.0142,0.0028,0.0,0.0,7.0
2026-07-23 10:01:47,2026-07-23T09:46:05,741.52,2026-07-23,P,715.0,0.01,0.02,6112.0,6214.0,0.01,0.51,-0.0045,0.0013,-0.0142,0.0028,0.0,836.0,1859.0
2026-07-23 10:01:47,2026-07-23T09:46:05,741.52,2026-07-23,C,716.0,24.84,26.61,105.0,18.0,25.13,0.5832,0.9952,0.0014,-0.0149,0.003,0.0,10.0,1.0
2026-07-23 10:01:47,2026-07-23T09:46:05,741.52,2026-07-23,P,716.0,0.01,0.02,5151.0,5253.0,0.01,0.4926,-0.0048,0.0014,-0.0149,0.003,0.0,172.0,1122.0
2026-07-23 10:01:47,2026-07-23T09:46:05,741.52,2026-07-23,C,717.0,24.25,25.61,33.0,33.0,23.92,0.7186,0.9948,0.0015,-0.0158,0.0032,0.0,2.0,3.0
2026-07-23 10:01:47,2026-07-23T09:46:05,741.52,2026-07-23,P,717.0,0.01,0.02,5151.0,5252.0,0.02,0.4751,-0.0052,0.0015,-0.0158,0.0032,0.0,506.0,267.0
2026-07-23 10:01:47,2026-07-23T09:46:05,741.52,2026-07-23,C,718.0,23.25,24.61,18.0,33.0,22.94,0.6946,0.9943,0.0017,-0.0169,0.0035,0.0,6.0,11.0
2026-07-23 10:01:47,2026-07-23T09:46:05,741.52,2026-07-23,P,718.0,0.01,0.02,5150.0,5252.0,0.01,0.4576,-0.0057,0.0017,-0.0169,0.0035,0.0,5.0,2208.0
2026-07-23 10:01:47,2026-07-23T09:46:05,741.52,2026-07-23,C,719.0,22.25,23.61,18.0,18.0,21.95,0.6704,0.9937,0.0019,-0.0182,0.0038,0.0,40.0,1.0
2026-07-23 10:01:47,2026-07-23T09:46:05,741.52,2026-07-23,P,719.0,0.01,0.02,5109.0,4674.0,0.02,0.44,-0.0063,0.0019,-0.0182,0.0038,0.0,1233.0,727.0
2026-07-23 10:01:47,2026-07-23T09:46:05,741.52,2026-07-23,C,720.0,21.26,22.61,107.0,18.0,21.61,0.6486,0.993,0.0022,-0.0198,0.0042,0.0,19.0,24.0
2026-07-23 10:01:47,2026-07-23T09:46:05,741.52,2026-07-23,P,720.0,0.02,0.03,4381.0,5212.0,0.02,0.4481,-0.007,0.0022,-0.0198,0.0042,0.0,5212.0,5800.0
2026-07-23 10:01:47,2026-07-23T09:46:05,741.52,2026-07-23,C,721.0,20.27,21.63,102.0,18.0,19.96,0.6311,0.9922,0.0025,-0.0218,0.0046,0.0,40.0,2.0
2026-07-23 10:01:47,2026-07-23T09:46:05,741.52,2026-07-23,P,721.0,0.02,0.03,5110.0,5240.0,0.03,0.4296,-0.0078,0.0025,-0.0218,0.0046,0.0,574.0,2993.0
2026-07-23 10:01:47,2026-07-23T09:46:05,741.52,2026-07-23,C,722.0,19.27,20.63,62.0,51.0,19.75,0.6064,0.9912,0.0028,-0.0242,0.0052,0.0,10.0,5.0
2026-07-23 10:01:47,2026-07-23T09:46:05,741.52,2026-07-23,P,722.0,0.02,0.03,5109.0,5211.0,0.03,0.411,-0.0088,0.0028,-0.0242,0.0052,0.0,560.0,1881.0
2026-07-23 10:01:47,2026-07-23T09:46:05,741.52,2026-07-23,C,723.0,18.28,19.62,55.0,114.0,18.53,0.5815,0.99,0.0033,-0.0272,0.0058,0.0,8.0,1.0
2026-07-23 10:01:47,2026-07-23T09:46:05,741.52,2026-07-23,P,723.0,0.02,0.03,3339.0,3065.0,0.03,0.3924,-0.01,0.0033,-0.0272,0.0058,0.0,1510.0,889.0
2026-07-23 10:01:47,2026-07-23T09:46:05,741.52,2026-07-23,C,724.0,17.28,18.62,62.0,117.0,18.14,0.5564,0.9884,0.0038,-0.0309,0.0066,0.0,32.0,11.0
2026-07-23 10:01:47,2026-07-23T09:46:05,741.52,2026-07-23,P,724.0,0.03,0.04,2504.0,3721.0,0.03,0.3903,-0.0116,0.0038,-0.0309,0.0066,0.0,1545.0,1574.0
2026-07-23 10:01:47,2026-07-23T09:46:05,741.52,2026-07-23,C,725.0,16.49,17.64,36.0,63.0,16.66,0.584,0.9865,0.0045,-0.0356,0.0075,0.0,34.0,22.0
2026-07-23 10:01:47,2026-07-23T09:46:05,741.52,2026-07-23,P,725.0,0.03,0.04,2954.0,3187.0,0.04,0.3708,-0.0135,0.0045,-0.0356,0.0075,0.0,2049.0,1202.0
2026-07-23 10:01:47,2026-07-23T09:46:05,741.52,2026-07-23,C,726.0,15.29,16.63,67.0,87.0,15.39,0.5097,0.9841,0.0054,-0.0415,0.0087,0.0,26.0,3.0
2026-07-23 10:01:47,2026-07-23T09:46:05,741.52,2026-07-23,P,726.0,0.04,0.05,2148.0,3533.0,0.05,0.3639,-0.0159,0.0054,-0.0415,0.0087,0.0,613.0,1108.0
2026-07-23 10:01:47,2026-07-23T09:46:05,741.52,2026-07-23,C,727.0,14.3,15.6,44.0,70.0,14.46,0.4802,0.9809,0.0065,-0.0492,0.0101,0.0,11.0,6.0
2026-07-23 10:01:47,2026-07-23T09:46:05,741.52,2026-07-23,P,727.0,0.04,0.05,3363.0,2318.0,0.05,0.3437,-0.0191,0.0065,-0.0492,0.0101,0.0,2180.0,9514.0
2026-07-23 10:01:47,2026-07-23T09:46:05,741.52,2026-07-23,C,728.0,13.31,13.91,66.0,50.0,13.49,0.0,0.9769,0.0079,-0.0593,0.0119,0.0,28.0,17.0
2026-07-23 10:01:47,2026-07-23T09:46:05,741.52,2026-07-23,P,728.0,0.05,0.06,3224.0,2189.0,0.06,0.3334,-0.0231,0.0079,-0.0593,0.0119,0.0,7965.0,22361.0
2026-07-23 10:01:47,2026-07-23T09:46:05,741.52,2026-07-23,C,729.0,12.33,12.92,58.0,144.0,12.96,0.0,0.9717,0.0097,-0.0726,0.014,0.0,70.0,58.0
2026-07-23 10:01:47,2026-07-23T09:46:05,741.52,2026-07-23,P,729.0,0.06,0.07,2766.0,487.0,0.07,0.3209,-0.0283,0.0097,-0.0726,0.014,0.0,6256.0,1100.0
2026-07-23 10:01:47,2026-07-23T09:46:05,741.52,2026-07-23,C,730.0,11.56,11.78,72.0,72.0,12.04,0.3228,0.9648,0.0119,-0.0904,0.0168,0.0,75.0,82.0
2026-07-23 10:01:47,2026-07-23T09:46:05,741.52,2026-07-23,P,730.0,0.08,0.09,2541.0,905.0,0.09,0.3135,-0.0352,0.0119,-0.0904,0.0168,0.0,6619.0,12521.0
2026-07-23 10:01:47,2026-07-23T09:46:05,741.52,2026-07-23,C,731.0,10.57,10.8,33.0,108.0,10.77,0.313,0.9557,0.0148,-0.1144,0.0201,0.0,111.0,4.0
2026-07-23 10:01:47,2026-07-23T09:46:05,741.52,2026-07-23,P,731.0,0.11,0.12,1083.0,1590.0,0.11,0.3026,-0.0443,0.0148,-0.1144,0.0201,0.0,9493.0,1967.0
2026-07-23 10:01:47,2026-07-23T09:46:05,741.52,2026-07-23,C,732.0,9.66,9.71,31.0,59.0,9.63,0.2937,0.9438,0.0184,-0.147,0.0242,0.0,132.0,5.0
2026-07-23 10:01:47,2026-07-23T09:46:05,741.52,2026-07-23,P,732.0,0.15,0.16,743.0,1816.0,0.14,0.2981,-0.0562,0.0184,-0.147,0.0242,0.0,9136.0,4385.0
2026-07-23 10:01:47,2026-07-23T09:46:05,741.52,2026-07-23,C,733.0,8.7,8.73,27.0,27.0,8.73,0.2887,0.9281,0.0229,-0.1912,0.0292,0.0,325.0,7.0
2026-07-23 10:01:47,2026-07-23T09:46:05,741.52,2026-07-23,P,733.0,0.2,0.21,942.0,1410.0,0.19,0.2887,-0.0719,0.0229,-0.1912,0.0292,0.0,7545.0,2235.0
2026-07-23 10:01:47,2026-07-23T09:46:05,741.52,2026-07-23,C,734.0,7.77,7.81,31.0,29.0,7.92,0.2817,0.9076,0.0284,-0.2513,0.0351,0.0,284.0,16.0
2026-07-23 10:01:47,2026-07-23T09:46:05,741.52,2026-07-23,P,734.0,0.26,0.27,385.0,480.0,0.26,0.2846,-0.0924,0.0284,-0.2513,0.0351,0.0,7543.0,1286.0
2026-07-23 10:01:47,2026-07-23T09:46:05,741.52,2026-07-23,C,735.0,6.87,6.9,28.0,26.0,7.04,0.2748,0.8812,0.0349,-0.3325,0.0419,0.0,2088.0,123.0
2026-07-23 10:01:47,2026-07-23T09:46:05,741.52,2026-07-23,P,735.0,0.35,0.36,833.0,388.0,0.36,0.2773,-0.1188,0.0349,-0.3325,0.0419,0.0,22308.0,6313.0
2026-07-23 10:01:47,2026-07-23T09:46:05,741.52,2026-07-23,C,736.0,5.98,6.02,39.0,163.0,6.02,0.2691,0.8478,0.0424,-0.4414,0.0494,0.0,872.0,71.0
2026-07-23 10:01:47,2026-07-23T09:46:05,741.52,2026-07-23,P,736.0,0.47,0.48,32.0,458.0,0.47,0.2712,-0.1522,0.0424,-0.4414,0.0494,0.0,14205.0,11610.0
2026-07-23 10:01:47,2026-07-23T09:46:05,741.52,2026-07-23,C,737.0,5.13,5.17,51.0,206.0,5.28,0.2645,0.8062,0.0505,-0.5855,0.0573,0.0,1725.0,13.0
2026-07-23 10:01:47,2026-07-23T09:46:05,741.52,2026-07-23,P,737.0,0.62,0.63,31.0,403.0,0.63,0.2654,-0.1938,0.0505,-0.5855,0.0573,0.0,20877.0,9010.0
2026-07-23 10:01:47,2026-07-23T09:46:05,741.52,2026-07-23,C,738.0,4.33,4.36,29.0,239.0,4.43,0.2579,0.756,0.0589,-0.773,0.0651,0.0,4515.0,103.0
2026-07-23 10:01:47,2026-07-23T09:46:05,741.52,2026-07-23,P,738.0,0.81,0.82,49.0,397.0,0.81,0.2594,-0.244,0.0589,-0.773,0.0651,0.0,23817.0,6481.0
2026-07-23 10:01:47,2026-07-23T09:46:05,741.52,2026-07-23,C,739.0,3.58,3.6,6.0,216.0,3.6,0.2528,0.6968,0.067,-1.0122,0.0722,0.0,15557.0,669.0
2026-07-23 10:01:47,2026-07-23T09:46:05,741.52,2026-07-23,P,739.0,1.05,1.06,20.0,433.0,1.06,0.2542,-0.3032,0.067,-1.0122,0.0722,0.0,23260.0,5411.0
2026-07-23 10:01:47,2026-07-23T09:46:05,741.52,2026-07-23,C,740.0,2.88,2.9,31.0,304.0,2.89,0.247,0.6292,0.074,-1.3112,0.0779,0.0,31659.0,587.0
2026-07-23 10:01:47,2026-07-23T09:46:05,741.52,2026-07-23,P,740.0,1.36,1.37,43.0,405.0,1.38,0.249,-0.3708,0.074,-1.3112,0.0779,0.0,39286.0,13653.0
2026-07-23 10:01:47,2026-07-23T09:46:05,741.52,2026-07-23,C,741.0,2.26,2.28,273.0,232.0,2.28,0.242,0.5543,0.0791,-1.6779,0.0813,0.0,39482.0,501.0
2026-07-23 10:01:47,2026-07-23T09:46:05,741.52,2026-07-23,P,741.0,1.74,1.75,184.0,12.0,1.74,0.2432,-0.4457,0.0791,-1.6779,0.0813,0.0,22729.0,4291.0
2026-07-23 10:01:47,2026-07-23T09:46:05,741.52,2026-07-23,C,742.0,1.72,1.73,114.0,241.0,1.73,0.2373,0.4739,0.0816,-1.7852,0.0819,0.0,53804.0,515.0
2026-07-23 10:01:47,2026-07-23T09:46:05,741.52,2026-07-23,P,742.0,2.19,2.2,38.0,11.0,2.21,0.238,-0.5261,0.0816,-1.7852,0.0819,0.0,14618.0,3056.0
2026-07-23 10:01:47,2026-07-23T09:46:05,741.52,2026-07-23,C,743.0,1.26,1.27,184.0,253.0,1.26,0.2324,0.391,0.0806,-1.3109,0.0791,0.0,42344.0,1502.0
2026-07-23 10:01:47,2026-07-23T09:46:05,741.52,2026-07-23,P,743.0,2.73,2.74,16.0,6.0,2.73,0.233,-0.609,0.0806,-1.3109,0.0791,0.0,6334.0,4183.0
2026-07-23 10:01:47,2026-07-23T09:46:05,741.52,2026-07-23,C,744.0,0.89,0.9,123.0,320.0,0.9,0.2269,0.3097,0.0756,-0.9254,0.073,0.0,38370.0,1703.0
2026-07-23 10:01:47,2026-07-23T09:46:05,741.52,2026-07-23,P,744.0,3.36,3.39,28.0,27.0,3.27,0.2283,-0.6903,0.0756,-0.9254,0.073,0.0,3771.0,6102.0
2026-07-23 10:01:47,2026-07-23T09:46:05,741.52,2026-07-23,C,745.0,0.6,0.61,206.0,393.0,0.6,0.2225,0.2349,0.067,-0.6286,0.064,0.0,53357.0,5602.0
2026-07-23 10:01:47,2026-07-23T09:46:05,741.52,2026-07-23,P,745.0,4.06,4.1,200.0,49.0,4.07,0.224,-0.7651,0.067,-0.6286,0.064,0.0,7507.0,13004.0
2026-07-23 10:01:47,2026-07-23T09:46:05,741.52,2026-07-23,C,746.0,0.39,0.4,377.0,527.0,0.4,0.2208,0.1708,0.056,-0.4128,0.0533,0.0,30946.0,4431.0
2026-07-23 10:01:47,2026-07-23T09:46:05,741.52,2026-07-23,P,746.0,4.85,4.89,16.0,51.0,4.8,0.2208,-0.8292,0.056,-0.4128,0.0533,0.0,5797.0,8883.0
2026-07-23 10:01:47,2026-07-23T09:46:05,741.52,2026-07-23,C,747.0,0.24,0.25,1094.0,457.0,0.24,0.217,0.1196,0.0443,-0.264,0.0423,0.0,16773.0,7503.0
2026-07-23 10:01:47,2026-07-23T09:46:05,741.52,2026-07-23,P,747.0,5.71,5.74,30.0,27.0,5.73,0.2194,-0.8804,0.0443,-0.264,0.0423,0.0,4019.0,7913.0
2026-07-23 10:01:47,2026-07-23T09:46:05,741.52,2026-07-23,C,748.0,0.15,0.16,601.0,1133.0,0.16,0.219,0.0813,0.0334,-0.1658,0.0323,0.0,13446.0,12511.0
2026-07-23 10:01:47,2026-07-23T09:46:05,741.52,2026-07-23,P,748.0,6.51,6.7,3.0,72.0,6.5,0.219,-0.9187,0.0334,-0.1658,0.0323,0.0,4879.0,10216.0
2026-07-23 10:01:47,2026-07-23T09:46:05,741.52,2026-07-23,C,749.0,0.09,0.1,1791.0,984.0,0.1,0.217,0.0542,0.0242,-0.1032,0.0239,0.0,8070.0,9998.0
2026-07-23 10:01:47,2026-07-23T09:46:05,741.52,2026-07-23,P,749.0,7.56,7.64,6.0,31.0,7.39,0.2278,-0.9458,0.0242,-0.1032,0.0239,0.0,1468.0,5349.0
2026-07-23 10:01:47,2026-07-23T09:46:05,741.52,2026-07-23,C,750.0,0.06,0.07,1594.0,2537.0,0.07,0.2237,0.0357,0.0171,-0.0644,0.0173,0.0,13462.0,14413.0
2026-07-23 10:01:47,2026-07-23T09:46:05,741.52,2026-07-23,P,750.0,8.36,8.6,1.0,37.0,8.42,0.2172,-0.9643,0.0171,-0.0644,0.0173,0.0,719.0,5617.0
2026-07-23 10:01:47,2026-07-23T09:46:05,741.52,2026-07-23,C,751.0,0.04,0.05,2223.0,3474.0,0.05,0.2307,0.0236,0.0119,-0.0407,0.0124,0.0,3794.0,8620.0
2026-07-23 10:01:47,2026-07-23T09:46:05,741.52,2026-07-23,P,751.0,9.3,9.58,74.0,62.0,8.98,0.242,-0.9764,0.0119,-0.0407,0.0124,0.0,500.0,2638.0
2026-07-23 10:01:47,2026-07-23T09:46:05,741.52,2026-07-23,C,752.0,0.03,0.04,81.0,3477.0,0.03,0.2417,0.0157,0.0083,-0.0262,0.0089,0.0,5953.0,14676.0
2026-07-23 10:01:47,2026-07-23T09:46:05,741.52,2026-07-23,P,752.0,10.33,10.57,60.0,54.0,10.34,0.2234,-0.9843,0.0083,-0.0262,0.0089,0.0,297.0,1744.0
2026-07-23 10:01:47,2026-07-23T09:46:05,741.52,2026-07-23,C,753.0,0.02,0.03,2287.0,3519.0,0.02,0.2492,0.0105,0.0057,-0.0169,0.0063,0.0,2970.0,7607.0
2026-07-23 10:01:47,2026-07-23T09:46:05,741.52,2026-07-23,P,753.0,11.27,11.57,60.0,45.0,10.85,0.2556,-0.9895,0.0057,-0.0169,0.0063,0.0,237.0,1476.0
2026-07-23 10:01:47,2026-07-23T09:46:05,741.52,2026-07-23,C,754.0,0.01,0.02,5081.0,5260.0,0.02,0.2509,0.0069,0.0039,-0.0108,0.0044,0.0,1160.0,6401.0
2026-07-23 10:01:47,2026-07-23T09:46:05,741.52,2026-07-23,P,754.0,12.31,12.56,1.0,61.0,12.15,0.2679,-0.9931,0.0039,-0.0108,0.0044,0.0,844.0,971.0
2026-07-23 10:01:47,2026-07-23T09:46:05,741.52,2026-07-23,C,755.0,0.01,0.02,5140.0,5263.0,0.01,0.2685,0.0045,0.0026,-0.0068,0.003,0.0,2425.0,14125.0
2026-07-23 10:01:47,2026-07-23T09:46:05,741.52,2026-07-23,P,755.0,13.31,13.56,1.0,66.0,12.72,0.0,-0.9955,0.0026,-0.0068,0.003,0.0,622.0,1110.0
2026-07-23 10:01:47,2026-07-23T09:46:05,741.52,2026-07-23,C,756.0,0.01,0.02,4509.0,5260.0,0.01,0.286,0.0028,0.0017,-0.0041,0.002,0.0,2153.0,10210.0
2026-07-23 10:01:47,2026-07-23T09:46:05,741.52,2026-07-23,P,756.0,14.32,14.76,42.0,135.0,14.43,0.3939,-0.9972,0.0017,-0.0041,0.002,0.0,118.0,8.0
2026-07-23 10:01:47,2026-07-23T09:46:05,741.52,2026-07-23,C,757.0,0.0,0.01,0.0,2243.0,0.01,0.2696,0.0018,0.0011,-0.0025,0.0013,0.0,3844.0,7041.0
2026-07-23 10:01:47,2026-07-23T09:46:05,741.52,2026-07-23,P,757.0,15.33,15.56,21.0,19.0,15.39,0.0,-0.9982,0.0011,-0.0025,0.0013,0.0,214.0,6.0
2026-07-23 10:01:47,2026-07-23T09:46:05,741.52,2026-07-23,C,758.0,0.0,0.01,0.0,6253.0,0.01,0.2853,0.0011,0.0007,-0.0014,0.0008,0.0,36.0,4495.0
2026-07-23 10:01:47,2026-07-23T09:46:05,741.52,2026-07-23,P,758.0,16.02,16.83,2.0,1.0,16.69,0.0,-0.9989,0.0007,-0.0014,0.0008,0.0,36.0,4.0
2026-07-23 10:01:47,2026-07-23T09:46:05,741.52,2026-07-23,C,759.0,0.0,0.01,0.0,6242.0,0.01,0.3008,0.0006,0.0004,-0.0008,0.0005,0.0,145.0,3361.0
2026-07-23 10:01:47,2026-07-23T09:46:05,741.52,2026-07-23,P,759.0,17.02,17.67,1.0,2.0,17.09,0.0,-0.9994,0.0004,-0.0008,0.0005,0.0,49.0,0.0
2026-07-23 10:01:47,2026-07-23T09:46:05,741.52,2026-07-23,C,760.0,0.0,0.01,0.0,6163.0,0.01,0.3162,0.0004,0.0002,-0.0004,0.0003,0.0,10.0,7975.0
2026-07-23 10:01:47,2026-07-23T09:46:05,741.52,2026-07-23,P,760.0,18.17,18.67,1.0,100.0,17.99,0.4006,-0.9996,0.0002,-0.0004,0.0003,0.0,36.0,1.0
2026-07-23 10:01:47,2026-07-23T09:46:05,741.52,2026-07-23,C,761.0,0.0,0.01,0.0,6162.0,0.01,0.3316,0.0002,0.0001,-0.0002,0.0002,0.0,93.0,1883.0
2026-07-23 10:01:47,2026-07-23T09:46:05,741.52,2026-07-23,P,761.0,18.21,20.64,1.0,1.0,19.76,0.4117,-0.9998,0.0001,-0.0002,0.0002,0.0,31.0,0.0
2026-07-23 10:01:47,2026-07-23T09:46:05,741.52,2026-07-23,C,762.0,0.0,0.01,0.0,6162.0,0.01,0.3469,0.0001,0.0001,-0.0001,0.0001,0.0,3.0,1457.0
2026-07-23 10:01:47,2026-07-23T09:46:05,741.52,2026-07-23,P,762.0,19.07,22.23,1.0,1.0,20.72,0.5329,-0.9999,0.0001,-0.0001,0.0001,0.0,30.0,0.0
2026-07-23 10:01:47,2026-07-23T09:46:05,741.52,2026-07-23,C,763.0,0.0,0.01,0.0,6302.0,0.01,0.3621,0.0001,0.0,-0.0001,0.0001,0.0,12.0,13912.0
2026-07-23 10:01:47,2026-07-23T09:46:05,741.52,2026-07-23,P,763.0,20.07,23.23,1.0,1.0,21.71,0.554,-0.9999,0.0,-0.0001,0.0001,0.0,26.0,0.0
2026-07-23 10:01:47,2026-07-23T09:46:05,741.52,2026-07-23,C,764.0,0.0,0.01,0.0,6362.0,0.01,0.3772,0.0,0.0,0.0,0.0,0.0,3.0,5314.0
2026-07-23 10:01:47,2026-07-23T09:46:05,741.52,2026-07-23,P,764.0,20.75,24.23,1.0,1.0,22.42,0.575,-1.0,0.0,0.0,0.0,0.0,15.0,0.0
2026-07-23 10:01:47,2026-07-23T09:46:05,741.52,2026-07-23,C,765.0,0.0,0.01,0.0,6422.0,0.01,0.3922,0.0,0.0,0.0,0.0,0.0,12.0,8260.0
2026-07-23 10:01:47,2026-07-23T09:46:05,741.52,2026-07-23,P,765.0,23.21,25.23,1.0,1.0,23.53,0.7806,-1.0,0.0,0.0,0.0,0.0,22.0,0.0
2026-07-23 10:01:47,2026-07-23T09:46:05,741.52,2026-07-23,C,766.0,0.0,0.01,0.0,6122.0,0.01,0.4072,0.0,0.0,0.0,0.0,0.0,20.0,3265.0
2026-07-23 10:01:47,2026-07-23T09:46:05,741.52,2026-07-23,P,766.0,22.72,26.18,10.0,2.0,25.04,0.0,-1.0,0.0,0.0,0.0,0.0,20.0,0.0
2026-07-23 10:01:47,2026-07-23T09:46:05,741.52,2026-07-23,C,767.0,0.0,0.01,0.0,6241.0,0.01,0.4221,0.0,0.0,0.0,0.0,0.0,0.0,2977.0
2026-07-23 10:01:47,2026-07-23T09:46:05,741.52,2026-07-23,P,767.0,24.98,25.65,2.0,1.0,25.53,0.5279,-1.0,0.0,0.0,0.0,0.0,22.0,0.0
2026-07-23 10:01:47,2026-07-23T09:46:05,741.52,2026-07-23,C,768.0,0.0,0.01,0.0,6242.0,0.01,0.4369,0.0,0.0,0.0,0.0,0.0,0.0,4740.0
2026-07-23 10:01:47,2026-07-23T09:46:05,741.52,2026-07-23,P,768.0,26.24,26.65,2.0,1.0,26.43,0.5366,-1.0,0.0,0.0,0.0,0.0,22.0,1.0
2026-07-23 10:01:47,2026-07-23T09:46:05,741.52,2026-07-23,C,769.0,0.0,0.01,0.0,2242.0,0.02,0.4517,0.0,0.0,0.0,0.0,0.0,0.0,10436.0
2026-07-23 10:01:47,2026-07-23T09:46:05,741.52,2026-07-23,P,769.0,25.75,29.23,1.0,1.0,27.82,0.607,-1.0,0.0,0.0,0.0,0.0,17.0,0.0
2026-07-23 10:01:47,2026-07-23T09:46:05,741.52,2026-07-23,C,770.0,0.0,0.01,0.0,3936.0,0.01,0.4664,0.0,0.0,0.0,0.0,0.0,0.0,10373.0
2026-07-23 10:01:47,2026-07-23T09:46:05,741.52,2026-07-23,P,770.0,26.75,30.23,1.0,1.0,28.8,0.6256,-1.0,0.0,0.0,0.0,0.0,21.0,0.0
2026-07-23 10:01:47,2026-07-23T09:46:05,741.52,2026-07-23,C,771.0,0.0,0.01,0.0,2242.0,0.01,0.4811,0.0,0.0,0.0,0.0,0.0,1.0,4646.0
2026-07-23 10:01:47,2026-07-23T09:46:05,741.52,2026-07-23,P,771.0,27.75,31.23,1.0,1.0,29.82,0.6442,-1.0,0.0,0.0,0.0,0.0,22.0,0.0
2026-07-23 10:01:47,2026-07-23T09:46:05,741.52,2026-07-23,C,772.0,0.0,0.01,0.0,2242.0,0.01,0.4957,0.0,0.0,0.0,0.0,0.0,0.0,1061.0
2026-07-23 10:01:47,2026-07-23T09:46:05,741.52,2026-07-23,P,772.0,28.75,32.23,1.0,1.0,30.89,0.6626,-1.0,0.0,0.0,0.0,0.0,24.0,0.0
2026-07-23 10:01:47,2026-07-23T09:46:05,741.52,2026-07-23,C,773.0,0.0,0.01,0.0,2242.0,0.01,0.5102,0.0,0.0,0.0,0.0,0.0,0.0,2371.0
2026-07-23 10:01:47,2026-07-23T09:46:05,741.52,2026-07-23,P,773.0,29.75,33.23,1.0,1.0,31.86,0.681,-1.0,0.0,0.0,0.0,0.0,45.0,0.0
2026-07-23 10:01:47,2026-07-23T09:46:05,741.52,2026-07-23,C,774.0,0.0,0.01,0.0,2242.0,0.03,0.5247,0.0,0.0,0.0,0.0,0.0,0.0,288.0
2026-07-23 10:01:47,2026-07-23T09:46:05,741.52,2026-07-23,P,774.0,30.75,34.23,2.0,1.0,32.71,0.6992,-1.0,0.0,0.0,0.0,0.0,30.0,0.0
2026-07-23 10:01:47,2026-07-23T09:46:05,741.52,2026-07-23,C,775.0,0.0,0.01,0.0,2242.0,0.01,0.5392,0.0,0.0,0.0,0.0,0.0,0.0,488.0
2026-07-23 10:01:47,2026-07-23T09:46:05,741.52,2026-07-23,P,775.0,31.75,35.23,1.0,10.0,33.86,0.9088,-1.0,0.0,0.0,0.0,0.0,166.0,0.0
2026-07-23 10:01:47,2026-07-23T09:46:05,741.52,2026-07-23,C,776.0,0.0,0.01,0.0,2242.0,0.01,0.5536,0.0,0.0,0.0,0.0,0.0,0.0,157.0
2026-07-23 10:01:47,2026-07-23T09:46:05,741.52,2026-07-23,P,776.0,32.72,36.23,10.0,10.0,34.75,0.898,-1.0,0.0,0.0,0.0,0.0,138.0,0.0
2026-07-23 10:01:47,2026-07-23T09:46:05,741.52,2026-07-23,C,777.0,0.0,0.01,0.0,2242.0,0.01,0.5679,0.0,0.0,0.0,0.0,0.0,1.0,131.0
2026-07-23 10:01:47,2026-07-23T09:46:05,741.52,2026-07-23,P,777.0,34.81,35.67,2.0,1.0,34.8,0.6908,-1.0,0.0,0.0,0.0,0.0,25.0,0.0
2026-07-23 10:01:47,2026-07-23T09:46:05,741.52,2026-07-23,C,778.0,0.0,0.01,0.0,2241.0,0.02,0.5822,0.0,0.0,0.0,0.0,0.0,0.0,77.0
2026-07-23 10:01:47,2026-07-23T09:46:05,741.52,2026-07-23,P,778.0,36.25,36.65,1.0,1.0,35.7,0.0,-1.0,0.0,0.0,0.0,0.0,22.0,0.0
2026-07-23 10:06:49,2026-07-23T09:51:06,740.34,2026-07-23,C,704.0,36.14,37.95,219.0,38.0,44.5,1.2249,0.997,0.0007,-0.0117,0.0019,0.0,0.0,5.0
2026-07-23 10:06:49,2026-07-23T09:51:06,740.34,2026-07-23,P,704.0,0.0,0.01,0.0,6144.0,0.01,0.616,-0.003,0.0007,-0.0117,0.0019,0.0,1.0,9958.0
2026-07-23 10:06:49,2026-07-23T09:51:06,740.34,2026-07-23,C,705.0,34.49,36.95,38.0,38.0,48.86,1.0562,0.997,0.0007,-0.0117,0.002,0.0,0.0,1.0
2026-07-23 10:06:49,2026-07-23T09:51:06,740.34,2026-07-23,P,705.0,0.0,0.01,0.0,6104.0,0.02,0.6001,-0.0031,0.0007,-0.0117,0.002,0.0,0.0,11349.0
2026-07-23 10:06:49,2026-07-23T09:51:06,740.34,2026-07-23,C,706.0,34.14,35.95,219.0,38.0,42.04,1.1708,0.9969,0.0007,-0.0118,0.002,0.0,0.0,21.0
2026-07-23 10:06:49,2026-07-23T09:51:06,740.34,2026-07-23,P,706.0,0.0,0.01,0.0,6144.0,0.01,0.5841,-0.0031,0.0007,-0.0118,0.002,0.0,10.0,603.0
2026-07-23 10:06:49,2026-07-23T09:51:06,740.34,2026-07-23,C,707.0,33.14,34.95,219.0,38.0,40.49,1.1437,0.9968,0.0008,-0.0119,0.0021,0.0,0.0,2.0
2026-07-23 10:06:49,2026-07-23T09:51:06,740.34,2026-07-23,P,707.0,0.0,0.01,0.0,6104.0,0.01,0.5682,-0.0032,0.0008,-0.0119,0.0021,0.0,5.0,443.0
2026-07-23 10:06:49,2026-07-23T09:51:06,740.34,2026-07-23,C,708.0,32.14,33.95,219.0,38.0,45.72,1.1165,0.9967,0.0008,-0.012,0.0021,0.0,0.0,3.0
2026-07-23 10:06:49,2026-07-23T09:51:06,740.34,2026-07-23,P,708.0,0.0,0.01,0.0,6144.0,0.01,0.5522,-0.0033,0.0008,-0.012,0.0021,0.0,28.0,149.0
2026-07-23 10:06:49,2026-07-23T09:51:06,740.34,2026-07-23,C,709.0,31.14,32.95,219.0,38.0,39.73,1.0892,0.9966,0.0009,-0.0121,0.0022,0.0,0.0,3.0
2026-07-23 10:06:49,2026-07-23T09:51:06,740.34,2026-07-23,P,709.0,0.0,0.01,0.0,2254.0,0.01,0.5362,-0.0034,0.0009,-0.0121,0.0022,0.0,92.0,164.0
2026-07-23 10:06:49,2026-07-23T09:51:06,740.34,2026-07-23,C,710.0,30.14,31.95,222.0,38.0,38.21,1.0619,0.9964,0.0009,-0.0122,0.0023,0.0,0.0,19.0
2026-07-23 10:06:49,2026-07-23T09:51:06,740.34,2026-07-23,P,710.0,0.0,0.01,0.0,2224.0,0.01,0.5202,-0.0036,0.0009,-0.0122,0.0023,0.0,500.0,265.0
2026-07-23 10:06:49,2026-07-23T09:51:06,740.34,2026-07-23,C,711.0,29.15,30.95,38.0,38.0,0.0,1.0361,0.9963,0.001,-0.0124,0.0024,0.0,0.0,0.0
2026-07-23 10:06:49,2026-07-23T09:51:06,740.34,2026-07-23,P,711.0,0.0,0.01,0.0,2263.0,0.01,0.5042,-0.0037,0.001,-0.0124,0.0024,0.0,2381.0,1282.0
2026-07-23 10:06:49,2026-07-23T09:51:06,740.34,2026-07-23,C,712.0,28.15,29.96,38.0,219.0,35.79,1.0102,0.9961,0.0011,-0.0126,0.0024,0.0,0.0,0.0
2026-07-23 10:06:49,2026-07-23T09:51:06,740.34,2026-07-23,P,712.0,0.01,0.02,6001.0,6344.0,0.02,0.5431,-0.0039,0.0011,-0.0126,0.0025,0.0,2212.0,2401.0
2026-07-23 10:06:49,2026-07-23T09:51:06,740.34,2026-07-23,C,713.0,27.15,28.96,38.0,219.0,27.39,0.9824,0.9959,0.0011,-0.0128,0.0026,0.0,4.0,1.0
2026-07-23 10:06:49,2026-07-23T09:51:06,740.34,2026-07-23,P,713.0,0.01,0.02,6143.0,6264.0,0.01,0.5255,-0.0041,0.0011,-0.0128,0.0026,0.0,508.0,377.0
2026-07-23 10:06:49,2026-07-23T09:51:06,740.34,2026-07-23,C,714.0,26.14,27.96,219.0,219.0,39.79,0.953,0.9957,0.0012,-0.0131,0.0027,0.0,0.0,1.0
2026-07-23 10:06:49,2026-07-23T09:51:06,740.34,2026-07-23,P,714.0,0.01,0.02,6143.0,6264.0,0.01,0.508,-0.0043,0.0012,-0.0131,0.0027,0.0,1000.0,8473.0
2026-07-23 10:06:49,2026-07-23T09:51:06,740.34,2026-07-23,C,715.0,25.14,26.96,219.0,219.0,35.43,0.925,0.9955,0.0013,-0.0135,0.0028,0.0,0.0,7.0
2026-07-23 10:06:49,2026-07-23T09:51:06,740.34,2026-07-23,P,715.0,0.01,0.02,6143.0,6264.0,0.01,0.4903,-0.0045,0.0013,-0.0135,0.0028,0.0,863.0,1859.0
2026-07-23 10:06:49,2026-07-23T09:51:06,740.34,2026-07-23,C,716.0,24.09,25.96,38.0,225.0,25.13,0.8891,0.9952,0.0015,-0.014,0.003,0.0,10.0,1.0
2026-07-23 10:06:49,2026-07-23T09:51:06,740.34,2026-07-23,P,716.0,0.01,0.02,5158.0,5264.0,0.01,0.4727,-0.0048,0.0015,-0.014,0.003,0.0,183.0,1122.0
2026-07-23 10:06:49,2026-07-23T09:51:06,740.34,2026-07-23,C,717.0,23.15,24.96,22.0,185.0,23.92,0.8702,0.9949,0.0016,-0.0146,0.0032,0.0,2.0,3.0
2026-07-23 10:06:49,2026-07-23T09:51:06,740.34,2026-07-23,P,717.0,0.01,0.02,5157.0,5263.0,0.02,0.455,-0.0051,0.0016,-0.0146,0.0032,0.0,506.0,267.0
2026-07-23 10:06:49,2026-07-23T09:51:06,740.34,2026-07-23,C,718.0,22.15,23.96,22.0,184.0,22.94,0.8418,0.9944,0.0018,-0.0154,0.0034,0.0,6.0,11.0
2026-07-23 10:06:49,2026-07-23T09:51:06,740.34,2026-07-23,P,718.0,0.01,0.02,5157.0,5263.0,0.01,0.4373,-0.0056,0.0018,-0.0154,0.0034,0.0,5.0,2208.0
2026-07-23 10:06:49,2026-07-23T09:51:06,740.34,2026-07-23,C,719.0,20.5,22.47,218.0,38.0,21.95,0.588,0.9939,0.002,-0.0164,0.0037,0.0,40.0,1.0
2026-07-23 10:06:49,2026-07-23T09:51:06,740.34,2026-07-23,P,719.0,0.01,0.02,5156.0,5263.0,0.01,0.4195,-0.0061,0.002,-0.0165,0.0037,0.0,1370.0,727.0
2026-07-23 10:06:49,2026-07-23T09:51:06,740.34,2026-07-23,C,720.0,20.15,21.47,100.0,38.0,21.61,0.7082,0.9933,0.0022,-0.0178,0.0041,0.0,19.0,24.0
2026-07-23 10:06:49,2026-07-23T09:51:06,740.34,2026-07-23,P,720.0,0.02,0.03,4792.0,5428.0,0.02,0.4264,-0.0067,0.0022,-0.0178,0.0041,0.0,5573.0,5800.0
2026-07-23 10:06:49,2026-07-23T09:51:06,740.34,2026-07-23,C,721.0,19.16,20.47,64.0,73.0,19.96,0.6827,0.9925,0.0026,-0.0195,0.0045,0.0,40.0,2.0
2026-07-23 10:06:49,2026-07-23T09:51:06,740.34,2026-07-23,P,721.0,0.02,0.03,5041.0,5278.0,0.02,0.4077,-0.0075,0.0026,-0.0195,0.0045,0.0,577.0,2993.0
2026-07-23 10:06:49,2026-07-23T09:51:06,740.34,2026-07-23,C,722.0,17.73,19.47,100.0,67.0,19.75,0.5755,0.9914,0.003,-0.0218,0.005,0.0,10.0,5.0
2026-07-23 10:06:49,2026-07-23T09:51:06,740.34,2026-07-23,P,722.0,0.02,0.03,5144.0,5279.0,0.03,0.3888,-0.0086,0.003,-0.0218,0.005,0.0,560.0,1881.0
2026-07-23 10:06:49,2026-07-23T09:51:06,740.34,2026-07-23,C,723.0,16.74,18.48,131.0,62.0,18.53,0.5544,0.9901,0.0035,-0.0248,0.0057,0.0,8.0,1.0
2026-07-23 10:06:49,2026-07-23T09:51:06,740.34,2026-07-23,P,723.0,0.02,0.03,3885.0,3988.0,0.03,0.37,-0.0099,0.0035,-0.0248,0.0057,0.0,1535.0,889.0
2026-07-23 10:06:49,2026-07-23T09:51:06,740.34,2026-07-23,C,724.0,15.74,17.48,131.0,65.0,18.14,0.5289,0.9883,0.0042,-0.0288,0.0066,0.0,32.0,11.0
2026-07-23 10:06:49,2026-07-23T09:51:06,740.34,2026-07-23,P,724.0,0.03,0.04,1.0,3767.0,0.04,0.3669,-0.0117,0.0042,-0.0288,0.0066,0.0,1656.0,1574.0
2026-07-23 10:06:49,2026-07-23T09:51:06,740.34,2026-07-23,C,725.0,15.16,16.48,176.0,91.0,16.66,0.5737,0.986,0.005,-0.0342,0.0077,0.0,34.0,22.0
2026-07-23 10:06:49,2026-07-23T09:51:06,740.34,2026-07-23,P,725.0,0.03,0.04,3535.0,3647.0,0.04,0.3471,-0.014,0.0051,-0.0343,0.0077,0.0,2123.0,1202.0
2026-07-23 10:06:49,2026-07-23T09:51:06,740.34,2026-07-23,C,726.0,13.75,15.49,44.0,45.0,15.39,0.4809,0.9829,0.0062,-0.0415,0.0092,0.0,26.0,3.0
2026-07-23 10:06:49,2026-07-23T09:51:06,740.34,2026-07-23,P,726.0,0.03,0.04,3566.0,3423.0,0.04,0.3273,-0.0171,0.0062,-0.0416,0.0092,0.0,830.0,1108.0
2026-07-23 10:06:49,2026-07-23T09:51:06,740.34,2026-07-23,C,727.0,12.76,14.5,58.0,76.0,14.46,0.4581,0.9788,0.0077,-0.0516,0.011,0.0,11.0,6.0
2026-07-23 10:06:49,2026-07-23T09:51:06,740.34,2026-07-23,P,727.0,0.04,0.05,3851.0,3296.0,0.05,0.3187,-0.0213,0.0077,-0.0517,0.011,0.0,2365.0,9514.0
2026-07-23 10:06:49,2026-07-23T09:51:06,740.34,2026-07-23,C,728.0,11.77,13.51,45.0,37.0,13.49,0.4348,0.9732,0.0096,-0.0654,0.0133,0.0,28.0,17.0
2026-07-23 10:06:49,2026-07-23T09:51:06,740.34,2026-07-23,P,728.0,0.06,0.07,2.0,3094.0,0.06,0.3159,-0.0269,0.0096,-0.0656,0.0134,0.0,10069.0,22361.0
2026-07-23 10:06:49,2026-07-23T09:51:06,740.34,2026-07-23,C,729.0,11.21,12.53,26.0,50.0,12.96,0.4717,0.9657,0.0121,-0.0844,0.0163,0.0,70.0,58.0
2026-07-23 10:06:49,2026-07-23T09:51:06,740.34,2026-07-23,P,729.0,0.07,0.08,2636.0,2760.0,0.08,0.3013,-0.0344,0.0121,-0.0847,0.0163,0.0,6568.0,1100.0
2026-07-23 10:06:49,2026-07-23T09:51:06,740.34,2026-07-23,C,730.0,10.24,10.61,121.0,44.0,10.47,0.2972,0.9557,0.0153,-0.1109,0.02,0.0,98.0,82.0
2026-07-23 10:06:49,2026-07-23T09:51:06,740.34,2026-07-23,P,730.0,0.1,0.11,735.0,2020.0,0.11,0.2968,-0.0445,0.0153,-0.1112,0.02,0.0,10115.0,12521.0
2026-07-23 10:06:49,2026-07-23T09:51:06,740.34,2026-07-23,C,731.0,9.53,9.57,31.0,31.0,9.47,0.3059,0.9421,0.0194,-0.148,0.0246,0.0,135.0,4.0
2026-07-23 10:06:49,2026-07-23T09:51:06,740.34,2026-07-23,P,731.0,0.13,0.14,1331.0,1489.0,0.13,0.2874,-0.0579,0.0194,-0.148,0.0246,0.0,10941.0,1967.0
2026-07-23 10:06:49,2026-07-23T09:51:06,740.34,2026-07-23,C,732.0,8.58,8.62,32.0,32.0,8.59,0.2974,0.9244,0.0244,-0.1982,0.0301,0.0,175.0,5.0
2026-07-23 10:06:49,2026-07-23T09:51:06,740.34,2026-07-23,P,732.0,0.18,0.19,1184.0,93.0,0.19,0.2856,-0.0756,0.0244,-0.1982,0.0301,0.0,9977.0,4385.0
2026-07-23 10:06:49,2026-07-23T09:51:06,740.34,2026-07-23,C,733.0,7.65,7.69,33.0,33.0,7.54,0.2899,0.9011,0.0304,-0.2681,0.0366,0.0,383.0,7.0
2026-07-23 10:06:49,2026-07-23T09:51:06,740.34,2026-07-23,P,733.0,0.25,0.26,991.0,262.0,0.26,0.2801,-0.0989,0.0304,-0.2681,0.0366,0.0,9240.0,2235.0
2026-07-23 10:06:49,2026-07-23T09:51:06,740.34,2026-07-23,C,734.0,6.75,6.78,34.0,35.0,6.67,0.2833,0.8711,0.0374,-0.3635,0.0439,0.0,350.0,16.0
2026-07-23 10:06:49,2026-07-23T09:51:06,740.34,2026-07-23,P,734.0,0.35,0.36,636.0,2.0,0.36,0.2763,-0.1289,0.0374,-0.3635,0.0439,0.0,10476.0,1286.0
2026-07-23 10:06:49,2026-07-23T09:51:06,740.34,2026-07-23,C,735.0,5.88,5.91,36.0,36.0,5.78,0.2781,0.8334,0.0451,-0.4921,0.0518,0.0,2374.0,123.0
2026-07-23 10:06:49,2026-07-23T09:51:06,740.34,2026-07-23,P,735.0,0.48,0.49,3.0,1099.0,0.49,0.2722,-0.1666,0.0451,-0.4921,0.0518,0.0,30297.0,6313.0
2026-07-23 10:06:49,2026-07-23T09:51:06,740.34,2026-07-23,C,736.0,5.05,5.07,38.0,39.0,5.01,0.2725,0.7873,0.0532,-0.6622,0.0599,0.0,942.0,71.0
2026-07-23 10:06:49,2026-07-23T09:51:06,740.34,2026-07-23,P,736.0,0.64,0.65,255.0,31.0,0.65,0.2682,-0.2127,0.0532,-0.6622,0.0599,0.0,19915.0,11610.0
2026-07-23 10:06:49,2026-07-23T09:51:06,740.34,2026-07-23,C,737.0,4.26,4.29,38.0,35.0,4.3,0.2685,0.7327,0.061,-0.8823,0.0676,0.0,1852.0,13.0
2026-07-23 10:06:49,2026-07-23T09:51:06,740.34,2026-07-23,P,737.0,0.87,0.88,132.0,340.0,0.85,0.2632,-0.2673,0.061,-0.8823,0.0676,0.0,29927.0,9010.0
2026-07-23 10:06:49,2026-07-23T09:51:06,740.34,2026-07-23,C,738.0,3.53,3.55,38.0,116.0,3.56,0.2638,0.6701,0.068,-1.1598,0.0741,0.0,4755.0,103.0
2026-07-23 10:06:49,2026-07-23T09:51:06,740.34,2026-07-23,P,738.0,1.14,1.15,46.0,149.0,1.14,0.259,-0.3299,0.068,-1.1598,0.0741,0.0,33685.0,6481.0
2026-07-23 10:06:49,2026-07-23T09:51:06,740.34,2026-07-23,C,739.0,2.86,2.87,53.0,10.0,2.86,0.2582,0.6006,0.0735,-1.5007,0.0789,0.0,16631.0,669.0
2026-07-23 10:06:49,2026-07-23T09:51:06,740.34,2026-07-23,P,739.0,1.44,1.45,296.0,8.0,1.45,0.2556,-0.3994,0.0735,-1.5007,0.0789,0.0,33875.0,5411.0
2026-07-23 10:06:49,2026-07-23T09:51:06,740.34,2026-07-23,C,740.0,2.26,2.27,80.0,10.0,2.26,0.2533,0.526,0.0769,-1.9093,0.0812,0.0,35952.0,587.0
2026-07-23 10:06:49,2026-07-23T09:51:06,740.34,2026-07-23,P,740.0,1.84,1.85,183.0,20.0,1.87,0.2508,-0.474,0.0769,-1.9093,0.0812,0.0,59760.0,13653.0
2026-07-23 10:06:49,2026-07-23T09:51:06,740.34,2026-07-23,C,741.0,1.74,1.75,75.0,273.0,1.74,0.2489,0.4482,0.0778,-1.7096,0.0807,0.0,46065.0,501.0
2026-07-23 10:06:49,2026-07-23T09:51:06,740.34,2026-07-23,P,741.0,2.35,2.37,31.0,169.0,2.32,0.2464,-0.5518,0.0778,-1.7096,0.0807,0.0,37783.0,4291.0
2026-07-23 10:06:49,2026-07-23T09:51:06,740.34,2026-07-23,C,742.0,1.29,1.3,51.0,294.0,1.29,0.246,0.3697,0.0756,-1.2669,0.0772,0.0,63249.0,515.0
2026-07-23 10:06:49,2026-07-23T09:51:06,740.34,2026-07-23,P,742.0,2.87,2.89,36.0,84.0,2.92,0.2414,-0.6303,0.0756,-1.2669,0.0772,0.0,20473.0,3056.0
2026-07-23 10:06:49,2026-07-23T09:51:06,740.34,2026-07-23,C,743.0,0.92,0.93,304.0,246.0,0.93,0.2405,0.2938,0.0702,-0.9046,0.0707,0.0,51495.0,1502.0
2026-07-23 10:06:49,2026-07-23T09:51:06,740.34,2026-07-23,P,743.0,3.5,3.52,37.0,4.0,3.51,0.2362,-0.7062,0.0702,-0.9046,0.0707,0.0,7868.0,4183.0
2026-07-23 10:06:49,2026-07-23T09:51:06,740.34,2026-07-23,C,744.0,0.63,0.64,406.0,34.0,0.64,0.237,0.2243,0.0621,-0.6229,0.0618,0.0,46946.0,1703.0
2026-07-23 10:06:49,2026-07-23T09:51:06,740.34,2026-07-23,P,744.0,4.2,4.23,73.0,36.0,4.27,0.232,-0.7757,0.0621,-0.6229,0.0618,0.0,4390.0,6102.0
2026-07-23 10:06:49,2026-07-23T09:51:06,740.34,2026-07-23,C,745.0,0.42,0.43,33.0,555.0,0.41,0.2338,0.1648,0.052,-0.4158,0.0516,0.0,64719.0,5602.0
2026-07-23 10:06:49,2026-07-23T09:51:06,740.34,2026-07-23,P,745.0,4.98,5.02,73.0,34.0,5.08,0.2278,-0.8352,0.052,-0.4158,0.0516,0.0,8203.0,13004.0
2026-07-23 10:06:49,2026-07-23T09:51:06,740.34,2026-07-23,C,746.0,0.26,0.27,897.0,481.0,0.26,0.2312,0.1172,0.0414,-0.2711,0.0414,0.0,35833.0,4431.0
2026-07-23 10:06:49,2026-07-23T09:51:06,740.34,2026-07-23,P,746.0,5.83,5.87,54.0,32.0,5.86,0.222,-0.8828,0.0414,-0.2711,0.0414,0.0,6032.0,8883.0
2026-07-23 10:06:49,2026-07-23T09:51:06,740.34,2026-07-23,C,747.0,0.16,0.17,905.0,812.0,0.17,0.2298,0.0811,0.0316,-0.1741,0.0319,0.0,20685.0,7503.0
2026-07-23 10:06:49,2026-07-23T09:51:06,740.34,2026-07-23,P,747.0,6.7,6.91,150.0,57.0,6.96,0.2192,-0.9189,0.0316,-0.1741,0.0319,0.0,4161.0,7913.0
2026-07-23 10:06:49,2026-07-23T09:51:06,740.34,2026-07-23,C,748.0,0.1,0.11,1629.0,3123.0,0.1,0.2318,0.0548,0.0232,-0.1102,0.0239,0.0,15148.0,12511.0
2026-07-23 10:06:49,2026-07-23T09:51:06,740.34,2026-07-23,P,748.0,7.65,7.74,46.0,1.0,7.7,0.2077,-0.945,0.0233,-0.1107,0.0239,0.0,4996.0,10216.0
2026-07-23 10:06:49,2026-07-23T09:51:06,740.34,2026-07-23,C,749.0,0.06,0.07,2323.0,2475.0,0.07,0.2333,0.0366,0.0167,-0.0694,0.0174,0.0,8758.0,9998.0
2026-07-23 10:06:49,2026-07-23T09:51:06,740.34,2026-07-23,P,749.0,8.6,8.72,46.0,8.0,8.8,0.21,-0.9633,0.0167,-0.0697,0.0175,0.0,1604.0,5349.0
2026-07-23 10:06:49,2026-07-23T09:51:06,740.34,2026-07-23,C,750.0,0.04,0.05,3407.0,3896.0,0.04,0.2399,0.0241,0.0116,-0.0434,0.0125,0.0,14401.0,14413.0
2026-07-23 10:06:49,2026-07-23T09:51:06,740.34,2026-07-23,P,750.0,9.58,9.71,75.0,1.0,9.54,0.1941,-0.9758,0.0117,-0.0436,0.0125,0.0,818.0,5617.0
2026-07-23 10:06:49,2026-07-23T09:51:06,740.34,2026-07-23,C,751.0,0.03,0.04,2485.0,4111.0,0.03,0.2507,0.0157,0.008,-0.0271,0.0088,0.0,5329.0,8620.0
2026-07-23 10:06:49,2026-07-23T09:51:06,740.34,2026-07-23,P,751.0,10.52,10.88,59.0,54.0,10.61,0.231,-0.9842,0.008,-0.0272,0.0088,0.0,509.0,2638.0
2026-07-23 10:06:49,2026-07-23T09:51:06,740.34,2026-07-23,C,752.0,0.02,0.03,3347.0,3619.0,0.03,0.2579,0.0102,0.0054,-0.0168,0.0061,0.0,6675.0,14676.0
2026-07-23 10:06:49,2026-07-23T09:51:06,740.34,2026-07-23,P,752.0,11.51,11.89,56.0,71.0,10.99,0.2496,-0.9898,0.0054,-0.0169,0.0061,0.0,308.0,1744.0
2026-07-23 10:06:49,2026-07-23T09:51:06,740.34,2026-07-23,C,753.0,0.01,0.02,5199.0,5247.0,0.01,0.2592,0.0066,0.0036,-0.0105,0.0042,0.0,3162.0,7607.0
2026-07-23 10:06:49,2026-07-23T09:51:06,740.34,2026-07-23,P,753.0,12.51,12.75,100.0,62.0,12.79,0.0,-0.9934,0.0036,-0.0105,0.0042,0.0,255.0,1476.0
2026-07-23 10:06:49,2026-07-23T09:51:06,740.34,2026-07-23,C,754.0,0.01,0.02,5148.0,5248.0,0.01,0.2769,0.0042,0.0024,-0.0065,0.0028,0.0,4347.0,6401.0
2026-07-23 10:06:49,2026-07-23T09:51:06,740.34,2026-07-23,P,754.0,13.5,13.73,66.0,50.0,13.71,0.0,-0.9958,0.0024,-0.0065,0.0028,0.0,952.0,971.0
2026-07-23 10:06:49,2026-07-23T09:51:06,740.34,2026-07-23,C,755.0,0.01,0.02,5022.0,5250.0,0.01,0.2945,0.0027,0.0016,-0.004,0.0019,0.0,2765.0,14125.0
2026-07-23 10:06:49,2026-07-23T09:51:06,740.34,2026-07-23,P,755.0,14.5,14.73,45.0,66.0,14.66,0.0,-0.9973,0.0016,-0.004,0.0019,0.0,625.0,1110.0
2026-07-23 10:06:49,2026-07-23T09:51:06,740.34,2026-07-23,C,756.0,0.01,0.02,5041.0,5287.0,0.01,0.3119,0.0017,0.001,-0.0024,0.0012,0.0,2525.0,10210.0
2026-07-23 10:06:49,2026-07-23T09:51:06,740.34,2026-07-23,P,756.0,15.5,15.88,46.0,43.0,14.43,0.2966,-0.9983,0.001,-0.0024,0.0012,0.0,118.0,8.0
2026-07-23 10:06:49,2026-07-23T09:51:06,740.34,2026-07-23,C,757.0,0.0,0.01,0.0,4308.0,0.01,0.2931,0.001,0.0006,-0.0014,0.0008,0.0,3969.0,7041.0
2026-07-23 10:06:49,2026-07-23T09:51:06,740.34,2026-07-23,P,757.0,16.5,16.88,22.0,56.0,15.39,0.3132,-0.999,0.0006,-0.0014,0.0008,0.0,214.0,6.0
2026-07-23 10:06:49,2026-07-23T09:51:06,740.34,2026-07-23,C,758.0,0.0,0.01,0.0,6299.0,0.01,0.3088,0.0006,0.0004,-0.0008,0.0005,0.0,42.0,4495.0
2026-07-23 10:06:49,2026-07-23T09:51:06,740.34,2026-07-23,P,758.0,16.51,18.81,1.0,15.0,16.69,0.0,-0.9994,0.0004,-0.0008,0.0005,0.0,36.0,4.0
2026-07-23 10:06:49,2026-07-23T09:51:06,740.34,2026-07-23,C,759.0,0.0,0.01,0.0,6168.0,0.01,0.3243,0.0004,0.0002,-0.0004,0.0003,0.0,146.0,3361.0
2026-07-23 10:06:49,2026-07-23T09:51:06,740.34,2026-07-23,P,759.0,17.51,19.81,1.0,17.0,17.75,0.5822,-0.9996,0.0002,-0.0004,0.0003,0.0,50.0,0.0
2026-07-23 10:06:49,2026-07-23T09:51:06,740.34,2026-07-23,C,760.0,0.0,0.01,0.0,6169.0,0.01,0.3397,0.0002,0.0001,-0.0002,0.0002,0.0,10.0,7975.0
2026-07-23 10:06:49,2026-07-23T09:51:06,740.34,2026-07-23,P,760.0,18.33,21.17,15.0,2.0,18.74,0.4641,-0.9998,0.0001,-0.0002,0.0002,0.0,37.0,1.0
2026-07-23 10:06:49,2026-07-23T09:51:06,740.34,2026-07-23,C,761.0,0.0,0.01,0.0,6168.0,0.01,0.3551,0.0001,0.0001,-0.0001,0.0001,0.0,93.0,1883.0
2026-07-23 10:06:49,2026-07-23T09:51:06,740.34,2026-07-23,P,761.0,20.1,22.17,1.0,2.0,20.7,0.4838,-0.9999,0.0001,-0.0001,0.0001,0.0,35.0,0.0
2026-07-23 10:06:49,2026-07-23T09:51:06,740.34,2026-07-23,C,762.0,0.0,0.01,0.0,6168.0,0.01,0.3704,0.0001,0.0,-0.0001,0.0001,0.0,3.0,1457.0
2026-07-23 10:06:49,2026-07-23T09:51:06,740.34,2026-07-23,P,762.0,20.33,23.17,2.0,1.0,20.72,0.4978,-0.9999,0.0,-0.0001,0.0001,0.0,30.0,0.0
2026-07-23 10:06:49,2026-07-23T09:51:06,740.34,2026-07-23,C,763.0,0.0,0.01,0.0,6308.0,0.01,0.3856,0.0,0.0,0.0,0.0,0.0,12.0,13912.0
2026-07-23 10:06:49,2026-07-23T09:51:06,740.34,2026-07-23,P,763.0,20.91,24.17,10.0,2.0,22.42,0.0,-1.0,0.0,0.0,0.0,0.0,28.0,0.0
2026-07-23 10:06:49,2026-07-23T09:51:06,740.34,2026-07-23,C,764.0,0.0,0.01,0.0,6368.0,0.01,0.4007,0.0,0.0,0.0,0.0,0.0,3.0,5314.0
2026-07-23 10:06:49,2026-07-23T09:51:06,740.34,2026-07-23,P,764.0,21.91,25.17,10.0,2.0,23.32,0.0,-1.0,0.0,0.0,0.0,0.0,17.0,0.0
2026-07-23 10:06:49,2026-07-23T09:51:06,740.34,2026-07-23,C,765.0,0.0,0.01,0.0,6428.0,0.01,0.4158,0.0,0.0,0.0,0.0,0.0,16.0,8260.0
2026-07-23 10:06:49,2026-07-23T09:51:06,740.34,2026-07-23,P,765.0,22.9,26.17,1.0,2.0,23.53,0.0,-1.0,0.0,0.0,0.0,0.0,22.0,0.0
2026-07-23 10:06:49,2026-07-23T09:51:06,740.34,2026-07-23,C,766.0,0.0,0.01,0.0,6128.0,0.02,0.4308,0.0,0.0,0.0,0.0,0.0,21.0,3265.0
2026-07-23 10:06:49,2026-07-23T09:51:06,740.34,2026-07-23,P,766.0,24.36,27.17,1.0,2.0,25.04,0.0,-1.0,0.0,0.0,0.0,0.0,20.0,0.0
2026-07-23 10:06:49,2026-07-23T09:51:06,740.34,2026-07-23,C,767.0,0.0,0.01,0.0,6247.0,0.01,0.4458,0.0,0.0,0.0,0.0,0.0,0.0,2977.0
2026-07-23 10:06:49,2026-07-23T09:51:06,740.34,2026-07-23,P,767.0,24.9,28.17,1.0,2.0,26.49,0.0,-1.0,0.0,0.0,0.0,0.0,30.0,0.0
2026-07-23 10:06:49,2026-07-23T09:51:06,740.34,2026-07-23,C,768.0,0.0,0.01,0.0,6248.0,0.01,0.4606,0.0,0.0,0.0,0.0,0.0,0.0,4740.0
2026-07-23 10:06:49,2026-07-23T09:51:06,740.34,2026-07-23,P,768.0,25.9,29.17,1.0,1.0,27.39,0.0,-1.0,0.0,0.0,0.0,0.0,30.0,1.0
2026-07-23 10:06:49,2026-07-23T09:51:06,740.34,2026-07-23,C,769.0,0.0,0.01,0.0,6248.0,0.02,0.4754,0.0,0.0,0.0,0.0,0.0,0.0,10436.0
2026-07-23 10:06:49,2026-07-23T09:51:06,740.34,2026-07-23,P,769.0,26.9,30.17,1.0,1.0,27.82,0.0,-1.0,0.0,0.0,0.0,0.0,17.0,0.0
2026-07-23 10:06:49,2026-07-23T09:51:06,740.34,2026-07-23,C,770.0,0.0,0.01,0.0,6848.0,0.01,0.4902,0.0,0.0,0.0,0.0,0.0,0.0,10373.0
2026-07-23 10:06:49,2026-07-23T09:51:06,740.34,2026-07-23,P,770.0,27.9,31.17,1.0,2.0,28.8,0.0,-1.0,0.0,0.0,0.0,0.0,21.0,0.0
2026-07-23 10:06:49,2026-07-23T09:51:06,740.34,2026-07-23,C,771.0,0.0,0.01,0.0,6248.0,0.01,0.5049,0.0,0.0,0.0,0.0,0.0,1.0,4646.0
2026-07-23 10:06:49,2026-07-23T09:51:06,740.34,2026-07-23,P,771.0,28.9,32.17,1.0,1.0,29.82,0.0,-1.0,0.0,0.0,0.0,0.0,22.0,0.0
2026-07-23 10:06:49,2026-07-23T09:51:06,740.34,2026-07-23,C,772.0,0.0,0.01,0.0,6248.0,0.01,0.5195,0.0,0.0,0.0,0.0,0.0,0.0,1061.0
2026-07-23 10:06:49,2026-07-23T09:51:06,740.34,2026-07-23,P,772.0,29.9,33.17,1.0,1.0,30.89,0.0,-1.0,0.0,0.0,0.0,0.0,24.0,0.0
2026-07-23 10:06:49,2026-07-23T09:51:06,740.34,2026-07-23,C,773.0,0.0,0.01,0.0,2248.0,0.01,0.5341,0.0,0.0,0.0,0.0,0.0,0.0,2371.0
2026-07-23 10:06:49,2026-07-23T09:51:06,740.34,2026-07-23,P,773.0,30.9,34.17,1.0,2.0,31.86,0.0,-1.0,0.0,0.0,0.0,0.0,45.0,0.0
2026-07-23 10:06:49,2026-07-23T09:51:06,740.34,2026-07-23,C,774.0,0.0,0.01,0.0,2248.0,0.03,0.5487,0.0,0.0,0.0,0.0,0.0,0.0,288.0
2026-07-23 10:06:49,2026-07-23T09:51:06,740.34,2026-07-23,P,774.0,31.9,35.17,1.0,2.0,32.71,0.0,-1.0,0.0,0.0,0.0,0.0,30.0,0.0
2026-07-23 10:06:49,2026-07-23T09:51:06,740.34,2026-07-23,C,775.0,0.0,0.01,0.0,2248.0,0.01,0.5631,0.0,0.0,0.0,0.0,0.0,0.0,488.0
2026-07-23 10:06:49,2026-07-23T09:51:06,740.34,2026-07-23,P,775.0,32.9,36.17,1.0,2.0,33.86,0.0,-1.0,0.0,0.0,0.0,0.0,166.0,0.0
2026-07-23 10:06:49,2026-07-23T09:51:06,740.34,2026-07-23,C,776.0,0.0,0.01,0.0,2248.0,0.01,0.5776,0.0,0.0,0.0,0.0,0.0,0.0,157.0
2026-07-23 10:06:49,2026-07-23T09:51:06,740.34,2026-07-23,P,776.0,33.9,37.32,1.0,101.0,34.75,0.0,-1.0,0.0,0.0,0.0,0.0,138.0,0.0
2026-07-23 10:06:49,2026-07-23T09:51:06,740.34,2026-07-23,C,777.0,0.0,0.01,0.0,2248.0,0.01,0.592,0.0,0.0,0.0,0.0,0.0,1.0,131.0
2026-07-23 10:06:49,2026-07-23T09:51:06,740.34,2026-07-23,P,777.0,34.9,38.41,1.0,1.0,35.57,0.0,-1.0,0.0,0.0,0.0,0.0,26.0,0.0
2026-07-23 10:11:50,2026-07-23T09:56:05,740.5482,2026-07-23,C,704.0,35.72,37.5,22.0,22.0,44.5,0.8608,0.997,0.0007,-0.0119,0.0019,0.0,0.0,5.0
2026-07-23 10:11:50,2026-07-23T09:56:05,740.5482,2026-07-23,P,704.0,0.0,0.01,0.0,6103.0,0.01,0.6231,-0.003,0.0007,-0.0119,0.0019,0.0,1.0,9958.0
2026-07-23 10:11:50,2026-07-23T09:56:05,740.5482,2026-07-23,C,705.0,34.51,36.5,38.0,38.0,48.86,0.0,0.9969,0.0007,-0.0119,0.002,0.0,0.0,1.0
2026-07-23 10:11:50,2026-07-23T09:56:05,740.5482,2026-07-23,P,705.0,0.0,0.01,0.0,6103.0,0.02,0.607,-0.0031,0.0007,-0.0119,0.002,0.0,0.0,11349.0
2026-07-23 10:11:50,2026-07-23T09:56:05,740.5482,2026-07-23,C,706.0,33.72,35.5,38.0,38.0,42.04,0.819,0.9968,0.0007,-0.012,0.002,0.0,0.0,21.0
2026-07-23 10:11:50,2026-07-23T09:56:05,740.5482,2026-07-23,P,706.0,0.0,0.01,0.0,6143.0,0.01,0.591,-0.0032,0.0007,-0.012,0.002,0.0,10.0,603.0
2026-07-23 10:11:50,2026-07-23T09:56:05,740.5482,2026-07-23,C,707.0,32.73,34.5,22.0,22.0,40.49,0.804,0.9968,0.0008,-0.012,0.0021,0.0,0.0,2.0
2026-07-23 10:11:50,2026-07-23T09:56:05,740.5482,2026-07-23,P,707.0,0.0,0.01,0.0,6143.0,0.01,0.5749,-0.0032,0.0008,-0.012,0.0021,0.0,5.0,443.0
2026-07-23 10:11:50,2026-07-23T09:56:05,740.5482,2026-07-23,C,708.0,31.73,33.51,22.0,22.0,45.72,0.7885,0.9966,0.0008,-0.0121,0.0021,0.0,0.0,3.0
2026-07-23 10:11:50,2026-07-23T09:56:05,740.5482,2026-07-23,P,708.0,0.0,0.01,0.0,6143.0,0.01,0.5588,-0.0034,0.0008,-0.0121,0.0021,0.0,101.0,149.0
2026-07-23 10:11:50,2026-07-23T09:56:05,740.5482,2026-07-23,C,709.0,30.72,32.51,38.0,38.0,39.73,0.7618,0.9965,0.0009,-0.0122,0.0022,0.0,0.0,3.0
2026-07-23 10:11:50,2026-07-23T09:56:05,740.5482,2026-07-23,P,709.0,0.0,0.01,0.0,6263.0,0.01,0.5428,-0.0035,0.0009,-0.0122,0.0022,0.0,136.0,164.0
2026-07-23 10:11:50,2026-07-23T09:56:05,740.5482,2026-07-23,C,710.0,29.74,31.3,124.0,124.0,30.52,0.5267,0.9964,0.0009,-0.0123,0.0023,0.0,4.0,19.0
2026-07-23 10:11:50,2026-07-23T09:56:05,740.5482,2026-07-23,P,710.0,0.0,0.01,0.0,2293.0,0.01,0.5267,-0.0036,0.0009,-0.0123,0.0023,0.0,1100.0,265.0
2026-07-23 10:11:50,2026-07-23T09:56:05,740.5482,2026-07-23,C,711.0,28.75,30.32,38.0,38.0,29.54,0.5855,0.9963,0.001,-0.0124,0.0023,0.0,2.0,0.0
2026-07-23 10:11:50,2026-07-23T09:56:05,740.5482,2026-07-23,P,711.0,0.0,0.01,0.0,2293.0,0.01,0.5106,-0.0037,0.001,-0.0124,0.0023,0.0,2442.0,1282.0
2026-07-23 10:11:50,2026-07-23T09:56:05,740.5482,2026-07-23,C,712.0,27.72,29.51,38.0,38.0,35.79,0.6981,0.9961,0.001,-0.0126,0.0024,0.0,0.0,0.0
2026-07-23 10:11:50,2026-07-23T09:56:05,740.5482,2026-07-23,P,712.0,0.01,0.02,6001.0,6293.0,0.01,0.55,-0.0039,0.001,-0.0126,0.0024,0.0,3141.0,2401.0
2026-07-23 10:11:50,2026-07-23T09:56:05,740.5482,2026-07-23,C,713.0,26.73,28.51,22.0,22.0,27.39,0.6818,0.996,0.0011,-0.0128,0.0025,0.0,4.0,1.0
2026-07-23 10:11:50,2026-07-23T09:56:05,740.5482,2026-07-23,P,713.0,0.01,0.02,6143.0,6323.0,0.01,0.5324,-0.004,0.0011,-0.0128,0.0025,0.0,509.0,377.0
2026-07-23 10:11:50,2026-07-23T09:56:05,740.5482,2026-07-23,C,714.0,25.73,27.51,38.0,38.0,39.79,0.6604,0.9958,0.0012,-0.013,0.0026,0.0,0.0,1.0
2026-07-23 10:11:50,2026-07-23T09:56:05,740.5482,2026-07-23,P,714.0,0.01,0.02,6143.0,6293.0,0.01,0.5147,-0.0042,0.0012,-0.013,0.0026,0.0,1001.0,8473.0
2026-07-23 10:11:50,2026-07-23T09:56:05,740.5482,2026-07-23,C,715.0,24.73,26.51,38.0,38.0,35.43,0.6388,0.9956,0.0013,-0.0133,0.0028,0.0,0.0,7.0
2026-07-23 10:11:50,2026-07-23T09:56:05,740.5482,2026-07-23,P,715.0,0.01,0.02,6143.0,6293.0,0.01,0.497,-0.0044,0.0013,-0.0133,0.0028,0.0,939.0,1859.0
2026-07-23 10:11:50,2026-07-23T09:56:05,740.5482,2026-07-23,C,716.0,24.48,25.31,22.0,22.0,25.13,0.7802,0.9953,0.0014,-0.0137,0.0029,0.0,10.0,1.0
2026-07-23 10:11:50,2026-07-23T09:56:05,740.5482,2026-07-23,P,716.0,0.01,0.02,6155.0,6293.0,0.01,0.4792,-0.0047,0.0014,-0.0137,0.0029,0.0,198.0,1122.0
2026-07-23 10:11:50,2026-07-23T09:56:05,740.5482,2026-07-23,C,717.0,23.48,23.75,13.0,39.0,23.92,0.5955,0.995,0.0016,-0.0142,0.0031,0.0,2.0,3.0
2026-07-23 10:11:50,2026-07-23T09:56:05,740.5482,2026-07-23,P,717.0,0.01,0.02,5155.0,5293.0,0.02,0.4614,-0.005,0.0016,-0.0142,0.0031,0.0,506.0,267.0
2026-07-23 10:11:50,2026-07-23T09:56:05,740.5482,2026-07-23,C,718.0,22.48,22.75,22.0,22.0,22.94,0.5693,0.9947,0.0017,-0.0148,0.0033,0.0,6.0,11.0
2026-07-23 10:11:50,2026-07-23T09:56:05,740.5482,2026-07-23,P,718.0,0.01,0.02,5154.0,5304.0,0.02,0.4436,-0.0053,0.0017,-0.0148,0.0033,0.0,15.0,2208.0
2026-07-23 10:11:50,2026-07-23T09:56:05,740.5482,2026-07-23,C,719.0,21.48,21.75,38.0,44.0,21.95,0.5518,0.9942,0.0019,-0.0156,0.0035,0.0,40.0,1.0
2026-07-23 10:11:50,2026-07-23T09:56:05,740.5482,2026-07-23,P,719.0,0.01,0.02,5154.0,5304.0,0.01,0.4258,-0.0058,0.0019,-0.0156,0.0035,0.0,1414.0,727.0
2026-07-23 10:11:50,2026-07-23T09:56:05,740.5482,2026-07-23,C,720.0,20.48,20.76,22.0,142.0,21.61,0.5299,0.9937,0.0021,-0.0166,0.0038,0.0,19.0,24.0
2026-07-23 10:11:50,2026-07-23T09:56:05,740.5482,2026-07-23,P,720.0,0.01,0.02,5154.0,5304.0,0.02,0.4078,-0.0063,0.0021,-0.0166,0.0038,0.0,5764.0,5800.0
2026-07-23 10:11:50,2026-07-23T09:56:05,740.5482,2026-07-23,C,721.0,19.48,19.76,22.0,110.0,19.96,0.5079,0.993,0.0024,-0.018,0.0042,0.0,40.0,2.0
2026-07-23 10:11:50,2026-07-23T09:56:05,740.5482,2026-07-23,P,721.0,0.01,0.02,5154.0,5293.0,0.02,0.3899,-0.007,0.0024,-0.018,0.0042,0.0,588.0,2993.0
2026-07-23 10:11:50,2026-07-23T09:56:05,740.5482,2026-07-23,C,722.0,18.48,18.63,77.0,22.0,19.75,0.42,0.9921,0.0028,-0.0199,0.0047,0.0,10.0,5.0
2026-07-23 10:11:50,2026-07-23T09:56:05,740.5482,2026-07-23,P,722.0,0.02,0.03,2052.0,5305.0,0.03,0.3951,-0.0079,0.0028,-0.0199,0.0047,0.0,560.0,1881.0
2026-07-23 10:11:50,2026-07-23T09:56:05,740.5482,2026-07-23,C,723.0,17.48,17.62,28.0,22.0,18.53,0.385,0.9909,0.0032,-0.0224,0.0053,0.0,8.0,1.0
2026-07-23 10:11:50,2026-07-23T09:56:05,740.5482,2026-07-23,P,723.0,0.02,0.03,5156.0,5307.0,0.02,0.3761,-0.0091,0.0032,-0.0224,0.0053,0.0,1545.0,889.0
2026-07-23 10:11:50,2026-07-23T09:56:05,740.5482,2026-07-23,C,724.0,16.49,16.77,45.0,89.0,18.14,0.4481,0.9894,0.0039,-0.0257,0.006,0.0,32.0,11.0
2026-07-23 10:11:50,2026-07-23T09:56:05,740.5482,2026-07-23,P,724.0,0.02,0.03,3506.0,3506.0,0.03,0.357,-0.0106,0.0039,-0.0257,0.006,0.0,1665.0,1574.0
2026-07-23 10:11:50,2026-07-23T09:56:05,740.5482,2026-07-23,C,725.0,15.49,15.62,77.0,40.0,16.66,0.36,0.9874,0.0046,-0.0303,0.007,0.0,34.0,22.0
2026-07-23 10:11:50,2026-07-23T09:56:05,740.5482,2026-07-23,P,725.0,0.02,0.03,3538.0,3509.0,0.02,0.3379,-0.0126,0.0046,-0.0303,0.007,0.0,2168.0,1202.0
2026-07-23 10:11:50,2026-07-23T09:56:05,740.5482,2026-07-23,C,726.0,14.49,14.77,79.0,22.0,15.39,0.4024,0.9846,0.0057,-0.0367,0.0083,0.0,26.0,3.0
2026-07-23 10:11:50,2026-07-23T09:56:05,740.5482,2026-07-23,P,726.0,0.03,0.04,3707.0,3539.0,0.03,0.3334,-0.0154,0.0057,-0.0367,0.0083,0.0,876.0,1108.0
2026-07-23 10:11:50,2026-07-23T09:56:05,740.5482,2026-07-23,C,727.0,13.5,13.65,27.0,22.0,14.46,0.3396,0.9809,0.0071,-0.0455,0.01,0.0,11.0,6.0
2026-07-23 10:11:50,2026-07-23T09:56:05,740.5482,2026-07-23,P,727.0,0.03,0.04,3538.0,2867.0,0.03,0.3133,-0.0191,0.0071,-0.0455,0.01,0.0,2403.0,9514.0
2026-07-23 10:11:50,2026-07-23T09:56:05,740.5482,2026-07-23,C,728.0,12.51,12.65,48.0,38.0,13.49,0.3181,0.9758,0.0089,-0.0578,0.0122,0.0,28.0,17.0
2026-07-23 10:11:50,2026-07-23T09:56:05,740.5482,2026-07-23,P,728.0,0.04,0.05,3483.0,2306.0,0.05,0.3042,-0.0242,0.0089,-0.0578,0.0122,0.0,10134.0,22361.0
2026-07-23 10:11:50,2026-07-23T09:56:05,740.5482,2026-07-23,C,729.0,11.54,11.66,30.0,45.0,12.29,0.3078,0.9689,0.0112,-0.075,0.015,0.0,75.0,58.0
2026-07-23 10:11:50,2026-07-23T09:56:05,740.5482,2026-07-23,P,729.0,0.06,0.07,3054.0,2894.0,0.05,0.3004,-0.0311,0.0112,-0.075,0.015,0.0,6929.0,1100.0
2026-07-23 10:11:50,2026-07-23T09:56:05,740.5482,2026-07-23,C,730.0,10.55,10.7,30.0,58.0,11.2,0.2948,0.9595,0.0143,-0.0992,0.0185,0.0,146.0,82.0
2026-07-23 10:11:50,2026-07-23T09:56:05,740.5482,2026-07-23,P,730.0,0.08,0.09,1782.0,852.0,0.08,0.2918,-0.0405,0.0143,-0.0992,0.0185,0.0,11200.0,12521.0
2026-07-23 10:11:50,2026-07-23T09:56:05,740.5482,2026-07-23,C,731.0,9.59,9.74,56.0,60.0,10.07,0.3008,0.9468,0.0182,-0.1331,0.0229,0.0,186.0,4.0
2026-07-23 10:11:50,2026-07-23T09:56:05,740.5482,2026-07-23,P,731.0,0.11,0.12,2703.0,614.0,0.11,0.2848,-0.0532,0.0182,-0.1331,0.0229,0.0,12081.0,1967.0
2026-07-23 10:11:50,2026-07-23T09:56:05,740.5482,2026-07-23,C,732.0,8.67,8.71,31.0,31.0,9.29,0.2925,0.9299,0.0231,-0.1804,0.0283,0.0,214.0,5.0
2026-07-23 10:11:50,2026-07-23T09:56:05,740.5482,2026-07-23,P,732.0,0.16,0.17,1695.0,116.0,0.16,0.2814,-0.0701,0.0231,-0.1804,0.0283,0.0,11390.0,4385.0
2026-07-23 10:11:50,2026-07-23T09:56:05,740.5482,2026-07-23,C,733.0,7.74,7.78,32.0,32.0,7.81,0.2859,0.9077,0.029,-0.2459,0.0346,0.0,478.0,7.0
2026-07-23 10:11:50,2026-07-23T09:56:05,740.5482,2026-07-23,P,733.0,0.23,0.24,1227.0,429.0,0.24,0.2785,-0.0923,0.029,-0.2459,0.0346,0.0,10684.0,2235.0
2026-07-23 10:11:50,2026-07-23T09:56:05,740.5482,2026-07-23,C,734.0,6.83,6.87,133.0,33.0,7.23,0.2804,0.879,0.0359,-0.3353,0.0418,0.0,432.0,16.0
2026-07-23 10:11:50,2026-07-23T09:56:05,740.5482,2026-07-23,P,734.0,0.32,0.33,347.0,358.0,0.32,0.2743,-0.121,0.0359,-0.3353,0.0418,0.0,14076.0,1286.0
2026-07-23 10:11:50,2026-07-23T09:56:05,740.5482,2026-07-23,C,735.0,5.98,6.02,39.0,145.0,6.3,0.2753,0.843,0.0436,-0.4556,0.0496,0.0,2651.0,123.0
2026-07-23 10:11:50,2026-07-23T09:56:05,740.5482,2026-07-23,P,735.0,0.44,0.45,376.0,35.0,0.44,0.2722,-0.157,0.0436,-0.4556,0.0496,0.0,41550.0,6313.0
2026-07-23 10:11:50,2026-07-23T09:56:05,740.5482,2026-07-23,C,736.0,5.14,5.17,36.0,36.0,5.37,0.2709,0.7987,0.0517,-0.6144,0.0578,0.0,1090.0,71.0
2026-07-23 10:11:50,2026-07-23T09:56:05,740.5482,2026-07-23,P,736.0,0.6,0.61,174.0,506.0,0.61,0.2666,-0.2013,0.0517,-0.6144,0.0578,0.0,27336.0,11610.0
2026-07-23 10:11:50,2026-07-23T09:56:05,740.5482,2026-07-23,C,737.0,4.34,4.37,50.0,16.0,4.34,0.2658,0.7459,0.0599,-0.8194,0.0656,0.0,2189.0,13.0
2026-07-23 10:11:50,2026-07-23T09:56:05,740.5482,2026-07-23,P,737.0,0.8,0.81,314.0,106.0,0.8,0.2635,-0.2541,0.0599,-0.8194,0.0656,0.0,38360.0,9010.0
2026-07-23 10:11:50,2026-07-23T09:56:05,740.5482,2026-07-23,C,738.0,3.6,3.62,70.0,16.0,3.73,0.2618,0.6849,0.0674,-1.078,0.0724,0.0,5707.0,103.0
2026-07-23 10:11:50,2026-07-23T09:56:05,740.5482,2026-07-23,P,738.0,1.06,1.07,55.0,154.0,1.06,0.2583,-0.3151,0.0674,-1.078,0.0724,0.0,43493.0,6481.0
2026-07-23 10:11:50,2026-07-23T09:56:05,740.5482,2026-07-23,C,739.0,2.91,2.93,150.0,116.0,2.9,0.2561,0.6164,0.0737,-1.3969,0.0776,0.0,19402.0,669.0
2026-07-23 10:11:50,2026-07-23T09:56:05,740.5482,2026-07-23,P,739.0,1.37,1.38,103.0,57.0,1.38,0.2542,-0.3836,0.0737,-1.3969,0.0776,0.0,46407.0,5411.0
2026-07-23 10:11:50,2026-07-23T09:56:05,740.5482,2026-07-23,C,740.0,2.3,2.31,39.0,18.0,2.3,0.2519,0.5417,0.078,-1.7824,0.0805,0.0,47093.0,587.0
2026-07-23 10:11:50,2026-07-23T09:56:05,740.5482,2026-07-23,P,740.0,1.76,1.77,174.0,13.0,1.77,0.2488,-0.4583,0.078,-1.7824,0.0805,0.0,79389.0,13653.0
2026-07-23 10:11:50,2026-07-23T09:56:05,740.5482,2026-07-23,C,741.0,1.76,1.77,85.0,141.0,1.77,0.2469,0.4626,0.0797,-1.7563,0.0806,0.0,60411.0,501.0
2026-07-23 10:11:50,2026-07-23T09:56:05,740.5482,2026-07-23,P,741.0,2.21,2.23,127.0,65.0,2.21,0.2444,-0.5374,0.0797,-1.7563,0.0806,0.0,45537.0,4291.0
2026-07-23 10:11:50,2026-07-23T09:56:05,740.5482,2026-07-23,C,742.0,1.31,1.31,85.0,31.0,1.31,0.2419,0.3818,0.0782,-1.2957,0.0775,0.0,75165.0,515.0
2026-07-23 10:11:50,2026-07-23T09:56:05,740.5482,2026-07-23,P,742.0,2.76,2.77,22.0,34.0,2.77,0.2399,-0.6182,0.0782,-1.2957,0.0775,0.0,22669.0,3056.0
2026-07-23 10:11:50,2026-07-23T09:56:05,740.5482,2026-07-23,C,743.0,0.93,0.94,189.0,193.0,0.94,0.238,0.3031,0.073,-0.9209,0.0713,0.0,63104.0,1502.0
2026-07-23 10:11:50,2026-07-23T09:56:05,740.5482,2026-07-23,P,743.0,3.38,3.4,16.0,150.0,3.38,0.2344,-0.6969,0.073,-0.9209,0.0713,0.0,8588.0,4183.0
2026-07-23 10:11:50,2026-07-23T09:56:05,740.5482,2026-07-23,C,744.0,0.64,0.65,30.0,207.0,0.64,0.2344,0.2311,0.0647,-0.6318,0.0625,0.0,55746.0,1703.0
2026-07-23 10:11:50,2026-07-23T09:56:05,740.5482,2026-07-23,P,744.0,4.07,4.11,35.0,100.0,4.07,0.2304,-0.7689,0.0647,-0.6318,0.0625,0.0,5032.0,6102.0
2026-07-23 10:11:50,2026-07-23T09:56:05,740.5482,2026-07-23,C,745.0,0.42,0.43,656.0,162.0,0.43,0.2308,0.1696,0.0542,-0.4211,0.0522,0.0,78654.0,5602.0
2026-07-23 10:11:50,2026-07-23T09:56:05,740.5482,2026-07-23,P,745.0,4.86,4.89,88.0,33.0,4.9,0.2269,-0.8304,0.0542,-0.4211,0.0522,0.0,10651.0,13004.0
2026-07-23 10:11:50,2026-07-23T09:56:05,740.5482,2026-07-23,C,746.0,0.27,0.28,730.0,404.0,0.28,0.2294,0.1205,0.0432,-0.2749,0.0419,0.0,40577.0,4431.0
2026-07-23 10:11:50,2026-07-23T09:56:05,740.5482,2026-07-23,P,746.0,5.71,5.74,16.0,31.0,5.7,0.2231,-0.8795,0.0432,-0.2749,0.0419,0.0,6141.0,8883.0
2026-07-23 10:11:50,2026-07-23T09:56:05,740.5482,2026-07-23,C,747.0,0.17,0.18,540.0,1524.0,0.17,0.2294,0.0835,0.0329,-0.1769,0.0324,0.0,23701.0,7503.0
2026-07-23 10:11:50,2026-07-23T09:56:05,740.5482,2026-07-23,P,747.0,6.58,6.69,23.0,33.0,6.59,0.2244,-0.9165,0.0329,-0.1769,0.0324,0.0,4418.0,7913.0
2026-07-23 10:11:50,2026-07-23T09:56:05,740.5482,2026-07-23,C,748.0,0.11,0.12,994.0,2294.0,0.11,0.2326,0.0567,0.0243,-0.1126,0.0243,0.0,18445.0,12511.0
2026-07-23 10:11:50,2026-07-23T09:56:05,740.5482,2026-07-23,P,748.0,7.5,7.65,41.0,100.0,7.54,0.2162,-0.9433,0.0243,-0.1126,0.0243,0.0,5170.0,10216.0
2026-07-23 10:11:50,2026-07-23T09:56:05,740.5482,2026-07-23,C,749.0,0.07,0.08,1260.0,2816.0,0.07,0.2362,0.0378,0.0174,-0.0709,0.0178,0.0,15757.0,9998.0
2026-07-23 10:11:50,2026-07-23T09:56:05,740.5482,2026-07-23,P,749.0,8.46,8.59,22.0,30.0,8.5,0.2302,-0.9622,0.0174,-0.0709,0.0178,0.0,1690.0,5349.0
2026-07-23 10:11:50,2026-07-23T09:56:05,740.5482,2026-07-23,C,750.0,0.04,0.05,3521.0,3669.0,0.04,0.2371,0.0248,0.0121,-0.0441,0.0127,0.0,15426.0,14413.0
2026-07-23 10:11:50,2026-07-23T09:56:05,740.5482,2026-07-23,P,750.0,9.44,9.56,66.0,31.0,9.48,0.228,-0.9752,0.0121,-0.0441,0.0127,0.0,921.0,5617.0
2026-07-23 10:11:50,2026-07-23T09:56:05,740.5482,2026-07-23,C,751.0,0.03,0.04,3559.0,3709.0,0.03,0.2481,0.016,0.0083,-0.0272,0.0089,0.0,6990.0,8620.0
2026-07-23 10:11:50,2026-07-23T09:56:05,740.5482,2026-07-23,P,751.0,10.42,10.56,62.0,62.0,10.16,0.0,-0.984,0.0083,-0.0272,0.0089,0.0,523.0,2638.0
2026-07-23 10:11:50,2026-07-23T09:56:05,740.5482,2026-07-23,C,752.0,0.02,0.03,3388.0,3684.0,0.02,0.2556,0.0103,0.0056,-0.0167,0.0061,0.0,7035.0,14676.0
2026-07-23 10:11:50,2026-07-23T09:56:05,740.5482,2026-07-23,P,752.0,11.41,11.55,31.0,62.0,11.32,0.0,-0.9897,0.0056,-0.0167,0.0061,0.0,327.0,1744.0
2026-07-23 10:11:50,2026-07-23T09:56:05,740.5482,2026-07-23,C,753.0,0.01,0.02,5236.0,5306.0,0.01,0.2572,0.0065,0.0037,-0.0102,0.0041,0.0,3366.0,7607.0
2026-07-23 10:11:50,2026-07-23T09:56:05,740.5482,2026-07-23,P,753.0,12.41,12.54,37.0,40.0,11.87,0.0,-0.9935,0.0037,-0.0102,0.0041,0.0,258.0,1476.0
2026-07-23 10:11:50,2026-07-23T09:56:05,740.5482,2026-07-23,C,754.0,0.01,0.02,5186.0,5307.0,0.01,0.275,0.0041,0.0024,-0.0062,0.0028,0.0,4502.0,6401.0
2026-07-23 10:11:50,2026-07-23T09:56:05,740.5482,2026-07-23,P,754.0,13.29,13.54,31.0,13.0,13.27,0.0,-0.9959,0.0024,-0.0062,0.0028,0.0,972.0,971.0
2026-07-23 10:11:50,2026-07-23T09:56:05,740.5482,2026-07-23,C,755.0,0.01,0.02,5186.0,5309.0,0.02,0.2927,0.0026,0.0016,-0.0038,0.0018,0.0,2805.0,14125.0
2026-07-23 10:11:50,2026-07-23T09:56:05,740.5482,2026-07-23,P,755.0,14.29,14.53,30.0,30.0,14.66,0.0,-0.9974,0.0016,-0.0038,0.0018,0.0,627.0,1110.0
2026-07-23 10:11:50,2026-07-23T09:56:05,740.5482,2026-07-23,C,756.0,0.01,0.02,5041.0,5306.0,0.01,0.3102,0.0016,0.001,-0.0022,0.0012,0.0,2594.0,10210.0
2026-07-23 10:11:50,2026-07-23T09:56:05,740.5482,2026-07-23,P,756.0,15.27,15.55,22.0,82.0,14.43,0.0,-0.9984,0.001,-0.0022,0.0012,0.0,118.0,8.0
2026-07-23 10:11:50,2026-07-23T09:56:05,740.5482,2026-07-23,C,757.0,0.0,0.01,0.0,2249.0,0.01,0.2917,0.001,0.0006,-0.0013,0.0008,0.0,5515.0,7041.0
2026-07-23 10:11:50,2026-07-23T09:56:05,740.5482,2026-07-23,P,757.0,16.4,16.55,58.0,53.0,15.39,0.0,-0.999,0.0006,-0.0013,0.0008,0.0,214.0,6.0
2026-07-23 10:11:50,2026-07-23T09:56:05,740.5482,2026-07-23,C,758.0,0.0,0.01,0.0,6298.0,0.01,0.3074,0.0006,0.0004,-0.0007,0.0005,0.0,47.0,4495.0
2026-07-23 10:11:50,2026-07-23T09:56:05,740.5482,2026-07-23,P,758.0,17.26,17.7,10.0,10.0,16.69,0.345,-0.9994,0.0004,-0.0007,0.0005,0.0,36.0,4.0
2026-07-23 10:11:50,2026-07-23T09:56:05,740.5482,2026-07-23,C,759.0,0.0,0.01,0.0,6168.0,0.01,0.3231,0.0003,0.0002,-0.0004,0.0003,0.0,146.0,3361.0
2026-07-23 10:11:50,2026-07-23T09:56:05,740.5482,2026-07-23,P,759.0,18.26,18.7,19.0,10.0,17.75,0.3464,-0.9997,0.0002,-0.0004,0.0003,0.0,50.0,0.0
2026-07-23 10:11:50,2026-07-23T09:56:05,740.5482,2026-07-23,C,760.0,0.0,0.01,0.0,6179.0,0.01,0.3386,0.0002,0.0001,-0.0002,0.0002,0.0,15.0,7975.0
2026-07-23 10:11:50,2026-07-23T09:56:05,740.5482,2026-07-23,P,760.0,19.26,19.7,28.0,10.0,18.74,0.3628,-0.9998,0.0001,-0.0002,0.0002,0.0,37.0,1.0
2026-07-23 10:11:50,2026-07-23T09:56:05,740.5482,2026-07-23,C,761.0,0.0,0.01,0.0,6167.0,0.01,0.3541,0.0001,0.0001,-0.0001,0.0001,0.0,93.0,1883.0
2026-07-23 10:11:50,2026-07-23T09:56:05,740.5482,2026-07-23,P,761.0,20.25,20.7,92.0,22.0,20.7,0.0,-0.9999,0.0001,-0.0001,0.0001,0.0,35.0,0.0
2026-07-23 10:11:50,2026-07-23T09:56:05,740.5482,2026-07-23,C,762.0,0.0,0.01,0.0,6167.0,0.01,0.3695,0.0,0.0,-0.0001,0.0,0.0,3.0,1457.0
2026-07-23 10:11:50,2026-07-23T09:56:05,740.5482,2026-07-23,P,762.0,21.26,23.17,2.0,2.0,20.72,0.7979,-1.0,0.0,-0.0001,0.0,0.0,30.0,0.0
2026-07-23 10:11:50,2026-07-23T09:56:05,740.5482,2026-07-23,C,763.0,0.0,0.01,0.0,6348.0,0.01,0.3848,0.0,0.0,0.0,0.0,0.0,12.0,13912.0
2026-07-23 10:11:50,2026-07-23T09:56:05,740.5482,2026-07-23,P,763.0,22.25,22.7,10.0,10.0,22.28,0.4117,-1.0,0.0,0.0,0.0,0.0,34.0,0.0
2026-07-23 10:11:50,2026-07-23T09:56:05,740.5482,2026-07-23,C,764.0,0.0,0.01,0.0,6368.0,0.01,0.4001,0.0,0.0,0.0,0.0,0.0,3.0,5314.0
2026-07-23 10:11:50,2026-07-23T09:56:05,740.5482,2026-07-23,P,764.0,23.25,23.7,10.0,10.0,23.27,0.4278,-1.0,0.0,0.0,0.0,0.0,23.0,0.0
2026-07-23 10:11:50,2026-07-23T09:56:05,740.5482,2026-07-23,C,765.0,0.0,0.01,0.0,6428.0,0.01,0.4152,0.0,0.0,0.0,0.0,0.0,20.0,8260.0
2026-07-23 10:11:50,2026-07-23T09:56:05,740.5482,2026-07-23,P,765.0,24.25,24.7,10.0,10.0,23.53,0.0,-1.0,0.0,0.0,0.0,0.0,22.0,0.0
2026-07-23 10:11:50,2026-07-23T09:56:05,740.5482,2026-07-23,C,766.0,0.0,0.01,0.0,6128.0,0.02,0.4304,0.0,0.0,0.0,0.0,0.0,21.0,3265.0
2026-07-23 10:11:50,2026-07-23T09:56:05,740.5482,2026-07-23,P,766.0,23.7,27.17,10.0,2.0,25.04,0.0,-1.0,0.0,0.0,0.0,0.0,20.0,0.0
2026-07-23 10:11:50,2026-07-23T09:56:05,740.5482,2026-07-23,C,767.0,0.0,0.01,0.0,6247.0,0.01,0.4454,0.0,0.0,0.0,0.0,0.0,0.0,2977.0
2026-07-23 10:11:50,2026-07-23T09:56:05,740.5482,2026-07-23,P,767.0,26.23,26.84,1.0,2.0,25.69,0.6111,-1.0,0.0,0.0,0.0,0.0,36.0,0.0
2026-07-23 10:11:50,2026-07-23T09:56:05,740.5482,2026-07-23,C,768.0,0.0,0.01,0.0,6248.0,0.01,0.4604,0.0,0.0,0.0,0.0,0.0,0.0,4740.0
2026-07-23 10:11:50,2026-07-23T09:56:05,740.5482,2026-07-23,P,768.0,27.24,27.68,2.0,1.0,26.59,0.0,-1.0,0.0,0.0,0.0,0.0,35.0,1.0
2026-07-23 10:11:50,2026-07-23T09:56:05,740.5482,2026-07-23,C,769.0,0.0,0.01,0.0,2757.0,0.02,0.4753,0.0,0.0,0.0,0.0,0.0,0.0,10436.0
2026-07-23 10:11:50,2026-07-23T09:56:05,740.5482,2026-07-23,P,769.0,26.7,30.17,10.0,1.0,27.82,0.0,-1.0,0.0,0.0,0.0,0.0,17.0,0.0
2026-07-23 10:11:50,2026-07-23T09:56:05,740.5482,2026-07-23,C,770.0,0.0,0.01,0.0,6848.0,0.01,0.4902,0.0,0.0,0.0,0.0,0.0,0.0,10373.0
2026-07-23 10:11:50,2026-07-23T09:56:05,740.5482,2026-07-23,P,770.0,27.7,31.17,10.0,1.0,28.8,0.0,-1.0,0.0,0.0,0.0,0.0,21.0,0.0
2026-07-23 10:11:50,2026-07-23T09:56:05,740.5482,2026-07-23,C,771.0,0.0,0.01,0.0,2248.0,0.01,0.505,0.0,0.0,0.0,0.0,0.0,1.0,4646.0
2026-07-23 10:11:50,2026-07-23T09:56:05,740.5482,2026-07-23,P,771.0,28.7,32.17,10.0,1.0,29.82,0.8718,-1.0,0.0,0.0,0.0,0.0,22.0,0.0
2026-07-23 10:11:50,2026-07-23T09:56:05,740.5482,2026-07-23,C,772.0,0.0,0.01,0.0,2248.0,0.01,0.5197,0.0,0.0,0.0,0.0,0.0,0.0,1061.0
2026-07-23 10:11:50,2026-07-23T09:56:05,740.5482,2026-07-23,P,772.0,29.7,33.17,10.0,1.0,30.89,0.0,-1.0,0.0,0.0,0.0,0.0,24.0,0.0
2026-07-23 10:11:50,2026-07-23T09:56:05,740.5482,2026-07-23,C,773.0,0.0,0.01,0.0,2248.0,0.01,0.5344,0.0,0.0,0.0,0.0,0.0,0.0,2371.0
2026-07-23 10:11:50,2026-07-23T09:56:05,740.5482,2026-07-23,P,773.0,30.7,34.17,10.0,1.0,32.89,0.0,-1.0,0.0,0.0,0.0,0.0,47.0,0.0
2026-07-23 10:11:50,2026-07-23T09:56:05,740.5482,2026-07-23,C,774.0,0.0,0.01,0.0,2248.0,0.03,0.549,0.0,0.0,0.0,0.0,0.0,0.0,288.0
2026-07-23 10:11:50,2026-07-23T09:56:05,740.5482,2026-07-23,P,774.0,31.73,35.17,2.0,1.0,33.91,0.0,-1.0,0.0,0.0,0.0,0.0,32.0,0.0
2026-07-23 10:11:50,2026-07-23T09:56:05,740.5482,2026-07-23,C,775.0,0.0,0.01,0.0,2248.0,0.01,0.5636,0.0,0.0,0.0,0.0,0.0,0.0,488.0
2026-07-23 10:11:50,2026-07-23T09:56:05,740.5482,2026-07-23,P,775.0,32.7,36.17,10.0,1.0,33.86,0.9009,-1.0,0.0,0.0,0.0,0.0,166.0,0.0
2026-07-23 10:11:50,2026-07-23T09:56:05,740.5482,2026-07-23,C,776.0,0.0,0.01,0.0,2248.0,0.01,0.5781,0.0,0.0,0.0,0.0,0.0,0.0,157.0
2026-07-23 10:11:50,2026-07-23T09:56:05,740.5482,2026-07-23,P,776.0,33.7,36.85,10.0,2.0,34.75,0.0,-1.0,0.0,0.0,0.0,0.0,138.0,0.0
2026-07-23 10:11:50,2026-07-23T09:56:05,740.5482,2026-07-23,C,777.0,0.0,0.01,0.0,2248.0,0.01,0.5926,0.0,0.0,0.0,0.0,0.0,1.0,131.0
2026-07-23 10:11:50,2026-07-23T09:56:05,740.5482,2026-07-23,P,777.0,36.23,36.8,1.0,2.0,36.85,0.7695,-1.0,0.0,0.0,0.0,0.0,28.0,0.0
2026-07-23 11:11:24,2026-07-23T10:55:07,738.175,2026-07-23,C,702.0,36.03,36.67,43.0,43.0,37.72,0.9976,0.9969,0.0007,-0.0121,0.0018,0.0,11.0,0.0
2026-07-23 11:11:24,2026-07-23T10:55:07,738.175,2026-07-23,P,702.0,0.0,0.01,0.0,6228.0,0.01,0.6724,-0.0031,0.0007,-0.0121,0.0018,0.0,14.0,545.0
2026-07-23 11:11:24,2026-07-23T10:55:07,738.175,2026-07-23,C,703.0,35.03,35.52,43.0,43.0,36.79,0.8821,0.9969,0.0007,-0.0122,0.0018,0.0,3.0,33.0
2026-07-23 11:11:24,2026-07-23T10:55:07,738.175,2026-07-23,P,703.0,0.0,0.01,0.0,6228.0,0.02,0.6549,-0.0031,0.0007,-0.0122,0.0018,0.0,0.0,419.0
2026-07-23 11:11:24,2026-07-23T10:55:07,738.175,2026-07-23,C,704.0,34.02,34.52,43.0,43.0,34.22,0.852,0.9968,0.0008,-0.0122,0.0019,0.0,8.0,5.0
2026-07-23 11:11:24,2026-07-23T10:55:07,738.175,2026-07-23,P,704.0,0.0,0.01,0.0,6228.0,0.01,0.6374,-0.0032,0.0008,-0.0122,0.0019,0.0,1.0,9958.0
2026-07-23 11:11:24,2026-07-23T10:55:07,738.175,2026-07-23,C,705.0,33.13,33.35,44.0,44.0,33.29,0.7748,0.9967,0.0008,-0.0122,0.0019,0.0,8.0,1.0
2026-07-23 11:11:24,2026-07-23T10:55:07,738.175,2026-07-23,P,705.0,0.0,0.01,0.0,6228.0,0.01,0.62,-0.0033,0.0008,-0.0122,0.0019,0.0,450.0,11349.0
2026-07-23 11:11:24,2026-07-23T10:55:07,738.175,2026-07-23,C,706.0,32.12,32.35,44.0,45.0,32.53,0.7424,0.9966,0.0008,-0.0123,0.002,0.0,5.0,21.0
2026-07-23 11:11:24,2026-07-23T10:55:07,738.175,2026-07-23,P,706.0,0.0,0.01,0.0,6108.0,0.01,0.6025,-0.0034,0.0008,-0.0123,0.002,0.0,10.0,603.0
2026-07-23 11:11:24,2026-07-23T10:55:07,738.175,2026-07-23,C,707.0,31.13,31.35,44.0,44.0,31.61,0.7327,0.9965,0.0009,-0.0123,0.002,0.0,3.0,2.0
2026-07-23 11:11:24,2026-07-23T10:55:07,738.175,2026-07-23,P,707.0,0.0,0.01,0.0,6108.0,0.01,0.585,-0.0035,0.0009,-0.0123,0.002,0.0,5.0,443.0
2026-07-23 11:11:24,2026-07-23T10:55:07,738.175,2026-07-23,C,708.0,30.13,30.35,44.0,44.0,31.46,0.7116,0.9964,0.0009,-0.0123,0.0021,0.0,1.0,3.0
2026-07-23 11:11:24,2026-07-23T10:55:07,738.175,2026-07-23,P,708.0,0.0,0.01,0.0,6108.0,0.01,0.5675,-0.0036,0.0009,-0.0123,0.0021,0.0,301.0,149.0
2026-07-23 11:11:24,2026-07-23T10:55:07,738.175,2026-07-23,C,709.0,29.07,29.35,44.0,44.0,30.53,0.6026,0.9963,0.001,-0.0124,0.0022,0.0,1.0,3.0
2026-07-23 11:11:24,2026-07-23T10:55:07,738.175,2026-07-23,P,709.0,0.0,0.01,0.0,4552.0,0.01,0.5499,-0.0037,0.001,-0.0124,0.0022,0.0,180.0,164.0
2026-07-23 11:11:24,2026-07-23T10:55:07,738.175,2026-07-23,C,710.0,28.03,28.82,43.0,251.0,28.5,0.8618,0.9962,0.0011,-0.0124,0.0022,0.0,19.0,19.0
2026-07-23 11:11:24,2026-07-23T10:55:07,738.175,2026-07-23,P,710.0,0.0,0.01,0.0,2148.0,0.01,0.5324,-0.0038,0.0011,-0.0124,0.0022,0.0,2463.0,265.0
2026-07-23 11:11:24,2026-07-23T10:55:07,738.175,2026-07-23,C,711.0,27.03,27.9,43.0,43.0,28.32,0.8616,0.996,0.0011,-0.0124,0.0023,0.0,3.0,0.0
2026-07-23 11:11:24,2026-07-23T10:55:07,738.175,2026-07-23,P,711.0,0.0,0.01,0.0,2109.0,0.01,0.5148,-0.004,0.0011,-0.0124,0.0023,0.0,3593.0,1282.0
2026-07-23 11:11:24,2026-07-23T10:55:07,738.175,2026-07-23,C,712.0,26.03,27.83,43.0,43.0,27.65,1.0403,0.9959,0.0012,-0.0125,0.0024,0.0,2.0,0.0
2026-07-23 11:11:24,2026-07-23T10:55:07,738.175,2026-07-23,P,712.0,0.0,0.01,0.0,2148.0,0.01,0.4972,-0.0041,0.0012,-0.0125,0.0024,0.0,6016.0,2401.0
2026-07-23 11:11:24,2026-07-23T10:55:07,738.175,2026-07-23,C,713.0,25.03,26.83,43.0,44.0,26.72,1.0097,0.9957,0.0013,-0.0125,0.0024,0.0,6.0,1.0
2026-07-23 11:11:24,2026-07-23T10:55:07,738.175,2026-07-23,P,713.0,0.0,0.01,0.0,1775.0,0.01,0.4796,-0.0043,0.0013,-0.0125,0.0024,0.0,930.0,377.0
2026-07-23 11:11:24,2026-07-23T10:55:07,738.175,2026-07-23,C,714.0,24.04,25.83,43.0,43.0,25.12,0.9806,0.9956,0.0014,-0.0126,0.0025,0.0,1.0,1.0
2026-07-23 11:11:24,2026-07-23T10:55:07,738.175,2026-07-23,P,714.0,0.0,0.01,0.0,2268.0,0.01,0.4619,-0.0044,0.0014,-0.0126,0.0025,0.0,1736.0,8473.0
2026-07-23 11:11:24,2026-07-23T10:55:07,738.175,2026-07-23,C,715.0,23.11,23.35,44.0,43.0,23.3,0.5439,0.9954,0.0015,-0.0126,0.0026,0.0,7.0,7.0
2026-07-23 11:11:24,2026-07-23T10:55:07,738.175,2026-07-23,P,715.0,0.01,0.02,6119.0,6229.0,0.01,0.4959,-0.0046,0.0015,-0.0126,0.0026,0.0,2453.0,1859.0
2026-07-23 11:11:24,2026-07-23T10:55:07,738.175,2026-07-23,C,716.0,22.03,22.35,100.0,45.0,23.6,0.0,0.9952,0.0016,-0.0127,0.0027,0.0,11.0,1.0
2026-07-23 11:11:24,2026-07-23T10:55:07,738.175,2026-07-23,P,716.0,0.01,0.02,6121.0,6228.0,0.02,0.4765,-0.0048,0.0016,-0.0127,0.0027,0.0,508.0,1122.0
2026-07-23 11:11:24,2026-07-23T10:55:07,738.175,2026-07-23,C,717.0,21.03,21.35,101.0,100.0,22.32,0.0,0.995,0.0017,-0.0127,0.0028,0.0,5.0,3.0
2026-07-23 11:11:24,2026-07-23T10:55:07,738.175,2026-07-23,P,717.0,0.01,0.02,6161.0,6268.0,0.01,0.457,-0.005,0.0017,-0.0127,0.0028,0.0,686.0,267.0
2026-07-23 11:11:24,2026-07-23T10:55:07,738.175,2026-07-23,C,718.0,20.06,20.35,100.0,100.0,21.0,0.4094,0.9948,0.0019,-0.0128,0.003,0.0,8.0,11.0
2026-07-23 11:11:24,2026-07-23T10:55:07,738.175,2026-07-23,P,718.0,0.01,0.02,5161.0,5269.0,0.01,0.4375,-0.0052,0.0019,-0.0128,0.003,0.0,21.0,2208.0
2026-07-23 11:11:24,2026-07-23T10:55:07,738.175,2026-07-23,C,719.0,19.13,19.35,152.0,100.0,19.53,0.4764,0.9946,0.002,-0.0129,0.0031,0.0,57.0,1.0
2026-07-23 11:11:24,2026-07-23T10:55:07,738.175,2026-07-23,P,719.0,0.01,0.02,5161.0,5269.0,0.01,0.4179,-0.0054,0.002,-0.0129,0.0031,0.0,1489.0,727.0
2026-07-23 11:11:24,2026-07-23T10:55:07,738.175,2026-07-23,C,720.0,18.03,18.35,152.0,88.0,19.68,0.0,0.9943,0.0022,-0.013,0.0032,0.0,29.0,24.0
2026-07-23 11:11:24,2026-07-23T10:55:07,738.175,2026-07-23,P,720.0,0.01,0.02,5161.0,5269.0,0.01,0.3983,-0.0057,0.0022,-0.013,0.0032,0.0,6144.0,5800.0
2026-07-23 11:11:24,2026-07-23T10:55:07,738.175,2026-07-23,C,721.0,17.04,17.35,280.0,100.0,18.25,0.0,0.9939,0.0025,-0.0132,0.0034,0.0,41.0,2.0
2026-07-23 11:11:24,2026-07-23T10:55:07,738.175,2026-07-23,P,721.0,0.01,0.02,5268.0,5269.0,0.01,0.3786,-0.0061,0.0025,-0.0132,0.0034,0.0,1323.0,2993.0
2026-07-23 11:11:24,2026-07-23T10:55:07,738.175,2026-07-23,C,722.0,16.04,16.36,280.0,100.0,16.82,0.3047,0.9934,0.0028,-0.0137,0.0037,0.0,14.0,5.0
2026-07-23 11:11:24,2026-07-23T10:55:07,738.175,2026-07-23,P,722.0,0.01,0.02,5283.0,5299.0,0.01,0.3588,-0.0066,0.0028,-0.0137,0.0037,0.0,783.0,1881.0
2026-07-23 11:11:24,2026-07-23T10:55:07,738.175,2026-07-23,C,723.0,15.03,15.36,128.0,100.0,15.89,0.0,0.9928,0.0032,-0.0144,0.004,0.0,22.0,1.0
2026-07-23 11:11:24,2026-07-23T10:55:07,738.175,2026-07-23,P,723.0,0.01,0.02,5282.0,5314.0,0.02,0.3389,-0.0072,0.0032,-0.0144,0.004,0.0,1629.0,889.0
2026-07-23 11:11:24,2026-07-23T10:55:07,738.175,2026-07-23,C,724.0,14.09,14.36,145.0,60.0,15.25,0.3452,0.9918,0.0037,-0.0158,0.0045,0.0,42.0,11.0
2026-07-23 11:11:24,2026-07-23T10:55:07,738.175,2026-07-23,P,724.0,0.01,0.02,5162.0,5312.0,0.01,0.319,-0.0082,0.0037,-0.0158,0.0045,0.0,4574.0,1574.0
2026-07-23 11:11:24,2026-07-23T10:55:07,738.175,2026-07-23,C,725.0,13.16,13.36,72.0,100.0,13.54,0.3649,0.9903,0.0046,-0.0183,0.0052,0.0,57.0,22.0
2026-07-23 11:11:24,2026-07-23T10:55:07,738.175,2026-07-23,P,725.0,0.01,0.02,5163.0,5313.0,0.02,0.2989,-0.0097,0.0046,-0.0183,0.0052,0.0,3489.0,1202.0
2026-07-23 11:11:24,2026-07-23T10:55:07,738.175,2026-07-23,C,726.0,12.05,12.36,80.0,94.0,12.34,0.2593,0.9878,0.0058,-0.0226,0.0063,0.0,44.0,3.0
2026-07-23 11:11:24,2026-07-23T10:55:07,738.175,2026-07-23,P,726.0,0.02,0.03,3977.0,4185.0,0.02,0.2976,-0.0122,0.0058,-0.0226,0.0063,0.0,4471.0,1108.0
2026-07-23 11:11:24,2026-07-23T10:55:07,738.175,2026-07-23,C,727.0,11.06,11.29,123.0,101.0,11.31,0.0,0.984,0.0076,-0.0298,0.008,0.0,55.0,6.0
2026-07-23 11:11:24,2026-07-23T10:55:07,738.175,2026-07-23,P,727.0,0.02,0.03,3680.0,3473.0,0.03,0.2762,-0.016,0.0076,-0.0298,0.008,0.0,4328.0,9514.0
2026-07-23 11:11:24,2026-07-23T10:55:07,738.175,2026-07-23,C,728.0,10.06,10.36,119.0,99.0,10.68,0.2338,0.9779,0.0103,-0.0416,0.0105,0.0,65.0,17.0
2026-07-23 11:11:24,2026-07-23T10:55:07,738.175,2026-07-23,P,728.0,0.03,0.04,3530.0,3500.0,0.04,0.2673,-0.0221,0.0103,-0.0416,0.0105,0.0,20568.0,22361.0
2026-07-23 11:11:24,2026-07-23T10:55:07,738.175,2026-07-23,C,729.0,9.08,9.4,118.0,96.0,9.34,0.2528,0.9687,0.0142,-0.0603,0.014,0.0,115.0,58.0
2026-07-23 11:11:24,2026-07-23T10:55:07,738.175,2026-07-23,P,729.0,0.05,0.06,1987.0,2578.0,0.06,0.2632,-0.0313,0.0142,-0.0603,0.014,0.0,40189.0,1100.0
2026-07-23 11:11:24,2026-07-23T10:55:07,738.175,2026-07-23,C,730.0,8.22,8.42,81.0,100.0,8.15,0.2788,0.9551,0.0194,-0.0894,0.0186,0.0,533.0,82.0
2026-07-23 11:11:24,2026-07-23T10:55:07,738.175,2026-07-23,P,730.0,0.08,0.09,944.0,2176.0,0.08,0.2588,-0.0449,0.0194,-0.0894,0.0186,0.0,45296.0,12521.0
2026-07-23 11:11:24,2026-07-23T10:55:07,738.175,2026-07-23,C,731.0,7.31,7.37,100.0,34.0,7.58,0.268,0.9357,0.0264,-0.1336,0.0245,0.0,495.0,4.0
2026-07-23 11:11:24,2026-07-23T10:55:07,738.175,2026-07-23,P,731.0,0.12,0.13,1976.0,1924.0,0.13,0.2524,-0.0643,0.0264,-0.1336,0.0245,0.0,27379.0,1967.0
2026-07-23 11:11:24,2026-07-23T10:55:07,738.175,2026-07-23,C,732.0,6.4,6.42,35.0,35.0,6.44,0.2605,0.9086,0.0351,-0.1991,0.0317,0.0,921.0,5.0
2026-07-23 11:11:24,2026-07-23T10:55:07,738.175,2026-07-23,P,732.0,0.18,0.19,2397.0,438.0,0.19,0.2467,-0.0914,0.0351,-0.1991,0.0317,0.0,26131.0,4385.0
2026-07-23 11:11:24,2026-07-23T10:55:07,738.175,2026-07-23,C,733.0,5.5,5.54,40.0,55.0,5.42,0.2555,0.8721,0.0454,-0.2944,0.04,0.0,982.0,7.0
2026-07-23 11:11:24,2026-07-23T10:55:07,738.175,2026-07-23,P,733.0,0.29,0.3,49.0,622.0,0.29,0.2446,-0.1279,0.0454,-0.2944,0.04,0.0,40713.0,2235.0
2026-07-23 11:11:24,2026-07-23T10:55:07,738.175,2026-07-23,C,734.0,4.64,4.67,39.0,66.0,4.64,0.251,0.8243,0.057,-0.4306,0.049,0.0,1793.0,16.0
2026-07-23 11:11:24,2026-07-23T10:55:07,738.175,2026-07-23,P,734.0,0.43,0.44,248.0,1091.0,0.44,0.2421,-0.1757,0.057,-0.4306,0.049,0.0,54092.0,1286.0
2026-07-23 11:11:24,2026-07-23T10:55:07,738.175,2026-07-23,C,735.0,3.84,3.87,42.0,127.0,3.86,0.2466,0.764,0.0689,-0.6208,0.058,0.0,5375.0,123.0
2026-07-23 11:11:24,2026-07-23T10:55:07,738.175,2026-07-23,P,735.0,0.62,0.63,512.0,335.0,0.62,0.2409,-0.236,0.0689,-0.6208,0.058,0.0,146676.0,6313.0
2026-07-23 11:11:24,2026-07-23T10:55:07,738.175,2026-07-23,C,736.0,3.09,3.12,47.0,73.0,3.14,0.2436,0.6914,0.0795,-0.8796,0.066,0.0,3621.0,71.0
2026-07-23 11:11:24,2026-07-23T10:55:07,738.175,2026-07-23,P,736.0,0.88,0.89,39.0,339.0,0.87,0.237,-0.3086,0.0795,-0.8796,0.066,0.0,101036.0,11610.0
2026-07-23 11:11:24,2026-07-23T10:55:07,738.175,2026-07-23,C,737.0,2.43,2.45,45.0,87.0,2.42,0.2407,0.6086,0.0874,-1.2187,0.0717,0.0,8344.0,13.0
2026-07-23 11:11:24,2026-07-23T10:55:07,738.175,2026-07-23,P,737.0,1.21,1.22,35.0,219.0,1.2,0.234,-0.3914,0.0874,-1.2187,0.0717,0.0,145474.0,9010.0
2026-07-23 11:11:24,2026-07-23T10:55:07,738.175,2026-07-23,C,738.0,1.84,1.86,137.0,177.0,1.85,0.236,0.5192,0.0914,-1.6432,0.0743,0.0,24848.0,103.0
2026-07-23 11:11:24,2026-07-23T10:55:07,738.175,2026-07-23,P,738.0,1.62,1.63,88.0,250.0,1.63,0.2316,-0.4808,0.0914,-1.6432,0.0743,0.0,152942.0,6481.0
2026-07-23 11:11:24,2026-07-23T10:55:07,738.175,2026-07-23,C,739.0,1.35,1.36,158.0,133.0,1.35,0.2328,0.4272,0.0911,-1.349,0.0732,0.0,78635.0,669.0
2026-07-23 11:11:24,2026-07-23T10:55:07,738.175,2026-07-23,P,739.0,2.12,2.13,50.0,93.0,2.14,0.2269,-0.5728,0.0911,-1.349,0.0732,0.0,182512.0,5411.0
2026-07-23 11:11:24,2026-07-23T10:55:07,738.175,2026-07-23,C,740.0,0.95,0.96,266.0,330.0,0.95,0.2293,0.3366,0.0861,-0.9435,0.0683,0.0,164622.0,587.0
2026-07-23 11:11:24,2026-07-23T10:55:07,738.175,2026-07-23,P,740.0,2.71,2.73,84.0,76.0,2.72,0.223,-0.6634,0.0861,-0.9435,0.0683,0.0,184059.0,13653.0
2026-07-23 11:11:24,2026-07-23T10:55:07,738.175,2026-07-23,C,741.0,0.64,0.65,339.0,431.0,0.65,0.2268,0.2528,0.0764,-0.6323,0.0602,0.0,161217.0,501.0
2026-07-23 11:11:24,2026-07-23T10:55:07,738.175,2026-07-23,P,741.0,3.4,3.43,43.0,51.0,3.37,0.2196,-0.7472,0.0764,-0.6323,0.0602,0.0,74596.0,4291.0
2026-07-23 11:11:24,2026-07-23T10:55:07,738.175,2026-07-23,C,742.0,0.41,0.42,1088.0,306.0,0.42,0.2264,0.1832,0.0634,-0.4167,0.0504,0.0,188614.0,515.0
2026-07-23 11:11:24,2026-07-23T10:55:07,738.175,2026-07-23,P,742.0,4.17,4.2,167.0,37.0,4.22,0.2165,-0.8168,0.0634,-0.4167,0.0504,0.0,34981.0,3056.0
2026-07-23 11:11:24,2026-07-23T10:55:07,738.175,2026-07-23,C,743.0,0.26,0.27,628.0,1650.0,0.27,0.225,0.1307,0.0499,-0.2778,0.0407,0.0,157798.0,1502.0
2026-07-23 11:11:24,2026-07-23T10:55:07,738.175,2026-07-23,P,743.0,5.02,5.05,35.0,45.0,5.02,0.2135,-0.8693,0.0499,-0.2778,0.0407,0.0,12259.0,4183.0
2026-07-23 11:11:24,2026-07-23T10:55:07,738.175,2026-07-23,C,744.0,0.16,0.17,1279.0,2105.0,0.16,0.2263,0.0928,0.0381,-0.1877,0.0321,0.0,112303.0,1703.0
2026-07-23 11:11:24,2026-07-23T10:55:07,738.175,2026-07-23,P,744.0,5.94,5.97,33.0,33.0,6.05,0.2105,-0.9072,0.0381,-0.1877,0.0321,0.0,9209.0,6102.0
2026-07-23 11:11:24,2026-07-23T10:55:07,738.175,2026-07-23,C,745.0,0.1,0.11,2051.0,3279.0,0.1,0.2304,0.0652,0.0284,-0.1265,0.0248,0.0,144524.0,5602.0
2026-07-23 11:11:24,2026-07-23T10:55:07,738.175,2026-07-23,P,745.0,6.77,6.92,102.0,64.0,6.93,0.1851,-0.9348,0.0284,-0.1265,0.0248,0.0,14602.0,13004.0
2026-07-23 11:11:24,2026-07-23T10:55:07,738.175,2026-07-23,C,746.0,0.06,0.07,3064.0,2542.0,0.07,0.2339,0.045,0.0207,-0.0837,0.0186,0.0,69109.0,4431.0
2026-07-23 11:11:24,2026-07-23T10:55:07,738.175,2026-07-23,P,746.0,7.73,7.9,100.0,62.0,7.97,0.1694,-0.955,0.0207,-0.0837,0.0186,0.0,6961.0,8883.0
2026-07-23 11:11:24,2026-07-23T10:55:07,738.175,2026-07-23,C,747.0,0.04,0.05,3679.0,3707.0,0.04,0.2424,0.0303,0.0147,-0.054,0.0136,0.0,40167.0,7503.0
2026-07-23 11:11:24,2026-07-23T10:55:07,738.175,2026-07-23,P,747.0,8.72,8.89,100.0,80.0,9.0,0.1655,-0.9697,0.0147,-0.054,0.0136,0.0,5244.0,7913.0
2026-07-23 11:11:24,2026-07-23T10:55:07,738.175,2026-07-23,C,748.0,0.03,0.04,3660.0,3678.0,0.03,0.255,0.0198,0.0102,-0.0338,0.0097,0.0,34364.0,12511.0
2026-07-23 11:11:24,2026-07-23T10:55:07,738.175,2026-07-23,P,748.0,9.69,9.85,100.0,100.0,9.94,0.0,-0.9802,0.0102,-0.0338,0.0097,0.0,5927.0,10216.0
2026-07-23 11:11:24,2026-07-23T10:55:07,738.175,2026-07-23,C,749.0,0.02,0.03,4018.0,4034.0,0.03,0.2639,0.0127,0.0068,-0.0206,0.0066,0.0,27889.0,9998.0
2026-07-23 11:11:24,2026-07-23T10:55:07,738.175,2026-07-23,P,749.0,10.69,10.86,100.0,65.0,10.95,0.0,-0.9873,0.0068,-0.0206,0.0066,0.0,1931.0,5349.0
2026-07-23 11:11:24,2026-07-23T10:55:07,738.175,2026-07-23,C,750.0,0.02,0.03,2654.0,4027.0,0.02,0.2846,0.0078,0.0044,-0.0122,0.0044,0.0,20899.0,14413.0
2026-07-23 11:11:24,2026-07-23T10:55:07,738.175,2026-07-23,P,750.0,11.68,11.85,100.0,100.0,11.76,0.0,-0.9922,0.0044,-0.0122,0.0044,0.0,1202.0,5617.0
2026-07-23 11:11:24,2026-07-23T10:55:07,738.175,2026-07-23,C,751.0,0.01,0.02,5152.0,5312.0,0.02,0.286,0.0047,0.0028,-0.007,0.0029,0.0,12428.0,8620.0
2026-07-23 11:11:24,2026-07-23T10:55:07,738.175,2026-07-23,P,751.0,12.68,12.88,100.0,64.0,12.86,0.0,-0.9953,0.0028,-0.007,0.0029,0.0,564.0,2638.0
2026-07-23 11:11:24,2026-07-23T10:55:07,738.175,2026-07-23,C,752.0,0.01,0.02,5174.0,5293.0,0.01,0.3053,0.0028,0.0017,-0.0039,0.0018,0.0,10283.0,14676.0
2026-07-23 11:11:24,2026-07-23T10:55:07,738.175,2026-07-23,P,752.0,13.67,13.9,100.0,152.0,13.02,0.0,-0.9972,0.0017,-0.0039,0.0018,0.0,380.0,1744.0
2026-07-23 11:11:24,2026-07-23T10:55:07,738.175,2026-07-23,C,753.0,0.01,0.02,5152.0,5274.0,0.01,0.3245,0.0016,0.001,-0.0021,0.0011,0.0,4582.0,7607.0
2026-07-23 11:11:24,2026-07-23T10:55:07,738.175,2026-07-23,P,753.0,14.67,14.9,100.0,152.0,14.03,0.0,-0.9984,0.001,-0.0021,0.0011,0.0,321.0,1476.0
2026-07-23 11:11:24,2026-07-23T10:55:07,738.175,2026-07-23,C,754.0,0.01,0.02,5001.0,5254.0,0.01,0.3436,0.0009,0.0006,-0.0011,0.0006,0.0,5043.0,6401.0
2026-07-23 11:11:24,2026-07-23T10:55:07,738.175,2026-07-23,P,754.0,15.67,15.9,100.0,152.0,15.76,0.0,-0.9991,0.0006,-0.0011,0.0006,0.0,1108.0,971.0
2026-07-23 11:11:24,2026-07-23T10:55:07,738.175,2026-07-23,C,755.0,0.01,0.02,5041.0,5293.0,0.02,0.3625,0.0005,0.0003,-0.0006,0.0004,0.0,4560.0,14125.0
2026-07-23 11:11:24,2026-07-23T10:55:07,738.175,2026-07-23,P,755.0,16.67,16.9,100.0,152.0,16.88,0.0,-0.9995,0.0003,-0.0006,0.0004,0.0,662.0,1110.0
2026-07-23 11:11:24,2026-07-23T10:55:07,738.175,2026-07-23,C,756.0,0.01,0.02,5682.0,6253.0,0.01,0.3812,0.0002,0.0002,-0.0003,0.0002,0.0,10185.0,10210.0
2026-07-23 11:11:24,2026-07-23T10:55:07,738.175,2026-07-23,P,756.0,17.67,17.99,1.0,152.0,15.54,0.3989,-0.9998,0.0002,-0.0003,0.0002,0.0,126.0,8.0
2026-07-23 11:11:24,2026-07-23T10:55:07,738.175,2026-07-23,C,757.0,0.0,0.01,0.0,2300.0,0.02,0.3569,0.0001,0.0001,-0.0001,0.0001,0.0,7678.0,7041.0
2026-07-23 11:11:24,2026-07-23T10:55:07,738.175,2026-07-23,P,757.0,18.66,18.88,86.0,123.0,18.09,0.0,-0.9999,0.0001,-0.0001,0.0001,0.0,216.0,6.0
2026-07-23 11:11:24,2026-07-23T10:55:07,738.175,2026-07-23,C,758.0,0.0,0.01,0.0,6304.0,0.01,0.3738,0.0001,0.0,-0.0001,0.0,0.0,81.0,4495.0
2026-07-23 11:11:24,2026-07-23T10:55:07,738.175,2026-07-23,P,758.0,19.67,19.98,1.0,2.0,16.69,0.0,-0.9999,0.0,-0.0001,0.0,0.0,36.0,4.0
2026-07-23 11:11:24,2026-07-23T10:55:07,738.175,2026-07-23,C,759.0,0.0,0.01,0.0,6134.0,0.01,0.3906,0.0,0.0,0.0,0.0,0.0,152.0,3361.0
2026-07-23 11:11:24,2026-07-23T10:55:07,738.175,2026-07-23,P,759.0,20.64,20.98,1.0,2.0,17.75,0.0,-1.0,0.0,0.0,0.0,0.0,50.0,0.0
2026-07-23 11:11:24,2026-07-23T10:55:07,738.175,2026-07-23,C,760.0,0.0,0.01,0.0,6184.0,0.01,0.4073,0.0,0.0,0.0,0.0,0.0,48.0,7975.0
2026-07-23 11:11:24,2026-07-23T10:55:07,738.175,2026-07-23,P,760.0,21.67,22.04,1.0,22.0,20.99,0.4615,-1.0,0.0,0.0,0.0,0.0,41.0,1.0
2026-07-23 11:11:24,2026-07-23T10:55:07,738.175,2026-07-23,C,761.0,0.0,0.01,0.0,6173.0,0.01,0.424,0.0,0.0,0.0,0.0,0.0,544.0,1883.0
2026-07-23 11:11:24,2026-07-23T10:55:07,738.175,2026-07-23,P,761.0,22.67,23.21,1.0,2.0,22.95,0.5775,-1.0,0.0,0.0,0.0,0.0,47.0,0.0
2026-07-23 11:11:24,2026-07-23T10:55:07,738.175,2026-07-23,C,762.0,0.0,0.01,0.0,6173.0,0.01,0.4405,0.0,0.0,0.0,0.0,0.0,19.0,1457.0
2026-07-23 11:11:24,2026-07-23T10:55:07,738.175,2026-07-23,P,762.0,23.67,24.23,1.0,2.0,23.85,0.6261,-1.0,0.0,0.0,0.0,0.0,42.0,0.0
2026-07-23 11:11:24,2026-07-23T10:55:07,738.175,2026-07-23,C,763.0,0.0,0.01,0.0,6353.0,0.01,0.457,0.0,0.0,0.0,0.0,0.0,101.0,13912.0
2026-07-23 11:11:24,2026-07-23T10:55:07,738.175,2026-07-23,P,763.0,24.64,25.06,2.0,1.0,23.87,0.5561,-1.0,0.0,0.0,0.0,0.0,48.0,0.0
2026-07-23 11:11:24,2026-07-23T10:55:07,738.175,2026-07-23,C,764.0,0.0,0.01,0.0,6373.0,0.01,0.4734,0.0,0.0,0.0,0.0,0.0,90.0,5314.0
2026-07-23 11:11:24,2026-07-23T10:55:07,738.175,2026-07-23,P,764.0,24.85,25.98,2.0,1.0,24.77,0.0,-1.0,0.0,0.0,0.0,0.0,37.0,0.0
2026-07-23 11:11:24,2026-07-23T10:55:07,738.175,2026-07-23,C,765.0,0.0,0.01,0.0,6474.0,0.01,0.4898,0.0,0.0,0.0,0.0,0.0,21.0,8260.0
2026-07-23 11:11:24,2026-07-23T10:55:07,738.175,2026-07-23,P,765.0,25.02,28.46,4.0,2.0,25.78,0.0,-1.0,0.0,0.0,0.0,0.0,26.0,0.0
2026-07-23 11:11:24,2026-07-23T10:55:07,738.175,2026-07-23,C,766.0,0.0,0.01,0.0,6133.0,0.02,0.506,0.0,0.0,0.0,0.0,0.0,21.0,3265.0
2026-07-23 11:11:24,2026-07-23T10:55:07,738.175,2026-07-23,P,766.0,26.02,29.52,4.0,10.0,25.04,0.0,-1.0,0.0,0.0,0.0,0.0,20.0,0.0
2026-07-23 11:11:24,2026-07-23T10:55:07,738.175,2026-07-23,C,767.0,0.0,0.01,0.0,6133.0,0.01,0.5222,0.0,0.0,0.0,0.0,0.0,0.0,2977.0
2026-07-23 11:11:24,2026-07-23T10:55:07,738.175,2026-07-23,P,767.0,28.64,29.29,2.0,1.0,27.87,0.5383,-1.0,0.0,0.0,0.0,0.0,48.0,0.0
2026-07-23 11:11:24,2026-07-23T10:55:07,738.175,2026-07-23,C,768.0,0.0,0.01,0.0,6253.0,0.01,0.5384,0.0,0.0,0.0,0.0,0.0,0.0,4740.0
2026-07-23 11:11:24,2026-07-23T10:55:07,738.175,2026-07-23,P,768.0,29.64,29.96,1.0,2.0,28.86,0.0,-1.0,0.0,0.0,0.0,0.0,46.0,1.0
2026-07-23 11:11:24,2026-07-23T10:55:07,738.175,2026-07-23,C,769.0,0.0,0.01,0.0,6253.0,0.02,0.5544,0.0,0.0,0.0,0.0,0.0,0.0,10436.0
2026-07-23 11:11:24,2026-07-23T10:55:07,738.175,2026-07-23,P,769.0,29.0,32.52,10.0,10.0,27.82,0.0,-1.0,0.0,0.0,0.0,0.0,17.0,0.0
2026-07-23 11:11:24,2026-07-23T10:55:07,738.175,2026-07-23,C,770.0,0.0,0.01,0.0,6851.0,0.01,0.5705,0.0,0.0,0.0,0.0,0.0,6.0,10373.0
2026-07-23 11:11:24,2026-07-23T10:55:07,738.175,2026-07-23,P,770.0,30.0,33.52,10.0,10.0,28.8,0.0,-1.0,0.0,0.0,0.0,0.0,21.0,0.0
2026-07-23 11:11:24,2026-07-23T10:55:07,738.175,2026-07-23,C,771.0,0.0,0.01,0.0,6253.0,0.01,0.5864,0.0,0.0,0.0,0.0,0.0,1.0,4646.0
2026-07-23 11:11:24,2026-07-23T10:55:07,738.175,2026-07-23,P,771.0,31.02,34.52,4.0,10.0,29.82,0.0,-1.0,0.0,0.0,0.0,0.0,22.0,0.0
2026-07-23 11:11:24,2026-07-23T10:55:07,738.175,2026-07-23,C,772.0,0.0,0.01,0.0,6253.0,0.01,0.6023,0.0,0.0,0.0,0.0,0.0,0.0,1061.0
2026-07-23 11:11:24,2026-07-23T10:55:07,738.175,2026-07-23,P,772.0,32.0,35.52,10.0,10.0,30.89,0.0,-1.0,0.0,0.0,0.0,0.0,24.0,0.0
2026-07-23 11:11:24,2026-07-23T10:55:07,738.175,2026-07-23,C,773.0,0.0,0.01,0.0,2691.0,0.01,0.6182,0.0,0.0,0.0,0.0,0.0,0.0,2371.0
2026-07-23 11:11:24,2026-07-23T10:55:07,738.175,2026-07-23,P,773.0,34.36,34.96,1.0,2.0,34.19,0.0,-1.0,0.0,0.0,0.0,0.0,65.0,0.0
2026-07-23 11:11:24,2026-07-23T10:55:07,738.175,2026-07-23,C,774.0,0.0,0.01,0.0,2425.0,0.03,0.634,0.0,0.0,0.0,0.0,0.0,0.0,288.0
2026-07-23 11:11:24,2026-07-23T10:55:07,738.175,2026-07-23,P,774.0,35.64,35.99,2.0,1.0,35.18,0.0,-1.0,0.0,0.0,0.0,0.0,50.0,0.0
2026-07-23 11:11:24,2026-07-23T10:55:07,738.175,2026-07-23,C,775.0,0.0,0.01,0.0,2484.0,0.01,0.6497,0.0,0.0,0.0,0.0,0.0,0.0,488.0
2026-07-23 11:11:24,2026-07-23T10:55:07,738.175,2026-07-23,P,775.0,36.28,36.96,1.0,2.0,35.87,0.0,-1.0,0.0,0.0,0.0,0.0,191.0,0.0
2026-07-23 14:02:28,2026-07-23T13:46:12,738.075,2026-07-23,C,702.0,35.99,36.22,30.0,32.0,37.15,1.2702,0.9964,0.0008,-0.0147,0.0014,0.0,17.0,0.0
2026-07-23 14:02:28,2026-07-23T13:46:12,738.075,2026-07-23,P,702.0,0.0,0.01,0.0,6234.0,0.01,0.9582,-0.0036,0.0008,-0.0147,0.0014,0.0,14.0,545.0
2026-07-23 14:02:28,2026-07-23T13:46:12,738.075,2026-07-23,C,703.0,35.0,35.22,28.0,31.0,36.12,1.2138,0.9963,0.0008,-0.0148,0.0014,0.0,12.0,33.0
2026-07-23 14:02:28,2026-07-23T13:46:12,738.075,2026-07-23,P,703.0,0.0,0.01,0.0,6234.0,0.02,0.9332,-0.0037,0.0008,-0.0148,0.0014,0.0,0.0,419.0
2026-07-23 14:02:28,2026-07-23T13:46:12,738.075,2026-07-23,C,704.0,34.0,34.22,30.0,32.0,33.32,1.1828,0.9962,0.0009,-0.0148,0.0015,0.0,10.0,5.0
2026-07-23 14:02:28,2026-07-23T13:46:12,738.075,2026-07-23,P,704.0,0.0,0.01,0.0,6234.0,0.01,0.9083,-0.0038,0.0009,-0.0148,0.0015,0.0,3.0,9958.0
2026-07-23 14:02:28,2026-07-23T13:46:12,738.075,2026-07-23,C,705.0,32.99,33.25,29.0,32.0,34.06,1.1758,0.9961,0.0009,-0.0148,0.0015,0.0,17.0,1.0
2026-07-23 14:02:28,2026-07-23T13:46:12,738.075,2026-07-23,P,705.0,0.0,0.01,0.0,6114.0,0.01,0.8833,-0.0039,0.0009,-0.0148,0.0015,0.0,629.0,11349.0
2026-07-23 14:02:28,2026-07-23T13:46:12,738.075,2026-07-23,C,706.0,32.0,32.22,31.0,32.0,33.13,1.1207,0.996,0.001,-0.0149,0.0016,0.0,44.0,21.0
2026-07-23 14:02:28,2026-07-23T13:46:12,738.075,2026-07-23,P,706.0,0.0,0.01,0.0,6114.0,0.01,0.8583,-0.004,0.001,-0.0149,0.0016,0.0,310.0,603.0
2026-07-23 14:02:28,2026-07-23T13:46:12,738.075,2026-07-23,C,707.0,30.99,31.25,30.0,31.0,29.98,1.1125,0.9959,0.001,-0.0149,0.0016,0.0,5.0,2.0
2026-07-23 14:02:28,2026-07-23T13:46:12,738.075,2026-07-23,P,707.0,0.0,0.01,0.0,6114.0,0.01,0.8332,-0.0041,0.001,-0.0149,0.0016,0.0,65.0,443.0
2026-07-23 14:02:28,2026-07-23T13:46:12,738.075,2026-07-23,C,708.0,29.99,30.22,30.0,32.0,30.51,1.0808,0.9958,0.0011,-0.015,0.0017,0.0,5.0,3.0
2026-07-23 14:02:28,2026-07-23T13:46:12,738.075,2026-07-23,P,708.0,0.0,0.01,0.0,6114.0,0.01,0.8082,-0.0042,0.0011,-0.015,0.0017,0.0,321.0,149.0
2026-07-23 14:02:28,2026-07-23T13:46:12,738.075,2026-07-23,C,709.0,28.99,29.22,30.0,32.0,28.9,1.0491,0.9956,0.0011,-0.015,0.0017,0.0,5.0,3.0
2026-07-23 14:02:28,2026-07-23T13:46:12,738.075,2026-07-23,P,709.0,0.0,0.01,0.0,6114.0,0.01,0.7831,-0.0044,0.0011,-0.015,0.0017,0.0,200.0,164.0
2026-07-23 14:02:28,2026-07-23T13:46:12,738.075,2026-07-23,C,710.0,28.0,28.22,30.0,32.0,28.39,0.9958,0.9955,0.0012,-0.0151,0.0018,0.0,45.0,19.0
2026-07-23 14:02:28,2026-07-23T13:46:12,738.075,2026-07-23,P,710.0,0.0,0.01,0.0,6114.0,0.01,0.758,-0.0045,0.0012,-0.0151,0.0018,0.0,2467.0,265.0
2026-07-23 14:02:28,2026-07-23T13:46:12,738.075,2026-07-23,C,711.0,27.0,27.22,30.0,32.0,27.47,0.9644,0.9953,0.0013,-0.0151,0.0018,0.0,17.0,0.0
2026-07-23 14:02:28,2026-07-23T13:46:12,738.075,2026-07-23,P,711.0,0.0,0.01,0.0,6115.0,0.01,0.7329,-0.0047,0.0013,-0.0151,0.0018,0.0,3615.0,1282.0
2026-07-23 14:02:28,2026-07-23T13:46:12,738.075,2026-07-23,C,712.0,25.99,26.22,30.0,32.0,26.76,0.9533,0.9952,0.0014,-0.0151,0.0019,0.0,14.0,0.0
2026-07-23 14:02:28,2026-07-23T13:46:12,738.075,2026-07-23,P,712.0,0.0,0.01,0.0,6113.0,0.01,0.7077,-0.0048,0.0014,-0.0151,0.0019,0.0,6042.0,2401.0
2026-07-23 14:02:28,2026-07-23T13:46:12,738.075,2026-07-23,C,713.0,25.0,25.22,27.0,32.0,26.35,0.9014,0.995,0.0014,-0.0152,0.0019,0.0,26.0,1.0
2026-07-23 14:02:28,2026-07-23T13:46:12,738.075,2026-07-23,P,713.0,0.0,0.01,0.0,6113.0,0.01,0.6825,-0.005,0.0014,-0.0152,0.0019,0.0,942.0,377.0
2026-07-23 14:02:28,2026-07-23T13:46:12,738.075,2026-07-23,C,714.0,23.94,24.25,30.0,31.0,25.35,0.7942,0.9948,0.0016,-0.0152,0.002,0.0,3.0,1.0
2026-07-23 14:02:28,2026-07-23T13:46:12,738.075,2026-07-23,P,714.0,0.0,0.01,0.0,4202.0,0.01,0.6572,-0.0052,0.0016,-0.0152,0.002,0.0,2550.0,8473.0
2026-07-23 14:02:28,2026-07-23T13:46:12,738.075,2026-07-23,C,715.0,23.0,23.22,29.0,31.0,24.41,0.838,0.9946,0.0017,-0.0153,0.0021,0.0,8.0,7.0
2026-07-23 14:02:28,2026-07-23T13:46:12,738.075,2026-07-23,P,715.0,0.0,0.01,0.0,1957.0,0.01,0.6319,-0.0054,0.0017,-0.0153,0.0021,0.0,6713.0,1859.0
2026-07-23 14:02:28,2026-07-23T13:46:12,738.075,2026-07-23,C,716.0,21.99,22.22,30.0,91.0,21.97,0.8244,0.9944,0.0018,-0.0153,0.0021,0.0,15.0,1.0
2026-07-23 14:02:28,2026-07-23T13:46:12,738.075,2026-07-23,P,716.0,0.0,0.01,0.0,1884.0,0.01,0.6066,-0.0056,0.0018,-0.0153,0.0021,0.0,3152.0,1122.0
2026-07-23 14:02:28,2026-07-23T13:46:12,738.075,2026-07-23,C,717.0,20.94,21.27,72.0,105.0,22.22,0.732,0.9942,0.002,-0.0154,0.0022,0.0,11.0,3.0
2026-07-23 14:02:28,2026-07-23T13:46:12,738.075,2026-07-23,P,717.0,0.0,0.01,0.0,951.0,0.01,0.5812,-0.0058,0.002,-0.0154,0.0022,0.0,4117.0,267.0
2026-07-23 14:02:28,2026-07-23T13:46:12,738.075,2026-07-23,C,718.0,19.94,20.26,66.0,140.0,21.3,0.6891,0.994,0.0021,-0.0154,0.0023,0.0,28.0,11.0
2026-07-23 14:02:28,2026-07-23T13:46:12,738.075,2026-07-23,P,718.0,0.0,0.01,0.0,1673.0,0.01,0.5557,-0.006,0.0021,-0.0154,0.0023,0.0,696.0,2208.0
2026-07-23 14:02:28,2026-07-23T13:46:12,738.075,2026-07-23,C,719.0,19.01,19.25,33.0,98.0,19.69,0.7184,0.9937,0.0023,-0.0154,0.0024,0.0,67.0,1.0
2026-07-23 14:02:28,2026-07-23T13:46:12,738.075,2026-07-23,P,719.0,0.01,0.02,32.0,6027.0,0.01,0.594,-0.0063,0.0023,-0.0154,0.0024,0.0,3031.0,727.0
2026-07-23 14:02:28,2026-07-23T13:46:12,738.075,2026-07-23,C,720.0,17.95,18.24,63.0,37.0,18.8,0.6156,0.9934,0.0025,-0.0155,0.0025,0.0,40.0,24.0
2026-07-23 14:02:28,2026-07-23T13:46:12,738.075,2026-07-23,P,720.0,0.0,0.01,0.0,758.0,0.01,0.5046,-0.0066,0.0025,-0.0155,0.0025,0.0,7004.0,5800.0
2026-07-23 14:02:28,2026-07-23T13:46:12,738.075,2026-07-23,C,721.0,16.95,17.25,65.0,93.0,17.29,0.5975,0.993,0.0028,-0.0155,0.0026,0.0,56.0,2.0
2026-07-23 14:02:28,2026-07-23T13:46:12,738.075,2026-07-23,P,721.0,0.01,0.02,970.0,4924.0,0.01,0.5377,-0.007,0.0028,-0.0155,0.0026,0.0,2912.0,2993.0
2026-07-23 14:02:28,2026-07-23T13:46:12,738.075,2026-07-23,C,722.0,16.0,16.23,32.0,100.0,16.43,0.6342,0.9927,0.003,-0.0156,0.0028,0.0,46.0,5.0
2026-07-23 14:02:28,2026-07-23T13:46:12,738.075,2026-07-23,P,722.0,0.01,0.02,4101.0,5060.0,0.01,0.5094,-0.0073,0.003,-0.0156,0.0028,0.0,3348.0,1881.0
2026-07-23 14:02:28,2026-07-23T13:46:12,738.075,2026-07-23,C,723.0,14.96,15.25,61.0,102.0,15.85,0.5459,0.9923,0.0034,-0.0156,0.0029,0.0,63.0,1.0
2026-07-23 14:02:28,2026-07-23T13:46:12,738.075,2026-07-23,P,723.0,0.01,0.02,4141.0,4965.0,0.02,0.4809,-0.0077,0.0034,-0.0156,0.0029,0.0,3368.0,889.0
2026-07-23 14:02:28,2026-07-23T13:46:12,738.075,2026-07-23,C,724.0,13.96,14.25,56.0,53.0,13.05,0.5143,0.9918,0.0038,-0.0157,0.0031,0.0,78.0,11.0
2026-07-23 14:02:28,2026-07-23T13:46:12,738.075,2026-07-23,P,724.0,0.01,0.02,4226.0,4918.0,0.01,0.4524,-0.0082,0.0038,-0.0157,0.0031,0.0,15001.0,1574.0
2026-07-23 14:02:28,2026-07-23T13:46:12,738.075,2026-07-23,C,725.0,13.02,13.25,43.0,66.0,12.81,0.5263,0.9913,0.0042,-0.0158,0.0032,0.0,240.0,22.0
2026-07-23 14:02:28,2026-07-23T13:46:12,738.075,2026-07-23,P,725.0,0.01,0.02,4497.0,4919.0,0.02,0.4236,-0.0087,0.0042,-0.0158,0.0032,0.0,9801.0,1202.0
2026-07-23 14:02:28,2026-07-23T13:46:12,738.075,2026-07-23,C,726.0,12.01,12.23,66.0,75.0,12.18,0.4921,0.9906,0.0048,-0.0159,0.0035,0.0,141.0,3.0
2026-07-23 14:02:28,2026-07-23T13:46:12,738.075,2026-07-23,P,726.0,0.01,0.02,4638.0,4774.0,0.01,0.3948,-0.0094,0.0048,-0.0159,0.0035,0.0,11769.0,1108.0
2026-07-23 14:02:28,2026-07-23T13:46:12,738.075,2026-07-23,C,727.0,10.96,11.27,57.0,65.0,11.88,0.433,0.9898,0.0056,-0.0163,0.0038,0.0,192.0,6.0
2026-07-23 14:02:28,2026-07-23T13:46:12,738.075,2026-07-23,P,727.0,0.01,0.02,4687.0,4455.0,0.02,0.3657,-0.0102,0.0056,-0.0163,0.0038,0.0,31130.0,9514.0
2026-07-23 14:02:28,2026-07-23T13:46:12,738.075,2026-07-23,C,728.0,10.01,10.24,50.0,42.0,10.45,0.4229,0.9886,0.0067,-0.0172,0.0042,0.0,253.0,17.0
2026-07-23 14:02:28,2026-07-23T13:46:12,738.075,2026-07-23,P,728.0,0.01,0.02,3674.0,3687.0,0.01,0.3364,-0.0114,0.0067,-0.0172,0.0042,0.0,77084.0,22361.0
2026-07-23 14:02:28,2026-07-23T13:46:12,738.075,2026-07-23,C,729.0,9.02,9.26,41.0,78.0,9.26,0.3926,0.9865,0.0084,-0.0191,0.0048,0.0,424.0,58.0
2026-07-23 14:02:28,2026-07-23T13:46:12,738.075,2026-07-23,P,729.0,0.02,0.03,750.0,4112.0,0.02,0.3289,-0.0135,0.0084,-0.0191,0.0048,0.0,90130.0,1100.0
2026-07-23 14:02:28,2026-07-23T13:46:12,738.075,2026-07-23,C,730.0,8.02,8.15,45.0,66.0,8.1,0.313,0.9828,0.0111,-0.0235,0.006,0.0,2267.0,82.0
2026-07-23 14:02:28,2026-07-23T13:46:12,738.075,2026-07-23,P,730.0,0.02,0.03,3550.0,3578.0,0.03,0.2974,-0.0172,0.0111,-0.0235,0.006,0.0,125900.0,12521.0
2026-07-23 14:02:28,2026-07-23T13:46:12,738.075,2026-07-23,C,731.0,7.03,7.25,64.0,78.0,6.69,0.3202,0.9757,0.0158,-0.0327,0.0079,0.0,1763.0,4.0
2026-07-23 14:02:28,2026-07-23T13:46:12,738.075,2026-07-23,P,731.0,0.03,0.04,3729.0,2989.0,0.03,0.2798,-0.0243,0.0158,-0.0327,0.0079,0.0,85799.0,1967.0
2026-07-23 14:02:28,2026-07-23T13:46:12,738.075,2026-07-23,C,732.0,6.05,6.27,72.0,88.0,6.16,0.2972,0.9626,0.0238,-0.0508,0.0112,0.0,3613.0,5.0
2026-07-23 14:02:28,2026-07-23T13:46:12,738.075,2026-07-23,P,732.0,0.05,0.06,833.0,3441.0,0.06,0.2666,-0.0374,0.0238,-0.0508,0.0112,0.0,133770.0,4385.0
2026-07-23 14:02:28,2026-07-23T13:46:12,738.075,2026-07-23,C,733.0,5.13,5.18,21.0,23.0,5.2,0.258,0.9399,0.0364,-0.0846,0.0163,0.0,4102.0,7.0
2026-07-23 14:02:28,2026-07-23T13:46:12,738.075,2026-07-23,P,733.0,0.08,0.09,1927.0,1522.0,0.09,0.2517,-0.0601,0.0364,-0.0846,0.0163,0.0,217097.0,2235.0
2026-07-23 14:02:28,2026-07-23T13:46:12,738.075,2026-07-23,C,734.0,4.19,4.24,30.0,7.0,4.23,0.2464,0.9024,0.0547,-0.145,0.0232,0.0,10211.0,16.0
2026-07-23 14:02:28,2026-07-23T13:46:12,738.075,2026-07-23,P,734.0,0.14,0.15,1016.0,2074.0,0.15,0.2375,-0.0976,0.0547,-0.145,0.0232,0.0,226085.0,1286.0
2026-07-23 14:02:28,2026-07-23T13:46:12,738.075,2026-07-23,C,735.0,3.3,3.34,65.0,67.0,3.42,0.2357,0.8438,0.0786,-0.2493,0.0319,0.0,27794.0,123.0
2026-07-23 14:02:28,2026-07-23T13:46:12,738.075,2026-07-23,P,735.0,0.24,0.25,1355.0,1374.0,0.25,0.2325,-0.1562,0.0786,-0.2493,0.0319,0.0,428209.0,6313.0
2026-07-23 14:02:28,2026-07-23T13:46:12,738.075,2026-07-23,C,736.0,2.47,2.51,86.0,227.0,2.47,0.23,0.7584,0.1055,-0.4229,0.0411,0.0,62196.0,71.0
2026-07-23 14:02:28,2026-07-23T13:46:12,738.075,2026-07-23,P,736.0,0.42,0.43,347.0,796.0,0.42,0.2276,-0.2416,0.1055,-0.4229,0.0411,0.0,365095.0,11610.0
2026-07-23 14:02:28,2026-07-23T13:46:12,738.075,2026-07-23,C,737.0,1.76,1.78,64.0,72.0,1.75,0.2213,0.6445,0.1288,-0.6981,0.0487,0.0,135056.0,13.0
2026-07-23 14:02:28,2026-07-23T13:46:12,738.075,2026-07-23,P,737.0,0.69,0.7,338.0,366.0,0.7,0.2213,-0.3555,0.1288,-0.6981,0.0487,0.0,451430.0,9010.0
2026-07-23 14:02:28,2026-07-23T13:46:12,738.075,2026-07-23,C,738.0,1.16,1.17,8.0,440.0,1.16,0.2177,0.5099,0.1407,-1.0991,0.052,0.0,265391.0,103.0
2026-07-23 14:02:28,2026-07-23T13:46:12,738.075,2026-07-23,P,738.0,1.09,1.1,206.0,25.0,1.09,0.2168,-0.4901,0.1407,-1.0991,0.052,0.0,420123.0,6481.0
2026-07-23 14:02:28,2026-07-23T13:46:12,738.075,2026-07-23,C,739.0,0.7,0.71,600.0,96.0,0.7,0.2134,0.3686,0.1362,-0.7007,0.0493,0.0,356637.0,669.0
2026-07-23 14:02:28,2026-07-23T13:46:12,738.075,2026-07-23,P,739.0,1.62,1.64,87.0,27.0,1.62,0.2134,-0.6314,0.1362,-0.7007,0.0493,0.0,345329.0,5411.0
2026-07-23 14:02:28,2026-07-23T13:46:12,738.075,2026-07-23,C,740.0,0.39,0.4,683.0,640.0,0.39,0.2119,0.2413,0.1136,-0.3904,0.0411,0.0,463444.0,587.0
2026-07-23 14:02:28,2026-07-23T13:46:12,738.075,2026-07-23,P,740.0,2.3,2.34,113.0,229.0,2.34,0.2106,-0.7587,0.1136,-0.3904,0.0411,0.0,241930.0,13653.0
2026-07-23 14:02:28,2026-07-23T13:46:12,738.075,2026-07-23,C,741.0,0.2,0.21,938.0,1071.0,0.21,0.2153,0.1508,0.0827,-0.2209,0.0312,0.0,341149.0,501.0
2026-07-23 14:02:28,2026-07-23T13:46:12,738.075,2026-07-23,P,741.0,3.11,3.16,118.0,126.0,3.11,0.2086,-0.8492,0.0827,-0.2209,0.0312,0.0,94351.0,4291.0
2026-07-23 14:02:28,2026-07-23T13:46:12,738.075,2026-07-23,C,742.0,0.1,0.11,1075.0,2439.0,0.1,0.2163,0.0932,0.0562,-0.1285,0.0225,0.0,337120.0,515.0
2026-07-23 14:02:28,2026-07-23T13:46:12,738.075,2026-07-23,P,742.0,4.01,4.05,22.0,45.0,3.99,0.2112,-0.9068,0.0562,-0.1285,0.0225,0.0,45930.0,3056.0
2026-07-23 14:02:28,2026-07-23T13:46:12,738.075,2026-07-23,C,743.0,0.04,0.05,3636.0,722.0,0.05,0.2155,0.0555,0.0364,-0.0723,0.0154,0.0,265408.0,1502.0
2026-07-23 14:02:28,2026-07-23T13:46:12,738.075,2026-07-23,P,743.0,4.93,5.04,59.0,66.0,4.99,0.0,-0.9445,0.0364,-0.0723,0.0154,0.0,17217.0,4183.0
2026-07-23 14:02:28,2026-07-23T13:46:12,738.075,2026-07-23,C,744.0,0.02,0.03,2367.0,3160.0,0.03,0.2271,0.0314,0.0223,-0.0384,0.0098,0.0,190663.0,1703.0
2026-07-23 14:02:28,2026-07-23T13:46:12,738.075,2026-07-23,P,744.0,5.81,6.02,69.0,44.0,5.87,0.0,-0.9686,0.0223,-0.0384,0.0098,0.0,10882.0,6102.0
2026-07-23 14:02:28,2026-07-23T13:46:12,738.075,2026-07-23,C,745.0,0.01,0.02,2488.0,3453.0,0.01,0.2406,0.0168,0.0128,-0.0192,0.0059,0.0,275075.0,5602.0
2026-07-23 14:02:28,2026-07-23T13:46:12,738.075,2026-07-23,P,745.0,6.83,7.02,66.0,49.0,6.78,0.0,-0.9832,0.0128,-0.0192,0.0059,0.0,17107.0,13004.0
2026-07-23 14:02:28,2026-07-23T13:46:12,738.075,2026-07-23,C,746.0,0.01,0.02,2923.0,3604.0,0.01,0.2702,0.0084,0.007,-0.009,0.0033,0.0,101704.0,4431.0
2026-07-23 14:02:28,2026-07-23T13:46:12,738.075,2026-07-23,P,746.0,7.83,8.01,55.0,49.0,7.77,0.0,-0.9916,0.007,-0.009,0.0033,0.0,8038.0,8883.0
2026-07-23 14:02:28,2026-07-23T13:46:12,738.075,2026-07-23,C,747.0,0.01,0.02,3786.0,5400.0,0.01,0.2993,0.004,0.0035,-0.004,0.0017,0.0,59602.0,7503.0
2026-07-23 14:02:28,2026-07-23T13:46:12,738.075,2026-07-23,P,747.0,8.8,9.01,66.0,54.0,9.49,0.0,-0.996,0.0035,-0.004,0.0017,0.0,6285.0,7913.0
2026-07-23 14:02:28,2026-07-23T13:46:12,738.075,2026-07-23,C,748.0,0.01,0.02,3669.0,5315.0,0.01,0.3281,0.0018,0.0017,-0.0016,0.0008,0.0,42485.0,12511.0
2026-07-23 14:02:28,2026-07-23T13:46:12,738.075,2026-07-23,P,748.0,9.79,10.02,63.0,49.0,10.23,0.0,-0.9982,0.0017,-0.0016,0.0008,0.0,6833.0,10216.0
2026-07-23 14:02:28,2026-07-23T13:46:12,738.075,2026-07-23,C,749.0,0.01,0.02,778.0,5321.0,0.01,0.3566,0.0007,0.0007,-0.0006,0.0004,0.0,33162.0,9998.0
2026-07-23 14:02:28,2026-07-23T13:46:12,738.075,2026-07-23,P,749.0,10.8,11.02,81.0,46.0,11.3,0.0,-0.9993,0.0007,-0.0006,0.0004,0.0,2123.0,5349.0
2026-07-23 14:02:28,2026-07-23T13:46:12,738.075,2026-07-23,C,750.0,0.0,0.01,0.0,2140.0,0.01,0.3403,0.0003,0.0003,-0.0002,0.0002,0.0,27542.0,14413.0
2026-07-23 14:02:28,2026-07-23T13:46:12,738.075,2026-07-23,P,750.0,11.79,12.01,48.0,48.0,12.37,0.0,-0.9997,0.0003,-0.0002,0.0002,0.0,1582.0,5617.0
2026-07-23 14:02:28,2026-07-23T13:46:12,738.075,2026-07-23,C,751.0,0.0,0.01,0.0,6141.0,0.01,0.3656,0.0001,0.0001,-0.0001,0.0001,0.0,17723.0,8620.0
2026-07-23 14:02:28,2026-07-23T13:46:12,738.075,2026-07-23,P,751.0,12.79,13.01,61.0,66.0,13.3,0.0,-0.9999,0.0001,-0.0001,0.0001,0.0,590.0,2638.0
2026-07-23 14:02:28,2026-07-23T13:46:12,738.075,2026-07-23,C,752.0,0.0,0.01,0.0,6193.0,0.01,0.3906,0.0,0.0,0.0,0.0,0.0,11874.0,14676.0
2026-07-23 14:02:28,2026-07-23T13:46:12,738.075,2026-07-23,P,752.0,13.79,14.0,66.0,47.0,14.24,0.0,-1.0,0.0,0.0,0.0,0.0,672.0,1744.0
2026-07-23 14:02:28,2026-07-23T13:46:12,738.075,2026-07-23,C,753.0,0.0,0.01,0.0,6194.0,0.01,0.4156,0.0,0.0,0.0,0.0,0.0,6406.0,7607.0
2026-07-23 14:02:28,2026-07-23T13:46:12,738.075,2026-07-23,P,753.0,14.8,15.01,77.0,62.0,15.47,0.0,-1.0,0.0,0.0,0.0,0.0,449.0,1476.0
2026-07-23 14:02:28,2026-07-23T13:46:12,738.075,2026-07-23,C,754.0,0.0,0.01,0.0,6308.0,0.01,0.4403,0.0,0.0,0.0,0.0,0.0,15901.0,6401.0
2026-07-23 14:02:28,2026-07-23T13:46:12,738.075,2026-07-23,P,754.0,15.76,16.01,90.0,52.0,15.11,0.0,-1.0,0.0,0.0,0.0,0.0,1149.0,971.0
2026-07-23 14:02:28,2026-07-23T13:46:12,738.075,2026-07-23,C,755.0,0.0,0.01,0.0,6203.0,0.01,0.4648,0.0,0.0,0.0,0.0,0.0,9177.0,14125.0
2026-07-23 14:02:28,2026-07-23T13:46:12,738.075,2026-07-23,P,755.0,16.79,17.02,94.0,51.0,17.22,0.0,-1.0,0.0,0.0,0.0,0.0,725.0,1110.0
2026-07-23 14:02:28,2026-07-23T13:46:12,738.075,2026-07-23,C,756.0,0.0,0.01,0.0,2195.0,0.01,0.4893,0.0,0.0,0.0,0.0,0.0,15938.0,10210.0
2026-07-23 14:02:28,2026-07-23T13:46:12,738.075,2026-07-23,P,756.0,17.78,18.06,97.0,33.0,17.47,0.0,-1.0,0.0,0.0,0.0,0.0,134.0,8.0
2026-07-23 14:02:28,2026-07-23T13:46:12,738.075,2026-07-23,C,757.0,0.0,0.01,0.0,2200.0,0.01,0.5135,0.0,0.0,0.0,0.0,0.0,8255.0,7041.0
2026-07-23 14:02:28,2026-07-23T13:46:12,738.075,2026-07-23,P,757.0,18.79,19.06,46.0,44.0,20.18,0.0,-1.0,0.0,0.0,0.0,0.0,232.0,6.0
2026-07-23 14:02:28,2026-07-23T13:46:12,738.075,2026-07-23,C,758.0,0.0,0.01,0.0,2152.0,0.01,0.5377,0.0,0.0,0.0,0.0,0.0,296.0,4495.0
2026-07-23 14:02:28,2026-07-23T13:46:12,738.075,2026-07-23,P,758.0,19.79,20.16,2.0,13.0,19.8,0.6221,-1.0,0.0,0.0,0.0,0.0,44.0,4.0
2026-07-23 14:02:28,2026-07-23T13:46:12,738.075,2026-07-23,C,759.0,0.0,0.01,0.0,2142.0,0.01,0.5617,0.0,0.0,0.0,0.0,0.0,163.0,3361.0
2026-07-23 14:02:28,2026-07-23T13:46:12,738.075,2026-07-23,P,759.0,20.79,21.16,2.0,16.0,21.41,0.6491,-1.0,0.0,0.0,0.0,0.0,64.0,0.0
2026-07-23 14:02:28,2026-07-23T13:46:12,738.075,2026-07-23,C,760.0,0.0,0.01,0.0,2152.0,0.01,0.5856,0.0,0.0,0.0,0.0,0.0,165.0,7975.0
2026-07-23 14:02:28,2026-07-23T13:46:12,738.075,2026-07-23,P,760.0,21.79,22.16,2.0,17.0,22.4,0.676,-1.0,0.0,0.0,0.0,0.0,67.0,1.0
2026-07-23 14:02:28,2026-07-23T13:46:12,738.075,2026-07-23,C,761.0,0.0,0.01,0.0,2716.0,0.01,0.6094,0.0,0.0,0.0,0.0,0.0,1066.0,1883.0
2026-07-23 14:02:28,2026-07-23T13:46:12,738.075,2026-07-23,P,761.0,22.76,23.11,1.0,2.0,22.74,0.0,-1.0,0.0,0.0,0.0,0.0,145.0,0.0
2026-07-23 14:02:28,2026-07-23T13:46:12,738.075,2026-07-23,C,762.0,0.0,0.01,0.0,3330.0,0.01,0.633,0.0,0.0,0.0,0.0,0.0,107.0,1457.0
2026-07-23 14:02:28,2026-07-23T13:46:12,738.075,2026-07-23,P,762.0,23.72,24.1,1.0,1.0,23.73,0.0,-1.0,0.0,0.0,0.0,0.0,134.0,0.0
2026-07-23 14:02:28,2026-07-23T13:46:12,738.075,2026-07-23,C,763.0,0.0,0.01,0.0,2321.0,0.01,0.6566,0.0,0.0,0.0,0.0,0.0,153.0,13912.0
2026-07-23 14:02:28,2026-07-23T13:46:12,738.075,2026-07-23,P,763.0,24.75,25.1,1.0,2.0,25.4,0.0,-1.0,0.0,0.0,0.0,0.0,145.0,0.0
2026-07-23 14:02:28,2026-07-23T13:46:12,738.075,2026-07-23,C,764.0,0.0,0.01,0.0,2500.0,0.01,0.6801,0.0,0.0,0.0,0.0,0.0,101.0,5314.0
2026-07-23 14:02:28,2026-07-23T13:46:12,738.075,2026-07-23,P,764.0,25.77,26.15,1.0,2.0,26.39,0.0,-1.0,0.0,0.0,0.0,0.0,132.0,0.0
2026-07-23 14:02:28,2026-07-23T13:46:12,738.075,2026-07-23,C,765.0,0.0,0.01,0.0,2561.0,0.01,0.7034,0.0,0.0,0.0,0.0,0.0,24.0,8260.0
2026-07-23 14:02:28,2026-07-23T13:46:12,738.075,2026-07-23,P,765.0,26.79,27.59,2.0,2.0,27.09,0.8471,-1.0,0.0,0.0,0.0,0.0,148.0,0.0
2026-07-23 14:02:28,2026-07-23T13:46:12,738.075,2026-07-23,C,766.0,0.0,0.01,0.0,2261.0,0.01,0.7267,0.0,0.0,0.0,0.0,0.0,23.0,3265.0
2026-07-23 14:02:28,2026-07-23T13:46:12,738.075,2026-07-23,P,766.0,27.77,28.82,2.0,1.0,27.99,0.8742,-1.0,0.0,0.0,0.0,0.0,132.0,0.0
2026-07-23 14:02:28,2026-07-23T13:46:12,738.075,2026-07-23,C,767.0,0.0,0.01,0.0,2260.0,0.01,0.7498,0.0,0.0,0.0,0.0,0.0,0.0,2977.0
2026-07-23 14:02:28,2026-07-23T13:46:12,738.075,2026-07-23,P,767.0,28.79,29.15,2.0,2.0,28.69,0.8002,-1.0,0.0,0.0,0.0,0.0,149.0,0.0
2026-07-23 14:02:28,2026-07-23T13:46:12,738.075,2026-07-23,C,768.0,0.0,0.01,0.0,2261.0,0.01,0.7729,0.0,0.0,0.0,0.0,0.0,0.0,4740.0
2026-07-23 14:02:28,2026-07-23T13:46:12,738.075,2026-07-23,P,768.0,29.79,30.22,2.0,1.0,29.68,1.0339,-1.0,0.0,0.0,0.0,0.0,152.0,1.0
2026-07-23 14:02:28,2026-07-23T13:46:12,738.075,2026-07-23,C,769.0,0.0,0.01,0.0,2261.0,0.01,0.7959,0.0,0.0,0.0,0.0,0.0,14.0,10436.0
2026-07-23 14:02:28,2026-07-23T13:46:12,738.075,2026-07-23,P,769.0,30.79,31.22,2.0,1.0,31.01,1.3475,-1.0,0.0,0.0,0.0,0.0,52.0,0.0
2026-07-23 14:02:28,2026-07-23T13:46:12,738.075,2026-07-23,C,770.0,0.0,0.01,0.0,4251.0,0.01,0.8188,0.0,0.0,0.0,0.0,0.0,6.0,10373.0
2026-07-23 14:02:28,2026-07-23T13:46:12,738.075,2026-07-23,P,770.0,31.79,33.02,2.0,2.0,32.0,1.4604,-1.0,0.0,0.0,0.0,0.0,64.0,0.0
2026-07-23 14:02:28,2026-07-23T13:46:12,738.075,2026-07-23,C,771.0,0.0,0.01,0.0,2261.0,0.01,0.8416,0.0,0.0,0.0,0.0,0.0,1.0,4646.0
2026-07-23 14:02:28,2026-07-23T13:46:12,738.075,2026-07-23,P,771.0,32.61,33.12,1.0,2.0,32.8,0.0,-1.0,0.0,0.0,0.0,0.0,59.0,0.0
2026-07-23 14:02:28,2026-07-23T13:46:12,738.075,2026-07-23,C,772.0,0.0,0.01,0.0,2261.0,0.01,0.8643,0.0,0.0,0.0,0.0,0.0,4.0,1061.0
2026-07-23 14:02:28,2026-07-23T13:46:12,738.075,2026-07-23,P,772.0,33.76,34.13,2.0,2.0,33.79,0.0,-1.0,0.0,0.0,0.0,0.0,123.0,0.0
2026-07-23 14:02:28,2026-07-23T13:46:12,738.075,2026-07-23,C,773.0,0.0,0.01,0.0,2261.0,0.01,0.887,0.0,0.0,0.0,0.0,0.0,0.0,2371.0
2026-07-23 14:02:28,2026-07-23T13:46:12,738.075,2026-07-23,P,773.0,34.73,35.13,1.0,2.0,35.13,0.0,-1.0,0.0,0.0,0.0,0.0,184.0,0.0
2026-07-23 14:02:28,2026-07-23T13:46:12,738.075,2026-07-23,C,774.0,0.0,0.01,0.0,2261.0,0.03,0.9096,0.0,0.0,0.0,0.0,0.0,0.0,288.0
2026-07-23 14:02:28,2026-07-23T13:46:12,738.075,2026-07-23,P,774.0,35.79,36.38,2.0,2.0,36.12,1.6049,-1.0,0.0,0.0,0.0,0.0,96.0,0.0
