fetched_at_et,quote_ts,spot,expiry,type,strike,bid,ask,bid_size,ask_size,last_trade_price,iv,delta,gamma,theta,vega,rho,volume,open_interest
2026-08-24 09:45:43,2026-08-24T09:30:06,764.51,2026-08-24,C,727.0,35.81,39.33,1.0,1.0,38.65,0.7619,0.9998,0.0,-0.0004,0.0001,0.0,0.0,2.0
2026-08-24 09:45:43,2026-08-24T09:30:06,764.51,2026-08-24,P,727.0,0.0,0.01,0.0,1174.0,0.01,0.6012,-0.0001,0.0,-0.0004,0.0001,0.0,0.0,142.0
2026-08-24 09:45:43,2026-08-24T09:30:06,764.51,2026-08-24,C,728.0,34.81,36.91,1.0,2.0,0.0,0.7436,0.9998,0.0001,-0.0005,0.0002,0.0,0.0,0.0
2026-08-24 09:45:43,2026-08-24T09:30:06,764.51,2026-08-24,P,728.0,0.0,0.01,0.0,1174.0,0.01,0.5862,-0.0002,0.0001,-0.0005,0.0002,0.0,0.0,2120.0
2026-08-24 09:45:43,2026-08-24T09:30:06,764.51,2026-08-24,C,729.0,33.81,37.33,1.0,1.0,0.0,0.0,0.9997,0.0001,-0.0008,0.0003,0.0,0.0,0.0
2026-08-24 09:45:43,2026-08-24T09:30:06,764.51,2026-08-24,P,729.0,0.0,0.01,0.0,1174.0,0.02,0.5712,-0.0003,0.0001,-0.0008,0.0003,0.0,0.0,249.0
2026-08-24 09:45:43,2026-08-24T09:30:06,764.51,2026-08-24,C,730.0,32.81,36.33,1.0,1.0,36.12,0.7071,0.9996,0.0001,-0.0012,0.0004,0.0,0.0,61.0
2026-08-24 09:45:43,2026-08-24T09:30:06,764.51,2026-08-24,P,730.0,0.0,0.01,0.0,2074.0,0.02,0.5562,-0.0004,0.0001,-0.0012,0.0004,0.0,0.0,2337.0
2026-08-24 09:45:43,2026-08-24T09:30:06,764.51,2026-08-24,C,731.0,31.81,35.33,1.0,1.0,0.0,0.0,0.9994,0.0002,-0.0017,0.0005,0.0,0.0,0.0
2026-08-24 09:45:43,2026-08-24T09:30:06,764.51,2026-08-24,P,731.0,0.0,0.01,0.0,1174.0,0.02,0.5412,-0.0006,0.0002,-0.0017,0.0005,0.0,0.0,1383.0
2026-08-24 09:45:43,2026-08-24T09:30:06,764.51,2026-08-24,C,732.0,30.81,32.91,1.0,2.0,0.0,0.0,0.9991,0.0003,-0.0025,0.0007,0.0,0.0,0.0
2026-08-24 09:45:43,2026-08-24T09:30:06,764.51,2026-08-24,P,732.0,0.0,0.01,0.0,1174.0,0.02,0.5261,-0.0009,0.0003,-0.0025,0.0007,0.0,0.0,958.0
2026-08-24 09:45:43,2026-08-24T09:30:06,764.51,2026-08-24,C,733.0,29.81,33.33,1.0,1.0,33.82,0.0,0.9988,0.0004,-0.0035,0.0009,0.0,0.0,1.0
2026-08-24 09:45:43,2026-08-24T09:30:06,764.51,2026-08-24,P,733.0,0.0,0.01,0.0,1174.0,0.03,0.5111,-0.0012,0.0004,-0.0035,0.0009,0.0,0.0,281.0
2026-08-24 09:45:43,2026-08-24T09:30:06,764.51,2026-08-24,C,734.0,30.23,30.88,7.0,1.0,0.0,0.0,0.9983,0.0005,-0.005,0.0012,0.0,0.0,0.0
2026-08-24 09:45:43,2026-08-24T09:30:06,764.51,2026-08-24,P,734.0,0.0,0.01,0.0,1097.0,0.03,0.496,-0.0017,0.0005,-0.005,0.0012,0.0,0.0,426.0
2026-08-24 09:45:43,2026-08-24T09:30:06,764.51,2026-08-24,C,735.0,27.81,31.25,2.0,2.0,31.01,0.6152,0.9957,0.0011,-0.015,0.0028,0.0,0.0,7.0
2026-08-24 09:45:43,2026-08-24T09:30:06,764.51,2026-08-24,P,735.0,0.01,0.02,10.0,1174.0,0.02,0.5346,-0.0043,0.0011,-0.015,0.0028,0.0,0.0,8066.0
2026-08-24 09:45:43,2026-08-24T09:30:06,764.51,2026-08-24,C,736.0,28.23,28.88,7.0,1.0,29.92,0.2945,0.9982,0.0006,-0.005,0.0013,0.0,0.0,0.0
2026-08-24 09:45:43,2026-08-24T09:30:06,764.51,2026-08-24,P,736.0,0.0,0.01,0.0,1000.0,0.01,0.4658,-0.0018,0.0006,-0.005,0.0013,0.0,0.0,7980.0
2026-08-24 09:45:43,2026-08-24T09:30:06,764.51,2026-08-24,C,737.0,27.23,27.88,7.0,1.0,29.31,0.0,0.9981,0.0006,-0.005,0.0014,0.0,0.0,6.0
2026-08-24 09:45:43,2026-08-24T09:30:06,764.51,2026-08-24,P,737.0,0.0,0.01,0.0,1102.0,0.01,0.4507,-0.0019,0.0006,-0.005,0.0014,0.0,2.0,1766.0
2026-08-24 09:45:43,2026-08-24T09:30:06,764.51,2026-08-24,C,738.0,26.23,26.88,7.0,1.0,28.03,0.5135,0.9981,0.0006,-0.005,0.0014,0.0,0.0,4.0
2026-08-24 09:45:43,2026-08-24T09:30:06,764.51,2026-08-24,P,738.0,0.0,0.01,0.0,388.0,0.02,0.4355,-0.0019,0.0006,-0.005,0.0014,0.0,0.0,3291.0
2026-08-24 09:45:43,2026-08-24T09:30:06,764.51,2026-08-24,C,739.0,25.23,25.88,7.0,1.0,26.56,0.4835,0.9965,0.0011,-0.01,0.0024,0.0,0.0,11.0
2026-08-24 09:45:43,2026-08-24T09:30:06,764.51,2026-08-24,P,739.0,0.0,0.01,0.0,388.0,0.01,0.4491,-0.0035,0.0011,-0.01,0.0024,0.0,0.0,756.0
2026-08-24 09:45:43,2026-08-24T09:30:06,764.51,2026-08-24,C,740.0,22.82,26.25,2.0,2.0,25.45,0.5356,0.998,0.0007,-0.005,0.0015,0.0,0.0,13.0
2026-08-24 09:45:43,2026-08-24T09:30:06,764.51,2026-08-24,P,740.0,0.0,0.01,0.0,388.0,0.01,0.4052,-0.002,0.0007,-0.005,0.0015,0.0,0.0,1476.0
2026-08-24 09:45:43,2026-08-24T09:30:06,764.51,2026-08-24,C,741.0,23.23,23.89,7.0,1.0,24.37,0.4612,0.9979,0.0008,-0.005,0.0016,0.0,0.0,2.0
2026-08-24 09:45:43,2026-08-24T09:30:06,764.51,2026-08-24,P,741.0,0.0,0.01,0.0,388.0,0.03,0.39,-0.0021,0.0008,-0.005,0.0016,0.0,0.0,1692.0
2026-08-24 09:45:43,2026-08-24T09:30:06,764.51,2026-08-24,C,742.0,22.21,22.89,1.0,1.0,24.44,0.0,0.9978,0.0008,-0.005,0.0016,0.0,0.0,13.0
2026-08-24 09:45:43,2026-08-24T09:30:06,764.51,2026-08-24,P,742.0,0.0,0.01,0.0,194.0,0.01,0.3747,-0.0022,0.0008,-0.005,0.0016,0.0,0.0,744.0
2026-08-24 09:45:43,2026-08-24T09:30:06,764.51,2026-08-24,C,743.0,21.23,21.89,7.0,1.0,21.86,0.3595,0.9977,0.0009,-0.005,0.0017,0.0,0.0,12.0
2026-08-24 09:45:43,2026-08-24T09:30:06,764.51,2026-08-24,P,743.0,0.01,0.02,388.0,1174.0,0.02,0.3594,-0.0023,0.0009,-0.005,0.0017,0.0,0.0,624.0
2026-08-24 09:45:43,2026-08-24T09:30:06,764.51,2026-08-24,C,744.0,20.21,20.89,1.0,1.0,20.13,0.4086,0.9942,0.002,-0.015,0.0038,0.0,0.0,6.0
2026-08-24 09:45:43,2026-08-24T09:30:06,764.51,2026-08-24,P,744.0,0.01,0.02,388.0,1174.0,0.02,0.385,-0.0058,0.002,-0.015,0.0038,0.0,0.0,1252.0
2026-08-24 09:45:43,2026-08-24T09:30:06,764.51,2026-08-24,C,745.0,19.23,19.9,1.0,1.0,21.28,0.5295,0.994,0.0022,-0.015,0.004,0.0,0.0,72.0
2026-08-24 09:45:43,2026-08-24T09:30:06,764.51,2026-08-24,P,745.0,0.01,0.02,388.0,674.0,0.02,0.3681,-0.006,0.0022,-0.015,0.004,0.0,4.0,1460.0
2026-08-24 09:45:43,2026-08-24T09:30:06,764.51,2026-08-24,C,746.0,18.21,18.89,1.0,1.0,20.43,0.0,0.9937,0.0023,-0.015,0.0041,0.0,0.0,11.0
2026-08-24 09:45:43,2026-08-24T09:30:06,764.51,2026-08-24,P,746.0,0.01,0.02,615.0,690.0,0.02,0.3512,-0.0063,0.0023,-0.015,0.0041,0.0,0.0,497.0
2026-08-24 09:45:43,2026-08-24T09:30:06,764.51,2026-08-24,C,747.0,17.21,17.89,1.0,1.0,19.18,0.0,0.9934,0.0026,-0.015,0.0043,0.0,0.0,24.0
2026-08-24 09:45:43,2026-08-24T09:30:06,764.51,2026-08-24,P,747.0,0.01,0.02,675.0,675.0,0.02,0.3343,-0.0066,0.0026,-0.015,0.0043,0.0,3.0,1909.0
2026-08-24 09:45:43,2026-08-24T09:30:06,764.51,2026-08-24,C,748.0,16.24,16.89,2.0,1.0,17.92,0.3032,0.9931,0.0028,-0.015,0.0045,0.0,0.0,24.0
2026-08-24 09:45:43,2026-08-24T09:30:06,764.51,2026-08-24,P,748.0,0.01,0.02,695.0,390.0,0.04,0.3173,-0.0069,0.0028,-0.015,0.0045,0.0,10.0,1955.0
2026-08-24 09:45:43,2026-08-24T09:30:06,764.51,2026-08-24,C,749.0,15.21,15.89,1.0,1.0,17.15,0.0,0.9928,0.0031,-0.015,0.0047,0.0,0.0,78.0
2026-08-24 09:45:43,2026-08-24T09:30:06,764.51,2026-08-24,P,749.0,0.01,0.02,696.0,396.0,0.02,0.3002,-0.0072,0.0031,-0.015,0.0047,0.0,0.0,2418.0
2026-08-24 09:45:43,2026-08-24T09:30:06,764.51,2026-08-24,C,750.0,14.24,14.9,1.0,1.0,16.04,0.4024,0.9924,0.0034,-0.015,0.005,0.0,0.0,79.0
2026-08-24 09:45:43,2026-08-24T09:30:06,764.51,2026-08-24,P,750.0,0.01,0.02,676.0,198.0,0.02,0.283,-0.0076,0.0034,-0.015,0.005,0.0,6.0,10698.0
2026-08-24 09:45:43,2026-08-24T09:30:06,764.51,2026-08-24,C,751.0,13.24,13.89,7.0,1.0,14.32,0.0,0.988,0.0051,-0.025,0.0073,0.0,0.0,59.0
2026-08-24 09:45:43,2026-08-24T09:30:06,764.51,2026-08-24,P,751.0,0.02,0.03,521.0,416.0,0.03,0.2834,-0.012,0.0051,-0.025,0.0073,0.0,8.0,1189.0
2026-08-24 09:45:43,2026-08-24T09:30:06,764.51,2026-08-24,C,752.0,12.24,12.89,7.0,1.0,14.21,0.0,0.9872,0.0058,-0.025,0.0077,0.0,0.0,59.0
2026-08-24 09:45:43,2026-08-24T09:30:06,764.51,2026-08-24,P,752.0,0.02,0.03,458.0,398.0,0.03,0.2652,-0.0127,0.0058,-0.025,0.0077,0.0,3.0,1738.0
2026-08-24 09:45:43,2026-08-24T09:30:06,764.51,2026-08-24,C,753.0,11.24,11.9,7.0,1.0,13.65,0.0,0.9864,0.0065,-0.025,0.0082,0.0,0.0,105.0
2026-08-24 09:45:43,2026-08-24T09:30:06,764.51,2026-08-24,P,753.0,0.02,0.03,583.0,364.0,0.03,0.2468,-0.0136,0.0065,-0.025,0.0082,0.0,44.0,3707.0
2026-08-24 09:45:43,2026-08-24T09:30:06,764.51,2026-08-24,C,754.0,10.25,10.9,7.0,1.0,12.67,0.3411,0.9812,0.0089,-0.035,0.0108,0.0,0.0,90.0
2026-08-24 09:45:43,2026-08-24T09:30:06,764.51,2026-08-24,P,754.0,0.03,0.04,756.0,478.0,0.04,0.2396,-0.0188,0.0089,-0.035,0.0108,0.0,13.0,3882.0
2026-08-24 09:45:43,2026-08-24T09:30:06,764.51,2026-08-24,C,755.0,9.27,9.92,1.0,1.0,10.6,0.0,0.9756,0.0116,-0.045,0.0134,0.0,0.0,182.0
2026-08-24 09:45:43,2026-08-24T09:30:06,764.51,2026-08-24,P,755.0,0.04,0.05,436.0,396.0,0.05,0.229,-0.0244,0.0116,-0.045,0.0134,0.0,14.0,7567.0
2026-08-24 09:45:43,2026-08-24T09:30:06,764.51,2026-08-24,C,756.0,8.28,8.92,7.0,1.0,10.2,0.2781,0.9694,0.0148,-0.055,0.0161,0.0,0.0,111.0
2026-08-24 09:45:43,2026-08-24T09:30:06,764.51,2026-08-24,P,756.0,0.05,0.06,1030.0,217.0,0.09,0.2159,-0.0306,0.0148,-0.055,0.0161,0.0,3.0,7665.0
2026-08-24 09:45:43,2026-08-24T09:30:06,764.51,2026-08-24,C,757.0,7.31,7.94,7.0,1.0,8.8,0.2593,0.9584,0.02,-0.075,0.0206,0.0,0.0,186.0
2026-08-24 09:45:43,2026-08-24T09:30:06,764.51,2026-08-24,P,757.0,0.07,0.08,736.0,172.0,0.08,0.2063,-0.0416,0.02,-0.075,0.0206,0.0,21.0,4394.0
2026-08-24 09:45:43,2026-08-24T09:30:06,764.51,2026-08-24,C,758.0,6.34,6.96,7.0,1.0,7.88,0.1342,0.9423,0.0271,-0.105,0.0265,0.0,0.0,149.0
2026-08-24 09:45:43,2026-08-24T09:30:06,764.51,2026-08-24,P,758.0,0.11,0.12,141.0,408.0,0.11,0.1973,-0.0577,0.0271,-0.105,0.0265,0.0,13.0,3941.0
2026-08-24 09:45:43,2026-08-24T09:30:06,764.51,2026-08-24,C,759.0,5.4,6.0,7.0,1.0,6.94,0.1521,0.9377,0.0331,-0.1,0.0283,0.0,0.0,194.0
2026-08-24 09:45:43,2026-08-24T09:30:06,764.51,2026-08-24,P,759.0,0.15,0.16,222.0,347.0,0.15,0.1718,-0.0623,0.0331,-0.1,0.0283,0.0,82.0,3264.0
2026-08-24 09:45:43,2026-08-24T09:30:06,764.51,2026-08-24,C,760.0,4.64,4.76,2.0,31.0,4.78,0.1365,0.9163,0.0453,-0.13,0.0352,0.0,2.0,370.0
2026-08-24 09:45:43,2026-08-24T09:30:06,764.51,2026-08-24,P,760.0,0.23,0.24,79.0,91.0,0.22,0.1823,-0.1166,0.0498,-0.2247,0.044,0.0,18.0,10050.0
2026-08-24 09:45:43,2026-08-24T09:30:06,764.51,2026-08-24,C,761.0,3.75,3.85,2.0,47.0,5.12,0.1404,0.8712,0.0646,-0.21,0.0473,0.0,0.0,318.0
2026-08-24 09:45:43,2026-08-24T09:30:06,764.51,2026-08-24,P,761.0,0.33,0.34,150.0,75.0,0.33,0.1739,-0.163,0.0656,-0.3242,0.0547,0.0,14.0,4492.0
2026-08-24 09:45:43,2026-08-24T09:30:06,764.51,2026-08-24,C,762.0,2.98,3.0,29.0,86.0,4.28,0.1422,0.7991,0.0878,-0.36,0.0621,0.0,0.0,936.0
2026-08-24 09:45:43,2026-08-24T09:30:06,764.51,2026-08-24,P,762.0,0.49,0.5,83.0,1.0,0.48,0.1662,-0.2272,0.0841,-0.4732,0.0663,0.0,73.0,3574.0
2026-08-24 09:45:43,2026-08-24T09:30:06,764.51,2026-08-24,C,763.0,2.14,2.22,3.0,76.0,3.47,0.1393,0.707,0.1116,-0.57,0.0751,0.0,0.0,1198.0
2026-08-24 09:45:43,2026-08-24T09:30:06,764.51,2026-08-24,P,763.0,0.72,0.73,46.0,1.0,0.7,0.1592,-0.312,0.1032,-0.6905,0.0771,0.0,94.0,6044.0
2026-08-24 09:45:43,2026-08-24T09:30:06,764.51,2026-08-24,C,764.0,1.5,1.54,47.0,46.0,1.57,0.1368,0.5893,0.1298,-0.89,0.0842,0.0,27.0,1820.0
2026-08-24 09:45:43,2026-08-24T09:30:06,764.51,2026-08-24,P,764.0,1.05,1.07,17.0,100.0,1.01,0.1558,-0.42,0.1165,-1.03,0.0846,0.0,43.0,6864.0
2026-08-24 09:45:43,2026-08-24T09:30:06,764.51,2026-08-24,C,765.0,1.0,1.01,1.0,118.0,1.03,0.1348,0.4558,0.1356,-1.01,0.0858,0.0,20.0,6424.0
2026-08-24 09:45:43,2026-08-24T09:30:06,764.51,2026-08-24,P,765.0,1.52,1.53,63.0,25.0,1.46,0.1522,-0.5392,0.1212,-1.15,0.0859,0.0,60.0,19244.0
2026-08-24 09:45:43,2026-08-24T09:30:06,764.51,2026-08-24,C,766.0,0.58,0.59,105.0,46.0,0.62,0.1338,0.3239,0.1241,-0.6115,0.0783,0.0,54.0,8787.0
2026-08-24 09:45:43,2026-08-24T09:30:06,764.51,2026-08-24,P,766.0,2.02,2.18,2.0,141.0,2.05,0.161,-0.6702,0.1206,-0.65,0.0788,0.0,4.0,11396.0
2026-08-24 09:45:43,2026-08-24T09:30:06,764.51,2026-08-24,C,767.0,0.33,0.34,59.0,103.0,0.36,0.1337,0.2109,0.1,-0.345,0.0639,0.0,24.0,5623.0
2026-08-24 09:45:43,2026-08-24T09:30:06,764.51,2026-08-24,P,767.0,2.66,3.58,1.0,1.0,2.42,0.1134,-0.7891,0.1,-0.345,0.0639,0.0,0.0,4337.0
2026-08-24 09:45:43,2026-08-24T09:30:06,764.51,2026-08-24,C,768.0,0.18,0.19,208.0,25.0,0.2,0.1382,0.1333,0.0721,-0.2,0.0486,0.0,27.0,6707.0
2026-08-24 09:45:43,2026-08-24T09:30:06,764.51,2026-08-24,P,768.0,3.27,3.9,1.0,1.0,3.09,0.0,-0.8667,0.0721,-0.2,0.0486,0.0,0.0,2423.0
2026-08-24 09:45:43,2026-08-24T09:30:06,764.51,2026-08-24,C,769.0,0.1,0.11,362.0,324.0,0.11,0.1402,0.0773,0.0478,-0.105,0.0336,0.0,35.0,4943.0
2026-08-24 09:45:43,2026-08-24T09:30:06,764.51,2026-08-24,P,769.0,4.25,4.86,1.0,1.0,3.84,0.166,-0.9227,0.0478,-0.105,0.0336,0.0,0.0,3299.0
2026-08-24 09:45:43,2026-08-24T09:30:06,764.51,2026-08-24,C,770.0,0.06,0.07,374.0,550.0,0.06,0.1484,0.049,0.0317,-0.065,0.024,0.0,8.0,11088.0
2026-08-24 09:45:43,2026-08-24T09:30:06,764.51,2026-08-24,P,770.0,5.19,5.83,1.0,1.0,4.63,0.0,-0.951,0.0317,-0.065,0.024,0.0,0.0,3062.0
2026-08-24 09:45:43,2026-08-24T09:30:06,764.51,2026-08-24,C,771.0,0.04,0.05,268.0,1085.0,0.05,0.1592,0.0336,0.0217,-0.045,0.0178,0.0,67.0,4378.0
2026-08-24 09:45:43,2026-08-24T09:30:06,764.51,2026-08-24,P,771.0,6.11,6.82,1.0,1.0,5.53,0.1969,-0.9664,0.0217,-0.045,0.0178,0.0,0.0,1479.0
2026-08-24 09:45:43,2026-08-24T09:30:06,764.51,2026-08-24,C,772.0,0.02,0.03,626.0,476.0,0.03,0.1636,0.0196,0.0135,-0.025,0.0116,0.0,20.0,17015.0
2026-08-24 09:45:43,2026-08-24T09:30:06,764.51,2026-08-24,P,772.0,7.15,7.81,1.0,1.0,6.5,0.2167,-0.9804,0.0135,-0.025,0.0116,0.0,0.0,1353.0
2026-08-24 09:45:43,2026-08-24T09:30:06,764.51,2026-08-24,C,773.0,0.02,0.03,480.0,693.0,0.03,0.1823,0.0178,0.0112,-0.025,0.0106,0.0,119.0,6476.0
2026-08-24 09:45:43,2026-08-24T09:30:06,764.51,2026-08-24,P,773.0,8.14,8.8,1.0,1.0,7.44,0.2494,-0.9822,0.0112,-0.025,0.0106,0.0,0.0,348.0
2026-08-24 09:45:43,2026-08-24T09:30:06,764.51,2026-08-24,C,774.0,0.02,0.03,30.0,2677.0,0.03,0.2008,0.0164,0.0094,-0.025,0.0098,0.0,83.0,3840.0
2026-08-24 09:45:43,2026-08-24T09:30:06,764.51,2026-08-24,P,774.0,9.13,9.8,1.0,1.0,8.43,0.2856,-0.9836,0.0094,-0.025,0.0098,0.0,0.0,46.0
2026-08-24 09:45:43,2026-08-24T09:30:06,764.51,2026-08-24,C,775.0,0.01,0.02,630.0,716.0,0.02,0.2047,0.0102,0.0062,-0.015,0.0066,0.0,32.0,5611.0
2026-08-24 09:45:43,2026-08-24T09:30:06,764.51,2026-08-24,P,775.0,10.13,10.8,1.0,1.0,8.78,0.0,-0.9898,0.0062,-0.015,0.0066,0.0,0.0,13.0
2026-08-24 09:45:43,2026-08-24T09:30:06,764.51,2026-08-24,C,776.0,0.01,0.02,480.0,621.0,0.02,0.2217,0.0095,0.0053,-0.015,0.0062,0.0,70.0,6136.0
2026-08-24 09:45:43,2026-08-24T09:30:06,764.51,2026-08-24,P,776.0,10.4,11.8,44.0,2.0,10.4,0.3503,-0.9905,0.0053,-0.015,0.0062,0.0,0.0,28.0
2026-08-24 09:45:43,2026-08-24T09:30:06,764.51,2026-08-24,C,777.0,0.0,0.01,0.0,480.0,0.01,0.2112,0.0037,0.0024,-0.005,0.0028,0.0,1.0,3531.0
2026-08-24 09:45:43,2026-08-24T09:30:06,764.51,2026-08-24,P,777.0,12.12,12.79,1.0,1.0,11.5,0.0,-0.9963,0.0024,-0.005,0.0028,0.0,0.0,30.0
2026-08-24 09:45:43,2026-08-24T09:30:06,764.51,2026-08-24,C,778.0,0.0,0.01,0.0,1216.0,0.02,0.2264,0.0035,0.0021,-0.005,0.0026,0.0,15.0,1814.0
2026-08-24 09:45:43,2026-08-24T09:30:06,764.51,2026-08-24,P,778.0,13.12,13.79,1.0,1.0,11.85,0.0,-0.9965,0.0021,-0.005,0.0026,0.0,0.0,6.0
2026-08-24 09:45:43,2026-08-24T09:30:06,764.51,2026-08-24,C,779.0,0.0,0.01,0.0,1216.0,0.01,0.2415,0.0033,0.0019,-0.005,0.0024,0.0,0.0,1475.0
2026-08-24 09:45:43,2026-08-24T09:30:06,764.51,2026-08-24,P,779.0,14.12,14.79,1.0,1.0,13.02,0.0,-0.9967,0.0019,-0.005,0.0024,0.0,0.0,27.0
2026-08-24 09:45:43,2026-08-24T09:30:06,764.51,2026-08-24,C,780.0,0.0,0.01,0.0,1216.0,0.01,0.2565,0.0031,0.0017,-0.005,0.0023,0.0,2.0,7079.0
2026-08-24 09:45:43,2026-08-24T09:30:06,764.51,2026-08-24,P,780.0,15.12,15.79,1.0,1.0,14.52,0.0,-0.9969,0.0017,-0.005,0.0023,0.0,0.0,1.0
2026-08-24 09:45:43,2026-08-24T09:30:06,764.51,2026-08-24,C,781.0,0.0,0.01,0.0,1121.0,0.01,0.2714,0.003,0.0015,-0.005,0.0022,0.0,20.0,2996.0
2026-08-24 09:45:43,2026-08-24T09:30:06,764.51,2026-08-24,P,781.0,16.12,16.79,1.0,1.0,13.44,0.0,-0.997,0.0015,-0.005,0.0022,0.0,0.0,0.0
2026-08-24 09:45:43,2026-08-24T09:30:06,764.51,2026-08-24,C,782.0,0.0,0.01,0.0,1216.0,0.01,0.2862,0.0028,0.0014,-0.005,0.0021,0.0,0.0,1792.0
2026-08-24 09:45:43,2026-08-24T09:30:06,764.51,2026-08-24,P,782.0,17.12,17.78,1.0,1.0,15.76,0.3898,-0.9972,0.0014,-0.005,0.0021,0.0,0.0,1.0
2026-08-24 09:45:43,2026-08-24T09:30:06,764.51,2026-08-24,C,783.0,0.0,0.01,0.0,1216.0,0.01,0.3009,0.0027,0.0013,-0.005,0.002,0.0,0.0,751.0
2026-08-24 09:45:43,2026-08-24T09:30:06,764.51,2026-08-24,P,783.0,18.12,18.78,1.0,1.0,19.47,0.0,-0.9973,0.0013,-0.005,0.002,0.0,0.0,0.0
2026-08-24 09:45:43,2026-08-24T09:30:06,764.51,2026-08-24,C,784.0,0.0,0.01,0.0,1216.0,0.01,0.3155,0.0026,0.0012,-0.005,0.0019,0.0,0.0,807.0
2026-08-24 09:45:43,2026-08-24T09:30:06,764.51,2026-08-24,P,784.0,19.12,19.78,1.0,1.0,20.65,0.4365,-0.9974,0.0012,-0.005,0.0019,0.0,0.0,1.0
2026-08-24 09:45:43,2026-08-24T09:30:06,764.51,2026-08-24,C,785.0,0.0,0.01,0.0,1216.0,0.01,0.33,0.0025,0.0011,-0.005,0.0018,0.0,2.0,1778.0
2026-08-24 09:45:43,2026-08-24T09:30:06,764.51,2026-08-24,P,785.0,20.12,20.78,1.0,1.0,19.05,0.0,-0.9975,0.0011,-0.005,0.0018,0.0,0.0,1.0
2026-08-24 09:45:43,2026-08-24T09:30:06,764.51,2026-08-24,C,786.0,0.0,0.01,0.0,1216.0,0.01,0.3445,0.0024,0.001,-0.005,0.0018,0.0,0.0,512.0
2026-08-24 09:45:43,2026-08-24T09:30:06,764.51,2026-08-24,P,786.0,21.23,21.82,1.0,1.0,21.22,0.0,-0.9976,0.001,-0.005,0.0018,0.0,0.0,0.0
2026-08-24 09:45:43,2026-08-24T09:30:06,764.51,2026-08-24,C,787.0,0.0,0.01,0.0,1216.0,0.01,0.3589,0.0023,0.0009,-0.005,0.0017,0.0,1.0,1566.0
2026-08-24 09:45:43,2026-08-24T09:30:06,764.51,2026-08-24,P,787.0,22.12,22.78,1.0,1.0,21.63,0.0,-0.9977,0.0009,-0.005,0.0017,0.0,0.0,0.0
2026-08-24 09:45:43,2026-08-24T09:30:06,764.51,2026-08-24,C,788.0,0.0,0.01,0.0,1120.0,0.01,0.3732,0.0022,0.0009,-0.005,0.0016,0.0,0.0,772.0
2026-08-24 09:45:43,2026-08-24T09:30:06,764.51,2026-08-24,P,788.0,23.1,25.19,2.0,2.0,21.55,0.0,-0.9978,0.0009,-0.005,0.0016,0.0,0.0,0.0
2026-08-24 09:45:43,2026-08-24T09:30:06,764.51,2026-08-24,C,789.0,0.0,0.01,0.0,1120.0,0.01,0.3875,0.0022,0.0008,-0.005,0.0016,0.0,0.0,649.0
2026-08-24 09:45:43,2026-08-24T09:30:06,764.51,2026-08-24,P,789.0,24.1,26.19,2.0,2.0,22.97,0.0,-0.9978,0.0008,-0.005,0.0016,0.0,0.0,0.0
2026-08-24 09:45:43,2026-08-24T09:30:06,764.51,2026-08-24,C,790.0,0.0,0.01,0.0,1216.0,0.01,0.4017,0.0021,0.0008,-0.005,0.0015,0.0,0.0,1116.0
2026-08-24 09:45:43,2026-08-24T09:30:06,764.51,2026-08-24,P,790.0,25.1,27.19,2.0,2.0,23.85,0.0,-0.9979,0.0008,-0.005,0.0015,0.0,0.0,0.0
2026-08-24 09:45:43,2026-08-24T09:30:06,764.51,2026-08-24,C,791.0,0.0,0.01,0.0,1121.0,0.01,0.4158,0.002,0.0007,-0.005,0.0015,0.0,0.0,463.0
2026-08-24 09:45:43,2026-08-24T09:30:06,764.51,2026-08-24,P,791.0,26.1,28.19,2.0,2.0,22.72,0.0,-0.998,0.0007,-0.005,0.0015,0.0,0.0,0.0
2026-08-24 09:45:43,2026-08-24T09:30:06,764.51,2026-08-24,C,792.0,0.0,0.01,0.0,1120.0,0.01,0.4299,0.002,0.0007,-0.005,0.0014,0.0,0.0,329.0
2026-08-24 09:45:43,2026-08-24T09:30:06,764.51,2026-08-24,P,792.0,27.09,29.19,2.0,2.0,28.59,0.0,-0.998,0.0007,-0.005,0.0014,0.0,0.0,0.0
2026-08-24 09:45:43,2026-08-24T09:30:06,764.51,2026-08-24,C,793.0,0.0,0.01,0.0,1121.0,0.01,0.4439,0.0019,0.0006,-0.005,0.0014,0.0,0.0,759.0
2026-08-24 09:45:43,2026-08-24T09:30:06,764.51,2026-08-24,P,793.0,28.09,30.19,2.0,2.0,24.68,0.0,-0.9981,0.0006,-0.005,0.0014,0.0,0.0,0.0
2026-08-24 09:45:43,2026-08-24T09:30:06,764.51,2026-08-24,C,794.0,0.0,0.01,0.0,1120.0,0.01,0.4579,0.0018,0.0006,-0.005,0.0014,0.0,0.0,727.0
2026-08-24 09:45:43,2026-08-24T09:30:06,764.51,2026-08-24,P,794.0,29.09,31.19,2.0,2.0,25.67,0.0,-0.9982,0.0006,-0.005,0.0014,0.0,0.0,0.0
2026-08-24 09:45:43,2026-08-24T09:30:06,764.51,2026-08-24,C,795.0,0.0,0.01,0.0,1216.0,0.01,0.4718,0.0018,0.0006,-0.005,0.0013,0.0,0.0,479.0
2026-08-24 09:45:43,2026-08-24T09:30:06,764.51,2026-08-24,P,795.0,30.09,32.19,2.0,2.0,32.33,0.0,-0.9982,0.0006,-0.005,0.0013,0.0,0.0,0.0
2026-08-24 09:45:43,2026-08-24T09:30:06,764.51,2026-08-24,C,796.0,0.0,0.01,0.0,1216.0,0.01,0.4856,0.0018,0.0005,-0.005,0.0013,0.0,0.0,179.0
2026-08-24 09:45:43,2026-08-24T09:30:06,764.51,2026-08-24,P,796.0,31.09,31.65,2.0,2.0,27.66,0.0,-0.9982,0.0005,-0.005,0.0013,0.0,0.0,0.0
2026-08-24 09:45:43,2026-08-24T09:30:06,764.51,2026-08-24,C,797.0,0.0,0.01,0.0,480.0,0.01,0.4994,0.0017,0.0005,-0.005,0.0012,0.0,0.0,122.0
2026-08-24 09:45:43,2026-08-24T09:30:06,764.51,2026-08-24,P,797.0,32.09,34.19,2.0,2.0,28.42,0.0,-0.9983,0.0005,-0.005,0.0012,0.0,0.0,0.0
2026-08-24 09:45:43,2026-08-24T09:30:06,764.51,2026-08-24,C,798.0,0.0,0.01,0.0,480.0,0.01,0.5132,0.0017,0.0005,-0.005,0.0012,0.0,0.0,563.0
2026-08-24 09:45:43,2026-08-24T09:30:06,764.51,2026-08-24,P,798.0,33.09,35.19,2.0,2.0,31.9,0.0,-0.9983,0.0005,-0.005,0.0012,0.0,0.0,0.0
2026-08-24 09:45:43,2026-08-24T09:30:06,764.51,2026-08-24,C,799.0,0.0,0.01,0.0,480.0,0.01,0.5269,0.0016,0.0005,-0.005,0.0012,0.0,0.0,448.0
2026-08-24 09:45:43,2026-08-24T09:30:06,764.51,2026-08-24,P,799.0,34.09,36.19,2.0,2.0,30.43,0.0,-0.9984,0.0005,-0.005,0.0012,0.0,0.0,0.0
2026-08-24 09:45:43,2026-08-24T09:30:06,764.51,2026-08-24,C,800.0,0.0,0.01,0.0,480.0,0.01,0.5405,0.0016,0.0004,-0.005,0.0012,0.0,0.0,1221.0
2026-08-24 09:45:43,2026-08-24T09:30:06,764.51,2026-08-24,P,800.0,35.09,37.19,2.0,2.0,37.31,0.0,-0.9984,0.0004,-0.005,0.0012,0.0,0.0,1.0
2026-08-24 09:45:43,2026-08-24T09:30:06,764.51,2026-08-24,C,801.0,0.0,0.01,0.0,480.0,0.01,0.5542,0.0016,0.0004,-0.005,0.0011,0.0,0.0,298.0
2026-08-24 09:45:43,2026-08-24T09:30:06,764.51,2026-08-24,P,801.0,34.76,38.19,2.0,2.0,0.0,0.0,-0.9984,0.0004,-0.005,0.0011,0.0,0.0,0.0
2026-08-24 09:45:43,2026-08-24T09:30:06,764.51,2026-08-24,C,802.0,0.0,0.01,0.0,480.0,0.02,0.5677,0.0015,0.0004,-0.005,0.0011,0.0,0.0,178.0
2026-08-24 09:45:43,2026-08-24T09:30:06,764.51,2026-08-24,P,802.0,37.09,39.19,2.0,2.0,36.48,0.0,-0.9985,0.0004,-0.005,0.0011,0.0,0.0,0.0
2026-08-24 09:50:44,2026-08-24T09:35:06,763.3,2026-08-24,C,726.0,37.27,37.57,31.0,13.0,39.64,0.8908,0.9962,0.0008,-0.0163,0.0025,0.0,0.0,2.0
2026-08-24 09:50:44,2026-08-24T09:35:06,763.3,2026-08-24,P,726.0,0.0,0.01,0.0,1351.0,0.02,0.6005,-0.0038,0.0008,-0.0163,0.0025,0.0,0.0,49.0
2026-08-24 09:50:44,2026-08-24T09:35:06,763.3,2026-08-24,C,727.0,36.27,36.53,31.0,13.0,38.65,0.8701,0.9961,0.0008,-0.0165,0.0026,0.0,0.0,2.0
2026-08-24 09:50:44,2026-08-24T09:35:06,763.3,2026-08-24,P,727.0,0.0,0.01,0.0,1829.0,0.01,0.5854,-0.0039,0.0008,-0.0165,0.0026,0.0,0.0,142.0
2026-08-24 09:50:44,2026-08-24T09:35:06,763.3,2026-08-24,C,728.0,35.27,35.53,31.0,13.0,0.0,0.8492,0.996,0.0009,-0.0166,0.0026,0.0,0.0,0.0
2026-08-24 09:50:44,2026-08-24T09:35:06,763.3,2026-08-24,P,728.0,0.0,0.01,0.0,2247.0,0.01,0.5702,-0.004,0.0009,-0.0166,0.0026,0.0,0.0,2120.0
2026-08-24 09:50:44,2026-08-24T09:35:06,763.3,2026-08-24,C,729.0,34.26,34.53,34.0,13.0,0.0,0.7912,0.9958,0.0009,-0.0168,0.0027,0.0,0.0,0.0
2026-08-24 09:50:44,2026-08-24T09:35:06,763.3,2026-08-24,P,729.0,0.0,0.01,0.0,2243.0,0.02,0.5551,-0.0042,0.0009,-0.0168,0.0027,0.0,0.0,249.0
2026-08-24 09:50:44,2026-08-24T09:35:06,763.3,2026-08-24,C,730.0,33.26,33.53,34.0,13.0,36.12,0.8156,0.9957,0.001,-0.0169,0.0028,0.0,0.0,61.0
2026-08-24 09:50:44,2026-08-24T09:35:06,763.3,2026-08-24,P,730.0,0.0,0.01,0.0,2125.0,0.02,0.5399,-0.0043,0.001,-0.0169,0.0028,0.0,0.0,2337.0
2026-08-24 09:50:44,2026-08-24T09:35:06,763.3,2026-08-24,C,731.0,32.27,32.53,13.0,37.0,0.0,0.7945,0.9956,0.001,-0.017,0.0029,0.0,0.0,0.0
2026-08-24 09:50:44,2026-08-24T09:35:06,763.3,2026-08-24,P,731.0,0.0,0.01,0.0,2065.0,0.02,0.5248,-0.0044,0.001,-0.017,0.0029,0.0,0.0,1383.0
2026-08-24 09:50:44,2026-08-24T09:35:06,763.3,2026-08-24,C,732.0,31.27,31.53,13.0,37.0,0.0,0.7734,0.9954,0.0011,-0.0172,0.003,0.0,0.0,0.0
2026-08-24 09:50:44,2026-08-24T09:35:06,763.3,2026-08-24,P,732.0,0.0,0.01,0.0,2004.0,0.02,0.5096,-0.0046,0.0011,-0.0172,0.003,0.0,0.0,958.0
2026-08-24 09:50:44,2026-08-24T09:35:06,763.3,2026-08-24,C,733.0,30.27,30.53,13.0,37.0,33.82,0.7484,0.9952,0.0012,-0.0173,0.0031,0.0,0.0,1.0
2026-08-24 09:50:44,2026-08-24T09:35:06,763.3,2026-08-24,P,733.0,0.0,0.01,0.0,1941.0,0.03,0.4944,-0.0048,0.0012,-0.0173,0.0031,0.0,0.0,281.0
2026-08-24 09:50:44,2026-08-24T09:35:06,763.3,2026-08-24,C,734.0,29.27,29.53,13.0,37.0,0.0,0.7272,0.9951,0.0012,-0.0175,0.0032,0.0,0.0,0.0
2026-08-24 09:50:44,2026-08-24T09:35:06,763.3,2026-08-24,P,734.0,0.0,0.01,0.0,1879.0,0.01,0.4792,-0.0049,0.0012,-0.0175,0.0032,0.0,11.0,426.0
2026-08-24 09:50:44,2026-08-24T09:35:06,763.3,2026-08-24,C,735.0,28.27,28.57,34.0,13.0,31.01,0.706,0.9949,0.0013,-0.0176,0.0033,0.0,0.0,7.0
2026-08-24 09:50:44,2026-08-24T09:35:06,763.3,2026-08-24,P,735.0,0.01,0.02,540.0,3438.0,0.02,0.5161,-0.0051,0.0013,-0.0176,0.0033,0.0,3267.0,8066.0
2026-08-24 09:50:44,2026-08-24T09:35:06,763.3,2026-08-24,C,736.0,27.27,27.58,31.0,13.0,29.92,0.6882,0.9947,0.0014,-0.0178,0.0034,0.0,0.0,0.0
2026-08-24 09:50:44,2026-08-24T09:35:06,763.3,2026-08-24,P,736.0,0.0,0.01,0.0,1749.0,0.01,0.4487,-0.0053,0.0014,-0.0178,0.0034,0.0,940.0,7980.0
2026-08-24 09:50:44,2026-08-24T09:35:06,763.3,2026-08-24,C,737.0,26.27,26.57,33.0,13.0,29.31,0.6668,0.9945,0.0015,-0.0179,0.0035,0.0,0.0,6.0
2026-08-24 09:50:44,2026-08-24T09:35:06,763.3,2026-08-24,P,737.0,0.0,0.01,0.0,1813.0,0.01,0.4334,-0.0055,0.0015,-0.0179,0.0035,0.0,2.0,1766.0
2026-08-24 09:50:44,2026-08-24T09:35:06,763.3,2026-08-24,C,738.0,25.27,25.57,34.0,13.0,28.03,0.6453,0.9943,0.0016,-0.0181,0.0037,0.0,0.0,4.0
2026-08-24 09:50:44,2026-08-24T09:35:06,763.3,2026-08-24,P,738.0,0.0,0.01,0.0,1987.0,0.02,0.4181,-0.0057,0.0016,-0.0181,0.0037,0.0,0.0,3291.0
2026-08-24 09:50:44,2026-08-24T09:35:06,763.3,2026-08-24,C,739.0,24.28,24.58,31.0,13.0,26.56,0.6237,0.9941,0.0017,-0.0182,0.0038,0.0,0.0,11.0
2026-08-24 09:50:44,2026-08-24T09:35:06,763.3,2026-08-24,P,739.0,0.0,0.01,0.0,2094.0,0.01,0.4028,-0.0059,0.0017,-0.0182,0.0038,0.0,2193.0,756.0
2026-08-24 09:50:44,2026-08-24T09:35:06,763.3,2026-08-24,C,740.0,23.27,23.51,13.0,34.0,25.45,0.5541,0.9938,0.0018,-0.0184,0.004,0.0,0.0,13.0
2026-08-24 09:50:44,2026-08-24T09:35:06,763.3,2026-08-24,P,740.0,0.01,0.02,840.0,3274.0,0.01,0.4325,-0.0062,0.0018,-0.0184,0.004,0.0,198.0,1476.0
2026-08-24 09:50:44,2026-08-24T09:35:06,763.3,2026-08-24,C,741.0,22.28,22.52,76.0,119.0,22.61,0.5378,0.9936,0.002,-0.0186,0.0041,0.0,3.0,2.0
2026-08-24 09:50:44,2026-08-24T09:35:06,763.3,2026-08-24,P,741.0,0.01,0.02,1262.0,3153.0,0.01,0.4157,-0.0064,0.002,-0.0186,0.0041,0.0,186.0,1692.0
2026-08-24 09:50:44,2026-08-24T09:35:06,763.3,2026-08-24,C,742.0,21.27,21.52,82.0,113.0,24.44,0.5171,0.9933,0.0022,-0.0187,0.0043,0.0,0.0,13.0
2026-08-24 09:50:44,2026-08-24T09:35:06,763.3,2026-08-24,P,742.0,0.01,0.02,2173.0,3283.0,0.02,0.3988,-0.0067,0.0022,-0.0187,0.0043,0.0,7.0,744.0
2026-08-24 09:50:44,2026-08-24T09:35:06,763.3,2026-08-24,C,743.0,20.28,20.52,66.0,168.0,21.86,0.4964,0.993,0.0023,-0.0189,0.0045,0.0,0.0,12.0
2026-08-24 09:50:44,2026-08-24T09:35:06,763.3,2026-08-24,P,743.0,0.01,0.02,1336.0,2901.0,0.02,0.3818,-0.007,0.0023,-0.0189,0.0045,0.0,0.0,624.0
2026-08-24 09:50:44,2026-08-24T09:35:06,763.3,2026-08-24,C,744.0,19.28,19.52,88.0,136.0,19.59,0.4756,0.9926,0.0025,-0.019,0.0047,0.0,2.0,6.0
2026-08-24 09:50:44,2026-08-24T09:35:06,763.3,2026-08-24,P,744.0,0.01,0.02,1220.0,2787.0,0.01,0.3649,-0.0074,0.0025,-0.019,0.0047,0.0,16.0,1252.0
2026-08-24 09:50:44,2026-08-24T09:35:06,763.3,2026-08-24,C,745.0,18.27,18.52,81.0,168.0,18.98,0.4546,0.9922,0.0028,-0.0192,0.0049,0.0,1.0,72.0
2026-08-24 09:50:44,2026-08-24T09:35:06,763.3,2026-08-24,P,745.0,0.01,0.02,1274.0,2815.0,0.01,0.3478,-0.0078,0.0028,-0.0192,0.0049,0.0,28.0,1460.0
2026-08-24 09:50:44,2026-08-24T09:35:06,763.3,2026-08-24,C,746.0,17.29,17.45,72.0,85.0,18.04,0.4336,0.9918,0.0031,-0.0194,0.0051,0.0,4.0,11.0
2026-08-24 09:50:44,2026-08-24T09:35:06,763.3,2026-08-24,P,746.0,0.01,0.02,1374.0,1890.0,0.02,0.3307,-0.0082,0.0031,-0.0194,0.0051,0.0,22.0,497.0
2026-08-24 09:50:44,2026-08-24T09:35:06,763.3,2026-08-24,C,747.0,16.28,16.45,63.0,85.0,19.18,0.3859,0.9913,0.0034,-0.0196,0.0054,0.0,0.0,24.0
2026-08-24 09:50:44,2026-08-24T09:35:06,763.3,2026-08-24,P,747.0,0.01,0.02,2554.0,1635.0,0.02,0.3136,-0.0087,0.0034,-0.0196,0.0054,0.0,19.0,1909.0
2026-08-24 09:50:44,2026-08-24T09:35:06,763.3,2026-08-24,C,748.0,15.27,15.45,59.0,86.0,17.92,0.3614,0.9908,0.0038,-0.0199,0.0058,0.0,0.0,24.0
2026-08-24 09:50:44,2026-08-24T09:35:06,763.3,2026-08-24,P,748.0,0.01,0.02,2585.0,1654.0,0.02,0.2963,-0.0092,0.0038,-0.0199,0.0058,0.0,132.0,1955.0
2026-08-24 09:50:44,2026-08-24T09:35:06,763.3,2026-08-24,C,749.0,14.28,14.52,83.0,131.0,17.15,0.3728,0.9901,0.0042,-0.0204,0.0062,0.0,0.0,78.0
2026-08-24 09:50:44,2026-08-24T09:35:06,763.3,2026-08-24,P,749.0,0.02,0.03,288.0,3398.0,0.03,0.2973,-0.0099,0.0042,-0.0204,0.0062,0.0,1643.0,2418.0
2026-08-24 09:50:44,2026-08-24T09:35:06,763.3,2026-08-24,C,750.0,13.29,13.53,71.0,135.0,13.54,0.3539,0.9892,0.0049,-0.0211,0.0066,0.0,5.0,79.0
2026-08-24 09:50:44,2026-08-24T09:35:06,763.3,2026-08-24,P,750.0,0.02,0.03,752.0,3985.0,0.03,0.279,-0.0108,0.0049,-0.0211,0.0066,0.0,245.0,10698.0
2026-08-24 09:50:44,2026-08-24T09:35:06,763.3,2026-08-24,C,751.0,12.28,12.46,83.0,100.0,13.76,0.3319,0.988,0.0057,-0.0224,0.0073,0.0,1.0,59.0
2026-08-24 09:50:44,2026-08-24T09:35:06,763.3,2026-08-24,P,751.0,0.02,0.03,3195.0,3423.0,0.03,0.2606,-0.012,0.0057,-0.0224,0.0073,0.0,89.0,1189.0
2026-08-24 09:50:44,2026-08-24T09:35:06,763.3,2026-08-24,C,752.0,11.28,11.53,59.0,138.0,11.48,0.3096,0.9863,0.0068,-0.0245,0.0082,0.0,4.0,59.0
2026-08-24 09:50:44,2026-08-24T09:35:06,763.3,2026-08-24,P,752.0,0.02,0.03,2742.0,2984.0,0.03,0.242,-0.0137,0.0068,-0.0245,0.0082,0.0,261.0,1738.0
2026-08-24 09:50:44,2026-08-24T09:35:06,763.3,2026-08-24,C,753.0,10.31,10.53,83.0,132.0,13.65,0.2896,0.9836,0.0084,-0.0283,0.0096,0.0,0.0,105.0
2026-08-24 09:50:44,2026-08-24T09:35:06,763.3,2026-08-24,P,753.0,0.03,0.04,739.0,4181.0,0.03,0.2344,-0.0164,0.0084,-0.0283,0.0096,0.0,3739.0,3707.0
2026-08-24 09:50:44,2026-08-24T09:35:06,763.3,2026-08-24,C,754.0,9.31,9.47,58.0,92.0,9.5,0.2466,0.9793,0.0108,-0.0347,0.0117,0.0,34.0,90.0
2026-08-24 09:50:44,2026-08-24T09:35:06,763.3,2026-08-24,P,754.0,0.03,0.04,3433.0,3497.0,0.04,0.2148,-0.0207,0.0108,-0.0347,0.0117,0.0,368.0,3882.0
2026-08-24 09:50:44,2026-08-24T09:35:06,763.3,2026-08-24,C,755.0,8.31,8.55,49.0,120.0,8.45,0.2536,0.9726,0.0145,-0.0453,0.0147,0.0,34.0,182.0
2026-08-24 09:50:44,2026-08-24T09:35:06,763.3,2026-08-24,P,755.0,0.04,0.05,3021.0,2805.0,0.05,0.203,-0.0274,0.0145,-0.0453,0.0147,0.0,1979.0,7567.0
2026-08-24 09:50:44,2026-08-24T09:35:06,763.3,2026-08-24,C,756.0,7.33,7.5,43.0,57.0,7.32,0.2159,0.9621,0.0199,-0.0626,0.0191,0.0,4.0,111.0
2026-08-24 09:50:44,2026-08-24T09:35:06,763.3,2026-08-24,P,756.0,0.06,0.07,1694.0,2103.0,0.07,0.1946,-0.0379,0.0199,-0.0626,0.0191,0.0,1647.0,7665.0
2026-08-24 09:50:44,2026-08-24T09:35:06,763.3,2026-08-24,C,757.0,6.37,6.59,37.0,91.0,6.56,0.2157,0.9459,0.0278,-0.0901,0.0252,0.0,9.0,186.0
2026-08-24 09:50:44,2026-08-24T09:35:06,763.3,2026-08-24,P,757.0,0.08,0.09,2614.0,621.0,0.09,0.182,-0.0541,0.0278,-0.0901,0.0252,0.0,1608.0,4394.0
2026-08-24 09:50:44,2026-08-24T09:35:06,763.3,2026-08-24,C,758.0,5.41,5.64,38.0,80.0,5.65,0.2027,0.9215,0.0388,-0.1336,0.0332,0.0,13.0,149.0
2026-08-24 09:50:44,2026-08-24T09:35:06,763.3,2026-08-24,P,758.0,0.13,0.14,1387.0,1492.0,0.14,0.1731,-0.0785,0.0388,-0.1336,0.0332,0.0,2525.0,3941.0
2026-08-24 09:50:44,2026-08-24T09:35:06,763.3,2026-08-24,C,759.0,4.52,4.56,26.0,53.0,4.54,0.1736,0.8853,0.0538,-0.2016,0.0433,0.0,46.0,194.0
2026-08-24 09:50:44,2026-08-24T09:35:06,763.3,2026-08-24,P,759.0,0.19,0.2,2053.0,122.0,0.2,0.1665,-0.1147,0.0538,-0.2016,0.0433,0.0,1937.0,3264.0
2026-08-24 09:50:44,2026-08-24T09:35:06,763.3,2026-08-24,C,760.0,3.63,3.67,26.0,50.0,3.66,0.1667,0.8326,0.0727,-0.3077,0.0552,0.0,460.0,370.0
2026-08-24 09:50:44,2026-08-24T09:35:06,763.3,2026-08-24,P,760.0,0.31,0.32,161.0,2088.0,0.32,0.1602,-0.1674,0.0727,-0.3077,0.0552,0.0,8859.0,10050.0
2026-08-24 09:50:44,2026-08-24T09:35:06,763.3,2026-08-24,C,761.0,2.8,2.83,13.0,48.0,2.9,0.1583,0.7587,0.0943,-0.4719,0.068,0.0,317.0,318.0
2026-08-24 09:50:44,2026-08-24T09:35:06,763.3,2026-08-24,P,761.0,0.47,0.48,395.0,488.0,0.47,0.1531,-0.2413,0.0943,-0.4719,0.068,0.0,8139.0,4492.0
2026-08-24 09:50:44,2026-08-24T09:35:06,763.3,2026-08-24,C,762.0,2.05,2.07,22.0,9.0,2.03,0.1522,0.6606,0.1151,-0.7199,0.079,0.0,909.0,936.0
2026-08-24 09:50:44,2026-08-24T09:35:06,763.3,2026-08-24,P,762.0,0.71,0.72,463.0,37.0,0.72,0.1478,-0.3394,0.1151,-0.7199,0.079,0.0,9460.0,3574.0
2026-08-24 09:50:44,2026-08-24T09:35:06,763.3,2026-08-24,C,763.0,1.41,1.42,56.0,266.0,1.41,0.1465,0.5409,0.1289,-1.0799,0.0852,0.0,3414.0,1198.0
2026-08-24 09:50:44,2026-08-24T09:35:06,763.3,2026-08-24,P,763.0,1.07,1.08,94.0,302.0,1.07,0.1418,-0.4591,0.1289,-1.0799,0.0852,0.0,21423.0,6044.0
2026-08-24 09:50:44,2026-08-24T09:35:06,763.3,2026-08-24,C,764.0,0.89,0.9,305.0,147.0,0.9,0.1424,0.4098,0.1296,-0.8844,0.0835,0.0,11103.0,1820.0
2026-08-24 09:50:44,2026-08-24T09:35:06,763.3,2026-08-24,P,764.0,1.54,1.56,204.0,149.0,1.55,0.1376,-0.5902,0.1296,-0.8844,0.0835,0.0,12633.0,6864.0
2026-08-24 09:50:44,2026-08-24T09:35:06,763.3,2026-08-24,C,765.0,0.51,0.52,491.0,193.0,0.52,0.1381,0.2842,0.115,-0.521,0.0736,0.0,11438.0,6424.0
2026-08-24 09:50:44,2026-08-24T09:35:06,763.3,2026-08-24,P,765.0,2.16,2.2,244.0,78.0,2.2,0.1326,-0.7158,0.115,-0.521,0.0736,0.0,4608.0,19244.0
2026-08-24 09:50:44,2026-08-24T09:35:06,763.3,2026-08-24,C,766.0,0.28,0.29,259.0,645.0,0.29,0.1365,0.1806,0.0896,-0.2872,0.0581,0.0,8024.0,8787.0
2026-08-24 09:50:44,2026-08-24T09:35:06,763.3,2026-08-24,P,766.0,2.93,2.97,89.0,52.0,2.94,0.1282,-0.8194,0.0896,-0.2872,0.0581,0.0,1324.0,11396.0
2026-08-24 09:50:44,2026-08-24T09:35:06,763.3,2026-08-24,C,767.0,0.15,0.16,160.0,3387.0,0.15,0.1388,0.1078,0.0624,-0.1535,0.0419,0.0,6760.0,5623.0
2026-08-24 09:50:44,2026-08-24T09:35:06,763.3,2026-08-24,P,767.0,3.77,3.85,70.0,82.0,3.78,0.1237,-0.8922,0.0624,-0.1535,0.0419,0.0,889.0,4337.0
2026-08-24 09:50:44,2026-08-24T09:35:06,763.3,2026-08-24,C,768.0,0.08,0.09,502.0,2850.0,0.09,0.1431,0.0638,0.0408,-0.0847,0.029,0.0,4424.0,6707.0
2026-08-24 09:50:44,2026-08-24T09:35:06,763.3,2026-08-24,P,768.0,4.71,4.8,39.0,64.0,4.7,0.1257,-0.9362,0.0408,-0.0847,0.029,0.0,95.0,2423.0
2026-08-24 09:50:44,2026-08-24T09:35:06,763.3,2026-08-24,C,769.0,0.05,0.06,573.0,4724.0,0.05,0.1526,0.0398,0.0266,-0.0514,0.0203,0.0,2569.0,4943.0
2026-08-24 09:50:44,2026-08-24T09:35:06,763.3,2026-08-24,P,769.0,5.55,5.77,64.0,41.0,5.56,0.0,-0.9602,0.0266,-0.0514,0.0203,0.0,45.0,3299.0
2026-08-24 09:50:44,2026-08-24T09:35:06,763.3,2026-08-24,C,770.0,0.03,0.04,2578.0,2950.0,0.03,0.1609,0.0271,0.0181,-0.0354,0.0149,0.0,4238.0,11088.0
2026-08-24 09:50:44,2026-08-24T09:35:06,763.3,2026-08-24,P,770.0,6.51,6.77,50.0,100.0,6.7,0.0,-0.9729,0.0181,-0.0354,0.0149,0.0,112.0,3062.0
2026-08-24 09:50:44,2026-08-24T09:35:06,763.3,2026-08-24,C,771.0,0.02,0.03,2343.0,2898.0,0.02,0.1717,0.0203,0.0132,-0.0275,0.0118,0.0,1236.0,4378.0
2026-08-24 09:50:44,2026-08-24T09:35:06,763.3,2026-08-24,P,771.0,7.52,7.75,138.0,34.0,7.65,0.0,-0.9797,0.0132,-0.0275,0.0118,0.0,20.0,1479.0
2026-08-24 09:50:44,2026-08-24T09:35:06,763.3,2026-08-24,C,772.0,0.02,0.03,1368.0,3915.0,0.03,0.1904,0.0165,0.0102,-0.0236,0.0099,0.0,4940.0,17015.0
2026-08-24 09:50:44,2026-08-24T09:35:06,763.3,2026-08-24,P,772.0,8.51,8.75,76.0,32.0,8.54,0.0,-0.9835,0.0102,-0.0236,0.0099,0.0,8.0,1353.0
2026-08-24 09:50:44,2026-08-24T09:35:06,763.3,2026-08-24,C,773.0,0.02,0.03,371.0,5154.0,0.03,0.209,0.0143,0.0083,-0.0216,0.0086,0.0,811.0,6476.0
2026-08-24 09:50:44,2026-08-24T09:35:06,763.3,2026-08-24,P,773.0,9.52,9.75,104.0,34.0,9.56,0.0,-0.9857,0.0083,-0.0216,0.0086,0.0,9.0,348.0
2026-08-24 09:50:44,2026-08-24T09:35:06,763.3,2026-08-24,C,774.0,0.01,0.02,2116.0,2323.0,0.01,0.2125,0.0128,0.0069,-0.0206,0.0078,0.0,302.0,3840.0
2026-08-24 09:50:44,2026-08-24T09:35:06,763.3,2026-08-24,P,774.0,10.51,10.74,114.0,32.0,10.59,0.0,-0.9872,0.0069,-0.0206,0.0078,0.0,14.0,46.0
2026-08-24 09:50:44,2026-08-24T09:35:06,763.3,2026-08-24,C,775.0,0.01,0.02,1150.0,3237.0,0.01,0.2296,0.0117,0.006,-0.0201,0.0072,0.0,306.0,5611.0
2026-08-24 09:50:44,2026-08-24T09:35:06,763.3,2026-08-24,P,775.0,11.51,11.76,126.0,35.0,8.78,0.0,-0.9883,0.006,-0.0201,0.0072,0.0,0.0,13.0
2026-08-24 09:50:44,2026-08-24T09:35:06,763.3,2026-08-24,C,776.0,0.01,0.02,581.0,3272.0,0.01,0.2466,0.0109,0.0052,-0.0198,0.0067,0.0,734.0,6136.0
2026-08-24 09:50:44,2026-08-24T09:35:06,763.3,2026-08-24,P,776.0,12.57,12.74,104.0,31.0,11.59,0.0,-0.9891,0.0052,-0.0198,0.0067,0.0,4.0,28.0
2026-08-24 09:50:44,2026-08-24T09:35:06,763.3,2026-08-24,C,777.0,0.0,0.01,0.0,1932.0,0.01,0.2337,0.0102,0.0046,-0.0196,0.0063,0.0,574.0,3531.0
2026-08-24 09:50:44,2026-08-24T09:35:06,763.3,2026-08-24,P,777.0,13.57,13.75,97.0,35.0,11.5,0.0,-0.9898,0.0046,-0.0196,0.0063,0.0,0.0,30.0
2026-08-24 09:50:44,2026-08-24T09:35:06,763.3,2026-08-24,C,778.0,0.0,0.01,0.0,1789.0,0.01,0.2488,0.0096,0.0041,-0.0195,0.006,0.0,76.0,1814.0
2026-08-24 09:50:44,2026-08-24T09:35:06,763.3,2026-08-24,P,778.0,14.51,14.75,100.0,31.0,13.26,0.0,-0.9904,0.0041,-0.0195,0.006,0.0,1.0,6.0
2026-08-24 09:50:44,2026-08-24T09:35:06,763.3,2026-08-24,C,779.0,0.0,0.01,0.0,1817.0,0.01,0.2639,0.009,0.0037,-0.0193,0.0057,0.0,2.0,1475.0
2026-08-24 09:50:44,2026-08-24T09:35:06,763.3,2026-08-24,P,779.0,15.51,15.74,13.0,13.0,13.02,0.0,-0.991,0.0037,-0.0193,0.0057,0.0,0.0,27.0
2026-08-24 09:50:44,2026-08-24T09:35:06,763.3,2026-08-24,C,780.0,0.0,0.01,0.0,1759.0,0.01,0.2788,0.0086,0.0034,-0.0192,0.0054,0.0,6.0,7079.0
2026-08-24 09:50:44,2026-08-24T09:35:06,763.3,2026-08-24,P,780.0,16.51,16.75,86.0,34.0,16.09,0.0,-0.9914,0.0034,-0.0192,0.0054,0.0,1.0,1.0
2026-08-24 09:50:44,2026-08-24T09:35:06,763.3,2026-08-24,C,781.0,0.0,0.01,0.0,2037.0,0.01,0.2937,0.0081,0.0031,-0.0191,0.0051,0.0,22.0,2996.0
2026-08-24 09:50:44,2026-08-24T09:35:06,763.3,2026-08-24,P,781.0,17.52,17.75,98.0,32.0,13.44,0.0,-0.9918,0.0031,-0.0191,0.0051,0.0,0.0,0.0
2026-08-24 09:50:44,2026-08-24T09:35:06,763.3,2026-08-24,C,782.0,0.0,0.01,0.0,1901.0,0.01,0.3085,0.0078,0.0028,-0.0189,0.0049,0.0,0.0,1792.0
2026-08-24 09:50:44,2026-08-24T09:35:06,763.3,2026-08-24,P,782.0,18.51,18.75,92.0,34.0,15.76,0.0,-0.9922,0.0028,-0.0189,0.0049,0.0,0.0,1.0
2026-08-24 09:50:44,2026-08-24T09:35:06,763.3,2026-08-24,C,783.0,0.0,0.01,0.0,1871.0,0.01,0.3232,0.0074,0.0026,-0.0188,0.0047,0.0,0.0,751.0
2026-08-24 09:50:44,2026-08-24T09:35:06,763.3,2026-08-24,P,783.0,19.49,19.75,113.0,34.0,19.47,0.0,-0.9926,0.0026,-0.0188,0.0047,0.0,0.0,0.0
2026-08-24 09:50:44,2026-08-24T09:35:06,763.3,2026-08-24,C,784.0,0.0,0.01,0.0,2026.0,0.01,0.3378,0.0071,0.0024,-0.0187,0.0045,0.0,0.0,807.0
2026-08-24 09:50:44,2026-08-24T09:35:06,763.3,2026-08-24,P,784.0,20.51,20.75,85.0,34.0,20.65,0.0,-0.9929,0.0024,-0.0187,0.0045,0.0,0.0,1.0
2026-08-24 09:50:44,2026-08-24T09:35:06,763.3,2026-08-24,C,785.0,0.0,0.01,0.0,2076.0,0.01,0.3524,0.0068,0.0022,-0.0186,0.0043,0.0,4.0,1778.0
2026-08-24 09:50:44,2026-08-24T09:35:06,763.3,2026-08-24,P,785.0,21.49,21.74,113.0,34.0,19.05,0.0,-0.9932,0.0022,-0.0186,0.0043,0.0,0.0,1.0
2026-08-24 09:50:44,2026-08-24T09:35:06,763.3,2026-08-24,C,786.0,0.0,0.01,0.0,1127.0,0.01,0.3669,0.0065,0.002,-0.0184,0.0042,0.0,0.0,512.0
2026-08-24 09:50:44,2026-08-24T09:35:06,763.3,2026-08-24,P,786.0,22.51,22.74,92.0,34.0,21.22,0.0,-0.9935,0.002,-0.0184,0.0042,0.0,0.0,0.0
2026-08-24 09:50:44,2026-08-24T09:35:06,763.3,2026-08-24,C,787.0,0.0,0.01,0.0,998.0,0.01,0.3813,0.0063,0.0019,-0.0183,0.004,0.0,1.0,1566.0
2026-08-24 09:50:44,2026-08-24T09:35:06,763.3,2026-08-24,P,787.0,23.51,23.75,14.0,34.0,21.63,0.0,-0.9937,0.0019,-0.0183,0.004,0.0,0.0,0.0
2026-08-24 09:50:44,2026-08-24T09:35:06,763.3,2026-08-24,C,788.0,0.0,0.01,0.0,1220.0,0.01,0.3956,0.0061,0.0018,-0.0182,0.0039,0.0,3.0,772.0
2026-08-24 09:50:44,2026-08-24T09:35:06,763.3,2026-08-24,P,788.0,24.51,24.75,13.0,34.0,21.55,0.0,-0.9939,0.0018,-0.0182,0.0039,0.0,0.0,0.0
2026-08-24 09:50:44,2026-08-24T09:35:06,763.3,2026-08-24,C,789.0,0.0,0.01,0.0,1266.0,0.01,0.4099,0.0058,0.0017,-0.0181,0.0038,0.0,0.0,649.0
2026-08-24 09:50:44,2026-08-24T09:35:06,763.3,2026-08-24,P,789.0,25.45,25.74,34.0,31.0,22.97,0.0,-0.9942,0.0017,-0.0181,0.0038,0.0,0.0,0.0
2026-08-24 09:50:44,2026-08-24T09:35:06,763.3,2026-08-24,C,790.0,0.0,0.01,0.0,1305.0,0.01,0.4241,0.0056,0.0016,-0.0179,0.0036,0.0,0.0,1116.0
2026-08-24 09:50:44,2026-08-24T09:35:06,763.3,2026-08-24,P,790.0,26.47,26.74,37.0,33.0,23.85,0.0,-0.9944,0.0016,-0.0179,0.0036,0.0,0.0,0.0
2026-08-24 09:50:44,2026-08-24T09:35:06,763.3,2026-08-24,C,791.0,0.0,0.01,0.0,1343.0,0.01,0.4383,0.0054,0.0015,-0.0178,0.0035,0.0,0.0,463.0
2026-08-24 09:50:44,2026-08-24T09:35:06,763.3,2026-08-24,P,791.0,27.51,27.74,37.0,33.0,22.72,0.0,-0.9946,0.0015,-0.0178,0.0035,0.0,0.0,0.0
2026-08-24 09:50:44,2026-08-24T09:35:06,763.3,2026-08-24,C,792.0,0.0,0.01,0.0,1382.0,0.01,0.4524,0.0053,0.0014,-0.0177,0.0034,0.0,0.0,329.0
2026-08-24 09:50:44,2026-08-24T09:35:06,763.3,2026-08-24,P,792.0,28.29,28.74,12.0,10.0,28.59,0.0,-0.9947,0.0014,-0.0177,0.0034,0.0,0.0,0.0
2026-08-24 09:50:44,2026-08-24T09:35:06,763.3,2026-08-24,C,793.0,0.0,0.01,0.0,1000.0,0.01,0.4664,0.0051,0.0013,-0.0176,0.0033,0.0,0.0,759.0
2026-08-24 09:50:44,2026-08-24T09:35:06,763.3,2026-08-24,P,793.0,28.85,29.75,11.0,11.0,24.68,0.0,-0.9949,0.0013,-0.0176,0.0033,0.0,0.0,0.0
2026-08-24 09:50:44,2026-08-24T09:35:06,763.3,2026-08-24,C,794.0,0.0,0.01,0.0,1009.0,0.01,0.4804,0.005,0.0012,-0.0175,0.0032,0.0,0.0,727.0
2026-08-24 09:50:44,2026-08-24T09:35:06,763.3,2026-08-24,P,794.0,29.98,30.74,11.0,10.0,25.67,0.0,-0.995,0.0012,-0.0175,0.0032,0.0,0.0,0.0
2026-08-24 09:50:44,2026-08-24T09:35:06,763.3,2026-08-24,C,795.0,0.0,0.01,0.0,1012.0,0.01,0.4944,0.0048,0.0012,-0.0174,0.0031,0.0,0.0,479.0
2026-08-24 09:50:44,2026-08-24T09:35:06,763.3,2026-08-24,P,795.0,31.32,31.87,2.0,1.0,32.33,0.0,-0.9952,0.0012,-0.0174,0.0031,0.0,0.0,0.0
2026-08-24 09:50:44,2026-08-24T09:35:06,763.3,2026-08-24,C,796.0,0.0,0.01,0.0,1512.0,0.01,0.5083,0.0047,0.0011,-0.0172,0.003,0.0,0.0,179.0
2026-08-24 09:50:44,2026-08-24T09:35:06,763.3,2026-08-24,P,796.0,32.32,32.87,1.0,2.0,27.66,0.0,-0.9953,0.0011,-0.0172,0.003,0.0,0.0,0.0
2026-08-24 09:50:44,2026-08-24T09:35:06,763.3,2026-08-24,C,797.0,0.0,0.01,0.0,1050.0,0.01,0.5221,0.0045,0.001,-0.0171,0.0029,0.0,0.0,122.0
2026-08-24 09:50:44,2026-08-24T09:35:06,763.3,2026-08-24,P,797.0,33.31,33.87,1.0,2.0,28.42,0.8267,-0.9955,0.001,-0.0171,0.0029,0.0,0.0,0.0
2026-08-24 09:50:44,2026-08-24T09:35:06,763.3,2026-08-24,C,798.0,0.0,0.01,0.0,1572.0,0.01,0.5359,0.0044,0.001,-0.017,0.0029,0.0,0.0,563.0
2026-08-24 09:50:44,2026-08-24T09:35:06,763.3,2026-08-24,P,798.0,34.32,34.87,1.0,2.0,31.9,0.0,-0.9956,0.001,-0.017,0.0029,0.0,0.0,0.0
2026-08-24 09:50:44,2026-08-24T09:35:06,763.3,2026-08-24,C,799.0,0.0,0.01,0.0,1601.0,0.01,0.5496,0.0043,0.001,-0.0169,0.0028,0.0,0.0,448.0
2026-08-24 09:50:44,2026-08-24T09:35:06,763.3,2026-08-24,P,799.0,35.31,35.87,1.0,2.0,30.43,0.0,-0.9957,0.001,-0.0169,0.0028,0.0,0.0,0.0
2026-08-24 09:50:44,2026-08-24T09:35:06,763.3,2026-08-24,C,800.0,0.0,0.01,0.0,1632.0,0.01,0.5634,0.0042,0.0009,-0.0168,0.0027,0.0,0.0,1221.0
2026-08-24 09:50:44,2026-08-24T09:35:06,763.3,2026-08-24,P,800.0,36.41,36.87,2.0,1.0,37.31,0.0,-0.9958,0.0009,-0.0168,0.0027,0.0,0.0,1.0
2026-08-24 09:50:44,2026-08-24T09:35:06,763.3,2026-08-24,C,801.0,0.0,0.01,0.0,1663.0,0.01,0.577,0.0041,0.0009,-0.0167,0.0027,0.0,0.0,298.0
2026-08-24 09:50:44,2026-08-24T09:35:06,763.3,2026-08-24,P,801.0,37.31,37.87,1.0,2.0,0.0,0.0,-0.9959,0.0009,-0.0167,0.0027,0.0,0.0,0.0
2026-08-24 09:55:45,2026-08-24T09:40:06,763.5,2026-08-24,C,726.0,37.3,37.55,38.0,38.0,39.64,0.0,0.9962,0.0008,-0.0161,0.0025,0.0,0.0,2.0
2026-08-24 09:55:45,2026-08-24T09:40:06,763.5,2026-08-24,P,726.0,0.0,0.01,0.0,729.0,0.02,0.6058,-0.0038,0.0008,-0.0161,0.0025,0.0,0.0,49.0
2026-08-24 09:55:45,2026-08-24T09:40:06,763.5,2026-08-24,C,727.0,36.29,36.55,20.0,20.0,38.65,0.0,0.9961,0.0008,-0.0163,0.0025,0.0,0.0,2.0
2026-08-24 09:55:45,2026-08-24T09:40:06,763.5,2026-08-24,P,727.0,0.0,0.01,0.0,1714.0,0.01,0.5906,-0.0039,0.0008,-0.0163,0.0025,0.0,0.0,142.0
2026-08-24 09:55:45,2026-08-24T09:40:06,763.5,2026-08-24,C,728.0,35.27,35.55,38.0,37.0,0.0,0.0,0.996,0.0009,-0.0164,0.0026,0.0,0.0,0.0
2026-08-24 09:55:45,2026-08-24T09:40:06,763.5,2026-08-24,P,728.0,0.0,0.01,0.0,1699.0,0.01,0.5754,-0.004,0.0009,-0.0164,0.0026,0.0,0.0,2120.0
2026-08-24 09:55:45,2026-08-24T09:40:06,763.5,2026-08-24,C,729.0,34.3,34.58,185.0,20.0,0.0,0.0,0.9959,0.0009,-0.0166,0.0027,0.0,0.0,0.0
2026-08-24 09:55:45,2026-08-24T09:40:06,763.5,2026-08-24,P,729.0,0.0,0.01,0.0,1642.0,0.02,0.5602,-0.0041,0.0009,-0.0166,0.0027,0.0,0.0,249.0
2026-08-24 09:55:45,2026-08-24T09:40:06,763.5,2026-08-24,C,730.0,33.3,33.55,191.0,12.0,36.12,0.0,0.9957,0.001,-0.0167,0.0028,0.0,0.0,61.0
2026-08-24 09:55:45,2026-08-24T09:40:06,763.5,2026-08-24,P,730.0,0.0,0.01,0.0,1636.0,0.02,0.5449,-0.0043,0.001,-0.0167,0.0028,0.0,0.0,2337.0
2026-08-24 09:55:45,2026-08-24T09:40:06,763.5,2026-08-24,C,731.0,32.28,32.55,131.0,20.0,0.0,0.0,0.9956,0.001,-0.0169,0.0028,0.0,0.0,0.0
2026-08-24 09:55:45,2026-08-24T09:40:06,763.5,2026-08-24,P,731.0,0.0,0.01,0.0,1606.0,0.02,0.5296,-0.0044,0.001,-0.0169,0.0028,0.0,0.0,1383.0
2026-08-24 09:55:45,2026-08-24T09:40:06,763.5,2026-08-24,C,732.0,31.3,31.55,192.0,37.0,0.0,0.0,0.9955,0.0011,-0.017,0.0029,0.0,0.0,0.0
2026-08-24 09:55:45,2026-08-24T09:40:06,763.5,2026-08-24,P,732.0,0.0,0.01,0.0,1572.0,0.01,0.5144,-0.0045,0.0011,-0.017,0.0029,0.0,15.0,958.0
2026-08-24 09:55:45,2026-08-24T09:40:06,763.5,2026-08-24,C,733.0,30.3,30.57,20.0,12.0,33.82,0.0,0.9953,0.0011,-0.0172,0.003,0.0,0.0,1.0
2026-08-24 09:55:45,2026-08-24T09:40:06,763.5,2026-08-24,P,733.0,0.0,0.01,0.0,1553.0,0.03,0.4991,-0.0047,0.0011,-0.0172,0.003,0.0,0.0,281.0
2026-08-24 09:55:45,2026-08-24T09:40:06,763.5,2026-08-24,C,734.0,29.3,29.58,20.0,20.0,0.0,0.0,0.9951,0.0012,-0.0173,0.0031,0.0,0.0,0.0
2026-08-24 09:55:45,2026-08-24T09:40:06,763.5,2026-08-24,P,734.0,0.0,0.01,0.0,1590.0,0.01,0.4838,-0.0049,0.0012,-0.0173,0.0031,0.0,15.0,426.0
2026-08-24 09:55:45,2026-08-24T09:40:06,763.5,2026-08-24,C,735.0,28.28,28.58,20.0,20.0,31.01,0.0,0.995,0.0013,-0.0175,0.0032,0.0,0.0,7.0
2026-08-24 09:55:45,2026-08-24T09:40:06,763.5,2026-08-24,P,735.0,0.0,0.01,0.0,1970.0,0.01,0.4685,-0.005,0.0013,-0.0175,0.0032,0.0,5273.0,8066.0
2026-08-24 09:55:45,2026-08-24T09:40:06,763.5,2026-08-24,C,736.0,27.25,27.55,37.0,38.0,29.92,0.0,0.9948,0.0014,-0.0176,0.0034,0.0,0.0,0.0
2026-08-24 09:55:45,2026-08-24T09:40:06,763.5,2026-08-24,P,736.0,0.0,0.01,0.0,1557.0,0.01,0.4531,-0.0052,0.0014,-0.0176,0.0034,0.0,940.0,7980.0
2026-08-24 09:55:45,2026-08-24T09:40:06,763.5,2026-08-24,C,737.0,26.25,26.58,38.0,20.0,29.31,0.0,0.9946,0.0015,-0.0178,0.0035,0.0,0.0,6.0
2026-08-24 09:55:45,2026-08-24T09:40:06,763.5,2026-08-24,P,737.0,0.0,0.01,0.0,1518.0,0.01,0.4378,-0.0054,0.0015,-0.0178,0.0035,0.0,2.0,1766.0
2026-08-24 09:55:45,2026-08-24T09:40:06,763.5,2026-08-24,C,738.0,25.29,25.57,20.0,20.0,28.03,0.0,0.9944,0.0016,-0.0179,0.0036,0.0,0.0,4.0
2026-08-24 09:55:45,2026-08-24T09:40:06,763.5,2026-08-24,P,738.0,0.0,0.01,0.0,1617.0,0.02,0.4224,-0.0056,0.0016,-0.0179,0.0036,0.0,0.0,3291.0
2026-08-24 09:55:45,2026-08-24T09:40:06,763.5,2026-08-24,C,739.0,24.3,24.57,20.0,20.0,26.56,0.0,0.9941,0.0017,-0.0181,0.0037,0.0,0.0,11.0
2026-08-24 09:55:45,2026-08-24T09:40:06,763.5,2026-08-24,P,739.0,0.0,0.01,0.0,1748.0,0.01,0.407,-0.0059,0.0017,-0.0181,0.0037,0.0,2762.0,756.0
2026-08-24 09:55:45,2026-08-24T09:40:06,763.5,2026-08-24,C,740.0,23.3,23.57,20.0,20.0,25.45,0.0,0.9939,0.0018,-0.0183,0.0039,0.0,0.0,13.0
2026-08-24 09:55:45,2026-08-24T09:40:06,763.5,2026-08-24,P,740.0,0.01,0.02,546.0,2515.0,0.01,0.437,-0.0061,0.0018,-0.0183,0.0039,0.0,465.0,1476.0
2026-08-24 09:55:45,2026-08-24T09:40:06,763.5,2026-08-24,C,741.0,22.25,22.57,100.0,20.0,22.61,0.0,0.9936,0.002,-0.0184,0.004,0.0,3.0,2.0
2026-08-24 09:55:45,2026-08-24T09:40:06,763.5,2026-08-24,P,741.0,0.01,0.02,663.0,2503.0,0.01,0.4201,-0.0064,0.002,-0.0184,0.004,0.0,356.0,1692.0
2026-08-24 09:55:45,2026-08-24T09:40:06,763.5,2026-08-24,C,742.0,21.27,21.57,100.0,20.0,24.44,0.0,0.9933,0.0021,-0.0186,0.0042,0.0,0.0,13.0
2026-08-24 09:55:45,2026-08-24T09:40:06,763.5,2026-08-24,P,742.0,0.01,0.02,1694.0,2559.0,0.02,0.4031,-0.0067,0.0021,-0.0186,0.0042,0.0,7.0,744.0
2026-08-24 09:55:45,2026-08-24T09:40:06,763.5,2026-08-24,C,743.0,20.27,20.55,100.0,100.0,21.86,0.0,0.993,0.0023,-0.0188,0.0044,0.0,0.0,12.0
2026-08-24 09:55:45,2026-08-24T09:40:06,763.5,2026-08-24,P,743.0,0.01,0.02,1718.0,2373.0,0.01,0.3861,-0.007,0.0023,-0.0188,0.0044,0.0,5.0,624.0
2026-08-24 09:55:45,2026-08-24T09:40:06,763.5,2026-08-24,C,744.0,19.27,19.55,100.0,8.0,19.59,0.0,0.9927,0.0025,-0.0189,0.0046,0.0,2.0,6.0
2026-08-24 09:55:45,2026-08-24T09:40:06,763.5,2026-08-24,P,744.0,0.01,0.02,1510.0,2394.0,0.01,0.369,-0.0073,0.0025,-0.0189,0.0046,0.0,18.0,1252.0
2026-08-24 09:55:45,2026-08-24T09:40:06,763.5,2026-08-24,C,745.0,18.31,18.55,40.0,35.0,18.8,0.0,0.9923,0.0028,-0.0191,0.0048,0.0,8.0,72.0
2026-08-24 09:55:45,2026-08-24T09:40:06,763.5,2026-08-24,P,745.0,0.01,0.02,1261.0,2208.0,0.01,0.3519,-0.0077,0.0028,-0.0191,0.0048,0.0,70.0,1460.0
2026-08-24 09:55:45,2026-08-24T09:40:06,763.5,2026-08-24,C,746.0,17.31,17.58,100.0,66.0,17.8,0.2881,0.9919,0.003,-0.0194,0.0051,0.0,14.0,11.0
2026-08-24 09:55:45,2026-08-24T09:40:06,763.5,2026-08-24,P,746.0,0.01,0.02,1346.0,1950.0,0.02,0.3347,-0.0081,0.003,-0.0194,0.0051,0.0,23.0,497.0
2026-08-24 09:55:45,2026-08-24T09:40:06,763.5,2026-08-24,C,747.0,16.29,16.55,100.0,7.0,19.18,0.0,0.9914,0.0034,-0.0196,0.0054,0.0,0.0,24.0
2026-08-24 09:55:45,2026-08-24T09:40:06,763.5,2026-08-24,P,747.0,0.01,0.02,2369.0,2567.0,0.02,0.3174,-0.0086,0.0034,-0.0196,0.0054,0.0,21.0,1909.0
2026-08-24 09:55:45,2026-08-24T09:40:06,763.5,2026-08-24,C,748.0,15.31,15.55,100.0,7.0,17.92,0.2576,0.9908,0.0037,-0.02,0.0057,0.0,0.0,24.0
2026-08-24 09:55:45,2026-08-24T09:40:06,763.5,2026-08-24,P,748.0,0.01,0.02,2203.0,1940.0,0.02,0.3001,-0.0092,0.0037,-0.02,0.0057,0.0,195.0,1955.0
2026-08-24 09:55:45,2026-08-24T09:40:06,763.5,2026-08-24,C,749.0,14.28,14.55,127.0,6.0,17.15,0.0,0.9901,0.0042,-0.0206,0.0061,0.0,0.0,78.0
2026-08-24 09:55:45,2026-08-24T09:40:06,763.5,2026-08-24,P,749.0,0.02,0.03,357.0,3732.0,0.03,0.3012,-0.0099,0.0042,-0.0206,0.0061,0.0,2611.0,2418.0
2026-08-24 09:55:45,2026-08-24T09:40:06,763.5,2026-08-24,C,750.0,13.27,13.55,100.0,6.0,13.54,0.0,0.9892,0.0048,-0.0214,0.0066,0.0,5.0,79.0
2026-08-24 09:55:45,2026-08-24T09:40:06,763.5,2026-08-24,P,750.0,0.02,0.03,1310.0,3366.0,0.02,0.2828,-0.0108,0.0048,-0.0214,0.0066,0.0,366.0,10698.0
2026-08-24 09:55:45,2026-08-24T09:40:06,763.5,2026-08-24,C,751.0,12.3,12.56,250.0,100.0,13.76,0.0,0.988,0.0056,-0.0227,0.0073,0.0,1.0,59.0
2026-08-24 09:55:45,2026-08-24T09:40:06,763.5,2026-08-24,P,751.0,0.02,0.03,3083.0,2691.0,0.02,0.2643,-0.012,0.0056,-0.0227,0.0073,0.0,94.0,1189.0
2026-08-24 09:55:45,2026-08-24T09:40:06,763.5,2026-08-24,C,752.0,11.32,11.57,148.0,100.0,11.48,0.0,0.9862,0.0067,-0.0248,0.0082,0.0,4.0,59.0
2026-08-24 09:55:45,2026-08-24T09:40:06,763.5,2026-08-24,P,752.0,0.02,0.03,2783.0,2992.0,0.03,0.2456,-0.0138,0.0067,-0.0248,0.0082,0.0,491.0,1738.0
2026-08-24 09:55:45,2026-08-24T09:40:06,763.5,2026-08-24,C,753.0,10.29,10.56,100.0,100.0,13.65,0.0,0.9837,0.0083,-0.0284,0.0095,0.0,0.0,105.0
2026-08-24 09:55:45,2026-08-24T09:40:06,763.5,2026-08-24,P,753.0,0.03,0.04,1021.0,3183.0,0.03,0.2381,-0.0163,0.0083,-0.0284,0.0095,0.0,3900.0,3707.0
2026-08-24 09:55:45,2026-08-24T09:40:06,763.5,2026-08-24,C,754.0,9.31,9.56,152.0,98.0,9.53,0.1644,0.9798,0.0106,-0.0341,0.0114,0.0,50.0,90.0
2026-08-24 09:55:45,2026-08-24T09:40:06,763.5,2026-08-24,P,754.0,0.03,0.04,2725.0,2750.0,0.04,0.2184,-0.0202,0.0106,-0.0341,0.0114,0.0,442.0,3882.0
2026-08-24 09:55:45,2026-08-24T09:40:06,763.5,2026-08-24,C,755.0,8.34,8.58,120.0,100.0,8.53,0.1734,0.9737,0.0139,-0.0434,0.0142,0.0,35.0,182.0
2026-08-24 09:55:45,2026-08-24T09:40:06,763.5,2026-08-24,P,755.0,0.04,0.05,2063.0,2286.0,0.05,0.2066,-0.0263,0.0139,-0.0434,0.0142,0.0,2555.0,7567.0
2026-08-24 09:55:45,2026-08-24T09:40:06,763.5,2026-08-24,C,756.0,7.36,7.58,107.0,39.0,7.5,0.1771,0.9644,0.0189,-0.0582,0.0181,0.0,13.0,111.0
2026-08-24 09:55:45,2026-08-24T09:40:06,763.5,2026-08-24,P,756.0,0.06,0.07,667.0,3073.0,0.06,0.1983,-0.0356,0.0189,-0.0582,0.0181,0.0,2166.0,7665.0
2026-08-24 09:55:45,2026-08-24T09:40:06,763.5,2026-08-24,C,757.0,6.45,6.61,12.0,5.0,6.58,0.1638,0.95,0.0262,-0.0818,0.0236,0.0,59.0,186.0
2026-08-24 09:55:45,2026-08-24T09:40:06,763.5,2026-08-24,P,757.0,0.08,0.09,655.0,2728.0,0.07,0.1858,-0.05,0.0262,-0.0818,0.0236,0.0,11694.0,4394.0
2026-08-24 09:55:45,2026-08-24T09:40:06,763.5,2026-08-24,C,758.0,5.43,5.64,1.0,72.0,5.61,0.1618,0.9281,0.0367,-0.119,0.031,0.0,57.0,149.0
2026-08-24 09:55:45,2026-08-24T09:40:06,763.5,2026-08-24,P,758.0,0.11,0.12,1116.0,2137.0,0.11,0.1737,-0.0719,0.0367,-0.119,0.031,0.0,6824.0,3941.0
2026-08-24 09:55:45,2026-08-24T09:40:06,763.5,2026-08-24,C,759.0,4.63,4.72,63.0,106.0,4.67,0.174,0.8951,0.0512,-0.1781,0.0406,0.0,97.0,194.0
2026-08-24 09:55:45,2026-08-24T09:40:06,763.5,2026-08-24,P,759.0,0.16,0.17,612.0,1026.0,0.16,0.1656,-0.1049,0.0512,-0.1781,0.0406,0.0,8919.0,3264.0
2026-08-24 09:55:45,2026-08-24T09:40:06,763.5,2026-08-24,C,760.0,3.75,3.77,22.0,100.0,3.65,0.1636,0.8459,0.0703,-0.2719,0.0522,0.0,635.0,370.0
2026-08-24 09:55:45,2026-08-24T09:40:06,763.5,2026-08-24,P,760.0,0.25,0.26,591.0,1317.0,0.26,0.1571,-0.1541,0.0703,-0.2719,0.0522,0.0,16164.0,10050.0
2026-08-24 09:55:45,2026-08-24T09:40:06,763.5,2026-08-24,C,761.0,2.89,2.9,22.0,27.0,2.9,0.155,0.7751,0.093,-0.4199,0.0651,0.0,621.0,318.0
2026-08-24 09:55:45,2026-08-24T09:40:06,763.5,2026-08-24,P,761.0,0.39,0.4,220.0,439.0,0.4,0.149,-0.2249,0.093,-0.4199,0.0651,0.0,15034.0,4492.0
2026-08-24 09:55:45,2026-08-24T09:40:06,763.5,2026-08-24,C,762.0,2.11,2.13,22.0,129.0,2.1,0.1476,0.6787,0.1159,-0.6483,0.077,0.0,2378.0,936.0
2026-08-24 09:55:45,2026-08-24T09:40:06,763.5,2026-08-24,P,762.0,0.61,0.62,334.0,313.0,0.61,0.1419,-0.3213,0.1159,-0.6483,0.077,0.0,19845.0,3574.0
2026-08-24 09:55:45,2026-08-24T09:40:06,763.5,2026-08-24,C,763.0,1.44,1.45,2.0,166.0,1.46,0.1404,0.5578,0.1326,-0.9867,0.0843,0.0,7841.0,1198.0
2026-08-24 09:55:45,2026-08-24T09:40:06,763.5,2026-08-24,P,763.0,0.93,0.94,281.0,80.0,0.94,0.1371,-0.4422,0.1326,-0.9867,0.0843,0.0,37688.0,6044.0
2026-08-24 09:55:45,2026-08-24T09:40:06,763.5,2026-08-24,C,764.0,0.89,0.9,93.0,247.0,0.9,0.135,0.4219,0.1357,-0.8872,0.0836,0.0,22131.0,1820.0
2026-08-24 09:55:45,2026-08-24T09:40:06,763.5,2026-08-24,P,764.0,1.38,1.4,200.0,220.0,1.39,0.131,-0.5781,0.1357,-0.8872,0.0836,0.0,19784.0,6864.0
2026-08-24 09:55:45,2026-08-24T09:40:06,763.5,2026-08-24,C,765.0,0.5,0.51,575.0,189.0,0.51,0.1316,0.2888,0.1214,-0.5081,0.0737,0.0,21030.0,6424.0
2026-08-24 09:55:45,2026-08-24T09:40:06,763.5,2026-08-24,P,765.0,1.98,2.01,106.0,1.0,1.99,0.1269,-0.7112,0.1214,-0.5081,0.0737,0.0,5941.0,19244.0
2026-08-24 09:55:45,2026-08-24T09:40:06,763.5,2026-08-24,C,766.0,0.26,0.27,735.0,1003.0,0.25,0.13,0.1778,0.0938,-0.2665,0.0573,0.0,15210.0,8787.0
2026-08-24 09:55:45,2026-08-24T09:40:06,763.5,2026-08-24,P,766.0,2.73,2.76,26.0,34.0,2.75,0.1238,-0.8222,0.0938,-0.2665,0.0573,0.0,1966.0,11396.0
2026-08-24 09:55:45,2026-08-24T09:40:06,763.5,2026-08-24,C,767.0,0.12,0.13,1940.0,336.0,0.13,0.1287,0.1008,0.0633,-0.1328,0.0399,0.0,11713.0,5623.0
2026-08-24 09:55:45,2026-08-24T09:40:06,763.5,2026-08-24,P,767.0,3.61,3.69,120.0,216.0,3.75,0.1205,-0.8992,0.0633,-0.1328,0.0399,0.0,1277.0,4337.0
2026-08-24 09:55:45,2026-08-24T09:40:06,763.5,2026-08-24,C,768.0,0.06,0.07,1287.0,826.0,0.07,0.1332,0.056,0.0394,-0.0678,0.0263,0.0,6593.0,6707.0
2026-08-24 09:55:45,2026-08-24T09:40:06,763.5,2026-08-24,P,768.0,4.52,4.73,4.0,54.0,4.65,0.1435,-0.944,0.0394,-0.0678,0.0263,0.0,185.0,2423.0
2026-08-24 09:55:45,2026-08-24T09:40:06,763.5,2026-08-24,C,769.0,0.03,0.04,2866.0,1051.0,0.04,0.1392,0.0328,0.0243,-0.0384,0.0175,0.0,3837.0,4943.0
2026-08-24 09:55:45,2026-08-24T09:40:06,763.5,2026-08-24,P,769.0,5.51,5.77,100.0,72.0,5.57,0.1589,-0.9672,0.0243,-0.0384,0.0175,0.0,88.0,3299.0
2026-08-24 09:55:45,2026-08-24T09:40:06,763.5,2026-08-24,C,770.0,0.02,0.03,2373.0,2204.0,0.03,0.1513,0.0216,0.016,-0.0254,0.0125,0.0,9165.0,11088.0
2026-08-24 09:55:45,2026-08-24T09:40:06,763.5,2026-08-24,P,770.0,6.49,6.67,2.0,44.0,6.51,0.1479,-0.9784,0.016,-0.0254,0.0125,0.0,179.0,3062.0
2026-08-24 09:55:45,2026-08-24T09:40:06,763.5,2026-08-24,C,771.0,0.02,0.03,411.0,3291.0,0.02,0.1705,0.0162,0.0115,-0.02,0.0098,0.0,1777.0,4378.0
2026-08-24 09:55:45,2026-08-24T09:40:06,763.5,2026-08-24,P,771.0,7.49,7.75,100.0,100.0,7.71,0.1946,-0.9838,0.0115,-0.02,0.0098,0.0,52.0,1479.0
2026-08-24 09:55:45,2026-08-24T09:40:06,763.5,2026-08-24,C,772.0,0.01,0.02,2355.0,2508.0,0.01,0.1766,0.0135,0.009,-0.0179,0.0084,0.0,6410.0,17015.0
2026-08-24 09:55:45,2026-08-24T09:40:06,763.5,2026-08-24,P,772.0,8.48,8.73,100.0,100.0,8.72,0.196,-0.9865,0.009,-0.0179,0.0084,0.0,11.0,1353.0
2026-08-24 09:55:45,2026-08-24T09:40:06,763.5,2026-08-24,C,773.0,0.01,0.02,1251.0,1571.0,0.01,0.1942,0.012,0.0074,-0.0171,0.0075,0.0,1850.0,6476.0
2026-08-24 09:55:45,2026-08-24T09:40:06,763.5,2026-08-24,P,773.0,9.48,9.76,100.0,103.0,9.49,0.2285,-0.988,0.0074,-0.0171,0.0075,0.0,11.0,348.0
2026-08-24 09:55:45,2026-08-24T09:40:06,763.5,2026-08-24,C,774.0,0.01,0.02,1209.0,2210.0,0.02,0.2117,0.011,0.0063,-0.0167,0.0069,0.0,368.0,3840.0
2026-08-24 09:55:45,2026-08-24T09:40:06,763.5,2026-08-24,P,774.0,10.46,10.73,100.0,100.0,10.54,0.2439,-0.989,0.0063,-0.0167,0.0069,0.0,32.0,46.0
2026-08-24 09:55:45,2026-08-24T09:40:06,763.5,2026-08-24,C,775.0,0.01,0.02,413.0,2294.0,0.01,0.229,0.0101,0.0054,-0.0166,0.0064,0.0,830.0,5611.0
2026-08-24 09:55:45,2026-08-24T09:40:06,763.5,2026-08-24,P,775.0,11.45,11.72,20.0,104.0,8.78,0.2631,-0.9899,0.0054,-0.0166,0.0064,0.0,0.0,13.0
2026-08-24 09:55:45,2026-08-24T09:40:06,763.5,2026-08-24,C,776.0,0.01,0.02,453.0,2498.0,0.01,0.2461,0.0094,0.0048,-0.0164,0.006,0.0,1119.0,6136.0
2026-08-24 09:55:45,2026-08-24T09:40:06,763.5,2026-08-24,P,776.0,12.45,12.72,100.0,111.0,11.59,0.2915,-0.9906,0.0048,-0.0164,0.006,0.0,4.0,28.0
2026-08-24 09:55:45,2026-08-24T09:40:06,763.5,2026-08-24,C,777.0,0.0,0.01,0.0,1678.0,0.02,0.2333,0.0088,0.0042,-0.0163,0.0056,0.0,2968.0,3531.0
2026-08-24 09:55:45,2026-08-24T09:40:06,763.5,2026-08-24,P,777.0,13.48,13.72,78.0,249.0,11.5,0.301,-0.9912,0.0042,-0.0163,0.0056,0.0,0.0,30.0
2026-08-24 09:55:45,2026-08-24T09:40:06,763.5,2026-08-24,C,778.0,0.0,0.01,0.0,1744.0,0.01,0.2486,0.0083,0.0038,-0.0162,0.0053,0.0,76.0,1814.0
2026-08-24 09:55:45,2026-08-24T09:40:06,763.5,2026-08-24,P,778.0,14.47,14.72,9.0,133.0,13.26,0.3196,-0.9917,0.0038,-0.0162,0.0053,0.0,1.0,6.0
2026-08-24 09:55:45,2026-08-24T09:40:06,763.5,2026-08-24,C,779.0,0.0,0.01,0.0,1815.0,0.01,0.2637,0.0078,0.0034,-0.016,0.005,0.0,8.0,1475.0
2026-08-24 09:55:45,2026-08-24T09:40:06,763.5,2026-08-24,P,779.0,15.47,15.73,20.0,100.0,13.02,0.3255,-0.9922,0.0034,-0.016,0.005,0.0,0.0,27.0
2026-08-24 09:55:45,2026-08-24T09:40:06,763.5,2026-08-24,C,780.0,0.0,0.01,0.0,1865.0,0.01,0.2788,0.0074,0.0031,-0.0159,0.0047,0.0,37.0,7079.0
2026-08-24 09:55:45,2026-08-24T09:40:06,763.5,2026-08-24,P,780.0,16.47,16.77,33.0,100.0,16.09,0.3623,-0.9926,0.0031,-0.0159,0.0047,0.0,1.0,1.0
2026-08-24 09:55:45,2026-08-24T09:40:06,763.5,2026-08-24,C,781.0,0.0,0.01,0.0,1915.0,0.01,0.2937,0.0071,0.0028,-0.0158,0.0045,0.0,28.0,2996.0
2026-08-24 09:55:45,2026-08-24T09:40:06,763.5,2026-08-24,P,781.0,17.47,17.75,33.0,100.0,13.44,0.3682,-0.9929,0.0028,-0.0158,0.0045,0.0,0.0,0.0
2026-08-24 09:55:45,2026-08-24T09:40:06,763.5,2026-08-24,C,782.0,0.0,0.01,0.0,1964.0,0.01,0.3086,0.0067,0.0025,-0.0157,0.0043,0.0,0.0,1792.0
2026-08-24 09:55:45,2026-08-24T09:40:06,763.5,2026-08-24,P,782.0,18.47,18.75,32.0,100.0,15.76,0.386,-0.9933,0.0025,-0.0157,0.0043,0.0,0.0,1.0
2026-08-24 09:55:45,2026-08-24T09:40:06,763.5,2026-08-24,C,783.0,0.0,0.01,0.0,2010.0,0.01,0.3234,0.0064,0.0023,-0.0156,0.0041,0.0,0.0,751.0
2026-08-24 09:55:45,2026-08-24T09:40:06,763.5,2026-08-24,P,783.0,19.45,19.75,20.0,100.0,19.47,0.396,-0.9936,0.0023,-0.0156,0.0041,0.0,0.0,0.0
2026-08-24 09:55:45,2026-08-24T09:40:06,763.5,2026-08-24,C,784.0,0.0,0.01,0.0,2056.0,0.01,0.3381,0.0061,0.0021,-0.0154,0.004,0.0,0.0,807.0
2026-08-24 09:55:45,2026-08-24T09:40:06,763.5,2026-08-24,P,784.0,20.44,20.75,12.0,100.0,20.65,0.4285,-0.9939,0.0021,-0.0154,0.004,0.0,0.0,1.0
2026-08-24 09:55:45,2026-08-24T09:40:06,763.5,2026-08-24,C,785.0,0.0,0.01,0.0,2100.0,0.01,0.3528,0.0059,0.002,-0.0153,0.0038,0.0,9.0,1778.0
2026-08-24 09:55:45,2026-08-24T09:40:06,763.5,2026-08-24,P,785.0,21.45,21.75,7.0,100.0,19.05,0.4462,-0.9941,0.002,-0.0153,0.0038,0.0,0.0,1.0
2026-08-24 09:55:45,2026-08-24T09:40:06,763.5,2026-08-24,C,786.0,0.0,0.01,0.0,2138.0,0.01,0.3674,0.0056,0.0018,-0.0152,0.0036,0.0,10.0,512.0
2026-08-24 09:55:45,2026-08-24T09:40:06,763.5,2026-08-24,P,786.0,22.44,22.75,100.0,100.0,21.22,0.4638,-0.9944,0.0018,-0.0152,0.0036,0.0,0.0,0.0
2026-08-24 09:55:45,2026-08-24T09:40:06,763.5,2026-08-24,C,787.0,0.0,0.01,0.0,2173.0,0.01,0.3819,0.0054,0.0017,-0.0151,0.0035,0.0,1.0,1566.0
2026-08-24 09:55:45,2026-08-24T09:40:06,763.5,2026-08-24,P,787.0,23.45,23.73,20.0,20.0,21.63,0.4734,-0.9946,0.0017,-0.0151,0.0035,0.0,0.0,0.0
2026-08-24 09:55:45,2026-08-24T09:40:06,763.5,2026-08-24,C,788.0,0.0,0.01,0.0,1207.0,0.01,0.3963,0.0052,0.0016,-0.015,0.0034,0.0,3.0,772.0
2026-08-24 09:55:45,2026-08-24T09:40:06,763.5,2026-08-24,P,788.0,24.45,24.72,12.0,12.0,21.55,0.4905,-0.9948,0.0016,-0.015,0.0034,0.0,0.0,0.0
2026-08-24 09:55:45,2026-08-24T09:40:06,763.5,2026-08-24,C,789.0,0.0,0.01,0.0,1238.0,0.01,0.4107,0.005,0.0015,-0.0149,0.0033,0.0,2.0,649.0
2026-08-24 09:55:45,2026-08-24T09:40:06,763.5,2026-08-24,P,789.0,25.45,25.76,12.0,12.0,22.97,0.5159,-0.995,0.0015,-0.0149,0.0033,0.0,0.0,0.0
2026-08-24 09:55:45,2026-08-24T09:40:06,763.5,2026-08-24,C,790.0,0.0,0.01,0.0,1269.0,0.01,0.425,0.0048,0.0014,-0.0148,0.0032,0.0,0.0,1116.0
2026-08-24 09:55:45,2026-08-24T09:40:06,763.5,2026-08-24,P,790.0,26.44,26.72,12.0,12.0,23.85,0.541,-0.9952,0.0014,-0.0148,0.0032,0.0,0.0,0.0
2026-08-24 09:55:45,2026-08-24T09:40:06,763.5,2026-08-24,C,791.0,0.0,0.01,0.0,1279.0,0.01,0.4392,0.0047,0.0013,-0.0146,0.003,0.0,0.0,463.0
2026-08-24 09:55:45,2026-08-24T09:40:06,763.5,2026-08-24,P,791.0,27.46,27.73,37.0,38.0,22.72,0.5503,-0.9953,0.0013,-0.0146,0.003,0.0,0.0,0.0
2026-08-24 09:55:45,2026-08-24T09:40:06,763.5,2026-08-24,C,792.0,0.0,0.01,0.0,1291.0,0.01,0.4534,0.0045,0.0012,-0.0145,0.003,0.0,0.0,329.0
2026-08-24 09:55:45,2026-08-24T09:40:06,763.5,2026-08-24,P,792.0,28.22,28.72,12.0,12.0,28.59,0.0,-0.9955,0.0012,-0.0145,0.003,0.0,0.0,0.0
2026-08-24 09:55:45,2026-08-24T09:40:06,763.5,2026-08-24,C,793.0,0.0,0.01,0.0,1300.0,0.01,0.4676,0.0044,0.0012,-0.0144,0.0029,0.0,0.0,759.0
2026-08-24 09:55:45,2026-08-24T09:40:06,763.5,2026-08-24,P,793.0,29.43,29.72,12.0,12.0,29.38,0.5406,-0.9956,0.0012,-0.0144,0.0029,0.0,1.0,0.0
2026-08-24 09:55:45,2026-08-24T09:40:06,763.5,2026-08-24,C,794.0,0.0,0.01,0.0,1309.0,0.01,0.4816,0.0042,0.0011,-0.0143,0.0028,0.0,0.0,727.0
2026-08-24 09:55:45,2026-08-24T09:40:06,763.5,2026-08-24,P,794.0,30.38,30.72,12.0,12.0,25.67,0.0,-0.9958,0.0011,-0.0143,0.0028,0.0,0.0,0.0
2026-08-24 09:55:45,2026-08-24T09:40:06,763.5,2026-08-24,C,795.0,0.0,0.01,0.0,1318.0,0.01,0.4957,0.0041,0.001,-0.0142,0.0027,0.0,0.0,479.0
2026-08-24 09:55:45,2026-08-24T09:40:06,763.5,2026-08-24,P,795.0,31.11,31.72,1.0,1.0,32.33,0.0,-0.9959,0.001,-0.0142,0.0027,0.0,0.0,0.0
2026-08-24 09:55:45,2026-08-24T09:40:06,763.5,2026-08-24,C,796.0,0.0,0.01,0.0,1327.0,0.01,0.5097,0.004,0.001,-0.0141,0.0026,0.0,0.0,179.0
2026-08-24 09:55:45,2026-08-24T09:40:06,763.5,2026-08-24,P,796.0,32.1,32.72,2.0,1.0,27.66,0.0,-0.996,0.001,-0.0141,0.0026,0.0,0.0,0.0
2026-08-24 09:55:45,2026-08-24T09:40:06,763.5,2026-08-24,C,797.0,0.0,0.01,0.0,1333.0,0.01,0.5236,0.0039,0.0009,-0.014,0.0025,0.0,0.0,122.0
2026-08-24 09:55:45,2026-08-24T09:40:06,763.5,2026-08-24,P,797.0,33.09,33.72,1.0,1.0,28.42,0.0,-0.9961,0.0009,-0.014,0.0025,0.0,0.0,0.0
2026-08-24 09:55:45,2026-08-24T09:40:06,763.5,2026-08-24,C,798.0,0.0,0.01,0.0,1342.0,0.01,0.5375,0.0038,0.0009,-0.0139,0.0025,0.0,0.0,563.0
2026-08-24 09:55:45,2026-08-24T09:40:06,763.5,2026-08-24,P,798.0,34.28,34.72,2.0,1.0,31.9,0.0,-0.9962,0.0009,-0.0139,0.0025,0.0,0.0,0.0
2026-08-24 09:55:45,2026-08-24T09:40:06,763.5,2026-08-24,C,799.0,0.0,0.01,0.0,1351.0,0.01,0.5513,0.0036,0.0008,-0.0138,0.0024,0.0,0.0,448.0
2026-08-24 09:55:45,2026-08-24T09:40:06,763.5,2026-08-24,P,799.0,35.2,35.72,2.0,2.0,30.43,0.0,-0.9964,0.0008,-0.0138,0.0024,0.0,0.0,0.0
2026-08-24 09:55:45,2026-08-24T09:40:06,763.5,2026-08-24,C,800.0,0.0,0.01,0.0,1357.0,0.01,0.5651,0.0035,0.0008,-0.0137,0.0024,0.0,0.0,1221.0
2026-08-24 09:55:45,2026-08-24T09:40:06,763.5,2026-08-24,P,800.0,36.06,36.72,1.0,1.0,37.31,0.0,-0.9965,0.0008,-0.0137,0.0024,0.0,0.0,1.0
2026-08-24 09:55:45,2026-08-24T09:40:06,763.5,2026-08-24,C,801.0,0.0,0.01,0.0,1366.0,0.01,0.5788,0.0034,0.0008,-0.0136,0.0023,0.0,0.0,298.0
2026-08-24 09:55:45,2026-08-24T09:40:06,763.5,2026-08-24,P,801.0,37.08,37.72,1.0,1.0,0.0,0.0,-0.9966,0.0008,-0.0136,0.0023,0.0,0.0,0.0
2026-08-24 10:00:45,2026-08-24T09:45:07,762.16,2026-08-24,C,725.0,37.13,37.39,22.0,22.0,38.73,0.9126,0.9963,0.0008,-0.0155,0.0024,0.0,0.0,13.0
2026-08-24 10:00:45,2026-08-24T09:45:07,762.16,2026-08-24,P,725.0,0.0,0.01,0.0,2219.0,0.01,0.6064,-0.0037,0.0008,-0.0155,0.0024,0.0,1.0,984.0
2026-08-24 10:00:45,2026-08-24T09:45:07,762.16,2026-08-24,C,726.0,36.13,36.39,22.0,22.0,39.64,0.8497,0.9962,0.0008,-0.0156,0.0024,0.0,0.0,2.0
2026-08-24 10:00:45,2026-08-24T09:45:07,762.16,2026-08-24,P,726.0,0.0,0.01,0.0,2218.0,0.02,0.5911,-0.0038,0.0008,-0.0156,0.0024,0.0,0.0,49.0
2026-08-24 10:00:45,2026-08-24T09:45:07,762.16,2026-08-24,C,727.0,35.13,35.39,22.0,22.0,38.65,0.8291,0.9961,0.0008,-0.0156,0.0025,0.0,0.0,2.0
2026-08-24 10:00:45,2026-08-24T09:45:07,762.16,2026-08-24,P,727.0,0.0,0.01,0.0,2766.0,0.01,0.5758,-0.0039,0.0008,-0.0156,0.0025,0.0,0.0,142.0
2026-08-24 10:00:45,2026-08-24T09:45:07,762.16,2026-08-24,C,728.0,34.13,34.41,22.0,22.0,0.0,0.8227,0.996,0.0009,-0.0157,0.0026,0.0,0.0,0.0
2026-08-24 10:00:45,2026-08-24T09:45:07,762.16,2026-08-24,P,728.0,0.0,0.01,0.0,3219.0,0.01,0.5604,-0.004,0.0009,-0.0157,0.0026,0.0,0.0,2120.0
2026-08-24 10:00:45,2026-08-24T09:45:07,762.16,2026-08-24,C,729.0,33.13,33.39,22.0,22.0,0.0,0.7926,0.9959,0.0009,-0.0158,0.0026,0.0,0.0,0.0
2026-08-24 10:00:45,2026-08-24T09:45:07,762.16,2026-08-24,P,729.0,0.0,0.01,0.0,2521.0,0.02,0.545,-0.0041,0.0009,-0.0158,0.0026,0.0,0.0,249.0
2026-08-24 10:00:45,2026-08-24T09:45:07,762.16,2026-08-24,C,730.0,32.13,32.4,41.0,41.0,36.12,0.8095,0.9958,0.001,-0.0158,0.0027,0.0,0.0,61.0
2026-08-24 10:00:45,2026-08-24T09:45:07,762.16,2026-08-24,P,730.0,0.0,0.01,0.0,2456.0,0.02,0.5297,-0.0042,0.001,-0.0158,0.0027,0.0,0.0,2337.0
2026-08-24 10:00:45,2026-08-24T09:45:07,762.16,2026-08-24,C,731.0,31.13,31.37,41.0,41.0,0.0,0.7841,0.9957,0.001,-0.0159,0.0028,0.0,0.0,0.0
2026-08-24 10:00:45,2026-08-24T09:45:07,762.16,2026-08-24,P,731.0,0.0,0.01,0.0,2390.0,0.02,0.5143,-0.0043,0.001,-0.0159,0.0028,0.0,0.0,1383.0
2026-08-24 10:00:45,2026-08-24T09:45:07,762.16,2026-08-24,C,732.0,30.13,30.41,22.0,22.0,0.0,0.7699,0.9955,0.0011,-0.016,0.0029,0.0,0.0,0.0
2026-08-24 10:00:45,2026-08-24T09:45:07,762.16,2026-08-24,P,732.0,0.0,0.01,0.0,3099.0,0.01,0.4989,-0.0045,0.0011,-0.016,0.0029,0.0,15.0,958.0
2026-08-24 10:00:45,2026-08-24T09:45:07,762.16,2026-08-24,C,733.0,29.13,29.39,22.0,22.0,33.82,0.7092,0.9954,0.0012,-0.016,0.003,0.0,0.0,1.0
2026-08-24 10:00:45,2026-08-24T09:45:07,762.16,2026-08-24,P,733.0,0.0,0.01,0.0,2300.0,0.03,0.4834,-0.0046,0.0012,-0.016,0.003,0.0,0.0,281.0
2026-08-24 10:00:45,2026-08-24T09:45:07,762.16,2026-08-24,C,734.0,28.13,28.42,41.0,41.0,0.0,0.6964,0.9952,0.0012,-0.0161,0.0031,0.0,0.0,0.0
2026-08-24 10:00:45,2026-08-24T09:45:07,762.16,2026-08-24,P,734.0,0.0,0.01,0.0,2131.0,0.01,0.468,-0.0048,0.0012,-0.0161,0.0031,0.0,15.0,426.0
2026-08-24 10:00:45,2026-08-24T09:45:07,762.16,2026-08-24,C,735.0,27.14,27.4,22.0,22.0,31.01,0.6712,0.9951,0.0013,-0.0161,0.0032,0.0,0.0,7.0
2026-08-24 10:00:45,2026-08-24T09:45:07,762.16,2026-08-24,P,735.0,0.0,0.01,0.0,2151.0,0.01,0.4525,-0.0049,0.0013,-0.0161,0.0032,0.0,5273.0,8066.0
2026-08-24 10:00:45,2026-08-24T09:45:07,762.16,2026-08-24,C,736.0,26.14,26.44,41.0,41.0,29.92,0.6757,0.9949,0.0014,-0.0162,0.0032,0.0,0.0,0.0
2026-08-24 10:00:45,2026-08-24T09:45:07,762.16,2026-08-24,P,736.0,0.0,0.01,0.0,2073.0,0.01,0.437,-0.0051,0.0014,-0.0162,0.0032,0.0,940.0,7980.0
2026-08-24 10:00:45,2026-08-24T09:45:07,762.16,2026-08-24,C,737.0,25.14,25.42,22.0,22.0,29.31,0.6325,0.9947,0.0015,-0.0162,0.0034,0.0,0.0,6.0
2026-08-24 10:00:45,2026-08-24T09:45:07,762.16,2026-08-24,P,737.0,0.0,0.01,0.0,2006.0,0.01,0.4215,-0.0053,0.0015,-0.0162,0.0034,0.0,2.0,1766.0
2026-08-24 10:00:45,2026-08-24T09:45:07,762.16,2026-08-24,C,738.0,24.14,24.4,22.0,22.0,24.53,0.6382,0.9946,0.0016,-0.0163,0.0035,0.0,2.0,4.0
2026-08-24 10:00:45,2026-08-24T09:45:07,762.16,2026-08-24,P,738.0,0.0,0.01,0.0,1820.0,0.01,0.406,-0.0054,0.0016,-0.0163,0.0035,0.0,186.0,3291.0
2026-08-24 10:00:45,2026-08-24T09:45:07,762.16,2026-08-24,C,739.0,23.14,23.4,22.0,22.0,23.58,0.6098,0.9943,0.0017,-0.0164,0.0036,0.0,2.0,11.0
2026-08-24 10:00:45,2026-08-24T09:45:07,762.16,2026-08-24,P,739.0,0.0,0.01,0.0,3426.0,0.01,0.3904,-0.0057,0.0017,-0.0164,0.0036,0.0,2794.0,756.0
2026-08-24 10:00:45,2026-08-24T09:45:07,762.16,2026-08-24,C,740.0,22.14,22.4,22.0,22.0,22.86,0.5608,0.9941,0.0019,-0.0164,0.0037,0.0,2.0,13.0
2026-08-24 10:00:45,2026-08-24T09:45:07,762.16,2026-08-24,P,740.0,0.01,0.02,1076.0,2880.0,0.02,0.4188,-0.0059,0.0019,-0.0164,0.0037,0.0,829.0,1476.0
2026-08-24 10:00:45,2026-08-24T09:45:07,762.16,2026-08-24,C,741.0,21.14,21.38,77.0,84.0,21.91,0.5394,0.9939,0.002,-0.0165,0.0039,0.0,5.0,2.0
2026-08-24 10:00:45,2026-08-24T09:45:07,762.16,2026-08-24,P,741.0,0.01,0.02,2011.0,2629.0,0.01,0.4017,-0.0061,0.002,-0.0165,0.0039,0.0,360.0,1692.0
2026-08-24 10:00:45,2026-08-24T09:45:07,762.16,2026-08-24,C,742.0,20.14,20.38,22.0,82.0,20.94,0.5212,0.9936,0.0022,-0.0166,0.004,0.0,3.0,13.0
2026-08-24 10:00:45,2026-08-24T09:45:07,762.16,2026-08-24,P,742.0,0.01,0.02,2052.0,2518.0,0.01,0.3845,-0.0064,0.0022,-0.0166,0.004,0.0,188.0,744.0
2026-08-24 10:00:45,2026-08-24T09:45:07,762.16,2026-08-24,C,743.0,19.16,19.38,22.0,22.0,19.99,0.5026,0.9933,0.0024,-0.0166,0.0042,0.0,3.0,12.0
2026-08-24 10:00:45,2026-08-24T09:45:07,762.16,2026-08-24,P,743.0,0.01,0.02,1799.0,2190.0,0.01,0.3673,-0.0067,0.0024,-0.0166,0.0042,0.0,11.0,624.0
2026-08-24 10:00:45,2026-08-24T09:45:07,762.16,2026-08-24,C,744.0,18.15,18.39,100.0,42.0,19.59,0.4806,0.993,0.0026,-0.0167,0.0044,0.0,2.0,6.0
2026-08-24 10:00:45,2026-08-24T09:45:07,762.16,2026-08-24,P,744.0,0.01,0.02,2672.0,1900.0,0.02,0.35,-0.007,0.0026,-0.0167,0.0044,0.0,19.0,1252.0
2026-08-24 10:00:45,2026-08-24T09:45:07,762.16,2026-08-24,C,745.0,17.16,17.31,41.0,42.0,17.91,0.4285,0.9926,0.0029,-0.0168,0.0046,0.0,20.0,72.0
2026-08-24 10:00:45,2026-08-24T09:45:07,762.16,2026-08-24,P,745.0,0.01,0.02,2844.0,2764.0,0.02,0.3326,-0.0074,0.0029,-0.0168,0.0046,0.0,90.0,1460.0
2026-08-24 10:00:45,2026-08-24T09:45:07,762.16,2026-08-24,C,746.0,16.15,16.39,100.0,42.0,17.8,0.4362,0.9922,0.0032,-0.017,0.0049,0.0,14.0,11.0
2026-08-24 10:00:45,2026-08-24T09:45:07,762.16,2026-08-24,P,746.0,0.01,0.02,2939.0,2936.0,0.01,0.3152,-0.0078,0.0032,-0.017,0.0049,0.0,226.0,497.0
2026-08-24 10:00:45,2026-08-24T09:45:07,762.16,2026-08-24,C,747.0,15.16,15.4,89.0,22.0,19.18,0.4138,0.9917,0.0035,-0.0172,0.0052,0.0,0.0,24.0
2026-08-24 10:00:45,2026-08-24T09:45:07,762.16,2026-08-24,P,747.0,0.01,0.02,2983.0,2650.0,0.01,0.2977,-0.0083,0.0035,-0.0172,0.0052,0.0,33.0,1909.0
2026-08-24 10:00:45,2026-08-24T09:45:07,762.16,2026-08-24,C,748.0,14.16,14.41,87.0,22.0,17.92,0.3964,0.9911,0.004,-0.0175,0.0055,0.0,0.0,24.0
2026-08-24 10:00:45,2026-08-24T09:45:07,762.16,2026-08-24,P,748.0,0.01,0.02,3255.0,1048.0,0.02,0.2801,-0.0089,0.004,-0.0175,0.0055,0.0,445.0,1955.0
2026-08-24 10:00:45,2026-08-24T09:45:07,762.16,2026-08-24,C,749.0,13.16,13.41,22.0,22.0,13.7,0.3735,0.9904,0.0046,-0.0181,0.006,0.0,1.0,78.0
2026-08-24 10:00:45,2026-08-24T09:45:07,762.16,2026-08-24,P,749.0,0.02,0.03,2327.0,2625.0,0.02,0.28,-0.0096,0.0046,-0.0181,0.006,0.0,2699.0,2418.0
2026-08-24 10:00:45,2026-08-24T09:45:07,762.16,2026-08-24,C,750.0,12.17,12.41,41.0,42.0,13.0,0.3503,0.9892,0.0053,-0.0192,0.0066,0.0,15.0,79.0
2026-08-24 10:00:45,2026-08-24T09:45:07,762.16,2026-08-24,P,750.0,0.02,0.03,2840.0,2931.0,0.03,0.2613,-0.0107,0.0053,-0.0192,0.0066,0.0,400.0,10698.0
2026-08-24 10:00:45,2026-08-24T09:45:07,762.16,2026-08-24,C,751.0,11.17,11.41,100.0,42.0,13.76,0.3291,0.9876,0.0064,-0.0213,0.0075,0.0,1.0,59.0
2026-08-24 10:00:45,2026-08-24T09:45:07,762.16,2026-08-24,P,751.0,0.02,0.03,2758.0,944.0,0.02,0.2425,-0.0124,0.0064,-0.0213,0.0075,0.0,99.0,1189.0
2026-08-24 10:00:45,2026-08-24T09:45:07,762.16,2026-08-24,C,752.0,10.18,10.42,41.0,43.0,10.3,0.3074,0.9849,0.0081,-0.025,0.0089,0.0,7.0,59.0
2026-08-24 10:00:45,2026-08-24T09:45:07,762.16,2026-08-24,P,752.0,0.03,0.04,2426.0,2004.0,0.04,0.2346,-0.0151,0.0081,-0.025,0.0089,0.0,933.0,1738.0
2026-08-24 10:00:45,2026-08-24T09:45:07,762.16,2026-08-24,C,753.0,9.19,9.42,22.0,98.0,13.65,0.2852,0.9804,0.0106,-0.0318,0.0111,0.0,0.0,105.0
2026-08-24 10:00:45,2026-08-24T09:45:07,762.16,2026-08-24,P,753.0,0.04,0.05,2172.0,1393.0,0.04,0.2147,-0.0196,0.0106,-0.0318,0.0111,0.0,4182.0,3707.0
2026-08-24 10:00:45,2026-08-24T09:45:07,762.16,2026-08-24,C,754.0,8.2,8.43,70.0,101.0,8.5,0.2641,0.9729,0.0146,-0.0437,0.0144,0.0,73.0,90.0
2026-08-24 10:00:45,2026-08-24T09:45:07,762.16,2026-08-24,P,754.0,0.05,0.06,2254.0,1471.0,0.06,0.2096,-0.0271,0.0146,-0.0437,0.0144,0.0,645.0,3882.0
2026-08-24 10:00:45,2026-08-24T09:45:07,762.16,2026-08-24,C,755.0,7.21,7.45,60.0,43.0,7.81,0.2452,0.961,0.0207,-0.0638,0.0193,0.0,37.0,182.0
2026-08-24 10:00:45,2026-08-24T09:45:07,762.16,2026-08-24,P,755.0,0.07,0.08,1795.0,1327.0,0.07,0.1992,-0.039,0.0207,-0.0638,0.0193,0.0,3277.0,7567.0
2026-08-24 10:00:45,2026-08-24T09:45:07,762.16,2026-08-24,C,756.0,6.3,6.33,32.0,100.0,6.46,0.2114,0.9425,0.0293,-0.0963,0.026,0.0,29.0,111.0
2026-08-24 10:00:45,2026-08-24T09:45:07,762.16,2026-08-24,P,756.0,0.1,0.11,2054.0,1221.0,0.1,0.1892,-0.0575,0.0293,-0.0963,0.026,0.0,3927.0,7665.0
2026-08-24 10:00:45,2026-08-24T09:45:07,762.16,2026-08-24,C,757.0,5.34,5.37,33.0,87.0,5.35,0.1985,0.915,0.0412,-0.1472,0.0346,0.0,149.0,186.0
2026-08-24 10:00:45,2026-08-24T09:45:07,762.16,2026-08-24,P,757.0,0.15,0.16,1387.0,898.0,0.16,0.1779,-0.085,0.0412,-0.1472,0.0346,0.0,17766.0,4394.0
2026-08-24 10:00:45,2026-08-24T09:45:07,762.16,2026-08-24,C,758.0,4.42,4.45,46.0,150.0,4.45,0.1856,0.8751,0.0567,-0.2254,0.0452,0.0,130.0,149.0
2026-08-24 10:00:45,2026-08-24T09:45:07,762.16,2026-08-24,P,758.0,0.23,0.24,681.0,1335.0,0.23,0.1715,-0.1249,0.0567,-0.2254,0.0452,0.0,10799.0,3941.0
2026-08-24 10:00:45,2026-08-24T09:45:07,762.16,2026-08-24,C,759.0,3.54,3.56,53.0,14.0,3.55,0.1735,0.8186,0.0757,-0.3442,0.0572,0.0,248.0,194.0
2026-08-24 10:00:45,2026-08-24T09:45:07,762.16,2026-08-24,P,759.0,0.35,0.36,73.0,839.0,0.35,0.163,-0.1814,0.0757,-0.3442,0.0572,0.0,12619.0,3264.0
2026-08-24 10:00:45,2026-08-24T09:45:07,762.16,2026-08-24,C,760.0,2.72,2.75,59.0,100.0,2.71,0.167,0.7414,0.0967,-0.5231,0.0693,0.0,978.0,370.0
2026-08-24 10:00:45,2026-08-24T09:45:07,762.16,2026-08-24,P,760.0,0.53,0.54,261.0,458.0,0.54,0.1569,-0.2586,0.0967,-0.5231,0.0693,0.0,25078.0,10050.0
2026-08-24 10:00:45,2026-08-24T09:45:07,762.16,2026-08-24,C,761.0,1.99,2.02,83.0,88.0,1.99,0.1606,0.6412,0.1162,-0.7867,0.0794,0.0,1322.0,318.0
2026-08-24 10:00:45,2026-08-24T09:45:07,762.16,2026-08-24,P,761.0,0.8,0.81,224.0,334.0,0.81,0.1518,-0.3588,0.1162,-0.7867,0.0794,0.0,24987.0,4492.0
2026-08-24 10:00:45,2026-08-24T09:45:07,762.16,2026-08-24,C,762.0,1.38,1.39,86.0,149.0,1.37,0.1547,0.5208,0.1284,-1.1618,0.0843,0.0,4590.0,936.0
2026-08-24 10:00:45,2026-08-24T09:45:07,762.16,2026-08-24,P,762.0,1.18,1.19,191.0,229.0,1.19,0.147,-0.4792,0.1284,-1.1618,0.0843,0.0,39207.0,3574.0
2026-08-24 10:00:45,2026-08-24T09:45:07,762.16,2026-08-24,C,763.0,0.88,0.89,169.0,300.0,0.88,0.1495,0.3903,0.1276,-0.8264,0.0814,0.0,13972.0,1198.0
2026-08-24 10:00:45,2026-08-24T09:45:07,762.16,2026-08-24,P,763.0,1.68,1.69,64.0,1.0,1.69,0.1403,-0.6097,0.1276,-0.8264,0.0814,0.0,62738.0,6044.0
2026-08-24 10:00:45,2026-08-24T09:45:07,762.16,2026-08-24,C,764.0,0.52,0.53,270.0,239.0,0.52,0.1446,0.2666,0.1115,-0.4783,0.0705,0.0,43551.0,1820.0
2026-08-24 10:00:45,2026-08-24T09:45:07,762.16,2026-08-24,P,764.0,2.31,2.33,35.0,68.0,2.34,0.1339,-0.7334,0.1115,-0.4783,0.0705,0.0,27719.0,6864.0
2026-08-24 10:00:45,2026-08-24T09:45:07,762.16,2026-08-24,C,765.0,0.27,0.28,1324.0,213.0,0.28,0.1415,0.1671,0.0853,-0.2605,0.0547,0.0,31066.0,6424.0
2026-08-24 10:00:45,2026-08-24T09:45:07,762.16,2026-08-24,P,765.0,3.07,3.09,49.0,1.0,3.11,0.129,-0.8329,0.0853,-0.2605,0.0547,0.0,9242.0,19244.0
2026-08-24 10:00:45,2026-08-24T09:45:07,762.16,2026-08-24,C,766.0,0.14,0.15,1908.0,429.0,0.15,0.1424,0.0999,0.0587,-0.1408,0.0392,0.0,21433.0,8787.0
2026-08-24 10:00:45,2026-08-24T09:45:07,762.16,2026-08-24,P,766.0,3.93,3.94,25.0,32.0,3.95,0.123,-0.9001,0.0587,-0.1408,0.0392,0.0,3384.0,11396.0
2026-08-24 10:00:45,2026-08-24T09:45:07,762.16,2026-08-24,C,767.0,0.07,0.08,2682.0,1586.0,0.08,0.1448,0.0607,0.0386,-0.0811,0.0275,0.0,15676.0,5623.0
2026-08-24 10:00:45,2026-08-24T09:45:07,762.16,2026-08-24,P,767.0,4.86,4.94,104.0,38.0,4.85,0.0958,-0.9393,0.0386,-0.0811,0.0275,0.0,1602.0,4337.0
2026-08-24 10:00:45,2026-08-24T09:45:07,762.16,2026-08-24,C,768.0,0.04,0.05,3066.0,1876.0,0.05,0.1524,0.0391,0.0256,-0.0515,0.0196,0.0,9805.0,6707.0
2026-08-24 10:00:45,2026-08-24T09:45:07,762.16,2026-08-24,P,768.0,5.76,5.91,46.0,42.0,5.57,0.0,-0.9609,0.0256,-0.0515,0.0196,0.0,293.0,2423.0
2026-08-24 10:00:45,2026-08-24T09:45:07,762.16,2026-08-24,C,769.0,0.03,0.04,2135.0,3080.0,0.04,0.1663,0.0266,0.0175,-0.0353,0.0145,0.0,7209.0,4943.0
2026-08-24 10:00:45,2026-08-24T09:45:07,762.16,2026-08-24,P,769.0,6.74,6.9,43.0,41.0,6.65,0.0,-0.9734,0.0175,-0.0353,0.0145,0.0,132.0,3299.0
2026-08-24 10:00:45,2026-08-24T09:45:07,762.16,2026-08-24,C,770.0,0.02,0.03,2291.0,2179.0,0.03,0.177,0.0188,0.0122,-0.0252,0.0108,0.0,9727.0,11088.0
2026-08-24 10:00:45,2026-08-24T09:45:07,762.16,2026-08-24,P,770.0,7.69,7.86,76.0,22.0,7.86,0.0,-0.9812,0.0122,-0.0252,0.0108,0.0,279.0,3062.0
2026-08-24 10:00:45,2026-08-24T09:45:07,762.16,2026-08-24,C,771.0,0.02,0.03,966.0,2502.0,0.02,0.196,0.0134,0.0087,-0.0183,0.0082,0.0,2062.0,4378.0
2026-08-24 10:00:45,2026-08-24T09:45:07,762.16,2026-08-24,P,771.0,8.77,8.88,41.0,22.0,8.84,0.0,-0.9866,0.0087,-0.0183,0.0082,0.0,108.0,1479.0
2026-08-24 10:00:45,2026-08-24T09:45:07,762.16,2026-08-24,C,772.0,0.01,0.02,2748.0,1989.0,0.02,0.2005,0.0097,0.0062,-0.0134,0.0062,0.0,6708.0,17015.0
2026-08-24 10:00:45,2026-08-24T09:45:07,762.16,2026-08-24,P,772.0,9.79,9.89,26.0,42.0,9.83,0.0,-0.9903,0.0062,-0.0134,0.0062,0.0,54.0,1353.0
2026-08-24 10:00:45,2026-08-24T09:45:07,762.16,2026-08-24,C,773.0,0.01,0.02,1898.0,2140.0,0.01,0.2181,0.0071,0.0045,-0.0098,0.0047,0.0,1873.0,6476.0
2026-08-24 10:00:45,2026-08-24T09:45:07,762.16,2026-08-24,P,773.0,10.76,10.88,1.0,41.0,10.81,0.0,-0.9929,0.0045,-0.0098,0.0047,0.0,31.0,348.0
2026-08-24 10:00:45,2026-08-24T09:45:07,762.16,2026-08-24,C,774.0,0.01,0.02,1638.0,2282.0,0.01,0.2355,0.0052,0.0032,-0.0072,0.0036,0.0,405.0,3840.0
2026-08-24 10:00:45,2026-08-24T09:45:07,762.16,2026-08-24,P,774.0,11.76,11.87,99.0,22.0,11.77,0.0,-0.9948,0.0032,-0.0072,0.0036,0.0,47.0,46.0
2026-08-24 10:00:45,2026-08-24T09:45:07,762.16,2026-08-24,C,775.0,0.01,0.02,716.0,2237.0,0.01,0.2527,0.0038,0.0024,-0.0053,0.0027,0.0,1009.0,5611.0
2026-08-24 10:00:45,2026-08-24T09:45:07,762.16,2026-08-24,P,775.0,12.77,12.87,100.0,22.0,12.79,0.0,-0.9962,0.0024,-0.0053,0.0027,0.0,13.0,13.0
2026-08-24 10:00:45,2026-08-24T09:45:07,762.16,2026-08-24,C,776.0,0.0,0.01,0.0,2032.0,0.01,0.2393,0.0028,0.0017,-0.0039,0.0021,0.0,1691.0,6136.0
2026-08-24 10:00:45,2026-08-24T09:45:07,762.16,2026-08-24,P,776.0,13.77,13.88,34.0,22.0,13.15,0.0,-0.9972,0.0017,-0.0039,0.0021,0.0,6.0,28.0
2026-08-24 10:00:45,2026-08-24T09:45:07,762.16,2026-08-24,C,777.0,0.0,0.01,0.0,2128.0,0.02,0.2546,0.0021,0.0013,-0.0029,0.0016,0.0,2992.0,3531.0
2026-08-24 10:00:45,2026-08-24T09:45:07,762.16,2026-08-24,P,777.0,14.77,14.87,100.0,22.0,14.86,0.0,-0.9979,0.0013,-0.0029,0.0016,0.0,21.0,30.0
2026-08-24 10:00:45,2026-08-24T09:45:07,762.16,2026-08-24,C,778.0,0.0,0.01,0.0,2275.0,0.01,0.2699,0.0015,0.0009,-0.0022,0.0012,0.0,76.0,1814.0
2026-08-24 10:00:45,2026-08-24T09:45:07,762.16,2026-08-24,P,778.0,15.73,15.88,22.0,79.0,15.85,0.0,-0.9985,0.0009,-0.0022,0.0012,0.0,16.0,6.0
2026-08-24 10:00:45,2026-08-24T09:45:07,762.16,2026-08-24,C,779.0,0.0,0.01,0.0,2255.0,0.01,0.285,0.0012,0.0007,-0.0016,0.0009,0.0,9.0,1475.0
2026-08-24 10:00:45,2026-08-24T09:45:07,762.16,2026-08-24,P,779.0,16.71,16.88,22.0,74.0,16.85,0.0,-0.9988,0.0007,-0.0016,0.0009,0.0,28.0,27.0
2026-08-24 10:00:45,2026-08-24T09:45:07,762.16,2026-08-24,C,780.0,0.0,0.01,0.0,2296.0,0.01,0.3001,0.0009,0.0005,-0.0012,0.0007,0.0,38.0,7079.0
2026-08-24 10:00:45,2026-08-24T09:45:07,762.16,2026-08-24,P,780.0,17.71,17.88,22.0,78.0,17.85,0.0,-0.9991,0.0005,-0.0012,0.0007,0.0,15.0,1.0
2026-08-24 10:00:45,2026-08-24T09:45:07,762.16,2026-08-24,C,781.0,0.0,0.01,0.0,2418.0,0.01,0.3151,0.0006,0.0004,-0.0009,0.0006,0.0,39.0,2996.0
2026-08-24 10:00:45,2026-08-24T09:45:07,762.16,2026-08-24,P,781.0,18.72,18.88,85.0,78.0,13.44,0.0,-0.9994,0.0004,-0.0009,0.0006,0.0,0.0,0.0
2026-08-24 10:00:45,2026-08-24T09:45:07,762.16,2026-08-24,C,782.0,0.0,0.01,0.0,2496.0,0.01,0.33,0.0005,0.0003,-0.0007,0.0004,0.0,1.0,1792.0
2026-08-24 10:00:45,2026-08-24T09:45:07,762.16,2026-08-24,P,782.0,19.76,19.88,22.0,78.0,15.76,0.0,-0.9995,0.0003,-0.0007,0.0004,0.0,0.0,1.0
2026-08-24 10:00:45,2026-08-24T09:45:07,762.16,2026-08-24,C,783.0,0.0,0.01,0.0,3175.0,0.01,0.3448,0.0004,0.0002,-0.0005,0.0003,0.0,1.0,751.0
2026-08-24 10:00:45,2026-08-24T09:45:07,762.16,2026-08-24,P,783.0,20.77,20.88,75.0,22.0,20.85,0.0,-0.9996,0.0002,-0.0005,0.0003,0.0,14.0,0.0
2026-08-24 10:00:45,2026-08-24T09:45:07,762.16,2026-08-24,C,784.0,0.0,0.01,0.0,2604.0,0.01,0.3595,0.0003,0.0002,-0.0004,0.0002,0.0,1.0,807.0
2026-08-24 10:00:45,2026-08-24T09:45:07,762.16,2026-08-24,P,784.0,21.76,21.88,22.0,68.0,21.85,0.0,-0.9997,0.0002,-0.0004,0.0002,0.0,14.0,1.0
2026-08-24 10:00:45,2026-08-24T09:45:07,762.16,2026-08-24,C,785.0,0.0,0.01,0.0,2760.0,0.01,0.3742,0.0002,0.0001,-0.0003,0.0002,0.0,10.0,1778.0
2026-08-24 10:00:45,2026-08-24T09:45:07,762.16,2026-08-24,P,785.0,22.74,22.88,22.0,78.0,19.05,0.0,-0.9998,0.0001,-0.0003,0.0002,0.0,0.0,1.0
2026-08-24 10:00:45,2026-08-24T09:45:07,762.16,2026-08-24,C,786.0,0.0,0.01,0.0,2816.0,0.01,0.3888,0.0002,0.0001,-0.0002,0.0001,0.0,12.0,512.0
2026-08-24 10:00:45,2026-08-24T09:45:07,762.16,2026-08-24,P,786.0,23.76,23.88,22.0,22.0,21.22,0.0,-0.9998,0.0001,-0.0002,0.0001,0.0,0.0,0.0
2026-08-24 10:00:45,2026-08-24T09:45:07,762.16,2026-08-24,C,787.0,0.0,0.01,0.0,3241.0,0.01,0.4033,0.0001,0.0001,-0.0002,0.0001,0.0,1.0,1566.0
2026-08-24 10:00:45,2026-08-24T09:45:07,762.16,2026-08-24,P,787.0,24.77,24.88,22.0,22.0,24.85,0.0,-0.9999,0.0001,-0.0002,0.0001,0.0,13.0,0.0
2026-08-24 10:00:45,2026-08-24T09:45:07,762.16,2026-08-24,C,788.0,0.0,0.01,0.0,2241.0,0.01,0.4178,0.0001,0.0001,-0.0001,0.0001,0.0,3.0,772.0
2026-08-24 10:00:45,2026-08-24T09:45:07,762.16,2026-08-24,P,788.0,25.65,25.88,13.0,13.0,21.55,0.0,-0.9999,0.0001,-0.0001,0.0001,0.0,0.0,0.0
2026-08-24 10:00:45,2026-08-24T09:45:07,762.16,2026-08-24,C,789.0,0.0,0.01,0.0,2242.0,0.01,0.4322,0.0001,0.0,-0.0001,0.0001,0.0,6.0,649.0
2026-08-24 10:00:45,2026-08-24T09:45:07,762.16,2026-08-24,P,789.0,26.73,26.88,13.0,13.0,22.97,0.0,-0.9999,0.0,-0.0001,0.0001,0.0,0.0,0.0
2026-08-24 10:00:45,2026-08-24T09:45:07,762.16,2026-08-24,C,790.0,0.0,0.01,0.0,2242.0,0.01,0.4466,0.0001,0.0,-0.0001,0.0001,0.0,0.0,1116.0
2026-08-24 10:00:45,2026-08-24T09:45:07,762.16,2026-08-24,P,790.0,27.68,27.88,13.0,13.0,23.85,0.0,-0.9999,0.0,-0.0001,0.0001,0.0,0.0,0.0
2026-08-24 10:00:45,2026-08-24T09:45:07,762.16,2026-08-24,C,791.0,0.0,0.01,0.0,2242.0,0.01,0.4608,0.0,0.0,-0.0001,0.0,0.0,0.0,463.0
2026-08-24 10:00:45,2026-08-24T09:45:07,762.16,2026-08-24,P,791.0,28.65,28.88,41.0,40.0,22.72,0.0,-1.0,0.0,-0.0001,0.0,0.0,0.0,0.0
2026-08-24 10:00:45,2026-08-24T09:45:07,762.16,2026-08-24,C,792.0,0.0,0.01,0.0,1495.0,0.01,0.4751,0.0,0.0,0.0,0.0,0.0,0.0,329.0
2026-08-24 10:00:45,2026-08-24T09:45:07,762.16,2026-08-24,P,792.0,29.61,29.88,12.0,12.0,28.59,0.0,-1.0,0.0,0.0,0.0,0.0,0.0,0.0
2026-08-24 10:00:45,2026-08-24T09:45:07,762.16,2026-08-24,C,793.0,0.0,0.01,0.0,2242.0,0.01,0.4893,0.0,0.0,0.0,0.0,0.0,100.0,759.0
2026-08-24 10:00:45,2026-08-24T09:45:07,762.16,2026-08-24,P,793.0,30.68,31.01,12.0,12.0,30.54,0.4184,-1.0,0.0,0.0,0.0,0.0,2.0,0.0
2026-08-24 10:00:45,2026-08-24T09:45:07,762.16,2026-08-24,C,794.0,0.0,0.01,0.0,2242.0,0.01,0.5034,0.0,0.0,0.0,0.0,0.0,0.0,727.0
2026-08-24 10:00:45,2026-08-24T09:45:07,762.16,2026-08-24,P,794.0,31.7,32.0,12.0,12.0,25.67,0.0,-1.0,0.0,0.0,0.0,0.0,0.0,0.0
2026-08-24 10:00:45,2026-08-24T09:45:07,762.16,2026-08-24,C,795.0,0.0,0.01,0.0,2242.0,0.01,0.5175,0.0,0.0,0.0,0.0,0.0,0.0,479.0
2026-08-24 10:00:45,2026-08-24T09:45:07,762.16,2026-08-24,P,795.0,32.21,33.04,2.0,1.0,32.33,0.0,-1.0,0.0,0.0,0.0,0.0,0.0,0.0
2026-08-24 10:00:45,2026-08-24T09:45:07,762.16,2026-08-24,C,796.0,0.0,0.01,0.0,2242.0,0.01,0.5315,0.0,0.0,0.0,0.0,0.0,0.0,179.0
2026-08-24 10:00:45,2026-08-24T09:45:07,762.16,2026-08-24,P,796.0,33.4,34.05,1.0,1.0,27.66,0.5373,-1.0,0.0,0.0,0.0,0.0,0.0,0.0
2026-08-24 10:00:45,2026-08-24T09:45:07,762.16,2026-08-24,C,797.0,0.0,0.01,0.0,2242.0,0.01,0.5455,0.0,0.0,0.0,0.0,0.0,0.0,122.0
2026-08-24 10:00:45,2026-08-24T09:45:07,762.16,2026-08-24,P,797.0,34.19,35.04,2.0,1.0,28.42,0.0,-1.0,0.0,0.0,0.0,0.0,0.0,0.0
2026-08-24 10:00:45,2026-08-24T09:45:07,762.16,2026-08-24,C,798.0,0.0,0.01,0.0,2242.0,0.05,0.5594,0.0,0.0,0.0,0.0,0.0,2.0,563.0
2026-08-24 10:00:45,2026-08-24T09:45:07,762.16,2026-08-24,P,798.0,35.4,36.05,1.0,1.0,31.9,0.5994,-1.0,0.0,0.0,0.0,0.0,0.0,0.0
2026-08-24 10:00:45,2026-08-24T09:45:07,762.16,2026-08-24,C,799.0,0.0,0.01,0.0,2242.0,0.01,0.5733,0.0,0.0,0.0,0.0,0.0,0.0,448.0
2026-08-24 10:00:45,2026-08-24T09:45:07,762.16,2026-08-24,P,799.0,36.26,37.04,2.0,1.0,30.43,0.0,-1.0,0.0,0.0,0.0,0.0,0.0,0.0
2026-08-24 10:00:45,2026-08-24T09:45:07,762.16,2026-08-24,C,800.0,0.0,0.01,0.0,2242.0,0.01,0.5871,0.0,0.0,0.0,0.0,0.0,0.0,1221.0
2026-08-24 10:00:45,2026-08-24T09:45:07,762.16,2026-08-24,P,800.0,37.24,38.03,2.0,1.0,37.31,0.0,-1.0,0.0,0.0,0.0,0.0,0.0,1.0
2026-08-24 10:05:46,2026-08-24T09:50:06,763.07,2026-08-24,C,725.0,38.03,38.31,34.0,34.0,38.73,0.8398,0.9956,0.0009,-0.0198,0.0028,0.0,0.0,13.0
2026-08-24 10:05:46,2026-08-24T09:50:06,763.07,2026-08-24,P,725.0,0.0,0.01,0.0,2224.0,0.01,0.6239,-0.0044,0.0009,-0.0198,0.0028,0.0,1.0,984.0
2026-08-24 10:05:46,2026-08-24T09:50:06,763.07,2026-08-24,C,726.0,37.03,37.3,34.0,34.0,39.64,0.813,0.9955,0.0009,-0.0198,0.0028,0.0,0.0,2.0
2026-08-24 10:05:46,2026-08-24T09:50:06,763.07,2026-08-24,P,726.0,0.0,0.01,0.0,3223.0,0.02,0.6085,-0.0045,0.0009,-0.0198,0.0028,0.0,0.0,49.0
2026-08-24 10:05:46,2026-08-24T09:50:06,763.07,2026-08-24,C,727.0,36.03,36.33,34.0,34.0,38.65,0.8136,0.9954,0.0009,-0.0199,0.0029,0.0,0.0,2.0
2026-08-24 10:05:46,2026-08-24T09:50:06,763.07,2026-08-24,P,727.0,0.0,0.01,0.0,3224.0,0.01,0.5931,-0.0046,0.0009,-0.0199,0.0029,0.0,0.0,142.0
2026-08-24 10:05:46,2026-08-24T09:50:06,763.07,2026-08-24,C,728.0,35.03,35.29,34.0,34.0,34.81,0.7937,0.9953,0.001,-0.02,0.003,0.0,3.0,0.0
2026-08-24 10:05:46,2026-08-24T09:50:06,763.07,2026-08-24,P,728.0,0.0,0.01,0.0,3224.0,0.01,0.5776,-0.0047,0.001,-0.02,0.003,0.0,0.0,2120.0
2026-08-24 10:05:46,2026-08-24T09:50:06,763.07,2026-08-24,C,729.0,34.03,34.33,34.0,34.0,33.86,0.7737,0.9952,0.001,-0.02,0.0031,0.0,3.0,0.0
2026-08-24 10:05:46,2026-08-24T09:50:06,763.07,2026-08-24,P,729.0,0.0,0.01,0.0,3104.0,0.01,0.5622,-0.0048,0.001,-0.02,0.0031,0.0,8.0,249.0
2026-08-24 10:05:46,2026-08-24T09:50:06,763.07,2026-08-24,C,730.0,33.03,33.28,34.0,34.0,32.47,0.7205,0.995,0.0011,-0.0201,0.0031,0.0,1.0,61.0
2026-08-24 10:05:46,2026-08-24T09:50:06,763.07,2026-08-24,P,730.0,0.0,0.01,0.0,3104.0,0.02,0.5468,-0.005,0.0011,-0.0201,0.0031,0.0,0.0,2337.0
2026-08-24 10:05:46,2026-08-24T09:50:06,763.07,2026-08-24,C,731.0,32.03,32.29,34.0,1.0,31.52,0.7393,0.9949,0.0012,-0.0202,0.0032,0.0,1.0,0.0
2026-08-24 10:05:46,2026-08-24T09:50:06,763.07,2026-08-24,P,731.0,0.0,0.01,0.0,3104.0,0.02,0.5313,-0.0051,0.0012,-0.0202,0.0032,0.0,0.0,1383.0
2026-08-24 10:05:46,2026-08-24T09:50:06,763.07,2026-08-24,C,732.0,31.03,31.29,34.0,1.0,0.0,0.7191,0.9947,0.0012,-0.0203,0.0033,0.0,0.0,0.0
2026-08-24 10:05:46,2026-08-24T09:50:06,763.07,2026-08-24,P,732.0,0.0,0.01,0.0,3104.0,0.01,0.5158,-0.0053,0.0012,-0.0203,0.0033,0.0,15.0,958.0
2026-08-24 10:05:46,2026-08-24T09:50:06,763.07,2026-08-24,C,733.0,30.04,30.29,34.0,34.0,33.82,0.6988,0.9946,0.0013,-0.0203,0.0034,0.0,0.0,1.0
2026-08-24 10:05:46,2026-08-24T09:50:06,763.07,2026-08-24,P,733.0,0.0,0.01,0.0,3103.0,0.01,0.5004,-0.0054,0.0013,-0.0203,0.0034,0.0,1.0,281.0
2026-08-24 10:05:46,2026-08-24T09:50:06,763.07,2026-08-24,C,734.0,29.04,29.3,34.0,1.0,28.29,0.6837,0.9944,0.0014,-0.0204,0.0035,0.0,1.0,0.0
2026-08-24 10:05:46,2026-08-24T09:50:06,763.07,2026-08-24,P,734.0,0.0,0.01,0.0,3154.0,0.01,0.4848,-0.0056,0.0014,-0.0204,0.0035,0.0,15.0,426.0
2026-08-24 10:05:46,2026-08-24T09:50:06,763.07,2026-08-24,C,735.0,28.04,28.3,34.0,34.0,27.34,0.6418,0.9942,0.0014,-0.0205,0.0036,0.0,1.0,7.0
2026-08-24 10:05:46,2026-08-24T09:50:06,763.07,2026-08-24,P,735.0,0.0,0.01,0.0,3154.0,0.01,0.4693,-0.0058,0.0014,-0.0205,0.0036,0.0,5274.0,8066.0
2026-08-24 10:05:46,2026-08-24T09:50:06,763.07,2026-08-24,C,736.0,27.04,27.29,34.0,34.0,26.3,0.616,0.994,0.0015,-0.0206,0.0037,0.0,1.0,0.0
2026-08-24 10:05:46,2026-08-24T09:50:06,763.07,2026-08-24,P,736.0,0.0,0.01,0.0,2712.0,0.01,0.4538,-0.006,0.0015,-0.0206,0.0037,0.0,940.0,7980.0
2026-08-24 10:05:46,2026-08-24T09:50:06,763.07,2026-08-24,C,737.0,26.04,26.29,34.0,34.0,25.35,0.5961,0.9938,0.0016,-0.0206,0.0038,0.0,1.0,6.0
2026-08-24 10:05:46,2026-08-24T09:50:06,763.07,2026-08-24,P,737.0,0.0,0.01,0.0,2607.0,0.01,0.4382,-0.0062,0.0016,-0.0206,0.0038,0.0,2.0,1766.0
2026-08-24 10:05:46,2026-08-24T09:50:06,763.07,2026-08-24,C,738.0,25.04,25.29,34.0,34.0,24.53,0.6061,0.9936,0.0018,-0.0207,0.004,0.0,2.0,4.0
2026-08-24 10:05:46,2026-08-24T09:50:06,763.07,2026-08-24,P,738.0,0.0,0.01,0.0,2761.0,0.01,0.4226,-0.0064,0.0018,-0.0207,0.004,0.0,186.0,3291.0
2026-08-24 10:05:46,2026-08-24T09:50:06,763.07,2026-08-24,C,739.0,24.04,24.34,34.0,34.0,23.58,0.5808,0.9934,0.0019,-0.0208,0.0041,0.0,2.0,11.0
2026-08-24 10:05:46,2026-08-24T09:50:06,763.07,2026-08-24,P,739.0,0.0,0.01,0.0,2627.0,0.01,0.407,-0.0066,0.0019,-0.0208,0.0041,0.0,2804.0,756.0
2026-08-24 10:05:46,2026-08-24T09:50:06,763.07,2026-08-24,C,740.0,23.04,23.3,34.0,145.0,22.86,0.5411,0.9931,0.002,-0.0209,0.0042,0.0,2.0,13.0
2026-08-24 10:05:46,2026-08-24T09:50:06,763.07,2026-08-24,P,740.0,0.01,0.02,1244.0,3749.0,0.01,0.4369,-0.0069,0.002,-0.0209,0.0042,0.0,881.0,1476.0
2026-08-24 10:05:46,2026-08-24T09:50:06,763.07,2026-08-24,C,741.0,22.04,22.3,95.0,121.0,21.91,0.5208,0.9928,0.0022,-0.021,0.0044,0.0,5.0,2.0
2026-08-24 10:05:46,2026-08-24T09:50:06,763.07,2026-08-24,P,741.0,0.01,0.02,1345.0,3757.0,0.01,0.4198,-0.0072,0.0022,-0.021,0.0044,0.0,361.0,1692.0
2026-08-24 10:05:46,2026-08-24T09:50:06,763.07,2026-08-24,C,742.0,21.04,21.3,34.0,70.0,20.94,0.5004,0.9926,0.0023,-0.021,0.0046,0.0,3.0,13.0
2026-08-24 10:05:46,2026-08-24T09:50:06,763.07,2026-08-24,P,742.0,0.01,0.02,1576.0,3419.0,0.02,0.4026,-0.0074,0.0023,-0.021,0.0046,0.0,189.0,744.0
2026-08-24 10:05:46,2026-08-24T09:50:06,763.07,2026-08-24,C,743.0,20.05,20.32,119.0,129.0,19.99,0.4931,0.9922,0.0025,-0.0211,0.0048,0.0,3.0,12.0
2026-08-24 10:05:46,2026-08-24T09:50:06,763.07,2026-08-24,P,743.0,0.01,0.02,2674.0,3455.0,0.01,0.3853,-0.0078,0.0025,-0.0211,0.0048,0.0,11.0,624.0
2026-08-24 10:05:46,2026-08-24T09:50:06,763.07,2026-08-24,C,744.0,19.05,19.32,119.0,133.0,18.78,0.4721,0.9919,0.0028,-0.0212,0.005,0.0,7.0,6.0
2026-08-24 10:05:46,2026-08-24T09:50:06,763.07,2026-08-24,P,744.0,0.01,0.02,2783.0,3167.0,0.02,0.368,-0.0081,0.0028,-0.0212,0.005,0.0,32.0,1252.0
2026-08-24 10:05:46,2026-08-24T09:50:06,763.07,2026-08-24,C,745.0,18.05,18.29,119.0,127.0,17.84,0.4387,0.9915,0.003,-0.0213,0.0052,0.0,26.0,72.0
2026-08-24 10:05:46,2026-08-24T09:50:06,763.07,2026-08-24,P,745.0,0.01,0.02,2649.0,2644.0,0.02,0.3506,-0.0085,0.003,-0.0213,0.0052,0.0,99.0,1460.0
2026-08-24 10:05:46,2026-08-24T09:50:06,763.07,2026-08-24,C,746.0,17.05,17.3,116.0,129.0,17.8,0.422,0.991,0.0033,-0.0215,0.0054,0.0,14.0,11.0
2026-08-24 10:05:46,2026-08-24T09:50:06,763.07,2026-08-24,P,746.0,0.01,0.02,2694.0,2922.0,0.02,0.3332,-0.009,0.0033,-0.0215,0.0054,0.0,227.0,497.0
2026-08-24 10:05:46,2026-08-24T09:50:06,763.07,2026-08-24,C,747.0,16.05,16.31,120.0,127.0,19.18,0.4048,0.9905,0.0037,-0.0217,0.0057,0.0,0.0,24.0
2026-08-24 10:05:46,2026-08-24T09:50:06,763.07,2026-08-24,P,747.0,0.01,0.02,2977.0,2739.0,0.02,0.3156,-0.0095,0.0037,-0.0217,0.0057,0.0,43.0,1909.0
2026-08-24 10:05:46,2026-08-24T09:50:06,763.07,2026-08-24,C,748.0,15.07,15.31,117.0,126.0,17.92,0.3904,0.9899,0.0041,-0.022,0.0061,0.0,0.0,24.0
2026-08-24 10:05:46,2026-08-24T09:50:06,763.07,2026-08-24,P,748.0,0.01,0.02,2859.0,2839.0,0.02,0.2981,-0.0101,0.0041,-0.022,0.0061,0.0,1036.0,1955.0
2026-08-24 10:05:46,2026-08-24T09:50:06,763.07,2026-08-24,C,749.0,14.05,14.3,114.0,95.0,13.8,0.3585,0.9892,0.0046,-0.0224,0.0065,0.0,5.0,78.0
2026-08-24 10:05:46,2026-08-24T09:50:06,763.07,2026-08-24,P,749.0,0.02,0.03,833.0,4673.0,0.02,0.2989,-0.0108,0.0046,-0.0224,0.0065,0.0,2833.0,2418.0
2026-08-24 10:05:46,2026-08-24T09:50:06,763.07,2026-08-24,C,750.0,13.06,13.3,123.0,103.0,13.5,0.3404,0.9883,0.0052,-0.0231,0.007,0.0,41.0,79.0
2026-08-24 10:05:46,2026-08-24T09:50:06,763.07,2026-08-24,P,750.0,0.02,0.03,2530.0,3355.0,0.02,0.2802,-0.0117,0.0052,-0.0231,0.007,0.0,527.0,10698.0
2026-08-24 10:05:46,2026-08-24T09:50:06,763.07,2026-08-24,C,751.0,12.06,12.33,119.0,119.0,12.25,0.3276,0.987,0.0061,-0.0244,0.0077,0.0,5.0,59.0
2026-08-24 10:05:46,2026-08-24T09:50:06,763.07,2026-08-24,P,751.0,0.02,0.03,2726.0,3447.0,0.03,0.2614,-0.013,0.0061,-0.0244,0.0077,0.0,186.0,1189.0
2026-08-24 10:05:46,2026-08-24T09:50:06,763.07,2026-08-24,C,752.0,11.06,11.31,86.0,127.0,10.3,0.2996,0.9852,0.0073,-0.0266,0.0086,0.0,7.0,59.0
2026-08-24 10:05:46,2026-08-24T09:50:06,763.07,2026-08-24,P,752.0,0.03,0.04,538.0,4738.0,0.03,0.2543,-0.0148,0.0073,-0.0266,0.0086,0.0,1368.0,1738.0
2026-08-24 10:05:46,2026-08-24T09:50:06,763.07,2026-08-24,C,753.0,10.07,10.32,37.0,95.0,13.65,0.2825,0.9823,0.009,-0.0305,0.01,0.0,0.0,105.0
2026-08-24 10:05:46,2026-08-24T09:50:06,763.07,2026-08-24,P,753.0,0.03,0.04,1407.0,3465.0,0.04,0.2345,-0.0177,0.009,-0.0305,0.01,0.0,4851.0,3707.0
2026-08-24 10:05:46,2026-08-24T09:50:06,763.07,2026-08-24,C,754.0,9.08,9.32,34.0,71.0,9.41,0.262,0.9778,0.0116,-0.0371,0.0121,0.0,146.0,90.0
2026-08-24 10:05:46,2026-08-24T09:50:06,763.07,2026-08-24,P,754.0,0.04,0.05,1594.0,2704.0,0.05,0.2231,-0.0222,0.0116,-0.0371,0.0121,0.0,781.0,3882.0
2026-08-24 10:05:46,2026-08-24T09:50:06,763.07,2026-08-24,C,755.0,8.09,8.33,75.0,64.0,8.15,0.2429,0.9707,0.0155,-0.0483,0.0152,0.0,65.0,182.0
2026-08-24 10:05:46,2026-08-24T09:50:06,763.07,2026-08-24,P,755.0,0.05,0.06,1776.0,2440.0,0.05,0.2093,-0.0293,0.0155,-0.0483,0.0152,0.0,3792.0,7567.0
2026-08-24 10:05:46,2026-08-24T09:50:06,763.07,2026-08-24,C,756.0,7.13,7.34,39.0,73.0,7.33,0.2282,0.9594,0.0213,-0.0668,0.0198,0.0,42.0,111.0
2026-08-24 10:05:46,2026-08-24T09:50:06,763.07,2026-08-24,P,756.0,0.06,0.07,2757.0,267.0,0.06,0.1934,-0.0406,0.0213,-0.0668,0.0198,0.0,10420.0,7665.0
2026-08-24 10:05:46,2026-08-24T09:50:06,763.07,2026-08-24,C,757.0,6.15,6.37,50.0,49.0,6.16,0.211,0.9421,0.0297,-0.0962,0.026,0.0,321.0,186.0
2026-08-24 10:05:46,2026-08-24T09:50:06,763.07,2026-08-24,P,757.0,0.09,0.1,2535.0,1184.0,0.1,0.1846,-0.0579,0.0297,-0.0962,0.026,0.0,21203.0,4394.0
2026-08-24 10:05:46,2026-08-24T09:50:06,763.07,2026-08-24,C,758.0,5.23,5.27,22.0,81.0,5.43,0.1873,0.9165,0.0415,-0.1413,0.034,0.0,222.0,149.0
2026-08-24 10:05:46,2026-08-24T09:50:06,763.07,2026-08-24,P,758.0,0.13,0.14,2225.0,667.0,0.14,0.174,-0.0835,0.0415,-0.1413,0.034,0.0,14293.0,3941.0
2026-08-24 10:05:46,2026-08-24T09:50:06,763.07,2026-08-24,C,759.0,4.3,4.33,19.0,185.0,4.34,0.1761,0.8791,0.0573,-0.2094,0.044,0.0,610.0,194.0
2026-08-24 10:05:46,2026-08-24T09:50:06,763.07,2026-08-24,P,759.0,0.2,0.21,527.0,726.0,0.21,0.1658,-0.1209,0.0573,-0.2094,0.044,0.0,16505.0,3264.0
2026-08-24 10:05:46,2026-08-24T09:50:06,763.07,2026-08-24,C,760.0,3.41,3.44,25.0,175.0,3.43,0.1644,0.8252,0.0776,-0.3127,0.0557,0.0,1495.0,370.0
2026-08-24 10:05:46,2026-08-24T09:50:06,763.07,2026-08-24,P,760.0,0.3,0.31,565.0,112.0,0.31,0.1562,-0.1748,0.0776,-0.3127,0.0557,0.0,34840.0,10050.0
2026-08-24 10:05:46,2026-08-24T09:50:06,763.07,2026-08-24,C,761.0,2.57,2.61,133.0,236.0,2.55,0.1552,0.7486,0.1017,-0.4719,0.0681,0.0,2480.0,318.0
2026-08-24 10:05:46,2026-08-24T09:50:06,763.07,2026-08-24,P,761.0,0.47,0.48,649.0,658.0,0.47,0.1478,-0.2514,0.1017,-0.4719,0.0681,0.0,35808.0,4492.0
2026-08-24 10:05:46,2026-08-24T09:50:06,763.07,2026-08-24,C,762.0,1.83,1.85,24.0,50.0,1.85,0.1477,0.6442,0.1257,-0.7168,0.0788,0.0,11786.0,936.0
2026-08-24 10:05:46,2026-08-24T09:50:06,763.07,2026-08-24,P,762.0,0.73,0.74,45.0,481.0,0.73,0.142,-0.3558,0.1257,-0.7168,0.0788,0.0,58442.0,3574.0
2026-08-24 10:05:46,2026-08-24T09:50:06,763.07,2026-08-24,C,763.0,1.2,1.22,430.0,287.0,1.22,0.1392,0.5135,0.1412,-1.0826,0.084,0.0,29597.0,1198.0
2026-08-24 10:05:46,2026-08-24T09:50:06,763.07,2026-08-24,P,763.0,1.09,1.1,343.0,49.0,1.09,0.1345,-0.4865,0.1412,-1.0826,0.084,0.0,91356.0,6044.0
2026-08-24 10:05:46,2026-08-24T09:50:06,763.07,2026-08-24,C,764.0,0.71,0.72,444.0,389.0,0.72,0.1347,0.3695,0.139,-0.6895,0.0798,0.0,58647.0,1820.0
2026-08-24 10:05:46,2026-08-24T09:50:06,763.07,2026-08-24,P,764.0,1.6,1.62,257.0,167.0,1.62,0.1284,-0.6305,0.139,-0.6895,0.0798,0.0,33537.0,6864.0
2026-08-24 10:05:46,2026-08-24T09:50:06,763.07,2026-08-24,C,765.0,0.38,0.39,426.0,669.0,0.39,0.1302,0.2367,0.1162,-0.3682,0.0663,0.0,45553.0,6424.0
2026-08-24 10:05:46,2026-08-24T09:50:06,763.07,2026-08-24,P,765.0,2.27,2.3,10.0,24.0,2.24,0.1233,-0.7633,0.1162,-0.3682,0.0663,0.0,15259.0,19244.0
2026-08-24 10:05:46,2026-08-24T09:50:06,763.07,2026-08-24,C,766.0,0.19,0.2,472.0,1333.0,0.2,0.1284,0.1384,0.0828,-0.1871,0.0486,0.0,29808.0,8787.0
2026-08-24 10:05:46,2026-08-24T09:50:06,763.07,2026-08-24,P,766.0,3.07,3.11,81.0,61.0,3.05,0.1184,-0.8616,0.0828,-0.1871,0.0486,0.0,4870.0,11396.0
2026-08-24 10:05:46,2026-08-24T09:50:06,763.07,2026-08-24,C,767.0,0.1,0.11,137.0,3697.0,0.11,0.1333,0.0798,0.0536,-0.0997,0.0335,0.0,21121.0,5623.0
2026-08-24 10:05:46,2026-08-24T09:50:06,763.07,2026-08-24,P,767.0,3.91,4.03,74.0,48.0,3.84,0.1173,-0.9202,0.0536,-0.0997,0.0335,0.0,1835.0,4337.0
2026-08-24 10:05:46,2026-08-24T09:50:06,763.07,2026-08-24,C,768.0,0.05,0.06,2026.0,2886.0,0.05,0.1381,0.049,0.0344,-0.0599,0.0234,0.0,12176.0,6707.0
2026-08-24 10:05:46,2026-08-24T09:50:06,763.07,2026-08-24,P,768.0,4.86,4.98,1.0,18.0,4.95,0.1109,-0.951,0.0344,-0.0599,0.0234,0.0,414.0,2423.0
2026-08-24 10:05:46,2026-08-24T09:50:06,763.07,2026-08-24,C,769.0,0.03,0.04,2982.0,2788.0,0.04,0.148,0.0323,0.0227,-0.0398,0.0169,0.0,7555.0,4943.0
2026-08-24 10:05:46,2026-08-24T09:50:06,763.07,2026-08-24,P,769.0,5.82,6.0,1.0,67.0,5.95,0.0,-0.9677,0.0227,-0.0398,0.0169,0.0,196.0,3299.0
2026-08-24 10:05:46,2026-08-24T09:50:06,763.07,2026-08-24,C,770.0,0.02,0.03,2792.0,2980.0,0.03,0.1598,0.0222,0.0154,-0.0278,0.0125,0.0,11266.0,11088.0
2026-08-24 10:05:46,2026-08-24T09:50:06,763.07,2026-08-24,P,770.0,6.84,6.97,1.0,39.0,6.9,0.0,-0.9778,0.0154,-0.0278,0.0125,0.0,403.0,3062.0
2026-08-24 10:05:46,2026-08-24T09:50:06,763.07,2026-08-24,C,771.0,0.02,0.03,727.0,3947.0,0.03,0.1792,0.0154,0.0107,-0.0196,0.0092,0.0,2168.0,4378.0
2026-08-24 10:05:46,2026-08-24T09:50:06,763.07,2026-08-24,P,771.0,7.81,7.98,48.0,39.0,7.71,0.0,-0.9846,0.0107,-0.0196,0.0092,0.0,140.0,1479.0
2026-08-24 10:05:46,2026-08-24T09:50:06,763.07,2026-08-24,C,772.0,0.01,0.02,3340.0,3701.0,0.02,0.1849,0.0109,0.0074,-0.014,0.0069,0.0,7013.0,17015.0
2026-08-24 10:05:46,2026-08-24T09:50:06,763.07,2026-08-24,P,772.0,8.81,8.98,92.0,37.0,8.69,0.0,-0.9891,0.0074,-0.014,0.0069,0.0,101.0,1353.0
2026-08-24 10:05:46,2026-08-24T09:50:06,763.07,2026-08-24,C,773.0,0.01,0.02,2264.0,2605.0,0.01,0.2027,0.0077,0.0052,-0.01,0.0051,0.0,2007.0,6476.0
2026-08-24 10:05:46,2026-08-24T09:50:06,763.07,2026-08-24,P,773.0,9.82,9.96,1.0,37.0,9.71,0.0,-0.9923,0.0052,-0.01,0.0051,0.0,76.0,348.0
2026-08-24 10:05:46,2026-08-24T09:50:06,763.07,2026-08-24,C,774.0,0.01,0.02,1764.0,2815.0,0.02,0.2204,0.0055,0.0037,-0.0071,0.0038,0.0,588.0,3840.0
2026-08-24 10:05:46,2026-08-24T09:50:06,763.07,2026-08-24,P,774.0,10.84,10.98,1.0,107.0,10.61,0.0,-0.9945,0.0037,-0.0071,0.0038,0.0,62.0,46.0
2026-08-24 10:05:46,2026-08-24T09:50:06,763.07,2026-08-24,C,775.0,0.01,0.02,1029.0,3310.0,0.02,0.2378,0.0039,0.0026,-0.0051,0.0028,0.0,1391.0,5611.0
2026-08-24 10:05:46,2026-08-24T09:50:06,763.07,2026-08-24,P,775.0,11.8,11.97,118.0,116.0,11.89,0.0,-0.9961,0.0026,-0.0051,0.0028,0.0,39.0,13.0
2026-08-24 10:05:46,2026-08-24T09:50:06,763.07,2026-08-24,C,776.0,0.0,0.01,0.0,2533.0,0.01,0.226,0.0028,0.0019,-0.0037,0.0021,0.0,2056.0,6136.0
2026-08-24 10:05:46,2026-08-24T09:50:06,763.07,2026-08-24,P,776.0,12.8,12.97,117.0,86.0,12.66,0.0,-0.9972,0.0019,-0.0037,0.0021,0.0,66.0,28.0
2026-08-24 10:05:46,2026-08-24T09:50:06,763.07,2026-08-24,C,777.0,0.0,0.01,0.0,2748.0,0.01,0.2415,0.002,0.0013,-0.0027,0.0016,0.0,3006.0,3531.0
2026-08-24 10:05:46,2026-08-24T09:50:06,763.07,2026-08-24,P,777.0,13.8,13.97,120.0,122.0,13.68,0.0,-0.998,0.0013,-0.0027,0.0016,0.0,36.0,30.0
2026-08-24 10:05:46,2026-08-24T09:50:06,763.07,2026-08-24,C,778.0,0.0,0.01,0.0,2741.0,0.01,0.2569,0.0015,0.001,-0.0019,0.0012,0.0,76.0,1814.0
2026-08-24 10:05:46,2026-08-24T09:50:06,763.07,2026-08-24,P,778.0,14.78,14.98,76.0,68.0,14.66,0.0,-0.9985,0.001,-0.0019,0.0012,0.0,26.0,6.0
2026-08-24 10:05:46,2026-08-24T09:50:06,763.07,2026-08-24,C,779.0,0.0,0.01,0.0,3185.0,0.01,0.2723,0.0011,0.0007,-0.0014,0.0009,0.0,10.0,1475.0
2026-08-24 10:05:46,2026-08-24T09:50:06,763.07,2026-08-24,P,779.0,15.81,15.97,1.0,34.0,15.7,0.0,-0.9989,0.0007,-0.0014,0.0009,0.0,34.0,27.0
2026-08-24 10:05:46,2026-08-24T09:50:06,763.07,2026-08-24,C,780.0,0.0,0.01,0.0,3180.0,0.01,0.2875,0.0008,0.0005,-0.001,0.0006,0.0,39.0,7079.0
2026-08-24 10:05:46,2026-08-24T09:50:06,763.07,2026-08-24,P,780.0,16.79,16.98,71.0,96.0,16.7,0.0,-0.9992,0.0005,-0.001,0.0006,0.0,21.0,1.0
2026-08-24 10:05:46,2026-08-24T09:50:06,763.07,2026-08-24,C,781.0,0.0,0.01,0.0,3177.0,0.01,0.3026,0.0006,0.0004,-0.0008,0.0005,0.0,40.0,2996.0
2026-08-24 10:05:46,2026-08-24T09:50:06,763.07,2026-08-24,P,781.0,17.82,17.98,40.0,34.0,17.72,0.0,-0.9994,0.0004,-0.0008,0.0005,0.0,6.0,0.0
2026-08-24 10:05:46,2026-08-24T09:50:06,763.07,2026-08-24,C,782.0,0.0,0.01,0.0,3177.0,0.01,0.3177,0.0004,0.0003,-0.0006,0.0004,0.0,2.0,1792.0
2026-08-24 10:05:46,2026-08-24T09:50:06,763.07,2026-08-24,P,782.0,18.83,18.95,1.0,33.0,18.5,0.0,-0.9996,0.0003,-0.0006,0.0004,0.0,13.0,1.0
2026-08-24 10:05:46,2026-08-24T09:50:06,763.07,2026-08-24,C,783.0,0.0,0.01,0.0,3177.0,0.01,0.3326,0.0003,0.0002,-0.0004,0.0003,0.0,12.0,751.0
2026-08-24 10:05:46,2026-08-24T09:50:06,763.07,2026-08-24,P,783.0,19.79,19.97,102.0,96.0,19.72,0.0,-0.9997,0.0002,-0.0004,0.0003,0.0,96.0,0.0
2026-08-24 10:05:46,2026-08-24T09:50:06,763.07,2026-08-24,C,784.0,0.0,0.01,0.0,3298.0,0.01,0.3475,0.0002,0.0001,-0.0003,0.0002,0.0,2.0,807.0
2026-08-24 10:05:46,2026-08-24T09:50:06,763.07,2026-08-24,P,784.0,20.79,20.98,18.0,18.0,20.72,0.0,-0.9998,0.0001,-0.0003,0.0002,0.0,46.0,1.0
2026-08-24 10:05:46,2026-08-24T09:50:06,763.07,2026-08-24,C,785.0,0.0,0.01,0.0,3297.0,0.01,0.3623,0.0002,0.0001,-0.0002,0.0002,0.0,163.0,1778.0
2026-08-24 10:05:46,2026-08-24T09:50:06,763.07,2026-08-24,P,785.0,21.79,21.98,74.0,18.0,21.72,0.0,-0.9998,0.0001,-0.0002,0.0002,0.0,6.0,1.0
2026-08-24 10:05:46,2026-08-24T09:50:06,763.07,2026-08-24,C,786.0,0.0,0.01,0.0,3247.0,0.01,0.377,0.0001,0.0001,-0.0002,0.0001,0.0,12.0,512.0
2026-08-24 10:05:46,2026-08-24T09:50:06,763.07,2026-08-24,P,786.0,22.8,22.97,34.0,34.0,22.72,0.0,-0.9999,0.0001,-0.0002,0.0001,0.0,6.0,0.0
2026-08-24 10:05:46,2026-08-24T09:50:06,763.07,2026-08-24,C,787.0,0.0,0.01,0.0,3247.0,0.01,0.3917,0.0001,0.0001,-0.0001,0.0001,0.0,1.0,1566.0
2026-08-24 10:05:46,2026-08-24T09:50:06,763.07,2026-08-24,P,787.0,23.8,23.98,34.0,34.0,23.71,0.0,-0.9999,0.0001,-0.0001,0.0001,0.0,19.0,0.0
2026-08-24 10:05:46,2026-08-24T09:50:06,763.07,2026-08-24,C,788.0,0.0,0.01,0.0,2247.0,0.01,0.4063,0.0001,0.0,-0.0001,0.0001,0.0,3.0,772.0
2026-08-24 10:05:46,2026-08-24T09:50:06,763.07,2026-08-24,P,788.0,24.82,24.97,33.0,33.0,24.71,0.0,-0.9999,0.0,-0.0001,0.0001,0.0,12.0,0.0
2026-08-24 10:05:46,2026-08-24T09:50:06,763.07,2026-08-24,C,789.0,0.0,0.01,0.0,2248.0,0.01,0.4209,0.0001,0.0,-0.0001,0.0001,0.0,6.0,649.0
2026-08-24 10:05:46,2026-08-24T09:50:06,763.07,2026-08-24,P,789.0,25.8,25.97,34.0,34.0,25.72,0.0,-0.9999,0.0,-0.0001,0.0001,0.0,6.0,0.0
2026-08-24 10:05:46,2026-08-24T09:50:06,763.07,2026-08-24,C,790.0,0.0,0.01,0.0,2248.0,0.01,0.4354,0.0,0.0,-0.0001,0.0,0.0,0.0,1116.0
2026-08-24 10:05:46,2026-08-24T09:50:06,763.07,2026-08-24,P,790.0,26.73,26.97,34.0,34.0,26.72,0.0,-1.0,0.0,-0.0001,0.0,0.0,6.0,0.0
2026-08-24 10:05:46,2026-08-24T09:50:06,763.07,2026-08-24,C,791.0,0.0,0.01,0.0,2248.0,0.01,0.4498,0.0,0.0,0.0,0.0,0.0,0.0,463.0
2026-08-24 10:05:46,2026-08-24T09:50:06,763.07,2026-08-24,P,791.0,27.75,27.97,34.0,34.0,27.69,0.0,-1.0,0.0,0.0,0.0,0.0,4.0,0.0
2026-08-24 10:05:46,2026-08-24T09:50:06,763.07,2026-08-24,C,792.0,0.0,0.01,0.0,2248.0,0.01,0.4641,0.0,0.0,0.0,0.0,0.0,0.0,329.0
2026-08-24 10:05:46,2026-08-24T09:50:06,763.07,2026-08-24,P,792.0,28.75,28.97,12.0,11.0,28.7,0.0,-1.0,0.0,0.0,0.0,0.0,4.0,0.0
2026-08-24 10:05:46,2026-08-24T09:50:06,763.07,2026-08-24,C,793.0,0.0,0.01,0.0,2248.0,0.01,0.4784,0.0,0.0,0.0,0.0,0.0,150.0,759.0
2026-08-24 10:05:46,2026-08-24T09:50:06,763.07,2026-08-24,P,793.0,29.76,29.97,11.0,11.0,29.72,0.0,-1.0,0.0,0.0,0.0,0.0,8.0,0.0
2026-08-24 10:05:46,2026-08-24T09:50:06,763.07,2026-08-24,C,794.0,0.0,0.01,0.0,2248.0,0.01,0.4927,0.0,0.0,0.0,0.0,0.0,0.0,727.0
2026-08-24 10:05:46,2026-08-24T09:50:06,763.07,2026-08-24,P,794.0,30.75,30.98,11.0,11.0,30.69,0.0,-1.0,0.0,0.0,0.0,0.0,4.0,0.0
2026-08-24 10:05:46,2026-08-24T09:50:06,763.07,2026-08-24,C,795.0,0.0,0.01,0.0,2248.0,0.01,0.5069,0.0,0.0,0.0,0.0,0.0,0.0,479.0
2026-08-24 10:05:46,2026-08-24T09:50:06,763.07,2026-08-24,P,795.0,31.65,32.12,2.0,1.0,31.7,0.0,-1.0,0.0,0.0,0.0,0.0,6.0,0.0
2026-08-24 10:05:46,2026-08-24T09:50:06,763.07,2026-08-24,C,796.0,0.0,0.01,0.0,2248.0,0.01,0.521,0.0,0.0,0.0,0.0,0.0,0.0,179.0
2026-08-24 10:05:46,2026-08-24T09:50:06,763.07,2026-08-24,P,796.0,32.73,33.6,1.0,2.0,32.67,0.8393,-1.0,0.0,0.0,0.0,0.0,6.0,0.0
2026-08-24 10:05:46,2026-08-24T09:50:06,763.07,2026-08-24,C,797.0,0.0,0.01,0.0,2248.0,0.01,0.5351,0.0,0.0,0.0,0.0,0.0,0.0,122.0
2026-08-24 10:05:46,2026-08-24T09:50:06,763.07,2026-08-24,P,797.0,33.73,34.57,1.0,2.0,33.72,0.8501,-1.0,0.0,0.0,0.0,0.0,6.0,0.0
2026-08-24 10:05:46,2026-08-24T09:50:06,763.07,2026-08-24,C,798.0,0.0,0.01,0.0,2248.0,0.05,0.5491,0.0,0.0,0.0,0.0,0.0,2.0,563.0
2026-08-24 10:05:46,2026-08-24T09:50:06,763.07,2026-08-24,P,798.0,34.73,35.53,1.0,2.0,35.64,0.8566,-1.0,0.0,0.0,0.0,0.0,2.0,0.0
2026-08-24 10:05:46,2026-08-24T09:50:06,763.07,2026-08-24,C,799.0,0.0,0.01,0.0,2248.0,0.01,0.5631,0.0,0.0,0.0,0.0,0.0,0.0,448.0
2026-08-24 10:05:46,2026-08-24T09:50:06,763.07,2026-08-24,P,799.0,35.73,36.59,1.0,2.0,36.62,0.897,-1.0,0.0,0.0,0.0,0.0,2.0,0.0
2026-08-24 10:05:46,2026-08-24T09:50:06,763.07,2026-08-24,C,800.0,0.0,0.01,0.0,2248.0,0.01,0.5771,0.0,0.0,0.0,0.0,0.0,0.0,1221.0
2026-08-24 10:05:46,2026-08-24T09:50:06,763.07,2026-08-24,P,800.0,36.73,37.6,1.0,2.0,37.64,0.9204,-1.0,0.0,0.0,0.0,0.0,2.0,1.0
2026-08-24 10:05:46,2026-08-24T09:50:06,763.07,2026-08-24,C,801.0,0.0,0.01,0.0,2248.0,0.01,0.591,0.0,0.0,0.0,0.0,0.0,0.0,298.0
2026-08-24 10:05:46,2026-08-24T09:50:06,763.07,2026-08-24,P,801.0,37.73,38.6,2.0,1.0,38.62,0.9404,-1.0,0.0,0.0,0.0,0.0,2.0,0.0
2026-08-24 10:10:47,2026-08-24T09:55:06,763.36,2026-08-24,C,726.0,37.29,37.51,44.0,44.0,39.64,0.7819,0.995,0.001,-0.0231,0.0031,0.0,0.0,2.0
2026-08-24 10:10:47,2026-08-24T09:55:06,763.36,2026-08-24,P,726.0,0.0,0.01,0.0,3223.0,0.02,0.6169,-0.005,0.001,-0.0231,0.0031,0.0,0.0,49.0
2026-08-24 10:10:47,2026-08-24T09:55:06,763.36,2026-08-24,C,727.0,36.29,36.51,44.0,44.0,38.65,0.763,0.9948,0.001,-0.0232,0.0032,0.0,0.0,2.0
2026-08-24 10:10:47,2026-08-24T09:55:06,763.36,2026-08-24,P,727.0,0.0,0.01,0.0,3224.0,0.01,0.6014,-0.0052,0.001,-0.0232,0.0032,0.0,0.0,142.0
2026-08-24 10:10:47,2026-08-24T09:55:06,763.36,2026-08-24,C,728.0,35.29,35.56,44.0,44.0,34.81,0.7846,0.9947,0.0011,-0.0233,0.0033,0.0,3.0,0.0
2026-08-24 10:10:47,2026-08-24T09:55:06,763.36,2026-08-24,P,728.0,0.0,0.01,0.0,3224.0,0.01,0.5858,-0.0053,0.0011,-0.0233,0.0033,0.0,0.0,2120.0
2026-08-24 10:10:47,2026-08-24T09:55:06,763.36,2026-08-24,C,729.0,34.29,34.53,44.0,44.0,33.86,0.7648,0.9946,0.0011,-0.0234,0.0034,0.0,3.0,0.0
2026-08-24 10:10:47,2026-08-24T09:55:06,763.36,2026-08-24,P,729.0,0.0,0.01,0.0,3224.0,0.01,0.5703,-0.0054,0.0011,-0.0234,0.0034,0.0,8.0,249.0
2026-08-24 10:10:47,2026-08-24T09:55:06,763.36,2026-08-24,C,730.0,33.29,33.52,44.0,196.0,32.47,0.697,0.9944,0.0012,-0.0235,0.0034,0.0,1.0,61.0
2026-08-24 10:10:47,2026-08-24T09:55:06,763.36,2026-08-24,P,730.0,0.0,0.01,0.0,3104.0,0.02,0.5548,-0.0056,0.0012,-0.0235,0.0034,0.0,0.0,2337.0
2026-08-24 10:10:47,2026-08-24T09:55:06,763.36,2026-08-24,C,731.0,32.29,32.52,44.0,191.0,31.52,0.7319,0.9942,0.0012,-0.0236,0.0035,0.0,1.0,0.0
2026-08-24 10:10:47,2026-08-24T09:55:06,763.36,2026-08-24,P,731.0,0.0,0.01,0.0,3104.0,0.02,0.5392,-0.0058,0.0012,-0.0236,0.0035,0.0,0.0,1383.0
2026-08-24 10:10:47,2026-08-24T09:55:06,763.36,2026-08-24,C,732.0,31.29,31.52,24.0,1.0,0.0,0.6918,0.9941,0.0013,-0.0236,0.0036,0.0,0.0,0.0
2026-08-24 10:10:47,2026-08-24T09:55:06,763.36,2026-08-24,P,732.0,0.0,0.01,0.0,2678.0,0.01,0.5237,-0.0059,0.0013,-0.0236,0.0036,0.0,15.0,958.0
2026-08-24 10:10:47,2026-08-24T09:55:06,763.36,2026-08-24,C,733.0,30.29,30.54,44.0,44.0,33.82,0.6857,0.9939,0.0014,-0.0237,0.0037,0.0,0.0,1.0
2026-08-24 10:10:47,2026-08-24T09:55:06,763.36,2026-08-24,P,733.0,0.0,0.01,0.0,3153.0,0.01,0.5081,-0.0061,0.0014,-0.0237,0.0037,0.0,1.0,281.0
2026-08-24 10:10:47,2026-08-24T09:55:06,763.36,2026-08-24,C,734.0,29.29,29.52,44.0,44.0,28.29,0.6719,0.9937,0.0015,-0.0238,0.0038,0.0,1.0,0.0
2026-08-24 10:10:47,2026-08-24T09:55:06,763.36,2026-08-24,P,734.0,0.0,0.01,0.0,2542.0,0.01,0.4925,-0.0063,0.0015,-0.0238,0.0038,0.0,15.0,426.0
2026-08-24 10:10:47,2026-08-24T09:55:06,763.36,2026-08-24,C,735.0,28.29,28.53,44.0,44.0,27.34,0.6459,0.9935,0.0016,-0.0239,0.004,0.0,1.0,7.0
2026-08-24 10:10:47,2026-08-24T09:55:06,763.36,2026-08-24,P,735.0,0.0,0.01,0.0,2447.0,0.01,0.4769,-0.0065,0.0016,-0.0239,0.004,0.0,5274.0,8066.0
2026-08-24 10:10:47,2026-08-24T09:55:06,763.36,2026-08-24,C,736.0,27.3,27.54,44.0,44.0,26.3,0.6317,0.9933,0.0016,-0.024,0.0041,0.0,1.0,0.0
2026-08-24 10:10:47,2026-08-24T09:55:06,763.36,2026-08-24,P,736.0,0.0,0.01,0.0,2712.0,0.01,0.4613,-0.0067,0.0016,-0.024,0.0041,0.0,940.0,7980.0
2026-08-24 10:10:47,2026-08-24T09:55:06,763.36,2026-08-24,C,737.0,26.3,26.54,44.0,44.0,25.35,0.6058,0.9931,0.0018,-0.0241,0.0042,0.0,1.0,6.0
2026-08-24 10:10:47,2026-08-24T09:55:06,763.36,2026-08-24,P,737.0,0.0,0.01,0.0,2277.0,0.01,0.4456,-0.0069,0.0018,-0.0241,0.0042,0.0,2.0,1766.0
2026-08-24 10:10:47,2026-08-24T09:55:06,763.36,2026-08-24,C,738.0,25.3,25.54,44.0,44.0,24.53,0.5858,0.9928,0.0019,-0.0242,0.0043,0.0,2.0,4.0
2026-08-24 10:10:47,2026-08-24T09:55:06,763.36,2026-08-24,P,738.0,0.0,0.01,0.0,2175.0,0.01,0.43,-0.0072,0.0019,-0.0242,0.0043,0.0,186.0,3291.0
2026-08-24 10:10:47,2026-08-24T09:55:06,763.36,2026-08-24,C,739.0,24.3,24.54,44.0,44.0,23.58,0.571,0.9926,0.002,-0.0242,0.0045,0.0,2.0,11.0
2026-08-24 10:10:47,2026-08-24T09:55:06,763.36,2026-08-24,P,739.0,0.0,0.01,0.0,2363.0,0.01,0.4143,-0.0074,0.002,-0.0242,0.0045,0.0,2818.0,756.0
2026-08-24 10:10:47,2026-08-24T09:55:06,763.36,2026-08-24,C,740.0,23.3,23.54,44.0,229.0,23.16,0.5399,0.9923,0.0022,-0.0243,0.0046,0.0,4.0,13.0
2026-08-24 10:10:47,2026-08-24T09:55:06,763.36,2026-08-24,P,740.0,0.01,0.02,2051.0,3425.0,0.01,0.4448,-0.0077,0.0022,-0.0243,0.0046,0.0,915.0,1476.0
2026-08-24 10:10:47,2026-08-24T09:55:06,763.36,2026-08-24,C,741.0,22.3,22.52,100.0,24.0,21.91,0.5198,0.992,0.0023,-0.0244,0.0048,0.0,5.0,2.0
2026-08-24 10:10:47,2026-08-24T09:55:06,763.36,2026-08-24,P,741.0,0.01,0.02,2075.0,3408.0,0.01,0.4276,-0.008,0.0023,-0.0244,0.0048,0.0,542.0,1692.0
2026-08-24 10:10:47,2026-08-24T09:55:06,763.36,2026-08-24,C,742.0,21.3,21.52,44.0,229.0,20.94,0.5145,0.9917,0.0025,-0.0245,0.005,0.0,3.0,13.0
2026-08-24 10:10:47,2026-08-24T09:55:06,763.36,2026-08-24,P,742.0,0.01,0.02,2076.0,3387.0,0.01,0.4103,-0.0083,0.0025,-0.0245,0.005,0.0,198.0,744.0
2026-08-24 10:10:47,2026-08-24T09:55:06,763.36,2026-08-24,C,743.0,20.3,20.52,100.0,159.0,19.99,0.4982,0.9914,0.0027,-0.0246,0.0052,0.0,3.0,12.0
2026-08-24 10:10:47,2026-08-24T09:55:06,763.36,2026-08-24,P,743.0,0.01,0.02,3178.0,3092.0,0.02,0.3929,-0.0086,0.0027,-0.0246,0.0052,0.0,12.0,624.0
2026-08-24 10:10:47,2026-08-24T09:55:06,763.36,2026-08-24,C,744.0,19.3,19.52,100.0,159.0,18.78,0.4773,0.991,0.0029,-0.0247,0.0054,0.0,7.0,6.0
2026-08-24 10:10:47,2026-08-24T09:55:06,763.36,2026-08-24,P,744.0,0.01,0.02,3175.0,3169.0,0.02,0.3755,-0.009,0.0029,-0.0247,0.0054,0.0,33.0,1252.0
2026-08-24 10:10:47,2026-08-24T09:55:06,763.36,2026-08-24,C,745.0,18.31,18.52,100.0,1.0,17.84,0.4562,0.9906,0.0032,-0.0248,0.0056,0.0,26.0,72.0
2026-08-24 10:10:47,2026-08-24T09:55:06,763.36,2026-08-24,P,745.0,0.01,0.02,2960.0,3185.0,0.01,0.3581,-0.0094,0.0032,-0.0248,0.0056,0.0,103.0,1460.0
2026-08-24 10:10:47,2026-08-24T09:55:06,763.36,2026-08-24,C,746.0,17.31,17.55,100.0,100.0,17.8,0.431,0.9901,0.0035,-0.0249,0.0059,0.0,14.0,11.0
2026-08-24 10:10:47,2026-08-24T09:55:06,763.36,2026-08-24,P,746.0,0.01,0.02,2872.0,2930.0,0.01,0.3406,-0.0099,0.0035,-0.0249,0.0059,0.0,245.0,497.0
2026-08-24 10:10:47,2026-08-24T09:55:06,763.36,2026-08-24,C,747.0,16.31,16.55,100.0,100.0,19.18,0.4138,0.9896,0.0038,-0.0251,0.0062,0.0,0.0,24.0
2026-08-24 10:10:47,2026-08-24T09:55:06,763.36,2026-08-24,P,747.0,0.01,0.02,2889.0,2958.0,0.02,0.323,-0.0104,0.0038,-0.0251,0.0062,0.0,45.0,1909.0
2026-08-24 10:10:47,2026-08-24T09:55:06,763.36,2026-08-24,C,748.0,15.31,15.53,100.0,100.0,17.92,0.3808,0.989,0.0043,-0.0252,0.0065,0.0,0.0,24.0
2026-08-24 10:10:47,2026-08-24T09:55:06,763.36,2026-08-24,P,748.0,0.01,0.02,3036.0,3118.0,0.01,0.3053,-0.011,0.0043,-0.0252,0.0065,0.0,1198.0,1955.0
2026-08-24 10:10:47,2026-08-24T09:55:06,763.36,2026-08-24,C,749.0,14.31,14.53,100.0,100.0,14.03,0.3743,0.9883,0.0048,-0.0255,0.0069,0.0,7.0,78.0
2026-08-24 10:10:47,2026-08-24T09:55:06,763.36,2026-08-24,P,749.0,0.02,0.03,1394.0,4608.0,0.02,0.3064,-0.0117,0.0048,-0.0255,0.0069,0.0,3338.0,2418.0
2026-08-24 10:10:47,2026-08-24T09:55:06,763.36,2026-08-24,C,750.0,13.31,13.53,100.0,100.0,13.5,0.3525,0.9874,0.0054,-0.0259,0.0073,0.0,41.0,79.0
2026-08-24 10:10:47,2026-08-24T09:55:06,763.36,2026-08-24,P,750.0,0.02,0.03,3162.0,4008.0,0.03,0.2877,-0.0126,0.0054,-0.0259,0.0073,0.0,780.0,10698.0
2026-08-24 10:10:47,2026-08-24T09:55:06,763.36,2026-08-24,C,751.0,12.31,12.55,100.0,100.0,12.25,0.3335,0.9864,0.0061,-0.0266,0.0079,0.0,5.0,59.0
2026-08-24 10:10:47,2026-08-24T09:55:06,763.36,2026-08-24,P,751.0,0.02,0.03,3401.0,3617.0,0.03,0.2688,-0.0136,0.0061,-0.0266,0.0079,0.0,240.0,1189.0
2026-08-24 10:10:47,2026-08-24T09:55:06,763.36,2026-08-24,C,752.0,11.32,11.56,100.0,100.0,10.3,0.3112,0.985,0.0072,-0.0278,0.0086,0.0,7.0,59.0
2026-08-24 10:10:47,2026-08-24T09:55:06,763.36,2026-08-24,P,752.0,0.02,0.03,3603.0,2962.0,0.03,0.2498,-0.015,0.0072,-0.0278,0.0086,0.0,1507.0,1738.0
2026-08-24 10:10:47,2026-08-24T09:55:06,763.36,2026-08-24,C,753.0,10.32,10.54,100.0,159.0,13.65,0.2939,0.9829,0.0086,-0.0301,0.0097,0.0,0.0,105.0
2026-08-24 10:10:47,2026-08-24T09:55:06,763.36,2026-08-24,P,753.0,0.03,0.04,1944.0,3773.0,0.04,0.242,-0.0171,0.0086,-0.0301,0.0097,0.0,5194.0,3707.0
2026-08-24 10:10:47,2026-08-24T09:55:06,763.36,2026-08-24,C,754.0,9.33,9.56,100.0,113.0,9.45,0.2455,0.9796,0.0106,-0.0343,0.0112,0.0,163.0,90.0
2026-08-24 10:10:47,2026-08-24T09:55:06,763.36,2026-08-24,P,754.0,0.04,0.05,1124.0,4418.0,0.04,0.2309,-0.0204,0.0106,-0.0343,0.0112,0.0,993.0,3882.0
2026-08-24 10:10:47,2026-08-24T09:55:06,763.36,2026-08-24,C,755.0,8.34,8.56,100.0,112.0,8.1,0.2473,0.9743,0.0138,-0.0419,0.0136,0.0,67.0,182.0
2026-08-24 10:10:47,2026-08-24T09:55:06,763.36,2026-08-24,P,755.0,0.05,0.06,377.0,4852.0,0.05,0.2172,-0.0257,0.0138,-0.0419,0.0136,0.0,4309.0,7567.0
2026-08-24 10:10:47,2026-08-24T09:55:06,763.36,2026-08-24,C,756.0,7.35,7.47,100.0,48.0,7.43,0.2336,0.9656,0.0186,-0.0552,0.0173,0.0,55.0,111.0
2026-08-24 10:10:47,2026-08-24T09:55:06,763.36,2026-08-24,P,756.0,0.06,0.07,2295.0,4332.0,0.07,0.2015,-0.0344,0.0186,-0.0552,0.0173,0.0,14092.0,7665.0
2026-08-24 10:10:47,2026-08-24T09:55:06,763.36,2026-08-24,C,757.0,6.39,6.58,64.0,100.0,6.57,0.2104,0.9516,0.0259,-0.0778,0.0226,0.0,406.0,186.0
2026-08-24 10:10:47,2026-08-24T09:55:06,763.36,2026-08-24,P,757.0,0.07,0.08,3692.0,47.0,0.08,0.184,-0.0484,0.0259,-0.0778,0.0226,0.0,24494.0,4394.0
2026-08-24 10:10:47,2026-08-24T09:55:06,763.36,2026-08-24,C,758.0,5.45,5.48,35.0,50.0,5.46,0.1968,0.9297,0.0366,-0.1144,0.0299,0.0,245.0,149.0
2026-08-24 10:10:47,2026-08-24T09:55:06,763.36,2026-08-24,P,758.0,0.11,0.12,1357.0,2017.0,0.11,0.1763,-0.0703,0.0366,-0.1144,0.0299,0.0,15358.0,3941.0
2026-08-24 10:10:47,2026-08-24T09:55:06,763.36,2026-08-24,C,759.0,4.49,4.52,37.0,24.0,4.64,0.168,0.8969,0.0513,-0.1718,0.0393,0.0,790.0,194.0
2026-08-24 10:10:47,2026-08-24T09:55:06,763.36,2026-08-24,P,759.0,0.17,0.18,914.0,2270.0,0.17,0.1653,-0.1031,0.0513,-0.1718,0.0393,0.0,18641.0,3264.0
2026-08-24 10:10:47,2026-08-24T09:55:06,763.36,2026-08-24,C,760.0,3.59,3.62,72.0,25.0,3.62,0.1582,0.8487,0.0708,-0.2607,0.0507,0.0,1639.0,370.0
2026-08-24 10:10:47,2026-08-24T09:55:06,763.36,2026-08-24,P,760.0,0.26,0.27,798.0,1769.0,0.26,0.1572,-0.1513,0.0708,-0.2607,0.0507,0.0,45299.0,10050.0
2026-08-24 10:10:47,2026-08-24T09:55:06,763.36,2026-08-24,C,761.0,2.74,2.77,42.0,105.0,2.74,0.15,0.779,0.0947,-0.3989,0.0633,0.0,2757.0,318.0
2026-08-24 10:10:47,2026-08-24T09:55:06,763.36,2026-08-24,P,761.0,0.4,0.41,539.0,830.0,0.41,0.1492,-0.221,0.0947,-0.3989,0.0633,0.0,44531.0,4492.0
2026-08-24 10:10:47,2026-08-24T09:55:06,763.36,2026-08-24,C,762.0,1.96,1.99,112.0,100.0,1.97,0.1428,0.6822,0.1201,-0.6132,0.0752,0.0,15512.0,936.0
2026-08-24 10:10:47,2026-08-24T09:55:06,763.36,2026-08-24,P,762.0,0.63,0.64,18.0,424.0,0.63,0.1422,-0.3178,0.1201,-0.6132,0.0752,0.0,78564.0,3574.0
2026-08-24 10:10:47,2026-08-24T09:55:06,763.36,2026-08-24,C,763.0,1.31,1.32,26.0,169.0,1.32,0.137,0.5571,0.14,-0.937,0.0827,0.0,36964.0,1198.0
2026-08-24 10:10:47,2026-08-24T09:55:06,763.36,2026-08-24,P,763.0,0.96,0.97,56.0,336.0,0.97,0.1346,-0.4429,0.14,-0.937,0.0827,0.0,111867.0,6044.0
2026-08-24 10:10:47,2026-08-24T09:55:06,763.36,2026-08-24,C,764.0,0.78,0.79,412.0,42.0,0.8,0.1303,0.4127,0.1444,-0.8034,0.0816,0.0,70165.0,1820.0
2026-08-24 10:10:47,2026-08-24T09:55:06,763.36,2026-08-24,P,764.0,1.44,1.46,176.0,280.0,1.43,0.1291,-0.5873,0.1444,-0.8034,0.0816,0.0,38668.0,6864.0
2026-08-24 10:10:47,2026-08-24T09:55:06,763.36,2026-08-24,C,765.0,0.42,0.43,802.0,555.0,0.43,0.1266,0.2709,0.1268,-0.433,0.0703,0.0,54269.0,6424.0
2026-08-24 10:10:47,2026-08-24T09:55:06,763.36,2026-08-24,P,765.0,2.07,2.1,43.0,200.0,2.07,0.1252,-0.7291,0.1268,-0.433,0.0703,0.0,16518.0,19244.0
2026-08-24 10:10:47,2026-08-24T09:55:06,763.36,2026-08-24,C,766.0,0.21,0.22,10.0,2305.0,0.22,0.1238,0.1589,0.0934,-0.2161,0.0527,0.0,34882.0,8787.0
2026-08-24 10:10:47,2026-08-24T09:55:06,763.36,2026-08-24,P,766.0,2.84,2.86,20.0,118.0,2.75,0.1228,-0.8411,0.0934,-0.2161,0.0527,0.0,5335.0,11396.0
2026-08-24 10:10:47,2026-08-24T09:55:06,763.36,2026-08-24,C,767.0,0.1,0.11,1038.0,2856.0,0.1,0.126,0.0894,0.0606,-0.11,0.0362,0.0,23975.0,5623.0
2026-08-24 10:10:47,2026-08-24T09:55:06,763.36,2026-08-24,P,767.0,3.75,3.78,52.0,36.0,3.76,0.1229,-0.9106,0.0606,-0.11,0.0362,0.0,2010.0,4337.0
2026-08-24 10:10:47,2026-08-24T09:55:06,763.36,2026-08-24,C,768.0,0.05,0.06,2768.0,3041.0,0.05,0.1318,0.053,0.0381,-0.063,0.0248,0.0,14784.0,6707.0
2026-08-24 10:10:47,2026-08-24T09:55:06,763.36,2026-08-24,P,768.0,4.55,4.74,104.0,13.0,4.69,0.1102,-0.947,0.0381,-0.063,0.0248,0.0,468.0,2423.0
2026-08-24 10:10:47,2026-08-24T09:55:06,763.36,2026-08-24,C,769.0,0.03,0.04,2621.0,2844.0,0.04,0.1423,0.0341,0.0248,-0.0408,0.0176,0.0,8884.0,4943.0
2026-08-24 10:10:47,2026-08-24T09:55:06,763.36,2026-08-24,P,769.0,5.5,5.74,100.0,100.0,5.85,0.0,-0.9659,0.0248,-0.0408,0.0176,0.0,229.0,3299.0
2026-08-24 10:10:47,2026-08-24T09:55:06,763.36,2026-08-24,C,770.0,0.02,0.03,3371.0,3797.0,0.03,0.1546,0.0231,0.0166,-0.028,0.0129,0.0,11414.0,11088.0
2026-08-24 10:10:47,2026-08-24T09:55:06,763.36,2026-08-24,P,770.0,6.52,6.73,189.0,163.0,6.46,0.0,-0.9769,0.0166,-0.028,0.0129,0.0,417.0,3062.0
2026-08-24 10:10:47,2026-08-24T09:55:06,763.36,2026-08-24,C,771.0,0.02,0.03,485.0,4857.0,0.02,0.1742,0.016,0.0114,-0.0197,0.0095,0.0,2351.0,4378.0
2026-08-24 10:10:47,2026-08-24T09:55:06,763.36,2026-08-24,P,771.0,7.62,7.72,1.0,79.0,8.0,0.0,-0.984,0.0114,-0.0197,0.0095,0.0,141.0,1479.0
2026-08-24 10:10:47,2026-08-24T09:55:06,763.36,2026-08-24,C,772.0,0.01,0.02,3525.0,3844.0,0.01,0.1804,0.0112,0.0078,-0.014,0.007,0.0,7199.0,17015.0
2026-08-24 10:10:47,2026-08-24T09:55:06,763.36,2026-08-24,P,772.0,8.49,8.72,100.0,90.0,8.96,0.0,-0.9888,0.0078,-0.014,0.007,0.0,103.0,1353.0
2026-08-24 10:10:47,2026-08-24T09:55:06,763.36,2026-08-24,C,773.0,0.01,0.02,2752.0,3261.0,0.01,0.1984,0.0079,0.0055,-0.01,0.0052,0.0,2213.0,6476.0
2026-08-24 10:10:47,2026-08-24T09:55:06,763.36,2026-08-24,P,773.0,9.48,9.72,158.0,49.0,9.71,0.0,-0.9921,0.0055,-0.01,0.0052,0.0,76.0,348.0
2026-08-24 10:10:47,2026-08-24T09:55:06,763.36,2026-08-24,C,774.0,0.01,0.02,2086.0,3423.0,0.02,0.2162,0.0056,0.0038,-0.0071,0.0038,0.0,740.0,3840.0
2026-08-24 10:10:47,2026-08-24T09:55:06,763.36,2026-08-24,P,774.0,10.48,10.72,212.0,100.0,10.86,0.0,-0.9944,0.0038,-0.0071,0.0038,0.0,67.0,46.0
2026-08-24 10:10:47,2026-08-24T09:55:06,763.36,2026-08-24,C,775.0,0.01,0.02,800.0,3618.0,0.01,0.2338,0.004,0.0027,-0.0051,0.0028,0.0,1554.0,5611.0
2026-08-24 10:10:47,2026-08-24T09:55:06,763.36,2026-08-24,P,775.0,11.48,11.72,212.0,44.0,11.85,0.0,-0.996,0.0027,-0.0051,0.0028,0.0,48.0,13.0
2026-08-24 10:10:47,2026-08-24T09:55:06,763.36,2026-08-24,C,776.0,0.0,0.01,0.0,3298.0,0.01,0.2224,0.0028,0.0019,-0.0037,0.0021,0.0,2069.0,6136.0
2026-08-24 10:10:47,2026-08-24T09:55:06,763.36,2026-08-24,P,776.0,12.48,12.72,222.0,44.0,12.66,0.0,-0.9972,0.0019,-0.0037,0.0021,0.0,66.0,28.0
2026-08-24 10:10:47,2026-08-24T09:55:06,763.36,2026-08-24,C,777.0,0.0,0.01,0.0,3297.0,0.01,0.2381,0.002,0.0014,-0.0026,0.0016,0.0,3007.0,3531.0
2026-08-24 10:10:47,2026-08-24T09:55:06,763.36,2026-08-24,P,777.0,13.47,13.72,100.0,100.0,14.13,0.0,-0.998,0.0014,-0.0026,0.0016,0.0,38.0,30.0
2026-08-24 10:10:47,2026-08-24T09:55:06,763.36,2026-08-24,C,778.0,0.0,0.01,0.0,3297.0,0.01,0.2536,0.0015,0.001,-0.0019,0.0012,0.0,86.0,1814.0
2026-08-24 10:10:47,2026-08-24T09:55:06,763.36,2026-08-24,P,778.0,14.48,14.72,100.0,100.0,14.97,0.0,-0.9985,0.001,-0.0019,0.0012,0.0,27.0,6.0
2026-08-24 10:10:47,2026-08-24T09:55:06,763.36,2026-08-24,C,779.0,0.0,0.01,0.0,3185.0,0.01,0.2691,0.0011,0.0007,-0.0014,0.0009,0.0,12.0,1475.0
2026-08-24 10:10:47,2026-08-24T09:55:06,763.36,2026-08-24,P,779.0,15.48,15.71,100.0,47.0,15.48,0.0,-0.9989,0.0007,-0.0014,0.0009,0.0,44.0,27.0
2026-08-24 10:10:47,2026-08-24T09:55:06,763.36,2026-08-24,C,780.0,0.0,0.01,0.0,3180.0,0.01,0.2844,0.0008,0.0005,-0.001,0.0006,0.0,39.0,7079.0
2026-08-24 10:10:47,2026-08-24T09:55:06,763.36,2026-08-24,P,780.0,16.48,16.71,204.0,44.0,16.7,0.0,-0.9992,0.0005,-0.001,0.0006,0.0,21.0,1.0
2026-08-24 10:10:47,2026-08-24T09:55:06,763.36,2026-08-24,C,781.0,0.0,0.01,0.0,3177.0,0.01,0.2997,0.0006,0.0004,-0.0008,0.0005,0.0,40.0,2996.0
2026-08-24 10:10:47,2026-08-24T09:55:06,763.36,2026-08-24,P,781.0,17.47,17.72,100.0,44.0,17.72,0.0,-0.9994,0.0004,-0.0008,0.0005,0.0,6.0,0.0
2026-08-24 10:10:47,2026-08-24T09:55:06,763.36,2026-08-24,C,782.0,0.0,0.01,0.0,3177.0,0.01,0.3148,0.0004,0.0003,-0.0006,0.0004,0.0,2.0,1792.0
2026-08-24 10:10:47,2026-08-24T09:55:06,763.36,2026-08-24,P,782.0,18.47,18.72,100.0,24.0,18.9,0.0,-0.9996,0.0003,-0.0006,0.0004,0.0,15.0,1.0
2026-08-24 10:10:47,2026-08-24T09:55:06,763.36,2026-08-24,C,783.0,0.0,0.01,0.0,3177.0,0.01,0.3299,0.0003,0.0002,-0.0004,0.0003,0.0,12.0,751.0
2026-08-24 10:10:47,2026-08-24T09:55:06,763.36,2026-08-24,P,783.0,19.5,19.71,179.0,44.0,19.72,0.0,-0.9997,0.0002,-0.0004,0.0003,0.0,96.0,0.0
2026-08-24 10:10:47,2026-08-24T09:55:06,763.36,2026-08-24,C,784.0,0.0,0.01,0.0,3298.0,0.01,0.3449,0.0002,0.0001,-0.0003,0.0002,0.0,2.0,807.0
2026-08-24 10:10:47,2026-08-24T09:55:06,763.36,2026-08-24,P,784.0,20.47,20.71,100.0,100.0,20.87,0.0,-0.9998,0.0001,-0.0003,0.0002,0.0,49.0,1.0
2026-08-24 10:10:47,2026-08-24T09:55:06,763.36,2026-08-24,C,785.0,0.0,0.01,0.0,3247.0,0.01,0.3598,0.0002,0.0001,-0.0002,0.0002,0.0,164.0,1778.0
2026-08-24 10:10:47,2026-08-24T09:55:06,763.36,2026-08-24,P,785.0,21.46,21.71,216.0,44.0,21.72,0.0,-0.9998,0.0001,-0.0002,0.0002,0.0,6.0,1.0
2026-08-24 10:10:47,2026-08-24T09:55:06,763.36,2026-08-24,C,786.0,0.0,0.01,0.0,3247.0,0.01,0.3747,0.0001,0.0001,-0.0002,0.0001,0.0,12.0,512.0
2026-08-24 10:10:47,2026-08-24T09:55:06,763.36,2026-08-24,P,786.0,22.47,22.72,100.0,44.0,22.72,0.0,-0.9999,0.0001,-0.0002,0.0001,0.0,6.0,0.0
2026-08-24 10:10:47,2026-08-24T09:55:06,763.36,2026-08-24,C,787.0,0.0,0.01,0.0,2247.0,0.01,0.3895,0.0001,0.0001,-0.0001,0.0001,0.0,1.0,1566.0
2026-08-24 10:10:47,2026-08-24T09:55:06,763.36,2026-08-24,P,787.0,23.49,23.72,1.0,44.0,23.71,0.0,-0.9999,0.0001,-0.0001,0.0001,0.0,19.0,0.0
2026-08-24 10:10:47,2026-08-24T09:55:06,763.36,2026-08-24,C,788.0,0.0,0.01,0.0,2247.0,0.01,0.4042,0.0001,0.0,-0.0001,0.0001,0.0,3.0,772.0
2026-08-24 10:10:47,2026-08-24T09:55:06,763.36,2026-08-24,P,788.0,24.49,24.72,1.0,44.0,24.71,0.0,-0.9999,0.0,-0.0001,0.0001,0.0,12.0,0.0
2026-08-24 10:10:47,2026-08-24T09:55:06,763.36,2026-08-24,C,789.0,0.0,0.01,0.0,2248.0,0.01,0.4188,0.0001,0.0,-0.0001,0.0,0.0,6.0,649.0
2026-08-24 10:10:47,2026-08-24T09:55:06,763.36,2026-08-24,P,789.0,25.46,25.72,15.0,14.0,25.72,0.0,-0.9999,0.0,-0.0001,0.0,0.0,6.0,0.0
2026-08-24 10:10:47,2026-08-24T09:55:06,763.36,2026-08-24,C,790.0,0.0,0.01,0.0,2248.0,0.01,0.4334,0.0,0.0,0.0,0.0,0.0,0.0,1116.0
2026-08-24 10:10:47,2026-08-24T09:55:06,763.36,2026-08-24,P,790.0,26.5,26.72,44.0,44.0,26.72,0.0,-1.0,0.0,0.0,0.0,0.0,6.0,0.0
2026-08-24 10:10:47,2026-08-24T09:55:06,763.36,2026-08-24,C,791.0,0.0,0.01,0.0,2248.0,0.01,0.4479,0.0,0.0,0.0,0.0,0.0,0.0,463.0
2026-08-24 10:10:47,2026-08-24T09:55:06,763.36,2026-08-24,P,791.0,27.5,27.72,44.0,44.0,27.69,0.0,-1.0,0.0,0.0,0.0,0.0,4.0,0.0
2026-08-24 10:10:47,2026-08-24T09:55:06,763.36,2026-08-24,C,792.0,0.0,0.01,0.0,2248.0,0.01,0.4624,0.0,0.0,0.0,0.0,0.0,0.0,329.0
2026-08-24 10:10:47,2026-08-24T09:55:06,763.36,2026-08-24,P,792.0,28.5,28.72,16.0,14.0,28.7,0.0,-1.0,0.0,0.0,0.0,0.0,4.0,0.0
2026-08-24 10:10:47,2026-08-24T09:55:06,763.36,2026-08-24,C,793.0,0.0,0.01,0.0,2248.0,0.01,0.4768,0.0,0.0,0.0,0.0,0.0,150.0,759.0
2026-08-24 10:10:47,2026-08-24T09:55:06,763.36,2026-08-24,P,793.0,29.5,29.72,14.0,14.0,29.89,0.0,-1.0,0.0,0.0,0.0,0.0,10.0,0.0
2026-08-24 10:10:47,2026-08-24T09:55:06,763.36,2026-08-24,C,794.0,0.0,0.01,0.0,2248.0,0.01,0.4911,0.0,0.0,0.0,0.0,0.0,0.0,727.0
2026-08-24 10:10:47,2026-08-24T09:55:06,763.36,2026-08-24,P,794.0,30.5,30.79,14.0,14.0,30.69,0.0,-1.0,0.0,0.0,0.0,0.0,4.0,0.0
2026-08-24 10:10:47,2026-08-24T09:55:06,763.36,2026-08-24,C,795.0,0.0,0.01,0.0,2248.0,0.01,0.5054,0.0,0.0,0.0,0.0,0.0,0.0,479.0
2026-08-24 10:10:47,2026-08-24T09:55:06,763.36,2026-08-24,P,795.0,31.49,31.83,1.0,1.0,31.7,0.0,-1.0,0.0,0.0,0.0,0.0,6.0,0.0
2026-08-24 10:10:47,2026-08-24T09:55:06,763.36,2026-08-24,C,796.0,0.0,0.01,0.0,2248.0,0.01,0.5197,0.0,0.0,0.0,0.0,0.0,0.0,179.0
2026-08-24 10:10:47,2026-08-24T09:55:06,763.36,2026-08-24,P,796.0,32.47,32.83,1.0,1.0,32.67,0.0,-1.0,0.0,0.0,0.0,0.0,6.0,0.0
2026-08-24 10:10:47,2026-08-24T09:55:06,763.36,2026-08-24,C,797.0,0.0,0.01,0.0,2248.0,0.01,0.5339,0.0,0.0,0.0,0.0,0.0,0.0,122.0
2026-08-24 10:10:47,2026-08-24T09:55:06,763.36,2026-08-24,P,797.0,33.19,34.41,1.0,2.0,33.72,0.762,-1.0,0.0,0.0,0.0,0.0,6.0,0.0
2026-08-24 10:10:47,2026-08-24T09:55:06,763.36,2026-08-24,C,798.0,0.0,0.01,0.0,2248.0,0.05,0.548,0.0,0.0,0.0,0.0,0.0,2.0,563.0
2026-08-24 10:10:47,2026-08-24T09:55:06,763.36,2026-08-24,P,798.0,34.02,34.83,1.0,1.0,35.64,0.0,-1.0,0.0,0.0,0.0,0.0,2.0,0.0
2026-08-24 10:10:47,2026-08-24T09:55:06,763.36,2026-08-24,C,799.0,0.0,0.01,0.0,2248.0,0.01,0.5621,0.0,0.0,0.0,0.0,0.0,0.0,448.0
2026-08-24 10:10:47,2026-08-24T09:55:06,763.36,2026-08-24,P,799.0,35.49,35.83,2.0,1.0,36.62,0.0,-1.0,0.0,0.0,0.0,0.0,2.0,0.0
2026-08-24 10:10:47,2026-08-24T09:55:06,763.36,2026-08-24,C,800.0,0.0,0.01,0.0,2248.0,0.01,0.5761,0.0,0.0,0.0,0.0,0.0,0.0,1221.0
2026-08-24 10:10:47,2026-08-24T09:55:06,763.36,2026-08-24,P,800.0,36.49,36.83,1.0,2.0,37.64,0.0,-1.0,0.0,0.0,0.0,0.0,2.0,1.0
2026-08-24 10:10:47,2026-08-24T09:55:06,763.36,2026-08-24,C,801.0,0.0,0.01,0.0,2248.0,0.01,0.5901,0.0,0.0,0.0,0.0,0.0,0.0,298.0
2026-08-24 10:10:47,2026-08-24T09:55:06,763.36,2026-08-24,P,801.0,37.49,38.55,1.0,1.0,38.62,0.0,-1.0,0.0,0.0,0.0,0.0,2.0,0.0
2026-08-24 10:15:48,2026-08-24T10:00:07,763.41,2026-08-24,C,726.0,37.3,37.57,22.0,22.0,39.64,0.6886,0.9951,0.001,-0.0224,0.003,0.0,0.0,2.0
2026-08-24 10:15:48,2026-08-24T10:00:07,763.41,2026-08-24,P,726.0,0.0,0.01,0.0,3223.0,0.02,0.6211,-0.0049,0.001,-0.0224,0.003,0.0,0.0,49.0
2026-08-24 10:15:48,2026-08-24T10:00:07,763.41,2026-08-24,C,727.0,36.33,36.59,22.0,22.0,38.65,0.7479,0.995,0.001,-0.0225,0.0031,0.0,0.0,2.0
2026-08-24 10:15:48,2026-08-24T10:00:07,763.41,2026-08-24,P,727.0,0.0,0.01,0.0,3224.0,0.01,0.6055,-0.005,0.001,-0.0225,0.0031,0.0,0.0,142.0
2026-08-24 10:15:48,2026-08-24T10:00:07,763.41,2026-08-24,C,728.0,35.31,35.53,22.0,22.0,34.81,0.4604,0.9948,0.001,-0.0226,0.0032,0.0,3.0,0.0
2026-08-24 10:15:48,2026-08-24T10:00:07,763.41,2026-08-24,P,728.0,0.0,0.01,0.0,3224.0,0.01,0.5899,-0.0052,0.001,-0.0226,0.0032,0.0,0.0,2120.0
2026-08-24 10:15:48,2026-08-24T10:00:07,763.41,2026-08-24,C,729.0,34.31,34.54,22.0,22.0,33.86,0.5756,0.9947,0.0011,-0.0227,0.0033,0.0,3.0,0.0
2026-08-24 10:15:48,2026-08-24T10:00:07,763.41,2026-08-24,P,729.0,0.0,0.01,0.0,3224.0,0.01,0.5742,-0.0053,0.0011,-0.0227,0.0033,0.0,8.0,249.0
2026-08-24 10:15:48,2026-08-24T10:00:07,763.41,2026-08-24,C,730.0,33.31,33.54,22.0,22.0,32.47,0.56,0.9946,0.0012,-0.0228,0.0034,0.0,1.0,61.0
2026-08-24 10:15:48,2026-08-24T10:00:07,763.41,2026-08-24,P,730.0,0.0,0.01,0.0,3104.0,0.02,0.5586,-0.0054,0.0012,-0.0228,0.0034,0.0,0.0,2337.0
2026-08-24 10:15:48,2026-08-24T10:00:07,763.41,2026-08-24,C,731.0,32.31,32.54,22.0,22.0,31.52,0.5443,0.9944,0.0012,-0.0228,0.0034,0.0,1.0,0.0
2026-08-24 10:15:48,2026-08-24T10:00:07,763.41,2026-08-24,P,731.0,0.0,0.01,0.0,3104.0,0.02,0.543,-0.0056,0.0012,-0.0228,0.0034,0.0,0.0,1383.0
2026-08-24 10:15:48,2026-08-24T10:00:07,763.41,2026-08-24,C,732.0,31.31,31.54,22.0,22.0,0.0,0.5286,0.9942,0.0013,-0.0229,0.0035,0.0,0.0,0.0
2026-08-24 10:15:48,2026-08-24T10:00:07,763.41,2026-08-24,P,732.0,0.0,0.01,0.0,3104.0,0.01,0.5273,-0.0058,0.0013,-0.0229,0.0035,0.0,15.0,958.0
2026-08-24 10:15:48,2026-08-24T10:00:07,763.41,2026-08-24,C,733.0,30.32,30.55,42.0,41.0,33.82,0.5465,0.9941,0.0014,-0.023,0.0036,0.0,0.0,1.0
2026-08-24 10:15:48,2026-08-24T10:00:07,763.41,2026-08-24,P,733.0,0.0,0.01,0.0,3103.0,0.01,0.5117,-0.0059,0.0014,-0.023,0.0036,0.0,1.0,281.0
2026-08-24 10:15:48,2026-08-24T10:00:07,763.41,2026-08-24,C,734.0,29.31,29.58,22.0,22.0,28.29,0.5836,0.9939,0.0014,-0.0231,0.0037,0.0,1.0,0.0
2026-08-24 10:15:48,2026-08-24T10:00:07,763.41,2026-08-24,P,734.0,0.0,0.01,0.0,3154.0,0.01,0.496,-0.0061,0.0014,-0.0231,0.0037,0.0,15.0,426.0
2026-08-24 10:15:48,2026-08-24T10:00:07,763.41,2026-08-24,C,735.0,28.31,28.54,22.0,22.0,28.28,0.4815,0.9937,0.0015,-0.0232,0.0038,0.0,2.0,7.0
2026-08-24 10:15:48,2026-08-24T10:00:07,763.41,2026-08-24,P,735.0,0.0,0.01,0.0,3154.0,0.01,0.4802,-0.0063,0.0015,-0.0232,0.0038,0.0,5274.0,8066.0
2026-08-24 10:15:48,2026-08-24T10:00:07,763.41,2026-08-24,C,736.0,27.31,27.54,22.0,22.0,26.3,0.4657,0.9935,0.0016,-0.0233,0.004,0.0,1.0,0.0
2026-08-24 10:15:48,2026-08-24T10:00:07,763.41,2026-08-24,P,736.0,0.0,0.01,0.0,3154.0,0.01,0.4645,-0.0065,0.0016,-0.0233,0.004,0.0,940.0,7980.0
2026-08-24 10:15:48,2026-08-24T10:00:07,763.41,2026-08-24,C,737.0,26.34,26.54,22.0,22.0,25.35,0.5163,0.9933,0.0017,-0.0234,0.0041,0.0,1.0,6.0
2026-08-24 10:15:48,2026-08-24T10:00:07,763.41,2026-08-24,P,737.0,0.0,0.01,0.0,3153.0,0.01,0.4488,-0.0067,0.0017,-0.0234,0.0041,0.0,2.0,1766.0
2026-08-24 10:15:48,2026-08-24T10:00:07,763.41,2026-08-24,C,738.0,25.34,25.54,22.0,22.0,25.56,0.4986,0.993,0.0018,-0.0234,0.0042,0.0,3.0,4.0
2026-08-24 10:15:48,2026-08-24T10:00:07,763.41,2026-08-24,P,738.0,0.0,0.01,0.0,3183.0,0.01,0.433,-0.007,0.0018,-0.0234,0.0042,0.0,186.0,3291.0
2026-08-24 10:15:48,2026-08-24T10:00:07,763.41,2026-08-24,C,739.0,24.31,24.54,22.0,22.0,23.58,0.4183,0.9928,0.002,-0.0235,0.0044,0.0,2.0,11.0
2026-08-24 10:15:48,2026-08-24T10:00:07,763.41,2026-08-24,P,739.0,0.0,0.01,0.0,3475.0,0.01,0.4172,-0.0072,0.002,-0.0235,0.0044,0.0,2904.0,756.0
2026-08-24 10:15:48,2026-08-24T10:00:07,763.41,2026-08-24,C,740.0,23.31,23.54,22.0,22.0,23.16,0.4024,0.9925,0.0021,-0.0236,0.0045,0.0,4.0,13.0
2026-08-24 10:15:48,2026-08-24T10:00:07,763.41,2026-08-24,P,740.0,0.01,0.02,2051.0,3334.0,0.02,0.448,-0.0075,0.0021,-0.0236,0.0045,0.0,1201.0,1476.0
2026-08-24 10:15:48,2026-08-24T10:00:07,763.41,2026-08-24,C,741.0,22.34,22.54,100.0,98.0,21.91,0.4452,0.9922,0.0023,-0.0237,0.0047,0.0,5.0,2.0
2026-08-24 10:15:48,2026-08-24T10:00:07,763.41,2026-08-24,P,741.0,0.01,0.02,2051.0,3454.0,0.02,0.4306,-0.0078,0.0023,-0.0237,0.0047,0.0,543.0,1692.0
2026-08-24 10:15:48,2026-08-24T10:00:07,763.41,2026-08-24,C,742.0,21.31,21.54,22.0,22.0,21.56,0.3706,0.9919,0.0024,-0.0238,0.0048,0.0,4.0,13.0
2026-08-24 10:15:48,2026-08-24T10:00:07,763.41,2026-08-24,P,742.0,0.01,0.02,2077.0,3304.0,0.02,0.4132,-0.0081,0.0024,-0.0238,0.0048,0.0,219.0,744.0
2026-08-24 10:15:48,2026-08-24T10:00:07,763.41,2026-08-24,C,743.0,20.34,20.54,100.0,100.0,19.99,0.4094,0.9916,0.0026,-0.0239,0.005,0.0,3.0,12.0
2026-08-24 10:15:48,2026-08-24T10:00:07,763.41,2026-08-24,P,743.0,0.01,0.02,3183.0,3334.0,0.02,0.3958,-0.0084,0.0026,-0.0239,0.005,0.0,13.0,624.0
2026-08-24 10:15:48,2026-08-24T10:00:07,763.41,2026-08-24,C,744.0,19.32,19.57,100.0,100.0,18.78,0.402,0.9912,0.0029,-0.024,0.0053,0.0,7.0,6.0
2026-08-24 10:15:48,2026-08-24T10:00:07,763.41,2026-08-24,P,744.0,0.01,0.02,2683.0,2834.0,0.02,0.3783,-0.0088,0.0029,-0.024,0.0053,0.0,34.0,1252.0
2026-08-24 10:15:48,2026-08-24T10:00:07,763.41,2026-08-24,C,745.0,18.32,18.54,100.0,22.0,17.84,0.3455,0.9908,0.0031,-0.0241,0.0055,0.0,26.0,72.0
2026-08-24 10:15:48,2026-08-24T10:00:07,763.41,2026-08-24,P,745.0,0.01,0.02,2707.0,2995.0,0.02,0.3607,-0.0092,0.0031,-0.0241,0.0055,0.0,105.0,1460.0
2026-08-24 10:15:48,2026-08-24T10:00:07,763.41,2026-08-24,C,746.0,17.33,17.54,100.0,100.0,17.8,0.3434,0.9903,0.0034,-0.0242,0.0057,0.0,14.0,11.0
2026-08-24 10:15:48,2026-08-24T10:00:07,763.41,2026-08-24,P,746.0,0.01,0.02,2706.0,2838.0,0.01,0.3431,-0.0097,0.0034,-0.0242,0.0057,0.0,247.0,497.0
2026-08-24 10:15:48,2026-08-24T10:00:07,763.41,2026-08-24,C,747.0,16.33,16.56,100.0,100.0,19.18,0.3464,0.9898,0.0038,-0.0243,0.006,0.0,0.0,24.0
2026-08-24 10:15:48,2026-08-24T10:00:07,763.41,2026-08-24,P,747.0,0.01,0.02,2680.0,2831.0,0.02,0.3254,-0.0102,0.0038,-0.0243,0.006,0.0,48.0,1909.0
2026-08-24 10:15:48,2026-08-24T10:00:07,763.41,2026-08-24,C,748.0,15.33,15.55,100.0,100.0,17.92,0.3187,0.9893,0.0042,-0.0244,0.0063,0.0,0.0,24.0
2026-08-24 10:15:48,2026-08-24T10:00:07,763.41,2026-08-24,P,748.0,0.01,0.02,2682.0,2838.0,0.01,0.3076,-0.0107,0.0042,-0.0244,0.0063,0.0,1330.0,1955.0
2026-08-24 10:15:48,2026-08-24T10:00:07,763.41,2026-08-24,C,749.0,14.32,14.54,22.0,22.0,14.03,0.277,0.9886,0.0047,-0.0246,0.0067,0.0,7.0,78.0
2026-08-24 10:15:48,2026-08-24T10:00:07,763.41,2026-08-24,P,749.0,0.02,0.03,1062.0,3658.0,0.02,0.3088,-0.0114,0.0047,-0.0246,0.0067,0.0,3629.0,2418.0
2026-08-24 10:15:48,2026-08-24T10:00:07,763.41,2026-08-24,C,750.0,13.35,13.54,100.0,100.0,13.5,0.2901,0.9879,0.0052,-0.0248,0.0071,0.0,41.0,79.0
2026-08-24 10:15:48,2026-08-24T10:00:07,763.41,2026-08-24,P,750.0,0.02,0.03,1378.0,3181.0,0.02,0.2899,-0.0121,0.0052,-0.0248,0.0071,0.0,797.0,10698.0
2026-08-24 10:15:48,2026-08-24T10:00:07,763.41,2026-08-24,C,751.0,12.33,12.56,100.0,100.0,12.25,0.2711,0.9869,0.006,-0.0253,0.0076,0.0,5.0,59.0
2026-08-24 10:15:48,2026-08-24T10:00:07,763.41,2026-08-24,P,751.0,0.02,0.03,3405.0,2744.0,0.03,0.2709,-0.0131,0.006,-0.0253,0.0076,0.0,280.0,1189.0
2026-08-24 10:15:48,2026-08-24T10:00:07,763.41,2026-08-24,C,752.0,11.34,11.55,100.0,22.0,10.3,0.2519,0.9857,0.0069,-0.0261,0.0082,0.0,7.0,59.0
2026-08-24 10:15:48,2026-08-24T10:00:07,763.41,2026-08-24,P,752.0,0.02,0.03,3555.0,3560.0,0.02,0.2517,-0.0143,0.0069,-0.0261,0.0082,0.0,2011.0,1738.0
2026-08-24 10:15:48,2026-08-24T10:00:07,763.41,2026-08-24,C,753.0,10.35,10.55,100.0,78.0,13.65,0.2387,0.984,0.0082,-0.0276,0.0091,0.0,0.0,105.0
2026-08-24 10:15:48,2026-08-24T10:00:07,763.41,2026-08-24,P,753.0,0.03,0.04,1086.0,3680.0,0.03,0.244,-0.016,0.0082,-0.0276,0.0091,0.0,5434.0,3707.0
2026-08-24 10:15:48,2026-08-24T10:00:07,763.41,2026-08-24,C,754.0,9.35,9.56,76.0,100.0,9.62,0.2239,0.9813,0.01,-0.0306,0.0104,0.0,169.0,90.0
2026-08-24 10:15:48,2026-08-24T10:00:07,763.41,2026-08-24,P,754.0,0.03,0.04,3248.0,3404.0,0.04,0.2238,-0.0187,0.01,-0.0306,0.0104,0.0,1063.0,3882.0
2026-08-24 10:15:48,2026-08-24T10:00:07,763.41,2026-08-24,C,755.0,8.35,8.56,80.0,100.0,8.48,0.2035,0.9769,0.0128,-0.0363,0.0124,0.0,79.0,182.0
2026-08-24 10:15:48,2026-08-24T10:00:07,763.41,2026-08-24,P,755.0,0.04,0.05,1875.0,3502.0,0.06,0.2117,-0.0231,0.0128,-0.0363,0.0124,0.0,4643.0,7567.0
2026-08-24 10:15:48,2026-08-24T10:00:07,763.41,2026-08-24,C,756.0,7.37,7.58,50.0,50.0,7.42,0.1973,0.9694,0.0173,-0.047,0.0156,0.0,67.0,111.0
2026-08-24 10:15:48,2026-08-24T10:00:07,763.41,2026-08-24,P,756.0,0.05,0.06,1538.0,3174.0,0.06,0.1972,-0.0306,0.0173,-0.047,0.0156,0.0,14390.0,7665.0
2026-08-24 10:15:48,2026-08-24T10:00:07,763.41,2026-08-24,C,757.0,6.4,6.58,72.0,47.0,6.54,0.1857,0.9569,0.0243,-0.0659,0.0206,0.0,449.0,186.0
2026-08-24 10:15:48,2026-08-24T10:00:07,763.41,2026-08-24,P,757.0,0.07,0.08,1328.0,1633.0,0.08,0.1856,-0.0431,0.0243,-0.0659,0.0206,0.0,25626.0,4394.0
2026-08-24 10:15:48,2026-08-24T10:00:07,763.41,2026-08-24,C,758.0,5.42,5.63,72.0,70.0,5.69,0.1743,0.9367,0.0348,-0.0979,0.0276,0.0,260.0,149.0
2026-08-24 10:15:48,2026-08-24T10:00:07,763.41,2026-08-24,P,758.0,0.1,0.11,1218.0,2358.0,0.11,0.1742,-0.0633,0.0348,-0.0979,0.0276,0.0,18152.0,3941.0
2026-08-24 10:15:48,2026-08-24T10:00:07,763.41,2026-08-24,C,759.0,4.54,4.57,33.0,59.0,4.54,0.167,0.9055,0.0498,-0.1494,0.0368,0.0,897.0,194.0
2026-08-24 10:15:48,2026-08-24T10:00:07,763.41,2026-08-24,P,759.0,0.14,0.15,1275.0,1512.0,0.14,0.1613,-0.0945,0.0498,-0.1494,0.0368,0.0,20479.0,3264.0
2026-08-24 10:15:48,2026-08-24T10:00:07,763.41,2026-08-24,C,760.0,3.62,3.65,84.0,109.0,3.63,0.1557,0.8589,0.0701,-0.2302,0.0483,0.0,1887.0,370.0
2026-08-24 10:15:48,2026-08-24T10:00:07,763.41,2026-08-24,P,760.0,0.22,0.23,118.0,523.0,0.21,0.1503,-0.1411,0.0701,-0.2302,0.0483,0.0,51079.0,10050.0
2026-08-24 10:15:48,2026-08-24T10:00:07,763.41,2026-08-24,C,761.0,2.74,2.78,100.0,150.0,2.83,0.146,0.7904,0.0957,-0.3576,0.0612,0.0,3262.0,318.0
2026-08-24 10:15:48,2026-08-24T10:00:07,763.41,2026-08-24,P,761.0,0.34,0.35,508.0,317.0,0.35,0.1426,-0.2096,0.0957,-0.3576,0.0612,0.0,51170.0,4492.0
2026-08-24 10:15:48,2026-08-24T10:00:07,763.41,2026-08-24,C,762.0,1.96,1.98,17.0,150.0,1.96,0.1378,0.6925,0.124,-0.5598,0.0738,0.0,17632.0,936.0
2026-08-24 10:15:48,2026-08-24T10:00:07,763.41,2026-08-24,P,762.0,0.55,0.56,47.0,670.0,0.55,0.1358,-0.3075,0.124,-0.5598,0.0738,0.0,90865.0,3574.0
2026-08-24 10:15:48,2026-08-24T10:00:07,763.41,2026-08-24,C,763.0,1.28,1.29,177.0,45.0,1.31,0.1304,0.5628,0.1468,-0.8746,0.082,0.0,47618.0,1198.0
2026-08-24 10:15:48,2026-08-24T10:00:07,763.41,2026-08-24,P,763.0,0.87,0.88,20.0,317.0,0.88,0.128,-0.4372,0.1468,-0.8746,0.082,0.0,124805.0,6044.0
2026-08-24 10:15:48,2026-08-24T10:00:07,763.41,2026-08-24,C,764.0,0.76,0.77,344.0,57.0,0.76,0.1252,0.4112,0.1517,-0.7602,0.0811,0.0,78336.0,1820.0
2026-08-24 10:15:48,2026-08-24T10:00:07,763.41,2026-08-24,P,764.0,1.34,1.35,72.0,170.0,1.31,0.1221,-0.5888,0.1517,-0.7602,0.0811,0.0,41880.0,6864.0
2026-08-24 10:15:48,2026-08-24T10:00:07,763.41,2026-08-24,C,765.0,0.39,0.4,475.0,349.0,0.4,0.1208,0.2639,0.1311,-0.3992,0.0691,0.0,61984.0,6424.0
2026-08-24 10:15:48,2026-08-24T10:00:07,763.41,2026-08-24,P,765.0,1.95,1.99,112.0,165.0,1.94,0.1171,-0.7361,0.1311,-0.3992,0.0691,0.0,17866.0,19244.0
2026-08-24 10:15:48,2026-08-24T10:00:07,763.41,2026-08-24,C,766.0,0.18,0.19,472.0,115.0,0.19,0.1199,0.1518,0.094,-0.1968,0.051,0.0,38344.0,8787.0
2026-08-24 10:15:48,2026-08-24T10:00:07,763.41,2026-08-24,P,766.0,2.76,2.79,124.0,100.0,2.72,0.1157,-0.8482,0.094,-0.1968,0.051,0.0,6129.0,11396.0
2026-08-24 10:15:48,2026-08-24T10:00:07,763.41,2026-08-24,C,767.0,0.09,0.1,627.0,2313.0,0.09,0.1232,0.0858,0.06,-0.1024,0.0349,0.0,27054.0,5623.0
2026-08-24 10:15:48,2026-08-24T10:00:07,763.41,2026-08-24,P,767.0,3.66,3.7,82.0,34.0,3.75,0.1164,-0.9142,0.06,-0.1024,0.0349,0.0,2226.0,4337.0
2026-08-24 10:15:48,2026-08-24T10:00:07,763.41,2026-08-24,C,768.0,0.05,0.06,2448.0,3321.0,0.05,0.1322,0.0522,0.038,-0.0612,0.0243,0.0,16552.0,6707.0
2026-08-24 10:15:48,2026-08-24T10:00:07,763.41,2026-08-24,P,768.0,4.52,4.74,87.0,72.0,4.61,0.1297,-0.9478,0.038,-0.0612,0.0243,0.0,519.0,2423.0
2026-08-24 10:15:48,2026-08-24T10:00:07,763.41,2026-08-24,C,769.0,0.03,0.04,2611.0,3585.0,0.03,0.1428,0.0343,0.0249,-0.0408,0.0176,0.0,9028.0,4943.0
2026-08-24 10:15:48,2026-08-24T10:00:07,763.41,2026-08-24,P,769.0,5.53,5.71,102.0,66.0,5.56,0.1391,-0.9657,0.0249,-0.0408,0.0176,0.0,305.0,3299.0
2026-08-24 10:15:48,2026-08-24T10:00:07,763.41,2026-08-24,C,770.0,0.02,0.03,2264.0,2672.0,0.03,0.1552,0.0234,0.0168,-0.0285,0.0129,0.0,14452.0,11088.0
2026-08-24 10:15:48,2026-08-24T10:00:07,763.41,2026-08-24,P,770.0,6.5,6.64,53.0,14.0,6.6,0.15,-0.9766,0.0168,-0.0285,0.0129,0.0,436.0,3062.0
2026-08-24 10:15:48,2026-08-24T10:00:07,763.41,2026-08-24,C,771.0,0.02,0.03,450.0,3375.0,0.03,0.1749,0.0162,0.0115,-0.0201,0.0096,0.0,2632.0,4378.0
2026-08-24 10:15:48,2026-08-24T10:00:07,763.41,2026-08-24,P,771.0,7.5,7.71,51.0,66.0,7.55,0.1748,-0.9838,0.0115,-0.0201,0.0096,0.0,148.0,1479.0
2026-08-24 10:15:48,2026-08-24T10:00:07,763.41,2026-08-24,C,772.0,0.01,0.02,3499.0,3853.0,0.02,0.1812,0.0114,0.008,-0.0143,0.0071,0.0,7262.0,17015.0
2026-08-24 10:15:48,2026-08-24T10:00:07,763.41,2026-08-24,P,772.0,8.49,8.71,100.0,89.0,8.5,0.1881,-0.9886,0.008,-0.0143,0.0071,0.0,151.0,1353.0
2026-08-24 10:15:48,2026-08-24T10:00:07,763.41,2026-08-24,C,773.0,0.01,0.02,2327.0,2857.0,0.02,0.1993,0.008,0.0056,-0.0102,0.0052,0.0,2264.0,6476.0
2026-08-24 10:15:48,2026-08-24T10:00:07,763.41,2026-08-24,P,773.0,9.49,9.71,99.0,92.0,9.71,0.2068,-0.992,0.0056,-0.0102,0.0052,0.0,76.0,348.0
2026-08-24 10:15:48,2026-08-24T10:00:07,763.41,2026-08-24,C,774.0,0.01,0.02,1808.0,2857.0,0.01,0.2172,0.0057,0.0039,-0.0073,0.0039,0.0,785.0,3840.0
2026-08-24 10:15:48,2026-08-24T10:00:07,763.41,2026-08-24,P,774.0,10.48,10.71,100.0,100.0,10.58,0.2169,-0.9943,0.0039,-0.0073,0.0039,0.0,71.0,46.0
2026-08-24 10:15:48,2026-08-24T10:00:07,763.41,2026-08-24,C,775.0,0.01,0.02,1386.0,2827.0,0.01,0.2349,0.004,0.0028,-0.0052,0.0029,0.0,1585.0,5611.0
2026-08-24 10:15:48,2026-08-24T10:00:07,763.41,2026-08-24,P,775.0,11.48,11.71,100.0,100.0,11.85,0.2346,-0.996,0.0028,-0.0052,0.0029,0.0,48.0,13.0
2026-08-24 10:15:48,2026-08-24T10:00:07,763.41,2026-08-24,C,776.0,0.0,0.01,0.0,3298.0,0.01,0.2235,0.0029,0.002,-0.0038,0.0021,0.0,2088.0,6136.0
2026-08-24 10:15:48,2026-08-24T10:00:07,763.41,2026-08-24,P,776.0,12.49,12.71,100.0,100.0,12.66,0.2614,-0.9971,0.002,-0.0038,0.0021,0.0,66.0,28.0
2026-08-24 10:15:48,2026-08-24T10:00:07,763.41,2026-08-24,C,777.0,0.0,0.01,0.0,3297.0,0.01,0.2393,0.0021,0.0014,-0.0027,0.0016,0.0,3009.0,3531.0
2026-08-24 10:15:48,2026-08-24T10:00:07,763.41,2026-08-24,P,777.0,13.48,13.71,100.0,100.0,13.54,0.2695,-0.9979,0.0014,-0.0027,0.0016,0.0,45.0,30.0
2026-08-24 10:15:48,2026-08-24T10:00:07,763.41,2026-08-24,C,778.0,0.0,0.01,0.0,3297.0,0.01,0.255,0.0015,0.001,-0.002,0.0012,0.0,87.0,1814.0
2026-08-24 10:15:48,2026-08-24T10:00:07,763.41,2026-08-24,P,778.0,14.48,14.7,22.0,22.0,14.57,0.2736,-0.9985,0.001,-0.002,0.0012,0.0,28.0,6.0
2026-08-24 10:15:48,2026-08-24T10:00:07,763.41,2026-08-24,C,779.0,0.0,0.01,0.0,3184.0,0.01,0.2705,0.0011,0.0007,-0.0014,0.0009,0.0,13.0,1475.0
2026-08-24 10:15:48,2026-08-24T10:00:07,763.41,2026-08-24,P,779.0,15.48,15.7,22.0,22.0,15.48,0.2901,-0.9989,0.0007,-0.0014,0.0009,0.0,44.0,27.0
2026-08-24 10:15:48,2026-08-24T10:00:07,763.41,2026-08-24,C,780.0,0.0,0.01,0.0,3179.0,0.01,0.2859,0.0008,0.0005,-0.0011,0.0007,0.0,45.0,7079.0
2026-08-24 10:15:48,2026-08-24T10:00:07,763.41,2026-08-24,P,780.0,16.48,16.7,100.0,92.0,16.7,0.3064,-0.9992,0.0005,-0.0011,0.0007,0.0,21.0,1.0
2026-08-24 10:15:48,2026-08-24T10:00:07,763.41,2026-08-24,C,781.0,0.0,0.01,0.0,3176.0,0.01,0.3013,0.0006,0.0004,-0.0008,0.0005,0.0,41.0,2996.0
2026-08-24 10:15:48,2026-08-24T10:00:07,763.41,2026-08-24,P,781.0,17.48,17.7,22.0,22.0,17.72,0.3227,-0.9994,0.0004,-0.0008,0.0005,0.0,6.0,0.0
2026-08-24 10:15:48,2026-08-24T10:00:07,763.41,2026-08-24,C,782.0,0.0,0.01,0.0,3177.0,0.01,0.3165,0.0004,0.0003,-0.0006,0.0004,0.0,3.0,1792.0
2026-08-24 10:15:48,2026-08-24T10:00:07,763.41,2026-08-24,P,782.0,18.47,18.7,22.0,22.0,18.45,0.3157,-0.9996,0.0003,-0.0006,0.0004,0.0,16.0,1.0
2026-08-24 10:15:48,2026-08-24T10:00:07,763.41,2026-08-24,C,783.0,0.0,0.01,0.0,3177.0,0.01,0.3317,0.0003,0.0002,-0.0004,0.0003,0.0,13.0,751.0
2026-08-24 10:15:48,2026-08-24T10:00:07,763.41,2026-08-24,P,783.0,19.47,19.7,22.0,22.0,19.72,0.3308,-0.9997,0.0002,-0.0004,0.0003,0.0,96.0,0.0
2026-08-24 10:15:48,2026-08-24T10:00:07,763.41,2026-08-24,C,784.0,0.0,0.01,0.0,3298.0,0.01,0.3468,0.0002,0.0002,-0.0003,0.0002,0.0,3.0,807.0
2026-08-24 10:15:48,2026-08-24T10:00:07,763.41,2026-08-24,P,784.0,20.48,20.7,41.0,99.0,20.87,0.3459,-0.9998,0.0002,-0.0003,0.0002,0.0,49.0,1.0
2026-08-24 10:15:48,2026-08-24T10:00:07,763.41,2026-08-24,C,785.0,0.0,0.01,0.0,3246.0,0.01,0.3618,0.0002,0.0001,-0.0002,0.0002,0.0,175.0,1778.0
2026-08-24 10:15:48,2026-08-24T10:00:07,763.41,2026-08-24,P,785.0,21.48,21.7,42.0,48.0,21.72,0.3609,-0.9998,0.0001,-0.0002,0.0002,0.0,6.0,1.0
2026-08-24 10:15:48,2026-08-24T10:00:07,763.41,2026-08-24,C,786.0,0.0,0.01,0.0,3247.0,0.01,0.3768,0.0001,0.0001,-0.0002,0.0001,0.0,13.0,512.0
2026-08-24 10:15:48,2026-08-24T10:00:07,763.41,2026-08-24,P,786.0,22.48,22.7,22.0,100.0,22.72,0.3758,-0.9999,0.0001,-0.0002,0.0001,0.0,6.0,0.0
2026-08-24 10:15:48,2026-08-24T10:00:07,763.41,2026-08-24,C,787.0,0.0,0.01,0.0,2247.0,0.01,0.3916,0.0001,0.0001,-0.0001,0.0001,0.0,1.0,1566.0
2026-08-24 10:15:48,2026-08-24T10:00:07,763.41,2026-08-24,P,787.0,23.48,23.69,42.0,42.0,23.71,0.0,-0.9999,0.0001,-0.0001,0.0001,0.0,19.0,0.0
2026-08-24 10:15:48,2026-08-24T10:00:07,763.41,2026-08-24,C,788.0,0.0,0.01,0.0,2247.0,0.01,0.4064,0.0001,0.0,-0.0001,0.0001,0.0,3.0,772.0
2026-08-24 10:15:48,2026-08-24T10:00:07,763.41,2026-08-24,P,788.0,24.48,24.69,42.0,42.0,24.71,0.0,-0.9999,0.0,-0.0001,0.0001,0.0,12.0,0.0
2026-08-24 10:15:48,2026-08-24T10:00:07,763.41,2026-08-24,C,789.0,0.0,0.01,0.0,2248.0,0.01,0.4212,0.0001,0.0,-0.0001,0.0001,0.0,6.0,649.0
2026-08-24 10:15:48,2026-08-24T10:00:07,763.41,2026-08-24,P,789.0,25.48,25.7,42.0,42.0,25.72,0.4201,-0.9999,0.0,-0.0001,0.0001,0.0,6.0,0.0
2026-08-24 10:15:48,2026-08-24T10:00:07,763.41,2026-08-24,C,790.0,0.0,0.01,0.0,2248.0,0.01,0.4359,0.0,0.0,-0.0001,0.0,0.0,0.0,1116.0
2026-08-24 10:15:48,2026-08-24T10:00:07,763.41,2026-08-24,P,790.0,26.45,26.7,41.0,42.0,26.72,0.0,-1.0,0.0,-0.0001,0.0,0.0,6.0,0.0
2026-08-24 10:15:48,2026-08-24T10:00:07,763.41,2026-08-24,C,791.0,0.0,0.01,0.0,2248.0,0.01,0.4505,0.0,0.0,0.0,0.0,0.0,0.0,463.0
2026-08-24 10:15:48,2026-08-24T10:00:07,763.41,2026-08-24,P,791.0,27.47,27.7,42.0,42.0,27.69,0.4493,-1.0,0.0,0.0,0.0,0.0,4.0,0.0
2026-08-24 10:15:48,2026-08-24T10:00:07,763.41,2026-08-24,C,792.0,0.0,0.01,0.0,2248.0,0.01,0.465,0.0,0.0,0.0,0.0,0.0,0.0,329.0
2026-08-24 10:15:48,2026-08-24T10:00:07,763.41,2026-08-24,P,792.0,28.47,28.69,15.0,15.0,28.7,0.0,-1.0,0.0,0.0,0.0,0.0,4.0,0.0
2026-08-24 10:15:48,2026-08-24T10:00:07,763.41,2026-08-24,C,793.0,0.0,0.01,0.0,2248.0,0.01,0.48,0.0,0.0,0.0,0.0,0.0,150.0,759.0
2026-08-24 10:15:48,2026-08-24T10:00:07,763.41,2026-08-24,P,793.0,29.47,29.7,15.0,14.0,29.89,0.5109,-1.0,0.0,0.0,0.0,0.0,10.0,0.0
2026-08-24 10:15:48,2026-08-24T10:00:07,763.41,2026-08-24,C,794.0,0.0,0.01,0.0,2248.0,0.01,0.4944,0.0,0.0,0.0,0.0,0.0,0.0,727.0
2026-08-24 10:15:48,2026-08-24T10:00:07,763.41,2026-08-24,P,794.0,30.47,30.7,14.0,15.0,30.69,0.4927,-1.0,0.0,0.0,0.0,0.0,4.0,0.0
2026-08-24 10:15:48,2026-08-24T10:00:07,763.41,2026-08-24,C,795.0,0.0,0.01,0.0,2248.0,0.01,0.5088,0.0,0.0,0.0,0.0,0.0,0.0,479.0
2026-08-24 10:15:48,2026-08-24T10:00:07,763.41,2026-08-24,P,795.0,31.38,31.78,1.0,2.0,31.7,0.5071,-1.0,0.0,0.0,0.0,0.0,6.0,0.0
2026-08-24 10:15:48,2026-08-24T10:00:07,763.41,2026-08-24,C,796.0,0.0,0.01,0.0,2248.0,0.01,0.5231,0.0,0.0,0.0,0.0,0.0,0.0,179.0
2026-08-24 10:15:48,2026-08-24T10:00:07,763.41,2026-08-24,P,796.0,32.46,32.77,2.0,1.0,32.67,0.9086,-1.0,0.0,0.0,0.0,0.0,6.0,0.0
2026-08-24 10:15:48,2026-08-24T10:00:07,763.41,2026-08-24,C,797.0,0.0,0.01,0.0,2248.0,0.01,0.5374,0.0,0.0,0.0,0.0,0.0,0.0,122.0
2026-08-24 10:15:48,2026-08-24T10:00:07,763.41,2026-08-24,P,797.0,33.44,33.81,1.0,2.0,33.72,0.6136,-1.0,0.0,0.0,0.0,0.0,6.0,0.0
2026-08-24 10:15:48,2026-08-24T10:00:07,763.41,2026-08-24,C,798.0,0.0,0.01,0.0,2248.0,0.05,0.5516,0.0,0.0,0.0,0.0,0.0,2.0,563.0
2026-08-24 10:15:48,2026-08-24T10:00:07,763.41,2026-08-24,P,798.0,34.41,34.77,1.0,2.0,35.64,0.5864,-1.0,0.0,0.0,0.0,0.0,2.0,0.0
2026-08-24 10:15:48,2026-08-24T10:00:07,763.41,2026-08-24,C,799.0,0.0,0.01,0.0,2248.0,0.01,0.5658,0.0,0.0,0.0,0.0,0.0,0.0,448.0
2026-08-24 10:15:48,2026-08-24T10:00:07,763.41,2026-08-24,P,799.0,35.41,35.77,1.0,2.0,36.62,0.0,-1.0,0.0,0.0,0.0,0.0,2.0,0.0
2026-08-24 10:15:48,2026-08-24T10:00:07,763.41,2026-08-24,C,800.0,0.0,0.01,0.0,2248.0,0.01,0.58,0.0,0.0,0.0,0.0,0.0,0.0,1221.0
2026-08-24 10:15:48,2026-08-24T10:00:07,763.41,2026-08-24,P,800.0,36.44,36.77,1.0,1.0,37.64,0.6415,-1.0,0.0,0.0,0.0,0.0,2.0,1.0
2026-08-24 10:15:48,2026-08-24T10:00:07,763.41,2026-08-24,C,801.0,0.0,0.01,0.0,2248.0,0.01,0.594,0.0,0.0,0.0,0.0,0.0,0.0,298.0
2026-08-24 10:15:48,2026-08-24T10:00:07,763.41,2026-08-24,P,801.0,37.44,37.8,1.0,1.0,38.62,0.631,-1.0,0.0,0.0,0.0,0.0,2.0,0.0
2026-08-24 10:20:48,2026-08-24T10:05:07,763.0,2026-08-24,C,725.0,37.81,38.11,45.0,45.0,38.73,0.0,0.9953,0.0009,-0.0218,0.0029,0.0,0.0,13.0
2026-08-24 10:20:48,2026-08-24T10:05:07,763.0,2026-08-24,P,725.0,0.0,0.01,0.0,2224.0,0.01,0.6345,-0.0047,0.0009,-0.0218,0.0029,0.0,1.0,984.0
2026-08-24 10:20:48,2026-08-24T10:05:07,763.0,2026-08-24,C,726.0,36.85,37.14,45.0,45.0,39.64,0.0,0.9952,0.001,-0.0219,0.003,0.0,0.0,2.0
2026-08-24 10:20:48,2026-08-24T10:05:07,763.0,2026-08-24,P,726.0,0.0,0.01,0.0,3223.0,0.02,0.6188,-0.0048,0.001,-0.0219,0.003,0.0,0.0,49.0
2026-08-24 10:20:48,2026-08-24T10:05:07,763.0,2026-08-24,C,727.0,35.87,36.13,45.0,45.0,38.65,0.6006,0.995,0.001,-0.022,0.0031,0.0,0.0,2.0
2026-08-24 10:20:48,2026-08-24T10:05:07,763.0,2026-08-24,P,727.0,0.0,0.01,0.0,3224.0,0.01,0.6031,-0.005,0.001,-0.022,0.0031,0.0,0.0,142.0
2026-08-24 10:20:48,2026-08-24T10:05:07,763.0,2026-08-24,C,728.0,34.85,35.14,45.0,45.0,34.81,0.0,0.9949,0.001,-0.022,0.0031,0.0,3.0,0.0
2026-08-24 10:20:48,2026-08-24T10:05:07,763.0,2026-08-24,P,728.0,0.0,0.01,0.0,3224.0,0.01,0.5873,-0.0051,0.001,-0.022,0.0031,0.0,0.0,2120.0
2026-08-24 10:20:48,2026-08-24T10:05:07,763.0,2026-08-24,C,729.0,33.81,34.13,45.0,45.0,33.86,0.0,0.9948,0.0011,-0.0221,0.0032,0.0,3.0,0.0
2026-08-24 10:20:48,2026-08-24T10:05:07,763.0,2026-08-24,P,729.0,0.0,0.01,0.0,3224.0,0.01,0.5716,-0.0052,0.0011,-0.0221,0.0032,0.0,8.0,249.0
2026-08-24 10:20:48,2026-08-24T10:05:07,763.0,2026-08-24,C,730.0,32.84,33.1,45.0,45.0,32.47,0.0,0.9946,0.0012,-0.0222,0.0033,0.0,1.0,61.0
2026-08-24 10:20:48,2026-08-24T10:05:07,763.0,2026-08-24,P,730.0,0.0,0.01,0.0,3224.0,0.02,0.5559,-0.0054,0.0012,-0.0222,0.0033,0.0,0.0,2337.0
2026-08-24 10:20:48,2026-08-24T10:05:07,763.0,2026-08-24,C,731.0,31.86,32.14,45.0,45.0,31.52,0.5379,0.9944,0.0012,-0.0223,0.0034,0.0,1.0,0.0
2026-08-24 10:20:48,2026-08-24T10:05:07,763.0,2026-08-24,P,731.0,0.0,0.01,0.0,3104.0,0.02,0.5401,-0.0056,0.0012,-0.0223,0.0034,0.0,0.0,1383.0
2026-08-24 10:20:48,2026-08-24T10:05:07,763.0,2026-08-24,C,732.0,30.84,31.11,45.0,45.0,0.0,0.0,0.9943,0.0013,-0.0224,0.0035,0.0,0.0,0.0
2026-08-24 10:20:48,2026-08-24T10:05:07,763.0,2026-08-24,P,732.0,0.0,0.01,0.0,3104.0,0.01,0.5243,-0.0057,0.0013,-0.0224,0.0035,0.0,15.0,958.0
2026-08-24 10:20:48,2026-08-24T10:05:07,763.0,2026-08-24,C,733.0,29.87,30.11,45.0,45.0,33.82,0.0,0.9941,0.0014,-0.0225,0.0036,0.0,0.0,1.0
2026-08-24 10:20:48,2026-08-24T10:05:07,763.0,2026-08-24,P,733.0,0.0,0.01,0.0,3103.0,0.01,0.5085,-0.0059,0.0014,-0.0225,0.0036,0.0,1.0,281.0
2026-08-24 10:20:48,2026-08-24T10:05:07,763.0,2026-08-24,C,734.0,28.83,29.14,45.0,45.0,28.29,0.0,0.9939,0.0015,-0.0226,0.0037,0.0,1.0,0.0
2026-08-24 10:20:48,2026-08-24T10:05:07,763.0,2026-08-24,P,734.0,0.0,0.01,0.0,3156.0,0.01,0.4927,-0.0061,0.0015,-0.0226,0.0037,0.0,15.0,426.0
2026-08-24 10:20:48,2026-08-24T10:05:07,763.0,2026-08-24,C,735.0,27.86,28.14,45.0,45.0,28.28,0.4749,0.9937,0.0015,-0.0226,0.0038,0.0,2.0,7.0
2026-08-24 10:20:48,2026-08-24T10:05:07,763.0,2026-08-24,P,735.0,0.0,0.01,0.0,3156.0,0.01,0.4769,-0.0063,0.0015,-0.0226,0.0038,0.0,5274.0,8066.0
2026-08-24 10:20:48,2026-08-24T10:05:07,763.0,2026-08-24,C,736.0,26.84,27.11,45.0,45.0,26.3,0.0,0.9935,0.0016,-0.0227,0.0039,0.0,1.0,0.0
2026-08-24 10:20:48,2026-08-24T10:05:07,763.0,2026-08-24,P,736.0,0.0,0.01,0.0,3156.0,0.01,0.4611,-0.0065,0.0016,-0.0227,0.0039,0.0,940.0,7980.0
2026-08-24 10:20:48,2026-08-24T10:05:07,763.0,2026-08-24,C,737.0,25.86,26.14,188.0,45.0,25.35,0.4433,0.9933,0.0018,-0.0228,0.004,0.0,1.0,6.0
2026-08-24 10:20:48,2026-08-24T10:05:07,763.0,2026-08-24,P,737.0,0.0,0.01,0.0,3155.0,0.01,0.4452,-0.0067,0.0018,-0.0228,0.004,0.0,2.0,1766.0
2026-08-24 10:20:48,2026-08-24T10:05:07,763.0,2026-08-24,C,738.0,24.79,25.14,46.0,45.0,25.56,0.0,0.993,0.0019,-0.0229,0.0042,0.0,3.0,4.0
2026-08-24 10:20:48,2026-08-24T10:05:07,763.0,2026-08-24,P,738.0,0.0,0.01,0.0,3185.0,0.01,0.4293,-0.007,0.0019,-0.0229,0.0042,0.0,186.0,3291.0
2026-08-24 10:20:48,2026-08-24T10:05:07,763.0,2026-08-24,C,739.0,23.86,24.14,45.0,45.0,23.58,0.4116,0.9928,0.002,-0.023,0.0043,0.0,2.0,11.0
2026-08-24 10:20:48,2026-08-24T10:05:07,763.0,2026-08-24,P,739.0,0.0,0.01,0.0,3357.0,0.01,0.4134,-0.0072,0.002,-0.023,0.0043,0.0,3135.0,756.0
2026-08-24 10:20:48,2026-08-24T10:05:07,763.0,2026-08-24,C,740.0,22.86,23.11,189.0,45.0,23.16,0.0,0.9925,0.0022,-0.0231,0.0045,0.0,4.0,13.0
2026-08-24 10:20:48,2026-08-24T10:05:07,763.0,2026-08-24,P,740.0,0.0,0.01,0.0,2185.0,0.01,0.3974,-0.0075,0.0022,-0.0231,0.0045,0.0,1525.0,1476.0
2026-08-24 10:20:48,2026-08-24T10:05:07,763.0,2026-08-24,C,741.0,21.83,22.12,134.0,45.0,22.55,0.0,0.9922,0.0023,-0.0232,0.0046,0.0,26.0,2.0
2026-08-24 10:20:48,2026-08-24T10:05:07,763.0,2026-08-24,P,741.0,0.01,0.02,2155.0,3399.0,0.02,0.4262,-0.0078,0.0023,-0.0232,0.0046,0.0,576.0,1692.0
2026-08-24 10:20:48,2026-08-24T10:05:07,763.0,2026-08-24,C,742.0,20.85,21.15,100.0,139.0,21.55,0.3639,0.9919,0.0025,-0.0233,0.0048,0.0,25.0,13.0
2026-08-24 10:20:48,2026-08-24T10:05:07,763.0,2026-08-24,P,742.0,0.01,0.02,2155.0,3427.0,0.01,0.4087,-0.0081,0.0025,-0.0233,0.0048,0.0,493.0,744.0
2026-08-24 10:20:48,2026-08-24T10:05:07,763.0,2026-08-24,C,743.0,19.85,20.11,51.0,45.0,20.54,0.0,0.9916,0.0027,-0.0234,0.005,0.0,24.0,12.0
2026-08-24 10:20:48,2026-08-24T10:05:07,763.0,2026-08-24,P,743.0,0.01,0.02,2655.0,3184.0,0.01,0.3911,-0.0084,0.0027,-0.0234,0.005,0.0,234.0,624.0
2026-08-24 10:20:48,2026-08-24T10:05:07,763.0,2026-08-24,C,744.0,18.81,19.14,135.0,110.0,19.55,0.0,0.9912,0.0029,-0.0235,0.0052,0.0,28.0,6.0
2026-08-24 10:20:48,2026-08-24T10:05:07,763.0,2026-08-24,P,744.0,0.01,0.02,2989.0,2782.0,0.02,0.3734,-0.0088,0.0029,-0.0235,0.0052,0.0,55.0,1252.0
2026-08-24 10:20:48,2026-08-24T10:05:07,763.0,2026-08-24,C,745.0,17.83,18.12,137.0,112.0,17.84,0.0,0.9908,0.0032,-0.0236,0.0055,0.0,26.0,72.0
2026-08-24 10:20:48,2026-08-24T10:05:07,763.0,2026-08-24,P,745.0,0.01,0.02,2762.0,2787.0,0.02,0.3557,-0.0092,0.0032,-0.0236,0.0055,0.0,105.0,1460.0
2026-08-24 10:20:48,2026-08-24T10:05:07,763.0,2026-08-24,C,746.0,16.83,17.14,135.0,110.0,17.8,0.0,0.9903,0.0035,-0.0236,0.0057,0.0,14.0,11.0
2026-08-24 10:20:48,2026-08-24T10:05:07,763.0,2026-08-24,P,746.0,0.01,0.02,2857.0,3029.0,0.01,0.3379,-0.0097,0.0035,-0.0236,0.0057,0.0,252.0,497.0
2026-08-24 10:20:48,2026-08-24T10:05:07,763.0,2026-08-24,C,747.0,15.81,16.12,135.0,111.0,16.43,0.0,0.9898,0.0039,-0.0238,0.006,0.0,2.0,24.0
2026-08-24 10:20:48,2026-08-24T10:05:07,763.0,2026-08-24,P,747.0,0.01,0.02,3141.0,2919.0,0.02,0.3201,-0.0102,0.0039,-0.0238,0.006,0.0,48.0,1909.0
2026-08-24 10:20:48,2026-08-24T10:05:07,763.0,2026-08-24,C,748.0,14.81,15.15,135.0,110.0,15.56,0.0,0.9892,0.0043,-0.0239,0.0063,0.0,21.0,24.0
2026-08-24 10:20:48,2026-08-24T10:05:07,763.0,2026-08-24,P,748.0,0.01,0.02,2947.0,3076.0,0.01,0.3021,-0.0108,0.0043,-0.0239,0.0063,0.0,1445.0,1955.0
2026-08-24 10:20:48,2026-08-24T10:05:07,763.0,2026-08-24,C,749.0,13.81,14.12,131.0,111.0,14.03,0.0,0.9885,0.0048,-0.0241,0.0067,0.0,7.0,78.0
2026-08-24 10:20:48,2026-08-24T10:05:07,763.0,2026-08-24,P,749.0,0.02,0.03,2053.0,4034.0,0.02,0.3029,-0.0115,0.0048,-0.0241,0.0067,0.0,4116.0,2418.0
2026-08-24 10:20:48,2026-08-24T10:05:07,763.0,2026-08-24,C,750.0,12.87,13.12,135.0,110.0,13.56,0.0,0.9878,0.0054,-0.0243,0.0071,0.0,62.0,79.0
2026-08-24 10:20:48,2026-08-24T10:05:07,763.0,2026-08-24,P,750.0,0.02,0.03,2357.0,3526.0,0.03,0.2838,-0.0122,0.0054,-0.0243,0.0071,0.0,836.0,10698.0
2026-08-24 10:20:48,2026-08-24T10:05:07,763.0,2026-08-24,C,751.0,11.88,12.13,135.0,110.0,12.25,0.2355,0.9868,0.0062,-0.0248,0.0076,0.0,5.0,59.0
2026-08-24 10:20:48,2026-08-24T10:05:07,763.0,2026-08-24,P,751.0,0.02,0.03,2548.0,3635.0,0.02,0.2646,-0.0132,0.0062,-0.0248,0.0076,0.0,400.0,1189.0
2026-08-24 10:20:48,2026-08-24T10:05:07,763.0,2026-08-24,C,752.0,10.85,11.15,135.0,111.0,11.48,0.2016,0.9855,0.0072,-0.0257,0.0083,0.0,290.0,59.0
2026-08-24 10:20:48,2026-08-24T10:05:07,763.0,2026-08-24,P,752.0,0.02,0.03,3153.0,3465.0,0.02,0.2453,-0.0145,0.0072,-0.0257,0.0083,0.0,2267.0,1738.0
2026-08-24 10:20:48,2026-08-24T10:05:07,763.0,2026-08-24,C,753.0,9.89,10.17,105.0,90.0,10.14,0.2369,0.9835,0.0087,-0.0275,0.0093,0.0,68.0,105.0
2026-08-24 10:20:48,2026-08-24T10:05:07,763.0,2026-08-24,P,753.0,0.03,0.04,2376.0,4156.0,0.03,0.2371,-0.0165,0.0087,-0.0275,0.0093,0.0,5581.0,3707.0
2026-08-24 10:20:48,2026-08-24T10:05:07,763.0,2026-08-24,C,754.0,8.9,9.17,115.0,76.0,9.5,0.221,0.9804,0.0108,-0.0312,0.0108,0.0,361.0,90.0
2026-08-24 10:20:48,2026-08-24T10:05:07,763.0,2026-08-24,P,754.0,0.03,0.04,3434.0,2962.0,0.04,0.2167,-0.0196,0.0108,-0.0312,0.0108,0.0,1285.0,3882.0
2026-08-24 10:20:48,2026-08-24T10:05:07,763.0,2026-08-24,C,755.0,7.85,8.16,114.0,77.0,8.2,0.1642,0.9748,0.0143,-0.0388,0.0133,0.0,93.0,182.0
2026-08-24 10:20:48,2026-08-24T10:05:07,763.0,2026-08-24,P,755.0,0.04,0.05,3134.0,2628.0,0.04,0.2042,-0.0252,0.0143,-0.0388,0.0133,0.0,6957.0,7567.0
2026-08-24 10:20:48,2026-08-24T10:05:07,763.0,2026-08-24,C,756.0,6.87,7.16,53.0,57.0,6.93,0.1605,0.9652,0.0198,-0.053,0.0172,0.0,73.0,111.0
2026-08-24 10:20:48,2026-08-24T10:05:07,763.0,2026-08-24,P,756.0,0.06,0.07,1537.0,2835.0,0.07,0.1951,-0.035,0.0199,-0.0535,0.0173,0.0,16037.0,7665.0
2026-08-24 10:20:48,2026-08-24T10:05:07,763.0,2026-08-24,C,757.0,6.03,6.18,78.0,60.0,6.22,0.1917,0.9491,0.0284,-0.0783,0.0232,0.0,519.0,186.0
2026-08-24 10:20:48,2026-08-24T10:05:07,763.0,2026-08-24,P,757.0,0.08,0.09,1341.0,1534.0,0.08,0.1816,-0.0511,0.0284,-0.0788,0.0233,0.0,26967.0,4394.0
2026-08-24 10:20:48,2026-08-24T10:05:07,763.0,2026-08-24,C,758.0,5.13,5.16,37.0,157.0,5.18,0.1779,0.9237,0.0409,-0.1202,0.0314,0.0,294.0,149.0
2026-08-24 10:20:48,2026-08-24T10:05:07,763.0,2026-08-24,P,758.0,0.12,0.13,619.0,2309.0,0.12,0.1716,-0.0763,0.0409,-0.1202,0.0314,0.0,23790.0,3941.0
2026-08-24 10:20:48,2026-08-24T10:05:07,763.0,2026-08-24,C,759.0,4.18,4.21,38.0,204.0,4.19,0.165,0.8856,0.058,-0.186,0.0417,0.0,969.0,194.0
2026-08-24 10:20:48,2026-08-24T10:05:07,763.0,2026-08-24,P,759.0,0.18,0.19,372.0,3047.0,0.18,0.1615,-0.1143,0.0579,-0.1858,0.0417,0.0,24890.0,3264.0
2026-08-24 10:20:48,2026-08-24T10:05:07,763.0,2026-08-24,C,760.0,3.28,3.3,41.0,153.0,3.26,0.1551,0.8299,0.0803,-0.2874,0.0538,0.0,2378.0,370.0
2026-08-24 10:20:48,2026-08-24T10:05:07,763.0,2026-08-24,P,760.0,0.27,0.28,815.0,1372.0,0.27,0.1506,-0.1695,0.0802,-0.2856,0.0537,0.0,58676.0,10050.0
2026-08-24 10:20:48,2026-08-24T10:05:07,763.0,2026-08-24,C,761.0,2.43,2.46,46.0,364.0,2.43,0.1447,0.7498,0.1069,-0.4453,0.0667,0.0,3962.0,318.0
2026-08-24 10:20:48,2026-08-24T10:05:07,763.0,2026-08-24,P,761.0,0.43,0.44,240.0,557.0,0.44,0.1427,-0.249,0.107,-0.441,0.0665,0.0,66618.0,4492.0
2026-08-24 10:20:48,2026-08-24T10:05:07,763.0,2026-08-24,C,762.0,1.68,1.69,58.0,130.0,1.69,0.1364,0.6392,0.1333,-0.6925,0.0777,0.0,19571.0,936.0
2026-08-24 10:20:48,2026-08-24T10:05:07,763.0,2026-08-24,P,762.0,0.68,0.69,119.0,574.0,0.68,0.1353,-0.3594,0.1338,-0.6851,0.0776,0.0,111883.0,3574.0
2026-08-24 10:20:48,2026-08-24T10:05:07,763.0,2026-08-24,C,763.0,1.06,1.07,220.0,147.0,1.07,0.1307,0.5,0.1495,-1.0629,0.0824,0.0,58727.0,1198.0
2026-08-24 10:20:48,2026-08-24T10:05:07,763.0,2026-08-24,P,763.0,1.06,1.07,5.0,539.0,1.05,0.128,-0.4993,0.1506,-1.0577,0.0824,0.0,154383.0,6044.0
2026-08-24 10:20:48,2026-08-24T10:05:07,763.0,2026-08-24,C,764.0,0.59,0.6,361.0,284.0,0.6,0.125,0.3482,0.1443,-0.5986,0.0768,0.0,99912.0,1820.0
2026-08-24 10:20:48,2026-08-24T10:05:07,763.0,2026-08-24,P,764.0,1.59,1.6,28.0,49.0,1.59,0.1228,-0.6523,0.1454,-0.5926,0.0768,0.0,51701.0,6864.0
2026-08-24 10:20:48,2026-08-24T10:05:07,763.0,2026-08-24,C,765.0,0.29,0.3,1274.0,343.0,0.29,0.1218,0.2134,0.1157,-0.3049,0.0616,0.0,75142.0,6424.0
2026-08-24 10:20:48,2026-08-24T10:05:07,763.0,2026-08-24,P,765.0,2.28,2.3,154.0,42.0,2.32,0.1183,-0.7879,0.1162,-0.2998,0.0614,0.0,20061.0,19244.0
2026-08-24 10:20:48,2026-08-24T10:05:07,763.0,2026-08-24,C,766.0,0.14,0.15,782.0,2301.0,0.14,0.1222,0.121,0.0786,-0.1522,0.0438,0.0,44547.0,8787.0
2026-08-24 10:20:48,2026-08-24T10:05:07,763.0,2026-08-24,P,766.0,3.1,3.13,56.0,38.0,3.2,0.117,-0.8803,0.0786,-0.1492,0.0435,0.0,7021.0,11396.0
2026-08-24 10:20:48,2026-08-24T10:05:07,763.0,2026-08-24,C,767.0,0.06,0.07,2596.0,1042.0,0.06,0.1239,0.0707,0.0499,-0.0846,0.0302,0.0,32458.0,5623.0
2026-08-24 10:20:48,2026-08-24T10:05:07,763.0,2026-08-24,P,767.0,3.96,4.11,57.0,144.0,4.02,0.1095,-0.93,0.0497,-0.0832,0.03,0.0,2331.0,4337.0
2026-08-24 10:20:48,2026-08-24T10:05:07,763.0,2026-08-24,C,768.0,0.04,0.05,2110.0,3308.0,0.04,0.1376,0.0452,0.0323,-0.0543,0.0216,0.0,19335.0,6707.0
2026-08-24 10:20:48,2026-08-24T10:05:07,763.0,2026-08-24,P,768.0,4.93,5.2,72.0,83.0,5.05,0.1476,-0.9551,0.0322,-0.0537,0.0215,0.0,711.0,2423.0
2026-08-24 10:20:48,2026-08-24T10:05:07,763.0,2026-08-24,C,769.0,0.03,0.04,70.0,2692.0,0.04,0.1528,0.0308,0.0217,-0.0378,0.0159,0.0,9306.0,4943.0
2026-08-24 10:20:48,2026-08-24T10:05:07,763.0,2026-08-24,P,769.0,5.93,6.17,87.0,145.0,6.01,0.1626,-0.9694,0.0217,-0.0374,0.0159,0.0,358.0,3299.0
2026-08-24 10:20:48,2026-08-24T10:05:07,763.0,2026-08-24,C,770.0,0.02,0.03,1911.0,3692.0,0.02,0.1648,0.0215,0.015,-0.027,0.0119,0.0,14679.0,11088.0
2026-08-24 10:20:48,2026-08-24T10:05:07,763.0,2026-08-24,P,770.0,6.95,7.19,106.0,134.0,7.24,0.1961,-0.9787,0.0149,-0.0267,0.0118,0.0,593.0,3062.0
2026-08-24 10:20:48,2026-08-24T10:05:07,763.0,2026-08-24,C,771.0,0.02,0.03,138.0,4048.0,0.02,0.1845,0.0152,0.0104,-0.0194,0.0089,0.0,2852.0,4378.0
2026-08-24 10:20:48,2026-08-24T10:05:07,763.0,2026-08-24,P,771.0,7.92,8.16,92.0,102.0,7.98,0.1983,-0.9849,0.0104,-0.0192,0.0089,0.0,199.0,1479.0
2026-08-24 10:20:48,2026-08-24T10:05:07,763.0,2026-08-24,C,772.0,0.01,0.02,3541.0,2829.0,0.02,0.1902,0.0108,0.0073,-0.0141,0.0067,0.0,7300.0,17015.0
2026-08-24 10:20:48,2026-08-24T10:05:07,763.0,2026-08-24,P,772.0,8.92,9.21,91.0,91.0,9.08,0.2372,-0.9893,0.0073,-0.0139,0.0066,0.0,154.0,1353.0
2026-08-24 10:20:48,2026-08-24T10:05:07,763.0,2026-08-24,C,773.0,0.01,0.02,2197.0,3408.0,0.02,0.2084,0.0078,0.0052,-0.0102,0.005,0.0,2287.0,6476.0
2026-08-24 10:20:48,2026-08-24T10:05:07,763.0,2026-08-24,P,773.0,9.89,10.16,77.0,109.0,9.96,0.223,-0.9923,0.0052,-0.01,0.005,0.0,117.0,348.0
2026-08-24 10:20:48,2026-08-24T10:05:07,763.0,2026-08-24,C,774.0,0.01,0.02,2077.0,3451.0,0.01,0.2263,0.0056,0.0037,-0.0074,0.0038,0.0,906.0,3840.0
2026-08-24 10:20:48,2026-08-24T10:05:07,763.0,2026-08-24,P,774.0,10.94,11.21,110.0,135.0,10.58,0.2866,-0.9945,0.0037,-0.0073,0.0037,0.0,71.0,46.0
2026-08-24 10:20:48,2026-08-24T10:05:07,763.0,2026-08-24,C,775.0,0.01,0.02,2053.0,3712.0,0.01,0.2441,0.004,0.0027,-0.0054,0.0028,0.0,2306.0,5611.0
2026-08-24 10:20:48,2026-08-24T10:05:07,763.0,2026-08-24,P,775.0,11.93,12.17,111.0,134.0,11.24,0.2882,-0.996,0.0026,-0.0053,0.0028,0.0,50.0,13.0
2026-08-24 10:20:48,2026-08-24T10:05:07,763.0,2026-08-24,C,776.0,0.0,0.01,0.0,3179.0,0.01,0.2319,0.003,0.0019,-0.004,0.0021,0.0,2105.0,6136.0
2026-08-24 10:20:48,2026-08-24T10:05:07,763.0,2026-08-24,P,776.0,12.91,13.21,110.0,135.0,12.24,0.317,-0.9971,0.0019,-0.0039,0.0021,0.0,68.0,28.0
2026-08-24 10:20:48,2026-08-24T10:05:07,763.0,2026-08-24,C,777.0,0.0,0.01,0.0,3179.0,0.01,0.2477,0.0022,0.0014,-0.0029,0.0016,0.0,3022.0,3531.0
2026-08-24 10:20:48,2026-08-24T10:05:07,763.0,2026-08-24,P,777.0,13.93,14.23,111.0,137.0,13.24,0.3533,-0.9979,0.0014,-0.0028,0.0016,0.0,47.0,30.0
2026-08-24 10:20:48,2026-08-24T10:05:07,763.0,2026-08-24,C,778.0,0.0,0.01,0.0,3179.0,0.01,0.2634,0.0016,0.001,-0.0022,0.0012,0.0,87.0,1814.0
2026-08-24 10:20:48,2026-08-24T10:05:07,763.0,2026-08-24,P,778.0,14.87,15.19,151.0,130.0,14.23,0.3233,-0.9984,0.001,-0.0021,0.0012,0.0,29.0,6.0
2026-08-24 10:20:48,2026-08-24T10:05:07,763.0,2026-08-24,C,779.0,0.0,0.01,0.0,3186.0,0.01,0.279,0.0012,0.0008,-0.0016,0.0009,0.0,14.0,1475.0
2026-08-24 10:20:48,2026-08-24T10:05:07,763.0,2026-08-24,P,779.0,15.92,16.19,45.0,134.0,15.48,0.3721,-0.9988,0.0007,-0.0016,0.0009,0.0,44.0,27.0
2026-08-24 10:20:48,2026-08-24T10:05:07,763.0,2026-08-24,C,780.0,0.0,0.01,0.0,3181.0,0.01,0.2945,0.0009,0.0006,-0.0012,0.0007,0.0,45.0,7079.0
2026-08-24 10:20:48,2026-08-24T10:05:07,763.0,2026-08-24,P,780.0,16.89,17.19,46.0,125.0,16.7,0.3742,-0.9992,0.0005,-0.0012,0.0007,0.0,21.0,1.0
2026-08-24 10:20:48,2026-08-24T10:05:07,763.0,2026-08-24,C,781.0,0.0,0.01,0.0,3179.0,0.01,0.3099,0.0006,0.0004,-0.0009,0.0005,0.0,41.0,2996.0
2026-08-24 10:20:48,2026-08-24T10:05:07,763.0,2026-08-24,P,781.0,17.89,18.21,139.0,131.0,17.72,0.4053,-0.9994,0.0004,-0.0009,0.0005,0.0,6.0,0.0
2026-08-24 10:20:48,2026-08-24T10:05:07,763.0,2026-08-24,C,782.0,0.0,0.01,0.0,3179.0,0.01,0.3253,0.0005,0.0003,-0.0007,0.0004,0.0,3.0,1792.0
2026-08-24 10:20:48,2026-08-24T10:05:07,763.0,2026-08-24,P,782.0,18.89,19.17,46.0,47.0,18.45,0.396,-0.9995,0.0003,-0.0006,0.0004,0.0,16.0,1.0
2026-08-24 10:20:48,2026-08-24T10:05:07,763.0,2026-08-24,C,783.0,0.0,0.01,0.0,3179.0,0.01,0.3405,0.0004,0.0002,-0.0005,0.0003,0.0,73.0,751.0
2026-08-24 10:20:48,2026-08-24T10:05:07,763.0,2026-08-24,P,783.0,19.92,20.17,147.0,125.0,19.72,0.4366,-0.9996,0.0002,-0.0005,0.0003,0.0,96.0,0.0
2026-08-24 10:20:48,2026-08-24T10:05:07,763.0,2026-08-24,C,784.0,0.0,0.01,0.0,3180.0,0.01,0.3557,0.0003,0.0002,-0.0004,0.0002,0.0,3.0,807.0
2026-08-24 10:20:48,2026-08-24T10:05:07,763.0,2026-08-24,P,784.0,20.93,21.21,45.0,137.0,20.87,0.4846,-0.9997,0.0002,-0.0004,0.0002,0.0,49.0,1.0
2026-08-24 10:20:48,2026-08-24T10:05:07,763.0,2026-08-24,C,785.0,0.0,0.01,0.0,3247.0,0.01,0.3708,0.0002,0.0001,-0.0003,0.0002,0.0,175.0,1778.0
2026-08-24 10:20:48,2026-08-24T10:05:07,763.0,2026-08-24,P,785.0,21.91,22.19,45.0,98.0,21.72,0.4804,-0.9998,0.0001,-0.0003,0.0002,0.0,6.0,1.0
2026-08-24 10:20:48,2026-08-24T10:05:07,763.0,2026-08-24,C,786.0,0.0,0.01,0.0,3247.0,0.01,0.3858,0.0002,0.0001,-0.0002,0.0001,0.0,13.0,512.0
2026-08-24 10:20:48,2026-08-24T10:05:07,763.0,2026-08-24,P,786.0,22.92,23.19,46.0,46.0,22.72,0.5054,-0.9998,0.0001,-0.0002,0.0001,0.0,6.0,0.0
2026-08-24 10:20:48,2026-08-24T10:05:07,763.0,2026-08-24,C,787.0,0.0,0.01,0.0,3247.0,0.01,0.4007,0.0001,0.0001,-0.0002,0.0001,0.0,1.0,1566.0
2026-08-24 10:20:48,2026-08-24T10:05:07,763.0,2026-08-24,P,787.0,23.91,24.23,46.0,45.0,23.71,0.5421,-0.9999,0.0001,-0.0002,0.0001,0.0,19.0,0.0
2026-08-24 10:20:48,2026-08-24T10:05:07,763.0,2026-08-24,C,788.0,0.0,0.01,0.0,3252.0,0.01,0.4156,0.0001,0.0001,-0.0001,0.0001,0.0,3.0,772.0
2026-08-24 10:20:48,2026-08-24T10:05:07,763.0,2026-08-24,P,788.0,24.92,25.16,45.0,164.0,24.71,0.52,-0.9999,0.0,-0.0001,0.0001,0.0,12.0,0.0
2026-08-24 10:20:48,2026-08-24T10:05:07,763.0,2026-08-24,C,789.0,0.0,0.01,0.0,2248.0,0.01,0.4304,0.0001,0.0,-0.0001,0.0001,0.0,6.0,649.0
2026-08-24 10:20:48,2026-08-24T10:05:07,763.0,2026-08-24,P,789.0,25.91,26.16,45.0,148.0,25.72,0.5288,-0.9999,0.0,-0.0001,0.0001,0.0,6.0,0.0
2026-08-24 10:20:48,2026-08-24T10:05:07,763.0,2026-08-24,C,790.0,0.0,0.01,0.0,2248.0,0.01,0.4452,0.0001,0.0,-0.0001,0.0,0.0,0.0,1116.0
2026-08-24 10:20:48,2026-08-24T10:05:07,763.0,2026-08-24,P,790.0,26.9,27.15,45.0,45.0,26.72,0.5246,-1.0,0.0,-0.0001,0.0,0.0,6.0,0.0
2026-08-24 10:20:48,2026-08-24T10:05:07,763.0,2026-08-24,C,791.0,0.0,0.01,0.0,2248.0,0.01,0.4599,0.0,0.0,-0.0001,0.0,0.0,0.0,463.0
2026-08-24 10:20:48,2026-08-24T10:05:07,763.0,2026-08-24,P,791.0,27.9,28.21,45.0,52.0,27.69,0.5971,-1.0,0.0,0.0,0.0,0.0,4.0,0.0
2026-08-24 10:20:48,2026-08-24T10:05:07,763.0,2026-08-24,C,792.0,0.0,0.01,0.0,2248.0,0.01,0.4745,0.0,0.0,0.0,0.0,0.0,0.0,329.0
2026-08-24 10:20:48,2026-08-24T10:05:07,763.0,2026-08-24,P,792.0,28.88,29.15,15.0,15.0,28.7,0.5276,-1.0,0.0,0.0,0.0,0.0,4.0,0.0
2026-08-24 10:20:48,2026-08-24T10:05:07,763.0,2026-08-24,C,793.0,0.0,0.01,0.0,2248.0,0.01,0.4891,0.0,0.0,0.0,0.0,0.0,150.0,759.0
2026-08-24 10:20:48,2026-08-24T10:05:07,763.0,2026-08-24,P,793.0,29.78,30.16,15.0,15.0,29.89,0.0,-1.0,0.0,0.0,0.0,0.0,10.0,0.0
2026-08-24 10:20:48,2026-08-24T10:05:07,763.0,2026-08-24,C,794.0,0.0,0.01,0.0,2248.0,0.01,0.5036,0.0,0.0,0.0,0.0,0.0,0.0,727.0
2026-08-24 10:20:48,2026-08-24T10:05:07,763.0,2026-08-24,P,794.0,30.86,31.15,15.0,15.0,30.69,0.5036,-1.0,0.0,0.0,0.0,0.0,4.0,0.0
2026-08-24 10:20:48,2026-08-24T10:05:07,763.0,2026-08-24,C,795.0,0.0,0.01,0.0,2248.0,0.01,0.518,0.0,0.0,0.0,0.0,0.0,0.0,479.0
2026-08-24 10:20:48,2026-08-24T10:05:07,763.0,2026-08-24,P,795.0,31.83,32.17,2.0,2.0,31.7,0.2513,-1.0,0.0,0.0,0.0,0.0,6.0,0.0
2026-08-24 10:20:48,2026-08-24T10:05:07,763.0,2026-08-24,C,796.0,0.0,0.01,0.0,2248.0,0.01,0.5325,0.0,0.0,0.0,0.0,0.0,0.0,179.0
2026-08-24 10:20:48,2026-08-24T10:05:07,763.0,2026-08-24,P,796.0,32.29,33.17,1.0,2.0,32.67,0.0,-1.0,0.0,0.0,0.0,0.0,6.0,0.0
2026-08-24 10:20:48,2026-08-24T10:05:07,763.0,2026-08-24,C,797.0,0.0,0.01,0.0,2248.0,0.01,0.5468,0.0,0.0,0.0,0.0,0.0,0.0,122.0
2026-08-24 10:20:48,2026-08-24T10:05:07,763.0,2026-08-24,P,797.0,33.66,34.17,1.0,2.0,33.72,0.0,-1.0,0.0,0.0,0.0,0.0,6.0,0.0
2026-08-24 10:20:48,2026-08-24T10:05:07,763.0,2026-08-24,C,798.0,0.0,0.01,0.0,2248.0,0.05,0.5611,0.0,0.0,0.0,0.0,0.0,2.0,563.0
2026-08-24 10:20:48,2026-08-24T10:05:07,763.0,2026-08-24,P,798.0,34.73,35.18,2.0,2.0,35.64,0.9384,-1.0,0.0,0.0,0.0,0.0,2.0,0.0
2026-08-24 10:20:48,2026-08-24T10:05:07,763.0,2026-08-24,C,799.0,0.0,0.01,0.0,2248.0,0.01,0.5754,0.0,0.0,0.0,0.0,0.0,0.0,448.0
2026-08-24 10:20:48,2026-08-24T10:05:07,763.0,2026-08-24,P,799.0,35.3,36.18,1.0,2.0,36.62,0.0,-1.0,0.0,0.0,0.0,0.0,2.0,0.0
2026-08-24 10:20:48,2026-08-24T10:05:07,763.0,2026-08-24,C,800.0,0.0,0.01,0.0,2248.0,0.01,0.5896,0.0,0.0,0.0,0.0,0.0,0.0,1221.0
2026-08-24 10:20:48,2026-08-24T10:05:07,763.0,2026-08-24,P,800.0,36.57,37.28,1.0,1.0,37.64,0.0,-1.0,0.0,0.0,0.0,0.0,2.0,1.0
2026-08-24 10:20:48,2026-08-24T10:05:07,763.0,2026-08-24,C,801.0,0.0,0.01,0.0,2248.0,0.01,0.6038,0.0,0.0,0.0,0.0,0.0,0.0,298.0
2026-08-24 10:20:48,2026-08-24T10:05:07,763.0,2026-08-24,P,801.0,37.29,38.17,1.0,2.0,38.62,0.0,-1.0,0.0,0.0,0.0,0.0,2.0,0.0
2026-08-24 10:25:49,2026-08-24T10:10:07,762.805,2026-08-24,C,725.0,37.78,37.99,44.0,44.0,38.73,0.8243,0.9951,0.0009,-0.0225,0.003,0.0,0.0,13.0
2026-08-24 10:25:49,2026-08-24T10:10:07,762.805,2026-08-24,P,725.0,0.0,0.01,0.0,3224.0,0.01,0.6365,-0.0049,0.0009,-0.0225,0.003,0.0,1.0,984.0
2026-08-24 10:25:49,2026-08-24T10:10:07,762.805,2026-08-24,C,726.0,36.79,36.99,44.0,44.0,39.64,0.8132,0.995,0.001,-0.0226,0.003,0.0,0.0,2.0
2026-08-24 10:25:49,2026-08-24T10:10:07,762.805,2026-08-24,P,726.0,0.0,0.01,0.0,3223.0,0.02,0.6207,-0.005,0.001,-0.0226,0.003,0.0,0.0,49.0
2026-08-24 10:25:49,2026-08-24T10:10:07,762.805,2026-08-24,C,727.0,35.78,35.99,44.0,44.0,38.65,0.7851,0.9949,0.001,-0.0227,0.0031,0.0,0.0,2.0
2026-08-24 10:25:49,2026-08-24T10:10:07,762.805,2026-08-24,P,727.0,0.0,0.01,0.0,3224.0,0.01,0.6048,-0.0051,0.001,-0.0227,0.0031,0.0,0.0,142.0
2026-08-24 10:25:49,2026-08-24T10:10:07,762.805,2026-08-24,C,728.0,34.78,34.99,44.0,44.0,34.81,0.7655,0.9947,0.0011,-0.0228,0.0032,0.0,3.0,0.0
2026-08-24 10:25:49,2026-08-24T10:10:07,762.805,2026-08-24,P,728.0,0.0,0.01,0.0,3224.0,0.01,0.589,-0.0053,0.0011,-0.0228,0.0032,0.0,0.0,2120.0
2026-08-24 10:25:49,2026-08-24T10:10:07,762.805,2026-08-24,C,729.0,33.78,33.99,44.0,44.0,33.86,0.7458,0.9946,0.0011,-0.0228,0.0033,0.0,3.0,0.0
2026-08-24 10:25:49,2026-08-24T10:10:07,762.805,2026-08-24,P,729.0,0.0,0.01,0.0,3224.0,0.01,0.5732,-0.0054,0.0011,-0.0228,0.0033,0.0,8.0,249.0
2026-08-24 10:25:49,2026-08-24T10:10:07,762.805,2026-08-24,C,730.0,32.78,32.99,44.0,44.0,32.47,0.7262,0.9944,0.0012,-0.0229,0.0034,0.0,1.0,61.0
2026-08-24 10:25:49,2026-08-24T10:10:07,762.805,2026-08-24,P,730.0,0.0,0.01,0.0,3224.0,0.02,0.5573,-0.0056,0.0012,-0.0229,0.0034,0.0,0.0,2337.0
2026-08-24 10:25:49,2026-08-24T10:10:07,762.805,2026-08-24,C,731.0,31.79,32.0,44.0,44.0,31.52,0.7213,0.9943,0.0013,-0.023,0.0035,0.0,1.0,0.0
2026-08-24 10:25:49,2026-08-24T10:10:07,762.805,2026-08-24,P,731.0,0.0,0.01,0.0,3104.0,0.02,0.5414,-0.0057,0.0013,-0.023,0.0035,0.0,0.0,1383.0
2026-08-24 10:25:49,2026-08-24T10:10:07,762.805,2026-08-24,C,732.0,30.79,31.0,44.0,44.0,0.0,0.7012,0.9941,0.0013,-0.0231,0.0036,0.0,0.0,0.0
2026-08-24 10:25:49,2026-08-24T10:10:07,762.805,2026-08-24,P,732.0,0.0,0.01,0.0,3104.0,0.01,0.5256,-0.0059,0.0013,-0.0231,0.0036,0.0,15.0,958.0
2026-08-24 10:25:49,2026-08-24T10:10:07,762.805,2026-08-24,C,733.0,29.78,29.99,44.0,44.0,33.82,0.6669,0.9939,0.0014,-0.0232,0.0037,0.0,0.0,1.0
2026-08-24 10:25:49,2026-08-24T10:10:07,762.805,2026-08-24,P,733.0,0.0,0.01,0.0,3155.0,0.01,0.5097,-0.0061,0.0014,-0.0232,0.0037,0.0,1.0,281.0
2026-08-24 10:25:49,2026-08-24T10:10:07,762.805,2026-08-24,C,734.0,28.78,28.99,44.0,44.0,28.29,0.6471,0.9937,0.0015,-0.0233,0.0038,0.0,1.0,0.0
2026-08-24 10:25:49,2026-08-24T10:10:07,762.805,2026-08-24,P,734.0,0.0,0.01,0.0,3156.0,0.01,0.4938,-0.0063,0.0015,-0.0233,0.0038,0.0,15.0,426.0
2026-08-24 10:25:49,2026-08-24T10:10:07,762.805,2026-08-24,C,735.0,27.78,27.99,44.0,45.0,28.28,0.6272,0.9935,0.0016,-0.0234,0.0039,0.0,2.0,7.0
2026-08-24 10:25:49,2026-08-24T10:10:07,762.805,2026-08-24,P,735.0,0.0,0.01,0.0,3156.0,0.01,0.4778,-0.0065,0.0016,-0.0234,0.0039,0.0,5274.0,8066.0
2026-08-24 10:25:49,2026-08-24T10:10:07,762.805,2026-08-24,C,736.0,26.78,27.0,44.0,44.0,26.3,0.614,0.9933,0.0017,-0.0235,0.004,0.0,1.0,0.0
2026-08-24 10:25:49,2026-08-24T10:10:07,762.805,2026-08-24,P,736.0,0.0,0.01,0.0,3156.0,0.01,0.4618,-0.0067,0.0017,-0.0235,0.004,0.0,940.0,7980.0
2026-08-24 10:25:49,2026-08-24T10:10:07,762.805,2026-08-24,C,737.0,25.79,26.0,44.0,44.0,25.35,0.6002,0.9931,0.0018,-0.0236,0.0041,0.0,1.0,6.0
2026-08-24 10:25:49,2026-08-24T10:10:07,762.805,2026-08-24,P,737.0,0.0,0.01,0.0,3155.0,0.01,0.4459,-0.0069,0.0018,-0.0236,0.0041,0.0,2.0,1766.0
2026-08-24 10:25:49,2026-08-24T10:10:07,762.805,2026-08-24,C,738.0,24.74,25.0,44.0,45.0,25.56,0.5455,0.9928,0.0019,-0.0237,0.0043,0.0,3.0,4.0
2026-08-24 10:25:49,2026-08-24T10:10:07,762.805,2026-08-24,P,738.0,0.0,0.01,0.0,2680.0,0.01,0.4299,-0.0072,0.0019,-0.0237,0.0043,0.0,186.0,3291.0
2026-08-24 10:25:49,2026-08-24T10:10:07,762.805,2026-08-24,C,739.0,23.78,24.0,44.0,44.0,23.58,0.5534,0.9926,0.0021,-0.0238,0.0044,0.0,2.0,11.0
2026-08-24 10:25:49,2026-08-24T10:10:07,762.805,2026-08-24,P,739.0,0.0,0.01,0.0,2784.0,0.01,0.4138,-0.0074,0.0021,-0.0238,0.0044,0.0,3137.0,756.0
2026-08-24 10:25:49,2026-08-24T10:10:07,762.805,2026-08-24,C,740.0,22.79,23.0,100.0,100.0,23.16,0.5389,0.9923,0.0022,-0.0239,0.0046,0.0,4.0,13.0
2026-08-24 10:25:49,2026-08-24T10:10:07,762.805,2026-08-24,P,740.0,0.0,0.01,0.0,2427.0,0.01,0.3978,-0.0077,0.0022,-0.0239,0.0046,0.0,1601.0,1476.0
2026-08-24 10:25:49,2026-08-24T10:10:07,762.805,2026-08-24,C,741.0,21.79,22.0,101.0,100.0,21.75,0.5183,0.992,0.0024,-0.024,0.0047,0.0,27.0,2.0
2026-08-24 10:25:49,2026-08-24T10:10:07,762.805,2026-08-24,P,741.0,0.01,0.02,3308.0,3453.0,0.01,0.4265,-0.008,0.0024,-0.024,0.0047,0.0,641.0,1692.0
2026-08-24 10:25:49,2026-08-24T10:10:07,762.805,2026-08-24,C,742.0,20.79,21.0,100.0,100.0,20.75,0.4977,0.9916,0.0026,-0.0241,0.0049,0.0,26.0,13.0
2026-08-24 10:25:49,2026-08-24T10:10:07,762.805,2026-08-24,P,742.0,0.01,0.02,3303.0,3333.0,0.01,0.4089,-0.0084,0.0026,-0.0241,0.0049,0.0,493.0,744.0
2026-08-24 10:25:49,2026-08-24T10:10:07,762.805,2026-08-24,C,743.0,19.79,19.99,100.0,100.0,20.54,0.4717,0.9913,0.0028,-0.0242,0.0051,0.0,24.0,12.0
2026-08-24 10:25:49,2026-08-24T10:10:07,762.805,2026-08-24,P,743.0,0.01,0.02,2775.0,2832.0,0.01,0.3911,-0.0087,0.0028,-0.0242,0.0051,0.0,414.0,624.0
2026-08-24 10:25:49,2026-08-24T10:10:07,762.805,2026-08-24,C,744.0,18.77,18.99,101.0,100.0,19.55,0.4401,0.9909,0.003,-0.0243,0.0054,0.0,28.0,6.0
2026-08-24 10:25:49,2026-08-24T10:10:07,762.805,2026-08-24,P,744.0,0.01,0.02,2941.0,3018.0,0.02,0.3734,-0.0091,0.003,-0.0243,0.0053,0.0,55.0,1252.0
2026-08-24 10:25:49,2026-08-24T10:10:07,762.805,2026-08-24,C,745.0,17.78,18.0,100.0,100.0,17.84,0.4303,0.9904,0.0033,-0.0244,0.0056,0.0,26.0,72.0
2026-08-24 10:25:49,2026-08-24T10:10:07,762.805,2026-08-24,P,745.0,0.01,0.02,3071.0,2906.0,0.02,0.3555,-0.0096,0.0033,-0.0244,0.0056,0.0,105.0,1460.0
2026-08-24 10:25:49,2026-08-24T10:10:07,762.805,2026-08-24,C,746.0,16.78,17.0,100.0,100.0,17.8,0.4095,0.99,0.0036,-0.0245,0.0058,0.0,14.0,11.0
2026-08-24 10:25:49,2026-08-24T10:10:07,762.805,2026-08-24,P,746.0,0.01,0.02,3101.0,3281.0,0.01,0.3376,-0.01,0.0036,-0.0245,0.0058,0.0,377.0,497.0
2026-08-24 10:25:49,2026-08-24T10:10:07,762.805,2026-08-24,C,747.0,15.79,16.0,100.0,100.0,16.43,0.3931,0.9894,0.004,-0.0246,0.0061,0.0,2.0,24.0
2026-08-24 10:25:49,2026-08-24T10:10:07,762.805,2026-08-24,P,747.0,0.01,0.02,3014.0,2987.0,0.02,0.3196,-0.0106,0.004,-0.0246,0.0061,0.0,50.0,1909.0
2026-08-24 10:25:49,2026-08-24T10:10:07,762.805,2026-08-24,C,748.0,14.81,15.0,100.0,100.0,15.56,0.38,0.9888,0.0045,-0.0248,0.0065,0.0,21.0,24.0
2026-08-24 10:25:49,2026-08-24T10:10:07,762.805,2026-08-24,P,748.0,0.01,0.02,3219.0,2900.0,0.02,0.3015,-0.0112,0.0045,-0.0248,0.0065,0.0,1485.0,1955.0
2026-08-24 10:25:49,2026-08-24T10:10:07,762.805,2026-08-24,C,749.0,13.8,14.0,100.0,100.0,14.03,0.3545,0.988,0.005,-0.0251,0.0069,0.0,7.0,78.0
2026-08-24 10:25:49,2026-08-24T10:10:07,762.805,2026-08-24,P,749.0,0.02,0.03,1633.0,4126.0,0.03,0.3021,-0.0119,0.005,-0.0251,0.0068,0.0,4169.0,2418.0
2026-08-24 10:25:49,2026-08-24T10:10:07,762.805,2026-08-24,C,750.0,12.81,13.01,100.0,100.0,13.56,0.3399,0.9872,0.0057,-0.0255,0.0073,0.0,62.0,79.0
2026-08-24 10:25:49,2026-08-24T10:10:07,762.805,2026-08-24,P,750.0,0.02,0.03,3780.0,3762.0,0.02,0.2829,-0.0128,0.0057,-0.0255,0.0073,0.0,861.0,10698.0
2026-08-24 10:25:49,2026-08-24T10:10:07,762.805,2026-08-24,C,751.0,11.8,12.01,100.0,100.0,12.25,0.3143,0.986,0.0066,-0.0263,0.0079,0.0,5.0,59.0
2026-08-24 10:25:49,2026-08-24T10:10:07,762.805,2026-08-24,P,751.0,0.02,0.03,3682.0,3577.0,0.03,0.2636,-0.014,0.0065,-0.0262,0.0079,0.0,526.0,1189.0
2026-08-24 10:25:49,2026-08-24T10:10:07,762.805,2026-08-24,C,752.0,10.81,11.02,100.0,100.0,11.48,0.2983,0.9844,0.0077,-0.0277,0.0087,0.0,290.0,59.0
2026-08-24 10:25:49,2026-08-24T10:10:07,762.805,2026-08-24,P,752.0,0.02,0.03,3978.0,2378.0,0.03,0.2441,-0.0155,0.0077,-0.0276,0.0087,0.0,2321.0,1738.0
2026-08-24 10:25:49,2026-08-24T10:10:07,762.805,2026-08-24,C,753.0,9.81,10.02,150.0,98.0,10.14,0.2754,0.982,0.0094,-0.0303,0.0099,0.0,68.0,105.0
2026-08-24 10:25:49,2026-08-24T10:10:07,762.805,2026-08-24,P,753.0,0.03,0.04,2743.0,3508.0,0.04,0.2357,-0.0179,0.0093,-0.0302,0.0098,0.0,5603.0,3707.0
2026-08-24 10:25:49,2026-08-24T10:10:07,762.805,2026-08-24,C,754.0,8.82,9.03,100.0,104.0,8.77,0.2575,0.9782,0.0118,-0.0352,0.0116,0.0,363.0,90.0
2026-08-24 10:25:49,2026-08-24T10:10:07,762.805,2026-08-24,P,754.0,0.04,0.05,3461.0,3675.0,0.05,0.2234,-0.0218,0.0118,-0.0352,0.0116,0.0,1371.0,3882.0
2026-08-24 10:25:49,2026-08-24T10:10:07,762.805,2026-08-24,C,755.0,7.83,8.04,154.0,120.0,7.75,0.2383,0.9718,0.0156,-0.0443,0.0144,0.0,98.0,182.0
2026-08-24 10:25:49,2026-08-24T10:10:07,762.805,2026-08-24,P,755.0,0.05,0.06,2595.0,3350.0,0.06,0.2089,-0.0282,0.0156,-0.0443,0.0144,0.0,8356.0,7567.0
2026-08-24 10:25:49,2026-08-24T10:10:07,762.805,2026-08-24,C,756.0,6.85,7.05,72.0,100.0,6.9,0.2198,0.9612,0.0216,-0.0603,0.0186,0.0,91.0,111.0
2026-08-24 10:25:49,2026-08-24T10:10:07,762.805,2026-08-24,P,756.0,0.06,0.07,2662.0,2036.0,0.07,0.1924,-0.0388,0.0216,-0.0603,0.0186,0.0,16821.0,7665.0
2026-08-24 10:25:49,2026-08-24T10:10:07,762.805,2026-08-24,C,757.0,5.91,6.08,37.0,72.0,6.2,0.2093,0.9441,0.0306,-0.0873,0.0247,0.0,525.0,186.0
2026-08-24 10:25:49,2026-08-24T10:10:07,762.805,2026-08-24,P,757.0,0.09,0.1,1386.0,2363.0,0.09,0.1829,-0.0559,0.0306,-0.0873,0.0247,0.0,27643.0,4394.0
2026-08-24 10:25:49,2026-08-24T10:10:07,762.805,2026-08-24,C,758.0,4.94,4.97,36.0,24.0,4.87,0.1746,0.9178,0.0435,-0.1304,0.0328,0.0,308.0,149.0
2026-08-24 10:25:49,2026-08-24T10:10:07,762.805,2026-08-24,P,758.0,0.12,0.13,3024.0,1088.0,0.12,0.1683,-0.0822,0.0435,-0.1304,0.0328,0.0,25085.0,3941.0
2026-08-24 10:25:49,2026-08-24T10:10:07,762.805,2026-08-24,C,759.0,4.03,4.06,37.0,120.0,3.95,0.1623,0.8788,0.0613,-0.1965,0.043,0.0,1043.0,194.0
2026-08-24 10:25:49,2026-08-24T10:10:07,762.805,2026-08-24,P,759.0,0.18,0.19,1630.0,1193.0,0.19,0.1575,-0.1212,0.0613,-0.1965,0.043,0.0,26912.0,3264.0
2026-08-24 10:25:49,2026-08-24T10:10:07,762.805,2026-08-24,C,760.0,3.12,3.15,40.0,103.0,3.16,0.1505,0.8217,0.0848,-0.2976,0.055,0.0,2711.0,370.0
2026-08-24 10:25:49,2026-08-24T10:10:07,762.805,2026-08-24,P,760.0,0.28,0.29,1554.0,1192.0,0.28,0.1478,-0.1783,0.0848,-0.2976,0.055,0.0,65038.0,10050.0
2026-08-24 10:25:49,2026-08-24T10:10:07,762.805,2026-08-24,C,761.0,2.28,2.31,229.0,251.0,2.28,0.1414,0.7382,0.1133,-0.4568,0.0677,0.0,4151.0,318.0
2026-08-24 10:25:49,2026-08-24T10:10:07,762.805,2026-08-24,P,761.0,0.44,0.45,743.0,336.0,0.45,0.1384,-0.2618,0.1133,-0.4568,0.0677,0.0,73391.0,4492.0
2026-08-24 10:25:49,2026-08-24T10:10:07,762.805,2026-08-24,C,762.0,1.55,1.56,73.0,37.0,1.56,0.133,0.6211,0.1413,-0.7118,0.0783,0.0,21357.0,936.0
2026-08-24 10:25:49,2026-08-24T10:10:07,762.805,2026-08-24,P,762.0,0.7,0.71,321.0,384.0,0.71,0.1305,-0.3789,0.1413,-0.7118,0.0783,0.0,130575.0,3574.0
2026-08-24 10:25:49,2026-08-24T10:10:07,762.805,2026-08-24,C,763.0,0.95,0.96,198.0,363.0,0.95,0.1271,0.4733,0.1562,-0.9324,0.0817,0.0,66360.0,1198.0
2026-08-24 10:25:49,2026-08-24T10:10:07,762.805,2026-08-24,P,763.0,1.1,1.11,105.0,230.0,1.11,0.124,-0.5267,0.1562,-0.9324,0.0817,0.0,171622.0,6044.0
2026-08-24 10:25:49,2026-08-24T10:10:07,762.805,2026-08-24,C,764.0,0.51,0.52,916.0,405.0,0.52,0.1214,0.3166,0.1452,-0.5021,0.0737,0.0,109119.0,1820.0
2026-08-24 10:25:49,2026-08-24T10:10:07,762.805,2026-08-24,P,764.0,1.65,1.68,293.0,194.0,1.66,0.1193,-0.6834,0.1452,-0.5021,0.0737,0.0,55239.0,6864.0
2026-08-24 10:25:49,2026-08-24T10:10:07,762.805,2026-08-24,C,765.0,0.25,0.26,1398.0,1496.0,0.25,0.1199,0.1858,0.1103,-0.2464,0.0567,0.0,83557.0,6424.0
2026-08-24 10:25:49,2026-08-24T10:10:07,762.805,2026-08-24,P,765.0,2.39,2.41,37.0,40.0,2.42,0.1163,-0.8142,0.1103,-0.2464,0.0567,0.0,21208.0,19244.0
2026-08-24 10:25:49,2026-08-24T10:10:07,762.805,2026-08-24,C,766.0,0.11,0.12,2405.0,2132.0,0.12,0.12,0.1031,0.0717,-0.1226,0.0392,0.0,51544.0,8787.0
2026-08-24 10:25:49,2026-08-24T10:10:07,762.805,2026-08-24,P,766.0,3.25,3.28,50.0,36.0,3.23,0.1158,-0.8969,0.0717,-0.1226,0.0392,0.0,7516.0,11396.0
2026-08-24 10:25:49,2026-08-24T10:10:07,762.805,2026-08-24,C,767.0,0.05,0.06,3404.0,1796.0,0.06,0.1245,0.0607,0.0448,-0.0699,0.0269,0.0,34893.0,5623.0
2026-08-24 10:25:49,2026-08-24T10:10:07,762.805,2026-08-24,P,767.0,4.08,4.24,100.0,22.0,4.13,0.0,-0.9393,0.0448,-0.0699,0.0269,0.0,2389.0,4337.0
2026-08-24 10:25:49,2026-08-24T10:10:07,762.805,2026-08-24,C,768.0,0.03,0.04,3321.0,3502.0,0.03,0.1361,0.039,0.0289,-0.0455,0.0192,0.0,19730.0,6707.0
2026-08-24 10:25:49,2026-08-24T10:10:07,762.805,2026-08-24,P,768.0,5.1,5.22,123.0,100.0,5.16,0.0,-0.961,0.0289,-0.0455,0.0192,0.0,750.0,2423.0
2026-08-24 10:25:49,2026-08-24T10:10:07,762.805,2026-08-24,C,769.0,0.02,0.03,2861.0,3152.0,0.03,0.1492,0.0264,0.0193,-0.0314,0.014,0.0,9847.0,4943.0
2026-08-24 10:25:49,2026-08-24T10:10:07,762.805,2026-08-24,P,769.0,6.04,6.25,225.0,194.0,6.16,0.0,-0.9736,0.0193,-0.0314,0.014,0.0,364.0,3299.0
2026-08-24 10:25:49,2026-08-24T10:10:07,762.805,2026-08-24,C,770.0,0.02,0.03,950.0,4675.0,0.02,0.1693,0.0181,0.0131,-0.022,0.0103,0.0,14867.0,11088.0
2026-08-24 10:25:49,2026-08-24T10:10:07,762.805,2026-08-24,P,770.0,7.04,7.24,225.0,185.0,7.4,0.0,-0.9819,0.0131,-0.022,0.0103,0.0,677.0,3062.0
2026-08-24 10:25:49,2026-08-24T10:10:07,762.805,2026-08-24,C,771.0,0.01,0.02,3487.0,3922.0,0.02,0.1757,0.0127,0.0091,-0.0157,0.0076,0.0,3324.0,4378.0
2026-08-24 10:25:49,2026-08-24T10:10:07,762.805,2026-08-24,P,771.0,8.03,8.27,100.0,152.0,8.11,0.0,-0.9874,0.009,-0.0155,0.0076,0.0,208.0,1479.0
2026-08-24 10:25:49,2026-08-24T10:10:07,762.805,2026-08-24,C,772.0,0.01,0.02,2798.0,3357.0,0.01,0.1942,0.0089,0.0063,-0.0111,0.0056,0.0,7346.0,17015.0
2026-08-24 10:25:49,2026-08-24T10:10:07,762.805,2026-08-24,P,772.0,9.03,9.24,100.0,100.0,9.12,0.0,-0.9912,0.0062,-0.011,0.0056,0.0,156.0,1353.0
2026-08-24 10:25:49,2026-08-24T10:10:07,762.805,2026-08-24,C,773.0,0.01,0.02,2044.0,3409.0,0.01,0.2124,0.0062,0.0044,-0.0078,0.0041,0.0,2318.0,6476.0
2026-08-24 10:25:49,2026-08-24T10:10:07,762.805,2026-08-24,P,773.0,10.03,10.24,119.0,100.0,10.09,0.0,-0.9938,0.0043,-0.0078,0.0041,0.0,120.0,348.0
2026-08-24 10:25:49,2026-08-24T10:10:07,762.805,2026-08-24,C,774.0,0.01,0.02,1187.0,3166.0,0.01,0.2304,0.0044,0.0031,-0.0056,0.0031,0.0,980.0,3840.0
2026-08-24 10:25:49,2026-08-24T10:10:07,762.805,2026-08-24,P,774.0,11.03,11.23,100.0,100.0,10.58,0.0,-0.9956,0.003,-0.0055,0.003,0.0,71.0,46.0
2026-08-24 10:25:49,2026-08-24T10:10:07,762.805,2026-08-24,C,775.0,0.01,0.02,1069.0,3576.0,0.01,0.2483,0.0031,0.0022,-0.004,0.0022,0.0,2677.0,5611.0
2026-08-24 10:25:49,2026-08-24T10:10:07,762.805,2026-08-24,P,775.0,12.03,12.26,100.0,100.0,12.01,0.0,-0.9969,0.0021,-0.0039,0.0022,0.0,52.0,13.0
2026-08-24 10:25:49,2026-08-24T10:10:07,762.805,2026-08-24,C,776.0,0.0,0.01,0.0,3299.0,0.01,0.2357,0.0022,0.0015,-0.0028,0.0017,0.0,2337.0,6136.0
2026-08-24 10:25:49,2026-08-24T10:10:07,762.805,2026-08-24,P,776.0,13.02,13.24,100.0,100.0,12.24,0.0,-0.9978,0.0015,-0.0028,0.0016,0.0,68.0,28.0
2026-08-24 10:25:49,2026-08-24T10:10:07,762.805,2026-08-24,C,777.0,0.0,0.01,0.0,3329.0,0.01,0.2517,0.0016,0.0011,-0.002,0.0012,0.0,3112.0,3531.0
2026-08-24 10:25:49,2026-08-24T10:10:07,762.805,2026-08-24,P,777.0,14.02,14.25,100.0,100.0,13.24,0.0,-0.9984,0.0011,-0.002,0.0012,0.0,47.0,30.0
2026-08-24 10:25:49,2026-08-24T10:10:07,762.805,2026-08-24,C,778.0,0.0,0.01,0.0,3179.0,0.01,0.2675,0.0011,0.0008,-0.0015,0.0009,0.0,117.0,1814.0
2026-08-24 10:25:49,2026-08-24T10:10:07,762.805,2026-08-24,P,778.0,15.02,15.23,100.0,100.0,14.23,0.0,-0.9989,0.0008,-0.0014,0.0009,0.0,29.0,6.0
2026-08-24 10:25:49,2026-08-24T10:10:07,762.805,2026-08-24,C,779.0,0.0,0.01,0.0,3186.0,0.01,0.2832,0.0008,0.0006,-0.0011,0.0007,0.0,14.0,1475.0
2026-08-24 10:25:49,2026-08-24T10:10:07,762.805,2026-08-24,P,779.0,16.03,16.23,100.0,100.0,15.48,0.0,-0.9992,0.0006,-0.001,0.0007,0.0,44.0,27.0
2026-08-24 10:25:49,2026-08-24T10:10:07,762.805,2026-08-24,C,780.0,0.0,0.01,0.0,3181.0,0.01,0.2988,0.0006,0.0004,-0.0008,0.0005,0.0,45.0,7079.0
2026-08-24 10:25:49,2026-08-24T10:10:07,762.805,2026-08-24,P,780.0,17.03,17.3,100.0,100.0,16.7,0.0,-0.9994,0.0004,-0.0008,0.0005,0.0,21.0,1.0
2026-08-24 10:25:49,2026-08-24T10:10:07,762.805,2026-08-24,C,781.0,0.0,0.01,0.0,3179.0,0.01,0.3143,0.0004,0.0003,-0.0006,0.0004,0.0,41.0,2996.0
2026-08-24 10:25:49,2026-08-24T10:10:07,762.805,2026-08-24,P,781.0,18.03,18.3,100.0,101.0,17.72,0.0,-0.9996,0.0003,-0.0006,0.0004,0.0,6.0,0.0
2026-08-24 10:25:49,2026-08-24T10:10:07,762.805,2026-08-24,C,782.0,0.0,0.01,0.0,3179.0,0.01,0.3297,0.0003,0.0002,-0.0004,0.0003,0.0,6.0,1792.0
2026-08-24 10:25:49,2026-08-24T10:10:07,762.805,2026-08-24,P,782.0,19.03,19.27,100.0,100.0,18.45,0.0,-0.9997,0.0002,-0.0004,0.0003,0.0,16.0,1.0
2026-08-24 10:25:49,2026-08-24T10:10:07,762.805,2026-08-24,C,783.0,0.0,0.01,0.0,3179.0,0.01,0.345,0.0002,0.0002,-0.0003,0.0002,0.0,73.0,751.0
2026-08-24 10:25:49,2026-08-24T10:10:07,762.805,2026-08-24,P,783.0,20.03,20.24,100.0,100.0,19.72,0.0,-0.9998,0.0002,-0.0003,0.0002,0.0,96.0,0.0
2026-08-24 10:25:49,2026-08-24T10:10:07,762.805,2026-08-24,C,784.0,0.0,0.01,0.0,3128.0,0.01,0.3603,0.0002,0.0001,-0.0002,0.0002,0.0,3.0,807.0
2026-08-24 10:25:49,2026-08-24T10:10:07,762.805,2026-08-24,P,784.0,21.03,21.23,45.0,100.0,20.92,0.0,-0.9998,0.0001,-0.0002,0.0002,0.0,51.0,1.0
2026-08-24 10:25:49,2026-08-24T10:10:07,762.805,2026-08-24,C,785.0,0.0,0.01,0.0,3247.0,0.01,0.3755,0.0001,0.0001,-0.0002,0.0001,0.0,175.0,1778.0
2026-08-24 10:25:49,2026-08-24T10:10:07,762.805,2026-08-24,P,785.0,22.03,22.24,50.0,101.0,21.72,0.0,-0.9999,0.0001,-0.0002,0.0001,0.0,6.0,1.0
2026-08-24 10:25:49,2026-08-24T10:10:07,762.805,2026-08-24,C,786.0,0.0,0.01,0.0,3247.0,0.01,0.3906,0.0001,0.0001,-0.0001,0.0001,0.0,13.0,512.0
2026-08-24 10:25:49,2026-08-24T10:10:07,762.805,2026-08-24,P,786.0,23.01,23.23,45.0,43.0,22.72,0.0,-0.9999,0.0001,-0.0001,0.0001,0.0,6.0,0.0
2026-08-24 10:25:49,2026-08-24T10:10:07,762.805,2026-08-24,C,787.0,0.0,0.01,0.0,3247.0,0.01,0.4056,0.0001,0.0,-0.0001,0.0001,0.0,1.0,1566.0
2026-08-24 10:25:49,2026-08-24T10:10:07,762.805,2026-08-24,P,787.0,24.02,24.24,214.0,44.0,23.71,0.0,-0.9999,0.0,-0.0001,0.0001,0.0,19.0,0.0
2026-08-24 10:25:49,2026-08-24T10:10:07,762.805,2026-08-24,C,788.0,0.0,0.01,0.0,3252.0,0.01,0.4206,0.0001,0.0,-0.0001,0.0,0.0,3.0,772.0
2026-08-24 10:25:49,2026-08-24T10:10:07,762.805,2026-08-24,P,788.0,25.02,25.25,45.0,44.0,24.71,0.0,-0.9999,0.0,-0.0001,0.0,0.0,12.0,0.0
2026-08-24 10:25:49,2026-08-24T10:10:07,762.805,2026-08-24,C,789.0,0.0,0.01,0.0,3248.0,0.01,0.4355,0.0,0.0,0.0,0.0,0.0,6.0,649.0
2026-08-24 10:25:49,2026-08-24T10:10:07,762.805,2026-08-24,P,789.0,26.03,26.27,43.0,44.0,25.72,0.0,-1.0,0.0,0.0,0.0,0.0,6.0,0.0
2026-08-24 10:25:49,2026-08-24T10:10:07,762.805,2026-08-24,C,790.0,0.0,0.01,0.0,3948.0,0.01,0.4503,0.0,0.0,0.0,0.0,0.0,0.0,1116.0
2026-08-24 10:25:49,2026-08-24T10:10:07,762.805,2026-08-24,P,790.0,27.01,27.24,45.0,44.0,26.72,0.0,-1.0,0.0,0.0,0.0,0.0,6.0,0.0
2026-08-24 10:25:49,2026-08-24T10:10:07,762.805,2026-08-24,C,791.0,0.0,0.01,0.0,3248.0,0.01,0.4651,0.0,0.0,0.0,0.0,0.0,0.0,463.0
2026-08-24 10:25:49,2026-08-24T10:10:07,762.805,2026-08-24,P,791.0,28.01,28.24,45.0,44.0,27.69,0.0,-1.0,0.0,0.0,0.0,0.0,4.0,0.0
2026-08-24 10:25:49,2026-08-24T10:10:07,762.805,2026-08-24,C,792.0,0.0,0.01,0.0,3248.0,0.01,0.4798,0.0,0.0,0.0,0.0,0.0,0.0,329.0
2026-08-24 10:25:49,2026-08-24T10:10:07,762.805,2026-08-24,P,792.0,29.01,29.24,15.0,15.0,28.7,0.0,-1.0,0.0,0.0,0.0,0.0,4.0,0.0
2026-08-24 10:25:49,2026-08-24T10:10:07,762.805,2026-08-24,C,793.0,0.0,0.01,0.0,5538.0,0.01,0.4945,0.0,0.0,0.0,0.0,0.0,150.0,759.0
2026-08-24 10:25:49,2026-08-24T10:10:07,762.805,2026-08-24,P,793.0,30.02,30.24,1.0,15.0,29.89,0.0,-1.0,0.0,0.0,0.0,0.0,10.0,0.0
2026-08-24 10:25:49,2026-08-24T10:10:07,762.805,2026-08-24,C,794.0,0.0,0.01,0.0,3248.0,0.01,0.5091,0.0,0.0,0.0,0.0,0.0,0.0,727.0
2026-08-24 10:25:49,2026-08-24T10:10:07,762.805,2026-08-24,P,794.0,31.01,31.22,15.0,15.0,30.69,0.0,-1.0,0.0,0.0,0.0,0.0,4.0,0.0
2026-08-24 10:25:49,2026-08-24T10:10:07,762.805,2026-08-24,C,795.0,0.0,0.01,0.0,6184.0,0.01,0.5236,0.0,0.0,0.0,0.0,0.0,0.0,479.0
2026-08-24 10:25:49,2026-08-24T10:10:07,762.805,2026-08-24,P,795.0,31.93,32.33,2.0,2.0,31.7,0.0,-1.0,0.0,0.0,0.0,0.0,6.0,0.0
2026-08-24 10:25:49,2026-08-24T10:10:07,762.805,2026-08-24,C,796.0,0.0,0.01,0.0,2248.0,0.01,0.5382,0.0,0.0,0.0,0.0,0.0,0.0,179.0
2026-08-24 10:25:49,2026-08-24T10:10:07,762.805,2026-08-24,P,796.0,32.92,33.34,1.0,2.0,32.67,0.7593,-1.0,0.0,0.0,0.0,0.0,6.0,0.0
2026-08-24 10:25:49,2026-08-24T10:10:07,762.805,2026-08-24,C,797.0,0.0,0.01,0.0,2248.0,0.01,0.5526,0.0,0.0,0.0,0.0,0.0,0.0,122.0
2026-08-24 10:25:49,2026-08-24T10:10:07,762.805,2026-08-24,P,797.0,33.99,34.33,2.0,2.0,33.72,0.0,-1.0,0.0,0.0,0.0,0.0,6.0,0.0
2026-08-24 10:25:49,2026-08-24T10:10:07,762.805,2026-08-24,C,798.0,0.0,0.01,0.0,2248.0,0.05,0.567,0.0,0.0,0.0,0.0,0.0,2.0,563.0
2026-08-24 10:25:49,2026-08-24T10:10:07,762.805,2026-08-24,P,798.0,34.99,35.81,2.0,1.0,35.64,0.0,-1.0,0.0,0.0,0.0,0.0,2.0,0.0
2026-08-24 10:25:49,2026-08-24T10:10:07,762.805,2026-08-24,C,799.0,0.0,0.01,0.0,2248.0,0.01,0.5814,0.0,0.0,0.0,0.0,0.0,0.0,448.0
2026-08-24 10:25:49,2026-08-24T10:10:07,762.805,2026-08-24,P,799.0,35.98,36.42,2.0,1.0,36.62,0.0,-1.0,0.0,0.0,0.0,0.0,2.0,0.0
2026-08-24 10:25:49,2026-08-24T10:10:07,762.805,2026-08-24,C,800.0,0.0,0.01,0.0,6268.0,0.01,0.5957,0.0,0.0,0.0,0.0,0.0,0.0,1221.0
2026-08-24 10:25:49,2026-08-24T10:10:07,762.805,2026-08-24,P,800.0,37.01,37.44,2.0,1.0,37.64,0.4796,-1.0,0.0,0.0,0.0,0.0,2.0,1.0
2026-08-24 10:30:50,2026-08-24T10:15:07,762.955,2026-08-24,C,725.0,37.85,38.07,45.0,45.0,38.73,0.0,0.9961,0.0008,-0.0173,0.0024,0.0,0.0,13.0
2026-08-24 10:30:50,2026-08-24T10:15:07,762.955,2026-08-24,P,725.0,0.0,0.01,0.0,3224.0,0.01,0.6429,-0.0039,0.0008,-0.0173,0.0024,0.0,1.0,984.0
2026-08-24 10:30:50,2026-08-24T10:15:07,762.955,2026-08-24,C,726.0,36.85,37.08,45.0,45.0,39.64,0.0,0.996,0.0008,-0.0174,0.0025,0.0,0.0,2.0
2026-08-24 10:30:50,2026-08-24T10:15:07,762.955,2026-08-24,P,726.0,0.0,0.01,0.0,3223.0,0.02,0.627,-0.004,0.0008,-0.0174,0.0025,0.0,0.0,49.0
2026-08-24 10:30:50,2026-08-24T10:15:07,762.955,2026-08-24,C,727.0,35.85,36.08,24.0,24.0,38.65,0.0,0.9959,0.0009,-0.0174,0.0026,0.0,0.0,2.0
2026-08-24 10:30:50,2026-08-24T10:15:07,762.955,2026-08-24,P,727.0,0.0,0.01,0.0,3224.0,0.01,0.6111,-0.0041,0.0009,-0.0174,0.0026,0.0,0.0,142.0
2026-08-24 10:30:50,2026-08-24T10:15:07,762.955,2026-08-24,C,728.0,34.85,35.08,24.0,24.0,34.81,0.0,0.9958,0.0009,-0.0175,0.0026,0.0,3.0,0.0
2026-08-24 10:30:50,2026-08-24T10:15:07,762.955,2026-08-24,P,728.0,0.0,0.01,0.0,3224.0,0.01,0.5952,-0.0042,0.0009,-0.0175,0.0026,0.0,0.0,2120.0
2026-08-24 10:30:50,2026-08-24T10:15:07,762.955,2026-08-24,C,729.0,33.84,34.08,45.0,45.0,33.86,0.0,0.9956,0.001,-0.0175,0.0027,0.0,3.0,0.0
2026-08-24 10:30:50,2026-08-24T10:15:07,762.955,2026-08-24,P,729.0,0.0,0.01,0.0,3224.0,0.01,0.5792,-0.0044,0.001,-0.0175,0.0027,0.0,8.0,249.0
2026-08-24 10:30:50,2026-08-24T10:15:07,762.955,2026-08-24,C,730.0,32.84,33.08,45.0,45.0,32.47,0.0,0.9955,0.001,-0.0176,0.0028,0.0,1.0,61.0
2026-08-24 10:30:50,2026-08-24T10:15:07,762.955,2026-08-24,P,730.0,0.0,0.01,0.0,3224.0,0.02,0.5633,-0.0045,0.001,-0.0176,0.0028,0.0,0.0,2337.0
2026-08-24 10:30:50,2026-08-24T10:15:07,762.955,2026-08-24,C,731.0,31.85,32.07,24.0,24.0,31.52,0.0,0.9954,0.0011,-0.0177,0.0028,0.0,1.0,0.0
2026-08-24 10:30:50,2026-08-24T10:15:07,762.955,2026-08-24,P,731.0,0.0,0.01,0.0,3104.0,0.02,0.5473,-0.0046,0.0011,-0.0177,0.0028,0.0,0.0,1383.0
2026-08-24 10:30:50,2026-08-24T10:15:07,762.955,2026-08-24,C,732.0,30.85,31.07,24.0,24.0,0.0,0.0,0.9952,0.0011,-0.0177,0.0029,0.0,0.0,0.0
2026-08-24 10:30:50,2026-08-24T10:15:07,762.955,2026-08-24,P,732.0,0.0,0.01,0.0,3104.0,0.01,0.5313,-0.0048,0.0011,-0.0177,0.0029,0.0,15.0,958.0
2026-08-24 10:30:50,2026-08-24T10:15:07,762.955,2026-08-24,C,733.0,29.85,30.07,24.0,24.0,33.82,0.0,0.9951,0.0012,-0.0178,0.003,0.0,0.0,1.0
2026-08-24 10:30:50,2026-08-24T10:15:07,762.955,2026-08-24,P,733.0,0.0,0.01,0.0,3155.0,0.01,0.5153,-0.0049,0.0012,-0.0178,0.003,0.0,1.0,281.0
2026-08-24 10:30:50,2026-08-24T10:15:07,762.955,2026-08-24,C,734.0,28.83,29.08,45.0,45.0,28.29,0.0,0.995,0.0013,-0.0179,0.0031,0.0,1.0,0.0
2026-08-24 10:30:50,2026-08-24T10:15:07,762.955,2026-08-24,P,734.0,0.0,0.01,0.0,3156.0,0.01,0.4993,-0.005,0.0013,-0.0179,0.0031,0.0,15.0,426.0
2026-08-24 10:30:50,2026-08-24T10:15:07,762.955,2026-08-24,C,735.0,27.81,28.08,46.0,45.0,28.28,0.0,0.9948,0.0013,-0.0179,0.0032,0.0,2.0,7.0
2026-08-24 10:30:50,2026-08-24T10:15:07,762.955,2026-08-24,P,735.0,0.0,0.01,0.0,3156.0,0.01,0.4833,-0.0052,0.0013,-0.0179,0.0032,0.0,5274.0,8066.0
2026-08-24 10:30:50,2026-08-24T10:15:07,762.955,2026-08-24,C,736.0,26.85,27.08,24.0,24.0,26.3,0.0,0.9946,0.0014,-0.018,0.0033,0.0,1.0,0.0
2026-08-24 10:30:50,2026-08-24T10:15:07,762.955,2026-08-24,P,736.0,0.0,0.01,0.0,3156.0,0.01,0.4672,-0.0054,0.0014,-0.018,0.0033,0.0,940.0,7980.0
2026-08-24 10:30:50,2026-08-24T10:15:07,762.955,2026-08-24,C,737.0,25.85,26.08,24.0,24.0,25.35,0.0,0.9944,0.0015,-0.018,0.0034,0.0,1.0,6.0
2026-08-24 10:30:50,2026-08-24T10:15:07,762.955,2026-08-24,P,737.0,0.0,0.01,0.0,2730.0,0.01,0.4511,-0.0056,0.0015,-0.018,0.0034,0.0,2.0,1766.0
2026-08-24 10:30:50,2026-08-24T10:15:07,762.955,2026-08-24,C,738.0,24.84,25.08,45.0,46.0,25.56,0.0,0.9942,0.0016,-0.0181,0.0035,0.0,3.0,4.0
2026-08-24 10:30:50,2026-08-24T10:15:07,762.955,2026-08-24,P,738.0,0.0,0.01,0.0,2680.0,0.01,0.435,-0.0058,0.0016,-0.0181,0.0035,0.0,253.0,3291.0
2026-08-24 10:30:50,2026-08-24T10:15:07,762.955,2026-08-24,C,739.0,23.85,24.08,45.0,45.0,23.58,0.0,0.994,0.0017,-0.0182,0.0036,0.0,2.0,11.0
2026-08-24 10:30:50,2026-08-24T10:15:07,762.955,2026-08-24,P,739.0,0.0,0.01,0.0,2784.0,0.01,0.4189,-0.006,0.0017,-0.0182,0.0036,0.0,3137.0,756.0
2026-08-24 10:30:50,2026-08-24T10:15:07,762.955,2026-08-24,C,740.0,22.86,23.08,45.0,46.0,23.16,0.0,0.9938,0.0019,-0.0182,0.0038,0.0,4.0,13.0
2026-08-24 10:30:50,2026-08-24T10:15:07,762.955,2026-08-24,P,740.0,0.0,0.01,0.0,2547.0,0.01,0.4027,-0.0062,0.0019,-0.0182,0.0038,0.0,1646.0,1476.0
2026-08-24 10:30:50,2026-08-24T10:15:07,762.955,2026-08-24,C,741.0,21.86,22.08,100.0,100.0,21.75,0.0,0.9936,0.002,-0.0183,0.0039,0.0,27.0,2.0
2026-08-24 10:30:50,2026-08-24T10:15:07,762.955,2026-08-24,P,741.0,0.01,0.02,2197.0,3333.0,0.01,0.4319,-0.0064,0.002,-0.0183,0.0039,0.0,641.0,1692.0
2026-08-24 10:30:50,2026-08-24T10:15:07,762.955,2026-08-24,C,742.0,20.87,21.08,100.0,100.0,20.75,0.0,0.9933,0.0022,-0.0184,0.004,0.0,26.0,13.0
2026-08-24 10:30:50,2026-08-24T10:15:07,762.955,2026-08-24,P,742.0,0.01,0.02,2873.0,3333.0,0.01,0.4141,-0.0067,0.0022,-0.0184,0.004,0.0,673.0,744.0
2026-08-24 10:30:50,2026-08-24T10:15:07,762.955,2026-08-24,C,743.0,19.86,20.07,100.0,100.0,20.54,0.0,0.993,0.0024,-0.0185,0.0042,0.0,24.0,12.0
2026-08-24 10:30:50,2026-08-24T10:15:07,762.955,2026-08-24,P,743.0,0.01,0.02,3275.0,3332.0,0.01,0.3963,-0.007,0.0024,-0.0185,0.0042,0.0,594.0,624.0
2026-08-24 10:30:50,2026-08-24T10:15:07,762.955,2026-08-24,C,744.0,18.86,19.07,100.0,100.0,18.81,0.0,0.9927,0.0026,-0.0186,0.0044,0.0,29.0,6.0
2026-08-24 10:30:50,2026-08-24T10:15:07,762.955,2026-08-24,P,744.0,0.01,0.02,2775.0,2833.0,0.02,0.3784,-0.0073,0.0026,-0.0186,0.0044,0.0,55.0,1252.0
2026-08-24 10:30:50,2026-08-24T10:15:07,762.955,2026-08-24,C,745.0,17.89,18.08,100.0,100.0,17.84,0.0,0.9923,0.0028,-0.0187,0.0046,0.0,26.0,72.0
2026-08-24 10:30:50,2026-08-24T10:15:07,762.955,2026-08-24,P,745.0,0.01,0.02,2802.0,2833.0,0.02,0.3605,-0.0077,0.0028,-0.0187,0.0046,0.0,105.0,1460.0
2026-08-24 10:30:50,2026-08-24T10:15:07,762.955,2026-08-24,C,746.0,16.87,17.08,100.0,100.0,17.8,0.0,0.9919,0.0031,-0.0188,0.0048,0.0,14.0,11.0
2026-08-24 10:30:50,2026-08-24T10:15:07,762.955,2026-08-24,P,746.0,0.01,0.02,2802.0,2635.0,0.01,0.3424,-0.0081,0.0031,-0.0188,0.0048,0.0,446.0,497.0
2026-08-24 10:30:50,2026-08-24T10:15:07,762.955,2026-08-24,C,747.0,15.87,16.09,100.0,100.0,16.43,0.0,0.9914,0.0034,-0.019,0.0051,0.0,2.0,24.0
2026-08-24 10:30:50,2026-08-24T10:15:07,762.955,2026-08-24,P,747.0,0.01,0.02,2775.0,2850.0,0.02,0.3244,-0.0086,0.0034,-0.019,0.0051,0.0,54.0,1909.0
2026-08-24 10:30:50,2026-08-24T10:15:07,762.955,2026-08-24,C,748.0,14.86,15.09,100.0,100.0,14.54,0.0,0.9909,0.0038,-0.0192,0.0054,0.0,23.0,24.0
2026-08-24 10:30:50,2026-08-24T10:15:07,762.955,2026-08-24,P,748.0,0.01,0.02,2786.0,2748.0,0.01,0.3062,-0.0091,0.0038,-0.0192,0.0054,0.0,1511.0,1955.0
2026-08-24 10:30:50,2026-08-24T10:15:07,762.955,2026-08-24,C,749.0,13.87,14.09,100.0,100.0,13.77,0.0,0.9902,0.0043,-0.0196,0.0058,0.0,9.0,78.0
2026-08-24 10:30:50,2026-08-24T10:15:07,762.955,2026-08-24,P,749.0,0.02,0.03,1508.0,4056.0,0.02,0.3069,-0.0098,0.0043,-0.0196,0.0058,0.0,4170.0,2418.0
2026-08-24 10:30:50,2026-08-24T10:15:07,762.955,2026-08-24,C,750.0,12.86,13.09,100.0,100.0,12.85,0.0,0.9894,0.0049,-0.0201,0.0062,0.0,64.0,79.0
2026-08-24 10:30:50,2026-08-24T10:15:07,762.955,2026-08-24,P,750.0,0.02,0.03,3386.0,3738.0,0.03,0.2876,-0.0106,0.0049,-0.0201,0.0062,0.0,970.0,10698.0
2026-08-24 10:30:50,2026-08-24T10:15:07,762.955,2026-08-24,C,751.0,11.89,12.1,100.0,100.0,12.25,0.0,0.9883,0.0057,-0.0212,0.0068,0.0,5.0,59.0
2026-08-24 10:30:50,2026-08-24T10:15:07,762.955,2026-08-24,P,751.0,0.02,0.03,3224.0,3416.0,0.03,0.2682,-0.0117,0.0057,-0.0212,0.0068,0.0,540.0,1189.0
2026-08-24 10:30:50,2026-08-24T10:15:07,762.955,2026-08-24,C,752.0,10.89,11.1,100.0,100.0,11.48,0.0,0.9867,0.0068,-0.0229,0.0076,0.0,290.0,59.0
2026-08-24 10:30:50,2026-08-24T10:15:07,762.955,2026-08-24,P,752.0,0.02,0.03,3306.0,2384.0,0.02,0.2486,-0.0133,0.0068,-0.0229,0.0076,0.0,2621.0,1738.0
2026-08-24 10:30:50,2026-08-24T10:15:07,762.955,2026-08-24,C,753.0,9.89,10.1,74.0,91.0,9.68,0.0,0.9843,0.0084,-0.0259,0.0088,0.0,69.0,105.0
2026-08-24 10:30:50,2026-08-24T10:15:07,762.955,2026-08-24,P,753.0,0.03,0.04,1781.0,3554.0,0.03,0.2403,-0.0157,0.0084,-0.0259,0.0088,0.0,5933.0,3707.0
2026-08-24 10:30:50,2026-08-24T10:15:07,762.955,2026-08-24,C,754.0,8.9,9.11,98.0,100.0,8.75,0.1742,0.9804,0.0108,-0.0311,0.0106,0.0,365.0,90.0
2026-08-24 10:30:50,2026-08-24T10:15:07,762.955,2026-08-24,P,754.0,0.04,0.05,1672.0,3680.0,0.04,0.2285,-0.0196,0.0108,-0.0311,0.0106,0.0,1492.0,3882.0
2026-08-24 10:30:50,2026-08-24T10:15:07,762.955,2026-08-24,C,755.0,7.91,8.12,88.0,100.0,8.02,0.1771,0.9743,0.0145,-0.0399,0.0133,0.0,108.0,182.0
2026-08-24 10:30:50,2026-08-24T10:15:07,762.955,2026-08-24,P,755.0,0.05,0.06,1179.0,4335.0,0.05,0.2141,-0.0257,0.0145,-0.0399,0.0133,0.0,12342.0,7567.0
2026-08-24 10:30:50,2026-08-24T10:15:07,762.955,2026-08-24,C,756.0,6.93,7.13,72.0,63.0,6.99,0.1692,0.9645,0.02,-0.0546,0.0173,0.0,97.0,111.0
2026-08-24 10:30:50,2026-08-24T10:15:07,762.955,2026-08-24,P,756.0,0.06,0.07,2696.0,2752.0,0.06,0.1977,-0.0355,0.02,-0.0546,0.0173,0.0,18967.0,7665.0
2026-08-24 10:30:50,2026-08-24T10:15:07,762.955,2026-08-24,C,757.0,6.02,6.15,104.0,88.0,6.07,0.1887,0.9492,0.0284,-0.0782,0.0228,0.0,561.0,186.0
2026-08-24 10:30:50,2026-08-24T10:15:07,762.955,2026-08-24,P,757.0,0.08,0.09,2272.0,2295.0,0.09,0.184,-0.0508,0.0284,-0.0782,0.0228,0.0,29143.0,4394.0
2026-08-24 10:30:50,2026-08-24T10:15:07,762.955,2026-08-24,C,758.0,5.06,5.09,35.0,53.0,5.14,0.1709,0.9259,0.0404,-0.1149,0.0303,0.0,372.0,149.0
2026-08-24 10:30:50,2026-08-24T10:15:07,762.955,2026-08-24,P,758.0,0.11,0.12,2135.0,2038.0,0.12,0.1706,-0.0741,0.0404,-0.1149,0.0303,0.0,26970.0,3941.0
2026-08-24 10:30:50,2026-08-24T10:15:07,762.955,2026-08-24,C,759.0,4.11,4.14,37.0,89.0,4.13,0.1586,0.8912,0.0573,-0.1708,0.0398,0.0,1156.0,194.0
2026-08-24 10:30:50,2026-08-24T10:15:07,762.955,2026-08-24,P,759.0,0.16,0.17,764.0,1979.0,0.17,0.1584,-0.1088,0.0573,-0.1708,0.0398,0.0,28613.0,3264.0
2026-08-24 10:30:50,2026-08-24T10:15:07,762.955,2026-08-24,C,760.0,3.19,3.22,200.0,47.0,3.27,0.1477,0.8396,0.0804,-0.2566,0.0513,0.0,3098.0,370.0
2026-08-24 10:30:50,2026-08-24T10:15:07,762.955,2026-08-24,P,760.0,0.24,0.25,2157.0,583.0,0.24,0.1465,-0.1604,0.0804,-0.2566,0.0513,0.0,70136.0,10050.0
2026-08-24 10:30:50,2026-08-24T10:15:07,762.955,2026-08-24,C,761.0,2.34,2.37,100.0,103.0,2.4,0.1368,0.7622,0.1099,-0.394,0.0642,0.0,4647.0,318.0
2026-08-24 10:30:50,2026-08-24T10:15:07,762.955,2026-08-24,P,761.0,0.39,0.4,586.0,479.0,0.39,0.1367,-0.2378,0.1099,-0.394,0.0642,0.0,80011.0,4492.0
2026-08-24 10:30:50,2026-08-24T10:15:07,762.955,2026-08-24,C,762.0,1.59,1.6,22.0,87.0,1.59,0.13,0.6491,0.1414,-0.6216,0.076,0.0,23990.0,936.0
2026-08-24 10:30:50,2026-08-24T10:15:07,762.955,2026-08-24,P,762.0,0.63,0.64,504.0,292.0,0.63,0.1278,-0.3509,0.1414,-0.6216,0.076,0.0,144852.0,3574.0
2026-08-24 10:30:50,2026-08-24T10:15:07,762.955,2026-08-24,C,763.0,0.97,0.98,371.0,139.0,0.97,0.1224,0.5005,0.161,-0.9886,0.0813,0.0,76075.0,1198.0
2026-08-24 10:30:50,2026-08-24T10:15:07,762.955,2026-08-24,P,763.0,1.01,1.02,363.0,269.0,1.01,0.1223,-0.4995,0.161,-0.9886,0.0813,0.0,183689.0,6044.0
2026-08-24 10:30:50,2026-08-24T10:15:07,762.955,2026-08-24,C,764.0,0.52,0.53,679.0,206.0,0.52,0.1184,0.3385,0.1529,-0.5374,0.0751,0.0,116820.0,1820.0
2026-08-24 10:30:50,2026-08-24T10:15:07,762.955,2026-08-24,P,764.0,1.56,1.58,23.0,117.0,1.56,0.117,-0.6615,0.1529,-0.5374,0.0751,0.0,57901.0,6864.0
2026-08-24 10:30:50,2026-08-24T10:15:07,762.955,2026-08-24,C,765.0,0.25,0.26,846.0,1236.0,0.26,0.1164,0.2014,0.1179,-0.2682,0.059,0.0,91050.0,6424.0
2026-08-24 10:30:50,2026-08-24T10:15:07,762.955,2026-08-24,P,765.0,2.29,2.31,23.0,117.0,2.22,0.1145,-0.7986,0.1179,-0.2682,0.059,0.0,24773.0,19244.0
2026-08-24 10:30:50,2026-08-24T10:15:07,762.955,2026-08-24,C,766.0,0.11,0.12,1375.0,1147.0,0.12,0.1159,0.113,0.0776,-0.1352,0.0414,0.0,55976.0,8787.0
2026-08-24 10:30:50,2026-08-24T10:15:07,762.955,2026-08-24,P,766.0,3.15,3.18,48.0,117.0,3.11,0.1157,-0.887,0.0776,-0.1352,0.0414,0.0,7954.0,11396.0
2026-08-24 10:30:50,2026-08-24T10:15:07,762.955,2026-08-24,C,767.0,0.05,0.06,3026.0,2947.0,0.06,0.1212,0.0662,0.0486,-0.0765,0.0285,0.0,35801.0,5623.0
2026-08-24 10:30:50,2026-08-24T10:15:07,762.955,2026-08-24,P,767.0,4.06,4.14,51.0,80.0,4.14,0.123,-0.9338,0.0486,-0.0765,0.0285,0.0,2447.0,4337.0
2026-08-24 10:30:50,2026-08-24T10:15:07,762.955,2026-08-24,C,768.0,0.03,0.04,3494.0,3535.0,0.04,0.1331,0.0419,0.0311,-0.0486,0.0201,0.0,21476.0,6707.0
2026-08-24 10:30:50,2026-08-24T10:15:07,762.955,2026-08-24,P,768.0,4.98,5.12,85.0,64.0,4.98,0.1416,-0.9581,0.0311,-0.0486,0.0201,0.0,777.0,2423.0
2026-08-24 10:30:50,2026-08-24T10:15:07,762.955,2026-08-24,C,769.0,0.02,0.03,2943.0,3075.0,0.03,0.1466,0.0276,0.0204,-0.0326,0.0145,0.0,10300.0,4943.0
2026-08-24 10:30:50,2026-08-24T10:15:07,762.955,2026-08-24,P,769.0,5.95,6.17,123.0,128.0,6.27,0.1726,-0.9724,0.0204,-0.0326,0.0145,0.0,374.0,3299.0
2026-08-24 10:30:50,2026-08-24T10:15:07,762.955,2026-08-24,C,770.0,0.02,0.03,909.0,4397.0,0.03,0.1669,0.0185,0.0136,-0.0221,0.0104,0.0,15120.0,11088.0
2026-08-24 10:30:50,2026-08-24T10:15:07,762.955,2026-08-24,P,770.0,6.96,7.17,109.0,133.0,7.03,0.1954,-0.9815,0.0136,-0.0221,0.0104,0.0,710.0,3062.0
2026-08-24 10:30:50,2026-08-24T10:15:07,762.955,2026-08-24,C,771.0,0.01,0.02,3364.0,3570.0,0.01,0.174,0.0125,0.0091,-0.015,0.0075,0.0,3489.0,4378.0
2026-08-24 10:30:50,2026-08-24T10:15:07,762.955,2026-08-24,P,771.0,7.95,8.16,100.0,100.0,8.0,0.2114,-0.9875,0.0091,-0.015,0.0075,0.0,223.0,1479.0
2026-08-24 10:30:50,2026-08-24T10:15:07,762.955,2026-08-24,C,772.0,0.01,0.02,1961.0,2856.0,0.01,0.1926,0.0084,0.0062,-0.0102,0.0054,0.0,7396.0,17015.0
2026-08-24 10:30:50,2026-08-24T10:15:07,762.955,2026-08-24,P,772.0,8.95,9.14,100.0,100.0,9.01,0.2398,-0.9916,0.0062,-0.0102,0.0054,0.0,170.0,1353.0
2026-08-24 10:30:50,2026-08-24T10:15:07,762.955,2026-08-24,C,773.0,0.01,0.02,1642.0,2985.0,0.01,0.211,0.0057,0.0042,-0.007,0.0039,0.0,2337.0,6476.0
2026-08-24 10:30:50,2026-08-24T10:15:07,762.955,2026-08-24,P,773.0,9.94,10.16,100.0,100.0,10.21,0.2541,-0.9943,0.0042,-0.007,0.0039,0.0,125.0,348.0
2026-08-24 10:30:50,2026-08-24T10:15:07,762.955,2026-08-24,C,774.0,0.01,0.02,1187.0,3016.0,0.02,0.2292,0.0039,0.0028,-0.0048,0.0028,0.0,1087.0,3840.0
2026-08-24 10:30:50,2026-08-24T10:15:07,762.955,2026-08-24,P,774.0,10.94,11.16,100.0,100.0,11.34,0.2864,-0.9961,0.0028,-0.0048,0.0028,0.0,73.0,46.0
2026-08-24 10:30:50,2026-08-24T10:15:07,762.955,2026-08-24,C,775.0,0.01,0.02,1069.0,3406.0,0.01,0.2472,0.0027,0.0019,-0.0033,0.002,0.0,2903.0,5611.0
2026-08-24 10:30:50,2026-08-24T10:15:07,762.955,2026-08-24,P,775.0,11.95,12.14,100.0,100.0,12.06,0.2998,-0.9973,0.0019,-0.0033,0.002,0.0,56.0,13.0
2026-08-24 10:30:50,2026-08-24T10:15:07,762.955,2026-08-24,C,776.0,0.0,0.01,0.0,3299.0,0.01,0.2348,0.0018,0.0013,-0.0022,0.0014,0.0,3504.0,6136.0
2026-08-24 10:30:50,2026-08-24T10:15:07,762.955,2026-08-24,P,776.0,12.95,13.14,100.0,100.0,13.2,0.3205,-0.9982,0.0013,-0.0022,0.0014,0.0,70.0,28.0
2026-08-24 10:30:50,2026-08-24T10:15:07,762.955,2026-08-24,C,777.0,0.0,0.01,0.0,3329.0,0.01,0.2509,0.0013,0.0009,-0.0016,0.001,0.0,3113.0,3531.0
2026-08-24 10:30:50,2026-08-24T10:15:07,762.955,2026-08-24,P,777.0,13.95,14.16,100.0,100.0,13.24,0.3363,-0.9987,0.0009,-0.0016,0.001,0.0,47.0,30.0
2026-08-24 10:30:50,2026-08-24T10:15:07,762.955,2026-08-24,C,778.0,0.0,0.01,0.0,3179.0,0.01,0.2668,0.0009,0.0006,-0.0011,0.0007,0.0,187.0,1814.0
2026-08-24 10:30:50,2026-08-24T10:15:07,762.955,2026-08-24,P,778.0,14.94,15.16,100.0,100.0,14.23,0.3512,-0.9991,0.0006,-0.0011,0.0007,0.0,29.0,6.0
2026-08-24 10:30:50,2026-08-24T10:15:07,762.955,2026-08-24,C,779.0,0.0,0.01,0.0,3186.0,0.01,0.2826,0.0006,0.0004,-0.0008,0.0005,0.0,14.0,1475.0
2026-08-24 10:30:50,2026-08-24T10:15:07,762.955,2026-08-24,P,779.0,15.93,16.16,100.0,100.0,16.46,0.3651,-0.9994,0.0004,-0.0008,0.0005,0.0,59.0,27.0
2026-08-24 10:30:50,2026-08-24T10:15:07,762.955,2026-08-24,C,780.0,0.0,0.01,0.0,3181.0,0.01,0.2983,0.0004,0.0003,-0.0005,0.0004,0.0,45.0,7079.0
2026-08-24 10:30:50,2026-08-24T10:15:07,762.955,2026-08-24,P,780.0,16.93,17.16,100.0,100.0,17.04,0.3844,-0.9996,0.0003,-0.0005,0.0004,0.0,22.0,1.0
2026-08-24 10:30:50,2026-08-24T10:15:07,762.955,2026-08-24,C,781.0,0.0,0.01,0.0,3179.0,0.01,0.314,0.0003,0.0002,-0.0004,0.0003,0.0,41.0,2996.0
2026-08-24 10:30:50,2026-08-24T10:15:07,762.955,2026-08-24,P,781.0,17.93,18.19,100.0,100.0,17.72,0.4259,-0.9997,0.0002,-0.0004,0.0003,0.0,6.0,0.0
2026-08-24 10:30:50,2026-08-24T10:15:07,762.955,2026-08-24,C,782.0,0.0,0.01,0.0,3179.0,0.01,0.3295,0.0002,0.0001,-0.0003,0.0002,0.0,6.0,1792.0
2026-08-24 10:30:50,2026-08-24T10:15:07,762.955,2026-08-24,P,782.0,18.93,19.15,100.0,100.0,18.45,0.4224,-0.9998,0.0001,-0.0003,0.0002,0.0,16.0,1.0
2026-08-24 10:30:50,2026-08-24T10:15:07,762.955,2026-08-24,C,783.0,0.0,0.01,0.0,3127.0,0.01,0.3449,0.0002,0.0001,-0.0002,0.0001,0.0,73.0,751.0
2026-08-24 10:30:50,2026-08-24T10:15:07,762.955,2026-08-24,P,783.0,19.93,20.14,100.0,100.0,20.46,0.4653,-0.9998,0.0001,-0.0002,0.0001,0.0,111.0,0.0
2026-08-24 10:30:50,2026-08-24T10:15:07,762.955,2026-08-24,C,784.0,0.0,0.01,0.0,3128.0,0.01,0.3603,0.0001,0.0001,-0.0001,0.0001,0.0,3.0,807.0
2026-08-24 10:30:50,2026-08-24T10:15:07,762.955,2026-08-24,P,784.0,20.93,21.14,100.0,100.0,20.92,0.4847,-0.9999,0.0001,-0.0001,0.0001,0.0,51.0,1.0
2026-08-24 10:30:50,2026-08-24T10:15:07,762.955,2026-08-24,C,785.0,0.0,0.01,0.0,3247.0,0.01,0.3756,0.0001,0.0001,-0.0001,0.0001,0.0,176.0,1778.0
2026-08-24 10:30:50,2026-08-24T10:15:07,762.955,2026-08-24,P,785.0,21.93,22.16,100.0,100.0,22.19,0.4855,-0.9999,0.0001,-0.0001,0.0001,0.0,7.0,1.0
2026-08-24 10:30:50,2026-08-24T10:15:07,762.955,2026-08-24,C,786.0,0.0,0.01,0.0,3247.0,0.01,0.3908,0.0001,0.0,-0.0001,0.0001,0.0,13.0,512.0
2026-08-24 10:30:50,2026-08-24T10:15:07,762.955,2026-08-24,P,786.0,22.93,23.16,46.0,46.0,22.72,0.5233,-0.9999,0.0,-0.0001,0.0001,0.0,6.0,0.0
2026-08-24 10:30:50,2026-08-24T10:15:07,762.955,2026-08-24,C,787.0,0.0,0.01,0.0,2247.0,0.01,0.406,0.0,0.0,0.0,0.0,0.0,1.0,1566.0
2026-08-24 10:30:50,2026-08-24T10:15:07,762.955,2026-08-24,P,787.0,23.93,24.16,24.0,24.0,23.71,0.5228,-1.0,0.0,0.0,0.0,0.0,19.0,0.0
2026-08-24 10:30:50,2026-08-24T10:15:07,762.955,2026-08-24,C,788.0,0.0,0.01,0.0,2252.0,0.01,0.421,0.0,0.0,0.0,0.0,0.0,3.0,772.0
2026-08-24 10:30:50,2026-08-24T10:15:07,762.955,2026-08-24,P,788.0,24.93,25.17,16.0,16.0,24.71,0.5484,-1.0,0.0,0.0,0.0,0.0,12.0,0.0
2026-08-24 10:30:50,2026-08-24T10:15:07,762.955,2026-08-24,C,789.0,0.0,0.01,0.0,2248.0,0.01,0.436,0.0,0.0,0.0,0.0,0.0,6.0,649.0
2026-08-24 10:30:50,2026-08-24T10:15:07,762.955,2026-08-24,P,789.0,25.93,26.16,16.0,16.0,25.72,0.5596,-1.0,0.0,0.0,0.0,0.0,6.0,0.0
2026-08-24 10:30:50,2026-08-24T10:15:07,762.955,2026-08-24,C,790.0,0.0,0.01,0.0,4061.0,0.01,0.451,0.0,0.0,0.0,0.0,0.0,0.0,1116.0
2026-08-24 10:30:50,2026-08-24T10:15:07,762.955,2026-08-24,P,790.0,26.93,27.19,46.0,52.0,26.72,0.599,-1.0,0.0,0.0,0.0,0.0,6.0,0.0
2026-08-24 10:30:50,2026-08-24T10:15:07,762.955,2026-08-24,C,791.0,0.0,0.01,0.0,2248.0,0.01,0.4659,0.0,0.0,0.0,0.0,0.0,0.0,463.0
2026-08-24 10:30:50,2026-08-24T10:15:07,762.955,2026-08-24,P,791.0,27.93,28.16,45.0,51.0,27.69,0.596,-1.0,0.0,0.0,0.0,0.0,4.0,0.0
2026-08-24 10:30:50,2026-08-24T10:15:07,762.955,2026-08-24,C,792.0,0.0,0.01,0.0,2248.0,0.01,0.4807,0.0,0.0,0.0,0.0,0.0,0.0,329.0
2026-08-24 10:30:50,2026-08-24T10:15:07,762.955,2026-08-24,P,792.0,28.93,29.16,15.0,15.0,28.7,0.6057,-1.0,0.0,0.0,0.0,0.0,4.0,0.0
2026-08-24 10:30:50,2026-08-24T10:15:07,762.955,2026-08-24,C,793.0,0.0,0.01,0.0,5495.0,0.01,0.4955,0.0,0.0,0.0,0.0,0.0,150.0,759.0
2026-08-24 10:30:50,2026-08-24T10:15:07,762.955,2026-08-24,P,793.0,29.93,30.16,15.0,15.0,29.89,0.6235,-1.0,0.0,0.0,0.0,0.0,10.0,0.0
2026-08-24 10:30:50,2026-08-24T10:15:07,762.955,2026-08-24,C,794.0,0.0,0.01,0.0,2248.0,0.01,0.5102,0.0,0.0,0.0,0.0,0.0,0.0,727.0
2026-08-24 10:30:50,2026-08-24T10:15:07,762.955,2026-08-24,P,794.0,30.93,31.14,15.0,15.0,30.69,0.65,-1.0,0.0,0.0,0.0,0.0,4.0,0.0
2026-08-24 10:30:50,2026-08-24T10:15:07,762.955,2026-08-24,C,795.0,0.0,0.01,0.0,6136.0,0.01,0.5248,0.0,0.0,0.0,0.0,0.0,0.0,479.0
2026-08-24 10:30:50,2026-08-24T10:15:07,762.955,2026-08-24,P,795.0,31.81,32.22,1.0,2.0,31.7,0.5792,-1.0,0.0,0.0,0.0,0.0,6.0,0.0
2026-08-24 10:30:50,2026-08-24T10:15:07,762.955,2026-08-24,C,796.0,0.0,0.01,0.0,2248.0,0.01,0.5394,0.0,0.0,0.0,0.0,0.0,0.0,179.0
2026-08-24 10:30:50,2026-08-24T10:15:07,762.955,2026-08-24,P,796.0,32.89,33.23,1.0,1.0,32.67,0.5951,-1.0,0.0,0.0,0.0,0.0,6.0,0.0
2026-08-24 10:30:50,2026-08-24T10:15:07,762.955,2026-08-24,C,797.0,0.0,0.01,0.0,2248.0,0.01,0.554,0.0,0.0,0.0,0.0,0.0,0.0,122.0
2026-08-24 10:30:50,2026-08-24T10:15:07,762.955,2026-08-24,P,797.0,33.86,34.21,1.0,2.0,33.72,0.0,-1.0,0.0,0.0,0.0,0.0,6.0,0.0
2026-08-24 10:30:50,2026-08-24T10:15:07,762.955,2026-08-24,C,798.0,0.0,0.01,0.0,2248.0,0.05,0.5685,0.0,0.0,0.0,0.0,0.0,2.0,563.0
2026-08-24 10:30:50,2026-08-24T10:15:07,762.955,2026-08-24,P,798.0,34.89,35.22,2.0,1.0,35.64,0.5595,-1.0,0.0,0.0,0.0,0.0,2.0,0.0
2026-08-24 10:30:50,2026-08-24T10:15:07,762.955,2026-08-24,C,799.0,0.0,0.01,0.0,2248.0,0.01,0.5829,0.0,0.0,0.0,0.0,0.0,0.0,448.0
2026-08-24 10:30:50,2026-08-24T10:15:07,762.955,2026-08-24,P,799.0,35.78,36.22,1.0,2.0,36.62,0.6423,-1.0,0.0,0.0,0.0,0.0,2.0,0.0
2026-08-24 10:30:50,2026-08-24T10:15:07,762.955,2026-08-24,C,800.0,0.0,0.01,0.0,6265.0,0.01,0.5973,0.0,0.0,0.0,0.0,0.0,0.0,1221.0
2026-08-24 10:30:50,2026-08-24T10:15:07,762.955,2026-08-24,P,800.0,36.87,37.26,2.0,2.0,37.64,0.0,-1.0,0.0,0.0,0.0,0.0,2.0,1.0
2026-08-24 10:30:50,2026-08-24T10:15:07,762.955,2026-08-24,C,801.0,0.0,0.01,0.0,2248.0,0.01,0.6117,0.0,0.0,0.0,0.0,0.0,0.0,298.0
2026-08-24 10:30:50,2026-08-24T10:15:07,762.955,2026-08-24,P,801.0,37.86,38.22,2.0,1.0,38.62,0.6022,-1.0,0.0,0.0,0.0,0.0,2.0,0.0
2026-08-24 10:35:51,2026-08-24T10:20:07,762.88,2026-08-24,C,725.0,37.84,38.05,15.0,17.0,38.73,0.8373,0.9955,0.0009,-0.0207,0.0028,0.0,0.0,13.0
2026-08-24 10:35:51,2026-08-24T10:20:07,762.88,2026-08-24,P,725.0,0.0,0.01,0.0,2224.0,0.01,0.6456,-0.0045,0.0009,-0.0207,0.0028,0.0,1.0,984.0
2026-08-24 10:35:51,2026-08-24T10:20:07,762.88,2026-08-24,C,726.0,36.81,37.05,15.0,15.0,39.64,0.7886,0.9953,0.0009,-0.0207,0.0028,0.0,0.0,2.0
2026-08-24 10:35:51,2026-08-24T10:20:07,762.88,2026-08-24,P,726.0,0.0,0.01,0.0,3223.0,0.02,0.6296,-0.0047,0.0009,-0.0207,0.0028,0.0,0.0,49.0
2026-08-24 10:35:51,2026-08-24T10:20:07,762.88,2026-08-24,C,727.0,35.79,36.05,15.0,15.0,38.65,0.7465,0.9952,0.001,-0.0208,0.0029,0.0,0.0,2.0
2026-08-24 10:35:51,2026-08-24T10:20:07,762.88,2026-08-24,P,727.0,0.0,0.01,0.0,3224.0,0.01,0.6135,-0.0048,0.001,-0.0208,0.0029,0.0,0.0,142.0
2026-08-24 10:35:51,2026-08-24T10:20:07,762.88,2026-08-24,C,728.0,34.84,35.05,15.0,17.0,34.81,0.7777,0.9951,0.001,-0.0209,0.003,0.0,3.0,0.0
2026-08-24 10:35:51,2026-08-24T10:20:07,762.88,2026-08-24,P,728.0,0.0,0.01,0.0,3224.0,0.01,0.5975,-0.0049,0.001,-0.0209,0.003,0.0,0.0,2120.0
2026-08-24 10:35:51,2026-08-24T10:20:07,762.88,2026-08-24,C,729.0,33.84,34.05,15.0,15.0,33.86,0.7577,0.995,0.0011,-0.021,0.003,0.0,3.0,0.0
2026-08-24 10:35:51,2026-08-24T10:20:07,762.88,2026-08-24,P,729.0,0.0,0.01,0.0,3224.0,0.01,0.5814,-0.005,0.0011,-0.021,0.003,0.0,8.0,249.0
2026-08-24 10:35:51,2026-08-24T10:20:07,762.88,2026-08-24,C,730.0,32.84,33.05,15.0,17.0,32.47,0.7378,0.9948,0.0011,-0.021,0.0031,0.0,1.0,61.0
2026-08-24 10:35:51,2026-08-24T10:20:07,762.88,2026-08-24,P,730.0,0.0,0.01,0.0,3224.0,0.02,0.5654,-0.0052,0.0011,-0.021,0.0031,0.0,0.0,2337.0
2026-08-24 10:35:51,2026-08-24T10:20:07,762.88,2026-08-24,C,731.0,31.84,32.05,15.0,17.0,31.52,0.7178,0.9947,0.0012,-0.0211,0.0032,0.0,1.0,0.0
2026-08-24 10:35:51,2026-08-24T10:20:07,762.88,2026-08-24,P,731.0,0.0,0.01,0.0,3104.0,0.02,0.5493,-0.0053,0.0012,-0.0211,0.0032,0.0,0.0,1383.0
2026-08-24 10:35:51,2026-08-24T10:20:07,762.88,2026-08-24,C,732.0,30.81,31.05,15.0,17.0,0.0,0.6723,0.9945,0.0013,-0.0212,0.0033,0.0,0.0,0.0
2026-08-24 10:35:51,2026-08-24T10:20:07,762.88,2026-08-24,P,732.0,0.0,0.01,0.0,3104.0,0.01,0.5332,-0.0055,0.0013,-0.0212,0.0033,0.0,15.0,958.0
2026-08-24 10:35:51,2026-08-24T10:20:07,762.88,2026-08-24,C,733.0,29.81,30.05,15.0,17.0,33.82,0.6528,0.9943,0.0013,-0.0213,0.0034,0.0,0.0,1.0
2026-08-24 10:35:51,2026-08-24T10:20:07,762.88,2026-08-24,P,733.0,0.0,0.01,0.0,3103.0,0.01,0.5171,-0.0057,0.0013,-0.0213,0.0034,0.0,1.0,281.0
2026-08-24 10:35:51,2026-08-24T10:20:07,762.88,2026-08-24,C,734.0,28.81,29.05,15.0,17.0,28.29,0.6333,0.9942,0.0014,-0.0213,0.0035,0.0,1.0,0.0
2026-08-24 10:35:51,2026-08-24T10:20:07,762.88,2026-08-24,P,734.0,0.0,0.01,0.0,3104.0,0.01,0.501,-0.0058,0.0014,-0.0213,0.0035,0.0,15.0,426.0
2026-08-24 10:35:51,2026-08-24T10:20:07,762.88,2026-08-24,C,735.0,27.81,28.05,15.0,17.0,28.28,0.6137,0.994,0.0015,-0.0214,0.0036,0.0,2.0,7.0
2026-08-24 10:35:51,2026-08-24T10:20:07,762.88,2026-08-24,P,735.0,0.0,0.01,0.0,3104.0,0.01,0.4848,-0.006,0.0015,-0.0214,0.0036,0.0,5274.0,8066.0
2026-08-24 10:35:51,2026-08-24T10:20:07,762.88,2026-08-24,C,736.0,26.81,27.05,15.0,17.0,26.3,0.5941,0.9938,0.0016,-0.0215,0.0037,0.0,1.0,0.0
2026-08-24 10:35:51,2026-08-24T10:20:07,762.88,2026-08-24,P,736.0,0.0,0.01,0.0,3104.0,0.01,0.4686,-0.0062,0.0016,-0.0215,0.0037,0.0,940.0,7980.0
2026-08-24 10:35:51,2026-08-24T10:20:07,762.88,2026-08-24,C,737.0,25.81,26.05,15.0,17.0,25.35,0.5744,0.9936,0.0017,-0.0216,0.0038,0.0,1.0,6.0
2026-08-24 10:35:51,2026-08-24T10:20:07,762.88,2026-08-24,P,737.0,0.0,0.01,0.0,2678.0,0.01,0.4524,-0.0064,0.0017,-0.0216,0.0038,0.0,2.0,1766.0
2026-08-24 10:35:51,2026-08-24T10:20:07,762.88,2026-08-24,C,738.0,24.82,25.05,15.0,15.0,25.56,0.5625,0.9933,0.0018,-0.0216,0.004,0.0,3.0,4.0
2026-08-24 10:35:51,2026-08-24T10:20:07,762.88,2026-08-24,P,738.0,0.0,0.01,0.0,2628.0,0.01,0.4362,-0.0067,0.0018,-0.0216,0.004,0.0,253.0,3291.0
2026-08-24 10:35:51,2026-08-24T10:20:07,762.88,2026-08-24,C,739.0,23.81,24.05,15.0,17.0,23.58,0.535,0.9931,0.002,-0.0217,0.0041,0.0,2.0,11.0
2026-08-24 10:35:51,2026-08-24T10:20:07,762.88,2026-08-24,P,739.0,0.0,0.01,0.0,2732.0,0.01,0.42,-0.0069,0.002,-0.0217,0.0041,0.0,3137.0,756.0
2026-08-24 10:35:51,2026-08-24T10:20:07,762.88,2026-08-24,C,740.0,22.81,23.05,24.0,24.0,23.16,0.5151,0.9928,0.0021,-0.0218,0.0042,0.0,4.0,13.0
2026-08-24 10:35:51,2026-08-24T10:20:07,762.88,2026-08-24,P,740.0,0.0,0.01,0.0,2495.0,0.01,0.4037,-0.0072,0.0021,-0.0218,0.0042,0.0,1660.0,1476.0
2026-08-24 10:35:51,2026-08-24T10:20:07,762.88,2026-08-24,C,741.0,21.81,22.05,24.0,24.0,21.75,0.4953,0.9926,0.0022,-0.0219,0.0044,0.0,27.0,2.0
2026-08-24 10:35:51,2026-08-24T10:20:07,762.88,2026-08-24,P,741.0,0.01,0.02,2028.0,3281.0,0.01,0.4329,-0.0074,0.0022,-0.0219,0.0044,0.0,642.0,1692.0
2026-08-24 10:35:51,2026-08-24T10:20:07,762.88,2026-08-24,C,742.0,20.81,21.05,24.0,24.0,20.75,0.4753,0.9922,0.0024,-0.022,0.0046,0.0,26.0,13.0
2026-08-24 10:35:51,2026-08-24T10:20:07,762.88,2026-08-24,P,742.0,0.01,0.02,2149.0,3281.0,0.02,0.415,-0.0078,0.0024,-0.022,0.0046,0.0,674.0,744.0
2026-08-24 10:35:51,2026-08-24T10:20:07,762.88,2026-08-24,C,743.0,19.85,20.05,24.0,24.0,20.54,0.4797,0.9919,0.0026,-0.022,0.0047,0.0,24.0,12.0
2026-08-24 10:35:51,2026-08-24T10:20:07,762.88,2026-08-24,P,743.0,0.01,0.02,3295.0,3281.0,0.02,0.397,-0.0081,0.0026,-0.022,0.0047,0.0,596.0,624.0
2026-08-24 10:35:51,2026-08-24T10:20:07,762.88,2026-08-24,C,744.0,18.86,19.05,24.0,24.0,18.81,0.464,0.9915,0.0029,-0.0221,0.0049,0.0,29.0,6.0
2026-08-24 10:35:51,2026-08-24T10:20:07,762.88,2026-08-24,P,744.0,0.01,0.02,2723.0,2781.0,0.01,0.379,-0.0085,0.0029,-0.0221,0.0049,0.0,58.0,1252.0
2026-08-24 10:35:51,2026-08-24T10:20:07,762.88,2026-08-24,C,745.0,17.86,18.06,24.0,24.0,17.84,0.4475,0.9911,0.0031,-0.0222,0.0052,0.0,26.0,72.0
2026-08-24 10:35:51,2026-08-24T10:20:07,762.88,2026-08-24,P,745.0,0.01,0.02,2750.0,2758.0,0.01,0.3609,-0.0089,0.0031,-0.0222,0.0052,0.0,106.0,1460.0
2026-08-24 10:35:51,2026-08-24T10:20:07,762.88,2026-08-24,C,746.0,16.85,17.05,24.0,24.0,17.8,0.4167,0.9907,0.0034,-0.0223,0.0054,0.0,14.0,11.0
2026-08-24 10:35:51,2026-08-24T10:20:07,762.88,2026-08-24,P,746.0,0.01,0.02,2750.0,2675.0,0.01,0.3428,-0.0093,0.0034,-0.0223,0.0054,0.0,446.0,497.0
2026-08-24 10:35:51,2026-08-24T10:20:07,762.88,2026-08-24,C,747.0,15.86,16.05,24.0,24.0,16.43,0.4001,0.9902,0.0038,-0.0225,0.0057,0.0,2.0,24.0
2026-08-24 10:35:51,2026-08-24T10:20:07,762.88,2026-08-24,P,747.0,0.01,0.02,2723.0,2654.0,0.01,0.3245,-0.0098,0.0038,-0.0225,0.0057,0.0,55.0,1909.0
2026-08-24 10:35:51,2026-08-24T10:20:07,762.88,2026-08-24,C,748.0,14.86,15.06,24.0,24.0,14.68,0.3827,0.9896,0.0042,-0.0227,0.006,0.0,37.0,24.0
2026-08-24 10:35:51,2026-08-24T10:20:07,762.88,2026-08-24,P,748.0,0.01,0.02,2761.0,2566.0,0.02,0.3062,-0.0104,0.0042,-0.0227,0.006,0.0,1513.0,1955.0
2026-08-24 10:35:51,2026-08-24T10:20:07,762.88,2026-08-24,C,749.0,13.85,14.05,24.0,24.0,13.77,0.3526,0.9889,0.0048,-0.023,0.0064,0.0,9.0,78.0
2026-08-24 10:35:51,2026-08-24T10:20:07,762.88,2026-08-24,P,749.0,0.02,0.03,863.0,3630.0,0.02,0.3069,-0.0111,0.0048,-0.023,0.0064,0.0,4252.0,2418.0
2026-08-24 10:35:51,2026-08-24T10:20:07,762.88,2026-08-24,C,750.0,12.85,13.05,24.0,24.0,12.85,0.331,0.988,0.0054,-0.0234,0.0068,0.0,64.0,79.0
2026-08-24 10:35:51,2026-08-24T10:20:07,762.88,2026-08-24,P,750.0,0.02,0.03,2999.0,3674.0,0.03,0.2874,-0.012,0.0054,-0.0234,0.0068,0.0,1006.0,10698.0
2026-08-24 10:35:51,2026-08-24T10:20:07,762.88,2026-08-24,C,751.0,11.87,12.06,24.0,24.0,11.93,0.3202,0.9869,0.0062,-0.0242,0.0074,0.0,7.0,59.0
2026-08-24 10:35:51,2026-08-24T10:20:07,762.88,2026-08-24,P,751.0,0.02,0.03,3114.0,3563.0,0.02,0.2678,-0.0131,0.0062,-0.0242,0.0074,0.0,572.0,1189.0
2026-08-24 10:35:51,2026-08-24T10:20:07,762.88,2026-08-24,C,752.0,10.87,11.06,24.0,24.0,10.73,0.2976,0.9854,0.0074,-0.0257,0.0082,0.0,298.0,59.0
2026-08-24 10:35:51,2026-08-24T10:20:07,762.88,2026-08-24,P,752.0,0.02,0.03,2746.0,2486.0,0.03,0.2481,-0.0146,0.0074,-0.0257,0.0082,0.0,2705.0,1738.0
2026-08-24 10:35:51,2026-08-24T10:20:07,762.88,2026-08-24,C,753.0,9.87,10.07,30.0,33.0,9.89,0.2778,0.983,0.009,-0.0283,0.0093,0.0,70.0,105.0
2026-08-24 10:35:51,2026-08-24T10:20:07,762.88,2026-08-24,P,753.0,0.03,0.04,1105.0,2887.0,0.03,0.2396,-0.017,0.009,-0.0283,0.0093,0.0,5988.0,3707.0
2026-08-24 10:35:51,2026-08-24T10:20:07,762.88,2026-08-24,C,754.0,8.87,9.07,30.0,64.0,8.75,0.2545,0.9794,0.0113,-0.033,0.011,0.0,365.0,90.0
2026-08-24 10:35:51,2026-08-24T10:20:07,762.88,2026-08-24,P,754.0,0.04,0.05,407.0,3367.0,0.04,0.2276,-0.0207,0.0113,-0.033,0.011,0.0,1601.0,3882.0
2026-08-24 10:35:51,2026-08-24T10:20:07,762.88,2026-08-24,C,755.0,7.88,8.08,35.0,24.0,7.8,0.236,0.9734,0.015,-0.0413,0.0136,0.0,110.0,182.0
2026-08-24 10:35:51,2026-08-24T10:20:07,762.88,2026-08-24,P,755.0,0.05,0.06,1131.0,4147.0,0.06,0.2127,-0.0267,0.015,-0.0413,0.0136,0.0,13092.0,7567.0
2026-08-24 10:35:51,2026-08-24T10:20:07,762.88,2026-08-24,C,756.0,6.89,7.1,57.0,83.0,7.03,0.2183,0.9636,0.0207,-0.0555,0.0175,0.0,114.0,111.0
2026-08-24 10:35:51,2026-08-24T10:20:07,762.88,2026-08-24,P,756.0,0.06,0.07,1180.0,2565.0,0.06,0.196,-0.0365,0.0208,-0.0558,0.0176,0.0,20515.0,7665.0
2026-08-24 10:35:51,2026-08-24T10:20:07,762.88,2026-08-24,C,757.0,5.92,6.09,85.0,72.0,6.0,0.1968,0.9481,0.0292,-0.079,0.0231,0.0,617.0,186.0
2026-08-24 10:35:51,2026-08-24T10:20:07,762.88,2026-08-24,P,757.0,0.08,0.09,1450.0,1791.0,0.08,0.1825,-0.0519,0.0292,-0.079,0.0231,0.0,30099.0,4394.0
2026-08-24 10:35:51,2026-08-24T10:20:07,762.88,2026-08-24,C,758.0,5.01,5.04,66.0,48.0,5.11,0.1739,0.9242,0.0417,-0.1162,0.0306,0.0,411.0,149.0
2026-08-24 10:35:51,2026-08-24T10:20:07,762.88,2026-08-24,P,758.0,0.11,0.12,770.0,2089.0,0.12,0.1687,-0.0758,0.0417,-0.1162,0.0306,0.0,30435.0,3941.0
2026-08-24 10:35:51,2026-08-24T10:20:07,762.88,2026-08-24,C,759.0,4.06,4.1,182.0,54.0,4.05,0.1614,0.8883,0.0593,-0.1736,0.0403,0.0,1222.0,194.0
2026-08-24 10:35:51,2026-08-24T10:20:07,762.88,2026-08-24,P,759.0,0.16,0.17,387.0,1541.0,0.16,0.1562,-0.1117,0.0593,-0.1736,0.0403,0.0,29287.0,3264.0
2026-08-24 10:35:51,2026-08-24T10:20:07,762.88,2026-08-24,C,760.0,3.16,3.19,66.0,195.0,3.15,0.1488,0.8344,0.0835,-0.2624,0.0519,0.0,3210.0,370.0
2026-08-24 10:35:51,2026-08-24T10:20:07,762.88,2026-08-24,P,760.0,0.24,0.25,1072.0,516.0,0.25,0.1458,-0.1656,0.0835,-0.2624,0.0519,0.0,73438.0,10050.0
2026-08-24 10:35:51,2026-08-24T10:20:07,762.88,2026-08-24,C,761.0,2.31,2.33,43.0,78.0,2.29,0.1388,0.7533,0.1142,-0.406,0.0649,0.0,5136.0,318.0
2026-08-24 10:35:51,2026-08-24T10:20:07,762.88,2026-08-24,P,761.0,0.39,0.4,429.0,560.0,0.4,0.1348,-0.2467,0.1142,-0.406,0.0649,0.0,83665.0,4492.0
2026-08-24 10:35:51,2026-08-24T10:20:07,762.88,2026-08-24,C,762.0,1.56,1.57,1.0,198.0,1.56,0.1299,0.635,0.1458,-0.6457,0.0764,0.0,25340.0,936.0
2026-08-24 10:35:51,2026-08-24T10:20:07,762.88,2026-08-24,P,762.0,0.63,0.64,396.0,235.0,0.64,0.1273,-0.365,0.1458,-0.6457,0.0764,0.0,153322.0,3574.0
2026-08-24 10:35:51,2026-08-24T10:20:07,762.88,2026-08-24,C,763.0,0.94,0.95,149.0,190.0,0.94,0.1234,0.4818,0.1632,-0.9184,0.0807,0.0,82731.0,1198.0
2026-08-24 10:35:51,2026-08-24T10:20:07,762.88,2026-08-24,P,763.0,1.02,1.03,48.0,267.0,1.02,0.1196,-0.5182,0.1632,-0.9184,0.0807,0.0,190753.0,6044.0
2026-08-24 10:35:51,2026-08-24T10:20:07,762.88,2026-08-24,C,764.0,0.51,0.52,96.0,503.0,0.51,0.119,0.3198,0.1507,-0.4926,0.073,0.0,124284.0,1820.0
2026-08-24 10:35:51,2026-08-24T10:20:07,762.88,2026-08-24,P,764.0,1.58,1.6,20.0,76.0,1.61,0.1162,-0.6802,0.1507,-0.4926,0.073,0.0,59983.0,6864.0
2026-08-24 10:35:51,2026-08-24T10:20:07,762.88,2026-08-24,C,765.0,0.24,0.25,1279.0,427.0,0.25,0.1176,0.1884,0.1132,-0.2466,0.0564,0.0,96029.0,6424.0
2026-08-24 10:35:51,2026-08-24T10:20:07,762.88,2026-08-24,P,765.0,2.32,2.34,110.0,40.0,2.32,0.1139,-0.8116,0.1132,-0.2466,0.0564,0.0,26346.0,19244.0
2026-08-24 10:35:51,2026-08-24T10:20:07,762.88,2026-08-24,C,766.0,0.12,0.13,577.0,1942.0,0.12,0.1227,0.1071,0.0738,-0.1281,0.0396,0.0,61064.0,8787.0
2026-08-24 10:35:51,2026-08-24T10:20:07,762.88,2026-08-24,P,766.0,3.18,3.21,152.0,36.0,3.22,0.1155,-0.8929,0.0738,-0.1281,0.0396,0.0,8172.0,11396.0
2026-08-24 10:35:51,2026-08-24T10:20:07,762.88,2026-08-24,C,767.0,0.06,0.07,2130.0,1844.0,0.06,0.1292,0.0645,0.0467,-0.0756,0.0277,0.0,37158.0,5623.0
2026-08-24 10:35:51,2026-08-24T10:20:07,762.88,2026-08-24,P,767.0,4.09,4.21,72.0,61.0,4.14,0.117,-0.9355,0.0467,-0.0756,0.0277,0.0,2484.0,4337.0
2026-08-24 10:35:51,2026-08-24T10:20:07,762.88,2026-08-24,C,768.0,0.03,0.04,2881.0,2950.0,0.03,0.1366,0.0418,0.0303,-0.0496,0.0199,0.0,23408.0,6707.0
2026-08-24 10:35:51,2026-08-24T10:20:07,762.88,2026-08-24,P,768.0,5.01,5.19,53.0,64.0,5.19,0.0,-0.9582,0.0303,-0.0496,0.0199,0.0,800.0,2423.0
2026-08-24 10:35:51,2026-08-24T10:20:07,762.88,2026-08-24,C,769.0,0.02,0.03,2784.0,2737.0,0.02,0.1499,0.028,0.0202,-0.0339,0.0145,0.0,10444.0,4943.0
2026-08-24 10:35:51,2026-08-24T10:20:07,762.88,2026-08-24,P,769.0,5.99,6.17,66.0,51.0,6.36,0.0,-0.972,0.0202,-0.0339,0.0145,0.0,376.0,3299.0
2026-08-24 10:35:51,2026-08-24T10:20:07,762.88,2026-08-24,C,770.0,0.02,0.03,843.0,3293.0,0.02,0.1704,0.0191,0.0136,-0.0234,0.0106,0.0,15350.0,11088.0
2026-08-24 10:35:51,2026-08-24T10:20:07,762.88,2026-08-24,P,770.0,7.02,7.18,87.0,97.0,7.14,0.0,-0.9809,0.0136,-0.0234,0.0106,0.0,726.0,3062.0
2026-08-24 10:35:51,2026-08-24T10:20:07,762.88,2026-08-24,C,771.0,0.01,0.02,2874.0,2787.0,0.02,0.1774,0.013,0.0093,-0.0162,0.0077,0.0,3508.0,4378.0
2026-08-24 10:35:51,2026-08-24T10:20:07,762.88,2026-08-24,P,771.0,7.99,8.17,108.0,114.0,8.14,0.0,-0.987,0.0093,-0.0162,0.0077,0.0,224.0,1479.0
2026-08-24 10:35:51,2026-08-24T10:20:07,762.88,2026-08-24,C,772.0,0.01,0.02,1980.0,2804.0,0.02,0.1961,0.009,0.0063,-0.0112,0.0056,0.0,7404.0,17015.0
2026-08-24 10:35:51,2026-08-24T10:20:07,762.88,2026-08-24,P,772.0,9.04,9.17,94.0,150.0,9.13,0.0,-0.991,0.0063,-0.0112,0.0056,0.0,173.0,1353.0
2026-08-24 10:35:51,2026-08-24T10:20:07,762.88,2026-08-24,C,773.0,0.01,0.02,1900.0,2804.0,0.02,0.2146,0.0062,0.0044,-0.0077,0.0041,0.0,2370.0,6476.0
2026-08-24 10:35:51,2026-08-24T10:20:07,762.88,2026-08-24,P,773.0,10.02,10.17,64.0,81.0,10.05,0.0,-0.9938,0.0044,-0.0077,0.0041,0.0,138.0,348.0
2026-08-24 10:35:51,2026-08-24T10:20:07,762.88,2026-08-24,C,774.0,0.01,0.02,1261.0,2774.0,0.01,0.2329,0.0043,0.003,-0.0054,0.0029,0.0,1155.0,3840.0
2026-08-24 10:35:51,2026-08-24T10:20:07,762.88,2026-08-24,P,774.0,11.04,11.17,116.0,127.0,11.34,0.0,-0.9957,0.003,-0.0054,0.0029,0.0,73.0,46.0
2026-08-24 10:35:51,2026-08-24T10:20:07,762.88,2026-08-24,C,775.0,0.01,0.02,1017.0,2774.0,0.01,0.251,0.003,0.0021,-0.0038,0.0021,0.0,2973.0,5611.0
2026-08-24 10:35:51,2026-08-24T10:20:07,762.88,2026-08-24,P,775.0,11.99,12.17,126.0,111.0,12.06,0.0,-0.997,0.0021,-0.0038,0.0021,0.0,56.0,13.0
2026-08-24 10:35:51,2026-08-24T10:20:07,762.88,2026-08-24,C,776.0,0.0,0.01,0.0,3247.0,0.01,0.2384,0.0021,0.0014,-0.0026,0.0016,0.0,3638.0,6136.0
2026-08-24 10:35:51,2026-08-24T10:20:07,762.88,2026-08-24,P,776.0,12.99,13.17,170.0,134.0,13.2,0.0,-0.9979,0.0014,-0.0026,0.0016,0.0,70.0,28.0
2026-08-24 10:35:51,2026-08-24T10:20:07,762.88,2026-08-24,C,777.0,0.0,0.01,0.0,3277.0,0.01,0.2545,0.0015,0.001,-0.0018,0.0011,0.0,3113.0,3531.0
2026-08-24 10:35:51,2026-08-24T10:20:07,762.88,2026-08-24,P,777.0,14.04,14.17,105.0,132.0,13.24,0.0,-0.9985,0.001,-0.0018,0.0011,0.0,47.0,30.0
2026-08-24 10:35:51,2026-08-24T10:20:07,762.88,2026-08-24,C,778.0,0.0,0.01,0.0,3127.0,0.01,0.2705,0.001,0.0007,-0.0013,0.0008,0.0,187.0,1814.0
2026-08-24 10:35:51,2026-08-24T10:20:07,762.88,2026-08-24,P,778.0,15.04,15.21,144.0,137.0,14.23,0.2899,-0.999,0.0007,-0.0013,0.0008,0.0,29.0,6.0
2026-08-24 10:35:51,2026-08-24T10:20:07,762.88,2026-08-24,C,779.0,0.0,0.01,0.0,3134.0,0.01,0.2864,0.0007,0.0005,-0.0009,0.0006,0.0,14.0,1475.0
2026-08-24 10:35:51,2026-08-24T10:20:07,762.88,2026-08-24,P,779.0,16.03,16.19,45.0,130.0,16.46,0.0,-0.9993,0.0005,-0.0009,0.0006,0.0,59.0,27.0
2026-08-24 10:35:51,2026-08-24T10:20:07,762.88,2026-08-24,C,780.0,0.0,0.01,0.0,3129.0,0.01,0.3022,0.0005,0.0004,-0.0006,0.0004,0.0,45.0,7079.0
2026-08-24 10:35:51,2026-08-24T10:20:07,762.88,2026-08-24,P,780.0,16.99,17.17,17.0,125.0,17.04,0.0,-0.9995,0.0004,-0.0006,0.0004,0.0,22.0,1.0
2026-08-24 10:35:51,2026-08-24T10:20:07,762.88,2026-08-24,C,781.0,0.0,0.01,0.0,3127.0,0.01,0.318,0.0004,0.0003,-0.0005,0.0003,0.0,41.0,2996.0
2026-08-24 10:35:51,2026-08-24T10:20:07,762.88,2026-08-24,P,781.0,18.02,18.17,15.0,130.0,17.72,0.0,-0.9996,0.0003,-0.0005,0.0003,0.0,6.0,0.0
2026-08-24 10:35:51,2026-08-24T10:20:07,762.88,2026-08-24,C,782.0,0.0,0.01,0.0,3127.0,0.01,0.3336,0.0003,0.0002,-0.0003,0.0002,0.0,6.0,1792.0
2026-08-24 10:35:51,2026-08-24T10:20:07,762.88,2026-08-24,P,782.0,19.04,19.17,95.0,133.0,18.45,0.0,-0.9997,0.0002,-0.0003,0.0002,0.0,16.0,1.0
2026-08-24 10:35:51,2026-08-24T10:20:07,762.88,2026-08-24,C,783.0,0.0,0.01,0.0,3127.0,0.01,0.3491,0.0002,0.0001,-0.0002,0.0002,0.0,74.0,751.0
2026-08-24 10:35:51,2026-08-24T10:20:07,762.88,2026-08-24,P,783.0,20.04,20.17,95.0,137.0,20.46,0.0,-0.9998,0.0001,-0.0002,0.0002,0.0,111.0,0.0
2026-08-24 10:35:51,2026-08-24T10:20:07,762.88,2026-08-24,C,784.0,0.0,0.01,0.0,3128.0,0.01,0.3646,0.0001,0.0001,-0.0002,0.0001,0.0,3.0,807.0
2026-08-24 10:35:51,2026-08-24T10:20:07,762.88,2026-08-24,P,784.0,21.03,21.17,17.0,128.0,20.95,0.0,-0.9999,0.0001,-0.0002,0.0001,0.0,53.0,1.0
2026-08-24 10:35:51,2026-08-24T10:20:07,762.88,2026-08-24,C,785.0,0.0,0.01,0.0,3247.0,0.01,0.38,0.0001,0.0001,-0.0001,0.0001,0.0,176.0,1778.0
2026-08-24 10:35:51,2026-08-24T10:20:07,762.88,2026-08-24,P,785.0,22.02,22.18,43.0,132.0,22.19,0.0,-0.9999,0.0001,-0.0001,0.0001,0.0,7.0,1.0
2026-08-24 10:35:51,2026-08-24T10:20:07,762.88,2026-08-24,C,786.0,0.0,0.01,0.0,3247.0,0.01,0.3953,0.0001,0.0,-0.0001,0.0001,0.0,18.0,512.0
2026-08-24 10:35:51,2026-08-24T10:20:07,762.88,2026-08-24,P,786.0,23.01,23.17,15.0,15.0,22.72,0.0,-0.9999,0.0,-0.0001,0.0001,0.0,6.0,0.0
2026-08-24 10:35:51,2026-08-24T10:20:07,762.88,2026-08-24,C,787.0,0.0,0.01,0.0,3247.0,0.01,0.4105,0.0001,0.0,-0.0001,0.0,0.0,1.0,1566.0
2026-08-24 10:35:51,2026-08-24T10:20:07,762.88,2026-08-24,P,787.0,24.01,24.17,15.0,15.0,23.71,0.0,-0.9999,0.0,-0.0001,0.0,0.0,19.0,0.0
2026-08-24 10:35:51,2026-08-24T10:20:07,762.88,2026-08-24,C,788.0,0.0,0.01,0.0,2252.0,0.01,0.4257,0.0,0.0,0.0,0.0,0.0,3.0,772.0
2026-08-24 10:35:51,2026-08-24T10:20:07,762.88,2026-08-24,P,788.0,25.01,25.2,45.0,45.0,24.71,0.0,-1.0,0.0,0.0,0.0,0.0,12.0,0.0
2026-08-24 10:35:51,2026-08-24T10:20:07,762.88,2026-08-24,C,789.0,0.0,0.01,0.0,2248.0,0.01,0.4408,0.0,0.0,0.0,0.0,0.0,6.0,649.0
2026-08-24 10:35:51,2026-08-24T10:20:07,762.88,2026-08-24,P,789.0,26.02,26.18,15.0,17.0,25.72,0.0,-1.0,0.0,0.0,0.0,0.0,6.0,0.0
2026-08-24 10:35:51,2026-08-24T10:20:07,762.88,2026-08-24,C,790.0,0.0,0.01,0.0,4095.0,0.01,0.4559,0.0,0.0,0.0,0.0,0.0,0.0,1116.0
2026-08-24 10:35:51,2026-08-24T10:20:07,762.88,2026-08-24,P,790.0,26.96,27.17,17.0,15.0,26.72,0.0,-1.0,0.0,0.0,0.0,0.0,6.0,0.0
2026-08-24 10:35:51,2026-08-24T10:20:07,762.88,2026-08-24,C,791.0,0.0,0.01,0.0,2248.0,0.01,0.4708,0.0,0.0,0.0,0.0,0.0,0.0,463.0
2026-08-24 10:35:51,2026-08-24T10:20:07,762.88,2026-08-24,P,791.0,27.99,28.21,15.0,17.0,27.69,0.0,-1.0,0.0,0.0,0.0,0.0,4.0,0.0
2026-08-24 10:35:51,2026-08-24T10:20:07,762.88,2026-08-24,C,792.0,0.0,0.01,0.0,2248.0,0.01,0.4858,0.0,0.0,0.0,0.0,0.0,0.0,329.0
2026-08-24 10:35:51,2026-08-24T10:20:07,762.88,2026-08-24,P,792.0,29.0,29.17,15.0,15.0,28.7,0.0,-1.0,0.0,0.0,0.0,0.0,4.0,0.0
2026-08-24 10:35:51,2026-08-24T10:20:07,762.88,2026-08-24,C,793.0,0.0,0.01,0.0,5580.0,0.01,0.5006,0.0,0.0,0.0,0.0,0.0,150.0,759.0
2026-08-24 10:35:51,2026-08-24T10:20:07,762.88,2026-08-24,P,793.0,30.0,30.17,15.0,15.0,29.89,0.0,-1.0,0.0,0.0,0.0,0.0,10.0,0.0
2026-08-24 10:35:51,2026-08-24T10:20:07,762.88,2026-08-24,C,794.0,0.0,0.01,0.0,2248.0,0.01,0.5154,0.0,0.0,0.0,0.0,0.0,0.0,727.0
2026-08-24 10:35:51,2026-08-24T10:20:07,762.88,2026-08-24,P,794.0,30.99,31.17,15.0,15.0,30.69,0.0,-1.0,0.0,0.0,0.0,0.0,4.0,0.0
2026-08-24 10:35:51,2026-08-24T10:20:07,762.88,2026-08-24,C,795.0,0.0,0.01,0.0,6237.0,0.01,0.5302,0.0,0.0,0.0,0.0,0.0,0.0,479.0
2026-08-24 10:35:51,2026-08-24T10:20:07,762.88,2026-08-24,P,795.0,31.95,32.88,2.0,1.0,31.7,0.0,-1.0,0.0,0.0,0.0,0.0,6.0,0.0
2026-08-24 10:35:51,2026-08-24T10:20:07,762.88,2026-08-24,C,796.0,0.0,0.01,0.0,2248.0,0.01,0.5449,0.0,0.0,0.0,0.0,0.0,0.0,179.0
2026-08-24 10:35:51,2026-08-24T10:20:07,762.88,2026-08-24,P,796.0,32.93,33.62,2.0,1.0,32.67,0.8192,-1.0,0.0,0.0,0.0,0.0,6.0,0.0
2026-08-24 10:35:51,2026-08-24T10:20:07,762.88,2026-08-24,C,797.0,0.0,0.01,0.0,2248.0,0.01,0.5595,0.0,0.0,0.0,0.0,0.0,0.0,122.0
2026-08-24 10:35:51,2026-08-24T10:20:07,762.88,2026-08-24,P,797.0,33.93,34.52,1.0,1.0,33.72,0.5948,-1.0,0.0,0.0,0.0,0.0,6.0,0.0
2026-08-24 10:35:51,2026-08-24T10:20:07,762.88,2026-08-24,C,798.0,0.0,0.01,0.0,2248.0,0.05,0.5741,0.0,0.0,0.0,0.0,0.0,2.0,563.0
2026-08-24 10:35:51,2026-08-24T10:20:07,762.88,2026-08-24,P,798.0,34.96,35.25,2.0,2.0,35.64,0.0,-1.0,0.0,0.0,0.0,0.0,2.0,0.0
2026-08-24 10:35:51,2026-08-24T10:20:07,762.88,2026-08-24,C,799.0,0.0,0.01,0.0,2248.0,0.01,0.5887,0.0,0.0,0.0,0.0,0.0,0.0,448.0
2026-08-24 10:35:51,2026-08-24T10:20:07,762.88,2026-08-24,P,799.0,35.94,36.34,1.0,1.0,36.62,0.0,-1.0,0.0,0.0,0.0,0.0,2.0,0.0
2026-08-24 10:35:51,2026-08-24T10:20:07,762.88,2026-08-24,C,800.0,0.0,0.01,0.0,6357.0,0.01,0.6032,0.0,0.0,0.0,0.0,0.0,0.0,1221.0
2026-08-24 10:35:51,2026-08-24T10:20:07,762.88,2026-08-24,P,800.0,36.92,37.27,2.0,1.0,37.64,0.0,-1.0,0.0,0.0,0.0,0.0,2.0,1.0
2026-08-24 10:35:51,2026-08-24T10:20:07,762.88,2026-08-24,C,801.0,0.0,0.01,0.0,2248.0,0.01,0.6176,0.0,0.0,0.0,0.0,0.0,0.0,298.0
2026-08-24 10:35:51,2026-08-24T10:20:07,762.88,2026-08-24,P,801.0,37.84,38.25,1.0,2.0,38.62,0.0,-1.0,0.0,0.0,0.0,0.0,2.0,0.0
2026-08-24 10:40:52,2026-08-24T10:25:07,762.86,2026-08-24,C,725.0,37.78,37.98,44.0,44.0,38.73,0.0,0.9951,0.0009,-0.0227,0.0029,0.0,0.0,13.0
2026-08-24 10:40:52,2026-08-24T10:25:07,762.86,2026-08-24,P,725.0,0.0,0.01,0.0,3224.0,0.01,0.6499,-0.0049,0.0009,-0.0227,0.0029,0.0,1.0,984.0
2026-08-24 10:40:52,2026-08-24T10:25:07,762.86,2026-08-24,C,726.0,36.78,36.98,44.0,44.0,39.64,0.0,0.995,0.001,-0.0228,0.003,0.0,0.0,2.0
2026-08-24 10:40:52,2026-08-24T10:25:07,762.86,2026-08-24,P,726.0,0.0,0.01,0.0,3223.0,0.02,0.6337,-0.005,0.001,-0.0228,0.003,0.0,0.0,49.0
2026-08-24 10:40:52,2026-08-24T10:25:07,762.86,2026-08-24,C,727.0,35.78,35.99,44.0,44.0,38.65,0.6176,0.9948,0.001,-0.0229,0.0031,0.0,0.0,2.0
2026-08-24 10:40:52,2026-08-24T10:25:07,762.86,2026-08-24,P,727.0,0.0,0.01,0.0,3224.0,0.01,0.6176,-0.0052,0.001,-0.0229,0.0031,0.0,0.0,142.0
2026-08-24 10:40:52,2026-08-24T10:25:07,762.86,2026-08-24,C,728.0,34.78,34.98,44.0,44.0,34.81,0.0,0.9947,0.0011,-0.0229,0.0031,0.0,3.0,0.0
2026-08-24 10:40:52,2026-08-24T10:25:07,762.86,2026-08-24,P,728.0,0.0,0.01,0.0,3224.0,0.01,0.6014,-0.0053,0.0011,-0.0229,0.0031,0.0,0.0,2120.0
2026-08-24 10:40:52,2026-08-24T10:25:07,762.86,2026-08-24,C,729.0,33.78,34.02,44.0,44.0,33.86,0.6692,0.9946,0.0011,-0.023,0.0032,0.0,3.0,0.0
2026-08-24 10:40:52,2026-08-24T10:25:07,762.86,2026-08-24,P,729.0,0.0,0.01,0.0,3224.0,0.01,0.5853,-0.0054,0.0011,-0.023,0.0032,0.0,8.0,249.0
2026-08-24 10:40:52,2026-08-24T10:25:07,762.86,2026-08-24,C,730.0,32.78,33.02,44.0,44.0,32.47,0.6511,0.9944,0.0012,-0.0231,0.0033,0.0,1.0,61.0
2026-08-24 10:40:52,2026-08-24T10:25:07,762.86,2026-08-24,P,730.0,0.0,0.01,0.0,3224.0,0.02,0.5691,-0.0056,0.0012,-0.0231,0.0033,0.0,0.0,2337.0
2026-08-24 10:40:52,2026-08-24T10:25:07,762.86,2026-08-24,C,731.0,31.78,31.99,44.0,44.0,31.52,0.5529,0.9942,0.0013,-0.0232,0.0034,0.0,1.0,0.0
2026-08-24 10:40:52,2026-08-24T10:25:07,762.86,2026-08-24,P,731.0,0.0,0.01,0.0,3104.0,0.02,0.5529,-0.0058,0.0013,-0.0232,0.0034,0.0,0.0,1383.0
2026-08-24 10:40:52,2026-08-24T10:25:07,762.86,2026-08-24,C,732.0,30.78,31.0,44.0,44.0,0.0,0.5724,0.9941,0.0013,-0.0233,0.0035,0.0,0.0,0.0
2026-08-24 10:40:52,2026-08-24T10:25:07,762.86,2026-08-24,P,732.0,0.0,0.01,0.0,3104.0,0.01,0.5367,-0.0059,0.0013,-0.0233,0.0035,0.0,15.0,958.0
2026-08-24 10:40:52,2026-08-24T10:25:07,762.86,2026-08-24,C,733.0,29.78,30.02,44.0,44.0,33.82,0.5967,0.9939,0.0014,-0.0234,0.0036,0.0,0.0,1.0
2026-08-24 10:40:52,2026-08-24T10:25:07,762.86,2026-08-24,P,733.0,0.0,0.01,0.0,3103.0,0.01,0.5205,-0.0061,0.0014,-0.0234,0.0036,0.0,1.0,281.0
2026-08-24 10:40:52,2026-08-24T10:25:07,762.86,2026-08-24,C,734.0,28.78,29.04,44.0,44.0,28.29,0.606,0.9937,0.0015,-0.0234,0.0037,0.0,1.0,0.0
2026-08-24 10:40:52,2026-08-24T10:25:07,762.86,2026-08-24,P,734.0,0.0,0.01,0.0,3158.0,0.01,0.5042,-0.0063,0.0015,-0.0234,0.0037,0.0,15.0,426.0
2026-08-24 10:40:52,2026-08-24T10:25:07,762.86,2026-08-24,C,735.0,27.78,27.98,24.0,24.0,28.28,0.0,0.9935,0.0016,-0.0235,0.0038,0.0,2.0,7.0
2026-08-24 10:40:52,2026-08-24T10:25:07,762.86,2026-08-24,P,735.0,0.0,0.01,0.0,3158.0,0.01,0.488,-0.0065,0.0016,-0.0235,0.0038,0.0,5276.0,8066.0
2026-08-24 10:40:52,2026-08-24T10:25:07,762.86,2026-08-24,C,736.0,26.78,27.04,44.0,44.0,26.3,0.5681,0.9933,0.0017,-0.0236,0.0039,0.0,1.0,0.0
2026-08-24 10:40:52,2026-08-24T10:25:07,762.86,2026-08-24,P,736.0,0.0,0.01,0.0,3158.0,0.01,0.4717,-0.0067,0.0017,-0.0236,0.0039,0.0,942.0,7980.0
2026-08-24 10:40:52,2026-08-24T10:25:07,762.86,2026-08-24,C,737.0,25.78,26.06,44.0,44.0,25.35,0.5691,0.9931,0.0018,-0.0237,0.004,0.0,1.0,6.0
2026-08-24 10:40:52,2026-08-24T10:25:07,762.86,2026-08-24,P,737.0,0.0,0.01,0.0,2732.0,0.01,0.4554,-0.0069,0.0018,-0.0237,0.004,0.0,2.0,1766.0
2026-08-24 10:40:52,2026-08-24T10:25:07,762.86,2026-08-24,C,738.0,24.78,24.98,45.0,44.0,25.56,0.0,0.9928,0.0019,-0.0238,0.0042,0.0,3.0,4.0
2026-08-24 10:40:52,2026-08-24T10:25:07,762.86,2026-08-24,P,738.0,0.0,0.01,0.0,2682.0,0.01,0.4391,-0.0072,0.0019,-0.0238,0.0042,0.0,253.0,3291.0
2026-08-24 10:40:52,2026-08-24T10:25:07,762.86,2026-08-24,C,739.0,23.79,24.06,44.0,44.0,23.58,0.5381,0.9926,0.0021,-0.0239,0.0043,0.0,2.0,11.0
2026-08-24 10:40:52,2026-08-24T10:25:07,762.86,2026-08-24,P,739.0,0.0,0.01,0.0,2786.0,0.01,0.4227,-0.0074,0.0021,-0.0239,0.0043,0.0,3137.0,756.0
2026-08-24 10:40:52,2026-08-24T10:25:07,762.86,2026-08-24,C,740.0,22.79,22.98,100.0,100.0,23.16,0.4063,0.9923,0.0022,-0.024,0.0045,0.0,4.0,13.0
2026-08-24 10:40:52,2026-08-24T10:25:07,762.86,2026-08-24,P,740.0,0.0,0.01,0.0,2549.0,0.01,0.4063,-0.0077,0.0022,-0.024,0.0045,0.0,1790.0,1476.0
2026-08-24 10:40:52,2026-08-24T10:25:07,762.86,2026-08-24,C,741.0,21.79,22.02,100.0,44.0,21.75,0.4622,0.992,0.0024,-0.024,0.0046,0.0,27.0,2.0
2026-08-24 10:40:52,2026-08-24T10:25:07,762.86,2026-08-24,P,741.0,0.01,0.02,2175.0,3333.0,0.01,0.4357,-0.008,0.0024,-0.024,0.0046,0.0,674.0,1692.0
2026-08-24 10:40:52,2026-08-24T10:25:07,762.86,2026-08-24,C,742.0,20.79,20.99,100.0,44.0,20.75,0.3999,0.9916,0.0026,-0.0241,0.0048,0.0,26.0,13.0
2026-08-24 10:40:52,2026-08-24T10:25:07,762.86,2026-08-24,P,742.0,0.01,0.02,2175.0,3333.0,0.01,0.4177,-0.0084,0.0026,-0.0241,0.0048,0.0,685.0,744.0
2026-08-24 10:40:52,2026-08-24T10:25:07,762.86,2026-08-24,C,743.0,19.79,20.05,100.0,100.0,20.54,0.4507,0.9913,0.0028,-0.0242,0.005,0.0,24.0,12.0
2026-08-24 10:40:52,2026-08-24T10:25:07,762.86,2026-08-24,P,743.0,0.01,0.02,2229.0,3333.0,0.02,0.3996,-0.0087,0.0028,-0.0242,0.005,0.0,596.0,624.0
2026-08-24 10:40:52,2026-08-24T10:25:07,762.86,2026-08-24,C,744.0,18.79,19.01,100.0,100.0,18.81,0.3944,0.9909,0.003,-0.0243,0.0052,0.0,29.0,6.0
2026-08-24 10:40:52,2026-08-24T10:25:07,762.86,2026-08-24,P,744.0,0.01,0.02,3182.0,3333.0,0.01,0.3815,-0.0091,0.003,-0.0243,0.0052,0.0,58.0,1252.0
2026-08-24 10:40:52,2026-08-24T10:25:07,762.86,2026-08-24,C,745.0,17.8,18.0,100.0,100.0,17.84,0.3757,0.9905,0.0033,-0.0244,0.0055,0.0,26.0,72.0
2026-08-24 10:40:52,2026-08-24T10:25:07,762.86,2026-08-24,P,745.0,0.01,0.02,2682.0,2861.0,0.02,0.3633,-0.0095,0.0033,-0.0244,0.0055,0.0,113.0,1460.0
2026-08-24 10:40:52,2026-08-24T10:25:07,762.86,2026-08-24,C,746.0,16.8,17.05,100.0,100.0,17.8,0.397,0.99,0.0036,-0.0245,0.0057,0.0,14.0,11.0
2026-08-24 10:40:52,2026-08-24T10:25:07,762.86,2026-08-24,P,746.0,0.01,0.02,2680.0,2506.0,0.01,0.345,-0.01,0.0036,-0.0245,0.0057,0.0,449.0,497.0
2026-08-24 10:40:52,2026-08-24T10:25:07,762.86,2026-08-24,C,747.0,15.8,15.97,100.0,100.0,16.43,0.2906,0.9894,0.004,-0.0246,0.006,0.0,2.0,24.0
2026-08-24 10:40:52,2026-08-24T10:25:07,762.86,2026-08-24,P,747.0,0.01,0.02,2927.0,2980.0,0.02,0.3266,-0.0106,0.004,-0.0246,0.006,0.0,57.0,1909.0
2026-08-24 10:40:52,2026-08-24T10:25:07,762.86,2026-08-24,C,748.0,14.8,15.0,100.0,100.0,14.68,0.3191,0.9889,0.0044,-0.0247,0.0063,0.0,37.0,24.0
2026-08-24 10:40:52,2026-08-24T10:25:07,762.86,2026-08-24,P,748.0,0.01,0.02,2692.0,2610.0,0.01,0.3082,-0.0111,0.0044,-0.0247,0.0063,0.0,1716.0,1955.0
2026-08-24 10:40:52,2026-08-24T10:25:07,762.86,2026-08-24,C,749.0,13.8,14.08,101.0,193.0,13.77,0.3502,0.9882,0.005,-0.0248,0.0066,0.0,9.0,78.0
2026-08-24 10:40:52,2026-08-24T10:25:07,762.86,2026-08-24,P,749.0,0.01,0.02,2679.0,2829.0,0.01,0.2897,-0.0118,0.005,-0.0248,0.0066,0.0,4470.0,2418.0
2026-08-24 10:40:52,2026-08-24T10:25:07,762.86,2026-08-24,C,750.0,12.8,13.0,100.0,100.0,12.85,0.2809,0.9874,0.0056,-0.025,0.0071,0.0,64.0,79.0
2026-08-24 10:40:52,2026-08-24T10:25:07,762.86,2026-08-24,P,750.0,0.02,0.03,1142.0,3335.0,0.02,0.2892,-0.0126,0.0056,-0.025,0.0071,0.0,1068.0,10698.0
2026-08-24 10:40:52,2026-08-24T10:25:07,762.86,2026-08-24,C,751.0,11.8,12.02,100.0,100.0,11.93,0.2764,0.9865,0.0064,-0.0253,0.0076,0.0,7.0,59.0
2026-08-24 10:40:52,2026-08-24T10:25:07,762.86,2026-08-24,P,751.0,0.02,0.03,2346.0,2917.0,0.02,0.2695,-0.0135,0.0064,-0.0253,0.0076,0.0,636.0,1189.0
2026-08-24 10:40:52,2026-08-24T10:25:07,762.86,2026-08-24,C,752.0,10.8,11.0,100.0,100.0,10.73,0.2422,0.9852,0.0074,-0.0259,0.0082,0.0,298.0,59.0
2026-08-24 10:40:52,2026-08-24T10:25:07,762.86,2026-08-24,P,752.0,0.02,0.03,2375.0,2451.0,0.02,0.2496,-0.0148,0.0074,-0.0259,0.0082,0.0,2886.0,1738.0
2026-08-24 10:40:52,2026-08-24T10:25:07,762.86,2026-08-24,C,753.0,9.81,10.05,150.0,150.0,9.89,0.255,0.9836,0.0088,-0.0271,0.009,0.0,70.0,105.0
2026-08-24 10:40:52,2026-08-24T10:25:07,762.86,2026-08-24,P,753.0,0.02,0.03,2827.0,2525.0,0.02,0.2296,-0.0164,0.0088,-0.0271,0.009,0.0,6235.0,3707.0
2026-08-24 10:40:52,2026-08-24T10:25:07,762.86,2026-08-24,C,754.0,8.82,9.01,150.0,150.0,9.31,0.2201,0.9809,0.0108,-0.0298,0.0103,0.0,367.0,90.0
2026-08-24 10:40:52,2026-08-24T10:25:07,762.86,2026-08-24,P,754.0,0.03,0.04,1780.0,2526.0,0.04,0.2201,-0.0191,0.0108,-0.0298,0.0103,0.0,2355.0,3882.0
2026-08-24 10:40:52,2026-08-24T10:25:07,762.86,2026-08-24,C,755.0,7.82,8.05,125.0,150.0,8.3,0.2144,0.9763,0.014,-0.0352,0.0123,0.0,237.0,182.0
2026-08-24 10:40:52,2026-08-24T10:25:07,762.86,2026-08-24,P,755.0,0.04,0.05,2443.0,2727.0,0.05,0.2072,-0.0237,0.014,-0.0352,0.0123,0.0,15685.0,7567.0
2026-08-24 10:40:52,2026-08-24T10:25:07,762.86,2026-08-24,C,756.0,6.84,7.05,74.0,68.0,6.9,0.1976,0.9681,0.0192,-0.0461,0.0157,0.0,117.0,111.0
2026-08-24 10:40:52,2026-08-24T10:25:07,762.86,2026-08-24,P,756.0,0.05,0.06,1778.0,2008.0,0.06,0.1916,-0.0319,0.0192,-0.0461,0.0157,0.0,20822.0,7665.0
2026-08-24 10:40:52,2026-08-24T10:25:07,762.86,2026-08-24,C,757.0,5.86,6.04,72.0,69.0,6.43,0.1765,0.9539,0.0275,-0.0665,0.021,0.0,630.0,186.0
2026-08-24 10:40:52,2026-08-24T10:25:07,762.86,2026-08-24,P,757.0,0.07,0.08,1436.0,2291.0,0.08,0.1789,-0.0461,0.0275,-0.0665,0.021,0.0,32041.0,4394.0
2026-08-24 10:40:52,2026-08-24T10:25:07,762.86,2026-08-24,C,758.0,4.97,5.0,35.0,20.0,5.0,0.168,0.9305,0.0403,-0.1016,0.0286,0.0,446.0,149.0
2026-08-24 10:40:52,2026-08-24T10:25:07,762.86,2026-08-24,P,758.0,0.1,0.11,1434.0,2092.0,0.1,0.1662,-0.0695,0.0403,-0.1016,0.0286,0.0,31582.0,3941.0
2026-08-24 10:40:52,2026-08-24T10:25:07,762.86,2026-08-24,C,759.0,4.02,4.05,75.0,23.0,4.03,0.1571,0.894,0.0586,-0.1587,0.0386,0.0,1337.0,194.0
2026-08-24 10:40:52,2026-08-24T10:25:07,762.86,2026-08-24,P,759.0,0.15,0.16,607.0,1931.0,0.16,0.1544,-0.106,0.0586,-0.1587,0.0386,0.0,31439.0,3264.0
2026-08-24 10:40:52,2026-08-24T10:25:07,762.86,2026-08-24,C,760.0,3.11,3.14,92.0,171.0,3.12,0.1466,0.8387,0.0837,-0.2492,0.0508,0.0,3512.0,370.0
2026-08-24 10:40:52,2026-08-24T10:25:07,762.86,2026-08-24,P,760.0,0.24,0.25,386.0,1944.0,0.24,0.1446,-0.1613,0.0837,-0.2492,0.0508,0.0,78529.0,10050.0
2026-08-24 10:40:52,2026-08-24T10:25:07,762.86,2026-08-24,C,761.0,2.25,2.28,133.0,121.0,2.26,0.1363,0.7556,0.1152,-0.3958,0.0642,0.0,6057.0,318.0
2026-08-24 10:40:52,2026-08-24T10:25:07,762.86,2026-08-24,P,761.0,0.38,0.39,690.0,544.0,0.39,0.134,-0.2444,0.1152,-0.3958,0.0642,0.0,90626.0,4492.0
2026-08-24 10:40:52,2026-08-24T10:25:07,762.86,2026-08-24,C,762.0,1.51,1.53,178.0,196.0,1.52,0.1279,0.6355,0.1471,-0.6386,0.0759,0.0,28005.0,936.0
2026-08-24 10:40:52,2026-08-24T10:25:07,762.86,2026-08-24,P,762.0,0.63,0.64,398.0,567.0,0.63,0.1266,-0.3645,0.1471,-0.6386,0.0759,0.0,166635.0,3574.0
2026-08-24 10:40:52,2026-08-24T10:25:07,762.86,2026-08-24,C,763.0,0.91,0.92,323.0,357.0,0.92,0.1214,0.4809,0.1645,-0.9085,0.0801,0.0,100536.0,1198.0
2026-08-24 10:40:52,2026-08-24T10:25:07,762.86,2026-08-24,P,763.0,1.03,1.04,365.0,251.0,1.03,0.1201,-0.5191,0.1645,-0.9085,0.0801,0.0,205190.0,6044.0
2026-08-24 10:40:52,2026-08-24T10:25:07,762.86,2026-08-24,C,764.0,0.48,0.49,871.0,338.0,0.48,0.1172,0.3175,0.1516,-0.4832,0.0724,0.0,138301.0,1820.0
2026-08-24 10:40:52,2026-08-24T10:25:07,762.86,2026-08-24,P,764.0,1.59,1.62,198.0,240.0,1.6,0.1165,-0.6825,0.1516,-0.4832,0.0724,0.0,64734.0,6864.0
2026-08-24 10:40:52,2026-08-24T10:25:07,762.86,2026-08-24,C,765.0,0.23,0.24,1196.0,897.0,0.24,0.1167,0.1851,0.1132,-0.2383,0.0555,0.0,103826.0,6424.0
2026-08-24 10:40:52,2026-08-24T10:25:07,762.86,2026-08-24,P,765.0,2.34,2.36,84.0,39.0,2.37,0.1149,-0.8149,0.1132,-0.2383,0.0555,0.0,27733.0,19244.0
2026-08-24 10:40:52,2026-08-24T10:25:07,762.86,2026-08-24,C,766.0,0.11,0.12,1828.0,2547.0,0.11,0.1209,0.1041,0.0731,-0.1224,0.0386,0.0,67113.0,8787.0
2026-08-24 10:40:52,2026-08-24T10:25:07,762.86,2026-08-24,P,766.0,3.21,3.24,74.0,36.0,3.22,0.115,-0.8959,0.0731,-0.1224,0.0386,0.0,8579.0,11396.0
2026-08-24 10:40:52,2026-08-24T10:25:07,762.86,2026-08-24,C,767.0,0.06,0.07,1111.0,2989.0,0.06,0.1302,0.0627,0.046,-0.0725,0.0269,0.0,43294.0,5623.0
2026-08-24 10:40:52,2026-08-24T10:25:07,762.86,2026-08-24,P,767.0,4.13,4.23,107.0,64.0,4.25,0.1302,-0.9373,0.046,-0.0725,0.0269,0.0,2533.0,4337.0
2026-08-24 10:40:52,2026-08-24T10:25:07,762.86,2026-08-24,C,768.0,0.03,0.04,3018.0,2740.0,0.03,0.1376,0.041,0.03,-0.0482,0.0195,0.0,29300.0,6707.0
2026-08-24 10:40:52,2026-08-24T10:25:07,762.86,2026-08-24,P,768.0,5.09,5.26,72.0,72.0,5.18,0.1495,-0.959,0.03,-0.0482,0.0195,0.0,861.0,2423.0
2026-08-24 10:40:52,2026-08-24T10:25:07,762.86,2026-08-24,C,769.0,0.02,0.03,3105.0,2142.0,0.02,0.151,0.0279,0.0201,-0.0336,0.0143,0.0,10663.0,4943.0
2026-08-24 10:40:52,2026-08-24T10:25:07,762.86,2026-08-24,P,769.0,6.1,6.19,100.0,100.0,6.18,0.151,-0.9721,0.0201,-0.0336,0.0143,0.0,388.0,3299.0
2026-08-24 10:40:52,2026-08-24T10:25:07,762.86,2026-08-24,C,770.0,0.02,0.03,1006.0,3146.0,0.03,0.1716,0.0192,0.0137,-0.0237,0.0106,0.0,15514.0,11088.0
2026-08-24 10:40:52,2026-08-24T10:25:07,762.86,2026-08-24,P,770.0,7.09,7.19,186.0,186.0,7.15,0.1661,-0.9808,0.0137,-0.0237,0.0106,0.0,767.0,3062.0
2026-08-24 10:40:52,2026-08-24T10:25:07,762.86,2026-08-24,C,771.0,0.01,0.02,3039.0,2062.0,0.01,0.1787,0.0134,0.0094,-0.0167,0.0078,0.0,3595.0,4378.0
2026-08-24 10:40:52,2026-08-24T10:25:07,762.86,2026-08-24,P,771.0,8.08,8.24,77.0,96.0,8.14,0.2062,-0.9866,0.0094,-0.0167,0.0078,0.0,224.0,1479.0
2026-08-24 10:40:52,2026-08-24T10:25:07,762.86,2026-08-24,C,772.0,0.01,0.02,3171.0,2856.0,0.01,0.1975,0.0094,0.0065,-0.0118,0.0058,0.0,7444.0,17015.0
2026-08-24 10:40:52,2026-08-24T10:25:07,762.86,2026-08-24,P,772.0,9.04,9.24,150.0,150.0,9.02,0.2052,-0.9906,0.0065,-0.0118,0.0058,0.0,183.0,1353.0
2026-08-24 10:40:52,2026-08-24T10:25:07,762.86,2026-08-24,C,773.0,0.01,0.02,2297.0,2989.0,0.01,0.2162,0.0066,0.0046,-0.0084,0.0042,0.0,2590.0,6476.0
2026-08-24 10:40:52,2026-08-24T10:25:07,762.86,2026-08-24,P,773.0,10.08,10.24,100.0,150.0,10.05,0.2479,-0.9934,0.0046,-0.0084,0.0042,0.0,138.0,348.0
2026-08-24 10:40:52,2026-08-24T10:25:07,762.86,2026-08-24,C,774.0,0.01,0.02,1189.0,3026.0,0.02,0.2346,0.0047,0.0032,-0.006,0.0031,0.0,1479.0,3840.0
2026-08-24 10:40:52,2026-08-24T10:25:07,762.86,2026-08-24,P,774.0,11.04,11.23,100.0,100.0,11.34,0.2346,-0.9953,0.0032,-0.006,0.0031,0.0,73.0,46.0
2026-08-24 10:40:52,2026-08-24T10:25:07,762.86,2026-08-24,C,775.0,0.01,0.02,1071.0,3451.0,0.01,0.2528,0.0033,0.0023,-0.0043,0.0023,0.0,3113.0,5611.0
2026-08-24 10:40:52,2026-08-24T10:25:07,762.86,2026-08-24,P,775.0,12.03,12.23,100.0,100.0,11.88,0.241,-0.9967,0.0023,-0.0043,0.0023,0.0,58.0,13.0
2026-08-24 10:40:52,2026-08-24T10:25:07,762.86,2026-08-24,C,776.0,0.0,0.01,0.0,5545.0,0.01,0.24,0.0024,0.0016,-0.0031,0.0017,0.0,4757.0,6136.0
2026-08-24 10:40:52,2026-08-24T10:25:07,762.86,2026-08-24,P,776.0,13.02,13.23,100.0,100.0,12.81,0.24,-0.9976,0.0016,-0.0031,0.0017,0.0,71.0,28.0
2026-08-24 10:40:52,2026-08-24T10:25:07,762.86,2026-08-24,C,777.0,0.0,0.01,0.0,3332.0,0.01,0.2563,0.0017,0.0011,-0.0022,0.0013,0.0,3114.0,3531.0
2026-08-24 10:40:52,2026-08-24T10:25:07,762.86,2026-08-24,P,777.0,14.04,14.23,100.0,101.0,13.24,0.2887,-0.9983,0.0011,-0.0022,0.0013,0.0,47.0,30.0
2026-08-24 10:40:52,2026-08-24T10:25:07,762.86,2026-08-24,C,778.0,0.0,0.01,0.0,3181.0,0.01,0.2724,0.0012,0.0008,-0.0016,0.0009,0.0,190.0,1814.0
2026-08-24 10:40:52,2026-08-24T10:25:07,762.86,2026-08-24,P,778.0,15.06,15.23,44.0,100.0,14.23,0.3264,-0.9988,0.0008,-0.0016,0.0009,0.0,29.0,6.0
2026-08-24 10:40:52,2026-08-24T10:25:07,762.86,2026-08-24,C,779.0,0.0,0.01,0.0,3188.0,0.01,0.2884,0.0009,0.0006,-0.0012,0.0007,0.0,14.0,1475.0
2026-08-24 10:40:52,2026-08-24T10:25:07,762.86,2026-08-24,P,779.0,16.07,16.23,24.0,100.0,16.46,0.3532,-0.9991,0.0006,-0.0012,0.0007,0.0,59.0,27.0
2026-08-24 10:40:52,2026-08-24T10:25:07,762.86,2026-08-24,C,780.0,0.0,0.01,0.0,3183.0,0.01,0.3043,0.0006,0.0004,-0.0008,0.0005,0.0,47.0,7079.0
2026-08-24 10:40:52,2026-08-24T10:25:07,762.86,2026-08-24,P,780.0,17.03,17.23,43.0,100.0,17.04,0.3266,-0.9994,0.0004,-0.0008,0.0005,0.0,22.0,1.0
2026-08-24 10:40:52,2026-08-24T10:25:07,762.86,2026-08-24,C,781.0,0.0,0.01,0.0,3181.0,0.01,0.3202,0.0005,0.0003,-0.0006,0.0004,0.0,41.0,2996.0
2026-08-24 10:40:52,2026-08-24T10:25:07,762.86,2026-08-24,P,781.0,18.04,18.23,44.0,100.0,17.72,0.359,-0.9995,0.0003,-0.0006,0.0004,0.0,6.0,0.0
2026-08-24 10:40:52,2026-08-24T10:25:07,762.86,2026-08-24,C,782.0,0.0,0.01,0.0,3181.0,0.01,0.3359,0.0004,0.0002,-0.0004,0.0003,0.0,6.0,1792.0
2026-08-24 10:40:52,2026-08-24T10:25:07,762.86,2026-08-24,P,782.0,19.04,19.23,45.0,100.0,18.45,0.3763,-0.9996,0.0002,-0.0004,0.0003,0.0,16.0,1.0
2026-08-24 10:40:52,2026-08-24T10:25:07,762.86,2026-08-24,C,783.0,0.0,0.01,0.0,3181.0,0.01,0.3515,0.0003,0.0002,-0.0003,0.0002,0.0,74.0,751.0
2026-08-24 10:40:52,2026-08-24T10:25:07,762.86,2026-08-24,P,783.0,20.04,20.23,45.0,100.0,20.46,0.3934,-0.9997,0.0002,-0.0003,0.0002,0.0,111.0,0.0
2026-08-24 10:40:52,2026-08-24T10:25:07,762.86,2026-08-24,C,784.0,0.0,0.01,0.0,3128.0,0.01,0.3671,0.0002,0.0001,-0.0002,0.0002,0.0,28.0,807.0
2026-08-24 10:40:52,2026-08-24T10:25:07,762.86,2026-08-24,P,784.0,21.07,21.23,100.0,100.0,20.95,0.4455,-0.9998,0.0001,-0.0002,0.0002,0.0,53.0,1.0
2026-08-24 10:40:52,2026-08-24T10:25:07,762.86,2026-08-24,C,785.0,0.0,0.01,0.0,3247.0,0.01,0.3826,0.0001,0.0001,-0.0002,0.0001,0.0,176.0,1778.0
2026-08-24 10:40:52,2026-08-24T10:25:07,762.86,2026-08-24,P,785.0,22.04,22.23,44.0,100.0,22.19,0.4275,-0.9999,0.0001,-0.0002,0.0001,0.0,7.0,1.0
2026-08-24 10:40:52,2026-08-24T10:25:07,762.86,2026-08-24,C,786.0,0.0,0.01,0.0,3247.0,0.01,0.398,0.0001,0.0001,-0.0001,0.0001,0.0,18.0,512.0
2026-08-24 10:40:52,2026-08-24T10:25:07,762.86,2026-08-24,P,786.0,23.03,23.23,44.0,45.0,22.72,0.4257,-0.9999,0.0001,-0.0001,0.0001,0.0,6.0,0.0
2026-08-24 10:40:52,2026-08-24T10:25:07,762.86,2026-08-24,C,787.0,0.0,0.01,0.0,3247.0,0.01,0.4134,0.0001,0.0,-0.0001,0.0001,0.0,1.0,1566.0
2026-08-24 10:40:52,2026-08-24T10:25:07,762.86,2026-08-24,P,787.0,24.04,24.23,24.0,24.0,23.71,0.4611,-0.9999,0.0,-0.0001,0.0001,0.0,19.0,0.0
2026-08-24 10:40:52,2026-08-24T10:25:07,762.86,2026-08-24,C,788.0,0.0,0.01,0.0,3252.0,0.01,0.4286,0.0001,0.0,-0.0001,0.0,0.0,3.0,772.0
2026-08-24 10:40:52,2026-08-24T10:25:07,762.86,2026-08-24,P,788.0,25.04,25.23,44.0,45.0,24.71,0.4778,-0.9999,0.0,-0.0001,0.0,0.0,12.0,0.0
2026-08-24 10:40:52,2026-08-24T10:25:07,762.86,2026-08-24,C,789.0,0.0,0.01,0.0,3248.0,0.01,0.4439,0.0,0.0,-0.0001,0.0,0.0,6.0,649.0
2026-08-24 10:40:52,2026-08-24T10:25:07,762.86,2026-08-24,P,789.0,26.03,26.23,44.0,45.0,25.72,0.4741,-1.0,0.0,-0.0001,0.0,0.0,6.0,0.0
2026-08-24 10:40:52,2026-08-24T10:25:07,762.86,2026-08-24,C,790.0,0.0,0.01,0.0,4053.0,0.01,0.459,0.0,0.0,0.0,0.0,0.0,0.0,1116.0
2026-08-24 10:40:52,2026-08-24T10:25:07,762.86,2026-08-24,P,790.0,26.96,27.23,45.0,45.0,26.72,0.0,-1.0,0.0,0.0,0.0,0.0,6.0,0.0
2026-08-24 10:40:52,2026-08-24T10:25:07,762.86,2026-08-24,C,791.0,0.0,0.01,0.0,3248.0,0.01,0.4741,0.0,0.0,0.0,0.0,0.0,0.0,463.0
2026-08-24 10:40:52,2026-08-24T10:25:07,762.86,2026-08-24,P,791.0,27.98,28.23,15.0,15.0,27.69,0.0,-1.0,0.0,0.0,0.0,0.0,4.0,0.0
2026-08-24 10:40:52,2026-08-24T10:25:07,762.86,2026-08-24,C,792.0,0.0,0.01,0.0,3248.0,0.01,0.4891,0.0,0.0,0.0,0.0,0.0,0.0,329.0
2026-08-24 10:40:52,2026-08-24T10:25:07,762.86,2026-08-24,P,792.0,29.01,29.23,15.0,15.0,28.7,0.0,-1.0,0.0,0.0,0.0,0.0,4.0,0.0
2026-08-24 10:40:52,2026-08-24T10:25:07,762.86,2026-08-24,C,793.0,0.0,0.01,0.0,5554.0,0.01,0.5041,0.0,0.0,0.0,0.0,0.0,150.0,759.0
2026-08-24 10:40:52,2026-08-24T10:25:07,762.86,2026-08-24,P,793.0,29.95,30.23,15.0,15.0,29.89,0.0,-1.0,0.0,0.0,0.0,0.0,10.0,0.0
2026-08-24 10:40:52,2026-08-24T10:25:07,762.86,2026-08-24,C,794.0,0.0,0.01,0.0,3248.0,0.01,0.519,0.0,0.0,0.0,0.0,0.0,0.0,727.0
2026-08-24 10:40:52,2026-08-24T10:25:07,762.86,2026-08-24,P,794.0,30.98,31.23,15.0,15.0,30.69,0.0,-1.0,0.0,0.0,0.0,0.0,4.0,0.0
2026-08-24 10:40:52,2026-08-24T10:25:07,762.86,2026-08-24,C,795.0,0.0,0.01,0.0,6204.0,0.01,0.5338,0.0,0.0,0.0,0.0,0.0,0.0,479.0
2026-08-24 10:40:52,2026-08-24T10:25:07,762.86,2026-08-24,P,795.0,31.28,32.31,1.0,2.0,31.7,0.0,-1.0,0.0,0.0,0.0,0.0,6.0,0.0
2026-08-24 10:40:52,2026-08-24T10:25:07,762.86,2026-08-24,C,796.0,0.0,0.01,0.0,2248.0,0.01,0.5486,0.0,0.0,0.0,0.0,0.0,0.0,179.0
2026-08-24 10:40:52,2026-08-24T10:25:07,762.86,2026-08-24,P,796.0,32.51,33.31,2.0,1.0,32.67,0.0,-1.0,0.0,0.0,0.0,0.0,6.0,0.0
2026-08-24 10:40:52,2026-08-24T10:25:07,762.86,2026-08-24,C,797.0,0.0,0.01,0.0,2248.0,0.01,0.5634,0.0,0.0,0.0,0.0,0.0,0.0,122.0
2026-08-24 10:40:52,2026-08-24T10:25:07,762.86,2026-08-24,P,797.0,33.28,34.31,1.0,2.0,33.72,0.0,-1.0,0.0,0.0,0.0,0.0,6.0,0.0
2026-08-24 10:40:52,2026-08-24T10:25:07,762.86,2026-08-24,C,798.0,0.0,0.01,0.0,2248.0,0.05,0.5781,0.0,0.0,0.0,0.0,0.0,2.0,563.0
2026-08-24 10:40:52,2026-08-24T10:25:07,762.86,2026-08-24,P,798.0,34.04,35.3,1.0,1.0,35.64,0.0,-1.0,0.0,0.0,0.0,0.0,2.0,0.0
2026-08-24 10:40:52,2026-08-24T10:25:07,762.86,2026-08-24,C,799.0,0.0,0.01,0.0,2248.0,0.01,0.5927,0.0,0.0,0.0,0.0,0.0,0.0,448.0
2026-08-24 10:40:52,2026-08-24T10:25:07,762.86,2026-08-24,P,799.0,35.34,36.31,1.0,1.0,36.62,0.0,-1.0,0.0,0.0,0.0,0.0,2.0,0.0
2026-08-24 10:40:52,2026-08-24T10:25:07,762.86,2026-08-24,C,800.0,0.0,0.01,0.0,6285.0,0.01,0.6073,0.0,0.0,0.0,0.0,0.0,0.0,1221.0
2026-08-24 10:40:52,2026-08-24T10:25:07,762.86,2026-08-24,P,800.0,36.28,37.31,1.0,1.0,37.64,0.0,-1.0,0.0,0.0,0.0,0.0,2.0,1.0
2026-08-24 10:40:52,2026-08-24T10:25:07,762.86,2026-08-24,C,801.0,0.0,0.01,0.0,2248.0,0.01,0.6218,0.0,0.0,0.0,0.0,0.0,0.0,298.0
2026-08-24 10:40:52,2026-08-24T10:25:07,762.86,2026-08-24,P,801.0,37.93,38.32,1.0,1.0,38.62,0.0,-1.0,0.0,0.0,0.0,0.0,2.0,0.0
2026-08-24 10:45:53,2026-08-24T10:30:07,762.91,2026-08-24,C,725.0,37.76,38.03,46.0,46.0,38.73,0.3406,0.9949,0.001,-0.0239,0.003,0.0,0.0,13.0
2026-08-24 10:45:53,2026-08-24T10:30:07,762.91,2026-08-24,P,725.0,0.0,0.01,0.0,3224.0,0.01,0.6548,-0.0051,0.001,-0.0238,0.003,0.0,1.0,984.0
2026-08-24 10:45:53,2026-08-24T10:30:07,762.91,2026-08-24,C,726.0,36.76,37.04,46.0,46.0,39.64,0.6384,0.9948,0.001,-0.024,0.0031,0.0,0.0,2.0
2026-08-24 10:45:53,2026-08-24T10:30:07,762.91,2026-08-24,P,726.0,0.0,0.01,0.0,3223.0,0.02,0.6386,-0.0052,0.001,-0.0239,0.0031,0.0,0.0,49.0
2026-08-24 10:45:53,2026-08-24T10:30:07,762.91,2026-08-24,C,727.0,35.76,36.06,46.0,46.0,38.65,0.6896,0.9946,0.0011,-0.0241,0.0032,0.0,0.0,2.0
2026-08-24 10:45:53,2026-08-24T10:30:07,762.91,2026-08-24,P,727.0,0.0,0.01,0.0,3224.0,0.01,0.6223,-0.0054,0.0011,-0.024,0.0032,0.0,0.0,142.0
2026-08-24 10:45:53,2026-08-24T10:30:07,762.91,2026-08-24,C,728.0,34.76,35.03,46.0,46.0,34.81,0.3137,0.9945,0.0011,-0.0242,0.0032,0.0,3.0,0.0
2026-08-24 10:45:53,2026-08-24T10:30:07,762.91,2026-08-24,P,728.0,0.0,0.01,0.0,3224.0,0.01,0.6061,-0.0055,0.0011,-0.024,0.0032,0.0,0.0,2120.0
2026-08-24 10:45:53,2026-08-24T10:30:07,762.91,2026-08-24,C,729.0,33.76,34.03,46.0,46.0,33.86,0.3047,0.9943,0.0012,-0.0242,0.0033,0.0,3.0,0.0
2026-08-24 10:45:53,2026-08-24T10:30:07,762.91,2026-08-24,P,729.0,0.0,0.01,0.0,3224.0,0.01,0.5898,-0.0056,0.0012,-0.0241,0.0033,0.0,8.0,249.0
2026-08-24 10:45:53,2026-08-24T10:30:07,762.91,2026-08-24,C,730.0,32.76,32.99,46.0,46.0,32.47,0.0,0.9942,0.0012,-0.0243,0.0034,0.0,1.0,61.0
2026-08-24 10:45:53,2026-08-24T10:30:07,762.91,2026-08-24,P,730.0,0.0,0.01,0.0,3224.0,0.02,0.573,-0.0058,0.0012,-0.0243,0.0034,0.0,0.0,2337.0
2026-08-24 10:45:53,2026-08-24T10:30:07,762.91,2026-08-24,C,731.0,31.76,31.98,46.0,46.0,31.52,0.0,0.994,0.0013,-0.0244,0.0035,0.0,1.0,0.0
2026-08-24 10:45:53,2026-08-24T10:30:07,762.91,2026-08-24,P,731.0,0.0,0.01,0.0,3104.0,0.02,0.5567,-0.006,0.0013,-0.0244,0.0035,0.0,0.0,1383.0
2026-08-24 10:45:53,2026-08-24T10:30:07,762.91,2026-08-24,C,732.0,30.76,31.03,46.0,46.0,0.0,0.2778,0.9938,0.0014,-0.0245,0.0036,0.0,0.0,0.0
2026-08-24 10:45:53,2026-08-24T10:30:07,762.91,2026-08-24,P,732.0,0.0,0.01,0.0,3104.0,0.01,0.5404,-0.0062,0.0014,-0.0245,0.0036,0.0,15.0,958.0
2026-08-24 10:45:53,2026-08-24T10:30:07,762.91,2026-08-24,C,733.0,29.76,29.98,45.0,45.0,33.82,0.0,0.9936,0.0015,-0.0246,0.0037,0.0,0.0,1.0
2026-08-24 10:45:53,2026-08-24T10:30:07,762.91,2026-08-24,P,733.0,0.0,0.01,0.0,3103.0,0.01,0.5241,-0.0064,0.0015,-0.0246,0.0037,0.0,1.0,281.0
2026-08-24 10:45:53,2026-08-24T10:30:07,762.91,2026-08-24,C,734.0,28.77,28.98,46.0,14.0,28.29,0.0,0.9934,0.0015,-0.0247,0.0038,0.0,1.0,0.0
2026-08-24 10:45:53,2026-08-24T10:30:07,762.91,2026-08-24,P,734.0,0.0,0.01,0.0,3104.0,0.01,0.5077,-0.0066,0.0015,-0.0247,0.0038,0.0,15.0,426.0
2026-08-24 10:45:53,2026-08-24T10:30:07,762.91,2026-08-24,C,735.0,27.77,27.98,24.0,24.0,28.28,0.0,0.9932,0.0016,-0.0248,0.0039,0.0,2.0,7.0
2026-08-24 10:45:53,2026-08-24T10:30:07,762.91,2026-08-24,P,735.0,0.0,0.01,0.0,3158.0,0.01,0.4914,-0.0068,0.0016,-0.0248,0.0039,0.0,5276.0,8066.0
2026-08-24 10:45:53,2026-08-24T10:30:07,762.91,2026-08-24,C,736.0,26.77,27.03,46.0,46.0,26.3,0.4753,0.993,0.0017,-0.0249,0.004,0.0,1.0,0.0
2026-08-24 10:45:53,2026-08-24T10:30:07,762.91,2026-08-24,P,736.0,0.0,0.01,0.0,3158.0,0.01,0.475,-0.007,0.0017,-0.0248,0.004,0.0,942.0,7980.0
2026-08-24 10:45:53,2026-08-24T10:30:07,762.91,2026-08-24,C,737.0,25.77,26.01,46.0,46.0,25.35,0.0,0.9928,0.0018,-0.025,0.0042,0.0,1.0,6.0
2026-08-24 10:45:53,2026-08-24T10:30:07,762.91,2026-08-24,P,737.0,0.0,0.01,0.0,2732.0,0.01,0.4586,-0.0072,0.0019,-0.0249,0.0042,0.0,2.0,1766.0
2026-08-24 10:45:53,2026-08-24T10:30:07,762.91,2026-08-24,C,738.0,24.77,25.05,46.0,46.0,25.56,0.4933,0.9925,0.002,-0.0251,0.0043,0.0,3.0,4.0
2026-08-24 10:45:53,2026-08-24T10:30:07,762.91,2026-08-24,P,738.0,0.0,0.01,0.0,2652.0,0.01,0.4421,-0.0075,0.002,-0.025,0.0043,0.0,253.0,3291.0
2026-08-24 10:45:53,2026-08-24T10:30:07,762.91,2026-08-24,C,739.0,23.77,24.05,46.0,46.0,23.58,0.4752,0.9922,0.0021,-0.0252,0.0044,0.0,2.0,11.0
2026-08-24 10:45:53,2026-08-24T10:30:07,762.91,2026-08-24,P,739.0,0.0,0.01,0.0,2786.0,0.01,0.4256,-0.0078,0.0021,-0.0251,0.0044,0.0,3138.0,756.0
2026-08-24 10:45:53,2026-08-24T10:30:07,762.91,2026-08-24,C,740.0,22.77,23.03,46.0,46.0,23.16,0.4094,0.992,0.0023,-0.0252,0.0046,0.0,4.0,13.0
2026-08-24 10:45:53,2026-08-24T10:30:07,762.91,2026-08-24,P,740.0,0.0,0.01,0.0,2549.0,0.01,0.4092,-0.008,0.0023,-0.0252,0.0046,0.0,1797.0,1476.0
2026-08-24 10:45:53,2026-08-24T10:30:07,762.91,2026-08-24,C,741.0,21.77,22.03,100.0,99.0,21.75,0.3929,0.9916,0.0024,-0.0253,0.0048,0.0,27.0,2.0
2026-08-24 10:45:53,2026-08-24T10:30:07,762.91,2026-08-24,P,741.0,0.01,0.02,2175.0,3713.0,0.01,0.4387,-0.0084,0.0024,-0.0253,0.0048,0.0,851.0,1692.0
2026-08-24 10:45:53,2026-08-24T10:30:07,762.91,2026-08-24,C,742.0,20.77,21.02,100.0,46.0,20.75,0.1886,0.9913,0.0026,-0.0254,0.005,0.0,26.0,13.0
2026-08-24 10:45:53,2026-08-24T10:30:07,762.91,2026-08-24,P,742.0,0.01,0.02,2175.0,3642.0,0.01,0.4206,-0.0087,0.0026,-0.0254,0.005,0.0,685.0,744.0
2026-08-24 10:45:53,2026-08-24T10:30:07,762.91,2026-08-24,C,743.0,19.77,19.99,100.0,46.0,20.54,0.0,0.9909,0.0029,-0.0255,0.0052,0.0,24.0,12.0
2026-08-24 10:45:53,2026-08-24T10:30:07,762.91,2026-08-24,P,743.0,0.01,0.02,2247.0,3551.0,0.02,0.4024,-0.0091,0.0029,-0.0255,0.0052,0.0,596.0,624.0
2026-08-24 10:45:53,2026-08-24T10:30:07,762.91,2026-08-24,C,744.0,18.77,18.99,100.0,45.0,18.81,0.0,0.9905,0.0031,-0.0256,0.0054,0.0,29.0,6.0
2026-08-24 10:45:53,2026-08-24T10:30:07,762.91,2026-08-24,P,744.0,0.01,0.02,2157.0,3505.0,0.01,0.3841,-0.0095,0.0031,-0.0256,0.0054,0.0,60.0,1252.0
2026-08-24 10:45:53,2026-08-24T10:30:07,762.91,2026-08-24,C,745.0,17.77,17.99,100.0,46.0,17.84,0.0,0.9901,0.0034,-0.0257,0.0056,0.0,26.0,72.0
2026-08-24 10:45:53,2026-08-24T10:30:07,762.91,2026-08-24,P,745.0,0.01,0.02,2657.0,3406.0,0.02,0.3658,-0.0099,0.0034,-0.0257,0.0056,0.0,113.0,1460.0
2026-08-24 10:45:53,2026-08-24T10:30:07,762.91,2026-08-24,C,746.0,16.77,16.99,100.0,46.0,17.8,0.0,0.9896,0.0037,-0.0258,0.0059,0.0,14.0,11.0
2026-08-24 10:45:53,2026-08-24T10:30:07,762.91,2026-08-24,P,746.0,0.01,0.02,2683.0,3284.0,0.01,0.3474,-0.0104,0.0037,-0.0258,0.0059,0.0,449.0,497.0
2026-08-24 10:45:53,2026-08-24T10:30:07,762.91,2026-08-24,C,747.0,15.78,15.99,100.0,100.0,16.43,0.0,0.989,0.0041,-0.0259,0.0061,0.0,2.0,24.0
2026-08-24 10:45:53,2026-08-24T10:30:07,762.91,2026-08-24,P,747.0,0.01,0.02,2682.0,2830.0,0.01,0.3289,-0.011,0.0041,-0.0259,0.0062,0.0,59.0,1909.0
2026-08-24 10:45:53,2026-08-24T10:30:07,762.91,2026-08-24,C,748.0,14.78,15.01,100.0,100.0,14.68,0.1351,0.9884,0.0046,-0.026,0.0065,0.0,37.0,24.0
2026-08-24 10:45:53,2026-08-24T10:30:07,762.91,2026-08-24,P,748.0,0.01,0.02,2682.0,2466.0,0.01,0.3103,-0.0116,0.0046,-0.026,0.0065,0.0,1716.0,1955.0
2026-08-24 10:45:53,2026-08-24T10:30:07,762.91,2026-08-24,C,749.0,13.78,14.01,100.0,100.0,13.77,0.1262,0.9877,0.0051,-0.0261,0.0068,0.0,9.0,78.0
2026-08-24 10:45:53,2026-08-24T10:30:07,762.91,2026-08-24,P,749.0,0.01,0.02,2849.0,3232.0,0.01,0.2917,-0.0123,0.0051,-0.0261,0.0068,0.0,4584.0,2418.0
2026-08-24 10:45:53,2026-08-24T10:30:07,762.91,2026-08-24,C,750.0,12.78,13.01,100.0,100.0,12.87,0.1173,0.9869,0.0057,-0.0262,0.0072,0.0,65.0,79.0
2026-08-24 10:45:53,2026-08-24T10:30:07,762.91,2026-08-24,P,750.0,0.02,0.03,1142.0,3415.0,0.02,0.2912,-0.0131,0.0057,-0.0262,0.0072,0.0,1092.0,10698.0
2026-08-24 10:45:53,2026-08-24T10:30:07,762.91,2026-08-24,C,751.0,11.79,12.01,100.0,100.0,11.93,0.225,0.986,0.0065,-0.0264,0.0077,0.0,7.0,59.0
2026-08-24 10:45:53,2026-08-24T10:30:07,762.91,2026-08-24,P,751.0,0.02,0.03,1424.0,3697.0,0.02,0.2714,-0.014,0.0065,-0.0264,0.0077,0.0,642.0,1189.0
2026-08-24 10:45:53,2026-08-24T10:30:07,762.91,2026-08-24,C,752.0,10.78,11.01,100.0,100.0,10.92,0.0994,0.9849,0.0075,-0.0268,0.0083,0.0,299.0,59.0
2026-08-24 10:45:53,2026-08-24T10:30:07,762.91,2026-08-24,P,752.0,0.02,0.03,2407.0,3329.0,0.02,0.2514,-0.0151,0.0075,-0.0267,0.0083,0.0,3084.0,1738.0
2026-08-24 10:45:53,2026-08-24T10:30:07,762.91,2026-08-24,C,753.0,9.78,10.01,100.0,97.0,9.86,0.0904,0.9834,0.0088,-0.0275,0.009,0.0,71.0,105.0
2026-08-24 10:45:53,2026-08-24T10:30:07,762.91,2026-08-24,P,753.0,0.02,0.03,2208.0,2525.0,0.03,0.2312,-0.0166,0.0088,-0.0274,0.009,0.0,6462.0,3707.0
2026-08-24 10:45:53,2026-08-24T10:30:07,762.91,2026-08-24,C,754.0,8.79,9.01,100.0,46.0,9.31,0.0,0.9812,0.0107,-0.0291,0.01,0.0,367.0,90.0
2026-08-24 10:45:53,2026-08-24T10:30:07,762.91,2026-08-24,P,754.0,0.03,0.04,1750.0,3422.0,0.03,0.222,-0.0188,0.0107,-0.0291,0.01,0.0,2413.0,3882.0
2026-08-24 10:45:53,2026-08-24T10:30:07,762.91,2026-08-24,C,755.0,7.8,8.01,92.0,46.0,8.3,0.1555,0.9775,0.0135,-0.0329,0.0117,0.0,237.0,182.0
2026-08-24 10:45:53,2026-08-24T10:30:07,762.91,2026-08-24,P,755.0,0.04,0.05,69.0,3715.0,0.04,0.2089,-0.0225,0.0135,-0.0329,0.0117,0.0,15827.0,7567.0
2026-08-24 10:45:53,2026-08-24T10:30:07,762.91,2026-08-24,C,756.0,6.81,7.03,104.0,70.0,6.9,0.1697,0.9707,0.0182,-0.0411,0.0146,0.0,117.0,111.0
2026-08-24 10:45:53,2026-08-24T10:30:07,762.91,2026-08-24,P,756.0,0.05,0.06,444.0,3685.0,0.06,0.1933,-0.0293,0.0182,-0.0411,0.0146,0.0,20913.0,7665.0
2026-08-24 10:45:53,2026-08-24T10:30:07,762.91,2026-08-24,C,757.0,5.85,6.04,64.0,24.0,6.03,0.1529,0.9583,0.0261,-0.0578,0.0193,0.0,668.0,186.0
2026-08-24 10:45:53,2026-08-24T10:30:07,762.91,2026-08-24,P,757.0,0.06,0.07,1518.0,1995.0,0.07,0.1755,-0.0417,0.0261,-0.0578,0.0193,0.0,33564.0,4394.0
2026-08-24 10:45:53,2026-08-24T10:30:07,762.91,2026-08-24,C,758.0,4.94,5.06,72.0,48.0,5.2,0.1639,0.9366,0.0386,-0.0885,0.0266,0.0,473.0,149.0
2026-08-24 10:45:53,2026-08-24T10:30:07,762.91,2026-08-24,P,758.0,0.09,0.1,549.0,2484.0,0.09,0.1639,-0.0634,0.0386,-0.0885,0.0266,0.0,35266.0,3941.0
2026-08-24 10:45:53,2026-08-24T10:30:07,762.91,2026-08-24,C,759.0,4.06,4.09,64.0,45.0,3.99,0.1572,0.9016,0.0572,-0.1407,0.0365,0.0,1470.0,194.0
2026-08-24 10:45:53,2026-08-24T10:30:07,762.91,2026-08-24,P,759.0,0.13,0.14,1383.0,2015.0,0.14,0.1531,-0.0984,0.0572,-0.1407,0.0365,0.0,33753.0,3264.0
2026-08-24 10:45:53,2026-08-24T10:30:07,762.91,2026-08-24,C,760.0,3.14,3.17,77.0,88.0,3.1,0.144,0.8473,0.0832,-0.2255,0.0488,0.0,3588.0,370.0
2026-08-24 10:45:53,2026-08-24T10:30:07,762.91,2026-08-24,P,760.0,0.21,0.22,290.0,2250.0,0.21,0.1398,-0.1527,0.0832,-0.2255,0.0488,0.0,83801.0,10050.0
2026-08-24 10:45:53,2026-08-24T10:30:07,762.91,2026-08-24,C,761.0,2.28,2.31,168.0,133.0,2.29,0.1339,0.7643,0.1166,-0.3653,0.0626,0.0,6577.0,318.0
2026-08-24 10:45:53,2026-08-24T10:30:07,762.91,2026-08-24,P,761.0,0.34,0.35,474.0,549.0,0.35,0.1306,-0.2357,0.1166,-0.3653,0.0626,0.0,94355.0,4492.0
2026-08-24 10:45:53,2026-08-24T10:30:07,762.91,2026-08-24,C,762.0,1.52,1.53,81.0,76.0,1.52,0.1255,0.6422,0.1512,-0.6014,0.0749,0.0,31307.0,936.0
2026-08-24 10:45:53,2026-08-24T10:30:07,762.91,2026-08-24,P,762.0,0.58,0.59,124.0,704.0,0.58,0.1228,-0.3578,0.1512,-0.6014,0.0749,0.0,177061.0,3574.0
2026-08-24 10:45:53,2026-08-24T10:30:07,762.91,2026-08-24,C,763.0,0.9,0.91,551.0,192.0,0.9,0.1188,0.4827,0.1702,-0.8831,0.0796,0.0,109994.0,1198.0
2026-08-24 10:45:53,2026-08-24T10:30:07,762.91,2026-08-24,P,763.0,0.96,0.97,134.0,511.0,0.96,0.1169,-0.5173,0.1702,-0.8831,0.0796,0.0,213555.0,6044.0
2026-08-24 10:45:53,2026-08-24T10:30:07,762.91,2026-08-24,C,764.0,0.47,0.48,98.0,395.0,0.47,0.1146,0.3142,0.156,-0.4608,0.0716,0.0,144256.0,1820.0
2026-08-24 10:45:53,2026-08-24T10:30:07,762.91,2026-08-24,P,764.0,1.52,1.54,54.0,7.0,1.55,0.1117,-0.6858,0.156,-0.4608,0.0716,0.0,66078.0,6864.0
2026-08-24 10:45:53,2026-08-24T10:30:07,762.91,2026-08-24,C,765.0,0.21,0.22,3586.0,406.0,0.21,0.1132,0.1797,0.1145,-0.2229,0.0542,0.0,110229.0,6424.0
2026-08-24 10:45:53,2026-08-24T10:30:07,762.91,2026-08-24,P,765.0,2.26,2.29,56.0,237.0,2.27,0.1103,-0.8203,0.1145,-0.2229,0.0542,0.0,28547.0,19244.0
2026-08-24 10:45:53,2026-08-24T10:30:07,762.91,2026-08-24,C,766.0,0.1,0.11,1445.0,2082.0,0.1,0.1188,0.0996,0.0722,-0.1138,0.0373,0.0,71825.0,8787.0
2026-08-24 10:45:53,2026-08-24T10:30:07,762.91,2026-08-24,P,766.0,3.14,3.17,52.0,59.0,3.14,0.1105,-0.9002,0.0726,-0.1136,0.0373,0.0,8969.0,11396.0
2026-08-24 10:45:53,2026-08-24T10:30:07,762.91,2026-08-24,C,767.0,0.05,0.06,2843.0,2339.0,0.06,0.1266,0.0597,0.045,-0.0673,0.0258,0.0,46080.0,5623.0
2026-08-24 10:45:53,2026-08-24T10:30:07,762.91,2026-08-24,P,767.0,4.08,4.18,47.0,100.0,4.15,0.1213,-0.9401,0.0452,-0.0674,0.0259,0.0,2555.0,4337.0
2026-08-24 10:45:53,2026-08-24T10:30:07,762.91,2026-08-24,C,768.0,0.03,0.04,3372.0,2457.0,0.04,0.1386,0.0388,0.0291,-0.0446,0.0186,0.0,29838.0,6707.0
2026-08-24 10:45:53,2026-08-24T10:30:07,762.91,2026-08-24,P,768.0,5.06,5.26,45.0,61.0,5.1,0.1552,-0.961,0.0293,-0.0448,0.0186,0.0,878.0,2423.0
2026-08-24 10:45:53,2026-08-24T10:30:07,762.91,2026-08-24,C,769.0,0.02,0.03,2918.0,2133.0,0.03,0.1521,0.0262,0.0194,-0.0309,0.0136,0.0,11275.0,4943.0
2026-08-24 10:45:53,2026-08-24T10:30:07,762.91,2026-08-24,P,769.0,6.05,6.14,102.0,66.0,5.96,0.1333,-0.9736,0.0195,-0.0311,0.0136,0.0,404.0,3299.0
2026-08-24 10:45:53,2026-08-24T10:30:07,762.91,2026-08-24,C,770.0,0.02,0.03,1295.0,3554.0,0.02,0.1728,0.018,0.0131,-0.0216,0.01,0.0,15570.0,11088.0
2026-08-24 10:45:53,2026-08-24T10:30:07,762.91,2026-08-24,P,770.0,7.04,7.26,100.0,102.0,7.09,0.1994,-0.9819,0.0132,-0.0218,0.01,0.0,809.0,3062.0
2026-08-24 10:45:53,2026-08-24T10:30:07,762.91,2026-08-24,C,771.0,0.01,0.02,2933.0,2336.0,0.02,0.1799,0.0124,0.009,-0.0152,0.0073,0.0,3610.0,4378.0
2026-08-24 10:45:53,2026-08-24T10:30:07,762.91,2026-08-24,P,771.0,8.04,8.26,108.0,100.0,8.14,0.222,-0.9875,0.009,-0.0153,0.0073,0.0,224.0,1479.0
2026-08-24 10:45:53,2026-08-24T10:30:07,762.91,2026-08-24,C,772.0,0.01,0.02,2487.0,2860.0,0.02,0.1989,0.0087,0.0062,-0.0107,0.0054,0.0,7451.0,17015.0
2026-08-24 10:45:53,2026-08-24T10:30:07,762.91,2026-08-24,P,772.0,9.04,9.25,45.0,100.0,9.02,0.2406,-0.9913,0.0062,-0.0108,0.0054,0.0,183.0,1353.0
2026-08-24 10:45:53,2026-08-24T10:30:07,762.91,2026-08-24,C,773.0,0.01,0.02,1830.0,3368.0,0.01,0.2176,0.0061,0.0043,-0.0076,0.0039,0.0,2605.0,6476.0
2026-08-24 10:45:53,2026-08-24T10:30:07,762.91,2026-08-24,P,773.0,10.01,10.25,116.0,52.0,10.05,0.2327,-0.9939,0.0043,-0.0076,0.004,0.0,138.0,348.0
2026-08-24 10:45:53,2026-08-24T10:30:07,762.91,2026-08-24,C,774.0,0.01,0.02,1309.0,3400.0,0.01,0.2362,0.0043,0.003,-0.0054,0.0029,0.0,1594.0,3840.0
2026-08-24 10:45:53,2026-08-24T10:30:07,762.91,2026-08-24,P,774.0,11.02,11.25,45.0,52.0,11.17,0.2587,-0.9957,0.003,-0.0054,0.0029,0.0,78.0,46.0
2026-08-24 10:45:53,2026-08-24T10:30:07,762.91,2026-08-24,C,775.0,0.01,0.02,1191.0,3721.0,0.01,0.2545,0.003,0.0021,-0.0038,0.0021,0.0,3303.0,5611.0
2026-08-24 10:45:53,2026-08-24T10:30:07,762.91,2026-08-24,P,775.0,12.02,12.24,45.0,52.0,11.88,0.2716,-0.997,0.0021,-0.0038,0.0021,0.0,58.0,13.0
2026-08-24 10:45:53,2026-08-24T10:30:07,762.91,2026-08-24,C,776.0,0.0,0.01,0.0,5426.0,0.01,0.2417,0.0021,0.0015,-0.0027,0.0016,0.0,4792.0,6136.0
2026-08-24 10:45:53,2026-08-24T10:30:07,762.91,2026-08-24,P,776.0,13.03,13.24,46.0,100.0,12.81,0.3103,-0.9978,0.0015,-0.0027,0.0016,0.0,71.0,28.0
2026-08-24 10:45:53,2026-08-24T10:30:07,762.91,2026-08-24,C,777.0,0.0,0.01,0.0,3212.0,0.01,0.258,0.0015,0.001,-0.0019,0.0012,0.0,3114.0,3531.0
2026-08-24 10:45:53,2026-08-24T10:30:07,762.91,2026-08-24,P,777.0,14.03,14.25,24.0,100.0,13.24,0.3413,-0.9985,0.0011,-0.002,0.0012,0.0,47.0,30.0
2026-08-24 10:45:53,2026-08-24T10:30:07,762.91,2026-08-24,C,778.0,0.0,0.01,0.0,3181.0,0.01,0.2743,0.0011,0.0008,-0.0014,0.0008,0.0,190.0,1814.0
2026-08-24 10:45:53,2026-08-24T10:30:07,762.91,2026-08-24,P,778.0,15.03,15.25,46.0,100.0,14.23,0.3436,-0.9989,0.0008,-0.0014,0.0008,0.0,29.0,6.0
2026-08-24 10:45:53,2026-08-24T10:30:07,762.91,2026-08-24,C,779.0,0.0,0.01,0.0,3188.0,0.01,0.2904,0.0008,0.0005,-0.001,0.0006,0.0,14.0,1475.0
2026-08-24 10:45:53,2026-08-24T10:30:07,762.91,2026-08-24,P,779.0,16.03,16.25,24.0,100.0,16.46,0.3758,-0.9992,0.0005,-0.001,0.0006,0.0,59.0,27.0
2026-08-24 10:45:53,2026-08-24T10:30:07,762.91,2026-08-24,C,780.0,0.0,0.01,0.0,3183.0,0.01,0.3064,0.0006,0.0004,-0.0007,0.0005,0.0,47.0,7079.0
2026-08-24 10:45:53,2026-08-24T10:30:07,762.91,2026-08-24,P,780.0,17.03,17.25,46.0,100.0,17.04,0.3955,-0.9994,0.0004,-0.0007,0.0005,0.0,22.0,1.0
2026-08-24 10:45:53,2026-08-24T10:30:07,762.91,2026-08-24,C,781.0,0.0,0.01,0.0,3181.0,0.01,0.3224,0.0004,0.0003,-0.0005,0.0004,0.0,41.0,2996.0
2026-08-24 10:45:53,2026-08-24T10:30:07,762.91,2026-08-24,P,781.0,18.03,18.25,46.0,100.0,17.72,0.415,-0.9996,0.0003,-0.0005,0.0004,0.0,6.0,0.0
2026-08-24 10:45:53,2026-08-24T10:30:07,762.91,2026-08-24,C,782.0,0.0,0.01,0.0,3181.0,0.01,0.3381,0.0003,0.0002,-0.0004,0.0003,0.0,6.0,1792.0
2026-08-24 10:45:53,2026-08-24T10:30:07,762.91,2026-08-24,P,782.0,19.03,19.24,46.0,100.0,18.45,0.4274,-0.9997,0.0002,-0.0004,0.0003,0.0,16.0,1.0
2026-08-24 10:45:53,2026-08-24T10:30:07,762.91,2026-08-24,C,783.0,0.0,0.01,0.0,3127.0,0.01,0.3538,0.0002,0.0001,-0.0003,0.0002,0.0,74.0,751.0
2026-08-24 10:45:53,2026-08-24T10:30:07,762.91,2026-08-24,P,783.0,20.03,20.24,15.0,100.0,20.46,0.4464,-0.9998,0.0001,-0.0003,0.0002,0.0,111.0,0.0
2026-08-24 10:45:53,2026-08-24T10:30:07,762.91,2026-08-24,C,784.0,0.0,0.01,0.0,3128.0,0.01,0.3695,0.0002,0.0001,-0.0002,0.0001,0.0,53.0,807.0
2026-08-24 10:45:53,2026-08-24T10:30:07,762.91,2026-08-24,P,784.0,21.03,21.24,15.0,100.0,21.08,0.4653,-0.9998,0.0001,-0.0002,0.0001,0.0,54.0,1.0
2026-08-24 10:45:53,2026-08-24T10:30:07,762.91,2026-08-24,C,785.0,0.0,0.01,0.0,3247.0,0.01,0.3851,0.0001,0.0001,-0.0001,0.0001,0.0,176.0,1778.0
2026-08-24 10:45:53,2026-08-24T10:30:07,762.91,2026-08-24,P,785.0,22.03,22.24,15.0,100.0,22.19,0.4841,-0.9999,0.0001,-0.0001,0.0001,0.0,7.0,1.0
2026-08-24 10:45:53,2026-08-24T10:30:07,762.91,2026-08-24,C,786.0,0.0,0.01,0.0,3247.0,0.01,0.4006,0.0001,0.0001,-0.0001,0.0001,0.0,18.0,512.0
2026-08-24 10:45:53,2026-08-24T10:30:07,762.91,2026-08-24,P,786.0,23.02,23.24,46.0,46.0,22.72,0.4741,-0.9999,0.0001,-0.0001,0.0001,0.0,6.0,0.0
2026-08-24 10:45:53,2026-08-24T10:30:07,762.91,2026-08-24,C,787.0,0.0,0.01,0.0,3247.0,0.01,0.4161,0.0001,0.0,-0.0001,0.0001,0.0,1.0,1566.0
2026-08-24 10:45:53,2026-08-24T10:30:07,762.91,2026-08-24,P,787.0,24.03,24.24,14.0,46.0,24.03,0.5028,-0.9999,0.0,-0.0001,0.0001,0.0,21.0,0.0
2026-08-24 10:45:53,2026-08-24T10:30:07,762.91,2026-08-24,C,788.0,0.0,0.01,0.0,3252.0,0.01,0.4314,0.0,0.0,-0.0001,0.0,0.0,3.0,772.0
2026-08-24 10:45:53,2026-08-24T10:30:07,762.91,2026-08-24,P,788.0,25.02,25.24,46.0,46.0,24.71,0.5094,-1.0,0.0,-0.0001,0.0,0.0,12.0,0.0
2026-08-24 10:45:53,2026-08-24T10:30:07,762.91,2026-08-24,C,789.0,0.0,0.01,0.0,3248.0,0.01,0.4467,0.0,0.0,0.0,0.0,0.0,6.0,649.0
2026-08-24 10:45:53,2026-08-24T10:30:07,762.91,2026-08-24,P,789.0,26.03,26.24,46.0,46.0,25.72,0.5581,-1.0,0.0,0.0,0.0,0.0,6.0,0.0
2026-08-24 10:45:53,2026-08-24T10:30:07,762.91,2026-08-24,C,790.0,0.0,0.01,0.0,4030.0,0.01,0.462,0.0,0.0,0.0,0.0,0.0,0.0,1116.0
2026-08-24 10:45:53,2026-08-24T10:30:07,762.91,2026-08-24,P,790.0,27.02,27.24,46.0,46.0,26.72,0.5764,-1.0,0.0,0.0,0.0,0.0,6.0,0.0
2026-08-24 10:45:53,2026-08-24T10:30:07,762.91,2026-08-24,C,791.0,0.0,0.01,0.0,2248.0,0.01,0.4772,0.0,0.0,0.0,0.0,0.0,0.0,463.0
2026-08-24 10:45:53,2026-08-24T10:30:07,762.91,2026-08-24,P,791.0,28.03,28.24,46.0,46.0,27.69,0.5945,-1.0,0.0,0.0,0.0,0.0,4.0,0.0
2026-08-24 10:45:53,2026-08-24T10:30:07,762.91,2026-08-24,C,792.0,0.0,0.01,0.0,2248.0,0.01,0.4923,0.0,0.0,0.0,0.0,0.0,0.0,329.0
2026-08-24 10:45:53,2026-08-24T10:30:07,762.91,2026-08-24,P,792.0,28.95,29.24,15.0,15.0,28.7,0.0,-1.0,0.0,0.0,0.0,0.0,4.0,0.0
2026-08-24 10:45:53,2026-08-24T10:30:07,762.91,2026-08-24,C,793.0,0.0,0.01,0.0,5487.0,0.01,0.5073,0.0,0.0,0.0,0.0,0.0,150.0,759.0
2026-08-24 10:45:53,2026-08-24T10:30:07,762.91,2026-08-24,P,793.0,30.02,30.23,15.0,2.0,29.89,0.6306,-1.0,0.0,0.0,0.0,0.0,10.0,0.0
2026-08-24 10:45:53,2026-08-24T10:30:07,762.91,2026-08-24,C,794.0,0.0,0.01,0.0,2248.0,0.01,0.5223,0.0,0.0,0.0,0.0,0.0,0.0,727.0
2026-08-24 10:45:53,2026-08-24T10:30:07,762.91,2026-08-24,P,794.0,31.03,31.24,15.0,1.0,30.69,0.6581,-1.0,0.0,0.0,0.0,0.0,4.0,0.0
2026-08-24 10:45:53,2026-08-24T10:30:07,762.91,2026-08-24,C,795.0,0.0,0.01,0.0,6129.0,0.01,0.5373,0.0,0.0,0.0,0.0,0.0,80.0,479.0
2026-08-24 10:45:53,2026-08-24T10:30:07,762.91,2026-08-24,P,795.0,31.91,32.24,2.0,1.0,31.7,0.5374,-1.0,0.0,0.0,0.0,0.0,6.0,0.0
2026-08-24 10:45:53,2026-08-24T10:30:07,762.91,2026-08-24,C,796.0,0.0,0.01,0.0,2248.0,0.01,0.5522,0.0,0.0,0.0,0.0,0.0,0.0,179.0
2026-08-24 10:45:53,2026-08-24T10:30:07,762.91,2026-08-24,P,796.0,32.93,33.25,2.0,2.0,32.67,0.5522,-1.0,0.0,0.0,0.0,0.0,6.0,0.0
2026-08-24 10:45:53,2026-08-24T10:30:07,762.91,2026-08-24,C,797.0,0.0,0.01,0.0,2248.0,0.01,0.5673,0.0,0.0,0.0,0.0,0.0,0.0,122.0
2026-08-24 10:45:53,2026-08-24T10:30:07,762.91,2026-08-24,P,797.0,33.24,34.25,2.0,1.0,33.72,0.0,-1.0,0.0,0.0,0.0,0.0,6.0,0.0
2026-08-24 10:45:53,2026-08-24T10:30:07,762.91,2026-08-24,C,798.0,0.0,0.01,0.0,2248.0,0.05,0.582,0.0,0.0,0.0,0.0,0.0,2.0,563.0
2026-08-24 10:45:53,2026-08-24T10:30:07,762.91,2026-08-24,P,798.0,34.03,35.25,2.0,1.0,35.64,0.0,-1.0,0.0,0.0,0.0,0.0,2.0,0.0
2026-08-24 10:45:53,2026-08-24T10:30:07,762.91,2026-08-24,C,799.0,0.0,0.01,0.0,2248.0,0.01,0.5968,0.0,0.0,0.0,0.0,0.0,80.0,448.0
2026-08-24 10:45:53,2026-08-24T10:30:07,762.91,2026-08-24,P,799.0,35.9,36.25,1.0,1.0,36.62,0.0,-1.0,0.0,0.0,0.0,0.0,2.0,0.0
2026-08-24 10:45:53,2026-08-24T10:30:07,762.91,2026-08-24,C,800.0,0.0,0.01,0.0,6215.0,0.01,0.6115,0.0,0.0,0.0,0.0,0.0,0.0,1221.0
2026-08-24 10:45:53,2026-08-24T10:30:07,762.91,2026-08-24,P,800.0,36.9,37.25,1.0,1.0,37.64,0.0,-1.0,0.0,0.0,0.0,0.0,2.0,1.0
2026-08-24 10:45:53,2026-08-24T10:30:07,762.91,2026-08-24,C,801.0,0.0,0.01,0.0,2248.0,0.01,0.6262,0.0,0.0,0.0,0.0,0.0,0.0,298.0
2026-08-24 10:45:53,2026-08-24T10:30:07,762.91,2026-08-24,P,801.0,37.91,38.25,1.0,1.0,38.62,0.6663,-1.0,0.0,0.0,0.0,0.0,2.0,0.0
2026-08-24 10:50:54,2026-08-24T10:35:07,763.66,2026-08-24,C,726.0,37.55,37.77,45.0,45.0,39.64,0.0,0.9952,0.0009,-0.0219,0.0028,0.0,0.0,2.0
2026-08-24 10:50:54,2026-08-24T10:35:07,763.66,2026-08-24,P,726.0,0.0,0.01,0.0,3223.0,0.02,0.6549,-0.0048,0.0009,-0.0219,0.0028,0.0,0.0,49.0
2026-08-24 10:50:54,2026-08-24T10:35:07,763.66,2026-08-24,C,727.0,36.56,36.74,45.0,45.0,38.65,0.0,0.9951,0.001,-0.022,0.0029,0.0,0.0,2.0
2026-08-24 10:50:54,2026-08-24T10:35:07,763.66,2026-08-24,P,727.0,0.0,0.01,0.0,3224.0,0.01,0.6385,-0.0049,0.001,-0.022,0.0029,0.0,0.0,142.0
2026-08-24 10:50:54,2026-08-24T10:35:07,763.66,2026-08-24,C,728.0,35.54,35.74,46.0,45.0,34.81,0.0,0.995,0.001,-0.0221,0.003,0.0,3.0,0.0
2026-08-24 10:50:54,2026-08-24T10:35:07,763.66,2026-08-24,P,728.0,0.0,0.01,0.0,3224.0,0.01,0.6222,-0.005,0.001,-0.0221,0.003,0.0,0.0,2120.0
2026-08-24 10:50:54,2026-08-24T10:35:07,763.66,2026-08-24,C,729.0,34.54,34.76,46.0,45.0,33.86,0.0,0.9948,0.0011,-0.0222,0.003,0.0,3.0,0.0
2026-08-24 10:50:54,2026-08-24T10:35:07,763.66,2026-08-24,P,729.0,0.0,0.01,0.0,3224.0,0.01,0.6058,-0.0052,0.0011,-0.0222,0.003,0.0,8.0,249.0
2026-08-24 10:50:54,2026-08-24T10:35:07,763.66,2026-08-24,C,730.0,33.55,33.75,46.0,45.0,32.47,0.0,0.9947,0.0011,-0.0222,0.0031,0.0,1.0,61.0
2026-08-24 10:50:54,2026-08-24T10:35:07,763.66,2026-08-24,P,730.0,0.0,0.01,0.0,3224.0,0.02,0.5894,-0.0053,0.0011,-0.0222,0.0031,0.0,0.0,2337.0
2026-08-24 10:50:54,2026-08-24T10:35:07,763.66,2026-08-24,C,731.0,32.55,32.75,45.0,45.0,31.52,0.0,0.9945,0.0012,-0.0223,0.0032,0.0,1.0,0.0
2026-08-24 10:50:54,2026-08-24T10:35:07,763.66,2026-08-24,P,731.0,0.0,0.01,0.0,3104.0,0.02,0.573,-0.0055,0.0012,-0.0223,0.0032,0.0,0.0,1383.0
2026-08-24 10:50:54,2026-08-24T10:35:07,763.66,2026-08-24,C,732.0,31.55,31.74,45.0,45.0,0.0,0.0,0.9944,0.0012,-0.0224,0.0033,0.0,0.0,0.0
2026-08-24 10:50:54,2026-08-24T10:35:07,763.66,2026-08-24,P,732.0,0.0,0.01,0.0,3104.0,0.01,0.5566,-0.0056,0.0012,-0.0224,0.0033,0.0,15.0,958.0
2026-08-24 10:50:54,2026-08-24T10:35:07,763.66,2026-08-24,C,733.0,30.55,30.74,45.0,45.0,33.82,0.0,0.9942,0.0013,-0.0225,0.0034,0.0,0.0,1.0
2026-08-24 10:50:54,2026-08-24T10:35:07,763.66,2026-08-24,P,733.0,0.0,0.01,0.0,3103.0,0.01,0.5402,-0.0058,0.0013,-0.0225,0.0034,0.0,1.0,281.0
2026-08-24 10:50:54,2026-08-24T10:35:07,763.66,2026-08-24,C,734.0,29.55,29.75,45.0,45.0,28.29,0.0,0.994,0.0014,-0.0226,0.0035,0.0,1.0,0.0
2026-08-24 10:50:54,2026-08-24T10:35:07,763.66,2026-08-24,P,734.0,0.0,0.01,0.0,3104.0,0.01,0.5238,-0.006,0.0014,-0.0226,0.0035,0.0,15.0,426.0
2026-08-24 10:50:54,2026-08-24T10:35:07,763.66,2026-08-24,C,735.0,28.55,28.75,46.0,45.0,28.28,0.0,0.9938,0.0015,-0.0227,0.0036,0.0,2.0,7.0
2026-08-24 10:50:54,2026-08-24T10:35:07,763.66,2026-08-24,P,735.0,0.0,0.01,0.0,3158.0,0.01,0.5073,-0.0062,0.0015,-0.0227,0.0036,0.0,5276.0,8066.0
2026-08-24 10:50:54,2026-08-24T10:35:07,763.66,2026-08-24,C,736.0,27.55,27.74,45.0,45.0,26.3,0.0,0.9936,0.0016,-0.0228,0.0037,0.0,1.0,0.0
2026-08-24 10:50:54,2026-08-24T10:35:07,763.66,2026-08-24,P,736.0,0.0,0.01,0.0,3158.0,0.01,0.4909,-0.0064,0.0016,-0.0228,0.0037,0.0,942.0,7980.0
2026-08-24 10:50:54,2026-08-24T10:35:07,763.66,2026-08-24,C,737.0,26.55,26.76,45.0,45.0,25.35,0.0,0.9934,0.0017,-0.0228,0.0038,0.0,1.0,6.0
2026-08-24 10:50:54,2026-08-24T10:35:07,763.66,2026-08-24,P,737.0,0.0,0.01,0.0,2732.0,0.01,0.4744,-0.0066,0.0017,-0.0228,0.0038,0.0,2.0,1766.0
2026-08-24 10:50:54,2026-08-24T10:35:07,763.66,2026-08-24,C,738.0,25.55,25.74,45.0,45.0,25.56,0.0,0.9932,0.0018,-0.0229,0.0039,0.0,3.0,4.0
2026-08-24 10:50:54,2026-08-24T10:35:07,763.66,2026-08-24,P,738.0,0.0,0.01,0.0,2652.0,0.01,0.4578,-0.0068,0.0018,-0.0229,0.0039,0.0,253.0,3291.0
2026-08-24 10:50:54,2026-08-24T10:35:07,763.66,2026-08-24,C,739.0,24.55,24.76,45.0,45.0,23.58,0.0,0.993,0.0019,-0.023,0.0041,0.0,2.0,11.0
2026-08-24 10:50:54,2026-08-24T10:35:07,763.66,2026-08-24,P,739.0,0.0,0.01,0.0,2786.0,0.01,0.4413,-0.007,0.0019,-0.023,0.0041,0.0,3138.0,756.0
2026-08-24 10:50:54,2026-08-24T10:35:07,763.66,2026-08-24,C,740.0,23.55,23.76,47.0,45.0,23.16,0.0,0.9927,0.002,-0.0231,0.0042,0.0,4.0,13.0
2026-08-24 10:50:54,2026-08-24T10:35:07,763.66,2026-08-24,P,740.0,0.0,0.01,0.0,2549.0,0.01,0.4247,-0.0073,0.002,-0.0231,0.0042,0.0,2013.0,1476.0
2026-08-24 10:50:54,2026-08-24T10:35:07,763.66,2026-08-24,C,741.0,22.55,22.74,129.0,147.0,21.75,0.0,0.9924,0.0022,-0.0232,0.0044,0.0,27.0,2.0
2026-08-24 10:50:54,2026-08-24T10:35:07,763.66,2026-08-24,P,741.0,0.01,0.02,2055.0,3889.0,0.02,0.4558,-0.0076,0.0022,-0.0232,0.0044,0.0,950.0,1692.0
2026-08-24 10:50:54,2026-08-24T10:35:07,763.66,2026-08-24,C,742.0,21.55,21.74,135.0,145.0,20.75,0.0,0.9921,0.0024,-0.0233,0.0045,0.0,26.0,13.0
2026-08-24 10:50:54,2026-08-24T10:35:07,763.66,2026-08-24,P,742.0,0.01,0.02,2055.0,3813.0,0.01,0.4376,-0.0079,0.0024,-0.0233,0.0045,0.0,685.0,744.0
2026-08-24 10:50:54,2026-08-24T10:35:07,763.66,2026-08-24,C,743.0,20.57,20.74,154.0,146.0,20.54,0.0,0.9918,0.0026,-0.0234,0.0047,0.0,24.0,12.0
2026-08-24 10:50:54,2026-08-24T10:35:07,763.66,2026-08-24,P,743.0,0.01,0.02,2055.0,3709.0,0.02,0.4193,-0.0082,0.0026,-0.0234,0.0047,0.0,742.0,624.0
2026-08-24 10:50:54,2026-08-24T10:35:07,763.66,2026-08-24,C,744.0,19.55,19.74,163.0,144.0,19.12,0.0,0.9914,0.0028,-0.0235,0.0049,0.0,31.0,6.0
2026-08-24 10:50:54,2026-08-24T10:35:07,763.66,2026-08-24,P,744.0,0.01,0.02,2055.0,3333.0,0.02,0.4009,-0.0086,0.0028,-0.0235,0.0049,0.0,61.0,1252.0
2026-08-24 10:50:54,2026-08-24T10:35:07,763.66,2026-08-24,C,745.0,18.56,18.74,156.0,146.0,17.84,0.0,0.991,0.003,-0.0236,0.0051,0.0,26.0,72.0
2026-08-24 10:50:54,2026-08-24T10:35:07,763.66,2026-08-24,P,745.0,0.01,0.02,2055.0,3333.0,0.01,0.3826,-0.009,0.003,-0.0236,0.0051,0.0,116.0,1460.0
2026-08-24 10:50:54,2026-08-24T10:35:07,763.66,2026-08-24,C,746.0,17.58,17.76,142.0,146.0,17.8,0.0,0.9906,0.0033,-0.0236,0.0053,0.0,14.0,11.0
2026-08-24 10:50:54,2026-08-24T10:35:07,763.66,2026-08-24,P,746.0,0.01,0.02,2657.0,3443.0,0.01,0.3641,-0.0094,0.0033,-0.0236,0.0053,0.0,451.0,497.0
2026-08-24 10:50:54,2026-08-24T10:35:07,763.66,2026-08-24,C,747.0,16.57,16.75,156.0,146.0,16.46,0.0,0.9901,0.0036,-0.0237,0.0056,0.0,14.0,24.0
2026-08-24 10:50:54,2026-08-24T10:35:07,763.66,2026-08-24,P,747.0,0.01,0.02,2681.0,3334.0,0.01,0.3456,-0.0099,0.0036,-0.0237,0.0056,0.0,61.0,1909.0
2026-08-24 10:50:54,2026-08-24T10:35:07,763.66,2026-08-24,C,748.0,15.56,15.75,148.0,146.0,14.68,0.0,0.9896,0.004,-0.0238,0.0058,0.0,37.0,24.0
2026-08-24 10:50:54,2026-08-24T10:35:07,763.66,2026-08-24,P,748.0,0.01,0.02,2679.0,3123.0,0.02,0.327,-0.0104,0.004,-0.0238,0.0058,0.0,1736.0,1955.0
2026-08-24 10:50:54,2026-08-24T10:35:07,763.66,2026-08-24,C,749.0,14.56,14.75,158.0,146.0,13.77,0.0,0.989,0.0045,-0.0239,0.0062,0.0,9.0,78.0
2026-08-24 10:50:54,2026-08-24T10:35:07,763.66,2026-08-24,P,749.0,0.01,0.02,2677.0,2828.0,0.02,0.3083,-0.011,0.0045,-0.0239,0.0062,0.0,4606.0,2418.0
2026-08-24 10:50:54,2026-08-24T10:35:07,763.66,2026-08-24,C,750.0,13.56,13.75,124.0,146.0,12.87,0.0,0.9883,0.005,-0.024,0.0065,0.0,65.0,79.0
2026-08-24 10:50:54,2026-08-24T10:35:07,763.66,2026-08-24,P,750.0,0.01,0.02,3536.0,2974.0,0.02,0.2895,-0.0117,0.005,-0.024,0.0065,0.0,1246.0,10698.0
2026-08-24 10:50:54,2026-08-24T10:35:07,763.66,2026-08-24,C,751.0,12.56,12.74,169.0,144.0,11.93,0.0,0.9876,0.0056,-0.0241,0.0069,0.0,7.0,59.0
2026-08-24 10:50:54,2026-08-24T10:35:07,763.66,2026-08-24,P,751.0,0.02,0.03,1327.0,3895.0,0.03,0.2888,-0.0124,0.0056,-0.0241,0.0069,0.0,674.0,1189.0
2026-08-24 10:50:54,2026-08-24T10:35:07,763.66,2026-08-24,C,752.0,11.56,11.74,172.0,145.0,11.54,0.0,0.9867,0.0064,-0.0243,0.0074,0.0,301.0,59.0
2026-08-24 10:50:54,2026-08-24T10:35:07,763.66,2026-08-24,P,752.0,0.02,0.03,1875.0,4185.0,0.02,0.2688,-0.0133,0.0064,-0.0243,0.0074,0.0,3131.0,1738.0
2026-08-24 10:50:54,2026-08-24T10:35:07,763.66,2026-08-24,C,753.0,10.56,10.74,171.0,142.0,10.58,0.0,0.9856,0.0074,-0.0245,0.0079,0.0,74.0,105.0
2026-08-24 10:50:54,2026-08-24T10:35:07,763.66,2026-08-24,P,753.0,0.02,0.03,2892.0,3899.0,0.02,0.2486,-0.0144,0.0074,-0.0245,0.0079,0.0,6494.0,3707.0
2026-08-24 10:50:54,2026-08-24T10:35:07,763.66,2026-08-24,C,754.0,9.58,9.75,82.0,123.0,9.31,0.0,0.9843,0.0087,-0.0251,0.0086,0.0,367.0,90.0
2026-08-24 10:50:54,2026-08-24T10:35:07,763.66,2026-08-24,P,754.0,0.02,0.03,2495.0,2818.0,0.03,0.2283,-0.0157,0.0087,-0.0251,0.0086,0.0,2472.0,3882.0
2026-08-24 10:50:54,2026-08-24T10:35:07,763.66,2026-08-24,C,755.0,8.57,8.77,82.0,118.0,8.75,0.0,0.9822,0.0106,-0.0264,0.0096,0.0,311.0,182.0
2026-08-24 10:50:54,2026-08-24T10:35:07,763.66,2026-08-24,P,755.0,0.03,0.04,1510.0,3990.0,0.03,0.2185,-0.0178,0.0106,-0.0264,0.0096,0.0,16007.0,7567.0
2026-08-24 10:50:54,2026-08-24T10:35:07,763.66,2026-08-24,C,756.0,7.58,7.76,124.0,100.0,7.4,0.0,0.9787,0.0134,-0.0297,0.0112,0.0,118.0,111.0
2026-08-24 10:50:54,2026-08-24T10:35:07,763.66,2026-08-24,P,756.0,0.03,0.04,2667.0,2680.0,0.04,0.1969,-0.0213,0.0134,-0.0297,0.0112,0.0,22462.0,7665.0
2026-08-24 10:50:54,2026-08-24T10:35:07,763.66,2026-08-24,C,757.0,6.62,6.75,72.0,46.0,6.7,0.1542,0.9719,0.0184,-0.0376,0.0141,0.0,750.0,186.0
2026-08-24 10:50:54,2026-08-24T10:35:07,763.66,2026-08-24,P,757.0,0.04,0.05,2714.0,2074.0,0.04,0.1826,-0.0281,0.0184,-0.0376,0.0141,0.0,34421.0,4394.0
2026-08-24 10:50:54,2026-08-24T10:35:07,763.66,2026-08-24,C,758.0,5.61,5.77,55.0,72.0,5.72,0.1397,0.9587,0.0269,-0.0547,0.0191,0.0,506.0,149.0
2026-08-24 10:50:54,2026-08-24T10:35:07,763.66,2026-08-24,P,758.0,0.06,0.07,1574.0,2861.0,0.06,0.1711,-0.0413,0.0269,-0.0547,0.0191,0.0,38147.0,3941.0
2026-08-24 10:50:54,2026-08-24T10:35:07,763.66,2026-08-24,C,759.0,4.64,4.81,54.0,67.0,4.71,0.1416,0.9352,0.0409,-0.0874,0.0269,0.0,1509.0,194.0
2026-08-24 10:50:54,2026-08-24T10:35:07,763.66,2026-08-24,P,759.0,0.09,0.1,713.0,3259.0,0.09,0.159,-0.0648,0.0409,-0.0874,0.0269,0.0,36118.0,3264.0
2026-08-24 10:50:54,2026-08-24T10:35:07,763.66,2026-08-24,C,760.0,3.8,3.83,74.0,78.0,3.76,0.1474,0.8966,0.0616,-0.1439,0.0376,0.0,4027.0,370.0
2026-08-24 10:50:54,2026-08-24T10:35:07,763.66,2026-08-24,P,760.0,0.14,0.15,652.0,2989.0,0.14,0.1474,-0.1034,0.0616,-0.1439,0.0376,0.0,90886.0,10050.0
2026-08-24 10:50:54,2026-08-24T10:35:07,763.66,2026-08-24,C,761.0,2.88,2.91,84.0,144.0,2.89,0.1364,0.8366,0.0903,-0.2366,0.0506,0.0,7373.0,318.0
2026-08-24 10:50:54,2026-08-24T10:35:07,763.66,2026-08-24,P,761.0,0.22,0.23,884.0,716.0,0.23,0.1354,-0.1634,0.0903,-0.2366,0.0506,0.0,102598.0,4492.0
2026-08-24 10:50:54,2026-08-24T10:35:07,763.66,2026-08-24,C,762.0,2.04,2.07,592.0,95.0,2.07,0.1274,0.745,0.1262,-0.3905,0.0648,0.0,34241.0,936.0
2026-08-24 10:50:54,2026-08-24T10:35:07,763.66,2026-08-24,P,762.0,0.38,0.39,391.0,1029.0,0.39,0.1274,-0.2547,0.1263,-0.3892,0.0647,0.0,190462.0,3574.0
2026-08-24 10:50:54,2026-08-24T10:35:07,763.66,2026-08-24,C,763.0,1.32,1.33,227.0,202.0,1.32,0.1204,0.6116,0.1612,-0.6507,0.0763,0.0,119473.0,1198.0
2026-08-24 10:50:54,2026-08-24T10:35:07,763.66,2026-08-24,P,763.0,0.64,0.65,350.0,419.0,0.65,0.1191,-0.3881,0.1616,-0.6485,0.0763,0.0,228762.0,6044.0
2026-08-24 10:50:54,2026-08-24T10:35:07,763.66,2026-08-24,C,764.0,0.74,0.75,506.0,321.0,0.75,0.1137,0.4422,0.1756,-0.7422,0.0784,0.0,158439.0,1820.0
2026-08-24 10:50:54,2026-08-24T10:35:07,763.66,2026-08-24,P,764.0,1.07,1.08,188.0,261.0,1.08,0.1137,-0.5579,0.176,-0.74,0.0784,0.0,70732.0,6864.0
2026-08-24 10:50:54,2026-08-24T10:35:07,763.66,2026-08-24,C,765.0,0.36,0.37,730.0,473.0,0.36,0.1087,0.2716,0.1521,-0.3626,0.0669,0.0,119272.0,6424.0
2026-08-24 10:50:54,2026-08-24T10:35:07,763.66,2026-08-24,P,765.0,1.68,1.7,49.0,46.0,1.69,0.1102,-0.7288,0.1523,-0.3615,0.0668,0.0,29710.0,19244.0
2026-08-24 10:50:54,2026-08-24T10:35:07,763.66,2026-08-24,C,766.0,0.15,0.16,2361.0,461.0,0.15,0.1088,0.1466,0.1039,-0.1667,0.0478,0.0,81357.0,8787.0
2026-08-24 10:50:54,2026-08-24T10:35:07,763.66,2026-08-24,P,766.0,2.47,2.5,66.0,38.0,2.52,0.1111,-0.8534,0.1039,-0.1666,0.0478,0.0,9373.0,11396.0
2026-08-24 10:50:54,2026-08-24T10:35:07,763.66,2026-08-24,C,767.0,0.07,0.08,1588.0,1286.0,0.07,0.1155,0.0804,0.063,-0.0859,0.032,0.0,52846.0,5623.0
2026-08-24 10:50:54,2026-08-24T10:35:07,763.66,2026-08-24,P,767.0,3.37,3.48,126.0,87.0,3.46,0.1223,-0.9196,0.063,-0.0859,0.032,0.0,2621.0,4337.0
2026-08-24 10:50:54,2026-08-24T10:35:07,763.66,2026-08-24,C,768.0,0.04,0.05,1579.0,3510.0,0.05,0.1273,0.0491,0.039,-0.053,0.0223,0.0,30522.0,6707.0
2026-08-24 10:50:54,2026-08-24T10:35:07,763.66,2026-08-24,P,768.0,4.34,4.42,114.0,184.0,4.4,0.13,-0.9506,0.0391,-0.0535,0.0223,0.0,930.0,2423.0
2026-08-24 10:50:54,2026-08-24T10:35:07,763.66,2026-08-24,C,769.0,0.02,0.03,3190.0,3137.0,0.03,0.1363,0.0322,0.0252,-0.0358,0.016,0.0,11420.0,4943.0
2026-08-24 10:50:54,2026-08-24T10:35:07,763.66,2026-08-24,P,769.0,5.31,5.46,66.0,96.0,5.34,0.1564,-0.9678,0.0252,-0.0358,0.016,0.0,426.0,3299.0
2026-08-24 10:50:54,2026-08-24T10:35:07,763.66,2026-08-24,C,770.0,0.02,0.03,1532.0,3672.0,0.02,0.1574,0.0217,0.0166,-0.0247,0.0116,0.0,15631.0,11088.0
2026-08-24 10:50:54,2026-08-24T10:35:07,763.66,2026-08-24,P,770.0,6.29,6.48,48.0,66.0,6.43,0.1798,-0.9783,0.0166,-0.0247,0.0116,0.0,819.0,3062.0
2026-08-24 10:50:54,2026-08-24T10:35:07,763.66,2026-08-24,C,771.0,0.01,0.02,2990.0,2557.0,0.02,0.1657,0.0148,0.0112,-0.0172,0.0084,0.0,3627.0,4378.0
2026-08-24 10:50:54,2026-08-24T10:35:07,763.66,2026-08-24,P,771.0,7.3,7.47,137.0,150.0,7.45,0.2026,-0.9852,0.0112,-0.0172,0.0084,0.0,234.0,1479.0
2026-08-24 10:50:54,2026-08-24T10:35:07,763.66,2026-08-24,C,772.0,0.01,0.02,2319.0,2650.0,0.02,0.185,0.0101,0.0076,-0.012,0.0061,0.0,7461.0,17015.0
2026-08-24 10:50:54,2026-08-24T10:35:07,763.66,2026-08-24,P,772.0,8.29,8.46,102.0,83.0,8.35,0.2175,-0.9899,0.0076,-0.012,0.0061,0.0,199.0,1353.0
2026-08-24 10:50:54,2026-08-24T10:35:07,763.66,2026-08-24,C,773.0,0.01,0.02,2238.0,3541.0,0.01,0.2041,0.007,0.0052,-0.0084,0.0044,0.0,2628.0,6476.0
2026-08-24 10:50:54,2026-08-24T10:35:07,763.66,2026-08-24,P,773.0,9.29,9.47,125.0,64.0,9.34,0.2431,-0.993,0.0052,-0.0084,0.0044,0.0,150.0,348.0
2026-08-24 10:50:54,2026-08-24T10:35:07,763.66,2026-08-24,C,774.0,0.01,0.02,1189.0,3660.0,0.02,0.2229,0.0049,0.0036,-0.0058,0.0032,0.0,1828.0,3840.0
2026-08-24 10:50:54,2026-08-24T10:35:07,763.66,2026-08-24,P,774.0,10.28,10.45,144.0,150.0,11.17,0.2504,-0.9951,0.0036,-0.0058,0.0032,0.0,78.0,46.0
2026-08-24 10:50:54,2026-08-24T10:35:07,763.66,2026-08-24,C,775.0,0.01,0.02,1100.0,4262.0,0.01,0.2415,0.0034,0.0025,-0.0041,0.0024,0.0,3320.0,5611.0
2026-08-24 10:50:54,2026-08-24T10:35:07,763.66,2026-08-24,P,775.0,11.28,11.47,146.0,157.0,11.29,0.2811,-0.9966,0.0025,-0.0041,0.0024,0.0,60.0,13.0
2026-08-24 10:50:54,2026-08-24T10:35:07,763.66,2026-08-24,C,776.0,0.0,0.01,0.0,5546.0,0.01,0.2301,0.0024,0.0017,-0.0029,0.0017,0.0,5035.0,6136.0
2026-08-24 10:50:54,2026-08-24T10:35:07,763.66,2026-08-24,P,776.0,12.28,12.46,145.0,157.0,12.81,0.2965,-0.9976,0.0017,-0.0029,0.0017,0.0,71.0,28.0
2026-08-24 10:50:54,2026-08-24T10:35:07,763.66,2026-08-24,C,777.0,0.0,0.01,0.0,3212.0,0.01,0.2466,0.0017,0.0012,-0.0021,0.0012,0.0,3134.0,3531.0
2026-08-24 10:50:54,2026-08-24T10:35:07,763.66,2026-08-24,P,777.0,13.28,13.46,145.0,153.0,13.24,0.3167,-0.9983,0.0012,-0.0021,0.0012,0.0,47.0,30.0
2026-08-24 10:50:54,2026-08-24T10:35:07,763.66,2026-08-24,C,778.0,0.0,0.01,0.0,3181.0,0.01,0.263,0.0012,0.0008,-0.0015,0.0009,0.0,190.0,1814.0
2026-08-24 10:50:54,2026-08-24T10:35:07,763.66,2026-08-24,P,778.0,14.27,14.46,146.0,128.0,14.23,0.3304,-0.9988,0.0008,-0.0015,0.0009,0.0,29.0,6.0
2026-08-24 10:50:54,2026-08-24T10:35:07,763.66,2026-08-24,C,779.0,0.0,0.01,0.0,3187.0,0.01,0.2797,0.0009,0.0006,-0.0011,0.0007,0.0,15.0,1475.0
2026-08-24 10:50:54,2026-08-24T10:35:07,763.66,2026-08-24,P,779.0,15.28,15.46,45.0,125.0,16.46,0.3566,-0.9992,0.0006,-0.001,0.0007,0.0,59.0,27.0
2026-08-24 10:50:54,2026-08-24T10:35:07,763.66,2026-08-24,C,780.0,0.0,0.01,0.0,3182.0,0.01,0.2959,0.0006,0.0004,-0.0008,0.0005,0.0,48.0,7079.0
2026-08-24 10:50:54,2026-08-24T10:35:07,763.66,2026-08-24,P,780.0,16.27,16.45,45.0,126.0,17.04,0.3618,-0.9994,0.0004,-0.0008,0.0005,0.0,22.0,1.0
2026-08-24 10:50:54,2026-08-24T10:35:07,763.66,2026-08-24,C,781.0,0.0,0.01,0.0,3181.0,0.01,0.312,0.0004,0.0003,-0.0006,0.0004,0.0,42.0,2996.0
2026-08-24 10:50:54,2026-08-24T10:35:07,763.66,2026-08-24,P,781.0,17.27,17.46,45.0,147.0,17.72,0.3886,-0.9996,0.0003,-0.0005,0.0004,0.0,6.0,0.0
2026-08-24 10:50:54,2026-08-24T10:35:07,763.66,2026-08-24,C,782.0,0.0,0.01,0.0,3181.0,0.01,0.328,0.0003,0.0002,-0.0004,0.0003,0.0,8.0,1792.0
2026-08-24 10:50:54,2026-08-24T10:35:07,763.66,2026-08-24,P,782.0,18.27,18.45,146.0,136.0,18.45,0.3995,-0.9997,0.0002,-0.0004,0.0003,0.0,16.0,1.0
2026-08-24 10:50:54,2026-08-24T10:35:07,763.66,2026-08-24,C,783.0,0.0,0.01,0.0,3127.0,0.01,0.3439,0.0002,0.0002,-0.0003,0.0002,0.0,75.0,751.0
2026-08-24 10:50:54,2026-08-24T10:35:07,763.66,2026-08-24,P,783.0,19.26,19.45,146.0,129.0,20.46,0.4087,-0.9998,0.0002,-0.0003,0.0002,0.0,111.0,0.0
2026-08-24 10:50:54,2026-08-24T10:35:07,763.66,2026-08-24,C,784.0,0.0,0.01,0.0,3248.0,0.01,0.3597,0.0002,0.0001,-0.0002,0.0001,0.0,54.0,807.0
2026-08-24 10:50:54,2026-08-24T10:35:07,763.66,2026-08-24,P,784.0,20.29,20.45,140.0,132.0,21.08,0.4534,-0.9998,0.0001,-0.0002,0.0001,0.0,54.0,1.0
2026-08-24 10:50:54,2026-08-24T10:35:07,763.66,2026-08-24,C,785.0,0.0,0.01,0.0,3247.0,0.01,0.3754,0.0001,0.0001,-0.0001,0.0001,0.0,178.0,1778.0
2026-08-24 10:50:54,2026-08-24T10:35:07,763.66,2026-08-24,P,785.0,21.27,21.46,45.0,125.0,22.19,0.4642,-0.9999,0.0001,-0.0001,0.0001,0.0,7.0,1.0
2026-08-24 10:50:54,2026-08-24T10:35:07,763.66,2026-08-24,C,786.0,0.0,0.01,0.0,3247.0,0.01,0.3911,0.0001,0.0001,-0.0001,0.0001,0.0,18.0,512.0
2026-08-24 10:50:54,2026-08-24T10:35:07,763.66,2026-08-24,P,786.0,22.27,22.46,45.0,137.0,22.72,0.4828,-0.9999,0.0001,-0.0001,0.0001,0.0,6.0,0.0
2026-08-24 10:50:54,2026-08-24T10:35:07,763.66,2026-08-24,C,787.0,0.0,0.01,0.0,3247.0,0.01,0.4067,0.0001,0.0,-0.0001,0.0001,0.0,1.0,1566.0
2026-08-24 10:50:54,2026-08-24T10:35:07,763.66,2026-08-24,P,787.0,23.29,23.46,45.0,47.0,24.03,0.518,-0.9999,0.0,-0.0001,0.0001,0.0,21.0,0.0
2026-08-24 10:50:54,2026-08-24T10:35:07,763.66,2026-08-24,C,788.0,0.0,0.01,0.0,3252.0,0.01,0.4222,0.0,0.0,-0.0001,0.0,0.0,3.0,772.0
2026-08-24 10:50:54,2026-08-24T10:35:07,763.66,2026-08-24,P,788.0,24.27,24.46,45.0,46.0,24.71,0.5197,-1.0,0.0,-0.0001,0.0,0.0,12.0,0.0
2026-08-24 10:50:54,2026-08-24T10:35:07,763.66,2026-08-24,C,789.0,0.0,0.01,0.0,3248.0,0.01,0.4376,0.0,0.0,0.0,0.0,0.0,6.0,649.0
2026-08-24 10:50:54,2026-08-24T10:35:07,763.66,2026-08-24,P,789.0,25.27,25.46,45.0,45.0,25.72,0.538,-1.0,0.0,0.0,0.0,0.0,6.0,0.0
2026-08-24 10:50:54,2026-08-24T10:35:07,763.66,2026-08-24,C,790.0,0.0,0.01,0.0,3911.0,0.01,0.453,0.0,0.0,0.0,0.0,0.0,1.0,1116.0
2026-08-24 10:50:54,2026-08-24T10:35:07,763.66,2026-08-24,P,790.0,26.26,26.46,45.0,46.0,26.72,0.5458,-1.0,0.0,0.0,0.0,0.0,6.0,0.0
2026-08-24 10:50:54,2026-08-24T10:35:07,763.66,2026-08-24,C,791.0,0.0,0.01,0.0,2248.0,0.01,0.4684,0.0,0.0,0.0,0.0,0.0,0.0,463.0
2026-08-24 10:50:54,2026-08-24T10:35:07,763.66,2026-08-24,P,791.0,27.25,27.46,45.0,45.0,27.69,0.5516,-1.0,0.0,0.0,0.0,0.0,4.0,0.0
2026-08-24 10:50:54,2026-08-24T10:35:07,763.66,2026-08-24,C,792.0,0.0,0.01,0.0,2248.0,0.01,0.4834,0.0,0.0,0.0,0.0,0.0,0.0,329.0
2026-08-24 10:50:54,2026-08-24T10:35:07,763.66,2026-08-24,P,792.0,28.27,28.46,15.0,15.0,28.7,0.5923,-1.0,0.0,0.0,0.0,0.0,4.0,0.0
2026-08-24 10:50:54,2026-08-24T10:35:07,763.66,2026-08-24,C,793.0,0.0,0.01,0.0,5540.0,0.01,0.4987,0.0,0.0,0.0,0.0,0.0,150.0,759.0
2026-08-24 10:50:54,2026-08-24T10:35:07,763.66,2026-08-24,P,793.0,29.23,29.46,15.0,15.0,29.89,0.5545,-1.0,0.0,0.0,0.0,0.0,10.0,0.0
2026-08-24 10:50:54,2026-08-24T10:35:07,763.66,2026-08-24,C,794.0,0.0,0.01,0.0,2248.0,0.01,0.5138,0.0,0.0,0.0,0.0,0.0,0.0,727.0
2026-08-24 10:50:54,2026-08-24T10:35:07,763.66,2026-08-24,P,794.0,30.27,30.46,15.0,15.0,30.69,0.6281,-1.0,0.0,0.0,0.0,0.0,4.0,0.0
2026-08-24 10:50:54,2026-08-24T10:35:07,763.66,2026-08-24,C,795.0,0.0,0.01,0.0,6176.0,0.01,0.5289,0.0,0.0,0.0,0.0,0.0,80.0,479.0
2026-08-24 10:50:54,2026-08-24T10:35:07,763.66,2026-08-24,P,795.0,31.08,31.48,2.0,2.0,31.7,0.0,-1.0,0.0,0.0,0.0,0.0,6.0,0.0
2026-08-24 10:50:54,2026-08-24T10:35:07,763.66,2026-08-24,C,796.0,0.0,0.01,0.0,2248.0,0.01,0.5439,0.0,0.0,0.0,0.0,0.0,0.0,179.0
2026-08-24 10:50:54,2026-08-24T10:35:07,763.66,2026-08-24,P,796.0,31.97,32.62,2.0,1.0,32.67,0.8153,-1.0,0.0,0.0,0.0,0.0,6.0,0.0
2026-08-24 10:50:54,2026-08-24T10:35:07,763.66,2026-08-24,C,797.0,0.0,0.01,0.0,2248.0,0.01,0.5589,0.0,0.0,0.0,0.0,0.0,0.0,122.0
2026-08-24 10:50:54,2026-08-24T10:35:07,763.66,2026-08-24,P,797.0,33.08,33.49,2.0,2.0,33.72,0.0,-1.0,0.0,0.0,0.0,0.0,6.0,0.0
2026-08-24 10:50:54,2026-08-24T10:35:07,763.66,2026-08-24,C,798.0,0.0,0.01,0.0,2248.0,0.05,0.5738,0.0,0.0,0.0,0.0,0.0,2.0,563.0
2026-08-24 10:50:54,2026-08-24T10:35:07,763.66,2026-08-24,P,798.0,34.21,34.66,2.0,1.0,35.64,0.8071,-1.0,0.0,0.0,0.0,0.0,2.0,0.0
2026-08-24 10:50:54,2026-08-24T10:35:07,763.66,2026-08-24,C,799.0,0.0,0.01,0.0,2248.0,0.01,0.5887,0.0,0.0,0.0,0.0,0.0,80.0,448.0
2026-08-24 10:50:54,2026-08-24T10:35:07,763.66,2026-08-24,P,799.0,34.79,35.48,1.0,2.0,36.62,0.0,-1.0,0.0,0.0,0.0,0.0,2.0,0.0
2026-08-24 10:50:54,2026-08-24T10:35:07,763.66,2026-08-24,C,800.0,0.0,0.01,0.0,6286.0,0.01,0.6035,0.0,0.0,0.0,0.0,0.0,0.0,1221.0
2026-08-24 10:50:54,2026-08-24T10:35:07,763.66,2026-08-24,P,800.0,35.75,36.49,1.0,2.0,37.64,0.0,-1.0,0.0,0.0,0.0,0.0,2.0,1.0
2026-08-24 10:50:54,2026-08-24T10:35:07,763.66,2026-08-24,C,801.0,0.0,0.01,0.0,2248.0,0.01,0.6183,0.0,0.0,0.0,0.0,0.0,0.0,298.0
2026-08-24 10:50:54,2026-08-24T10:35:07,763.66,2026-08-24,P,801.0,36.8,37.48,2.0,2.0,38.62,0.0,-1.0,0.0,0.0,0.0,0.0,2.0,0.0
2026-08-24 10:55:54,2026-08-24T10:40:08,763.71,2026-08-24,C,726.0,37.58,37.79,44.0,44.0,39.64,0.0,0.9953,0.0009,-0.0214,0.0028,0.0,0.0,2.0
2026-08-24 10:55:54,2026-08-24T10:40:08,763.71,2026-08-24,P,726.0,0.0,0.01,0.0,3228.0,0.02,0.6608,-0.0047,0.0009,-0.0214,0.0028,0.0,0.0,49.0
2026-08-24 10:55:54,2026-08-24T10:40:08,763.71,2026-08-24,C,727.0,36.58,36.83,44.0,44.0,38.65,0.0,0.9952,0.001,-0.0215,0.0028,0.0,0.0,2.0
2026-08-24 10:55:54,2026-08-24T10:40:08,763.71,2026-08-24,P,727.0,0.0,0.01,0.0,3229.0,0.01,0.6443,-0.0048,0.001,-0.0215,0.0028,0.0,0.0,142.0
2026-08-24 10:55:54,2026-08-24T10:40:08,763.71,2026-08-24,C,728.0,35.58,35.79,45.0,44.0,34.81,0.0,0.9951,0.001,-0.0216,0.0029,0.0,3.0,0.0
2026-08-24 10:55:54,2026-08-24T10:40:08,763.71,2026-08-24,P,728.0,0.0,0.01,0.0,3229.0,0.01,0.6278,-0.0049,0.001,-0.0216,0.0029,0.0,0.0,2120.0
2026-08-24 10:55:54,2026-08-24T10:40:08,763.71,2026-08-24,C,729.0,34.58,34.79,45.0,44.0,33.86,0.0,0.9949,0.001,-0.0217,0.003,0.0,3.0,0.0
2026-08-24 10:55:54,2026-08-24T10:40:08,763.71,2026-08-24,P,729.0,0.0,0.01,0.0,3229.0,0.01,0.6114,-0.0051,0.001,-0.0217,0.003,0.0,8.0,249.0
2026-08-24 10:55:54,2026-08-24T10:40:08,763.71,2026-08-24,C,730.0,33.58,33.79,45.0,44.0,32.47,0.0,0.9948,0.0011,-0.0217,0.003,0.0,1.0,61.0
2026-08-24 10:55:54,2026-08-24T10:40:08,763.71,2026-08-24,P,730.0,0.0,0.01,0.0,3229.0,0.02,0.5949,-0.0052,0.0011,-0.0217,0.003,0.0,0.0,2337.0
2026-08-24 10:55:54,2026-08-24T10:40:08,763.71,2026-08-24,C,731.0,32.58,32.79,44.0,44.0,31.52,0.0,0.9946,0.0012,-0.0218,0.0031,0.0,1.0,0.0
2026-08-24 10:55:54,2026-08-24T10:40:08,763.71,2026-08-24,P,731.0,0.0,0.01,0.0,3109.0,0.02,0.5784,-0.0054,0.0012,-0.0218,0.0031,0.0,0.0,1383.0
2026-08-24 10:55:54,2026-08-24T10:40:08,763.71,2026-08-24,C,732.0,31.58,31.79,44.0,44.0,0.0,0.0,0.9945,0.0012,-0.0219,0.0032,0.0,0.0,0.0
2026-08-24 10:55:54,2026-08-24T10:40:08,763.71,2026-08-24,P,732.0,0.0,0.01,0.0,3109.0,0.01,0.5619,-0.0055,0.0012,-0.0219,0.0032,0.0,15.0,958.0
2026-08-24 10:55:54,2026-08-24T10:40:08,763.71,2026-08-24,C,733.0,30.58,30.79,44.0,44.0,33.82,0.0,0.9943,0.0013,-0.022,0.0033,0.0,0.0,1.0
2026-08-24 10:55:54,2026-08-24T10:40:08,763.71,2026-08-24,P,733.0,0.0,0.01,0.0,3108.0,0.01,0.5453,-0.0057,0.0013,-0.022,0.0033,0.0,1.0,281.0
2026-08-24 10:55:54,2026-08-24T10:40:08,763.71,2026-08-24,C,734.0,29.58,29.79,45.0,44.0,28.29,0.0,0.9941,0.0014,-0.0221,0.0034,0.0,1.0,0.0
2026-08-24 10:55:54,2026-08-24T10:40:08,763.71,2026-08-24,P,734.0,0.0,0.01,0.0,3109.0,0.01,0.5288,-0.0059,0.0014,-0.0221,0.0034,0.0,15.0,426.0
2026-08-24 10:55:54,2026-08-24T10:40:08,763.71,2026-08-24,C,735.0,28.59,28.83,46.0,45.0,28.28,0.0,0.994,0.0015,-0.0222,0.0035,0.0,2.0,7.0
2026-08-24 10:55:54,2026-08-24T10:40:08,763.71,2026-08-24,P,735.0,0.0,0.01,0.0,3163.0,0.01,0.5122,-0.006,0.0015,-0.0222,0.0035,0.0,5276.0,8066.0
2026-08-24 10:55:54,2026-08-24T10:40:08,763.71,2026-08-24,C,736.0,27.59,27.8,44.0,44.0,26.3,0.0,0.9938,0.0016,-0.0223,0.0036,0.0,1.0,0.0
2026-08-24 10:55:54,2026-08-24T10:40:08,763.71,2026-08-24,P,736.0,0.0,0.01,0.0,3163.0,0.01,0.4956,-0.0062,0.0016,-0.0223,0.0036,0.0,942.0,7980.0
2026-08-24 10:55:54,2026-08-24T10:40:08,763.71,2026-08-24,C,737.0,26.59,26.83,44.0,44.0,25.35,0.0,0.9936,0.0016,-0.0224,0.0037,0.0,1.0,6.0
2026-08-24 10:55:54,2026-08-24T10:40:08,763.71,2026-08-24,P,737.0,0.0,0.01,0.0,3163.0,0.01,0.479,-0.0064,0.0016,-0.0224,0.0037,0.0,2.0,1766.0
2026-08-24 10:55:54,2026-08-24T10:40:08,763.71,2026-08-24,C,738.0,25.61,25.83,45.0,44.0,25.56,0.0,0.9933,0.0018,-0.0225,0.0038,0.0,3.0,4.0
2026-08-24 10:55:54,2026-08-24T10:40:08,763.71,2026-08-24,P,738.0,0.0,0.01,0.0,3162.0,0.01,0.4624,-0.0067,0.0018,-0.0225,0.0038,0.0,253.0,3291.0
2026-08-24 10:55:54,2026-08-24T10:40:08,763.71,2026-08-24,C,739.0,24.59,24.83,44.0,44.0,23.58,0.0,0.9931,0.0019,-0.0226,0.004,0.0,2.0,11.0
2026-08-24 10:55:54,2026-08-24T10:40:08,763.71,2026-08-24,P,739.0,0.0,0.01,0.0,3364.0,0.01,0.4457,-0.0069,0.0019,-0.0226,0.004,0.0,3138.0,756.0
2026-08-24 10:55:54,2026-08-24T10:40:08,763.71,2026-08-24,C,740.0,23.59,23.8,45.0,44.0,23.16,0.0,0.9928,0.002,-0.0226,0.0041,0.0,4.0,13.0
2026-08-24 10:55:54,2026-08-24T10:40:08,763.71,2026-08-24,P,740.0,0.0,0.01,0.0,3312.0,0.01,0.429,-0.0072,0.002,-0.0226,0.0041,0.0,2164.0,1476.0
2026-08-24 10:55:54,2026-08-24T10:40:08,763.71,2026-08-24,C,741.0,22.61,22.8,100.0,100.0,21.75,0.0,0.9926,0.0022,-0.0227,0.0042,0.0,27.0,2.0
2026-08-24 10:55:54,2026-08-24T10:40:08,763.71,2026-08-24,P,741.0,0.01,0.02,1548.0,3888.0,0.02,0.4604,-0.0074,0.0022,-0.0227,0.0042,0.0,1012.0,1692.0
2026-08-24 10:55:54,2026-08-24T10:40:08,763.71,2026-08-24,C,742.0,21.59,21.8,100.0,100.0,20.75,0.0,0.9922,0.0023,-0.0228,0.0044,0.0,26.0,13.0
2026-08-24 10:55:54,2026-08-24T10:40:08,763.71,2026-08-24,P,742.0,0.01,0.02,2055.0,3631.0,0.01,0.4421,-0.0078,0.0023,-0.0228,0.0044,0.0,685.0,744.0
2026-08-24 10:55:54,2026-08-24T10:40:08,763.71,2026-08-24,C,743.0,20.59,20.8,100.0,100.0,20.54,0.0,0.9919,0.0025,-0.0229,0.0046,0.0,24.0,12.0
2026-08-24 10:55:54,2026-08-24T10:40:08,763.71,2026-08-24,P,743.0,0.01,0.02,2055.0,3757.0,0.02,0.4237,-0.0081,0.0025,-0.0229,0.0046,0.0,858.0,624.0
2026-08-24 10:55:54,2026-08-24T10:40:08,763.71,2026-08-24,C,744.0,19.59,19.8,101.0,100.0,19.12,0.0,0.9916,0.0027,-0.023,0.0048,0.0,31.0,6.0
2026-08-24 10:55:54,2026-08-24T10:40:08,763.71,2026-08-24,P,744.0,0.01,0.02,2055.0,3688.0,0.02,0.4052,-0.0084,0.0027,-0.023,0.0048,0.0,161.0,1252.0
2026-08-24 10:55:54,2026-08-24T10:40:08,763.71,2026-08-24,C,745.0,18.6,18.79,100.0,100.0,17.84,0.0,0.9912,0.003,-0.0231,0.005,0.0,26.0,72.0
2026-08-24 10:55:54,2026-08-24T10:40:08,763.71,2026-08-24,P,745.0,0.01,0.02,2055.0,3741.0,0.01,0.3867,-0.0088,0.003,-0.0231,0.005,0.0,116.0,1460.0
2026-08-24 10:55:54,2026-08-24T10:40:08,763.71,2026-08-24,C,746.0,17.6,17.8,100.0,100.0,17.8,0.0,0.9908,0.0032,-0.0232,0.0052,0.0,14.0,11.0
2026-08-24 10:55:54,2026-08-24T10:40:08,763.71,2026-08-24,P,746.0,0.01,0.02,3162.0,3594.0,0.01,0.3681,-0.0092,0.0032,-0.0232,0.0052,0.0,452.0,497.0
2026-08-24 10:55:54,2026-08-24T10:40:08,763.71,2026-08-24,C,747.0,16.6,16.79,100.0,100.0,16.46,0.0,0.9903,0.0036,-0.0233,0.0054,0.0,14.0,24.0
2026-08-24 10:55:54,2026-08-24T10:40:08,763.71,2026-08-24,P,747.0,0.01,0.02,2662.0,3259.0,0.01,0.3495,-0.0097,0.0036,-0.0233,0.0054,0.0,61.0,1909.0
2026-08-24 10:55:54,2026-08-24T10:40:08,763.71,2026-08-24,C,748.0,15.59,15.79,100.0,100.0,14.68,0.0,0.9898,0.004,-0.0234,0.0057,0.0,37.0,24.0
2026-08-24 10:55:54,2026-08-24T10:40:08,763.71,2026-08-24,P,748.0,0.01,0.02,2682.0,3221.0,0.01,0.3308,-0.0102,0.004,-0.0234,0.0057,0.0,1739.0,1955.0
2026-08-24 10:55:54,2026-08-24T10:40:08,763.71,2026-08-24,C,749.0,14.61,14.8,101.0,100.0,13.77,0.0,0.9892,0.0044,-0.0235,0.006,0.0,9.0,78.0
2026-08-24 10:55:54,2026-08-24T10:40:08,763.71,2026-08-24,P,749.0,0.01,0.02,2680.0,3011.0,0.02,0.312,-0.0108,0.0044,-0.0235,0.006,0.0,4631.0,2418.0
2026-08-24 10:55:54,2026-08-24T10:40:08,763.71,2026-08-24,C,750.0,13.6,13.8,100.0,100.0,13.7,0.0,0.9886,0.0049,-0.0236,0.0063,0.0,67.0,79.0
2026-08-24 10:55:54,2026-08-24T10:40:08,763.71,2026-08-24,P,750.0,0.01,0.02,2682.0,3080.0,0.02,0.293,-0.0114,0.0049,-0.0236,0.0063,0.0,1964.0,10698.0
2026-08-24 10:55:54,2026-08-24T10:40:08,763.71,2026-08-24,C,751.0,12.6,12.81,100.0,100.0,11.93,0.0,0.9878,0.0055,-0.0237,0.0067,0.0,7.0,59.0
2026-08-24 10:55:54,2026-08-24T10:40:08,763.71,2026-08-24,P,751.0,0.01,0.02,3167.0,3140.0,0.02,0.274,-0.0122,0.0055,-0.0237,0.0067,0.0,787.0,1189.0
2026-08-24 10:55:54,2026-08-24T10:40:08,763.71,2026-08-24,C,752.0,11.6,11.81,100.0,100.0,11.54,0.0,0.987,0.0063,-0.0238,0.0072,0.0,301.0,59.0
2026-08-24 10:55:54,2026-08-24T10:40:08,763.71,2026-08-24,P,752.0,0.02,0.03,966.0,4207.0,0.03,0.2723,-0.013,0.0063,-0.0238,0.0072,0.0,3197.0,1738.0
2026-08-24 10:55:54,2026-08-24T10:40:08,763.71,2026-08-24,C,753.0,10.61,10.8,100.0,100.0,10.58,0.0,0.9859,0.0072,-0.024,0.0077,0.0,74.0,105.0
2026-08-24 10:55:54,2026-08-24T10:40:08,763.71,2026-08-24,P,753.0,0.02,0.03,2475.0,4059.0,0.02,0.252,-0.0141,0.0072,-0.024,0.0077,0.0,6618.0,3707.0
2026-08-24 10:55:54,2026-08-24T10:40:08,763.71,2026-08-24,C,754.0,9.61,9.81,152.0,152.0,9.71,0.0,0.9846,0.0085,-0.0245,0.0084,0.0,371.0,90.0
2026-08-24 10:55:54,2026-08-24T10:40:08,763.71,2026-08-24,P,754.0,0.02,0.03,2408.0,3043.0,0.02,0.2316,-0.0154,0.0085,-0.0245,0.0084,0.0,2501.0,3882.0
2026-08-24 10:55:54,2026-08-24T10:40:08,763.71,2026-08-24,C,755.0,8.62,8.81,152.0,152.0,8.75,0.0,0.9828,0.0102,-0.0255,0.0093,0.0,385.0,182.0
2026-08-24 10:55:54,2026-08-24T10:40:08,763.71,2026-08-24,P,755.0,0.03,0.04,783.0,4062.0,0.03,0.2218,-0.0172,0.0102,-0.0255,0.0093,0.0,16207.0,7567.0
2026-08-24 10:55:54,2026-08-24T10:40:08,763.71,2026-08-24,C,756.0,7.62,7.82,152.0,152.0,7.7,0.0,0.9796,0.0129,-0.0283,0.0107,0.0,123.0,111.0
2026-08-24 10:55:54,2026-08-24T10:40:08,763.71,2026-08-24,P,756.0,0.03,0.04,2198.0,2751.0,0.04,0.2,-0.0204,0.0129,-0.0283,0.0107,0.0,22504.0,7665.0
2026-08-24 10:55:54,2026-08-24T10:40:08,763.71,2026-08-24,C,757.0,6.63,6.82,87.0,112.0,6.72,0.0,0.9735,0.0175,-0.035,0.0133,0.0,813.0,186.0
2026-08-24 10:55:54,2026-08-24T10:40:08,763.71,2026-08-24,P,757.0,0.04,0.05,2285.0,2734.0,0.04,0.1857,-0.0265,0.0175,-0.035,0.0133,0.0,34800.0,4394.0
2026-08-24 10:55:54,2026-08-24T10:40:08,763.71,2026-08-24,C,758.0,5.67,5.83,103.0,104.0,5.75,0.0562,0.9616,0.0255,-0.05,0.018,0.0,543.0,149.0
2026-08-24 10:55:54,2026-08-24T10:40:08,763.71,2026-08-24,P,758.0,0.06,0.07,1222.0,3778.0,0.06,0.1742,-0.0384,0.0255,-0.05,0.018,0.0,38579.0,3941.0
2026-08-24 10:55:54,2026-08-24T10:40:08,763.71,2026-08-24,C,759.0,4.68,4.87,72.0,111.0,4.76,0.1254,0.9398,0.0389,-0.0795,0.0253,0.0,1526.0,194.0
2026-08-24 10:55:54,2026-08-24T10:40:08,763.71,2026-08-24,P,759.0,0.08,0.09,1399.0,1927.0,0.09,0.1582,-0.0602,0.0389,-0.0795,0.0253,0.0,36945.0,3264.0
2026-08-24 10:55:54,2026-08-24T10:40:08,763.71,2026-08-24,C,760.0,3.83,3.86,36.0,48.0,3.8,0.145,0.9034,0.0591,-0.1314,0.0356,0.0,4248.0,370.0
2026-08-24 10:55:54,2026-08-24T10:40:08,763.71,2026-08-24,P,760.0,0.13,0.14,1382.0,2141.0,0.13,0.1479,-0.0966,0.0591,-0.1314,0.0356,0.0,97196.0,10050.0
2026-08-24 10:55:54,2026-08-24T10:40:08,763.71,2026-08-24,C,761.0,2.91,2.95,100.0,238.0,2.97,0.1347,0.8462,0.0876,-0.2172,0.0484,0.0,7799.0,318.0
2026-08-24 10:55:54,2026-08-24T10:40:08,763.71,2026-08-24,P,761.0,0.21,0.22,855.0,885.0,0.21,0.1368,-0.1538,0.0876,-0.2172,0.0484,0.0,105308.0,4492.0
2026-08-24 10:55:54,2026-08-24T10:40:08,763.71,2026-08-24,C,762.0,2.06,2.09,216.0,83.0,2.08,0.1267,0.7577,0.1244,-0.3607,0.0628,0.0,35292.0,936.0
2026-08-24 10:55:54,2026-08-24T10:40:08,763.71,2026-08-24,P,762.0,0.36,0.37,677.0,1055.0,0.37,0.1283,-0.2424,0.1244,-0.3607,0.0628,0.0,196022.0,3574.0
2026-08-24 10:55:54,2026-08-24T10:40:08,763.71,2026-08-24,C,763.0,1.33,1.34,38.0,114.0,1.34,0.1186,0.6262,0.1616,-0.6075,0.075,0.0,125251.0,1198.0
2026-08-24 10:55:54,2026-08-24T10:40:08,763.71,2026-08-24,P,763.0,0.61,0.62,581.0,102.0,0.61,0.12,-0.3738,0.1616,-0.6075,0.075,0.0,241069.0,6044.0
2026-08-24 10:55:54,2026-08-24T10:40:08,763.71,2026-08-24,C,764.0,0.75,0.76,309.0,42.0,0.75,0.1124,0.4557,0.1787,-0.7664,0.0782,0.0,171128.0,1820.0
2026-08-24 10:55:54,2026-08-24T10:40:08,763.71,2026-08-24,P,764.0,1.03,1.04,346.0,129.0,1.04,0.1137,-0.5443,0.1787,-0.7664,0.0782,0.0,75994.0,6864.0
2026-08-24 10:55:54,2026-08-24T10:40:08,763.71,2026-08-24,C,765.0,0.37,0.38,14.0,1097.0,0.37,0.1077,0.2819,0.1564,-0.3776,0.0675,0.0,128967.0,6424.0
2026-08-24 10:55:54,2026-08-24T10:40:08,763.71,2026-08-24,P,765.0,1.64,1.66,125.0,46.0,1.65,0.1099,-0.7181,0.1564,-0.3776,0.0675,0.0,31058.0,19244.0
2026-08-24 10:55:54,2026-08-24T10:40:08,763.71,2026-08-24,C,766.0,0.16,0.17,1172.0,933.0,0.17,0.1092,0.1536,0.1078,-0.1755,0.0488,0.0,90022.0,8787.0
2026-08-24 10:55:54,2026-08-24T10:40:08,763.71,2026-08-24,P,766.0,2.43,2.46,124.0,55.0,2.41,0.1114,-0.8464,0.1078,-0.1755,0.0488,0.0,9977.0,11396.0
2026-08-24 10:55:54,2026-08-24T10:40:08,763.71,2026-08-24,C,767.0,0.07,0.08,1520.0,1123.0,0.07,0.1141,0.0846,0.0658,-0.091,0.0329,0.0,62258.0,5623.0
2026-08-24 10:55:54,2026-08-24T10:40:08,763.71,2026-08-24,P,767.0,3.34,3.37,53.0,35.0,3.4,0.1176,-0.9154,0.0658,-0.091,0.0329,0.0,2663.0,4337.0
2026-08-24 10:55:54,2026-08-24T10:40:08,763.71,2026-08-24,C,768.0,0.04,0.05,2652.0,3771.0,0.05,0.1263,0.0517,0.0408,-0.0561,0.023,0.0,31200.0,6707.0
2026-08-24 10:55:54,2026-08-24T10:40:08,763.71,2026-08-24,P,768.0,4.27,4.42,104.0,104.0,4.35,0.148,-0.9483,0.0408,-0.0561,0.023,0.0,956.0,2423.0
2026-08-24 10:55:54,2026-08-24T10:40:08,763.71,2026-08-24,C,769.0,0.02,0.03,3712.0,3203.0,0.02,0.1355,0.0339,0.0263,-0.0378,0.0165,0.0,11680.0,4943.0
2026-08-24 10:55:54,2026-08-24T10:40:08,763.71,2026-08-24,P,769.0,5.24,5.4,69.0,109.0,5.34,0.1632,-0.9661,0.0263,-0.0378,0.0165,0.0,429.0,3299.0
2026-08-24 10:55:54,2026-08-24T10:40:08,763.71,2026-08-24,C,770.0,0.02,0.03,2343.0,4021.0,0.02,0.1568,0.0228,0.0174,-0.0261,0.012,0.0,15740.0,11088.0
2026-08-24 10:55:54,2026-08-24T10:40:08,763.71,2026-08-24,P,770.0,6.24,6.43,93.0,91.0,6.15,0.195,-0.9772,0.0174,-0.0261,0.012,0.0,888.0,3062.0
2026-08-24 10:55:54,2026-08-24T10:40:08,763.71,2026-08-24,C,771.0,0.01,0.02,3145.0,2995.0,0.02,0.1653,0.0155,0.0117,-0.0181,0.0087,0.0,3672.0,4378.0
2026-08-24 10:55:54,2026-08-24T10:40:08,763.71,2026-08-24,P,771.0,7.24,7.43,138.0,191.0,7.45,0.2219,-0.9845,0.0117,-0.0181,0.0087,0.0,234.0,1479.0
2026-08-24 10:55:54,2026-08-24T10:40:08,763.71,2026-08-24,C,772.0,0.01,0.02,3290.0,3466.0,0.02,0.1848,0.0106,0.0079,-0.0126,0.0063,0.0,7484.0,17015.0
2026-08-24 10:55:54,2026-08-24T10:40:08,763.71,2026-08-24,P,772.0,8.23,8.43,152.0,152.0,8.25,0.2405,-0.9894,0.0079,-0.0126,0.0063,0.0,208.0,1353.0
2026-08-24 10:55:54,2026-08-24T10:40:08,763.71,2026-08-24,C,773.0,0.01,0.02,2710.0,3674.0,0.01,0.204,0.0073,0.0054,-0.0088,0.0046,0.0,2635.0,6476.0
2026-08-24 10:55:54,2026-08-24T10:40:08,763.71,2026-08-24,P,773.0,9.23,9.42,152.0,152.0,9.34,0.2607,-0.9927,0.0054,-0.0088,0.0046,0.0,150.0,348.0
2026-08-24 10:55:54,2026-08-24T10:40:08,763.71,2026-08-24,C,774.0,0.01,0.02,1677.0,3810.0,0.02,0.223,0.0051,0.0037,-0.0062,0.0033,0.0,1845.0,3840.0
2026-08-24 10:55:54,2026-08-24T10:40:08,763.71,2026-08-24,P,774.0,10.23,10.42,100.0,100.0,11.17,0.2835,-0.9949,0.0037,-0.0062,0.0033,0.0,78.0,46.0
2026-08-24 10:55:54,2026-08-24T10:40:08,763.71,2026-08-24,C,775.0,0.01,0.02,1609.0,4123.0,0.01,0.2417,0.0036,0.0026,-0.0043,0.0024,0.0,3345.0,5611.0
2026-08-24 10:55:54,2026-08-24T10:40:08,763.71,2026-08-24,P,775.0,11.23,11.42,100.0,100.0,11.29,0.3059,-0.9964,0.0026,-0.0043,0.0024,0.0,60.0,13.0
2026-08-24 10:55:54,2026-08-24T10:40:08,763.71,2026-08-24,C,776.0,0.0,0.01,0.0,5552.0,0.01,0.2303,0.0025,0.0018,-0.003,0.0018,0.0,5063.0,6136.0
2026-08-24 10:55:54,2026-08-24T10:40:08,763.71,2026-08-24,P,776.0,12.23,12.42,100.0,100.0,12.81,0.328,-0.9975,0.0018,-0.003,0.0018,0.0,71.0,28.0
2026-08-24 10:55:54,2026-08-24T10:40:08,763.71,2026-08-24,C,777.0,0.0,0.01,0.0,3338.0,0.01,0.247,0.0018,0.0012,-0.0022,0.0013,0.0,3146.0,3531.0
2026-08-24 10:55:54,2026-08-24T10:40:08,763.71,2026-08-24,P,777.0,13.23,13.42,100.0,100.0,13.24,0.35,-0.9982,0.0012,-0.0022,0.0013,0.0,47.0,30.0
2026-08-24 10:55:54,2026-08-24T10:40:08,763.71,2026-08-24,C,778.0,0.0,0.01,0.0,3187.0,0.01,0.2636,0.0012,0.0009,-0.0015,0.0009,0.0,190.0,1814.0
2026-08-24 10:55:54,2026-08-24T10:40:08,763.71,2026-08-24,P,778.0,14.23,14.4,100.0,100.0,14.23,0.3675,-0.9988,0.0009,-0.0015,0.0009,0.0,29.0,6.0
2026-08-24 10:55:54,2026-08-24T10:40:08,763.71,2026-08-24,C,779.0,0.0,0.01,0.0,3193.0,0.01,0.28,0.0009,0.0006,-0.0011,0.0007,0.0,15.0,1475.0
2026-08-24 10:55:54,2026-08-24T10:40:08,763.71,2026-08-24,P,779.0,15.22,15.42,44.0,100.0,16.46,0.3931,-0.9991,0.0006,-0.0011,0.0007,0.0,59.0,27.0
2026-08-24 10:55:54,2026-08-24T10:40:08,763.71,2026-08-24,C,780.0,0.0,0.01,0.0,3188.0,0.01,0.2964,0.0006,0.0004,-0.0008,0.0005,0.0,48.0,7079.0
2026-08-24 10:55:54,2026-08-24T10:40:08,763.71,2026-08-24,P,780.0,16.23,16.43,100.0,101.0,16.23,0.4187,-0.9994,0.0004,-0.0008,0.0005,0.0,42.0,1.0
2026-08-24 10:55:54,2026-08-24T10:40:08,763.71,2026-08-24,C,781.0,0.0,0.01,0.0,3187.0,0.01,0.3126,0.0005,0.0003,-0.0006,0.0004,0.0,42.0,2996.0
2026-08-24 10:55:54,2026-08-24T10:40:08,763.71,2026-08-24,P,781.0,17.22,17.43,45.0,99.0,17.72,0.4399,-0.9995,0.0003,-0.0006,0.0004,0.0,6.0,0.0
2026-08-24 10:55:54,2026-08-24T10:40:08,763.71,2026-08-24,C,782.0,0.0,0.01,0.0,3187.0,0.01,0.3287,0.0003,0.0002,-0.0004,0.0003,0.0,8.0,1792.0
2026-08-24 10:55:54,2026-08-24T10:40:08,763.71,2026-08-24,P,782.0,18.23,18.43,54.0,100.0,18.45,0.461,-0.9997,0.0002,-0.0004,0.0003,0.0,16.0,1.0
2026-08-24 10:55:54,2026-08-24T10:40:08,763.71,2026-08-24,C,783.0,0.0,0.01,0.0,3187.0,0.01,0.3447,0.0002,0.0002,-0.0003,0.0002,0.0,125.0,751.0
2026-08-24 10:55:54,2026-08-24T10:40:08,763.71,2026-08-24,P,783.0,19.22,19.42,100.0,100.0,20.46,0.4771,-0.9998,0.0002,-0.0003,0.0002,0.0,111.0,0.0
2026-08-24 10:55:54,2026-08-24T10:40:08,763.71,2026-08-24,C,784.0,0.0,0.01,0.0,3254.0,0.01,0.3607,0.0002,0.0001,-0.0002,0.0001,0.0,54.0,807.0
2026-08-24 10:55:54,2026-08-24T10:40:08,763.71,2026-08-24,P,784.0,20.22,20.42,100.0,100.0,21.08,0.4977,-0.9998,0.0001,-0.0002,0.0001,0.0,54.0,1.0
2026-08-24 10:55:54,2026-08-24T10:40:08,763.71,2026-08-24,C,785.0,0.0,0.01,0.0,3253.0,0.01,0.3766,0.0001,0.0001,-0.0002,0.0001,0.0,178.0,1778.0
2026-08-24 10:55:54,2026-08-24T10:40:08,763.71,2026-08-24,P,785.0,21.22,21.42,44.0,100.0,22.19,0.5181,-0.9999,0.0001,-0.0002,0.0001,0.0,7.0,1.0
2026-08-24 10:55:54,2026-08-24T10:40:08,763.71,2026-08-24,C,786.0,0.0,0.01,0.0,3253.0,0.01,0.3924,0.0001,0.0001,-0.0001,0.0001,0.0,18.0,512.0
2026-08-24 10:55:54,2026-08-24T10:40:08,763.71,2026-08-24,P,786.0,22.22,22.42,44.0,100.0,22.72,0.533,-0.9999,0.0001,-0.0001,0.0001,0.0,6.0,0.0
2026-08-24 10:55:54,2026-08-24T10:40:08,763.71,2026-08-24,C,787.0,0.0,0.01,0.0,3253.0,0.01,0.4081,0.0001,0.0,-0.0001,0.0001,0.0,1.0,1566.0
2026-08-24 10:55:54,2026-08-24T10:40:08,763.71,2026-08-24,P,787.0,23.22,23.42,45.0,45.0,24.03,0.553,-0.9999,0.0,-0.0001,0.0001,0.0,21.0,0.0
2026-08-24 10:55:54,2026-08-24T10:40:08,763.71,2026-08-24,C,788.0,0.0,0.01,0.0,3258.0,0.01,0.4237,0.0,0.0,-0.0001,0.0,0.0,3.0,772.0
2026-08-24 10:55:54,2026-08-24T10:40:08,763.71,2026-08-24,P,788.0,24.22,24.42,43.0,44.0,24.71,0.5787,-1.0,0.0,-0.0001,0.0,0.0,12.0,0.0
2026-08-24 10:55:54,2026-08-24T10:40:08,763.71,2026-08-24,C,789.0,0.0,0.01,0.0,3254.0,0.01,0.4393,0.0,0.0,0.0,0.0,0.0,6.0,649.0
2026-08-24 10:55:54,2026-08-24T10:40:08,763.71,2026-08-24,P,789.0,25.22,25.42,45.0,45.0,25.72,0.5927,-1.0,0.0,0.0,0.0,0.0,6.0,0.0
2026-08-24 10:55:54,2026-08-24T10:40:08,763.71,2026-08-24,C,790.0,0.0,0.01,0.0,3918.0,0.01,0.4548,0.0,0.0,0.0,0.0,0.0,1.0,1116.0
2026-08-24 10:55:54,2026-08-24T10:40:08,763.71,2026-08-24,P,790.0,26.21,26.42,44.0,46.0,26.72,0.6061,-1.0,0.0,0.0,0.0,0.0,6.0,0.0
2026-08-24 10:55:54,2026-08-24T10:40:08,763.71,2026-08-24,C,791.0,0.0,0.01,0.0,3254.0,0.01,0.4702,0.0,0.0,0.0,0.0,0.0,0.0,463.0
2026-08-24 10:55:54,2026-08-24T10:40:08,763.71,2026-08-24,P,791.0,27.21,27.42,44.0,45.0,27.69,0.6255,-1.0,0.0,0.0,0.0,0.0,4.0,0.0
2026-08-24 10:55:54,2026-08-24T10:40:08,763.71,2026-08-24,C,792.0,0.0,0.01,0.0,3254.0,0.01,0.4856,0.0,0.0,0.0,0.0,0.0,0.0,329.0
2026-08-24 10:55:54,2026-08-24T10:40:08,763.71,2026-08-24,P,792.0,28.21,28.41,16.0,15.0,28.7,0.6378,-1.0,0.0,0.0,0.0,0.0,4.0,0.0
2026-08-24 10:55:54,2026-08-24T10:40:08,763.71,2026-08-24,C,793.0,0.0,0.01,0.0,6255.0,0.01,0.5009,0.0,0.0,0.0,0.0,0.0,150.0,759.0
2026-08-24 10:55:54,2026-08-24T10:40:08,763.71,2026-08-24,P,793.0,29.21,29.41,15.0,15.0,29.89,0.6568,-1.0,0.0,0.0,0.0,0.0,10.0,0.0
2026-08-24 10:55:54,2026-08-24T10:40:08,763.71,2026-08-24,C,794.0,0.0,0.01,0.0,3254.0,0.01,0.5162,0.0,0.0,0.0,0.0,0.0,0.0,727.0
2026-08-24 10:55:54,2026-08-24T10:40:08,763.71,2026-08-24,P,794.0,30.21,30.41,15.0,15.0,30.69,0.6758,-1.0,0.0,0.0,0.0,0.0,4.0,0.0
2026-08-24 10:55:54,2026-08-24T10:40:08,763.71,2026-08-24,C,795.0,0.0,0.01,0.0,7050.0,0.01,0.5314,0.0,0.0,0.0,0.0,0.0,80.0,479.0
2026-08-24 10:55:54,2026-08-24T10:40:08,763.71,2026-08-24,P,795.0,31.13,31.6,2.0,1.0,31.7,0.0,-1.0,0.0,0.0,0.0,0.0,6.0,0.0
2026-08-24 10:55:54,2026-08-24T10:40:08,763.71,2026-08-24,C,796.0,0.0,0.01,0.0,2254.0,0.01,0.547,0.0,0.0,0.0,0.0,0.0,0.0,179.0
2026-08-24 10:55:54,2026-08-24T10:40:08,763.71,2026-08-24,P,796.0,32.03,33.07,2.0,1.0,32.67,0.0,-1.0,0.0,0.0,0.0,0.0,6.0,0.0
2026-08-24 10:55:54,2026-08-24T10:40:08,763.71,2026-08-24,C,797.0,0.0,0.01,0.0,2254.0,0.01,0.5621,0.0,0.0,0.0,0.0,0.0,0.0,122.0
2026-08-24 10:55:54,2026-08-24T10:40:08,763.71,2026-08-24,P,797.0,33.13,33.47,2.0,1.0,33.72,0.5616,-1.0,0.0,0.0,0.0,0.0,6.0,0.0
2026-08-24 10:55:54,2026-08-24T10:40:08,763.71,2026-08-24,C,798.0,0.0,0.01,0.0,2254.0,0.05,0.5771,0.0,0.0,0.0,0.0,0.0,2.0,563.0
2026-08-24 10:55:54,2026-08-24T10:40:08,763.71,2026-08-24,P,798.0,34.15,35.36,1.0,2.0,35.64,1.0607,-1.0,0.0,0.0,0.0,0.0,2.0,0.0
2026-08-24 10:55:54,2026-08-24T10:40:08,763.71,2026-08-24,C,799.0,0.0,0.01,0.0,2254.0,0.01,0.5921,0.0,0.0,0.0,0.0,0.0,80.0,448.0
2026-08-24 10:55:54,2026-08-24T10:40:08,763.71,2026-08-24,P,799.0,34.67,35.44,2.0,1.0,36.62,0.0,-1.0,0.0,0.0,0.0,0.0,2.0,0.0
2026-08-24 10:55:54,2026-08-24T10:40:08,763.71,2026-08-24,C,800.0,0.0,0.01,0.0,6277.0,0.01,0.607,0.0,0.0,0.0,0.0,0.0,0.0,1221.0
2026-08-24 10:55:54,2026-08-24T10:40:08,763.71,2026-08-24,P,800.0,36.15,37.22,1.0,2.0,37.64,0.0,-1.0,0.0,0.0,0.0,0.0,2.0,1.0
2026-08-24 10:55:54,2026-08-24T10:40:08,763.71,2026-08-24,C,801.0,0.0,0.01,0.0,2254.0,0.01,0.6219,0.0,0.0,0.0,0.0,0.0,0.0,298.0
2026-08-24 10:55:54,2026-08-24T10:40:08,763.71,2026-08-24,P,801.0,36.85,37.42,2.0,2.0,38.62,0.0,-1.0,0.0,0.0,0.0,0.0,2.0,0.0
2026-08-24 11:00:55,2026-08-24T10:45:08,763.69,2026-08-24,C,726.0,37.61,37.81,46.0,46.0,39.64,0.0,0.9955,0.0009,-0.0201,0.0026,0.0,0.0,2.0
2026-08-24 11:00:55,2026-08-24T10:45:08,763.69,2026-08-24,P,726.0,0.0,0.01,0.0,2228.0,0.02,0.6653,-0.0045,0.0009,-0.0201,0.0026,0.0,0.0,49.0
2026-08-24 11:00:55,2026-08-24T10:45:08,763.69,2026-08-24,C,727.0,36.55,36.81,46.0,46.0,38.65,0.0,0.9954,0.0009,-0.0202,0.0027,0.0,0.0,2.0
2026-08-24 11:00:55,2026-08-24T10:45:08,763.69,2026-08-24,P,727.0,0.0,0.01,0.0,2229.0,0.01,0.6487,-0.0046,0.0009,-0.0202,0.0027,0.0,0.0,142.0
2026-08-24 11:00:55,2026-08-24T10:45:08,763.69,2026-08-24,C,728.0,35.61,35.81,46.0,46.0,34.81,0.0,0.9953,0.001,-0.0203,0.0028,0.0,3.0,0.0
2026-08-24 11:00:55,2026-08-24T10:45:08,763.69,2026-08-24,P,728.0,0.0,0.01,0.0,2229.0,0.01,0.6321,-0.0047,0.001,-0.0203,0.0028,0.0,0.0,2120.0
2026-08-24 11:00:55,2026-08-24T10:45:08,763.69,2026-08-24,C,729.0,34.61,34.81,46.0,46.0,33.86,0.0,0.9952,0.001,-0.0204,0.0028,0.0,3.0,0.0
2026-08-24 11:00:55,2026-08-24T10:45:08,763.69,2026-08-24,P,729.0,0.0,0.01,0.0,2229.0,0.01,0.6155,-0.0048,0.001,-0.0204,0.0028,0.0,8.0,249.0
2026-08-24 11:00:55,2026-08-24T10:45:08,763.69,2026-08-24,C,730.0,33.61,33.81,46.0,46.0,32.47,0.0,0.995,0.0011,-0.0205,0.0029,0.0,1.0,61.0
2026-08-24 11:00:55,2026-08-24T10:45:08,763.69,2026-08-24,P,730.0,0.0,0.01,0.0,2229.0,0.02,0.5989,-0.005,0.0011,-0.0205,0.0029,0.0,0.0,2337.0
2026-08-24 11:00:55,2026-08-24T10:45:08,763.69,2026-08-24,C,731.0,32.59,32.81,46.0,46.0,31.52,0.0,0.9949,0.0011,-0.0206,0.003,0.0,1.0,0.0
2026-08-24 11:00:55,2026-08-24T10:45:08,763.69,2026-08-24,P,731.0,0.0,0.01,0.0,2109.0,0.02,0.5823,-0.0051,0.0011,-0.0206,0.003,0.0,0.0,1383.0
2026-08-24 11:00:55,2026-08-24T10:45:08,763.69,2026-08-24,C,732.0,31.59,31.81,46.0,46.0,0.0,0.0,0.9947,0.0012,-0.0206,0.0031,0.0,0.0,0.0
2026-08-24 11:00:55,2026-08-24T10:45:08,763.69,2026-08-24,P,732.0,0.0,0.01,0.0,2109.0,0.01,0.5657,-0.0053,0.0012,-0.0206,0.0031,0.0,15.0,958.0
2026-08-24 11:00:55,2026-08-24T10:45:08,763.69,2026-08-24,C,733.0,30.61,30.81,46.0,46.0,33.82,0.0,0.9946,0.0013,-0.0207,0.0031,0.0,0.0,1.0
2026-08-24 11:00:55,2026-08-24T10:45:08,763.69,2026-08-24,P,733.0,0.0,0.01,0.0,2108.0,0.01,0.549,-0.0054,0.0013,-0.0207,0.0031,0.0,1.0,281.0
2026-08-24 11:00:55,2026-08-24T10:45:08,763.69,2026-08-24,C,734.0,29.61,29.81,46.0,46.0,28.29,0.0,0.9944,0.0013,-0.0208,0.0032,0.0,1.0,0.0
2026-08-24 11:00:55,2026-08-24T10:45:08,763.69,2026-08-24,P,734.0,0.0,0.01,0.0,2109.0,0.01,0.5323,-0.0056,0.0013,-0.0208,0.0032,0.0,15.0,426.0
2026-08-24 11:00:55,2026-08-24T10:45:08,763.69,2026-08-24,C,735.0,28.56,28.81,47.0,47.0,28.9,0.0,0.9942,0.0014,-0.0209,0.0033,0.0,5.0,7.0
2026-08-24 11:00:55,2026-08-24T10:45:08,763.69,2026-08-24,P,735.0,0.0,0.01,0.0,2163.0,0.01,0.5157,-0.0058,0.0014,-0.0209,0.0033,0.0,5276.0,8066.0
2026-08-24 11:00:55,2026-08-24T10:45:08,763.69,2026-08-24,C,736.0,27.61,27.81,46.0,46.0,26.3,0.0,0.994,0.0015,-0.021,0.0034,0.0,1.0,0.0
2026-08-24 11:00:55,2026-08-24T10:45:08,763.69,2026-08-24,P,736.0,0.0,0.01,0.0,2163.0,0.01,0.499,-0.006,0.0015,-0.021,0.0034,0.0,942.0,7980.0
2026-08-24 11:00:55,2026-08-24T10:45:08,763.69,2026-08-24,C,737.0,26.61,26.81,46.0,46.0,25.35,0.0,0.9938,0.0016,-0.0211,0.0035,0.0,1.0,6.0
2026-08-24 11:00:55,2026-08-24T10:45:08,763.69,2026-08-24,P,737.0,0.0,0.01,0.0,2163.0,0.01,0.4822,-0.0062,0.0016,-0.0211,0.0035,0.0,2.0,1766.0
2026-08-24 11:00:55,2026-08-24T10:45:08,763.69,2026-08-24,C,738.0,25.61,25.81,47.0,47.0,25.56,0.0,0.9936,0.0017,-0.0212,0.0037,0.0,3.0,4.0
2026-08-24 11:00:55,2026-08-24T10:45:08,763.69,2026-08-24,P,738.0,0.0,0.01,0.0,2162.0,0.01,0.4655,-0.0064,0.0017,-0.0212,0.0037,0.0,253.0,3291.0
2026-08-24 11:00:55,2026-08-24T10:45:08,763.69,2026-08-24,C,739.0,24.61,24.81,46.0,46.0,23.58,0.0,0.9934,0.0018,-0.0213,0.0038,0.0,2.0,11.0
2026-08-24 11:00:55,2026-08-24T10:45:08,763.69,2026-08-24,P,739.0,0.0,0.01,0.0,2364.0,0.01,0.4487,-0.0066,0.0018,-0.0213,0.0038,0.0,3142.0,756.0
2026-08-24 11:00:55,2026-08-24T10:45:08,763.69,2026-08-24,C,740.0,23.61,23.81,46.0,46.0,23.16,0.0,0.9932,0.002,-0.0213,0.0039,0.0,4.0,13.0
2026-08-24 11:00:55,2026-08-24T10:45:08,763.69,2026-08-24,P,740.0,0.0,0.01,0.0,2312.0,0.02,0.4319,-0.0068,0.002,-0.0213,0.0039,0.0,2243.0,1476.0
2026-08-24 11:00:55,2026-08-24T10:45:08,763.69,2026-08-24,C,741.0,22.61,22.81,100.0,100.0,21.75,0.0,0.9929,0.0021,-0.0214,0.004,0.0,27.0,2.0
2026-08-24 11:00:55,2026-08-24T10:45:08,763.69,2026-08-24,P,741.0,0.01,0.02,2055.0,3366.0,0.01,0.4635,-0.0071,0.0021,-0.0214,0.004,0.0,1152.0,1692.0
2026-08-24 11:00:55,2026-08-24T10:45:08,763.69,2026-08-24,C,742.0,21.6,21.82,100.0,100.0,20.75,0.0,0.9926,0.0023,-0.0215,0.0042,0.0,26.0,13.0
2026-08-24 11:00:55,2026-08-24T10:45:08,763.69,2026-08-24,P,742.0,0.01,0.02,2055.0,3460.0,0.02,0.445,-0.0074,0.0023,-0.0215,0.0042,0.0,686.0,744.0
2026-08-24 11:00:55,2026-08-24T10:45:08,763.69,2026-08-24,C,743.0,20.6,20.81,100.0,100.0,20.54,0.0,0.9923,0.0024,-0.0216,0.0044,0.0,24.0,12.0
2026-08-24 11:00:55,2026-08-24T10:45:08,763.69,2026-08-24,P,743.0,0.01,0.02,2055.0,3340.0,0.02,0.4265,-0.0077,0.0024,-0.0216,0.0044,0.0,860.0,624.0
2026-08-24 11:00:55,2026-08-24T10:45:08,763.69,2026-08-24,C,744.0,19.6,19.81,100.0,100.0,19.12,0.0,0.992,0.0026,-0.0217,0.0046,0.0,31.0,6.0
2026-08-24 11:00:55,2026-08-24T10:45:08,763.69,2026-08-24,P,744.0,0.01,0.02,2055.0,3340.0,0.02,0.4079,-0.008,0.0026,-0.0217,0.0046,0.0,162.0,1252.0
2026-08-24 11:00:55,2026-08-24T10:45:08,763.69,2026-08-24,C,745.0,18.59,18.81,100.0,100.0,17.84,0.0,0.9916,0.0029,-0.0218,0.0047,0.0,26.0,72.0
2026-08-24 11:00:55,2026-08-24T10:45:08,763.69,2026-08-24,P,745.0,0.01,0.02,2162.0,3340.0,0.01,0.3892,-0.0084,0.0029,-0.0218,0.0047,0.0,119.0,1460.0
2026-08-24 11:00:55,2026-08-24T10:45:08,763.69,2026-08-24,C,746.0,17.61,17.82,100.0,100.0,17.8,0.0,0.9912,0.0032,-0.0219,0.005,0.0,14.0,11.0
2026-08-24 11:00:55,2026-08-24T10:45:08,763.69,2026-08-24,P,746.0,0.01,0.02,2162.0,3308.0,0.02,0.3705,-0.0088,0.0032,-0.0219,0.005,0.0,453.0,497.0
2026-08-24 11:00:55,2026-08-24T10:45:08,763.69,2026-08-24,C,747.0,16.62,16.81,100.0,100.0,16.46,0.0,0.9907,0.0035,-0.022,0.0052,0.0,14.0,24.0
2026-08-24 11:00:55,2026-08-24T10:45:08,763.69,2026-08-24,P,747.0,0.01,0.02,2332.0,2920.0,0.01,0.3517,-0.0093,0.0035,-0.022,0.0052,0.0,173.0,1909.0
2026-08-24 11:00:55,2026-08-24T10:45:08,763.69,2026-08-24,C,748.0,15.62,15.82,100.0,100.0,14.68,0.0,0.9902,0.0038,-0.0221,0.0055,0.0,37.0,24.0
2026-08-24 11:00:55,2026-08-24T10:45:08,763.69,2026-08-24,P,748.0,0.01,0.02,2368.0,2984.0,0.01,0.3329,-0.0098,0.0038,-0.0221,0.0055,0.0,1845.0,1955.0
2026-08-24 11:00:55,2026-08-24T10:45:08,763.69,2026-08-24,C,749.0,14.62,14.82,100.0,100.0,13.77,0.0,0.9897,0.0043,-0.0222,0.0058,0.0,9.0,78.0
2026-08-24 11:00:55,2026-08-24T10:45:08,763.69,2026-08-24,P,749.0,0.01,0.02,2202.0,2462.0,0.01,0.3139,-0.0103,0.0043,-0.0222,0.0058,0.0,4633.0,2418.0
2026-08-24 11:00:55,2026-08-24T10:45:08,763.69,2026-08-24,C,750.0,13.61,13.82,100.0,100.0,13.73,0.0,0.989,0.0048,-0.0223,0.0061,0.0,71.0,79.0
2026-08-24 11:00:55,2026-08-24T10:45:08,763.69,2026-08-24,P,750.0,0.01,0.02,3036.0,2333.0,0.01,0.2949,-0.011,0.0048,-0.0223,0.0061,0.0,1989.0,10698.0
2026-08-24 11:00:55,2026-08-24T10:45:08,763.69,2026-08-24,C,751.0,12.62,12.82,100.0,100.0,11.93,0.0,0.9883,0.0054,-0.0224,0.0064,0.0,7.0,59.0
2026-08-24 11:00:55,2026-08-24T10:45:08,763.69,2026-08-24,P,751.0,0.01,0.02,3706.0,3138.0,0.02,0.2757,-0.0117,0.0054,-0.0224,0.0064,0.0,1020.0,1189.0
2026-08-24 11:00:55,2026-08-24T10:45:08,763.69,2026-08-24,C,752.0,11.62,11.82,100.0,100.0,11.54,0.0,0.9875,0.0061,-0.0225,0.0069,0.0,301.0,59.0
2026-08-24 11:00:55,2026-08-24T10:45:08,763.69,2026-08-24,P,752.0,0.02,0.03,1388.0,4185.0,0.02,0.274,-0.0125,0.0061,-0.0225,0.0069,0.0,3208.0,1738.0
2026-08-24 11:00:55,2026-08-24T10:45:08,763.69,2026-08-24,C,753.0,10.59,10.82,100.0,100.0,10.58,0.0,0.9865,0.0071,-0.0228,0.0074,0.0,74.0,105.0
2026-08-24 11:00:55,2026-08-24T10:45:08,763.69,2026-08-24,P,753.0,0.02,0.03,2599.0,4186.0,0.03,0.2535,-0.0135,0.0071,-0.0228,0.0074,0.0,6726.0,3707.0
2026-08-24 11:00:55,2026-08-24T10:45:08,763.69,2026-08-24,C,754.0,9.59,9.82,118.0,92.0,9.89,0.0,0.9852,0.0083,-0.0234,0.0081,0.0,373.0,90.0
2026-08-24 11:00:55,2026-08-24T10:45:08,763.69,2026-08-24,P,754.0,0.02,0.03,3479.0,3706.0,0.03,0.2329,-0.0148,0.0083,-0.0234,0.0081,0.0,2662.0,3882.0
2026-08-24 11:00:55,2026-08-24T10:45:08,763.69,2026-08-24,C,755.0,8.62,8.83,123.0,100.0,8.86,0.0,0.9832,0.0101,-0.0247,0.009,0.0,396.0,182.0
2026-08-24 11:00:55,2026-08-24T10:45:08,763.69,2026-08-24,P,755.0,0.02,0.03,3455.0,2750.0,0.03,0.2121,-0.0168,0.0101,-0.0247,0.009,0.0,16341.0,7567.0
2026-08-24 11:00:55,2026-08-24T10:45:08,763.69,2026-08-24,C,756.0,7.63,7.83,69.0,56.0,7.89,0.0,0.9797,0.0129,-0.028,0.0106,0.0,148.0,111.0
2026-08-24 11:00:55,2026-08-24T10:45:08,763.69,2026-08-24,P,756.0,0.03,0.04,2879.0,3535.0,0.04,0.2012,-0.0203,0.0129,-0.028,0.0106,0.0,22618.0,7665.0
2026-08-24 11:00:55,2026-08-24T10:45:08,763.69,2026-08-24,C,757.0,6.64,6.78,72.0,33.0,6.75,0.0,0.973,0.0177,-0.0358,0.0134,0.0,858.0,186.0
2026-08-24 11:00:55,2026-08-24T10:45:08,763.69,2026-08-24,P,757.0,0.04,0.05,3318.0,3028.0,0.05,0.1867,-0.027,0.0177,-0.0358,0.0134,0.0,34924.0,4394.0
2026-08-24 11:00:55,2026-08-24T10:45:08,763.69,2026-08-24,C,758.0,5.66,5.86,54.0,59.0,5.65,0.1481,0.9603,0.0261,-0.0523,0.0183,0.0,557.0,149.0
2026-08-24 11:00:55,2026-08-24T10:45:08,763.69,2026-08-24,P,758.0,0.06,0.07,1202.0,3411.0,0.07,0.1751,-0.0397,0.0261,-0.0523,0.0183,0.0,39675.0,3941.0
2026-08-24 11:00:55,2026-08-24T10:45:08,763.69,2026-08-24,C,759.0,4.69,4.88,59.0,53.0,4.83,0.1425,0.9376,0.0396,-0.0837,0.0258,0.0,1542.0,194.0
2026-08-24 11:00:55,2026-08-24T10:45:08,763.69,2026-08-24,P,759.0,0.08,0.09,1787.0,1856.0,0.09,0.1586,-0.0626,0.0398,-0.0837,0.0258,0.0,42129.0,3264.0
2026-08-24 11:00:55,2026-08-24T10:45:08,763.69,2026-08-24,C,760.0,3.83,3.86,37.0,58.0,3.85,0.15,0.9005,0.0599,-0.1373,0.0361,0.0,4414.0,370.0
2026-08-24 11:00:55,2026-08-24T10:45:08,763.69,2026-08-24,P,760.0,0.13,0.14,2086.0,2596.0,0.13,0.1481,-0.0997,0.0602,-0.1373,0.0362,0.0,104540.0,10050.0
2026-08-24 11:00:55,2026-08-24T10:45:08,763.69,2026-08-24,C,761.0,2.91,2.94,103.0,125.0,2.92,0.1384,0.8432,0.0882,-0.2241,0.0486,0.0,8274.0,318.0
2026-08-24 11:00:55,2026-08-24T10:45:08,763.69,2026-08-24,P,761.0,0.21,0.22,1314.0,832.0,0.21,0.1373,-0.1568,0.0882,-0.2241,0.0486,0.0,116861.0,4492.0
2026-08-24 11:00:55,2026-08-24T10:45:08,763.69,2026-08-24,C,762.0,2.06,2.09,44.0,234.0,2.06,0.127,0.7548,0.1246,-0.3678,0.0626,0.0,36714.0,936.0
2026-08-24 11:00:55,2026-08-24T10:45:08,763.69,2026-08-24,P,762.0,0.36,0.37,564.0,967.0,0.36,0.1286,-0.2452,0.1246,-0.3678,0.0626,0.0,204755.0,3574.0
2026-08-24 11:00:55,2026-08-24T10:45:08,763.69,2026-08-24,C,763.0,1.33,1.34,229.0,100.0,1.34,0.1207,0.6233,0.1615,-0.6162,0.0746,0.0,131112.0,1198.0
2026-08-24 11:00:55,2026-08-24T10:45:08,763.69,2026-08-24,P,763.0,0.62,0.63,79.0,825.0,0.62,0.1201,-0.3767,0.1615,-0.6162,0.0746,0.0,257082.0,6044.0
2026-08-24 11:00:55,2026-08-24T10:45:08,763.69,2026-08-24,C,764.0,0.75,0.76,785.0,350.0,0.76,0.1141,0.4534,0.1774,-0.7653,0.0776,0.0,182544.0,1820.0
2026-08-24 11:00:55,2026-08-24T10:45:08,763.69,2026-08-24,P,764.0,1.04,1.05,523.0,179.0,1.04,0.1148,-0.5466,0.1774,-0.7653,0.0776,0.0,84312.0,6864.0
2026-08-24 11:00:55,2026-08-24T10:45:08,763.69,2026-08-24,C,765.0,0.37,0.38,815.0,832.0,0.38,0.1121,0.2818,0.1546,-0.3818,0.067,0.0,139279.0,6424.0
2026-08-24 11:00:55,2026-08-24T10:45:08,763.69,2026-08-24,P,765.0,1.65,1.68,86.0,292.0,1.69,0.1121,-0.7182,0.1546,-0.3818,0.067,0.0,38308.0,19244.0
2026-08-24 11:00:55,2026-08-24T10:45:08,763.69,2026-08-24,C,766.0,0.17,0.18,736.0,1429.0,0.17,0.1127,0.1553,0.1071,-0.1805,0.0487,0.0,94621.0,8787.0
2026-08-24 11:00:55,2026-08-24T10:45:08,763.69,2026-08-24,P,766.0,2.45,2.48,100.0,102.0,2.43,0.1127,-0.8447,0.1071,-0.1805,0.0487,0.0,10759.0,11396.0
2026-08-24 11:00:55,2026-08-24T10:45:08,763.69,2026-08-24,C,767.0,0.08,0.09,1229.0,3153.0,0.08,0.1189,0.0861,0.0659,-0.094,0.033,0.0,66880.0,5623.0
2026-08-24 11:00:55,2026-08-24T10:45:08,763.69,2026-08-24,P,767.0,3.36,3.39,53.0,36.0,3.39,0.1172,-0.9139,0.0659,-0.094,0.033,0.0,2793.0,4337.0
2026-08-24 11:00:55,2026-08-24T10:45:08,763.69,2026-08-24,C,768.0,0.04,0.05,3111.0,3249.0,0.05,0.1279,0.0523,0.0407,-0.0575,0.023,0.0,33476.0,6707.0
2026-08-24 11:00:55,2026-08-24T10:45:08,763.69,2026-08-24,P,768.0,4.25,4.43,72.0,69.0,4.33,0.1417,-0.9474,0.041,-0.0577,0.023,0.0,1022.0,2423.0
2026-08-24 11:00:55,2026-08-24T10:45:08,763.69,2026-08-24,C,769.0,0.02,0.03,3960.0,3000.0,0.03,0.1371,0.0344,0.0264,-0.0388,0.0166,0.0,11778.0,4943.0
2026-08-24 11:00:55,2026-08-24T10:45:08,763.69,2026-08-24,P,769.0,5.23,5.39,54.0,60.0,5.51,0.1513,-0.9655,0.0265,-0.0389,0.0166,0.0,446.0,3299.0
2026-08-24 11:00:55,2026-08-24T10:45:08,763.69,2026-08-24,C,770.0,0.02,0.03,2533.0,3500.0,0.03,0.1583,0.0233,0.0176,-0.0269,0.0121,0.0,15981.0,11088.0
2026-08-24 11:00:55,2026-08-24T10:45:08,763.69,2026-08-24,P,770.0,6.3,6.42,5.0,59.0,6.49,0.1808,-0.9767,0.0176,-0.0269,0.0121,0.0,914.0,3062.0
2026-08-24 11:00:55,2026-08-24T10:45:08,763.69,2026-08-24,C,771.0,0.01,0.02,3158.0,3365.0,0.02,0.1672,0.0156,0.0116,-0.0183,0.0087,0.0,3847.0,4378.0
2026-08-24 11:00:55,2026-08-24T10:45:08,763.69,2026-08-24,P,771.0,7.27,7.43,66.0,134.0,7.45,0.204,-0.9842,0.0118,-0.0187,0.0088,0.0,234.0,1479.0
2026-08-24 11:00:55,2026-08-24T10:45:08,763.69,2026-08-24,C,772.0,0.01,0.02,3149.0,3210.0,0.02,0.1868,0.0107,0.0079,-0.0127,0.0063,0.0,7484.0,17015.0
2026-08-24 11:00:55,2026-08-24T10:45:08,763.69,2026-08-24,P,772.0,8.21,8.42,100.0,81.0,7.98,0.223,-0.9891,0.008,-0.013,0.0064,0.0,228.0,1353.0
2026-08-24 11:00:55,2026-08-24T10:45:08,763.69,2026-08-24,C,773.0,0.01,0.02,2366.0,2834.0,0.01,0.2062,0.0074,0.0054,-0.0089,0.0046,0.0,2655.0,6476.0
2026-08-24 11:00:55,2026-08-24T10:45:08,763.69,2026-08-24,P,773.0,9.21,9.45,100.0,120.0,9.34,0.2563,-0.9925,0.0055,-0.0091,0.0046,0.0,150.0,348.0
2026-08-24 11:00:55,2026-08-24T10:45:08,763.69,2026-08-24,C,774.0,0.01,0.02,1665.0,3368.0,0.01,0.2252,0.0051,0.0037,-0.0062,0.0033,0.0,1927.0,3840.0
2026-08-24 11:00:55,2026-08-24T10:45:08,763.69,2026-08-24,P,774.0,10.21,10.42,100.0,100.0,10.25,0.2669,-0.9948,0.0038,-0.0064,0.0034,0.0,98.0,46.0
2026-08-24 11:00:55,2026-08-24T10:45:08,763.69,2026-08-24,C,775.0,0.01,0.02,1609.0,3644.0,0.01,0.2441,0.0036,0.0026,-0.0044,0.0024,0.0,3636.0,5611.0
2026-08-24 11:00:55,2026-08-24T10:45:08,763.69,2026-08-24,P,775.0,11.21,11.42,100.0,100.0,11.29,0.2884,-0.9964,0.0026,-0.0045,0.0025,0.0,60.0,13.0
2026-08-24 11:00:55,2026-08-24T10:45:08,763.69,2026-08-24,C,776.0,0.0,0.01,0.0,4550.0,0.02,0.2326,0.0025,0.0018,-0.0031,0.0018,0.0,5170.0,6136.0
2026-08-24 11:00:55,2026-08-24T10:45:08,763.69,2026-08-24,P,776.0,12.21,12.42,100.0,101.0,12.81,0.3097,-0.9974,0.0018,-0.0031,0.0018,0.0,71.0,28.0
2026-08-24 11:00:55,2026-08-24T10:45:08,763.69,2026-08-24,C,777.0,0.0,0.01,0.0,2338.0,0.01,0.2494,0.0018,0.0012,-0.0022,0.0013,0.0,3167.0,3531.0
2026-08-24 11:00:55,2026-08-24T10:45:08,763.69,2026-08-24,P,777.0,13.21,13.41,100.0,100.0,13.24,0.3255,-0.9982,0.0013,-0.0022,0.0013,0.0,47.0,30.0
2026-08-24 11:00:55,2026-08-24T10:45:08,763.69,2026-08-24,C,778.0,0.0,0.01,0.0,2187.0,0.01,0.2661,0.0012,0.0009,-0.0015,0.0009,0.0,190.0,1814.0
2026-08-24 11:00:55,2026-08-24T10:45:08,763.69,2026-08-24,P,778.0,14.2,14.41,100.0,100.0,14.23,0.3402,-0.9987,0.0009,-0.0016,0.001,0.0,29.0,6.0
2026-08-24 11:00:55,2026-08-24T10:45:08,763.69,2026-08-24,C,779.0,0.0,0.01,0.0,2193.0,0.01,0.2826,0.0009,0.0006,-0.0011,0.0007,0.0,16.0,1475.0
2026-08-24 11:00:55,2026-08-24T10:45:08,763.69,2026-08-24,P,779.0,15.2,15.42,100.0,100.0,16.46,0.3665,-0.9991,0.0006,-0.0011,0.0007,0.0,59.0,27.0
2026-08-24 11:00:55,2026-08-24T10:45:08,763.69,2026-08-24,C,780.0,0.0,0.01,0.0,2188.0,0.01,0.299,0.0006,0.0004,-0.0008,0.0005,0.0,48.0,7079.0
2026-08-24 11:00:55,2026-08-24T10:45:08,763.69,2026-08-24,P,780.0,16.2,16.45,100.0,100.0,16.23,0.4034,-0.9994,0.0004,-0.0008,0.0005,0.0,42.0,1.0
2026-08-24 11:00:55,2026-08-24T10:45:08,763.69,2026-08-24,C,781.0,0.0,0.01,0.0,2187.0,0.01,0.3154,0.0005,0.0003,-0.0006,0.0004,0.0,42.0,2996.0
2026-08-24 11:00:55,2026-08-24T10:45:08,763.69,2026-08-24,P,781.0,17.2,17.42,100.0,100.0,17.72,0.4067,-0.9995,0.0003,-0.0006,0.0004,0.0,6.0,0.0
2026-08-24 11:00:55,2026-08-24T10:45:08,763.69,2026-08-24,C,782.0,0.0,0.01,0.0,2528.0,0.01,0.3316,0.0003,0.0002,-0.0004,0.0003,0.0,8.0,1792.0
2026-08-24 11:00:55,2026-08-24T10:45:08,763.69,2026-08-24,P,782.0,18.2,18.45,100.0,100.0,18.45,0.4446,-0.9997,0.0002,-0.0004,0.0003,0.0,16.0,1.0
2026-08-24 11:00:55,2026-08-24T10:45:08,763.69,2026-08-24,C,783.0,0.0,0.01,0.0,2972.0,0.01,0.3478,0.0002,0.0002,-0.0003,0.0002,0.0,135.0,751.0
2026-08-24 11:00:55,2026-08-24T10:45:08,763.69,2026-08-24,P,783.0,19.2,19.42,100.0,100.0,20.46,0.4464,-0.9998,0.0002,-0.0003,0.0002,0.0,111.0,0.0
2026-08-24 11:00:55,2026-08-24T10:45:08,763.69,2026-08-24,C,784.0,0.0,0.01,0.0,2134.0,0.01,0.3638,0.0002,0.0001,-0.0002,0.0001,0.0,54.0,807.0
2026-08-24 11:00:55,2026-08-24T10:45:08,763.69,2026-08-24,P,784.0,20.2,20.42,100.0,100.0,21.08,0.466,-0.9998,0.0001,-0.0002,0.0001,0.0,54.0,1.0
2026-08-24 11:00:55,2026-08-24T10:45:08,763.69,2026-08-24,C,785.0,0.0,0.01,0.0,2253.0,0.01,0.3798,0.0001,0.0001,-0.0002,0.0001,0.0,178.0,1778.0
2026-08-24 11:00:55,2026-08-24T10:45:08,763.69,2026-08-24,P,785.0,21.2,21.42,100.0,100.0,22.19,0.4854,-0.9999,0.0001,-0.0002,0.0001,0.0,7.0,1.0
2026-08-24 11:00:55,2026-08-24T10:45:08,763.69,2026-08-24,C,786.0,0.0,0.01,0.0,2253.0,0.01,0.3957,0.0001,0.0001,-0.0001,0.0001,0.0,18.0,512.0
2026-08-24 11:00:55,2026-08-24T10:45:08,763.69,2026-08-24,P,786.0,22.2,22.41,100.0,100.0,22.72,0.497,-0.9999,0.0001,-0.0001,0.0001,0.0,6.0,0.0
2026-08-24 11:00:55,2026-08-24T10:45:08,763.69,2026-08-24,C,787.0,0.0,0.01,0.0,2253.0,0.01,0.4115,0.0001,0.0,-0.0001,0.0001,0.0,1.0,1566.0
2026-08-24 11:00:55,2026-08-24T10:45:08,763.69,2026-08-24,P,787.0,23.2,23.4,47.0,47.0,24.03,0.5072,-0.9999,0.0,-0.0001,0.0001,0.0,21.0,0.0
2026-08-24 11:00:55,2026-08-24T10:45:08,763.69,2026-08-24,C,788.0,0.0,0.01,0.0,2258.0,0.01,0.4273,0.0,0.0,-0.0001,0.0,0.0,3.0,772.0
2026-08-24 11:00:55,2026-08-24T10:45:08,763.69,2026-08-24,P,788.0,24.2,24.42,47.0,47.0,24.71,0.5432,-1.0,0.0,-0.0001,0.0,0.0,12.0,0.0
2026-08-24 11:00:55,2026-08-24T10:45:08,763.69,2026-08-24,C,789.0,0.0,0.01,0.0,2254.0,0.01,0.443,0.0,0.0,0.0,0.0,0.0,6.0,649.0
2026-08-24 11:00:55,2026-08-24T10:45:08,763.69,2026-08-24,P,789.0,25.2,25.42,47.0,47.0,25.72,0.5622,-1.0,0.0,0.0,0.0,0.0,6.0,0.0
2026-08-24 11:00:55,2026-08-24T10:45:08,763.69,2026-08-24,C,790.0,0.0,0.01,0.0,4092.0,0.01,0.4586,0.0,0.0,0.0,0.0,0.0,2.0,1116.0
2026-08-24 11:00:55,2026-08-24T10:45:08,763.69,2026-08-24,P,790.0,26.2,26.42,47.0,47.0,26.72,0.5812,-1.0,0.0,0.0,0.0,0.0,6.0,0.0
2026-08-24 11:00:55,2026-08-24T10:45:08,763.69,2026-08-24,C,791.0,0.0,0.01,0.0,2254.0,0.01,0.4741,0.0,0.0,0.0,0.0,0.0,0.0,463.0
2026-08-24 11:00:55,2026-08-24T10:45:08,763.69,2026-08-24,P,791.0,27.2,27.4,46.0,46.0,27.69,0.5813,-1.0,0.0,0.0,0.0,0.0,4.0,0.0
2026-08-24 11:00:55,2026-08-24T10:45:08,763.69,2026-08-24,C,792.0,0.0,0.01,0.0,2254.0,0.01,0.4896,0.0,0.0,0.0,0.0,0.0,0.0,329.0
2026-08-24 11:00:55,2026-08-24T10:45:08,763.69,2026-08-24,P,792.0,28.2,28.41,15.0,15.0,28.7,0.6096,-1.0,0.0,0.0,0.0,0.0,4.0,0.0
2026-08-24 11:00:55,2026-08-24T10:45:08,763.69,2026-08-24,C,793.0,0.0,0.01,0.0,5545.0,0.01,0.505,0.0,0.0,0.0,0.0,0.0,150.0,759.0
2026-08-24 11:00:55,2026-08-24T10:45:08,763.69,2026-08-24,P,793.0,29.2,29.42,15.0,15.0,29.89,0.6374,-1.0,0.0,0.0,0.0,0.0,10.0,0.0
2026-08-24 11:00:55,2026-08-24T10:45:08,763.69,2026-08-24,C,794.0,0.0,0.01,0.0,2254.0,0.01,0.5204,0.0,0.0,0.0,0.0,0.0,0.0,727.0
2026-08-24 11:00:55,2026-08-24T10:45:08,763.69,2026-08-24,P,794.0,30.17,30.4,15.0,15.0,30.69,0.5548,-1.0,0.0,0.0,0.0,0.0,4.0,0.0
2026-08-24 11:00:55,2026-08-24T10:45:08,763.69,2026-08-24,C,795.0,0.0,0.01,0.0,6206.0,0.01,0.5357,0.0,0.0,0.0,0.0,0.0,80.0,479.0
2026-08-24 11:00:55,2026-08-24T10:45:08,763.69,2026-08-24,P,795.0,30.73,31.46,2.0,2.0,31.7,0.0,-1.0,0.0,0.0,0.0,0.0,6.0,0.0
2026-08-24 11:00:55,2026-08-24T10:45:08,763.69,2026-08-24,C,796.0,0.0,0.01,0.0,2254.0,0.01,0.5509,0.0,0.0,0.0,0.0,0.0,0.0,179.0
2026-08-24 11:00:55,2026-08-24T10:45:08,763.69,2026-08-24,P,796.0,32.13,32.45,2.0,1.0,32.67,0.0,-1.0,0.0,0.0,0.0,0.0,6.0,0.0
2026-08-24 11:00:55,2026-08-24T10:45:08,763.69,2026-08-24,C,797.0,0.0,0.01,0.0,2254.0,0.01,0.5661,0.0,0.0,0.0,0.0,0.0,0.0,122.0
2026-08-24 11:00:55,2026-08-24T10:45:08,763.69,2026-08-24,P,797.0,32.63,33.47,2.0,2.0,33.72,0.0,-1.0,0.0,0.0,0.0,0.0,6.0,0.0
2026-08-24 11:00:55,2026-08-24T10:45:08,763.69,2026-08-24,C,798.0,0.0,0.01,0.0,2254.0,0.05,0.5812,0.0,0.0,0.0,0.0,0.0,2.0,563.0
2026-08-24 11:00:55,2026-08-24T10:45:08,763.69,2026-08-24,P,798.0,34.16,34.63,2.0,1.0,35.64,1.0618,-1.0,0.0,0.0,0.0,0.0,2.0,0.0
2026-08-24 11:00:55,2026-08-24T10:45:08,763.69,2026-08-24,C,799.0,0.0,0.01,0.0,2254.0,0.01,0.5963,0.0,0.0,0.0,0.0,0.0,80.0,448.0
2026-08-24 11:00:55,2026-08-24T10:45:08,763.69,2026-08-24,P,799.0,34.65,35.47,2.0,1.0,36.62,0.0,-1.0,0.0,0.0,0.0,0.0,2.0,0.0
2026-08-24 11:00:55,2026-08-24T10:45:08,763.69,2026-08-24,C,800.0,0.0,0.01,0.0,6297.0,0.01,0.6114,0.0,0.0,0.0,0.0,0.0,0.0,1221.0
2026-08-24 11:00:55,2026-08-24T10:45:08,763.69,2026-08-24,P,800.0,36.15,36.51,2.0,1.0,37.64,0.8508,-1.0,0.0,0.0,0.0,0.0,2.0,1.0
2026-08-24 11:00:55,2026-08-24T10:45:08,763.69,2026-08-24,C,801.0,0.0,0.01,0.0,2254.0,0.01,0.6264,0.0,0.0,0.0,0.0,0.0,0.0,298.0
2026-08-24 11:00:55,2026-08-24T10:45:08,763.69,2026-08-24,P,801.0,36.63,37.45,2.0,1.0,38.62,0.0,-1.0,0.0,0.0,0.0,0.0,2.0,0.0
2026-08-24 11:06:03,2026-08-24T10:50:08,763.9,2026-08-24,C,726.0,37.77,37.96,45.0,45.0,39.64,0.0,0.9955,0.0009,-0.0204,0.0026,0.0,0.0,2.0
2026-08-24 11:06:03,2026-08-24T10:50:08,763.9,2026-08-24,P,726.0,0.0,0.01,0.0,3228.0,0.02,0.6728,-0.0045,0.0009,-0.0204,0.0026,0.0,0.0,49.0
2026-08-24 11:06:03,2026-08-24T10:50:08,763.9,2026-08-24,C,727.0,36.77,36.96,45.0,45.0,38.65,0.0,0.9954,0.0009,-0.0205,0.0027,0.0,0.0,2.0
2026-08-24 11:06:03,2026-08-24T10:50:08,763.9,2026-08-24,P,727.0,0.0,0.01,0.0,3229.0,0.01,0.6561,-0.0046,0.0009,-0.0205,0.0027,0.0,0.0,142.0
2026-08-24 11:06:03,2026-08-24T10:50:08,763.9,2026-08-24,C,728.0,35.77,35.96,45.0,45.0,34.81,0.0,0.9953,0.001,-0.0206,0.0027,0.0,3.0,0.0
2026-08-24 11:06:03,2026-08-24T10:50:08,763.9,2026-08-24,P,728.0,0.0,0.01,0.0,3229.0,0.01,0.6394,-0.0047,0.001,-0.0206,0.0027,0.0,0.0,2120.0
2026-08-24 11:06:03,2026-08-24T10:50:08,763.9,2026-08-24,C,729.0,34.73,34.96,45.0,45.0,33.86,0.0,0.9951,0.001,-0.0207,0.0028,0.0,3.0,0.0
2026-08-24 11:06:03,2026-08-24T10:50:08,763.9,2026-08-24,P,729.0,0.0,0.01,0.0,3229.0,0.01,0.6226,-0.0049,0.001,-0.0207,0.0028,0.0,8.0,249.0
2026-08-24 11:06:03,2026-08-24T10:50:08,763.9,2026-08-24,C,730.0,33.77,33.96,45.0,45.0,32.47,0.0,0.995,0.0011,-0.0208,0.0029,0.0,1.0,61.0
2026-08-24 11:06:03,2026-08-24T10:50:08,763.9,2026-08-24,P,730.0,0.0,0.01,0.0,3229.0,0.02,0.6059,-0.005,0.0011,-0.0208,0.0029,0.0,0.0,2337.0
2026-08-24 11:06:03,2026-08-24T10:50:08,763.9,2026-08-24,C,731.0,32.76,32.96,45.0,45.0,31.52,0.0,0.9948,0.0011,-0.0208,0.003,0.0,1.0,0.0
2026-08-24 11:06:03,2026-08-24T10:50:08,763.9,2026-08-24,P,731.0,0.0,0.01,0.0,3109.0,0.02,0.5892,-0.0052,0.0011,-0.0208,0.003,0.0,0.0,1383.0
2026-08-24 11:06:03,2026-08-24T10:50:08,763.9,2026-08-24,C,732.0,31.77,31.96,45.0,45.0,0.0,0.0,0.9947,0.0012,-0.0209,0.0031,0.0,0.0,0.0
2026-08-24 11:06:03,2026-08-24T10:50:08,763.9,2026-08-24,P,732.0,0.0,0.01,0.0,3109.0,0.01,0.5724,-0.0053,0.0012,-0.0209,0.0031,0.0,15.0,958.0
2026-08-24 11:06:03,2026-08-24T10:50:08,763.9,2026-08-24,C,733.0,30.77,30.96,45.0,45.0,33.82,0.0,0.9945,0.0013,-0.021,0.0031,0.0,0.0,1.0
2026-08-24 11:06:03,2026-08-24T10:50:08,763.9,2026-08-24,P,733.0,0.0,0.01,0.0,3108.0,0.01,0.5557,-0.0055,0.0013,-0.021,0.0031,0.0,1.0,281.0
2026-08-24 11:06:03,2026-08-24T10:50:08,763.9,2026-08-24,C,734.0,29.77,29.96,45.0,45.0,28.29,0.0,0.9944,0.0013,-0.0211,0.0032,0.0,1.0,0.0
2026-08-24 11:06:03,2026-08-24T10:50:08,763.9,2026-08-24,P,734.0,0.0,0.01,0.0,3109.0,0.01,0.5389,-0.0056,0.0013,-0.0211,0.0032,0.0,15.0,426.0
2026-08-24 11:06:03,2026-08-24T10:50:08,763.9,2026-08-24,C,735.0,28.77,28.96,45.0,45.0,28.9,0.0,0.9942,0.0014,-0.0212,0.0033,0.0,5.0,7.0
2026-08-24 11:06:03,2026-08-24T10:50:08,763.9,2026-08-24,P,735.0,0.0,0.01,0.0,3109.0,0.01,0.5221,-0.0058,0.0014,-0.0212,0.0033,0.0,5276.0,8066.0
2026-08-24 11:06:03,2026-08-24T10:50:08,763.9,2026-08-24,C,736.0,27.77,27.96,45.0,45.0,26.3,0.0,0.994,0.0015,-0.0213,0.0034,0.0,1.0,0.0
2026-08-24 11:06:03,2026-08-24T10:50:08,763.9,2026-08-24,P,736.0,0.0,0.01,0.0,3164.0,0.01,0.5052,-0.006,0.0015,-0.0213,0.0034,0.0,942.0,7980.0
2026-08-24 11:06:03,2026-08-24T10:50:08,763.9,2026-08-24,C,737.0,26.78,26.96,45.0,45.0,25.35,0.0,0.9938,0.0016,-0.0214,0.0035,0.0,1.0,6.0
2026-08-24 11:06:03,2026-08-24T10:50:08,763.9,2026-08-24,P,737.0,0.0,0.01,0.0,3164.0,0.01,0.4884,-0.0062,0.0016,-0.0214,0.0035,0.0,2.0,1766.0
2026-08-24 11:06:03,2026-08-24T10:50:08,763.9,2026-08-24,C,738.0,25.77,25.96,45.0,45.0,25.56,0.0,0.9936,0.0017,-0.0215,0.0036,0.0,3.0,4.0
2026-08-24 11:06:03,2026-08-24T10:50:08,763.9,2026-08-24,P,738.0,0.0,0.01,0.0,3163.0,0.01,0.4715,-0.0064,0.0017,-0.0215,0.0036,0.0,253.0,3291.0
2026-08-24 11:06:03,2026-08-24T10:50:08,763.9,2026-08-24,C,739.0,24.74,24.96,45.0,45.0,23.58,0.0,0.9934,0.0018,-0.0216,0.0038,0.0,2.0,11.0
2026-08-24 11:06:03,2026-08-24T10:50:08,763.9,2026-08-24,P,739.0,0.0,0.01,0.0,3365.0,0.01,0.4546,-0.0066,0.0018,-0.0216,0.0038,0.0,3142.0,756.0
2026-08-24 11:06:03,2026-08-24T10:50:08,763.9,2026-08-24,C,740.0,23.73,23.96,46.0,45.0,23.16,0.0,0.9931,0.0019,-0.0217,0.0039,0.0,4.0,13.0
2026-08-24 11:06:03,2026-08-24T10:50:08,763.9,2026-08-24,P,740.0,0.0,0.01,0.0,3313.0,0.01,0.4377,-0.0069,0.0019,-0.0217,0.0039,0.0,2258.0,1476.0
2026-08-24 11:06:03,2026-08-24T10:50:08,763.9,2026-08-24,C,741.0,22.78,22.96,141.0,151.0,21.75,0.0,0.9928,0.0021,-0.0218,0.004,0.0,27.0,2.0
2026-08-24 11:06:03,2026-08-24T10:50:08,763.9,2026-08-24,P,741.0,0.0,0.01,0.0,3206.0,0.01,0.4208,-0.0072,0.0021,-0.0218,0.004,0.0,1208.0,1692.0
2026-08-24 11:06:03,2026-08-24T10:50:08,763.9,2026-08-24,C,742.0,21.78,21.96,142.0,150.0,20.75,0.0,0.9926,0.0022,-0.0219,0.0042,0.0,26.0,13.0
2026-08-24 11:06:03,2026-08-24T10:50:08,763.9,2026-08-24,P,742.0,0.01,0.02,2056.0,4237.0,0.01,0.4512,-0.0074,0.0022,-0.0219,0.0042,0.0,701.0,744.0
2026-08-24 11:06:03,2026-08-24T10:50:08,763.9,2026-08-24,C,743.0,20.77,20.96,179.0,179.0,20.54,0.0,0.9922,0.0024,-0.022,0.0044,0.0,24.0,12.0
2026-08-24 11:06:03,2026-08-24T10:50:08,763.9,2026-08-24,P,743.0,0.01,0.02,2056.0,4183.0,0.02,0.4325,-0.0078,0.0024,-0.022,0.0044,0.0,862.0,624.0
2026-08-24 11:06:03,2026-08-24T10:50:08,763.9,2026-08-24,C,744.0,19.77,19.96,184.0,142.0,19.12,0.0,0.9919,0.0026,-0.022,0.0045,0.0,31.0,6.0
2026-08-24 11:06:03,2026-08-24T10:50:08,763.9,2026-08-24,P,744.0,0.01,0.02,2056.0,3947.0,0.01,0.4138,-0.0081,0.0026,-0.022,0.0045,0.0,175.0,1252.0
2026-08-24 11:06:03,2026-08-24T10:50:08,763.9,2026-08-24,C,745.0,18.77,18.96,183.0,195.0,17.84,0.0,0.9915,0.0029,-0.0221,0.0047,0.0,26.0,72.0
2026-08-24 11:06:03,2026-08-24T10:50:08,763.9,2026-08-24,P,745.0,0.01,0.02,2056.0,3972.0,0.02,0.395,-0.0085,0.0029,-0.0221,0.0047,0.0,219.0,1460.0
2026-08-24 11:06:03,2026-08-24T10:50:08,763.9,2026-08-24,C,746.0,17.77,17.96,198.0,198.0,17.8,0.0,0.9911,0.0031,-0.0222,0.0049,0.0,14.0,11.0
2026-08-24 11:06:03,2026-08-24T10:50:08,763.9,2026-08-24,P,746.0,0.01,0.02,2163.0,3927.0,0.01,0.3762,-0.0089,0.0031,-0.0222,0.0049,0.0,454.0,497.0
2026-08-24 11:06:03,2026-08-24T10:50:08,763.9,2026-08-24,C,747.0,16.78,16.96,200.0,159.0,16.46,0.0,0.9907,0.0034,-0.0223,0.0052,0.0,14.0,24.0
2026-08-24 11:06:03,2026-08-24T10:50:08,763.9,2026-08-24,P,747.0,0.01,0.02,2688.0,2897.0,0.02,0.3573,-0.0093,0.0034,-0.0223,0.0052,0.0,175.0,1909.0
2026-08-24 11:06:03,2026-08-24T10:50:08,763.9,2026-08-24,C,748.0,15.78,15.96,185.0,185.0,14.68,0.0,0.9902,0.0038,-0.0224,0.0054,0.0,37.0,24.0
2026-08-24 11:06:03,2026-08-24T10:50:08,763.9,2026-08-24,P,748.0,0.01,0.02,2684.0,2894.0,0.01,0.3383,-0.0098,0.0038,-0.0224,0.0054,0.0,1851.0,1955.0
2026-08-24 11:06:03,2026-08-24T10:50:08,763.9,2026-08-24,C,749.0,14.79,14.96,200.0,99.0,13.77,0.0,0.9896,0.0042,-0.0225,0.0057,0.0,9.0,78.0
2026-08-24 11:06:03,2026-08-24T10:50:08,763.9,2026-08-24,P,749.0,0.01,0.02,2682.0,3462.0,0.01,0.3192,-0.0104,0.0042,-0.0225,0.0057,0.0,4633.0,2418.0
2026-08-24 11:06:03,2026-08-24T10:50:08,763.9,2026-08-24,C,750.0,13.77,13.97,199.0,199.0,13.73,0.0,0.989,0.0047,-0.0226,0.006,0.0,71.0,79.0
2026-08-24 11:06:03,2026-08-24T10:50:08,763.9,2026-08-24,P,750.0,0.01,0.02,2683.0,2832.0,0.01,0.3001,-0.011,0.0047,-0.0226,0.006,0.0,2000.0,10698.0
2026-08-24 11:06:03,2026-08-24T10:50:08,763.9,2026-08-24,C,751.0,12.79,12.97,200.0,200.0,11.93,0.0,0.9883,0.0053,-0.0228,0.0064,0.0,7.0,59.0
2026-08-24 11:06:03,2026-08-24T10:50:08,763.9,2026-08-24,P,751.0,0.01,0.02,3324.0,2856.0,0.02,0.2808,-0.0117,0.0053,-0.0228,0.0064,0.0,1243.0,1189.0
2026-08-24 11:06:03,2026-08-24T10:50:08,763.9,2026-08-24,C,752.0,11.79,11.97,200.0,115.0,11.54,0.0,0.9875,0.006,-0.0229,0.0068,0.0,301.0,59.0
2026-08-24 11:06:03,2026-08-24T10:50:08,763.9,2026-08-24,P,752.0,0.02,0.03,1095.0,3942.0,0.01,0.2788,-0.0125,0.0061,-0.0229,0.0068,0.0,3222.0,1738.0
2026-08-24 11:06:03,2026-08-24T10:50:08,763.9,2026-08-24,C,753.0,10.75,10.97,200.0,115.0,10.58,0.0,0.9865,0.007,-0.0231,0.0073,0.0,74.0,105.0
2026-08-24 11:06:03,2026-08-24T10:50:08,763.9,2026-08-24,P,753.0,0.02,0.03,1481.0,4180.0,0.02,0.2582,-0.0135,0.007,-0.0231,0.0073,0.0,6753.0,3707.0
2026-08-24 11:06:03,2026-08-24T10:50:08,763.9,2026-08-24,C,754.0,9.8,9.97,76.0,138.0,9.89,0.0,0.9852,0.0082,-0.0236,0.008,0.0,373.0,90.0
2026-08-24 11:06:03,2026-08-24T10:50:08,763.9,2026-08-24,P,754.0,0.02,0.03,2932.0,3705.0,0.03,0.2375,-0.0148,0.0082,-0.0237,0.008,0.0,2680.0,3882.0
2026-08-24 11:06:03,2026-08-24T10:50:08,763.9,2026-08-24,C,755.0,8.8,8.98,79.0,83.0,8.55,0.0,0.9834,0.0098,-0.0246,0.0088,0.0,401.0,182.0
2026-08-24 11:06:03,2026-08-24T10:50:08,763.9,2026-08-24,P,755.0,0.02,0.03,2573.0,2879.0,0.03,0.2166,-0.0167,0.0099,-0.0249,0.0089,0.0,16448.0,7567.0
2026-08-24 11:06:03,2026-08-24T10:50:08,763.9,2026-08-24,C,756.0,7.8,7.98,79.0,66.0,7.49,0.0,0.9804,0.0123,-0.0272,0.0102,0.0,149.0,111.0
2026-08-24 11:06:03,2026-08-24T10:50:08,763.9,2026-08-24,P,756.0,0.03,0.04,2348.0,3572.0,0.03,0.2057,-0.0199,0.0125,-0.0277,0.0103,0.0,22642.0,7665.0
2026-08-24 11:06:03,2026-08-24T10:50:08,763.9,2026-08-24,C,757.0,6.81,6.97,66.0,66.0,6.82,0.1416,0.9749,0.0166,-0.0333,0.0126,0.0,860.0,186.0
2026-08-24 11:06:03,2026-08-24T10:50:08,763.9,2026-08-24,P,757.0,0.04,0.05,2509.0,4235.0,0.05,0.1918,-0.0251,0.0166,-0.0333,0.0126,0.0,34986.0,4394.0
2026-08-24 11:06:03,2026-08-24T10:50:08,763.9,2026-08-24,C,758.0,5.81,5.97,72.0,65.0,5.86,0.0,0.9642,0.0239,-0.0464,0.0167,0.0,558.0,149.0
2026-08-24 11:06:03,2026-08-24T10:50:08,763.9,2026-08-24,P,758.0,0.05,0.06,2531.0,2463.0,0.06,0.1747,-0.0358,0.0239,-0.0464,0.0167,0.0,39853.0,3941.0
2026-08-24 11:06:03,2026-08-24T10:50:08,763.9,2026-08-24,C,759.0,4.86,5.03,72.0,72.0,4.96,0.1475,0.9448,0.0362,-0.072,0.0234,0.0,1552.0,194.0
2026-08-24 11:06:03,2026-08-24T10:50:08,763.9,2026-08-24,P,759.0,0.07,0.08,1531.0,1006.0,0.08,0.16,-0.0552,0.0362,-0.072,0.0234,0.0,43232.0,3264.0
2026-08-24 11:06:03,2026-08-24T10:50:08,763.9,2026-08-24,C,760.0,3.99,4.02,37.0,52.0,3.99,0.1497,0.9119,0.0553,-0.1175,0.0329,0.0,4503.0,370.0
2026-08-24 11:06:03,2026-08-24T10:50:08,763.9,2026-08-24,P,760.0,0.11,0.12,1723.0,1562.0,0.12,0.1481,-0.0881,0.0553,-0.1175,0.0329,0.0,112104.0,10050.0
2026-08-24 11:06:03,2026-08-24T10:50:08,763.9,2026-08-24,C,761.0,3.06,3.09,79.0,88.0,3.08,0.138,0.8597,0.0828,-0.1928,0.0451,0.0,8374.0,318.0
2026-08-24 11:06:03,2026-08-24T10:50:08,763.9,2026-08-24,P,761.0,0.18,0.19,517.0,1026.0,0.18,0.1368,-0.1403,0.0828,-0.1928,0.0451,0.0,119003.0,4492.0
2026-08-24 11:06:03,2026-08-24T10:50:08,763.9,2026-08-24,C,762.0,2.19,2.21,78.0,26.0,2.22,0.1274,0.7776,0.1197,-0.3194,0.0592,0.0,37490.0,936.0
2026-08-24 11:06:03,2026-08-24T10:50:08,763.9,2026-08-24,P,762.0,0.31,0.32,512.0,1304.0,0.31,0.1274,-0.2224,0.1197,-0.3194,0.0592,0.0,209763.0,3574.0
2026-08-24 11:06:03,2026-08-24T10:50:08,763.9,2026-08-24,C,763.0,1.42,1.44,356.0,184.0,1.43,0.1186,0.6513,0.16,-0.5433,0.0723,0.0,135023.0,1198.0
2026-08-24 11:06:03,2026-08-24T10:50:08,763.9,2026-08-24,P,763.0,0.54,0.55,349.0,370.0,0.55,0.1179,-0.3487,0.16,-0.5433,0.0723,0.0,268633.0,6044.0
2026-08-24 11:06:03,2026-08-24T10:50:08,763.9,2026-08-24,C,764.0,0.82,0.83,327.0,276.0,0.83,0.1144,0.4815,0.1817,-0.8242,0.0774,0.0,202220.0,1820.0
2026-08-24 11:06:03,2026-08-24T10:50:08,763.9,2026-08-24,P,764.0,0.93,0.94,364.0,44.0,0.95,0.1137,-0.5185,0.1817,-0.8242,0.0774,0.0,90651.0,6864.0
2026-08-24 11:06:03,2026-08-24T10:50:08,763.9,2026-08-24,C,765.0,0.41,0.42,665.0,347.0,0.41,0.1104,0.304,0.163,-0.4157,0.0688,0.0,144927.0,6424.0
2026-08-24 11:06:03,2026-08-24T10:50:08,763.9,2026-08-24,P,765.0,1.52,1.54,60.0,200.0,1.51,0.1119,-0.696,0.163,-0.4157,0.0688,0.0,40101.0,19244.0
2026-08-24 11:06:03,2026-08-24T10:50:08,763.9,2026-08-24,C,766.0,0.19,0.2,1992.0,1148.0,0.2,0.1123,0.1687,0.1151,-0.1966,0.0508,0.0,97193.0,8787.0
2026-08-24 11:06:03,2026-08-24T10:50:08,763.9,2026-08-24,P,766.0,2.29,2.32,104.0,74.0,2.31,0.1113,-0.8313,0.1151,-0.1966,0.0508,0.0,11227.0,11396.0
2026-08-24 11:06:03,2026-08-24T10:50:08,763.9,2026-08-24,C,767.0,0.08,0.09,2779.0,573.0,0.09,0.1153,0.0925,0.071,-0.1003,0.0345,0.0,71405.0,5623.0
2026-08-24 11:06:03,2026-08-24T10:50:08,763.9,2026-08-24,P,767.0,3.19,3.22,48.0,37.0,3.17,0.117,-0.9075,0.071,-0.1003,0.0345,0.0,2842.0,4337.0
2026-08-24 11:06:03,2026-08-24T10:50:08,763.9,2026-08-24,C,768.0,0.04,0.05,3473.0,1427.0,0.05,0.1251,0.055,0.0433,-0.0596,0.0237,0.0,34165.0,6707.0
2026-08-24 11:06:03,2026-08-24T10:50:08,763.9,2026-08-24,P,768.0,4.1,4.28,72.0,189.0,4.15,0.1425,-0.9446,0.0436,-0.0599,0.0238,0.0,1037.0,2423.0
2026-08-24 11:06:03,2026-08-24T10:50:08,763.9,2026-08-24,C,769.0,0.02,0.03,4870.0,1129.0,0.03,0.1347,0.0355,0.0277,-0.0395,0.0169,0.0,11973.0,4943.0
2026-08-24 11:06:03,2026-08-24T10:50:08,763.9,2026-08-24,P,769.0,5.08,5.26,66.0,66.0,5.22,0.1596,-0.9643,0.0279,-0.0396,0.017,0.0,455.0,3299.0
2026-08-24 11:06:03,2026-08-24T10:50:08,763.9,2026-08-24,C,770.0,0.02,0.03,3150.0,3862.0,0.03,0.1564,0.0236,0.0182,-0.0269,0.0122,0.0,16275.0,11088.0
2026-08-24 11:06:03,2026-08-24T10:50:08,763.9,2026-08-24,P,770.0,6.07,6.25,66.0,66.0,6.25,0.1783,-0.9762,0.0183,-0.0269,0.0122,0.0,937.0,3062.0
2026-08-24 11:06:03,2026-08-24T10:50:08,763.9,2026-08-24,C,771.0,0.01,0.02,3166.0,2600.0,0.01,0.1652,0.0159,0.0121,-0.0184,0.0088,0.0,3858.0,4378.0
2026-08-24 11:06:03,2026-08-24T10:50:08,763.9,2026-08-24,P,771.0,7.07,7.25,66.0,66.0,7.45,0.2018,-0.984,0.0121,-0.0185,0.0088,0.0,234.0,1479.0
2026-08-24 11:06:03,2026-08-24T10:50:08,763.9,2026-08-24,C,772.0,0.01,0.02,3093.0,2535.0,0.01,0.185,0.0108,0.0081,-0.0126,0.0063,0.0,7490.0,17015.0
2026-08-24 11:06:03,2026-08-24T10:50:08,763.9,2026-08-24,P,772.0,8.07,8.25,68.0,64.0,8.19,0.2247,-0.9892,0.0081,-0.0127,0.0063,0.0,229.0,1353.0
2026-08-24 11:06:03,2026-08-24T10:50:08,763.9,2026-08-24,C,773.0,0.01,0.02,2833.0,2952.0,0.01,0.2045,0.0074,0.0055,-0.0087,0.0045,0.0,2657.0,6476.0
2026-08-24 11:06:03,2026-08-24T10:50:08,763.9,2026-08-24,P,773.0,9.06,9.24,93.0,81.0,9.34,0.2392,-0.9926,0.0055,-0.0087,0.0046,0.0,150.0,348.0
2026-08-24 11:06:03,2026-08-24T10:50:08,763.9,2026-08-24,C,774.0,0.01,0.02,2188.0,3101.0,0.01,0.2238,0.005,0.0037,-0.006,0.0033,0.0,1934.0,3840.0
2026-08-24 11:06:03,2026-08-24T10:50:08,763.9,2026-08-24,P,774.0,10.06,10.24,200.0,200.0,10.25,0.261,-0.9949,0.0038,-0.006,0.0033,0.0,98.0,46.0
2026-08-24 11:06:03,2026-08-24T10:50:08,763.9,2026-08-24,C,775.0,0.01,0.02,1486.0,4419.0,0.01,0.2428,0.0035,0.0026,-0.0042,0.0024,0.0,3655.0,5611.0
2026-08-24 11:06:03,2026-08-24T10:50:08,763.9,2026-08-24,P,775.0,11.06,11.23,144.0,190.0,11.31,0.2773,-0.9965,0.0026,-0.0042,0.0024,0.0,61.0,13.0
2026-08-24 11:06:03,2026-08-24T10:50:08,763.9,2026-08-24,C,776.0,0.0,0.01,0.0,5551.0,0.01,0.2315,0.0024,0.0018,-0.0029,0.0017,0.0,5193.0,6136.0
2026-08-24 11:06:03,2026-08-24T10:50:08,763.9,2026-08-24,P,776.0,12.06,12.23,183.0,183.0,12.81,0.2982,-0.9976,0.0018,-0.0029,0.0017,0.0,71.0,28.0
2026-08-24 11:06:03,2026-08-24T10:50:08,763.9,2026-08-24,C,777.0,0.0,0.01,0.0,3339.0,0.01,0.2485,0.0017,0.0012,-0.002,0.0012,0.0,3169.0,3531.0
2026-08-24 11:06:03,2026-08-24T10:50:08,763.9,2026-08-24,P,777.0,13.06,13.23,200.0,200.0,13.24,0.3189,-0.9983,0.0012,-0.002,0.0012,0.0,47.0,30.0
2026-08-24 11:06:03,2026-08-24T10:50:08,763.9,2026-08-24,C,778.0,0.0,0.01,0.0,3188.0,0.01,0.2653,0.0012,0.0008,-0.0014,0.0009,0.0,190.0,1814.0
2026-08-24 11:06:03,2026-08-24T10:50:08,763.9,2026-08-24,P,778.0,14.05,14.25,151.0,143.0,14.23,0.3453,-0.9988,0.0008,-0.0014,0.0009,0.0,29.0,6.0
2026-08-24 11:06:03,2026-08-24T10:50:08,763.9,2026-08-24,C,779.0,0.0,0.01,0.0,3194.0,0.01,0.282,0.0008,0.0006,-0.001,0.0006,0.0,16.0,1475.0
2026-08-24 11:06:03,2026-08-24T10:50:08,763.9,2026-08-24,P,779.0,15.05,15.24,47.0,144.0,16.46,0.3597,-0.9992,0.0006,-0.001,0.0006,0.0,59.0,27.0
2026-08-24 11:06:03,2026-08-24T10:50:08,763.9,2026-08-24,C,780.0,0.0,0.01,0.0,3189.0,0.01,0.2985,0.0006,0.0004,-0.0007,0.0005,0.0,48.0,7079.0
2026-08-24 11:06:03,2026-08-24T10:50:08,763.9,2026-08-24,P,780.0,16.05,16.27,46.0,141.0,16.23,0.3977,-0.9994,0.0004,-0.0007,0.0005,0.0,42.0,1.0
2026-08-24 11:06:03,2026-08-24T10:50:08,763.9,2026-08-24,C,781.0,0.0,0.01,0.0,3188.0,0.01,0.315,0.0004,0.0003,-0.0005,0.0003,0.0,42.0,2996.0
2026-08-24 11:06:03,2026-08-24T10:50:08,763.9,2026-08-24,P,781.0,17.05,17.24,149.0,148.0,17.72,0.3998,-0.9996,0.0003,-0.0005,0.0003,0.0,6.0,0.0
2026-08-24 11:06:03,2026-08-24T10:50:08,763.9,2026-08-24,C,782.0,0.0,0.01,0.0,3188.0,0.01,0.3314,0.0003,0.0002,-0.0004,0.0002,0.0,8.0,1792.0
2026-08-24 11:06:03,2026-08-24T10:50:08,763.9,2026-08-24,P,782.0,18.05,18.24,152.0,101.0,18.45,0.4196,-0.9997,0.0002,-0.0004,0.0002,0.0,16.0,1.0
2026-08-24 11:06:03,2026-08-24T10:50:08,763.9,2026-08-24,C,783.0,0.0,0.01,0.0,3201.0,0.01,0.3477,0.0002,0.0001,-0.0002,0.0002,0.0,135.0,751.0
2026-08-24 11:06:03,2026-08-24T10:50:08,763.9,2026-08-24,P,783.0,19.05,19.24,154.0,150.0,20.46,0.4393,-0.9998,0.0001,-0.0002,0.0002,0.0,111.0,0.0
2026-08-24 11:06:03,2026-08-24T10:50:08,763.9,2026-08-24,C,784.0,0.0,0.01,0.0,3134.0,0.01,0.3638,0.0001,0.0001,-0.0002,0.0001,0.0,54.0,807.0
2026-08-24 11:06:03,2026-08-24T10:50:08,763.9,2026-08-24,P,784.0,20.05,20.24,144.0,144.0,21.08,0.4588,-0.9998,0.0001,-0.0002,0.0001,0.0,54.0,1.0
2026-08-24 11:06:03,2026-08-24T10:50:08,763.9,2026-08-24,C,785.0,0.0,0.01,0.0,3253.0,0.01,0.38,0.0001,0.0001,-0.0001,0.0001,0.0,178.0,1778.0
2026-08-24 11:06:03,2026-08-24T10:50:08,763.9,2026-08-24,P,785.0,21.05,21.24,146.0,142.0,22.19,0.4782,-0.9999,0.0001,-0.0001,0.0001,0.0,7.0,1.0
2026-08-24 11:06:03,2026-08-24T10:50:08,763.9,2026-08-24,C,786.0,0.0,0.01,0.0,3253.0,0.01,0.396,0.0001,0.0001,-0.0001,0.0001,0.0,18.0,512.0
2026-08-24 11:06:03,2026-08-24T10:50:08,763.9,2026-08-24,P,786.0,22.05,22.24,151.0,145.0,22.72,0.4975,-0.9999,0.0001,-0.0001,0.0001,0.0,6.0,0.0
2026-08-24 11:06:03,2026-08-24T10:50:08,763.9,2026-08-24,C,787.0,0.0,0.01,0.0,3253.0,0.01,0.4119,0.0001,0.0,-0.0001,0.0,0.0,1.0,1566.0
2026-08-24 11:06:03,2026-08-24T10:50:08,763.9,2026-08-24,P,787.0,23.05,23.29,46.0,46.0,24.03,0.5522,-0.9999,0.0,-0.0001,0.0,0.0,21.0,0.0
2026-08-24 11:06:03,2026-08-24T10:50:08,763.9,2026-08-24,C,788.0,0.0,0.01,0.0,3258.0,0.01,0.4278,0.0,0.0,0.0,0.0,0.0,3.0,772.0
2026-08-24 11:06:03,2026-08-24T10:50:08,763.9,2026-08-24,P,788.0,24.05,24.27,45.0,46.0,24.71,0.559,-1.0,0.0,0.0,0.0,0.0,12.0,0.0
2026-08-24 11:06:03,2026-08-24T10:50:08,763.9,2026-08-24,C,789.0,0.0,0.01,0.0,2254.0,0.01,0.4436,0.0,0.0,0.0,0.0,0.0,6.0,649.0
2026-08-24 11:06:03,2026-08-24T10:50:08,763.9,2026-08-24,P,789.0,25.05,25.24,45.0,45.0,25.72,0.5547,-1.0,0.0,0.0,0.0,0.0,6.0,0.0
2026-08-24 11:06:03,2026-08-24T10:50:08,763.9,2026-08-24,C,790.0,0.0,0.01,0.0,4104.0,0.01,0.4594,0.0,0.0,0.0,0.0,0.0,2.0,1116.0
2026-08-24 11:06:03,2026-08-24T10:50:08,763.9,2026-08-24,P,790.0,26.05,26.24,45.0,45.0,26.72,0.5736,-1.0,0.0,0.0,0.0,0.0,6.0,0.0
2026-08-24 11:06:03,2026-08-24T10:50:08,763.9,2026-08-24,C,791.0,0.0,0.01,0.0,2254.0,0.01,0.475,0.0,0.0,0.0,0.0,0.0,0.0,463.0
2026-08-24 11:06:03,2026-08-24T10:50:08,763.9,2026-08-24,P,791.0,27.05,27.24,45.0,52.0,27.69,0.5923,-1.0,0.0,0.0,0.0,0.0,4.0,0.0
2026-08-24 11:06:03,2026-08-24T10:50:08,763.9,2026-08-24,C,792.0,0.0,0.01,0.0,2254.0,0.01,0.4906,0.0,0.0,0.0,0.0,0.0,0.0,329.0
2026-08-24 11:06:03,2026-08-24T10:50:08,763.9,2026-08-24,P,792.0,28.05,28.24,15.0,17.0,28.7,0.611,-1.0,0.0,0.0,0.0,0.0,4.0,0.0
2026-08-24 11:06:03,2026-08-24T10:50:08,763.9,2026-08-24,C,793.0,0.0,0.01,0.0,5574.0,0.01,0.5062,0.0,0.0,0.0,0.0,0.0,150.0,759.0
2026-08-24 11:06:03,2026-08-24T10:50:08,763.9,2026-08-24,P,793.0,29.05,29.23,15.0,15.0,29.89,0.6193,-1.0,0.0,0.0,0.0,0.0,10.0,0.0
2026-08-24 11:06:03,2026-08-24T10:50:08,763.9,2026-08-24,C,794.0,0.0,0.01,0.0,2254.0,0.01,0.5217,0.0,0.0,0.0,0.0,0.0,0.0,727.0
2026-08-24 11:06:03,2026-08-24T10:50:08,763.9,2026-08-24,P,794.0,30.05,30.23,15.0,15.0,30.69,0.6375,-1.0,0.0,0.0,0.0,0.0,4.0,0.0
2026-08-24 11:06:03,2026-08-24T10:50:08,763.9,2026-08-24,C,795.0,0.0,0.01,0.0,6226.0,0.01,0.5371,0.0,0.0,0.0,0.0,0.0,80.0,479.0
2026-08-24 11:06:03,2026-08-24T10:50:08,763.9,2026-08-24,P,795.0,30.33,31.28,1.0,1.0,31.7,0.0,-1.0,0.0,0.0,0.0,0.0,6.0,0.0
2026-08-24 11:06:03,2026-08-24T10:50:08,763.9,2026-08-24,C,796.0,0.0,0.01,0.0,2254.0,0.01,0.5525,0.0,0.0,0.0,0.0,0.0,0.0,179.0
2026-08-24 11:06:03,2026-08-24T10:50:08,763.9,2026-08-24,P,796.0,31.41,32.26,1.0,1.0,32.67,0.721,-1.0,0.0,0.0,0.0,0.0,6.0,0.0
2026-08-24 11:06:03,2026-08-24T10:50:08,763.9,2026-08-24,C,797.0,0.0,0.01,0.0,2254.0,0.01,0.5678,0.0,0.0,0.0,0.0,0.0,0.0,122.0
2026-08-24 11:06:03,2026-08-24T10:50:08,763.9,2026-08-24,P,797.0,32.51,33.28,1.0,2.0,33.72,0.0,-1.0,0.0,0.0,0.0,0.0,6.0,0.0
2026-08-24 11:06:03,2026-08-24T10:50:08,763.9,2026-08-24,C,798.0,0.0,0.01,0.0,2254.0,0.05,0.583,0.0,0.0,0.0,0.0,0.0,2.0,563.0
2026-08-24 11:06:03,2026-08-24T10:50:08,763.9,2026-08-24,P,798.0,33.96,35.2,2.0,1.0,35.64,1.0657,-1.0,0.0,0.0,0.0,0.0,2.0,0.0
2026-08-24 11:06:03,2026-08-24T10:50:08,763.9,2026-08-24,C,799.0,0.0,0.01,0.0,2254.0,0.01,0.5982,0.0,0.0,0.0,0.0,0.0,80.0,448.0
2026-08-24 11:06:03,2026-08-24T10:50:08,763.9,2026-08-24,P,799.0,34.42,35.26,1.0,1.0,36.62,0.0,-1.0,0.0,0.0,0.0,0.0,2.0,0.0
2026-08-24 11:06:03,2026-08-24T10:50:08,763.9,2026-08-24,C,800.0,0.0,0.01,0.0,6314.0,0.01,0.6134,0.0,0.0,0.0,0.0,0.0,0.0,1221.0
2026-08-24 11:06:03,2026-08-24T10:50:08,763.9,2026-08-24,P,800.0,35.51,36.26,2.0,2.0,37.64,0.0,-1.0,0.0,0.0,0.0,0.0,2.0,1.0
2026-08-24 11:06:03,2026-08-24T10:50:08,763.9,2026-08-24,C,801.0,0.0,0.01,0.0,2254.0,0.01,0.6285,0.0,0.0,0.0,0.0,0.0,0.0,298.0
2026-08-24 11:06:03,2026-08-24T10:50:08,763.9,2026-08-24,P,801.0,36.4,37.26,2.0,1.0,38.62,0.0,-1.0,0.0,0.0,0.0,0.0,2.0,0.0
2026-08-24 11:06:03,2026-08-24T10:50:08,763.9,2026-08-24,C,802.0,0.0,0.01,0.0,2254.0,0.02,0.6436,0.0,0.0,0.0,0.0,0.0,0.0,178.0
2026-08-24 11:06:03,2026-08-24T10:50:08,763.9,2026-08-24,P,802.0,37.98,38.45,2.0,1.0,39.62,0.866,-1.0,0.0,0.0,0.0,0.0,2.0,0.0
2026-08-24 11:11:04,2026-08-24T10:55:08,763.6,2026-08-24,C,726.0,37.5,37.68,44.0,44.0,39.64,0.0,0.9955,0.0009,-0.0204,0.0026,0.0,0.0,2.0
2026-08-24 11:11:04,2026-08-24T10:55:08,763.6,2026-08-24,P,726.0,0.0,0.01,0.0,2228.0,0.02,0.6727,-0.0045,0.0009,-0.0204,0.0026,0.0,0.0,49.0
2026-08-24 11:11:04,2026-08-24T10:55:08,763.6,2026-08-24,C,727.0,36.48,36.68,44.0,44.0,38.65,0.0,0.9954,0.0009,-0.0204,0.0027,0.0,0.0,2.0
2026-08-24 11:11:04,2026-08-24T10:55:08,763.6,2026-08-24,P,727.0,0.0,0.01,0.0,3229.0,0.01,0.6559,-0.0046,0.0009,-0.0205,0.0027,0.0,0.0,142.0
2026-08-24 11:11:04,2026-08-24T10:55:08,763.6,2026-08-24,C,728.0,35.47,35.68,44.0,44.0,34.81,0.0,0.9952,0.001,-0.0205,0.0027,0.0,3.0,0.0
2026-08-24 11:11:04,2026-08-24T10:55:08,763.6,2026-08-24,P,728.0,0.0,0.01,0.0,3229.0,0.01,0.6391,-0.0048,0.001,-0.0206,0.0027,0.0,0.0,2120.0
2026-08-24 11:11:04,2026-08-24T10:55:08,763.6,2026-08-24,C,729.0,34.49,34.68,44.0,44.0,33.86,0.0,0.9951,0.001,-0.0206,0.0028,0.0,3.0,0.0
2026-08-24 11:11:04,2026-08-24T10:55:08,763.6,2026-08-24,P,729.0,0.0,0.01,0.0,3229.0,0.01,0.6222,-0.0049,0.001,-0.0207,0.0028,0.0,8.0,249.0
2026-08-24 11:11:04,2026-08-24T10:55:08,763.6,2026-08-24,C,730.0,33.49,33.68,44.0,44.0,32.47,0.0,0.995,0.0011,-0.0207,0.0029,0.0,1.0,61.0
2026-08-24 11:11:04,2026-08-24T10:55:08,763.6,2026-08-24,P,730.0,0.0,0.01,0.0,3229.0,0.02,0.6054,-0.005,0.0011,-0.0207,0.0029,0.0,0.0,2337.0
2026-08-24 11:11:04,2026-08-24T10:55:08,763.6,2026-08-24,C,731.0,32.47,32.68,44.0,44.0,31.52,0.0,0.9948,0.0011,-0.0208,0.003,0.0,1.0,0.0
2026-08-24 11:11:04,2026-08-24T10:55:08,763.6,2026-08-24,P,731.0,0.0,0.01,0.0,3109.0,0.02,0.5885,-0.0052,0.0012,-0.0208,0.003,0.0,0.0,1383.0
2026-08-24 11:11:04,2026-08-24T10:55:08,763.6,2026-08-24,C,732.0,31.47,31.68,44.0,44.0,0.0,0.0,0.9947,0.0012,-0.0209,0.003,0.0,0.0,0.0
2026-08-24 11:11:04,2026-08-24T10:55:08,763.6,2026-08-24,P,732.0,0.0,0.01,0.0,3109.0,0.01,0.5716,-0.0053,0.0012,-0.0209,0.0031,0.0,15.0,958.0
2026-08-24 11:11:04,2026-08-24T10:55:08,763.6,2026-08-24,C,733.0,30.47,30.68,44.0,44.0,33.82,0.0,0.9945,0.0013,-0.021,0.0031,0.0,0.0,1.0
2026-08-24 11:11:04,2026-08-24T10:55:08,763.6,2026-08-24,P,733.0,0.0,0.01,0.0,3108.0,0.01,0.5547,-0.0055,0.0013,-0.021,0.0031,0.0,1.0,281.0
2026-08-24 11:11:04,2026-08-24T10:55:08,763.6,2026-08-24,C,734.0,29.48,29.69,44.0,44.0,28.29,0.0,0.9943,0.0014,-0.0211,0.0032,0.0,1.0,0.0
2026-08-24 11:11:04,2026-08-24T10:55:08,763.6,2026-08-24,P,734.0,0.0,0.01,0.0,3109.0,0.01,0.5378,-0.0057,0.0014,-0.0211,0.0032,0.0,15.0,426.0
2026-08-24 11:11:04,2026-08-24T10:55:08,763.6,2026-08-24,C,735.0,28.48,28.69,45.0,45.0,28.9,0.0,0.9942,0.0014,-0.0212,0.0033,0.0,5.0,7.0
2026-08-24 11:11:04,2026-08-24T10:55:08,763.6,2026-08-24,P,735.0,0.0,0.01,0.0,3109.0,0.01,0.5209,-0.0058,0.0014,-0.0212,0.0033,0.0,5276.0,8066.0
2026-08-24 11:11:04,2026-08-24T10:55:08,763.6,2026-08-24,C,736.0,27.47,27.69,44.0,44.0,26.3,0.0,0.994,0.0015,-0.0213,0.0034,0.0,1.0,0.0
2026-08-24 11:11:04,2026-08-24T10:55:08,763.6,2026-08-24,P,736.0,0.0,0.01,0.0,3165.0,0.01,0.5039,-0.006,0.0015,-0.0213,0.0034,0.0,942.0,7980.0
2026-08-24 11:11:04,2026-08-24T10:55:08,763.6,2026-08-24,C,737.0,26.47,26.69,44.0,44.0,25.35,0.0,0.9938,0.0016,-0.0214,0.0035,0.0,1.0,6.0
2026-08-24 11:11:04,2026-08-24T10:55:08,763.6,2026-08-24,P,737.0,0.0,0.01,0.0,3165.0,0.01,0.487,-0.0063,0.0016,-0.0214,0.0035,0.0,6.0,1766.0
2026-08-24 11:11:04,2026-08-24T10:55:08,763.6,2026-08-24,C,738.0,25.47,25.69,45.0,45.0,25.56,0.0,0.9935,0.0017,-0.0215,0.0036,0.0,3.0,4.0
2026-08-24 11:11:04,2026-08-24T10:55:08,763.6,2026-08-24,P,738.0,0.0,0.01,0.0,3164.0,0.01,0.47,-0.0065,0.0017,-0.0215,0.0036,0.0,253.0,3291.0
2026-08-24 11:11:04,2026-08-24T10:55:08,763.6,2026-08-24,C,739.0,24.47,24.69,44.0,44.0,23.58,0.0,0.9933,0.0018,-0.0216,0.0038,0.0,2.0,11.0
2026-08-24 11:11:04,2026-08-24T10:55:08,763.6,2026-08-24,P,739.0,0.0,0.01,0.0,3366.0,0.01,0.4529,-0.0067,0.0018,-0.0216,0.0038,0.0,3142.0,756.0
2026-08-24 11:11:04,2026-08-24T10:55:08,763.6,2026-08-24,C,740.0,23.45,23.69,44.0,44.0,23.16,0.0,0.993,0.002,-0.0217,0.0039,0.0,4.0,13.0
2026-08-24 11:11:04,2026-08-24T10:55:08,763.6,2026-08-24,P,740.0,0.0,0.01,0.0,3314.0,0.01,0.4359,-0.007,0.002,-0.0217,0.0039,0.0,2258.0,1476.0
2026-08-24 11:11:04,2026-08-24T10:55:08,763.6,2026-08-24,C,741.0,22.47,22.69,100.0,100.0,21.75,0.0,0.9928,0.0021,-0.0218,0.004,0.0,27.0,2.0
2026-08-24 11:11:04,2026-08-24T10:55:08,763.6,2026-08-24,P,741.0,0.0,0.01,0.0,3314.0,0.01,0.4188,-0.0072,0.0021,-0.0218,0.004,0.0,1309.0,1692.0
2026-08-24 11:11:04,2026-08-24T10:55:08,763.6,2026-08-24,C,742.0,21.49,21.69,100.0,100.0,20.75,0.0,0.9925,0.0023,-0.0218,0.0042,0.0,26.0,13.0
2026-08-24 11:11:04,2026-08-24T10:55:08,763.6,2026-08-24,P,742.0,0.01,0.02,2052.0,3502.0,0.02,0.4489,-0.0075,0.0023,-0.0219,0.0042,0.0,772.0,744.0
2026-08-24 11:11:04,2026-08-24T10:55:08,763.6,2026-08-24,C,743.0,20.47,20.69,100.0,100.0,20.54,0.0,0.9922,0.0025,-0.022,0.0044,0.0,24.0,12.0
2026-08-24 11:11:04,2026-08-24T10:55:08,763.6,2026-08-24,P,743.0,0.01,0.02,2057.0,3403.0,0.02,0.4301,-0.0079,0.0025,-0.022,0.0044,0.0,862.0,624.0
2026-08-24 11:11:04,2026-08-24T10:55:08,763.6,2026-08-24,C,744.0,19.47,19.69,100.0,100.0,19.12,0.0,0.9918,0.0027,-0.022,0.0046,0.0,31.0,6.0
2026-08-24 11:11:04,2026-08-24T10:55:08,763.6,2026-08-24,P,744.0,0.01,0.02,2057.0,3383.0,0.01,0.4112,-0.0082,0.0027,-0.0221,0.0046,0.0,175.0,1252.0
2026-08-24 11:11:04,2026-08-24T10:55:08,763.6,2026-08-24,C,745.0,18.49,18.69,100.0,100.0,17.84,0.0,0.9914,0.0029,-0.0221,0.0048,0.0,26.0,72.0
2026-08-24 11:11:04,2026-08-24T10:55:08,763.6,2026-08-24,P,745.0,0.01,0.02,2057.0,3415.0,0.02,0.3923,-0.0086,0.003,-0.0222,0.0048,0.0,224.0,1460.0
2026-08-24 11:11:04,2026-08-24T10:55:08,763.6,2026-08-24,C,746.0,17.47,17.69,100.0,100.0,17.8,0.0,0.991,0.0032,-0.0222,0.005,0.0,14.0,11.0
2026-08-24 11:11:04,2026-08-24T10:55:08,763.6,2026-08-24,P,746.0,0.01,0.02,2164.0,3308.0,0.01,0.3733,-0.009,0.0032,-0.0223,0.005,0.0,454.0,497.0
2026-08-24 11:11:04,2026-08-24T10:55:08,763.6,2026-08-24,C,747.0,16.49,16.69,100.0,100.0,16.46,0.0,0.9906,0.0035,-0.0223,0.0052,0.0,14.0,24.0
2026-08-24 11:11:04,2026-08-24T10:55:08,763.6,2026-08-24,P,747.0,0.01,0.02,2664.0,3216.0,0.02,0.3542,-0.0095,0.0036,-0.0224,0.0052,0.0,175.0,1909.0
2026-08-24 11:11:04,2026-08-24T10:55:08,763.6,2026-08-24,C,748.0,15.51,15.69,100.0,100.0,14.68,0.0,0.99,0.0039,-0.0224,0.0055,0.0,37.0,24.0
2026-08-24 11:11:04,2026-08-24T10:55:08,763.6,2026-08-24,P,748.0,0.01,0.02,2685.0,2919.0,0.02,0.3351,-0.01,0.0039,-0.0225,0.0055,0.0,1856.0,1955.0
2026-08-24 11:11:04,2026-08-24T10:55:08,763.6,2026-08-24,C,749.0,14.47,14.69,100.0,100.0,13.77,0.0,0.9895,0.0044,-0.0226,0.0058,0.0,9.0,78.0
2026-08-24 11:11:04,2026-08-24T10:55:08,763.6,2026-08-24,P,749.0,0.01,0.02,2683.0,2834.0,0.01,0.3158,-0.0106,0.0044,-0.0226,0.0058,0.0,4633.0,2418.0
2026-08-24 11:11:04,2026-08-24T10:55:08,763.6,2026-08-24,C,750.0,13.49,13.69,100.0,100.0,13.73,0.0,0.9888,0.0049,-0.0226,0.0061,0.0,71.0,79.0
2026-08-24 11:11:04,2026-08-24T10:55:08,763.6,2026-08-24,P,750.0,0.01,0.02,2684.0,2834.0,0.02,0.2965,-0.0112,0.0049,-0.0227,0.0061,0.0,2001.0,10698.0
2026-08-24 11:11:04,2026-08-24T10:55:08,763.6,2026-08-24,C,751.0,12.49,12.69,100.0,100.0,11.93,0.0,0.9881,0.0055,-0.0228,0.0064,0.0,7.0,59.0
2026-08-24 11:11:04,2026-08-24T10:55:08,763.6,2026-08-24,P,751.0,0.01,0.02,2682.0,2833.0,0.02,0.2771,-0.0119,0.0055,-0.0228,0.0065,0.0,1379.0,1189.0
2026-08-24 11:11:04,2026-08-24T10:55:08,763.6,2026-08-24,C,752.0,11.52,11.69,100.0,100.0,11.54,0.2278,0.9872,0.0063,-0.0229,0.0069,0.0,301.0,59.0
2026-08-24 11:11:04,2026-08-24T10:55:08,763.6,2026-08-24,P,752.0,0.02,0.03,1096.0,3712.0,0.02,0.2751,-0.0128,0.0063,-0.0229,0.0069,0.0,3247.0,1738.0
2026-08-24 11:11:04,2026-08-24T10:55:08,763.6,2026-08-24,C,753.0,10.49,10.7,100.0,100.0,10.47,0.0,0.9862,0.0073,-0.0231,0.0074,0.0,76.0,105.0
2026-08-24 11:11:04,2026-08-24T10:55:08,763.6,2026-08-24,P,753.0,0.02,0.03,1482.0,3511.0,0.02,0.2544,-0.0138,0.0073,-0.0232,0.0074,0.0,6758.0,3707.0
2026-08-24 11:11:04,2026-08-24T10:55:08,763.6,2026-08-24,C,754.0,9.49,9.7,152.0,150.0,9.47,0.0,0.9849,0.0085,-0.0235,0.008,0.0,375.0,90.0
2026-08-24 11:11:04,2026-08-24T10:55:08,763.6,2026-08-24,P,754.0,0.02,0.03,2907.0,3124.0,0.03,0.2334,-0.0152,0.0086,-0.0236,0.0081,0.0,2880.0,3882.0
2026-08-24 11:11:04,2026-08-24T10:55:08,763.6,2026-08-24,C,755.0,8.49,8.7,150.0,105.0,8.54,0.0,0.983,0.0103,-0.0245,0.0089,0.0,402.0,182.0
2026-08-24 11:11:04,2026-08-24T10:55:08,763.6,2026-08-24,P,755.0,0.02,0.03,2873.0,2535.0,0.02,0.2122,-0.0171,0.0104,-0.0248,0.009,0.0,17093.0,7567.0
2026-08-24 11:11:04,2026-08-24T10:55:08,763.6,2026-08-24,C,756.0,7.53,7.7,66.0,93.0,7.55,0.1778,0.9799,0.013,-0.0272,0.0104,0.0,154.0,111.0
2026-08-24 11:11:04,2026-08-24T10:55:08,763.6,2026-08-24,P,756.0,0.03,0.04,2336.0,2979.0,0.04,0.2012,-0.0201,0.013,-0.0272,0.0104,0.0,22801.0,7665.0
2026-08-24 11:11:04,2026-08-24T10:55:08,763.6,2026-08-24,C,757.0,6.51,6.7,72.0,72.0,6.82,0.1372,0.9738,0.0178,-0.0338,0.0129,0.0,860.0,186.0
2026-08-24 11:11:04,2026-08-24T10:55:08,763.6,2026-08-24,P,757.0,0.04,0.05,2546.0,3752.0,0.04,0.1864,-0.0262,0.0178,-0.0338,0.0129,0.0,35089.0,4394.0
2026-08-24 11:11:04,2026-08-24T10:55:08,763.6,2026-08-24,C,758.0,5.53,5.73,72.0,72.0,5.64,0.1517,0.9617,0.0262,-0.0486,0.0175,0.0,563.0,149.0
2026-08-24 11:11:04,2026-08-24T10:55:08,763.6,2026-08-24,P,758.0,0.05,0.06,2118.0,1924.0,0.06,0.1688,-0.0383,0.0262,-0.0486,0.0175,0.0,42151.0,3941.0
2026-08-24 11:11:04,2026-08-24T10:55:08,763.6,2026-08-24,C,759.0,4.56,4.75,72.0,100.0,4.59,0.144,0.9394,0.0403,-0.0777,0.0249,0.0,1564.0,194.0
2026-08-24 11:11:04,2026-08-24T10:55:08,763.6,2026-08-24,P,759.0,0.08,0.09,892.0,2611.0,0.09,0.1578,-0.0606,0.0403,-0.0777,0.0249,0.0,45322.0,3264.0
2026-08-24 11:11:04,2026-08-24T10:55:08,763.6,2026-08-24,C,760.0,3.71,3.74,6.0,42.0,3.73,0.1438,0.9021,0.0618,-0.1288,0.0352,0.0,4606.0,370.0
2026-08-24 11:11:04,2026-08-24T10:55:08,763.6,2026-08-24,P,760.0,0.12,0.13,1460.0,2415.0,0.13,0.1438,-0.0979,0.0618,-0.1288,0.0352,0.0,114364.0,10050.0
2026-08-24 11:11:04,2026-08-24T10:55:08,763.6,2026-08-24,C,761.0,2.79,2.82,176.0,76.0,2.82,0.1326,0.843,0.0928,-0.2134,0.048,0.0,8596.0,318.0
2026-08-24 11:11:04,2026-08-24T10:55:08,763.6,2026-08-24,P,761.0,0.2,0.21,500.0,1627.0,0.2,0.1326,-0.157,0.0928,-0.2134,0.048,0.0,120856.0,4492.0
2026-08-24 11:11:04,2026-08-24T10:55:08,763.6,2026-08-24,C,762.0,1.94,1.97,118.0,222.0,1.95,0.1226,0.7495,0.1333,-0.3577,0.0624,0.0,38288.0,936.0
2026-08-24 11:11:04,2026-08-24T10:55:08,763.6,2026-08-24,P,762.0,0.34,0.35,896.0,537.0,0.34,0.1218,-0.2505,0.1333,-0.3577,0.0624,0.0,213566.0,3574.0
2026-08-24 11:11:04,2026-08-24T10:55:08,763.6,2026-08-24,C,763.0,1.21,1.22,224.0,66.0,1.22,0.1162,0.6072,0.1733,-0.6174,0.0744,0.0,139664.0,1198.0
2026-08-24 11:11:04,2026-08-24T10:55:08,763.6,2026-08-24,P,763.0,0.61,0.62,353.0,504.0,0.61,0.1148,-0.3928,0.1733,-0.6174,0.0744,0.0,281366.0,6044.0
2026-08-24 11:11:04,2026-08-24T10:55:08,763.6,2026-08-24,C,764.0,0.66,0.67,383.0,391.0,0.67,0.1105,0.4257,0.185,-0.6609,0.0757,0.0,211389.0,1820.0
2026-08-24 11:11:04,2026-08-24T10:55:08,763.6,2026-08-24,P,764.0,1.05,1.07,233.0,384.0,1.07,0.1105,-0.5743,0.185,-0.6609,0.0757,0.0,96403.0,6864.0
2026-08-24 11:11:04,2026-08-24T10:55:08,763.6,2026-08-24,C,765.0,0.32,0.33,233.0,1292.0,0.33,0.1101,0.2535,0.1522,-0.3195,0.0629,0.0,153404.0,6424.0
2026-08-24 11:11:04,2026-08-24T10:55:08,763.6,2026-08-24,P,765.0,1.7,1.72,119.0,45.0,1.71,0.1085,-0.7465,0.1522,-0.3195,0.0629,0.0,41799.0,19244.0
2026-08-24 11:11:04,2026-08-24T10:55:08,763.6,2026-08-24,C,766.0,0.14,0.15,745.0,1668.0,0.15,0.1119,0.1381,0.1003,-0.1539,0.0447,0.0,105081.0,8787.0
2026-08-24 11:11:04,2026-08-24T10:55:08,763.6,2026-08-24,P,766.0,2.52,2.55,100.0,38.0,2.56,0.112,-0.8619,0.1003,-0.1539,0.0447,0.0,11492.0,11396.0
2026-08-24 11:11:04,2026-08-24T10:55:08,763.6,2026-08-24,C,767.0,0.07,0.08,1018.0,2741.0,0.08,0.1204,0.0793,0.0617,-0.0856,0.0307,0.0,76282.0,5623.0
2026-08-24 11:11:04,2026-08-24T10:55:08,763.6,2026-08-24,P,767.0,3.39,3.52,136.0,100.0,3.56,0.1127,-0.9209,0.0614,-0.0855,0.0306,0.0,2946.0,4337.0
2026-08-24 11:11:04,2026-08-24T10:55:08,763.6,2026-08-24,C,768.0,0.04,0.05,1699.0,3382.0,0.05,0.1329,0.0495,0.0385,-0.0546,0.0217,0.0,35132.0,6707.0
2026-08-24 11:11:04,2026-08-24T10:55:08,763.6,2026-08-24,P,768.0,4.36,4.51,109.0,68.0,4.46,0.1268,-0.9502,0.0386,-0.0549,0.0217,0.0,1073.0,2423.0
2026-08-24 11:11:04,2026-08-24T10:55:08,763.6,2026-08-24,C,769.0,0.02,0.03,3256.0,3017.0,0.02,0.1419,0.0328,0.0251,-0.0372,0.0157,0.0,12009.0,4943.0
2026-08-24 11:11:04,2026-08-24T10:55:08,763.6,2026-08-24,P,769.0,5.36,5.48,100.0,66.0,5.45,0.137,-0.9671,0.0252,-0.0374,0.0157,0.0,465.0,3299.0
2026-08-24 11:11:04,2026-08-24T10:55:08,763.6,2026-08-24,C,770.0,0.02,0.03,1893.0,3091.0,0.03,0.1636,0.0221,0.0166,-0.0256,0.0114,0.0,16439.0,11088.0
2026-08-24 11:11:04,2026-08-24T10:55:08,763.6,2026-08-24,P,770.0,6.35,6.52,66.0,98.0,6.43,0.1726,-0.9778,0.0167,-0.0258,0.0114,0.0,942.0,3062.0
2026-08-24 11:11:04,2026-08-24T10:55:08,763.6,2026-08-24,C,771.0,0.01,0.02,3088.0,2538.0,0.02,0.1721,0.015,0.0112,-0.0177,0.0082,0.0,3877.0,4378.0
2026-08-24 11:11:04,2026-08-24T10:55:08,763.6,2026-08-24,P,771.0,7.33,7.54,100.0,100.0,7.41,0.1948,-0.9849,0.0112,-0.0178,0.0083,0.0,237.0,1479.0
2026-08-24 11:11:04,2026-08-24T10:55:08,763.6,2026-08-24,C,772.0,0.01,0.02,3186.0,2656.0,0.01,0.1919,0.0102,0.0076,-0.0122,0.006,0.0,7504.0,17015.0
2026-08-24 11:11:04,2026-08-24T10:55:08,763.6,2026-08-24,P,772.0,8.33,8.55,106.0,101.0,8.19,0.2212,-0.9897,0.0076,-0.0123,0.006,0.0,229.0,1353.0
2026-08-24 11:11:04,2026-08-24T10:55:08,763.6,2026-08-24,C,773.0,0.01,0.02,2662.0,3216.0,0.02,0.2115,0.007,0.0051,-0.0085,0.0043,0.0,2659.0,6476.0
2026-08-24 11:11:04,2026-08-24T10:55:08,763.6,2026-08-24,P,773.0,9.33,9.51,150.0,152.0,9.34,0.2197,-0.9929,0.0052,-0.0086,0.0043,0.0,150.0,348.0
2026-08-24 11:11:04,2026-08-24T10:55:08,763.6,2026-08-24,C,774.0,0.01,0.02,2057.0,3475.0,0.01,0.2308,0.0048,0.0035,-0.0059,0.0031,0.0,1935.0,3840.0
2026-08-24 11:11:04,2026-08-24T10:55:08,763.6,2026-08-24,P,774.0,10.33,10.53,100.0,100.0,10.42,0.2534,-0.9951,0.0036,-0.006,0.0031,0.0,108.0,46.0
2026-08-24 11:11:04,2026-08-24T10:55:08,763.6,2026-08-24,C,775.0,0.01,0.02,1487.0,3638.0,0.01,0.25,0.0034,0.0024,-0.0041,0.0023,0.0,4273.0,5611.0
2026-08-24 11:11:04,2026-08-24T10:55:08,763.6,2026-08-24,P,775.0,11.33,11.53,100.0,100.0,11.49,0.274,-0.9966,0.0024,-0.0042,0.0023,0.0,62.0,13.0
2026-08-24 11:11:04,2026-08-24T10:55:08,763.6,2026-08-24,C,776.0,0.0,0.01,0.0,5552.0,0.01,0.2381,0.0023,0.0017,-0.0029,0.0016,0.0,5203.0,6136.0
2026-08-24 11:11:04,2026-08-24T10:55:08,763.6,2026-08-24,P,776.0,12.33,12.51,100.0,100.0,12.81,0.2788,-0.9976,0.0017,-0.0029,0.0016,0.0,71.0,28.0
2026-08-24 11:11:04,2026-08-24T10:55:08,763.6,2026-08-24,C,777.0,0.0,0.01,0.0,3340.0,0.01,0.2551,0.0016,0.0012,-0.002,0.0012,0.0,3169.0,3531.0
2026-08-24 11:11:04,2026-08-24T10:55:08,763.6,2026-08-24,P,777.0,13.33,13.51,100.0,100.0,13.24,0.2981,-0.9983,0.0012,-0.002,0.0012,0.0,47.0,30.0
2026-08-24 11:11:04,2026-08-24T10:55:08,763.6,2026-08-24,C,778.0,0.0,0.01,0.0,3189.0,0.01,0.272,0.0012,0.0008,-0.0014,0.0009,0.0,190.0,1814.0
2026-08-24 11:11:04,2026-08-24T10:55:08,763.6,2026-08-24,P,778.0,14.33,14.49,100.0,100.0,14.23,0.2924,-0.9988,0.0008,-0.0014,0.0009,0.0,29.0,6.0
2026-08-24 11:11:04,2026-08-24T10:55:08,763.6,2026-08-24,C,779.0,0.0,0.01,0.0,3195.0,0.01,0.2888,0.0008,0.0006,-0.001,0.0006,0.0,16.0,1475.0
2026-08-24 11:11:04,2026-08-24T10:55:08,763.6,2026-08-24,P,779.0,15.32,15.54,45.0,100.0,16.46,0.3542,-0.9992,0.0006,-0.001,0.0006,0.0,59.0,27.0
2026-08-24 11:11:04,2026-08-24T10:55:08,763.6,2026-08-24,C,780.0,0.0,0.01,0.0,3190.0,0.01,0.3054,0.0006,0.0004,-0.0007,0.0005,0.0,53.0,7079.0
2026-08-24 11:11:04,2026-08-24T10:55:08,763.6,2026-08-24,P,780.0,16.32,16.57,44.0,101.0,16.23,0.3953,-0.9994,0.0004,-0.0007,0.0005,0.0,42.0,1.0
2026-08-24 11:11:04,2026-08-24T10:55:08,763.6,2026-08-24,C,781.0,0.0,0.01,0.0,3189.0,0.01,0.322,0.0004,0.0003,-0.0005,0.0003,0.0,43.0,2996.0
2026-08-24 11:11:04,2026-08-24T10:55:08,763.6,2026-08-24,P,781.0,17.32,17.53,100.0,100.0,17.72,0.3843,-0.9996,0.0003,-0.0005,0.0003,0.0,6.0,0.0
2026-08-24 11:11:04,2026-08-24T10:55:08,763.6,2026-08-24,C,782.0,0.0,0.01,0.0,3189.0,0.01,0.3385,0.0003,0.0002,-0.0004,0.0002,0.0,8.0,1792.0
2026-08-24 11:11:04,2026-08-24T10:55:08,763.6,2026-08-24,P,782.0,18.33,18.51,100.0,100.0,18.45,0.3924,-0.9997,0.0002,-0.0004,0.0002,0.0,16.0,1.0
2026-08-24 11:11:04,2026-08-24T10:55:08,763.6,2026-08-24,C,783.0,0.0,0.01,0.0,3133.0,0.01,0.3549,0.0002,0.0001,-0.0003,0.0002,0.0,135.0,751.0
2026-08-24 11:11:04,2026-08-24T10:55:08,763.6,2026-08-24,P,783.0,19.32,19.51,100.0,101.0,20.46,0.3975,-0.9998,0.0001,-0.0003,0.0002,0.0,111.0,0.0
2026-08-24 11:11:04,2026-08-24T10:55:08,763.6,2026-08-24,C,784.0,0.0,0.01,0.0,3134.0,0.01,0.3712,0.0002,0.0001,-0.0002,0.0001,0.0,54.0,807.0
2026-08-24 11:11:04,2026-08-24T10:55:08,763.6,2026-08-24,P,784.0,20.32,20.5,100.0,100.0,21.08,0.3976,-0.9998,0.0001,-0.0002,0.0001,0.0,54.0,1.0
2026-08-24 11:11:04,2026-08-24T10:55:08,763.6,2026-08-24,C,785.0,0.0,0.01,0.0,3253.0,0.01,0.3874,0.0001,0.0001,-0.0001,0.0001,0.0,178.0,1778.0
2026-08-24 11:11:04,2026-08-24T10:55:08,763.6,2026-08-24,P,785.0,21.32,21.53,44.0,100.0,22.19,0.4595,-0.9999,0.0001,-0.0001,0.0001,0.0,7.0,1.0
2026-08-24 11:11:04,2026-08-24T10:55:08,763.6,2026-08-24,C,786.0,0.0,0.01,0.0,3253.0,0.01,0.4036,0.0001,0.0001,-0.0001,0.0001,0.0,18.0,512.0
2026-08-24 11:11:04,2026-08-24T10:55:08,763.6,2026-08-24,P,786.0,22.32,22.53,100.0,100.0,22.72,0.478,-0.9999,0.0001,-0.0001,0.0001,0.0,6.0,0.0
2026-08-24 11:11:04,2026-08-24T10:55:08,763.6,2026-08-24,C,787.0,0.0,0.01,0.0,3253.0,0.01,0.4196,0.0001,0.0,-0.0001,0.0001,0.0,1.0,1566.0
2026-08-24 11:11:04,2026-08-24T10:55:08,763.6,2026-08-24,P,787.0,23.32,23.55,45.0,45.0,24.03,0.5174,-0.9999,0.0,-0.0001,0.0001,0.0,21.0,0.0
2026-08-24 11:11:04,2026-08-24T10:55:08,763.6,2026-08-24,C,788.0,0.0,0.01,0.0,2258.0,0.01,0.4356,0.0,0.0,0.0,0.0,0.0,3.0,772.0
2026-08-24 11:11:04,2026-08-24T10:55:08,763.6,2026-08-24,P,788.0,24.32,24.55,45.0,45.0,24.71,0.5364,-1.0,0.0,0.0,0.0,0.0,12.0,0.0
2026-08-24 11:11:04,2026-08-24T10:55:08,763.6,2026-08-24,C,789.0,0.0,0.01,0.0,2254.0,0.01,0.4515,0.0,0.0,0.0,0.0,0.0,6.0,649.0
2026-08-24 11:11:04,2026-08-24T10:55:08,763.6,2026-08-24,P,789.0,25.32,25.53,44.0,45.0,25.72,0.533,-1.0,0.0,0.0,0.0,0.0,6.0,0.0
2026-08-24 11:11:04,2026-08-24T10:55:08,763.6,2026-08-24,C,790.0,0.0,0.01,0.0,4189.0,0.01,0.4674,0.0,0.0,0.0,0.0,0.0,2.0,1116.0
2026-08-24 11:11:04,2026-08-24T10:55:08,763.6,2026-08-24,P,790.0,26.32,26.5,45.0,44.0,26.72,0.4992,-1.0,0.0,0.0,0.0,0.0,6.0,0.0
2026-08-24 11:11:04,2026-08-24T10:55:08,763.6,2026-08-24,C,791.0,0.0,0.01,0.0,2254.0,0.01,0.4832,0.0,0.0,0.0,0.0,0.0,0.0,463.0
2026-08-24 11:11:04,2026-08-24T10:55:08,763.6,2026-08-24,P,791.0,27.32,27.55,44.0,44.0,27.69,0.5926,-1.0,0.0,0.0,0.0,0.0,4.0,0.0
2026-08-24 11:11:04,2026-08-24T10:55:08,763.6,2026-08-24,C,792.0,0.0,0.01,0.0,2254.0,0.01,0.4989,0.0,0.0,0.0,0.0,0.0,0.0,329.0
2026-08-24 11:11:04,2026-08-24T10:55:08,763.6,2026-08-24,P,792.0,28.32,28.49,15.0,17.0,28.7,0.4989,-1.0,0.0,0.0,0.0,0.0,4.0,0.0
2026-08-24 11:11:04,2026-08-24T10:55:08,763.6,2026-08-24,C,793.0,0.0,0.01,0.0,5700.0,0.01,0.5145,0.0,0.0,0.0,0.0,0.0,150.0,759.0
2026-08-24 11:11:04,2026-08-24T10:55:08,763.6,2026-08-24,P,793.0,29.32,29.49,15.0,15.0,29.89,0.5145,-1.0,0.0,0.0,0.0,0.0,10.0,0.0
2026-08-24 11:11:04,2026-08-24T10:55:08,763.6,2026-08-24,C,794.0,0.0,0.01,0.0,2254.0,0.01,0.5301,0.0,0.0,0.0,0.0,0.0,0.0,727.0
2026-08-24 11:11:04,2026-08-24T10:55:08,763.6,2026-08-24,P,794.0,30.32,30.49,15.0,15.0,30.69,0.5301,-1.0,0.0,0.0,0.0,0.0,4.0,0.0
2026-08-24 11:11:04,2026-08-24T10:55:08,763.6,2026-08-24,C,795.0,0.0,0.01,0.0,6371.0,0.01,0.5456,0.0,0.0,0.0,0.0,0.0,80.0,479.0
2026-08-24 11:11:04,2026-08-24T10:55:08,763.6,2026-08-24,P,795.0,31.24,31.53,1.0,1.0,31.7,0.0,-1.0,0.0,0.0,0.0,0.0,6.0,0.0
2026-08-24 11:11:04,2026-08-24T10:55:08,763.6,2026-08-24,C,796.0,0.0,0.01,0.0,2254.0,0.01,0.5611,0.0,0.0,0.0,0.0,0.0,0.0,179.0
2026-08-24 11:11:04,2026-08-24T10:55:08,763.6,2026-08-24,P,796.0,32.14,32.53,1.0,2.0,32.67,0.0,-1.0,0.0,0.0,0.0,0.0,6.0,0.0
2026-08-24 11:11:04,2026-08-24T10:55:08,763.6,2026-08-24,C,797.0,0.0,0.01,0.0,2254.0,0.01,0.5765,0.0,0.0,0.0,0.0,0.0,0.0,122.0
2026-08-24 11:11:04,2026-08-24T10:55:08,763.6,2026-08-24,P,797.0,33.09,33.54,1.0,2.0,33.72,0.6594,-1.0,0.0,0.0,0.0,0.0,6.0,0.0
2026-08-24 11:11:04,2026-08-24T10:55:08,763.6,2026-08-24,C,798.0,0.0,0.01,0.0,2254.0,0.05,0.5919,0.0,0.0,0.0,0.0,0.0,2.0,563.0
2026-08-24 11:11:04,2026-08-24T10:55:08,763.6,2026-08-24,P,798.0,34.24,34.98,2.0,1.0,35.64,0.7786,-1.0,0.0,0.0,0.0,0.0,2.0,0.0
2026-08-24 11:11:04,2026-08-24T10:55:08,763.6,2026-08-24,C,799.0,0.0,0.01,0.0,2254.0,0.01,0.6072,0.0,0.0,0.0,0.0,0.0,80.0,448.0
2026-08-24 11:11:04,2026-08-24T10:55:08,763.6,2026-08-24,P,799.0,35.1,35.53,2.0,2.0,36.62,0.0,-1.0,0.0,0.0,0.0,0.0,2.0,0.0
2026-08-24 11:11:04,2026-08-24T10:55:08,763.6,2026-08-24,C,800.0,0.0,0.01,0.0,6479.0,0.01,0.6225,0.0,0.0,0.0,0.0,0.0,0.0,1221.0
2026-08-24 11:11:04,2026-08-24T10:55:08,763.6,2026-08-24,P,800.0,36.25,36.95,2.0,1.0,37.64,0.0,-1.0,0.0,0.0,0.0,0.0,2.0,1.0
2026-08-24 11:11:04,2026-08-24T10:55:08,763.6,2026-08-24,C,801.0,0.0,0.01,0.0,2254.0,0.01,0.6377,0.0,0.0,0.0,0.0,0.0,0.0,298.0
2026-08-24 11:11:04,2026-08-24T10:55:08,763.6,2026-08-24,P,801.0,37.25,37.66,2.0,1.0,38.62,0.8591,-1.0,0.0,0.0,0.0,0.0,2.0,0.0
2026-08-24 11:16:05,2026-08-24T11:00:09,763.66,2026-08-24,C,726.0,37.61,37.83,12.0,33.0,39.64,0.8714,0.9953,0.0009,-0.0213,0.0027,0.0,0.0,2.0
2026-08-24 11:16:05,2026-08-24T11:00:09,763.66,2026-08-24,P,726.0,0.0,0.01,0.0,2228.0,0.02,0.6795,-0.0047,0.0009,-0.0213,0.0027,0.0,0.0,49.0
2026-08-24 11:16:05,2026-08-24T11:00:09,763.66,2026-08-24,C,727.0,36.6,36.86,33.0,33.0,38.65,0.8858,0.9952,0.001,-0.0214,0.0027,0.0,0.0,2.0
2026-08-24 11:16:05,2026-08-24T11:00:09,763.66,2026-08-24,P,727.0,0.0,0.01,0.0,3229.0,0.01,0.6626,-0.0048,0.001,-0.0214,0.0027,0.0,0.0,142.0
2026-08-24 11:16:05,2026-08-24T11:00:09,763.66,2026-08-24,C,728.0,35.6,35.83,33.0,33.0,34.81,0.8092,0.9951,0.001,-0.0215,0.0028,0.0,3.0,0.0
2026-08-24 11:16:05,2026-08-24T11:00:09,763.66,2026-08-24,P,728.0,0.0,0.01,0.0,3229.0,0.01,0.6456,-0.0049,0.001,-0.0215,0.0028,0.0,0.0,2120.0
2026-08-24 11:16:05,2026-08-24T11:00:09,763.66,2026-08-24,C,729.0,34.6,34.83,33.0,33.0,33.86,0.8427,0.9949,0.0011,-0.0216,0.0029,0.0,3.0,0.0
2026-08-24 11:16:05,2026-08-24T11:00:09,763.66,2026-08-24,P,729.0,0.0,0.01,0.0,3229.0,0.01,0.6286,-0.0051,0.0011,-0.0216,0.0029,0.0,8.0,249.0
2026-08-24 11:16:05,2026-08-24T11:00:09,763.66,2026-08-24,C,730.0,33.6,33.86,33.0,33.0,32.47,0.8211,0.9948,0.0011,-0.0216,0.0029,0.0,1.0,61.0
2026-08-24 11:16:05,2026-08-24T11:00:09,763.66,2026-08-24,P,730.0,0.0,0.01,0.0,3229.0,0.02,0.6116,-0.0052,0.0011,-0.0216,0.0029,0.0,0.0,2337.0
2026-08-24 11:16:05,2026-08-24T11:00:09,763.66,2026-08-24,C,731.0,32.6,32.84,33.0,33.0,31.52,0.792,0.9946,0.0012,-0.0217,0.003,0.0,1.0,0.0
2026-08-24 11:16:05,2026-08-24T11:00:09,763.66,2026-08-24,P,731.0,0.0,0.01,0.0,3109.0,0.02,0.5946,-0.0054,0.0012,-0.0217,0.003,0.0,0.0,1383.0
2026-08-24 11:16:05,2026-08-24T11:00:09,763.66,2026-08-24,C,732.0,31.6,31.84,33.0,33.0,0.0,0.7779,0.9945,0.0012,-0.0218,0.0031,0.0,0.0,0.0
2026-08-24 11:16:05,2026-08-24T11:00:09,763.66,2026-08-24,P,732.0,0.0,0.01,0.0,3109.0,0.01,0.5776,-0.0055,0.0012,-0.0218,0.0031,0.0,15.0,958.0
2026-08-24 11:16:05,2026-08-24T11:00:09,763.66,2026-08-24,C,733.0,30.6,30.84,33.0,33.0,33.82,0.763,0.9943,0.0013,-0.022,0.0032,0.0,0.0,1.0
2026-08-24 11:16:05,2026-08-24T11:00:09,763.66,2026-08-24,P,733.0,0.0,0.01,0.0,3108.0,0.01,0.5606,-0.0057,0.0013,-0.022,0.0032,0.0,1.0,281.0
2026-08-24 11:16:05,2026-08-24T11:00:09,763.66,2026-08-24,C,734.0,29.6,29.83,33.0,33.0,28.29,0.7123,0.9941,0.0014,-0.022,0.0033,0.0,1.0,0.0
2026-08-24 11:16:05,2026-08-24T11:00:09,763.66,2026-08-24,P,734.0,0.0,0.01,0.0,3109.0,0.01,0.5436,-0.0059,0.0014,-0.022,0.0033,0.0,15.0,426.0
2026-08-24 11:16:05,2026-08-24T11:00:09,763.66,2026-08-24,C,735.0,28.6,28.84,33.0,139.0,28.9,0.691,0.994,0.0015,-0.0222,0.0034,0.0,5.0,7.0
2026-08-24 11:16:05,2026-08-24T11:00:09,763.66,2026-08-24,P,735.0,0.0,0.01,0.0,3109.0,0.01,0.5265,-0.006,0.0015,-0.0222,0.0034,0.0,5276.0,8066.0
2026-08-24 11:16:05,2026-08-24T11:00:09,763.66,2026-08-24,C,736.0,27.61,27.86,1.0,33.0,26.3,0.6908,0.9938,0.0016,-0.0222,0.0035,0.0,1.0,0.0
2026-08-24 11:16:05,2026-08-24T11:00:09,763.66,2026-08-24,P,736.0,0.0,0.01,0.0,3166.0,0.01,0.5094,-0.0062,0.0016,-0.0222,0.0035,0.0,942.0,7980.0
2026-08-24 11:16:05,2026-08-24T11:00:09,763.66,2026-08-24,C,737.0,26.61,26.84,33.0,33.0,25.35,0.6752,0.9935,0.0017,-0.0223,0.0036,0.0,1.0,6.0
2026-08-24 11:16:05,2026-08-24T11:00:09,763.66,2026-08-24,P,737.0,0.0,0.01,0.0,3166.0,0.01,0.4923,-0.0065,0.0017,-0.0223,0.0036,0.0,6.0,1766.0
2026-08-24 11:16:05,2026-08-24T11:00:09,763.66,2026-08-24,C,738.0,25.61,25.87,33.0,33.0,25.56,0.653,0.9933,0.0018,-0.0224,0.0037,0.0,3.0,4.0
2026-08-24 11:16:05,2026-08-24T11:00:09,763.66,2026-08-24,P,738.0,0.0,0.01,0.0,3165.0,0.01,0.4752,-0.0067,0.0018,-0.0224,0.0037,0.0,253.0,3291.0
2026-08-24 11:16:05,2026-08-24T11:00:09,763.66,2026-08-24,C,739.0,24.61,24.84,33.0,33.0,23.58,0.6309,0.9931,0.0019,-0.0226,0.0038,0.0,2.0,11.0
2026-08-24 11:16:05,2026-08-24T11:00:09,763.66,2026-08-24,P,739.0,0.0,0.01,0.0,3368.0,0.01,0.458,-0.0069,0.0019,-0.0226,0.0038,0.0,3142.0,756.0
2026-08-24 11:16:05,2026-08-24T11:00:09,763.66,2026-08-24,C,740.0,23.61,23.86,33.0,33.0,23.16,0.5968,0.9928,0.002,-0.0227,0.004,0.0,4.0,13.0
2026-08-24 11:16:05,2026-08-24T11:00:09,763.66,2026-08-24,P,740.0,0.0,0.01,0.0,3285.0,0.01,0.4408,-0.0072,0.002,-0.0227,0.004,0.0,2258.0,1476.0
2026-08-24 11:16:05,2026-08-24T11:00:09,763.66,2026-08-24,C,741.0,22.61,22.82,33.0,33.0,21.75,0.5917,0.9925,0.0022,-0.0228,0.0041,0.0,27.0,2.0
2026-08-24 11:16:05,2026-08-24T11:00:09,763.66,2026-08-24,P,741.0,0.0,0.01,0.0,3285.0,0.01,0.4236,-0.0075,0.0022,-0.0228,0.0041,0.0,1356.0,1692.0
2026-08-24 11:16:05,2026-08-24T11:00:09,763.66,2026-08-24,C,742.0,21.61,21.82,100.0,33.0,20.75,0.5639,0.9922,0.0024,-0.0229,0.0043,0.0,26.0,13.0
2026-08-24 11:16:05,2026-08-24T11:00:09,763.66,2026-08-24,P,742.0,0.01,0.02,1437.0,3316.0,0.01,0.4542,-0.0078,0.0024,-0.0229,0.0043,0.0,822.0,744.0
2026-08-24 11:16:05,2026-08-24T11:00:09,763.66,2026-08-24,C,743.0,20.61,20.84,18.0,100.0,20.54,0.5414,0.9919,0.0025,-0.023,0.0044,0.0,24.0,12.0
2026-08-24 11:16:05,2026-08-24T11:00:09,763.66,2026-08-24,P,743.0,0.01,0.02,1581.0,3436.0,0.02,0.4352,-0.0081,0.0025,-0.023,0.0044,0.0,862.0,624.0
2026-08-24 11:16:05,2026-08-24T11:00:09,763.66,2026-08-24,C,744.0,19.61,19.84,18.0,155.0,19.12,0.5238,0.9915,0.0028,-0.0231,0.0046,0.0,31.0,6.0
2026-08-24 11:16:05,2026-08-24T11:00:09,763.66,2026-08-24,P,744.0,0.01,0.02,2058.0,3436.0,0.01,0.4162,-0.0085,0.0028,-0.0231,0.0046,0.0,175.0,1252.0
2026-08-24 11:16:05,2026-08-24T11:00:09,763.66,2026-08-24,C,745.0,18.61,18.84,100.0,161.0,17.84,0.4962,0.9912,0.003,-0.0232,0.0048,0.0,26.0,72.0
2026-08-24 11:16:05,2026-08-24T11:00:09,763.66,2026-08-24,P,745.0,0.01,0.02,1321.0,3436.0,0.02,0.3971,-0.0088,0.003,-0.0232,0.0048,0.0,224.0,1460.0
2026-08-24 11:16:05,2026-08-24T11:00:09,763.66,2026-08-24,C,746.0,17.63,17.84,8.0,227.0,17.8,0.478,0.9907,0.0033,-0.0233,0.0051,0.0,14.0,11.0
2026-08-24 11:16:05,2026-08-24T11:00:09,763.66,2026-08-24,P,746.0,0.01,0.02,1517.0,3286.0,0.01,0.378,-0.0093,0.0033,-0.0233,0.0051,0.0,504.0,497.0
2026-08-24 11:16:05,2026-08-24T11:00:09,763.66,2026-08-24,C,747.0,16.63,16.84,22.0,139.0,16.46,0.455,0.9902,0.0036,-0.0234,0.0053,0.0,14.0,24.0
2026-08-24 11:16:05,2026-08-24T11:00:09,763.66,2026-08-24,P,747.0,0.01,0.02,2103.0,2786.0,0.02,0.3587,-0.0098,0.0036,-0.0234,0.0053,0.0,175.0,1909.0
2026-08-24 11:16:05,2026-08-24T11:00:09,763.66,2026-08-24,C,748.0,15.63,15.84,28.0,100.0,14.68,0.4318,0.9897,0.004,-0.0235,0.0056,0.0,37.0,24.0
2026-08-24 11:16:05,2026-08-24T11:00:09,763.66,2026-08-24,P,748.0,0.01,0.02,2206.0,2786.0,0.02,0.3394,-0.0103,0.004,-0.0235,0.0056,0.0,1857.0,1955.0
2026-08-24 11:16:05,2026-08-24T11:00:09,763.66,2026-08-24,C,749.0,14.62,14.85,82.0,100.0,13.77,0.4084,0.9891,0.0044,-0.0236,0.0059,0.0,9.0,78.0
2026-08-24 11:16:05,2026-08-24T11:00:09,763.66,2026-08-24,P,749.0,0.01,0.02,2288.0,2786.0,0.01,0.3201,-0.0109,0.0044,-0.0236,0.0059,0.0,4633.0,2418.0
2026-08-24 11:16:05,2026-08-24T11:00:09,763.66,2026-08-24,C,750.0,13.62,13.83,100.0,100.0,13.73,0.3887,0.9885,0.005,-0.0237,0.0062,0.0,71.0,79.0
2026-08-24 11:16:05,2026-08-24T11:00:09,763.66,2026-08-24,P,750.0,0.01,0.02,2692.0,2787.0,0.01,0.3006,-0.0115,0.005,-0.0237,0.0062,0.0,2009.0,10698.0
2026-08-24 11:16:05,2026-08-24T11:00:09,763.66,2026-08-24,C,751.0,12.62,12.85,34.0,39.0,11.93,0.3612,0.9877,0.0056,-0.0238,0.0066,0.0,7.0,59.0
2026-08-24 11:16:05,2026-08-24T11:00:09,763.66,2026-08-24,P,751.0,0.01,0.02,2690.0,2787.0,0.02,0.281,-0.0123,0.0056,-0.0238,0.0066,0.0,1393.0,1189.0
2026-08-24 11:16:05,2026-08-24T11:00:09,763.66,2026-08-24,C,752.0,11.62,11.83,34.0,39.0,11.54,0.3408,0.9869,0.0064,-0.0239,0.007,0.0,301.0,59.0
2026-08-24 11:16:05,2026-08-24T11:00:09,763.66,2026-08-24,P,752.0,0.01,0.02,2734.0,2998.0,0.03,0.2613,-0.0131,0.0064,-0.0239,0.007,0.0,3271.0,1738.0
2026-08-24 11:16:05,2026-08-24T11:00:09,763.66,2026-08-24,C,753.0,10.62,10.84,100.0,126.0,10.47,0.3165,0.9858,0.0073,-0.0241,0.0075,0.0,76.0,105.0
2026-08-24 11:16:05,2026-08-24T11:00:09,763.66,2026-08-24,P,753.0,0.02,0.03,935.0,3178.0,0.03,0.2582,-0.0142,0.0073,-0.0241,0.0075,0.0,6764.0,3707.0
2026-08-24 11:16:05,2026-08-24T11:00:09,763.66,2026-08-24,C,754.0,9.63,9.84,45.0,57.0,9.83,0.2919,0.9846,0.0086,-0.0243,0.0081,0.0,379.0,90.0
2026-08-24 11:16:05,2026-08-24T11:00:09,763.66,2026-08-24,P,754.0,0.02,0.03,2388.0,3020.0,0.02,0.2371,-0.0154,0.0086,-0.0243,0.0081,0.0,2883.0,3882.0
2026-08-24 11:16:05,2026-08-24T11:00:09,763.66,2026-08-24,C,755.0,8.63,8.86,64.0,94.0,8.64,0.2726,0.983,0.0102,-0.025,0.0089,0.0,403.0,182.0
2026-08-24 11:16:05,2026-08-24T11:00:09,763.66,2026-08-24,P,755.0,0.02,0.03,1630.0,2131.0,0.02,0.2158,-0.017,0.0102,-0.025,0.0089,0.0,17525.0,7567.0
2026-08-24 11:16:05,2026-08-24T11:00:09,763.66,2026-08-24,C,756.0,7.64,7.84,74.0,56.0,7.55,0.247,0.9802,0.0127,-0.0268,0.0101,0.0,154.0,111.0
2026-08-24 11:16:05,2026-08-24T11:00:09,763.66,2026-08-24,P,756.0,0.03,0.04,1245.0,3078.0,0.03,0.2046,-0.0198,0.0127,-0.0268,0.0101,0.0,22965.0,7665.0
2026-08-24 11:16:05,2026-08-24T11:00:09,763.66,2026-08-24,C,757.0,6.64,6.75,150.0,72.0,6.8,0.2085,0.975,0.017,-0.032,0.0123,0.0,864.0,186.0
2026-08-24 11:16:05,2026-08-24T11:00:09,763.66,2026-08-24,P,757.0,0.04,0.05,451.0,3305.0,0.05,0.1898,-0.025,0.017,-0.032,0.0123,0.0,35185.0,4394.0
2026-08-24 11:16:05,2026-08-24T11:00:09,763.66,2026-08-24,C,758.0,5.67,5.87,78.0,95.0,5.69,0.2006,0.9643,0.0248,-0.0446,0.0165,0.0,582.0,149.0
2026-08-24 11:16:05,2026-08-24T11:00:09,763.66,2026-08-24,P,758.0,0.05,0.06,1033.0,2612.0,0.06,0.1722,-0.0357,0.0248,-0.0446,0.0165,0.0,42711.0,3941.0
2026-08-24 11:16:05,2026-08-24T11:00:09,763.66,2026-08-24,C,759.0,4.68,4.88,50.0,100.0,4.77,0.1831,0.9435,0.0383,-0.0712,0.0235,0.0,1565.0,194.0
2026-08-24 11:16:05,2026-08-24T11:00:09,763.66,2026-08-24,P,759.0,0.07,0.08,839.0,1037.0,0.07,0.1569,-0.0565,0.0383,-0.0712,0.0235,0.0,45883.0,3264.0
2026-08-24 11:16:05,2026-08-24T11:00:09,763.66,2026-08-24,C,760.0,3.76,3.8,26.0,100.0,3.84,0.1489,0.9077,0.0594,-0.1199,0.0335,0.0,4710.0,370.0
2026-08-24 11:16:05,2026-08-24T11:00:09,763.66,2026-08-24,P,760.0,0.11,0.12,1192.0,998.0,0.12,0.1442,-0.0923,0.0594,-0.1199,0.0335,0.0,120922.0,10050.0
2026-08-24 11:16:05,2026-08-24T11:00:09,763.66,2026-08-24,C,761.0,2.84,2.88,147.0,168.0,2.83,0.1376,0.8504,0.0897,-0.2014,0.0463,0.0,8862.0,318.0
2026-08-24 11:16:05,2026-08-24T11:00:09,763.66,2026-08-24,P,761.0,0.19,0.2,71.0,645.0,0.19,0.132,-0.1496,0.0897,-0.2014,0.0463,0.0,122505.0,4492.0
2026-08-24 11:16:05,2026-08-24T11:00:09,763.66,2026-08-24,C,762.0,1.98,2.01,177.0,150.0,2.04,0.1236,0.76,0.1299,-0.3392,0.0606,0.0,38996.0,936.0
2026-08-24 11:16:05,2026-08-24T11:00:09,763.66,2026-08-24,P,762.0,0.33,0.34,813.0,648.0,0.34,0.1228,-0.24,0.1299,-0.3392,0.0606,0.0,219015.0,3574.0
2026-08-24 11:16:05,2026-08-24T11:00:09,763.66,2026-08-24,C,763.0,1.25,1.27,99.0,163.0,1.26,0.1181,0.6218,0.1713,-0.585,0.0731,0.0,143283.0,1198.0
2026-08-24 11:16:05,2026-08-24T11:00:09,763.66,2026-08-24,P,763.0,0.59,0.6,435.0,177.0,0.6,0.1147,-0.3782,0.1713,-0.585,0.0731,0.0,289218.0,6044.0
2026-08-24 11:16:05,2026-08-24T11:00:09,763.66,2026-08-24,C,764.0,0.69,0.7,40.0,331.0,0.7,0.1117,0.4411,0.1873,-0.6929,0.0756,0.0,218856.0,1820.0
2026-08-24 11:16:05,2026-08-24T11:00:09,763.66,2026-08-24,P,764.0,1.02,1.03,150.0,32.0,1.03,0.1084,-0.5589,0.1873,-0.6929,0.0756,0.0,102765.0,6864.0
2026-08-24 11:16:05,2026-08-24T11:00:09,763.66,2026-08-24,C,765.0,0.32,0.33,787.0,531.0,0.33,0.1106,0.2639,0.1574,-0.3327,0.0636,0.0,159998.0,6424.0
2026-08-24 11:16:05,2026-08-24T11:00:09,763.66,2026-08-24,P,765.0,1.64,1.68,200.0,189.0,1.68,0.1058,-0.7361,0.1574,-0.3327,0.0636,0.0,43386.0,19244.0
2026-08-24 11:16:05,2026-08-24T11:00:09,763.66,2026-08-24,C,766.0,0.14,0.15,1659.0,870.0,0.16,0.1124,0.1426,0.1043,-0.1573,0.0452,0.0,111850.0,8787.0
2026-08-24 11:16:05,2026-08-24T11:00:09,763.66,2026-08-24,P,766.0,2.48,2.52,118.0,33.0,2.4,0.1076,-0.8574,0.1043,-0.1573,0.0452,0.0,12161.0,11396.0
2026-08-24 11:16:05,2026-08-24T11:00:09,763.66,2026-08-24,C,767.0,0.07,0.08,970.0,2468.0,0.07,0.1194,0.0808,0.0635,-0.0864,0.0309,0.0,85163.0,5623.0
2026-08-24 11:16:05,2026-08-24T11:00:09,763.66,2026-08-24,P,767.0,3.25,3.46,46.0,100.0,3.46,0.0,-0.9192,0.0635,-0.0864,0.0309,0.0,2969.0,4337.0
2026-08-24 11:16:05,2026-08-24T11:00:09,763.66,2026-08-24,C,768.0,0.04,0.05,1513.0,3118.0,0.05,0.1317,0.0508,0.0398,-0.0555,0.0219,0.0,35343.0,6707.0
2026-08-24 11:16:05,2026-08-24T11:00:09,763.66,2026-08-24,P,768.0,4.27,4.43,1.0,100.0,4.21,0.0,-0.9492,0.0398,-0.0555,0.0219,0.0,1125.0,2423.0
2026-08-24 11:16:05,2026-08-24T11:00:09,763.66,2026-08-24,C,769.0,0.02,0.03,3361.0,2209.0,0.03,0.141,0.0337,0.0259,-0.038,0.0159,0.0,12091.0,4943.0
2026-08-24 11:16:05,2026-08-24T11:00:09,763.66,2026-08-24,P,769.0,5.24,5.42,1.0,106.0,5.37,0.0,-0.9663,0.0259,-0.038,0.0159,0.0,479.0,3299.0
2026-08-24 11:16:05,2026-08-24T11:00:09,763.66,2026-08-24,C,770.0,0.02,0.03,2144.0,2813.0,0.03,0.163,0.0227,0.0172,-0.0263,0.0116,0.0,16589.0,11088.0
2026-08-24 11:16:05,2026-08-24T11:00:09,763.66,2026-08-24,P,770.0,6.21,6.42,66.0,106.0,6.32,0.0,-0.9773,0.0172,-0.0263,0.0116,0.0,948.0,3062.0
2026-08-24 11:16:05,2026-08-24T11:00:09,763.66,2026-08-24,C,771.0,0.01,0.02,2885.0,2011.0,0.02,0.1716,0.0155,0.0115,-0.0182,0.0084,0.0,3898.0,4378.0
2026-08-24 11:16:05,2026-08-24T11:00:09,763.66,2026-08-24,P,771.0,7.22,7.4,66.0,1.0,7.4,0.0,-0.9845,0.0115,-0.0182,0.0084,0.0,238.0,1479.0
2026-08-24 11:16:05,2026-08-24T11:00:09,763.66,2026-08-24,C,772.0,0.01,0.02,2452.0,2189.0,0.01,0.1916,0.0106,0.0078,-0.0127,0.0061,0.0,7605.0,17015.0
2026-08-24 11:16:05,2026-08-24T11:00:09,763.66,2026-08-24,P,772.0,8.18,8.41,101.0,62.0,8.19,0.0,-0.9894,0.0078,-0.0127,0.0061,0.0,229.0,1353.0
2026-08-24 11:16:05,2026-08-24T11:00:09,763.66,2026-08-24,C,773.0,0.01,0.02,2075.0,2930.0,0.01,0.2114,0.0073,0.0053,-0.0088,0.0044,0.0,2760.0,6476.0
2026-08-24 11:16:05,2026-08-24T11:00:09,763.66,2026-08-24,P,773.0,9.22,9.4,1.0,64.0,9.34,0.0,-0.9927,0.0053,-0.0088,0.0044,0.0,150.0,348.0
2026-08-24 11:16:05,2026-08-24T11:00:09,763.66,2026-08-24,C,774.0,0.01,0.02,1228.0,2810.0,0.01,0.2309,0.0051,0.0037,-0.0062,0.0032,0.0,1939.0,3840.0
2026-08-24 11:16:05,2026-08-24T11:00:09,763.66,2026-08-24,P,774.0,10.22,10.41,1.0,100.0,10.42,0.0,-0.9949,0.0037,-0.0062,0.0032,0.0,108.0,46.0
2026-08-24 11:16:05,2026-08-24T11:00:09,763.66,2026-08-24,C,775.0,0.01,0.02,963.0,2981.0,0.01,0.2502,0.0035,0.0025,-0.0043,0.0023,0.0,4283.0,5611.0
2026-08-24 11:16:05,2026-08-24T11:00:09,763.66,2026-08-24,P,775.0,11.21,11.41,1.0,101.0,11.49,0.0,-0.9965,0.0025,-0.0043,0.0023,0.0,62.0,13.0
2026-08-24 11:16:05,2026-08-24T11:00:09,763.66,2026-08-24,C,776.0,0.0,0.01,0.0,5113.0,0.02,0.2384,0.0025,0.0018,-0.003,0.0017,0.0,5240.0,6136.0
2026-08-24 11:16:05,2026-08-24T11:00:09,763.66,2026-08-24,P,776.0,12.21,12.4,1.0,22.0,12.81,0.0,-0.9975,0.0018,-0.003,0.0017,0.0,71.0,28.0
2026-08-24 11:16:05,2026-08-24T11:00:09,763.66,2026-08-24,C,777.0,0.0,0.01,0.0,3341.0,0.01,0.2556,0.0017,0.0012,-0.0021,0.0012,0.0,3177.0,3531.0
2026-08-24 11:16:05,2026-08-24T11:00:09,763.66,2026-08-24,P,777.0,13.22,13.39,100.0,1.0,13.24,0.0,-0.9983,0.0012,-0.0021,0.0012,0.0,47.0,30.0
2026-08-24 11:16:05,2026-08-24T11:00:09,763.66,2026-08-24,C,778.0,0.0,0.01,0.0,3190.0,0.01,0.2726,0.0012,0.0009,-0.0015,0.0009,0.0,191.0,1814.0
2026-08-24 11:16:05,2026-08-24T11:00:09,763.66,2026-08-24,P,778.0,14.21,14.41,1.0,101.0,14.23,0.0,-0.9988,0.0009,-0.0015,0.0009,0.0,29.0,6.0
2026-08-24 11:16:05,2026-08-24T11:00:09,763.66,2026-08-24,C,779.0,0.0,0.01,0.0,3196.0,0.01,0.2895,0.0009,0.0006,-0.0011,0.0007,0.0,16.0,1475.0
2026-08-24 11:16:05,2026-08-24T11:00:09,763.66,2026-08-24,P,779.0,15.21,15.4,100.0,1.0,16.46,0.0,-0.9991,0.0006,-0.0011,0.0007,0.0,59.0,27.0
2026-08-24 11:16:05,2026-08-24T11:00:09,763.66,2026-08-24,C,780.0,0.0,0.01,0.0,3191.0,0.01,0.3063,0.0006,0.0004,-0.0008,0.0005,0.0,53.0,7079.0
2026-08-24 11:16:05,2026-08-24T11:00:09,763.66,2026-08-24,P,780.0,16.23,16.41,1.0,101.0,16.23,0.0,-0.9994,0.0004,-0.0008,0.0005,0.0,42.0,1.0
2026-08-24 11:16:05,2026-08-24T11:00:09,763.66,2026-08-24,C,781.0,0.0,0.01,0.0,3190.0,0.01,0.323,0.0004,0.0003,-0.0006,0.0004,0.0,43.0,2996.0
2026-08-24 11:16:05,2026-08-24T11:00:09,763.66,2026-08-24,P,781.0,17.21,17.41,33.0,101.0,17.72,0.0,-0.9996,0.0003,-0.0006,0.0004,0.0,6.0,0.0
2026-08-24 11:16:05,2026-08-24T11:00:09,763.66,2026-08-24,C,782.0,0.0,0.01,0.0,3190.0,0.01,0.3396,0.0003,0.0002,-0.0004,0.0003,0.0,8.0,1792.0
2026-08-24 11:16:05,2026-08-24T11:00:09,763.66,2026-08-24,P,782.0,18.22,18.41,33.0,100.0,18.45,0.0,-0.9997,0.0002,-0.0004,0.0003,0.0,16.0,1.0
2026-08-24 11:16:05,2026-08-24T11:00:09,763.66,2026-08-24,C,783.0,0.0,0.01,0.0,3133.0,0.01,0.3562,0.0002,0.0002,-0.0003,0.0002,0.0,135.0,751.0
2026-08-24 11:16:05,2026-08-24T11:00:09,763.66,2026-08-24,P,783.0,19.22,19.41,1.0,34.0,20.46,0.0,-0.9998,0.0002,-0.0003,0.0002,0.0,111.0,0.0
2026-08-24 11:16:05,2026-08-24T11:00:09,763.66,2026-08-24,C,784.0,0.0,0.01,0.0,3134.0,0.01,0.3726,0.0002,0.0001,-0.0002,0.0001,0.0,54.0,807.0
2026-08-24 11:16:05,2026-08-24T11:00:09,763.66,2026-08-24,P,784.0,20.15,20.4,33.0,13.0,21.08,0.0,-0.9998,0.0001,-0.0002,0.0001,0.0,54.0,1.0
2026-08-24 11:16:05,2026-08-24T11:00:09,763.66,2026-08-24,C,785.0,0.0,0.01,0.0,3253.0,0.01,0.3889,0.0001,0.0001,-0.0001,0.0001,0.0,179.0,1778.0
2026-08-24 11:16:05,2026-08-24T11:00:09,763.66,2026-08-24,P,785.0,21.24,21.39,2.0,1.0,22.19,0.0,-0.9999,0.0001,-0.0001,0.0001,0.0,7.0,1.0
2026-08-24 11:16:05,2026-08-24T11:00:09,763.66,2026-08-24,C,786.0,0.0,0.01,0.0,3253.0,0.01,0.4052,0.0001,0.0001,-0.0001,0.0001,0.0,18.0,512.0
2026-08-24 11:16:05,2026-08-24T11:00:09,763.66,2026-08-24,P,786.0,22.22,22.39,100.0,1.0,22.72,0.0,-0.9999,0.0001,-0.0001,0.0001,0.0,6.0,0.0
2026-08-24 11:16:05,2026-08-24T11:00:09,763.66,2026-08-24,C,787.0,0.0,0.01,0.0,3253.0,0.01,0.4214,0.0001,0.0,-0.0001,0.0001,0.0,1.0,1566.0
2026-08-24 11:16:05,2026-08-24T11:00:09,763.66,2026-08-24,P,787.0,23.22,23.4,33.0,1.0,24.03,0.0,-0.9999,0.0,-0.0001,0.0001,0.0,21.0,0.0
2026-08-24 11:16:05,2026-08-24T11:00:09,763.66,2026-08-24,C,788.0,0.0,0.01,0.0,2258.0,0.01,0.4375,0.0,0.0,-0.0001,0.0,0.0,3.0,772.0
2026-08-24 11:16:05,2026-08-24T11:00:09,763.66,2026-08-24,P,788.0,24.21,24.4,1.0,33.0,24.71,0.0,-1.0,0.0,-0.0001,0.0,0.0,12.0,0.0
2026-08-24 11:16:05,2026-08-24T11:00:09,763.66,2026-08-24,C,789.0,0.0,0.01,0.0,2254.0,0.01,0.4535,0.0,0.0,0.0,0.0,0.0,6.0,649.0
2026-08-24 11:16:05,2026-08-24T11:00:09,763.66,2026-08-24,P,789.0,25.21,25.4,33.0,1.0,25.72,0.0,-1.0,0.0,0.0,0.0,0.0,6.0,0.0
2026-08-24 11:16:05,2026-08-24T11:00:09,763.66,2026-08-24,C,790.0,0.0,0.01,0.0,4119.0,0.01,0.4695,0.0,0.0,0.0,0.0,0.0,2.0,1116.0
2026-08-24 11:16:05,2026-08-24T11:00:09,763.66,2026-08-24,P,790.0,26.15,26.4,33.0,11.0,26.72,0.0,-1.0,0.0,0.0,0.0,0.0,6.0,0.0
2026-08-24 11:16:05,2026-08-24T11:00:09,763.66,2026-08-24,C,791.0,0.0,0.01,0.0,2254.0,0.01,0.4854,0.0,0.0,0.0,0.0,0.0,0.0,463.0
2026-08-24 11:16:05,2026-08-24T11:00:09,763.66,2026-08-24,P,791.0,27.19,27.4,33.0,1.0,27.69,0.0,-1.0,0.0,0.0,0.0,0.0,4.0,0.0
2026-08-24 11:16:05,2026-08-24T11:00:09,763.66,2026-08-24,C,792.0,0.0,0.01,0.0,2254.0,0.01,0.5012,0.0,0.0,0.0,0.0,0.0,0.0,329.0
2026-08-24 11:16:05,2026-08-24T11:00:09,763.66,2026-08-24,P,792.0,28.2,28.4,11.0,11.0,28.7,0.0,-1.0,0.0,0.0,0.0,0.0,4.0,0.0
2026-08-24 11:16:05,2026-08-24T11:00:09,763.66,2026-08-24,C,793.0,0.0,0.01,0.0,5653.0,0.01,0.517,0.0,0.0,0.0,0.0,0.0,150.0,759.0
2026-08-24 11:16:05,2026-08-24T11:00:09,763.66,2026-08-24,P,793.0,29.19,29.4,10.0,1.0,29.89,0.0,-1.0,0.0,0.0,0.0,0.0,10.0,0.0
2026-08-24 11:16:05,2026-08-24T11:00:09,763.66,2026-08-24,C,794.0,0.0,0.01,0.0,2254.0,0.01,0.5327,0.0,0.0,0.0,0.0,0.0,0.0,727.0
2026-08-24 11:16:05,2026-08-24T11:00:09,763.66,2026-08-24,P,794.0,30.18,30.41,11.0,11.0,30.69,0.0,-1.0,0.0,0.0,0.0,0.0,4.0,0.0
2026-08-24 11:16:05,2026-08-24T11:00:09,763.66,2026-08-24,C,795.0,0.0,0.01,0.0,6107.0,0.01,0.5484,0.0,0.0,0.0,0.0,0.0,80.0,479.0
2026-08-24 11:16:05,2026-08-24T11:00:09,763.66,2026-08-24,P,795.0,31.18,31.58,2.0,1.0,31.7,0.0,-1.0,0.0,0.0,0.0,0.0,6.0,0.0
2026-08-24 11:16:05,2026-08-24T11:00:09,763.66,2026-08-24,C,796.0,0.0,0.01,0.0,2254.0,0.01,0.564,0.0,0.0,0.0,0.0,0.0,0.0,179.0
2026-08-24 11:16:05,2026-08-24T11:00:09,763.66,2026-08-24,P,796.0,32.18,32.58,2.0,1.0,32.67,0.0,-1.0,0.0,0.0,0.0,0.0,6.0,0.0
2026-08-24 11:16:05,2026-08-24T11:00:09,763.66,2026-08-24,C,797.0,0.0,0.01,0.0,2254.0,0.01,0.5795,0.0,0.0,0.0,0.0,0.0,0.0,122.0
2026-08-24 11:16:05,2026-08-24T11:00:09,763.66,2026-08-24,P,797.0,33.03,33.51,1.0,1.0,33.72,0.0,-1.0,0.0,0.0,0.0,0.0,6.0,0.0
2026-08-24 11:16:05,2026-08-24T11:00:09,763.66,2026-08-24,C,798.0,0.0,0.01,0.0,2254.0,0.05,0.595,0.0,0.0,0.0,0.0,0.0,2.0,563.0
2026-08-24 11:16:05,2026-08-24T11:00:09,763.66,2026-08-24,P,798.0,34.19,35.29,1.0,2.0,35.64,1.0475,-1.0,0.0,0.0,0.0,0.0,2.0,0.0
2026-08-24 11:16:05,2026-08-24T11:00:09,763.66,2026-08-24,C,799.0,0.0,0.01,0.0,2254.0,0.01,0.6104,0.0,0.0,0.0,0.0,0.0,80.0,448.0
2026-08-24 11:16:05,2026-08-24T11:00:09,763.66,2026-08-24,P,799.0,35.18,35.51,2.0,2.0,36.62,0.0,-1.0,0.0,0.0,0.0,0.0,2.0,0.0
2026-08-24 11:16:05,2026-08-24T11:00:09,763.66,2026-08-24,C,800.0,0.0,0.01,0.0,6169.0,0.01,0.6258,0.0,0.0,0.0,0.0,0.0,0.0,1221.0
2026-08-24 11:16:05,2026-08-24T11:00:09,763.66,2026-08-24,P,800.0,36.2,36.58,1.0,1.0,37.64,0.0,-1.0,0.0,0.0,0.0,0.0,2.0,1.0
2026-08-24 11:16:05,2026-08-24T11:00:09,763.66,2026-08-24,C,801.0,0.0,0.01,0.0,2254.0,0.01,0.6411,0.0,0.0,0.0,0.0,0.0,0.0,298.0
2026-08-24 11:16:05,2026-08-24T11:00:09,763.66,2026-08-24,P,801.0,37.11,37.56,1.0,1.0,38.62,0.0,-1.0,0.0,0.0,0.0,0.0,2.0,0.0
2026-08-24 11:21:06,2026-08-24T11:05:09,763.02,2026-08-24,C,725.0,38.0,38.23,24.0,24.0,38.73,0.9056,0.9955,0.0009,-0.0204,0.0025,0.0,0.0,13.0
2026-08-24 11:21:06,2026-08-24T11:05:09,763.02,2026-08-24,P,725.0,0.0,0.01,0.0,2228.0,0.01,0.6917,-0.0045,0.0009,-0.0204,0.0025,0.0,1.0,984.0
2026-08-24 11:21:06,2026-08-24T11:05:09,763.02,2026-08-24,C,726.0,37.0,37.24,24.0,24.0,39.64,0.893,0.9954,0.0009,-0.0205,0.0026,0.0,0.0,2.0
2026-08-24 11:21:06,2026-08-24T11:05:09,763.02,2026-08-24,P,726.0,0.0,0.01,0.0,2228.0,0.02,0.6746,-0.0046,0.0009,-0.0205,0.0026,0.0,0.0,49.0
2026-08-24 11:21:06,2026-08-24T11:05:09,763.02,2026-08-24,C,727.0,36.0,36.24,24.0,24.0,38.65,0.8714,0.9953,0.001,-0.0206,0.0027,0.0,0.0,2.0
2026-08-24 11:21:06,2026-08-24T11:05:09,763.02,2026-08-24,P,727.0,0.0,0.01,0.0,3228.0,0.01,0.6575,-0.0047,0.001,-0.0206,0.0027,0.0,0.0,142.0
2026-08-24 11:21:06,2026-08-24T11:05:09,763.02,2026-08-24,C,728.0,35.0,35.25,24.0,24.0,34.81,0.8578,0.9951,0.001,-0.0207,0.0027,0.0,3.0,0.0
2026-08-24 11:21:06,2026-08-24T11:05:09,763.02,2026-08-24,P,728.0,0.0,0.01,0.0,3228.0,0.01,0.6404,-0.0048,0.001,-0.0207,0.0027,0.0,0.0,2120.0
2026-08-24 11:21:06,2026-08-24T11:05:09,763.02,2026-08-24,C,729.0,34.0,34.2,24.0,24.0,33.86,0.7927,0.995,0.0011,-0.0208,0.0028,0.0,3.0,0.0
2026-08-24 11:21:06,2026-08-24T11:05:09,763.02,2026-08-24,P,729.0,0.0,0.01,0.0,3228.0,0.01,0.6232,-0.005,0.0011,-0.0208,0.0028,0.0,8.0,249.0
2026-08-24 11:21:06,2026-08-24T11:05:09,763.02,2026-08-24,C,730.0,33.0,33.2,24.0,24.0,32.47,0.7718,0.9949,0.0011,-0.0209,0.0029,0.0,1.0,61.0
2026-08-24 11:21:06,2026-08-24T11:05:09,763.02,2026-08-24,P,730.0,0.0,0.01,0.0,3228.0,0.02,0.6061,-0.0051,0.0011,-0.0209,0.0029,0.0,0.0,2337.0
2026-08-24 11:21:06,2026-08-24T11:05:09,763.02,2026-08-24,C,731.0,32.0,32.2,24.0,24.0,31.52,0.7509,0.9947,0.0012,-0.021,0.003,0.0,1.0,0.0
2026-08-24 11:21:06,2026-08-24T11:05:09,763.02,2026-08-24,P,731.0,0.0,0.01,0.0,3108.0,0.02,0.589,-0.0053,0.0012,-0.021,0.003,0.0,0.0,1383.0
2026-08-24 11:21:06,2026-08-24T11:05:09,763.02,2026-08-24,C,732.0,31.0,31.23,24.0,24.0,0.0,0.7556,0.9946,0.0012,-0.0211,0.0031,0.0,0.0,0.0
2026-08-24 11:21:06,2026-08-24T11:05:09,763.02,2026-08-24,P,732.0,0.0,0.01,0.0,3108.0,0.01,0.5718,-0.0054,0.0012,-0.0211,0.0031,0.0,15.0,958.0
2026-08-24 11:21:06,2026-08-24T11:05:09,763.02,2026-08-24,C,733.0,30.0,30.23,24.0,24.0,33.82,0.734,0.9944,0.0013,-0.0212,0.0031,0.0,0.0,1.0
2026-08-24 11:21:06,2026-08-24T11:05:09,763.02,2026-08-24,P,733.0,0.0,0.01,0.0,3108.0,0.01,0.5546,-0.0056,0.0013,-0.0212,0.0031,0.0,1.0,281.0
2026-08-24 11:21:06,2026-08-24T11:05:09,763.02,2026-08-24,C,734.0,29.0,29.21,24.0,24.0,28.29,0.6965,0.9942,0.0014,-0.0213,0.0032,0.0,1.0,0.0
2026-08-24 11:21:06,2026-08-24T11:05:09,763.02,2026-08-24,P,734.0,0.0,0.01,0.0,3108.0,0.01,0.5374,-0.0058,0.0014,-0.0213,0.0032,0.0,15.0,426.0
2026-08-24 11:21:06,2026-08-24T11:05:09,763.02,2026-08-24,C,735.0,28.0,28.21,24.0,24.0,28.9,0.6752,0.994,0.0015,-0.0214,0.0033,0.0,5.0,7.0
2026-08-24 11:21:06,2026-08-24T11:05:09,763.02,2026-08-24,P,735.0,0.0,0.01,0.0,3108.0,0.01,0.5202,-0.006,0.0015,-0.0214,0.0033,0.0,5276.0,8066.0
2026-08-24 11:21:06,2026-08-24T11:05:09,763.02,2026-08-24,C,736.0,27.0,27.21,24.0,24.0,26.3,0.6539,0.9938,0.0016,-0.0215,0.0034,0.0,1.0,0.0
2026-08-24 11:21:06,2026-08-24T11:05:09,763.02,2026-08-24,P,736.0,0.0,0.01,0.0,3166.0,0.01,0.503,-0.0062,0.0016,-0.0215,0.0034,0.0,942.0,7980.0
2026-08-24 11:21:06,2026-08-24T11:05:09,763.02,2026-08-24,C,737.0,26.0,26.23,24.0,24.0,25.35,0.6473,0.9936,0.0017,-0.0216,0.0036,0.0,1.0,6.0
2026-08-24 11:21:06,2026-08-24T11:05:09,763.02,2026-08-24,P,737.0,0.0,0.01,0.0,3166.0,0.01,0.4857,-0.0064,0.0017,-0.0216,0.0036,0.0,6.0,1766.0
2026-08-24 11:21:06,2026-08-24T11:05:09,763.02,2026-08-24,C,738.0,25.0,25.27,45.0,46.0,25.56,0.6502,0.9934,0.0018,-0.0217,0.0037,0.0,3.0,4.0
2026-08-24 11:21:06,2026-08-24T11:05:09,763.02,2026-08-24,P,738.0,0.0,0.01,0.0,3196.0,0.01,0.4684,-0.0066,0.0018,-0.0217,0.0037,0.0,253.0,3291.0
2026-08-24 11:21:06,2026-08-24T11:05:09,763.02,2026-08-24,C,739.0,24.0,24.23,24.0,24.0,23.58,0.6035,0.9931,0.0019,-0.0218,0.0038,0.0,2.0,11.0
2026-08-24 11:21:06,2026-08-24T11:05:09,763.02,2026-08-24,P,739.0,0.0,0.01,0.0,3368.0,0.01,0.4511,-0.0069,0.0019,-0.0218,0.0038,0.0,3142.0,756.0
2026-08-24 11:21:06,2026-08-24T11:05:09,763.02,2026-08-24,C,740.0,23.0,23.27,45.0,45.0,23.16,0.605,0.9928,0.0021,-0.0219,0.0039,0.0,4.0,13.0
2026-08-24 11:21:06,2026-08-24T11:05:09,763.02,2026-08-24,P,740.0,0.0,0.01,0.0,3316.0,0.01,0.4337,-0.0072,0.0021,-0.0219,0.0039,0.0,2258.0,1476.0
2026-08-24 11:21:06,2026-08-24T11:05:09,763.02,2026-08-24,C,741.0,22.0,22.25,45.0,145.0,21.75,0.5714,0.9926,0.0022,-0.022,0.0041,0.0,27.0,2.0
2026-08-24 11:21:06,2026-08-24T11:05:09,763.02,2026-08-24,P,741.0,0.0,0.01,0.0,3316.0,0.01,0.4163,-0.0074,0.0022,-0.022,0.0041,0.0,1375.0,1692.0
2026-08-24 11:21:06,2026-08-24T11:05:09,763.02,2026-08-24,C,742.0,21.0,21.23,45.0,149.0,20.75,0.5374,0.9922,0.0024,-0.0221,0.0042,0.0,26.0,13.0
2026-08-24 11:21:06,2026-08-24T11:05:09,763.02,2026-08-24,P,742.0,0.01,0.02,1438.0,4061.0,0.01,0.4461,-0.0078,0.0024,-0.0221,0.0042,0.0,843.0,744.0
2026-08-24 11:21:06,2026-08-24T11:05:09,763.02,2026-08-24,C,743.0,20.0,20.21,24.0,24.0,20.54,0.5028,0.9919,0.0026,-0.0222,0.0044,0.0,24.0,12.0
2026-08-24 11:21:06,2026-08-24T11:05:09,763.02,2026-08-24,P,743.0,0.01,0.02,1582.0,4029.0,0.01,0.4269,-0.0081,0.0026,-0.0222,0.0044,0.0,869.0,624.0
2026-08-24 11:21:06,2026-08-24T11:05:09,763.02,2026-08-24,C,744.0,19.01,19.23,185.0,200.0,19.12,0.4984,0.9915,0.0028,-0.0223,0.0046,0.0,31.0,6.0
2026-08-24 11:21:06,2026-08-24T11:05:09,763.02,2026-08-24,P,744.0,0.01,0.02,1650.0,3951.0,0.01,0.4077,-0.0084,0.0028,-0.0223,0.0046,0.0,176.0,1252.0
2026-08-24 11:21:06,2026-08-24T11:05:09,763.02,2026-08-24,C,745.0,18.01,18.23,200.0,159.0,17.84,0.4759,0.9911,0.0031,-0.0224,0.0048,0.0,26.0,72.0
2026-08-24 11:21:06,2026-08-24T11:05:09,763.02,2026-08-24,P,745.0,0.01,0.02,1549.0,3991.0,0.02,0.3884,-0.0088,0.0031,-0.0224,0.0048,0.0,254.0,1460.0
2026-08-24 11:21:06,2026-08-24T11:05:09,763.02,2026-08-24,C,746.0,17.01,17.21,24.0,24.0,17.8,0.4426,0.9907,0.0034,-0.0225,0.005,0.0,14.0,11.0
2026-08-24 11:21:06,2026-08-24T11:05:09,763.02,2026-08-24,P,746.0,0.01,0.02,1638.0,3965.0,0.01,0.3691,-0.0093,0.0034,-0.0225,0.005,0.0,504.0,497.0
2026-08-24 11:21:06,2026-08-24T11:05:09,763.02,2026-08-24,C,747.0,16.01,16.21,24.0,24.0,16.46,0.4202,0.9902,0.0038,-0.0226,0.0053,0.0,14.0,24.0
2026-08-24 11:21:06,2026-08-24T11:05:09,763.02,2026-08-24,P,747.0,0.01,0.02,2104.0,3767.0,0.02,0.3497,-0.0098,0.0038,-0.0226,0.0053,0.0,178.0,1909.0
2026-08-24 11:21:06,2026-08-24T11:05:09,763.02,2026-08-24,C,748.0,15.01,15.25,182.0,162.0,14.68,0.4163,0.9896,0.0042,-0.0227,0.0056,0.0,37.0,24.0
2026-08-24 11:21:06,2026-08-24T11:05:09,763.02,2026-08-24,P,748.0,0.01,0.02,2292.0,3680.0,0.02,0.3302,-0.0103,0.0042,-0.0227,0.0056,0.0,1857.0,1955.0
2026-08-24 11:21:06,2026-08-24T11:05:09,763.02,2026-08-24,C,749.0,14.01,14.21,45.0,200.0,13.77,0.375,0.989,0.0047,-0.0228,0.0059,0.0,9.0,78.0
2026-08-24 11:21:06,2026-08-24T11:05:09,763.02,2026-08-24,P,749.0,0.01,0.02,2289.0,3330.0,0.01,0.3106,-0.011,0.0046,-0.0228,0.0059,0.0,4633.0,2418.0
2026-08-24 11:21:06,2026-08-24T11:05:09,763.02,2026-08-24,C,750.0,13.01,13.21,45.0,195.0,13.73,0.3521,0.9883,0.0052,-0.0229,0.0062,0.0,71.0,79.0
2026-08-24 11:21:06,2026-08-24T11:05:09,763.02,2026-08-24,P,750.0,0.01,0.02,2693.0,2818.0,0.01,0.2908,-0.0116,0.0052,-0.0229,0.0062,0.0,2011.0,10698.0
2026-08-24 11:21:06,2026-08-24T11:05:09,763.02,2026-08-24,C,751.0,12.01,12.23,24.0,24.0,11.93,0.3376,0.9875,0.006,-0.023,0.0066,0.0,7.0,59.0
2026-08-24 11:21:06,2026-08-24T11:05:09,763.02,2026-08-24,P,751.0,0.01,0.02,3175.0,2851.0,0.02,0.271,-0.0124,0.0059,-0.023,0.0066,0.0,1422.0,1189.0
2026-08-24 11:21:06,2026-08-24T11:05:09,763.02,2026-08-24,C,752.0,11.01,11.21,24.0,24.0,11.54,0.3059,0.9866,0.0068,-0.0232,0.0071,0.0,301.0,59.0
2026-08-24 11:21:06,2026-08-24T11:05:09,763.02,2026-08-24,P,752.0,0.01,0.02,3822.0,3027.0,0.01,0.2511,-0.0134,0.0068,-0.0231,0.007,0.0,3285.0,1738.0
2026-08-24 11:21:06,2026-08-24T11:05:09,763.02,2026-08-24,C,753.0,10.01,10.21,102.0,67.0,10.47,0.2825,0.9856,0.0079,-0.0233,0.0076,0.0,76.0,105.0
2026-08-24 11:21:06,2026-08-24T11:05:09,763.02,2026-08-24,P,753.0,0.02,0.03,1084.0,4031.0,0.03,0.2472,-0.0144,0.0079,-0.0232,0.0076,0.0,6789.0,3707.0
2026-08-24 11:21:06,2026-08-24T11:05:09,763.02,2026-08-24,C,754.0,9.03,9.21,17.0,210.0,9.19,0.2659,0.9842,0.0093,-0.0234,0.0082,0.0,381.0,90.0
2026-08-24 11:21:06,2026-08-24T11:05:09,763.02,2026-08-24,P,754.0,0.02,0.03,3443.0,3750.0,0.03,0.2258,-0.0157,0.0093,-0.0234,0.0082,0.0,2918.0,3882.0
2026-08-24 11:21:06,2026-08-24T11:05:09,763.02,2026-08-24,C,755.0,8.02,8.22,180.0,64.0,8.18,0.2414,0.9825,0.0112,-0.024,0.0091,0.0,404.0,182.0
2026-08-24 11:21:06,2026-08-24T11:05:09,763.02,2026-08-24,P,755.0,0.02,0.03,3207.0,3126.0,0.03,0.2042,-0.0175,0.0112,-0.0239,0.0091,0.0,18387.0,7567.0
2026-08-24 11:21:06,2026-08-24T11:05:09,763.02,2026-08-24,C,756.0,7.04,7.23,49.0,62.0,7.3,0.225,0.9794,0.0143,-0.0261,0.0105,0.0,165.0,111.0
2026-08-24 11:21:06,2026-08-24T11:05:09,763.02,2026-08-24,P,756.0,0.03,0.04,2515.0,2270.0,0.04,0.1921,-0.0205,0.0142,-0.026,0.0104,0.0,23716.0,7665.0
2026-08-24 11:21:06,2026-08-24T11:05:09,763.02,2026-08-24,C,757.0,6.04,6.16,66.0,72.0,6.2,0.1795,0.9723,0.0201,-0.0334,0.0134,0.0,871.0,186.0
2026-08-24 11:21:06,2026-08-24T11:05:09,763.02,2026-08-24,P,757.0,0.04,0.05,2807.0,2700.0,0.04,0.1765,-0.0274,0.0199,-0.0331,0.0133,0.0,35398.0,4394.0
2026-08-24 11:21:06,2026-08-24T11:05:09,763.02,2026-08-24,C,758.0,5.06,5.26,64.0,83.0,5.12,0.1828,0.9564,0.0312,-0.0526,0.0191,0.0,591.0,149.0
2026-08-24 11:21:06,2026-08-24T11:05:09,763.02,2026-08-24,P,758.0,0.06,0.07,1616.0,2297.0,0.06,0.163,-0.0436,0.0312,-0.0526,0.0191,0.0,45880.0,3941.0
2026-08-24 11:21:06,2026-08-24T11:05:09,763.02,2026-08-24,C,759.0,4.13,4.16,36.0,54.0,4.14,0.1526,0.926,0.0498,-0.0927,0.0284,0.0,1616.0,194.0
2026-08-24 11:21:06,2026-08-24T11:05:09,763.02,2026-08-24,P,759.0,0.09,0.1,2117.0,1710.0,0.09,0.149,-0.074,0.0498,-0.0927,0.0284,0.0,52088.0,3264.0
2026-08-24 11:21:06,2026-08-24T11:05:09,763.02,2026-08-24,C,760.0,3.18,3.21,18.0,78.0,3.2,0.1402,0.876,0.0773,-0.1629,0.0406,0.0,4795.0,370.0
2026-08-24 11:21:06,2026-08-24T11:05:09,763.02,2026-08-24,P,760.0,0.15,0.16,1331.0,1397.0,0.15,0.1376,-0.124,0.0773,-0.1629,0.0406,0.0,131408.0,10050.0
2026-08-24 11:21:06,2026-08-24T11:05:09,763.02,2026-08-24,C,761.0,2.3,2.33,117.0,203.0,2.31,0.1291,0.7982,0.1143,-0.2787,0.0548,0.0,9343.0,318.0
2026-08-24 11:21:06,2026-08-24T11:05:09,763.02,2026-08-24,P,761.0,0.26,0.27,1805.0,595.0,0.26,0.1273,-0.2018,0.1143,-0.2787,0.0548,0.0,126510.0,4492.0
2026-08-24 11:21:06,2026-08-24T11:05:09,763.02,2026-08-24,C,762.0,1.52,1.53,1.0,25.0,1.52,0.1203,0.678,0.1572,-0.4795,0.0686,0.0,39697.0,936.0
2026-08-24 11:21:06,2026-08-24T11:05:09,763.02,2026-08-24,P,762.0,0.47,0.48,429.0,299.0,0.48,0.1196,-0.322,0.1572,-0.4796,0.0686,0.0,230766.0,3574.0
2026-08-24 11:21:06,2026-08-24T11:05:09,763.02,2026-08-24,C,763.0,0.88,0.89,85.0,381.0,0.88,0.1149,0.5099,0.1862,-0.8304,0.0757,0.0,148860.0,1198.0
2026-08-24 11:21:06,2026-08-24T11:05:09,763.02,2026-08-24,P,763.0,0.83,0.84,526.0,219.0,0.84,0.1136,-0.4901,0.1862,-0.8305,0.0757,0.0,313593.0,6044.0
2026-08-24 11:21:06,2026-08-24T11:05:09,763.02,2026-08-24,C,764.0,0.44,0.45,885.0,604.0,0.45,0.1103,0.3237,0.1736,-0.437,0.0688,0.0,232814.0,1820.0
2026-08-24 11:21:06,2026-08-24T11:05:09,763.02,2026-08-24,P,764.0,1.39,1.41,181.0,323.0,1.41,0.1088,-0.6763,0.1736,-0.437,0.0688,0.0,113133.0,6864.0
2026-08-24 11:21:06,2026-08-24T11:05:09,763.02,2026-08-24,C,765.0,0.19,0.2,1534.0,1106.0,0.19,0.1095,0.1767,0.1238,-0.1997,0.0511,0.0,169802.0,6424.0
2026-08-24 11:21:06,2026-08-24T11:05:09,763.02,2026-08-24,P,765.0,2.13,2.16,308.0,144.0,2.14,0.1075,-0.8233,0.1238,-0.1997,0.0511,0.0,45925.0,19244.0
2026-08-24 11:21:06,2026-08-24T11:05:09,763.02,2026-08-24,C,766.0,0.08,0.09,2410.0,1490.0,0.08,0.1136,0.0959,0.0755,-0.1011,0.0346,0.0,115857.0,8787.0
2026-08-24 11:21:06,2026-08-24T11:05:09,763.02,2026-08-24,P,766.0,3.03,3.07,64.0,131.0,3.03,0.1102,-0.9041,0.0755,-0.1011,0.0346,0.0,13137.0,11396.0
2026-08-24 11:21:06,2026-08-24T11:05:09,763.02,2026-08-24,C,767.0,0.05,0.06,64.0,4407.0,0.06,0.1284,0.0587,0.0468,-0.0626,0.0242,0.0,87834.0,5623.0
2026-08-24 11:21:06,2026-08-24T11:05:09,763.02,2026-08-24,P,767.0,3.98,4.04,3.0,77.0,4.0,0.1237,-0.9418,0.0464,-0.0622,0.0241,0.0,3060.0,4337.0
2026-08-24 11:21:06,2026-08-24T11:05:09,763.02,2026-08-24,C,768.0,0.03,0.04,1631.0,4032.0,0.03,0.1414,0.0385,0.0301,-0.0425,0.0175,0.0,36650.0,6707.0
2026-08-24 11:21:06,2026-08-24T11:05:09,763.02,2026-08-24,P,768.0,4.88,5.02,72.0,64.0,4.91,0.0634,-0.9618,0.0298,-0.0423,0.0174,0.0,1136.0,2423.0
2026-08-24 11:21:06,2026-08-24T11:05:09,763.02,2026-08-24,C,769.0,0.02,0.03,3534.0,4063.0,0.02,0.156,0.026,0.0199,-0.0296,0.0128,0.0,12355.0,4943.0
2026-08-24 11:21:06,2026-08-24T11:05:09,763.02,2026-08-24,P,769.0,5.86,6.01,62.0,157.0,5.98,0.0,-0.9742,0.0197,-0.0294,0.0127,0.0,492.0,3299.0
2026-08-24 11:21:06,2026-08-24T11:05:09,763.02,2026-08-24,C,770.0,0.01,0.02,4410.0,2597.0,0.02,0.1653,0.0178,0.0133,-0.0207,0.0093,0.0,18852.0,11088.0
2026-08-24 11:21:06,2026-08-24T11:05:09,763.02,2026-08-24,P,770.0,6.86,7.01,1.0,62.0,6.89,0.0,-0.9824,0.0133,-0.0206,0.0093,0.0,960.0,3062.0
2026-08-24 11:21:06,2026-08-24T11:05:09,763.02,2026-08-24,C,771.0,0.01,0.02,2941.0,2336.0,0.01,0.1856,0.0122,0.0091,-0.0146,0.0068,0.0,4376.0,4378.0
2026-08-24 11:21:06,2026-08-24T11:05:09,763.02,2026-08-24,P,771.0,7.86,8.01,1.0,71.0,7.96,0.0,-0.9878,0.009,-0.0144,0.0068,0.0,250.0,1479.0
2026-08-24 11:21:06,2026-08-24T11:05:09,763.02,2026-08-24,C,772.0,0.01,0.02,3043.0,3986.0,0.01,0.2061,0.0084,0.0062,-0.0102,0.005,0.0,8268.0,17015.0
2026-08-24 11:21:06,2026-08-24T11:05:09,763.02,2026-08-24,P,772.0,8.86,9.01,95.0,64.0,8.99,0.0,-0.9916,0.0062,-0.0102,0.005,0.0,241.0,1353.0
2026-08-24 11:21:06,2026-08-24T11:05:09,763.02,2026-08-24,C,773.0,0.01,0.02,1489.0,4170.0,0.01,0.2258,0.0059,0.0043,-0.0072,0.0036,0.0,3041.0,6476.0
2026-08-24 11:21:06,2026-08-24T11:05:09,763.02,2026-08-24,P,773.0,9.82,10.01,64.0,103.0,9.94,0.0,-0.9941,0.0043,-0.0072,0.0036,0.0,162.0,348.0
2026-08-24 11:21:06,2026-08-24T11:05:09,763.02,2026-08-24,C,774.0,0.01,0.02,1097.0,4489.0,0.01,0.2454,0.0041,0.003,-0.0051,0.0027,0.0,1970.0,3840.0
2026-08-24 11:21:06,2026-08-24T11:05:09,763.02,2026-08-24,P,774.0,10.86,11.01,24.0,24.0,10.42,0.0,-0.9959,0.003,-0.0051,0.0026,0.0,108.0,46.0
2026-08-24 11:21:06,2026-08-24T11:05:09,763.02,2026-08-24,C,775.0,0.01,0.02,964.0,4540.0,0.01,0.2647,0.0029,0.0021,-0.0036,0.002,0.0,4336.0,5611.0
2026-08-24 11:21:06,2026-08-24T11:05:09,763.02,2026-08-24,P,775.0,11.85,12.01,1.0,196.0,11.75,0.0,-0.9971,0.0021,-0.0036,0.0019,0.0,63.0,13.0
2026-08-24 11:21:06,2026-08-24T11:05:09,763.02,2026-08-24,C,776.0,0.0,0.01,0.0,5113.0,0.01,0.2515,0.0021,0.0015,-0.0026,0.0014,0.0,5279.0,6136.0
2026-08-24 11:21:06,2026-08-24T11:05:09,763.02,2026-08-24,P,776.0,12.85,13.01,24.0,24.0,12.81,0.0,-0.9979,0.0015,-0.0026,0.0014,0.0,71.0,28.0
2026-08-24 11:21:06,2026-08-24T11:05:09,763.02,2026-08-24,C,777.0,0.0,0.01,0.0,3365.0,0.01,0.2687,0.0015,0.001,-0.0018,0.001,0.0,3177.0,3531.0
2026-08-24 11:21:06,2026-08-24T11:05:09,763.02,2026-08-24,P,777.0,13.84,14.01,24.0,24.0,13.24,0.0,-0.9985,0.001,-0.0018,0.001,0.0,47.0,30.0
2026-08-24 11:21:06,2026-08-24T11:05:09,763.02,2026-08-24,C,778.0,0.0,0.01,0.0,3191.0,0.01,0.2858,0.0011,0.0007,-0.0013,0.0008,0.0,192.0,1814.0
2026-08-24 11:21:06,2026-08-24T11:05:09,763.02,2026-08-24,P,778.0,14.84,15.01,24.0,24.0,14.23,0.0,-0.999,0.0007,-0.0013,0.0008,0.0,29.0,6.0
2026-08-24 11:21:06,2026-08-24T11:05:09,763.02,2026-08-24,C,779.0,0.0,0.01,0.0,3197.0,0.01,0.3028,0.0008,0.0005,-0.001,0.0006,0.0,16.0,1475.0
2026-08-24 11:21:06,2026-08-24T11:05:09,763.02,2026-08-24,P,779.0,15.84,16.01,24.0,24.0,16.46,0.0,-0.9992,0.0005,-0.0009,0.0006,0.0,59.0,27.0
2026-08-24 11:21:06,2026-08-24T11:05:09,763.02,2026-08-24,C,780.0,0.0,0.01,0.0,3192.0,0.01,0.3197,0.0006,0.0004,-0.0007,0.0004,0.0,83.0,7079.0
2026-08-24 11:21:06,2026-08-24T11:05:09,763.02,2026-08-24,P,780.0,16.84,17.01,51.0,125.0,16.23,0.0,-0.9994,0.0004,-0.0007,0.0004,0.0,42.0,1.0
2026-08-24 11:21:06,2026-08-24T11:05:09,763.02,2026-08-24,C,781.0,0.0,0.01,0.0,3191.0,0.01,0.3365,0.0004,0.0003,-0.0005,0.0003,0.0,43.0,2996.0
2026-08-24 11:21:06,2026-08-24T11:05:09,763.02,2026-08-24,P,781.0,17.84,18.01,148.0,125.0,17.72,0.0,-0.9996,0.0003,-0.0005,0.0003,0.0,6.0,0.0
2026-08-24 11:21:06,2026-08-24T11:05:09,763.02,2026-08-24,C,782.0,0.0,0.01,0.0,3191.0,0.01,0.3532,0.0003,0.0002,-0.0004,0.0002,0.0,8.0,1792.0
2026-08-24 11:21:06,2026-08-24T11:05:09,763.02,2026-08-24,P,782.0,18.86,19.01,150.0,125.0,18.45,0.0,-0.9997,0.0002,-0.0004,0.0002,0.0,16.0,1.0
2026-08-24 11:21:06,2026-08-24T11:05:09,763.02,2026-08-24,C,783.0,0.0,0.01,0.0,3133.0,0.01,0.3698,0.0002,0.0001,-0.0003,0.0002,0.0,145.0,751.0
2026-08-24 11:21:06,2026-08-24T11:05:09,763.02,2026-08-24,P,783.0,19.84,20.0,99.0,45.0,20.46,0.0,-0.9998,0.0001,-0.0003,0.0002,0.0,111.0,0.0
2026-08-24 11:21:06,2026-08-24T11:05:09,763.02,2026-08-24,C,784.0,0.0,0.01,0.0,3254.0,0.01,0.3863,0.0002,0.0001,-0.0002,0.0001,0.0,54.0,807.0
2026-08-24 11:21:06,2026-08-24T11:05:09,763.02,2026-08-24,P,784.0,20.86,21.01,24.0,125.0,21.08,0.0,-0.9998,0.0001,-0.0002,0.0001,0.0,54.0,1.0
2026-08-24 11:21:06,2026-08-24T11:05:09,763.02,2026-08-24,C,785.0,0.0,0.01,0.0,3253.0,0.01,0.4027,0.0001,0.0001,-0.0001,0.0001,0.0,179.0,1778.0
2026-08-24 11:21:06,2026-08-24T11:05:09,763.02,2026-08-24,P,785.0,21.85,22.01,24.0,126.0,22.19,0.0,-0.9999,0.0001,-0.0001,0.0001,0.0,7.0,1.0
2026-08-24 11:21:06,2026-08-24T11:05:09,763.02,2026-08-24,C,786.0,0.0,0.01,0.0,3253.0,0.01,0.419,0.0001,0.0001,-0.0001,0.0001,0.0,18.0,512.0
2026-08-24 11:21:06,2026-08-24T11:05:09,763.02,2026-08-24,P,786.0,22.85,23.01,24.0,100.0,22.72,0.0,-0.9999,0.0001,-0.0001,0.0001,0.0,6.0,0.0
2026-08-24 11:21:06,2026-08-24T11:05:09,763.02,2026-08-24,C,787.0,0.0,0.01,0.0,3253.0,0.01,0.4353,0.0001,0.0,-0.0001,0.0,0.0,3.0,1566.0
2026-08-24 11:21:06,2026-08-24T11:05:09,763.02,2026-08-24,P,787.0,23.86,24.01,45.0,45.0,24.03,0.0,-0.9999,0.0,-0.0001,0.0,0.0,21.0,0.0
2026-08-24 11:21:06,2026-08-24T11:05:09,763.02,2026-08-24,C,788.0,0.0,0.01,0.0,2258.0,0.01,0.4515,0.0,0.0,-0.0001,0.0,0.0,3.0,772.0
2026-08-24 11:21:06,2026-08-24T11:05:09,763.02,2026-08-24,P,788.0,24.86,25.0,45.0,45.0,24.71,0.0,-1.0,0.0,-0.0001,0.0,0.0,12.0,0.0
2026-08-24 11:21:06,2026-08-24T11:05:09,763.02,2026-08-24,C,789.0,0.0,0.01,0.0,2253.0,0.01,0.4676,0.0,0.0,0.0,0.0,0.0,6.0,649.0
2026-08-24 11:21:06,2026-08-24T11:05:09,763.02,2026-08-24,P,789.0,25.85,26.01,16.0,15.0,25.72,0.0,-1.0,0.0,0.0,0.0,0.0,6.0,0.0
2026-08-24 11:21:06,2026-08-24T11:05:09,763.02,2026-08-24,C,790.0,0.0,0.01,0.0,4111.0,0.01,0.4837,0.0,0.0,0.0,0.0,0.0,2.0,1116.0
2026-08-24 11:21:06,2026-08-24T11:05:09,763.02,2026-08-24,P,790.0,26.79,27.01,45.0,45.0,26.72,0.0,-1.0,0.0,0.0,0.0,0.0,6.0,0.0
2026-08-24 11:21:06,2026-08-24T11:05:09,763.02,2026-08-24,C,791.0,0.0,0.01,0.0,2253.0,0.01,0.4997,0.0,0.0,0.0,0.0,0.0,0.0,463.0
2026-08-24 11:21:06,2026-08-24T11:05:09,763.02,2026-08-24,P,791.0,27.75,28.01,45.0,45.0,27.69,0.0,-1.0,0.0,0.0,0.0,0.0,4.0,0.0
2026-08-24 11:21:06,2026-08-24T11:05:09,763.02,2026-08-24,C,792.0,0.0,0.01,0.0,2253.0,0.01,0.5156,0.0,0.0,0.0,0.0,0.0,0.0,329.0
2026-08-24 11:21:06,2026-08-24T11:05:09,763.02,2026-08-24,P,792.0,28.82,29.01,15.0,15.0,28.7,0.0,-1.0,0.0,0.0,0.0,0.0,4.0,0.0
2026-08-24 11:21:06,2026-08-24T11:05:09,763.02,2026-08-24,C,793.0,0.0,0.01,0.0,5599.0,0.01,0.5315,0.0,0.0,0.0,0.0,0.0,150.0,759.0
2026-08-24 11:21:06,2026-08-24T11:05:09,763.02,2026-08-24,P,793.0,29.81,30.01,15.0,15.0,29.89,0.0,-1.0,0.0,0.0,0.0,0.0,10.0,0.0
2026-08-24 11:21:06,2026-08-24T11:05:09,763.02,2026-08-24,C,794.0,0.0,0.01,0.0,2254.0,0.01,0.5473,0.0,0.0,0.0,0.0,0.0,0.0,727.0
2026-08-24 11:21:06,2026-08-24T11:05:09,763.02,2026-08-24,P,794.0,30.81,31.01,15.0,15.0,30.69,0.0,-1.0,0.0,0.0,0.0,0.0,4.0,0.0
2026-08-24 11:21:06,2026-08-24T11:05:09,763.02,2026-08-24,C,795.0,0.0,0.01,0.0,6305.0,0.01,0.563,0.0,0.0,0.0,0.0,0.0,80.0,479.0
2026-08-24 11:21:06,2026-08-24T11:05:09,763.02,2026-08-24,P,795.0,31.67,32.12,2.0,1.0,31.7,0.0,-1.0,0.0,0.0,0.0,0.0,6.0,0.0
2026-08-24 11:21:06,2026-08-24T11:05:09,763.02,2026-08-24,C,796.0,0.0,0.01,0.0,2254.0,0.01,0.5787,0.0,0.0,0.0,0.0,0.0,0.0,179.0
2026-08-24 11:21:06,2026-08-24T11:05:09,763.02,2026-08-24,P,796.0,32.66,33.09,2.0,1.0,32.67,0.0,-1.0,0.0,0.0,0.0,0.0,6.0,0.0
2026-08-24 11:21:06,2026-08-24T11:05:09,763.02,2026-08-24,C,797.0,0.0,0.01,0.0,2254.0,0.01,0.5943,0.0,0.0,0.0,0.0,0.0,0.0,122.0
2026-08-24 11:21:06,2026-08-24T11:05:09,763.02,2026-08-24,P,797.0,33.67,34.48,1.0,1.0,33.72,0.0,-1.0,0.0,0.0,0.0,0.0,6.0,0.0
2026-08-24 11:21:06,2026-08-24T11:05:09,763.02,2026-08-24,C,798.0,0.0,0.01,0.0,2254.0,0.05,0.6099,0.0,0.0,0.0,0.0,0.0,2.0,563.0
2026-08-24 11:21:06,2026-08-24T11:05:09,763.02,2026-08-24,P,798.0,34.81,35.44,1.0,2.0,35.64,0.0,-1.0,0.0,0.0,0.0,0.0,2.0,0.0
2026-08-24 11:21:06,2026-08-24T11:05:09,763.02,2026-08-24,C,799.0,0.0,0.01,0.0,2254.0,0.01,0.6254,0.0,0.0,0.0,0.0,0.0,80.0,448.0
2026-08-24 11:21:06,2026-08-24T11:05:09,763.02,2026-08-24,P,799.0,35.67,36.09,2.0,1.0,36.62,0.0,-1.0,0.0,0.0,0.0,0.0,2.0,0.0
2026-08-24 11:21:06,2026-08-24T11:05:09,763.02,2026-08-24,C,800.0,0.0,0.01,0.0,6395.0,0.01,0.6409,0.0,0.0,0.0,0.0,0.0,0.0,1221.0
2026-08-24 11:21:06,2026-08-24T11:05:09,763.02,2026-08-24,P,800.0,36.81,37.48,2.0,1.0,37.64,0.0,-1.0,0.0,0.0,0.0,0.0,2.0,1.0
2026-08-24 11:21:06,2026-08-24T11:05:09,763.02,2026-08-24,C,801.0,0.0,0.01,0.0,2254.0,0.01,0.6563,0.0,0.0,0.0,0.0,0.0,0.0,298.0
2026-08-24 11:21:06,2026-08-24T11:05:09,763.02,2026-08-24,P,801.0,37.66,38.1,1.0,1.0,38.62,0.0,-1.0,0.0,0.0,0.0,0.0,2.0,0.0
2026-08-24 11:26:07,2026-08-24T11:10:09,762.9,2026-08-24,C,725.0,37.87,38.12,24.0,24.0,38.73,0.9442,0.9955,0.0009,-0.0202,0.0025,0.0,0.0,13.0
2026-08-24 11:26:07,2026-08-24T11:10:09,762.9,2026-08-24,P,725.0,0.0,0.01,0.0,2228.0,0.01,0.6958,-0.0045,0.0009,-0.0202,0.0025,0.0,1.0,984.0
2026-08-24 11:26:07,2026-08-24T11:10:09,762.9,2026-08-24,C,726.0,36.87,37.06,24.0,1.0,39.64,0.8803,0.9954,0.0009,-0.0203,0.0026,0.0,0.0,2.0
2026-08-24 11:26:07,2026-08-24T11:10:09,762.9,2026-08-24,P,726.0,0.0,0.01,0.0,2228.0,0.02,0.6786,-0.0046,0.0009,-0.0204,0.0026,0.0,0.0,49.0
2026-08-24 11:26:07,2026-08-24T11:10:09,762.9,2026-08-24,C,727.0,35.87,36.06,24.0,1.0,38.65,0.9,0.9953,0.001,-0.0204,0.0026,0.0,0.0,2.0
2026-08-24 11:26:07,2026-08-24T11:10:09,762.9,2026-08-24,P,727.0,0.0,0.01,0.0,3228.0,0.01,0.6614,-0.0047,0.001,-0.0204,0.0026,0.0,0.0,142.0
2026-08-24 11:26:07,2026-08-24T11:10:09,762.9,2026-08-24,C,728.0,34.89,35.12,24.0,217.0,34.81,0.8704,0.9952,0.001,-0.0205,0.0027,0.0,3.0,0.0
2026-08-24 11:26:07,2026-08-24T11:10:09,762.9,2026-08-24,P,728.0,0.0,0.01,0.0,3228.0,0.01,0.6441,-0.0048,0.001,-0.0205,0.0027,0.0,0.0,2120.0
2026-08-24 11:26:07,2026-08-24T11:10:09,762.9,2026-08-24,C,729.0,33.89,34.09,44.0,15.0,33.86,0.8409,0.995,0.0011,-0.0206,0.0028,0.0,3.0,0.0
2026-08-24 11:26:07,2026-08-24T11:10:09,762.9,2026-08-24,P,729.0,0.0,0.01,0.0,3228.0,0.01,0.6269,-0.005,0.0011,-0.0206,0.0028,0.0,8.0,249.0
2026-08-24 11:26:07,2026-08-24T11:10:09,762.9,2026-08-24,C,730.0,32.89,33.09,45.0,1.0,32.47,0.8262,0.9949,0.0011,-0.0207,0.0028,0.0,1.0,61.0
2026-08-24 11:26:07,2026-08-24T11:10:09,762.9,2026-08-24,P,730.0,0.0,0.01,0.0,3228.0,0.02,0.6096,-0.0051,0.0011,-0.0207,0.0028,0.0,0.0,2337.0
2026-08-24 11:26:07,2026-08-24T11:10:09,762.9,2026-08-24,C,731.0,31.89,32.08,24.0,1.0,31.52,0.7969,0.9947,0.0012,-0.0208,0.0029,0.0,1.0,0.0
2026-08-24 11:26:07,2026-08-24T11:10:09,762.9,2026-08-24,P,731.0,0.0,0.01,0.0,3108.0,0.02,0.5923,-0.0053,0.0012,-0.0208,0.0029,0.0,0.0,1383.0
2026-08-24 11:26:07,2026-08-24T11:10:09,762.9,2026-08-24,C,732.0,30.89,31.08,24.0,1.0,0.0,0.7675,0.9946,0.0012,-0.0209,0.003,0.0,0.0,0.0
2026-08-24 11:26:07,2026-08-24T11:10:09,762.9,2026-08-24,P,732.0,0.0,0.01,0.0,3108.0,0.01,0.575,-0.0054,0.0012,-0.0209,0.003,0.0,15.0,958.0
2026-08-24 11:26:07,2026-08-24T11:10:09,762.9,2026-08-24,C,733.0,29.89,30.09,24.0,15.0,33.82,0.7528,0.9944,0.0013,-0.021,0.0031,0.0,0.0,1.0
2026-08-24 11:26:07,2026-08-24T11:10:09,762.9,2026-08-24,P,733.0,0.0,0.01,0.0,3108.0,0.01,0.5577,-0.0056,0.0013,-0.021,0.0031,0.0,1.0,281.0
2026-08-24 11:26:07,2026-08-24T11:10:09,762.9,2026-08-24,C,734.0,28.89,29.08,24.0,15.0,28.29,0.7438,0.9942,0.0014,-0.0211,0.0032,0.0,1.0,0.0
2026-08-24 11:26:07,2026-08-24T11:10:09,762.9,2026-08-24,P,734.0,0.0,0.01,0.0,3108.0,0.01,0.5404,-0.0058,0.0014,-0.0211,0.0032,0.0,15.0,426.0
2026-08-24 11:26:07,2026-08-24T11:10:09,762.9,2026-08-24,C,735.0,27.91,28.15,45.0,45.0,28.9,0.7213,0.994,0.0015,-0.0212,0.0033,0.0,5.0,7.0
2026-08-24 11:26:07,2026-08-24T11:10:09,762.9,2026-08-24,P,735.0,0.0,0.01,0.0,3108.0,0.01,0.523,-0.006,0.0015,-0.0212,0.0033,0.0,5276.0,8066.0
2026-08-24 11:26:07,2026-08-24T11:10:09,762.9,2026-08-24,C,736.0,26.89,27.09,24.0,24.0,26.3,0.6926,0.9938,0.0016,-0.0213,0.0034,0.0,1.0,0.0
2026-08-24 11:26:07,2026-08-24T11:10:09,762.9,2026-08-24,P,736.0,0.0,0.01,0.0,3165.0,0.01,0.5056,-0.0062,0.0016,-0.0213,0.0034,0.0,942.0,7980.0
2026-08-24 11:26:07,2026-08-24T11:10:09,762.9,2026-08-24,C,737.0,25.91,26.12,45.0,261.0,25.35,0.6762,0.9936,0.0017,-0.0214,0.0035,0.0,1.0,6.0
2026-08-24 11:26:07,2026-08-24T11:10:09,762.9,2026-08-24,P,737.0,0.0,0.01,0.0,3165.0,0.01,0.4882,-0.0064,0.0017,-0.0214,0.0035,0.0,6.0,1766.0
2026-08-24 11:26:07,2026-08-24T11:10:09,762.9,2026-08-24,C,738.0,24.91,25.15,24.0,45.0,25.56,0.6416,0.9934,0.0018,-0.0215,0.0036,0.0,3.0,4.0
2026-08-24 11:26:07,2026-08-24T11:10:09,762.9,2026-08-24,P,738.0,0.0,0.01,0.0,3165.0,0.01,0.4708,-0.0066,0.0018,-0.0215,0.0036,0.0,253.0,3291.0
2026-08-24 11:26:07,2026-08-24T11:10:09,762.9,2026-08-24,C,739.0,23.89,24.09,45.0,45.0,23.58,0.6065,0.9931,0.0019,-0.0216,0.0038,0.0,2.0,11.0
2026-08-24 11:26:07,2026-08-24T11:10:09,762.9,2026-08-24,P,739.0,0.0,0.01,0.0,3337.0,0.01,0.4534,-0.0069,0.0019,-0.0216,0.0038,0.0,3142.0,756.0
2026-08-24 11:26:07,2026-08-24T11:10:09,762.9,2026-08-24,C,740.0,22.91,23.1,44.0,46.0,23.16,0.5906,0.9929,0.0021,-0.0217,0.0039,0.0,4.0,13.0
2026-08-24 11:26:07,2026-08-24T11:10:09,762.9,2026-08-24,P,740.0,0.0,0.01,0.0,3165.0,0.01,0.4359,-0.0071,0.0021,-0.0217,0.0039,0.0,2258.0,1476.0
2026-08-24 11:26:07,2026-08-24T11:10:09,762.9,2026-08-24,C,741.0,21.9,22.11,100.0,100.0,21.75,0.5741,0.9926,0.0022,-0.0218,0.004,0.0,27.0,2.0
2026-08-24 11:26:07,2026-08-24T11:10:09,762.9,2026-08-24,P,741.0,0.0,0.01,0.0,3285.0,0.02,0.4183,-0.0074,0.0022,-0.0218,0.004,0.0,1420.0,1692.0
2026-08-24 11:26:07,2026-08-24T11:10:09,762.9,2026-08-24,C,742.0,20.9,21.11,100.0,1.0,20.75,0.5514,0.9923,0.0024,-0.0219,0.0042,0.0,26.0,13.0
2026-08-24 11:26:07,2026-08-24T11:10:09,762.9,2026-08-24,P,742.0,0.01,0.02,1437.0,3348.0,0.01,0.4482,-0.0077,0.0024,-0.0219,0.0042,0.0,851.0,744.0
2026-08-24 11:26:07,2026-08-24T11:10:09,762.9,2026-08-24,C,743.0,19.88,20.06,100.0,15.0,20.54,0.5287,0.9919,0.0026,-0.022,0.0044,0.0,24.0,12.0
2026-08-24 11:26:07,2026-08-24T11:10:09,762.9,2026-08-24,P,743.0,0.01,0.02,1701.0,3438.0,0.01,0.4289,-0.0081,0.0026,-0.022,0.0044,0.0,909.0,624.0
2026-08-24 11:26:07,2026-08-24T11:10:09,762.9,2026-08-24,C,744.0,18.88,19.06,100.0,15.0,19.12,0.5158,0.9916,0.0028,-0.0221,0.0046,0.0,31.0,6.0
2026-08-24 11:26:07,2026-08-24T11:10:09,762.9,2026-08-24,P,744.0,0.01,0.02,1649.0,3438.0,0.01,0.4095,-0.0084,0.0028,-0.0221,0.0046,0.0,176.0,1252.0
2026-08-24 11:26:07,2026-08-24T11:10:09,762.9,2026-08-24,C,745.0,17.88,18.06,100.0,1.0,17.84,0.4724,0.9912,0.0031,-0.0222,0.0048,0.0,26.0,72.0
2026-08-24 11:26:07,2026-08-24T11:10:09,762.9,2026-08-24,P,745.0,0.01,0.02,1441.0,3438.0,0.02,0.3901,-0.0088,0.0031,-0.0222,0.0048,0.0,287.0,1460.0
2026-08-24 11:26:07,2026-08-24T11:10:09,762.9,2026-08-24,C,746.0,16.88,17.06,100.0,100.0,17.8,0.4691,0.9907,0.0034,-0.0223,0.005,0.0,14.0,11.0
2026-08-24 11:26:07,2026-08-24T11:10:09,762.9,2026-08-24,P,746.0,0.01,0.02,1637.0,3316.0,0.01,0.3706,-0.0093,0.0034,-0.0223,0.005,0.0,504.0,497.0
2026-08-24 11:26:07,2026-08-24T11:10:09,762.9,2026-08-24,C,747.0,15.9,16.08,5.0,1.0,16.46,0.4498,0.9902,0.0038,-0.0224,0.0052,0.0,14.0,24.0
2026-08-24 11:26:07,2026-08-24T11:10:09,762.9,2026-08-24,P,747.0,0.01,0.02,2104.0,2814.0,0.01,0.351,-0.0098,0.0038,-0.0224,0.0052,0.0,278.0,1909.0
2026-08-24 11:26:07,2026-08-24T11:10:09,762.9,2026-08-24,C,748.0,14.9,15.09,24.0,15.0,14.68,0.4177,0.9897,0.0042,-0.0225,0.0055,0.0,37.0,24.0
2026-08-24 11:26:07,2026-08-24T11:10:09,762.9,2026-08-24,P,748.0,0.01,0.02,2209.0,2942.0,0.02,0.3313,-0.0103,0.0042,-0.0225,0.0055,0.0,1971.0,1955.0
2026-08-24 11:26:07,2026-08-24T11:10:09,762.9,2026-08-24,C,749.0,13.88,14.09,100.0,100.0,13.77,0.398,0.989,0.0047,-0.0226,0.0058,0.0,9.0,78.0
2026-08-24 11:26:07,2026-08-24T11:10:09,762.9,2026-08-24,P,749.0,0.01,0.02,2286.0,2810.0,0.02,0.3116,-0.0109,0.0047,-0.0226,0.0058,0.0,4685.0,2418.0
2026-08-24 11:26:07,2026-08-24T11:10:09,762.9,2026-08-24,C,750.0,12.89,13.09,15.0,100.0,13.73,0.3813,0.9884,0.0053,-0.0228,0.0062,0.0,71.0,79.0
2026-08-24 11:26:07,2026-08-24T11:10:09,762.9,2026-08-24,P,750.0,0.01,0.02,2690.0,2810.0,0.01,0.2917,-0.0116,0.0052,-0.0228,0.0062,0.0,2013.0,10698.0
2026-08-24 11:26:07,2026-08-24T11:10:09,762.9,2026-08-24,C,751.0,11.92,12.11,15.0,24.0,11.93,0.3423,0.9876,0.006,-0.0229,0.0066,0.0,7.0,59.0
2026-08-24 11:26:07,2026-08-24T11:10:09,762.9,2026-08-24,P,751.0,0.01,0.02,2666.0,2808.0,0.01,0.2717,-0.0124,0.006,-0.0229,0.0065,0.0,1425.0,1189.0
2026-08-24 11:26:07,2026-08-24T11:10:09,762.9,2026-08-24,C,752.0,10.89,11.06,42.0,1.0,11.54,0.332,0.9866,0.0069,-0.023,0.007,0.0,301.0,59.0
2026-08-24 11:26:07,2026-08-24T11:10:09,762.9,2026-08-24,P,752.0,0.01,0.02,2387.0,2349.0,0.02,0.2516,-0.0134,0.0068,-0.023,0.007,0.0,3310.0,1738.0
2026-08-24 11:26:07,2026-08-24T11:10:09,762.9,2026-08-24,C,753.0,9.89,10.07,100.0,1.0,10.47,0.2939,0.9856,0.008,-0.0231,0.0075,0.0,76.0,105.0
2026-08-24 11:26:07,2026-08-24T11:10:09,762.9,2026-08-24,P,753.0,0.02,0.03,928.0,2897.0,0.02,0.2476,-0.0144,0.0079,-0.0231,0.0075,0.0,6801.0,3707.0
2026-08-24 11:26:07,2026-08-24T11:10:09,762.9,2026-08-24,C,754.0,8.89,9.08,100.0,150.0,9.03,0.2726,0.9842,0.0094,-0.0232,0.0082,0.0,382.0,90.0
2026-08-24 11:26:07,2026-08-24T11:10:09,762.9,2026-08-24,P,754.0,0.02,0.03,1480.0,2735.0,0.02,0.2261,-0.0157,0.0094,-0.0232,0.0081,0.0,2928.0,3882.0
2026-08-24 11:26:07,2026-08-24T11:10:09,762.9,2026-08-24,C,755.0,7.95,8.15,4.0,43.0,7.95,0.2474,0.9825,0.0114,-0.0237,0.009,0.0,408.0,182.0
2026-08-24 11:26:07,2026-08-24T11:10:09,762.9,2026-08-24,P,755.0,0.02,0.03,2056.0,2050.0,0.03,0.2037,-0.0175,0.0114,-0.0237,0.009,0.0,18458.0,7567.0
2026-08-24 11:26:07,2026-08-24T11:10:09,762.9,2026-08-24,C,756.0,6.94,7.11,60.0,1.0,7.09,0.2298,0.9794,0.0144,-0.0257,0.0104,0.0,168.0,111.0
2026-08-24 11:26:07,2026-08-24T11:10:09,762.9,2026-08-24,P,756.0,0.03,0.04,2162.0,2503.0,0.04,0.1915,-0.0206,0.0144,-0.0257,0.0104,0.0,24168.0,7665.0
2026-08-24 11:26:07,2026-08-24T11:10:09,762.9,2026-08-24,C,757.0,5.91,6.04,150.0,1.0,5.95,0.1934,0.9723,0.0203,-0.033,0.0133,0.0,873.0,186.0
2026-08-24 11:26:07,2026-08-24T11:10:09,762.9,2026-08-24,P,757.0,0.04,0.05,1636.0,1604.0,0.04,0.1756,-0.0277,0.0203,-0.033,0.0133,0.0,35629.0,4394.0
2026-08-24 11:26:07,2026-08-24T11:10:09,762.9,2026-08-24,C,758.0,4.93,5.11,104.0,1.0,5.0,0.1911,0.9557,0.0319,-0.053,0.0192,0.0,593.0,149.0
2026-08-24 11:26:07,2026-08-24T11:10:09,762.9,2026-08-24,P,758.0,0.06,0.07,1542.0,1660.0,0.06,0.1622,-0.0443,0.0319,-0.053,0.0192,0.0,49569.0,3941.0
2026-08-24 11:26:07,2026-08-24T11:10:09,762.9,2026-08-24,C,759.0,3.99,4.02,36.0,50.0,4.16,0.155,0.9239,0.0514,-0.095,0.0288,0.0,1716.0,194.0
2026-08-24 11:26:07,2026-08-24T11:10:09,762.9,2026-08-24,P,759.0,0.09,0.1,1862.0,625.0,0.1,0.1479,-0.0761,0.0514,-0.095,0.0288,0.0,55343.0,3264.0
2026-08-24 11:26:07,2026-08-24T11:10:09,762.9,2026-08-24,C,760.0,3.07,3.08,99.0,26.0,3.1,0.1412,0.8718,0.0798,-0.1681,0.0412,0.0,4965.0,370.0
2026-08-24 11:26:07,2026-08-24T11:10:09,762.9,2026-08-24,P,760.0,0.16,0.17,131.0,606.0,0.16,0.1361,-0.1281,0.0798,-0.1681,0.0412,0.0,135806.0,10050.0
2026-08-24 11:26:07,2026-08-24T11:10:09,762.9,2026-08-24,C,761.0,2.19,2.21,150.0,150.0,2.2,0.1308,0.7913,0.1178,-0.2879,0.0554,0.0,9636.0,318.0
2026-08-24 11:26:07,2026-08-24T11:10:09,762.9,2026-08-24,P,761.0,0.28,0.29,877.0,186.0,0.29,0.1252,-0.2087,0.1178,-0.2879,0.0554,0.0,130539.0,4492.0
2026-08-24 11:26:07,2026-08-24T11:10:09,762.9,2026-08-24,C,762.0,1.41,1.43,56.0,80.0,1.44,0.1211,0.6671,0.1612,-0.4965,0.0689,0.0,41481.0,936.0
2026-08-24 11:26:07,2026-08-24T11:10:09,762.9,2026-08-24,P,762.0,0.51,0.52,407.0,129.0,0.51,0.1182,-0.3329,0.1612,-0.4965,0.0689,0.0,246513.0,3574.0
2026-08-24 11:26:07,2026-08-24T11:10:09,762.9,2026-08-24,C,763.0,0.81,0.82,193.0,514.0,0.81,0.1145,0.4949,0.1883,-0.831,0.0751,0.0,156635.0,1198.0
2026-08-24 11:26:07,2026-08-24T11:10:09,762.9,2026-08-24,P,763.0,0.89,0.91,330.0,371.0,0.91,0.1118,-0.5051,0.1883,-0.831,0.0751,0.0,332782.0,6044.0
2026-08-24 11:26:07,2026-08-24T11:10:09,762.9,2026-08-24,C,764.0,0.39,0.4,345.0,149.0,0.4,0.1105,0.308,0.1719,-0.4036,0.067,0.0,243563.0,1820.0
2026-08-24 11:26:07,2026-08-24T11:10:09,762.9,2026-08-24,P,764.0,1.47,1.49,299.0,100.0,1.48,0.1075,-0.692,0.1719,-0.4036,0.067,0.0,117149.0,6864.0
2026-08-24 11:26:07,2026-08-24T11:10:09,762.9,2026-08-24,C,765.0,0.17,0.18,284.0,1251.0,0.17,0.1112,0.1648,0.1194,-0.1812,0.0486,0.0,178016.0,6424.0
2026-08-24 11:26:07,2026-08-24T11:10:09,762.9,2026-08-24,P,765.0,2.25,2.28,155.0,151.0,2.26,0.1046,-0.8352,0.1194,-0.1812,0.0486,0.0,47321.0,19244.0
2026-08-24 11:26:07,2026-08-24T11:10:09,762.9,2026-08-24,C,766.0,0.07,0.08,2368.0,1292.0,0.08,0.1133,0.0893,0.0719,-0.0925,0.0326,0.0,119912.0,8787.0
2026-08-24 11:26:07,2026-08-24T11:10:09,762.9,2026-08-24,P,766.0,3.11,3.2,1.0,37.0,3.08,0.1055,-0.9107,0.0719,-0.0925,0.0326,0.0,13640.0,11396.0
2026-08-24 11:26:07,2026-08-24T11:10:09,762.9,2026-08-24,C,767.0,0.04,0.05,1748.0,2237.0,0.05,0.1267,0.0546,0.0441,-0.0576,0.0228,0.0,88183.0,5623.0
2026-08-24 11:26:07,2026-08-24T11:10:09,762.9,2026-08-24,P,767.0,4.0,4.17,1.0,85.0,4.0,0.0,-0.9454,0.0441,-0.0576,0.0228,0.0,3182.0,4337.0
2026-08-24 11:26:07,2026-08-24T11:10:09,762.9,2026-08-24,C,768.0,0.03,0.04,102.0,2406.0,0.03,0.1448,0.0358,0.0283,-0.0391,0.0164,0.0,36998.0,6707.0
2026-08-24 11:26:07,2026-08-24T11:10:09,762.9,2026-08-24,P,768.0,4.95,5.16,35.0,24.0,5.0,0.0,-0.9642,0.0283,-0.0391,0.0164,0.0,1159.0,2423.0
2026-08-24 11:26:07,2026-08-24T11:10:09,762.9,2026-08-24,C,769.0,0.02,0.03,1702.0,2388.0,0.03,0.1593,0.0241,0.0186,-0.0271,0.0119,0.0,12452.0,4943.0
2026-08-24 11:26:07,2026-08-24T11:10:09,762.9,2026-08-24,P,769.0,5.97,6.15,150.0,100.0,6.0,0.0,-0.9759,0.0186,-0.0271,0.0119,0.0,496.0,3299.0
2026-08-24 11:26:07,2026-08-24T11:10:09,762.9,2026-08-24,C,770.0,0.01,0.02,3130.0,2542.0,0.02,0.1685,0.0164,0.0125,-0.0189,0.0087,0.0,19318.0,11088.0
2026-08-24 11:26:07,2026-08-24T11:10:09,762.9,2026-08-24,P,770.0,6.98,7.15,1.0,150.0,6.94,0.0,-0.9836,0.0125,-0.0189,0.0087,0.0,972.0,3062.0
2026-08-24 11:26:07,2026-08-24T11:10:09,762.9,2026-08-24,C,771.0,0.01,0.02,3108.0,3288.0,0.01,0.189,0.0113,0.0084,-0.0132,0.0063,0.0,4389.0,4378.0
2026-08-24 11:26:07,2026-08-24T11:10:09,762.9,2026-08-24,P,771.0,7.95,8.12,127.0,150.0,7.98,0.0,-0.9887,0.0084,-0.0132,0.0063,0.0,294.0,1479.0
2026-08-24 11:26:07,2026-08-24T11:10:09,762.9,2026-08-24,C,772.0,0.01,0.02,3094.0,3137.0,0.01,0.2092,0.0078,0.0058,-0.0093,0.0046,0.0,8287.0,17015.0
2026-08-24 11:26:07,2026-08-24T11:10:09,762.9,2026-08-24,P,772.0,8.97,9.14,62.0,24.0,8.97,0.0,-0.9922,0.0058,-0.0093,0.0046,0.0,273.0,1353.0
2026-08-24 11:26:07,2026-08-24T11:10:09,762.9,2026-08-24,C,773.0,0.01,0.02,1368.0,2962.0,0.01,0.2291,0.0054,0.004,-0.0065,0.0034,0.0,3041.0,6476.0
2026-08-24 11:26:07,2026-08-24T11:10:09,762.9,2026-08-24,P,773.0,9.97,10.14,1.0,80.0,9.96,0.0,-0.9946,0.004,-0.0065,0.0034,0.0,196.0,348.0
2026-08-24 11:26:07,2026-08-24T11:10:09,762.9,2026-08-24,C,774.0,0.01,0.02,1096.0,3269.0,0.01,0.2488,0.0038,0.0028,-0.0046,0.0024,0.0,2089.0,3840.0
2026-08-24 11:26:07,2026-08-24T11:10:09,762.9,2026-08-24,P,774.0,10.98,11.14,1.0,24.0,10.93,0.0,-0.9962,0.0028,-0.0046,0.0024,0.0,110.0,46.0
2026-08-24 11:26:07,2026-08-24T11:10:09,762.9,2026-08-24,C,775.0,0.01,0.02,964.0,3574.0,0.01,0.2682,0.0027,0.0019,-0.0032,0.0018,0.0,4430.0,5611.0
2026-08-24 11:26:07,2026-08-24T11:10:09,762.9,2026-08-24,P,775.0,11.97,12.14,100.0,66.0,11.75,0.0,-0.9973,0.0019,-0.0032,0.0018,0.0,63.0,13.0
2026-08-24 11:26:07,2026-08-24T11:10:09,762.9,2026-08-24,C,776.0,0.0,0.01,0.0,5112.0,0.01,0.2548,0.0019,0.0014,-0.0023,0.0013,0.0,5348.0,6136.0
2026-08-24 11:26:07,2026-08-24T11:10:09,762.9,2026-08-24,P,776.0,12.98,13.14,15.0,100.0,12.81,0.0,-0.9981,0.0014,-0.0023,0.0013,0.0,71.0,28.0
2026-08-24 11:26:07,2026-08-24T11:10:09,762.9,2026-08-24,C,777.0,0.0,0.01,0.0,3364.0,0.01,0.2721,0.0013,0.001,-0.0016,0.001,0.0,3178.0,3531.0
2026-08-24 11:26:07,2026-08-24T11:10:09,762.9,2026-08-24,P,777.0,13.95,14.1,1.0,100.0,13.24,0.0,-0.9987,0.001,-0.0016,0.001,0.0,47.0,30.0
2026-08-24 11:26:07,2026-08-24T11:10:09,762.9,2026-08-24,C,778.0,0.0,0.01,0.0,3190.0,0.01,0.2894,0.001,0.0007,-0.0012,0.0007,0.0,212.0,1814.0
2026-08-24 11:26:07,2026-08-24T11:10:09,762.9,2026-08-24,P,778.0,14.95,15.14,24.0,24.0,14.23,0.0,-0.999,0.0007,-0.0012,0.0007,0.0,29.0,6.0
2026-08-24 11:26:07,2026-08-24T11:10:09,762.9,2026-08-24,C,779.0,0.0,0.01,0.0,3196.0,0.01,0.3065,0.0007,0.0005,-0.0008,0.0005,0.0,16.0,1475.0
2026-08-24 11:26:07,2026-08-24T11:10:09,762.9,2026-08-24,P,779.0,15.94,16.12,49.0,100.0,16.46,0.0,-0.9993,0.0005,-0.0008,0.0005,0.0,59.0,27.0
2026-08-24 11:26:07,2026-08-24T11:10:09,762.9,2026-08-24,C,780.0,0.0,0.01,0.0,3191.0,0.01,0.3235,0.0005,0.0003,-0.0006,0.0004,0.0,122.0,7079.0
2026-08-24 11:26:07,2026-08-24T11:10:09,762.9,2026-08-24,P,780.0,16.96,17.14,24.0,100.0,16.23,0.0,-0.9995,0.0003,-0.0006,0.0004,0.0,42.0,1.0
2026-08-24 11:26:07,2026-08-24T11:10:09,762.9,2026-08-24,C,781.0,0.0,0.01,0.0,3190.0,0.01,0.3404,0.0004,0.0002,-0.0004,0.0003,0.0,43.0,2996.0
2026-08-24 11:26:07,2026-08-24T11:10:09,762.9,2026-08-24,P,781.0,17.98,18.14,100.0,100.0,17.72,0.0,-0.9996,0.0002,-0.0004,0.0003,0.0,6.0,0.0
2026-08-24 11:26:07,2026-08-24T11:10:09,762.9,2026-08-24,C,782.0,0.0,0.01,0.0,3190.0,0.01,0.3572,0.0003,0.0002,-0.0003,0.0002,0.0,8.0,1792.0
2026-08-24 11:26:07,2026-08-24T11:10:09,762.9,2026-08-24,P,782.0,18.98,19.14,1.0,100.0,18.45,0.0,-0.9997,0.0002,-0.0003,0.0002,0.0,16.0,1.0
2026-08-24 11:26:07,2026-08-24T11:10:09,762.9,2026-08-24,C,783.0,0.0,0.01,0.0,3133.0,0.01,0.3739,0.0002,0.0001,-0.0002,0.0001,0.0,145.0,751.0
2026-08-24 11:26:07,2026-08-24T11:10:09,762.9,2026-08-24,P,783.0,19.95,20.1,100.0,101.0,20.46,0.0,-0.9998,0.0001,-0.0002,0.0001,0.0,111.0,0.0
2026-08-24 11:26:07,2026-08-24T11:10:09,762.9,2026-08-24,C,784.0,0.0,0.01,0.0,3134.0,0.01,0.3906,0.0001,0.0001,-0.0002,0.0001,0.0,54.0,807.0
2026-08-24 11:26:07,2026-08-24T11:10:09,762.9,2026-08-24,P,784.0,20.97,21.14,100.0,100.0,21.08,0.0,-0.9999,0.0001,-0.0002,0.0001,0.0,54.0,1.0
2026-08-24 11:26:07,2026-08-24T11:10:09,762.9,2026-08-24,C,785.0,0.0,0.01,0.0,3253.0,0.01,0.4071,0.0001,0.0001,-0.0001,0.0001,0.0,179.0,1778.0
2026-08-24 11:26:07,2026-08-24T11:10:09,762.9,2026-08-24,P,785.0,21.97,22.14,100.0,100.0,22.19,0.0,-0.9999,0.0001,-0.0001,0.0001,0.0,7.0,1.0
2026-08-24 11:26:07,2026-08-24T11:10:09,762.9,2026-08-24,C,786.0,0.0,0.01,0.0,3253.0,0.01,0.4236,0.0001,0.0,-0.0001,0.0001,0.0,18.0,512.0
2026-08-24 11:26:07,2026-08-24T11:10:09,762.9,2026-08-24,P,786.0,22.97,23.14,1.0,24.0,22.72,0.0,-0.9999,0.0,-0.0001,0.0001,0.0,6.0,0.0
2026-08-24 11:26:07,2026-08-24T11:10:09,762.9,2026-08-24,C,787.0,0.0,0.01,0.0,3253.0,0.01,0.44,0.0001,0.0,-0.0001,0.0,0.0,3.0,1566.0
2026-08-24 11:26:07,2026-08-24T11:10:09,762.9,2026-08-24,P,787.0,23.95,24.14,24.0,24.0,24.03,0.0,-0.9999,0.0,-0.0001,0.0,0.0,21.0,0.0
2026-08-24 11:26:07,2026-08-24T11:10:09,762.9,2026-08-24,C,788.0,0.0,0.01,0.0,3258.0,0.01,0.4563,0.0,0.0,0.0,0.0,0.0,3.0,772.0
2026-08-24 11:26:07,2026-08-24T11:10:09,762.9,2026-08-24,P,788.0,24.96,25.14,15.0,15.0,24.71,0.0,-1.0,0.0,0.0,0.0,0.0,12.0,0.0
2026-08-24 11:26:07,2026-08-24T11:10:09,762.9,2026-08-24,C,789.0,0.0,0.01,0.0,2253.0,0.01,0.4726,0.0,0.0,0.0,0.0,0.0,6.0,649.0
2026-08-24 11:26:07,2026-08-24T11:10:09,762.9,2026-08-24,P,789.0,25.95,26.14,15.0,15.0,25.72,0.0,-1.0,0.0,0.0,0.0,0.0,6.0,0.0
2026-08-24 11:26:07,2026-08-24T11:10:09,762.9,2026-08-24,C,790.0,0.0,0.01,0.0,4110.0,0.01,0.4888,0.0,0.0,0.0,0.0,0.0,2.0,1116.0
2026-08-24 11:26:07,2026-08-24T11:10:09,762.9,2026-08-24,P,790.0,26.9,27.11,155.0,15.0,26.72,0.0,-1.0,0.0,0.0,0.0,0.0,6.0,0.0
2026-08-24 11:26:07,2026-08-24T11:10:09,762.9,2026-08-24,C,791.0,0.0,0.01,0.0,2254.0,0.01,0.5049,0.0,0.0,0.0,0.0,0.0,0.0,463.0
2026-08-24 11:26:07,2026-08-24T11:10:09,762.9,2026-08-24,P,791.0,27.92,28.11,46.0,15.0,27.69,0.0,-1.0,0.0,0.0,0.0,0.0,4.0,0.0
2026-08-24 11:26:07,2026-08-24T11:10:09,762.9,2026-08-24,C,792.0,0.0,0.01,0.0,2254.0,0.01,0.5209,0.0,0.0,0.0,0.0,0.0,0.0,329.0
2026-08-24 11:26:07,2026-08-24T11:10:09,762.9,2026-08-24,P,792.0,28.98,29.14,1.0,15.0,28.7,0.0,-1.0,0.0,0.0,0.0,0.0,4.0,0.0
2026-08-24 11:26:07,2026-08-24T11:10:09,762.9,2026-08-24,C,793.0,0.0,0.01,0.0,5615.0,0.01,0.5369,0.0,0.0,0.0,0.0,0.0,150.0,759.0
2026-08-24 11:26:07,2026-08-24T11:10:09,762.9,2026-08-24,P,793.0,29.98,30.14,1.0,15.0,29.89,0.0,-1.0,0.0,0.0,0.0,0.0,10.0,0.0
2026-08-24 11:26:07,2026-08-24T11:10:09,762.9,2026-08-24,C,794.0,0.0,0.01,0.0,2254.0,0.01,0.5528,0.0,0.0,0.0,0.0,0.0,0.0,727.0
2026-08-24 11:26:07,2026-08-24T11:10:09,762.9,2026-08-24,P,794.0,30.97,31.28,15.0,1.0,30.69,0.0,-1.0,0.0,0.0,0.0,0.0,4.0,0.0
2026-08-24 11:26:07,2026-08-24T11:10:09,762.9,2026-08-24,C,795.0,0.0,0.01,0.0,6373.0,0.01,0.5687,0.0,0.0,0.0,0.0,0.0,80.0,479.0
2026-08-24 11:26:07,2026-08-24T11:10:09,762.9,2026-08-24,P,795.0,31.86,32.75,2.0,2.0,31.7,0.908,-1.0,0.0,0.0,0.0,0.0,6.0,0.0
2026-08-24 11:26:07,2026-08-24T11:10:09,762.9,2026-08-24,C,796.0,0.0,0.01,0.0,2254.0,0.01,0.5845,0.0,0.0,0.0,0.0,0.0,0.0,179.0
2026-08-24 11:26:07,2026-08-24T11:10:09,762.9,2026-08-24,P,796.0,32.98,33.28,2.0,1.0,32.67,0.0,-1.0,0.0,0.0,0.0,0.0,6.0,0.0
2026-08-24 11:26:07,2026-08-24T11:10:09,762.9,2026-08-24,C,797.0,0.0,0.01,0.0,2254.0,0.01,0.6002,0.0,0.0,0.0,0.0,0.0,0.0,122.0
2026-08-24 11:26:07,2026-08-24T11:10:09,762.9,2026-08-24,P,797.0,33.97,34.79,1.0,1.0,33.72,0.0,-1.0,0.0,0.0,0.0,0.0,6.0,0.0
2026-08-24 11:26:07,2026-08-24T11:10:09,762.9,2026-08-24,C,798.0,0.0,0.01,0.0,2254.0,0.05,0.6159,0.0,0.0,0.0,0.0,0.0,2.0,563.0
2026-08-24 11:26:07,2026-08-24T11:10:09,762.9,2026-08-24,P,798.0,34.95,35.72,1.0,2.0,35.64,0.9485,-1.0,0.0,0.0,0.0,0.0,2.0,0.0
2026-08-24 11:26:07,2026-08-24T11:10:09,762.9,2026-08-24,C,799.0,0.0,0.01,0.0,2254.0,0.01,0.6316,0.0,0.0,0.0,0.0,0.0,80.0,448.0
2026-08-24 11:26:07,2026-08-24T11:10:09,762.9,2026-08-24,P,799.0,35.98,36.76,1.0,2.0,36.62,1.002,-1.0,0.0,0.0,0.0,0.0,2.0,0.0
2026-08-24 11:26:07,2026-08-24T11:10:09,762.9,2026-08-24,C,800.0,0.0,0.01,0.0,6486.0,0.01,0.6472,0.0,0.0,0.0,0.0,0.0,0.0,1221.0
2026-08-24 11:26:07,2026-08-24T11:10:09,762.9,2026-08-24,P,800.0,36.89,37.27,1.0,1.0,37.64,0.8867,-1.0,0.0,0.0,0.0,0.0,2.0,1.0
2026-08-24 11:26:07,2026-08-24T11:10:09,762.9,2026-08-24,C,801.0,0.0,0.01,0.0,2254.0,0.01,0.6627,0.0,0.0,0.0,0.0,0.0,0.0,298.0
2026-08-24 11:26:07,2026-08-24T11:10:09,762.9,2026-08-24,P,801.0,37.97,38.78,1.0,1.0,38.62,0.9666,-1.0,0.0,0.0,0.0,0.0,2.0,0.0
2026-08-24 11:31:07,2026-08-24T11:15:09,762.72,2026-08-24,C,725.0,37.7,37.91,45.0,45.0,38.73,0.9308,0.9956,0.0009,-0.0201,0.0025,0.0,0.0,13.0
2026-08-24 11:31:07,2026-08-24T11:15:09,762.72,2026-08-24,P,725.0,0.0,0.01,0.0,2228.0,0.01,0.6973,-0.0044,0.0009,-0.0201,0.0025,0.0,1.0,984.0
2026-08-24 11:31:07,2026-08-24T11:15:09,762.72,2026-08-24,C,726.0,36.7,36.99,45.0,45.0,39.64,0.965,0.9954,0.0009,-0.0202,0.0026,0.0,0.0,2.0
2026-08-24 11:31:07,2026-08-24T11:15:09,762.72,2026-08-24,P,726.0,0.0,0.01,0.0,2228.0,0.02,0.6799,-0.0046,0.0009,-0.0202,0.0026,0.0,0.0,49.0
2026-08-24 11:31:07,2026-08-24T11:15:09,762.72,2026-08-24,C,727.0,35.7,35.98,45.0,45.0,38.65,0.9358,0.9953,0.001,-0.0202,0.0026,0.0,0.0,2.0
2026-08-24 11:31:07,2026-08-24T11:15:09,762.72,2026-08-24,P,727.0,0.0,0.01,0.0,3228.0,0.01,0.6625,-0.0047,0.001,-0.0202,0.0026,0.0,0.0,142.0
2026-08-24 11:31:07,2026-08-24T11:15:09,762.72,2026-08-24,C,728.0,34.7,34.93,45.0,45.0,34.81,0.8797,0.9952,0.001,-0.0203,0.0027,0.0,3.0,0.0
2026-08-24 11:31:07,2026-08-24T11:15:09,762.72,2026-08-24,P,728.0,0.0,0.01,0.0,3228.0,0.01,0.6451,-0.0048,0.001,-0.0204,0.0027,0.0,0.0,2120.0
2026-08-24 11:31:07,2026-08-24T11:15:09,762.72,2026-08-24,C,729.0,33.7,33.94,45.0,184.0,33.86,0.8642,0.995,0.0011,-0.0204,0.0028,0.0,3.0,0.0
2026-08-24 11:31:07,2026-08-24T11:15:09,762.72,2026-08-24,P,729.0,0.0,0.01,0.0,3228.0,0.01,0.6277,-0.005,0.0011,-0.0204,0.0028,0.0,8.0,249.0
2026-08-24 11:31:07,2026-08-24T11:15:09,762.72,2026-08-24,C,730.0,32.7,32.91,45.0,45.0,32.47,0.8204,0.9949,0.0011,-0.0205,0.0028,0.0,1.0,61.0
2026-08-24 11:31:07,2026-08-24T11:15:09,762.72,2026-08-24,P,730.0,0.0,0.01,0.0,3228.0,0.02,0.6103,-0.0051,0.0011,-0.0205,0.0028,0.0,0.0,2337.0
2026-08-24 11:31:07,2026-08-24T11:15:09,762.72,2026-08-24,C,731.0,31.7,31.92,45.0,191.0,31.52,0.8054,0.9947,0.0012,-0.0206,0.0029,0.0,1.0,0.0
2026-08-24 11:31:07,2026-08-24T11:15:09,762.72,2026-08-24,P,731.0,0.0,0.01,0.0,3108.0,0.02,0.5929,-0.0053,0.0012,-0.0206,0.0029,0.0,0.0,1383.0
2026-08-24 11:31:07,2026-08-24T11:15:09,762.72,2026-08-24,C,732.0,30.7,30.93,45.0,45.0,0.0,0.7898,0.9946,0.0013,-0.0207,0.003,0.0,0.0,0.0
2026-08-24 11:31:07,2026-08-24T11:15:09,762.72,2026-08-24,P,732.0,0.0,0.01,0.0,3108.0,0.01,0.5754,-0.0054,0.0013,-0.0207,0.003,0.0,15.0,958.0
2026-08-24 11:31:07,2026-08-24T11:15:09,762.72,2026-08-24,C,733.0,29.7,29.93,45.0,45.0,33.82,0.7672,0.9944,0.0013,-0.0208,0.0031,0.0,0.0,1.0
2026-08-24 11:31:07,2026-08-24T11:15:09,762.72,2026-08-24,P,733.0,0.0,0.01,0.0,3108.0,0.01,0.558,-0.0056,0.0013,-0.0208,0.0031,0.0,1.0,281.0
2026-08-24 11:31:07,2026-08-24T11:15:09,762.72,2026-08-24,C,734.0,28.71,28.93,45.0,45.0,28.29,0.7508,0.9942,0.0014,-0.0209,0.0032,0.0,1.0,0.0
2026-08-24 11:31:07,2026-08-24T11:15:09,762.72,2026-08-24,P,734.0,0.0,0.01,0.0,3108.0,0.01,0.5405,-0.0058,0.0014,-0.0209,0.0032,0.0,15.0,426.0
2026-08-24 11:31:07,2026-08-24T11:15:09,762.72,2026-08-24,C,735.0,27.71,27.91,45.0,46.0,28.9,0.7155,0.994,0.0015,-0.021,0.0033,0.0,5.0,7.0
2026-08-24 11:31:07,2026-08-24T11:15:09,762.72,2026-08-24,P,735.0,0.0,0.01,0.0,3108.0,0.01,0.523,-0.006,0.0015,-0.021,0.0033,0.0,5276.0,8066.0
2026-08-24 11:31:07,2026-08-24T11:15:09,762.72,2026-08-24,C,736.0,26.71,26.91,45.0,45.0,26.3,0.6929,0.9938,0.0016,-0.0211,0.0034,0.0,1.0,0.0
2026-08-24 11:31:07,2026-08-24T11:15:09,762.72,2026-08-24,P,736.0,0.0,0.01,0.0,3167.0,0.01,0.5055,-0.0062,0.0016,-0.0211,0.0034,0.0,942.0,7980.0
2026-08-24 11:31:07,2026-08-24T11:15:09,762.72,2026-08-24,C,737.0,25.7,25.93,45.0,45.0,25.35,0.6763,0.9936,0.0017,-0.0212,0.0035,0.0,1.0,6.0
2026-08-24 11:31:07,2026-08-24T11:15:09,762.72,2026-08-24,P,737.0,0.0,0.01,0.0,3167.0,0.01,0.4879,-0.0064,0.0017,-0.0212,0.0035,0.0,6.0,1766.0
2026-08-24 11:31:07,2026-08-24T11:15:09,762.72,2026-08-24,C,738.0,24.7,24.91,46.0,46.0,25.56,0.6415,0.9934,0.0018,-0.0213,0.0036,0.0,3.0,4.0
2026-08-24 11:31:07,2026-08-24T11:15:09,762.72,2026-08-24,P,738.0,0.0,0.01,0.0,3197.0,0.01,0.4703,-0.0066,0.0018,-0.0213,0.0036,0.0,253.0,3291.0
2026-08-24 11:31:07,2026-08-24T11:15:09,762.72,2026-08-24,C,739.0,23.7,23.82,45.0,45.0,23.58,0.6248,0.9931,0.002,-0.0214,0.0037,0.0,2.0,11.0
2026-08-24 11:31:07,2026-08-24T11:15:09,762.72,2026-08-24,P,739.0,0.0,0.01,0.0,3369.0,0.01,0.4527,-0.0069,0.002,-0.0214,0.0037,0.0,3142.0,756.0
2026-08-24 11:31:07,2026-08-24T11:15:09,762.72,2026-08-24,C,740.0,22.71,22.91,41.0,100.0,23.16,0.6019,0.9929,0.0021,-0.0215,0.0039,0.0,4.0,13.0
2026-08-24 11:31:07,2026-08-24T11:15:09,762.72,2026-08-24,P,740.0,0.0,0.01,0.0,3317.0,0.01,0.4351,-0.0071,0.0021,-0.0215,0.0039,0.0,2258.0,1476.0
2026-08-24 11:31:07,2026-08-24T11:15:09,762.72,2026-08-24,C,741.0,21.71,21.94,100.0,170.0,21.75,0.5946,0.9926,0.0023,-0.0216,0.004,0.0,27.0,2.0
2026-08-24 11:31:07,2026-08-24T11:15:09,762.72,2026-08-24,P,741.0,0.0,0.01,0.0,3317.0,0.01,0.4174,-0.0074,0.0023,-0.0216,0.004,0.0,1440.0,1692.0
2026-08-24 11:31:07,2026-08-24T11:15:09,762.72,2026-08-24,C,742.0,20.71,20.91,100.0,100.0,20.75,0.5559,0.9923,0.0024,-0.0217,0.0042,0.0,26.0,13.0
2026-08-24 11:31:07,2026-08-24T11:15:09,762.72,2026-08-24,P,742.0,0.01,0.02,1439.0,3579.0,0.01,0.4471,-0.0077,0.0024,-0.0217,0.0042,0.0,852.0,744.0
2026-08-24 11:31:07,2026-08-24T11:15:09,762.72,2026-08-24,C,743.0,19.71,19.92,100.0,51.0,20.54,0.5379,0.9919,0.0027,-0.0218,0.0043,0.0,24.0,12.0
2026-08-24 11:31:07,2026-08-24T11:15:09,762.72,2026-08-24,P,743.0,0.01,0.02,1583.0,3470.0,0.01,0.4276,-0.0081,0.0026,-0.0218,0.0043,0.0,909.0,624.0
2026-08-24 11:31:07,2026-08-24T11:15:09,762.72,2026-08-24,C,744.0,18.71,18.91,101.0,100.0,19.12,0.5096,0.9915,0.0029,-0.0219,0.0045,0.0,31.0,6.0
2026-08-24 11:31:07,2026-08-24T11:15:09,762.72,2026-08-24,P,744.0,0.01,0.02,1651.0,3350.0,0.01,0.408,-0.0085,0.0029,-0.0219,0.0045,0.0,176.0,1252.0
2026-08-24 11:31:07,2026-08-24T11:15:09,762.72,2026-08-24,C,745.0,17.71,17.91,100.0,100.0,17.84,0.4862,0.9911,0.0032,-0.022,0.0047,0.0,26.0,72.0
2026-08-24 11:31:07,2026-08-24T11:15:09,762.72,2026-08-24,P,745.0,0.01,0.02,1443.0,3440.0,0.02,0.3884,-0.0089,0.0032,-0.022,0.0047,0.0,324.0,1460.0
2026-08-24 11:31:07,2026-08-24T11:15:09,762.72,2026-08-24,C,746.0,16.71,16.92,100.0,100.0,17.8,0.4673,0.9907,0.0035,-0.0221,0.005,0.0,14.0,11.0
2026-08-24 11:31:07,2026-08-24T11:15:09,762.72,2026-08-24,P,746.0,0.01,0.02,1595.0,3438.0,0.01,0.3687,-0.0093,0.0035,-0.0221,0.005,0.0,514.0,497.0
2026-08-24 11:31:07,2026-08-24T11:15:09,762.72,2026-08-24,C,747.0,15.71,15.92,100.0,52.0,16.46,0.4435,0.9902,0.0038,-0.0222,0.0052,0.0,14.0,24.0
2026-08-24 11:31:07,2026-08-24T11:15:09,762.72,2026-08-24,P,747.0,0.01,0.02,2105.0,2935.0,0.01,0.349,-0.0098,0.0038,-0.0222,0.0052,0.0,278.0,1909.0
2026-08-24 11:31:07,2026-08-24T11:15:09,762.72,2026-08-24,C,748.0,14.72,14.95,100.0,100.0,14.68,0.4351,0.9896,0.0043,-0.0223,0.0055,0.0,37.0,24.0
2026-08-24 11:31:07,2026-08-24T11:15:09,762.72,2026-08-24,P,748.0,0.01,0.02,2188.0,2963.0,0.01,0.3291,-0.0104,0.0043,-0.0223,0.0055,0.0,1978.0,1955.0
2026-08-24 11:31:07,2026-08-24T11:15:09,762.72,2026-08-24,C,749.0,13.72,13.92,100.0,100.0,13.77,0.3994,0.989,0.0048,-0.0224,0.0058,0.0,9.0,78.0
2026-08-24 11:31:07,2026-08-24T11:15:09,762.72,2026-08-24,P,749.0,0.01,0.02,2288.0,2870.0,0.01,0.3092,-0.011,0.0048,-0.0224,0.0058,0.0,4689.0,2418.0
2026-08-24 11:31:07,2026-08-24T11:15:09,762.72,2026-08-24,C,750.0,12.72,12.92,100.0,100.0,13.73,0.375,0.9883,0.0054,-0.0226,0.0062,0.0,71.0,79.0
2026-08-24 11:31:07,2026-08-24T11:15:09,762.72,2026-08-24,P,750.0,0.01,0.02,2684.0,2841.0,0.01,0.2891,-0.0117,0.0054,-0.0226,0.0062,0.0,2021.0,10698.0
2026-08-24 11:31:07,2026-08-24T11:15:09,762.72,2026-08-24,C,751.0,11.72,11.97,100.0,100.0,12.09,0.3665,0.9874,0.0062,-0.0227,0.0066,0.0,13.0,59.0
2026-08-24 11:31:07,2026-08-24T11:15:09,762.72,2026-08-24,P,751.0,0.01,0.02,2689.0,2840.0,0.02,0.2689,-0.0126,0.0061,-0.0227,0.0066,0.0,1452.0,1189.0
2026-08-24 11:31:07,2026-08-24T11:15:09,762.72,2026-08-24,C,752.0,10.72,10.92,100.0,100.0,10.8,0.3254,0.9865,0.0071,-0.0228,0.007,0.0,311.0,59.0
2026-08-24 11:31:07,2026-08-24T11:15:09,762.72,2026-08-24,P,752.0,0.01,0.02,3946.0,3066.0,0.01,0.2486,-0.0135,0.0071,-0.0228,0.007,0.0,3436.0,1738.0
2026-08-24 11:31:07,2026-08-24T11:15:09,762.72,2026-08-24,C,753.0,9.73,9.93,98.0,135.0,10.47,0.3063,0.9854,0.0082,-0.0229,0.0076,0.0,76.0,105.0
2026-08-24 11:31:07,2026-08-24T11:15:09,762.72,2026-08-24,P,753.0,0.02,0.03,930.0,3313.0,0.02,0.2443,-0.0146,0.0082,-0.0229,0.0076,0.0,6810.0,3707.0
2026-08-24 11:31:07,2026-08-24T11:15:09,762.72,2026-08-24,C,754.0,8.73,8.93,100.0,74.0,9.02,0.2805,0.984,0.0098,-0.0231,0.0082,0.0,384.0,90.0
2026-08-24 11:31:07,2026-08-24T11:15:09,762.72,2026-08-24,P,754.0,0.02,0.03,3285.0,2875.0,0.02,0.2225,-0.016,0.0097,-0.0231,0.0082,0.0,2928.0,3882.0
2026-08-24 11:31:07,2026-08-24T11:15:09,762.72,2026-08-24,C,755.0,7.73,7.93,90.0,70.0,7.94,0.2543,0.982,0.0119,-0.0239,0.0091,0.0,412.0,182.0
2026-08-24 11:31:07,2026-08-24T11:15:09,762.72,2026-08-24,P,755.0,0.02,0.03,3331.0,2493.0,0.03,0.2004,-0.018,0.0119,-0.0239,0.0091,0.0,18535.0,7567.0
2026-08-24 11:31:07,2026-08-24T11:15:09,762.72,2026-08-24,C,756.0,6.74,6.94,62.0,52.0,6.97,0.2324,0.978,0.0156,-0.0271,0.0109,0.0,170.0,111.0
2026-08-24 11:31:07,2026-08-24T11:15:09,762.72,2026-08-24,P,756.0,0.03,0.04,2963.0,2011.0,0.04,0.1878,-0.0219,0.0155,-0.027,0.0108,0.0,24244.0,7665.0
2026-08-24 11:31:07,2026-08-24T11:15:09,762.72,2026-08-24,C,757.0,5.75,5.9,62.0,63.0,5.8,0.1983,0.9687,0.0228,-0.0375,0.0145,0.0,882.0,186.0
2026-08-24 11:31:07,2026-08-24T11:15:09,762.72,2026-08-24,P,757.0,0.04,0.05,3914.0,1465.0,0.05,0.1715,-0.0311,0.0227,-0.0372,0.0144,0.0,35727.0,4394.0
2026-08-24 11:31:07,2026-08-24T11:15:09,762.72,2026-08-24,C,758.0,4.77,5.0,49.0,100.0,5.23,0.1923,0.9484,0.0363,-0.0629,0.0214,0.0,601.0,149.0
2026-08-24 11:31:07,2026-08-24T11:15:09,762.72,2026-08-24,P,758.0,0.06,0.07,2553.0,848.0,0.06,0.1572,-0.0516,0.0363,-0.0629,0.0214,0.0,50115.0,3941.0
2026-08-24 11:31:07,2026-08-24T11:15:09,762.72,2026-08-24,C,759.0,3.85,3.88,12.0,100.0,3.83,0.1586,0.9119,0.0577,-0.1125,0.0316,0.0,1778.0,194.0
2026-08-24 11:31:07,2026-08-24T11:15:09,762.72,2026-08-24,P,759.0,0.1,0.11,2282.0,613.0,0.11,0.1458,-0.0881,0.0577,-0.1125,0.0316,0.0,59907.0,3264.0
2026-08-24 11:31:07,2026-08-24T11:15:09,762.72,2026-08-24,C,760.0,2.92,2.95,135.0,104.0,2.99,0.1438,0.854,0.0881,-0.1956,0.0444,0.0,5298.0,370.0
2026-08-24 11:31:07,2026-08-24T11:15:09,762.72,2026-08-24,P,760.0,0.18,0.19,1099.0,1931.0,0.19,0.1368,-0.146,0.0881,-0.1956,0.0444,0.0,138068.0,10050.0
2026-08-24 11:31:07,2026-08-24T11:15:09,762.72,2026-08-24,C,761.0,2.06,2.08,69.0,28.0,2.08,0.132,0.7647,0.1278,-0.3322,0.0586,0.0,10034.0,318.0
2026-08-24 11:31:07,2026-08-24T11:15:09,762.72,2026-08-24,P,761.0,0.31,0.32,1006.0,476.0,0.31,0.1277,-0.2353,0.1278,-0.3322,0.0586,0.0,134057.0,4492.0
2026-08-24 11:31:07,2026-08-24T11:15:09,762.72,2026-08-24,C,762.0,1.31,1.32,141.0,170.0,1.31,0.122,0.6289,0.1695,-0.572,0.0709,0.0,43598.0,936.0
2026-08-24 11:31:07,2026-08-24T11:15:09,762.72,2026-08-24,P,762.0,0.56,0.57,150.0,663.0,0.56,0.1185,-0.3711,0.1695,-0.572,0.0709,0.0,257476.0,3574.0
2026-08-24 11:31:07,2026-08-24T11:15:09,762.72,2026-08-24,C,763.0,0.72,0.73,292.0,350.0,0.73,0.1158,0.4495,0.1881,-0.712,0.074,0.0,164577.0,1198.0
2026-08-24 11:31:07,2026-08-24T11:15:09,762.72,2026-08-24,P,763.0,0.97,0.98,192.0,538.0,0.97,0.1118,-0.5505,0.1881,-0.712,0.074,0.0,345973.0,6044.0
2026-08-24 11:31:07,2026-08-24T11:15:09,762.72,2026-08-24,C,764.0,0.34,0.35,552.0,449.0,0.35,0.1113,0.2686,0.1607,-0.3365,0.0626,0.0,253226.0,1820.0
2026-08-24 11:31:07,2026-08-24T11:15:09,762.72,2026-08-24,P,764.0,1.58,1.6,199.0,213.0,1.58,0.1072,-0.7314,0.1607,-0.3365,0.0626,0.0,121319.0,6864.0
2026-08-24 11:31:07,2026-08-24T11:15:09,762.72,2026-08-24,C,765.0,0.15,0.16,241.0,2645.0,0.15,0.1136,0.1426,0.1064,-0.1544,0.0442,0.0,182236.0,6424.0
2026-08-24 11:31:07,2026-08-24T11:15:09,762.72,2026-08-24,P,765.0,2.38,2.4,121.0,37.0,2.36,0.1049,-0.8574,0.1064,-0.1544,0.0442,0.0,48910.0,19244.0
2026-08-24 11:31:07,2026-08-24T11:15:09,762.72,2026-08-24,C,766.0,0.07,0.08,371.0,2685.0,0.07,0.121,0.0802,0.0641,-0.0841,0.03,0.0,131600.0,8787.0
2026-08-24 11:31:07,2026-08-24T11:15:09,762.72,2026-08-24,P,766.0,3.25,3.34,83.0,39.0,3.35,0.1028,-0.9198,0.0641,-0.0841,0.03,0.0,13826.0,11396.0
2026-08-24 11:31:07,2026-08-24T11:15:09,762.72,2026-08-24,C,767.0,0.04,0.05,620.0,3653.0,0.04,0.1334,0.0509,0.0404,-0.0549,0.0214,0.0,88834.0,5623.0
2026-08-24 11:31:07,2026-08-24T11:15:09,762.72,2026-08-24,P,767.0,4.22,4.32,72.0,54.0,4.33,0.1046,-0.9494,0.0401,-0.0546,0.0213,0.0,3227.0,4337.0
2026-08-24 11:31:07,2026-08-24T11:15:09,762.72,2026-08-24,C,768.0,0.02,0.03,3515.0,2872.0,0.03,0.1431,0.0339,0.0263,-0.0378,0.0156,0.0,37209.0,6707.0
2026-08-24 11:31:07,2026-08-24T11:15:09,762.72,2026-08-24,P,768.0,5.17,5.32,66.0,62.0,5.2,0.0,-0.9664,0.0261,-0.0376,0.0155,0.0,1173.0,2423.0
2026-08-24 11:31:07,2026-08-24T11:15:09,762.72,2026-08-24,C,769.0,0.02,0.03,2136.0,2886.0,0.02,0.1656,0.023,0.0175,-0.0264,0.0114,0.0,12560.0,4943.0
2026-08-24 11:31:07,2026-08-24T11:15:09,762.72,2026-08-24,P,769.0,6.19,6.29,66.0,1.0,6.25,0.0,-0.9772,0.0174,-0.0262,0.0113,0.0,500.0,3299.0
2026-08-24 11:31:07,2026-08-24T11:15:09,762.72,2026-08-24,C,770.0,0.01,0.02,3064.0,2544.0,0.02,0.1746,0.0158,0.0118,-0.0185,0.0083,0.0,19731.0,11088.0
2026-08-24 11:31:07,2026-08-24T11:15:09,762.72,2026-08-24,P,770.0,7.17,7.31,110.0,110.0,7.19,0.0,-0.9844,0.0117,-0.0184,0.0082,0.0,985.0,3062.0
2026-08-24 11:31:07,2026-08-24T11:15:09,762.72,2026-08-24,C,771.0,0.01,0.02,3064.0,2711.0,0.01,0.1951,0.0109,0.008,-0.013,0.0061,0.0,4400.0,4378.0
2026-08-24 11:31:07,2026-08-24T11:15:09,762.72,2026-08-24,P,771.0,8.18,8.31,85.0,91.0,8.22,0.0,-0.9892,0.008,-0.0129,0.006,0.0,307.0,1479.0
2026-08-24 11:31:07,2026-08-24T11:15:09,762.72,2026-08-24,C,772.0,0.01,0.02,3125.0,3161.0,0.01,0.2154,0.0076,0.0055,-0.0091,0.0044,0.0,8301.0,17015.0
2026-08-24 11:31:07,2026-08-24T11:15:09,762.72,2026-08-24,P,772.0,9.18,9.31,123.0,62.0,9.28,0.0,-0.9925,0.0055,-0.0091,0.0044,0.0,350.0,1353.0
2026-08-24 11:31:07,2026-08-24T11:15:09,762.72,2026-08-24,C,773.0,0.01,0.02,1370.0,3306.0,0.01,0.2354,0.0053,0.0038,-0.0064,0.0032,0.0,3107.0,6476.0
2026-08-24 11:31:07,2026-08-24T11:15:09,762.72,2026-08-24,P,773.0,10.16,10.31,85.0,100.0,10.12,0.0,-0.9948,0.0038,-0.0064,0.0032,0.0,200.0,348.0
2026-08-24 11:31:07,2026-08-24T11:15:09,762.72,2026-08-24,C,774.0,0.01,0.02,1098.0,3457.0,0.02,0.2552,0.0037,0.0027,-0.0046,0.0024,0.0,2106.0,3840.0
2026-08-24 11:31:07,2026-08-24T11:15:09,762.72,2026-08-24,P,774.0,11.18,11.31,100.0,100.0,10.93,0.0,-0.9963,0.0026,-0.0045,0.0024,0.0,110.0,46.0
2026-08-24 11:31:07,2026-08-24T11:15:09,762.72,2026-08-24,C,775.0,0.01,0.02,965.0,3936.0,0.01,0.2748,0.0026,0.0019,-0.0032,0.0017,0.0,4527.0,5611.0
2026-08-24 11:31:07,2026-08-24T11:15:09,762.72,2026-08-24,P,775.0,12.17,12.31,1.0,100.0,11.99,0.0,-0.9974,0.0018,-0.0032,0.0017,0.0,64.0,13.0
2026-08-24 11:31:07,2026-08-24T11:15:09,762.72,2026-08-24,C,776.0,0.0,0.01,0.0,5114.0,0.01,0.2608,0.0019,0.0013,-0.0023,0.0013,0.0,5452.0,6136.0
2026-08-24 11:31:07,2026-08-24T11:15:09,762.72,2026-08-24,P,776.0,13.16,13.3,1.0,100.0,12.81,0.0,-0.9982,0.0013,-0.0023,0.0013,0.0,71.0,28.0
2026-08-24 11:31:07,2026-08-24T11:15:09,762.72,2026-08-24,C,777.0,0.0,0.01,0.0,3366.0,0.01,0.2782,0.0013,0.0009,-0.0016,0.0009,0.0,3178.0,3531.0
2026-08-24 11:31:07,2026-08-24T11:15:09,762.72,2026-08-24,P,777.0,14.18,14.3,100.0,100.0,14.01,0.0,-0.9987,0.0009,-0.0016,0.0009,0.0,51.0,30.0
2026-08-24 11:31:07,2026-08-24T11:15:09,762.72,2026-08-24,C,778.0,0.0,0.01,0.0,3192.0,0.01,0.2956,0.001,0.0007,-0.0012,0.0007,0.0,212.0,1814.0
2026-08-24 11:31:07,2026-08-24T11:15:09,762.72,2026-08-24,P,778.0,15.17,15.3,100.0,100.0,14.23,0.0,-0.9991,0.0007,-0.0012,0.0007,0.0,29.0,6.0
2026-08-24 11:31:07,2026-08-24T11:15:09,762.72,2026-08-24,C,779.0,0.0,0.01,0.0,3198.0,0.01,0.3128,0.0007,0.0005,-0.0008,0.0005,0.0,16.0,1475.0
2026-08-24 11:31:07,2026-08-24T11:15:09,762.72,2026-08-24,P,779.0,16.16,16.3,52.0,91.0,16.46,0.0,-0.9993,0.0005,-0.0008,0.0005,0.0,59.0,27.0
2026-08-24 11:31:07,2026-08-24T11:15:09,762.72,2026-08-24,C,780.0,0.0,0.01,0.0,3193.0,0.01,0.33,0.0005,0.0003,-0.0006,0.0004,0.0,158.0,7079.0
2026-08-24 11:31:07,2026-08-24T11:15:09,762.72,2026-08-24,P,780.0,17.17,17.3,51.0,100.0,16.23,0.0,-0.9995,0.0003,-0.0006,0.0004,0.0,42.0,1.0
2026-08-24 11:31:07,2026-08-24T11:15:09,762.72,2026-08-24,C,781.0,0.0,0.01,0.0,3192.0,0.01,0.347,0.0004,0.0002,-0.0004,0.0003,0.0,43.0,2996.0
2026-08-24 11:31:07,2026-08-24T11:15:09,762.72,2026-08-24,P,781.0,18.18,18.3,45.0,100.0,17.72,0.0,-0.9996,0.0002,-0.0004,0.0003,0.0,6.0,0.0
2026-08-24 11:31:07,2026-08-24T11:15:09,762.72,2026-08-24,C,782.0,0.0,0.01,0.0,3192.0,0.01,0.3639,0.0003,0.0002,-0.0003,0.0002,0.0,8.0,1792.0
2026-08-24 11:31:07,2026-08-24T11:15:09,762.72,2026-08-24,P,782.0,19.17,19.3,100.0,100.0,18.45,0.0,-0.9997,0.0002,-0.0003,0.0002,0.0,16.0,1.0
2026-08-24 11:31:07,2026-08-24T11:15:09,762.72,2026-08-24,C,783.0,0.0,0.01,0.0,3133.0,0.01,0.3807,0.0002,0.0001,-0.0002,0.0001,0.0,145.0,751.0
2026-08-24 11:31:07,2026-08-24T11:15:09,762.72,2026-08-24,P,783.0,20.15,20.3,100.0,100.0,20.46,0.0,-0.9998,0.0001,-0.0002,0.0001,0.0,111.0,0.0
2026-08-24 11:31:07,2026-08-24T11:15:09,762.72,2026-08-24,C,784.0,0.0,0.01,0.0,3134.0,0.01,0.3975,0.0001,0.0001,-0.0002,0.0001,0.0,54.0,807.0
2026-08-24 11:31:07,2026-08-24T11:15:09,762.72,2026-08-24,P,784.0,21.18,21.3,100.0,100.0,21.08,0.0,-0.9999,0.0001,-0.0002,0.0001,0.0,54.0,1.0
2026-08-24 11:31:07,2026-08-24T11:15:09,762.72,2026-08-24,C,785.0,0.0,0.01,0.0,3253.0,0.01,0.4142,0.0001,0.0001,-0.0001,0.0001,0.0,179.0,1778.0
2026-08-24 11:31:07,2026-08-24T11:15:09,762.72,2026-08-24,P,785.0,22.17,22.3,100.0,100.0,22.19,0.0,-0.9999,0.0001,-0.0001,0.0001,0.0,7.0,1.0
2026-08-24 11:31:07,2026-08-24T11:15:09,762.72,2026-08-24,C,786.0,0.0,0.01,0.0,3253.0,0.01,0.4307,0.0001,0.0,-0.0001,0.0001,0.0,18.0,512.0
2026-08-24 11:31:07,2026-08-24T11:15:09,762.72,2026-08-24,P,786.0,23.16,23.3,46.0,45.0,22.72,0.0,-0.9999,0.0,-0.0001,0.0001,0.0,6.0,0.0
2026-08-24 11:31:07,2026-08-24T11:15:09,762.72,2026-08-24,C,787.0,0.0,0.01,0.0,2253.0,0.01,0.4472,0.0001,0.0,-0.0001,0.0,0.0,3.0,1566.0
2026-08-24 11:31:07,2026-08-24T11:15:09,762.72,2026-08-24,P,787.0,24.17,24.3,46.0,45.0,24.03,0.0,-0.9999,0.0,-0.0001,0.0,0.0,21.0,0.0
2026-08-24 11:31:07,2026-08-24T11:15:09,762.72,2026-08-24,C,788.0,0.0,0.01,0.0,2258.0,0.01,0.4637,0.0,0.0,0.0,0.0,0.0,3.0,772.0
2026-08-24 11:31:07,2026-08-24T11:15:09,762.72,2026-08-24,P,788.0,25.17,25.3,45.0,45.0,24.71,0.0,-1.0,0.0,0.0,0.0,0.0,12.0,0.0
2026-08-24 11:31:07,2026-08-24T11:15:09,762.72,2026-08-24,C,789.0,0.0,0.01,0.0,2253.0,0.01,0.48,0.0,0.0,0.0,0.0,0.0,6.0,649.0
2026-08-24 11:31:07,2026-08-24T11:15:09,762.72,2026-08-24,P,789.0,26.17,26.31,45.0,45.0,25.72,0.0,-1.0,0.0,0.0,0.0,0.0,6.0,0.0
2026-08-24 11:31:07,2026-08-24T11:15:09,762.72,2026-08-24,C,790.0,0.0,0.01,0.0,4113.0,0.01,0.4964,0.0,0.0,0.0,0.0,0.0,2.0,1116.0
2026-08-24 11:31:07,2026-08-24T11:15:09,762.72,2026-08-24,P,790.0,27.12,27.31,46.0,45.0,26.72,0.0,-1.0,0.0,0.0,0.0,0.0,6.0,0.0
2026-08-24 11:31:07,2026-08-24T11:15:09,762.72,2026-08-24,C,791.0,0.0,0.01,0.0,2254.0,0.01,0.5126,0.0,0.0,0.0,0.0,0.0,0.0,463.0
2026-08-24 11:31:07,2026-08-24T11:15:09,762.72,2026-08-24,P,791.0,28.09,28.31,46.0,45.0,27.69,0.0,-1.0,0.0,0.0,0.0,0.0,4.0,0.0
2026-08-24 11:31:07,2026-08-24T11:15:09,762.72,2026-08-24,C,792.0,0.0,0.01,0.0,2254.0,0.01,0.5287,0.0,0.0,0.0,0.0,0.0,0.0,329.0
2026-08-24 11:31:07,2026-08-24T11:15:09,762.72,2026-08-24,P,792.0,29.12,29.31,15.0,15.0,28.7,0.0,-1.0,0.0,0.0,0.0,0.0,4.0,0.0
2026-08-24 11:31:07,2026-08-24T11:15:09,762.72,2026-08-24,C,793.0,0.0,0.01,0.0,5604.0,0.01,0.5448,0.0,0.0,0.0,0.0,0.0,150.0,759.0
2026-08-24 11:31:07,2026-08-24T11:15:09,762.72,2026-08-24,P,793.0,30.12,30.31,15.0,15.0,29.89,0.0,-1.0,0.0,0.0,0.0,0.0,10.0,0.0
2026-08-24 11:31:07,2026-08-24T11:15:09,762.72,2026-08-24,C,794.0,0.0,0.01,0.0,2254.0,0.01,0.5609,0.0,0.0,0.0,0.0,0.0,0.0,727.0
2026-08-24 11:31:07,2026-08-24T11:15:09,762.72,2026-08-24,P,794.0,31.12,31.4,15.0,15.0,30.69,0.5607,-1.0,0.0,0.0,0.0,0.0,4.0,0.0
2026-08-24 11:31:07,2026-08-24T11:15:09,762.72,2026-08-24,C,795.0,0.0,0.01,0.0,6270.0,0.01,0.5769,0.0,0.0,0.0,0.0,0.0,80.0,479.0
2026-08-24 11:31:07,2026-08-24T11:15:09,762.72,2026-08-24,P,795.0,31.97,32.44,1.0,1.0,31.7,0.0,-1.0,0.0,0.0,0.0,0.0,6.0,0.0
2026-08-24 11:31:07,2026-08-24T11:15:09,762.72,2026-08-24,C,796.0,0.0,0.01,0.0,2254.0,0.01,0.5928,0.0,0.0,0.0,0.0,0.0,0.0,179.0
2026-08-24 11:31:07,2026-08-24T11:15:09,762.72,2026-08-24,P,796.0,33.07,33.42,2.0,1.0,32.67,0.9715,-1.0,0.0,0.0,0.0,0.0,6.0,0.0
2026-08-24 11:31:07,2026-08-24T11:15:09,762.72,2026-08-24,C,797.0,0.0,0.01,0.0,2254.0,0.01,0.6086,0.0,0.0,0.0,0.0,0.0,0.0,122.0
2026-08-24 11:31:07,2026-08-24T11:15:09,762.72,2026-08-24,P,797.0,34.1,34.78,1.0,2.0,33.72,0.6959,-1.0,0.0,0.0,0.0,0.0,6.0,0.0
2026-08-24 11:31:07,2026-08-24T11:15:09,762.72,2026-08-24,C,798.0,0.0,0.01,0.0,2254.0,0.05,0.6245,0.0,0.0,0.0,0.0,0.0,2.0,563.0
2026-08-24 11:31:07,2026-08-24T11:15:09,762.72,2026-08-24,P,798.0,35.11,35.9,2.0,2.0,35.64,0.9698,-1.0,0.0,0.0,0.0,0.0,2.0,0.0
2026-08-24 11:31:07,2026-08-24T11:15:09,762.72,2026-08-24,C,799.0,0.0,0.01,0.0,2254.0,0.01,0.6402,0.0,0.0,0.0,0.0,0.0,80.0,448.0
2026-08-24 11:31:07,2026-08-24T11:15:09,762.72,2026-08-24,P,799.0,36.1,36.89,2.0,2.0,36.62,1.041,-1.0,0.0,0.0,0.0,0.0,2.0,0.0
2026-08-24 11:31:07,2026-08-24T11:15:09,762.72,2026-08-24,C,800.0,0.0,0.01,0.0,6366.0,0.01,0.6559,0.0,0.0,0.0,0.0,0.0,0.0,1221.0
2026-08-24 11:31:07,2026-08-24T11:15:09,762.72,2026-08-24,P,800.0,37.02,37.42,2.0,1.0,37.64,0.0,-1.0,0.0,0.0,0.0,0.0,2.0,1.0
2026-08-24 11:36:08,2026-08-24T11:20:09,762.68,2026-08-24,C,725.0,37.67,37.86,45.0,45.0,38.73,0.9605,0.9956,0.0009,-0.0195,0.0024,0.0,0.0,13.0
2026-08-24 11:36:08,2026-08-24T11:20:09,762.68,2026-08-24,P,725.0,0.0,0.01,0.0,2228.0,0.01,0.7019,-0.0044,0.0009,-0.0195,0.0024,0.0,1.0,984.0
2026-08-24 11:36:08,2026-08-24T11:20:09,762.68,2026-08-24,C,726.0,36.67,36.88,45.0,45.0,39.64,0.9519,0.9955,0.0009,-0.0196,0.0025,0.0,0.0,2.0
2026-08-24 11:36:08,2026-08-24T11:20:09,762.68,2026-08-24,P,726.0,0.0,0.01,0.0,2228.0,0.02,0.6844,-0.0045,0.0009,-0.0196,0.0025,0.0,0.0,49.0
2026-08-24 11:36:08,2026-08-24T11:20:09,762.68,2026-08-24,C,727.0,35.67,35.88,45.0,45.0,38.65,0.929,0.9954,0.001,-0.0197,0.0025,0.0,0.0,2.0
2026-08-24 11:36:08,2026-08-24T11:20:09,762.68,2026-08-24,P,727.0,0.0,0.01,0.0,3228.0,0.01,0.6669,-0.0046,0.001,-0.0197,0.0025,0.0,0.0,142.0
2026-08-24 11:36:08,2026-08-24T11:20:09,762.68,2026-08-24,C,728.0,34.67,34.86,45.0,45.0,34.81,0.8925,0.9953,0.001,-0.0198,0.0026,0.0,3.0,0.0
2026-08-24 11:36:08,2026-08-24T11:20:09,762.68,2026-08-24,P,728.0,0.0,0.01,0.0,3228.0,0.01,0.6493,-0.0047,0.001,-0.0198,0.0026,0.0,0.0,2120.0
2026-08-24 11:36:08,2026-08-24T11:20:09,762.68,2026-08-24,C,729.0,33.67,33.86,45.0,45.0,33.86,0.8698,0.9952,0.001,-0.0198,0.0027,0.0,3.0,0.0
2026-08-24 11:36:08,2026-08-24T11:20:09,762.68,2026-08-24,P,729.0,0.0,0.01,0.0,3228.0,0.01,0.6318,-0.0048,0.001,-0.0199,0.0027,0.0,8.0,249.0
2026-08-24 11:36:08,2026-08-24T11:20:09,762.68,2026-08-24,C,730.0,32.67,32.86,45.0,45.0,32.47,0.86,0.995,0.0011,-0.02,0.0028,0.0,1.0,61.0
2026-08-24 11:36:08,2026-08-24T11:20:09,762.68,2026-08-24,P,730.0,0.0,0.01,0.0,3228.0,0.02,0.6142,-0.005,0.0011,-0.02,0.0028,0.0,0.0,2337.0
2026-08-24 11:36:08,2026-08-24T11:20:09,762.68,2026-08-24,C,731.0,31.67,31.86,45.0,45.0,31.52,0.8369,0.9948,0.0012,-0.02,0.0028,0.0,1.0,0.0
2026-08-24 11:36:08,2026-08-24T11:20:09,762.68,2026-08-24,P,731.0,0.0,0.01,0.0,3108.0,0.02,0.5967,-0.0051,0.0012,-0.02,0.0028,0.0,0.0,1383.0
2026-08-24 11:36:08,2026-08-24T11:20:09,762.68,2026-08-24,C,732.0,30.67,30.86,45.0,45.0,0.0,0.8013,0.9947,0.0012,-0.0201,0.0029,0.0,0.0,0.0
2026-08-24 11:36:08,2026-08-24T11:20:09,762.68,2026-08-24,P,732.0,0.0,0.01,0.0,3108.0,0.01,0.5791,-0.0053,0.0012,-0.0201,0.0029,0.0,15.0,958.0
2026-08-24 11:36:08,2026-08-24T11:20:09,762.68,2026-08-24,C,733.0,29.67,29.86,45.0,45.0,33.82,0.7784,0.9945,0.0013,-0.0202,0.003,0.0,0.0,1.0
2026-08-24 11:36:08,2026-08-24T11:20:09,762.68,2026-08-24,P,733.0,0.0,0.01,0.0,3108.0,0.01,0.5615,-0.0055,0.0013,-0.0202,0.003,0.0,1.0,281.0
2026-08-24 11:36:08,2026-08-24T11:20:09,762.68,2026-08-24,C,734.0,28.65,28.86,45.0,45.0,28.29,0.7615,0.9944,0.0014,-0.0203,0.0031,0.0,1.0,0.0
2026-08-24 11:36:08,2026-08-24T11:20:09,762.68,2026-08-24,P,734.0,0.0,0.01,0.0,3108.0,0.01,0.5438,-0.0056,0.0014,-0.0203,0.0031,0.0,15.0,426.0
2026-08-24 11:36:08,2026-08-24T11:20:09,762.68,2026-08-24,C,735.0,27.67,27.86,45.0,46.0,28.9,0.7324,0.9942,0.0015,-0.0204,0.0032,0.0,5.0,7.0
2026-08-24 11:36:08,2026-08-24T11:20:09,762.68,2026-08-24,P,735.0,0.0,0.01,0.0,3108.0,0.01,0.5262,-0.0058,0.0015,-0.0204,0.0032,0.0,5276.0,8066.0
2026-08-24 11:36:08,2026-08-24T11:20:09,762.68,2026-08-24,C,736.0,26.67,26.86,45.0,45.0,26.3,0.7093,0.994,0.0016,-0.0205,0.0033,0.0,1.0,0.0
2026-08-24 11:36:08,2026-08-24T11:20:09,762.68,2026-08-24,P,736.0,0.0,0.01,0.0,3167.0,0.01,0.5085,-0.006,0.0016,-0.0205,0.0033,0.0,942.0,7980.0
2026-08-24 11:36:08,2026-08-24T11:20:09,762.68,2026-08-24,C,737.0,25.67,25.86,45.0,45.0,25.35,0.6862,0.9938,0.0017,-0.0206,0.0034,0.0,1.0,6.0
2026-08-24 11:36:08,2026-08-24T11:20:09,762.68,2026-08-24,P,737.0,0.0,0.01,0.0,3167.0,0.01,0.4908,-0.0062,0.0017,-0.0206,0.0034,0.0,6.0,1766.0
2026-08-24 11:36:08,2026-08-24T11:20:09,762.68,2026-08-24,C,738.0,24.67,24.89,45.0,46.0,25.56,0.6839,0.9935,0.0018,-0.0207,0.0035,0.0,3.0,4.0
2026-08-24 11:36:08,2026-08-24T11:20:09,762.68,2026-08-24,P,738.0,0.0,0.01,0.0,3197.0,0.01,0.4731,-0.0065,0.0018,-0.0207,0.0035,0.0,253.0,3291.0
2026-08-24 11:36:08,2026-08-24T11:20:09,762.68,2026-08-24,C,739.0,23.67,23.89,45.0,46.0,23.82,0.6552,0.9933,0.0019,-0.0208,0.0036,0.0,3.0,11.0
2026-08-24 11:36:08,2026-08-24T11:20:09,762.68,2026-08-24,P,739.0,0.0,0.01,0.0,3369.0,0.01,0.4554,-0.0067,0.0019,-0.0208,0.0036,0.0,3142.0,756.0
2026-08-24 11:36:08,2026-08-24T11:20:09,762.68,2026-08-24,C,740.0,22.67,22.86,45.0,195.0,23.16,0.6314,0.993,0.0021,-0.0209,0.0038,0.0,4.0,13.0
2026-08-24 11:36:08,2026-08-24T11:20:09,762.68,2026-08-24,P,740.0,0.0,0.01,0.0,3197.0,0.01,0.4376,-0.007,0.0021,-0.0209,0.0038,0.0,2258.0,1476.0
2026-08-24 11:36:08,2026-08-24T11:20:09,762.68,2026-08-24,C,741.0,21.67,21.86,125.0,163.0,21.75,0.6121,0.9927,0.0022,-0.021,0.0039,0.0,27.0,2.0
2026-08-24 11:36:08,2026-08-24T11:20:09,762.68,2026-08-24,P,741.0,0.0,0.01,0.0,3317.0,0.01,0.4198,-0.0073,0.0022,-0.021,0.0039,0.0,1441.0,1692.0
2026-08-24 11:36:08,2026-08-24T11:20:09,762.68,2026-08-24,C,742.0,20.68,20.86,134.0,148.0,20.75,0.5742,0.9924,0.0024,-0.0211,0.0041,0.0,26.0,13.0
2026-08-24 11:36:08,2026-08-24T11:20:09,762.68,2026-08-24,P,742.0,0.01,0.02,1439.0,4297.0,0.02,0.4496,-0.0076,0.0024,-0.0211,0.0041,0.0,854.0,744.0
2026-08-24 11:36:08,2026-08-24T11:20:09,762.68,2026-08-24,C,743.0,19.68,19.86,126.0,170.0,20.54,0.5638,0.9921,0.0026,-0.0212,0.0042,0.0,24.0,12.0
2026-08-24 11:36:08,2026-08-24T11:20:09,762.68,2026-08-24,P,743.0,0.01,0.02,1703.0,4222.0,0.02,0.4299,-0.0079,0.0026,-0.0212,0.0042,0.0,910.0,624.0
2026-08-24 11:36:08,2026-08-24T11:20:09,762.68,2026-08-24,C,744.0,18.68,18.86,97.0,200.0,19.12,0.5394,0.9917,0.0029,-0.0213,0.0044,0.0,31.0,6.0
2026-08-24 11:36:08,2026-08-24T11:20:09,762.68,2026-08-24,P,744.0,0.01,0.02,1651.0,4102.0,0.01,0.4102,-0.0083,0.0029,-0.0213,0.0044,0.0,176.0,1252.0
2026-08-24 11:36:08,2026-08-24T11:20:09,762.68,2026-08-24,C,745.0,17.68,17.87,97.0,171.0,17.84,0.515,0.9913,0.0031,-0.0214,0.0046,0.0,26.0,72.0
2026-08-24 11:36:08,2026-08-24T11:20:09,762.68,2026-08-24,P,745.0,0.01,0.02,1443.0,3990.0,0.02,0.3905,-0.0087,0.0031,-0.0214,0.0046,0.0,381.0,1460.0
2026-08-24 11:36:08,2026-08-24T11:20:09,762.68,2026-08-24,C,746.0,16.68,16.87,128.0,200.0,17.8,0.4904,0.9909,0.0034,-0.0215,0.0048,0.0,14.0,11.0
2026-08-24 11:36:08,2026-08-24T11:20:09,762.68,2026-08-24,P,746.0,0.01,0.02,2139.0,3877.0,0.01,0.3706,-0.0091,0.0034,-0.0215,0.0048,0.0,514.0,497.0
2026-08-24 11:36:08,2026-08-24T11:20:09,762.68,2026-08-24,C,747.0,15.68,15.89,125.0,161.0,16.46,0.4657,0.9904,0.0038,-0.0216,0.0051,0.0,14.0,24.0
2026-08-24 11:36:08,2026-08-24T11:20:09,762.68,2026-08-24,P,747.0,0.01,0.02,2225.0,3743.0,0.01,0.3507,-0.0096,0.0038,-0.0216,0.0051,0.0,278.0,1909.0
2026-08-24 11:36:08,2026-08-24T11:20:09,762.68,2026-08-24,C,748.0,14.67,14.89,109.0,170.0,14.68,0.4372,0.9898,0.0042,-0.0217,0.0054,0.0,37.0,24.0
2026-08-24 11:36:08,2026-08-24T11:20:09,762.68,2026-08-24,P,748.0,0.01,0.02,2188.0,3666.0,0.01,0.3307,-0.0102,0.0042,-0.0217,0.0054,0.0,1992.0,1955.0
2026-08-24 11:36:08,2026-08-24T11:20:09,762.68,2026-08-24,C,749.0,13.68,13.87,195.0,200.0,13.77,0.4087,0.9892,0.0047,-0.0218,0.0057,0.0,9.0,78.0
2026-08-24 11:36:08,2026-08-24T11:20:09,762.68,2026-08-24,P,749.0,0.01,0.02,2305.0,3366.0,0.01,0.3106,-0.0108,0.0047,-0.0218,0.0057,0.0,4689.0,2418.0
2026-08-24 11:36:08,2026-08-24T11:20:09,762.68,2026-08-24,C,750.0,12.68,12.87,195.0,170.0,13.73,0.3871,0.9885,0.0054,-0.0219,0.006,0.0,71.0,79.0
2026-08-24 11:36:08,2026-08-24T11:20:09,762.68,2026-08-24,P,750.0,0.01,0.02,2687.0,2908.0,0.02,0.2904,-0.0115,0.0053,-0.0219,0.006,0.0,2070.0,10698.0
2026-08-24 11:36:08,2026-08-24T11:20:09,762.68,2026-08-24,C,751.0,11.68,11.89,195.0,161.0,12.09,0.3649,0.9877,0.0061,-0.022,0.0064,0.0,13.0,59.0
2026-08-24 11:36:08,2026-08-24T11:20:09,762.68,2026-08-24,P,751.0,0.01,0.02,3174.0,3006.0,0.01,0.27,-0.0123,0.0061,-0.022,0.0064,0.0,1475.0,1189.0
2026-08-24 11:36:08,2026-08-24T11:20:09,762.68,2026-08-24,C,752.0,10.68,10.88,125.0,177.0,10.8,0.3391,0.9867,0.007,-0.0221,0.0069,0.0,311.0,59.0
2026-08-24 11:36:08,2026-08-24T11:20:09,762.68,2026-08-24,P,752.0,0.01,0.02,3996.0,3573.0,0.01,0.2495,-0.0132,0.007,-0.0221,0.0068,0.0,3465.0,1738.0
2026-08-24 11:36:08,2026-08-24T11:20:09,762.68,2026-08-24,C,753.0,9.68,9.88,125.0,64.0,9.8,0.3102,0.9856,0.0082,-0.0222,0.0074,0.0,77.0,105.0
2026-08-24 11:36:08,2026-08-24T11:20:09,762.68,2026-08-24,P,753.0,0.02,0.03,930.0,4859.0,0.02,0.2451,-0.0144,0.0082,-0.0222,0.0074,0.0,6910.0,3707.0
2026-08-24 11:36:08,2026-08-24T11:20:09,762.68,2026-08-24,C,754.0,8.69,8.9,62.0,122.0,9.02,0.2918,0.9843,0.0097,-0.0224,0.008,0.0,384.0,90.0
2026-08-24 11:36:08,2026-08-24T11:20:09,762.68,2026-08-24,P,754.0,0.02,0.03,3847.0,3956.0,0.02,0.2231,-0.0157,0.0097,-0.0224,0.008,0.0,3046.0,3882.0
2026-08-24 11:36:08,2026-08-24T11:20:09,762.68,2026-08-24,C,755.0,7.7,7.87,93.0,80.0,7.78,0.267,0.9825,0.0118,-0.0228,0.0089,0.0,435.0,182.0
2026-08-24 11:36:08,2026-08-24T11:20:09,762.68,2026-08-24,P,755.0,0.02,0.03,3807.0,3297.0,0.03,0.2009,-0.0174,0.0117,-0.0228,0.0088,0.0,18548.0,7567.0
2026-08-24 11:36:08,2026-08-24T11:20:09,762.68,2026-08-24,C,756.0,6.7,6.91,60.0,61.0,6.97,0.2414,0.9791,0.0152,-0.0251,0.0104,0.0,170.0,111.0
2026-08-24 11:36:08,2026-08-24T11:20:09,762.68,2026-08-24,P,756.0,0.03,0.04,3542.0,2637.0,0.03,0.188,-0.0208,0.0151,-0.025,0.0103,0.0,24259.0,7665.0
2026-08-24 11:36:08,2026-08-24T11:20:09,762.68,2026-08-24,C,757.0,5.71,5.85,50.0,72.0,5.85,0.2049,0.9704,0.0222,-0.0342,0.0138,0.0,883.0,186.0
2026-08-24 11:36:08,2026-08-24T11:20:09,762.68,2026-08-24,P,757.0,0.04,0.05,3203.0,2258.0,0.04,0.1716,-0.0293,0.022,-0.0339,0.0137,0.0,35867.0,4394.0
2026-08-24 11:36:08,2026-08-24T11:20:09,762.68,2026-08-24,C,758.0,4.74,4.9,64.0,72.0,4.84,0.1937,0.9503,0.036,-0.0589,0.0207,0.0,602.0,149.0
2026-08-24 11:36:08,2026-08-24T11:20:09,762.68,2026-08-24,P,758.0,0.06,0.07,2026.0,1889.0,0.07,0.1571,-0.0496,0.036,-0.0588,0.0206,0.0,52271.0,3941.0
2026-08-24 11:36:08,2026-08-24T11:20:09,762.68,2026-08-24,C,759.0,3.81,3.83,36.0,23.0,3.82,0.1551,0.9129,0.0584,-0.1089,0.0312,0.0,1808.0,194.0
2026-08-24 11:36:08,2026-08-24T11:20:09,762.68,2026-08-24,P,759.0,0.1,0.11,892.0,2881.0,0.11,0.1454,-0.0869,0.0583,-0.1086,0.0311,0.0,62996.0,3264.0
2026-08-24 11:36:08,2026-08-24T11:20:09,762.68,2026-08-24,C,760.0,2.88,2.91,85.0,211.0,2.9,0.1395,0.8532,0.0899,-0.1934,0.0442,0.0,5388.0,370.0
2026-08-24 11:36:08,2026-08-24T11:20:09,762.68,2026-08-24,P,760.0,0.17,0.18,759.0,2149.0,0.18,0.1337,-0.1464,0.0898,-0.193,0.0442,0.0,140533.0,10050.0
2026-08-24 11:36:08,2026-08-24T11:20:09,762.68,2026-08-24,C,761.0,2.01,2.04,89.0,341.0,2.04,0.129,0.7613,0.131,-0.3326,0.0585,0.0,10585.0,318.0
2026-08-24 11:36:08,2026-08-24T11:20:09,762.68,2026-08-24,P,761.0,0.3,0.31,985.0,480.0,0.31,0.1246,-0.2387,0.131,-0.3326,0.0585,0.0,136967.0,4492.0
2026-08-24 11:36:08,2026-08-24T11:20:09,762.68,2026-08-24,C,762.0,1.26,1.27,161.0,229.0,1.27,0.12,0.6217,0.1737,-0.577,0.0707,0.0,45831.0,936.0
2026-08-24 11:36:08,2026-08-24T11:20:09,762.68,2026-08-24,P,762.0,0.54,0.55,853.0,386.0,0.55,0.1151,-0.3783,0.1737,-0.577,0.0707,0.0,269432.0,3574.0
2026-08-24 11:36:08,2026-08-24T11:20:09,762.68,2026-08-24,C,763.0,0.68,0.69,374.0,381.0,0.69,0.1146,0.4379,0.1913,-0.6702,0.0731,0.0,170138.0,1198.0
2026-08-24 11:36:08,2026-08-24T11:20:09,762.68,2026-08-24,P,763.0,0.96,0.97,273.0,268.0,0.97,0.1085,-0.5621,0.1913,-0.6702,0.0731,0.0,356029.0,6044.0
2026-08-24 11:36:08,2026-08-24T11:20:09,762.68,2026-08-24,C,764.0,0.31,0.32,911.0,444.0,0.32,0.1097,0.2552,0.16,-0.3076,0.0607,0.0,260243.0,1820.0
2026-08-24 11:36:08,2026-08-24T11:20:09,762.68,2026-08-24,P,764.0,1.58,1.61,423.0,168.0,1.6,0.1046,-0.7448,0.16,-0.3076,0.0607,0.0,123732.0,6864.0
2026-08-24 11:36:08,2026-08-24T11:20:09,762.68,2026-08-24,C,765.0,0.13,0.14,1352.0,824.0,0.13,0.1113,0.134,0.1034,-0.1409,0.0421,0.0,186989.0,6424.0
2026-08-24 11:36:08,2026-08-24T11:20:09,762.68,2026-08-24,P,765.0,2.4,2.43,118.0,93.0,2.44,0.1049,-0.8664,0.1032,-0.1404,0.042,0.0,49903.0,19244.0
2026-08-24 11:36:08,2026-08-24T11:20:09,762.68,2026-08-24,C,766.0,0.06,0.07,1749.0,1669.0,0.06,0.1194,0.0764,0.062,-0.0792,0.0287,0.0,133595.0,8787.0
2026-08-24 11:36:08,2026-08-24T11:20:09,762.68,2026-08-24,P,766.0,3.31,3.39,103.0,91.0,3.34,0.0852,-0.9238,0.0619,-0.079,0.0287,0.0,14107.0,11396.0
2026-08-24 11:36:08,2026-08-24T11:20:09,762.68,2026-08-24,C,767.0,0.04,0.05,510.0,4678.0,0.04,0.1363,0.0487,0.0389,-0.0523,0.0205,0.0,90292.0,5623.0
2026-08-24 11:36:08,2026-08-24T11:20:09,762.68,2026-08-24,P,767.0,4.24,4.36,72.0,64.0,4.25,0.0,-0.9513,0.0389,-0.0523,0.0205,0.0,3258.0,4337.0
2026-08-24 11:36:08,2026-08-24T11:20:09,762.68,2026-08-24,C,768.0,0.02,0.03,3019.0,3236.0,0.02,0.1459,0.0326,0.0254,-0.0363,0.015,0.0,37783.0,6707.0
2026-08-24 11:36:08,2026-08-24T11:20:09,762.68,2026-08-24,P,768.0,5.23,5.36,62.0,107.0,5.34,0.0,-0.9674,0.0254,-0.0363,0.015,0.0,1186.0,2423.0
2026-08-24 11:36:08,2026-08-24T11:20:09,762.68,2026-08-24,C,769.0,0.02,0.03,1423.0,4210.0,0.02,0.1685,0.0222,0.0169,-0.0254,0.0109,0.0,12585.0,4943.0
2026-08-24 11:36:08,2026-08-24T11:20:09,762.68,2026-08-24,P,769.0,6.21,6.33,66.0,57.0,6.24,0.0,-0.9778,0.0169,-0.0254,0.0109,0.0,503.0,3299.0
2026-08-24 11:36:08,2026-08-24T11:20:09,762.68,2026-08-24,C,770.0,0.01,0.02,3166.0,2983.0,0.02,0.177,0.0154,0.0115,-0.018,0.0081,0.0,20477.0,11088.0
2026-08-24 11:36:08,2026-08-24T11:20:09,762.68,2026-08-24,P,770.0,7.21,7.35,86.0,60.0,7.3,0.0,-0.9848,0.0114,-0.0179,0.008,0.0,986.0,3062.0
2026-08-24 11:36:08,2026-08-24T11:20:09,762.68,2026-08-24,C,771.0,0.01,0.02,3124.0,3315.0,0.01,0.1977,0.0106,0.0078,-0.0127,0.0059,0.0,4404.0,4378.0
2026-08-24 11:36:08,2026-08-24T11:20:09,762.68,2026-08-24,P,771.0,8.21,8.35,64.0,67.0,8.22,0.0,-0.9895,0.0078,-0.0126,0.0058,0.0,307.0,1479.0
2026-08-24 11:36:08,2026-08-24T11:20:09,762.68,2026-08-24,C,772.0,0.01,0.02,3201.0,4150.0,0.01,0.2181,0.0074,0.0054,-0.0089,0.0043,0.0,8523.0,17015.0
2026-08-24 11:36:08,2026-08-24T11:20:09,762.68,2026-08-24,P,772.0,9.21,9.35,64.0,62.0,9.28,0.0,-0.9927,0.0054,-0.0089,0.0043,0.0,350.0,1353.0
2026-08-24 11:36:08,2026-08-24T11:20:09,762.68,2026-08-24,C,773.0,0.01,0.02,1370.0,4177.0,0.02,0.2382,0.0052,0.0037,-0.0063,0.0032,0.0,3141.0,6476.0
2026-08-24 11:36:08,2026-08-24T11:20:09,762.68,2026-08-24,P,773.0,10.2,10.34,169.0,46.0,10.12,0.0,-0.9949,0.0037,-0.0063,0.0031,0.0,200.0,348.0
2026-08-24 11:36:08,2026-08-24T11:20:09,762.68,2026-08-24,C,774.0,0.01,0.02,1098.0,4353.0,0.02,0.2582,0.0036,0.0026,-0.0045,0.0023,0.0,2109.0,3840.0
2026-08-24 11:36:08,2026-08-24T11:20:09,762.68,2026-08-24,P,774.0,11.21,11.34,170.0,45.0,10.93,0.0,-0.9964,0.0026,-0.0044,0.0023,0.0,110.0,46.0
2026-08-24 11:36:08,2026-08-24T11:20:09,762.68,2026-08-24,C,775.0,0.01,0.02,965.0,4573.0,0.01,0.2779,0.0026,0.0018,-0.0032,0.0017,0.0,4648.0,5611.0
2026-08-24 11:36:08,2026-08-24T11:20:09,762.68,2026-08-24,P,775.0,12.21,12.34,197.0,106.0,11.99,0.0,-0.9974,0.0018,-0.0032,0.0017,0.0,64.0,13.0
2026-08-24 11:36:08,2026-08-24T11:20:09,762.68,2026-08-24,C,776.0,0.0,0.01,0.0,5114.0,0.01,0.2637,0.0018,0.0013,-0.0023,0.0012,0.0,5464.0,6136.0
2026-08-24 11:36:08,2026-08-24T11:20:09,762.68,2026-08-24,P,776.0,13.22,13.34,200.0,100.0,12.81,0.0,-0.9982,0.0013,-0.0022,0.0012,0.0,71.0,28.0
2026-08-24 11:36:08,2026-08-24T11:20:09,762.68,2026-08-24,C,777.0,0.0,0.01,0.0,3366.0,0.01,0.2813,0.0013,0.0009,-0.0016,0.0009,0.0,3178.0,3531.0
2026-08-24 11:36:08,2026-08-24T11:20:09,762.68,2026-08-24,P,777.0,14.21,14.34,191.0,176.0,14.01,0.0,-0.9987,0.0009,-0.0016,0.0009,0.0,51.0,30.0
2026-08-24 11:36:08,2026-08-24T11:20:09,762.68,2026-08-24,C,778.0,0.0,0.01,0.0,3192.0,0.01,0.2988,0.0009,0.0006,-0.0012,0.0007,0.0,212.0,1814.0
2026-08-24 11:36:08,2026-08-24T11:20:09,762.68,2026-08-24,P,778.0,15.22,15.34,149.0,132.0,14.23,0.0,-0.9991,0.0006,-0.0012,0.0007,0.0,29.0,6.0
2026-08-24 11:36:08,2026-08-24T11:20:09,762.68,2026-08-24,C,779.0,0.0,0.01,0.0,3198.0,0.01,0.3162,0.0007,0.0005,-0.0008,0.0005,0.0,16.0,1475.0
2026-08-24 11:36:08,2026-08-24T11:20:09,762.68,2026-08-24,P,779.0,16.21,16.34,52.0,45.0,16.46,0.0,-0.9993,0.0005,-0.0008,0.0005,0.0,59.0,27.0
2026-08-24 11:36:08,2026-08-24T11:20:09,762.68,2026-08-24,C,780.0,0.0,0.01,0.0,3193.0,0.01,0.3334,0.0005,0.0003,-0.0006,0.0004,0.0,218.0,7079.0
2026-08-24 11:36:08,2026-08-24T11:20:09,762.68,2026-08-24,P,780.0,17.22,17.37,51.0,143.0,16.23,0.0,-0.9995,0.0003,-0.0006,0.0004,0.0,42.0,1.0
2026-08-24 11:36:08,2026-08-24T11:20:09,762.68,2026-08-24,C,781.0,0.0,0.01,0.0,3192.0,0.01,0.3505,0.0004,0.0002,-0.0004,0.0003,0.0,43.0,2996.0
2026-08-24 11:36:08,2026-08-24T11:20:09,762.68,2026-08-24,P,781.0,18.2,18.34,144.0,125.0,17.72,0.0,-0.9996,0.0002,-0.0004,0.0003,0.0,6.0,0.0
2026-08-24 11:36:08,2026-08-24T11:20:09,762.68,2026-08-24,C,782.0,0.0,0.01,0.0,3133.0,0.01,0.3676,0.0003,0.0002,-0.0003,0.0002,0.0,8.0,1792.0
2026-08-24 11:36:08,2026-08-24T11:20:09,762.68,2026-08-24,P,782.0,19.2,19.34,146.0,125.0,18.45,0.0,-0.9997,0.0002,-0.0003,0.0002,0.0,16.0,1.0
2026-08-24 11:36:08,2026-08-24T11:20:09,762.68,2026-08-24,C,783.0,0.0,0.01,0.0,3183.0,0.01,0.3846,0.0002,0.0001,-0.0002,0.0001,0.0,145.0,751.0
2026-08-24 11:36:08,2026-08-24T11:20:09,762.68,2026-08-24,P,783.0,20.21,20.37,155.0,147.0,20.46,0.0,-0.9998,0.0001,-0.0002,0.0001,0.0,111.0,0.0
2026-08-24 11:36:08,2026-08-24T11:20:09,762.68,2026-08-24,C,784.0,0.0,0.01,0.0,3134.0,0.01,0.4014,0.0001,0.0001,-0.0002,0.0001,0.0,54.0,807.0
2026-08-24 11:36:08,2026-08-24T11:20:09,762.68,2026-08-24,P,784.0,21.21,21.35,155.0,128.0,21.08,0.0,-0.9999,0.0001,-0.0002,0.0001,0.0,54.0,1.0
2026-08-24 11:36:08,2026-08-24T11:20:09,762.68,2026-08-24,C,785.0,0.0,0.01,0.0,3253.0,0.01,0.4182,0.0001,0.0001,-0.0001,0.0001,0.0,179.0,1778.0
2026-08-24 11:36:08,2026-08-24T11:20:09,762.68,2026-08-24,P,785.0,22.22,22.35,51.0,127.0,22.21,0.0,-0.9999,0.0001,-0.0001,0.0001,0.0,9.0,1.0
2026-08-24 11:36:08,2026-08-24T11:20:09,762.68,2026-08-24,C,786.0,0.0,0.01,0.0,3253.0,0.01,0.435,0.0001,0.0,-0.0001,0.0001,0.0,18.0,512.0
2026-08-24 11:36:08,2026-08-24T11:20:09,762.68,2026-08-24,P,786.0,23.2,23.34,46.0,46.0,22.72,0.0,-0.9999,0.0,-0.0001,0.0001,0.0,6.0,0.0
2026-08-24 11:36:08,2026-08-24T11:20:09,762.68,2026-08-24,C,787.0,0.0,0.01,0.0,2253.0,0.01,0.4516,0.0001,0.0,-0.0001,0.0,0.0,3.0,1566.0
2026-08-24 11:36:08,2026-08-24T11:20:09,762.68,2026-08-24,P,787.0,24.22,24.34,46.0,46.0,24.21,0.0,-0.9999,0.0,-0.0001,0.0,0.0,29.0,0.0
2026-08-24 11:36:08,2026-08-24T11:20:09,762.68,2026-08-24,C,788.0,0.0,0.01,0.0,2258.0,0.01,0.4681,0.0,0.0,0.0,0.0,0.0,3.0,772.0
2026-08-24 11:36:08,2026-08-24T11:20:09,762.68,2026-08-24,P,788.0,25.2,25.37,46.0,45.0,24.71,0.0,-1.0,0.0,0.0,0.0,0.0,12.0,0.0
2026-08-24 11:36:08,2026-08-24T11:20:09,762.68,2026-08-24,C,789.0,0.0,0.01,0.0,2253.0,0.01,0.4846,0.0,0.0,0.0,0.0,0.0,6.0,649.0
2026-08-24 11:36:08,2026-08-24T11:20:09,762.68,2026-08-24,P,789.0,26.21,26.37,45.0,45.0,25.72,0.0,-1.0,0.0,0.0,0.0,0.0,6.0,0.0
2026-08-24 11:36:08,2026-08-24T11:20:09,762.68,2026-08-24,C,790.0,0.0,0.01,0.0,4125.0,0.01,0.501,0.0,0.0,0.0,0.0,0.0,2.0,1116.0
2026-08-24 11:36:08,2026-08-24T11:20:09,762.68,2026-08-24,P,790.0,27.15,27.34,46.0,45.0,26.72,0.0,-1.0,0.0,0.0,0.0,0.0,6.0,0.0
2026-08-24 11:36:08,2026-08-24T11:20:09,762.68,2026-08-24,C,791.0,0.0,0.01,0.0,2253.0,0.01,0.5174,0.0,0.0,0.0,0.0,0.0,0.0,463.0
2026-08-24 11:36:08,2026-08-24T11:20:09,762.68,2026-08-24,P,791.0,28.15,28.34,46.0,45.0,27.69,0.0,-1.0,0.0,0.0,0.0,0.0,4.0,0.0
2026-08-24 11:36:08,2026-08-24T11:20:09,762.68,2026-08-24,C,792.0,0.0,0.01,0.0,2253.0,0.01,0.5337,0.0,0.0,0.0,0.0,0.0,0.0,329.0
2026-08-24 11:36:08,2026-08-24T11:20:09,762.68,2026-08-24,P,792.0,29.18,29.34,15.0,15.0,28.7,0.0,-1.0,0.0,0.0,0.0,0.0,4.0,0.0
2026-08-24 11:36:08,2026-08-24T11:20:09,762.68,2026-08-24,C,793.0,0.0,0.01,0.0,5622.0,0.01,0.5499,0.0,0.0,0.0,0.0,0.0,150.0,759.0
2026-08-24 11:36:08,2026-08-24T11:20:09,762.68,2026-08-24,P,793.0,30.18,30.34,15.0,15.0,29.89,0.0,-1.0,0.0,0.0,0.0,0.0,10.0,0.0
2026-08-24 11:36:08,2026-08-24T11:20:09,762.68,2026-08-24,C,794.0,0.0,0.01,0.0,2254.0,0.01,0.5661,0.0,0.0,0.0,0.0,0.0,0.0,727.0
2026-08-24 11:36:08,2026-08-24T11:20:09,762.68,2026-08-24,P,794.0,31.18,31.34,15.0,15.0,30.69,0.0,-1.0,0.0,0.0,0.0,0.0,4.0,0.0
2026-08-24 11:36:08,2026-08-24T11:20:09,762.68,2026-08-24,C,795.0,0.0,0.01,0.0,6304.0,0.01,0.5822,0.0,0.0,0.0,0.0,0.0,80.0,479.0
2026-08-24 11:36:08,2026-08-24T11:20:09,762.68,2026-08-24,P,795.0,31.61,32.46,1.0,2.0,31.7,0.8948,-1.0,0.0,0.0,0.0,0.0,6.0,0.0
2026-08-24 11:36:08,2026-08-24T11:20:09,762.68,2026-08-24,C,796.0,0.0,0.01,0.0,2254.0,0.01,0.5982,0.0,0.0,0.0,0.0,0.0,0.0,179.0
2026-08-24 11:36:08,2026-08-24T11:20:09,762.68,2026-08-24,P,796.0,33.16,33.96,1.0,1.0,32.67,0.8999,-1.0,0.0,0.0,0.0,0.0,6.0,0.0
2026-08-24 11:36:08,2026-08-24T11:20:09,762.68,2026-08-24,C,797.0,0.0,0.01,0.0,2254.0,0.01,0.6142,0.0,0.0,0.0,0.0,0.0,0.0,122.0
2026-08-24 11:36:08,2026-08-24T11:20:09,762.68,2026-08-24,P,797.0,34.16,34.82,1.0,2.0,34.45,0.6818,-1.0,0.0,0.0,0.0,0.0,8.0,0.0
2026-08-24 11:36:08,2026-08-24T11:20:09,762.68,2026-08-24,C,798.0,0.0,0.01,0.0,2254.0,0.05,0.6306,0.0,0.0,0.0,0.0,0.0,2.0,563.0
2026-08-24 11:36:08,2026-08-24T11:20:09,762.68,2026-08-24,P,798.0,35.16,35.92,2.0,1.0,35.4,0.9828,-1.0,0.0,0.0,0.0,0.0,4.0,0.0
2026-08-24 11:36:08,2026-08-24T11:20:09,762.68,2026-08-24,C,799.0,0.0,0.01,0.0,2254.0,0.01,0.6465,0.0,0.0,0.0,0.0,0.0,80.0,448.0
2026-08-24 11:36:08,2026-08-24T11:20:09,762.68,2026-08-24,P,799.0,36.17,36.97,1.0,2.0,36.3,0.7983,-1.0,0.0,0.0,0.0,0.0,17.0,0.0
2026-08-24 11:36:08,2026-08-24T11:20:09,762.68,2026-08-24,C,800.0,0.0,0.01,0.0,6427.0,0.01,0.6623,0.0,0.0,0.0,0.0,0.0,0.0,1221.0
2026-08-24 11:36:08,2026-08-24T11:20:09,762.68,2026-08-24,P,800.0,37.05,37.46,2.0,1.0,37.25,0.8171,-1.0,0.0,0.0,0.0,0.0,17.0,1.0
