fetched_at_et,quote_ts,spot,expiry,type,strike,bid,ask,bid_size,ask_size,last_trade_price,iv,delta,gamma,theta,vega,rho,volume,open_interest
2026-08-18 10:09:03,2026-08-18T09:53:09,768.305,2026-08-18,C,730.0,38.2,38.43,42.0,42.0,38.58,0.0,0.9966,0.0007,-0.0148,0.0022,0.0,12.0,11.0
2026-08-18 10:09:03,2026-08-18T09:53:09,768.305,2026-08-18,P,730.0,0.0,0.01,0.0,4222.0,0.01,0.6256,-0.0034,0.0007,-0.0148,0.0022,0.0,10.0,242.0
2026-08-18 10:09:03,2026-08-18T09:53:09,768.305,2026-08-18,C,731.0,37.2,37.44,42.0,42.0,37.52,0.0,0.9964,0.0008,-0.015,0.0023,0.0,3.0,4.0
2026-08-18 10:09:03,2026-08-18T09:53:09,768.305,2026-08-18,P,731.0,0.0,0.01,0.0,4222.0,0.01,0.6102,-0.0036,0.0008,-0.015,0.0023,0.0,1.0,146.0
2026-08-18 10:09:03,2026-08-18T09:53:09,768.305,2026-08-18,C,732.0,36.2,36.45,42.0,42.0,36.64,0.0,0.9963,0.0008,-0.0152,0.0024,0.0,1.0,0.0
2026-08-18 10:09:03,2026-08-18T09:53:09,768.305,2026-08-18,P,732.0,0.0,0.01,0.0,4222.0,0.01,0.5948,-0.0037,0.0008,-0.0152,0.0024,0.0,1.0,4553.0
2026-08-18 10:09:03,2026-08-18T09:53:09,768.305,2026-08-18,C,733.0,35.2,35.48,42.0,42.0,35.7,0.6172,0.9962,0.0008,-0.0154,0.0025,0.0,1.0,0.0
2026-08-18 10:09:03,2026-08-18T09:53:09,768.305,2026-08-18,P,733.0,0.0,0.01,0.0,4102.0,0.01,0.5795,-0.0038,0.0008,-0.0154,0.0025,0.0,0.0,226.0
2026-08-18 10:09:03,2026-08-18T09:53:09,768.305,2026-08-18,C,734.0,34.2,34.43,42.0,42.0,35.21,0.0,0.9961,0.0009,-0.0156,0.0026,0.0,2.0,0.0
2026-08-18 10:09:03,2026-08-18T09:53:09,768.305,2026-08-18,P,734.0,0.0,0.01,0.0,4102.0,0.01,0.5641,-0.0039,0.0009,-0.0156,0.0026,0.0,1.0,194.0
2026-08-18 10:09:03,2026-08-18T09:53:09,768.305,2026-08-18,C,735.0,33.2,33.44,42.0,42.0,34.27,0.0,0.9959,0.0009,-0.0158,0.0026,0.0,2.0,16.0
2026-08-18 10:09:03,2026-08-18T09:53:09,768.305,2026-08-18,P,735.0,0.0,0.01,0.0,4102.0,0.02,0.5487,-0.0041,0.0009,-0.0158,0.0026,0.0,0.0,229.0
2026-08-18 10:09:03,2026-08-18T09:53:09,768.305,2026-08-18,C,736.0,31.04,33.99,174.0,40.0,37.03,0.8228,0.9958,0.001,-0.016,0.0027,0.0,0.0,3.0
2026-08-18 10:09:03,2026-08-18T09:53:09,768.305,2026-08-18,P,736.0,0.0,0.01,0.0,4142.0,0.02,0.5333,-0.0042,0.001,-0.016,0.0027,0.0,1.0,661.0
2026-08-18 10:09:03,2026-08-18T09:53:09,768.305,2026-08-18,C,737.0,30.04,32.99,174.0,40.0,31.89,0.801,0.9956,0.001,-0.0163,0.0028,0.0,1.0,0.0
2026-08-18 10:09:03,2026-08-18T09:53:09,768.305,2026-08-18,P,737.0,0.0,0.01,0.0,4142.0,0.01,0.5179,-0.0044,0.001,-0.0163,0.0028,0.0,6.0,738.0
2026-08-18 10:09:03,2026-08-18T09:53:09,768.305,2026-08-18,C,738.0,29.04,31.99,188.0,41.0,30.95,0.7792,0.9954,0.0011,-0.0165,0.0029,0.0,1.0,6.0
2026-08-18 10:09:03,2026-08-18T09:53:09,768.305,2026-08-18,P,738.0,0.0,0.01,0.0,4142.0,0.01,0.5024,-0.0046,0.0011,-0.0165,0.0029,0.0,1.0,192.0
2026-08-18 10:09:03,2026-08-18T09:53:09,768.305,2026-08-18,C,739.0,28.04,30.99,188.0,46.0,37.87,0.7573,0.9953,0.0012,-0.0167,0.003,0.0,0.0,8.0
2026-08-18 10:09:03,2026-08-18T09:53:09,768.305,2026-08-18,P,739.0,0.0,0.01,0.0,3655.0,0.02,0.487,-0.0047,0.0012,-0.0167,0.003,0.0,0.0,1041.0
2026-08-18 10:09:03,2026-08-18T09:53:09,768.305,2026-08-18,C,740.0,28.21,28.42,48.0,48.0,28.3,0.0,0.9951,0.0013,-0.017,0.0032,0.0,4.0,3.0
2026-08-18 10:09:03,2026-08-18T09:53:09,768.305,2026-08-18,P,740.0,0.0,0.01,0.0,3712.0,0.01,0.4715,-0.0049,0.0013,-0.017,0.0032,0.0,519.0,2993.0
2026-08-18 10:09:03,2026-08-18T09:53:09,768.305,2026-08-18,C,741.0,27.21,27.42,48.0,48.0,27.82,0.0,0.9949,0.0014,-0.0172,0.0033,0.0,2.0,1.0
2026-08-18 10:09:03,2026-08-18T09:53:09,768.305,2026-08-18,P,741.0,0.0,0.01,0.0,3734.0,0.01,0.456,-0.0051,0.0014,-0.0172,0.0033,0.0,335.0,1373.0
2026-08-18 10:09:03,2026-08-18T09:53:09,768.305,2026-08-18,C,742.0,26.21,26.44,48.0,48.0,26.74,0.0,0.9946,0.0015,-0.0174,0.0034,0.0,6.0,12.0
2026-08-18 10:09:03,2026-08-18T09:53:09,768.305,2026-08-18,P,742.0,0.0,0.01,0.0,3609.0,0.01,0.4406,-0.0054,0.0015,-0.0174,0.0034,0.0,4165.0,838.0
2026-08-18 10:09:03,2026-08-18T09:53:09,768.305,2026-08-18,C,743.0,25.21,25.44,48.0,48.0,25.67,0.0,0.9944,0.0016,-0.0177,0.0035,0.0,13.0,14.0
2026-08-18 10:09:03,2026-08-18T09:53:09,768.305,2026-08-18,P,743.0,0.01,0.02,1624.0,4342.0,0.01,0.4737,-0.0056,0.0016,-0.0177,0.0035,0.0,422.0,942.0
2026-08-18 10:09:03,2026-08-18T09:53:09,768.305,2026-08-18,C,744.0,23.13,26.0,46.0,194.0,24.41,0.6758,0.9942,0.0017,-0.0179,0.0037,0.0,1.0,56.0
2026-08-18 10:09:03,2026-08-18T09:53:09,768.305,2026-08-18,P,744.0,0.01,0.02,1529.0,4342.0,0.01,0.4567,-0.0058,0.0017,-0.0179,0.0037,0.0,384.0,487.0
2026-08-18 10:09:03,2026-08-18T09:53:09,768.305,2026-08-18,C,745.0,22.19,25.0,46.0,194.0,23.46,0.6682,0.9939,0.0018,-0.0182,0.0038,0.0,1.0,21.0
2026-08-18 10:09:03,2026-08-18T09:53:09,768.305,2026-08-18,P,745.0,0.01,0.02,1598.0,4342.0,0.01,0.4396,-0.0061,0.0018,-0.0182,0.0038,0.0,187.0,1371.0
2026-08-18 10:09:03,2026-08-18T09:53:09,768.305,2026-08-18,C,746.0,21.05,23.51,132.0,133.0,22.65,0.0,0.9936,0.002,-0.0184,0.004,0.0,4.0,18.0
2026-08-18 10:09:03,2026-08-18T09:53:09,768.305,2026-08-18,P,746.0,0.01,0.02,4187.0,4342.0,0.02,0.4225,-0.0064,0.002,-0.0184,0.004,0.0,4.0,1078.0
2026-08-18 10:09:03,2026-08-18T09:53:09,768.305,2026-08-18,C,747.0,20.05,22.51,125.0,144.0,21.54,0.0,0.9933,0.0021,-0.0187,0.0042,0.0,6.0,31.0
2026-08-18 10:09:03,2026-08-18T09:53:09,768.305,2026-08-18,P,747.0,0.01,0.02,4192.0,4342.0,0.02,0.4054,-0.0067,0.0021,-0.0187,0.0042,0.0,100.0,5137.0
2026-08-18 10:09:03,2026-08-18T09:53:09,768.305,2026-08-18,C,748.0,20.12,21.51,147.0,153.0,20.66,0.6822,0.9929,0.0023,-0.019,0.0044,0.0,1.0,26.0
2026-08-18 10:09:03,2026-08-18T09:53:09,768.305,2026-08-18,P,748.0,0.01,0.02,3192.0,3342.0,0.02,0.3882,-0.0071,0.0023,-0.019,0.0044,0.0,531.0,1274.0
2026-08-18 10:09:03,2026-08-18T09:53:09,768.305,2026-08-18,C,749.0,19.17,20.51,127.0,153.0,27.35,0.6642,0.9925,0.0026,-0.0193,0.0046,0.0,0.0,24.0
2026-08-18 10:09:03,2026-08-18T09:53:09,768.305,2026-08-18,P,749.0,0.01,0.02,3192.0,3342.0,0.02,0.371,-0.0075,0.0026,-0.0193,0.0046,0.0,2138.0,6239.0
2026-08-18 10:09:03,2026-08-18T09:53:09,768.305,2026-08-18,C,750.0,17.05,19.51,138.0,143.0,18.85,0.0,0.9921,0.0028,-0.0197,0.0049,0.0,23.0,48.0
2026-08-18 10:09:03,2026-08-18T09:53:09,768.305,2026-08-18,P,750.0,0.01,0.02,2788.0,3343.0,0.02,0.3536,-0.0079,0.0028,-0.0197,0.0049,0.0,1173.0,959.0
2026-08-18 10:09:03,2026-08-18T09:53:09,768.305,2026-08-18,C,751.0,16.06,18.52,163.0,166.0,17.81,0.0,0.9916,0.0031,-0.0201,0.0052,0.0,1.0,12.0
2026-08-18 10:09:03,2026-08-18T09:53:09,768.305,2026-08-18,P,751.0,0.01,0.02,3088.0,3334.0,0.01,0.3363,-0.0084,0.0031,-0.0201,0.0052,0.0,2652.0,231.0
2026-08-18 10:09:03,2026-08-18T09:53:09,768.305,2026-08-18,C,752.0,15.14,17.52,135.0,167.0,16.81,0.0,0.991,0.0035,-0.0207,0.0055,0.0,10.0,23.0
2026-08-18 10:09:03,2026-08-18T09:53:09,768.305,2026-08-18,P,752.0,0.02,0.03,833.0,3790.0,0.03,0.3393,-0.009,0.0035,-0.0207,0.0055,0.0,232.0,856.0
2026-08-18 10:09:03,2026-08-18T09:53:09,768.305,2026-08-18,C,753.0,14.06,16.52,162.0,164.0,19.92,0.0,0.9902,0.0039,-0.0214,0.0059,0.0,0.0,90.0
2026-08-18 10:09:03,2026-08-18T09:53:09,768.305,2026-08-18,P,753.0,0.02,0.03,1216.0,3638.0,0.03,0.3209,-0.0098,0.0039,-0.0214,0.0059,0.0,1818.0,639.0
2026-08-18 10:09:03,2026-08-18T09:53:09,768.305,2026-08-18,C,754.0,14.22,14.44,116.0,163.0,14.8,0.0,0.9893,0.0045,-0.0225,0.0064,0.0,13.0,45.0
2026-08-18 10:09:03,2026-08-18T09:53:09,768.305,2026-08-18,P,754.0,0.02,0.03,2757.0,3694.0,0.03,0.3024,-0.0107,0.0045,-0.0225,0.0064,0.0,489.0,1250.0
2026-08-18 10:09:03,2026-08-18T09:53:09,768.305,2026-08-18,C,755.0,13.01,14.52,130.0,167.0,13.82,0.4813,0.9881,0.0052,-0.024,0.0071,0.0,21.0,53.0
2026-08-18 10:09:03,2026-08-18T09:53:09,768.305,2026-08-18,P,755.0,0.02,0.03,2353.0,2816.0,0.02,0.2838,-0.0119,0.0052,-0.024,0.0071,0.0,736.0,2323.0
2026-08-18 10:09:03,2026-08-18T09:53:09,768.305,2026-08-18,C,756.0,12.23,12.47,133.0,165.0,12.59,0.2574,0.9865,0.0062,-0.0263,0.0079,0.0,11.0,62.0
2026-08-18 10:09:03,2026-08-18T09:53:09,768.305,2026-08-18,P,756.0,0.02,0.03,3255.0,2858.0,0.02,0.2651,-0.0135,0.0062,-0.0263,0.0079,0.0,2035.0,11806.0
2026-08-18 10:09:03,2026-08-18T09:53:09,768.305,2026-08-18,C,757.0,11.09,12.53,132.0,162.0,11.83,0.4384,0.9841,0.0075,-0.0298,0.0091,0.0,20.0,59.0
2026-08-18 10:09:03,2026-08-18T09:53:09,768.305,2026-08-18,P,757.0,0.03,0.04,2773.0,4099.0,0.03,0.2582,-0.0159,0.0075,-0.0298,0.0091,0.0,834.0,7512.0
2026-08-18 10:09:03,2026-08-18T09:53:09,768.305,2026-08-18,C,758.0,9.09,11.54,95.0,86.0,10.7,0.0,0.9806,0.0094,-0.0354,0.0108,0.0,48.0,34.0
2026-08-18 10:09:03,2026-08-18T09:53:09,768.305,2026-08-18,P,758.0,0.04,0.05,336.0,5030.0,0.04,0.2479,-0.0194,0.0094,-0.0354,0.0108,0.0,1190.0,1379.0
2026-08-18 10:09:03,2026-08-18T09:53:09,768.305,2026-08-18,C,759.0,9.25,9.46,110.0,62.0,9.82,0.208,0.9754,0.0121,-0.0439,0.0132,0.0,19.0,68.0
2026-08-18 10:09:03,2026-08-18T09:53:09,768.305,2026-08-18,P,759.0,0.04,0.05,3516.0,3679.0,0.05,0.2274,-0.0246,0.0121,-0.0439,0.0132,0.0,2325.0,1538.0
2026-08-18 10:09:03,2026-08-18T09:53:09,768.305,2026-08-18,C,760.0,8.26,8.48,74.0,98.0,8.45,0.2027,0.9676,0.016,-0.0571,0.0165,0.0,242.0,118.0
2026-08-18 10:09:03,2026-08-18T09:53:09,768.305,2026-08-18,P,760.0,0.05,0.06,3423.0,2813.0,0.06,0.2138,-0.0324,0.016,-0.0571,0.0165,0.0,15773.0,3668.0
2026-08-18 10:09:03,2026-08-18T09:53:09,768.305,2026-08-18,C,761.0,7.3,7.45,72.0,131.0,7.64,0.1856,0.9561,0.0215,-0.0773,0.021,0.0,17.0,49.0
2026-08-18 10:09:03,2026-08-18T09:53:09,768.305,2026-08-18,P,761.0,0.07,0.08,2115.0,1470.0,0.07,0.2036,-0.0439,0.0215,-0.0773,0.021,0.0,6885.0,2374.0
2026-08-18 10:09:03,2026-08-18T09:53:09,768.305,2026-08-18,C,762.0,6.42,6.45,32.0,49.0,6.45,0.1977,0.9392,0.0293,-0.1078,0.027,0.0,120.0,147.0
2026-08-18 10:09:03,2026-08-18T09:53:09,768.305,2026-08-18,P,762.0,0.1,0.11,1804.0,1458.0,0.11,0.1938,-0.0608,0.0293,-0.1078,0.027,0.0,11616.0,2276.0
2026-08-18 10:09:03,2026-08-18T09:53:09,768.305,2026-08-18,C,763.0,5.46,5.49,33.0,21.0,5.4,0.1888,0.9143,0.04,-0.1541,0.0347,0.0,427.0,561.0
2026-08-18 10:09:03,2026-08-18T09:53:09,768.305,2026-08-18,P,763.0,0.15,0.16,903.0,1604.0,0.15,0.1859,-0.0857,0.04,-0.1541,0.0347,0.0,49346.0,2191.0
2026-08-18 10:09:03,2026-08-18T09:53:09,768.305,2026-08-18,C,764.0,4.53,4.56,34.0,127.0,4.6,0.1792,0.8783,0.0542,-0.2242,0.0443,0.0,683.0,82.0
2026-08-18 10:09:03,2026-08-18T09:53:09,768.305,2026-08-18,P,764.0,0.22,0.23,963.0,1562.0,0.23,0.1769,-0.1217,0.0542,-0.2242,0.0443,0.0,15778.0,2461.0
2026-08-18 10:09:03,2026-08-18T09:53:09,768.305,2026-08-18,C,765.0,3.64,3.67,66.0,141.0,3.65,0.169,0.827,0.0721,-0.3304,0.0554,0.0,1327.0,1522.0
2026-08-18 10:09:03,2026-08-18T09:53:09,768.305,2026-08-18,P,765.0,0.33,0.34,154.0,1821.0,0.33,0.169,-0.173,0.0721,-0.3304,0.0554,0.0,36727.0,7714.0
2026-08-18 10:09:03,2026-08-18T09:53:09,768.305,2026-08-18,C,766.0,2.8,2.83,35.0,204.0,2.83,0.1623,0.7556,0.0928,-0.4911,0.0673,0.0,1369.0,615.0
2026-08-18 10:09:03,2026-08-18T09:53:09,768.305,2026-08-18,P,766.0,0.49,0.5,358.0,403.0,0.5,0.1608,-0.2444,0.0928,-0.4911,0.0673,0.0,32180.0,6173.0
2026-08-18 10:09:03,2026-08-18T09:53:09,768.305,2026-08-18,C,767.0,2.05,2.06,34.0,1.0,1.99,0.1542,0.6606,0.1133,-0.7312,0.0777,0.0,4838.0,350.0
2026-08-18 10:09:03,2026-08-18T09:53:09,768.305,2026-08-18,P,767.0,0.73,0.74,303.0,481.0,0.73,0.1523,-0.3394,0.1133,-0.7312,0.0777,0.0,45291.0,3808.0
2026-08-18 10:09:03,2026-08-18T09:53:09,768.305,2026-08-18,C,768.0,1.4,1.41,40.0,293.0,1.4,0.1476,0.5432,0.1279,-1.0796,0.0838,0.0,19456.0,184.0
2026-08-18 10:09:03,2026-08-18T09:53:09,768.305,2026-08-18,P,768.0,1.07,1.08,292.0,41.0,1.09,0.1464,-0.4568,0.1279,-1.0796,0.0838,0.0,90975.0,4728.0
2026-08-18 10:09:03,2026-08-18T09:53:09,768.305,2026-08-18,C,769.0,0.88,0.89,107.0,379.0,0.88,0.1424,0.4124,0.1298,-0.8921,0.0824,0.0,43310.0,435.0
2026-08-18 10:09:03,2026-08-18T09:53:09,768.305,2026-08-18,P,769.0,1.55,1.56,69.0,9.0,1.57,0.1412,-0.5876,0.1298,-0.8921,0.0824,0.0,45858.0,3829.0
2026-08-18 10:09:03,2026-08-18T09:53:09,768.305,2026-08-18,C,770.0,0.51,0.52,380.0,313.0,0.51,0.1381,0.2852,0.1159,-0.5204,0.0725,0.0,55040.0,1848.0
2026-08-18 10:09:03,2026-08-18T09:53:09,768.305,2026-08-18,P,770.0,2.18,2.2,34.0,88.0,2.19,0.1367,-0.7148,0.1159,-0.5204,0.0725,0.0,17894.0,11560.0
2026-08-18 10:09:03,2026-08-18T09:53:09,768.305,2026-08-18,C,771.0,0.28,0.29,377.0,1666.0,0.29,0.138,0.1805,0.0903,-0.2849,0.0572,0.0,31465.0,3002.0
2026-08-18 10:09:03,2026-08-18T09:53:09,768.305,2026-08-18,P,771.0,2.94,2.97,182.0,36.0,2.96,0.1362,-0.8195,0.0903,-0.2849,0.0572,0.0,5902.0,5320.0
2026-08-18 10:09:03,2026-08-18T09:53:09,768.305,2026-08-18,C,772.0,0.15,0.16,351.0,2477.0,0.15,0.1405,0.1089,0.0629,-0.1551,0.0415,0.0,29201.0,4210.0
2026-08-18 10:09:03,2026-08-18T09:53:09,768.305,2026-08-18,P,772.0,3.8,3.84,45.0,63.0,3.83,0.1339,-0.8911,0.0629,-0.1551,0.0415,0.0,4122.0,10300.0
2026-08-18 10:09:03,2026-08-18T09:53:09,768.305,2026-08-18,C,773.0,0.08,0.09,655.0,1907.0,0.08,0.1449,0.0665,0.0417,-0.0898,0.0293,0.0,20690.0,8001.0
2026-08-18 10:09:03,2026-08-18T09:53:09,768.305,2026-08-18,P,773.0,4.72,4.84,131.0,160.0,4.78,0.1537,-0.9335,0.0417,-0.0898,0.0293,0.0,4003.0,13043.0
2026-08-18 10:09:03,2026-08-18T09:53:09,768.305,2026-08-18,C,774.0,0.05,0.06,2261.0,3068.0,0.06,0.1546,0.0424,0.0276,-0.0561,0.0209,0.0,16432.0,9059.0
2026-08-18 10:09:03,2026-08-18T09:53:09,768.305,2026-08-18,P,774.0,5.68,5.8,72.0,72.0,5.81,0.1642,-0.9576,0.0276,-0.0561,0.0209,0.0,1573.0,7065.0
2026-08-18 10:09:03,2026-08-18T09:53:09,768.305,2026-08-18,C,775.0,0.04,0.05,354.0,4269.0,0.04,0.1701,0.0286,0.0188,-0.038,0.0153,0.0,23241.0,9849.0
2026-08-18 10:09:03,2026-08-18T09:53:09,768.305,2026-08-18,P,775.0,6.67,6.84,72.0,72.0,6.75,0.1916,-0.9714,0.0188,-0.038,0.0153,0.0,750.0,12681.0
2026-08-18 10:09:03,2026-08-18T09:53:09,768.305,2026-08-18,C,776.0,0.03,0.04,432.0,3928.0,0.03,0.1832,0.0208,0.0134,-0.0284,0.0118,0.0,6125.0,13705.0
2026-08-18 10:09:03,2026-08-18T09:53:09,768.305,2026-08-18,P,776.0,7.65,7.82,64.0,106.0,7.71,0.2036,-0.9792,0.0134,-0.0284,0.0118,0.0,574.0,4587.0
2026-08-18 10:09:03,2026-08-18T09:53:09,768.305,2026-08-18,C,777.0,0.02,0.03,2763.0,3372.0,0.02,0.1931,0.0164,0.0101,-0.0233,0.0096,0.0,5086.0,10764.0
2026-08-18 10:09:03,2026-08-18T09:53:09,768.305,2026-08-18,P,777.0,8.65,8.82,101.0,80.0,8.56,0.225,-0.9836,0.0101,-0.0233,0.0096,0.0,227.0,3519.0
2026-08-18 10:09:03,2026-08-18T09:53:09,768.305,2026-08-18,C,778.0,0.01,0.02,2673.0,2745.0,0.01,0.1979,0.0138,0.0081,-0.0208,0.0083,0.0,3825.0,12327.0
2026-08-18 10:09:03,2026-08-18T09:53:09,768.305,2026-08-18,P,778.0,9.64,9.82,87.0,71.0,9.18,0.2427,-0.9862,0.0081,-0.0208,0.0083,0.0,389.0,3407.0
2026-08-18 10:09:03,2026-08-18T09:53:09,768.305,2026-08-18,C,779.0,0.01,0.02,2424.0,1787.0,0.01,0.2155,0.0122,0.0068,-0.0195,0.0074,0.0,2563.0,6634.0
2026-08-18 10:09:03,2026-08-18T09:53:09,768.305,2026-08-18,P,779.0,10.64,10.82,167.0,152.0,10.21,0.2668,-0.9878,0.0068,-0.0195,0.0074,0.0,61.0,41.0
2026-08-18 10:09:03,2026-08-18T09:53:09,768.305,2026-08-18,C,780.0,0.01,0.02,2339.0,3605.0,0.01,0.2329,0.0111,0.0058,-0.0188,0.0068,0.0,8271.0,12385.0
2026-08-18 10:09:03,2026-08-18T09:53:09,768.305,2026-08-18,P,780.0,11.62,11.81,160.0,144.0,11.5,0.2709,-0.9889,0.0058,-0.0188,0.0068,0.0,89.0,46.0
2026-08-18 10:09:03,2026-08-18T09:53:09,768.305,2026-08-18,C,781.0,0.0,0.01,0.0,2010.0,0.01,0.2216,0.0102,0.005,-0.0184,0.0063,0.0,1357.0,3686.0
2026-08-18 10:09:03,2026-08-18T09:53:09,768.305,2026-08-18,P,781.0,12.62,12.81,42.0,127.0,12.68,0.2902,-0.9898,0.005,-0.0184,0.0063,0.0,69.0,19.0
2026-08-18 10:09:03,2026-08-18T09:53:09,768.305,2026-08-18,C,782.0,0.0,0.01,0.0,2369.0,0.01,0.2371,0.0096,0.0044,-0.0181,0.0059,0.0,426.0,4470.0
2026-08-18 10:09:03,2026-08-18T09:53:09,768.305,2026-08-18,P,782.0,13.63,14.04,122.0,145.0,13.26,0.3868,-0.9904,0.0044,-0.0181,0.0059,0.0,55.0,4.0
2026-08-18 10:09:03,2026-08-18T09:53:09,768.305,2026-08-18,C,783.0,0.0,0.01,0.0,3387.0,0.01,0.2525,0.009,0.004,-0.0179,0.0056,0.0,73.0,3258.0
2026-08-18 10:09:03,2026-08-18T09:53:09,768.305,2026-08-18,P,783.0,14.63,14.81,43.0,129.0,14.15,0.3336,-0.991,0.004,-0.0179,0.0056,0.0,49.0,16.0
2026-08-18 10:09:03,2026-08-18T09:53:09,768.305,2026-08-18,C,784.0,0.0,0.01,0.0,3296.0,0.01,0.2678,0.0084,0.0035,-0.0177,0.0052,0.0,19.0,3594.0
2026-08-18 10:09:03,2026-08-18T09:53:09,768.305,2026-08-18,P,784.0,15.63,15.81,43.0,129.0,15.63,0.3526,-0.9916,0.0035,-0.0177,0.0052,0.0,74.0,1.0
2026-08-18 10:09:03,2026-08-18T09:53:09,768.305,2026-08-18,C,785.0,0.0,0.01,0.0,3733.0,0.01,0.283,0.008,0.0032,-0.0175,0.005,0.0,118.0,2152.0
2026-08-18 10:09:03,2026-08-18T09:53:09,768.305,2026-08-18,P,785.0,16.63,16.81,42.0,98.0,16.58,0.3715,-0.992,0.0032,-0.0175,0.005,0.0,64.0,1.0
2026-08-18 10:09:03,2026-08-18T09:53:09,768.305,2026-08-18,C,786.0,0.0,0.01,0.0,3600.0,0.01,0.2981,0.0075,0.0029,-0.0173,0.0047,0.0,11.0,1304.0
2026-08-18 10:09:03,2026-08-18T09:53:09,768.305,2026-08-18,P,786.0,16.49,19.2,2.0,42.0,17.62,0.4798,-0.9925,0.0029,-0.0173,0.0047,0.0,26.0,1.0
2026-08-18 10:09:03,2026-08-18T09:53:09,768.305,2026-08-18,C,787.0,0.0,0.01,0.0,3740.0,0.01,0.3131,0.0072,0.0026,-0.0171,0.0045,0.0,4.0,1220.0
2026-08-18 10:09:03,2026-08-18T09:53:09,768.305,2026-08-18,P,787.0,17.7,19.94,129.0,129.0,18.59,0.4874,-0.9928,0.0026,-0.0171,0.0045,0.0,114.0,35.0
2026-08-18 10:09:03,2026-08-18T09:53:09,768.305,2026-08-18,C,788.0,0.0,0.01,0.0,4167.0,0.01,0.3281,0.0068,0.0024,-0.0169,0.0043,0.0,119.0,908.0
2026-08-18 10:09:03,2026-08-18T09:53:09,768.305,2026-08-18,P,788.0,18.49,21.29,2.0,12.0,19.56,0.5461,-0.9932,0.0024,-0.0169,0.0043,0.0,27.0,0.0
2026-08-18 10:09:03,2026-08-18T09:53:09,768.305,2026-08-18,C,789.0,0.0,0.01,0.0,4287.0,0.01,0.3429,0.0065,0.0022,-0.0167,0.0041,0.0,4.0,1016.0
2026-08-18 10:09:03,2026-08-18T09:53:09,768.305,2026-08-18,P,789.0,19.49,22.2,2.0,46.0,20.65,0.5441,-0.9935,0.0022,-0.0167,0.0041,0.0,20.0,0.0
2026-08-18 10:09:03,2026-08-18T09:53:09,768.305,2026-08-18,C,790.0,0.0,0.01,0.0,4586.0,0.01,0.3577,0.0062,0.002,-0.0165,0.0039,0.0,7.0,1848.0
2026-08-18 10:09:03,2026-08-18T09:53:09,768.305,2026-08-18,P,790.0,20.49,22.3,2.0,10.0,21.75,0.0,-0.9938,0.002,-0.0165,0.0039,0.0,48.0,2.0
2026-08-18 10:09:03,2026-08-18T09:53:09,768.305,2026-08-18,C,791.0,0.0,0.01,0.0,4606.0,0.01,0.3724,0.0059,0.0019,-0.0163,0.0038,0.0,3.0,2042.0
2026-08-18 10:09:03,2026-08-18T09:53:09,768.305,2026-08-18,P,791.0,21.48,24.2,2.0,46.0,22.45,0.5831,-0.9941,0.0019,-0.0163,0.0038,0.0,23.0,0.0
2026-08-18 10:09:03,2026-08-18T09:53:09,768.305,2026-08-18,C,792.0,0.0,0.01,0.0,4667.0,0.01,0.3871,0.0057,0.0018,-0.0161,0.0036,0.0,3.0,1272.0
2026-08-18 10:09:03,2026-08-18T09:53:09,768.305,2026-08-18,P,792.0,21.92,25.2,10.0,33.0,23.66,0.0,-0.9943,0.0018,-0.0161,0.0036,0.0,19.0,0.0
2026-08-18 10:09:03,2026-08-18T09:53:09,768.305,2026-08-18,C,793.0,0.0,0.01,0.0,4727.0,0.01,0.4016,0.0054,0.0016,-0.0159,0.0035,0.0,0.0,1022.0
2026-08-18 10:09:03,2026-08-18T09:53:09,768.305,2026-08-18,P,793.0,23.42,26.2,2.0,10.0,24.66,0.0,-0.9946,0.0016,-0.0159,0.0035,0.0,17.0,0.0
2026-08-18 10:09:03,2026-08-18T09:53:09,768.305,2026-08-18,C,794.0,0.0,0.01,0.0,3060.0,0.01,0.4162,0.0052,0.0015,-0.0157,0.0033,0.0,1.0,2024.0
2026-08-18 10:09:03,2026-08-18T09:53:09,768.305,2026-08-18,P,794.0,23.92,27.2,10.0,10.0,25.55,0.0,-0.9948,0.0015,-0.0157,0.0033,0.0,17.0,0.0
2026-08-18 10:09:03,2026-08-18T09:53:09,768.305,2026-08-18,C,795.0,0.0,0.01,0.0,3400.0,0.01,0.4306,0.005,0.0014,-0.0156,0.0032,0.0,3.0,377.0
2026-08-18 10:09:03,2026-08-18T09:53:09,768.305,2026-08-18,P,795.0,24.92,28.2,10.0,10.0,26.45,0.0,-0.995,0.0014,-0.0156,0.0032,0.0,24.0,0.0
2026-08-18 10:09:03,2026-08-18T09:53:09,768.305,2026-08-18,C,796.0,0.0,0.01,0.0,2248.0,0.01,0.445,0.0048,0.0013,-0.0154,0.0031,0.0,1.0,118.0
2026-08-18 10:09:03,2026-08-18T09:53:09,768.305,2026-08-18,P,796.0,25.92,29.2,10.0,10.0,27.55,0.0,-0.9952,0.0013,-0.0154,0.0031,0.0,18.0,0.0
2026-08-18 10:09:03,2026-08-18T09:53:09,768.305,2026-08-18,C,797.0,0.0,0.01,0.0,2248.0,0.02,0.4593,0.0047,0.0013,-0.0152,0.003,0.0,0.0,102.0
2026-08-18 10:09:03,2026-08-18T09:53:09,768.305,2026-08-18,P,797.0,26.92,30.2,10.0,10.0,28.54,0.0,-0.9953,0.0013,-0.0152,0.003,0.0,22.0,0.0
2026-08-18 10:09:03,2026-08-18T09:53:09,768.305,2026-08-18,C,798.0,0.0,0.01,0.0,2248.0,0.02,0.4736,0.0045,0.0012,-0.015,0.0029,0.0,0.0,153.0
2026-08-18 10:09:03,2026-08-18T09:53:09,768.305,2026-08-18,P,798.0,27.92,31.2,10.0,10.0,28.61,0.0,-0.9955,0.0012,-0.015,0.0029,0.0,10.0,0.0
2026-08-18 10:09:03,2026-08-18T09:53:09,768.305,2026-08-18,C,799.0,0.0,0.01,0.0,2248.0,0.01,0.4878,0.0043,0.0011,-0.0148,0.0028,0.0,0.0,174.0
2026-08-18 10:09:03,2026-08-18T09:53:09,768.305,2026-08-18,P,799.0,28.92,32.2,10.0,10.0,29.6,0.0,-0.9957,0.0011,-0.0148,0.0028,0.0,15.0,0.0
2026-08-18 10:09:03,2026-08-18T09:53:09,768.305,2026-08-18,C,800.0,0.0,0.01,0.0,5100.0,0.01,0.502,0.0042,0.001,-0.0147,0.0027,0.0,0.0,1226.0
2026-08-18 10:09:03,2026-08-18T09:53:09,768.305,2026-08-18,P,800.0,29.92,33.2,10.0,10.0,30.59,0.0,-0.9958,0.001,-0.0147,0.0027,0.0,12.0,0.0
2026-08-18 10:09:03,2026-08-18T09:53:09,768.305,2026-08-18,C,801.0,0.0,0.01,0.0,2248.0,0.02,0.5161,0.004,0.001,-0.0145,0.0026,0.0,0.0,188.0
2026-08-18 10:09:03,2026-08-18T09:53:09,768.305,2026-08-18,P,801.0,30.92,34.2,10.0,10.0,31.59,0.0,-0.996,0.001,-0.0145,0.0026,0.0,13.0,0.0
2026-08-18 10:09:03,2026-08-18T09:53:09,768.305,2026-08-18,C,802.0,0.0,0.01,0.0,2248.0,0.01,0.5302,0.0039,0.0009,-0.0143,0.0026,0.0,0.0,155.0
2026-08-18 10:09:03,2026-08-18T09:53:09,768.305,2026-08-18,P,802.0,31.92,35.2,10.0,10.0,32.58,0.0,-0.9961,0.0009,-0.0143,0.0026,0.0,23.0,0.0
2026-08-18 10:09:03,2026-08-18T09:53:09,768.305,2026-08-18,C,803.0,0.0,0.01,0.0,2248.0,0.02,0.5442,0.0038,0.0009,-0.0142,0.0025,0.0,0.0,41.0
2026-08-18 10:09:03,2026-08-18T09:53:09,768.305,2026-08-18,P,803.0,32.92,36.2,10.0,32.0,33.57,0.0,-0.9962,0.0009,-0.0142,0.0025,0.0,51.0,0.0
2026-08-18 10:09:03,2026-08-18T09:53:09,768.305,2026-08-18,C,804.0,0.0,0.01,0.0,2248.0,0.01,0.5582,0.0037,0.0008,-0.014,0.0024,0.0,0.0,70.0
2026-08-18 10:09:03,2026-08-18T09:53:09,768.305,2026-08-18,P,804.0,33.92,37.35,10.0,1.0,34.58,0.0,-0.9963,0.0008,-0.014,0.0024,0.0,12.0,0.0
2026-08-18 10:09:03,2026-08-18T09:53:09,768.305,2026-08-18,C,805.0,0.0,0.01,0.0,2248.0,0.01,0.5721,0.0036,0.0008,-0.0138,0.0023,0.0,0.0,887.0
2026-08-18 10:09:03,2026-08-18T09:53:09,768.305,2026-08-18,P,805.0,34.92,38.35,10.0,2.0,35.57,0.0,-0.9964,0.0008,-0.0138,0.0023,0.0,38.0,0.0
2026-08-18 10:09:03,2026-08-18T09:53:09,768.305,2026-08-18,C,806.0,0.0,0.01,0.0,2248.0,0.01,0.586,0.0035,0.0008,-0.0137,0.0023,0.0,0.0,231.0
2026-08-18 10:09:03,2026-08-18T09:53:09,768.305,2026-08-18,P,806.0,35.92,39.36,10.0,1.0,36.56,0.0,-0.9965,0.0008,-0.0137,0.0023,0.0,14.0,0.0
2026-08-18 10:48:19,2026-08-18T10:32:09,768.94,2026-08-18,C,731.0,37.79,38.1,41.0,41.0,37.52,0.0,0.9968,0.0007,-0.0133,0.002,0.0,3.0,4.0
2026-08-18 10:48:19,2026-08-18T10:32:09,768.94,2026-08-18,P,731.0,0.0,0.01,0.0,2589.0,0.01,0.6516,-0.0032,0.0007,-0.0134,0.002,0.0,1.0,146.0
2026-08-18 10:48:19,2026-08-18T10:32:09,768.94,2026-08-18,C,732.0,36.79,37.09,41.0,41.0,36.64,0.0,0.9967,0.0007,-0.0135,0.0021,0.0,1.0,0.0
2026-08-18 10:48:19,2026-08-18T10:32:09,768.94,2026-08-18,P,732.0,0.0,0.01,0.0,2806.0,0.01,0.6354,-0.0033,0.0007,-0.0136,0.0021,0.0,1.0,4553.0
2026-08-18 10:48:19,2026-08-18T10:32:09,768.94,2026-08-18,C,733.0,35.79,36.08,41.0,41.0,35.7,0.0,0.9966,0.0008,-0.0137,0.0021,0.0,1.0,0.0
2026-08-18 10:48:19,2026-08-18T10:32:09,768.94,2026-08-18,P,733.0,0.0,0.01,0.0,3228.0,0.01,0.6193,-0.0034,0.0008,-0.0138,0.0021,0.0,0.0,226.0
2026-08-18 10:48:19,2026-08-18T10:32:09,768.94,2026-08-18,C,734.0,34.79,35.09,41.0,41.0,34.9,0.0,0.9965,0.0008,-0.0139,0.0022,0.0,4.0,0.0
2026-08-18 10:48:19,2026-08-18T10:32:09,768.94,2026-08-18,P,734.0,0.0,0.01,0.0,3182.0,0.01,0.6031,-0.0035,0.0008,-0.014,0.0022,0.0,1.0,194.0
2026-08-18 10:48:19,2026-08-18T10:32:09,768.94,2026-08-18,C,735.0,33.79,34.08,41.0,41.0,33.95,0.0,0.9963,0.0008,-0.0141,0.0023,0.0,4.0,16.0
2026-08-18 10:48:19,2026-08-18T10:32:09,768.94,2026-08-18,P,735.0,0.0,0.01,0.0,2731.0,0.02,0.5869,-0.0037,0.0008,-0.0142,0.0023,0.0,0.0,229.0
2026-08-18 10:48:19,2026-08-18T10:32:09,768.94,2026-08-18,C,736.0,32.79,33.07,41.0,41.0,33.04,0.0,0.9962,0.0009,-0.0143,0.0024,0.0,4.0,3.0
2026-08-18 10:48:19,2026-08-18T10:32:09,768.94,2026-08-18,P,736.0,0.0,0.01,0.0,3056.0,0.02,0.5707,-0.0038,0.0009,-0.0144,0.0024,0.0,1.0,661.0
2026-08-18 10:48:19,2026-08-18T10:32:09,768.94,2026-08-18,C,737.0,31.79,32.09,41.0,41.0,32.09,0.0,0.996,0.001,-0.0146,0.0024,0.0,5.0,0.0
2026-08-18 10:48:19,2026-08-18T10:32:09,768.94,2026-08-18,P,737.0,0.0,0.01,0.0,3045.0,0.01,0.5545,-0.004,0.001,-0.0146,0.0024,0.0,6.0,738.0
2026-08-18 10:48:19,2026-08-18T10:32:09,768.94,2026-08-18,C,738.0,30.79,31.05,46.0,41.0,30.66,0.0,0.9959,0.001,-0.0148,0.0025,0.0,3.0,6.0
2026-08-18 10:48:19,2026-08-18T10:32:09,768.94,2026-08-18,P,738.0,0.0,0.01,0.0,2649.0,0.01,0.5383,-0.0041,0.001,-0.0148,0.0025,0.0,4.0,192.0
2026-08-18 10:48:19,2026-08-18T10:32:09,768.94,2026-08-18,C,739.0,29.78,30.05,42.0,42.0,28.96,0.0,0.9957,0.0011,-0.015,0.0026,0.0,3.0,8.0
2026-08-18 10:48:19,2026-08-18T10:32:09,768.94,2026-08-18,P,739.0,0.0,0.01,0.0,2409.0,0.02,0.5221,-0.0043,0.0011,-0.015,0.0026,0.0,0.0,1041.0
2026-08-18 10:48:19,2026-08-18T10:32:09,768.94,2026-08-18,C,740.0,28.79,29.13,41.0,41.0,28.4,0.5535,0.9956,0.0012,-0.0152,0.0027,0.0,15.0,3.0
2026-08-18 10:48:19,2026-08-18T10:32:09,768.94,2026-08-18,P,740.0,0.0,0.01,0.0,2393.0,0.01,0.5058,-0.0044,0.0012,-0.0152,0.0027,0.0,519.0,2993.0
2026-08-18 10:48:19,2026-08-18T10:32:09,768.94,2026-08-18,C,741.0,27.79,28.15,41.0,41.0,27.59,0.5706,0.9954,0.0012,-0.0154,0.0028,0.0,27.0,1.0
2026-08-18 10:48:19,2026-08-18T10:32:09,768.94,2026-08-18,P,741.0,0.0,0.01,0.0,2591.0,0.01,0.4895,-0.0046,0.0012,-0.0154,0.0028,0.0,460.0,1373.0
2026-08-18 10:48:19,2026-08-18T10:32:09,768.94,2026-08-18,C,742.0,26.79,27.06,41.0,41.0,26.64,0.0,0.9952,0.0013,-0.0156,0.0029,0.0,18.0,12.0
2026-08-18 10:48:19,2026-08-18T10:32:09,768.94,2026-08-18,P,742.0,0.0,0.01,0.0,2507.0,0.01,0.4732,-0.0048,0.0013,-0.0156,0.0029,0.0,4798.0,838.0
2026-08-18 10:48:19,2026-08-18T10:32:09,768.94,2026-08-18,C,743.0,25.78,26.06,200.0,47.0,25.15,0.0,0.995,0.0014,-0.0158,0.003,0.0,26.0,14.0
2026-08-18 10:48:19,2026-08-18T10:32:09,768.94,2026-08-18,P,743.0,0.01,0.02,2001.0,3067.0,0.02,0.5091,-0.005,0.0014,-0.0158,0.0031,0.0,1726.0,942.0
2026-08-18 10:48:19,2026-08-18T10:32:09,768.94,2026-08-18,C,744.0,23.67,25.11,41.0,41.0,24.15,0.0,0.9948,0.0015,-0.016,0.0032,0.0,3.0,56.0
2026-08-18 10:48:19,2026-08-18T10:32:09,768.94,2026-08-18,P,744.0,0.01,0.02,2001.0,3175.0,0.01,0.4912,-0.0052,0.0015,-0.0161,0.0032,0.0,560.0,487.0
2026-08-18 10:48:19,2026-08-18T10:32:09,768.94,2026-08-18,C,745.0,22.68,24.16,192.0,181.0,23.46,0.0,0.9945,0.0016,-0.0163,0.0033,0.0,1.0,21.0
2026-08-18 10:48:19,2026-08-18T10:32:09,768.94,2026-08-18,P,745.0,0.01,0.02,594.0,3154.0,0.02,0.4733,-0.0055,0.0016,-0.0163,0.0033,0.0,363.0,1371.0
2026-08-18 10:48:19,2026-08-18T10:32:09,768.94,2026-08-18,C,746.0,22.56,23.2,165.0,165.0,22.8,0.0,0.9943,0.0018,-0.0165,0.0034,0.0,7.0,18.0
2026-08-18 10:48:19,2026-08-18T10:32:09,768.94,2026-08-18,P,746.0,0.01,0.02,2001.0,3037.0,0.02,0.4553,-0.0057,0.0018,-0.0165,0.0035,0.0,188.0,1078.0
2026-08-18 10:48:19,2026-08-18T10:32:09,768.94,2026-08-18,C,747.0,21.61,22.2,100.0,165.0,21.38,0.0,0.994,0.0019,-0.0167,0.0036,0.0,10.0,31.0
2026-08-18 10:48:19,2026-08-18T10:32:09,768.94,2026-08-18,P,747.0,0.01,0.02,2028.0,2526.0,0.01,0.4373,-0.006,0.0019,-0.0168,0.0036,0.0,105.0,5137.0
2026-08-18 10:48:19,2026-08-18T10:32:09,768.94,2026-08-18,C,748.0,20.8,21.06,46.0,46.0,20.71,0.0,0.9937,0.0021,-0.017,0.0038,0.0,13.0,26.0
2026-08-18 10:48:19,2026-08-18T10:32:09,768.94,2026-08-18,P,748.0,0.01,0.02,2773.0,2598.0,0.02,0.4193,-0.0063,0.0021,-0.017,0.0038,0.0,533.0,1274.0
2026-08-18 10:48:19,2026-08-18T10:32:09,768.94,2026-08-18,C,749.0,19.8,20.06,46.0,46.0,19.78,0.0,0.9933,0.0023,-0.0172,0.004,0.0,4.0,24.0
2026-08-18 10:48:19,2026-08-18T10:32:09,768.94,2026-08-18,P,749.0,0.01,0.02,3116.0,2404.0,0.01,0.4012,-0.0067,0.0023,-0.0173,0.004,0.0,2267.0,6239.0
2026-08-18 10:48:19,2026-08-18T10:32:09,768.94,2026-08-18,C,750.0,18.8,19.06,46.0,46.0,18.68,0.0,0.993,0.0025,-0.0175,0.0042,0.0,30.0,48.0
2026-08-18 10:48:19,2026-08-18T10:32:09,768.94,2026-08-18,P,750.0,0.01,0.02,1804.0,2250.0,0.02,0.383,-0.007,0.0025,-0.0175,0.0042,0.0,1188.0,959.0
2026-08-18 10:48:19,2026-08-18T10:32:09,768.94,2026-08-18,C,751.0,17.8,18.15,47.0,47.0,17.73,0.3932,0.9926,0.0028,-0.0178,0.0044,0.0,12.0,12.0
2026-08-18 10:48:19,2026-08-18T10:32:09,768.94,2026-08-18,P,751.0,0.01,0.02,3125.0,2160.0,0.02,0.3648,-0.0074,0.0028,-0.0178,0.0044,0.0,2935.0,231.0
2026-08-18 10:48:19,2026-08-18T10:32:09,768.94,2026-08-18,C,752.0,16.79,17.22,45.0,167.0,16.58,0.4138,0.9921,0.0031,-0.0182,0.0046,0.0,11.0,23.0
2026-08-18 10:48:19,2026-08-18T10:32:09,768.94,2026-08-18,P,752.0,0.01,0.02,2134.0,2093.0,0.02,0.3465,-0.0079,0.0031,-0.0182,0.0047,0.0,1049.0,856.0
2026-08-18 10:48:19,2026-08-18T10:32:09,768.94,2026-08-18,C,753.0,14.76,16.21,165.0,100.0,15.51,0.0,0.9915,0.0034,-0.0186,0.005,0.0,3.0,90.0
2026-08-18 10:48:19,2026-08-18T10:32:09,768.94,2026-08-18,P,753.0,0.01,0.02,2177.0,2064.0,0.02,0.3281,-0.0085,0.0034,-0.0186,0.005,0.0,2008.0,639.0
2026-08-18 10:48:19,2026-08-18T10:32:09,768.94,2026-08-18,C,754.0,14.79,15.09,47.0,47.0,14.69,0.0,0.9909,0.0038,-0.0192,0.0053,0.0,34.0,45.0
2026-08-18 10:48:19,2026-08-18T10:32:09,768.94,2026-08-18,P,754.0,0.01,0.02,2505.0,1672.0,0.02,0.3096,-0.0091,0.0038,-0.0192,0.0053,0.0,1220.0,1250.0
2026-08-18 10:48:19,2026-08-18T10:32:09,768.94,2026-08-18,C,755.0,13.81,14.14,100.0,161.0,13.82,0.315,0.99,0.0044,-0.02,0.0058,0.0,21.0,53.0
2026-08-18 10:48:19,2026-08-18T10:32:09,768.94,2026-08-18,P,755.0,0.02,0.03,222.0,3803.0,0.02,0.3103,-0.01,0.0044,-0.02,0.0058,0.0,1415.0,2323.0
2026-08-18 10:48:19,2026-08-18T10:32:09,768.94,2026-08-18,C,756.0,12.81,13.12,100.0,167.0,11.89,0.2785,0.989,0.0051,-0.0212,0.0063,0.0,17.0,62.0
2026-08-18 10:48:19,2026-08-18T10:32:09,768.94,2026-08-18,P,756.0,0.02,0.03,2329.0,3720.0,0.02,0.2907,-0.0111,0.0051,-0.0212,0.0063,0.0,2378.0,11806.0
2026-08-18 10:48:19,2026-08-18T10:32:09,768.94,2026-08-18,C,757.0,11.55,12.16,100.0,166.0,11.83,0.0,0.9875,0.006,-0.023,0.0071,0.0,57.0,59.0
2026-08-18 10:48:19,2026-08-18T10:32:09,768.94,2026-08-18,P,757.0,0.02,0.03,1634.0,3446.0,0.03,0.271,-0.0126,0.006,-0.023,0.0071,0.0,1924.0,7512.0
2026-08-18 10:48:19,2026-08-18T10:32:09,768.94,2026-08-18,C,758.0,10.03,11.22,100.0,191.0,10.51,0.0,0.9853,0.0073,-0.0259,0.0081,0.0,49.0,34.0
2026-08-18 10:48:19,2026-08-18T10:32:09,768.94,2026-08-18,P,758.0,0.02,0.03,2139.0,1823.0,0.04,0.2511,-0.0147,0.0074,-0.0259,0.0081,0.0,2058.0,1379.0
2026-08-18 10:48:19,2026-08-18T10:32:09,768.94,2026-08-18,C,759.0,9.82,10.08,46.0,46.0,10.16,0.1793,0.9822,0.0092,-0.0304,0.0096,0.0,47.0,68.0
2026-08-18 10:48:19,2026-08-18T10:32:09,768.94,2026-08-18,P,759.0,0.03,0.04,1483.0,3229.0,0.04,0.2426,-0.0179,0.0092,-0.0305,0.0096,0.0,4846.0,1538.0
2026-08-18 10:48:19,2026-08-18T10:32:09,768.94,2026-08-18,C,760.0,8.81,9.08,46.0,54.0,9.0,0.0,0.9774,0.0119,-0.0375,0.0117,0.0,642.0,118.0
2026-08-18 10:48:19,2026-08-18T10:32:09,768.94,2026-08-18,P,760.0,0.04,0.05,529.0,3394.0,0.04,0.2306,-0.0227,0.012,-0.0377,0.0117,0.0,24510.0,3668.0
2026-08-18 10:48:19,2026-08-18T10:32:09,768.94,2026-08-18,C,761.0,7.84,8.09,46.0,46.0,8.02,0.1816,0.9702,0.0159,-0.0486,0.0147,0.0,98.0,49.0
2026-08-18 10:48:19,2026-08-18T10:32:09,768.94,2026-08-18,P,761.0,0.05,0.06,540.0,2951.0,0.05,0.2159,-0.03,0.016,-0.0489,0.0147,0.0,25194.0,2374.0
2026-08-18 10:48:19,2026-08-18T10:32:09,768.94,2026-08-18,C,762.0,6.96,7.1,60.0,112.0,6.85,0.209,0.9592,0.0218,-0.0659,0.0189,0.0,199.0,147.0
2026-08-18 10:48:19,2026-08-18T10:32:09,768.94,2026-08-18,P,762.0,0.06,0.07,877.0,1351.0,0.07,0.1992,-0.041,0.0219,-0.0662,0.0189,0.0,29170.0,2276.0
2026-08-18 10:48:19,2026-08-18T10:32:09,768.94,2026-08-18,C,763.0,5.88,6.15,72.0,72.0,5.87,0.1772,0.9428,0.0303,-0.0924,0.0245,0.0,895.0,561.0
2026-08-18 10:48:19,2026-08-18T10:32:09,768.94,2026-08-18,P,763.0,0.08,0.09,1813.0,561.0,0.08,0.1856,-0.0572,0.0303,-0.0924,0.0245,0.0,89879.0,2191.0
2026-08-18 10:48:19,2026-08-18T10:32:09,768.94,2026-08-18,C,764.0,5.07,5.1,33.0,24.0,5.02,0.1795,0.9179,0.0424,-0.1335,0.032,0.0,1714.0,82.0
2026-08-18 10:48:19,2026-08-18T10:32:09,768.94,2026-08-18,P,764.0,0.12,0.13,1641.0,482.0,0.12,0.1753,-0.0821,0.0424,-0.1335,0.032,0.0,38770.0,2461.0
2026-08-18 10:48:19,2026-08-18T10:32:09,768.94,2026-08-18,C,765.0,4.13,4.15,35.0,1.0,4.13,0.1703,0.8806,0.0592,-0.1977,0.0416,0.0,3731.0,1522.0
2026-08-18 10:48:19,2026-08-18T10:32:09,768.94,2026-08-18,P,765.0,0.19,0.2,843.0,1064.0,0.19,0.1671,-0.1194,0.0592,-0.1977,0.0416,0.0,85304.0,7714.0
2026-08-18 10:48:19,2026-08-18T10:32:09,768.94,2026-08-18,C,766.0,3.23,3.26,67.0,100.0,3.25,0.1595,0.8247,0.0814,-0.3,0.0532,0.0,5095.0,615.0
2026-08-18 10:48:19,2026-08-18T10:32:09,768.94,2026-08-18,P,766.0,0.29,0.3,588.0,353.0,0.29,0.1571,-0.1753,0.0814,-0.3,0.0532,0.0,81139.0,6173.0
2026-08-18 10:48:19,2026-08-18T10:32:09,768.94,2026-08-18,C,767.0,2.4,2.43,41.0,200.0,2.4,0.1506,0.7432,0.1076,-0.4641,0.0656,0.0,13676.0,350.0
2026-08-18 10:48:19,2026-08-18T10:32:09,768.94,2026-08-18,P,767.0,0.46,0.47,324.0,342.0,0.47,0.1478,-0.2568,0.1076,-0.4641,0.0656,0.0,135584.0,3808.0
2026-08-18 10:48:19,2026-08-18T10:32:09,768.94,2026-08-18,C,768.0,1.66,1.67,10.0,63.0,1.66,0.1424,0.6312,0.1326,-0.7231,0.076,0.0,64772.0,184.0
2026-08-18 10:48:19,2026-08-18T10:32:09,768.94,2026-08-18,P,768.0,0.72,0.73,371.0,438.0,0.72,0.1407,-0.3688,0.1326,-0.7231,0.076,0.0,246657.0,4728.0
2026-08-18 10:48:19,2026-08-18T10:32:09,768.94,2026-08-18,C,769.0,1.05,1.06,20.0,221.0,1.05,0.1362,0.493,0.1464,-1.0612,0.0801,0.0,129962.0,435.0
2026-08-18 10:48:19,2026-08-18T10:32:09,768.94,2026-08-18,P,769.0,1.1,1.11,269.0,81.0,1.11,0.1334,-0.507,0.1464,-1.0612,0.0801,0.0,113104.0,3829.0
2026-08-18 10:48:19,2026-08-18T10:32:09,768.94,2026-08-18,C,770.0,0.6,0.61,309.0,311.0,0.61,0.1308,0.3458,0.1397,-0.6106,0.0744,0.0,135146.0,1848.0
2026-08-18 10:48:19,2026-08-18T10:32:09,768.94,2026-08-18,P,770.0,1.65,1.67,100.0,119.0,1.66,0.1298,-0.6542,0.1397,-0.6106,0.0744,0.0,34551.0,11560.0
2026-08-18 10:48:19,2026-08-18T10:32:09,768.94,2026-08-18,C,771.0,0.31,0.32,376.0,415.0,0.31,0.1305,0.2161,0.1125,-0.3209,0.0602,0.0,65210.0,3002.0
2026-08-18 10:48:19,2026-08-18T10:32:09,768.94,2026-08-18,P,771.0,2.35,2.38,178.0,40.0,2.39,0.1284,-0.7839,0.1125,-0.3209,0.0602,0.0,12636.0,5320.0
2026-08-18 10:48:19,2026-08-18T10:32:09,768.94,2026-08-18,C,772.0,0.16,0.17,509.0,1232.0,0.16,0.1321,0.1248,0.0778,-0.1634,0.0433,0.0,63617.0,4210.0
2026-08-18 10:48:19,2026-08-18T10:32:09,768.94,2026-08-18,P,772.0,3.19,3.22,26.0,35.0,3.23,0.129,-0.8752,0.0778,-0.1634,0.0433,0.0,7453.0,10300.0
2026-08-18 10:48:19,2026-08-18T10:32:09,768.94,2026-08-18,C,773.0,0.08,0.09,1277.0,957.0,0.09,0.1366,0.0721,0.0497,-0.0882,0.0297,0.0,39521.0,8001.0
2026-08-18 10:48:19,2026-08-18T10:32:09,768.94,2026-08-18,P,773.0,4.12,4.15,100.0,33.0,4.22,0.1317,-0.9279,0.0497,-0.0882,0.0297,0.0,6267.0,13043.0
2026-08-18 10:48:19,2026-08-18T10:32:09,768.94,2026-08-18,C,774.0,0.05,0.06,880.0,2237.0,0.05,0.1484,0.0434,0.0312,-0.0517,0.0203,0.0,31674.0,9059.0
2026-08-18 10:48:19,2026-08-18T10:32:09,768.94,2026-08-18,P,774.0,5.08,5.16,72.0,75.0,5.27,0.1307,-0.9564,0.0314,-0.052,0.0204,0.0,2757.0,7065.0
2026-08-18 10:48:19,2026-08-18T10:32:09,768.94,2026-08-18,C,775.0,0.03,0.04,2116.0,2166.0,0.04,0.1585,0.0282,0.0204,-0.0339,0.0145,0.0,31716.0,9849.0
2026-08-18 10:48:19,2026-08-18T10:32:09,768.94,2026-08-18,P,775.0,6.0,6.25,112.0,76.0,6.24,0.1807,-0.9717,0.0205,-0.034,0.0145,0.0,1489.0,12681.0
2026-08-18 10:48:19,2026-08-18T10:32:09,768.94,2026-08-18,C,776.0,0.02,0.03,2554.0,2719.0,0.02,0.1707,0.0203,0.0143,-0.0253,0.011,0.0,12912.0,13705.0
2026-08-18 10:48:19,2026-08-18T10:32:09,768.94,2026-08-18,P,776.0,6.99,7.24,100.0,78.0,7.36,0.1986,-0.9796,0.0144,-0.0253,0.0111,0.0,766.0,4587.0
2026-08-18 10:48:19,2026-08-18T10:32:09,768.94,2026-08-18,C,777.0,0.02,0.03,2295.0,3003.0,0.02,0.191,0.0162,0.0108,-0.0212,0.0091,0.0,8395.0,10764.0
2026-08-18 10:48:19,2026-08-18T10:32:09,768.94,2026-08-18,P,777.0,7.99,8.23,47.0,47.0,8.11,0.2179,-0.9838,0.0108,-0.0213,0.0091,0.0,357.0,3519.0
2026-08-18 10:48:19,2026-08-18T10:32:09,768.94,2026-08-18,C,778.0,0.01,0.02,3028.0,1583.0,0.02,0.1968,0.0138,0.0086,-0.0194,0.0079,0.0,6517.0,12327.0
2026-08-18 10:48:19,2026-08-18T10:32:09,768.94,2026-08-18,P,778.0,8.98,9.23,106.0,104.0,9.73,0.2362,-0.9862,0.0087,-0.0194,0.0079,0.0,467.0,3407.0
2026-08-18 10:48:19,2026-08-18T10:32:09,768.94,2026-08-18,C,779.0,0.01,0.02,2169.0,2100.0,0.02,0.2155,0.0124,0.0072,-0.0187,0.0071,0.0,3226.0,6634.0
2026-08-18 10:48:19,2026-08-18T10:32:09,768.94,2026-08-18,P,779.0,9.98,10.23,124.0,104.0,10.14,0.2576,-0.9876,0.0072,-0.0187,0.0071,0.0,67.0,41.0
2026-08-18 10:48:19,2026-08-18T10:32:09,768.94,2026-08-18,C,780.0,0.01,0.02,2187.0,2264.0,0.01,0.2339,0.0113,0.0062,-0.0183,0.0066,0.0,9690.0,12385.0
2026-08-18 10:48:19,2026-08-18T10:32:09,768.94,2026-08-18,P,780.0,10.98,11.23,46.0,46.0,11.09,0.2788,-0.9887,0.0062,-0.0183,0.0066,0.0,138.0,46.0
2026-08-18 10:48:19,2026-08-18T10:32:09,768.94,2026-08-18,C,781.0,0.0,0.01,0.0,758.0,0.01,0.2231,0.0105,0.0054,-0.018,0.0061,0.0,5350.0,3686.0
2026-08-18 10:48:19,2026-08-18T10:32:09,768.94,2026-08-18,P,781.0,11.97,12.23,41.0,47.0,12.68,0.295,-0.9895,0.0054,-0.018,0.0061,0.0,69.0,19.0
2026-08-18 10:48:19,2026-08-18T10:32:09,768.94,2026-08-18,C,782.0,0.0,0.01,0.0,290.0,0.01,0.2395,0.0098,0.0047,-0.0178,0.0057,0.0,472.0,4470.0
2026-08-18 10:48:19,2026-08-18T10:32:09,768.94,2026-08-18,P,782.0,12.91,13.5,100.0,129.0,13.73,0.3861,-0.9902,0.0047,-0.0178,0.0057,0.0,61.0,4.0
2026-08-18 10:48:19,2026-08-18T10:32:09,768.94,2026-08-18,C,783.0,0.0,0.01,0.0,1134.0,0.01,0.2558,0.0091,0.0042,-0.0176,0.0054,0.0,114.0,3258.0
2026-08-18 10:48:19,2026-08-18T10:32:09,768.94,2026-08-18,P,783.0,13.97,14.24,42.0,47.0,15.33,0.3408,-0.9909,0.0042,-0.0176,0.0054,0.0,69.0,16.0
2026-08-18 10:48:19,2026-08-18T10:32:09,768.94,2026-08-18,C,784.0,0.0,0.01,0.0,3392.0,0.01,0.272,0.0086,0.0037,-0.0174,0.005,0.0,57.0,3594.0
2026-08-18 10:48:19,2026-08-18T10:32:09,768.94,2026-08-18,P,784.0,14.97,15.24,100.0,139.0,15.96,0.361,-0.9914,0.0037,-0.0174,0.005,0.0,78.0,1.0
2026-08-18 10:48:19,2026-08-18T10:32:09,768.94,2026-08-18,C,785.0,0.0,0.01,0.0,3120.0,0.01,0.288,0.0081,0.0034,-0.0172,0.0048,0.0,166.0,2152.0
2026-08-18 10:48:19,2026-08-18T10:32:09,768.94,2026-08-18,P,785.0,15.96,16.24,79.0,165.0,16.51,0.3755,-0.9919,0.0034,-0.0171,0.0048,0.0,71.0,1.0
2026-08-18 10:48:19,2026-08-18T10:32:09,768.94,2026-08-18,C,786.0,0.0,0.01,0.0,4128.0,0.01,0.304,0.0076,0.003,-0.017,0.0045,0.0,12.0,1304.0
2026-08-18 10:48:19,2026-08-18T10:32:09,768.94,2026-08-18,P,786.0,16.88,17.29,2.0,2.0,17.47,0.3575,-0.9924,0.003,-0.0169,0.0045,0.0,35.0,1.0
2026-08-18 10:48:19,2026-08-18T10:32:09,768.94,2026-08-18,C,787.0,0.0,0.01,0.0,2603.0,0.01,0.3198,0.0072,0.0028,-0.0168,0.0043,0.0,5.0,1220.0
2026-08-18 10:48:19,2026-08-18T10:32:09,768.94,2026-08-18,P,787.0,17.97,18.24,100.0,117.0,18.42,0.4207,-0.9928,0.0028,-0.0167,0.0043,0.0,124.0,35.0
2026-08-18 10:48:19,2026-08-18T10:32:09,768.94,2026-08-18,C,788.0,0.0,0.01,0.0,2828.0,0.01,0.3356,0.0069,0.0025,-0.0166,0.0041,0.0,140.0,908.0
2026-08-18 10:48:19,2026-08-18T10:32:09,768.94,2026-08-18,P,788.0,18.89,19.44,2.0,1.0,19.85,0.488,-0.9931,0.0025,-0.0165,0.0041,0.0,28.0,0.0
2026-08-18 10:48:19,2026-08-18T10:32:09,768.94,2026-08-18,C,789.0,0.0,0.01,0.0,4248.0,0.01,0.3512,0.0065,0.0023,-0.0164,0.0039,0.0,18.0,1016.0
2026-08-18 10:48:19,2026-08-18T10:32:09,768.94,2026-08-18,P,789.0,19.8,20.3,1.0,2.0,20.8,0.3272,-0.9935,0.0023,-0.0164,0.0039,0.0,21.0,0.0
2026-08-18 10:48:19,2026-08-18T10:32:09,768.94,2026-08-18,C,790.0,0.0,0.01,0.0,4546.0,0.01,0.3668,0.0062,0.0021,-0.0162,0.0038,0.0,8.0,1848.0
2026-08-18 10:48:19,2026-08-18T10:32:09,768.94,2026-08-18,P,790.0,20.85,21.36,2.0,2.0,21.83,0.0,-0.9938,0.0021,-0.0162,0.0038,0.0,60.0,2.0
2026-08-18 10:48:19,2026-08-18T10:32:09,768.94,2026-08-18,C,791.0,0.0,0.01,0.0,4606.0,0.01,0.3824,0.006,0.002,-0.016,0.0036,0.0,4.0,2042.0
2026-08-18 10:48:19,2026-08-18T10:32:09,768.94,2026-08-18,P,791.0,20.79,23.82,2.0,10.0,22.78,0.6461,-0.994,0.002,-0.016,0.0036,0.0,24.0,0.0
2026-08-18 10:48:19,2026-08-18T10:32:09,768.94,2026-08-18,C,792.0,0.0,0.01,0.0,4668.0,0.01,0.3978,0.0057,0.0018,-0.0158,0.0034,0.0,3.0,1272.0
2026-08-18 10:48:19,2026-08-18T10:32:09,768.94,2026-08-18,P,792.0,21.3,24.82,10.0,10.0,23.66,0.412,-0.9943,0.0018,-0.0158,0.0034,0.0,19.0,0.0
2026-08-18 10:48:19,2026-08-18T10:32:09,768.94,2026-08-18,C,793.0,0.0,0.01,0.0,4728.0,0.01,0.4132,0.0055,0.0017,-0.0156,0.0033,0.0,0.0,1022.0
2026-08-18 10:48:19,2026-08-18T10:32:09,768.94,2026-08-18,P,793.0,22.3,25.82,10.0,10.0,24.66,0.4278,-0.9945,0.0017,-0.0156,0.0033,0.0,17.0,0.0
2026-08-18 10:48:19,2026-08-18T10:32:09,768.94,2026-08-18,C,794.0,0.0,0.01,0.0,3717.0,0.01,0.4285,0.0052,0.0016,-0.0154,0.0032,0.0,1.0,2024.0
2026-08-18 10:48:19,2026-08-18T10:32:09,768.94,2026-08-18,P,794.0,23.3,26.82,10.0,10.0,25.55,0.4436,-0.9948,0.0016,-0.0154,0.0032,0.0,17.0,0.0
2026-08-18 10:48:19,2026-08-18T10:32:09,768.94,2026-08-18,C,795.0,0.0,0.01,0.0,4848.0,0.01,0.4437,0.005,0.0015,-0.0152,0.0031,0.0,3.0,377.0
2026-08-18 10:48:19,2026-08-18T10:32:09,768.94,2026-08-18,P,795.0,24.3,27.82,10.0,10.0,26.45,0.4593,-0.995,0.0015,-0.0152,0.0031,0.0,24.0,0.0
2026-08-18 10:48:19,2026-08-18T10:32:09,768.94,2026-08-18,C,796.0,0.0,0.01,0.0,1489.0,0.01,0.4589,0.0048,0.0014,-0.015,0.003,0.0,1.0,118.0
2026-08-18 10:48:19,2026-08-18T10:32:09,768.94,2026-08-18,P,796.0,25.3,28.82,10.0,10.0,27.65,0.4749,-0.9952,0.0014,-0.015,0.003,0.0,19.0,0.0
2026-08-18 10:48:19,2026-08-18T10:32:09,768.94,2026-08-18,C,797.0,0.0,0.01,0.0,2248.0,0.02,0.474,0.0047,0.0013,-0.0149,0.0028,0.0,0.0,102.0
2026-08-18 10:48:19,2026-08-18T10:32:09,768.94,2026-08-18,P,797.0,26.3,29.82,10.0,10.0,28.6,0.4905,-0.9953,0.0013,-0.0149,0.0028,0.0,23.0,0.0
2026-08-18 10:48:19,2026-08-18T10:32:09,768.94,2026-08-18,C,798.0,0.0,0.01,0.0,1284.0,0.02,0.4891,0.0045,0.0012,-0.0147,0.0028,0.0,0.0,153.0
2026-08-18 10:48:19,2026-08-18T10:32:09,768.94,2026-08-18,P,798.0,27.3,30.82,10.0,10.0,28.61,0.506,-0.9955,0.0012,-0.0147,0.0028,0.0,10.0,0.0
2026-08-18 10:48:19,2026-08-18T10:32:09,768.94,2026-08-18,C,799.0,0.0,0.01,0.0,2248.0,0.01,0.5041,0.0043,0.0011,-0.0145,0.0027,0.0,0.0,174.0
2026-08-18 10:48:19,2026-08-18T10:32:09,768.94,2026-08-18,P,799.0,28.3,31.82,10.0,10.0,29.6,0.5214,-0.9957,0.0011,-0.0145,0.0027,0.0,15.0,0.0
2026-08-18 10:48:19,2026-08-18T10:32:09,768.94,2026-08-18,C,800.0,0.0,0.01,0.0,5100.0,0.01,0.519,0.0042,0.0011,-0.0143,0.0026,0.0,0.0,1226.0
2026-08-18 10:48:19,2026-08-18T10:32:09,768.94,2026-08-18,P,800.0,29.3,32.82,10.0,10.0,31.12,0.5368,-0.9958,0.0011,-0.0143,0.0026,0.0,16.0,0.0
2026-08-18 10:48:19,2026-08-18T10:32:09,768.94,2026-08-18,C,801.0,0.0,0.01,0.0,1348.0,0.02,0.5339,0.004,0.001,-0.0142,0.0025,0.0,0.0,188.0
2026-08-18 10:48:19,2026-08-18T10:32:09,768.94,2026-08-18,P,801.0,30.3,33.82,10.0,10.0,32.75,0.5521,-0.996,0.001,-0.0142,0.0025,0.0,16.0,0.0
2026-08-18 10:48:19,2026-08-18T10:32:09,768.94,2026-08-18,C,802.0,0.0,0.01,0.0,2248.0,0.01,0.5487,0.0039,0.001,-0.014,0.0024,0.0,0.0,155.0
2026-08-18 10:48:19,2026-08-18T10:32:09,768.94,2026-08-18,P,802.0,32.88,34.17,1.0,2.0,33.42,0.9992,-0.9961,0.001,-0.014,0.0024,0.0,30.0,0.0
2026-08-18 10:48:19,2026-08-18T10:32:09,768.94,2026-08-18,C,803.0,0.0,0.01,0.0,1384.0,0.02,0.5635,0.0038,0.0009,-0.0138,0.0023,0.0,0.0,41.0
2026-08-18 10:48:19,2026-08-18T10:32:09,768.94,2026-08-18,P,803.0,33.84,34.28,1.0,2.0,34.37,0.0,-0.9962,0.0009,-0.0138,0.0023,0.0,58.0,0.0
2026-08-18 10:48:19,2026-08-18T10:32:09,768.94,2026-08-18,C,804.0,0.0,0.01,0.0,1138.0,0.01,0.5782,0.0036,0.0009,-0.0137,0.0023,0.0,0.0,70.0
2026-08-18 10:48:19,2026-08-18T10:32:09,768.94,2026-08-18,P,804.0,33.3,36.82,10.0,10.0,35.3,0.5977,-0.9964,0.0009,-0.0137,0.0023,0.0,18.0,0.0
2026-08-18 10:48:19,2026-08-18T10:32:09,768.94,2026-08-18,C,805.0,0.0,0.01,0.0,2248.0,0.01,0.5929,0.0035,0.0008,-0.0135,0.0022,0.0,0.0,887.0
2026-08-18 10:48:19,2026-08-18T10:32:09,768.94,2026-08-18,P,805.0,34.3,37.82,10.0,10.0,36.25,0.6128,-0.9965,0.0008,-0.0135,0.0022,0.0,44.0,0.0
2026-08-18 10:48:19,2026-08-18T10:32:09,768.94,2026-08-18,C,806.0,0.0,0.01,0.0,2248.0,0.01,0.6075,0.0034,0.0008,-0.0133,0.0021,0.0,0.0,231.0
2026-08-18 10:48:19,2026-08-18T10:32:09,768.94,2026-08-18,P,806.0,35.3,38.82,10.0,10.0,38.01,0.6278,-0.9966,0.0008,-0.0133,0.0021,0.0,21.0,0.0
2026-08-18 10:48:19,2026-08-18T10:32:09,768.94,2026-08-18,C,807.0,0.0,0.01,0.0,2248.0,0.01,0.6221,0.0033,0.0007,-0.0132,0.0021,0.0,0.0,175.0
2026-08-18 10:48:19,2026-08-18T10:32:09,768.94,2026-08-18,P,807.0,36.3,39.82,10.0,10.0,38.96,0.6428,-0.9967,0.0007,-0.0132,0.0021,0.0,23.0,0.0
2026-08-18 11:14:50,2026-08-18T10:59:10,767.75,2026-08-18,C,730.0,37.73,37.97,41.0,41.0,38.58,0.9575,0.997,0.0007,-0.0126,0.0018,0.0,12.0,11.0
2026-08-18 11:14:50,2026-08-18T10:59:10,767.75,2026-08-18,P,730.0,0.0,0.01,0.0,3480.0,0.01,0.6756,-0.0031,0.0007,-0.0126,0.0018,0.0,10.0,242.0
2026-08-18 11:14:50,2026-08-18T10:59:10,767.75,2026-08-18,C,731.0,36.73,36.96,40.0,40.0,37.52,0.9468,0.9968,0.0007,-0.0127,0.0019,0.0,3.0,4.0
2026-08-18 11:14:50,2026-08-18T10:59:10,767.75,2026-08-18,P,731.0,0.0,0.01,0.0,3274.0,0.01,0.6588,-0.0032,0.0007,-0.0127,0.0019,0.0,1.0,146.0
2026-08-18 11:14:50,2026-08-18T10:59:10,767.75,2026-08-18,C,732.0,35.73,35.95,40.0,40.0,36.64,0.9186,0.9967,0.0007,-0.0129,0.002,0.0,1.0,0.0
2026-08-18 11:14:50,2026-08-18T10:59:10,767.75,2026-08-18,P,732.0,0.0,0.01,0.0,3264.0,0.01,0.6419,-0.0033,0.0007,-0.0129,0.002,0.0,1.0,4553.0
2026-08-18 11:14:50,2026-08-18T10:59:10,767.75,2026-08-18,C,733.0,34.73,34.97,40.0,40.0,35.7,0.896,0.9966,0.0008,-0.0131,0.002,0.0,1.0,0.0
2026-08-18 11:14:50,2026-08-18T10:59:10,767.75,2026-08-18,P,733.0,0.0,0.01,0.0,3255.0,0.01,0.6251,-0.0034,0.0008,-0.0131,0.002,0.0,0.0,226.0
2026-08-18 11:14:50,2026-08-18T10:59:10,767.75,2026-08-18,C,734.0,33.73,33.95,40.0,40.0,34.9,0.8735,0.9965,0.0008,-0.0133,0.0021,0.0,4.0,0.0
2026-08-18 11:14:50,2026-08-18T10:59:10,767.75,2026-08-18,P,734.0,0.0,0.01,0.0,3246.0,0.01,0.6082,-0.0035,0.0008,-0.0133,0.0021,0.0,1.0,194.0
2026-08-18 11:14:50,2026-08-18T10:59:10,767.75,2026-08-18,C,735.0,32.73,32.95,40.0,40.0,33.95,0.8509,0.9964,0.0009,-0.0135,0.0022,0.0,4.0,16.0
2026-08-18 11:14:50,2026-08-18T10:59:10,767.75,2026-08-18,P,735.0,0.0,0.01,0.0,3037.0,0.02,0.5914,-0.0036,0.0009,-0.0135,0.0022,0.0,0.0,229.0
2026-08-18 11:14:50,2026-08-18T10:59:10,767.75,2026-08-18,C,736.0,31.73,31.98,40.0,40.0,33.04,0.8282,0.9962,0.0009,-0.0137,0.0022,0.0,4.0,3.0
2026-08-18 11:14:50,2026-08-18T10:59:10,767.75,2026-08-18,P,736.0,0.0,0.01,0.0,3062.0,0.02,0.5745,-0.0038,0.0009,-0.0137,0.0022,0.0,1.0,661.0
2026-08-18 11:14:50,2026-08-18T10:59:10,767.75,2026-08-18,C,737.0,30.73,30.96,40.0,40.0,32.09,0.8106,0.9961,0.001,-0.0139,0.0023,0.0,5.0,0.0
2026-08-18 11:14:50,2026-08-18T10:59:10,767.75,2026-08-18,P,737.0,0.0,0.01,0.0,3095.0,0.01,0.5576,-0.0039,0.001,-0.0139,0.0023,0.0,6.0,738.0
2026-08-18 11:14:50,2026-08-18T10:59:10,767.75,2026-08-18,C,738.0,29.73,29.95,40.0,40.0,30.66,0.7828,0.9959,0.001,-0.0141,0.0024,0.0,3.0,6.0
2026-08-18 11:14:50,2026-08-18T10:59:10,767.75,2026-08-18,P,738.0,0.0,0.01,0.0,3048.0,0.01,0.5406,-0.0041,0.001,-0.0141,0.0024,0.0,4.0,192.0
2026-08-18 11:14:50,2026-08-18T10:59:10,767.75,2026-08-18,C,739.0,28.73,28.95,40.0,41.0,28.96,0.76,0.9957,0.0011,-0.0143,0.0025,0.0,3.0,8.0
2026-08-18 11:14:50,2026-08-18T10:59:10,767.75,2026-08-18,P,739.0,0.0,0.01,0.0,3002.0,0.02,0.5237,-0.0043,0.0011,-0.0143,0.0025,0.0,0.0,1041.0
2026-08-18 11:14:50,2026-08-18T10:59:10,767.75,2026-08-18,C,740.0,27.73,27.99,40.0,41.0,28.26,0.7419,0.9956,0.0012,-0.0146,0.0026,0.0,16.0,3.0
2026-08-18 11:14:50,2026-08-18T10:59:10,767.75,2026-08-18,P,740.0,0.0,0.01,0.0,3132.0,0.01,0.5067,-0.0044,0.0012,-0.0146,0.0026,0.0,519.0,2993.0
2026-08-18 11:14:50,2026-08-18T10:59:10,767.75,2026-08-18,C,741.0,26.73,26.97,41.0,46.0,26.91,0.7234,0.9954,0.0013,-0.0148,0.0027,0.0,40.0,1.0
2026-08-18 11:14:50,2026-08-18T10:59:10,767.75,2026-08-18,P,741.0,0.0,0.01,0.0,3051.0,0.01,0.4897,-0.0046,0.0013,-0.0148,0.0027,0.0,460.0,1373.0
2026-08-18 11:14:50,2026-08-18T10:59:10,767.75,2026-08-18,C,742.0,25.73,25.97,40.0,45.0,25.96,0.6865,0.9952,0.0014,-0.015,0.0028,0.0,22.0,12.0
2026-08-18 11:14:50,2026-08-18T10:59:10,767.75,2026-08-18,P,742.0,0.0,0.01,0.0,2995.0,0.02,0.4727,-0.0048,0.0014,-0.015,0.0028,0.0,5106.0,838.0
2026-08-18 11:14:50,2026-08-18T10:59:10,767.75,2026-08-18,C,743.0,24.73,24.95,40.0,45.0,24.99,0.6681,0.995,0.0015,-0.0152,0.0029,0.0,28.0,14.0
2026-08-18 11:14:50,2026-08-18T10:59:10,767.75,2026-08-18,P,743.0,0.01,0.02,2165.0,3008.0,0.02,0.5081,-0.005,0.0015,-0.0152,0.0029,0.0,1828.0,942.0
2026-08-18 11:14:50,2026-08-18T10:59:10,767.75,2026-08-18,C,744.0,22.7,24.0,268.0,206.0,24.09,0.0,0.9947,0.0016,-0.0154,0.0031,0.0,5.0,56.0
2026-08-18 11:14:50,2026-08-18T10:59:10,767.75,2026-08-18,P,744.0,0.01,0.02,2165.0,3116.0,0.01,0.4894,-0.0053,0.0016,-0.0154,0.0031,0.0,572.0,487.0
2026-08-18 11:14:50,2026-08-18T10:59:10,767.75,2026-08-18,C,745.0,21.76,23.06,128.0,211.0,23.46,0.0,0.9945,0.0017,-0.0156,0.0032,0.0,1.0,21.0
2026-08-18 11:14:50,2026-08-18T10:59:10,767.75,2026-08-18,P,745.0,0.01,0.02,2165.0,3785.0,0.02,0.4707,-0.0055,0.0017,-0.0156,0.0032,0.0,363.0,1371.0
2026-08-18 11:14:50,2026-08-18T10:59:10,767.75,2026-08-18,C,746.0,21.74,23.07,100.0,100.0,22.4,0.8523,0.9942,0.0019,-0.0159,0.0034,0.0,9.0,18.0
2026-08-18 11:14:50,2026-08-18T10:59:10,767.75,2026-08-18,P,746.0,0.01,0.02,4272.0,3098.0,0.01,0.4519,-0.0058,0.0019,-0.0159,0.0034,0.0,358.0,1078.0
2026-08-18 11:14:50,2026-08-18T10:59:10,767.75,2026-08-18,C,747.0,20.74,22.07,100.0,100.0,21.48,0.8225,0.9939,0.0021,-0.0161,0.0035,0.0,11.0,31.0
2026-08-18 11:14:50,2026-08-18T10:59:10,767.75,2026-08-18,P,747.0,0.01,0.02,4272.0,2888.0,0.01,0.4331,-0.0061,0.0021,-0.0161,0.0035,0.0,285.0,5137.0
2026-08-18 11:14:50,2026-08-18T10:59:10,767.75,2026-08-18,C,748.0,19.74,19.99,100.0,100.0,20.71,0.559,0.9936,0.0022,-0.0164,0.0037,0.0,13.0,26.0
2026-08-18 11:14:50,2026-08-18T10:59:10,767.75,2026-08-18,P,748.0,0.01,0.02,3298.0,2509.0,0.01,0.4142,-0.0064,0.0022,-0.0164,0.0037,0.0,535.0,1274.0
2026-08-18 11:14:50,2026-08-18T10:59:10,767.75,2026-08-18,C,749.0,18.74,18.97,100.0,63.0,19.06,0.5387,0.9932,0.0025,-0.0166,0.0039,0.0,6.0,24.0
2026-08-18 11:14:50,2026-08-18T10:59:10,767.75,2026-08-18,P,749.0,0.01,0.02,3297.0,2518.0,0.01,0.3953,-0.0068,0.0025,-0.0166,0.0039,0.0,2267.0,6239.0
2026-08-18 11:14:50,2026-08-18T10:59:10,767.75,2026-08-18,C,750.0,17.74,17.96,100.0,100.0,18.44,0.5004,0.9928,0.0027,-0.0169,0.0041,0.0,35.0,48.0
2026-08-18 11:14:50,2026-08-18T10:59:10,767.75,2026-08-18,P,750.0,0.01,0.02,3297.0,2452.0,0.02,0.3763,-0.0072,0.0027,-0.0169,0.0041,0.0,1198.0,959.0
2026-08-18 11:14:50,2026-08-18T10:59:10,767.75,2026-08-18,C,751.0,16.74,17.01,100.0,100.0,17.73,0.4936,0.9923,0.003,-0.0172,0.0043,0.0,12.0,12.0
2026-08-18 11:14:50,2026-08-18T10:59:10,767.75,2026-08-18,P,751.0,0.01,0.02,3297.0,2577.0,0.02,0.3572,-0.0077,0.003,-0.0172,0.0043,0.0,3051.0,231.0
2026-08-18 11:14:50,2026-08-18T10:59:10,767.75,2026-08-18,C,752.0,15.74,16.14,100.0,246.0,16.76,0.5124,0.9918,0.0034,-0.0176,0.0046,0.0,19.0,23.0
2026-08-18 11:14:50,2026-08-18T10:59:10,767.75,2026-08-18,P,752.0,0.01,0.02,3297.0,2816.0,0.04,0.338,-0.0082,0.0034,-0.0176,0.0046,0.0,1126.0,856.0
2026-08-18 11:14:50,2026-08-18T10:59:10,767.75,2026-08-18,C,753.0,14.74,15.23,100.0,62.0,15.51,0.506,0.9911,0.0038,-0.0182,0.005,0.0,3.0,90.0
2026-08-18 11:14:50,2026-08-18T10:59:10,767.75,2026-08-18,P,753.0,0.01,0.02,3902.0,3151.0,0.02,0.3188,-0.0089,0.0038,-0.0182,0.005,0.0,2013.0,639.0
2026-08-18 11:14:50,2026-08-18T10:59:10,767.75,2026-08-18,C,754.0,13.74,14.01,100.0,100.0,14.2,0.4195,0.9903,0.0044,-0.019,0.0054,0.0,35.0,45.0
2026-08-18 11:14:50,2026-08-18T10:59:10,767.75,2026-08-18,P,754.0,0.01,0.02,4251.0,1214.0,0.01,0.2995,-0.0097,0.0044,-0.019,0.0054,0.0,1499.0,1250.0
2026-08-18 11:14:50,2026-08-18T10:59:10,767.75,2026-08-18,C,755.0,12.75,14.08,100.0,142.0,13.24,0.578,0.9892,0.0051,-0.0202,0.0059,0.0,22.0,53.0
2026-08-18 11:14:50,2026-08-18T10:59:10,767.75,2026-08-18,P,755.0,0.02,0.03,3917.0,3005.0,0.02,0.2988,-0.0108,0.0051,-0.0202,0.0059,0.0,1518.0,2323.0
2026-08-18 11:14:50,2026-08-18T10:59:10,767.75,2026-08-18,C,756.0,11.75,12.01,100.0,100.0,11.89,0.3717,0.9876,0.0061,-0.0222,0.0067,0.0,17.0,62.0
2026-08-18 11:14:50,2026-08-18T10:59:10,767.75,2026-08-18,P,756.0,0.02,0.03,3796.0,2906.0,0.02,0.2782,-0.0124,0.0061,-0.0222,0.0067,0.0,2413.0,11806.0
2026-08-18 11:14:50,2026-08-18T10:59:10,767.75,2026-08-18,C,757.0,9.55,11.05,100.0,100.0,11.83,0.0,0.9853,0.0075,-0.0254,0.0078,0.0,57.0,59.0
2026-08-18 11:14:50,2026-08-18T10:59:10,767.75,2026-08-18,P,757.0,0.02,0.03,4028.0,2362.0,0.02,0.2575,-0.0147,0.0075,-0.0254,0.0078,0.0,1962.0,7512.0
2026-08-18 11:14:50,2026-08-18T10:59:10,767.75,2026-08-18,C,758.0,9.01,11.06,74.0,97.0,10.51,0.3787,0.9818,0.0095,-0.0305,0.0093,0.0,49.0,34.0
2026-08-18 11:14:50,2026-08-18T10:59:10,767.75,2026-08-18,P,758.0,0.03,0.04,3205.0,2636.0,0.03,0.2484,-0.0182,0.0095,-0.0305,0.0093,0.0,2658.0,1379.0
2026-08-18 11:14:50,2026-08-18T10:59:10,767.75,2026-08-18,C,759.0,8.77,8.96,100.0,87.0,8.98,0.2869,0.9764,0.0126,-0.0389,0.0116,0.0,267.0,68.0
2026-08-18 11:14:50,2026-08-18T10:59:10,767.75,2026-08-18,P,759.0,0.04,0.05,3369.0,2478.0,0.05,0.2357,-0.0236,0.0126,-0.0389,0.0116,0.0,6444.0,1538.0
2026-08-18 11:14:50,2026-08-18T10:59:10,767.75,2026-08-18,C,760.0,7.8,7.99,100.0,152.0,7.95,0.2729,0.968,0.0171,-0.0521,0.0149,0.0,860.0,118.0
2026-08-18 11:14:50,2026-08-18T10:59:10,767.75,2026-08-18,P,760.0,0.05,0.06,3296.0,2120.0,0.06,0.2203,-0.032,0.0171,-0.0521,0.0149,0.0,28031.0,3668.0
2026-08-18 11:14:50,2026-08-18T10:59:10,767.75,2026-08-18,C,761.0,6.8,6.94,99.0,60.0,6.84,0.2357,0.9553,0.0236,-0.0729,0.0194,0.0,122.0,49.0
2026-08-18 11:14:50,2026-08-18T10:59:10,767.75,2026-08-18,P,761.0,0.07,0.08,1846.0,1552.0,0.08,0.2083,-0.0447,0.0236,-0.0729,0.0194,0.0,39083.0,2374.0
2026-08-18 11:14:50,2026-08-18T10:59:10,767.75,2026-08-18,C,762.0,5.9,5.93,32.0,48.0,5.91,0.217,0.9361,0.0331,-0.1051,0.0255,0.0,232.0,147.0
2026-08-18 11:14:50,2026-08-18T10:59:10,767.75,2026-08-18,P,762.0,0.1,0.11,2046.0,1607.0,0.1,0.1966,-0.0639,0.0331,-0.1051,0.0255,0.0,38912.0,2276.0
2026-08-18 11:14:50,2026-08-18T10:59:10,767.75,2026-08-18,C,763.0,4.95,4.98,33.0,100.0,4.99,0.2025,0.9075,0.0462,-0.1548,0.0334,0.0,984.0,561.0
2026-08-18 11:14:50,2026-08-18T10:59:10,767.75,2026-08-18,P,763.0,0.15,0.16,1209.0,2296.0,0.16,0.1865,-0.0925,0.0462,-0.1548,0.0334,0.0,99895.0,2191.0
2026-08-18 11:14:50,2026-08-18T10:59:10,767.75,2026-08-18,C,764.0,4.02,4.05,35.0,124.0,4.06,0.1876,0.8653,0.0638,-0.2315,0.0432,0.0,2147.0,82.0
2026-08-18 11:14:50,2026-08-18T10:59:10,767.75,2026-08-18,P,764.0,0.22,0.23,1463.0,1121.0,0.22,0.1748,-0.1347,0.0638,-0.2315,0.0432,0.0,49916.0,2461.0
2026-08-18 11:14:50,2026-08-18T10:59:10,767.75,2026-08-18,C,765.0,3.14,3.16,38.0,150.0,3.13,0.1767,0.8038,0.0862,-0.3506,0.0545,0.0,5467.0,1522.0
2026-08-18 11:14:50,2026-08-18T10:59:10,767.75,2026-08-18,P,765.0,0.33,0.34,1618.0,811.0,0.33,0.1638,-0.1962,0.0862,-0.3506,0.0545,0.0,124249.0,7714.0
2026-08-18 11:14:50,2026-08-18T10:59:10,767.75,2026-08-18,C,766.0,2.31,2.34,58.0,137.0,2.32,0.1652,0.7171,0.1114,-0.5354,0.0659,0.0,6306.0,615.0
2026-08-18 11:14:50,2026-08-18T10:59:10,767.75,2026-08-18,P,766.0,0.51,0.52,785.0,346.0,0.52,0.1545,-0.2829,0.1114,-0.5354,0.0659,0.0,107430.0,6173.0
2026-08-18 11:14:50,2026-08-18T10:59:10,767.75,2026-08-18,C,767.0,1.59,1.6,39.0,149.0,1.6,0.1537,0.6016,0.1342,-0.8177,0.0745,0.0,18931.0,350.0
2026-08-18 11:14:50,2026-08-18T10:59:10,767.75,2026-08-18,P,767.0,0.78,0.79,624.0,199.0,0.79,0.1463,-0.3984,0.1342,-0.8177,0.0745,0.0,181467.0,3808.0
2026-08-18 11:14:50,2026-08-18T10:59:10,767.75,2026-08-18,C,768.0,0.99,1.0,179.0,358.0,0.98,0.146,0.4622,0.1448,-0.9679,0.0766,0.0,84737.0,184.0
2026-08-18 11:14:50,2026-08-18T10:59:10,767.75,2026-08-18,P,768.0,1.18,1.19,457.0,194.0,1.18,0.1375,-0.5378,0.1448,-0.9679,0.0766,0.0,327973.0,4728.0
2026-08-18 11:14:50,2026-08-18T10:59:10,767.75,2026-08-18,C,769.0,0.55,0.56,318.0,473.0,0.55,0.1392,0.3169,0.1347,-0.542,0.0692,0.0,175736.0,435.0
2026-08-18 11:14:50,2026-08-18T10:59:10,767.75,2026-08-18,P,769.0,1.74,1.75,50.0,168.0,1.74,0.1297,-0.6831,0.1347,-0.542,0.0692,0.0,151051.0,3829.0
2026-08-18 11:14:50,2026-08-18T10:59:10,767.75,2026-08-18,C,770.0,0.27,0.28,1043.0,1309.0,0.28,0.1348,0.1924,0.1053,-0.2755,0.0541,0.0,185054.0,1848.0
2026-08-18 11:14:50,2026-08-18T10:59:10,767.75,2026-08-18,P,770.0,2.45,2.48,173.0,87.0,2.47,0.1229,-0.8076,0.1053,-0.2755,0.0541,0.0,46370.0,11560.0
2026-08-18 11:14:50,2026-08-18T10:59:10,767.75,2026-08-18,C,771.0,0.13,0.14,1501.0,2089.0,0.14,0.1362,0.108,0.0706,-0.1362,0.0377,0.0,90826.0,3002.0
2026-08-18 11:14:50,2026-08-18T10:59:10,767.75,2026-08-18,P,771.0,3.31,3.34,96.0,33.0,3.31,0.1172,-0.892,0.0706,-0.1362,0.0377,0.0,16817.0,5320.0
2026-08-18 11:14:50,2026-08-18T10:59:10,767.75,2026-08-18,C,772.0,0.07,0.08,1068.0,2675.0,0.07,0.144,0.0614,0.044,-0.0727,0.0253,0.0,84915.0,4210.0
2026-08-18 11:14:50,2026-08-18T10:59:10,767.75,2026-08-18,P,772.0,4.2,4.3,72.0,54.0,4.26,0.0,-0.9386,0.044,-0.0727,0.0253,0.0,8797.0,10300.0
2026-08-18 11:14:50,2026-08-18T10:59:10,767.75,2026-08-18,C,773.0,0.04,0.05,2893.0,3740.0,0.04,0.1537,0.0374,0.0278,-0.0436,0.0174,0.0,55290.0,8001.0
2026-08-18 11:14:50,2026-08-18T10:59:10,767.75,2026-08-18,P,773.0,5.18,5.29,72.0,60.0,5.25,0.0,-0.9626,0.0278,-0.0436,0.0174,0.0,6868.0,13043.0
2026-08-18 11:14:50,2026-08-18T10:59:10,767.75,2026-08-18,C,774.0,0.03,0.04,707.0,3461.0,0.03,0.1697,0.0252,0.0185,-0.03,0.0126,0.0,35623.0,9059.0
2026-08-18 11:14:50,2026-08-18T10:59:10,767.75,2026-08-18,P,774.0,6.08,6.28,72.0,93.0,6.1,0.0,-0.9748,0.0185,-0.03,0.0126,0.0,2952.0,7065.0
2026-08-18 11:14:50,2026-08-18T10:59:10,767.75,2026-08-18,C,775.0,0.02,0.03,1789.0,3201.0,0.02,0.1822,0.0189,0.0133,-0.0236,0.0099,0.0,37738.0,9849.0
2026-08-18 11:14:50,2026-08-18T10:59:10,767.75,2026-08-18,P,775.0,7.12,7.3,206.0,191.0,7.11,0.0,-0.9811,0.0133,-0.0236,0.0099,0.0,1618.0,12681.0
2026-08-18 11:14:50,2026-08-18T10:59:10,767.75,2026-08-18,C,776.0,0.02,0.03,1062.0,5045.0,0.02,0.2032,0.0155,0.0102,-0.0206,0.0084,0.0,14092.0,13705.0
2026-08-18 11:14:50,2026-08-18T10:59:10,767.75,2026-08-18,P,776.0,8.08,8.3,64.0,100.0,8.19,0.0,-0.9845,0.0102,-0.0206,0.0084,0.0,848.0,4587.0
2026-08-18 11:14:50,2026-08-18T10:59:10,767.75,2026-08-18,C,777.0,0.01,0.02,2781.0,3547.0,0.01,0.209,0.0135,0.0083,-0.0193,0.0074,0.0,12123.0,10764.0
2026-08-18 11:14:50,2026-08-18T10:59:10,767.75,2026-08-18,P,777.0,9.08,9.29,84.0,100.0,8.61,0.0,-0.9865,0.0083,-0.0193,0.0074,0.0,411.0,3519.0
2026-08-18 11:14:50,2026-08-18T10:59:10,767.75,2026-08-18,C,778.0,0.01,0.02,2375.0,2322.0,0.01,0.2284,0.0122,0.007,-0.0186,0.0067,0.0,7169.0,12327.0
2026-08-18 11:14:50,2026-08-18T10:59:10,767.75,2026-08-18,P,778.0,10.12,10.29,152.0,100.0,9.9,0.0,-0.9878,0.007,-0.0186,0.0067,0.0,501.0,3407.0
2026-08-18 11:14:50,2026-08-18T10:59:10,767.75,2026-08-18,C,779.0,0.01,0.02,2684.0,2333.0,0.02,0.2476,0.0112,0.006,-0.0182,0.0062,0.0,3395.0,6634.0
2026-08-18 11:14:50,2026-08-18T10:59:10,767.75,2026-08-18,P,779.0,11.12,11.29,100.0,100.0,9.87,0.0,-0.9888,0.006,-0.0182,0.0062,0.0,71.0,41.0
2026-08-18 11:14:50,2026-08-18T10:59:10,767.75,2026-08-18,C,780.0,0.01,0.02,2556.0,2805.0,0.01,0.2666,0.0103,0.0052,-0.018,0.0058,0.0,10568.0,12385.0
2026-08-18 11:14:50,2026-08-18T10:59:10,767.75,2026-08-18,P,780.0,12.12,12.29,100.0,100.0,11.75,0.0,-0.9897,0.0052,-0.018,0.0058,0.0,172.0,46.0
2026-08-18 11:14:50,2026-08-18T10:59:10,767.75,2026-08-18,C,781.0,0.0,0.01,0.0,1863.0,0.01,0.253,0.0096,0.0046,-0.0178,0.0054,0.0,6406.0,3686.0
2026-08-18 11:14:50,2026-08-18T10:59:10,767.75,2026-08-18,P,781.0,13.07,13.29,100.0,100.0,12.68,0.0,-0.9904,0.0046,-0.0178,0.0054,0.0,69.0,19.0
2026-08-18 11:14:50,2026-08-18T10:59:10,767.75,2026-08-18,C,782.0,0.0,0.01,0.0,2550.0,0.01,0.2699,0.009,0.0041,-0.0175,0.0051,0.0,476.0,4470.0
2026-08-18 11:14:50,2026-08-18T10:59:10,767.75,2026-08-18,P,782.0,14.01,15.48,100.0,140.0,14.22,0.5589,-0.991,0.0041,-0.0175,0.0051,0.0,62.0,4.0
2026-08-18 11:14:50,2026-08-18T10:59:10,767.75,2026-08-18,C,783.0,0.0,0.01,0.0,3677.0,0.01,0.2867,0.0085,0.0036,-0.0173,0.0048,0.0,120.0,3258.0
2026-08-18 11:14:50,2026-08-18T10:59:10,767.75,2026-08-18,P,783.0,15.08,15.28,59.0,100.0,14.74,0.0,-0.9915,0.0036,-0.0173,0.0048,0.0,71.0,16.0
2026-08-18 11:14:50,2026-08-18T10:59:10,767.75,2026-08-18,C,784.0,0.0,0.01,0.0,4177.0,0.01,0.3034,0.008,0.0033,-0.0171,0.0045,0.0,60.0,3594.0
2026-08-18 11:14:50,2026-08-18T10:59:10,767.75,2026-08-18,P,784.0,16.08,16.29,100.0,100.0,15.49,0.0,-0.992,0.0033,-0.0171,0.0045,0.0,86.0,1.0
2026-08-18 11:14:50,2026-08-18T10:59:10,767.75,2026-08-18,C,785.0,0.0,0.01,0.0,4179.0,0.01,0.32,0.0076,0.003,-0.0169,0.0043,0.0,324.0,2152.0
2026-08-18 11:14:50,2026-08-18T10:59:10,767.75,2026-08-18,P,785.0,17.12,17.29,100.0,100.0,16.51,0.0,-0.9924,0.003,-0.0169,0.0043,0.0,71.0,1.0
2026-08-18 11:14:50,2026-08-18T10:59:10,767.75,2026-08-18,C,786.0,0.0,0.01,0.0,4178.0,0.01,0.3365,0.0072,0.0027,-0.0167,0.0041,0.0,222.0,1304.0
2026-08-18 11:14:50,2026-08-18T10:59:10,767.75,2026-08-18,P,786.0,18.05,18.39,1.0,2.0,17.47,0.0,-0.9928,0.0027,-0.0167,0.0041,0.0,35.0,1.0
2026-08-18 11:14:50,2026-08-18T10:59:10,767.75,2026-08-18,C,787.0,0.0,0.01,0.0,4178.0,0.01,0.3529,0.0068,0.0025,-0.0165,0.0039,0.0,5.0,1220.0
2026-08-18 11:14:50,2026-08-18T10:59:10,767.75,2026-08-18,P,787.0,19.08,19.29,100.0,100.0,18.49,0.0,-0.9932,0.0025,-0.0165,0.0039,0.0,125.0,35.0
2026-08-18 11:14:50,2026-08-18T10:59:10,767.75,2026-08-18,C,788.0,0.0,0.01,0.0,4178.0,0.01,0.3692,0.0065,0.0023,-0.0163,0.0037,0.0,140.0,908.0
2026-08-18 11:14:50,2026-08-18T10:59:10,767.75,2026-08-18,P,788.0,20.0,20.39,2.0,2.0,18.78,0.0,-0.9935,0.0023,-0.0163,0.0037,0.0,29.0,0.0
2026-08-18 11:14:50,2026-08-18T10:59:10,767.75,2026-08-18,C,789.0,0.0,0.01,0.0,4298.0,0.01,0.3855,0.0062,0.0021,-0.0161,0.0036,0.0,18.0,1016.0
2026-08-18 11:14:50,2026-08-18T10:59:10,767.75,2026-08-18,P,789.0,21.05,21.39,1.0,2.0,20.8,0.0,-0.9938,0.0021,-0.0161,0.0036,0.0,21.0,0.0
2026-08-18 11:14:50,2026-08-18T10:59:10,767.75,2026-08-18,C,790.0,0.0,0.01,0.0,4596.0,0.01,0.4016,0.0059,0.0019,-0.0159,0.0034,0.0,8.0,1848.0
2026-08-18 11:14:50,2026-08-18T10:59:10,767.75,2026-08-18,P,790.0,21.97,22.39,1.0,2.0,21.83,0.0,-0.9941,0.0019,-0.0159,0.0034,0.0,60.0,2.0
2026-08-18 11:14:50,2026-08-18T10:59:10,767.75,2026-08-18,C,791.0,0.0,0.01,0.0,4612.0,0.01,0.4177,0.0056,0.0018,-0.0157,0.0033,0.0,4.0,2042.0
2026-08-18 11:14:50,2026-08-18T10:59:10,767.75,2026-08-18,P,791.0,21.43,24.52,10.0,11.0,22.78,0.0,-0.9944,0.0018,-0.0157,0.0033,0.0,24.0,0.0
2026-08-18 11:14:50,2026-08-18T10:59:10,767.75,2026-08-18,C,792.0,0.0,0.01,0.0,4674.0,0.01,0.4337,0.0054,0.0017,-0.0155,0.0031,0.0,3.0,1272.0
2026-08-18 11:14:50,2026-08-18T10:59:10,767.75,2026-08-18,P,792.0,22.43,25.52,10.0,12.0,23.66,0.0,-0.9946,0.0017,-0.0155,0.0031,0.0,19.0,0.0
2026-08-18 11:14:50,2026-08-18T10:59:10,767.75,2026-08-18,C,793.0,0.0,0.01,0.0,4734.0,0.01,0.4497,0.0052,0.0016,-0.0154,0.003,0.0,0.0,1022.0
2026-08-18 11:14:50,2026-08-18T10:59:10,767.75,2026-08-18,P,793.0,23.43,26.52,10.0,12.0,24.66,0.0,-0.9948,0.0016,-0.0154,0.003,0.0,17.0,0.0
2026-08-18 11:14:50,2026-08-18T10:59:10,767.75,2026-08-18,C,794.0,0.0,0.01,0.0,3060.0,0.01,0.4655,0.005,0.0014,-0.0152,0.0029,0.0,1.0,2024.0
2026-08-18 11:14:50,2026-08-18T10:59:10,767.75,2026-08-18,P,794.0,24.43,27.52,10.0,11.0,25.55,0.0,-0.995,0.0014,-0.0152,0.0029,0.0,17.0,0.0
2026-08-18 11:14:50,2026-08-18T10:59:10,767.75,2026-08-18,C,795.0,0.0,0.01,0.0,3400.0,0.01,0.4813,0.0048,0.0014,-0.015,0.0028,0.0,3.0,377.0
2026-08-18 11:14:50,2026-08-18T10:59:10,767.75,2026-08-18,P,795.0,25.43,28.52,10.0,11.0,26.45,0.0,-0.9952,0.0014,-0.015,0.0028,0.0,24.0,0.0
2026-08-18 11:14:50,2026-08-18T10:59:10,767.75,2026-08-18,C,796.0,0.0,0.01,0.0,2254.0,0.01,0.4971,0.0046,0.0013,-0.0148,0.0027,0.0,1.0,118.0
2026-08-18 11:14:50,2026-08-18T10:59:10,767.75,2026-08-18,P,796.0,26.43,29.52,10.0,12.0,27.65,0.0,-0.9954,0.0013,-0.0148,0.0027,0.0,19.0,0.0
2026-08-18 11:14:50,2026-08-18T10:59:10,767.75,2026-08-18,C,797.0,0.0,0.01,0.0,2254.0,0.02,0.5127,0.0044,0.0012,-0.0146,0.0026,0.0,0.0,102.0
2026-08-18 11:14:50,2026-08-18T10:59:10,767.75,2026-08-18,P,797.0,27.43,30.52,10.0,11.0,28.6,0.0,-0.9956,0.0012,-0.0146,0.0026,0.0,23.0,0.0
2026-08-18 11:14:50,2026-08-18T10:59:10,767.75,2026-08-18,C,798.0,0.0,0.01,0.0,2254.0,0.02,0.5284,0.0043,0.0011,-0.0144,0.0025,0.0,0.0,153.0
2026-08-18 11:14:50,2026-08-18T10:59:10,767.75,2026-08-18,P,798.0,28.43,31.52,10.0,11.0,28.61,0.0,-0.9957,0.0011,-0.0144,0.0025,0.0,10.0,0.0
2026-08-18 11:14:50,2026-08-18T10:59:10,767.75,2026-08-18,C,799.0,0.0,0.01,0.0,2254.0,0.01,0.5439,0.0041,0.0011,-0.0143,0.0024,0.0,0.0,174.0
2026-08-18 11:14:50,2026-08-18T10:59:10,767.75,2026-08-18,P,799.0,29.43,32.52,10.0,11.0,29.6,0.0,-0.9959,0.0011,-0.0143,0.0024,0.0,15.0,0.0
2026-08-18 11:14:50,2026-08-18T10:59:10,767.75,2026-08-18,C,800.0,0.0,0.01,0.0,5100.0,0.01,0.5594,0.004,0.001,-0.0141,0.0024,0.0,0.0,1226.0
2026-08-18 11:14:50,2026-08-18T10:59:10,767.75,2026-08-18,P,800.0,30.43,33.52,10.0,11.0,30.85,0.0,-0.996,0.001,-0.0141,0.0024,0.0,17.0,0.0
2026-08-18 11:14:50,2026-08-18T10:59:10,767.75,2026-08-18,C,801.0,0.0,0.01,0.0,2254.0,0.02,0.5748,0.0039,0.0009,-0.0139,0.0023,0.0,0.0,188.0
2026-08-18 11:14:50,2026-08-18T10:59:10,767.75,2026-08-18,P,801.0,31.43,34.52,10.0,11.0,32.75,0.0,-0.9961,0.0009,-0.0139,0.0023,0.0,16.0,0.0
2026-08-18 11:14:50,2026-08-18T10:59:10,767.75,2026-08-18,C,802.0,0.0,0.01,0.0,2254.0,0.01,0.5902,0.0037,0.0009,-0.0137,0.0022,0.0,0.0,155.0
2026-08-18 11:14:50,2026-08-18T10:59:10,767.75,2026-08-18,P,802.0,33.99,34.4,2.0,1.0,34.03,0.0,-0.9963,0.0009,-0.0137,0.0022,0.0,50.0,0.0
2026-08-18 11:14:50,2026-08-18T10:59:10,767.75,2026-08-18,C,803.0,0.0,0.01,0.0,2254.0,0.02,0.6055,0.0036,0.0008,-0.0136,0.0022,0.0,0.0,41.0
2026-08-18 11:14:50,2026-08-18T10:59:10,767.75,2026-08-18,P,803.0,34.76,35.38,1.0,2.0,35.02,0.0,-0.9964,0.0008,-0.0136,0.0022,0.0,78.0,0.0
2026-08-18 11:14:50,2026-08-18T10:59:10,767.75,2026-08-18,C,804.0,0.0,0.01,0.0,2254.0,0.01,0.6208,0.0035,0.0008,-0.0134,0.0021,0.0,0.0,70.0
2026-08-18 11:14:50,2026-08-18T10:59:10,767.75,2026-08-18,P,804.0,34.43,37.52,10.0,11.0,35.3,0.0,-0.9965,0.0008,-0.0134,0.0021,0.0,18.0,0.0
2026-08-18 11:14:50,2026-08-18T10:59:10,767.75,2026-08-18,C,805.0,0.0,0.01,0.0,2254.0,0.01,0.636,0.0034,0.0008,-0.0132,0.002,0.0,1.0,887.0
2026-08-18 11:14:50,2026-08-18T10:59:10,767.75,2026-08-18,P,805.0,35.43,38.52,10.0,11.0,36.25,0.0,-0.9966,0.0008,-0.0132,0.002,0.0,44.0,0.0
2026-08-18 11:14:50,2026-08-18T10:59:10,767.75,2026-08-18,C,806.0,0.0,0.01,0.0,2254.0,0.01,0.6512,0.0033,0.0007,-0.0131,0.002,0.0,0.0,231.0
2026-08-18 11:14:50,2026-08-18T10:59:10,767.75,2026-08-18,P,806.0,36.43,39.52,10.0,12.0,38.01,0.0,-0.9967,0.0007,-0.0131,0.002,0.0,21.0,0.0
2026-08-18 11:46:45,2026-08-18T11:31:11,768.12,2026-08-18,C,730.0,37.97,38.18,41.0,41.0,37.71,0.0,0.9969,0.0006,-0.0128,0.0017,0.0,13.0,11.0
2026-08-18 11:46:45,2026-08-18T11:31:11,768.12,2026-08-18,P,730.0,0.0,0.01,0.0,1480.0,0.01,0.717,-0.0031,0.0006,-0.0128,0.0017,0.0,10.0,242.0
2026-08-18 11:46:45,2026-08-18T11:31:11,768.12,2026-08-18,C,731.0,36.97,37.18,22.0,22.0,36.77,0.0,0.9968,0.0007,-0.013,0.0018,0.0,8.0,4.0
2026-08-18 11:46:45,2026-08-18T11:31:11,768.12,2026-08-18,P,731.0,0.0,0.01,0.0,2595.0,0.01,0.6993,-0.0032,0.0007,-0.013,0.0018,0.0,1.0,146.0
2026-08-18 11:46:45,2026-08-18T11:31:11,768.12,2026-08-18,C,732.0,35.97,36.18,22.0,22.0,35.82,0.0,0.9967,0.0007,-0.0132,0.0019,0.0,3.0,0.0
2026-08-18 11:46:45,2026-08-18T11:31:11,768.12,2026-08-18,P,732.0,0.0,0.01,0.0,2812.0,0.01,0.6816,-0.0033,0.0007,-0.0132,0.0019,0.0,1.0,4553.0
2026-08-18 11:46:45,2026-08-18T11:31:11,768.12,2026-08-18,C,733.0,34.97,35.18,22.0,22.0,34.88,0.0,0.9966,0.0008,-0.0134,0.0019,0.0,3.0,0.0
2026-08-18 11:46:45,2026-08-18T11:31:11,768.12,2026-08-18,P,733.0,0.0,0.01,0.0,3234.0,0.01,0.6639,-0.0034,0.0008,-0.0134,0.0019,0.0,0.0,226.0
2026-08-18 11:46:45,2026-08-18T11:31:11,768.12,2026-08-18,C,734.0,33.98,34.18,22.0,22.0,33.45,0.0,0.9965,0.0008,-0.0136,0.002,0.0,6.0,0.0
2026-08-18 11:46:45,2026-08-18T11:31:11,768.12,2026-08-18,P,734.0,0.0,0.01,0.0,3188.0,0.01,0.6461,-0.0035,0.0008,-0.0136,0.002,0.0,1.0,194.0
2026-08-18 11:46:45,2026-08-18T11:31:11,768.12,2026-08-18,C,735.0,32.97,33.18,22.0,22.0,32.51,0.0,0.9963,0.0009,-0.0138,0.0021,0.0,6.0,16.0
2026-08-18 11:46:45,2026-08-18T11:31:11,768.12,2026-08-18,P,735.0,0.0,0.01,0.0,2737.0,0.02,0.6284,-0.0037,0.0009,-0.0138,0.0021,0.0,0.0,229.0
2026-08-18 11:46:45,2026-08-18T11:31:11,768.12,2026-08-18,C,736.0,31.97,32.18,22.0,22.0,31.46,0.0,0.9962,0.0009,-0.014,0.0021,0.0,5.0,3.0
2026-08-18 11:46:45,2026-08-18T11:31:11,768.12,2026-08-18,P,736.0,0.0,0.01,0.0,3062.0,0.02,0.6106,-0.0038,0.0009,-0.014,0.0021,0.0,1.0,661.0
2026-08-18 11:46:45,2026-08-18T11:31:11,768.12,2026-08-18,C,737.0,30.96,31.18,22.0,22.0,30.51,0.0,0.996,0.001,-0.0142,0.0022,0.0,7.0,0.0
2026-08-18 11:46:45,2026-08-18T11:31:11,768.12,2026-08-18,P,737.0,0.0,0.01,0.0,3098.0,0.01,0.5928,-0.004,0.001,-0.0142,0.0022,0.0,12.0,738.0
2026-08-18 11:46:45,2026-08-18T11:31:11,768.12,2026-08-18,C,738.0,29.97,30.18,22.0,22.0,29.72,0.0,0.9959,0.001,-0.0144,0.0023,0.0,6.0,6.0
2026-08-18 11:46:45,2026-08-18T11:31:11,768.12,2026-08-18,P,738.0,0.0,0.01,0.0,2702.0,0.01,0.5751,-0.0041,0.001,-0.0144,0.0023,0.0,4.0,192.0
2026-08-18 11:46:45,2026-08-18T11:31:11,768.12,2026-08-18,C,739.0,28.99,29.18,47.0,41.0,28.96,0.0,0.9957,0.0011,-0.0146,0.0024,0.0,3.0,8.0
2026-08-18 11:46:45,2026-08-18T11:31:11,768.12,2026-08-18,P,739.0,0.0,0.01,0.0,2462.0,0.02,0.5573,-0.0043,0.0011,-0.0146,0.0024,0.0,0.0,1041.0
2026-08-18 11:46:45,2026-08-18T11:31:11,768.12,2026-08-18,C,740.0,27.99,28.18,46.0,41.0,28.26,0.0,0.9955,0.0012,-0.0148,0.0025,0.0,16.0,3.0
2026-08-18 11:46:45,2026-08-18T11:31:11,768.12,2026-08-18,P,740.0,0.0,0.01,0.0,2446.0,0.01,0.5394,-0.0045,0.0012,-0.0148,0.0025,0.0,519.0,2993.0
2026-08-18 11:46:45,2026-08-18T11:31:11,768.12,2026-08-18,C,741.0,26.95,27.18,47.0,42.0,26.76,0.0,0.9954,0.0013,-0.015,0.0026,0.0,41.0,1.0
2026-08-18 11:46:45,2026-08-18T11:31:11,768.12,2026-08-18,P,741.0,0.0,0.01,0.0,2644.0,0.01,0.5216,-0.0046,0.0013,-0.015,0.0026,0.0,460.0,1373.0
2026-08-18 11:46:45,2026-08-18T11:31:11,768.12,2026-08-18,C,742.0,25.98,26.19,46.0,41.0,25.81,0.0,0.9952,0.0014,-0.0153,0.0027,0.0,23.0,12.0
2026-08-18 11:46:45,2026-08-18T11:31:11,768.12,2026-08-18,P,742.0,0.0,0.01,0.0,2440.0,0.01,0.5037,-0.0048,0.0014,-0.0153,0.0027,0.0,5339.0,838.0
2026-08-18 11:46:45,2026-08-18T11:31:11,768.12,2026-08-18,C,743.0,24.98,25.19,46.0,46.0,24.99,0.0,0.9949,0.0015,-0.0155,0.0028,0.0,28.0,14.0
2026-08-18 11:46:45,2026-08-18T11:31:11,768.12,2026-08-18,P,743.0,0.01,0.02,923.0,3012.0,0.02,0.5416,-0.0051,0.0015,-0.0155,0.0028,0.0,2093.0,942.0
2026-08-18 11:46:45,2026-08-18T11:31:11,768.12,2026-08-18,C,744.0,23.99,24.19,46.0,41.0,23.63,0.0,0.9947,0.0016,-0.0157,0.0029,0.0,9.0,56.0
2026-08-18 11:46:45,2026-08-18T11:31:11,768.12,2026-08-18,P,744.0,0.01,0.02,1735.0,3467.0,0.01,0.5219,-0.0053,0.0016,-0.0157,0.0029,0.0,576.0,487.0
2026-08-18 11:46:45,2026-08-18T11:31:11,768.12,2026-08-18,C,745.0,22.99,23.19,46.0,41.0,22.69,0.0,0.9944,0.0017,-0.0159,0.003,0.0,6.0,21.0
2026-08-18 11:46:45,2026-08-18T11:31:11,768.12,2026-08-18,P,745.0,0.01,0.02,1760.0,2979.0,0.02,0.5022,-0.0056,0.0017,-0.016,0.003,0.0,372.0,1371.0
2026-08-18 11:46:45,2026-08-18T11:31:11,768.12,2026-08-18,C,746.0,21.67,22.19,100.0,100.0,21.81,0.0,0.9942,0.0019,-0.0162,0.0032,0.0,12.0,18.0
2026-08-18 11:46:45,2026-08-18T11:31:11,768.12,2026-08-18,P,746.0,0.01,0.02,1073.0,2981.0,0.01,0.4825,-0.0058,0.0019,-0.0162,0.0032,0.0,362.0,1078.0
2026-08-18 11:46:45,2026-08-18T11:31:11,768.12,2026-08-18,C,747.0,20.74,21.19,95.0,100.0,20.87,0.0,0.9939,0.002,-0.0164,0.0033,0.0,12.0,31.0
2026-08-18 11:46:45,2026-08-18T11:31:11,768.12,2026-08-18,P,747.0,0.01,0.02,1637.0,2745.0,0.02,0.4628,-0.0061,0.002,-0.0164,0.0033,0.0,286.0,5137.0
2026-08-18 11:46:45,2026-08-18T11:31:11,768.12,2026-08-18,C,748.0,19.99,20.19,100.0,100.0,20.71,0.0,0.9936,0.0022,-0.0167,0.0035,0.0,13.0,26.0
2026-08-18 11:46:45,2026-08-18T11:31:11,768.12,2026-08-18,P,748.0,0.01,0.02,1167.0,2813.0,0.02,0.4429,-0.0064,0.0022,-0.0167,0.0035,0.0,536.0,1274.0
2026-08-18 11:46:45,2026-08-18T11:31:11,768.12,2026-08-18,C,749.0,18.99,19.19,100.0,100.0,19.06,0.0,0.9932,0.0024,-0.0169,0.0037,0.0,6.0,24.0
2026-08-18 11:46:45,2026-08-18T11:31:11,768.12,2026-08-18,P,749.0,0.01,0.02,3239.0,3213.0,0.01,0.423,-0.0068,0.0024,-0.0169,0.0037,0.0,2298.0,6239.0
2026-08-18 11:46:45,2026-08-18T11:31:11,768.12,2026-08-18,C,750.0,17.93,18.19,100.0,100.0,17.8,0.0,0.9928,0.0027,-0.0172,0.0039,0.0,37.0,48.0
2026-08-18 11:46:45,2026-08-18T11:31:11,768.12,2026-08-18,P,750.0,0.01,0.02,3301.0,2478.0,0.01,0.4031,-0.0072,0.0027,-0.0172,0.0039,0.0,1263.0,959.0
2026-08-18 11:46:45,2026-08-18T11:31:11,768.12,2026-08-18,C,751.0,16.99,17.19,100.0,100.0,17.73,0.0,0.9924,0.0029,-0.0175,0.0041,0.0,12.0,12.0
2026-08-18 11:46:45,2026-08-18T11:31:11,768.12,2026-08-18,P,751.0,0.01,0.02,3301.0,3299.0,0.02,0.383,-0.0076,0.0029,-0.0175,0.0041,0.0,3055.0,231.0
2026-08-18 11:46:45,2026-08-18T11:31:11,768.12,2026-08-18,C,752.0,15.87,16.19,100.0,100.0,15.68,0.0,0.9919,0.0033,-0.0179,0.0043,0.0,23.0,23.0
2026-08-18 11:46:45,2026-08-18T11:31:11,768.12,2026-08-18,P,752.0,0.01,0.02,2532.0,2444.0,0.02,0.3629,-0.0081,0.0033,-0.0179,0.0043,0.0,1133.0,856.0
2026-08-18 11:46:45,2026-08-18T11:31:11,768.12,2026-08-18,C,753.0,14.3,15.19,197.0,100.0,15.51,0.0,0.9913,0.0037,-0.0183,0.0046,0.0,3.0,90.0
2026-08-18 11:46:45,2026-08-18T11:31:11,768.12,2026-08-18,P,753.0,0.01,0.02,2506.0,2307.0,0.01,0.3427,-0.0087,0.0037,-0.0183,0.0046,0.0,2018.0,639.0
2026-08-18 11:46:45,2026-08-18T11:31:11,768.12,2026-08-18,C,754.0,13.95,14.19,100.0,100.0,13.7,0.0,0.9906,0.0042,-0.0189,0.005,0.0,36.0,45.0
2026-08-18 11:46:45,2026-08-18T11:31:11,768.12,2026-08-18,P,754.0,0.01,0.02,3420.0,2819.0,0.02,0.3224,-0.0094,0.0042,-0.0189,0.005,0.0,1941.0,1250.0
2026-08-18 11:46:45,2026-08-18T11:31:11,768.12,2026-08-18,C,755.0,12.94,13.19,185.0,100.0,12.74,0.0,0.9897,0.0048,-0.0197,0.0054,0.0,23.0,53.0
2026-08-18 11:46:45,2026-08-18T11:31:11,768.12,2026-08-18,P,755.0,0.02,0.03,941.0,4016.0,0.03,0.3222,-0.0103,0.0048,-0.0197,0.0054,0.0,1693.0,2323.0
2026-08-18 11:46:45,2026-08-18T11:31:11,768.12,2026-08-18,C,756.0,11.97,12.2,100.0,100.0,11.78,0.0,0.9885,0.0056,-0.0208,0.0059,0.0,28.0,62.0
2026-08-18 11:46:45,2026-08-18T11:31:11,768.12,2026-08-18,P,756.0,0.02,0.03,724.0,4712.0,0.03,0.3001,-0.0115,0.0056,-0.0209,0.006,0.0,2429.0,11806.0
2026-08-18 11:46:45,2026-08-18T11:31:11,768.12,2026-08-18,C,757.0,9.41,11.66,100.0,197.0,11.19,0.0,0.9869,0.0067,-0.0226,0.0067,0.0,60.0,59.0
2026-08-18 11:46:45,2026-08-18T11:31:11,768.12,2026-08-18,P,757.0,0.02,0.03,2895.0,3744.0,0.02,0.2784,-0.0131,0.0067,-0.0227,0.0067,0.0,2011.0,7512.0
2026-08-18 11:46:45,2026-08-18T11:31:11,768.12,2026-08-18,C,758.0,9.95,10.2,92.0,81.0,9.89,0.0,0.9846,0.0082,-0.0254,0.0077,0.0,89.0,34.0
2026-08-18 11:46:45,2026-08-18T11:31:11,768.12,2026-08-18,P,758.0,0.02,0.03,3234.0,3640.0,0.02,0.2564,-0.0154,0.0082,-0.0255,0.0077,0.0,3250.0,1379.0
2026-08-18 11:46:45,2026-08-18T11:31:11,768.12,2026-08-18,C,759.0,9.01,9.2,100.0,100.0,8.68,0.1926,0.9812,0.0104,-0.0298,0.0091,0.0,281.0,68.0
2026-08-18 11:46:45,2026-08-18T11:31:11,768.12,2026-08-18,P,759.0,0.03,0.04,815.0,3655.0,0.03,0.2467,-0.0188,0.0104,-0.0298,0.0091,0.0,8174.0,1538.0
2026-08-18 11:46:45,2026-08-18T11:31:11,768.12,2026-08-18,C,760.0,8.0,8.21,87.0,100.0,8.0,0.1734,0.976,0.0137,-0.0367,0.0112,0.0,965.0,118.0
2026-08-18 11:46:45,2026-08-18T11:31:11,768.12,2026-08-18,P,760.0,0.03,0.04,2530.0,2882.0,0.03,0.2234,-0.024,0.0137,-0.0367,0.0112,0.0,47809.0,3668.0
2026-08-18 11:46:45,2026-08-18T11:31:11,768.12,2026-08-18,C,761.0,6.97,7.22,66.0,66.0,6.99,0.0,0.9681,0.0186,-0.0476,0.0141,0.0,184.0,49.0
2026-08-18 11:46:45,2026-08-18T11:31:11,768.12,2026-08-18,P,761.0,0.04,0.05,2476.0,2403.0,0.05,0.2084,-0.0319,0.0186,-0.0476,0.0141,0.0,45794.0,2374.0
2026-08-18 11:46:45,2026-08-18T11:31:11,768.12,2026-08-18,C,762.0,6.01,6.22,53.0,150.0,5.93,0.1346,0.9559,0.0259,-0.0646,0.0183,0.0,412.0,147.0
2026-08-18 11:46:45,2026-08-18T11:31:11,768.12,2026-08-18,P,762.0,0.06,0.07,359.0,2904.0,0.07,0.1966,-0.0441,0.0259,-0.0646,0.0183,0.0,52371.0,2276.0
2026-08-18 11:46:45,2026-08-18T11:31:11,768.12,2026-08-18,C,763.0,5.06,5.26,80.0,72.0,4.97,0.1675,0.937,0.0369,-0.0913,0.0241,0.0,1321.0,561.0
2026-08-18 11:46:45,2026-08-18T11:31:11,768.12,2026-08-18,P,763.0,0.08,0.09,583.0,2652.0,0.09,0.18,-0.063,0.0369,-0.0913,0.0241,0.0,109877.0,2191.0
2026-08-18 11:46:45,2026-08-18T11:31:11,768.12,2026-08-18,C,764.0,4.24,4.27,33.0,48.0,4.2,0.17,0.9076,0.0533,-0.1338,0.0319,0.0,2597.0,82.0
2026-08-18 11:46:45,2026-08-18T11:31:11,768.12,2026-08-18,P,764.0,0.12,0.13,1516.0,2040.0,0.12,0.1667,-0.0924,0.0533,-0.1338,0.0319,0.0,69019.0,2461.0
2026-08-18 11:46:45,2026-08-18T11:31:11,768.12,2026-08-18,C,765.0,3.31,3.34,53.0,126.0,3.32,0.1596,0.8607,0.0772,-0.2039,0.0421,0.0,8135.0,1522.0
2026-08-18 11:46:45,2026-08-18T11:31:11,768.12,2026-08-18,P,765.0,0.19,0.2,1339.0,1252.0,0.19,0.1547,-0.1393,0.0772,-0.2039,0.0421,0.0,165481.0,7714.0
2026-08-18 11:46:45,2026-08-18T11:31:11,768.12,2026-08-18,C,766.0,2.44,2.46,82.0,120.0,2.44,0.1462,0.7858,0.1096,-0.3252,0.0545,0.0,9939.0,615.0
2026-08-18 11:46:45,2026-08-18T11:31:11,768.12,2026-08-18,P,766.0,0.31,0.32,841.0,1022.0,0.32,0.1434,-0.2142,0.1096,-0.3252,0.0545,0.0,158809.0,6173.0
2026-08-18 11:46:45,2026-08-18T11:31:11,768.12,2026-08-18,C,767.0,1.65,1.67,167.0,127.0,1.66,0.1377,0.6716,0.1454,-0.537,0.0667,0.0,36914.0,350.0
2026-08-18 11:46:45,2026-08-18T11:31:11,768.12,2026-08-18,P,767.0,0.52,0.53,980.0,350.0,0.52,0.134,-0.3283,0.1454,-0.537,0.0667,0.0,278124.0,3808.0
2026-08-18 11:46:45,2026-08-18T11:31:11,768.12,2026-08-18,C,768.0,0.99,1.0,532.0,156.0,1.0,0.1292,0.5176,0.1694,-0.8902,0.073,0.0,144500.0,184.0
2026-08-18 11:46:45,2026-08-18T11:31:11,768.12,2026-08-18,P,768.0,0.87,0.88,346.0,579.0,0.87,0.1278,-0.4824,0.1694,-0.8902,0.073,0.0,400766.0,4728.0
2026-08-18 11:46:45,2026-08-18T11:31:11,768.12,2026-08-18,C,769.0,0.53,0.54,462.0,800.0,0.54,0.1252,0.3464,0.1627,-0.5261,0.068,0.0,229375.0,435.0
2026-08-18 11:46:45,2026-08-18T11:31:11,768.12,2026-08-18,P,769.0,1.4,1.42,169.0,44.0,1.43,0.1222,-0.6536,0.1627,-0.5261,0.068,0.0,167522.0,3829.0
2026-08-18 11:46:45,2026-08-18T11:31:11,768.12,2026-08-18,C,770.0,0.25,0.26,1125.0,1103.0,0.26,0.1237,0.1994,0.1245,-0.2496,0.0526,0.0,223737.0,1848.0
2026-08-18 11:46:45,2026-08-18T11:31:11,768.12,2026-08-18,P,770.0,2.11,2.14,120.0,107.0,2.15,0.1208,-0.8006,0.1245,-0.2496,0.0526,0.0,54204.0,11560.0
2026-08-18 11:46:45,2026-08-18T11:31:11,768.12,2026-08-18,C,771.0,0.11,0.12,2664.0,1884.0,0.11,0.1258,0.1057,0.079,-0.1168,0.0355,0.0,129930.0,3002.0
2026-08-18 11:46:45,2026-08-18T11:31:11,768.12,2026-08-18,P,771.0,2.97,3.01,66.0,54.0,3.0,0.1228,-0.8943,0.079,-0.1168,0.0355,0.0,19604.0,5320.0
2026-08-18 11:46:45,2026-08-18T11:31:11,768.12,2026-08-18,C,772.0,0.05,0.06,3363.0,480.0,0.06,0.1321,0.0573,0.0466,-0.0599,0.023,0.0,103392.0,4210.0
2026-08-18 11:46:45,2026-08-18T11:31:11,768.12,2026-08-18,P,772.0,3.9,3.99,72.0,64.0,3.96,0.1269,-0.9427,0.0466,-0.0599,0.023,0.0,10077.0,10300.0
2026-08-18 11:46:45,2026-08-18T11:31:11,768.12,2026-08-18,C,773.0,0.03,0.04,3195.0,3038.0,0.04,0.1462,0.0333,0.0278,-0.0346,0.0152,0.0,65394.0,8001.0
2026-08-18 11:46:45,2026-08-18T11:31:11,768.12,2026-08-18,P,773.0,4.87,5.03,74.0,121.0,5.0,0.1555,-0.9664,0.028,-0.0349,0.0153,0.0,7338.0,13043.0
2026-08-18 11:46:45,2026-08-18T11:31:11,768.12,2026-08-18,C,774.0,0.02,0.03,2827.0,2751.0,0.02,0.1612,0.0225,0.0182,-0.0243,0.011,0.0,39085.0,9059.0
2026-08-18 11:46:45,2026-08-18T11:31:11,768.12,2026-08-18,P,774.0,5.86,6.06,60.0,88.0,6.17,0.187,-0.9774,0.0183,-0.0244,0.0111,0.0,3213.0,7065.0
2026-08-18 11:46:45,2026-08-18T11:31:11,768.12,2026-08-18,C,775.0,0.02,0.03,1711.0,4787.0,0.02,0.1839,0.0175,0.0133,-0.0204,0.0089,0.0,39637.0,9849.0
2026-08-18 11:46:45,2026-08-18T11:31:11,768.12,2026-08-18,P,775.0,6.86,7.06,47.0,147.0,6.94,0.2123,-0.9824,0.0133,-0.0204,0.0089,0.0,2515.0,12681.0
2026-08-18 11:46:45,2026-08-18T11:31:11,768.12,2026-08-18,C,776.0,0.01,0.02,3252.0,3202.0,0.01,0.1919,0.015,0.0105,-0.019,0.0078,0.0,16506.0,13705.0
2026-08-18 11:46:45,2026-08-18T11:31:11,768.12,2026-08-18,P,776.0,7.85,8.06,100.0,101.0,7.99,0.2334,-0.9849,0.0105,-0.019,0.0078,0.0,984.0,4587.0
2026-08-18 11:46:45,2026-08-18T11:31:11,768.12,2026-08-18,C,777.0,0.01,0.02,2431.0,2159.0,0.01,0.2127,0.0135,0.0086,-0.0185,0.007,0.0,12574.0,10764.0
2026-08-18 11:46:45,2026-08-18T11:31:11,768.12,2026-08-18,P,777.0,8.85,9.05,150.0,88.0,9.39,0.2574,-0.9865,0.0086,-0.0185,0.007,0.0,475.0,3519.0
2026-08-18 11:46:45,2026-08-18T11:31:11,768.12,2026-08-18,C,778.0,0.01,0.02,2002.0,3356.0,0.01,0.2332,0.0123,0.0073,-0.0182,0.0064,0.0,7470.0,12327.0
2026-08-18 11:46:45,2026-08-18T11:31:11,768.12,2026-08-18,P,778.0,9.84,10.07,64.0,117.0,10.52,0.2811,-0.9877,0.0073,-0.0182,0.0064,0.0,545.0,3407.0
2026-08-18 11:46:45,2026-08-18T11:31:11,768.12,2026-08-18,C,779.0,0.01,0.02,2360.0,2747.0,0.02,0.2534,0.0113,0.0062,-0.018,0.0059,0.0,3801.0,6634.0
2026-08-18 11:46:45,2026-08-18T11:31:11,768.12,2026-08-18,P,779.0,10.84,11.05,100.0,100.0,11.47,0.2949,-0.9887,0.0063,-0.018,0.0059,0.0,98.0,41.0
2026-08-18 11:46:45,2026-08-18T11:31:11,768.12,2026-08-18,C,780.0,0.01,0.02,1365.0,3390.0,0.01,0.2735,0.0104,0.0054,-0.0177,0.0055,0.0,12588.0,12385.0
2026-08-18 11:46:45,2026-08-18T11:31:11,768.12,2026-08-18,P,780.0,11.84,12.05,100.0,100.0,12.42,0.3174,-0.9895,0.0054,-0.0177,0.0055,0.0,197.0,46.0
2026-08-18 11:46:45,2026-08-18T11:31:11,768.12,2026-08-18,C,781.0,0.0,0.01,0.0,1466.0,0.01,0.2599,0.0097,0.0048,-0.0175,0.0052,0.0,7046.0,3686.0
2026-08-18 11:46:45,2026-08-18T11:31:11,768.12,2026-08-18,P,781.0,12.83,13.04,22.0,42.0,12.68,0.3274,-0.9903,0.0048,-0.0175,0.0052,0.0,69.0,19.0
2026-08-18 11:46:45,2026-08-18T11:31:11,768.12,2026-08-18,C,782.0,0.0,0.01,0.0,1127.0,0.01,0.2777,0.0091,0.0042,-0.0173,0.0048,0.0,478.0,4470.0
2026-08-18 11:46:45,2026-08-18T11:31:11,768.12,2026-08-18,P,782.0,13.83,15.62,100.0,104.0,14.22,0.6736,-0.9909,0.0042,-0.0173,0.0048,0.0,62.0,4.0
2026-08-18 11:46:45,2026-08-18T11:31:11,768.12,2026-08-18,C,783.0,0.0,0.01,0.0,2495.0,0.01,0.2954,0.0085,0.0038,-0.0171,0.0046,0.0,121.0,3258.0
2026-08-18 11:46:45,2026-08-18T11:31:11,768.12,2026-08-18,P,783.0,14.83,15.05,22.0,100.0,14.74,0.3772,-0.9915,0.0038,-0.0171,0.0046,0.0,71.0,16.0
2026-08-18 11:46:45,2026-08-18T11:31:11,768.12,2026-08-18,C,784.0,0.0,0.01,0.0,4180.0,0.01,0.3131,0.008,0.0034,-0.0169,0.0043,0.0,60.0,3594.0
2026-08-18 11:46:45,2026-08-18T11:31:11,768.12,2026-08-18,P,784.0,15.83,16.07,22.0,100.0,15.49,0.4115,-0.992,0.0034,-0.0169,0.0043,0.0,86.0,1.0
2026-08-18 11:46:45,2026-08-18T11:31:11,768.12,2026-08-18,C,785.0,0.0,0.01,0.0,3255.0,0.02,0.3306,0.0076,0.003,-0.0167,0.0041,0.0,351.0,2152.0
2026-08-18 11:46:45,2026-08-18T11:31:11,768.12,2026-08-18,P,785.0,16.83,17.06,22.0,100.0,17.15,0.4267,-0.9924,0.0031,-0.0167,0.0041,0.0,72.0,1.0
2026-08-18 11:46:45,2026-08-18T11:31:11,768.12,2026-08-18,C,786.0,0.0,0.01,0.0,3358.0,0.01,0.3479,0.0072,0.0028,-0.0165,0.0039,0.0,222.0,1304.0
2026-08-18 11:46:45,2026-08-18T11:31:11,768.12,2026-08-18,P,786.0,17.67,18.06,2.0,1.0,18.23,0.0,-0.9928,0.0028,-0.0165,0.0039,0.0,41.0,1.0
2026-08-18 11:46:45,2026-08-18T11:31:11,768.12,2026-08-18,C,787.0,0.0,0.01,0.0,4181.0,0.01,0.3652,0.0068,0.0025,-0.0163,0.0037,0.0,5.0,1220.0
2026-08-18 11:46:45,2026-08-18T11:31:11,768.12,2026-08-18,P,787.0,18.83,19.06,100.0,90.0,19.18,0.4692,-0.9932,0.0025,-0.0163,0.0037,0.0,130.0,35.0
2026-08-18 11:46:45,2026-08-18T11:31:11,768.12,2026-08-18,C,788.0,0.0,0.01,0.0,3558.0,0.01,0.3824,0.0065,0.0023,-0.0161,0.0035,0.0,140.0,908.0
2026-08-18 11:46:45,2026-08-18T11:31:11,768.12,2026-08-18,P,788.0,19.74,20.06,1.0,2.0,18.78,0.0,-0.9935,0.0023,-0.0161,0.0035,0.0,29.0,0.0
2026-08-18 11:46:45,2026-08-18T11:31:11,768.12,2026-08-18,C,789.0,0.0,0.01,0.0,3721.0,0.01,0.3995,0.0062,0.0021,-0.0159,0.0034,0.0,29.0,1016.0
2026-08-18 11:46:45,2026-08-18T11:31:11,768.12,2026-08-18,P,789.0,20.74,21.06,1.0,2.0,20.8,0.0,-0.9938,0.0021,-0.0159,0.0034,0.0,21.0,0.0
2026-08-18 11:46:45,2026-08-18T11:31:11,768.12,2026-08-18,C,790.0,0.0,0.01,0.0,4552.0,0.01,0.4166,0.0059,0.002,-0.0157,0.0032,0.0,8.0,1848.0
2026-08-18 11:46:45,2026-08-18T11:31:11,768.12,2026-08-18,P,790.0,21.23,22.04,1.0,2.0,21.83,0.0,-0.9941,0.002,-0.0157,0.0032,0.0,60.0,2.0
2026-08-18 11:46:45,2026-08-18T11:31:11,768.12,2026-08-18,C,791.0,0.0,0.01,0.0,4612.0,0.01,0.4335,0.0056,0.0018,-0.0155,0.0031,0.0,5.0,2042.0
2026-08-18 11:46:45,2026-08-18T11:31:11,768.12,2026-08-18,P,791.0,21.6,24.63,2.0,10.0,22.78,0.7073,-0.9944,0.0018,-0.0155,0.0031,0.0,24.0,0.0
2026-08-18 11:46:45,2026-08-18T11:31:11,768.12,2026-08-18,C,792.0,0.0,0.01,0.0,4674.0,0.01,0.4504,0.0054,0.0017,-0.0153,0.003,0.0,3.0,1272.0
2026-08-18 11:46:45,2026-08-18T11:31:11,768.12,2026-08-18,P,792.0,22.41,25.63,52.0,10.0,23.66,0.6615,-0.9946,0.0017,-0.0153,0.003,0.0,19.0,0.0
2026-08-18 11:46:45,2026-08-18T11:31:11,768.12,2026-08-18,C,793.0,0.0,0.01,0.0,4735.0,0.01,0.4671,0.0052,0.0016,-0.0151,0.0028,0.0,0.0,1022.0
2026-08-18 11:46:45,2026-08-18T11:31:11,768.12,2026-08-18,P,793.0,23.41,26.63,52.0,10.0,24.66,0.6842,-0.9948,0.0016,-0.0151,0.0029,0.0,17.0,0.0
2026-08-18 11:46:45,2026-08-18T11:31:11,768.12,2026-08-18,C,794.0,0.0,0.01,0.0,4793.0,0.01,0.4838,0.005,0.0015,-0.0149,0.0028,0.0,1.0,2024.0
2026-08-18 11:46:45,2026-08-18T11:31:11,768.12,2026-08-18,P,794.0,24.41,27.62,52.0,10.0,25.55,0.702,-0.995,0.0015,-0.0149,0.0028,0.0,17.0,0.0
2026-08-18 11:46:45,2026-08-18T11:31:11,768.12,2026-08-18,C,795.0,0.0,0.01,0.0,4854.0,0.01,0.5005,0.0048,0.0014,-0.0147,0.0026,0.0,3.0,377.0
2026-08-18 11:46:45,2026-08-18T11:31:11,768.12,2026-08-18,P,795.0,25.41,28.62,52.0,10.0,26.45,0.7243,-0.9952,0.0014,-0.0147,0.0026,0.0,24.0,0.0
2026-08-18 11:46:45,2026-08-18T11:31:11,768.12,2026-08-18,C,796.0,0.0,0.01,0.0,4254.0,0.01,0.5171,0.0046,0.0013,-0.0145,0.0026,0.0,1.0,118.0
2026-08-18 11:46:45,2026-08-18T11:31:11,768.12,2026-08-18,P,796.0,26.41,29.62,52.0,10.0,27.65,0.7465,-0.9954,0.0013,-0.0145,0.0026,0.0,19.0,0.0
2026-08-18 11:46:45,2026-08-18T11:31:11,768.12,2026-08-18,C,797.0,0.0,0.01,0.0,2254.0,0.02,0.5336,0.0044,0.0012,-0.0144,0.0025,0.0,0.0,102.0
2026-08-18 11:46:45,2026-08-18T11:31:11,768.12,2026-08-18,P,797.0,27.41,30.62,52.0,10.0,28.6,0.7686,-0.9956,0.0012,-0.0144,0.0025,0.0,23.0,0.0
2026-08-18 11:46:45,2026-08-18T11:31:11,768.12,2026-08-18,C,798.0,0.0,0.01,0.0,2254.0,0.02,0.55,0.0043,0.0011,-0.0142,0.0024,0.0,0.0,153.0
2026-08-18 11:46:45,2026-08-18T11:31:11,768.12,2026-08-18,P,798.0,28.41,31.62,52.0,10.0,28.61,0.7905,-0.9957,0.0011,-0.0142,0.0024,0.0,10.0,0.0
2026-08-18 11:46:45,2026-08-18T11:31:11,768.12,2026-08-18,C,799.0,0.0,0.01,0.0,2254.0,0.01,0.5664,0.0041,0.0011,-0.014,0.0023,0.0,0.0,174.0
2026-08-18 11:46:45,2026-08-18T11:31:11,768.12,2026-08-18,P,799.0,29.41,32.62,52.0,10.0,29.6,0.8124,-0.9959,0.0011,-0.014,0.0023,0.0,15.0,0.0
2026-08-18 11:46:45,2026-08-18T11:31:11,768.12,2026-08-18,C,800.0,0.0,0.01,0.0,5942.0,0.01,0.5827,0.004,0.001,-0.0138,0.0022,0.0,0.0,1226.0
2026-08-18 11:46:45,2026-08-18T11:31:11,768.12,2026-08-18,P,800.0,30.41,33.62,52.0,10.0,30.85,0.8341,-0.996,0.001,-0.0138,0.0022,0.0,17.0,0.0
2026-08-18 11:46:45,2026-08-18T11:31:11,768.12,2026-08-18,C,801.0,0.0,0.01,0.0,2254.0,0.02,0.599,0.0038,0.001,-0.0136,0.0022,0.0,0.0,188.0
2026-08-18 11:46:45,2026-08-18T11:31:11,768.12,2026-08-18,P,801.0,31.41,34.62,52.0,10.0,32.75,0.8557,-0.9962,0.001,-0.0136,0.0022,0.0,16.0,0.0
2026-08-18 11:46:45,2026-08-18T11:31:11,768.12,2026-08-18,C,802.0,0.0,0.01,0.0,2254.0,0.01,0.6152,0.0037,0.0009,-0.0135,0.0021,0.0,0.0,155.0
2026-08-18 11:46:45,2026-08-18T11:31:11,768.12,2026-08-18,P,802.0,33.33,34.05,1.0,2.0,34.23,0.0,-0.9963,0.0009,-0.0135,0.0021,0.0,54.0,0.0
2026-08-18 11:46:45,2026-08-18T11:31:11,768.12,2026-08-18,C,803.0,0.0,0.01,0.0,2254.0,0.02,0.6313,0.0036,0.0008,-0.0133,0.002,0.0,0.0,41.0
2026-08-18 11:46:45,2026-08-18T11:31:11,768.12,2026-08-18,P,803.0,33.96,35.04,1.0,2.0,35.17,0.0,-0.9964,0.0008,-0.0133,0.002,0.0,82.0,0.0
2026-08-18 11:46:45,2026-08-18T11:31:11,768.12,2026-08-18,C,804.0,0.0,0.01,0.0,2254.0,0.01,0.6474,0.0035,0.0008,-0.0131,0.002,0.0,0.0,70.0
2026-08-18 11:46:45,2026-08-18T11:31:11,768.12,2026-08-18,P,804.0,34.39,37.62,2.0,10.0,36.17,0.9078,-0.9965,0.0008,-0.0131,0.002,0.0,22.0,0.0
2026-08-18 11:46:45,2026-08-18T11:31:11,768.12,2026-08-18,C,805.0,0.0,0.01,0.0,2254.0,0.01,0.6634,0.0034,0.0008,-0.013,0.0019,0.0,1.0,887.0
2026-08-18 11:46:45,2026-08-18T11:31:11,768.12,2026-08-18,P,805.0,35.39,38.62,1.0,10.0,37.12,0.9288,-0.9966,0.0008,-0.013,0.0019,0.0,48.0,0.0
2026-08-18 11:46:45,2026-08-18T11:31:11,768.12,2026-08-18,C,806.0,0.0,0.01,0.0,2254.0,0.01,0.6794,0.0033,0.0007,-0.0128,0.0018,0.0,0.0,231.0
2026-08-18 11:46:45,2026-08-18T11:31:11,768.12,2026-08-18,P,806.0,36.39,39.62,2.0,10.0,38.01,0.9498,-0.9967,0.0007,-0.0128,0.0018,0.0,21.0,0.0
2026-08-18 12:04:08,2026-08-18T11:48:12,768.5,2026-08-18,C,731.0,37.37,37.6,22.0,22.0,37.29,0.0,0.9968,0.0007,-0.0131,0.0017,0.0,18.0,4.0
2026-08-18 12:04:08,2026-08-18T11:48:12,768.5,2026-08-18,P,731.0,0.0,0.01,0.0,3066.0,0.01,0.7274,-0.0032,0.0007,-0.0131,0.0018,0.0,1.0,146.0
2026-08-18 12:04:08,2026-08-18T11:48:12,768.5,2026-08-18,C,732.0,36.37,36.6,22.0,22.0,36.34,0.0,0.9967,0.0007,-0.0133,0.0018,0.0,13.0,0.0
2026-08-18 12:04:08,2026-08-18T11:48:12,768.5,2026-08-18,P,732.0,0.0,0.01,0.0,3057.0,0.01,0.7092,-0.0033,0.0007,-0.0133,0.0018,0.0,1.0,4553.0
2026-08-18 12:04:08,2026-08-18T11:48:12,768.5,2026-08-18,C,733.0,35.38,35.6,22.0,22.0,34.99,0.0,0.9966,0.0008,-0.0135,0.0019,0.0,17.0,0.0
2026-08-18 12:04:08,2026-08-18T11:48:12,768.5,2026-08-18,P,733.0,0.0,0.01,0.0,3234.0,0.01,0.6909,-0.0034,0.0008,-0.0135,0.0019,0.0,0.0,226.0
2026-08-18 12:04:08,2026-08-18T11:48:12,768.5,2026-08-18,C,734.0,34.39,34.6,22.0,22.0,34.04,0.0,0.9965,0.0008,-0.0137,0.0019,0.0,20.0,0.0
2026-08-18 12:04:08,2026-08-18T11:48:12,768.5,2026-08-18,P,734.0,0.0,0.01,0.0,3188.0,0.01,0.6727,-0.0035,0.0008,-0.0137,0.0019,0.0,1.0,194.0
2026-08-18 12:04:08,2026-08-18T11:48:12,768.5,2026-08-18,C,735.0,33.38,33.6,22.0,22.0,33.45,0.0,0.9964,0.0008,-0.0139,0.002,0.0,24.0,16.0
2026-08-18 12:04:08,2026-08-18T11:48:12,768.5,2026-08-18,P,735.0,0.0,0.01,0.0,3030.0,0.02,0.6545,-0.0037,0.0008,-0.0139,0.002,0.0,0.0,229.0
2026-08-18 12:04:08,2026-08-18T11:48:12,768.5,2026-08-18,C,736.0,32.38,32.6,22.0,22.0,32.5,0.0,0.9962,0.0009,-0.0141,0.0021,0.0,23.0,3.0
2026-08-18 12:04:08,2026-08-18T11:48:12,768.5,2026-08-18,P,736.0,0.0,0.01,0.0,3062.0,0.02,0.6362,-0.0038,0.0009,-0.0141,0.0021,0.0,1.0,661.0
2026-08-18 12:04:08,2026-08-18T11:48:12,768.5,2026-08-18,C,737.0,31.38,31.6,22.0,22.0,30.51,0.0,0.9961,0.001,-0.0143,0.0021,0.0,7.0,0.0
2026-08-18 12:04:08,2026-08-18T11:48:12,768.5,2026-08-18,P,737.0,0.0,0.01,0.0,3109.0,0.01,0.6179,-0.0039,0.001,-0.0143,0.0021,0.0,12.0,738.0
2026-08-18 12:04:08,2026-08-18T11:48:12,768.5,2026-08-18,C,738.0,30.4,30.6,22.0,22.0,29.72,0.0,0.9959,0.001,-0.0145,0.0022,0.0,6.0,6.0
2026-08-18 12:04:08,2026-08-18T11:48:12,768.5,2026-08-18,P,738.0,0.0,0.01,0.0,3100.0,0.01,0.5996,-0.0041,0.001,-0.0145,0.0022,0.0,4.0,192.0
2026-08-18 12:04:08,2026-08-18T11:48:12,768.5,2026-08-18,C,739.0,29.41,29.6,46.0,46.0,29.01,0.0,0.9957,0.0011,-0.0148,0.0023,0.0,6.0,8.0
2026-08-18 12:04:08,2026-08-18T11:48:12,768.5,2026-08-18,P,739.0,0.0,0.01,0.0,3040.0,0.02,0.5813,-0.0043,0.0011,-0.0148,0.0023,0.0,0.0,1041.0
2026-08-18 12:04:08,2026-08-18T11:48:12,768.5,2026-08-18,C,740.0,28.41,28.6,46.0,41.0,28.06,0.0,0.9956,0.0012,-0.015,0.0024,0.0,19.0,3.0
2026-08-18 12:04:08,2026-08-18T11:48:12,768.5,2026-08-18,P,740.0,0.0,0.01,0.0,3079.0,0.01,0.5629,-0.0044,0.0012,-0.015,0.0024,0.0,519.0,2993.0
2026-08-18 12:04:08,2026-08-18T11:48:12,768.5,2026-08-18,C,741.0,27.41,27.6,22.0,22.0,27.44,0.0,0.9954,0.0012,-0.0152,0.0025,0.0,52.0,1.0
2026-08-18 12:04:08,2026-08-18T11:48:12,768.5,2026-08-18,P,741.0,0.0,0.01,0.0,3029.0,0.01,0.5446,-0.0046,0.0012,-0.0152,0.0025,0.0,460.0,1373.0
2026-08-18 12:04:08,2026-08-18T11:48:12,768.5,2026-08-18,C,742.0,26.41,26.6,46.0,41.0,26.49,0.0,0.9952,0.0013,-0.0154,0.0026,0.0,34.0,12.0
2026-08-18 12:04:08,2026-08-18T11:48:12,768.5,2026-08-18,P,742.0,0.0,0.01,0.0,3041.0,0.01,0.5262,-0.0048,0.0013,-0.0154,0.0026,0.0,5384.0,838.0
2026-08-18 12:04:08,2026-08-18T11:48:12,768.5,2026-08-18,C,743.0,25.41,25.6,46.0,46.0,25.47,0.0,0.995,0.0014,-0.0156,0.0027,0.0,29.0,14.0
2026-08-18 12:04:08,2026-08-18T11:48:12,768.5,2026-08-18,P,743.0,0.01,0.02,2050.0,3708.0,0.01,0.5659,-0.005,0.0014,-0.0156,0.0027,0.0,3807.0,942.0
2026-08-18 12:04:08,2026-08-18T11:48:12,768.5,2026-08-18,C,744.0,24.41,24.6,46.0,45.0,24.52,0.0,0.9947,0.0016,-0.0159,0.0028,0.0,10.0,56.0
2026-08-18 12:04:08,2026-08-18T11:48:12,768.5,2026-08-18,P,744.0,0.01,0.02,2170.0,3678.0,0.02,0.5457,-0.0053,0.0016,-0.0159,0.0028,0.0,578.0,487.0
2026-08-18 12:04:08,2026-08-18T11:48:12,768.5,2026-08-18,C,745.0,23.41,23.6,46.0,45.0,23.38,0.0,0.9945,0.0017,-0.0161,0.0029,0.0,10.0,21.0
2026-08-18 12:04:08,2026-08-18T11:48:12,768.5,2026-08-18,P,745.0,0.01,0.02,2170.0,3571.0,0.02,0.5255,-0.0055,0.0017,-0.0161,0.0029,0.0,372.0,1371.0
2026-08-18 12:04:08,2026-08-18T11:48:12,768.5,2026-08-18,C,746.0,22.31,22.6,22.0,22.0,21.88,0.0,0.9942,0.0018,-0.0163,0.0031,0.0,14.0,18.0
2026-08-18 12:04:08,2026-08-18T11:48:12,768.5,2026-08-18,P,746.0,0.01,0.02,2170.0,3496.0,0.01,0.5052,-0.0058,0.0018,-0.0163,0.0031,0.0,362.0,1078.0
2026-08-18 12:04:08,2026-08-18T11:48:12,768.5,2026-08-18,C,747.0,21.37,21.6,22.0,22.0,20.84,0.0,0.9939,0.002,-0.0166,0.0032,0.0,13.0,31.0
2026-08-18 12:04:08,2026-08-18T11:48:12,768.5,2026-08-18,P,747.0,0.01,0.02,2170.0,3429.0,0.02,0.4849,-0.0061,0.002,-0.0166,0.0032,0.0,286.0,5137.0
2026-08-18 12:04:08,2026-08-18T11:48:12,768.5,2026-08-18,C,748.0,20.37,20.6,22.0,22.0,19.88,0.0,0.9936,0.0021,-0.0168,0.0034,0.0,14.0,26.0
2026-08-18 12:04:08,2026-08-18T11:48:12,768.5,2026-08-18,P,748.0,0.01,0.02,2170.0,3432.0,0.02,0.4645,-0.0064,0.0021,-0.0168,0.0034,0.0,536.0,1274.0
2026-08-18 12:04:08,2026-08-18T11:48:12,768.5,2026-08-18,C,749.0,19.41,19.6,22.0,22.0,19.06,0.0,0.9933,0.0023,-0.0171,0.0035,0.0,6.0,24.0
2026-08-18 12:04:08,2026-08-18T11:48:12,768.5,2026-08-18,P,749.0,0.01,0.02,2277.0,3247.0,0.02,0.444,-0.0067,0.0023,-0.0171,0.0035,0.0,2303.0,6239.0
2026-08-18 12:04:08,2026-08-18T11:48:12,768.5,2026-08-18,C,750.0,18.42,18.6,22.0,22.0,17.8,0.0,0.9929,0.0026,-0.0173,0.0037,0.0,37.0,48.0
2026-08-18 12:04:08,2026-08-18T11:48:12,768.5,2026-08-18,P,750.0,0.01,0.02,2277.0,3319.0,0.02,0.4235,-0.0071,0.0026,-0.0173,0.0037,0.0,1296.0,959.0
2026-08-18 12:04:08,2026-08-18T11:48:12,768.5,2026-08-18,C,751.0,17.41,17.6,100.0,100.0,17.05,0.0,0.9925,0.0028,-0.0176,0.0039,0.0,15.0,12.0
2026-08-18 12:04:08,2026-08-18T11:48:12,768.5,2026-08-18,P,751.0,0.01,0.02,3307.0,3163.0,0.02,0.4029,-0.0075,0.0028,-0.0176,0.0039,0.0,3055.0,231.0
2026-08-18 12:04:08,2026-08-18T11:48:12,768.5,2026-08-18,C,752.0,16.42,16.6,22.0,22.0,16.09,0.0,0.9921,0.0031,-0.0178,0.0041,0.0,31.0,23.0
2026-08-18 12:04:08,2026-08-18T11:48:12,768.5,2026-08-18,P,752.0,0.01,0.02,3305.0,3083.0,0.01,0.3823,-0.008,0.0031,-0.0178,0.0041,0.0,1137.0,856.0
2026-08-18 12:04:08,2026-08-18T11:48:12,768.5,2026-08-18,C,753.0,14.3,15.6,125.0,100.0,15.51,0.0,0.9916,0.0035,-0.0181,0.0044,0.0,3.0,90.0
2026-08-18 12:04:08,2026-08-18T11:48:12,768.5,2026-08-18,P,753.0,0.01,0.02,3277.0,3038.0,0.01,0.3615,-0.0085,0.0035,-0.0181,0.0044,0.0,2028.0,639.0
2026-08-18 12:04:08,2026-08-18T11:48:12,768.5,2026-08-18,C,754.0,14.43,14.6,100.0,100.0,13.76,0.0,0.991,0.0039,-0.0184,0.0046,0.0,37.0,45.0
2026-08-18 12:04:08,2026-08-18T11:48:12,768.5,2026-08-18,P,754.0,0.01,0.02,3304.0,2850.0,0.01,0.3407,-0.009,0.0039,-0.0184,0.0046,0.0,2424.0,1250.0
2026-08-18 12:04:08,2026-08-18T11:48:12,768.5,2026-08-18,C,755.0,13.42,13.61,22.0,22.0,12.8,0.0,0.9903,0.0044,-0.0188,0.005,0.0,24.0,53.0
2026-08-18 12:04:08,2026-08-18T11:48:12,768.5,2026-08-18,P,755.0,0.01,0.02,3428.0,3277.0,0.01,0.3197,-0.0097,0.0044,-0.0188,0.005,0.0,4317.0,2323.0
2026-08-18 12:04:08,2026-08-18T11:48:12,768.5,2026-08-18,C,756.0,12.43,12.61,22.0,22.0,11.78,0.0,0.9895,0.0051,-0.0193,0.0053,0.0,28.0,62.0
2026-08-18 12:04:08,2026-08-18T11:48:12,768.5,2026-08-18,P,756.0,0.01,0.02,3880.0,3319.0,0.02,0.2987,-0.0105,0.0051,-0.0193,0.0053,0.0,4217.0,11806.0
2026-08-18 12:04:08,2026-08-18T11:48:12,768.5,2026-08-18,C,757.0,9.74,11.66,121.0,100.0,10.92,0.0,0.9885,0.0059,-0.02,0.0058,0.0,61.0,59.0
2026-08-18 12:04:08,2026-08-18T11:48:12,768.5,2026-08-18,P,757.0,0.02,0.03,1314.0,4878.0,0.02,0.2964,-0.0116,0.0059,-0.02,0.0058,0.0,2092.0,7512.0
2026-08-18 12:04:08,2026-08-18T11:48:12,768.5,2026-08-18,C,758.0,10.44,10.6,22.0,22.0,9.89,0.0,0.9871,0.007,-0.0211,0.0064,0.0,89.0,34.0
2026-08-18 12:04:08,2026-08-18T11:48:12,768.5,2026-08-18,P,758.0,0.02,0.03,1650.0,3561.0,0.03,0.274,-0.0129,0.007,-0.0211,0.0064,0.0,3676.0,1379.0
2026-08-18 12:04:08,2026-08-18T11:48:12,768.5,2026-08-18,C,759.0,9.44,9.61,64.0,40.0,9.4,0.0,0.9851,0.0085,-0.0229,0.0073,0.0,286.0,68.0
2026-08-18 12:04:08,2026-08-18T11:48:12,768.5,2026-08-18,P,759.0,0.02,0.03,2876.0,2901.0,0.02,0.2512,-0.0149,0.0085,-0.023,0.0073,0.0,8747.0,1538.0
2026-08-18 12:04:08,2026-08-18T11:48:12,768.5,2026-08-18,C,760.0,8.41,8.61,123.0,87.0,8.51,0.0,0.9821,0.0107,-0.0261,0.0085,0.0,1259.0,118.0
2026-08-18 12:04:08,2026-08-18T11:48:12,768.5,2026-08-18,P,760.0,0.03,0.04,422.0,4968.0,0.03,0.2401,-0.0179,0.0108,-0.0262,0.0086,0.0,48727.0,3668.0
2026-08-18 12:04:08,2026-08-18T11:48:12,768.5,2026-08-18,C,761.0,7.45,7.6,53.0,49.0,7.54,0.0437,0.9773,0.0142,-0.0317,0.0104,0.0,196.0,49.0
2026-08-18 12:04:08,2026-08-18T11:48:12,768.5,2026-08-18,P,761.0,0.03,0.04,2267.0,3344.0,0.04,0.216,-0.0227,0.0142,-0.0318,0.0105,0.0,47026.0,2374.0
2026-08-18 12:04:08,2026-08-18T11:48:12,768.5,2026-08-18,C,762.0,6.48,6.63,66.0,66.0,6.55,0.1759,0.9695,0.0197,-0.0412,0.0133,0.0,443.0,147.0
2026-08-18 12:04:08,2026-08-18T11:48:12,768.5,2026-08-18,P,762.0,0.04,0.05,1237.0,2581.0,0.05,0.1999,-0.0306,0.0197,-0.0413,0.0134,0.0,54406.0,2276.0
2026-08-18 12:04:08,2026-08-18T11:48:12,768.5,2026-08-18,C,763.0,5.48,5.64,72.0,64.0,5.56,0.158,0.9566,0.0283,-0.0572,0.0176,0.0,1473.0,561.0
2026-08-18 12:04:08,2026-08-18T11:48:12,768.5,2026-08-18,P,763.0,0.05,0.06,1965.0,2278.0,0.06,0.1808,-0.0435,0.0284,-0.0574,0.0177,0.0,117421.0,2191.0
2026-08-18 12:04:08,2026-08-18T11:48:12,768.5,2026-08-18,C,764.0,4.53,4.64,64.0,72.0,4.53,0.1378,0.9355,0.042,-0.0841,0.0239,0.0,2761.0,82.0
2026-08-18 12:04:08,2026-08-18T11:48:12,768.5,2026-08-18,P,764.0,0.08,0.09,460.0,3432.0,0.08,0.1687,-0.0648,0.0422,-0.0845,0.024,0.0,76997.0,2461.0
2026-08-18 12:04:08,2026-08-18T11:48:12,768.5,2026-08-18,C,765.0,3.63,3.65,100.0,28.0,3.66,0.1553,0.9006,0.0633,-0.1297,0.0327,0.0,9002.0,1522.0
2026-08-18 12:04:08,2026-08-18T11:48:12,768.5,2026-08-18,P,765.0,0.12,0.13,1502.0,2033.0,0.12,0.1537,-0.0994,0.0633,-0.1297,0.0327,0.0,182018.0,7714.0
2026-08-18 12:04:08,2026-08-18T11:48:12,768.5,2026-08-18,C,766.0,2.72,2.73,47.0,27.0,2.73,0.1424,0.8421,0.0951,-0.2103,0.0444,0.0,12126.0,615.0
2026-08-18 12:04:08,2026-08-18T11:48:12,768.5,2026-08-18,P,766.0,0.2,0.21,598.0,1432.0,0.2,0.1413,-0.1579,0.0951,-0.2103,0.0444,0.0,178600.0,6173.0
2026-08-18 12:04:08,2026-08-18T11:48:12,768.5,2026-08-18,C,767.0,1.87,1.88,127.0,24.0,1.88,0.1307,0.745,0.1374,-0.3589,0.0581,0.0,44682.0,350.0
2026-08-18 12:04:08,2026-08-18T11:48:12,768.5,2026-08-18,P,767.0,0.35,0.36,955.0,422.0,0.36,0.1307,-0.255,0.1374,-0.3589,0.0581,0.0,317799.0,3808.0
2026-08-18 12:04:08,2026-08-18T11:48:12,768.5,2026-08-18,C,768.0,1.15,1.16,81.0,320.0,1.15,0.1213,0.5973,0.1771,-0.6307,0.069,0.0,174653.0,184.0
2026-08-18 12:04:08,2026-08-18T11:48:12,768.5,2026-08-18,P,768.0,0.63,0.64,43.0,291.0,0.63,0.122,-0.4027,0.1771,-0.6307,0.069,0.0,431394.0,4728.0
2026-08-18 12:04:08,2026-08-18T11:48:12,768.5,2026-08-18,C,769.0,0.61,0.62,616.0,541.0,0.61,0.1178,0.4124,0.1865,-0.6217,0.0694,0.0,257779.0,435.0
2026-08-18 12:04:08,2026-08-18T11:48:12,768.5,2026-08-18,P,769.0,1.09,1.1,36.0,52.0,1.08,0.1171,-0.5876,0.1865,-0.6217,0.0694,0.0,173984.0,3829.0
2026-08-18 12:04:08,2026-08-18T11:48:12,768.5,2026-08-18,C,770.0,0.28,0.29,1291.0,439.0,0.28,0.115,0.2389,0.1507,-0.289,0.0564,0.0,243596.0,1848.0
2026-08-18 12:04:08,2026-08-18T11:48:12,768.5,2026-08-18,P,770.0,1.76,1.79,91.0,37.0,1.74,0.1159,-0.7611,0.1507,-0.289,0.0564,0.0,56800.0,11560.0
2026-08-18 12:04:08,2026-08-18T11:48:12,768.5,2026-08-18,C,771.0,0.12,0.13,2375.0,374.0,0.13,0.1181,0.1241,0.0962,-0.1307,0.0384,0.0,160835.0,3002.0
2026-08-18 12:04:08,2026-08-18T11:48:12,768.5,2026-08-18,P,771.0,2.61,2.64,52.0,35.0,2.6,0.1195,-0.8759,0.0962,-0.1307,0.0384,0.0,20444.0,5320.0
2026-08-18 12:04:08,2026-08-18T11:48:12,768.5,2026-08-18,C,772.0,0.06,0.07,2465.0,651.0,0.06,0.1288,0.0659,0.0558,-0.0659,0.0248,0.0,123004.0,4210.0
2026-08-18 12:04:08,2026-08-18T11:48:12,768.5,2026-08-18,P,772.0,3.48,3.6,109.0,74.0,3.56,0.1327,-0.9338,0.056,-0.0663,0.0249,0.0,10397.0,10300.0
2026-08-18 12:04:08,2026-08-18T11:48:12,768.5,2026-08-18,C,773.0,0.03,0.04,3550.0,1451.0,0.03,0.1392,0.0382,0.033,-0.0382,0.0164,0.0,69264.0,8001.0
2026-08-18 12:04:08,2026-08-18T11:48:12,768.5,2026-08-18,P,773.0,4.45,4.63,40.0,45.0,4.57,0.1615,-0.9616,0.0332,-0.0384,0.0164,0.0,7452.0,13043.0
2026-08-18 12:04:08,2026-08-18T11:48:12,768.5,2026-08-18,C,774.0,0.02,0.03,3128.0,2765.0,0.02,0.1554,0.025,0.021,-0.026,0.0117,0.0,40361.0,9059.0
2026-08-18 12:04:08,2026-08-18T11:48:12,768.5,2026-08-18,P,774.0,5.44,5.61,71.0,66.0,5.5,0.181,-0.9749,0.0211,-0.026,0.0117,0.0,3233.0,7065.0
2026-08-18 12:04:08,2026-08-18T11:48:12,768.5,2026-08-18,C,775.0,0.02,0.03,2481.0,4567.0,0.03,0.1789,0.0188,0.0148,-0.0209,0.0092,0.0,40470.0,9849.0
2026-08-18 12:04:08,2026-08-18T11:48:12,768.5,2026-08-18,P,775.0,6.43,6.64,102.0,147.0,6.58,0.2134,-0.9811,0.0149,-0.0209,0.0092,0.0,2605.0,12681.0
2026-08-18 12:04:08,2026-08-18T11:48:12,768.5,2026-08-18,C,776.0,0.01,0.02,3313.0,3189.0,0.02,0.1879,0.0157,0.0114,-0.019,0.0078,0.0,18234.0,13705.0
2026-08-18 12:04:08,2026-08-18T11:48:12,768.5,2026-08-18,P,776.0,7.43,7.63,66.0,147.0,7.58,0.2363,-0.9843,0.0114,-0.019,0.0078,0.0,993.0,4587.0
2026-08-18 12:04:08,2026-08-18T11:48:12,768.5,2026-08-18,C,777.0,0.01,0.02,2281.0,2760.0,0.01,0.2094,0.0139,0.0093,-0.0183,0.007,0.0,12828.0,10764.0
2026-08-18 12:04:08,2026-08-18T11:48:12,768.5,2026-08-18,P,777.0,8.42,8.59,23.0,40.0,8.56,0.2411,-0.9861,0.0093,-0.0183,0.007,0.0,533.0,3519.0
2026-08-18 12:04:08,2026-08-18T11:48:12,768.5,2026-08-18,C,778.0,0.01,0.02,2537.0,3325.0,0.02,0.2306,0.0126,0.0077,-0.018,0.0064,0.0,7498.0,12327.0
2026-08-18 12:04:08,2026-08-18T11:48:12,768.5,2026-08-18,P,778.0,9.42,9.62,30.0,120.0,9.75,0.2787,-0.9874,0.0078,-0.018,0.0064,0.0,546.0,3407.0
2026-08-18 12:04:08,2026-08-18T11:48:12,768.5,2026-08-18,C,779.0,0.01,0.02,1787.0,3336.0,0.01,0.2516,0.0115,0.0066,-0.0177,0.0059,0.0,3873.0,6634.0
2026-08-18 12:04:08,2026-08-18T11:48:12,768.5,2026-08-18,P,779.0,10.42,10.61,100.0,100.0,11.47,0.2982,-0.9885,0.0066,-0.0177,0.0059,0.0,98.0,41.0
2026-08-18 12:04:08,2026-08-18T11:48:12,768.5,2026-08-18,C,780.0,0.01,0.02,1678.0,3379.0,0.01,0.2723,0.0106,0.0057,-0.0175,0.0054,0.0,14541.0,12385.0
2026-08-18 12:04:08,2026-08-18T11:48:12,768.5,2026-08-18,P,780.0,11.42,11.61,100.0,100.0,12.42,0.3218,-0.9894,0.0057,-0.0175,0.0054,0.0,197.0,46.0
2026-08-18 12:04:08,2026-08-18T11:48:12,768.5,2026-08-18,C,781.0,0.0,0.01,0.0,3195.0,0.01,0.2592,0.0099,0.005,-0.0173,0.0051,0.0,7279.0,3686.0
2026-08-18 12:04:08,2026-08-18T11:48:12,768.5,2026-08-18,P,781.0,12.42,12.61,40.0,40.0,12.68,0.3452,-0.9901,0.005,-0.0173,0.0051,0.0,69.0,19.0
2026-08-18 12:04:08,2026-08-18T11:48:12,768.5,2026-08-18,C,782.0,0.0,0.01,0.0,3373.0,0.01,0.2777,0.0092,0.0044,-0.017,0.0048,0.0,478.0,4470.0
2026-08-18 12:04:08,2026-08-18T11:48:12,768.5,2026-08-18,P,782.0,13.42,13.69,22.0,22.0,14.22,0.405,-0.9908,0.0044,-0.017,0.0048,0.0,62.0,4.0
2026-08-18 12:04:08,2026-08-18T11:48:12,768.5,2026-08-18,C,783.0,0.0,0.01,0.0,4304.0,0.01,0.296,0.0086,0.0039,-0.0168,0.0045,0.0,122.0,3258.0
2026-08-18 12:04:08,2026-08-18T11:48:12,768.5,2026-08-18,P,783.0,14.42,14.61,22.0,22.0,14.74,0.3911,-0.9914,0.0039,-0.0168,0.0045,0.0,71.0,16.0
2026-08-18 12:04:08,2026-08-18T11:48:12,768.5,2026-08-18,C,784.0,0.0,0.01,0.0,4182.0,0.01,0.3141,0.0081,0.0035,-0.0166,0.0042,0.0,61.0,3594.0
2026-08-18 12:04:08,2026-08-18T11:48:12,768.5,2026-08-18,P,784.0,15.41,15.61,22.0,100.0,16.15,0.4074,-0.9919,0.0035,-0.0166,0.0042,0.0,87.0,1.0
2026-08-18 12:04:08,2026-08-18T11:48:12,768.5,2026-08-18,C,785.0,0.0,0.01,0.0,4183.0,0.01,0.3322,0.0076,0.0031,-0.0164,0.004,0.0,376.0,2152.0
2026-08-18 12:04:08,2026-08-18T11:48:12,768.5,2026-08-18,P,785.0,16.41,16.6,22.0,22.0,17.1,0.4225,-0.9924,0.0031,-0.0164,0.004,0.0,73.0,1.0
2026-08-18 12:04:08,2026-08-18T11:48:12,768.5,2026-08-18,C,786.0,0.0,0.01,0.0,4183.0,0.01,0.3501,0.0072,0.0028,-0.0162,0.0038,0.0,223.0,1304.0
2026-08-18 12:04:08,2026-08-18T11:48:12,768.5,2026-08-18,P,786.0,17.36,17.75,2.0,2.0,18.23,0.5787,-0.9928,0.0028,-0.0162,0.0038,0.0,41.0,1.0
2026-08-18 12:04:08,2026-08-18T11:48:12,768.5,2026-08-18,C,787.0,0.0,0.01,0.0,4183.0,0.01,0.368,0.0069,0.0026,-0.016,0.0036,0.0,6.0,1220.0
2026-08-18 12:04:08,2026-08-18T11:48:12,768.5,2026-08-18,P,787.0,18.41,18.61,22.0,22.0,19.18,0.4734,-0.9931,0.0026,-0.016,0.0036,0.0,130.0,35.0
2026-08-18 12:04:08,2026-08-18T11:48:12,768.5,2026-08-18,C,788.0,0.0,0.01,0.0,4183.0,0.01,0.3857,0.0065,0.0024,-0.0158,0.0034,0.0,143.0,908.0
2026-08-18 12:04:08,2026-08-18T11:48:12,768.5,2026-08-18,P,788.0,19.36,19.64,2.0,1.0,19.61,0.0,-0.9935,0.0024,-0.0158,0.0034,0.0,33.0,0.0
2026-08-18 12:04:08,2026-08-18T11:48:12,768.5,2026-08-18,C,789.0,0.0,0.01,0.0,4183.0,0.01,0.4034,0.0062,0.0022,-0.0156,0.0033,0.0,30.0,1016.0
2026-08-18 12:04:08,2026-08-18T11:48:12,768.5,2026-08-18,P,789.0,20.36,21.64,2.0,1.0,20.56,0.6626,-0.9938,0.0022,-0.0156,0.0033,0.0,25.0,0.0
2026-08-18 12:04:08,2026-08-18T11:48:12,768.5,2026-08-18,C,790.0,0.0,0.01,0.0,4551.0,0.01,0.4209,0.0059,0.002,-0.0154,0.0031,0.0,9.0,1848.0
2026-08-18 12:04:08,2026-08-18T11:48:12,768.5,2026-08-18,P,790.0,21.1,21.65,1.0,13.0,21.83,0.0,-0.9941,0.002,-0.0154,0.0031,0.0,60.0,2.0
2026-08-18 12:04:08,2026-08-18T11:48:12,768.5,2026-08-18,C,791.0,0.0,0.01,0.0,4611.0,0.01,0.4384,0.0056,0.0018,-0.0152,0.003,0.0,6.0,2042.0
2026-08-18 12:04:08,2026-08-18T11:48:12,768.5,2026-08-18,P,791.0,21.23,24.25,1.0,10.0,22.78,0.7756,-0.9944,0.0018,-0.0152,0.003,0.0,24.0,0.0
2026-08-18 12:04:08,2026-08-18T11:48:12,768.5,2026-08-18,C,792.0,0.0,0.01,0.0,4674.0,0.01,0.4558,0.0054,0.0017,-0.015,0.0029,0.0,3.0,1272.0
2026-08-18 12:04:08,2026-08-18T11:48:12,768.5,2026-08-18,P,792.0,22.16,25.25,15.0,10.0,24.06,0.7667,-0.9946,0.0017,-0.015,0.0029,0.0,21.0,0.0
2026-08-18 12:04:08,2026-08-18T11:48:12,768.5,2026-08-18,C,793.0,0.0,0.01,0.0,2735.0,0.01,0.4731,0.0052,0.0016,-0.0148,0.0028,0.0,0.0,1022.0
2026-08-18 12:04:08,2026-08-18T11:48:12,768.5,2026-08-18,P,793.0,23.16,26.25,4.0,10.0,25.01,0.7925,-0.9948,0.0016,-0.0148,0.0028,0.0,19.0,0.0
2026-08-18 12:04:08,2026-08-18T11:48:12,768.5,2026-08-18,C,794.0,0.0,0.01,0.0,3060.0,0.01,0.4903,0.005,0.0015,-0.0146,0.0027,0.0,1.0,2024.0
2026-08-18 12:04:08,2026-08-18T11:48:12,768.5,2026-08-18,P,794.0,24.16,27.25,4.0,10.0,25.85,0.818,-0.995,0.0015,-0.0146,0.0027,0.0,20.0,0.0
2026-08-18 12:04:08,2026-08-18T11:48:12,768.5,2026-08-18,C,795.0,0.0,0.01,0.0,3400.0,0.01,0.5075,0.0048,0.0014,-0.0144,0.0026,0.0,3.0,377.0
2026-08-18 12:04:08,2026-08-18T11:48:12,768.5,2026-08-18,P,795.0,25.16,28.25,4.0,10.0,26.8,0.8434,-0.9952,0.0014,-0.0144,0.0026,0.0,27.0,0.0
2026-08-18 12:04:08,2026-08-18T11:48:12,768.5,2026-08-18,C,796.0,0.0,0.01,0.0,2254.0,0.01,0.5246,0.0046,0.0013,-0.0143,0.0025,0.0,1.0,118.0
2026-08-18 12:04:08,2026-08-18T11:48:12,768.5,2026-08-18,P,796.0,26.16,29.25,4.0,10.0,27.65,0.8687,-0.9954,0.0013,-0.0143,0.0025,0.0,19.0,0.0
2026-08-18 12:04:08,2026-08-18T11:48:12,768.5,2026-08-18,C,797.0,0.0,0.01,0.0,2254.0,0.02,0.5416,0.0044,0.0012,-0.0141,0.0024,0.0,0.0,102.0
2026-08-18 12:04:08,2026-08-18T11:48:12,768.5,2026-08-18,P,797.0,27.16,30.25,4.0,10.0,28.6,0.8938,-0.9956,0.0012,-0.0141,0.0024,0.0,23.0,0.0
2026-08-18 12:04:08,2026-08-18T11:48:12,768.5,2026-08-18,C,798.0,0.0,0.01,0.0,2254.0,0.02,0.5585,0.0042,0.0011,-0.0139,0.0023,0.0,0.0,153.0
2026-08-18 12:04:08,2026-08-18T11:48:12,768.5,2026-08-18,P,798.0,28.18,31.25,10.0,10.0,28.61,0.9253,-0.9958,0.0011,-0.0139,0.0023,0.0,10.0,0.0
2026-08-18 12:04:08,2026-08-18T11:48:12,768.5,2026-08-18,C,799.0,0.0,0.01,0.0,2254.0,0.01,0.5753,0.0041,0.0011,-0.0137,0.0022,0.0,0.0,174.0
2026-08-18 12:04:08,2026-08-18T11:48:12,768.5,2026-08-18,P,799.0,29.18,32.25,10.0,10.0,29.6,0.9502,-0.9959,0.0011,-0.0137,0.0022,0.0,15.0,0.0
2026-08-18 12:04:08,2026-08-18T11:48:12,768.5,2026-08-18,C,800.0,0.0,0.01,0.0,5100.0,0.02,0.5922,0.004,0.001,-0.0136,0.0022,0.0,10.0,1226.0
2026-08-18 12:04:08,2026-08-18T11:48:12,768.5,2026-08-18,P,800.0,30.16,33.25,4.0,10.0,30.85,0.9682,-0.996,0.001,-0.0136,0.0022,0.0,17.0,0.0
2026-08-18 12:04:08,2026-08-18T11:48:12,768.5,2026-08-18,C,801.0,0.0,0.01,0.0,2254.0,0.02,0.609,0.0038,0.001,-0.0134,0.0021,0.0,0.0,188.0
2026-08-18 12:04:08,2026-08-18T11:48:12,768.5,2026-08-18,P,801.0,31.16,34.25,15.0,10.0,32.75,0.9928,-0.9962,0.001,-0.0134,0.0021,0.0,16.0,0.0
2026-08-18 12:04:08,2026-08-18T11:48:12,768.5,2026-08-18,C,802.0,0.0,0.01,0.0,2254.0,0.01,0.6257,0.0037,0.0009,-0.0132,0.002,0.0,0.0,155.0
2026-08-18 12:04:08,2026-08-18T11:48:12,768.5,2026-08-18,P,802.0,33.37,34.03,1.0,1.0,34.23,0.0,-0.9963,0.0009,-0.0132,0.002,0.0,54.0,0.0
2026-08-18 12:04:08,2026-08-18T11:48:12,768.5,2026-08-18,C,803.0,0.0,0.01,0.0,2254.0,0.02,0.6423,0.0036,0.0008,-0.013,0.002,0.0,0.0,41.0
2026-08-18 12:04:08,2026-08-18T11:48:12,768.5,2026-08-18,P,803.0,34.36,35.13,2.0,1.0,35.17,1.0757,-0.9964,0.0009,-0.013,0.002,0.0,82.0,0.0
2026-08-18 12:04:08,2026-08-18T11:48:12,768.5,2026-08-18,C,804.0,0.0,0.01,0.0,2254.0,0.01,0.6589,0.0034,0.0008,-0.0129,0.0019,0.0,0.0,70.0
2026-08-18 12:04:08,2026-08-18T11:48:12,768.5,2026-08-18,P,804.0,34.13,37.25,10.0,10.0,36.17,1.0543,-0.9966,0.0008,-0.0129,0.0019,0.0,22.0,0.0
2026-08-18 12:04:08,2026-08-18T11:48:12,768.5,2026-08-18,C,805.0,0.0,0.01,0.0,2254.0,0.01,0.6754,0.0033,0.0008,-0.0127,0.0018,0.0,2.0,887.0
2026-08-18 12:04:08,2026-08-18T11:48:12,768.5,2026-08-18,P,805.0,35.14,38.25,10.0,10.0,37.12,1.082,-0.9967,0.0008,-0.0127,0.0018,0.0,48.0,0.0
2026-08-18 12:04:08,2026-08-18T11:48:12,768.5,2026-08-18,C,806.0,0.0,0.01,0.0,2254.0,0.01,0.6919,0.0032,0.0007,-0.0125,0.0018,0.0,0.0,231.0
2026-08-18 12:04:08,2026-08-18T11:48:12,768.5,2026-08-18,P,806.0,36.13,39.25,10.0,10.0,38.01,1.1019,-0.9968,0.0007,-0.0125,0.0018,0.0,21.0,0.0
2026-08-18 12:42:38,2026-08-18T12:27:10,768.49,2026-08-18,C,731.0,37.44,37.61,40.0,40.0,37.38,0.9796,0.9972,0.0006,-0.0112,0.0014,0.0,27.0,4.0
2026-08-18 12:42:38,2026-08-18T12:27:10,768.49,2026-08-18,P,731.0,0.0,0.01,0.0,4234.0,0.01,0.7826,-0.0028,0.0006,-0.0112,0.0014,0.0,1.0,146.0
2026-08-18 12:42:38,2026-08-18T12:27:10,768.49,2026-08-18,C,732.0,36.44,36.61,40.0,40.0,36.43,0.9559,0.9971,0.0006,-0.0114,0.0015,0.0,22.0,0.0
2026-08-18 12:42:38,2026-08-18T12:27:10,768.49,2026-08-18,P,732.0,0.0,0.01,0.0,4233.0,0.01,0.763,-0.0029,0.0006,-0.0114,0.0015,0.0,1.0,4553.0
2026-08-18 12:42:38,2026-08-18T12:27:10,768.49,2026-08-18,C,733.0,35.44,35.64,40.0,40.0,35.28,0.9668,0.997,0.0007,-0.0115,0.0015,0.0,25.0,0.0
2026-08-18 12:42:38,2026-08-18T12:27:10,768.49,2026-08-18,P,733.0,0.0,0.01,0.0,4234.0,0.01,0.7433,-0.003,0.0007,-0.0116,0.0015,0.0,0.0,226.0
2026-08-18 12:42:38,2026-08-18T12:27:10,768.49,2026-08-18,C,734.0,34.44,34.61,40.0,40.0,34.33,0.9086,0.9969,0.0007,-0.0117,0.0016,0.0,28.0,0.0
2026-08-18 12:42:38,2026-08-18T12:27:10,768.49,2026-08-18,P,734.0,0.0,0.01,0.0,4234.0,0.01,0.7237,-0.0031,0.0007,-0.0117,0.0016,0.0,1.0,194.0
2026-08-18 12:42:38,2026-08-18T12:27:10,768.49,2026-08-18,C,735.0,33.44,33.63,40.0,40.0,33.6,0.9076,0.9968,0.0008,-0.0119,0.0016,0.0,40.0,16.0
2026-08-18 12:42:38,2026-08-18T12:27:10,768.49,2026-08-18,P,735.0,0.0,0.01,0.0,4234.0,0.02,0.704,-0.0032,0.0008,-0.0119,0.0016,0.0,0.0,229.0
2026-08-18 12:42:38,2026-08-18T12:27:10,768.49,2026-08-18,C,736.0,32.44,32.63,40.0,40.0,32.65,0.8834,0.9966,0.0008,-0.0121,0.0017,0.0,39.0,3.0
2026-08-18 12:42:38,2026-08-18T12:27:10,768.49,2026-08-18,P,736.0,0.0,0.01,0.0,4234.0,0.02,0.6843,-0.0034,0.0008,-0.0121,0.0017,0.0,1.0,661.0
2026-08-18 12:42:38,2026-08-18T12:27:10,768.49,2026-08-18,C,737.0,31.44,31.63,40.0,40.0,31.6,0.8591,0.9965,0.0009,-0.0123,0.0018,0.0,15.0,0.0
2026-08-18 12:42:38,2026-08-18T12:27:10,768.49,2026-08-18,P,737.0,0.0,0.01,0.0,4114.0,0.01,0.6646,-0.0035,0.0009,-0.0123,0.0018,0.0,12.0,738.0
2026-08-18 12:42:38,2026-08-18T12:27:10,768.49,2026-08-18,C,738.0,30.44,30.61,40.0,40.0,30.65,0.8135,0.9964,0.0009,-0.0125,0.0018,0.0,16.0,6.0
2026-08-18 12:42:38,2026-08-18T12:27:10,768.49,2026-08-18,P,738.0,0.0,0.01,0.0,4114.0,0.01,0.6449,-0.0036,0.0009,-0.0125,0.0018,0.0,5.0,192.0
2026-08-18 12:42:38,2026-08-18T12:27:10,768.49,2026-08-18,C,739.0,29.44,29.69,40.0,40.0,29.01,0.8606,0.9962,0.001,-0.0126,0.0019,0.0,6.0,8.0
2026-08-18 12:42:38,2026-08-18T12:27:10,768.49,2026-08-18,P,739.0,0.0,0.01,0.0,4114.0,0.02,0.6252,-0.0038,0.001,-0.0127,0.0019,0.0,0.0,1041.0
2026-08-18 12:42:38,2026-08-18T12:27:10,768.49,2026-08-18,C,740.0,28.44,28.61,40.0,40.0,28.06,0.7657,0.9961,0.0011,-0.0128,0.002,0.0,19.0,3.0
2026-08-18 12:42:38,2026-08-18T12:27:10,768.49,2026-08-18,P,740.0,0.0,0.01,0.0,4114.0,0.01,0.6054,-0.0039,0.0011,-0.0128,0.002,0.0,519.0,2993.0
2026-08-18 12:42:38,2026-08-18T12:27:10,768.49,2026-08-18,C,741.0,27.44,27.62,40.0,40.0,27.51,0.7519,0.9959,0.0011,-0.013,0.0021,0.0,53.0,1.0
2026-08-18 12:42:38,2026-08-18T12:27:10,768.49,2026-08-18,P,741.0,0.0,0.01,0.0,4114.0,0.01,0.5856,-0.0041,0.0011,-0.013,0.0021,0.0,460.0,1373.0
2026-08-18 12:42:38,2026-08-18T12:27:10,768.49,2026-08-18,C,742.0,26.44,26.67,40.0,40.0,26.51,0.7695,0.9957,0.0012,-0.0132,0.0022,0.0,41.0,12.0
2026-08-18 12:42:38,2026-08-18T12:27:10,768.49,2026-08-18,P,742.0,0.0,0.01,0.0,4114.0,0.01,0.5658,-0.0043,0.0012,-0.0132,0.0022,0.0,5415.0,838.0
2026-08-18 12:42:38,2026-08-18T12:27:10,768.49,2026-08-18,C,743.0,25.45,25.67,40.0,40.0,25.8,0.7511,0.9955,0.0013,-0.0134,0.0022,0.0,34.0,14.0
2026-08-18 12:42:38,2026-08-18T12:27:10,768.49,2026-08-18,P,743.0,0.0,0.01,0.0,4114.0,0.01,0.546,-0.0045,0.0013,-0.0134,0.0022,0.0,4913.0,942.0
2026-08-18 12:42:38,2026-08-18T12:27:10,768.49,2026-08-18,C,744.0,24.44,24.69,40.0,41.0,24.85,0.732,0.9953,0.0014,-0.0136,0.0023,0.0,15.0,56.0
2026-08-18 12:42:38,2026-08-18T12:27:10,768.49,2026-08-18,P,744.0,0.0,0.01,0.0,4164.0,0.01,0.5261,-0.0047,0.0014,-0.0136,0.0023,0.0,1857.0,487.0
2026-08-18 12:42:38,2026-08-18T12:27:10,768.49,2026-08-18,C,745.0,23.44,23.61,40.0,40.0,23.43,0.6452,0.9951,0.0015,-0.0138,0.0024,0.0,11.0,21.0
2026-08-18 12:42:38,2026-08-18T12:27:10,768.49,2026-08-18,P,745.0,0.0,0.01,0.0,4193.0,0.01,0.5062,-0.0049,0.0015,-0.0138,0.0024,0.0,637.0,1371.0
2026-08-18 12:42:38,2026-08-18T12:27:10,768.49,2026-08-18,C,746.0,22.44,22.59,100.0,100.0,22.63,0.6008,0.9949,0.0017,-0.014,0.0025,0.0,17.0,18.0
2026-08-18 12:42:38,2026-08-18T12:27:10,768.49,2026-08-18,P,746.0,0.0,0.01,0.0,4194.0,0.01,0.4862,-0.0051,0.0017,-0.014,0.0026,0.0,771.0,1078.0
2026-08-18 12:42:38,2026-08-18T12:27:10,768.49,2026-08-18,C,747.0,21.44,21.64,100.0,100.0,21.66,0.6209,0.9946,0.0018,-0.0142,0.0027,0.0,14.0,31.0
2026-08-18 12:42:38,2026-08-18T12:27:10,768.49,2026-08-18,P,747.0,0.0,0.01,0.0,4193.0,0.02,0.4662,-0.0054,0.0018,-0.0142,0.0027,0.0,1908.0,5137.0
2026-08-18 12:42:38,2026-08-18T12:27:10,768.49,2026-08-18,C,748.0,20.44,20.63,100.0,100.0,19.88,0.5883,0.9943,0.002,-0.0144,0.0028,0.0,14.0,26.0
2026-08-18 12:42:38,2026-08-18T12:27:10,768.49,2026-08-18,P,748.0,0.0,0.01,0.0,4193.0,0.01,0.4462,-0.0057,0.002,-0.0144,0.0028,0.0,2251.0,1274.0
2026-08-18 12:42:38,2026-08-18T12:27:10,768.49,2026-08-18,C,749.0,19.44,19.62,100.0,100.0,19.51,0.5556,0.994,0.0022,-0.0146,0.0029,0.0,10.0,24.0
2026-08-18 12:42:38,2026-08-18T12:27:10,768.49,2026-08-18,P,749.0,0.0,0.01,0.0,4313.0,0.01,0.4261,-0.006,0.0022,-0.0147,0.0029,0.0,2352.0,6239.0
2026-08-18 12:42:38,2026-08-18T12:27:10,768.49,2026-08-18,C,750.0,18.45,18.67,100.0,100.0,17.8,0.5693,0.9937,0.0024,-0.0149,0.0031,0.0,37.0,48.0
2026-08-18 12:42:38,2026-08-18T12:27:10,768.49,2026-08-18,P,750.0,0.01,0.02,1695.0,4560.0,0.01,0.4551,-0.0063,0.0024,-0.0149,0.0031,0.0,1328.0,959.0
2026-08-18 12:42:38,2026-08-18T12:27:10,768.49,2026-08-18,C,751.0,17.45,17.65,100.0,100.0,17.62,0.5317,0.9933,0.0026,-0.0151,0.0032,0.0,22.0,12.0
2026-08-18 12:42:38,2026-08-18T12:27:10,768.49,2026-08-18,P,751.0,0.01,0.02,1627.0,4460.0,0.01,0.4329,-0.0067,0.0026,-0.0151,0.0033,0.0,3057.0,231.0
2026-08-18 12:42:38,2026-08-18T12:27:10,768.49,2026-08-18,C,752.0,16.45,16.65,100.0,100.0,16.68,0.5055,0.9929,0.0029,-0.0153,0.0034,0.0,32.0,23.0
2026-08-18 12:42:38,2026-08-18T12:27:10,768.49,2026-08-18,P,752.0,0.01,0.02,1837.0,4310.0,0.02,0.4106,-0.0071,0.0029,-0.0153,0.0034,0.0,1138.0,856.0
2026-08-18 12:42:38,2026-08-18T12:27:10,768.49,2026-08-18,C,753.0,15.45,15.74,100.0,184.0,15.51,0.5208,0.9925,0.0032,-0.0155,0.0036,0.0,3.0,90.0
2026-08-18 12:42:38,2026-08-18T12:27:10,768.49,2026-08-18,P,753.0,0.01,0.02,2283.0,3391.0,0.02,0.3882,-0.0075,0.0032,-0.0155,0.0036,0.0,2048.0,639.0
2026-08-18 12:42:38,2026-08-18T12:27:10,768.49,2026-08-18,C,754.0,14.45,14.65,100.0,100.0,14.7,0.4528,0.992,0.0036,-0.0158,0.0039,0.0,49.0,45.0
2026-08-18 12:42:38,2026-08-18T12:27:10,768.49,2026-08-18,P,754.0,0.01,0.02,3313.0,3310.0,0.01,0.3658,-0.008,0.0036,-0.0158,0.0039,0.0,2628.0,1250.0
2026-08-18 12:42:38,2026-08-18T12:27:10,768.49,2026-08-18,C,755.0,13.45,13.67,100.0,100.0,13.23,0.4357,0.9914,0.0041,-0.016,0.0041,0.0,26.0,53.0
2026-08-18 12:42:38,2026-08-18T12:27:10,768.49,2026-08-18,P,755.0,0.01,0.02,3312.0,3309.0,0.01,0.3432,-0.0086,0.0041,-0.016,0.0041,0.0,5600.0,2323.0
2026-08-18 12:42:38,2026-08-18T12:27:10,768.49,2026-08-18,C,756.0,12.45,12.67,100.0,100.0,12.29,0.4084,0.9907,0.0047,-0.0163,0.0044,0.0,30.0,62.0
2026-08-18 12:42:38,2026-08-18T12:27:10,768.49,2026-08-18,P,756.0,0.01,0.02,3307.0,3318.0,0.02,0.3205,-0.0093,0.0047,-0.0163,0.0044,0.0,4285.0,11806.0
2026-08-18 12:42:38,2026-08-18T12:27:10,768.49,2026-08-18,C,757.0,11.45,12.77,100.0,100.0,10.92,0.6122,0.9899,0.0054,-0.0168,0.0048,0.0,61.0,59.0
2026-08-18 12:42:38,2026-08-18T12:27:10,768.49,2026-08-18,P,757.0,0.01,0.02,3327.0,3337.0,0.02,0.2976,-0.0101,0.0054,-0.0168,0.0048,0.0,3077.0,7512.0
2026-08-18 12:42:38,2026-08-18T12:27:10,768.49,2026-08-18,C,758.0,10.45,10.63,100.0,100.0,10.52,0.336,0.9888,0.0064,-0.0174,0.0053,0.0,102.0,34.0
2026-08-18 12:42:38,2026-08-18T12:27:10,768.49,2026-08-18,P,758.0,0.01,0.02,3304.0,3359.0,0.02,0.2746,-0.0112,0.0064,-0.0174,0.0053,0.0,3913.0,1379.0
2026-08-18 12:42:38,2026-08-18T12:27:10,768.49,2026-08-18,C,759.0,9.46,9.64,100.0,152.0,9.6,0.3174,0.9873,0.0077,-0.0185,0.0059,0.0,293.0,68.0
2026-08-18 12:42:38,2026-08-18T12:27:10,768.49,2026-08-18,P,759.0,0.02,0.03,487.0,3642.0,0.02,0.2693,-0.0127,0.0077,-0.0185,0.0059,0.0,9713.0,1538.0
2026-08-18 12:42:38,2026-08-18T12:27:10,768.49,2026-08-18,C,760.0,8.46,8.71,100.0,152.0,8.68,0.3127,0.985,0.0096,-0.0205,0.0068,0.0,1670.0,118.0
2026-08-18 12:42:38,2026-08-18T12:27:10,768.49,2026-08-18,P,760.0,0.02,0.03,1619.0,3423.0,0.02,0.2446,-0.015,0.0096,-0.0206,0.0068,0.0,51903.0,3668.0
2026-08-18 12:42:38,2026-08-18T12:27:10,768.49,2026-08-18,C,761.0,7.46,7.64,68.0,111.0,7.56,0.2611,0.9813,0.0127,-0.0243,0.0083,0.0,208.0,49.0
2026-08-18 12:42:38,2026-08-18T12:27:10,768.49,2026-08-18,P,761.0,0.02,0.03,2263.0,2743.0,0.03,0.2196,-0.0188,0.0127,-0.0244,0.0083,0.0,50327.0,2374.0
2026-08-18 12:42:38,2026-08-18T12:27:10,768.49,2026-08-18,C,762.0,6.47,6.66,65.0,100.0,6.72,0.2414,0.9748,0.0176,-0.0313,0.0106,0.0,488.0,147.0
2026-08-18 12:42:38,2026-08-18T12:27:10,768.49,2026-08-18,P,762.0,0.03,0.04,1173.0,3468.0,0.03,0.2049,-0.0253,0.0177,-0.0314,0.0106,0.0,57377.0,2276.0
2026-08-18 12:42:38,2026-08-18T12:27:10,768.49,2026-08-18,C,763.0,5.48,5.71,80.0,98.0,5.63,0.2259,0.9637,0.026,-0.044,0.0143,0.0,1505.0,561.0
2026-08-18 12:42:38,2026-08-18T12:27:10,768.49,2026-08-18,P,763.0,0.04,0.05,1837.0,2957.0,0.05,0.1862,-0.0365,0.0261,-0.0442,0.0143,0.0,131472.0,2191.0
2026-08-18 12:42:38,2026-08-18T12:27:10,768.49,2026-08-18,C,764.0,4.5,4.67,83.0,100.0,4.56,0.1894,0.9446,0.0397,-0.0662,0.0198,0.0,2943.0,82.0
2026-08-18 12:42:38,2026-08-18T12:27:10,768.49,2026-08-18,P,764.0,0.06,0.07,892.0,2631.0,0.07,0.1699,-0.0557,0.0399,-0.0666,0.0199,0.0,98176.0,2461.0
2026-08-18 12:42:38,2026-08-18T12:27:10,768.49,2026-08-18,C,765.0,3.58,3.61,60.0,38.0,3.59,0.1601,0.9118,0.0619,-0.105,0.0279,0.0,9563.0,1522.0
2026-08-18 12:42:38,2026-08-18T12:27:10,768.49,2026-08-18,P,765.0,0.09,0.1,1822.0,1746.0,0.09,0.1525,-0.0882,0.0619,-0.105,0.0279,0.0,217817.0,7714.0
2026-08-18 12:42:38,2026-08-18T12:27:10,768.49,2026-08-18,C,766.0,2.66,2.68,61.0,88.0,2.65,0.1449,0.855,0.097,-0.1753,0.0391,0.0,14540.0,615.0
2026-08-18 12:42:38,2026-08-18T12:27:10,768.49,2026-08-18,P,766.0,0.16,0.17,953.0,1150.0,0.16,0.1396,-0.145,0.097,-0.1753,0.0391,0.0,204480.0,6173.0
2026-08-18 12:42:38,2026-08-18T12:27:10,768.49,2026-08-18,C,767.0,1.79,1.81,206.0,91.0,1.81,0.1316,0.7555,0.1464,-0.3115,0.0528,0.0,52474.0,350.0
2026-08-18 12:42:38,2026-08-18T12:27:10,768.49,2026-08-18,P,767.0,0.29,0.3,864.0,589.0,0.28,0.1268,-0.2445,0.1464,-0.3115,0.0528,0.0,362056.0,3808.0
2026-08-18 12:42:38,2026-08-18T12:27:10,768.49,2026-08-18,C,768.0,1.06,1.07,149.0,232.0,1.06,0.1202,0.5957,0.1944,-0.578,0.0642,0.0,219716.0,184.0
2026-08-18 12:42:38,2026-08-18T12:27:10,768.49,2026-08-18,P,768.0,0.55,0.56,416.0,335.0,0.56,0.1171,-0.4043,0.1944,-0.578,0.0642,0.0,518971.0,4728.0
2026-08-18 12:42:38,2026-08-18T12:27:10,768.49,2026-08-18,C,769.0,0.52,0.53,451.0,338.0,0.52,0.1148,0.393,0.2017,-0.5292,0.0637,0.0,344678.0,435.0
2026-08-18 12:42:38,2026-08-18T12:27:10,768.49,2026-08-18,P,769.0,1.01,1.03,300.0,260.0,1.01,0.1116,-0.607,0.2017,-0.5292,0.0637,0.0,205494.0,3829.0
2026-08-18 12:42:38,2026-08-18T12:27:10,768.49,2026-08-18,C,770.0,0.22,0.23,1236.0,792.0,0.23,0.1142,0.2136,0.1524,-0.2319,0.0493,0.0,294659.0,1848.0
2026-08-18 12:42:38,2026-08-18T12:27:10,768.49,2026-08-18,P,770.0,1.71,1.73,250.0,64.0,1.73,0.11,-0.7864,0.1524,-0.2319,0.0493,0.0,65610.0,11560.0
2026-08-18 12:42:38,2026-08-18T12:27:10,768.49,2026-08-18,C,771.0,0.1,0.11,950.0,2723.0,0.11,0.1229,0.1084,0.0914,-0.1059,0.0326,0.0,190911.0,3002.0
2026-08-18 12:42:38,2026-08-18T12:27:10,768.49,2026-08-18,P,771.0,2.58,2.61,120.0,69.0,2.6,0.1124,-0.8916,0.0914,-0.1059,0.0326,0.0,23241.0,5320.0
2026-08-18 12:42:38,2026-08-18T12:27:10,768.49,2026-08-18,C,772.0,0.05,0.06,2792.0,2599.0,0.05,0.1354,0.0582,0.0519,-0.0556,0.0209,0.0,174202.0,4210.0
2026-08-18 12:42:38,2026-08-18T12:27:10,768.49,2026-08-18,P,772.0,3.51,3.58,104.0,102.0,3.56,0.1234,-0.9415,0.0522,-0.0559,0.021,0.0,13063.0,10300.0
2026-08-18 12:42:38,2026-08-18T12:27:10,768.49,2026-08-18,C,773.0,0.03,0.04,3328.0,2157.0,0.03,0.1514,0.0345,0.0308,-0.0334,0.014,0.0,82865.0,8001.0
2026-08-18 12:42:38,2026-08-18T12:27:10,768.49,2026-08-18,P,773.0,4.41,4.58,91.0,91.0,4.53,0.0,-0.9654,0.0309,-0.0336,0.014,0.0,7831.0,13043.0
2026-08-18 12:42:38,2026-08-18T12:27:10,768.49,2026-08-18,C,774.0,0.02,0.03,3131.0,1816.0,0.02,0.1688,0.023,0.0198,-0.0234,0.0101,0.0,44430.0,9059.0
2026-08-18 12:42:38,2026-08-18T12:27:10,768.49,2026-08-18,P,774.0,5.39,5.59,72.0,60.0,5.4,0.0,-0.9769,0.0198,-0.0235,0.0101,0.0,3346.0,7065.0
2026-08-18 12:42:38,2026-08-18T12:27:10,768.49,2026-08-18,C,775.0,0.02,0.03,2477.0,1961.0,0.03,0.1941,0.0176,0.0141,-0.0192,0.008,0.0,65764.0,9849.0
2026-08-18 12:42:38,2026-08-18T12:27:10,768.49,2026-08-18,P,775.0,6.45,6.57,156.0,78.0,6.55,0.0,-0.9824,0.0141,-0.0192,0.008,0.0,2720.0,12681.0
2026-08-18 12:42:38,2026-08-18T12:27:10,768.49,2026-08-18,C,776.0,0.01,0.02,4235.0,1444.0,0.02,0.2037,0.0148,0.0109,-0.0176,0.0068,0.0,33438.0,13705.0
2026-08-18 12:42:38,2026-08-18T12:27:10,768.49,2026-08-18,P,776.0,7.43,7.58,194.0,100.0,7.41,0.0,-0.9852,0.0109,-0.0176,0.0068,0.0,1044.0,4587.0
2026-08-18 12:42:38,2026-08-18T12:27:10,768.49,2026-08-18,C,777.0,0.01,0.02,3026.0,1919.0,0.01,0.2269,0.0131,0.0088,-0.017,0.0061,0.0,13184.0,10764.0
2026-08-18 12:42:38,2026-08-18T12:27:10,768.49,2026-08-18,P,777.0,8.42,8.58,152.0,100.0,8.38,0.0,-0.9869,0.0088,-0.017,0.0061,0.0,549.0,3519.0
2026-08-18 12:42:38,2026-08-18T12:27:10,768.49,2026-08-18,C,778.0,0.01,0.02,3606.0,3217.0,0.02,0.2497,0.0118,0.0074,-0.0167,0.0056,0.0,7582.0,12327.0
2026-08-18 12:42:38,2026-08-18T12:27:10,768.49,2026-08-18,P,778.0,9.4,9.58,152.0,100.0,9.45,0.0,-0.9882,0.0074,-0.0167,0.0056,0.0,557.0,3407.0
2026-08-18 12:42:38,2026-08-18T12:27:10,768.49,2026-08-18,C,779.0,0.01,0.02,3430.0,3224.0,0.01,0.2722,0.0108,0.0063,-0.0164,0.0051,0.0,4289.0,6634.0
2026-08-18 12:42:38,2026-08-18T12:27:10,768.49,2026-08-18,P,779.0,10.38,10.58,100.0,100.0,10.29,0.0,-0.9892,0.0063,-0.0164,0.0051,0.0,103.0,41.0
2026-08-18 12:42:38,2026-08-18T12:27:10,768.49,2026-08-18,C,780.0,0.01,0.02,2266.0,3328.0,0.01,0.2946,0.01,0.0054,-0.0162,0.0048,0.0,15595.0,12385.0
2026-08-18 12:42:38,2026-08-18T12:27:10,768.49,2026-08-18,P,780.0,11.39,11.57,100.0,100.0,11.24,0.0,-0.99,0.0054,-0.0162,0.0048,0.0,202.0,46.0
2026-08-18 12:42:38,2026-08-18T12:27:10,768.49,2026-08-18,C,781.0,0.0,0.01,0.0,2232.0,0.01,0.2804,0.0093,0.0047,-0.016,0.0044,0.0,7739.0,3686.0
2026-08-18 12:42:38,2026-08-18T12:27:10,768.49,2026-08-18,P,781.0,12.35,12.57,100.0,100.0,12.68,0.0,-0.9907,0.0048,-0.016,0.0044,0.0,69.0,19.0
2026-08-18 12:42:38,2026-08-18T12:27:10,768.49,2026-08-18,C,782.0,0.0,0.01,0.0,3751.0,0.01,0.3002,0.0087,0.0042,-0.0158,0.0042,0.0,591.0,4470.0
2026-08-18 12:42:38,2026-08-18T12:27:10,768.49,2026-08-18,P,782.0,13.29,13.57,100.0,100.0,14.22,0.0,-0.9913,0.0042,-0.0158,0.0042,0.0,62.0,4.0
2026-08-18 12:42:38,2026-08-18T12:27:10,768.49,2026-08-18,C,783.0,0.0,0.01,0.0,4312.0,0.01,0.3199,0.0081,0.0037,-0.0156,0.0039,0.0,125.0,3258.0
2026-08-18 12:42:38,2026-08-18T12:27:10,768.49,2026-08-18,P,783.0,14.39,14.57,100.0,100.0,14.74,0.0,-0.9919,0.0037,-0.0156,0.0039,0.0,71.0,16.0
2026-08-18 12:42:38,2026-08-18T12:27:10,768.49,2026-08-18,C,784.0,0.0,0.01,0.0,4190.0,0.01,0.3395,0.0076,0.0033,-0.0154,0.0037,0.0,61.0,3594.0
2026-08-18 12:42:38,2026-08-18T12:27:10,768.49,2026-08-18,P,784.0,15.35,15.57,100.0,100.0,16.15,0.0,-0.9924,0.0033,-0.0154,0.0037,0.0,87.0,1.0
2026-08-18 12:42:38,2026-08-18T12:27:10,768.49,2026-08-18,C,785.0,0.0,0.01,0.0,4191.0,0.01,0.359,0.0072,0.003,-0.0153,0.0035,0.0,423.0,2152.0
2026-08-18 12:42:38,2026-08-18T12:27:10,768.49,2026-08-18,P,785.0,16.37,16.57,100.0,100.0,17.1,0.0,-0.9928,0.003,-0.0153,0.0035,0.0,73.0,1.0
2026-08-18 12:42:38,2026-08-18T12:27:10,768.49,2026-08-18,C,786.0,0.0,0.01,0.0,4191.0,0.01,0.3783,0.0068,0.0027,-0.0151,0.0033,0.0,223.0,1304.0
2026-08-18 12:42:38,2026-08-18T12:27:10,768.49,2026-08-18,P,786.0,17.36,17.67,2.0,1.0,17.68,0.0,-0.9932,0.0027,-0.0151,0.0033,0.0,52.0,1.0
2026-08-18 12:42:38,2026-08-18T12:27:10,768.49,2026-08-18,C,787.0,0.0,0.01,0.0,4191.0,0.01,0.3975,0.0065,0.0025,-0.0149,0.0032,0.0,6.0,1220.0
2026-08-18 12:42:38,2026-08-18T12:27:10,768.49,2026-08-18,P,787.0,18.33,18.57,100.0,100.0,18.63,0.0,-0.9935,0.0025,-0.0149,0.0032,0.0,142.0,35.0
2026-08-18 12:42:38,2026-08-18T12:27:10,768.49,2026-08-18,C,788.0,0.0,0.01,0.0,4191.0,0.01,0.4166,0.0061,0.0023,-0.0147,0.003,0.0,143.0,908.0
2026-08-18 12:42:38,2026-08-18T12:27:10,768.49,2026-08-18,P,788.0,19.38,20.14,2.0,1.0,19.58,0.5699,-0.9939,0.0023,-0.0147,0.003,0.0,36.0,0.0
2026-08-18 12:42:38,2026-08-18T12:27:10,768.49,2026-08-18,C,789.0,0.0,0.01,0.0,4141.0,0.01,0.4356,0.0058,0.0021,-0.0145,0.0029,0.0,30.0,1016.0
2026-08-18 12:42:38,2026-08-18T12:27:10,768.49,2026-08-18,P,789.0,20.38,21.13,2.0,1.0,20.53,0.0,-0.9942,0.0021,-0.0145,0.0029,0.0,28.0,0.0
2026-08-18 12:42:38,2026-08-18T12:27:10,768.49,2026-08-18,C,790.0,0.0,0.01,0.0,4558.0,0.01,0.4545,0.0056,0.0019,-0.0143,0.0028,0.0,9.0,1848.0
2026-08-18 12:42:38,2026-08-18T12:27:10,768.49,2026-08-18,P,790.0,21.38,22.14,2.0,2.0,21.8,0.6775,-0.9944,0.0019,-0.0143,0.0028,0.0,63.0,2.0
2026-08-18 12:42:38,2026-08-18T12:27:10,768.49,2026-08-18,C,791.0,0.0,0.01,0.0,4618.0,0.01,0.4733,0.0053,0.0018,-0.0142,0.0026,0.0,6.0,2042.0
2026-08-18 12:42:38,2026-08-18T12:27:10,768.49,2026-08-18,P,791.0,22.38,22.86,2.0,2.0,22.75,0.6783,-0.9947,0.0018,-0.0142,0.0026,0.0,27.0,0.0
2026-08-18 12:42:38,2026-08-18T12:27:10,768.49,2026-08-18,C,792.0,0.0,0.01,0.0,2681.0,0.01,0.4921,0.0051,0.0016,-0.014,0.0025,0.0,3.0,1272.0
2026-08-18 12:42:38,2026-08-18T12:27:10,768.49,2026-08-18,P,792.0,23.37,24.13,2.0,1.0,23.68,0.8114,-0.9949,0.0016,-0.014,0.0025,0.0,25.0,0.0
2026-08-18 12:42:38,2026-08-18T12:27:10,768.49,2026-08-18,C,793.0,0.0,0.01,0.0,2742.0,0.01,0.5107,0.0049,0.0015,-0.0138,0.0024,0.0,0.0,1022.0
2026-08-18 12:42:38,2026-08-18T12:27:10,768.49,2026-08-18,P,793.0,24.38,24.87,2.0,2.0,24.63,0.6167,-0.9951,0.0015,-0.0138,0.0024,0.0,23.0,0.0
2026-08-18 12:42:38,2026-08-18T12:27:10,768.49,2026-08-18,C,794.0,0.0,0.01,0.0,3060.0,0.01,0.5293,0.0047,0.0014,-0.0136,0.0023,0.0,1.0,2024.0
2026-08-18 12:42:38,2026-08-18T12:27:10,768.49,2026-08-18,P,794.0,23.88,27.25,11.0,2.0,25.85,0.6718,-0.9953,0.0014,-0.0136,0.0023,0.0,20.0,0.0
2026-08-18 12:42:38,2026-08-18T12:27:10,768.49,2026-08-18,C,795.0,0.0,0.01,0.0,3400.0,0.01,0.5477,0.0045,0.0013,-0.0135,0.0022,0.0,3.0,377.0
2026-08-18 12:42:38,2026-08-18T12:27:10,768.49,2026-08-18,P,795.0,24.88,28.25,10.0,2.0,26.8,0.6942,-0.9955,0.0013,-0.0134,0.0022,0.0,27.0,0.0
2026-08-18 12:42:38,2026-08-18T12:27:10,768.49,2026-08-18,C,796.0,0.0,0.01,0.0,2261.0,0.01,0.5661,0.0043,0.0012,-0.0133,0.0022,0.0,1.0,118.0
2026-08-18 12:42:38,2026-08-18T12:27:10,768.49,2026-08-18,P,796.0,27.38,28.35,2.0,2.0,27.56,0.927,-0.9957,0.0012,-0.0133,0.0022,0.0,21.0,0.0
2026-08-18 12:42:38,2026-08-18T12:27:10,768.49,2026-08-18,C,797.0,0.0,0.01,0.0,2261.0,0.02,0.5845,0.0042,0.0012,-0.0131,0.0021,0.0,0.0,102.0
2026-08-18 12:42:38,2026-08-18T12:27:10,768.49,2026-08-18,P,797.0,26.88,30.25,11.0,2.0,28.51,0.7387,-0.9958,0.0012,-0.0131,0.0021,0.0,25.0,0.0
2026-08-18 12:42:38,2026-08-18T12:27:10,768.49,2026-08-18,C,798.0,0.0,0.01,0.0,2261.0,0.02,0.6027,0.004,0.0011,-0.013,0.002,0.0,0.0,153.0
2026-08-18 12:42:38,2026-08-18T12:27:10,768.49,2026-08-18,P,798.0,29.38,29.87,2.0,2.0,29.69,0.8554,-0.996,0.0011,-0.013,0.002,0.0,29.0,0.0
2026-08-18 12:42:38,2026-08-18T12:27:10,768.49,2026-08-18,C,799.0,0.0,0.01,0.0,2261.0,0.01,0.6209,0.0039,0.001,-0.0128,0.002,0.0,0.0,174.0
2026-08-18 12:42:38,2026-08-18T12:27:10,768.49,2026-08-18,P,799.0,30.36,31.35,1.0,2.0,30.64,1.0718,-0.9961,0.001,-0.0128,0.002,0.0,34.0,0.0
2026-08-18 12:42:38,2026-08-18T12:27:10,768.49,2026-08-18,C,800.0,0.0,0.01,0.0,5874.0,0.02,0.639,0.0037,0.001,-0.0126,0.0019,0.0,10.0,1226.0
2026-08-18 12:42:38,2026-08-18T12:27:10,768.49,2026-08-18,P,800.0,29.87,33.25,10.0,2.0,30.85,0.7929,-0.9963,0.001,-0.0126,0.0019,0.0,17.0,0.0
2026-08-18 12:42:38,2026-08-18T12:27:10,768.49,2026-08-18,C,801.0,0.0,0.01,0.0,2261.0,0.02,0.6571,0.0036,0.0009,-0.0125,0.0018,0.0,0.0,188.0
2026-08-18 12:42:38,2026-08-18T12:27:10,768.49,2026-08-18,P,801.0,30.88,34.25,11.0,2.0,32.75,0.8263,-0.9964,0.0009,-0.0125,0.0018,0.0,16.0,0.0
2026-08-18 12:42:38,2026-08-18T12:27:10,768.49,2026-08-18,C,802.0,0.0,0.01,0.0,2261.0,0.01,0.6751,0.0035,0.0009,-0.0123,0.0018,0.0,0.0,155.0
2026-08-18 12:42:38,2026-08-18T12:27:10,768.49,2026-08-18,P,802.0,33.38,34.14,2.0,1.0,34.23,0.944,-0.9965,0.0009,-0.0123,0.0018,0.0,54.0,0.0
2026-08-18 12:42:38,2026-08-18T12:27:10,768.49,2026-08-18,C,803.0,0.0,0.01,0.0,2261.0,0.02,0.693,0.0034,0.0008,-0.0122,0.0017,0.0,0.0,41.0
2026-08-18 12:42:38,2026-08-18T12:27:10,768.49,2026-08-18,P,803.0,34.38,35.35,2.0,1.0,35.17,1.1876,-0.9966,0.0008,-0.0121,0.0017,0.0,82.0,0.0
2026-08-18 12:42:38,2026-08-18T12:27:10,768.49,2026-08-18,C,804.0,0.0,0.01,0.0,2261.0,0.01,0.7108,0.0032,0.0008,-0.012,0.0017,0.0,0.0,70.0
2026-08-18 12:42:38,2026-08-18T12:27:10,768.49,2026-08-18,P,804.0,33.88,37.25,11.0,2.0,35.76,0.8911,-0.9968,0.0008,-0.012,0.0017,0.0,23.0,0.0
2026-08-18 12:42:38,2026-08-18T12:27:10,768.49,2026-08-18,C,805.0,0.0,0.01,0.0,2261.0,0.01,0.7286,0.0032,0.0007,-0.0118,0.0016,0.0,2.0,887.0
2026-08-18 12:42:38,2026-08-18T12:27:10,768.49,2026-08-18,P,805.0,34.88,38.25,10.0,2.0,36.71,0.9124,-0.9968,0.0007,-0.0118,0.0016,0.0,49.0,0.0
2026-08-18 12:42:38,2026-08-18T12:27:10,768.49,2026-08-18,C,806.0,0.0,0.01,0.0,2261.0,0.01,0.7464,0.0031,0.0007,-0.0117,0.0016,0.0,0.0,231.0
2026-08-18 12:42:38,2026-08-18T12:27:10,768.49,2026-08-18,P,806.0,35.88,39.22,11.0,2.0,37.68,0.8903,-0.997,0.0007,-0.0117,0.0016,0.0,24.0,0.0
2026-08-18 13:04:41,2026-08-18T12:49:12,768.79,2026-08-18,C,731.0,37.68,37.88,40.0,40.0,37.24,0.0,0.9971,0.0006,-0.0117,0.0014,0.0,31.0,4.0
2026-08-18 13:04:41,2026-08-18T12:49:12,768.79,2026-08-18,P,731.0,0.0,0.01,0.0,2234.0,0.01,0.8271,-0.0029,0.0006,-0.0117,0.0014,0.0,1.0,146.0
2026-08-18 13:04:41,2026-08-18T12:49:12,768.79,2026-08-18,C,732.0,36.68,36.88,40.0,40.0,36.29,0.0,0.997,0.0007,-0.0119,0.0015,0.0,26.0,0.0
2026-08-18 13:04:41,2026-08-18T12:49:12,768.79,2026-08-18,P,732.0,0.0,0.01,0.0,2233.0,0.01,0.8065,-0.003,0.0007,-0.0119,0.0015,0.0,1.0,4553.0
2026-08-18 13:04:41,2026-08-18T12:49:12,768.79,2026-08-18,C,733.0,35.67,35.88,40.0,40.0,35.28,0.0,0.9969,0.0007,-0.0121,0.0015,0.0,25.0,0.0
2026-08-18 13:04:41,2026-08-18T12:49:12,768.79,2026-08-18,P,733.0,0.0,0.01,0.0,4234.0,0.01,0.7859,-0.0031,0.0007,-0.0121,0.0015,0.0,0.0,226.0
2026-08-18 13:04:41,2026-08-18T12:49:12,768.79,2026-08-18,C,734.0,34.67,34.88,40.0,40.0,34.33,0.0,0.9968,0.0007,-0.0123,0.0016,0.0,28.0,0.0
2026-08-18 13:04:41,2026-08-18T12:49:12,768.79,2026-08-18,P,734.0,0.0,0.01,0.0,4234.0,0.01,0.7654,-0.0032,0.0007,-0.0123,0.0016,0.0,1.0,194.0
2026-08-18 13:04:41,2026-08-18T12:49:12,768.79,2026-08-18,C,735.0,33.68,33.88,40.0,40.0,33.21,0.0,0.9967,0.0008,-0.0124,0.0016,0.0,42.0,16.0
2026-08-18 13:04:41,2026-08-18T12:49:12,768.79,2026-08-18,P,735.0,0.0,0.01,0.0,4234.0,0.02,0.7448,-0.0033,0.0008,-0.0124,0.0016,0.0,0.0,229.0
2026-08-18 13:04:41,2026-08-18T12:49:12,768.79,2026-08-18,C,736.0,32.67,32.88,40.0,40.0,32.26,0.0,0.9966,0.0008,-0.0126,0.0017,0.0,41.0,3.0
2026-08-18 13:04:41,2026-08-18T12:49:12,768.79,2026-08-18,P,736.0,0.0,0.01,0.0,4234.0,0.02,0.7241,-0.0034,0.0008,-0.0126,0.0017,0.0,1.0,661.0
2026-08-18 13:04:41,2026-08-18T12:49:12,768.79,2026-08-18,C,737.0,31.67,31.88,40.0,40.0,31.6,0.0,0.9964,0.0009,-0.0128,0.0017,0.0,15.0,0.0
2026-08-18 13:04:41,2026-08-18T12:49:12,768.79,2026-08-18,P,737.0,0.0,0.01,0.0,4234.0,0.01,0.7035,-0.0036,0.0009,-0.0128,0.0017,0.0,12.0,738.0
2026-08-18 13:04:41,2026-08-18T12:49:12,768.79,2026-08-18,C,738.0,30.67,30.88,41.0,41.0,30.3,0.0,0.9963,0.0009,-0.013,0.0018,0.0,17.0,6.0
2026-08-18 13:04:41,2026-08-18T12:49:12,768.79,2026-08-18,P,738.0,0.0,0.01,0.0,4114.0,0.01,0.6828,-0.0037,0.0009,-0.013,0.0018,0.0,5.0,192.0
2026-08-18 13:04:41,2026-08-18T12:49:12,768.79,2026-08-18,C,739.0,29.67,29.88,41.0,41.0,29.15,0.0,0.9961,0.001,-0.0132,0.0019,0.0,8.0,8.0
2026-08-18 13:04:41,2026-08-18T12:49:12,768.79,2026-08-18,P,739.0,0.0,0.01,0.0,4114.0,0.02,0.6622,-0.0039,0.001,-0.0132,0.0019,0.0,0.0,1041.0
2026-08-18 13:04:41,2026-08-18T12:49:12,768.79,2026-08-18,C,740.0,28.68,28.88,42.0,40.0,28.73,0.0,0.996,0.0011,-0.0134,0.0019,0.0,22.0,3.0
2026-08-18 13:04:41,2026-08-18T12:49:12,768.79,2026-08-18,P,740.0,0.0,0.01,0.0,4114.0,0.01,0.6414,-0.004,0.0011,-0.0134,0.0019,0.0,519.0,2993.0
2026-08-18 13:04:41,2026-08-18T12:49:12,768.79,2026-08-18,C,741.0,27.67,27.87,41.0,40.0,27.78,0.0,0.9958,0.0012,-0.0136,0.002,0.0,63.0,1.0
2026-08-18 13:04:41,2026-08-18T12:49:12,768.79,2026-08-18,P,741.0,0.0,0.01,0.0,4114.0,0.01,0.6207,-0.0042,0.0012,-0.0136,0.002,0.0,460.0,1373.0
2026-08-18 13:04:41,2026-08-18T12:49:12,768.79,2026-08-18,C,742.0,26.67,26.88,42.0,41.0,26.3,0.0,0.9956,0.0012,-0.0138,0.0021,0.0,50.0,12.0
2026-08-18 13:04:41,2026-08-18T12:49:12,768.79,2026-08-18,P,742.0,0.0,0.01,0.0,4114.0,0.01,0.6,-0.0044,0.0012,-0.0138,0.0021,0.0,5415.0,838.0
2026-08-18 13:04:41,2026-08-18T12:49:12,768.79,2026-08-18,C,743.0,25.67,25.88,41.0,40.0,25.8,0.0,0.9954,0.0013,-0.014,0.0022,0.0,34.0,14.0
2026-08-18 13:04:41,2026-08-18T12:49:12,768.79,2026-08-18,P,743.0,0.0,0.01,0.0,4114.0,0.01,0.5792,-0.0046,0.0013,-0.014,0.0022,0.0,4913.0,942.0
2026-08-18 13:04:41,2026-08-18T12:49:12,768.79,2026-08-18,C,744.0,24.67,24.88,41.0,40.0,24.43,0.0,0.9952,0.0014,-0.0142,0.0023,0.0,18.0,56.0
2026-08-18 13:04:41,2026-08-18T12:49:12,768.79,2026-08-18,P,744.0,0.0,0.01,0.0,4114.0,0.01,0.5584,-0.0048,0.0014,-0.0142,0.0023,0.0,1857.0,487.0
2026-08-18 13:04:41,2026-08-18T12:49:12,768.79,2026-08-18,C,745.0,23.67,23.88,41.0,40.0,23.48,0.0,0.995,0.0015,-0.0144,0.0024,0.0,14.0,21.0
2026-08-18 13:04:41,2026-08-18T12:49:12,768.79,2026-08-18,P,745.0,0.0,0.01,0.0,4113.0,0.01,0.5375,-0.005,0.0015,-0.0144,0.0024,0.0,637.0,1371.0
2026-08-18 13:04:41,2026-08-18T12:49:12,768.79,2026-08-18,C,746.0,22.68,22.88,100.0,100.0,22.29,0.0,0.9948,0.0017,-0.0146,0.0025,0.0,26.0,18.0
2026-08-18 13:04:41,2026-08-18T12:49:12,768.79,2026-08-18,P,746.0,0.0,0.01,0.0,4195.0,0.01,0.5166,-0.0052,0.0017,-0.0146,0.0025,0.0,775.0,1078.0
2026-08-18 13:04:41,2026-08-18T12:49:12,768.79,2026-08-18,C,747.0,21.68,21.88,100.0,100.0,21.34,0.0,0.9945,0.0018,-0.0148,0.0026,0.0,16.0,31.0
2026-08-18 13:04:41,2026-08-18T12:49:12,768.79,2026-08-18,P,747.0,0.0,0.01,0.0,4195.0,0.02,0.4957,-0.0055,0.0018,-0.0148,0.0026,0.0,1908.0,5137.0
2026-08-18 13:04:41,2026-08-18T12:49:12,768.79,2026-08-18,C,748.0,20.68,20.88,100.0,100.0,20.25,0.0,0.9942,0.002,-0.015,0.0027,0.0,20.0,26.0
2026-08-18 13:04:41,2026-08-18T12:49:12,768.79,2026-08-18,P,748.0,0.0,0.01,0.0,4194.0,0.01,0.4747,-0.0058,0.002,-0.015,0.0027,0.0,2251.0,1274.0
2026-08-18 13:04:41,2026-08-18T12:49:12,768.79,2026-08-18,C,749.0,19.68,19.88,100.0,100.0,19.3,0.0,0.994,0.0021,-0.0152,0.0028,0.0,16.0,24.0
2026-08-18 13:04:41,2026-08-18T12:49:12,768.79,2026-08-18,P,749.0,0.0,0.01,0.0,4314.0,0.01,0.4537,-0.006,0.0021,-0.0152,0.0028,0.0,2479.0,6239.0
2026-08-18 13:04:41,2026-08-18T12:49:12,768.79,2026-08-18,C,750.0,18.68,18.88,100.0,100.0,18.45,0.0,0.9936,0.0023,-0.0154,0.003,0.0,42.0,48.0
2026-08-18 13:04:41,2026-08-18T12:49:12,768.79,2026-08-18,P,750.0,0.0,0.01,0.0,4314.0,0.01,0.4326,-0.0064,0.0023,-0.0154,0.003,0.0,1703.0,959.0
2026-08-18 13:04:41,2026-08-18T12:49:12,768.79,2026-08-18,C,751.0,17.68,17.88,100.0,100.0,17.27,0.0,0.9933,0.0026,-0.0156,0.0031,0.0,23.0,12.0
2026-08-18 13:04:41,2026-08-18T12:49:12,768.79,2026-08-18,P,751.0,0.01,0.02,2172.0,4467.0,0.01,0.4616,-0.0067,0.0026,-0.0156,0.0031,0.0,3057.0,231.0
2026-08-18 13:04:41,2026-08-18T12:49:12,768.79,2026-08-18,C,752.0,16.68,16.88,100.0,100.0,16.36,0.0,0.9929,0.0028,-0.0158,0.0033,0.0,34.0,23.0
2026-08-18 13:04:41,2026-08-18T12:49:12,768.79,2026-08-18,P,752.0,0.01,0.02,2172.0,4347.0,0.02,0.4382,-0.0071,0.0028,-0.0158,0.0033,0.0,1138.0,856.0
2026-08-18 13:04:41,2026-08-18T12:49:12,768.79,2026-08-18,C,753.0,15.67,15.88,100.0,100.0,15.41,0.0,0.9924,0.0032,-0.016,0.0035,0.0,5.0,90.0
2026-08-18 13:04:41,2026-08-18T12:49:12,768.79,2026-08-18,P,753.0,0.01,0.02,2284.0,3676.0,0.02,0.4148,-0.0076,0.0032,-0.016,0.0035,0.0,2050.0,639.0
2026-08-18 13:04:41,2026-08-18T12:49:12,768.79,2026-08-18,C,754.0,14.68,14.89,100.0,100.0,14.7,0.0,0.9919,0.0036,-0.0163,0.0037,0.0,49.0,45.0
2026-08-18 13:04:41,2026-08-18T12:49:12,768.79,2026-08-18,P,754.0,0.01,0.02,2284.0,3729.0,0.02,0.3913,-0.0081,0.0036,-0.0163,0.0037,0.0,2634.0,1250.0
2026-08-18 13:04:41,2026-08-18T12:49:12,768.79,2026-08-18,C,755.0,13.69,13.89,100.0,100.0,13.18,0.0,0.9914,0.004,-0.0165,0.0039,0.0,29.0,53.0
2026-08-18 13:04:41,2026-08-18T12:49:12,768.79,2026-08-18,P,755.0,0.01,0.02,2285.0,3634.0,0.02,0.3677,-0.0086,0.004,-0.0165,0.0039,0.0,5847.0,2323.0
2026-08-18 13:04:41,2026-08-18T12:49:12,768.79,2026-08-18,C,756.0,12.69,12.89,100.0,100.0,12.29,0.0,0.9907,0.0045,-0.0167,0.0042,0.0,30.0,62.0
2026-08-18 13:04:41,2026-08-18T12:49:12,768.79,2026-08-18,P,756.0,0.01,0.02,3284.0,3584.0,0.02,0.344,-0.0093,0.0045,-0.0168,0.0042,0.0,4295.0,11806.0
2026-08-18 13:04:41,2026-08-18T12:49:12,768.79,2026-08-18,C,757.0,10.07,11.89,100.0,100.0,10.92,0.0,0.99,0.0052,-0.017,0.0045,0.0,61.0,59.0
2026-08-18 13:04:41,2026-08-18T12:49:12,768.79,2026-08-18,P,757.0,0.01,0.02,2397.0,3667.0,0.01,0.3201,-0.01,0.0052,-0.017,0.0045,0.0,6957.0,7512.0
2026-08-18 13:04:41,2026-08-18T12:49:12,768.79,2026-08-18,C,758.0,10.7,10.89,100.0,100.0,10.52,0.0,0.9891,0.0061,-0.0174,0.0049,0.0,102.0,34.0
2026-08-18 13:04:41,2026-08-18T12:49:12,768.79,2026-08-18,P,758.0,0.01,0.02,3432.0,3337.0,0.02,0.296,-0.0109,0.0061,-0.0174,0.0049,0.0,3953.0,1379.0
2026-08-18 13:04:41,2026-08-18T12:49:12,768.79,2026-08-18,C,759.0,9.69,9.89,105.0,112.0,9.6,0.0,0.9879,0.0072,-0.0181,0.0054,0.0,293.0,68.0
2026-08-18 13:04:41,2026-08-18T12:49:12,768.79,2026-08-18,P,759.0,0.01,0.02,2710.0,2739.0,0.02,0.2718,-0.0121,0.0072,-0.0181,0.0054,0.0,9968.0,1538.0
2026-08-18 13:04:41,2026-08-18T12:49:12,768.79,2026-08-18,C,760.0,8.69,8.89,103.0,125.0,8.5,0.0,0.9862,0.0088,-0.0192,0.0061,0.0,1683.0,118.0
2026-08-18 13:04:41,2026-08-18T12:49:12,768.79,2026-08-18,P,760.0,0.02,0.03,300.0,3835.0,0.02,0.2652,-0.0138,0.0088,-0.0192,0.0061,0.0,52762.0,3668.0
2026-08-18 13:04:41,2026-08-18T12:49:12,768.79,2026-08-18,C,761.0,7.7,7.89,84.0,100.0,7.27,0.0,0.9835,0.0112,-0.0215,0.0071,0.0,209.0,49.0
2026-08-18 13:04:41,2026-08-18T12:49:12,768.79,2026-08-18,P,761.0,0.02,0.03,1227.0,3836.0,0.02,0.2391,-0.0165,0.0112,-0.0215,0.0071,0.0,50887.0,2374.0
2026-08-18 13:04:41,2026-08-18T12:49:12,768.79,2026-08-18,C,762.0,6.7,6.9,62.0,62.0,6.72,0.0,0.979,0.015,-0.0259,0.0087,0.0,488.0,147.0
2026-08-18 13:04:41,2026-08-18T12:49:12,768.79,2026-08-18,P,762.0,0.02,0.03,2789.0,2731.0,0.02,0.2126,-0.021,0.015,-0.0258,0.0087,0.0,58325.0,2276.0
2026-08-18 13:04:41,2026-08-18T12:49:12,768.79,2026-08-18,C,763.0,5.76,5.9,64.0,66.0,5.55,0.1857,0.9709,0.0216,-0.0343,0.0114,0.0,1513.0,561.0
2026-08-18 13:04:41,2026-08-18T12:49:12,768.79,2026-08-18,P,763.0,0.03,0.04,2294.0,2694.0,0.03,0.1962,-0.0291,0.0215,-0.0342,0.0114,0.0,139976.0,2191.0
2026-08-18 13:04:41,2026-08-18T12:49:12,768.79,2026-08-18,C,764.0,4.76,4.9,66.0,100.0,4.84,0.1584,0.9565,0.0327,-0.0498,0.0157,0.0,3030.0,82.0
2026-08-18 13:04:41,2026-08-18T12:49:12,768.79,2026-08-18,P,764.0,0.05,0.06,509.0,3578.0,0.06,0.1825,-0.0434,0.0326,-0.0498,0.0157,0.0,117463.0,2461.0
2026-08-18 13:04:41,2026-08-18T12:49:12,768.79,2026-08-18,C,765.0,3.83,3.93,112.0,112.0,3.87,0.1568,0.9312,0.0515,-0.0778,0.0223,0.0,10240.0,1522.0
2026-08-18 13:04:41,2026-08-18T12:49:12,768.79,2026-08-18,P,765.0,0.07,0.08,814.0,2522.0,0.08,0.162,-0.0686,0.0514,-0.0777,0.0222,0.0,238122.0,7714.0
2026-08-18 13:04:41,2026-08-18T12:49:12,768.79,2026-08-18,C,766.0,2.92,2.95,79.0,66.0,2.93,0.1483,0.8868,0.0825,-0.128,0.0317,0.0,15397.0,615.0
2026-08-18 13:04:41,2026-08-18T12:49:12,768.79,2026-08-18,P,766.0,0.12,0.13,723.0,2301.0,0.12,0.1468,-0.113,0.0823,-0.1277,0.0317,0.0,218615.0,6173.0
2026-08-18 13:04:41,2026-08-18T12:49:12,768.79,2026-08-18,C,767.0,2.02,2.05,174.0,90.0,2.04,0.133,0.8065,0.1312,-0.2242,0.0444,0.0,57157.0,350.0
2026-08-18 13:04:41,2026-08-18T12:49:12,768.79,2026-08-18,P,767.0,0.22,0.23,420.0,1808.0,0.23,0.1329,-0.1935,0.1312,-0.2243,0.0445,0.0,382635.0,3808.0
2026-08-18 13:04:41,2026-08-18T12:49:12,768.79,2026-08-18,C,768.0,1.24,1.25,182.0,1.0,1.24,0.1236,0.6643,0.1915,-0.424,0.0579,0.0,237842.0,184.0
2026-08-18 13:04:41,2026-08-18T12:49:12,768.79,2026-08-18,P,768.0,0.43,0.44,376.0,1028.0,0.43,0.1227,-0.3357,0.1915,-0.424,0.0579,0.0,572227.0,4728.0
2026-08-18 13:04:41,2026-08-18T12:49:12,768.79,2026-08-18,C,769.0,0.64,0.65,808.0,332.0,0.65,0.1174,0.4571,0.2216,-0.6215,0.0626,0.0,381576.0,435.0
2026-08-18 13:04:41,2026-08-18T12:49:12,768.79,2026-08-18,P,769.0,0.83,0.84,308.0,277.0,0.83,0.1166,-0.5429,0.2216,-0.6215,0.0626,0.0,223800.0,3829.0
2026-08-18 13:04:41,2026-08-18T12:49:12,768.79,2026-08-18,C,770.0,0.28,0.29,953.0,439.0,0.28,0.1164,0.2511,0.1793,-0.2663,0.0512,0.0,326312.0,1848.0
2026-08-18 13:04:41,2026-08-18T12:49:12,768.79,2026-08-18,P,770.0,1.47,1.49,79.0,269.0,1.48,0.1164,-0.7489,0.1793,-0.2664,0.0512,0.0,71299.0,11560.0
2026-08-18 13:04:41,2026-08-18T12:49:12,768.79,2026-08-18,C,771.0,0.12,0.13,2348.0,461.0,0.12,0.123,0.1245,0.1081,-0.1171,0.0341,0.0,204631.0,3002.0
2026-08-18 13:04:41,2026-08-18T12:49:12,768.79,2026-08-18,P,771.0,2.31,2.33,23.0,75.0,2.32,0.1199,-0.8755,0.1081,-0.1171,0.0341,0.0,24930.0,5320.0
2026-08-18 13:04:41,2026-08-18T12:49:12,768.79,2026-08-18,C,772.0,0.06,0.07,2227.0,805.0,0.07,0.1361,0.0665,0.061,-0.0614,0.022,0.0,195950.0,4210.0
2026-08-18 13:04:41,2026-08-18T12:49:12,768.79,2026-08-18,P,772.0,3.2,3.3,87.0,112.0,3.25,0.1313,-0.9338,0.0608,-0.0611,0.022,0.0,13395.0,10300.0
2026-08-18 13:04:41,2026-08-18T12:49:12,768.79,2026-08-18,C,773.0,0.03,0.04,4787.0,695.0,0.03,0.1489,0.0389,0.0356,-0.0367,0.0146,0.0,85955.0,8001.0
2026-08-18 13:04:41,2026-08-18T12:49:12,768.79,2026-08-18,P,773.0,4.17,4.3,108.0,64.0,4.27,0.1528,-0.9612,0.0355,-0.0366,0.0146,0.0,8047.0,13043.0
2026-08-18 13:04:41,2026-08-18T12:49:12,768.79,2026-08-18,C,774.0,0.02,0.03,5124.0,627.0,0.02,0.1678,0.0257,0.0225,-0.0255,0.0105,0.0,45439.0,9059.0
2026-08-18 13:04:41,2026-08-18T12:49:12,768.79,2026-08-18,P,774.0,5.16,5.32,72.0,59.0,5.23,0.1858,-0.9744,0.0225,-0.0254,0.0104,0.0,3402.0,7065.0
2026-08-18 13:04:41,2026-08-18T12:49:12,768.79,2026-08-18,C,775.0,0.02,0.03,3056.0,2789.0,0.03,0.1945,0.0193,0.0158,-0.0207,0.0082,0.0,66603.0,9849.0
2026-08-18 13:04:41,2026-08-18T12:49:12,768.79,2026-08-18,P,775.0,6.15,6.26,66.0,62.0,6.26,0.171,-0.9807,0.0158,-0.0207,0.0082,0.0,2759.0,12681.0
2026-08-18 13:04:41,2026-08-18T12:49:12,768.79,2026-08-18,C,776.0,0.01,0.02,5240.0,1589.0,0.02,0.2052,0.0161,0.012,-0.0188,0.007,0.0,33661.0,13705.0
2026-08-18 13:04:41,2026-08-18T12:49:12,768.79,2026-08-18,P,776.0,7.15,7.33,66.0,192.0,7.35,0.2426,-0.9839,0.012,-0.0188,0.007,0.0,1046.0,4587.0
2026-08-18 13:04:41,2026-08-18T12:49:12,768.79,2026-08-18,C,777.0,0.01,0.02,3033.0,2624.0,0.01,0.2295,0.0142,0.0097,-0.0181,0.0062,0.0,13284.0,10764.0
2026-08-18 13:04:41,2026-08-18T12:49:12,768.79,2026-08-18,P,777.0,8.15,8.29,69.0,75.0,8.22,0.2466,-0.9859,0.0097,-0.0181,0.0062,0.0,556.0,3519.0
2026-08-18 13:04:41,2026-08-18T12:49:12,768.79,2026-08-18,C,778.0,0.01,0.02,2860.0,2630.0,0.02,0.2536,0.0128,0.0081,-0.0178,0.0057,0.0,7673.0,12327.0
2026-08-18 13:04:41,2026-08-18T12:49:12,768.79,2026-08-18,P,778.0,9.14,9.34,78.0,109.0,9.22,0.2973,-0.9872,0.0081,-0.0178,0.0057,0.0,565.0,3407.0
2026-08-18 13:04:41,2026-08-18T12:49:12,768.79,2026-08-18,C,779.0,0.01,0.02,3471.0,3231.0,0.02,0.2773,0.0117,0.0068,-0.0176,0.0052,0.0,4451.0,6634.0
2026-08-18 13:04:41,2026-08-18T12:49:12,768.79,2026-08-18,P,779.0,10.14,10.35,85.0,119.0,10.29,0.3295,-0.9883,0.0068,-0.0176,0.0052,0.0,103.0,41.0
2026-08-18 13:04:41,2026-08-18T12:49:12,768.79,2026-08-18,C,780.0,0.01,0.02,3406.0,3743.0,0.01,0.3008,0.0108,0.0059,-0.0174,0.0048,0.0,16372.0,12385.0
2026-08-18 13:04:41,2026-08-18T12:49:12,768.79,2026-08-18,P,780.0,11.14,11.35,100.0,100.0,11.24,0.3562,-0.9892,0.0059,-0.0173,0.0048,0.0,202.0,46.0
2026-08-18 13:04:41,2026-08-18T12:49:12,768.79,2026-08-18,C,781.0,0.0,0.01,0.0,3325.0,0.01,0.2867,0.01,0.0051,-0.0171,0.0045,0.0,7995.0,3686.0
2026-08-18 13:04:41,2026-08-18T12:49:12,768.79,2026-08-18,P,781.0,12.14,12.35,40.0,100.0,12.65,0.3826,-0.99,0.0051,-0.0171,0.0045,0.0,70.0,19.0
2026-08-18 13:04:41,2026-08-18T12:49:12,768.79,2026-08-18,C,782.0,0.0,0.01,0.0,3382.0,0.01,0.3076,0.0093,0.0045,-0.0169,0.0042,0.0,592.0,4470.0
2026-08-18 13:04:41,2026-08-18T12:49:12,768.79,2026-08-18,P,782.0,13.14,13.34,100.0,100.0,13.59,0.4023,-0.9907,0.0045,-0.0169,0.0042,0.0,63.0,4.0
2026-08-18 13:04:41,2026-08-18T12:49:12,768.79,2026-08-18,C,783.0,0.0,0.01,0.0,4313.0,0.01,0.3283,0.0087,0.004,-0.0167,0.004,0.0,127.0,3258.0
2026-08-18 13:04:41,2026-08-18T12:49:12,768.79,2026-08-18,P,783.0,14.14,14.35,40.0,100.0,14.85,0.4346,-0.9913,0.004,-0.0167,0.004,0.0,72.0,16.0
2026-08-18 13:04:41,2026-08-18T12:49:12,768.79,2026-08-18,C,784.0,0.0,0.01,0.0,4191.0,0.01,0.3488,0.0082,0.0036,-0.0165,0.0037,0.0,61.0,3594.0
2026-08-18 13:04:41,2026-08-18T12:49:12,768.79,2026-08-18,P,784.0,15.13,15.35,40.0,100.0,15.79,0.4532,-0.9918,0.0036,-0.0165,0.0037,0.0,88.0,1.0
2026-08-18 13:04:41,2026-08-18T12:49:12,768.79,2026-08-18,C,785.0,0.0,0.01,0.0,4192.0,0.01,0.3692,0.0077,0.0032,-0.0164,0.0035,0.0,645.0,2152.0
2026-08-18 13:04:41,2026-08-18T12:49:12,768.79,2026-08-18,P,785.0,16.13,16.35,100.0,100.0,17.1,0.4783,-0.9923,0.0032,-0.0163,0.0035,0.0,73.0,1.0
2026-08-18 13:04:41,2026-08-18T12:49:12,768.79,2026-08-18,C,786.0,0.0,0.01,0.0,4192.0,0.01,0.3895,0.0073,0.0029,-0.0162,0.0034,0.0,223.0,1304.0
2026-08-18 13:04:41,2026-08-18T12:49:12,768.79,2026-08-18,P,786.0,17.06,17.35,2.0,2.0,17.68,0.4182,-0.9927,0.0029,-0.0161,0.0034,0.0,52.0,1.0
2026-08-18 13:04:41,2026-08-18T12:49:12,768.79,2026-08-18,C,787.0,0.0,0.01,0.0,4192.0,0.01,0.4097,0.0069,0.0026,-0.016,0.0032,0.0,6.0,1220.0
2026-08-18 13:04:41,2026-08-18T12:49:12,768.79,2026-08-18,P,787.0,18.13,18.35,100.0,100.0,18.63,0.5279,-0.9931,0.0026,-0.016,0.0032,0.0,142.0,35.0
2026-08-18 13:04:41,2026-08-18T12:49:12,768.79,2026-08-18,C,788.0,0.0,0.01,0.0,4192.0,0.01,0.4298,0.0066,0.0024,-0.0158,0.0031,0.0,143.0,908.0
2026-08-18 13:04:41,2026-08-18T12:49:12,768.79,2026-08-18,P,788.0,19.07,19.58,2.0,1.0,19.58,0.7592,-0.9934,0.0024,-0.0158,0.0031,0.0,36.0,0.0
2026-08-18 13:04:41,2026-08-18T12:49:12,768.79,2026-08-18,C,789.0,0.0,0.01,0.0,4141.0,0.01,0.4497,0.0063,0.0022,-0.0156,0.0029,0.0,30.0,1016.0
2026-08-18 13:04:41,2026-08-18T12:49:12,768.79,2026-08-18,P,789.0,20.06,21.25,2.0,2.0,20.53,0.8792,-0.9937,0.0022,-0.0156,0.0029,0.0,28.0,0.0
2026-08-18 13:04:41,2026-08-18T12:49:12,768.79,2026-08-18,C,790.0,0.0,0.01,0.0,4558.0,0.01,0.4696,0.006,0.002,-0.0154,0.0028,0.0,9.0,1848.0
2026-08-18 13:04:41,2026-08-18T12:49:12,768.79,2026-08-18,P,790.0,21.05,21.32,2.0,13.0,21.8,0.5574,-0.994,0.002,-0.0154,0.0028,0.0,63.0,2.0
2026-08-18 13:04:41,2026-08-18T12:49:12,768.79,2026-08-18,C,791.0,0.0,0.01,0.0,4618.0,0.01,0.4893,0.0057,0.0019,-0.0152,0.0027,0.0,6.0,2042.0
2026-08-18 13:04:41,2026-08-18T12:49:12,768.79,2026-08-18,P,791.0,22.05,22.35,2.0,1.0,22.75,0.4896,-0.9943,0.0019,-0.0152,0.0027,0.0,27.0,0.0
2026-08-18 13:04:41,2026-08-18T12:49:12,768.79,2026-08-18,C,792.0,0.0,0.01,0.0,4681.0,0.01,0.509,0.0055,0.0018,-0.015,0.0026,0.0,3.0,1272.0
2026-08-18 13:04:41,2026-08-18T12:49:12,768.79,2026-08-18,P,792.0,23.07,23.35,2.0,2.0,23.68,0.0,-0.9945,0.0018,-0.015,0.0026,0.0,25.0,0.0
2026-08-18 13:04:41,2026-08-18T12:49:12,768.79,2026-08-18,C,793.0,0.0,0.01,0.0,4742.0,0.01,0.5286,0.0052,0.0016,-0.0149,0.0025,0.0,0.0,1022.0
2026-08-18 13:04:41,2026-08-18T12:49:12,768.79,2026-08-18,P,793.0,24.07,24.5,1.0,2.0,24.63,0.7485,-0.9948,0.0016,-0.0149,0.0025,0.0,23.0,0.0
2026-08-18 13:04:41,2026-08-18T12:49:12,768.79,2026-08-18,C,794.0,0.0,0.01,0.0,4800.0,0.01,0.548,0.005,0.0015,-0.0147,0.0024,0.0,1.0,2024.0
2026-08-18 13:04:41,2026-08-18T12:49:12,768.79,2026-08-18,P,794.0,23.88,26.94,101.0,10.0,25.85,0.8871,-0.995,0.0015,-0.0147,0.0024,0.0,20.0,0.0
2026-08-18 13:04:41,2026-08-18T12:49:12,768.79,2026-08-18,C,795.0,0.0,0.01,0.0,4861.0,0.01,0.5674,0.0048,0.0014,-0.0145,0.0023,0.0,3.0,377.0
2026-08-18 13:04:41,2026-08-18T12:49:12,768.79,2026-08-18,P,795.0,24.88,27.94,11.0,10.0,26.8,0.9152,-0.9952,0.0014,-0.0145,0.0023,0.0,27.0,0.0
2026-08-18 13:04:41,2026-08-18T12:49:12,768.79,2026-08-18,C,796.0,0.0,0.01,0.0,2261.0,0.01,0.5867,0.0046,0.0013,-0.0144,0.0022,0.0,1.0,118.0
2026-08-18 13:04:41,2026-08-18T12:49:12,768.79,2026-08-18,P,796.0,27.07,27.5,1.0,1.0,27.56,0.9769,-0.9954,0.0013,-0.0143,0.0022,0.0,21.0,0.0
2026-08-18 13:04:41,2026-08-18T12:49:12,768.79,2026-08-18,C,797.0,0.0,0.01,0.0,2261.0,0.02,0.606,0.0045,0.0012,-0.0142,0.0021,0.0,0.0,102.0
2026-08-18 13:04:41,2026-08-18T12:49:12,768.79,2026-08-18,P,797.0,26.88,29.94,11.0,10.0,28.51,0.9709,-0.9955,0.0012,-0.0142,0.0021,0.0,25.0,0.0
2026-08-18 13:04:41,2026-08-18T12:49:12,768.79,2026-08-18,C,798.0,0.0,0.01,0.0,2261.0,0.02,0.6251,0.0043,0.0012,-0.014,0.002,0.0,0.0,153.0
2026-08-18 13:04:41,2026-08-18T12:49:12,768.79,2026-08-18,P,798.0,29.06,29.49,2.0,1.0,29.69,1.0374,-0.9957,0.0012,-0.014,0.002,0.0,29.0,0.0
2026-08-18 13:04:41,2026-08-18T12:49:12,768.79,2026-08-18,C,799.0,0.0,0.01,0.0,2261.0,0.01,0.6442,0.0042,0.0011,-0.0138,0.002,0.0,0.0,174.0
2026-08-18 13:04:41,2026-08-18T12:49:12,768.79,2026-08-18,P,799.0,30.07,30.5,2.0,1.0,30.64,0.893,-0.9958,0.0011,-0.0138,0.002,0.0,34.0,0.0
2026-08-18 13:04:41,2026-08-18T12:49:12,768.79,2026-08-18,C,800.0,0.0,0.01,0.0,5965.0,0.02,0.6632,0.004,0.001,-0.0137,0.0019,0.0,10.0,1226.0
2026-08-18 13:04:41,2026-08-18T12:49:12,768.79,2026-08-18,P,800.0,29.87,32.94,11.0,10.0,30.85,1.0489,-0.996,0.001,-0.0137,0.0019,0.0,17.0,0.0
2026-08-18 13:04:41,2026-08-18T12:49:12,768.79,2026-08-18,C,801.0,0.0,0.01,0.0,2261.0,0.02,0.6822,0.0039,0.001,-0.0135,0.0019,0.0,0.0,188.0
2026-08-18 13:04:41,2026-08-18T12:49:12,768.79,2026-08-18,P,801.0,30.88,33.94,10.0,10.0,32.75,1.0804,-0.9961,0.001,-0.0135,0.0019,0.0,16.0,0.0
2026-08-18 13:04:41,2026-08-18T12:49:12,768.79,2026-08-18,C,802.0,0.0,0.01,0.0,2261.0,0.01,0.701,0.0037,0.0009,-0.0134,0.0018,0.0,0.0,155.0
2026-08-18 13:04:41,2026-08-18T12:49:12,768.79,2026-08-18,P,802.0,33.07,33.4,2.0,2.0,34.23,0.9508,-0.9963,0.0009,-0.0133,0.0018,0.0,54.0,0.0
2026-08-18 13:04:41,2026-08-18T12:49:12,768.79,2026-08-18,C,803.0,0.0,0.01,0.0,2261.0,0.02,0.7198,0.0036,0.0009,-0.0132,0.0018,0.0,0.0,41.0
2026-08-18 13:04:41,2026-08-18T12:49:12,768.79,2026-08-18,P,803.0,34.06,34.5,2.0,2.0,35.17,0.8437,-0.9964,0.0009,-0.0132,0.0017,0.0,82.0,0.0
2026-08-18 13:04:41,2026-08-18T12:49:12,768.79,2026-08-18,C,804.0,0.0,0.01,0.0,2261.0,0.01,0.7386,0.0035,0.0008,-0.013,0.0017,0.0,0.0,70.0
2026-08-18 13:04:41,2026-08-18T12:49:12,768.79,2026-08-18,P,804.0,33.88,36.94,11.0,10.0,35.76,1.161,-0.9965,0.0008,-0.013,0.0017,0.0,23.0,0.0
2026-08-18 13:04:41,2026-08-18T12:49:12,768.79,2026-08-18,C,805.0,0.0,0.01,0.0,2261.0,0.01,0.7572,0.0034,0.0008,-0.0129,0.0016,0.0,2.0,887.0
2026-08-18 13:04:41,2026-08-18T12:49:12,768.79,2026-08-18,P,805.0,34.88,37.94,10.0,10.0,36.71,1.1876,-0.9966,0.0008,-0.0129,0.0016,0.0,49.0,0.0
2026-08-18 13:04:41,2026-08-18T12:49:12,768.79,2026-08-18,C,806.0,0.0,0.01,0.0,2261.0,0.01,0.7759,0.0033,0.0008,-0.0127,0.0016,0.0,0.0,231.0
2026-08-18 13:04:41,2026-08-18T12:49:12,768.79,2026-08-18,P,806.0,35.88,38.94,11.0,10.0,37.68,1.214,-0.9967,0.0008,-0.0127,0.0016,0.0,24.0,0.0
2026-08-18 13:04:41,2026-08-18T12:49:12,768.79,2026-08-18,C,807.0,0.0,0.01,0.0,2261.0,0.01,0.7944,0.0032,0.0007,-0.0126,0.0016,0.0,0.0,175.0
2026-08-18 13:04:41,2026-08-18T12:49:12,768.79,2026-08-18,P,807.0,36.88,39.94,10.0,10.0,38.61,1.2407,-0.9968,0.0007,-0.0126,0.0016,0.0,26.0,0.0
2026-08-18 13:36:40,2026-08-18T13:21:15,768.415,2026-08-18,C,730.0,38.28,38.48,40.0,40.0,38.61,0.0,0.9969,0.0006,-0.0131,0.0014,0.0,27.0,11.0
2026-08-18 13:36:40,2026-08-18T13:21:15,768.415,2026-08-18,P,730.0,0.0,0.01,0.0,2234.0,0.01,0.908,-0.0031,0.0006,-0.0131,0.0014,0.0,14.0,242.0
2026-08-18 13:36:40,2026-08-18T13:21:15,768.415,2026-08-18,C,731.0,37.28,37.48,40.0,40.0,37.59,0.0,0.9968,0.0007,-0.0133,0.0014,0.0,33.0,4.0
2026-08-18 13:36:40,2026-08-18T13:21:15,768.415,2026-08-18,P,731.0,0.0,0.01,0.0,2234.0,0.01,0.8858,-0.0032,0.0007,-0.0133,0.0014,0.0,1.0,146.0
2026-08-18 13:36:40,2026-08-18T13:21:15,768.415,2026-08-18,C,732.0,36.28,36.48,40.0,40.0,36.64,0.0,0.9967,0.0007,-0.0135,0.0015,0.0,28.0,0.0
2026-08-18 13:36:40,2026-08-18T13:21:15,768.415,2026-08-18,P,732.0,0.0,0.01,0.0,2233.0,0.01,0.8635,-0.0033,0.0007,-0.0135,0.0015,0.0,1.0,4553.0
2026-08-18 13:36:40,2026-08-18T13:21:15,768.415,2026-08-18,C,733.0,35.28,35.48,40.0,40.0,35.28,0.0,0.9966,0.0008,-0.0137,0.0015,0.0,25.0,0.0
2026-08-18 13:36:40,2026-08-18T13:21:15,768.415,2026-08-18,P,733.0,0.0,0.01,0.0,2234.0,0.01,0.8412,-0.0034,0.0008,-0.0137,0.0015,0.0,0.0,226.0
2026-08-18 13:36:40,2026-08-18T13:21:15,768.415,2026-08-18,C,734.0,34.28,34.48,40.0,40.0,34.52,0.0,0.9964,0.0008,-0.0138,0.0016,0.0,39.0,0.0
2026-08-18 13:36:40,2026-08-18T13:21:15,768.415,2026-08-18,P,734.0,0.0,0.01,0.0,2234.0,0.01,0.8189,-0.0036,0.0008,-0.0139,0.0016,0.0,1.0,194.0
2026-08-18 13:36:40,2026-08-18T13:21:15,768.415,2026-08-18,C,735.0,33.28,33.48,40.0,40.0,33.59,0.0,0.9963,0.0009,-0.014,0.0016,0.0,55.0,16.0
2026-08-18 13:36:40,2026-08-18T13:21:15,768.415,2026-08-18,P,735.0,0.0,0.01,0.0,2114.0,0.01,0.7966,-0.0037,0.0009,-0.014,0.0016,0.0,1.0,229.0
2026-08-18 13:36:40,2026-08-18T13:21:15,768.415,2026-08-18,C,736.0,32.28,32.48,40.0,40.0,32.64,0.0,0.9962,0.0009,-0.0142,0.0017,0.0,43.0,3.0
2026-08-18 13:36:40,2026-08-18T13:21:15,768.415,2026-08-18,P,736.0,0.0,0.01,0.0,2114.0,0.02,0.7743,-0.0038,0.0009,-0.0142,0.0017,0.0,1.0,661.0
2026-08-18 13:36:40,2026-08-18T13:21:15,768.415,2026-08-18,C,737.0,31.28,31.49,40.0,40.0,31.74,0.0,0.996,0.001,-0.0144,0.0018,0.0,16.0,0.0
2026-08-18 13:36:40,2026-08-18T13:21:15,768.415,2026-08-18,P,737.0,0.0,0.01,0.0,2114.0,0.01,0.752,-0.004,0.001,-0.0144,0.0018,0.0,179.0,738.0
2026-08-18 13:36:40,2026-08-18T13:21:15,768.415,2026-08-18,C,738.0,30.31,30.48,42.0,40.0,30.79,0.0,0.9959,0.001,-0.0146,0.0018,0.0,18.0,6.0
2026-08-18 13:36:40,2026-08-18T13:21:15,768.415,2026-08-18,P,738.0,0.0,0.01,0.0,2114.0,0.01,0.7296,-0.0041,0.001,-0.0146,0.0018,0.0,5.0,192.0
2026-08-18 13:36:40,2026-08-18T13:21:15,768.415,2026-08-18,C,739.0,29.31,29.48,42.0,40.0,29.75,0.0,0.9957,0.0011,-0.0148,0.0019,0.0,9.0,8.0
2026-08-18 13:36:40,2026-08-18T13:21:15,768.415,2026-08-18,P,739.0,0.0,0.01,0.0,4114.0,0.02,0.7072,-0.0043,0.0011,-0.0148,0.0019,0.0,0.0,1041.0
2026-08-18 13:36:40,2026-08-18T13:21:15,768.415,2026-08-18,C,740.0,28.31,28.48,42.0,40.0,28.45,0.0,0.9955,0.0012,-0.015,0.002,0.0,26.0,3.0
2026-08-18 13:36:40,2026-08-18T13:21:15,768.415,2026-08-18,P,740.0,0.0,0.01,0.0,4114.0,0.01,0.6848,-0.0045,0.0012,-0.015,0.002,0.0,525.0,2993.0
2026-08-18 13:36:40,2026-08-18T13:21:15,768.415,2026-08-18,C,741.0,27.31,27.48,42.0,40.0,27.52,0.0,0.9954,0.0013,-0.0152,0.002,0.0,71.0,1.0
2026-08-18 13:36:40,2026-08-18T13:21:15,768.415,2026-08-18,P,741.0,0.0,0.01,0.0,4114.0,0.01,0.6624,-0.0046,0.0013,-0.0152,0.002,0.0,460.0,1373.0
2026-08-18 13:36:40,2026-08-18T13:21:15,768.415,2026-08-18,C,742.0,26.31,26.48,42.0,40.0,26.57,0.0,0.9952,0.0014,-0.0154,0.0021,0.0,57.0,12.0
2026-08-18 13:36:40,2026-08-18T13:21:15,768.415,2026-08-18,P,742.0,0.0,0.01,0.0,4114.0,0.01,0.6399,-0.0048,0.0014,-0.0154,0.0021,0.0,5415.0,838.0
2026-08-18 13:36:40,2026-08-18T13:21:15,768.415,2026-08-18,C,743.0,25.31,25.48,42.0,40.0,25.59,0.0,0.995,0.0014,-0.0156,0.0022,0.0,38.0,14.0
2026-08-18 13:36:40,2026-08-18T13:21:15,768.415,2026-08-18,P,743.0,0.0,0.01,0.0,4114.0,0.01,0.6174,-0.0051,0.0014,-0.0156,0.0022,0.0,4913.0,942.0
2026-08-18 13:36:40,2026-08-18T13:21:15,768.415,2026-08-18,C,744.0,24.31,24.48,42.0,40.0,24.57,0.0,0.9947,0.0016,-0.0158,0.0023,0.0,21.0,56.0
2026-08-18 13:36:40,2026-08-18T13:21:15,768.415,2026-08-18,P,744.0,0.0,0.01,0.0,4114.0,0.01,0.5949,-0.0053,0.0016,-0.0158,0.0023,0.0,1857.0,487.0
2026-08-18 13:36:40,2026-08-18T13:21:15,768.415,2026-08-18,C,745.0,23.31,23.49,41.0,40.0,23.61,0.5723,0.9945,0.0017,-0.016,0.0024,0.0,15.0,21.0
2026-08-18 13:36:40,2026-08-18T13:21:15,768.415,2026-08-18,P,745.0,0.0,0.01,0.0,4113.0,0.01,0.5723,-0.0055,0.0017,-0.016,0.0024,0.0,637.0,1371.0
2026-08-18 13:36:40,2026-08-18T13:21:15,768.415,2026-08-18,C,746.0,22.29,22.48,42.0,40.0,22.65,0.0,0.9942,0.0018,-0.0162,0.0025,0.0,31.0,18.0
2026-08-18 13:36:40,2026-08-18T13:21:15,768.415,2026-08-18,P,746.0,0.0,0.01,0.0,4144.0,0.01,0.5497,-0.0058,0.0018,-0.0162,0.0025,0.0,777.0,1078.0
2026-08-18 13:36:40,2026-08-18T13:21:15,768.415,2026-08-18,C,747.0,21.29,21.49,42.0,40.0,21.7,0.0,0.9939,0.002,-0.0164,0.0026,0.0,21.0,31.0
2026-08-18 13:36:40,2026-08-18T13:21:15,768.415,2026-08-18,P,747.0,0.0,0.01,0.0,4144.0,0.02,0.527,-0.0061,0.002,-0.0164,0.0026,0.0,1908.0,5137.0
2026-08-18 13:36:40,2026-08-18T13:21:15,768.415,2026-08-18,C,748.0,20.29,20.49,41.0,40.0,20.55,0.0,0.9936,0.0022,-0.0167,0.0027,0.0,24.0,26.0
2026-08-18 13:36:40,2026-08-18T13:21:15,768.415,2026-08-18,P,748.0,0.0,0.01,0.0,4144.0,0.01,0.5043,-0.0064,0.0022,-0.0167,0.0027,0.0,2252.0,1274.0
2026-08-18 13:36:40,2026-08-18T13:21:15,768.415,2026-08-18,C,749.0,19.29,19.49,42.0,40.0,19.59,0.0,0.9933,0.0024,-0.0169,0.0028,0.0,20.0,24.0
2026-08-18 13:36:40,2026-08-18T13:21:15,768.415,2026-08-18,P,749.0,0.0,0.01,0.0,4264.0,0.01,0.4815,-0.0067,0.0024,-0.0169,0.0028,0.0,2479.0,6239.0
2026-08-18 13:36:40,2026-08-18T13:21:15,768.415,2026-08-18,C,750.0,18.29,18.48,42.0,40.0,18.57,0.0,0.9929,0.0026,-0.0171,0.003,0.0,47.0,48.0
2026-08-18 13:36:40,2026-08-18T13:21:15,768.415,2026-08-18,P,750.0,0.0,0.01,0.0,4263.0,0.01,0.4587,-0.0071,0.0026,-0.0171,0.003,0.0,2363.0,959.0
2026-08-18 13:36:40,2026-08-18T13:21:15,768.415,2026-08-18,C,751.0,17.29,17.48,42.0,40.0,17.77,0.0,0.9925,0.0028,-0.0173,0.0031,0.0,24.0,12.0
2026-08-18 13:36:40,2026-08-18T13:21:15,768.415,2026-08-18,P,751.0,0.01,0.02,1294.0,4297.0,0.02,0.489,-0.0075,0.0028,-0.0173,0.0031,0.0,3791.0,231.0
2026-08-18 13:36:40,2026-08-18T13:21:15,768.415,2026-08-18,C,752.0,16.29,16.49,42.0,40.0,16.55,0.0,0.9921,0.0032,-0.0175,0.0033,0.0,36.0,23.0
2026-08-18 13:36:40,2026-08-18T13:21:15,768.415,2026-08-18,P,752.0,0.01,0.02,1505.0,4417.0,0.02,0.4637,-0.0079,0.0032,-0.0175,0.0033,0.0,1138.0,856.0
2026-08-18 13:36:40,2026-08-18T13:21:15,768.415,2026-08-18,C,753.0,15.29,15.49,42.0,40.0,15.78,0.0,0.9916,0.0035,-0.0178,0.0035,0.0,6.0,90.0
2026-08-18 13:36:40,2026-08-18T13:21:15,768.415,2026-08-18,P,753.0,0.01,0.02,1604.0,3416.0,0.01,0.4384,-0.0084,0.0035,-0.0178,0.0035,0.0,2061.0,639.0
2026-08-18 13:36:40,2026-08-18T13:21:15,768.415,2026-08-18,C,754.0,14.29,14.48,42.0,40.0,14.76,0.0,0.9911,0.0039,-0.018,0.0037,0.0,50.0,45.0
2026-08-18 13:36:40,2026-08-18T13:21:15,768.415,2026-08-18,P,754.0,0.01,0.02,2703.0,3267.0,0.01,0.4129,-0.0089,0.0039,-0.018,0.0037,0.0,2649.0,1250.0
2026-08-18 13:36:40,2026-08-18T13:21:15,768.415,2026-08-18,C,755.0,13.29,13.48,42.0,40.0,13.81,0.0,0.9904,0.0044,-0.0182,0.004,0.0,38.0,53.0
2026-08-18 13:36:40,2026-08-18T13:21:15,768.415,2026-08-18,P,755.0,0.01,0.02,3114.0,3387.0,0.02,0.3873,-0.0096,0.0044,-0.0182,0.004,0.0,5883.0,2323.0
2026-08-18 13:36:40,2026-08-18T13:21:15,768.415,2026-08-18,C,756.0,12.29,12.48,42.0,40.0,12.51,0.0,0.9897,0.005,-0.0185,0.0042,0.0,33.0,62.0
2026-08-18 13:36:40,2026-08-18T13:21:15,768.415,2026-08-18,P,756.0,0.01,0.02,3147.0,3397.0,0.02,0.3615,-0.0103,0.005,-0.0185,0.0042,0.0,4341.0,11806.0
2026-08-18 13:36:40,2026-08-18T13:21:15,768.415,2026-08-18,C,757.0,11.29,11.49,41.0,40.0,11.5,0.0,0.9889,0.0058,-0.0187,0.0045,0.0,64.0,59.0
2026-08-18 13:36:40,2026-08-18T13:21:15,768.415,2026-08-18,P,757.0,0.01,0.02,3148.0,3538.0,0.02,0.3356,-0.0111,0.0058,-0.0187,0.0045,0.0,6964.0,7512.0
2026-08-18 13:36:40,2026-08-18T13:21:15,768.415,2026-08-18,C,758.0,10.3,10.49,41.0,40.0,10.54,0.0,0.988,0.0067,-0.019,0.0049,0.0,108.0,34.0
2026-08-18 13:36:40,2026-08-18T13:21:15,768.415,2026-08-18,P,758.0,0.01,0.02,3148.0,3294.0,0.01,0.3094,-0.012,0.0068,-0.019,0.0049,0.0,4124.0,1379.0
2026-08-18 13:36:40,2026-08-18T13:21:15,768.415,2026-08-18,C,759.0,9.3,9.49,96.0,109.0,9.6,0.0,0.9868,0.008,-0.0194,0.0053,0.0,293.0,68.0
2026-08-18 13:36:40,2026-08-18T13:21:15,768.415,2026-08-18,P,759.0,0.01,0.02,2547.0,2697.0,0.02,0.2831,-0.0132,0.008,-0.0194,0.0053,0.0,10174.0,1538.0
2026-08-18 13:36:40,2026-08-18T13:21:15,768.415,2026-08-18,C,760.0,8.3,8.49,105.0,100.0,8.4,0.0,0.9852,0.0096,-0.02,0.0059,0.0,1692.0,118.0
2026-08-18 13:36:40,2026-08-18T13:21:15,768.415,2026-08-18,P,760.0,0.02,0.03,300.0,3755.0,0.02,0.2753,-0.0148,0.0096,-0.02,0.0059,0.0,53163.0,3668.0
2026-08-18 13:36:40,2026-08-18T13:21:15,768.415,2026-08-18,C,761.0,7.3,7.49,66.0,57.0,7.76,0.0,0.9829,0.012,-0.0213,0.0067,0.0,213.0,49.0
2026-08-18 13:36:40,2026-08-18T13:21:15,768.415,2026-08-18,P,761.0,0.02,0.03,1776.0,3354.0,0.03,0.2469,-0.0171,0.0121,-0.0213,0.0067,0.0,51317.0,2374.0
2026-08-18 13:36:40,2026-08-18T13:21:15,768.415,2026-08-18,C,762.0,6.31,6.5,66.0,62.0,6.46,0.1918,0.9791,0.0159,-0.024,0.008,0.0,506.0,147.0
2026-08-18 13:36:40,2026-08-18T13:21:15,768.415,2026-08-18,P,762.0,0.02,0.03,2182.0,3433.0,0.02,0.2181,-0.0209,0.0159,-0.024,0.008,0.0,61970.0,2276.0
2026-08-18 13:36:40,2026-08-18T13:21:15,768.415,2026-08-18,C,763.0,5.32,5.51,66.0,193.0,5.4,0.1824,0.9722,0.0226,-0.0299,0.0102,0.0,1519.0,561.0
2026-08-18 13:36:40,2026-08-18T13:21:15,768.415,2026-08-18,P,763.0,0.03,0.04,1235.0,2442.0,0.03,0.1996,-0.0279,0.0226,-0.03,0.0102,0.0,146123.0,2191.0
2026-08-18 13:36:40,2026-08-18T13:21:15,768.415,2026-08-18,C,764.0,4.36,4.52,72.0,195.0,4.68,0.1766,0.9587,0.0348,-0.0423,0.014,0.0,3192.0,82.0
2026-08-18 13:36:40,2026-08-18T13:21:15,768.415,2026-08-18,P,764.0,0.04,0.05,1864.0,2932.0,0.05,0.1766,-0.0413,0.0348,-0.0423,0.014,0.0,126381.0,2461.0
2026-08-18 13:36:40,2026-08-18T13:21:15,768.415,2026-08-18,C,765.0,3.44,3.55,72.0,212.0,3.42,0.1675,0.9328,0.0572,-0.067,0.0203,0.0,10677.0,1522.0
2026-08-18 13:36:40,2026-08-18T13:21:15,768.415,2026-08-18,P,765.0,0.07,0.08,469.0,2113.0,0.07,0.1603,-0.0672,0.0572,-0.067,0.0203,0.0,251730.0,7714.0
2026-08-18 13:36:40,2026-08-18T13:21:15,768.415,2026-08-18,C,766.0,2.54,2.57,49.0,50.0,2.55,0.1468,0.8829,0.0974,-0.1157,0.0301,0.0,16273.0,615.0
2026-08-18 13:36:40,2026-08-18T13:21:15,768.415,2026-08-18,P,766.0,0.11,0.12,520.0,1485.0,0.12,0.1384,-0.1172,0.0974,-0.1158,0.0301,0.0,258777.0,6173.0
2026-08-18 13:36:40,2026-08-18T13:21:15,768.415,2026-08-18,C,767.0,1.64,1.67,92.0,200.0,1.65,0.1281,0.7839,0.1646,-0.2201,0.0437,0.0,61647.0,350.0
2026-08-18 13:36:40,2026-08-18T13:21:15,768.415,2026-08-18,P,767.0,0.21,0.22,273.0,1492.0,0.22,0.1211,-0.2162,0.1646,-0.2202,0.0437,0.0,411242.0,3808.0
2026-08-18 13:36:40,2026-08-18T13:21:15,768.415,2026-08-18,C,768.0,0.87,0.88,261.0,5.0,0.87,0.1116,0.5977,0.2413,-0.4616,0.0565,0.0,261941.0,184.0
2026-08-18 13:36:40,2026-08-18T13:21:15,768.415,2026-08-18,P,768.0,0.43,0.44,415.0,431.0,0.44,0.1054,-0.4023,0.2413,-0.4616,0.0565,0.0,632062.0,4728.0
2026-08-18 13:36:40,2026-08-18T13:21:15,768.415,2026-08-18,C,769.0,0.35,0.36,923.0,189.0,0.35,0.105,0.3461,0.242,-0.3533,0.0541,0.0,423433.0,435.0
2026-08-18 13:36:40,2026-08-18T13:21:15,768.415,2026-08-18,P,769.0,0.91,0.92,59.0,3.0,0.92,0.0984,-0.6539,0.2421,-0.3531,0.0541,0.0,250785.0,3829.0
2026-08-18 13:36:40,2026-08-18T13:21:15,768.415,2026-08-18,C,770.0,0.12,0.13,1821.0,1280.0,0.13,0.1076,0.156,0.151,-0.1292,0.0365,0.0,364054.0,1848.0
2026-08-18 13:36:40,2026-08-18T13:21:15,768.415,2026-08-18,P,770.0,1.67,1.7,252.0,129.0,1.69,0.0985,-0.844,0.1511,-0.1291,0.0364,0.0,80705.0,11560.0
2026-08-18 13:36:40,2026-08-18T13:21:15,768.415,2026-08-18,C,771.0,0.05,0.06,873.0,936.0,0.05,0.1213,0.0734,0.0778,-0.0584,0.022,0.0,237499.0,3002.0
2026-08-18 13:36:40,2026-08-18T13:21:15,768.415,2026-08-18,P,771.0,2.58,2.68,60.0,133.0,2.69,0.103,-0.9266,0.0777,-0.0584,0.022,0.0,26710.0,5320.0
2026-08-18 13:36:40,2026-08-18T13:21:15,768.415,2026-08-18,C,772.0,0.03,0.04,3196.0,2269.0,0.03,0.1426,0.0404,0.0422,-0.0334,0.014,0.0,210843.0,4210.0
2026-08-18 13:36:40,2026-08-18T13:21:15,768.415,2026-08-18,P,772.0,3.55,3.7,212.0,169.0,3.64,0.1292,-0.9596,0.0422,-0.0333,0.014,0.0,13717.0,10300.0
2026-08-18 13:36:40,2026-08-18T13:21:15,768.415,2026-08-18,C,773.0,0.02,0.03,2298.0,2594.0,0.02,0.1643,0.0266,0.0259,-0.0237,0.01,0.0,92706.0,8001.0
2026-08-18 13:36:40,2026-08-18T13:21:15,768.415,2026-08-18,P,773.0,4.54,4.74,212.0,93.0,4.64,0.1742,-0.9735,0.0259,-0.0237,0.01,0.0,8296.0,13043.0
2026-08-18 13:36:40,2026-08-18T13:21:15,768.415,2026-08-18,C,774.0,0.02,0.03,1661.0,2718.0,0.02,0.1936,0.0205,0.0181,-0.0203,0.008,0.0,48516.0,9059.0
2026-08-18 13:36:40,2026-08-18T13:21:15,768.415,2026-08-18,P,774.0,5.54,5.7,206.0,140.0,5.65,0.1794,-0.9795,0.0181,-0.0203,0.008,0.0,3605.0,7065.0
2026-08-18 13:36:40,2026-08-18T13:21:15,768.415,2026-08-18,C,775.0,0.02,0.03,492.0,3501.0,0.02,0.2223,0.0174,0.0138,-0.0193,0.0069,0.0,67885.0,9849.0
2026-08-18 13:36:40,2026-08-18T13:21:15,768.415,2026-08-18,P,775.0,6.55,6.63,62.0,62.0,6.61,0.0,-0.9826,0.0138,-0.0192,0.0069,0.0,2841.0,12681.0
2026-08-18 13:36:40,2026-08-18T13:21:15,768.415,2026-08-18,C,776.0,0.01,0.02,2989.0,2604.0,0.01,0.233,0.0154,0.0111,-0.0189,0.0062,0.0,34133.0,13705.0
2026-08-18 13:36:40,2026-08-18T13:21:15,768.415,2026-08-18,P,776.0,7.55,7.67,60.0,149.0,7.6,0.2042,-0.9846,0.0111,-0.0189,0.0062,0.0,1096.0,4587.0
2026-08-18 13:36:40,2026-08-18T13:21:15,768.415,2026-08-18,C,777.0,0.01,0.02,3551.0,3294.0,0.01,0.2592,0.0139,0.0091,-0.0186,0.0056,0.0,14164.0,10764.0
2026-08-18 13:36:40,2026-08-18T13:21:15,768.415,2026-08-18,P,777.0,8.53,8.66,69.0,80.0,8.37,0.0,-0.9861,0.0091,-0.0186,0.0056,0.0,580.0,3519.0
2026-08-18 13:36:40,2026-08-18T13:21:15,768.415,2026-08-18,C,778.0,0.01,0.02,2121.0,3307.0,0.01,0.2851,0.0127,0.0077,-0.0184,0.0052,0.0,7744.0,12327.0
2026-08-18 13:36:40,2026-08-18T13:21:15,768.415,2026-08-18,P,778.0,9.53,9.71,127.0,180.0,9.35,0.2852,-0.9873,0.0077,-0.0184,0.0051,0.0,587.0,3407.0
2026-08-18 13:36:40,2026-08-18T13:21:15,768.415,2026-08-18,C,779.0,0.01,0.02,2121.0,3302.0,0.01,0.3106,0.0117,0.0066,-0.0182,0.0048,0.0,4631.0,6634.0
2026-08-18 13:36:40,2026-08-18T13:21:15,768.415,2026-08-18,P,779.0,10.53,10.73,40.0,41.0,10.36,0.3324,-0.9883,0.0066,-0.0182,0.0048,0.0,127.0,41.0
2026-08-18 13:36:40,2026-08-18T13:21:15,768.415,2026-08-18,C,780.0,0.01,0.02,2210.0,3296.0,0.01,0.3359,0.0108,0.0057,-0.018,0.0044,0.0,16950.0,12385.0
2026-08-18 13:36:40,2026-08-18T13:21:15,768.415,2026-08-18,P,780.0,11.53,11.73,40.0,42.0,11.31,0.3591,-0.9892,0.0057,-0.018,0.0044,0.0,225.0,46.0
2026-08-18 13:36:40,2026-08-18T13:21:15,768.415,2026-08-18,C,781.0,0.0,0.01,0.0,4273.0,0.01,0.3196,0.01,0.005,-0.0178,0.0042,0.0,8332.0,3686.0
2026-08-18 13:36:40,2026-08-18T13:21:15,768.415,2026-08-18,P,781.0,12.53,12.73,40.0,41.0,12.3,0.3854,-0.99,0.005,-0.0178,0.0041,0.0,76.0,19.0
2026-08-18 13:36:40,2026-08-18T13:21:15,768.415,2026-08-18,C,782.0,0.0,0.01,0.0,4331.0,0.01,0.3421,0.0094,0.0044,-0.0176,0.0039,0.0,593.0,4470.0
2026-08-18 13:36:40,2026-08-18T13:21:15,768.415,2026-08-18,P,782.0,13.53,13.73,40.0,41.0,13.25,0.4114,-0.9906,0.0044,-0.0176,0.0039,0.0,68.0,4.0
2026-08-18 13:36:40,2026-08-18T13:21:15,768.415,2026-08-18,C,783.0,0.0,0.01,0.0,4262.0,0.01,0.3645,0.0088,0.0039,-0.0174,0.0037,0.0,137.0,3258.0
2026-08-18 13:36:40,2026-08-18T13:21:15,768.415,2026-08-18,P,783.0,14.53,14.73,40.0,41.0,14.4,0.4374,-0.9912,0.0039,-0.0174,0.0037,0.0,73.0,16.0
2026-08-18 13:36:40,2026-08-18T13:21:15,768.415,2026-08-18,C,784.0,0.0,0.01,0.0,4260.0,0.01,0.3866,0.0083,0.0035,-0.0172,0.0035,0.0,102.0,3594.0
2026-08-18 13:36:40,2026-08-18T13:21:15,768.415,2026-08-18,P,784.0,15.53,15.73,40.0,42.0,15.36,0.4631,-0.9917,0.0035,-0.0172,0.0035,0.0,89.0,1.0
2026-08-18 13:36:40,2026-08-18T13:21:15,768.415,2026-08-18,C,785.0,0.0,0.01,0.0,4142.0,0.01,0.4087,0.0078,0.0032,-0.017,0.0033,0.0,767.0,2152.0
2026-08-18 13:36:40,2026-08-18T13:21:15,768.415,2026-08-18,P,785.0,16.53,16.73,40.0,42.0,17.1,0.4886,-0.9922,0.0032,-0.017,0.0033,0.0,73.0,1.0
2026-08-18 13:36:40,2026-08-18T13:21:15,768.415,2026-08-18,C,786.0,0.0,0.01,0.0,4142.0,0.01,0.4306,0.0074,0.0029,-0.0169,0.0031,0.0,223.0,1304.0
2026-08-18 13:36:40,2026-08-18T13:21:15,768.415,2026-08-18,P,786.0,17.45,17.73,2.0,2.0,17.68,0.0,-0.9926,0.0029,-0.0168,0.0031,0.0,52.0,1.0
2026-08-18 13:36:40,2026-08-18T13:21:15,768.415,2026-08-18,C,787.0,0.0,0.01,0.0,4141.0,0.01,0.4524,0.007,0.0026,-0.0167,0.003,0.0,6.0,1220.0
2026-08-18 13:36:40,2026-08-18T13:21:15,768.415,2026-08-18,P,787.0,18.52,18.73,40.0,40.0,18.63,0.5245,-0.993,0.0026,-0.0167,0.003,0.0,142.0,35.0
2026-08-18 13:36:40,2026-08-18T13:21:15,768.415,2026-08-18,C,788.0,0.0,0.01,0.0,4141.0,0.01,0.474,0.0067,0.0024,-0.0165,0.0028,0.0,143.0,908.0
2026-08-18 13:36:40,2026-08-18T13:21:15,768.415,2026-08-18,P,788.0,19.47,19.76,2.0,2.0,19.58,0.5082,-0.9933,0.0024,-0.0165,0.0028,0.0,36.0,0.0
2026-08-18 13:36:40,2026-08-18T13:21:15,768.415,2026-08-18,C,789.0,0.0,0.01,0.0,4141.0,0.01,0.4956,0.0064,0.0022,-0.0163,0.0027,0.0,30.0,1016.0
2026-08-18 13:36:40,2026-08-18T13:21:15,768.415,2026-08-18,P,789.0,19.87,20.86,1.0,2.0,20.53,0.4959,-0.9936,0.0022,-0.0163,0.0027,0.0,28.0,0.0
2026-08-18 13:36:40,2026-08-18T13:21:15,768.415,2026-08-18,C,790.0,0.0,0.01,0.0,4558.0,0.01,0.517,0.0061,0.002,-0.0161,0.0026,0.0,9.0,1848.0
2026-08-18 13:36:40,2026-08-18T13:21:15,768.415,2026-08-18,P,790.0,21.33,21.72,2.0,2.0,21.8,0.0,-0.9939,0.002,-0.0161,0.0026,0.0,63.0,2.0
2026-08-18 13:36:40,2026-08-18T13:21:15,768.415,2026-08-18,C,791.0,0.0,0.01,0.0,4618.0,0.01,0.5383,0.0058,0.0019,-0.0159,0.0025,0.0,6.0,2042.0
2026-08-18 13:36:40,2026-08-18T13:21:15,768.415,2026-08-18,P,791.0,22.43,22.71,2.0,2.0,22.75,0.0,-0.9942,0.0019,-0.0159,0.0025,0.0,27.0,0.0
2026-08-18 13:36:40,2026-08-18T13:21:15,768.415,2026-08-18,C,792.0,0.0,0.01,0.0,4681.0,0.01,0.5596,0.0056,0.0018,-0.0158,0.0024,0.0,3.0,1272.0
2026-08-18 13:36:40,2026-08-18T13:21:15,768.415,2026-08-18,P,792.0,23.47,23.73,2.0,2.0,23.68,0.9191,-0.9944,0.0018,-0.0158,0.0024,0.0,25.0,0.0
2026-08-18 13:36:40,2026-08-18T13:21:15,768.415,2026-08-18,C,793.0,0.0,0.01,0.0,4742.0,0.01,0.5807,0.0054,0.0016,-0.0156,0.0023,0.0,0.0,1022.0
2026-08-18 13:36:40,2026-08-18T13:21:15,768.415,2026-08-18,P,793.0,24.44,24.72,1.0,2.0,24.63,0.0,-0.9946,0.0016,-0.0156,0.0023,0.0,23.0,0.0
2026-08-18 13:36:40,2026-08-18T13:21:15,768.415,2026-08-18,C,794.0,0.0,0.01,0.0,4800.0,0.01,0.6017,0.0052,0.0015,-0.0154,0.0022,0.0,1.0,2024.0
2026-08-18 13:36:40,2026-08-18T13:21:15,768.415,2026-08-18,P,794.0,23.89,27.25,10.0,2.0,25.85,0.0,-0.9948,0.0015,-0.0154,0.0022,0.0,20.0,0.0
2026-08-18 13:36:40,2026-08-18T13:21:15,768.415,2026-08-18,C,795.0,0.0,0.01,0.0,4861.0,0.01,0.6227,0.005,0.0014,-0.0152,0.0022,0.0,3.0,377.0
2026-08-18 13:36:40,2026-08-18T13:21:15,768.415,2026-08-18,P,795.0,24.89,28.25,10.0,2.0,26.8,0.0,-0.995,0.0014,-0.0152,0.0022,0.0,27.0,0.0
2026-08-18 13:36:40,2026-08-18T13:21:15,768.415,2026-08-18,C,796.0,0.0,0.01,0.0,4261.0,0.01,0.6435,0.0048,0.0013,-0.0151,0.0021,0.0,1.0,118.0
2026-08-18 13:36:40,2026-08-18T13:21:15,768.415,2026-08-18,P,796.0,27.46,28.17,2.0,2.0,27.56,1.0288,-0.9952,0.0013,-0.0151,0.0021,0.0,21.0,0.0
2026-08-18 13:36:40,2026-08-18T13:21:15,768.415,2026-08-18,C,797.0,0.0,0.01,0.0,4261.0,0.02,0.6643,0.0046,0.0012,-0.0149,0.002,0.0,0.0,102.0
2026-08-18 13:36:40,2026-08-18T13:21:15,768.415,2026-08-18,P,797.0,26.89,30.25,10.0,2.0,28.51,0.0,-0.9954,0.0012,-0.0149,0.002,0.0,25.0,0.0
2026-08-18 13:36:40,2026-08-18T13:21:15,768.415,2026-08-18,C,798.0,0.0,0.01,0.0,4261.0,0.02,0.685,0.0044,0.0012,-0.0148,0.0019,0.0,0.0,153.0
2026-08-18 13:36:40,2026-08-18T13:21:15,768.415,2026-08-18,P,798.0,29.47,29.78,2.0,1.0,29.37,0.9079,-0.9956,0.0012,-0.0147,0.0019,0.0,31.0,0.0
2026-08-18 13:36:40,2026-08-18T13:21:15,768.415,2026-08-18,C,799.0,0.0,0.01,0.0,2261.0,0.01,0.7056,0.0043,0.0011,-0.0146,0.0019,0.0,0.0,174.0
2026-08-18 13:36:40,2026-08-18T13:21:15,768.415,2026-08-18,P,799.0,30.46,30.86,2.0,1.0,30.32,0.0,-0.9957,0.0011,-0.0146,0.0019,0.0,36.0,0.0
2026-08-18 13:36:40,2026-08-18T13:21:15,768.415,2026-08-18,C,800.0,0.0,0.01,0.0,6240.0,0.02,0.7262,0.0041,0.001,-0.0144,0.0018,0.0,10.0,1226.0
2026-08-18 13:36:40,2026-08-18T13:21:15,768.415,2026-08-18,P,800.0,29.89,33.25,10.0,2.0,30.85,0.0,-0.9959,0.001,-0.0144,0.0018,0.0,17.0,0.0
2026-08-18 13:36:40,2026-08-18T13:21:15,768.415,2026-08-18,C,801.0,0.0,0.01,0.0,2261.0,0.02,0.7466,0.004,0.001,-0.0143,0.0018,0.0,0.0,188.0
2026-08-18 13:36:40,2026-08-18T13:21:15,768.415,2026-08-18,P,801.0,30.89,34.25,10.0,2.0,32.75,0.0,-0.996,0.001,-0.0142,0.0018,0.0,16.0,0.0
2026-08-18 13:36:40,2026-08-18T13:21:15,768.415,2026-08-18,C,802.0,0.0,0.01,0.0,2261.0,0.01,0.767,0.0039,0.0009,-0.0141,0.0017,0.0,0.0,155.0
2026-08-18 13:36:40,2026-08-18T13:21:15,768.415,2026-08-18,P,802.0,33.44,33.72,1.0,1.0,33.51,0.7676,-0.9961,0.0009,-0.0141,0.0017,0.0,56.0,0.0
2026-08-18 13:36:40,2026-08-18T13:21:15,768.415,2026-08-18,C,803.0,0.0,0.01,0.0,2261.0,0.02,0.7873,0.0038,0.0009,-0.0139,0.0017,0.0,0.0,41.0
2026-08-18 13:36:40,2026-08-18T13:21:15,768.415,2026-08-18,P,803.0,34.45,34.74,2.0,2.0,34.46,0.0,-0.9962,0.0009,-0.0139,0.0017,0.0,84.0,0.0
2026-08-18 13:36:40,2026-08-18T13:21:15,768.415,2026-08-18,C,804.0,0.0,0.01,0.0,2261.0,0.01,0.8076,0.0036,0.0008,-0.0138,0.0016,0.0,0.0,70.0
2026-08-18 13:36:40,2026-08-18T13:21:15,768.415,2026-08-18,P,804.0,33.89,37.25,10.0,2.0,35.46,0.0,-0.9964,0.0008,-0.0138,0.0016,0.0,27.0,0.0
2026-08-18 13:36:40,2026-08-18T13:21:15,768.415,2026-08-18,C,805.0,0.0,0.01,0.0,2261.0,0.01,0.8278,0.0035,0.0008,-0.0136,0.0016,0.0,2.0,887.0
2026-08-18 13:36:40,2026-08-18T13:21:15,768.415,2026-08-18,P,805.0,34.89,38.25,10.0,2.0,36.41,0.0,-0.9965,0.0008,-0.0136,0.0016,0.0,53.0,0.0
2026-08-18 13:36:40,2026-08-18T13:21:15,768.415,2026-08-18,C,806.0,0.0,0.01,0.0,2261.0,0.01,0.8479,0.0034,0.0008,-0.0135,0.0015,0.0,0.0,231.0
2026-08-18 13:36:40,2026-08-18T13:21:15,768.415,2026-08-18,P,806.0,35.89,39.25,10.0,2.0,37.68,0.0,-0.9966,0.0008,-0.0135,0.0015,0.0,24.0,0.0
2026-08-18 13:57:52,2026-08-18T13:42:15,768.1499,2026-08-18,C,730.0,38.02,38.45,40.0,41.0,38.3,1.3386,0.997,0.0006,-0.0122,0.0012,0.0,28.0,11.0
2026-08-18 13:57:52,2026-08-18T13:42:15,768.1499,2026-08-18,P,730.0,0.0,0.01,0.0,2234.0,0.01,0.9576,-0.003,0.0006,-0.0122,0.0012,0.0,16.0,242.0
2026-08-18 13:57:52,2026-08-18T13:42:15,768.1499,2026-08-18,C,731.0,37.02,37.45,40.0,40.0,37.59,1.3076,0.997,0.0007,-0.0123,0.0013,0.0,33.0,4.0
2026-08-18 13:57:52,2026-08-18T13:42:15,768.1499,2026-08-18,P,731.0,0.0,0.01,0.0,2234.0,0.01,0.934,-0.0031,0.0007,-0.0123,0.0013,0.0,1.0,146.0
2026-08-18 13:57:52,2026-08-18T13:42:15,768.1499,2026-08-18,C,732.0,36.02,36.45,40.0,40.0,36.64,1.2765,0.9968,0.0007,-0.0125,0.0013,0.0,28.0,0.0
2026-08-18 13:57:52,2026-08-18T13:42:15,768.1499,2026-08-18,P,732.0,0.0,0.01,0.0,2233.0,0.01,0.9104,-0.0032,0.0007,-0.0125,0.0013,0.0,1.0,4553.0
2026-08-18 13:57:52,2026-08-18T13:42:15,768.1499,2026-08-18,C,733.0,35.02,35.45,40.0,40.0,35.28,1.2454,0.9967,0.0007,-0.0127,0.0014,0.0,25.0,0.0
2026-08-18 13:57:52,2026-08-18T13:42:15,768.1499,2026-08-18,P,733.0,0.0,0.01,0.0,2234.0,0.01,0.8867,-0.0033,0.0007,-0.0127,0.0014,0.0,0.0,226.0
2026-08-18 13:57:52,2026-08-18T13:42:15,768.1499,2026-08-18,C,734.0,34.02,34.45,40.0,40.0,34.52,1.2142,0.9966,0.0008,-0.0128,0.0014,0.0,39.0,0.0
2026-08-18 13:57:52,2026-08-18T13:42:15,768.1499,2026-08-18,P,734.0,0.0,0.01,0.0,2234.0,0.01,0.863,-0.0034,0.0008,-0.0128,0.0014,0.0,1.0,194.0
2026-08-18 13:57:52,2026-08-18T13:42:15,768.1499,2026-08-18,C,735.0,33.02,33.45,40.0,40.0,33.59,1.183,0.9965,0.0008,-0.013,0.0015,0.0,55.0,16.0
2026-08-18 13:57:52,2026-08-18T13:42:15,768.1499,2026-08-18,P,735.0,0.0,0.01,0.0,2114.0,0.01,0.8394,-0.0035,0.0008,-0.013,0.0015,0.0,1.0,229.0
2026-08-18 13:57:52,2026-08-18T13:42:15,768.1499,2026-08-18,C,736.0,32.02,32.45,40.0,40.0,32.64,1.1517,0.9964,0.0009,-0.0132,0.0015,0.0,43.0,3.0
2026-08-18 13:57:52,2026-08-18T13:42:15,768.1499,2026-08-18,P,736.0,0.0,0.01,0.0,2114.0,0.02,0.8157,-0.0036,0.0009,-0.0132,0.0015,0.0,1.0,661.0
2026-08-18 13:57:52,2026-08-18T13:42:15,768.1499,2026-08-18,C,737.0,31.02,31.45,40.0,40.0,31.74,1.1204,0.9962,0.0009,-0.0134,0.0016,0.0,16.0,0.0
2026-08-18 13:57:52,2026-08-18T13:42:15,768.1499,2026-08-18,P,737.0,0.0,0.01,0.0,2114.0,0.01,0.7919,-0.0038,0.0009,-0.0134,0.0016,0.0,179.0,738.0
2026-08-18 13:57:52,2026-08-18T13:42:15,768.1499,2026-08-18,C,738.0,30.02,30.45,41.0,41.0,30.79,1.0889,0.9961,0.001,-0.0135,0.0016,0.0,18.0,6.0
2026-08-18 13:57:52,2026-08-18T13:42:15,768.1499,2026-08-18,P,738.0,0.0,0.01,0.0,2114.0,0.01,0.7682,-0.0039,0.001,-0.0135,0.0016,0.0,5.0,192.0
2026-08-18 13:57:52,2026-08-18T13:42:15,768.1499,2026-08-18,C,739.0,29.02,29.45,40.0,41.0,29.75,1.0574,0.9959,0.0011,-0.0137,0.0017,0.0,9.0,8.0
2026-08-18 13:57:52,2026-08-18T13:42:15,768.1499,2026-08-18,P,739.0,0.0,0.01,0.0,2114.0,0.02,0.7444,-0.0041,0.0011,-0.0137,0.0017,0.0,0.0,1041.0
2026-08-18 13:57:52,2026-08-18T13:42:15,768.1499,2026-08-18,C,740.0,28.02,28.45,40.0,41.0,28.21,1.0259,0.9958,0.0011,-0.0139,0.0017,0.0,29.0,3.0
2026-08-18 13:57:52,2026-08-18T13:42:15,768.1499,2026-08-18,P,740.0,0.0,0.01,0.0,4114.0,0.01,0.7206,-0.0042,0.0011,-0.0139,0.0017,0.0,527.0,2993.0
2026-08-18 13:57:52,2026-08-18T13:42:15,768.1499,2026-08-18,C,741.0,27.02,27.45,40.0,40.0,27.19,0.9942,0.9956,0.0012,-0.0141,0.0018,0.0,72.0,1.0
2026-08-18 13:57:52,2026-08-18T13:42:15,768.1499,2026-08-18,P,741.0,0.0,0.01,0.0,4114.0,0.01,0.6968,-0.0044,0.0012,-0.0141,0.0018,0.0,460.0,1373.0
2026-08-18 13:57:52,2026-08-18T13:42:15,768.1499,2026-08-18,C,742.0,26.02,26.45,41.0,41.0,26.57,0.9625,0.9954,0.0013,-0.0142,0.0019,0.0,57.0,12.0
2026-08-18 13:57:52,2026-08-18T13:42:15,768.1499,2026-08-18,P,742.0,0.0,0.01,0.0,4114.0,0.01,0.6729,-0.0046,0.0013,-0.0142,0.0019,0.0,5415.0,838.0
2026-08-18 13:57:52,2026-08-18T13:42:15,768.1499,2026-08-18,C,743.0,25.02,25.46,41.0,254.0,25.59,0.9375,0.9952,0.0014,-0.0144,0.002,0.0,38.0,14.0
2026-08-18 13:57:52,2026-08-18T13:42:15,768.1499,2026-08-18,P,743.0,0.0,0.01,0.0,4114.0,0.01,0.649,-0.0048,0.0014,-0.0144,0.002,0.0,4928.0,942.0
2026-08-18 13:57:52,2026-08-18T13:42:15,768.1499,2026-08-18,C,744.0,24.02,24.46,41.0,252.0,24.57,0.9054,0.995,0.0015,-0.0146,0.002,0.0,21.0,56.0
2026-08-18 13:57:52,2026-08-18T13:42:15,768.1499,2026-08-18,P,744.0,0.0,0.01,0.0,4114.0,0.01,0.6251,-0.005,0.0015,-0.0146,0.002,0.0,1857.0,487.0
2026-08-18 13:57:52,2026-08-18T13:42:15,768.1499,2026-08-18,C,745.0,23.02,23.46,40.0,252.0,23.61,0.8731,0.9948,0.0016,-0.0148,0.0021,0.0,15.0,21.0
2026-08-18 13:57:52,2026-08-18T13:42:15,768.1499,2026-08-18,P,745.0,0.0,0.01,0.0,4113.0,0.01,0.6011,-0.0052,0.0016,-0.0148,0.0021,0.0,637.0,1371.0
2026-08-18 13:57:52,2026-08-18T13:42:15,768.1499,2026-08-18,C,746.0,22.03,22.45,100.0,100.0,22.65,0.8408,0.9945,0.0018,-0.015,0.0022,0.0,31.0,18.0
2026-08-18 13:57:52,2026-08-18T13:42:15,768.1499,2026-08-18,P,746.0,0.0,0.01,0.0,4114.0,0.01,0.5771,-0.0055,0.0018,-0.015,0.0022,0.0,777.0,1078.0
2026-08-18 13:57:52,2026-08-18T13:42:15,768.1499,2026-08-18,C,747.0,21.03,21.45,100.0,100.0,21.7,0.8083,0.9943,0.0019,-0.0152,0.0023,0.0,21.0,31.0
2026-08-18 13:57:52,2026-08-18T13:42:15,768.1499,2026-08-18,P,747.0,0.0,0.01,0.0,4144.0,0.02,0.553,-0.0057,0.0019,-0.0152,0.0023,0.0,1908.0,5137.0
2026-08-18 13:57:52,2026-08-18T13:42:15,768.1499,2026-08-18,C,748.0,20.03,20.45,100.0,100.0,20.55,0.7757,0.994,0.0021,-0.0154,0.0024,0.0,24.0,26.0
2026-08-18 13:57:52,2026-08-18T13:42:15,768.1499,2026-08-18,P,748.0,0.0,0.01,0.0,4144.0,0.01,0.5289,-0.006,0.0021,-0.0154,0.0024,0.0,2252.0,1274.0
2026-08-18 13:57:52,2026-08-18T13:42:15,768.1499,2026-08-18,C,749.0,19.03,19.45,100.0,100.0,19.34,0.743,0.9936,0.0023,-0.0156,0.0026,0.0,22.0,24.0
2026-08-18 13:57:52,2026-08-18T13:42:15,768.1499,2026-08-18,P,749.0,0.0,0.01,0.0,4144.0,0.01,0.5047,-0.0064,0.0023,-0.0156,0.0026,0.0,2479.0,6239.0
2026-08-18 13:57:52,2026-08-18T13:42:15,768.1499,2026-08-18,C,750.0,18.03,18.46,100.0,272.0,18.35,0.7154,0.9933,0.0025,-0.0158,0.0027,0.0,57.0,48.0
2026-08-18 13:57:52,2026-08-18T13:42:15,768.1499,2026-08-18,P,750.0,0.0,0.01,0.0,4264.0,0.01,0.4804,-0.0067,0.0025,-0.0158,0.0027,0.0,2385.0,959.0
2026-08-18 13:57:52,2026-08-18T13:42:15,768.1499,2026-08-18,C,751.0,17.03,17.46,100.0,198.0,17.2,0.6822,0.9929,0.0028,-0.016,0.0028,0.0,25.0,12.0
2026-08-18 13:57:52,2026-08-18T13:42:15,768.1499,2026-08-18,P,751.0,0.0,0.01,0.0,4263.0,0.01,0.4561,-0.0071,0.0028,-0.016,0.0028,0.0,3863.0,231.0
2026-08-18 13:57:52,2026-08-18T13:42:15,768.1499,2026-08-18,C,752.0,16.03,16.46,100.0,275.0,16.55,0.6487,0.9925,0.0031,-0.0162,0.003,0.0,36.0,23.0
2026-08-18 13:57:52,2026-08-18T13:42:15,768.1499,2026-08-18,P,752.0,0.01,0.02,1101.0,4264.0,0.01,0.4851,-0.0075,0.0031,-0.0162,0.003,0.0,1448.0,856.0
2026-08-18 13:57:52,2026-08-18T13:42:15,768.1499,2026-08-18,C,753.0,15.03,15.46,100.0,199.0,15.78,0.615,0.992,0.0034,-0.0164,0.0032,0.0,6.0,90.0
2026-08-18 13:57:52,2026-08-18T13:42:15,768.1499,2026-08-18,P,753.0,0.01,0.02,1192.0,4263.0,0.01,0.4582,-0.008,0.0034,-0.0164,0.0032,0.0,2062.0,639.0
2026-08-18 13:57:52,2026-08-18T13:42:15,768.1499,2026-08-18,C,754.0,14.03,14.46,100.0,201.0,14.76,0.581,0.9915,0.0039,-0.0166,0.0033,0.0,50.0,45.0
2026-08-18 13:57:52,2026-08-18T13:42:15,768.1499,2026-08-18,P,754.0,0.01,0.02,1396.0,3264.0,0.01,0.4311,-0.0085,0.0039,-0.0166,0.0033,0.0,2656.0,1250.0
2026-08-18 13:57:52,2026-08-18T13:42:15,768.1499,2026-08-18,C,755.0,13.03,13.46,100.0,201.0,13.81,0.5468,0.9909,0.0044,-0.0168,0.0036,0.0,38.0,53.0
2026-08-18 13:57:52,2026-08-18T13:42:15,768.1499,2026-08-18,P,755.0,0.01,0.02,1488.0,3354.0,0.02,0.4038,-0.0091,0.0044,-0.0168,0.0036,0.0,5883.0,2323.0
2026-08-18 13:57:52,2026-08-18T13:42:15,768.1499,2026-08-18,C,756.0,12.03,12.46,100.0,203.0,12.51,0.5124,0.9902,0.005,-0.017,0.0038,0.0,33.0,62.0
2026-08-18 13:57:52,2026-08-18T13:42:15,768.1499,2026-08-18,P,756.0,0.01,0.02,2582.0,3364.0,0.01,0.3764,-0.0098,0.005,-0.017,0.0038,0.0,4398.0,11806.0
2026-08-18 13:57:52,2026-08-18T13:42:15,768.1499,2026-08-18,C,757.0,11.03,11.46,100.0,201.0,11.4,0.4776,0.9894,0.0058,-0.0172,0.0041,0.0,74.0,59.0
2026-08-18 13:57:52,2026-08-18T13:42:15,768.1499,2026-08-18,P,757.0,0.01,0.02,2675.0,3355.0,0.01,0.3489,-0.0106,0.0058,-0.0172,0.0041,0.0,6967.0,7512.0
2026-08-18 13:57:52,2026-08-18T13:42:15,768.1499,2026-08-18,C,758.0,10.03,10.46,100.0,158.0,10.06,0.4424,0.9885,0.0067,-0.0175,0.0044,0.0,109.0,34.0
2026-08-18 13:57:52,2026-08-18T13:42:15,768.1499,2026-08-18,P,758.0,0.01,0.02,3265.0,3261.0,0.02,0.3211,-0.0115,0.0067,-0.0175,0.0044,0.0,4197.0,1379.0
2026-08-18 13:57:52,2026-08-18T13:42:15,768.1499,2026-08-18,C,759.0,9.03,9.46,100.0,184.0,9.35,0.4068,0.9873,0.008,-0.0179,0.0048,0.0,295.0,68.0
2026-08-18 13:57:52,2026-08-18T13:42:15,768.1499,2026-08-18,P,759.0,0.01,0.02,2665.0,2665.0,0.02,0.2931,-0.0127,0.008,-0.0179,0.0048,0.0,10230.0,1538.0
2026-08-18 13:57:52,2026-08-18T13:42:15,768.1499,2026-08-18,C,760.0,8.08,8.42,89.0,169.0,8.25,0.374,0.9857,0.0097,-0.0185,0.0054,0.0,1727.0,118.0
2026-08-18 13:57:52,2026-08-18T13:42:15,768.1499,2026-08-18,P,760.0,0.01,0.02,2343.0,2665.0,0.02,0.2648,-0.0143,0.0097,-0.0185,0.0054,0.0,53504.0,3668.0
2026-08-18 13:57:52,2026-08-18T13:42:15,768.1499,2026-08-18,C,761.0,7.03,7.46,100.0,85.0,7.33,0.334,0.9834,0.0122,-0.0197,0.0062,0.0,214.0,49.0
2026-08-18 13:57:52,2026-08-18T13:42:15,768.1499,2026-08-18,P,761.0,0.02,0.03,1105.0,2274.0,0.02,0.254,-0.0166,0.0122,-0.0197,0.0062,0.0,51390.0,2374.0
2026-08-18 13:57:52,2026-08-18T13:42:15,768.1499,2026-08-18,C,762.0,6.12,6.46,1.0,198.0,6.26,0.3179,0.9796,0.0163,-0.0223,0.0074,0.0,509.0,147.0
2026-08-18 13:57:52,2026-08-18T13:42:15,768.1499,2026-08-18,P,762.0,0.02,0.03,2158.0,1850.0,0.03,0.2233,-0.0204,0.0163,-0.0223,0.0074,0.0,62229.0,2276.0
2026-08-18 13:57:52,2026-08-18T13:42:15,768.1499,2026-08-18,C,763.0,5.16,5.47,2.0,62.0,5.3,0.2889,0.9726,0.0235,-0.0278,0.0094,0.0,1524.0,561.0
2026-08-18 13:57:52,2026-08-18T13:42:15,768.1499,2026-08-18,P,763.0,0.03,0.04,1303.0,1923.0,0.03,0.2032,-0.0274,0.0235,-0.0278,0.0094,0.0,146944.0,2191.0
2026-08-18 13:57:52,2026-08-18T13:42:15,768.1499,2026-08-18,C,764.0,4.1,4.25,82.0,112.0,4.32,0.1782,0.9588,0.037,-0.0396,0.0131,0.0,3193.0,82.0
2026-08-18 13:57:52,2026-08-18T13:42:15,768.1499,2026-08-18,P,764.0,0.04,0.05,1777.0,1836.0,0.05,0.1782,-0.0412,0.037,-0.0396,0.0131,0.0,128771.0,2461.0
2026-08-18 13:57:52,2026-08-18T13:42:15,768.1499,2026-08-18,C,765.0,3.18,3.27,142.0,112.0,3.22,0.1695,0.9314,0.0626,-0.0637,0.0194,0.0,11120.0,1522.0
2026-08-18 13:57:52,2026-08-18T13:42:15,768.1499,2026-08-18,P,765.0,0.06,0.07,1586.0,1121.0,0.06,0.1547,-0.0686,0.0626,-0.0637,0.0194,0.0,302121.0,7714.0
2026-08-18 13:57:52,2026-08-18T13:42:15,768.1499,2026-08-18,C,766.0,2.26,2.29,34.0,74.0,2.28,0.1421,0.8761,0.1107,-0.1135,0.0294,0.0,17510.0,615.0
2026-08-18 13:57:52,2026-08-18T13:42:15,768.1499,2026-08-18,P,766.0,0.11,0.12,303.0,1121.0,0.12,0.1352,-0.1239,0.1107,-0.1135,0.0294,0.0,278128.0,6173.0
2026-08-18 13:57:52,2026-08-18T13:42:15,768.1499,2026-08-18,C,767.0,1.37,1.4,171.0,149.0,1.37,0.1222,0.7592,0.1935,-0.2289,0.0436,0.0,65583.0,350.0
2026-08-18 13:57:52,2026-08-18T13:42:15,768.1499,2026-08-18,P,767.0,0.22,0.23,375.0,651.0,0.22,0.1164,-0.2408,0.1935,-0.2289,0.0436,0.0,446463.0,3808.0
2026-08-18 13:57:52,2026-08-18T13:42:15,768.1499,2026-08-18,C,768.0,0.66,0.67,129.0,201.0,0.66,0.1073,0.5362,0.2747,-0.5146,0.0546,0.0,279969.0,184.0
2026-08-18 13:57:52,2026-08-18T13:42:15,768.1499,2026-08-18,P,768.0,0.49,0.5,312.0,245.0,0.5,0.1036,-0.4638,0.2747,-0.5146,0.0546,0.0,684277.0,4728.0
2026-08-18 13:57:52,2026-08-18T13:42:15,768.1499,2026-08-18,C,769.0,0.24,0.25,559.0,590.0,0.25,0.1057,0.2671,0.2354,-0.2275,0.046,0.0,471141.0,435.0
2026-08-18 13:57:52,2026-08-18T13:42:15,768.1499,2026-08-18,P,769.0,1.07,1.08,5.0,208.0,1.08,0.0968,-0.7329,0.2354,-0.2275,0.046,0.0,273342.0,3829.0
2026-08-18 13:57:52,2026-08-18T13:42:15,768.1499,2026-08-18,C,770.0,0.08,0.09,449.0,880.0,0.09,0.1126,0.1081,0.123,-0.0783,0.0272,0.0,395586.0,1848.0
2026-08-18 13:57:52,2026-08-18T13:42:15,768.1499,2026-08-18,P,770.0,1.9,1.93,71.0,77.0,1.92,0.1024,-0.8919,0.123,-0.0783,0.0272,0.0,84854.0,11560.0
2026-08-18 13:57:52,2026-08-18T13:42:15,768.1499,2026-08-18,C,771.0,0.04,0.05,744.0,1492.0,0.05,0.1328,0.0512,0.06,-0.0374,0.0159,0.0,248224.0,3002.0
2026-08-18 13:57:52,2026-08-18T13:42:15,768.1499,2026-08-18,P,771.0,2.84,2.9,89.0,42.0,2.9,0.0,-0.9488,0.06,-0.0374,0.0159,0.0,27955.0,5320.0
2026-08-18 13:57:52,2026-08-18T13:42:15,768.1499,2026-08-18,C,772.0,0.03,0.04,458.0,1832.0,0.04,0.1604,0.031,0.0338,-0.0247,0.0107,0.0,215062.0,4210.0
2026-08-18 13:57:52,2026-08-18T13:42:15,768.1499,2026-08-18,P,772.0,3.85,3.96,5.0,139.0,3.9,0.1604,-0.969,0.0338,-0.0247,0.0107,0.0,13883.0,10300.0
2026-08-18 13:57:52,2026-08-18T13:42:15,768.1499,2026-08-18,C,773.0,0.02,0.03,973.0,1932.0,0.02,0.1827,0.0234,0.0227,-0.0211,0.0084,0.0,93826.0,8001.0
2026-08-18 13:57:52,2026-08-18T13:42:15,768.1499,2026-08-18,P,773.0,4.81,4.95,141.0,154.0,4.88,0.1595,-0.9766,0.0227,-0.0211,0.0084,0.0,8373.0,13043.0
2026-08-18 13:57:52,2026-08-18T13:42:15,768.1499,2026-08-18,C,774.0,0.02,0.03,892.0,2086.0,0.02,0.2136,0.0198,0.0169,-0.0203,0.0072,0.0,49500.0,9059.0
2026-08-18 13:57:52,2026-08-18T13:42:15,768.1499,2026-08-18,P,774.0,5.79,5.95,218.0,81.0,5.87,0.0,-0.9802,0.0169,-0.0203,0.0072,0.0,3666.0,7065.0
2026-08-18 13:57:52,2026-08-18T13:42:15,768.1499,2026-08-18,C,775.0,0.01,0.02,2282.0,2570.0,0.01,0.2266,0.0174,0.0133,-0.02,0.0064,0.0,68554.0,9849.0
2026-08-18 13:57:52,2026-08-18T13:42:15,768.1499,2026-08-18,P,775.0,6.79,6.95,195.0,155.0,6.87,0.0,-0.9826,0.0133,-0.02,0.0064,0.0,2900.0,12681.0
2026-08-18 13:57:52,2026-08-18T13:42:15,768.1499,2026-08-18,C,776.0,0.01,0.02,2142.0,2682.0,0.01,0.2547,0.0156,0.0108,-0.0198,0.0058,0.0,34409.0,13705.0
2026-08-18 13:57:52,2026-08-18T13:42:15,768.1499,2026-08-18,P,776.0,7.79,7.95,105.0,107.0,7.76,0.0,-0.9844,0.0108,-0.0198,0.0058,0.0,1108.0,4587.0
2026-08-18 13:57:52,2026-08-18T13:42:15,768.1499,2026-08-18,C,777.0,0.01,0.02,2711.0,3260.0,0.01,0.2825,0.0141,0.009,-0.0196,0.0053,0.0,14592.0,10764.0
2026-08-18 13:57:52,2026-08-18T13:42:15,768.1499,2026-08-18,P,777.0,8.79,8.95,100.0,100.0,8.9,0.0,-0.9859,0.009,-0.0196,0.0053,0.0,597.0,3519.0
2026-08-18 13:57:52,2026-08-18T13:42:15,768.1499,2026-08-18,C,778.0,0.01,0.02,1405.0,3268.0,0.01,0.3098,0.0129,0.0076,-0.0194,0.0049,0.0,7848.0,12327.0
2026-08-18 13:57:52,2026-08-18T13:42:15,768.1499,2026-08-18,P,778.0,9.79,9.95,127.0,90.0,9.35,0.0,-0.9871,0.0076,-0.0194,0.0049,0.0,587.0,3407.0
2026-08-18 13:57:52,2026-08-18T13:42:15,768.1499,2026-08-18,C,779.0,0.01,0.02,1272.0,3269.0,0.01,0.3369,0.0119,0.0065,-0.0192,0.0045,0.0,4812.0,6634.0
2026-08-18 13:57:52,2026-08-18T13:42:15,768.1499,2026-08-18,P,779.0,10.79,10.95,100.0,101.0,10.36,0.0,-0.9881,0.0065,-0.0192,0.0045,0.0,127.0,41.0
2026-08-18 13:57:52,2026-08-18T13:42:15,768.1499,2026-08-18,C,780.0,0.01,0.02,1126.0,3263.0,0.01,0.3636,0.011,0.0056,-0.019,0.0042,0.0,17334.0,12385.0
2026-08-18 13:57:52,2026-08-18T13:42:15,768.1499,2026-08-18,P,780.0,11.79,11.95,100.0,100.0,11.92,0.0,-0.989,0.0056,-0.019,0.0042,0.0,229.0,46.0
2026-08-18 13:57:52,2026-08-18T13:42:15,768.1499,2026-08-18,C,781.0,0.0,0.01,0.0,4269.0,0.01,0.3456,0.0103,0.005,-0.0188,0.004,0.0,8455.0,3686.0
2026-08-18 13:57:52,2026-08-18T13:42:15,768.1499,2026-08-18,P,781.0,12.79,12.97,100.0,100.0,12.3,0.3721,-0.9897,0.005,-0.0188,0.004,0.0,76.0,19.0
2026-08-18 13:57:52,2026-08-18T13:42:15,768.1499,2026-08-18,C,782.0,0.0,0.01,0.0,4331.0,0.01,0.3695,0.0096,0.0044,-0.0186,0.0037,0.0,597.0,4470.0
2026-08-18 13:57:52,2026-08-18T13:42:15,768.1499,2026-08-18,P,782.0,13.56,13.99,249.0,100.0,13.25,0.0,-0.9904,0.0044,-0.0186,0.0037,0.0,68.0,4.0
2026-08-18 13:57:52,2026-08-18T13:42:15,768.1499,2026-08-18,C,783.0,0.0,0.01,0.0,4262.0,0.01,0.3931,0.0091,0.0039,-0.0184,0.0035,0.0,138.0,3258.0
2026-08-18 13:57:52,2026-08-18T13:42:15,768.1499,2026-08-18,P,783.0,14.56,14.99,251.0,100.0,14.4,0.0,-0.991,0.0039,-0.0184,0.0035,0.0,73.0,16.0
2026-08-18 13:57:52,2026-08-18T13:42:15,768.1499,2026-08-18,C,784.0,0.0,0.01,0.0,4260.0,0.01,0.4166,0.0085,0.0035,-0.0182,0.0033,0.0,103.0,3594.0
2026-08-18 13:57:52,2026-08-18T13:42:15,768.1499,2026-08-18,P,784.0,15.56,15.99,202.0,100.0,15.36,0.0,-0.9915,0.0035,-0.0182,0.0033,0.0,89.0,1.0
2026-08-18 13:57:52,2026-08-18T13:42:15,768.1499,2026-08-18,C,785.0,0.0,0.01,0.0,4142.0,0.01,0.44,0.0081,0.0032,-0.018,0.0032,0.0,825.0,2152.0
2026-08-18 13:57:52,2026-08-18T13:42:15,768.1499,2026-08-18,P,785.0,16.78,16.98,41.0,100.0,16.92,0.4722,-0.9919,0.0032,-0.018,0.0032,0.0,74.0,1.0
2026-08-18 13:57:52,2026-08-18T13:42:15,768.1499,2026-08-18,C,786.0,0.0,0.01,0.0,4142.0,0.01,0.4635,0.0077,0.0029,-0.0179,0.003,0.0,223.0,1304.0
2026-08-18 13:57:52,2026-08-18T13:42:15,768.1499,2026-08-18,P,786.0,16.65,18.07,2.0,1.0,17.68,0.0,-0.9923,0.0029,-0.0178,0.003,0.0,52.0,1.0
2026-08-18 13:57:52,2026-08-18T13:42:15,768.1499,2026-08-18,C,787.0,0.0,0.01,0.0,4141.0,0.01,0.4865,0.0073,0.0026,-0.0177,0.0029,0.0,6.0,1220.0
2026-08-18 13:57:52,2026-08-18T13:42:15,768.1499,2026-08-18,P,787.0,18.78,18.97,100.0,100.0,18.63,0.4863,-0.9927,0.0026,-0.0176,0.0029,0.0,142.0,35.0
2026-08-18 13:57:52,2026-08-18T13:42:15,768.1499,2026-08-18,C,788.0,0.0,0.01,0.0,4141.0,0.01,0.5094,0.007,0.0024,-0.0175,0.0028,0.0,143.0,908.0
2026-08-18 13:57:52,2026-08-18T13:42:15,768.1499,2026-08-18,P,788.0,19.63,21.25,2.0,2.0,19.58,1.0452,-0.9931,0.0024,-0.0174,0.0028,0.0,36.0,0.0
2026-08-18 13:57:52,2026-08-18T13:42:15,768.1499,2026-08-18,C,789.0,0.0,0.01,0.0,4141.0,0.01,0.5322,0.0066,0.0022,-0.0173,0.0026,0.0,30.0,1016.0
2026-08-18 13:57:52,2026-08-18T13:42:15,768.1499,2026-08-18,P,789.0,19.65,22.25,2.0,2.0,20.53,0.7401,-0.9934,0.0022,-0.0173,0.0026,0.0,28.0,0.0
2026-08-18 13:57:52,2026-08-18T13:42:15,768.1499,2026-08-18,C,790.0,0.0,0.01,0.0,4558.0,0.01,0.5549,0.0063,0.0021,-0.0171,0.0025,0.0,9.0,1848.0
2026-08-18 13:57:52,2026-08-18T13:42:15,768.1499,2026-08-18,P,790.0,20.65,23.25,2.0,2.0,21.8,0.7696,-0.9937,0.0021,-0.0171,0.0025,0.0,63.0,2.0
2026-08-18 13:57:52,2026-08-18T13:42:15,768.1499,2026-08-18,C,791.0,0.0,0.01,0.0,4618.0,0.01,0.5774,0.0061,0.0019,-0.0169,0.0024,0.0,6.0,2042.0
2026-08-18 13:57:52,2026-08-18T13:42:15,768.1499,2026-08-18,P,791.0,21.65,24.25,2.0,2.0,22.75,0.7988,-0.9939,0.0019,-0.0169,0.0024,0.0,27.0,0.0
2026-08-18 13:57:52,2026-08-18T13:42:15,768.1499,2026-08-18,C,792.0,0.0,0.01,0.0,4681.0,0.01,0.5999,0.0058,0.0018,-0.0167,0.0023,0.0,7.0,1272.0
2026-08-18 13:57:52,2026-08-18T13:42:15,768.1499,2026-08-18,P,792.0,22.16,25.25,1.0,2.0,23.68,0.0,-0.9942,0.0018,-0.0167,0.0023,0.0,25.0,0.0
2026-08-18 13:57:52,2026-08-18T13:42:15,768.1499,2026-08-18,C,793.0,0.0,0.01,0.0,4742.0,0.01,0.6223,0.0056,0.0017,-0.0166,0.0022,0.0,0.0,1022.0
2026-08-18 13:57:52,2026-08-18T13:42:15,768.1499,2026-08-18,P,793.0,23.14,26.25,10.0,2.0,24.63,0.0,-0.9944,0.0017,-0.0166,0.0022,0.0,23.0,0.0
2026-08-18 13:57:52,2026-08-18T13:42:15,768.1499,2026-08-18,C,794.0,0.0,0.01,0.0,4800.0,0.01,0.6446,0.0054,0.0016,-0.0164,0.0022,0.0,1.0,2024.0
2026-08-18 13:57:52,2026-08-18T13:42:15,768.1499,2026-08-18,P,794.0,24.14,27.25,10.0,2.0,25.85,0.0,-0.9946,0.0016,-0.0164,0.0022,0.0,20.0,0.0
2026-08-18 13:57:52,2026-08-18T13:42:15,768.1499,2026-08-18,C,795.0,0.0,0.01,0.0,4861.0,0.01,0.6669,0.0052,0.0014,-0.0162,0.0021,0.0,3.0,377.0
2026-08-18 13:57:52,2026-08-18T13:42:15,768.1499,2026-08-18,P,795.0,25.14,28.25,10.0,2.0,26.8,0.0,-0.9948,0.0014,-0.0162,0.0021,0.0,27.0,0.0
2026-08-18 13:57:52,2026-08-18T13:42:15,768.1499,2026-08-18,C,796.0,0.0,0.01,0.0,4261.0,0.01,0.689,0.005,0.0014,-0.016,0.002,0.0,1.0,118.0
2026-08-18 13:57:52,2026-08-18T13:42:15,768.1499,2026-08-18,P,796.0,26.14,29.25,10.0,2.0,27.56,0.0,-0.995,0.0014,-0.016,0.002,0.0,21.0,0.0
2026-08-18 13:57:52,2026-08-18T13:42:15,768.1499,2026-08-18,C,797.0,0.0,0.01,0.0,4261.0,0.02,0.7113,0.0048,0.0013,-0.0159,0.002,0.0,0.0,102.0
2026-08-18 13:57:52,2026-08-18T13:42:15,768.1499,2026-08-18,P,797.0,27.14,30.25,10.0,2.0,28.51,0.0,-0.9952,0.0013,-0.0159,0.002,0.0,25.0,0.0
2026-08-18 13:57:52,2026-08-18T13:42:15,768.1499,2026-08-18,C,798.0,0.0,0.01,0.0,4261.0,0.02,0.7332,0.0046,0.0012,-0.0158,0.0019,0.0,0.0,153.0
2026-08-18 13:57:52,2026-08-18T13:42:15,768.1499,2026-08-18,P,798.0,29.67,31.25,2.0,2.0,29.37,1.4286,-0.9954,0.0012,-0.0157,0.0019,0.0,31.0,0.0
2026-08-18 13:57:52,2026-08-18T13:42:15,768.1499,2026-08-18,C,799.0,0.0,0.01,0.0,2261.0,0.01,0.755,0.0045,0.0011,-0.0156,0.0018,0.0,0.0,174.0
2026-08-18 13:57:52,2026-08-18T13:42:15,768.1499,2026-08-18,P,799.0,30.7,32.25,2.0,2.0,30.32,1.4729,-0.9955,0.0011,-0.0156,0.0018,0.0,36.0,0.0
2026-08-18 13:57:52,2026-08-18T13:42:15,768.1499,2026-08-18,C,800.0,0.0,0.01,0.0,6114.0,0.02,0.7767,0.0043,0.0011,-0.0154,0.0018,0.0,10.0,1226.0
2026-08-18 13:57:52,2026-08-18T13:42:15,768.1499,2026-08-18,P,800.0,30.14,33.25,10.0,2.0,30.85,0.0,-0.9957,0.0011,-0.0154,0.0018,0.0,17.0,0.0
2026-08-18 13:57:52,2026-08-18T13:42:15,768.1499,2026-08-18,C,801.0,0.0,0.01,0.0,2261.0,0.02,0.7984,0.0042,0.001,-0.0153,0.0017,0.0,0.0,188.0
2026-08-18 13:57:52,2026-08-18T13:42:15,768.1499,2026-08-18,P,801.0,31.14,34.25,10.0,2.0,32.75,0.0,-0.9958,0.001,-0.0152,0.0017,0.0,16.0,0.0
2026-08-18 13:57:52,2026-08-18T13:42:15,768.1499,2026-08-18,C,802.0,0.0,0.01,0.0,2261.0,0.01,0.82,0.0041,0.001,-0.0151,0.0017,0.0,0.0,155.0
2026-08-18 13:57:52,2026-08-18T13:42:15,768.1499,2026-08-18,P,802.0,32.14,35.25,10.0,2.0,33.51,0.0,-0.9959,0.001,-0.0151,0.0017,0.0,56.0,0.0
2026-08-18 13:57:52,2026-08-18T13:42:15,768.1499,2026-08-18,C,803.0,0.0,0.01,0.0,2261.0,0.02,0.8415,0.0039,0.0009,-0.015,0.0016,0.0,0.0,41.0
2026-08-18 13:57:52,2026-08-18T13:42:15,768.1499,2026-08-18,P,803.0,33.14,36.25,10.0,2.0,34.46,0.0,-0.9961,0.0009,-0.0149,0.0016,0.0,84.0,0.0
2026-08-18 13:57:52,2026-08-18T13:42:15,768.1499,2026-08-18,C,804.0,0.0,0.01,0.0,2261.0,0.01,0.8629,0.0038,0.0009,-0.0148,0.0016,0.0,0.0,70.0
2026-08-18 13:57:52,2026-08-18T13:42:15,768.1499,2026-08-18,P,804.0,34.14,37.25,10.0,2.0,35.46,0.0,-0.9962,0.0009,-0.0148,0.0016,0.0,27.0,0.0
2026-08-18 13:57:52,2026-08-18T13:42:15,768.1499,2026-08-18,C,805.0,0.0,0.01,0.0,2261.0,0.01,0.8843,0.0037,0.0008,-0.0146,0.0015,0.0,2.0,887.0
2026-08-18 13:57:52,2026-08-18T13:42:15,768.1499,2026-08-18,P,805.0,35.14,38.25,10.0,2.0,36.41,0.0,-0.9963,0.0008,-0.0146,0.0015,0.0,53.0,0.0
2026-08-18 13:57:52,2026-08-18T13:42:15,768.1499,2026-08-18,C,806.0,0.0,0.01,0.0,2261.0,0.01,0.9056,0.0036,0.0008,-0.0145,0.0015,0.0,0.0,231.0
2026-08-18 13:57:52,2026-08-18T13:42:15,768.1499,2026-08-18,P,806.0,36.14,39.25,10.0,2.0,37.68,0.0,-0.9964,0.0008,-0.0144,0.0015,0.0,24.0,0.0
