date,quote_ts,minute,hold_min,type,strike,spot,paid,spread_pct,be_move_pts,be_move_pct,bucket
2026-07-17,2026-07-17 09:34:11-04:00,574,15,C,741.0,741.17,2.47,0.8097165991902842,0.6485714285714721,0.08750643287929519,09:30-10:00
2026-07-17,2026-07-17 09:34:11-04:00,574,15,P,741.0,741.17,2.18,0.45871559633028575,0.49568627450980784,0.06687889074163927,09:30-10:00
2026-07-17,2026-07-17 09:34:11-04:00,574,30,C,741.0,741.17,2.47,0.8097165991902842,0.9273015873015993,0.12511321117983717,09:30-10:00
2026-07-17,2026-07-17 09:34:11-04:00,574,30,P,741.0,741.17,2.18,0.45871559633028575,0.8600000000000136,0.116032759016152,09:30-10:00
2026-07-17,2026-07-17 09:34:11-04:00,574,60,C,741.0,741.17,2.47,0.8097165991902842,1.1207692307692696,0.1512162163564728,09:30-10:00
2026-07-17,2026-07-17 09:34:11-04:00,574,60,P,741.0,741.17,2.18,0.45871559633028575,1.0984615384614926,0.14820642207071152,09:30-10:00
2026-07-17,2026-07-17 09:39:11-04:00,579,15,C,741.0,741.33,2.33,0.42918454935623307,0.463220338983092,0.06248503891426112,09:30-10:00
2026-07-17,2026-07-17 09:39:11-04:00,579,15,P,741.0,741.33,1.94,1.0309278350515474,0.35000000000002274,0.04721244250199273,09:30-10:00
2026-07-17,2026-07-17 09:39:11-04:00,579,30,C,741.0,741.33,2.33,0.42918454935623307,0.6722033898305426,0.09067532540576297,09:30-10:00
2026-07-17,2026-07-17 09:39:11-04:00,579,30,P,741.0,741.33,1.94,1.0309278350515474,0.6273469387755313,0.08462451793068286,09:30-10:00
2026-07-17,2026-07-17 09:39:11-04:00,579,60,C,741.0,741.33,2.33,0.42918454935623307,0.8473015873015584,0.11429479277805543,09:30-10:00
2026-07-17,2026-07-17 09:39:11-04:00,579,60,P,741.0,741.33,1.94,1.0309278350515474,0.8951724137931478,0.12075221747307513,09:30-10:00
2026-07-17,2026-07-17 09:44:12-04:00,584,15,C,741.0,740.94,2.07,0.4830917874396033,0.5144444444443934,0.06943132297411306,09:30-10:00
2026-07-17,2026-07-17 09:44:12-04:00,584,15,P,741.0,740.94,2.11,0.47393364928908943,0.5027272727273839,0.06784993018697653,09:30-10:00
2026-07-17,2026-07-17 09:44:12-04:00,584,30,C,741.0,740.94,2.07,0.4830917874396033,0.670099999999934,0.09043917186276,09:30-10:00
2026-07-17,2026-07-17 09:44:12-04:00,584,30,P,741.0,740.94,2.11,0.47393364928908943,0.7099000000000615,0.0958107269144683,09:30-10:00
2026-07-17,2026-07-17 09:44:12-04:00,584,60,C,741.0,740.94,2.07,0.4830917874396033,0.7971052631578459,0.10758027143329364,09:30-10:00
2026-07-17,2026-07-17 09:44:12-04:00,584,60,P,741.0,740.94,2.11,0.47393364928908943,0.8185849056604866,0.11047924334770515,09:30-10:00
2026-07-17,2026-07-17 09:49:12-04:00,589,15,C,743.0,742.89,1.96,0.5102040816326535,0.36074074074076634,0.04855910575465632,09:30-10:00
2026-07-17,2026-07-17 09:49:12-04:00,589,15,P,743.0,742.89,2.09,0.956937799043063,0.41636363636359874,0.05604647207037364,09:30-10:00
2026-07-17,2026-07-17 09:49:12-04:00,589,30,C,743.0,742.89,1.96,0.5102040816326535,0.5328571428570967,0.0717275966639875,09:30-10:00
2026-07-17,2026-07-17 09:49:12-04:00,589,30,P,743.0,742.89,2.09,0.956937799043063,0.525094339622683,0.07068265013968193,09:30-10:00
2026-07-17,2026-07-17 09:49:12-04:00,589,60,C,743.0,742.89,1.96,0.5102040816326535,0.6254545454546587,0.08419208031534396,09:30-10:00
2026-07-17,2026-07-17 09:49:12-04:00,589,60,P,743.0,742.89,2.09,0.956937799043063,0.7510344827585413,0.10109632418777226,09:30-10:00
2026-07-17,2026-07-17 09:54:11-04:00,594,15,C,744.0,744.2,1.99,0.5025125628140708,0.2259322033897888,0.03035907059792916,09:30-10:00
2026-07-17,2026-07-17 09:54:11-04:00,594,15,P,744.0,744.2,1.84,0.5434782608695656,0.2932653061224073,0.03940678663294911,09:30-10:00
2026-07-17,2026-07-17 09:54:11-04:00,594,30,C,744.0,744.2,1.99,0.5025125628140708,0.27344262295082444,0.036743163524700945,09:30-10:00
2026-07-17,2026-07-17 09:54:11-04:00,594,30,P,744.0,744.2,1.84,0.5434782608695656,0.44000000000005457,0.05912389142704307,09:30-10:00
2026-07-17,2026-07-17 09:54:11-04:00,594,60,C,744.0,744.2,1.99,0.5025125628140708,0.4499999999999318,0.06046761623218648,09:30-10:00
2026-07-17,2026-07-17 09:54:11-04:00,594,60,P,744.0,744.2,1.84,0.5434782608695656,0.6750000000000682,0.09070142434830263,09:30-10:00
2026-07-17,2026-07-17 09:59:11-04:00,599,15,C,745.0,744.69,1.66,0.6024096385542175,0.21805918367340382,0.02928187348741138,09:30-10:00
2026-07-17,2026-07-17 09:59:11-04:00,599,15,P,745.0,744.69,2.03,0.49261083743841316,0.2999000000000933,0.0402717909465809,09:30-10:00
2026-07-17,2026-07-17 09:59:11-04:00,599,30,C,745.0,744.69,1.66,0.6024096385542175,0.18923076923067583,0.02541067682266122,09:30-10:00
2026-07-17,2026-07-17 09:59:11-04:00,599,30,P,745.0,744.69,2.03,0.49261083743841316,0.3300000000000409,0.04431374128832681,09:30-10:00
2026-07-17,2026-07-17 09:59:11-04:00,599,60,C,745.0,744.69,1.66,0.6024096385542175,0.4047457627118547,0.054350906110173985,09:30-10:00
2026-07-17,2026-07-17 09:59:11-04:00,599,60,P,745.0,744.69,2.03,0.49261083743841316,0.564615384615422,0.07581884873107227,09:30-10:00
2026-07-17,2026-07-17 10:04:12-04:00,604,15,C,746.0,745.51,1.58,1.2658227848101276,0.225555555555502,0.030255201882671192,10:00-10:30
2026-07-17,2026-07-17 10:04:12-04:00,604,15,P,746.0,745.51,2.08,0.4807692307692419,0.12622641509437926,0.016931552238652635,10:00-10:30
2026-07-17,2026-07-17 10:04:12-04:00,604,30,C,746.0,745.51,1.58,1.2658227848101276,0.2648936170212437,0.0355318663762047,10:00-10:30
2026-07-17,2026-07-17 10:04:12-04:00,604,30,P,746.0,745.51,2.08,0.4807692307692419,0.24615384615378844,0.03301818166809143,10:00-10:30
2026-07-17,2026-07-17 10:04:12-04:00,604,60,C,746.0,745.51,1.58,1.2658227848101276,0.5276923076922913,0.07078272695098539,10:00-10:30
2026-07-17,2026-07-17 10:04:12-04:00,604,60,P,746.0,745.51,2.08,0.4807692307692419,0.443793103448229,0.05952879283285656,10:00-10:30
2026-07-17,2026-07-17 10:09:13-04:00,609,15,C,746.0,746.07,1.8,1.111111111111112,0.09196721311479905,0.012326887974962007,10:00-10:30
2026-07-17,2026-07-17 10:09:13-04:00,609,15,P,746.0,746.07,1.77,0.56497175141243,0.16999999999995907,0.022786065650670723,10:00-10:30
2026-07-17,2026-07-17 10:09:13-04:00,609,30,C,746.0,746.07,1.8,1.111111111111112,0.21230769230771784,0.028456805970983663,10:00-10:30
2026-07-17,2026-07-17 10:09:13-04:00,609,30,P,746.0,746.07,1.77,0.56497175141243,0.2939534883721535,0.03940025578995986,10:00-10:30
2026-07-17,2026-07-17 10:09:13-04:00,609,60,C,746.0,746.07,1.8,1.111111111111112,0.38676666666663095,0.05184053328328856,10:00-10:30
2026-07-17,2026-07-17 10:09:13-04:00,609,60,P,746.0,746.07,1.77,0.56497175141243,0.6099000000000387,0.08174836141381354,10:00-10:30
2026-07-17,2026-07-17 10:14:13-04:00,614,15,C,746.0,746.0101,1.72,0.5813953488372098,-0.01548461538459378,-0.002075657606323799,10:00-10:30
2026-07-17,2026-07-17 10:14:13-04:00,614,15,P,746.0,746.0101,1.73,0.5780346820809253,0.011802127659507278,0.001582033227098035,10:00-10:30
2026-07-17,2026-07-17 10:14:13-04:00,614,30,C,746.0,746.0101,1.72,0.5813953488372098,0.11297017543859056,0.015143250130070701,10:00-10:30
2026-07-17,2026-07-17 10:14:13-04:00,614,30,P,746.0,746.0101,1.73,0.5780346820809253,0.17170377358490896,0.023016280018850813,10:00-10:30
2026-07-17,2026-07-17 10:14:13-04:00,614,60,C,746.0,746.0101,1.72,0.5813953488372098,0.2963406779661,0.03972341365969442,10:00-10:30
2026-07-17,2026-07-17 10:14:13-04:00,614,60,P,746.0,746.0101,1.73,0.5780346820809253,0.4300999999999249,0.05765337493418988,10:00-10:30
2026-07-17,2026-07-17 10:19:30-04:00,619,15,C,747.0,746.78,1.62,1.234567901234569,0.08000000000004093,0.01071265968558892,10:00-10:30
2026-07-17,2026-07-17 10:19:30-04:00,619,15,P,747.0,746.78,1.88,0.5319148936170099,0.13153846153841187,0.017614084675327654,10:00-10:30
2026-07-17,2026-07-17 10:19:30-04:00,619,30,C,747.0,746.78,1.62,1.234567901234569,0.11727272727284799,0.01570378522092825,10:00-10:30
2026-07-17,2026-07-17 10:19:30-04:00,619,30,P,747.0,746.78,1.88,0.5319148936170099,0.2789655172413177,0.03735578312773745,10:00-10:30
2026-07-17,2026-07-17 10:19:30-04:00,619,60,C,747.0,746.78,1.62,1.234567901234569,0.42692307692311715,0.05716852043749393,10:00-10:30
2026-07-17,2026-07-17 10:19:30-04:00,619,60,P,747.0,746.78,1.88,0.5319148936170099,0.5694915254237003,0.07625961132109862,10:00-10:30
2026-07-17,2026-07-17 10:25:13-04:00,625,15,C,747.0,747.08,1.76,0.5681818181818187,0.11324561403500866,0.015158432033384465,10:00-10:30
2026-07-17,2026-07-17 10:25:13-04:00,625,15,P,747.0,747.08,1.69,0.5917159763313614,0.16119047619054072,0.021576066310239964,10:00-10:30
2026-07-17,2026-07-17 10:25:13-04:00,625,30,C,747.0,747.08,1.76,0.5681818181818187,0.15181818181815743,0.020321542782320155,10:00-10:30
2026-07-17,2026-07-17 10:25:13-04:00,625,30,P,747.0,747.08,1.69,0.5917159763313614,0.2522222222222581,0.0337610727395002,10:00-10:30
2026-07-17,2026-07-17 10:25:13-04:00,625,60,C,747.0,747.08,1.76,0.5681818181818187,0.40148148148148266,0.053740092290180785,10:00-10:30
2026-07-17,2026-07-17 10:25:13-04:00,625,60,P,747.0,747.08,1.69,0.5917159763313614,0.5365217391304213,0.07181583486780817,10:00-10:30
2026-07-17,2026-07-17 10:30:14-04:00,630,15,C,746.0,746.36,1.92,0.5208333333333338,0.11394736842100883,0.015267078677984998,10:00-10:30
2026-07-17,2026-07-17 10:30:14-04:00,630,15,P,746.0,746.36,1.57,0.6369426751592362,0.155476190476179,0.020831259777611206,10:00-10:30
2026-07-17,2026-07-17 10:30:14-04:00,630,30,C,746.0,746.36,1.92,0.5208333333333338,0.17542372881348456,0.023503902783306253,10:00-10:30
2026-07-17,2026-07-17 10:30:14-04:00,630,30,P,746.0,746.36,1.57,0.6369426751592362,0.35000000000002274,0.0468942601425616,10:00-10:30
2026-07-17,2026-07-17 10:30:14-04:00,630,60,C,746.0,746.36,1.92,0.5208333333333338,0.5024999999999409,0.06732675920466542,10:00-10:30
2026-07-17,2026-07-17 10:30:14-04:00,630,60,P,746.0,746.36,1.57,0.6369426751592362,0.6143478260870552,0.08231253364154767,10:00-10:30
2026-07-17,2026-07-17 10:35:12-04:00,635,15,C,746.0,745.86,1.63,0.6134969325153244,0.055454545454608706,0.007434980486231827,10:30-11:00
2026-07-17,2026-07-17 10:35:12-04:00,635,15,P,746.0,745.86,1.78,0.5617977528089892,0.15666666666663787,0.02100483558129379,10:30-11:00
2026-07-17,2026-07-17 10:35:12-04:00,635,30,C,746.0,745.86,1.63,0.6134969325153244,0.2738461538461934,0.03671549001772362,10:30-11:00
2026-07-17,2026-07-17 10:35:12-04:00,635,30,P,746.0,745.86,1.78,0.5617977528089892,0.24956521739125037,0.033460061860302245,10:30-11:00
2026-07-17,2026-07-17 10:35:12-04:00,635,60,C,746.0,745.86,1.63,0.6134969325153244,0.44785714285706035,0.06004573818907843,10:30-11:00
2026-07-17,2026-07-17 10:35:12-04:00,635,60,P,746.0,745.86,1.78,0.5617977528089892,0.45181818181822564,0.06057680822382561,10:30-11:00
2026-07-17,2026-07-17 10:40:12-04:00,640,15,C,747.0,746.59,1.45,0.6896551724137937,0.07818181818174708,0.010471854455825429,10:30-11:00
2026-07-17,2026-07-17 10:40:12-04:00,640,15,P,747.0,746.59,1.86,0.5376344086021511,0.100714285714389,0.013489905532405871,10:30-11:00
2026-07-17,2026-07-17 10:40:12-04:00,640,30,C,747.0,746.59,1.45,0.6896551724137937,0.2300999999998794,0.030820128852499955,10:30-11:00
2026-07-17,2026-07-17 10:40:12-04:00,640,30,P,747.0,746.59,1.86,0.5376344086021511,0.3099000000000842,0.041508726342448225,10:30-11:00
2026-07-17,2026-07-17 10:40:12-04:00,640,60,C,747.0,746.59,1.45,0.6896551724137937,0.4807017543859047,0.06438631034247776,10:30-11:00
2026-07-17,2026-07-17 10:40:12-04:00,640,60,P,747.0,746.59,1.86,0.5376344086021511,0.42962962962974416,0.05754559123879829,10:30-11:00
2026-07-17,2026-07-17 10:45:14-04:00,645,15,C,746.0,745.895,1.6,0.6250000000000006,0.09459183673470761,0.01268165582752366,10:30-11:00
2026-07-17,2026-07-17 10:45:14-04:00,645,15,P,746.0,745.895,1.72,1.1627906976744196,0.1734615384615381,0.023255490177778122,10:30-11:00
2026-07-17,2026-07-17 10:45:14-04:00,645,30,C,746.0,745.895,1.6,0.6250000000000006,0.20459183673472126,0.027429039842701893,10:30-11:00
2026-07-17,2026-07-17 10:45:14-04:00,645,30,P,746.0,745.895,1.72,1.1627906976744196,0.2949999999999591,0.0395498025861494,10:30-11:00
2026-07-17,2026-07-17 10:45:14-04:00,645,60,C,746.0,745.895,1.6,0.6250000000000006,0.5157692307692514,0.06914769917605715,10:30-11:00
2026-07-17,2026-07-17 10:45:14-04:00,645,60,P,746.0,745.895,1.72,1.1627906976744196,0.5483333333334031,0.07351347486354018,10:30-11:00
2026-07-17,2026-07-17 10:50:13-04:00,650,15,C,746.0,745.57,1.45,0.6896551724137937,0.21769230769223213,0.029198104496188433,10:30-11:00
2026-07-17,2026-07-17 10:50:13-04:00,650,15,P,746.0,745.57,1.85,0.540540540540541,0.10724137931038058,0.0143838109514037,10:30-11:00
2026-07-17,2026-07-17 10:50:13-04:00,650,30,C,746.0,745.57,1.45,0.6896551724137937,0.30999999999994543,0.04157892619069241,10:30-11:00
2026-07-17,2026-07-17 10:50:13-04:00,650,30,P,746.0,745.57,1.85,0.540540540540541,0.3086440677966493,0.04139706101327163,10:30-11:00
2026-07-17,2026-07-17 10:50:13-04:00,650,60,C,746.0,745.57,1.45,0.6896551724137937,0.5876481481481051,0.0788186418643595,10:30-11:00
2026-07-17,2026-07-17 10:50:13-04:00,650,60,P,746.0,745.57,1.85,0.540540540540541,0.508775862069001,0.0682398516663762,10:30-11:00
2026-07-17,2026-07-17 10:55:13-04:00,655,15,C,746.0,745.65,1.45,0.6896551724137937,0.17009999999993397,0.02281231140614685,10:30-11:00
2026-07-17,2026-07-17 10:55:13-04:00,655,15,P,746.0,745.65,1.78,0.5617977528089892,0.20990000000006148,0.028149936297198617,10:30-11:00
2026-07-17,2026-07-17 10:55:13-04:00,655,30,C,746.0,745.65,1.45,0.6896551724137937,0.2574074074074133,0.03452121067624399,10:30-11:00
2026-07-17,2026-07-17 10:55:13-04:00,655,30,P,746.0,745.65,1.78,0.5617977528089892,0.2728070175438688,0.0365864705349519,10:30-11:00
2026-07-17,2026-07-17 10:55:13-04:00,655,60,C,746.0,745.65,1.45,0.6896551724137937,0.6342372881356368,0.08505830994912315,10:30-11:00
2026-07-17,2026-07-17 10:55:13-04:00,655,60,P,746.0,745.65,1.78,0.5617977528089892,0.5256603773584629,0.07049693252309568,10:30-11:00
2026-07-17,2026-07-17 11:00:14-04:00,660,15,C,745.0,745.01,1.62,0.6172839506172845,0.12694915254235184,0.017039925979832733,10:30-11:00
2026-07-17,2026-07-17 11:00:14-04:00,660,15,P,745.0,745.01,1.58,0.6329113924050638,0.12999999999999545,0.017449430208989872,10:30-11:00
2026-07-17,2026-07-17 11:00:14-04:00,660,30,C,745.0,745.01,1.62,0.6172839506172845,0.35481481481474475,0.047625510370967475,10:30-11:00
2026-07-17,2026-07-17 11:00:14-04:00,660,30,P,745.0,745.01,1.58,0.6329113924050638,0.2860869565217854,0.03840041831945684,10:30-11:00
2026-07-17,2026-07-17 11:00:14-04:00,660,60,C,745.0,745.01,1.62,0.6172839506172845,0.5472413793103215,0.07345423273651648,10:30-11:00
2026-07-17,2026-07-17 11:00:14-04:00,660,60,P,745.0,745.01,1.58,0.6329113924050638,0.4983018867924329,0.06688526151225258,10:30-11:00
2026-07-17,2026-07-17 11:05:14-04:00,665,15,C,744.0,744.48,1.82,0.5494505494505499,0.07460317460311217,0.0100208433541683,11:00-12:00
2026-07-17,2026-07-17 11:05:14-04:00,665,15,P,744.0,744.48,1.39,0.7194244604316554,0.2702127659574671,0.03629550370157252,11:00-12:00
2026-07-17,2026-07-17 11:05:14-04:00,665,30,C,744.0,744.48,1.82,0.5494505494505499,0.16714285714283506,0.022450953302014166,11:00-12:00
2026-07-17,2026-07-17 11:05:14-04:00,665,30,P,744.0,744.48,1.39,0.7194244604316554,0.27139534883724536,0.03645435053154488,11:00-12:00
2026-07-17,2026-07-17 11:05:14-04:00,665,60,C,744.0,744.48,1.82,0.5494505494505499,0.20483870967746043,0.027514333451195524,11:00-12:00
2026-07-17,2026-07-17 11:05:14-04:00,665,60,P,744.0,744.48,1.39,0.7194244604316554,0.39489795918359505,0.05304346109816181,11:00-12:00
2026-07-17,2026-07-17 11:10:13-04:00,670,15,C,745.0,745.1401,1.62,0.6172839506172845,0.08212222222221044,0.011021044528701441,11:00-12:00
2026-07-17,2026-07-17 11:10:13-04:00,670,15,P,745.0,745.1401,1.44,0.6944444444444451,0.053143478260835764,0.007132011585584477,11:00-12:00
2026-07-17,2026-07-17 11:10:13-04:00,670,30,C,745.0,745.1401,1.62,0.6172839506172845,0.22884736842104303,0.030711992069819224,11:00-12:00
2026-07-17,2026-07-17 11:10:13-04:00,670,30,P,745.0,745.1401,1.44,0.6944444444444451,0.1682818181818675,0.022583916525478562,11:00-12:00
2026-07-17,2026-07-17 11:10:13-04:00,670,60,C,745.0,745.1401,1.62,0.6172839506172845,0.4013754098360778,0.053865764281921996,11:00-12:00
2026-07-17,2026-07-17 11:10:13-04:00,670,60,P,745.0,745.1401,1.44,0.6944444444444451,0.2300999999999931,0.030880098923677993,11:00-12:00
2026-07-17,2026-07-17 11:15:15-04:00,675,15,C,744.0,744.12,1.62,0.6172839506172845,0.16999999999995907,0.022845777562753196,11:00-12:00
2026-07-17,2026-07-17 11:15:15-04:00,675,15,P,744.0,744.12,1.47,0.680272108843538,0.09744186046521008,0.013094912173468,11:00-12:00
2026-07-17,2026-07-17 11:15:15-04:00,675,30,C,744.0,744.12,1.62,0.6172839506172845,0.3258730158729577,0.043793073143170144,11:00-12:00
2026-07-17,2026-07-17 11:15:15-04:00,675,30,P,744.0,744.12,1.47,0.680272108843538,0.26446808510638675,0.03554105320464263,11:00-12:00
2026-07-17,2026-07-17 11:15:15-04:00,675,60,C,744.0,744.12,1.62,0.6172839506172845,0.41193548387093415,0.05535874373366313,11:00-12:00
2026-07-17,2026-07-17 11:15:15-04:00,675,60,P,744.0,744.12,1.47,0.680272108843538,0.38102040816329463,0.051204161716295035,11:00-12:00
2026-07-17,2026-07-17 11:20:14-04:00,680,15,C,744.0,744.38,1.73,1.1560693641618507,0.10642857142852336,0.014297612970327434,11:00-12:00
2026-07-17,2026-07-17 11:20:14-04:00,680,15,P,744.0,744.38,1.32,0.7575757575757582,0.008604651162841037,0.0011559487308687817,11:00-12:00
2026-07-17,2026-07-17 11:20:14-04:00,680,30,C,744.0,744.38,1.73,1.1560693641618507,0.3788135593219977,0.050889808877454756,11:00-12:00
2026-07-17,2026-07-17 11:20:14-04:00,680,30,P,744.0,744.38,1.32,0.7575757575757582,0.3877358490566394,0.052088429170133455,11:00-12:00
2026-07-17,2026-07-17 11:20:14-04:00,680,60,C,744.0,744.38,1.73,1.1560693641618507,0.39692307692303075,0.05332264124815696,11:00-12:00
2026-07-17,2026-07-17 11:20:14-04:00,680,60,P,744.0,744.38,1.32,0.7575757575757582,0.42347826086961504,0.05689006433133816,11:00-12:00
2026-07-17,2026-07-17 11:25:15-04:00,685,15,C,744.0,744.5,1.78,0.5617977528089892,0.14964912280697718,0.02010062092773367,11:00-12:00
2026-07-17,2026-07-17 11:25:15-04:00,685,15,P,744.0,744.5,1.26,0.7936507936507943,0.11909090909091447,0.015996092557543917,11:00-12:00
2026-07-17,2026-07-17 11:25:15-04:00,685,30,C,744.0,744.5,1.78,0.5617977528089892,0.3435593220339115,0.04614631592127757,11:00-12:00
2026-07-17,2026-07-17 11:25:15-04:00,685,30,P,744.0,744.5,1.26,0.7936507936507943,0.37243902439024623,0.0500253894412688,11:00-12:00
2026-07-17,2026-07-17 11:25:15-04:00,685,60,C,744.0,744.5,1.78,0.5617977528089892,0.2820634920634575,0.03788629846386266,11:00-12:00
2026-07-17,2026-07-17 11:25:15-04:00,685,60,P,744.0,744.5,1.26,0.7936507936507943,0.37326530612244824,0.05013637422732682,11:00-12:00
2026-07-17,2026-07-17 11:30:14-04:00,690,15,C,746.0,745.55,1.2,1.6666666666666683,0.09153846153844825,0.012277977538521662,11:00-12:00
2026-07-17,2026-07-17 11:30:14-04:00,690,15,P,746.0,745.55,1.67,0.5988023952095813,0.12000000000000455,0.016095499966468318,11:00-12:00
2026-07-17,2026-07-17 11:30:14-04:00,690,30,C,746.0,745.55,1.2,1.6666666666666683,0.23468085106378567,0.03147754692023146,11:00-12:00
2026-07-17,2026-07-17 11:30:14-04:00,690,30,P,746.0,745.55,1.67,0.5988023952095813,0.20811320754717144,0.02791405104247488,11:00-12:00
2026-07-17,2026-07-17 11:30:14-04:00,690,60,C,746.0,745.55,1.2,1.6666666666666683,0.27928571428572013,0.03746036004100599,11:00-12:00
2026-07-17,2026-07-17 11:30:14-04:00,690,60,P,746.0,745.55,1.67,0.5988023952095813,0.23892156862734737,0.03204635083191568,11:00-12:00
2026-07-17,2026-07-17 11:35:14-04:00,695,15,C,745.0,744.79,1.35,0.7407407407407414,0.32474576271192745,0.043602325851841116,11:00-12:00
2026-07-17,2026-07-17 11:35:14-04:00,695,15,P,745.0,744.79,1.58,0.6329113924050638,0.28830188679239654,0.0387091511422544,11:00-12:00
2026-07-17,2026-07-17 11:35:14-04:00,695,30,C,745.0,744.79,1.35,0.7407407407407414,0.04980392156869584,0.006686975062594267,11:00-12:00
2026-07-17,2026-07-17 11:35:14-04:00,695,30,P,745.0,744.79,1.58,0.6329113924050638,0.09265306122438233,0.012440159135378069,11:00-12:00
2026-07-17,2026-07-17 11:35:14-04:00,695,60,C,745.0,744.79,1.35,0.7407407407407414,0.34596491228069226,0.04645133692459516,11:00-12:00
2026-07-17,2026-07-17 11:35:14-04:00,695,60,P,745.0,744.79,1.58,0.6329113924050638,0.39714285714285325,0.05332279664641754,11:00-12:00
2026-07-17,2026-07-17 11:40:16-04:00,700,15,C,746.0,745.79,1.3,0.7692307692307698,0.20744680851066732,0.027815713338965035,11:00-12:00
2026-07-17,2026-07-17 11:40:16-04:00,700,15,P,746.0,745.79,1.53,0.6535947712418306,0.18396226415097772,0.02466676465908335,11:00-12:00
2026-07-17,2026-07-17 11:40:16-04:00,700,30,C,746.0,745.79,1.3,0.7692307692307698,0.16666666666662877,0.02234766712702353,11:00-12:00
2026-07-17,2026-07-17 11:40:16-04:00,700,30,P,746.0,745.79,1.53,0.6535947712418306,0.1734693877550626,0.02325981680567755,11:00-12:00
2026-07-17,2026-07-17 11:40:16-04:00,700,60,C,746.0,745.79,1.3,0.7692307692307698,0.36338983050859497,0.048725489817320555,11:00-12:00
2026-07-17,2026-07-17 11:40:16-04:00,700,60,P,746.0,745.79,1.53,0.6535947712418306,0.37703703703698466,0.05055538918958215,11:00-12:00
2026-07-17,2026-07-17 11:45:15-04:00,705,15,C,745.0,745.43,1.63,1.2269938650306624,0.14448275862071114,0.019382471676845734,11:00-12:00
2026-07-17,2026-07-17 11:45:15-04:00,705,15,P,745.0,745.43,1.21,0.8264462809917362,0.1704878048780074,0.022871068360276272,11:00-12:00
2026-07-17,2026-07-17 11:45:15-04:00,705,30,C,745.0,745.43,1.63,1.2269938650306624,0.11806451612903857,0.015838444405113634,11:00-12:00
2026-07-17,2026-07-17 11:45:15-04:00,705,30,P,745.0,745.43,1.21,0.8264462809917362,0.16040816326528784,0.02151887679128662,11:00-12:00
2026-07-17,2026-07-17 11:45:15-04:00,705,60,C,745.0,745.43,1.63,1.2269938650306624,0.28750000000002274,0.038568343103983306,11:00-12:00
2026-07-17,2026-07-17 11:45:15-04:00,705,60,P,745.0,745.43,1.21,0.8264462809917362,0.4357142857143117,0.058451401971253064,11:00-12:00
2026-07-17,2026-07-17 11:50:13-04:00,710,15,C,746.0,745.5095,1.11,0.9009009009009016,-0.14028431372548766,-0.018817240253207728,11:00-12:00
2026-07-17,2026-07-17 11:50:13-04:00,710,15,P,746.0,745.5095,1.6,0.6250000000000006,-0.1470306122449756,-0.019722164807420377,11:00-12:00
2026-07-17,2026-07-17 11:50:13-04:00,710,30,C,746.0,745.5095,1.11,0.9009009009009016,0.16031132075465848,0.02150359194009714,11:00-12:00
2026-07-17,2026-07-17 11:50:13-04:00,710,30,P,746.0,745.5095,1.6,0.6250000000000006,0.12425409836066592,0.01666700402351223,11:00-12:00
2026-07-17,2026-07-17 11:50:13-04:00,710,60,C,746.0,745.5095,1.11,0.9009009009009016,0.38383333333331393,0.05148604187247968,11:00-12:00
2026-07-17,2026-07-17 11:50:13-04:00,710,60,P,746.0,745.5095,1.6,0.6250000000000006,0.240409090909111,0.03224762272098625,11:00-12:00
2026-07-17,2026-07-17 11:55:15-04:00,715,15,C,746.0,746.03,1.31,0.7633587786259549,-0.035294117647026724,-0.004730924714425254,11:00-12:00
2026-07-17,2026-07-17 11:55:15-04:00,715,15,P,746.0,746.03,1.31,0.7633587786259549,-0.14000000000010004,-0.018766001367250654,11:00-12:00
2026-07-17,2026-07-17 11:55:15-04:00,715,30,C,746.0,746.03,1.31,0.7633587786259549,-0.06000000000005912,-0.00804257201453817,11:00-12:00
2026-07-17,2026-07-17 11:55:15-04:00,715,30,P,746.0,746.03,1.31,0.7633587786259549,0.00530612244904205,0.0007112478652389381,11:00-12:00
2026-07-17,2026-07-17 11:55:15-04:00,715,60,C,746.0,746.03,1.31,0.7633587786259549,0.18034482758616832,0.024173937721829998,11:00-12:00
2026-07-17,2026-07-17 11:55:15-04:00,715,60,P,746.0,746.03,1.31,0.7633587786259549,0.2728571428571058,0.036574553685120685,11:00-12:00
2026-07-17,2026-07-17 12:00:15-04:00,720,15,C,747.0,747.04,1.33,0.7518796992481209,-0.024509803921546336,-0.003280922563925136,11:00-12:00
2026-07-17,2026-07-17 12:00:15-04:00,720,15,P,747.0,747.04,1.32,1.5151515151515165,-0.005102040816382214,-0.0006829675541312666,11:00-12:00
2026-07-17,2026-07-17 12:00:15-04:00,720,30,C,747.0,747.04,1.33,0.7518796992481209,0.05459183673474399,0.0073077528291315055,11:00-12:00
2026-07-17,2026-07-17 12:00:15-04:00,720,30,P,747.0,747.04,1.32,1.5151515151515165,0.042647058823490624,0.0057088052612297375,11:00-12:00
2026-07-17,2026-07-17 12:00:15-04:00,720,60,C,747.0,747.04,1.33,0.7518796992481209,0.2853846153847144,0.03820205281975723,11:00-12:00
2026-07-17,2026-07-17 12:00:15-04:00,720,60,P,747.0,747.04,1.32,1.5151515151515165,0.371666666666556,0.0497519097593912,11:00-12:00
2026-07-17,2026-07-17 12:05:16-04:00,725,15,C,745.0,745.33,1.61,0.6211180124223608,0.26230769230767237,0.0351934971499433,12:00-13:00
2026-07-17,2026-07-17 12:05:16-04:00,725,15,P,745.0,745.33,1.28,0.7812500000000007,0.28652173913042134,0.03844226572530575,12:00-13:00
2026-07-17,2026-07-17 12:05:16-04:00,725,30,C,745.0,745.33,1.61,0.6211180124223608,0.26210526315787774,0.03516633748244103,12:00-13:00
2026-07-17,2026-07-17 12:05:16-04:00,725,30,P,745.0,745.33,1.28,0.7812500000000007,0.3474418604652101,0.0466158427092979,12:00-13:00
2026-07-17,2026-07-17 12:05:16-04:00,725,60,C,745.0,745.33,1.61,0.6211180124223608,0.5218840579709649,0.07002053559778419,12:00-13:00
2026-07-17,2026-07-17 12:05:16-04:00,725,60,P,745.0,745.33,1.28,0.7812500000000007,0.6230434782609109,0.08359296932377751,12:00-13:00
2026-07-17,2026-07-17 12:10:15-04:00,730,15,C,746.0,746.23,1.44,0.6944444444444451,0.0,0.0,12:00-13:00
2026-07-17,2026-07-17 12:10:15-04:00,730,15,P,746.0,746.23,1.29,0.7751937984496131,0.16448979591837087,0.02204277446877918,12:00-13:00
2026-07-17,2026-07-17 12:10:15-04:00,730,30,C,746.0,746.23,1.44,0.6944444444444451,0.1606779661017299,0.021531962813305536,12:00-13:00
2026-07-17,2026-07-17 12:10:15-04:00,730,30,P,746.0,746.23,1.29,0.7751937984496131,0.37259259259258215,0.04992999378108387,12:00-13:00
2026-07-17,2026-07-17 12:10:15-04:00,730,60,C,746.0,746.23,1.44,0.6944444444444451,0.3918644067796322,0.05251255065859483,12:00-13:00
2026-07-17,2026-07-17 12:10:15-04:00,730,60,P,746.0,746.23,1.29,0.7751937984496131,0.5927272727273021,0.07942956899713252,12:00-13:00
2026-07-17,2026-07-17 12:15:16-04:00,735,15,C,746.0,746.29,1.48,0.6756756756756763,0.0740350877193805,0.009920418030441316,12:00-13:00
2026-07-17,2026-07-17 12:15:16-04:00,735,15,P,746.0,746.29,1.21,0.8264462809917362,0.1446511627906375,0.019382701468683424,12:00-13:00
2026-07-17,2026-07-17 12:15:16-04:00,735,30,C,746.0,746.29,1.48,0.6756756756756763,0.1931250000000091,0.025878009888918398,12:00-13:00
2026-07-17,2026-07-17 12:15:16-04:00,735,30,P,746.0,746.29,1.21,0.8264462809917362,0.29571428571432534,0.039624581022702346,12:00-13:00
2026-07-17,2026-07-17 12:15:16-04:00,735,60,C,746.0,746.29,1.48,0.6756756756756763,0.3576923076923322,0.047929398449976846,12:00-13:00
2026-07-17,2026-07-17 12:15:16-04:00,735,60,P,746.0,746.29,1.21,0.8264462809917362,0.480612244897884,0.0644001989706259,12:00-13:00
2026-07-17,2026-07-17 12:20:16-04:00,740,15,C,746.0,746.5,1.56,0.6410256410256416,0.004385964912330564,0.0005875371617321587,12:00-13:00
2026-07-17,2026-07-17 12:20:16-04:00,740,15,P,746.0,746.5,1.08,0.9259259259259267,0.05232558139539378,0.007009454975940225,12:00-13:00
2026-07-17,2026-07-17 12:20:16-04:00,740,30,C,746.0,746.5,1.56,0.6410256410256416,0.1718644067797186,0.023022693473505506,12:00-13:00
2026-07-17,2026-07-17 12:20:16-04:00,740,30,P,746.0,746.5,1.08,0.9259259259259267,0.18999999999994088,0.025452109845939836,12:00-13:00
2026-07-17,2026-07-17 12:20:16-04:00,740,60,C,746.0,746.5,1.56,0.6410256410256416,0.24904761904758743,0.033362038720373396,12:00-13:00
2026-07-17,2026-07-17 12:20:16-04:00,740,60,P,746.0,746.5,1.08,0.9259259259259267,0.42555555555554747,0.05700677234501641,12:00-13:00
2026-07-17,2026-07-17 12:25:16-04:00,745,15,C,745.0,745.29,1.49,1.342281879194632,0.18542372881358915,0.024879406514724353,12:00-13:00
2026-07-17,2026-07-17 12:25:16-04:00,745,15,P,745.0,745.29,1.19,0.8403361344537823,0.21804878048772025,0.029256904089377325,12:00-13:00
2026-07-17,2026-07-17 12:25:16-04:00,745,30,C,745.0,745.29,1.49,1.342281879194632,0.23068965517245488,0.030953005564606378,12:00-13:00
2026-07-17,2026-07-17 12:25:16-04:00,745,30,P,745.0,745.29,1.19,0.8403361344537823,0.2924390243902053,0.03923828635701611,12:00-13:00
2026-07-17,2026-07-17 12:25:16-04:00,745,60,C,745.0,745.29,1.49,1.342281879194632,0.42692307692311715,0.05728281298865101,12:00-13:00
2026-07-17,2026-07-17 12:25:16-04:00,745,60,P,745.0,745.29,1.19,0.8403361344537823,0.5166666666665378,0.06932424514840368,12:00-13:00
2026-07-17,2026-07-17 12:30:15-04:00,750,15,C,746.0,746.115,1.35,0.7407407407407414,0.16499999999996362,0.022114553386537412,12:00-13:00
2026-07-17,2026-07-17 12:30:15-04:00,750,15,P,746.0,746.115,1.27,0.7874015748031503,0.2431632653061797,0.03259058795308762,12:00-13:00
2026-07-17,2026-07-17 12:30:15-04:00,750,30,C,746.0,746.115,1.35,0.7407407407407414,0.2488461538462161,0.03335225184404765,12:00-13:00
2026-07-17,2026-07-17 12:30:15-04:00,750,30,P,746.0,746.115,1.27,0.7874015748031503,0.3424999999999727,0.04590445172660685,12:00-13:00
2026-07-17,2026-07-17 12:30:15-04:00,750,60,C,746.0,746.115,1.35,0.7407407407407414,0.42293103448275815,0.05668442994481523,12:00-13:00
2026-07-17,2026-07-17 12:30:15-04:00,750,60,P,746.0,746.115,1.27,0.7874015748031503,0.4957017543860047,0.06643771461316349,12:00-13:00
2026-07-17,2026-07-17 12:35:17-04:00,755,15,C,746.0,745.75,1.14,0.8771929824561412,0.167241379310326,0.022425930849524104,12:00-13:00
2026-07-17,2026-07-17 12:35:17-04:00,755,15,P,746.0,745.75,1.39,0.7194244604316554,0.13571428571435717,0.018198362147416314,12:00-13:00
2026-07-17,2026-07-17 12:35:17-04:00,755,30,C,746.0,745.75,1.14,0.8771929824561412,0.2959259259259852,0.03968165282279386,12:00-13:00
2026-07-17,2026-07-17 12:35:17-04:00,755,30,P,746.0,745.75,1.39,0.7194244604316554,0.2486440677965902,0.03334147741154411,12:00-13:00
2026-07-17,2026-07-17 12:35:17-04:00,755,60,C,746.0,745.75,1.14,0.8771929824561412,0.46076923076930143,0.06178601820573938,12:00-13:00
2026-07-17,2026-07-17 12:35:17-04:00,755,60,P,746.0,745.75,1.39,0.7194244604316554,0.4700000000000273,0.06302380154207539,12:00-13:00
2026-07-17,2026-07-17 12:40:16-04:00,760,15,C,746.0,745.95,1.19,0.8403361344537823,0.053448275862024275,0.007165128475370236,12:00-13:00
2026-07-17,2026-07-17 12:40:16-04:00,760,15,P,746.0,745.95,1.25,0.8000000000000007,0.08571428571440265,0.011490620780803358,12:00-13:00
2026-07-17,2026-07-17 12:40:16-04:00,760,30,C,746.0,745.95,1.19,0.8403361344537823,0.24813559322024048,0.03326437337894503,12:00-13:00
2026-07-17,2026-07-17 12:40:16-04:00,760,30,P,746.0,745.95,1.25,0.8000000000000007,0.24000000000012278,0.03217373818622197,12:00-13:00
2026-07-17,2026-07-17 12:40:16-04:00,760,60,C,746.0,745.95,1.19,0.8403361344537823,0.229629629629585,0.030783514931240027,12:00-13:00
2026-07-17,2026-07-17 12:40:16-04:00,760,60,P,746.0,745.95,1.25,0.8000000000000007,0.31304347826096546,0.04196574546028091,12:00-13:00
2026-07-17,2026-07-17 12:45:17-04:00,765,15,C,746.0,746.28,1.36,0.7352941176470594,0.10307692307696925,0.013812097748428103,12:00-13:00
2026-07-17,2026-07-17 12:45:17-04:00,765,15,P,746.0,746.28,1.08,0.9259259259259267,0.1116666666665651,0.014963105894110136,12:00-13:00
2026-07-17,2026-07-17 12:45:17-04:00,765,30,C,746.0,746.28,1.36,0.7352941176470594,0.18307692307701018,0.024531934806910297,12:00-13:00
2026-07-17,2026-07-17 12:45:17-04:00,765,30,P,746.0,746.28,1.08,0.9259259259259267,0.20530612244897384,0.027510602247008343,12:00-13:00
2026-07-17,2026-07-17 12:45:17-04:00,765,60,C,746.0,746.28,1.36,0.7352941176470594,0.29796296296296987,0.039926430155299605,12:00-13:00
2026-07-17,2026-07-17 12:45:17-04:00,765,60,P,746.0,746.28,1.08,0.9259259259259267,0.3823913043478342,0.05123965593983949,12:00-13:00
2026-07-17,2026-07-17 12:50:16-04:00,770,15,C,747.0,746.96,1.15,0.8695652173913052,0.10444444444442524,0.013982602072992564,12:00-13:00
2026-07-17,2026-07-17 12:50:16-04:00,770,15,P,747.0,746.96,1.23,0.8130081300813016,0.1443478260870279,0.01932470628775676,12:00-13:00
2026-07-17,2026-07-17 12:50:16-04:00,770,30,C,747.0,746.96,1.15,0.8695652173913052,0.12652173913033948,0.016938221475090966,12:00-13:00
2026-07-17,2026-07-17 12:50:16-04:00,770,30,P,747.0,746.96,1.23,0.8130081300813016,0.16333333333341216,0.02186640962480081,12:00-13:00
2026-07-17,2026-07-17 12:50:16-04:00,770,60,C,747.0,746.96,1.15,0.8695652173913052,0.22064516129034928,0.029539086603077712,12:00-13:00
2026-07-17,2026-07-17 12:50:16-04:00,770,60,P,747.0,746.96,1.23,0.8130081300813016,0.3407692307692969,0.04562081380118036,12:00-13:00
2026-07-17,2026-07-17 12:55:16-04:00,775,15,C,747.0,746.9,1.14,0.8771929824561412,0.21338983050850402,0.028570067011447858,12:00-13:00
2026-07-17,2026-07-17 12:55:16-04:00,775,15,P,747.0,746.9,1.24,0.8064516129032264,0.17181818181813924,0.02300417483172302,12:00-13:00
2026-07-17,2026-07-17 12:55:16-04:00,775,30,C,747.0,746.9,1.14,0.8771929824561412,0.2130769230769829,0.028528172858077776,12:00-13:00
2026-07-17,2026-07-17 12:55:16-04:00,775,30,P,747.0,746.9,1.24,0.8064516129032264,0.23083333333329392,0.03090552059623697,12:00-13:00
2026-07-17,2026-07-17 12:55:16-04:00,775,60,C,747.0,746.9,1.14,0.8771929824561412,0.18310344827580138,0.024515122275512304,12:00-13:00
2026-07-17,2026-07-17 12:55:16-04:00,775,60,P,747.0,746.9,1.24,0.8064516129032264,0.24793103448280362,0.03319467592486325,12:00-13:00
2026-07-17,2026-07-17 13:00:17-04:00,780,15,C,746.0,746.46,1.41,0.7092198581560291,0.08000000000004093,0.010717252096567924,12:00-13:00
2026-07-17,2026-07-17 13:00:17-04:00,780,15,P,746.0,746.46,0.95,1.0526315789473695,0.12000000000000455,0.01607587814484427,12:00-13:00
2026-07-17,2026-07-17 13:00:17-04:00,780,30,C,746.0,746.46,1.41,0.7092198581560291,0.18137931034482335,0.024298597425826345,12:00-13:00
2026-07-17,2026-07-17 13:00:17-04:00,780,30,P,746.0,746.46,0.95,1.0526315789473695,0.1790476190476511,0.0239862308827869,12:00-13:00
2026-07-17,2026-07-17 13:00:17-04:00,780,60,C,746.0,746.46,1.41,0.7092198581560291,0.16999999999995907,0.022774160705189703,12:00-13:00
2026-07-17,2026-07-17 13:00:17-04:00,780,60,P,746.0,746.46,0.95,1.0526315789473695,0.21636363636366696,0.02898529544297979,12:00-13:00
2026-07-17,2026-07-17 13:05:18-04:00,785,15,C,747.0,746.62,0.92,1.0869565217391313,0.07000000000005002,0.009375585974130083,13:00-14:00
2026-07-17,2026-07-17 13:05:18-04:00,785,15,P,747.0,746.62,1.33,0.7518796992481209,0.1383333333333212,0.018527943710766014,13:00-14:00
2026-07-17,2026-07-17 13:05:18-04:00,785,30,C,747.0,746.62,0.92,1.0869565217391313,0.059629629629625924,0.007986610274252756,13:00-14:00
2026-07-17,2026-07-17 13:05:18-04:00,785,30,P,747.0,746.62,1.33,0.7518796992481209,0.1355737704918738,0.018158336301180494,13:00-14:00
2026-07-17,2026-07-17 13:05:18-04:00,785,60,C,747.0,746.62,0.92,1.0869565217391313,0.10999999999989996,0.01473306367360906,13:00-14:00
2026-07-17,2026-07-17 13:05:18-04:00,785,60,P,747.0,746.62,1.33,0.7518796992481209,0.17000000000007276,0.022769280222880817,13:00-14:00
2026-07-17,2026-07-17 13:10:17-04:00,790,15,C,747.0,746.91,1.03,0.9708737864077678,-0.008461538461460805,-0.0011328725631549724,13:00-14:00
2026-07-17,2026-07-17 13:10:17-04:00,790,15,P,747.0,746.91,1.15,0.8695652173913052,0.05333333333328483,0.007140530095096441,13:00-14:00
2026-07-17,2026-07-17 13:10:17-04:00,790,30,C,747.0,746.91,1.03,0.9708737864077678,-0.026666666666642413,-0.0035702650475482206,13:00-14:00
2026-07-17,2026-07-17 13:10:17-04:00,790,30,P,747.0,746.91,1.15,0.8695652173913052,0.05565217391301758,0.007450987925321334,13:00-14:00
2026-07-17,2026-07-17 13:10:17-04:00,790,60,C,747.0,746.91,1.03,0.9708737864077678,0.08978723404254652,0.012021158378191016,13:00-14:00
2026-07-17,2026-07-17 13:10:17-04:00,790,60,P,747.0,746.91,1.15,0.8695652173913052,0.1739622641509868,0.023290927173419396,13:00-14:00
2026-07-17,2026-07-17 13:15:19-04:00,795,15,C,746.0,746.34,1.29,0.7751937984496131,0.15492537313434696,0.020758015533717467,13:00-14:00
2026-07-17,2026-07-17 13:15:19-04:00,795,15,P,746.0,746.34,0.96,1.0416666666666676,0.22170212765956876,0.02970524528493297,13:00-14:00
2026-07-17,2026-07-17 13:15:19-04:00,795,30,C,746.0,746.34,1.29,0.7751937984496131,0.10833333333334849,0.014515279005995724,13:00-14:00
2026-07-17,2026-07-17 13:15:19-04:00,795,30,P,746.0,746.34,0.96,1.0416666666666676,0.18152173913040315,0.024321587899670812,13:00-14:00
2026-07-17,2026-07-17 13:15:19-04:00,795,60,C,746.0,746.34,1.29,0.7751937984496131,0.05272727272722477,0.007064779152561135,13:00-14:00
2026-07-17,2026-07-17 13:15:19-04:00,795,60,P,746.0,746.34,0.96,1.0416666666666676,0.07454545454550043,0.009988136043291318,13:00-14:00
2026-07-17,2026-07-17 13:20:17-04:00,800,15,C,746.0,746.13,1.18,0.8474576271186449,0.1576923076922867,0.021134696057293862,13:00-14:00
2026-07-17,2026-07-17 13:20:17-04:00,800,15,P,746.0,746.13,1.06,0.9433962264150951,0.22446808510630945,0.030084313069613802,13:00-14:00
2026-07-17,2026-07-17 13:20:17-04:00,800,30,C,746.0,746.13,1.18,0.8474576271186449,0.09903225806453975,0.013272788664782242,13:00-14:00
2026-07-17,2026-07-17 13:20:17-04:00,800,30,P,746.0,746.13,1.06,0.9433962264150951,0.18384615384616154,0.024639962720459107,13:00-14:00
2026-07-17,2026-07-17 13:20:17-04:00,800,60,C,746.0,746.13,1.18,0.8474576271186449,0.1237288135594099,0.01658274209044133,13:00-14:00
2026-07-17,2026-07-17 13:20:17-04:00,800,60,P,746.0,746.13,1.06,0.9433962264150951,0.2268292682925903,0.03040077041435009,13:00-14:00
2026-07-17,2026-07-17 13:25:18-04:00,805,15,C,746.0,746.44,1.32,0.7575757575757582,-0.01962962962977599,-0.0026297665759841366,13:00-14:00
2026-07-17,2026-07-17 13:25:18-04:00,805,15,P,746.0,746.44,0.88,1.1363636363636374,-0.0013043478260215124,-0.0001747424878116811,13:00-14:00
2026-07-17,2026-07-17 13:25:18-04:00,805,30,C,746.0,746.44,1.32,0.7575757575757582,-0.04655172413799846,-0.006236499134290561,13:00-14:00
2026-07-17,2026-07-17 13:25:18-04:00,805,30,P,746.0,746.44,0.88,1.1363636363636374,-0.01666666666653782,-0.002232820677688471,13:00-14:00
2026-07-17,2026-07-17 13:25:18-04:00,805,60,C,746.0,746.44,1.32,0.7575757575757582,0.09592592592593974,0.012851123456130396,13:00-14:00
2026-07-17,2026-07-17 13:25:18-04:00,805,60,P,746.0,746.44,0.88,1.1363636363636374,0.11888888888893234,0.01592745416764004,13:00-14:00
2026-07-17,2026-07-17 13:30:18-04:00,810,15,C,747.0,746.9,0.99,1.010101010101011,-0.007222222222139862,-0.0009669597298353008,13:00-14:00
2026-07-17,2026-07-17 13:30:18-04:00,810,15,P,747.0,746.9,1.12,0.8928571428571435,0.08934782608696423,0.011962488430441055,13:00-14:00
2026-07-17,2026-07-17 13:30:18-04:00,810,30,C,747.0,746.9,0.99,1.010101010101011,-0.033636363636333044,-0.004503462797741739,13:00-14:00
2026-07-17,2026-07-17 13:30:18-04:00,810,30,P,747.0,746.9,1.12,0.8928571428571435,0.04272727272723387,0.0057206149052395055,13:00-14:00
2026-07-17,2026-07-17 13:30:18-04:00,810,60,C,747.0,746.9,0.99,1.010101010101011,0.17166666666662422,0.022983888963264726,13:00-14:00
2026-07-17,2026-07-17 13:30:18-04:00,810,60,P,747.0,746.9,1.12,0.8928571428571435,0.2278431372549221,0.030505173015788204,13:00-14:00
2026-07-17,2026-07-17 13:35:17-04:00,815,15,C,746.0,746.48,1.29,0.7751937984496131,-0.07354838709682099,-0.009852693588149847,13:00-14:00
2026-07-17,2026-07-17 13:35:17-04:00,815,15,P,746.0,746.48,0.8,1.250000000000001,-0.09368421052636222,-0.012550130013712652,13:00-14:00
2026-07-17,2026-07-17 13:35:17-04:00,815,30,C,746.0,746.48,1.29,0.7751937984496131,-0.0469230769231217,-0.006285912137381001,13:00-14:00
2026-07-17,2026-07-17 13:35:17-04:00,815,30,P,746.0,746.48,0.8,1.250000000000001,-0.11571428571426168,-0.015501324310666283,13:00-14:00
2026-07-17,2026-07-17 13:35:17-04:00,815,60,C,746.0,746.48,1.29,0.7751937984496131,0.11142857142851881,0.014927201188045067,13:00-14:00
2026-07-17,2026-07-17 13:35:17-04:00,815,60,P,746.0,746.48,0.8,1.250000000000001,0.1053488372093625,0.01411274745597504,13:00-14:00
2026-07-17,2026-07-17 13:41:19-04:00,821,15,C,746.0,745.55,0.86,1.1627906976744196,-0.021904761904806946,-0.002938067454202528,13:00-14:00
2026-07-17,2026-07-17 13:41:19-04:00,821,15,P,746.0,745.55,1.3,0.7692307692307698,0.0013793103448733746,0.0001850057467471497,13:00-14:00
2026-07-17,2026-07-17 13:41:19-04:00,821,30,C,746.0,745.55,0.86,1.1627906976744196,0.08808510638300504,0.011814781890283017,13:00-14:00
2026-07-17,2026-07-17 13:41:19-04:00,821,30,P,746.0,745.55,1.3,0.7692307692307698,0.09698113207548431,0.013007998400574653,13:00-14:00
2026-07-17,2026-07-17 13:41:19-04:00,821,60,C,746.0,745.55,0.86,1.1627906976744196,0.23615384615391122,0.03167511852376249,13:00-14:00
2026-07-17,2026-07-17 13:41:19-04:00,821,60,P,746.0,745.55,1.3,0.7692307692307698,0.23307692307685102,0.03126241339639877,13:00-14:00
2026-07-17,2026-07-17 13:46:18-04:00,826,15,C,746.0,745.615,0.85,1.176470588235295,-0.011315789473655968,-0.0015176450948084425,13:00-14:00
2026-07-17,2026-07-17 13:46:18-04:00,826,15,P,746.0,745.615,1.22,0.8196721311475417,-0.014999999999986358,-0.002011762102423685,13:00-14:00
2026-07-17,2026-07-17 13:46:18-04:00,826,30,C,746.0,745.615,0.85,1.176470588235295,-0.06999999999993634,-0.009388223144643862,13:00-14:00
2026-07-17,2026-07-17 13:46:18-04:00,826,30,P,746.0,745.615,1.22,0.8196721311475417,-0.07110169491522811,-0.009535979683245122,13:00-14:00
2026-07-17,2026-07-17 13:46:18-04:00,826,60,C,746.0,745.615,0.85,1.176470588235295,0.16946808510635947,0.022728631412506382,13:00-14:00
2026-07-17,2026-07-17 13:46:18-04:00,826,60,P,746.0,745.615,1.22,0.8196721311475417,0.15499999999997272,0.020788208391726657,13:00-14:00
2026-07-17,2026-07-17 13:51:19-04:00,831,15,C,745.0,745.1,1.11,0.9009009009009016,0.009999999999877218,0.0013421017312947548,13:00-14:00
2026-07-17,2026-07-17 13:51:19-04:00,831,15,P,745.0,745.1,0.99,1.010101010101011,-0.029999999999972715,-0.004026305193930038,13:00-14:00
2026-07-17,2026-07-17 13:51:19-04:00,831,30,C,745.0,745.1,1.11,0.9009009009009016,0.035084745762674174,0.0047087298030699465,13:00-14:00
2026-07-17,2026-07-17 13:51:19-04:00,831,30,P,745.0,745.1,0.99,1.010101010101011,0.02609756097558602,0.003502558176833448,13:00-14:00
2026-07-17,2026-07-17 13:51:19-04:00,831,60,C,745.0,745.1,1.11,0.9009009009009016,0.2838935483870273,0.03810140227983187,13:00-14:00
2026-07-17,2026-07-17 13:51:19-04:00,831,60,P,745.0,745.1,0.99,1.010101010101011,0.2448454545454979,0.032860750844919864,13:00-14:00
2026-07-17,2026-07-17 13:56:19-04:00,836,15,C,745.0,744.79,0.98,1.020408163265307,0.10340425531910569,0.013883679334994521,13:00-14:00
2026-07-17,2026-07-17 13:56:19-04:00,836,15,P,745.0,744.79,1.18,1.6949152542372898,0.11056603773590723,0.01484526346163445,13:00-14:00
2026-07-17,2026-07-17 13:56:19-04:00,836,30,C,745.0,744.79,0.98,1.020408163265307,0.11629629629635474,0.015614642556472932,13:00-14:00
2026-07-17,2026-07-17 13:56:19-04:00,836,30,P,745.0,744.79,1.18,1.6949152542372898,0.13555555555547016,0.01820050692886185,13:00-14:00
2026-07-17,2026-07-17 13:56:19-04:00,836,60,C,745.0,744.79,0.98,1.020408163265307,0.44000000000005457,0.059077055277333826,13:00-14:00
2026-07-17,2026-07-17 13:56:19-04:00,836,60,P,745.0,744.79,1.18,1.6949152542372898,0.40941176470585106,0.05497009421526216,13:00-14:00
2026-07-17,2026-07-17 14:01:19-04:00,841,15,C,745.0,744.63,0.87,1.1494252873563229,-0.03499999999996817,-0.004700320964770177,14:00-15:00
2026-07-17,2026-07-17 14:01:19-04:00,841,15,P,745.0,744.63,1.24,1.6129032258064528,-0.022203389830565357,-0.0029818016774190346,14:00-15:00
2026-07-17,2026-07-17 14:01:19-04:00,841,30,C,745.0,744.63,0.87,1.1494252873563229,0.19166666666660603,0.02573985290232814,14:00-15:00
2026-07-17,2026-07-17 14:01:19-04:00,841,30,P,745.0,744.63,1.24,1.6129032258064528,0.1931372549020125,0.02593734537985476,14:00-15:00
2026-07-17,2026-07-17 14:01:19-04:00,841,60,C,745.0,744.63,0.87,1.1494252873563229,0.42052631578951605,0.056474533095566395,14:00-15:00
2026-07-17,2026-07-17 14:01:19-04:00,841,60,P,745.0,744.63,1.24,1.6129032258064528,0.33098360655731085,0.04444940528279962,14:00-15:00
2026-07-17,2026-07-17 14:06:19-04:00,846,15,C,744.0,744.31,1.22,0.8196721311475417,0.011525423728926398,0.0015484708963908046,14:00-15:00
2026-07-17,2026-07-17 14:06:19-04:00,846,15,P,744.0,744.31,0.91,1.0989010989010999,0.04097560975594661,0.00550518060431092,14:00-15:00
2026-07-17,2026-07-17 14:06:19-04:00,846,30,C,744.0,744.31,1.22,0.8196721311475417,0.15642857142859157,0.021016588710159958,14:00-15:00
2026-07-17,2026-07-17 14:06:19-04:00,846,30,P,744.0,744.31,0.91,1.0989010989010999,0.19116279069760367,0.025683222138303086,14:00-15:00
2026-07-17,2026-07-17 14:06:19-04:00,846,60,C,744.0,744.31,1.22,0.8196721311475417,0.41135593220349165,0.055266748022126756,14:00-15:00
2026-07-17,2026-07-17 14:06:19-04:00,846,60,P,744.0,744.31,0.91,1.0989010989010999,0.5667741935483264,0.07614759892361066,14:00-15:00
2026-07-17,2026-07-17 14:11:19-04:00,851,15,C,744.0,744.17,1.12,0.8928571428571435,-0.004444444444402507,-0.0005972351000984328,14:00-15:00
2026-07-17,2026-07-17 14:11:19-04:00,851,15,P,744.0,744.17,0.93,1.0752688172043021,-0.04000000000007731,-0.0053751159009470025,14:00-15:00
2026-07-17,2026-07-17 14:11:19-04:00,851,30,C,744.0,744.17,1.12,0.8928571428571435,0.11615384615390667,0.015608509635420225,14:00-15:00
2026-07-17,2026-07-17 14:11:19-04:00,851,30,P,744.0,744.17,0.93,1.0752688172043021,0.12583333333327573,0.016909218771688692,14:00-15:00
2026-07-17,2026-07-17 14:11:19-04:00,851,60,C,744.0,744.17,1.12,0.8928571428571435,0.3585848484849521,0.04818587802316031,14:00-15:00
2026-07-17,2026-07-17 14:11:19-04:00,851,60,P,744.0,744.17,0.93,1.0752688172043021,0.44273018867920655,0.059493151924856755,14:00-15:00
2026-07-17,2026-07-17 14:16:20-04:00,856,15,C,744.0,743.72,0.93,1.0752688172043021,0.2266666666665742,0.030477419817481602,14:00-15:00
2026-07-17,2026-07-17 14:16:20-04:00,856,15,P,744.0,743.72,1.21,0.8264462809917362,0.22431372549021944,0.03016104521731558,14:00-15:00
2026-07-17,2026-07-17 14:16:20-04:00,856,30,C,744.0,743.72,0.93,1.0752688172043021,0.23468085106378567,0.031555000680872594,14:00-15:00
2026-07-17,2026-07-17 14:16:20-04:00,856,30,P,744.0,743.72,1.21,0.8264462809917362,0.24076923076927415,0.03237363937628061,14:00-15:00
2026-07-17,2026-07-17 14:16:20-04:00,856,60,C,744.0,743.72,0.93,1.0752688172043021,0.368421052631561,0.049537601870537434,14:00-15:00
2026-07-17,2026-07-17 14:16:20-04:00,856,60,P,744.0,743.72,1.21,0.8264462809917362,0.40322580645158723,0.054217421402085096,14:00-15:00
2026-07-17,2026-07-17 14:21:19-04:00,861,15,C,744.0,743.83,0.94,1.0638297872340319,0.13642857142849607,0.018341364482273647,14:00-15:00
2026-07-17,2026-07-17 14:21:19-04:00,861,15,P,744.0,743.83,1.1,0.9090909090909097,0.12666666666677884,0.01702898063627157,14:00-15:00
2026-07-17,2026-07-17 14:21:19-04:00,861,30,C,744.0,743.83,0.94,1.0638297872340319,0.27969999999993433,0.03760267803126175,14:00-15:00
2026-07-17,2026-07-17 14:21:19-04:00,861,30,P,744.0,743.83,1.1,0.9090909090909097,0.17484545454556155,0.023506104156267096,14:00-15:00
2026-07-17,2026-07-17 14:21:19-04:00,861,60,C,744.0,743.83,0.94,1.0638297872340319,0.43275862068958304,0.058179775041284035,14:00-15:00
2026-07-17,2026-07-17 14:21:19-04:00,861,60,P,744.0,743.83,1.1,0.9090909090909097,0.4693548387097053,0.06309974573621732,14:00-15:00
2026-07-17,2026-07-17 14:26:19-04:00,866,15,C,744.0,743.61,0.83,1.204819277108435,0.11846153846158813,0.015930600511234135,14:00-15:00
2026-07-17,2026-07-17 14:26:19-04:00,866,15,P,744.0,743.61,1.21,0.8264462809917362,0.14916666666658784,0.02005979837099929,14:00-15:00
2026-07-17,2026-07-17 14:26:19-04:00,866,30,C,744.0,743.61,0.83,1.204819277108435,0.31999999999993634,0.04303331047187858,14:00-15:00
2026-07-17,2026-07-17 14:26:19-04:00,866,30,P,744.0,743.61,1.21,0.8264462809917362,0.27352941176479817,0.03678398781146006,14:00-15:00
2026-07-17,2026-07-17 14:26:19-04:00,866,60,C,744.0,743.61,0.83,1.204819277108435,0.49401020408163276,0.06643404527664135,14:00-15:00
2026-07-17,2026-07-17 14:26:19-04:00,866,60,P,744.0,743.61,1.21,0.8264462809917362,0.45051408450706276,0.060584726470470106,14:00-15:00
2026-07-17,2026-07-17 14:31:20-04:00,871,15,C,744.0,744.28,1.1,0.9090909090909097,0.008125000000063665,0.001091659053053107,14:00-15:00
2026-07-17,2026-07-17 14:31:20-04:00,871,15,P,744.0,744.28,0.82,1.2195121951219388,0.041428571428468786,0.005566261545180414,14:00-15:00
2026-07-17,2026-07-17 14:31:20-04:00,871,30,C,744.0,744.28,1.1,0.9090909090909097,0.17403508771940324,0.023383012806927936,14:00-15:00
2026-07-17,2026-07-17 14:31:20-04:00,871,30,P,744.0,744.28,0.82,1.2195121951219388,0.22048780487796193,0.029624308711501308,14:00-15:00
2026-07-17,2026-07-17 14:31:20-04:00,871,60,C,744.0,744.28,1.1,0.9090909090909097,0.3793749999999818,0.050972080399847075,14:00-15:00
2026-07-17,2026-07-17 14:31:20-04:00,871,60,P,744.0,744.28,0.82,1.2195121951219388,0.5454761904761654,0.07328911034505366,14:00-15:00
2026-07-17,2026-07-17 14:36:20-04:00,876,15,C,744.0,743.77,0.84,1.1904761904761916,0.11242727272724551,0.015115865486272034,14:00-15:00
2026-07-17,2026-07-17 14:36:20-04:00,876,15,P,744.0,743.77,1.08,1.8518518518518534,0.07848181818178546,0.010551893486129511,14:00-15:00
2026-07-17,2026-07-17 14:36:20-04:00,876,30,C,744.0,743.77,0.84,1.1904761904761916,0.30728813559323953,0.04131494085446301,14:00-15:00
2026-07-17,2026-07-17 14:36:20-04:00,876,30,P,744.0,743.77,1.08,1.8518518518518534,0.3009677419354375,0.04046516287769573,14:00-15:00
2026-07-17,2026-07-17 14:36:20-04:00,876,60,C,744.0,743.77,0.84,1.1904761904761916,0.5481250000000273,0.0736954972639428,14:00-15:00
2026-07-17,2026-07-17 14:36:20-04:00,876,60,P,744.0,743.77,1.08,1.8518518518518534,0.534098360655662,0.07180961327502615,14:00-15:00
2026-07-17,2026-07-17 14:41:19-04:00,881,15,C,743.0,743.44,1.22,1.6393442622950833,0.190588235294058,0.025635994201826374,14:00-15:00
2026-07-17,2026-07-17 14:41:19-04:00,881,15,P,743.0,743.44,0.75,1.3333333333333344,0.22607843137268446,0.03040977501515717,14:00-15:00
2026-07-17,2026-07-17 14:41:19-04:00,881,30,C,743.0,743.44,1.22,1.6393442622950833,0.240099999999984,0.03229581405358657,14:00-15:00
2026-07-17,2026-07-17 14:41:19-04:00,881,30,P,743.0,743.44,0.75,1.3333333333333344,0.37310754716986594,0.05018663875630393,14:00-15:00
2026-07-17,2026-07-17 14:41:19-04:00,881,60,C,743.0,743.44,1.22,1.6393442622950833,0.47552238805963043,0.06396244324486582,14:00-15:00
2026-07-17,2026-07-17 14:41:19-04:00,881,60,P,743.0,743.44,0.75,1.3333333333333344,0.7150819672132229,0.09618556537356382,14:00-15:00
2026-07-17,2026-07-17 14:46:21-04:00,886,15,C,743.0,743.21,1.06,0.9433962264150951,0.17385964912284635,0.023393071826650118,14:00-15:00
2026-07-17,2026-07-17 14:46:21-04:00,886,15,P,743.0,743.21,0.84,1.1904761904761916,0.19926829268297297,0.026811842236107285,14:00-15:00
2026-07-17,2026-07-17 14:46:21-04:00,886,30,C,743.0,743.21,1.06,0.9433962264150951,0.10649122807012645,0.01432855156283237,14:00-15:00
2026-07-17,2026-07-17 14:46:21-04:00,886,30,P,743.0,743.21,0.84,1.1904761904761916,0.2109302325580984,0.028380973420446223,14:00-15:00
2026-07-17,2026-07-17 14:46:21-04:00,886,60,C,743.0,743.21,1.06,0.9433962264150951,0.5474999999999,0.07366693128454944,14:00-15:00
2026-07-17,2026-07-17 14:46:21-04:00,886,60,P,743.0,743.21,0.84,1.1904761904761916,0.6808450704226061,0.09160870688265849,14:00-15:00
2026-07-17,2026-07-17 14:51:20-04:00,891,15,C,744.0,744.1097,0.95,1.0526315789473695,0.154028813559421,0.02069974542186737,14:00-15:00
2026-07-17,2026-07-17 14:51:20-04:00,891,15,P,744.0,744.1097,0.86,1.1627906976744196,0.2858290322579933,0.03841221694301167,14:00-15:00
2026-07-17,2026-07-17 14:51:20-04:00,891,30,C,744.0,744.1097,0.95,1.0526315789473695,0.17029999999999745,0.0228864104311498,14:00-15:00
2026-07-17,2026-07-17 14:51:20-04:00,891,30,P,744.0,744.1097,0.86,1.1627906976744196,0.36195806451610224,0.04864310524592036,14:00-15:00
2026-07-17,2026-07-17 14:56:21-04:00,896,15,C,744.0,744.41,1.08,0.9259259259259267,0.05797878787882382,0.007788555752720117,14:00-15:00
2026-07-17,2026-07-17 14:56:21-04:00,896,15,P,744.0,744.41,0.66,1.5151515151515165,0.1416647058822491,0.019030467871502144,14:00-15:00
2026-07-17,2026-07-17 14:56:21-04:00,896,30,C,744.0,744.41,1.08,0.9259259259259267,0.11850000000004002,0.01591864698217918,14:00-15:00
2026-07-17,2026-07-17 14:56:21-04:00,896,30,P,744.0,744.41,0.66,1.5151515151515165,0.25457692307691104,0.034198482432652846,14:00-15:00
2026-07-17,2026-07-17 15:01:21-04:00,901,15,C,744.0,743.84,0.76,1.3157894736842117,-0.049824561403511325,-0.006698290143513567,15:00-16:00
2026-07-17,2026-07-17 15:01:21-04:00,901,15,P,744.0,743.84,0.93,2.1505376344086042,0.050232558139555294,0.006753140210200485,15:00-16:00
2026-07-17,2026-07-17 15:01:21-04:00,901,30,C,744.0,743.84,0.76,1.3157894736842117,0.2881249999999227,0.03873480856097046,15:00-16:00
2026-07-17,2026-07-17 15:01:21-04:00,901,30,P,744.0,743.84,0.93,2.1505376344086042,0.28007936507947306,0.037653173408189,15:00-16:00
2026-07-17,2026-07-17 15:06:22-04:00,906,15,C,744.0,743.84,0.71,1.4084507042253533,0.026206896551684622,0.003523190007486102,15:00-16:00
2026-07-17,2026-07-17 15:06:22-04:00,906,15,P,744.0,743.84,0.86,1.1627906976744196,0.09225806451615881,0.012402944788685578,15:00-16:00
2026-07-17,2026-07-17 15:06:22-04:00,906,30,C,744.0,743.84,0.71,1.4084507042253533,0.27499999999997726,0.03697031619702856,15:00-16:00
2026-07-17,2026-07-17 15:06:22-04:00,906,30,P,744.0,743.84,0.86,1.1627906976744196,0.24344262295085173,0.03272782089573722,15:00-16:00
2026-07-17,2026-07-17 15:11:21-04:00,911,15,C,743.0,743.1801,0.9,1.111111111111112,0.06676734693871822,0.00898400629116929,15:00-16:00
2026-07-17,2026-07-17 15:11:21-04:00,911,15,P,743.0,743.1801,0.7,1.42857142857143,0.10160000000007585,0.013670979618544125,15:00-16:00
2026-07-17,2026-07-17 15:11:21-04:00,911,30,C,743.0,743.1801,0.9,1.111111111111112,0.3291857142855861,0.04429420463298009,15:00-16:00
2026-07-17,2026-07-17 15:11:21-04:00,911,30,P,743.0,743.1801,0.7,1.42857142857143,0.4148619047620059,0.05582252602861754,15:00-16:00
2026-07-17,2026-07-17 15:16:23-04:00,916,15,C,743.0,742.72,0.73,1.3698630136986314,0.4262499999999818,0.05739040284359944,15:00-16:00
2026-07-17,2026-07-17 15:16:23-04:00,916,15,P,743.0,742.72,0.97,1.0309278350515474,0.30377049180333415,0.04089973230872121,15:00-16:00
2026-07-17,2026-07-17 15:21:46-04:00,921,15,C,743.0,742.78,0.67,1.492537313432837,0.3146268656716984,0.042358015249696866,15:00-16:00
2026-07-17,2026-07-17 15:21:46-04:00,921,15,P,743.0,742.78,0.85,1.176470588235295,0.21901639344264368,0.029486038051999744,15:00-16:00
2026-07-17,2026-07-17 15:26:21-04:00,926,15,C,742.0,742.3285,0.95,1.0526315789473695,0.2700714285714412,0.036381659679163764,15:00-16:00
2026-07-17,2026-07-17 15:26:21-04:00,926,15,P,742.0,742.3285,0.58,1.7241379310344844,0.2775476190475956,0.037388786641978,15:00-16:00
2026-07-17,2026-07-17 15:31:22-04:00,931,15,C,743.0,742.925,0.64,1.5625000000000013,0.12000000000000455,0.016152370696908107,15:00-16:00
2026-07-17,2026-07-17 15:31:22-04:00,931,15,P,743.0,742.925,0.71,1.4084507042253533,0.18357142857144026,0.024709281363723155,15:00-16:00
2026-07-20,2026-07-20 09:33:37-04:00,573,15,C,748.0,747.67,1.29,0.7751937984496131,-0.1764285714284597,-0.02359711790341457,09:30-10:00
2026-07-20,2026-07-20 09:33:37-04:00,573,15,P,748.0,747.67,1.64,0.6097560975609762,-0.14209302325593853,-0.019004777944272012,09:30-10:00
2026-07-20,2026-07-20 09:33:37-04:00,573,30,C,748.0,747.67,1.29,0.7751937984496131,-0.06999999999993634,-0.009362419249125462,09:30-10:00
2026-07-20,2026-07-20 09:33:37-04:00,573,30,P,748.0,747.67,1.64,0.6097560975609762,-0.023023255813996002,-0.0030793339058670273,09:30-10:00
2026-07-20,2026-07-20 09:33:37-04:00,573,60,C,748.0,747.67,1.29,0.7751937984496131,0.20000000000004547,0.026749769283246013,09:30-10:00
2026-07-20,2026-07-20 09:33:37-04:00,573,60,P,748.0,747.67,1.64,0.6097560975609762,0.16595744680853386,0.02219661706481922,09:30-10:00
2026-07-20,2026-07-20 09:38:20-04:00,578,15,C,749.0,748.62,1.11,0.9009009009009016,-0.4699999999999136,-0.06278218588869033,09:30-10:00
2026-07-20,2026-07-20 09:38:20-04:00,578,15,P,749.0,748.62,1.56,1.2820512820512833,-0.3100000000000591,-0.04140952686276871,09:30-10:00
2026-07-20,2026-07-20 09:38:20-04:00,578,30,C,749.0,748.62,1.11,0.9009009009009016,-0.4199999999999591,-0.05610322994308983,09:30-10:00
2026-07-20,2026-07-20 09:38:20-04:00,578,30,P,749.0,748.62,1.56,1.2820512820512833,-0.2400000000000091,-0.032058988538912814,09:30-10:00
2026-07-20,2026-07-20 09:38:20-04:00,578,60,C,749.0,748.62,1.11,0.9009009009009016,-0.11000000000001364,-0.014693703080336304,09:30-10:00
2026-07-20,2026-07-20 09:38:20-04:00,578,60,P,749.0,748.62,1.56,1.2820512820512833,-0.054255319148865055,-0.007247377728201899,09:30-10:00
2026-07-20,2026-07-20 09:43:18-04:00,583,15,C,748.0,748.2899,1.46,0.6849315068493157,-0.439899999999966,-0.05878737638981443,09:30-10:00
2026-07-20,2026-07-20 09:43:18-04:00,583,15,P,748.0,748.2899,1.2,0.8333333333333341,-0.5575358974359688,-0.07450800785042919,09:30-10:00
2026-07-20,2026-07-20 09:43:18-04:00,583,30,C,748.0,748.2899,1.46,0.6849315068493157,-0.3898999999998978,-0.05210547409498616,09:30-10:00
2026-07-20,2026-07-20 09:43:18-04:00,583,30,P,748.0,748.2899,1.2,0.8333333333333341,-0.47061282051288345,-0.06289177770712708,09:30-10:00
2026-07-20,2026-07-20 09:43:18-04:00,583,60,C,748.0,748.2899,1.46,0.6849315068493157,-0.06759230769227997,-0.009032903917623366,09:30-10:00
2026-07-20,2026-07-20 09:43:18-04:00,583,60,P,748.0,748.2899,1.2,0.8333333333333341,0.009900000000016007,0.0013230166543763328,09:30-10:00
2026-07-20,2026-07-20 09:48:17-04:00,588,15,C,748.0,747.83,1.25,0.8000000000000007,-0.3082352941177078,-0.041217294588035754,09:30-10:00
2026-07-20,2026-07-20 09:48:17-04:00,588,15,P,748.0,747.83,1.43,0.6993006993007,-0.334054054054036,-0.04466978511881523,09:30-10:00
2026-07-20,2026-07-20 09:48:17-04:00,588,30,C,748.0,747.83,1.25,0.8000000000000007,-0.33553191489374967,-0.044867405010998444,09:30-10:00
2026-07-20,2026-07-20 09:48:17-04:00,588,30,P,748.0,747.83,1.43,0.6993006993007,-0.4149999999999636,-0.05549389567147127,09:30-10:00
2026-07-20,2026-07-20 09:48:17-04:00,588,60,C,748.0,747.83,1.25,0.8000000000000007,-0.10148936170219258,-0.013571180843532966,09:30-10:00
2026-07-20,2026-07-20 09:48:17-04:00,588,60,P,748.0,747.83,1.43,0.6993006993007,-0.049999999999954525,-0.006686011526677791,09:30-10:00
2026-07-20,2026-07-20 09:53:19-04:00,593,15,C,746.0,746.44,1.83,0.5464480874316944,0.08333333333337123,0.011164103388533736,09:30-10:00
2026-07-20,2026-07-20 09:53:19-04:00,593,15,P,746.0,746.44,1.38,0.7246376811594049,0.1410256410256352,0.018893098042124645,09:30-10:00
2026-07-20,2026-07-20 09:53:19-04:00,593,30,C,746.0,746.44,1.83,0.5464480874316944,0.0806999999999789,0.010811317721448327,09:30-10:00
2026-07-20,2026-07-20 09:53:19-04:00,593,30,P,746.0,746.44,1.38,0.7246376811594049,0.1693000000000211,0.02268099244413765,09:30-10:00
2026-07-20,2026-07-20 09:53:19-04:00,593,60,C,746.0,746.44,1.83,0.5464480874316944,0.21249999999997726,0.028468463640745033,09:30-10:00
2026-07-20,2026-07-20 09:53:19-04:00,593,60,P,746.0,746.44,1.38,0.7246376811594049,0.3127659574467998,0.04190101782417874,09:30-10:00
2026-07-20,2026-07-20 09:58:19-04:00,598,15,C,746.0,745.95,1.52,0.6578947368421059,0.056666666666728815,0.007596577071751299,09:30-10:00
2026-07-20,2026-07-20 09:58:19-04:00,598,15,P,746.0,745.95,1.57,1.2738853503184724,0.11000000000001364,0.014746296668679352,09:30-10:00
2026-07-20,2026-07-20 09:58:19-04:00,598,30,C,746.0,745.95,1.52,0.6578947368421059,0.2515384615384164,0.033720552522074725,09:30-10:00
2026-07-20,2026-07-20 09:58:19-04:00,598,30,P,746.0,745.95,1.57,1.2738853503184724,0.2933333333334076,0.03932345778315002,09:30-10:00
2026-07-20,2026-07-20 09:58:19-04:00,598,60,C,746.0,745.95,1.52,0.6578947368421059,0.20836065573757878,0.027932254941695656,09:30-10:00
2026-07-20,2026-07-20 09:58:19-04:00,598,60,P,746.0,745.95,1.57,1.2738853503184724,0.2777551020409419,0.03723508305395025,09:30-10:00
2026-07-20,2026-07-20 10:03:18-04:00,603,15,C,746.0,746.11,1.56,0.6410256410256416,-0.0035593220339933396,-0.00047705057350703507,10:00-10:30
2026-07-20,2026-07-20 10:03:18-04:00,603,15,P,746.0,746.11,1.46,0.6849315068493157,-0.05999999999994543,-0.008041709667467992,10:00-10:30
2026-07-20,2026-07-20 10:03:18-04:00,603,30,C,746.0,746.11,1.56,0.6410256410256416,0.17761904761903224,0.0238060135394288,10:00-10:30
2026-07-20,2026-07-20 10:03:18-04:00,603,30,P,746.0,746.11,1.46,0.6849315068493157,0.22416666666663332,0.030044720840979654,10:00-10:30
2026-07-20,2026-07-20 10:03:18-04:00,603,60,C,746.0,746.11,1.56,0.6410256410256416,0.2562068965517028,0.03433902461456123,10:00-10:30
2026-07-20,2026-07-20 10:03:18-04:00,603,60,P,746.0,746.11,1.46,0.6849315068493157,0.38555555555558385,0.05167543064100251,10:00-10:30
2026-07-20,2026-07-20 10:08:18-04:00,608,15,C,746.0,745.6,1.3,0.7692307692307698,0.0004872340425663424,6.534791343432703e-05,10:00-10:30
2026-07-20,2026-07-20 10:08:18-04:00,608,15,P,746.0,745.6,1.69,0.5917159763313614,0.0216076923077253,0.0028980274017871917,10:00-10:30
2026-07-20,2026-07-20 10:08:18-04:00,608,30,C,746.0,745.6,1.3,0.7692307692307698,0.2899999999999636,0.03889484978540285,10:00-10:30
2026-07-20,2026-07-20 10:08:18-04:00,608,30,P,746.0,745.6,1.69,0.5917159763313614,0.2023404255319292,0.027137932608896083,10:00-10:30
2026-07-20,2026-07-20 10:08:18-04:00,608,60,C,746.0,745.6,1.3,0.7692307692307698,0.34689655172417133,0.046525825070301945,10:00-10:30
2026-07-20,2026-07-20 10:08:18-04:00,608,60,P,746.0,745.6,1.69,0.5917159763313614,0.2488888888889278,0.033381020505489245,10:00-10:30
2026-07-20,2026-07-20 10:13:19-04:00,613,15,C,745.0,744.94,1.49,0.671140939597316,0.20384615384614335,0.02736410366554935,10:00-10:30
2026-07-20,2026-07-20 10:13:19-04:00,613,15,P,745.0,744.94,1.53,0.6535947712418306,0.20000000000004547,0.026847799822810624,10:00-10:30
2026-07-20,2026-07-20 10:13:19-04:00,613,30,C,745.0,744.94,1.49,0.671140939597316,0.33999999999991815,0.045641259698756695,10:00-10:30
2026-07-20,2026-07-20 10:13:19-04:00,613,30,P,745.0,744.94,1.53,0.6535947712418306,0.36212765957452575,0.04861165457278784,10:00-10:30
2026-07-20,2026-07-20 10:13:19-04:00,613,60,C,745.0,744.94,1.49,0.671140939597316,0.35593220338978426,0.04777998273549336,10:00-10:30
2026-07-20,2026-07-20 10:13:19-04:00,613,60,P,745.0,744.94,1.53,0.6535947712418306,0.28301886792451114,0.03799216956057013,10:00-10:30
2026-07-20,2026-07-20 10:18:20-04:00,618,15,C,745.0,744.92,1.46,0.6849315068493157,0.18792452830189177,0.02522747789049721,10:00-10:30
2026-07-20,2026-07-20 10:18:20-04:00,618,15,P,745.0,744.92,1.57,0.6369426751592362,0.2633333333333212,0.035350552184573,10:00-10:30
2026-07-20,2026-07-20 10:18:20-04:00,618,30,C,745.0,744.92,1.46,0.6849315068493157,0.20000000000004547,0.026848520646518485,10:00-10:30
2026-07-20,2026-07-20 10:18:20-04:00,618,30,P,745.0,744.92,1.57,0.6369426751592362,0.32000000000005,0.04295763303442652,10:00-10:30
2026-07-20,2026-07-20 10:18:20-04:00,618,60,C,745.0,744.92,1.46,0.6849315068493157,0.43250000000000455,0.058059925898083634,10:00-10:30
2026-07-20,2026-07-20 10:18:20-04:00,618,60,P,745.0,744.92,1.57,0.6369426751592362,0.5236170212765501,0.07029171203304382,10:00-10:30
2026-07-20,2026-07-20 10:23:20-04:00,623,15,C,745.0,744.7707,1.39,0.7194244604316554,0.29929999999990287,0.04018686556814102,10:00-10:30
2026-07-20,2026-07-20 10:23:20-04:00,623,15,P,745.0,744.7707,1.6,0.6250000000000006,0.18155106382982922,0.02437677312357068,10:00-10:30
2026-07-20,2026-07-20 10:23:20-04:00,623,30,C,745.0,744.7707,1.39,0.7194244604316554,0.11646981132071232,0.015638344972581805,10:00-10:30
2026-07-20,2026-07-20 10:23:20-04:00,623,30,P,745.0,744.7707,1.6,0.6250000000000006,0.1115510638297792,0.014977907137026092,10:00-10:30
2026-07-20,2026-07-20 10:23:20-04:00,623,60,C,745.0,744.7707,1.39,0.7194244604316554,0.5457912280701294,0.0732831229894153,10:00-10:30
2026-07-20,2026-07-20 10:23:20-04:00,623,60,P,745.0,744.7707,1.6,0.6250000000000006,0.49712857142856137,0.0667492117276581,10:00-10:30
2026-07-20,2026-07-20 10:28:20-04:00,628,15,C,745.0,745.24,1.56,1.2820512820512833,0.14937499999996362,0.020043878482094844,10:00-10:30
2026-07-20,2026-07-20 10:28:20-04:00,628,15,P,745.0,745.24,1.31,1.5267175572519098,0.19404255319147978,0.026037592344946563,10:00-10:30
2026-07-20,2026-07-20 10:28:20-04:00,628,30,C,745.0,745.24,1.56,1.2820512820512833,-0.01606557377056106,-0.0021557583826097714,10:00-10:30
2026-07-20,2026-07-20 10:28:20-04:00,628,30,P,745.0,745.24,1.31,1.5267175572519098,0.0005128205128812624,6.881280029000891e-05,10:00-10:30
2026-07-20,2026-07-20 10:28:20-04:00,628,60,C,745.0,745.24,1.56,1.2820512820512833,0.39666666666664696,0.05322670101801392,10:00-10:30
2026-07-20,2026-07-20 10:28:20-04:00,628,60,P,745.0,745.24,1.31,1.5267175572519098,0.4588888888888505,0.06157598745221009,10:00-10:30
2026-07-20,2026-07-20 10:33:21-04:00,633,15,C,745.0,745.24,1.54,0.6493506493506499,0.013333333333321207,0.0017891328073266607,10:30-11:00
2026-07-20,2026-07-20 10:33:21-04:00,633,15,P,745.0,745.24,1.3,0.7692307692307698,0.04500000000007276,0.006038323224742735,10:30-11:00
2026-07-20,2026-07-20 10:33:21-04:00,633,30,C,745.0,745.24,1.54,0.6493506493506499,0.09172413793100986,0.012307999829720608,10:30-11:00
2026-07-20,2026-07-20 10:33:21-04:00,633,30,P,745.0,745.24,1.3,0.7692307692307698,0.14292682926827638,0.019178630946846166,10:30-11:00
2026-07-20,2026-07-20 10:33:21-04:00,633,60,C,745.0,745.24,1.54,0.6493506493506499,0.4544067796610989,0.060974555802305146,10:30-11:00
2026-07-20,2026-07-20 10:33:21-04:00,633,60,P,745.0,745.24,1.3,0.7692307692307698,0.555454545454495,0.07453364626891941,10:30-11:00
2026-07-20,2026-07-20 10:38:21-04:00,638,15,C,745.0,745.27,1.5,0.6666666666666672,-0.1444262295082126,-0.019379047795860912,10:30-11:00
2026-07-20,2026-07-20 10:38:21-04:00,638,15,P,745.0,745.27,1.29,0.7751937984496131,-0.02076923076924686,-0.0027868062271722816,10:30-11:00
2026-07-20,2026-07-20 10:38:21-04:00,638,30,C,745.0,745.27,1.5,0.6666666666666672,0.02172413793107353,0.0029149352491142175,10:30-11:00
2026-07-20,2026-07-20 10:38:21-04:00,638,30,P,745.0,745.27,1.29,0.7751937984496131,0.08813953488368043,0.01182652392873461,10:30-11:00
2026-07-20,2026-07-20 10:38:21-04:00,638,60,C,745.0,745.27,1.5,0.6666666666666672,0.3323529411765094,0.04459497110798897,10:30-11:00
2026-07-20,2026-07-20 10:38:21-04:00,638,60,P,745.0,745.27,1.29,0.7751937984496131,0.533333333333303,0.07156243151251265,10:30-11:00
2026-07-20,2026-07-20 10:43:22-04:00,643,15,C,745.0,745.28,1.5,0.6666666666666672,-0.017241379310348748,-0.0023134096326680913,10:30-11:00
2026-07-20,2026-07-20 10:43:22-04:00,643,15,P,745.0,745.28,1.21,0.8264462809917362,-0.03658536585362526,-0.004908942391265734,10:30-11:00
2026-07-20,2026-07-20 10:43:22-04:00,643,30,C,745.0,745.28,1.5,0.6666666666666672,0.1349999999999909,0.018113997423785815,10:30-11:00
2026-07-20,2026-07-20 10:43:22-04:00,643,30,P,745.0,745.28,1.21,0.8264462809917362,0.11765957446812081,0.015787297991106806,10:30-11:00
2026-07-20,2026-07-20 10:43:22-04:00,643,60,C,745.0,745.28,1.5,0.6666666666666672,0.37000000000000455,0.04964577071704656,10:30-11:00
2026-07-20,2026-07-20 10:43:22-04:00,643,60,P,745.0,745.28,1.21,0.8264462809917362,0.42545454545449957,0.0570865373355651,10:30-11:00
2026-07-20,2026-07-20 10:48:21-04:00,648,15,C,745.0,744.92,1.35,0.7407407407407414,0.08413793103454736,0.011294894892679397,10:30-11:00
2026-07-20,2026-07-20 10:48:21-04:00,648,15,P,745.0,744.92,1.42,0.7042253521126767,0.11560975609756952,0.015519754617619277,10:30-11:00
2026-07-20,2026-07-20 10:48:21-04:00,648,30,C,745.0,744.92,1.35,0.7407407407407414,0.23538461538464617,0.03159864353013024,10:30-11:00
2026-07-20,2026-07-20 10:48:21-04:00,648,30,P,745.0,744.92,1.42,0.7042253521126767,0.20446808510632764,0.027448328022650438,10:30-11:00
2026-07-20,2026-07-20 10:48:21-04:00,648,60,C,745.0,744.92,1.35,0.7407407407407414,0.4603030303030664,0.06179227706372046,10:30-11:00
2026-07-20,2026-07-20 10:48:21-04:00,648,60,P,745.0,744.92,1.42,0.7042253521126767,0.4423404255318246,0.05938093023839132,10:30-11:00
2026-07-20,2026-07-20 10:53:20-04:00,653,15,C,744.0,744.34,1.65,1.2121212121212133,0.21034482758614104,0.028259240076596855,10:30-11:00
2026-07-20,2026-07-20 10:53:20-04:00,653,15,P,744.0,744.34,1.29,0.7751937984496131,0.15813953488373045,0.02124560481550507,10:30-11:00
2026-07-20,2026-07-20 10:53:20-04:00,653,30,C,744.0,744.34,1.65,1.2121212121212133,0.4228571428570831,0.056809676069683616,10:30-11:00
2026-07-20,2026-07-20 10:53:20-04:00,653,30,P,744.0,744.34,1.29,0.7751937984496131,0.4771428571428942,0.0641028101597246,10:30-11:00
2026-07-20,2026-07-20 10:53:20-04:00,653,60,C,744.0,744.34,1.65,1.2121212121212133,0.6123076923076951,0.08226182823812976,10:30-11:00
2026-07-20,2026-07-20 10:53:20-04:00,653,60,P,744.0,744.34,1.29,0.7751937984496131,0.7466666666666697,0.10031258116810458,10:30-11:00
2026-07-20,2026-07-20 10:58:20-04:00,658,15,C,744.0,744.06,1.47,0.680272108843538,0.202033898305217,0.027152904107896815,10:30-11:00
2026-07-20,2026-07-20 10:58:20-04:00,658,15,P,744.0,744.06,1.39,0.7194244604316554,0.13886792452819918,0.018663538495309412,10:30-11:00
2026-07-20,2026-07-20 10:58:20-04:00,658,30,C,744.0,744.06,1.47,0.680272108843538,0.4403030303030846,0.059175742588377905,10:30-11:00
2026-07-20,2026-07-20 10:58:20-04:00,658,30,P,744.0,744.06,1.39,0.7194244604316554,0.4566666666665924,0.061374978720344114,10:30-11:00
2026-07-20,2026-07-20 10:58:20-04:00,658,60,C,744.0,744.06,1.47,0.680272108843538,0.6566666666666379,0.0882545314445929,10:30-11:00
2026-07-20,2026-07-20 10:58:20-04:00,658,60,P,744.0,744.06,1.39,0.7194244604316554,0.6892452830188631,0.09263302462420546,10:30-11:00
2026-07-20,2026-07-20 11:03:21-04:00,663,15,C,745.0,744.78,1.23,0.8130081300813016,0.14461538461534929,0.01941719495896094,11:00-12:00
2026-07-20,2026-07-20 11:03:21-04:00,663,15,P,745.0,744.78,1.44,0.6944444444444451,0.10702127659578764,0.014369515373101808,11:00-12:00
2026-07-20,2026-07-20 11:03:21-04:00,663,30,C,745.0,744.78,1.23,0.8130081300813016,0.3889830508475143,0.05222791305452809,11:00-12:00
2026-07-20,2026-07-20 11:03:21-04:00,663,30,P,745.0,744.78,1.44,0.6944444444444451,0.34999999999990905,0.04699374311876112,11:00-12:00
2026-07-20,2026-07-20 11:03:21-04:00,663,60,C,745.0,744.78,1.23,0.8130081300813016,0.5818750000000819,0.07812709793497165,11:00-12:00
2026-07-20,2026-07-20 11:03:21-04:00,663,60,P,745.0,744.78,1.44,0.6944444444444451,0.5699999999999363,0.07653266736485088,11:00-12:00
2026-07-20,2026-07-20 11:08:22-04:00,668,15,C,745.0,744.74,1.19,0.8403361344537823,0.22561403508768763,0.03029433561883176,11:00-12:00
2026-07-20,2026-07-20 11:08:22-04:00,668,15,P,745.0,744.74,1.49,0.671140939597316,0.2699999999999818,0.03625426323280364,11:00-12:00
2026-07-20,2026-07-20 11:08:22-04:00,668,30,C,745.0,744.74,1.19,0.8403361344537823,0.3225925925926276,0.04331613618076478,11:00-12:00
2026-07-20,2026-07-20 11:08:22-04:00,668,30,P,745.0,744.74,1.49,0.671140939597316,0.40333333333330756,0.054157603100855,11:00-12:00
2026-07-20,2026-07-20 11:08:22-04:00,668,60,C,745.0,744.74,1.19,0.8403361344537823,0.6601694915253802,0.08864429082973659,11:00-12:00
2026-07-20,2026-07-20 11:08:22-04:00,668,60,P,745.0,744.74,1.49,0.671140939597316,0.6568965517242304,0.08820481667752912,11:00-12:00
2026-07-20,2026-07-20 11:13:20-04:00,673,15,C,745.0,744.94,1.29,0.7751937984496131,0.239090909090919,0.03209532433362673,11:00-12:00
2026-07-20,2026-07-20 11:13:20-04:00,673,15,P,745.0,744.94,1.39,0.7194244604316554,0.33666666666670153,0.04519379636839229,11:00-12:00
2026-07-20,2026-07-20 11:13:20-04:00,673,30,C,745.0,744.94,1.29,0.7751937984496131,0.3415789473683617,0.045853216013150275,11:00-12:00
2026-07-20,2026-07-20 11:13:20-04:00,673,30,P,745.0,744.94,1.39,0.7194244604316554,0.45071428571441174,0.060503434600694246,11:00-12:00
2026-07-20,2026-07-20 11:13:20-04:00,673,60,C,745.0,744.94,1.29,0.7751937984496131,0.6303448275861001,0.08461685875185922,11:00-12:00
2026-07-20,2026-07-20 11:13:20-04:00,673,60,P,745.0,744.94,1.39,0.7194244604316554,0.6715254237288946,0.09014490076098673,11:00-12:00
2026-07-20,2026-07-20 11:19:21-04:00,679,15,C,745.0,745.29,1.43,0.6993006993007,0.21796610169496944,0.029245810583124615,11:00-12:00
2026-07-20,2026-07-20 11:19:21-04:00,679,15,P,745.0,745.29,1.16,0.8620689655172422,0.30999999999994543,0.04159454708904527,11:00-12:00
2026-07-20,2026-07-20 11:19:21-04:00,679,30,C,745.0,745.29,1.43,0.6993006993007,0.21151515151518652,0.028380248160472635,11:00-12:00
2026-07-20,2026-07-20 11:19:21-04:00,679,30,P,745.0,745.29,1.16,0.8620689655172422,0.2591489361701633,0.03477155686647659,11:00-12:00
2026-07-20,2026-07-20 11:19:21-04:00,679,60,C,745.0,745.29,1.43,0.6993006993007,0.4811111111110904,0.06455354440702149,11:00-12:00
2026-07-20,2026-07-20 11:19:21-04:00,679,60,P,745.0,745.29,1.16,0.8620689655172422,0.6633333333332985,0.08900338570667773,11:00-12:00
2026-07-20,2026-07-20 11:24:21-04:00,684,15,C,746.0,745.72,1.06,0.9433962264150951,0.10185185185184764,0.013658189649177657,11:00-12:00
2026-07-20,2026-07-20 11:24:21-04:00,684,15,P,746.0,745.72,1.36,0.7352941176470594,0.13888888888891415,0.018624804067064602,11:00-12:00
2026-07-20,2026-07-20 11:24:21-04:00,684,30,C,746.0,745.72,1.06,0.9433962264150951,0.2654901960784173,0.03560186076254053,11:00-12:00
2026-07-20,2026-07-20 11:24:21-04:00,684,30,P,746.0,745.72,1.36,0.7352941176470594,0.2725000000000364,0.03654186557957898,11:00-12:00
2026-07-20,2026-07-20 11:24:21-04:00,684,60,C,746.0,745.72,1.06,0.9433962264150951,0.5098360655738361,0.06836829715896531,11:00-12:00
2026-07-20,2026-07-20 11:24:21-04:00,684,60,P,746.0,745.72,1.36,0.7352941176470594,0.5034482758620697,0.067511703569982,11:00-12:00
2026-07-20,2026-07-20 11:29:22-04:00,689,15,C,745.0,745.47,1.46,0.6849315068493157,0.10982456140345676,0.014732257690243302,11:00-12:00
2026-07-20,2026-07-20 11:29:22-04:00,689,15,P,745.0,745.47,1.01,0.990099009900991,0.16090909090917194,0.02158491836145947,11:00-12:00
2026-07-20,2026-07-20 11:29:22-04:00,689,30,C,745.0,745.47,1.46,0.6849315068493157,0.23079365079354375,0.03095948204401837,11:00-12:00
2026-07-20,2026-07-20 11:29:22-04:00,689,30,P,745.0,745.47,1.01,0.990099009900991,0.3659459459460095,0.049089292117189084,11:00-12:00
2026-07-20,2026-07-20 11:29:22-04:00,689,60,C,745.0,745.47,1.46,0.6849315068493157,0.34999999999990905,0.0469502461534212,11:00-12:00
2026-07-20,2026-07-20 11:29:22-04:00,689,60,P,745.0,745.47,1.01,0.990099009900991,0.5181818181819153,0.06951075404535599,11:00-12:00
2026-07-20,2026-07-20 11:34:23-04:00,694,15,C,746.0,745.83,1.04,0.9615384615384623,-0.02716981132073215,-0.003642896011253523,11:00-12:00
2026-07-20,2026-07-20 11:34:23-04:00,694,15,P,746.0,745.83,1.23,0.8130081300813016,-0.05191489361698132,-0.006960687236633189,11:00-12:00
2026-07-20,2026-07-20 11:34:23-04:00,694,30,C,746.0,745.83,1.04,0.9615384615384623,0.20000000000004547,0.026815762305089023,11:00-12:00
2026-07-20,2026-07-20 11:34:23-04:00,694,30,P,746.0,745.83,1.23,0.8130081300813016,0.1999999999999318,0.02681576230507378,11:00-12:00
2026-07-20,2026-07-20 11:34:23-04:00,694,60,C,746.0,745.83,1.04,0.9615384615384623,0.2402380952380554,0.032210838292647835,11:00-12:00
2026-07-20,2026-07-20 11:34:23-04:00,694,60,P,746.0,745.83,1.23,0.8130081300813016,0.2700943396226876,0.03621392805635166,11:00-12:00
2026-07-20,2026-07-20 11:39:21-04:00,699,15,C,745.0,745.47,1.43,1.3986013986014,0.14384615384608423,0.01929603523228087,11:00-12:00
2026-07-20,2026-07-20 11:39:21-04:00,699,15,P,745.0,745.47,0.97,1.0309278350515474,0.21000000000003638,0.028170147692064922,11:00-12:00
2026-07-20,2026-07-20 11:39:21-04:00,699,30,C,745.0,745.47,1.43,1.3986013986014,0.33369863013695067,0.04476352235998104,11:00-12:00
2026-07-20,2026-07-20 11:39:21-04:00,699,30,P,745.0,745.47,0.97,1.0309278350515474,0.41170731707325103,0.05522788537073941,11:00-12:00
2026-07-20,2026-07-20 11:39:21-04:00,699,60,C,745.0,745.47,1.43,1.3986013986014,0.30461538461543114,0.040862192256620807,11:00-12:00
2026-07-20,2026-07-20 11:39:21-04:00,699,60,P,745.0,745.47,0.97,1.0309278350515474,0.4599999999999227,0.061706037801644964,11:00-12:00
2026-07-20,2026-07-20 11:44:23-04:00,704,15,C,746.0,745.65,0.94,1.0638297872340319,0.16595744680853386,0.022256748717029956,11:00-12:00
2026-07-20,2026-07-20 11:44:23-04:00,704,15,P,746.0,745.65,1.31,0.7633587786259549,0.12830188679242838,0.01720671719874316,11:00-12:00
2026-07-20,2026-07-20 11:44:23-04:00,704,30,C,746.0,745.65,0.94,1.0638297872340319,0.3168965517241986,0.042499369908696925,11:00-12:00
2026-07-20,2026-07-20 11:44:23-04:00,704,30,P,746.0,745.65,1.31,0.7633587786259549,0.24593220338977062,0.03298225754573468,11:00-12:00
2026-07-20,2026-07-20 11:44:23-04:00,704,60,C,746.0,745.65,0.94,1.0638297872340319,0.15689655172423045,0.021041581402029164,11:00-12:00
2026-07-20,2026-07-20 11:44:23-04:00,704,60,P,746.0,745.65,1.31,0.7633587786259549,0.222413793103442,0.029828175833627308,11:00-12:00
2026-07-20,2026-07-20 11:49:23-04:00,709,15,C,745.0,745.35,1.35,1.4814814814814827,0.19937500000003183,0.026749178238415754,11:00-12:00
2026-07-20,2026-07-20 11:49:23-04:00,709,15,P,745.0,745.35,1.02,0.980392156862746,0.2999999999999545,0.040249547192587984,11:00-12:00
2026-07-20,2026-07-20 11:49:23-04:00,709,30,C,745.0,745.35,1.35,1.4814814814814827,0.30999999999994543,0.04159119876567323,11:00-12:00
2026-07-20,2026-07-20 11:49:23-04:00,709,30,P,745.0,745.35,1.02,0.980392156862746,0.40428571428572013,0.05424105645478233,11:00-12:00
2026-07-20,2026-07-20 11:49:23-04:00,709,60,C,745.0,745.35,1.35,1.4814814814814827,0.26937499999996817,0.036140739250012495,11:00-12:00
2026-07-20,2026-07-20 11:49:23-04:00,709,60,P,745.0,745.35,1.02,0.980392156862746,0.49384615384622066,0.06625694691704845,11:00-12:00
2026-07-20,2026-07-20 11:54:22-04:00,714,15,C,746.0,746.26,1.21,0.8264462809917362,0.17406779661018845,0.023325355319886963,11:00-12:00
2026-07-20,2026-07-20 11:54:22-04:00,714,15,P,746.0,746.26,0.98,1.020408163265307,0.2260975609756315,0.030297424620860224,11:00-12:00
2026-07-20,2026-07-20 11:54:22-04:00,714,30,C,746.0,746.26,1.21,0.8264462809917362,0.21573770491806954,0.028909187805599864,11:00-12:00
2026-07-20,2026-07-20 11:54:22-04:00,714,30,P,746.0,746.26,0.98,1.020408163265307,0.3649999999998954,0.04891056736256739,11:00-12:00
2026-07-20,2026-07-20 11:54:22-04:00,714,60,C,746.0,746.26,1.21,0.8264462809917362,0.04634920634919126,0.006210865696833713,11:00-12:00
2026-07-20,2026-07-20 11:54:22-04:00,714,60,P,746.0,746.26,0.98,1.020408163265307,0.21769230769223213,0.029171107615607445,11:00-12:00
2026-07-20,2026-07-20 11:59:23-04:00,719,15,C,746.0,746.05,1.06,0.9433962264150951,0.12379310344829264,0.016593137651403075,11:00-12:00
2026-07-20,2026-07-20 11:59:23-04:00,719,15,P,746.0,746.05,1.04,0.9615384615384623,0.14365853658534888,0.019255885876998714,11:00-12:00
2026-07-20,2026-07-20 11:59:23-04:00,719,30,C,746.0,746.05,1.06,0.9433962264150951,0.12454545454545496,0.016693982245889014,11:00-12:00
2026-07-20,2026-07-20 11:59:23-04:00,719,30,P,746.0,746.05,1.04,0.9615384615384623,0.16636363636359874,0.02229926095618239,11:00-12:00
2026-07-20,2026-07-20 11:59:23-04:00,719,60,C,746.0,746.05,1.06,0.9433962264150951,0.036666666666747005,0.004914773361939148,11:00-12:00
2026-07-20,2026-07-20 11:59:23-04:00,719,60,P,746.0,746.05,1.04,0.9615384615384623,0.15368421052630765,0.020599719928464266,11:00-12:00
2026-07-20,2026-07-20 12:04:23-04:00,724,15,C,746.0,746.19,1.13,0.8849557522123707,0.08403508771925772,0.01126188875745557,12:00-13:00
2026-07-20,2026-07-20 12:04:23-04:00,724,15,P,746.0,746.19,0.96,1.0416666666666676,0.10142857142864159,0.013592861259014672,12:00-13:00
2026-07-20,2026-07-20 12:04:23-04:00,724,30,C,746.0,746.19,1.13,0.8849557522123707,0.023095238095152126,0.0030950881270389746,12:00-13:00
2026-07-20,2026-07-20 12:04:23-04:00,724,30,P,746.0,746.19,0.96,1.0416666666666676,0.0798648648649305,0.010703019990207653,12:00-13:00
2026-07-20,2026-07-20 12:04:23-04:00,724,60,C,746.0,746.19,1.13,0.8849557522123707,0.002372881355881873,0.00031799961884799755,12:00-13:00
2026-07-20,2026-07-20 12:04:23-04:00,724,60,P,746.0,746.19,0.96,1.0416666666666676,0.1352380952381509,0.018123815012014485,12:00-13:00
2026-07-20,2026-07-20 12:09:24-04:00,729,15,C,747.0,746.79,0.84,1.1904761904761916,0.07918032786892581,0.010602756848501696,12:00-13:00
2026-07-20,2026-07-20 12:09:24-04:00,729,15,P,747.0,746.79,1.09,0.9174311926605512,0.10793103448270358,0.014452661991015359,12:00-13:00
2026-07-20,2026-07-20 12:09:24-04:00,729,30,C,747.0,746.79,0.84,1.1904761904761916,-0.028571428571353863,-0.003825898655760504,12:00-13:00
2026-07-20,2026-07-20 12:09:24-04:00,729,30,P,747.0,746.79,1.09,0.9174311926605512,0.019999999999868123,0.0026781290590216964,12:00-13:00
2026-07-20,2026-07-20 12:09:24-04:00,729,60,C,747.0,746.79,0.84,1.1904761904761916,-0.1374999999999318,-0.018412137280886434,12:00-13:00
2026-07-20,2026-07-20 12:09:24-04:00,729,60,P,747.0,746.79,1.09,0.9174311926605512,0.0076923076921957545,0.0010300496380770705,12:00-13:00
2026-07-20,2026-07-20 12:14:24-04:00,734,15,C,747.0,746.76,0.83,1.204819277108435,-0.003636363636360329,-0.0004869521179977944,12:00-13:00
2026-07-20,2026-07-20 12:14:24-04:00,734,15,P,747.0,746.76,1.11,0.9009009009009016,0.03545454545451321,0.0047477831504784945,12:00-13:00
2026-07-20,2026-07-20 12:14:24-04:00,734,30,C,747.0,746.76,0.83,1.204819277108435,-0.14275862068961942,-0.019117068494512217,12:00-13:00
2026-07-20,2026-07-20 12:14:24-04:00,734,30,P,747.0,746.76,1.11,0.9009009009009016,-0.07809523809521579,-0.010457876438911537,12:00-13:00
2026-07-20,2026-07-20 12:14:24-04:00,734,60,C,747.0,746.76,0.83,1.204819277108435,-0.12938775510201594,-0.01732655138224007,12:00-13:00
2026-07-20,2026-07-20 12:14:24-04:00,734,60,P,747.0,746.76,1.11,0.9009009009009016,-0.006666666666660603,-0.0008927455496626229,12:00-13:00
2026-07-20,2026-07-20 12:19:24-04:00,739,15,C,747.0,746.66,0.79,1.2658227848101276,-0.09804347826081994,-0.013130940221897508,12:00-13:00
2026-07-20,2026-07-20 12:19:24-04:00,739,15,P,747.0,746.66,1.15,0.8695652173913052,-0.05084905660385175,-0.0068102023148222425,12:00-13:00
2026-07-20,2026-07-20 12:19:24-04:00,739,30,C,747.0,746.66,0.79,1.2658227848101276,-0.01170212765953238,-0.001567263233537672,12:00-13:00
2026-07-20,2026-07-20 12:19:24-04:00,739,30,P,747.0,746.66,1.15,0.8695652173913052,0.05384615384616609,0.00721160285085127,12:00-13:00
2026-07-20,2026-07-20 12:19:24-04:00,739,60,C,747.0,746.66,0.79,1.2658227848101276,-0.11102040816319914,-0.01486893742308402,12:00-13:00
2026-07-20,2026-07-20 12:19:24-04:00,739,60,P,747.0,746.66,1.15,0.8695652173913052,-0.028235294117735066,-0.003781546368860669,12:00-13:00
2026-07-20,2026-07-20 12:24:24-04:00,744,15,C,747.0,746.82,0.82,1.2195121951219388,-0.09938775510204323,-0.013308127139343245,12:00-13:00
2026-07-20,2026-07-20 12:24:24-04:00,744,15,P,747.0,746.82,1.02,0.980392156862746,-0.09000000000003183,-0.012051096649799392,12:00-13:00
2026-07-20,2026-07-20 12:24:24-04:00,744,30,C,747.0,746.82,0.82,1.2195121951219388,-0.2400000000000091,-0.032136257732788234,12:00-13:00
2026-07-20,2026-07-20 12:24:24-04:00,744,30,P,747.0,746.82,1.02,0.980392156862746,-0.14538461538461434,-0.019467156126591993,12:00-13:00
2026-07-20,2026-07-20 12:24:24-04:00,744,60,C,747.0,746.82,0.82,1.2195121951219388,-0.1442553191488969,-0.019315942147893318,12:00-13:00
2026-07-20,2026-07-20 12:24:24-04:00,744,60,P,747.0,746.82,1.02,0.980392156862746,-0.03777777777781921,-0.005058485013499801,12:00-13:00
2026-07-20,2026-07-20 12:29:24-04:00,749,15,C,747.0,746.52,0.71,1.4084507042253533,-0.19499999999993634,-0.026121202379030213,12:00-13:00
2026-07-20,2026-07-20 12:29:24-04:00,749,15,P,747.0,746.52,1.22,1.6393442622950833,-0.06275862068969218,-0.008406823754178346,12:00-13:00
2026-07-20,2026-07-20 12:29:24-04:00,749,30,C,747.0,746.52,0.71,1.4084507042253533,-0.12000000000000455,-0.016074586079409064,12:00-13:00
2026-07-20,2026-07-20 12:29:24-04:00,749,30,P,747.0,746.52,1.22,1.6393442622950833,0.022542372881389383,0.003019660944300137,12:00-13:00
2026-07-20,2026-07-20 12:29:24-04:00,749,60,C,747.0,746.52,0.71,1.4084507042253533,0.015714285714352627,0.0021050053199314993,12:00-13:00
2026-07-20,2026-07-20 12:29:24-04:00,749,60,P,747.0,746.52,1.22,1.6393442622950833,0.03923076923069857,0.005255153141335607,12:00-13:00
2026-07-20,2026-07-20 12:34:25-04:00,754,15,C,746.0,745.975,0.99,1.010101010101011,-0.05499999999994998,-0.00737290123662991,12:00-13:00
2026-07-20,2026-07-20 12:34:25-04:00,754,15,P,746.0,745.975,1.02,0.980392156862746,0.00961538461535838,0.0012889687476602273,12:00-13:00
2026-07-20,2026-07-20 12:34:25-04:00,754,30,C,746.0,745.975,0.99,1.010101010101011,-0.01991525423738949,-0.002669694592632392,12:00-13:00
2026-07-20,2026-07-20 12:34:25-04:00,754,30,P,746.0,745.975,1.02,0.980392156862746,0.06309523809522943,0.008458090163239979,12:00-13:00
2026-07-20,2026-07-20 12:34:25-04:00,754,60,C,746.0,745.975,0.99,1.010101010101011,0.16462962962964411,0.022069054543335114,12:00-13:00
2026-07-20,2026-07-20 12:34:25-04:00,754,60,P,746.0,745.975,1.02,0.980392156862746,0.20413043478265536,0.027364246091712906,12:00-13:00
2026-07-20,2026-07-20 12:39:24-04:00,759,15,C,746.0,746.19,1.06,0.9433962264150951,-0.12999999999999545,-0.017421836261541358,12:00-13:00
2026-07-20,2026-07-20 12:39:24-04:00,759,15,P,746.0,746.19,0.89,1.1235955056179785,-0.08142857142854609,-0.010912578757226187,12:00-13:00
2026-07-20,2026-07-20 12:39:24-04:00,759,30,C,746.0,746.19,1.06,0.9433962264150951,-0.08412698412701047,-0.011274204174139357,12:00-13:00
2026-07-20,2026-07-20 12:39:24-04:00,759,30,P,746.0,746.19,0.89,1.1235955056179785,-0.01111111111106311,-0.0014890458343133932,12:00-13:00
2026-07-20,2026-07-20 12:39:24-04:00,759,60,C,746.0,746.19,1.06,0.9433962264150951,0.07426229508189408,0.009952196502485168,12:00-13:00
2026-07-20,2026-07-20 12:39:24-04:00,759,60,P,746.0,746.19,0.89,1.1235955056179785,0.1647368421054125,0.02207706376464607,12:00-13:00
2026-07-20,2026-07-20 12:44:24-04:00,764,15,C,746.0,745.6,0.83,1.204819277108435,0.0838983050847446,0.01125245508110845,12:00-13:00
2026-07-20,2026-07-20 12:44:24-04:00,764,15,P,746.0,745.6,1.22,0.8196721311475417,0.10254237288143031,0.013753000654698271,12:00-13:00
2026-07-20,2026-07-20 12:44:24-04:00,764,30,C,746.0,745.6,0.83,1.204819277108435,0.030612244897952223,0.004105719541034365,12:00-13:00
2026-07-20,2026-07-20 12:44:24-04:00,764,30,P,746.0,745.6,1.22,0.8196721311475417,0.04901960784309267,0.0065745182192989094,12:00-13:00
2026-07-20,2026-07-20 12:44:24-04:00,764,60,C,746.0,745.6,0.83,1.204819277108435,0.37999999999999545,0.05096566523605089,12:00-13:00
2026-07-20,2026-07-20 12:44:24-04:00,764,60,P,746.0,745.6,1.22,0.8196721311475417,0.2979710144927594,0.03996392361759112,12:00-13:00
2026-07-20,2026-07-20 12:49:24-04:00,769,15,C,746.0,746.01,0.97,1.0309278350515474,-0.08881355932203405,-0.011905143271810572,12:00-13:00
2026-07-20,2026-07-20 12:49:24-04:00,769,15,P,746.0,746.01,0.95,1.0526315789473695,-0.06857142857143117,-0.009191757291649063,12:00-13:00
2026-07-20,2026-07-20 12:49:24-04:00,769,30,C,746.0,746.01,0.97,1.0309278350515474,-0.09367346938768151,-0.012556597014474539,12:00-13:00
2026-07-20,2026-07-20 12:49:24-04:00,769,30,P,746.0,746.01,0.95,1.0526315789473695,-0.07039215686279476,-0.00943581947464441,12:00-13:00
2026-07-20,2026-07-20 12:49:24-04:00,769,60,C,746.0,746.01,0.97,1.0309278350515474,0.25,0.0335116151258026,12:00-13:00
2026-07-20,2026-07-20 12:49:24-04:00,769,60,P,746.0,746.01,0.95,1.0526315789473695,0.1708333333333485,0.022899603669300477,12:00-13:00
2026-07-20,2026-07-20 12:54:25-04:00,774,15,C,745.0,745.1,1.09,0.9174311926605512,0.05349206349205815,0.007179179102410166,12:00-13:00
2026-07-20,2026-07-20 12:54:25-04:00,774,15,P,745.0,745.1,0.97,2.061855670103095,0.08692307692308532,0.011665961202937232,12:00-13:00
2026-07-20,2026-07-20 12:54:25-04:00,774,30,C,745.0,745.1,1.09,0.9174311926605512,0.1069841269841163,0.014358358204820332,12:00-13:00
2026-07-20,2026-07-20 12:54:25-04:00,774,30,P,745.0,745.1,0.97,2.061855670103095,0.14962962962965776,0.02008181849814223,12:00-13:00
2026-07-20,2026-07-20 12:54:25-04:00,774,60,C,745.0,745.1,1.09,0.9174311926605512,0.3804347826087451,0.05105821803902095,12:00-13:00
2026-07-20,2026-07-20 12:54:25-04:00,774,60,P,745.0,745.1,0.97,2.061855670103095,0.38265306122445963,0.051355933596089066,12:00-13:00
2026-07-20,2026-07-20 12:59:23-04:00,779,15,C,745.0,744.87,0.94,1.0638297872340319,-0.014897959183599596,-0.002000075071300978,12:00-13:00
2026-07-20,2026-07-20 12:59:23-04:00,779,15,P,745.0,744.87,1.06,0.9433962264150951,0.0052941176470540086,0.0007107438408116863,12:00-13:00
2026-07-20,2026-07-20 12:59:23-04:00,779,30,C,745.0,744.87,0.94,1.0638297872340319,0.13510204081637767,0.018137667085045397,12:00-13:00
2026-07-20,2026-07-20 12:59:23-04:00,779,30,P,745.0,744.87,1.06,0.9433962264150951,0.08153846153845734,0.010946670095245793,12:00-13:00
2026-07-20,2026-07-20 12:59:23-04:00,779,60,C,745.0,744.87,0.94,1.0638297872340319,0.38312499999995,0.05143514975766912,12:00-13:00
2026-07-20,2026-07-20 12:59:23-04:00,779,60,P,745.0,744.87,1.06,0.9433962264150951,0.38363636363646947,0.05150380115140487,12:00-13:00
2026-07-20,2026-07-20 13:04:25-04:00,784,15,C,745.0,744.65,0.82,1.2195121951219388,-0.039795918367303784,-0.005344244728033813,13:00-14:00
2026-07-20,2026-07-20 13:04:25-04:00,784,15,P,745.0,744.65,1.14,0.8771929824561412,-0.05784313725496304,-0.00776782881286014,13:00-14:00
2026-07-20,2026-07-20 13:04:25-04:00,784,30,C,745.0,744.65,0.82,1.2195121951219388,0.17481481481479477,0.0234761048566165,13:00-14:00
2026-07-20,2026-07-20 13:04:25-04:00,784,30,P,745.0,744.65,1.14,0.8771929824561412,0.13999999999998636,0.0188007788894093,13:00-14:00
2026-07-20,2026-07-20 13:04:25-04:00,784,60,C,745.0,744.65,0.82,1.2195121951219388,0.4185714285714539,0.056210491985691786,13:00-14:00
2026-07-20,2026-07-20 13:04:25-04:00,784,60,P,745.0,744.65,1.14,0.8771929824561412,0.31769230769225487,0.04266330594134894,13:00-14:00
2026-07-20,2026-07-20 13:13:44-04:00,793,15,C,744.0,744.09,1.06,0.9433962264150951,0.15999999999996817,0.02150277520192022,13:00-14:00
2026-07-20,2026-07-20 13:13:44-04:00,793,15,P,744.0,744.09,0.94,1.0638297872340319,0.07076923076931507,0.009510842877785626,13:00-14:00
2026-07-20,2026-07-20 13:13:44-04:00,793,30,C,744.0,744.09,1.06,0.9433962264150951,0.328823529411693,0.04419136521276902,13:00-14:00
2026-07-20,2026-07-20 13:13:44-04:00,793,30,P,744.0,744.09,0.94,1.0638297872340319,0.2300000000000182,0.030910239352768914,13:00-14:00
2026-07-20,2026-07-20 13:13:44-04:00,793,60,C,744.0,744.09,1.06,0.9433962264150951,0.4476923076922503,0.06016641907460796,13:00-14:00
2026-07-20,2026-07-20 13:13:44-04:00,793,60,P,744.0,744.09,0.94,1.0638297872340319,0.45655172413796663,0.06135705682618589,13:00-14:00
2026-07-20,2026-07-20 13:19:35-04:00,799,15,C,744.0,744.1,1.07,0.9345794392523372,0.18777777777779647,0.025235556750140633,13:00-14:00
2026-07-20,2026-07-20 13:19:35-04:00,799,15,P,744.0,744.1,0.95,1.0526315789473695,0.17695652173915732,0.023781282319467453,13:00-14:00
2026-07-20,2026-07-20 13:19:35-04:00,799,30,C,744.0,744.1,1.07,0.9345794392523372,0.3335294117647436,0.04482319738808541,13:00-14:00
2026-07-20,2026-07-20 13:19:35-04:00,799,30,P,744.0,744.1,0.95,1.0526315789473695,0.2608333333333803,0.03505353223133723,13:00-14:00
2026-07-20,2026-07-20 13:19:35-04:00,799,60,C,744.0,744.1,1.07,0.9345794392523372,0.42727272727267973,0.05742141207803786,13:00-14:00
2026-07-20,2026-07-20 13:19:35-04:00,799,60,P,744.0,744.1,0.95,1.0526315789473695,0.4777777777777601,0.06420881303289344,13:00-14:00
2026-07-20,2026-07-20 13:25:00-04:00,805,15,C,744.0,744.08,1.02,0.980392156862746,0.11868852459008394,0.015951043515493486,13:00-14:00
2026-07-20,2026-07-20 13:25:00-04:00,805,15,P,744.0,744.08,0.91,1.0989010989010999,0.10736842105268352,0.014429687809467195,13:00-14:00
2026-07-20,2026-07-20 13:25:00-04:00,805,30,C,744.0,744.08,1.02,0.980392156862746,0.298985507246357,0.040181903457471906,13:00-14:00
2026-07-20,2026-07-20 13:25:00-04:00,805,30,P,744.0,744.08,0.91,1.0989010989010999,0.24020408163266893,0.032282023657761116,13:00-14:00
2026-07-20,2026-07-20 13:25:00-04:00,805,60,C,744.0,744.08,1.02,0.980392156862746,0.40271186440679685,0.05412211918164671,13:00-14:00
2026-07-20,2026-07-20 13:25:00-04:00,805,60,P,744.0,744.08,0.91,1.0989010989010999,0.46937500000001364,0.06308125470379712,13:00-14:00
2026-07-20,2026-07-20 13:30:15-04:00,810,15,C,744.0,744.25,1.07,0.9345794392523372,0.18352941176476634,0.024659645517603804,13:00-14:00
2026-07-20,2026-07-20 13:30:15-04:00,810,15,P,744.0,744.25,0.83,1.204819277108435,0.1608333333333576,0.02161012204680653,13:00-14:00
2026-07-20,2026-07-20 13:30:15-04:00,810,30,C,744.0,744.25,1.07,0.9345794392523372,0.20624999999995453,0.027712462210272692,13:00-14:00
2026-07-20,2026-07-20 13:30:15-04:00,810,30,P,744.0,744.25,0.83,1.204819277108435,0.3454545454545723,0.046416465630443035,13:00-14:00
2026-07-20,2026-07-20 13:30:15-04:00,810,60,C,744.0,744.25,1.07,0.9345794392523372,0.2585245901640292,0.034736256656235025,13:00-14:00
2026-07-20,2026-07-20 13:30:15-04:00,810,60,P,744.0,744.25,0.83,1.204819277108435,0.42999999999995,0.05777628485051394,13:00-14:00
2026-07-20,2026-07-20 13:35:36-04:00,815,15,C,745.0,744.51,0.66,1.5151515151515165,0.17333333333340306,0.023281531924810018,13:00-14:00
2026-07-20,2026-07-20 13:35:36-04:00,815,15,P,745.0,744.51,1.15,0.8695652173913052,0.15999999999996817,0.021490644853657866,13:00-14:00
2026-07-20,2026-07-20 13:35:36-04:00,815,30,C,745.0,744.51,0.66,1.5151515151515165,0.2728571428571058,0.036649224705793855,13:00-14:00
2026-07-20,2026-07-20 13:35:36-04:00,815,30,P,745.0,744.51,1.15,0.8695652173913052,0.1930769230768874,0.025933422395520194,13:00-14:00
2026-07-20,2026-07-20 13:35:36-04:00,815,60,C,745.0,744.51,0.66,1.5151515151515165,0.25181818181818016,0.03382334445718394,13:00-14:00
2026-07-20,2026-07-20 13:35:36-04:00,815,60,P,745.0,744.51,1.15,0.8695652173913052,0.2178787878787034,0.029264722821547514,13:00-14:00
2026-07-20,2026-07-20 13:42:27-04:00,822,15,C,744.0,743.92,0.86,1.1627906976744196,0.20812499999999545,0.02797679858049192,13:00-14:00
2026-07-20,2026-07-20 13:42:27-04:00,822,15,P,744.0,743.92,0.95,2.105263157894727,0.23363636363637852,0.03140611404941103,13:00-14:00
2026-07-20,2026-07-20 13:42:27-04:00,822,30,C,744.0,743.92,0.86,1.1627906976744196,0.3100000000000591,0.041671147435216035,13:00-14:00
2026-07-20,2026-07-20 13:42:27-04:00,822,30,P,744.0,743.92,0.95,2.105263157894727,0.3037931034482426,0.04083679743093917,13:00-14:00
2026-07-20,2026-07-20 13:42:27-04:00,822,60,C,744.0,743.92,0.86,1.1627906976744196,0.12440322580653174,0.016722661819353123,13:00-14:00
2026-07-20,2026-07-20 13:42:27-04:00,822,60,P,744.0,743.92,0.95,2.105263157894727,0.23849999999993088,0.032059898913852414,13:00-14:00
2026-07-20,2026-07-20 13:50:12-04:00,830,15,C,744.0,744.36,1.03,0.9708737864077678,0.08357142857141753,0.011227286336103166,13:00-14:00
2026-07-20,2026-07-20 13:50:12-04:00,830,15,P,744.0,744.36,0.71,1.4084507042253533,0.19727272727277523,0.026502327808154015,13:00-14:00
2026-07-20,2026-07-20 13:50:12-04:00,830,30,C,744.0,744.36,1.03,0.9708737864077678,0.09454545454548224,0.012701576461051405,13:00-14:00
2026-07-20,2026-07-20 13:50:12-04:00,830,30,P,744.0,744.36,0.71,1.4084507042253533,0.20444444444444798,0.02746580209098393,13:00-14:00
2026-07-20,2026-07-20 13:50:12-04:00,830,60,C,744.0,744.36,1.03,0.9708737864077678,0.14461538461534929,0.019428150977396592,13:00-14:00
2026-07-20,2026-07-20 13:50:12-04:00,830,60,P,744.0,744.36,0.71,1.4084507042253533,0.31407407407402843,0.04219384089338874,13:00-14:00
2026-07-20,2026-07-20 13:56:32-04:00,836,15,C,744.0,744.35,1.01,0.990099009900991,0.110769230769165,0.014881336840083968,13:00-14:00
2026-07-20,2026-07-20 13:56:32-04:00,836,15,P,744.0,744.35,0.67,1.492537313432837,0.2057142857142935,0.027636768417316247,13:00-14:00
2026-07-20,2026-07-20 13:56:32-04:00,836,30,C,744.0,744.35,1.01,0.990099009900991,0.11576271186436315,0.015552188065340653,13:00-14:00
2026-07-20,2026-07-20 13:56:32-04:00,836,30,P,744.0,744.35,0.67,1.492537313432837,0.21536585365856808,0.02893341219299632,13:00-14:00
2026-07-20,2026-07-20 13:56:32-04:00,836,60,C,744.0,744.35,1.01,0.990099009900991,0.06838709677413135,0.009187492009690516,13:00-14:00
2026-07-20,2026-07-20 13:56:32-04:00,836,60,P,744.0,744.35,0.67,1.492537313432837,0.19052631578949786,0.025596334491771056,13:00-14:00
2026-07-20,2026-07-20 14:01:52-04:00,841,15,C,745.0,745.05,0.82,1.2195121951219388,0.022727272727365744,0.003050435907303637,14:00-15:00
2026-07-20,2026-07-20 14:01:52-04:00,841,15,P,745.0,745.05,0.76,1.3157894736842117,0.005555555555474712,0.0007456621106603197,14:00-15:00
2026-07-20,2026-07-20 14:01:52-04:00,841,30,C,745.0,745.05,0.82,1.2195121951219388,0.048688524590261295,0.006534933842059097,14:00-15:00
2026-07-20,2026-07-20 14:01:52-04:00,841,30,P,745.0,745.05,0.76,1.3157894736842117,0.05499999999994998,0.007382054895637874,14:00-15:00
2026-07-20,2026-07-20 14:01:52-04:00,841,60,C,745.0,745.05,0.82,1.2195121951219388,-0.021481481481487208,-0.0028832268279292946,14:00-15:00
2026-07-20,2026-07-20 14:01:52-04:00,841,60,P,745.0,745.05,0.76,1.3157894736842117,0.02936170212763045,0.003940903580649681,14:00-15:00
2026-07-20,2026-07-20 14:08:57-04:00,848,15,C,745.0,744.64,0.59,1.6949152542372898,0.11389830508483101,0.015295754335629434,14:00-15:00
2026-07-20,2026-07-20 14:08:57-04:00,848,15,P,745.0,744.64,0.95,1.0526315789473695,0.09187499999995907,0.012338176837123856,14:00-15:00
2026-07-20,2026-07-20 14:08:57-04:00,848,30,C,745.0,744.64,0.59,1.6949152542372898,-0.005454545454540494,-0.000732507715747273,14:00-15:00
2026-07-20,2026-07-20 14:08:57-04:00,848,30,P,745.0,744.64,0.95,1.0526315789473695,0.03727272727269337,0.005005469390939699,14:00-15:00
2026-07-20,2026-07-20 14:08:57-04:00,848,60,C,745.0,744.64,0.59,1.6949152542372898,0.09727272727275249,0.01306305426417497,14:00-15:00
2026-07-20,2026-07-20 14:08:57-04:00,848,60,P,745.0,744.64,0.95,1.0526315789473695,0.11955223880590893,0.016055038516049225,14:00-15:00
2026-07-20,2026-07-20 14:14:52-04:00,854,15,C,745.0,745.03,0.74,1.3513513513513526,-0.062459016393404454,-0.008383423002215274,14:00-15:00
2026-07-20,2026-07-20 14:14:52-04:00,854,15,P,745.0,745.03,0.72,1.3888888888888902,-0.06500000000005457,-0.00872448089339417,14:00-15:00
2026-07-20,2026-07-20 14:14:52-04:00,854,30,C,745.0,745.03,0.74,1.3513513513513526,-0.15161290322578225,-0.020349905805911474,14:00-15:00
2026-07-20,2026-07-20 14:14:52-04:00,854,30,P,745.0,745.03,0.72,1.3888888888888902,-0.13333333333343944,-0.01789637106337187,14:00-15:00
2026-07-20,2026-07-20 14:14:52-04:00,854,60,C,745.0,745.03,0.74,1.3513513513513526,0.06615384615383846,0.008879353335280251,14:00-15:00
2026-07-20,2026-07-20 14:14:52-04:00,854,60,P,745.0,745.03,0.72,1.3888888888888902,0.12035087719300464,0.01615382967034947,14:00-15:00
2026-07-20,2026-07-20 14:23:47-04:00,863,15,C,745.0,744.6,0.57,1.7543859649122628,-0.0018181818181801646,-0.0002441823553827779,14:00-15:00
2026-07-20,2026-07-20 14:23:47-04:00,863,15,P,745.0,744.6,0.97,1.0309278350515474,0.03515151515148318,0.004720858870733707,14:00-15:00
2026-07-20,2026-07-20 14:23:47-04:00,863,30,C,745.0,744.6,0.57,1.7543859649122628,0.05333333333328483,0.007162682424561486,14:00-15:00
2026-07-20,2026-07-20 14:23:47-04:00,863,30,P,745.0,744.6,0.97,1.0309278350515474,0.035555555555561114,0.004775121616379414,14:00-15:00
2026-07-20,2026-07-20 14:23:47-04:00,863,60,C,745.0,744.6,0.57,1.7543859649122628,0.19938775510206597,0.026777834421443183,14:00-15:00
2026-07-20,2026-07-20 14:23:47-04:00,863,60,P,745.0,744.6,0.97,1.0309278350515474,0.2111764705882706,0.02836106239434201,14:00-15:00
2026-07-20,2026-07-20 14:29:08-04:00,869,15,C,745.0,744.72,0.58,1.7241379310344844,-0.27687209302325755,-0.037178012276192066,14:00-15:00
2026-07-20,2026-07-20 14:29:08-04:00,869,15,P,745.0,744.72,0.85,1.176470588235295,-0.14007142857144572,-0.018808603041605663,14:00-15:00
2026-07-20,2026-07-20 14:29:08-04:00,869,30,C,745.0,744.72,0.58,1.7241379310344844,-0.08076923076930598,-0.010845583678336285,14:00-15:00
2026-07-20,2026-07-20 14:29:08-04:00,869,30,P,745.0,744.72,0.85,1.176470588235295,-0.03333333333330302,-0.004475955168828958,14:00-15:00
2026-07-20,2026-07-20 14:29:08-04:00,869,60,C,745.0,744.72,0.58,1.7241379310344844,0.2130769230768692,0.02861168265614851,14:00-15:00
2026-07-20,2026-07-20 14:29:08-04:00,869,60,P,745.0,744.72,0.85,1.176470588235295,0.15262295081970478,0.020494004568120203,14:00-15:00
2026-07-20,2026-07-20 14:34:29-04:00,874,15,C,744.0,743.82,0.66,1.5151515151515165,0.03333333333330302,0.004481370940994194,14:00-15:00
2026-07-20,2026-07-20 14:34:29-04:00,874,15,P,744.0,743.82,0.84,1.1904761904761916,0.014814814814826605,0.0019917204182230384,14:00-15:00
2026-07-20,2026-07-20 14:34:29-04:00,874,30,C,744.0,743.82,0.66,1.5151515151515165,0.04454545454541403,0.005988741166601332,14:00-15:00
2026-07-20,2026-07-20 14:34:29-04:00,874,30,P,744.0,743.82,0.84,1.1904761904761916,0.09888888888895053,0.013294733791636489,14:00-15:00
2026-07-20,2026-07-20 14:34:29-04:00,874,60,C,744.0,743.82,0.66,1.5151515151515165,0.3874603174602953,0.05209060222369596,14:00-15:00
2026-07-20,2026-07-20 14:34:29-04:00,874,60,P,744.0,743.82,0.84,1.1904761904761916,0.3329850746268903,0.044766889116572596,14:00-15:00
2026-07-20,2026-07-20 14:39:42-04:00,879,15,C,744.0,743.58,0.57,1.7543859649122628,0.033589743589686805,0.004517300571517093,14:00-15:00
2026-07-20,2026-07-20 14:39:42-04:00,879,15,P,744.0,743.58,0.98,2.040816326530614,0.04333333333340761,0.005827662569381587,14:00-15:00
2026-07-20,2026-07-20 14:39:42-04:00,879,30,C,744.0,743.58,0.57,1.7543859649122628,0.0641463414633563,0.00862668999480302,14:00-15:00
2026-07-20,2026-07-20 14:39:42-04:00,879,30,P,744.0,743.58,0.98,2.040816326530614,0.07847457627121912,0.010553615787301853,14:00-15:00
2026-07-20,2026-07-20 14:39:42-04:00,879,60,C,744.0,743.58,0.57,1.7543859649122628,0.5814492753622744,0.07819592718500691,14:00-15:00
2026-07-20,2026-07-20 14:39:42-04:00,879,60,P,744.0,743.58,0.98,2.040816326530614,0.36126984126997286,0.04858520149411937,14:00-15:00
2026-07-20,2026-07-20 14:44:15-04:00,884,15,C,743.0,742.9315,0.8,1.250000000000001,0.14817741935485174,0.019944963883595155,14:00-15:00
2026-07-20,2026-07-20 14:44:15-04:00,884,15,P,743.0,742.9315,0.82,1.2195121951219388,0.12816666666674337,0.017251478321587303,14:00-15:00
2026-07-20,2026-07-20 14:44:15-04:00,884,30,C,743.0,742.9315,0.8,1.250000000000001,0.2034999999999627,0.02739148898653008,14:00-15:00
2026-07-20,2026-07-20 14:44:15-04:00,884,30,P,743.0,742.9315,0.82,1.2195121951219388,0.1587881355932268,0.021373186571470828,14:00-15:00
2026-07-20,2026-07-20 14:44:15-04:00,884,60,C,743.0,742.9315,0.8,1.250000000000001,0.5632826086955447,0.07581891583484408,14:00-15:00
2026-07-20,2026-07-20 14:44:15-04:00,884,60,P,743.0,742.9315,0.82,1.2195121951219388,0.4588015873016502,0.061755570641660804,14:00-15:00
2026-07-20,2026-07-20 14:49:14-04:00,889,15,C,743.0,742.83,0.72,1.3888888888888902,0.013333333333321207,0.0017949373791205532,14:00-15:00
2026-07-20,2026-07-20 14:49:14-04:00,889,15,P,743.0,742.83,0.86,1.1627906976744196,0.02212765957449392,0.002978832246206254,14:00-15:00
2026-07-20,2026-07-20 14:49:14-04:00,889,30,C,743.0,742.83,0.72,1.3888888888888902,0.23538461538453248,0.03168754834679974,14:00-15:00
2026-07-20,2026-07-20 14:49:14-04:00,889,30,P,743.0,742.83,0.86,1.1627906976744196,0.16596491228074228,0.022342246850657926,14:00-15:00
2026-07-20,2026-07-20 14:49:14-04:00,889,60,C,743.0,742.83,0.72,1.3888888888888902,0.5188405797100586,0.0698464762745256,14:00-15:00
2026-07-20,2026-07-20 14:49:14-04:00,889,60,P,743.0,742.83,0.86,1.1627906976744196,0.4093750000000682,0.05511018671837004,14:00-15:00
2026-07-20,2026-07-20 14:54:15-04:00,894,15,C,743.0,743.12,0.8,2.500000000000002,0.014999999999986358,0.002018516524920115,14:00-15:00
2026-07-20,2026-07-20 14:54:15-04:00,894,15,P,743.0,743.12,0.68,1.4705882352941189,0.11000000000001364,0.01480245451609614,14:00-15:00
2026-07-20,2026-07-20 14:54:15-04:00,894,30,C,743.0,743.12,0.8,2.500000000000002,0.14877551020413193,0.020020388390048972,14:00-15:00
2026-07-20,2026-07-20 14:54:15-04:00,894,30,P,743.0,743.12,0.68,1.4705882352941189,0.162549019607809,0.02187385881254831,14:00-15:00
2026-07-20,2026-07-20 14:59:16-04:00,899,15,C,743.0,742.87,0.68,1.4705882352941189,0.042439024390205304,0.005712846714796035,14:00-15:00
2026-07-20,2026-07-20 14:59:16-04:00,899,15,P,743.0,742.87,0.79,1.2658227848101276,0.04644067796607487,0.006251521526791346,14:00-15:00
2026-07-20,2026-07-20 14:59:16-04:00,899,30,C,743.0,742.87,0.68,1.4705882352941189,0.24606060606060964,0.03312296984137328,14:00-15:00
2026-07-20,2026-07-20 14:59:16-04:00,899,30,P,743.0,742.87,0.79,1.2658227848101276,0.20426229508200322,0.027496371516147273,14:00-15:00
2026-07-20,2026-07-20 15:04:15-04:00,904,15,C,743.0,742.51,0.55,1.8181818181818195,0.1590476190475556,0.02142026626544499,15:00-16:00
2026-07-20,2026-07-20 15:04:15-04:00,904,15,P,743.0,742.51,1.01,0.990099009900991,0.10912280701757027,0.014696476413458441,15:00-16:00
2026-07-20,2026-07-20 15:04:15-04:00,904,30,C,743.0,742.51,0.55,1.8181818181818195,0.4600000000000364,0.06195202758212501,15:00-16:00
2026-07-20,2026-07-20 15:04:15-04:00,904,30,P,743.0,742.51,1.01,0.990099009900991,0.249677419354839,0.033626135588051206,15:00-16:00
2026-07-20,2026-07-20 15:09:14-04:00,909,15,C,743.0,742.61,0.53,1.8867924528301903,0.10775510204086913,0.014510321978005836,15:00-16:00
2026-07-20,2026-07-20 15:09:14-04:00,909,15,P,743.0,742.61,0.9,1.111111111111112,0.08392156862737465,0.01130089395879057,15:00-16:00
2026-07-20,2026-07-20 15:09:14-04:00,909,30,C,743.0,742.61,0.53,1.8867924528301903,0.39111111111105856,0.052667094586803104,15:00-16:00
2026-07-20,2026-07-20 15:09:14-04:00,909,30,P,743.0,742.61,0.9,1.111111111111112,0.21253731343290383,0.028620313951186197,15:00-16:00
2026-07-20,2026-07-20 15:14:16-04:00,914,15,C,742.0,742.01,0.73,1.3698630136986314,0.18181818181813014,0.024503467853280975,15:00-16:00
2026-07-20,2026-07-20 15:14:16-04:00,914,15,P,742.0,742.01,0.69,1.449275362318826,0.18032786885248697,0.024302619756133608,15:00-16:00
2026-07-20,2026-07-20 15:14:16-04:00,914,30,C,742.0,742.01,0.73,1.3698630136986314,0.38333333333332575,0.051661478057347714,15:00-16:00
2026-07-20,2026-07-20 15:14:16-04:00,914,30,P,742.0,742.01,0.69,1.449275362318826,0.3309523809524535,0.04460214565200651,15:00-16:00
2026-07-20,2026-07-20 15:19:16-04:00,919,15,C,742.0,742.05,0.72,1.3888888888888902,0.18153846153848008,0.024464451389863227,15:00-16:00
2026-07-20,2026-07-20 15:19:16-04:00,919,15,P,742.0,742.05,0.65,1.5384615384615397,0.2090322580644397,0.02816956513232797,15:00-16:00
2026-07-20,2026-07-20 15:19:16-04:00,919,30,C,742.0,742.05,0.72,1.3888888888888902,0.298840579710145,0.04027229697596456,15:00-16:00
2026-07-20,2026-07-20 15:19:16-04:00,919,30,P,742.0,742.05,0.65,1.5384615384615397,0.3012499999999818,0.040596994811667925,15:00-16:00
2026-07-20,2026-07-20 15:24:15-04:00,924,15,C,742.0,742.33,0.85,2.35294117647059,0.1790476190475374,0.02411967979841006,15:00-16:00
2026-07-20,2026-07-20 15:24:15-04:00,924,15,P,742.0,742.33,0.5,2.0000000000000018,0.2455555555555975,0.03307902894340758,15:00-16:00
2026-07-20,2026-07-20 15:29:16-04:00,929,15,C,742.0,742.01,0.62,1.6129032258064528,0.2239130434782055,0.0301765533454004,15:00-16:00
2026-07-20,2026-07-20 15:29:16-04:00,929,15,P,742.0,742.01,0.59,1.6949152542372898,0.17222222222221717,0.023210229272141503,15:00-16:00
2026-07-20,2026-07-20 15:34:16-04:00,934,15,C,743.0,742.97,0.56,1.785714285714287,0.14695652173907092,0.019779603717387097,15:00-16:00
2026-07-20,2026-07-20 15:34:16-04:00,934,15,P,743.0,742.97,0.58,1.7241379310344844,0.11187500000005457,0.015057808525250623,15:00-16:00
2026-07-22,2026-07-22 09:31:12-04:00,571,15,C,747.0,746.94,1.77,0.56497175141243,0.3737288135592962,0.05003464984594428,09:30-10:00
2026-07-22,2026-07-22 09:31:12-04:00,571,15,P,747.0,746.94,1.84,1.0869565217391313,0.3769230769231626,0.050462296425839104,09:30-10:00
2026-07-22,2026-07-22 09:31:12-04:00,571,30,C,747.0,746.94,1.77,0.56497175141243,0.5196551724137635,0.06957120684576586,09:30-10:00
2026-07-22,2026-07-22 09:31:12-04:00,571,30,P,747.0,746.94,1.84,1.0869565217391313,0.5473584905661255,0.07328011494445677,09:30-10:00
2026-07-22,2026-07-22 09:31:12-04:00,571,60,C,747.0,746.94,1.77,0.56497175141243,0.7106249999999363,0.09513816370791982,09:30-10:00
2026-07-22,2026-07-22 09:31:12-04:00,571,60,P,747.0,746.94,1.84,1.0869565217391313,0.6541379310345974,0.0875756996592226,09:30-10:00
2026-07-22,2026-07-22 09:36:13-04:00,576,15,C,747.0,747.25,1.85,0.540540540540541,0.3254838709676733,0.04355756051758759,09:30-10:00
2026-07-22,2026-07-22 09:36:13-04:00,576,15,P,747.0,747.25,1.62,0.6172839506172845,0.3957142857143481,0.052956077044409244,09:30-10:00
2026-07-22,2026-07-22 09:36:13-04:00,576,30,C,747.0,747.25,1.85,0.540540540540541,0.40737704918035433,0.05451683495220533,09:30-10:00
2026-07-22,2026-07-22 09:36:13-04:00,576,30,P,747.0,747.25,1.62,0.6172839506172845,0.5421568627450597,0.07255361160857272,09:30-10:00
2026-07-22,2026-07-22 09:36:13-04:00,576,60,C,747.0,747.25,1.85,0.540540540540541,0.42407936507936483,0.056752006032701884,09:30-10:00
2026-07-22,2026-07-22 09:36:13-04:00,576,60,P,747.0,747.25,1.62,0.6172839506172845,0.5660000000000309,0.07574439611910752,09:30-10:00
2026-07-22,2026-07-22 09:41:13-04:00,581,15,C,747.0,747.25,1.81,0.5524861878453043,0.2609677419354739,0.03492375268457328,09:30-10:00
2026-07-22,2026-07-22 09:41:13-04:00,581,15,P,747.0,747.25,1.59,0.6289308176100634,0.33448979591832995,0.04476276961101772,09:30-10:00
2026-07-22,2026-07-22 09:41:13-04:00,581,30,C,747.0,747.25,1.81,0.5524861878453043,0.3271929824561539,0.04378628069001725,09:30-10:00
2026-07-22,2026-07-22 09:41:13-04:00,581,30,P,747.0,747.25,1.59,0.6289308176100634,0.5499999999999545,0.0736032117765078,09:30-10:00
2026-07-22,2026-07-22 09:41:13-04:00,581,60,C,747.0,747.25,1.81,0.5524861878453043,0.3074137931034784,0.041139350030575894,09:30-10:00
2026-07-22,2026-07-22 09:41:13-04:00,581,60,P,747.0,747.25,1.59,0.6289308176100634,0.5218627450980193,0.06983777117404073,09:30-10:00
2026-07-22,2026-07-22 09:46:12-04:00,586,15,C,748.0,747.89,1.53,0.6535947712418306,0.15586206896546173,0.020840239736520307,09:30-10:00
2026-07-22,2026-07-22 09:46:12-04:00,586,15,P,748.0,747.89,1.68,0.5952380952380958,0.19547169811323784,0.026136423553361838,09:30-10:00
2026-07-22,2026-07-22 09:46:12-04:00,586,30,C,748.0,747.89,1.53,0.6535947712418306,0.13254237288140303,0.017722174769204433,09:30-10:00
2026-07-22,2026-07-22 09:46:12-04:00,586,30,P,748.0,747.89,1.68,0.5952380952380958,0.308461538461529,0.0412442389203665,09:30-10:00
2026-07-22,2026-07-22 09:46:12-04:00,586,60,C,748.0,747.89,1.53,0.6535947712418306,0.28230769230776787,0.03774722115655616,09:30-10:00
2026-07-22,2026-07-22 09:46:12-04:00,586,60,P,748.0,747.89,1.68,0.5952380952380958,0.4308333333333394,0.05760651076138729,09:30-10:00
2026-07-22,2026-07-22 09:51:12-04:00,591,15,C,748.0,747.6,1.37,0.7299270072992706,0.22000000000002728,0.029427501337617346,09:30-10:00
2026-07-22,2026-07-22 09:51:12-04:00,591,15,P,748.0,747.6,1.81,0.5524861878453043,0.2647058823529278,0.03540742139552271,09:30-10:00
2026-07-22,2026-07-22 09:51:12-04:00,591,30,C,748.0,747.6,1.37,0.7299270072992706,0.23745098039216828,0.03176176837776462,09:30-10:00
2026-07-22,2026-07-22 09:51:12-04:00,591,30,P,748.0,747.6,1.81,0.5524861878453043,0.30836734693878043,0.04124763870235158,09:30-10:00
2026-07-22,2026-07-22 09:51:12-04:00,591,60,C,748.0,747.6,1.37,0.7299270072992706,0.261698113207558,0.035005098074847245,09:30-10:00
2026-07-22,2026-07-22 09:51:12-04:00,591,60,P,748.0,747.6,1.81,0.5524861878453043,0.3651724137931751,0.04884596225162856,09:30-10:00
2026-07-22,2026-07-22 09:56:14-04:00,596,15,C,748.0,748.14,1.59,0.6289308176100634,0.051228070175511675,0.006847390886132499,09:30-10:00
2026-07-22,2026-07-22 09:56:14-04:00,596,15,P,748.0,748.14,1.49,0.671140939597316,0.20744186046511004,0.027727679373527686,09:30-10:00
2026-07-22,2026-07-22 09:56:14-04:00,596,30,C,748.0,748.14,1.59,0.6289308176100634,0.04185185185190221,0.005594120332010347,09:30-10:00
2026-07-22,2026-07-22 09:56:14-04:00,596,30,P,748.0,748.14,1.49,0.671140939597316,0.21425531914883322,0.02863839911631957,09:30-10:00
2026-07-22,2026-07-22 09:56:14-04:00,596,60,C,748.0,748.14,1.59,0.6289308176100634,0.2462962962963502,0.032921150626400164,09:30-10:00
2026-07-22,2026-07-22 09:56:14-04:00,596,60,P,748.0,748.14,1.49,0.671140939597316,0.3543478260869506,0.04736383913264237,09:30-10:00
2026-07-22,2026-07-22 10:02:13-04:00,602,15,C,749.0,748.77,1.39,1.4388489208632946,-0.004166666666606034,-0.0005564681633353411,10:00-10:30
2026-07-22,2026-07-22 10:02:13-04:00,602,15,P,749.0,748.77,1.65,0.6060606060606066,0.1307692307692605,0.01746453928032113,10:00-10:30
2026-07-22,2026-07-22 10:02:13-04:00,602,30,C,749.0,748.77,1.39,1.4388489208632946,0.19283018867929513,0.02575292662356867,10:00-10:30
2026-07-22,2026-07-22 10:02:13-04:00,602,30,P,749.0,748.77,1.65,0.6060606060606066,0.1323404255318792,0.01767437604763535,10:00-10:30
2026-07-22,2026-07-22 10:02:13-04:00,602,60,C,749.0,748.77,1.39,1.4388489208632946,0.35728813559319406,0.04771667342350709,10:00-10:30
2026-07-22,2026-07-22 10:02:13-04:00,602,60,P,749.0,748.77,1.65,0.6060606060606066,0.4083018867924011,0.05452968024792675,10:00-10:30
2026-07-22,2026-07-22 10:07:13-04:00,607,15,C,749.0,749.1,1.52,0.6578947368421059,0.03156862745095168,0.004214207375644331,10:00-10:30
2026-07-22,2026-07-22 10:07:13-04:00,607,15,P,749.0,749.1,1.43,0.6993006993007,0.03285714285709673,0.004386215839954176,10:00-10:30
2026-07-22,2026-07-22 10:07:13-04:00,607,30,C,749.0,749.1,1.52,0.6578947368421059,0.016692307692210306,0.0022283150036323993,10:00-10:30
2026-07-22,2026-07-22 10:07:13-04:00,607,30,P,749.0,749.1,1.43,0.6993006993007,0.02016666666668243,0.0026921194322096424,10:00-10:30
2026-07-22,2026-07-22 10:07:13-04:00,607,60,C,749.0,749.1,1.52,0.6578947368421059,0.420403030302964,0.05612108267293606,10:00-10:30
2026-07-22,2026-07-22 10:07:13-04:00,607,60,P,749.0,749.1,1.43,0.6993006993007,0.4577260869565407,0.061103469090447296,10:00-10:30
2026-07-22,2026-07-22 10:12:13-04:00,612,15,C,749.0,748.7,1.32,0.7575757575757582,-0.018148148148156906,-0.002423954607741005,10:00-10:30
2026-07-22,2026-07-22 10:12:13-04:00,612,15,P,749.0,748.7,1.6,0.6250000000000006,0.00829787234044943,0.001108304039060963,10:00-10:30
2026-07-22,2026-07-22 10:12:13-04:00,612,30,C,749.0,748.7,1.32,0.7575757575757582,-0.0233333333334258,-0.0031165130671064246,10:00-10:30
2026-07-22,2026-07-22 10:12:13-04:00,612,30,P,749.0,748.7,1.6,0.6250000000000006,-0.008529411764698125,-0.0011392295665417556,10:00-10:30
2026-07-22,2026-07-22 10:12:13-04:00,612,60,C,749.0,748.7,1.32,0.7575757575757582,0.4735087719298008,0.06324412607583822,10:00-10:30
2026-07-22,2026-07-22 10:12:13-04:00,612,60,P,749.0,748.7,1.6,0.6250000000000006,0.3585714285715085,0.047892537541272664,10:00-10:30
2026-07-22,2026-07-22 10:17:14-04:00,617,15,C,748.0,747.87,1.45,0.6896551724137937,0.20603773584900864,0.027549939942638244,10:00-10:30
2026-07-22,2026-07-22 10:17:14-04:00,617,15,P,748.0,747.87,1.54,0.6493506493506499,-0.0017021276595414747,-0.00022759672931678965,10:00-10:30
2026-07-22,2026-07-22 10:17:14-04:00,617,30,C,748.0,747.87,1.45,0.6896551724137937,0.14846153846156085,0.019851249343008925,10:00-10:30
2026-07-22,2026-07-22 10:17:14-04:00,617,30,P,748.0,747.87,1.54,0.6493506493506499,0.11916666666661513,0.01593414185174096,10:00-10:30
2026-07-22,2026-07-22 10:17:14-04:00,617,60,C,748.0,747.87,1.45,0.6896551724137937,0.5454237288134891,0.07293028585362284,10:00-10:30
2026-07-22,2026-07-22 10:17:14-04:00,617,60,P,748.0,747.87,1.54,0.6493506493506499,0.3981818181817971,0.05324211670234093,10:00-10:30
2026-07-22,2026-07-22 10:22:14-04:00,622,15,C,748.0,748.21,1.57,0.6369426751592362,0.002846153846121524,0.0003803950556824319,10:00-10:30
2026-07-22,2026-07-22 10:22:14-04:00,622,15,P,748.0,748.21,1.37,0.7299270072992706,0.005166666666696074,0.0006905369704623132,10:00-10:30
2026-07-22,2026-07-22 10:22:14-04:00,622,30,C,748.0,748.21,1.57,0.6369426751592362,0.029056603773483403,0.0038834824144937117,10:00-10:30
2026-07-22,2026-07-22 10:22:14-04:00,622,30,P,748.0,748.21,1.37,0.7299270072992706,0.07531914893627345,0.01006657875947574,10:00-10:30
2026-07-22,2026-07-22 10:22:14-04:00,622,60,C,748.0,748.21,1.57,0.6369426751592362,0.41666666666662877,0.055688465359541944,10:00-10:30
2026-07-22,2026-07-22 10:22:14-04:00,622,60,P,748.0,748.21,1.37,0.7299270072992706,0.4722222222221717,0.06311359407414652,10:00-10:30
2026-07-22,2026-07-22 10:27:15-04:00,627,15,C,747.0,747.33,1.68,0.5952380952380958,0.0935483870968028,0.012517681224733757,10:00-10:30
2026-07-22,2026-07-22 10:27:15-04:00,627,15,P,747.0,747.33,1.31,0.7633587786259549,0.10000000000002274,0.013380969585059176,10:00-10:30
2026-07-22,2026-07-22 10:27:15-04:00,627,30,C,747.0,747.33,1.68,0.5952380952380958,0.2229629629629244,0.02983460626000888,10:00-10:30
2026-07-22,2026-07-22 10:27:15-04:00,627,30,P,747.0,747.33,1.31,0.7633587786259549,0.1530434782608836,0.02047870127800083,10:00-10:30
2026-07-22,2026-07-22 10:27:15-04:00,627,60,C,747.0,747.33,1.68,0.5952380952380958,0.47895522388057543,0.0640888528334973,10:00-10:30
2026-07-22,2026-07-22 10:27:15-04:00,627,60,P,747.0,747.33,1.31,0.7633587786259549,0.5027272727272702,0.06726978345941823,10:00-10:30
2026-07-22,2026-07-22 10:32:15-04:00,632,15,C,748.0,747.51,1.16,0.8620689655172422,-0.049230769230689475,-0.0065859679777781534,10:30-11:00
2026-07-22,2026-07-22 10:32:15-04:00,632,15,P,748.0,747.51,1.72,0.5813953488372098,0.1341666666666015,0.017948477835293374,10:30-11:00
2026-07-22,2026-07-22 10:32:15-04:00,632,30,C,748.0,747.51,1.16,0.8620689655172422,0.18851063829788473,0.025218477117080005,10:30-11:00
2026-07-22,2026-07-22 10:32:15-04:00,632,30,P,748.0,747.51,1.72,0.5813953488372098,0.28037735849056844,0.03750817493954174,10:30-11:00
2026-07-22,2026-07-22 10:32:15-04:00,632,60,C,748.0,747.51,1.16,0.8620689655172422,0.4446153846154175,0.059479523299409705,10:30-11:00
2026-07-22,2026-07-22 10:32:15-04:00,632,60,P,748.0,747.51,1.72,0.5813953488372098,0.45984126984126306,0.061516403772693753,10:30-11:00
2026-07-22,2026-07-22 10:37:14-04:00,637,15,C,747.0,747.309,1.63,0.6134969325153244,0.04326415094340064,0.00578932555922659,10:30-11:00
2026-07-22,2026-07-22 10:37:14-04:00,637,15,P,747.0,747.309,1.33,0.7518796992481209,0.08921276595742711,0.011937868533287719,10:30-11:00
2026-07-22,2026-07-22 10:37:14-04:00,637,30,C,747.0,747.309,1.63,0.6134969325153244,0.3780696969697601,0.05059081276550398,10:30-11:00
2026-07-22,2026-07-22 10:37:14-04:00,637,30,P,747.0,747.309,1.33,0.7518796992481209,0.44933478260873017,0.060127040167953304,10:30-11:00
2026-07-22,2026-07-22 10:37:14-04:00,637,60,C,747.0,747.309,1.63,0.6134969325153244,0.44845762711861425,0.06000966496035968,10:30-11:00
2026-07-22,2026-07-22 10:37:14-04:00,637,60,P,747.0,747.309,1.33,0.7518796992481209,0.5471481481481533,0.07321578465509626,10:30-11:00
2026-07-22,2026-07-22 10:42:14-04:00,642,15,C,747.0,746.885,1.43,0.6993006993007,0.20500000000004093,0.02744733124912683,10:30-11:00
2026-07-22,2026-07-22 10:42:14-04:00,642,15,P,747.0,746.885,1.51,0.0,0.14282608695646104,0.01912290204736486,10:30-11:00
2026-07-22,2026-07-22 10:42:14-04:00,642,30,C,747.0,746.885,1.43,0.6993006993007,0.48149122807012645,0.06446658161164388,10:30-11:00
2026-07-22,2026-07-22 10:42:14-04:00,642,30,P,747.0,746.885,1.51,0.0,0.38285714285711947,0.05126052107849528,10:30-11:00
2026-07-22,2026-07-22 10:42:14-04:00,642,60,C,747.0,746.885,1.43,0.6993006993007,0.5559677419355467,0.07443819891088276,10:30-11:00
2026-07-22,2026-07-22 10:42:14-04:00,642,60,P,747.0,746.885,1.51,0.0,0.5208823529411575,0.06974063650242775,10:30-11:00
2026-07-22,2026-07-22 10:47:15-04:00,647,15,C,747.0,747.23,1.57,0.6369426751592362,0.20237288135592735,0.027083077681025566,10:30-11:00
2026-07-22,2026-07-22 10:47:15-04:00,647,15,P,747.0,747.23,1.32,0.7575757575757582,0.21804878048783394,0.029180945691130434,10:30-11:00
2026-07-22,2026-07-22 10:47:15-04:00,647,30,C,747.0,747.23,1.57,0.6369426751592362,0.3888135593219886,0.052033986767392716,10:30-11:00
2026-07-22,2026-07-22 10:47:15-04:00,647,30,P,747.0,747.23,1.32,0.7575757575757582,0.3581818181818335,0.047934614266267876,10:30-11:00
2026-07-22,2026-07-22 10:47:15-04:00,647,60,C,747.0,747.23,1.57,0.6369426751592362,0.45142857142855064,0.06041360376705307,10:30-11:00
2026-07-22,2026-07-22 10:47:15-04:00,647,60,P,747.0,747.23,1.32,0.7575757575757582,0.5430769230769101,0.07267868301284881,10:30-11:00
2026-07-22,2026-07-22 10:52:15-04:00,652,15,C,747.0,747.39,1.66,0.6024096385542175,0.34252424242424695,0.045829385250571585,10:30-11:00
2026-07-22,2026-07-22 10:52:15-04:00,652,15,P,747.0,747.39,1.26,0.7936507936507943,0.3781608695652494,0.05059752867515613,10:30-11:00
2026-07-22,2026-07-22 10:52:15-04:00,652,30,C,747.0,747.39,1.66,0.6024096385542175,0.38666666666676974,0.051735595427657544,10:30-11:00
2026-07-22,2026-07-22 10:52:15-04:00,652,30,P,747.0,747.39,1.26,0.7936507936507943,0.4485185185184264,0.060011308489333066,10:30-11:00
2026-07-22,2026-07-22 10:52:15-04:00,652,60,C,747.0,747.39,1.66,0.6024096385542175,0.5161538461538839,0.06906084455958522,10:30-11:00
2026-07-22,2026-07-22 10:52:15-04:00,652,60,P,747.0,747.39,1.26,0.7936507936507943,0.6108510638297275,0.0817312332021739,10:30-11:00
2026-07-22,2026-07-22 10:57:16-04:00,657,15,C,748.0,747.59,1.17,0.8547008547008554,0.3203508771929364,0.04285114530597472,10:30-11:00
2026-07-22,2026-07-22 10:57:16-04:00,657,15,P,748.0,747.59,1.59,0.6289308176100634,0.23071428571438446,0.030861071672224672,10:30-11:00
2026-07-22,2026-07-22 10:57:16-04:00,657,30,C,748.0,747.59,1.17,0.8547008547008554,0.3372727272727616,0.04511466542794333,10:30-11:00
2026-07-22,2026-07-22 10:57:16-04:00,657,30,P,748.0,747.59,1.59,0.6289308176100634,0.2950847457626651,0.0394714677513965,10:30-11:00
2026-07-22,2026-07-22 10:57:16-04:00,657,60,C,748.0,747.59,1.17,0.8547008547008554,0.5089215686273292,0.06807495667776844,10:30-11:00
2026-07-22,2026-07-22 10:57:16-04:00,657,60,P,748.0,747.59,1.59,0.6289308176100634,0.42000000000007276,0.05618052675932968,10:30-11:00
2026-07-22,2026-07-22 11:02:15-04:00,662,15,C,748.0,747.89,1.26,0.7936507936507943,0.20338983050851311,0.02719515309851892,11:00-12:00
2026-07-22,2026-07-22 11:02:15-04:00,662,15,P,748.0,747.89,1.38,0.7246376811594049,0.1272727272727252,0.01701757307528182,11:00-12:00
2026-07-22,2026-07-22 11:02:15-04:00,662,30,C,748.0,747.89,1.26,0.7936507936507943,0.2569230769231581,0.03435305685637702,11:00-12:00
2026-07-22,2026-07-22 11:02:15-04:00,662,30,P,748.0,747.89,1.38,0.7246376811594049,0.21583333333330756,0.02885896767349578,11:00-12:00
2026-07-22,2026-07-22 11:02:15-04:00,662,60,C,748.0,747.89,1.26,0.7936507936507943,0.39222222222213077,0.05244383829468649,11:00-12:00
2026-07-22,2026-07-22 11:02:15-04:00,662,60,P,748.0,747.89,1.38,0.7246376811594049,0.36333333333334394,0.04858111932681865,11:00-12:00
2026-07-22,2026-07-22 11:07:16-04:00,667,15,C,748.0,748.4901,1.51,0.6622516556291397,0.05535454545463381,0.007395494670488468,11:00-12:00
2026-07-22,2026-07-22 11:07:16-04:00,667,15,P,748.0,748.4901,1.05,0.9523809523809532,0.0719181818180914,0.009608434609634972,11:00-12:00
2026-07-22,2026-07-22 11:07:16-04:00,667,30,C,748.0,748.4901,1.51,0.6622516556291397,0.07990000000006603,0.01067482388879506,11:00-12:00
2026-07-22,2026-07-22 11:07:16-04:00,667,30,P,748.0,748.4901,1.05,0.9523809523809532,0.16368974358965716,0.021869326473343758,11:00-12:00
2026-07-22,2026-07-22 11:07:16-04:00,667,60,C,748.0,748.4901,1.51,0.6622516556291397,0.1992103448275202,0.0266149605489131,11:00-12:00
2026-07-22,2026-07-22 11:07:16-04:00,667,60,P,748.0,748.4901,1.05,0.9523809523809532,0.25152857142859375,0.0336047960325185,11:00-12:00
2026-07-22,2026-07-22 11:12:16-04:00,672,15,C,749.0,748.77,1.1,0.9090909090909097,0.030000000000086402,0.0040065707760842985,11:00-12:00
2026-07-22,2026-07-22 11:12:16-04:00,672,15,P,749.0,748.77,1.37,0.7299270072992706,0.07909090909083716,0.01056277750054585,11:00-12:00
2026-07-22,2026-07-22 11:12:16-04:00,672,30,C,749.0,748.77,1.1,0.9090909090909097,0.11083333333340306,0.014802053144944786,11:00-12:00
2026-07-22,2026-07-22 11:12:16-04:00,672,30,P,749.0,748.77,1.37,0.7299270072992706,0.17923076923068493,0.02393669207242343,11:00-12:00
2026-07-22,2026-07-22 11:12:16-04:00,672,60,C,749.0,748.77,1.1,0.9090909090909097,0.19500000000005002,0.026042710044479618,11:00-12:00
2026-07-22,2026-07-22 11:12:16-04:00,672,60,P,749.0,748.77,1.37,0.7299270072992706,0.24798245614033476,0.03311864205835367,11:00-12:00
2026-07-22,2026-07-22 11:17:16-04:00,677,15,C,749.0,748.89,1.15,0.8695652173913052,0.045384615384705285,0.006060251223104232,11:00-12:00
2026-07-22,2026-07-22 11:17:16-04:00,677,15,P,749.0,748.89,1.32,0.7575757575757582,0.09083333333330756,0.01212906212304979,11:00-12:00
2026-07-22,2026-07-22 11:17:16-04:00,677,30,C,749.0,748.89,1.15,0.8695652173913052,0.15490566037738063,0.020684701408401854,11:00-12:00
2026-07-22,2026-07-22 11:17:16-04:00,677,30,P,749.0,748.89,1.32,0.7575757575757582,0.23851063829783925,0.031848554300076014,11:00-12:00
2026-07-22,2026-07-22 11:17:16-04:00,677,60,C,749.0,748.89,1.15,0.8695652173913052,0.17423728813560047,0.02326607220494338,11:00-12:00
2026-07-22,2026-07-22 11:17:16-04:00,677,60,P,749.0,748.89,1.32,0.7575757575757582,0.25857142857148574,0.034527290866680785,11:00-12:00
2026-07-22,2026-07-22 11:22:15-04:00,682,15,C,749.0,748.96,1.18,0.8474576271186449,0.03474576271185015,0.0046392013875040244,11:00-12:00
2026-07-22,2026-07-22 11:22:15-04:00,682,15,P,749.0,748.96,1.26,0.7936507936507943,0.06851851851854462,0.009148488373016532,11:00-12:00
2026-07-22,2026-07-22 11:22:15-04:00,682,30,C,749.0,748.96,1.18,0.8474576271186449,0.14150943396225557,0.01889412438077542,11:00-12:00
2026-07-22,2026-07-22 11:22:15-04:00,682,30,P,749.0,748.96,1.26,0.7936507936507943,0.18085106382977756,0.024146958960395423,11:00-12:00
2026-07-22,2026-07-22 11:22:15-04:00,682,60,C,749.0,748.96,1.18,0.8474576271186449,0.17923728813559592,0.023931490084329723,11:00-12:00
2026-07-22,2026-07-22 11:22:15-04:00,682,60,P,749.0,748.96,1.26,0.7936507936507943,0.23863636363637397,0.031862364296674585,11:00-12:00
2026-07-22,2026-07-22 11:27:16-04:00,687,15,C,750.0,749.6,1.0,1.0000000000000009,0.0724999999999909,0.00967182497331789,11:00-12:00
2026-07-22,2026-07-22 11:27:16-04:00,687,15,P,750.0,749.6,1.42,0.7042253521126767,0.10538461538465071,0.014058780067322668,11:00-12:00
2026-07-22,2026-07-22 11:27:16-04:00,687,30,C,750.0,749.6,1.0,1.0000000000000009,0.16558823529408073,0.022090212819381103,11:00-12:00
2026-07-22,2026-07-22 11:27:16-04:00,687,30,P,750.0,749.6,1.42,0.7042253521126767,0.12132653061235033,0.01618550301658889,11:00-12:00
2026-07-22,2026-07-22 11:27:16-04:00,687,60,C,750.0,749.6,1.0,1.0000000000000009,0.23294545454552917,0.0310759677888913,11:00-12:00
2026-07-22,2026-07-22 11:27:16-04:00,687,60,P,750.0,749.6,1.42,0.7042253521126767,0.19432727272726424,0.02592412923255926,11:00-12:00
2026-07-22,2026-07-22 11:32:17-04:00,692,15,C,749.0,749.32,1.35,0.0,0.10226415094336971,0.013647593944292118,11:00-12:00
2026-07-22,2026-07-22 11:32:17-04:00,692,15,P,749.0,749.32,1.08,0.9259259259259267,0.15787234042556975,0.021068747721343317,11:00-12:00
2026-07-22,2026-07-22 11:32:17-04:00,692,30,C,749.0,749.32,1.35,0.0,0.0934482758619879,0.012471077224949006,11:00-12:00
2026-07-22,2026-07-22 11:32:17-04:00,692,30,P,749.0,749.32,1.08,0.9259259259259267,0.15285714285721497,0.020399447880373532,11:00-12:00
2026-07-22,2026-07-22 11:32:17-04:00,692,60,C,749.0,749.32,1.35,0.0,0.1334482758620652,0.017809250502063896,11:00-12:00
2026-07-22,2026-07-22 11:32:17-04:00,692,60,P,749.0,749.32,1.08,0.9259259259259267,0.2260975609756315,0.03017369895046595,11:00-12:00
2026-07-22,2026-07-22 11:37:15-04:00,697,15,C,749.0,748.91,1.14,0.8771929824561412,0.1160377358490905,0.015494216374342779,11:00-12:00
2026-07-22,2026-07-22 11:37:15-04:00,697,15,P,749.0,748.91,1.26,0.7936507936507943,0.13085106382970935,0.017472201443392312,11:00-12:00
2026-07-22,2026-07-22 11:37:15-04:00,697,30,C,749.0,748.91,1.14,0.8771929824561412,0.14137931034485973,0.018878010754945152,11:00-12:00
2026-07-22,2026-07-22 11:37:15-04:00,697,30,P,749.0,748.91,1.26,0.7936507936507943,0.15357142857146755,0.020505992518656122,11:00-12:00
2026-07-22,2026-07-22 11:37:15-04:00,697,60,C,749.0,748.91,1.14,0.8771929824561412,0.18118644067806144,0.024193353096909034,11:00-12:00
2026-07-22,2026-07-22 11:37:15-04:00,697,60,P,749.0,748.91,1.26,0.7936507936507943,0.1990909090908417,0.02658409008970927,11:00-12:00
2026-07-22,2026-07-22 11:42:15-04:00,702,15,C,749.0,749.07,1.21,0.8264462809917362,0.10735294117637295,0.014331496545899977,11:00-12:00
2026-07-22,2026-07-22 11:42:15-04:00,702,15,P,749.0,749.07,1.16,0.8620689655172422,0.06071428571442539,0.008105288653186668,11:00-12:00
2026-07-22,2026-07-22 11:42:15-04:00,702,30,C,749.0,749.07,1.21,0.8264462809917362,0.091428571428537,0.012205611148295485,11:00-12:00
2026-07-22,2026-07-22 11:42:15-04:00,702,30,P,749.0,749.07,1.16,0.8620689655172422,0.12244186046518735,0.0163458502496679,11:00-12:00
2026-07-22,2026-07-22 11:42:15-04:00,702,60,C,749.0,749.07,1.21,0.8264462809917362,0.15067796610162532,0.020115338499956656,11:00-12:00
2026-07-22,2026-07-22 11:42:15-04:00,702,60,P,749.0,749.07,1.16,0.8620689655172422,0.17095238095248533,0.02282195001167919,11:00-12:00
2026-07-22,2026-07-22 11:47:15-04:00,707,15,C,749.0,749.11,1.22,0.8196721311475417,0.09814814814808415,0.01310196742108424,11:00-12:00
2026-07-22,2026-07-22 11:47:15-04:00,707,15,P,749.0,749.11,1.11,0.9009009009009016,-0.005555555555474712,-0.0007416207974095542,11:00-12:00
2026-07-22,2026-07-22 11:47:15-04:00,707,30,C,749.0,749.11,1.22,0.8196721311475417,0.07288135593216793,0.009729059274628284,11:00-12:00
2026-07-22,2026-07-22 11:47:15-04:00,707,30,P,749.0,749.11,1.11,0.9009009009009016,0.03170731707325558,0.004232665038946961,11:00-12:00
2026-07-22,2026-07-22 11:47:15-04:00,707,60,C,749.0,749.11,1.22,0.8196721311475417,0.13090909090908553,0.017475282790122348,11:00-12:00
2026-07-22,2026-07-22 11:47:15-04:00,707,60,P,749.0,749.11,1.11,0.9009009009009016,0.13777777777784195,0.01839219577603315,11:00-12:00
2026-07-22,2026-07-22 11:52:17-04:00,712,15,C,749.0,749.46,1.38,0.7246376811594049,0.0049999999999954525,0.0006671470125150711,11:00-12:00
2026-07-22,2026-07-22 11:52:17-04:00,712,15,P,749.0,749.46,0.95,1.0526315789473695,0.024069767441915246,0.0032116146881641773,11:00-12:00
2026-07-22,2026-07-22 11:52:17-04:00,712,30,C,749.0,749.46,1.38,0.7246376811594049,0.018400000000042382,0.00245510100606335,11:00-12:00
2026-07-22,2026-07-22 11:52:17-04:00,712,30,P,749.0,749.46,0.95,1.0526315789473695,0.06940487804877193,0.00926065140885063,11:00-12:00
2026-07-22,2026-07-22 11:52:17-04:00,712,60,C,749.0,749.46,1.38,0.7246376811594049,0.06999999999993634,0.009340058175210997,11:00-12:00
2026-07-22,2026-07-22 11:52:17-04:00,712,60,P,749.0,749.46,0.95,1.0526315789473695,0.17444444444447527,0.023276017992217766,11:00-12:00
2026-07-22,2026-07-22 11:57:16-04:00,717,15,C,749.0,749.295,1.28,0.7812500000000007,-0.008571428571372053,-0.0011439324393425893,11:00-12:00
2026-07-22,2026-07-22 11:57:16-04:00,717,15,P,749.0,749.295,1.03,0.9708737864077678,0.045116279069702614,0.006021163769904059,11:00-12:00
2026-07-22,2026-07-22 11:57:16-04:00,717,30,C,749.0,749.295,1.28,0.7812500000000007,0.01673333333337723,0.002233210328826061,11:00-12:00
2026-07-22,2026-07-22 11:57:16-04:00,717,30,P,749.0,749.295,1.03,0.9708737864077678,0.09952682926814305,0.013282729668307283,11:00-12:00
2026-07-22,2026-07-22 11:57:16-04:00,717,60,C,749.0,749.295,1.28,0.7812500000000007,0.10500000000013188,0.014013172382056717,11:00-12:00
2026-07-22,2026-07-22 11:57:16-04:00,717,60,P,749.0,749.295,1.03,0.9708737864077678,0.2199999999999136,0.02936093260997519,11:00-12:00
2026-07-22,2026-07-22 12:02:16-04:00,722,15,C,750.0,749.56,0.88,1.1363636363636374,-0.022727272727252057,-0.0030320818516532443,12:00-13:00
2026-07-22,2026-07-22 12:02:16-04:00,722,15,P,750.0,749.56,1.37,0.7299270072992706,0.017857142857110375,0.002382350026296811,12:00-13:00
2026-07-22,2026-07-22 12:02:16-04:00,722,30,C,750.0,749.56,0.88,1.1363636363636374,0.01727272727282525,0.002304382207271633,12:00-13:00
2026-07-22,2026-07-22 12:02:16-04:00,722,30,P,750.0,749.56,1.37,0.7299270072992706,0.049285714285588256,0.006575286072574345,12:00-13:00
2026-07-22,2026-07-22 12:02:16-04:00,722,60,C,750.0,749.56,0.88,1.1363636363636374,0.141119512195246,0.018826980121037142,12:00-13:00
2026-07-22,2026-07-22 12:02:16-04:00,722,60,P,750.0,749.56,1.37,0.7299270072992706,0.1321338983050282,0.017628194981726374,12:00-13:00
2026-07-22,2026-07-22 12:07:16-04:00,727,15,C,750.0,749.81,1.01,0.990099009900991,0.03055555555556566,0.00407510643437213,12:00-13:00
2026-07-22,2026-07-22 12:07:16-04:00,727,15,P,750.0,749.81,1.24,0.8064516129032264,0.05227272727267973,0.006971463073669294,12:00-13:00
2026-07-22,2026-07-22 12:07:16-04:00,727,30,C,750.0,749.81,1.01,0.990099009900991,0.06084745762723287,0.008115050163005679,12:00-13:00
2026-07-22,2026-07-22 12:07:16-04:00,727,30,P,750.0,749.81,1.24,0.8064516129032264,0.06272727272721568,0.008365755688403153,12:00-13:00
2026-07-22,2026-07-22 12:07:16-04:00,727,60,C,750.0,749.81,1.01,0.990099009900991,0.09333333333347582,0.012447597835915208,12:00-13:00
2026-07-22,2026-07-22 12:07:16-04:00,727,60,P,750.0,749.81,1.24,0.8064516129032264,0.17478260869552287,0.023310253090185896,12:00-13:00
2026-07-22,2026-07-22 12:12:16-04:00,732,15,C,750.0,749.715,0.97,1.0309278350515474,0.04976363636365022,0.006637673831209222,12:00-13:00
2026-07-22,2026-07-22 12:12:16-04:00,732,15,P,750.0,749.715,1.27,0.7874015748031503,0.03660000000002128,0.004881855104942716,12:00-13:00
2026-07-22,2026-07-22 12:12:16-04:00,732,30,C,750.0,749.715,0.97,1.0309278350515474,0.09889830508473096,0.013191453430267631,12:00-13:00
2026-07-22,2026-07-22 12:12:16-04:00,732,30,P,750.0,749.715,1.27,0.7874015748031503,0.04214285714294874,0.005621183668853997,12:00-13:00
2026-07-22,2026-07-22 12:12:16-04:00,732,60,C,750.0,749.715,0.97,1.0309278350515474,0.1012962962962547,0.013511307136212385,12:00-13:00
2026-07-22,2026-07-22 12:12:16-04:00,732,60,P,750.0,749.715,1.27,0.7874015748031503,0.12978260869567748,0.017310925977961956,12:00-13:00
2026-07-22,2026-07-22 12:17:17-04:00,737,15,C,750.0,749.81,1.01,0.990099009900991,0.057241379310426055,0.00763411788458757,12:00-13:00
2026-07-22,2026-07-22 12:17:17-04:00,737,15,P,750.0,749.81,1.23,0.8130081300813016,0.049285714285588256,0.006573093755163076,12:00-13:00
2026-07-22,2026-07-22 12:17:17-04:00,737,30,C,750.0,749.81,1.01,0.990099009900991,0.04909090909086444,0.006547113147445946,12:00-13:00
2026-07-22,2026-07-22 12:17:17-04:00,737,30,P,750.0,749.81,1.23,0.8130081300813016,0.10444444444442524,0.013929454721119386,12:00-13:00
2026-07-22,2026-07-22 12:17:17-04:00,737,60,C,750.0,749.81,1.01,0.990099009900991,0.1182352941177669,0.015768700619859286,12:00-13:00
2026-07-22,2026-07-22 12:17:17-04:00,737,60,P,750.0,749.81,1.23,0.8130081300813016,0.19916666666654237,0.02656228466765479,12:00-13:00
2026-07-22,2026-07-22 12:22:16-04:00,742,15,C,750.0,749.885,1.04,0.9615384615384623,0.036694915254315674,0.004893405689447805,12:00-13:00
2026-07-22,2026-07-22 12:22:16-04:00,742,15,P,750.0,749.885,1.18,0.8474576271186449,0.01738095238090409,0.002317815715863645,12:00-13:00
2026-07-22,2026-07-22 12:22:16-04:00,742,30,C,750.0,749.885,1.04,0.9615384615384623,0.026818181818157427,0.0035763059426655325,12:00-13:00
2026-07-22,2026-07-22 12:22:16-04:00,742,30,P,750.0,749.885,1.18,0.8474576271186449,0.11055555555560659,0.01474300133428547,12:00-13:00
2026-07-22,2026-07-22 12:22:16-04:00,742,60,C,750.0,749.885,1.04,0.9615384615384623,0.07861702127661374,0.010483877031359974,12:00-13:00
2026-07-22,2026-07-22 12:22:16-04:00,742,60,P,750.0,749.885,1.18,0.8474576271186449,0.1734905660376853,0.02313562293387457,12:00-13:00
2026-07-22,2026-07-22 12:27:17-04:00,747,15,C,750.0,749.8784,1.03,0.9708737864077678,0.03719322033884964,0.004959900210334055,12:00-13:00
2026-07-22,2026-07-22 12:27:17-04:00,747,15,P,750.0,749.8784,1.17,0.8547008547008554,0.0031619047620097263,0.0004216556660399508,12:00-13:00
2026-07-22,2026-07-22 12:27:17-04:00,747,30,C,750.0,749.8784,1.03,0.9708737864077678,0.10493333333329247,0.013993379904434167,12:00-13:00
2026-07-22,2026-07-22 12:27:17-04:00,747,30,P,750.0,749.8784,1.17,0.8547008547008554,0.09203636363633905,0.01227350509580474,12:00-13:00
2026-07-22,2026-07-22 12:27:17-04:00,747,60,C,750.0,749.8784,1.03,0.9708737864077678,0.13649361702118767,0.018202100103321774,12:00-13:00
2026-07-22,2026-07-22 12:27:17-04:00,747,60,P,750.0,749.8784,1.17,0.8547008547008554,0.1437846153846749,0.01917439085919462,12:00-13:00
2026-07-22,2026-07-22 12:32:17-04:00,752,15,C,750.0,749.85,1.01,0.990099009900991,0.009090909090787136,0.0012123636848419199,12:00-13:00
2026-07-22,2026-07-22 12:32:17-04:00,752,15,P,750.0,749.85,1.19,0.8403361344537823,0.05555555555565661,0.007408889185257932,12:00-13:00
2026-07-22,2026-07-22 12:32:17-04:00,752,30,C,750.0,749.85,1.01,0.990099009900991,0.09288245614038715,0.012386804846354224,12:00-13:00
2026-07-22,2026-07-22 12:32:17-04:00,752,30,P,750.0,749.85,1.19,0.8403361344537823,0.11704915254233583,0.01560967560743293,12:00-13:00
2026-07-22,2026-07-22 12:32:17-04:00,752,60,C,750.0,749.85,1.01,0.990099009900991,0.1316666666666606,0.017559067369028552,12:00-13:00
2026-07-22,2026-07-22 12:32:17-04:00,752,60,P,750.0,749.85,1.19,0.8403361344537823,0.17923076923068493,0.023902216340692794,12:00-13:00
2026-07-22,2026-07-22 12:37:19-04:00,757,15,C,750.0,749.82,0.99,1.010101010101011,0.0009090909089763954,0.00012124121908943419,12:00-13:00
2026-07-22,2026-07-22 12:37:19-04:00,757,15,P,750.0,749.82,1.21,0.8264462809917362,0.11222222222227174,0.014966554936154243,12:00-13:00
2026-07-22,2026-07-22 12:37:19-04:00,757,30,C,750.0,749.82,0.99,1.010101010101011,0.03333333333330302,0.004445511367168522,12:00-13:00
2026-07-22,2026-07-22 12:37:19-04:00,757,30,P,750.0,749.82,1.21,0.8264462809917362,0.10434782608706428,0.013916383410293706,12:00-13:00
2026-07-22,2026-07-22 12:37:19-04:00,757,60,C,750.0,749.82,0.99,1.010101010101011,0.15106382978717647,0.02014667917462544,12:00-13:00
2026-07-22,2026-07-22 12:37:19-04:00,757,60,P,750.0,749.82,1.21,0.8264462809917362,0.20000000000004547,0.02667306820304146,12:00-13:00
2026-07-22,2026-07-22 12:42:17-04:00,762,15,C,750.0,749.78,0.96,1.0416666666666676,0.05888888888898691,0.007854155737547936,12:00-13:00
2026-07-22,2026-07-22 12:42:17-04:00,762,15,P,750.0,749.78,1.22,0.8196721311475417,0.08454545454537765,0.011276034909623844,12:00-13:00
2026-07-22,2026-07-22 12:42:17-04:00,762,30,C,750.0,749.78,0.96,1.0416666666666676,0.0177777777778374,0.0023710658830373445,12:00-13:00
2026-07-22,2026-07-22 12:42:17-04:00,762,30,P,750.0,749.78,1.22,0.8196721311475417,0.08608695652173992,0.011481628814017436,12:00-13:00
2026-07-22,2026-07-22 12:42:17-04:00,762,60,C,750.0,749.78,0.96,1.0416666666666676,0.1334042553191921,0.017792453162153176,12:00-13:00
2026-07-22,2026-07-22 12:42:17-04:00,762,60,P,750.0,749.78,1.22,0.8196721311475417,0.1476923076921821,0.019698085797458204,12:00-13:00
2026-07-22,2026-07-22 12:47:17-04:00,767,15,C,750.0,749.55,0.85,1.176470588235295,0.07794878048787268,0.010399410377943124,12:00-13:00
2026-07-22,2026-07-22 12:47:17-04:00,767,15,P,750.0,749.55,1.31,0.7633587786259549,0.020438983050780735,0.0027268338404083433,12:00-13:00
2026-07-22,2026-07-22 12:47:17-04:00,767,30,C,750.0,749.55,0.85,1.176470588235295,0.06450980392162364,0.008606471072193134,12:00-13:00
2026-07-22,2026-07-22 12:47:17-04:00,767,30,P,750.0,749.55,1.31,0.7633587786259549,0.10583333333329392,0.014119582860822351,12:00-13:00
2026-07-22,2026-07-22 12:47:17-04:00,767,60,C,750.0,749.55,0.85,1.176470588235295,0.13319148936170677,0.017769526964406215,12:00-13:00
2026-07-22,2026-07-22 12:47:17-04:00,767,60,P,750.0,749.55,1.31,0.7633587786259549,0.11811320754713961,0.015757882402393383,12:00-13:00
2026-07-22,2026-07-22 12:52:19-04:00,772,15,C,750.0,749.53,0.84,1.1904761904761916,0.04555555555555202,0.006077882880678828,12:00-13:00
2026-07-22,2026-07-22 12:52:19-04:00,772,15,P,750.0,749.53,1.3,0.7692307692307698,0.009999999999990905,0.001334169412830828,12:00-13:00
2026-07-22,2026-07-22 12:52:19-04:00,772,30,C,750.0,749.53,0.84,1.1904761904761916,0.0080851063830778,0.0010786901635795498,12:00-13:00
2026-07-22,2026-07-22 12:52:19-04:00,772,30,P,750.0,749.53,1.3,0.7692307692307698,0.0449056603772533,0.005991175853835511,12:00-13:00
2026-07-22,2026-07-22 12:52:19-04:00,772,60,C,750.0,749.53,0.84,1.1904761904761916,0.11277777777786469,0.015046466155839617,12:00-13:00
2026-07-22,2026-07-22 12:52:19-04:00,772,60,P,750.0,749.53,1.3,0.7692307692307698,0.07611111111100399,0.010154511642096246,12:00-13:00
2026-07-22,2026-07-22 12:57:18-04:00,777,15,C,750.0,749.95,1.02,0.980392156862746,-0.0021568627450960776,-0.00028760087273765954,12:00-13:00
2026-07-22,2026-07-22 12:57:18-04:00,777,15,P,750.0,749.95,1.09,0.9174311926605512,0.04750000000001364,0.006333755583707399,12:00-13:00
2026-07-22,2026-07-22 12:57:18-04:00,777,30,C,750.0,749.95,1.02,0.980392156862746,0.04361702127653189,0.005815990569575557,12:00-13:00
2026-07-22,2026-07-22 12:57:18-04:00,777,30,P,750.0,749.95,1.09,0.9174311926605512,0.06153846153847553,0.008205675250146748,12:00-13:00
2026-07-22,2026-07-22 12:57:18-04:00,777,60,C,750.0,749.95,1.02,0.980392156862746,0.02888888888890051,0.0038521086590973413,12:00-13:00
2026-07-22,2026-07-22 12:57:18-04:00,777,60,P,750.0,749.95,1.09,0.9174311926605512,0.07739130434788422,0.010319528548287781,12:00-13:00
2026-07-22,2026-07-22 13:02:19-04:00,782,15,C,750.0,749.7499,0.91,1.0989010989010999,-0.06287872340419653,-0.008386626447592261,13:00-14:00
2026-07-22,2026-07-22 13:02:19-04:00,782,15,P,750.0,749.7499,1.2,1.6666666666666683,0.07612641509433615,0.010153574557907396,13:00-14:00
2026-07-22,2026-07-22 13:02:19-04:00,782,30,C,750.0,749.7499,0.91,1.0989010989010999,0.023433333333400697,0.0031254866900816787,13:00-14:00
2026-07-22,2026-07-22 13:02:19-04:00,782,30,P,750.0,749.7499,1.2,1.6666666666666683,0.09836153846151774,0.013119246626310685,13:00-14:00
2026-07-22,2026-07-22 13:02:19-04:00,782,60,C,750.0,749.7499,0.91,1.0989010989010999,-0.03566923076925832,-0.004757483898198362,13:00-14:00
2026-07-22,2026-07-22 13:02:19-04:00,782,60,P,750.0,749.7499,1.2,1.6666666666666683,0.09656666666660385,0.01287985055637938,13:00-14:00
2026-07-22,2026-07-22 13:07:17-04:00,787,15,C,750.0,749.57,0.84,1.1904761904761916,-0.03191489361699951,-0.00425776026481843,13:00-14:00
2026-07-22,2026-07-22 13:07:17-04:00,787,15,P,750.0,749.57,1.28,0.7812500000000007,0.04716981132071396,0.0062929161146676035,13:00-14:00
2026-07-22,2026-07-22 13:07:17-04:00,787,30,C,750.0,749.57,0.84,1.1904761904761916,0.08191489361695403,0.010928251346365787,13:00-14:00
2026-07-22,2026-07-22 13:07:17-04:00,787,30,P,750.0,749.57,1.28,0.7812500000000007,0.07962962962972142,0.01062337468544918,13:00-14:00
2026-07-22,2026-07-22 13:07:17-04:00,787,60,C,750.0,749.57,0.84,1.1904761904761916,0.023076923076814637,0.0030786881914717287,13:00-14:00
2026-07-22,2026-07-22 13:07:17-04:00,787,60,P,750.0,749.57,1.28,0.7812500000000007,0.06836734693888502,0.009120875560506026,13:00-14:00
2026-07-22,2026-07-22 13:12:17-04:00,792,15,C,750.0,749.52,0.82,1.2195121951219388,0.04808510638304142,0.006415453407919925,13:00-14:00
2026-07-22,2026-07-22 13:12:17-04:00,792,15,P,750.0,749.52,1.31,0.7633587786259549,0.05461538461531745,0.007286714779501207,13:00-14:00
2026-07-22,2026-07-22 13:12:17-04:00,792,30,C,750.0,749.52,0.82,1.2195121951219388,0.09553191489374058,0.012745745929893876,13:00-14:00
2026-07-22,2026-07-22 13:12:17-04:00,792,30,P,750.0,749.52,1.31,0.7633587786259549,0.06076923076921048,0.008107753064522692,13:00-14:00
2026-07-22,2026-07-22 13:12:17-04:00,792,60,C,750.0,749.52,0.82,1.2195121951219388,-0.03833333333329847,-0.005114384317069387,13:00-14:00
2026-07-22,2026-07-22 13:12:17-04:00,792,60,P,750.0,749.52,1.31,0.7633587786259549,0.041538461538380034,0.0055420084238419305,13:00-14:00
2026-07-22,2026-07-22 13:17:18-04:00,797,15,C,749.0,749.34,1.23,0.8130081300813016,0.03750000000002274,0.005004403875413396,13:00-14:00
2026-07-22,2026-07-22 13:17:18-04:00,797,15,P,749.0,749.34,0.89,1.1235955056179785,0.06666666666660603,0.00889671800072144,13:00-14:00
2026-07-22,2026-07-22 13:17:18-04:00,797,30,C,749.0,749.34,1.23,0.8130081300813016,0.06419354838703839,0.008566678461984998,13:00-14:00
2026-07-22,2026-07-22 13:17:18-04:00,797,30,P,749.0,749.34,0.89,1.1235955056179785,0.07486486486493504,0.00999077386299077,13:00-14:00
2026-07-22,2026-07-22 13:17:18-04:00,797,60,C,749.0,749.34,1.23,0.8130081300813016,-0.01608888888893034,-0.002147074610848259,13:00-14:00
2026-07-22,2026-07-22 13:17:18-04:00,797,60,P,749.0,749.34,0.89,1.1235955056179785,-0.004378947368422814,-0.0005843738981534169,13:00-14:00
2026-07-22,2026-07-22 13:22:20-04:00,802,15,C,749.0,749.07,1.1,0.9090909090909097,0.1358730158730168,0.018138894345390524,13:00-14:00
2026-07-22,2026-07-22 13:22:20-04:00,802,15,P,749.0,749.07,1.0,1.0000000000000009,0.014615384615353832,0.0019511373590390528,13:00-14:00
2026-07-22,2026-07-22 13:22:20-04:00,802,30,C,749.0,749.07,1.1,0.9090909090909097,0.05703703703704832,0.00761438010293408,13:00-14:00
2026-07-22,2026-07-22 13:22:20-04:00,802,30,P,749.0,749.07,1.0,1.0000000000000009,0.0017391304347711412,0.0002321719511889598,13:00-14:00
2026-07-22,2026-07-22 13:22:20-04:00,802,60,C,749.0,749.07,1.1,0.9090909090909097,-0.024897959183704188,-0.0033238494644965335,13:00-14:00
2026-07-22,2026-07-22 13:22:20-04:00,802,60,P,749.0,749.07,1.0,1.0000000000000009,-0.06313725490190336,-0.008428752306447108,13:00-14:00
2026-07-22,2026-07-22 13:27:19-04:00,807,15,C,749.0,749.1,1.08,0.9259259259259267,0.0687234042553655,0.009174129522809438,13:00-14:00
2026-07-22,2026-07-22 13:27:19-04:00,807,15,P,749.0,749.1,0.99,1.010101010101011,0.025384615384609788,0.003388681802777972,13:00-14:00
2026-07-22,2026-07-22 13:27:19-04:00,807,30,C,749.0,749.1,1.08,0.9259259259259267,-0.009999999999990905,-0.0013349352556388874,13:00-14:00
2026-07-22,2026-07-22 13:27:19-04:00,807,30,P,749.0,749.1,0.99,1.010101010101011,0.009999999999990905,0.0013349352556388874,13:00-14:00
2026-07-22,2026-07-22 13:27:19-04:00,807,60,C,749.0,749.1,1.08,0.9259259259259267,-0.08276595744678161,-0.011048719456251717,13:00-14:00
2026-07-22,2026-07-22 13:27:19-04:00,807,60,P,749.0,749.1,0.99,1.010101010101011,-0.05307692307690104,-0.007085425587625288,13:00-14:00
2026-07-22,2026-07-22 13:32:20-04:00,812,15,C,749.0,749.19,1.12,0.8928571428571435,0.02016129032256231,0.002691078407688611,13:00-14:00
2026-07-22,2026-07-22 13:32:20-04:00,812,15,P,749.0,749.19,0.93,1.0752688172043021,0.01973684210531701,0.002634424125431067,13:00-14:00
2026-07-22,2026-07-22 13:32:20-04:00,812,30,C,749.0,749.19,1.12,0.8928571428571435,-0.07192307692309896,-0.009600111710393752,13:00-14:00
2026-07-22,2026-07-22 13:32:20-04:00,812,30,P,749.0,749.19,0.93,1.0752688172043021,-0.02583333333336668,-0.003448168466392595,13:00-14:00
2026-07-22,2026-07-22 13:32:20-04:00,812,60,C,749.0,749.19,1.12,0.8928571428571435,-0.11347826086966961,-0.015146793319407574,13:00-14:00
2026-07-22,2026-07-22 13:32:20-04:00,812,60,P,749.0,749.19,0.93,1.0752688172043021,-0.10948717948713238,-0.014614073797986142,13:00-14:00
2026-07-22,2026-07-22 13:37:19-04:00,817,15,C,749.0,749.12,1.07,0.9345794392523372,0.009516129032363096,0.0012703076986815326,13:00-14:00
2026-07-22,2026-07-22 13:37:19-04:00,817,15,P,749.0,749.12,0.95,1.0526315789473695,0.002368421052551639,0.00031616043525091296,13:00-14:00
2026-07-22,2026-07-22 13:37:19-04:00,817,30,C,749.0,749.12,1.07,0.9345794392523372,-0.08461538461540385,-0.011295304439262582,13:00-14:00
2026-07-22,2026-07-22 13:37:19-04:00,817,30,P,749.0,749.12,0.95,1.0526315789473695,-0.05510204081633674,-0.00735556931016883,13:00-14:00
2026-07-22,2026-07-22 13:37:19-04:00,817,60,C,749.0,749.12,1.07,0.9345794392523372,-0.1309803921568573,-0.017484567513463438,13:00-14:00
2026-07-22,2026-07-22 13:37:19-04:00,817,60,P,749.0,749.12,0.95,1.0526315789473695,-0.16000000000008185,-0.021358393848793497,13:00-14:00
2026-07-22,2026-07-22 13:42:19-04:00,822,15,C,749.0,749.19,1.1,0.9090909090909097,-0.06296296296295623,-0.008404138197647622,13:00-14:00
2026-07-22,2026-07-22 13:42:19-04:00,822,15,P,749.0,749.19,0.94,1.0638297872340319,-0.008695652173855706,-0.0011606738175704034,13:00-14:00
2026-07-22,2026-07-22 13:42:19-04:00,822,30,C,749.0,749.19,1.1,0.9090909090909097,-0.125,-0.016684686127684565,13:00-14:00
2026-07-22,2026-07-22 13:42:19-04:00,822,30,P,749.0,749.19,0.94,1.0638297872340319,-0.0,-0.0,13:00-14:00
2026-07-22,2026-07-22 13:42:19-04:00,822,60,C,749.0,749.19,1.1,0.9090909090909097,-0.16000000000008185,-0.02135639824344717,13:00-14:00
2026-07-22,2026-07-22 13:42:19-04:00,822,60,P,749.0,749.19,0.94,1.0638297872340319,-0.09999999999990905,-0.013347748902135513,13:00-14:00
2026-07-22,2026-07-22 13:47:19-04:00,827,15,C,749.0,749.13,1.07,0.9345794392523372,-0.10807692307685102,-0.014426991720642749,13:00-14:00
2026-07-22,2026-07-22 13:47:19-04:00,827,15,P,749.0,749.13,0.95,1.0526315789473695,-0.04416666666668334,-0.005895727933293733,13:00-14:00
2026-07-22,2026-07-22 13:47:19-04:00,827,30,C,749.0,749.13,1.07,0.9345794392523372,-0.10868936170209054,-0.014508745037855984,13:00-14:00
2026-07-22,2026-07-22 13:47:19-04:00,827,30,P,749.0,749.13,0.95,1.0526315789473695,-0.06356923076930343,-0.008485740895345725,13:00-14:00
2026-07-22,2026-07-22 13:47:19-04:00,827,60,C,749.0,749.13,1.07,0.9345794392523372,-0.17000000000007276,-0.022692990535697777,13:00-14:00
2026-07-22,2026-07-22 13:47:19-04:00,827,60,P,749.0,749.13,0.95,1.0526315789473695,-0.12999999999999545,-0.01735346335081968,13:00-14:00
2026-07-22,2026-07-22 13:52:19-04:00,832,15,C,749.0,749.065,1.04,0.9615384615384623,-0.08730769230783153,-0.011655556234483192,13:00-14:00
2026-07-22,2026-07-22 13:52:19-04:00,832,15,P,749.0,749.065,0.98,1.020408163265307,-0.048877551020268584,-0.006525141479079731,13:00-14:00
2026-07-22,2026-07-22 13:52:19-04:00,832,30,C,749.0,749.065,1.04,0.9615384615384623,-0.14234693877563132,-0.01900328259572017,13:00-14:00
2026-07-22,2026-07-22 13:52:19-04:00,832,30,P,749.0,749.065,0.98,1.020408163265307,-0.10735294117637295,-0.014331592208469617,13:00-14:00
2026-07-22,2026-07-22 13:52:19-04:00,832,60,C,749.0,749.065,1.04,0.9615384615384623,-0.1927551020409055,-0.02573276044681109,13:00-14:00
2026-07-22,2026-07-22 13:52:19-04:00,832,60,P,749.0,749.065,0.98,1.020408163265307,-0.13617647058822513,-0.018179526554868417,13:00-14:00
2026-07-22,2026-07-22 13:57:20-04:00,837,15,C,749.0,748.59,0.82,1.2195121951219388,-0.10833333333334849,-0.014471651148605845,13:00-14:00
2026-07-22,2026-07-22 13:57:20-04:00,837,15,P,749.0,748.59,1.23,0.8130081300813016,-0.04230769230775877,-0.005651650744434038,13:00-14:00
2026-07-22,2026-07-22 13:57:20-04:00,837,30,C,749.0,748.59,0.82,1.2195121951219388,-0.16565217391303122,-0.022128558211174505,13:00-14:00
2026-07-22,2026-07-22 13:57:20-04:00,837,30,P,749.0,748.59,1.23,0.8130081300813016,-0.096037735848995,-0.012829150249000788,13:00-14:00
2026-07-22,2026-07-22 13:57:20-04:00,837,60,C,749.0,748.59,0.82,1.2195121951219388,-0.0015686274509789655,-0.0002095442700248421,13:00-14:00
2026-07-22,2026-07-22 13:57:20-04:00,837,60,P,749.0,748.59,1.23,0.8130081300813016,-0.0016326530611650014,-0.00021809709736504647,13:00-14:00
2026-07-22,2026-07-22 14:02:20-04:00,842,15,C,748.0,748.445,1.3,0.7692307692307698,-0.02801587301598829,-0.003743210658897887,14:00-15:00
2026-07-22,2026-07-22 14:02:20-04:00,842,15,P,748.0,748.445,0.83,1.204819277108435,-0.08824324324314148,-0.011790210802816703,14:00-15:00
2026-07-22,2026-07-22 14:02:20-04:00,842,30,C,748.0,748.445,1.3,0.7692307692307698,-0.058333333333393966,-0.007793937207596278,14:00-15:00
2026-07-22,2026-07-22 14:02:20-04:00,842,30,P,748.0,748.445,0.83,1.204819277108435,-0.11089743589741374,-0.01481704546057676,14:00-15:00
2026-07-22,2026-07-22 14:02:20-04:00,842,60,C,748.0,748.445,1.3,0.7692307692307698,0.020901639344288014,0.0027926753928863195,14:00-15:00
2026-07-22,2026-07-22 14:02:20-04:00,842,60,P,748.0,748.445,0.83,1.204819277108435,0.06710526315794141,0.00896595784031444,14:00-15:00
2026-07-22,2026-07-22 14:07:20-04:00,847,15,C,748.0,748.42,1.28,0.7812500000000007,-0.03476190476192187,-0.004644705481136511,14:00-15:00
2026-07-22,2026-07-22 14:07:20-04:00,847,15,P,748.0,748.42,0.84,1.1904761904761916,-0.08621621621625764,-0.011519763797901933,14:00-15:00
2026-07-22,2026-07-22 14:07:20-04:00,847,30,C,748.0,748.42,1.28,0.7812500000000007,-0.01921568627437864,-0.0025675003706980897,14:00-15:00
2026-07-22,2026-07-22 14:07:20-04:00,847,30,P,748.0,748.42,0.84,1.1904761904761916,-0.10333333333346673,-0.013806864238457915,14:00-15:00
2026-07-22,2026-07-22 14:07:20-04:00,847,60,C,748.0,748.42,1.28,0.7812500000000007,0.043114754098382946,0.005760769901710663,14:00-15:00
2026-07-22,2026-07-22 14:07:20-04:00,847,60,P,748.0,748.42,0.84,1.1904761904761916,0.012105263157877744,0.0016174424999168572,14:00-15:00
2026-07-22,2026-07-22 14:12:20-04:00,852,15,C,748.0,748.19,1.17,0.8547008547008554,-0.020000000000095497,-0.0026731177909482214,14:00-15:00
2026-07-22,2026-07-22 14:12:20-04:00,852,15,P,748.0,748.19,0.95,1.0526315789473695,-0.05820512820503154,-0.00777945818642745,14:00-15:00
2026-07-22,2026-07-22 14:12:20-04:00,852,30,C,748.0,748.19,1.17,0.8547008547008554,-0.020000000000095497,-0.0026731177909482214,14:00-15:00
2026-07-22,2026-07-22 14:12:20-04:00,852,30,P,748.0,748.19,0.95,1.0526315789473695,-0.07999999999992724,-0.010692471163732105,14:00-15:00
2026-07-22,2026-07-22 14:12:20-04:00,852,60,C,748.0,748.19,1.17,0.8547008547008554,0.03586206896545718,0.0047931767285658965,14:00-15:00
2026-07-22,2026-07-22 14:12:20-04:00,852,60,P,748.0,748.19,0.95,1.0526315789473695,0.04952380952386193,0.006619148815656708,14:00-15:00
2026-07-22,2026-07-22 14:17:19-04:00,857,15,C,748.0,748.2128,1.17,0.8547008547008554,-0.04280000000005657,-0.005720297754870883,14:00-15:00
2026-07-22,2026-07-22 14:17:19-04:00,857,15,P,748.0,748.2128,0.95,1.0526315789473695,-0.03540512820507047,-0.004731959705189548,14:00-15:00
2026-07-22,2026-07-22 14:17:19-04:00,857,30,C,748.0,748.2128,1.17,0.8547008547008554,-0.052800000000047476,-0.007056815921893807,14:00-15:00
2026-07-22,2026-07-22 14:17:19-04:00,857,30,P,748.0,748.2128,0.95,1.0526315789473695,-0.04719999999997526,-0.006308365748350638,14:00-15:00
2026-07-22,2026-07-22 14:17:19-04:00,857,60,C,748.0,748.2128,1.17,0.8547008547008554,0.09533559322028395,0.0127417752302933,14:00-15:00
2026-07-22,2026-07-22 14:17:19-04:00,857,60,P,748.0,748.2128,0.95,1.0526315789473695,0.14401951219520015,0.019248469445483977,14:00-15:00
2026-07-22,2026-07-22 14:22:22-04:00,862,15,C,748.0,748.29,1.23,0.8130081300813016,0.0,0.0,14:00-15:00
2026-07-22,2026-07-22 14:22:22-04:00,862,15,P,748.0,748.29,0.93,1.0752688172043021,-0.020000000000095497,-0.002672760560757928,14:00-15:00
2026-07-22,2026-07-22 14:22:22-04:00,862,30,C,748.0,748.29,1.23,0.8130081300813016,-0.029999999999972715,-0.004009140841114102,14:00-15:00
2026-07-22,2026-07-22 14:22:22-04:00,862,30,P,748.0,748.29,0.93,1.0752688172043021,-0.021282051282128123,-0.0028440913659314067,14:00-15:00
2026-07-22,2026-07-22 14:22:22-04:00,862,60,C,748.0,748.29,1.23,0.8130081300813016,0.12103448275865958,0.016174809600376802,14:00-15:00
2026-07-22,2026-07-22 14:22:22-04:00,862,60,P,748.0,748.29,0.93,1.0752688172043021,0.19095238095235345,0.025518499639491838,14:00-15:00
2026-07-22,2026-07-22 14:27:19-04:00,867,15,C,748.0,748.23,1.19,0.8403361344537823,-0.01999999999998181,-0.0026729748873985017,14:00-15:00
2026-07-22,2026-07-22 14:27:19-04:00,867,15,P,748.0,748.23,0.96,1.0416666666666676,-0.01999999999998181,-0.0026729748873985017,14:00-15:00
2026-07-22,2026-07-22 14:27:19-04:00,867,30,C,748.0,748.23,1.19,0.8403361344537823,0.08392156862737465,0.01121601227261332,14:00-15:00
2026-07-22,2026-07-22 14:27:19-04:00,867,30,P,748.0,748.23,0.96,1.0416666666666676,0.08734693877556765,0.011673808691921956,14:00-15:00
2026-07-22,2026-07-22 14:27:19-04:00,867,60,C,748.0,748.23,1.19,0.8403361344537823,0.15655172413789842,0.020922941359996047,14:00-15:00
2026-07-22,2026-07-22 14:27:19-04:00,867,60,P,748.0,748.23,0.96,1.0416666666666676,0.257543859649104,0.03442041346231827,14:00-15:00
2026-07-22,2026-07-22 14:32:22-04:00,872,15,C,748.0,748.12,1.15,0.8695652173913052,-0.0232653061224255,-0.0031098361389116052,14:00-15:00
2026-07-22,2026-07-22 14:32:22-04:00,872,15,P,748.0,748.12,1.01,0.990099009900991,-0.02235294117645026,-0.0029878817805232124,14:00-15:00
2026-07-22,2026-07-22 14:32:22-04:00,872,30,C,748.0,748.12,1.15,0.8695652173913052,0.10000000000002274,0.013366839544461146,14:00-15:00
2026-07-22,2026-07-22 14:32:22-04:00,872,30,P,748.0,748.12,1.01,0.990099009900991,0.1307692307692605,0.01747971325044919,14:00-15:00
2026-07-22,2026-07-22 14:32:22-04:00,872,60,C,748.0,748.12,1.15,0.8695652173913052,0.1827272727273339,0.024424861349427087,14:00-15:00
2026-07-22,2026-07-22 14:32:22-04:00,872,60,P,748.0,748.12,1.01,0.990099009900991,0.20111111111111768,0.026882199528299962,14:00-15:00
2026-07-22,2026-07-22 14:37:21-04:00,877,15,C,748.0,748.44,1.31,0.7633587786259549,-0.048852459016416105,-0.00652723785693123,14:00-15:00
2026-07-22,2026-07-22 14:37:21-04:00,877,15,P,748.0,748.44,0.88,1.1363636363636374,0.0005128205128812624,6.851858704522238e-05,14:00-15:00
2026-07-22,2026-07-22 14:37:21-04:00,877,30,C,748.0,748.44,1.31,0.7633587786259549,0.07229508196712686,0.00965943588893256,14:00-15:00
2026-07-22,2026-07-22 14:37:21-04:00,877,30,P,748.0,748.44,0.88,1.1363636363636374,0.13736842105265623,0.018353965722390068,14:00-15:00
2026-07-22,2026-07-22 14:37:21-04:00,877,60,C,748.0,748.44,1.31,0.7633587786259549,0.10039215686265379,0.01341352103878117,14:00-15:00
2026-07-22,2026-07-22 14:37:21-04:00,877,60,P,748.0,748.44,0.88,1.1363636363636374,0.1716666666667379,0.022936597010680602,14:00-15:00
2026-07-22,2026-07-22 14:42:22-04:00,882,15,C,748.0,748.37,1.28,0.7812500000000007,0.12039215686274929,0.016087250539539168,14:00-15:00
2026-07-22,2026-07-22 14:42:22-04:00,882,15,P,748.0,748.37,0.91,1.0989010989010999,0.1253061224490466,0.01674387301054914,14:00-15:00
2026-07-22,2026-07-22 14:42:22-04:00,882,30,C,748.0,748.37,1.28,0.7812500000000007,0.04551724137934343,0.006082184130756635,14:00-15:00
2026-07-22,2026-07-22 14:42:22-04:00,882,30,P,748.0,748.37,0.91,1.0989010989010999,0.13428571428562464,0.01794375967577864,14:00-15:00
2026-07-22,2026-07-22 14:42:22-04:00,882,60,C,748.0,748.37,1.28,0.7812500000000007,0.12772727272727025,0.017067396171315023,14:00-15:00
2026-07-22,2026-07-22 14:42:22-04:00,882,60,P,748.0,748.37,0.91,1.0989010989010999,0.18944444444434794,0.025314275618256735,14:00-15:00
2026-07-22,2026-07-22 14:47:19-04:00,887,15,C,748.0,748.42,1.31,0.7633587786259549,0.062295081967249644,0.008323545865590129,14:00-15:00
2026-07-22,2026-07-22 14:47:19-04:00,887,15,P,748.0,748.42,0.88,1.1363636363636374,0.17368421052628946,0.02320678369448832,14:00-15:00
2026-07-22,2026-07-22 14:47:19-04:00,887,30,C,748.0,748.42,1.31,0.7633587786259549,0.12542372881353003,0.01675846834845809,14:00-15:00
2026-07-22,2026-07-22 14:47:19-04:00,887,30,P,748.0,748.42,0.88,1.1363636363636374,0.18048780487799831,0.024115844696560532,14:00-15:00
2026-07-22,2026-07-22 14:47:19-04:00,887,60,C,748.0,748.42,1.31,0.7633587786259549,0.1715789473685163,0.022925489346692543,14:00-15:00
2026-07-22,2026-07-22 14:47:19-04:00,887,60,P,748.0,748.42,0.88,1.1363636363636374,0.1576744186045289,0.021067638305300354,14:00-15:00
2026-07-22,2026-07-22 14:53:21-04:00,893,15,C,748.0,748.26,1.24,0.8064516129032264,0.13754098360652733,0.018381442761410117,14:00-15:00
2026-07-22,2026-07-22 14:53:21-04:00,893,15,P,748.0,748.26,0.96,1.0416666666666676,0.12320754716984084,0.016465873783155702,14:00-15:00
2026-07-22,2026-07-22 14:53:21-04:00,893,30,C,748.0,748.26,1.24,0.8064516129032264,0.16827586206898104,0.022488955987087514,14:00-15:00
2026-07-22,2026-07-22 14:53:21-04:00,893,30,P,748.0,748.26,0.96,1.0416666666666676,0.23238095238093592,0.03105617731549674,14:00-15:00
2026-07-22,2026-07-22 14:58:22-04:00,898,15,C,749.0,748.51,0.79,1.2658227848101276,-0.05999999999994543,-0.00801592497093498,14:00-15:00
2026-07-22,2026-07-22 14:58:22-04:00,898,15,P,749.0,748.51,1.28,0.7812500000000007,0.006428571428500618,0.000858849104020069,14:00-15:00
2026-07-22,2026-07-22 14:58:22-04:00,898,30,C,749.0,748.51,0.79,1.2658227848101276,0.09363636363639216,0.01250970109101978,14:00-15:00
2026-07-22,2026-07-22 14:58:22-04:00,898,30,P,749.0,748.51,1.28,0.7812500000000007,0.09894736842102247,0.013219244688918316,14:00-15:00
2026-07-22,2026-07-22 15:03:23-04:00,903,15,C,748.0,748.22,1.16,0.8620689655172422,0.07034482758615468,0.009401623531334991,15:00-16:00
2026-07-22,2026-07-22 15:03:23-04:00,903,15,P,748.0,748.22,0.9,1.111111111111112,0.04952380952386193,0.006618883419831323,15:00-16:00
2026-07-22,2026-07-22 15:03:23-04:00,903,30,C,748.0,748.22,1.16,0.8620689655172422,0.10090909090911282,0.013486553541620488,15:00-16:00
2026-07-22,2026-07-22 15:03:23-04:00,903,30,P,748.0,748.22,0.9,1.111111111111112,0.05666666666661513,0.007573530066907476,15:00-16:00
2026-07-22,2026-07-22 15:08:23-04:00,908,15,C,748.0,748.25,1.16,0.8620689655172422,0.040344827586181964,0.005391891424815498,15:00-16:00
2026-07-22,2026-07-22 15:08:23-04:00,908,15,P,748.0,748.25,0.91,1.0989010989010999,0.10333333333335304,0.013810001113712401,15:00-16:00
2026-07-22,2026-07-22 15:08:23-04:00,908,30,C,748.0,748.25,1.16,0.8620689655172422,-0.00372549019618873,-0.0004978937783078823,15:00-16:00
2026-07-22,2026-07-22 15:08:23-04:00,908,30,P,748.0,748.25,0.91,1.0989010989010999,0.04416666666668334,0.005902661766345919,15:00-16:00
2026-07-22,2026-07-22 15:13:22-04:00,913,15,C,748.0,747.95,1.02,0.980392156862746,0.1434482758620561,0.019178858996197087,15:00-16:00
2026-07-22,2026-07-22 15:13:22-04:00,913,15,P,748.0,747.95,1.04,0.9615384615384623,0.11789473684211771,0.015762382089995013,15:00-16:00
2026-07-22,2026-07-22 15:13:22-04:00,913,30,C,748.0,747.95,1.02,0.980392156862746,0.07500000000004547,0.010027408249220599,15:00-16:00
2026-07-22,2026-07-22 15:13:22-04:00,913,30,P,748.0,747.95,1.04,0.9615384615384623,0.05833333333328028,0.007799095304937533,15:00-16:00
2026-07-22,2026-07-22 15:18:22-04:00,918,15,C,748.0,748.02,1.01,0.990099009900991,0.028181818181906237,0.0037675220157089703,15:00-16:00
2026-07-22,2026-07-22 15:18:22-04:00,918,15,P,748.0,748.02,0.98,1.020408163265307,0.03444444444437522,0.004604749130287322,15:00-16:00
2026-07-22,2026-07-22 15:18:22-04:00,918,30,C,748.0,748.02,1.01,0.990099009900991,0.04526315789473756,0.006051062524362659,15:00-16:00
2026-07-22,2026-07-22 15:18:22-04:00,918,30,P,748.0,748.02,0.98,1.020408163265307,-0.009767441860503823,-0.0013057728216496647,15:00-16:00
2026-07-22,2026-07-22 15:23:24-04:00,923,15,C,748.0,747.98,0.99,1.010101010101011,-0.009545454545445864,-0.001276164408867331,15:00-16:00
2026-07-22,2026-07-22 15:23:24-04:00,923,15,P,748.0,747.98,0.99,1.010101010101011,-0.022777777777832853,-0.0030452388804290027,15:00-16:00
2026-07-22,2026-07-22 15:28:23-04:00,928,15,C,748.0,747.99,0.97,1.0309278350515474,-0.05590909090904006,-0.007474577321760994,15:00-16:00
2026-07-22,2026-07-22 15:28:23-04:00,928,15,P,748.0,747.99,0.96,1.0416666666666676,-0.07944444444444798,-0.010621057025421193,15:00-16:00
2026-07-22,2026-07-22 15:33:24-04:00,933,15,C,748.0,747.83,0.9,1.111111111111112,0.010952380952403473,0.00146455490584805,15:00-16:00
2026-07-22,2026-07-22 15:33:24-04:00,933,15,P,748.0,747.83,1.06,0.9433962264150951,-0.042280701754407346,-0.00565378518572501,15:00-16:00
2026-07-24,2026-07-24 09:32:19-04:00,572,15,C,739.0,738.97,1.84,0.5434782608695656,0.5449999999999591,0.07375130248859345,09:30-10:00
2026-07-24,2026-07-24 09:32:19-04:00,572,15,P,739.0,738.97,1.85,1.081081081081082,0.5800000000000409,0.07848762466677144,09:30-10:00
2026-07-24,2026-07-24 09:32:19-04:00,572,30,C,739.0,738.97,1.84,0.5434782608695656,0.49698412698410266,0.06725362693804927,09:30-10:00
2026-07-24,2026-07-24 09:32:19-04:00,572,30,P,739.0,738.97,1.85,1.081081081081082,0.5023404255318837,0.0679784599553275,09:30-10:00
2026-07-24,2026-07-24 09:32:19-04:00,572,60,C,739.0,738.97,1.84,0.5434782608695656,0.6345614035087692,0.08587106425278011,09:30-10:00
2026-07-24,2026-07-24 09:32:19-04:00,572,60,P,739.0,738.97,1.85,1.081081081081082,0.708518518518531,0.09587919922575083,09:30-10:00
2026-07-24,2026-07-24 09:37:20-04:00,577,15,C,739.0,739.24,1.86,0.5376344086021511,-0.001864406779645833,-0.00025220588437392904,09:30-10:00
2026-07-24,2026-07-24 09:37:20-04:00,577,15,P,739.0,739.24,1.61,0.6211180124223608,-0.02707317073179638,-0.003662297864265513,09:30-10:00
2026-07-24,2026-07-24 09:37:20-04:00,577,30,C,739.0,739.24,1.86,0.5376344086021511,0.1814754098360254,0.024548916432555787,09:30-10:00
2026-07-24,2026-07-24 09:37:20-04:00,577,30,P,739.0,739.24,1.61,0.6211180124223608,0.23204081632650286,0.03138910452985537,09:30-10:00
2026-07-24,2026-07-24 09:37:20-04:00,577,60,C,739.0,739.24,1.86,0.5376344086021511,0.4122222222221126,0.05576297578893357,09:30-10:00
2026-07-24,2026-07-24 09:37:20-04:00,577,60,P,739.0,739.24,1.61,0.6211180124223608,0.5708695652174356,0.07722384681800709,09:30-10:00
2026-07-24,2026-07-24 09:42:21-04:00,582,15,C,739.0,738.72,1.49,0.671140939597316,0.11056603773590723,0.01496724574072818,09:30-10:00
2026-07-24,2026-07-24 09:42:21-04:00,582,15,P,739.0,738.72,1.78,0.5617977528089892,0.10340425531910569,0.013997760358336811,09:30-10:00
2026-07-24,2026-07-24 09:42:21-04:00,582,30,C,739.0,738.72,1.49,0.671140939597316,0.17068965517239576,0.023106136989982096,09:30-10:00
2026-07-24,2026-07-24 09:42:21-04:00,582,30,P,739.0,738.72,1.78,0.5617977528089892,0.17641509433963165,0.023881185610194883,09:30-10:00
2026-07-24,2026-07-24 09:42:21-04:00,582,60,C,739.0,738.72,1.49,0.671140939597316,0.3069491525423018,0.04155148805261828,09:30-10:00
2026-07-24,2026-07-24 09:42:21-04:00,582,60,P,739.0,738.72,1.78,0.5617977528089892,0.31784313725495394,0.04302619900029158,09:30-10:00
2026-07-24,2026-07-24 09:47:20-04:00,587,15,C,740.0,739.515,1.29,0.7751937984496131,-0.16499999999996362,-0.02231192065069182,09:30-10:00
2026-07-24,2026-07-24 09:47:20-04:00,587,15,P,740.0,739.515,1.79,0.5586592178770954,-0.1256122448979795,-0.016985760247997608,09:30-10:00
2026-07-24,2026-07-24 09:47:20-04:00,587,30,C,740.0,739.515,1.29,0.7751937984496131,-0.027608695652133974,-0.003733351676725148,09:30-10:00
2026-07-24,2026-07-24 09:47:20-04:00,587,30,P,740.0,739.515,1.79,0.5586592178770954,-0.009716981132100955,-0.001313966739295478,09:30-10:00
2026-07-24,2026-07-24 09:47:20-04:00,587,60,C,740.0,739.515,1.29,0.7751937984496131,0.1326106382979333,0.01793210932813172,09:30-10:00
2026-07-24,2026-07-24 09:47:20-04:00,587,60,P,740.0,739.515,1.79,0.5586592178770954,0.1853339622640533,0.025061555514635035,09:30-10:00
2026-07-24,2026-07-24 09:52:20-04:00,592,15,C,738.0,737.95,1.7,0.5882352941176475,0.20918032786880758,0.028346138338479245,09:30-10:00
2026-07-24,2026-07-24 09:52:20-04:00,592,15,P,738.0,737.95,1.75,0.571428571428572,0.22775510204087368,0.030863215941577843,09:30-10:00
2026-07-24,2026-07-24 09:52:20-04:00,592,30,C,738.0,737.95,1.7,0.5882352941176475,0.38654545454539857,0.052380981712229636,09:30-10:00
2026-07-24,2026-07-24 09:52:20-04:00,592,30,P,738.0,737.95,1.75,0.571428571428572,0.42355555555559476,0.05739624033546917,09:30-10:00
2026-07-24,2026-07-24 09:52:20-04:00,592,60,C,738.0,737.95,1.7,0.5882352941176475,0.6281967213114967,0.0851272743832911,09:30-10:00
2026-07-24,2026-07-24 09:52:20-04:00,592,60,P,738.0,737.95,1.75,0.571428571428572,0.67999999999995,0.09214716444202858,09:30-10:00
2026-07-24,2026-07-24 09:57:20-04:00,597,15,C,738.0,737.76,1.56,0.6410256410256416,0.3153846153846871,0.04274894483093243,09:30-10:00
2026-07-24,2026-07-24 09:57:20-04:00,597,15,P,738.0,737.76,1.8,1.111111111111112,0.2946808510637311,0.03994264409343568,09:30-10:00
2026-07-24,2026-07-24 09:57:20-04:00,597,30,C,738.0,737.76,1.56,0.6410256410256416,0.41836065573772885,0.05670687699763187,09:30-10:00
2026-07-24,2026-07-24 09:57:20-04:00,597,30,P,738.0,737.76,1.8,1.111111111111112,0.39999999999997726,0.05421817393189889,09:30-10:00
2026-07-24,2026-07-24 09:57:20-04:00,597,60,C,738.0,737.76,1.56,0.6410256410256416,0.6454237288135118,0.08748423997146929,09:30-10:00
2026-07-24,2026-07-24 09:57:20-04:00,597,60,P,738.0,737.76,1.8,1.111111111111112,0.6535849056604093,0.08859045023590453,09:30-10:00
2026-07-24,2026-07-24 10:02:19-04:00,602,15,C,738.0,738.34,1.77,0.56497175141243,0.033448275862042465,0.004530199618338769,10:00-10:30
2026-07-24,2026-07-24 10:02:19-04:00,602,15,P,738.0,738.34,1.45,0.6896551724137937,0.08162790697679156,0.011055598637049538,10:00-10:30
2026-07-24,2026-07-24 10:02:19-04:00,602,30,C,738.0,738.34,1.77,0.56497175141243,0.1417543859648731,0.019199066279068328,10:00-10:30
2026-07-24,2026-07-24 10:02:19-04:00,602,30,P,738.0,738.34,1.45,0.6896551724137937,0.2809302325581484,0.038048897873357586,10:00-10:30
2026-07-24,2026-07-24 10:02:19-04:00,602,60,C,738.0,738.34,1.77,0.56497175141243,0.46206349206340747,0.0625813977386309,10:00-10:30
2026-07-24,2026-07-24 10:02:19-04:00,602,60,P,738.0,738.34,1.45,0.6896551724137937,0.6682978723405313,0.09051356723738808,10:00-10:30
2026-07-24,2026-07-24 10:07:20-04:00,607,15,C,738.0,738.11,1.68,0.5952380952380958,0.1901818181818271,0.025766053593885348,10:00-10:30
2026-07-24,2026-07-24 10:07:20-04:00,607,15,P,738.0,738.11,1.58,1.2658227848101276,0.20577777777782558,0.027879012312233352,10:00-10:30
2026-07-24,2026-07-24 10:07:20-04:00,607,30,C,738.0,738.11,1.68,0.5952380952380958,0.245925925925917,0.03331833004916842,10:00-10:30
2026-07-24,2026-07-24 10:07:20-04:00,607,30,P,738.0,738.11,1.58,1.2658227848101276,0.3756521739130676,0.05089379278333414,10:00-10:30
2026-07-24,2026-07-24 10:07:20-04:00,607,60,C,738.0,738.11,1.68,0.5952380952380958,0.6163636363636442,0.08350566126507489,10:00-10:30
2026-07-24,2026-07-24 10:07:20-04:00,607,60,P,738.0,738.11,1.58,1.2658227848101276,0.7786206896550993,0.1054884352813401,10:00-10:30
2026-07-24,2026-07-24 10:12:20-04:00,612,15,C,739.0,739.21,1.64,0.6097560975609762,0.09950819672133093,0.01346142459129759,10:00-10:30
2026-07-24,2026-07-24 10:12:20-04:00,612,15,P,739.0,739.21,1.46,0.6849315068493157,0.16999999999995907,0.022997524384134285,10:00-10:30
2026-07-24,2026-07-24 10:12:20-04:00,612,30,C,739.0,739.21,1.64,0.6097560975609762,0.07118644067793412,0.009630070031240664,10:00-10:30
2026-07-24,2026-07-24 10:12:20-04:00,612,30,P,739.0,739.21,1.46,0.6849315068493157,0.17560975609762863,0.02375640969381213,10:00-10:30
2026-07-24,2026-07-24 10:12:20-04:00,612,60,C,739.0,739.21,1.64,0.6097560975609762,0.3949999999999818,0.053435424304322424,10:00-10:30
2026-07-24,2026-07-24 10:12:20-04:00,612,60,P,739.0,739.21,1.46,0.6849315068493157,0.5634905660377854,0.0762287531334513,10:00-10:30
2026-07-24,2026-07-24 10:17:21-04:00,617,15,C,739.0,738.77,1.43,0.6993006993007,0.1152631578946739,0.015602035531312033,10:00-10:30
2026-07-24,2026-07-24 10:17:21-04:00,617,15,P,739.0,738.77,1.67,0.5988023952095813,0.17518518518522797,0.023713088672418746,10:00-10:30
2026-07-24,2026-07-24 10:17:21-04:00,617,30,C,739.0,738.77,1.43,0.6993006993007,0.15681929824563667,0.02122707990925954,10:00-10:30
2026-07-24,2026-07-24 10:17:21-04:00,617,30,P,739.0,738.77,1.67,0.5988023952095813,0.21391886792446257,0.028956084833501983,10:00-10:30
2026-07-24,2026-07-24 10:17:21-04:00,617,60,C,739.0,738.77,1.43,0.6993006993007,0.5620689655172555,0.07608172577625723,10:00-10:30
2026-07-24,2026-07-24 10:17:21-04:00,617,60,P,739.0,738.77,1.67,0.5988023952095813,0.5735849056603683,0.07764052488059456,10:00-10:30
2026-07-24,2026-07-24 10:22:22-04:00,622,15,C,739.0,739.482,1.79,0.5586592178770954,0.05911111111106493,0.007993583496429247,10:00-10:30
2026-07-24,2026-07-24 10:22:22-04:00,622,15,P,739.0,739.482,1.33,0.7518796992481209,0.20417391304351895,0.027610396607830746,10:00-10:30
2026-07-24,2026-07-24 10:22:22-04:00,622,30,C,739.0,739.482,1.79,0.5586592178770954,0.24373770491808955,0.032960600111711924,10:00-10:30
2026-07-24,2026-07-24 10:22:22-04:00,622,30,P,739.0,739.482,1.33,0.7518796992481209,0.36199999999996635,0.04895318614921882,10:00-10:30
2026-07-24,2026-07-24 10:22:22-04:00,622,60,C,739.0,739.482,1.79,0.5586592178770954,0.4370909090908981,0.05910771446646411,10:00-10:30
2026-07-24,2026-07-24 10:22:22-04:00,622,60,P,739.0,739.482,1.33,0.7518796992481209,0.645913043478231,0.087346689098346,10:00-10:30
2026-07-24,2026-07-24 10:28:20-04:00,628,15,C,739.0,739.08,1.51,0.6622516556291397,-0.019152542372921744,-0.002591403146198212,10:00-10:30
2026-07-24,2026-07-24 10:28:20-04:00,628,15,P,739.0,739.08,1.45,0.6896551724137937,0.02121951219521634,0.0028710710877329028,10:00-10:30
2026-07-24,2026-07-24 10:28:20-04:00,628,30,C,739.0,739.08,1.51,0.6622516556291397,0.24067796610165715,0.03256453511144357,10:00-10:30
2026-07-24,2026-07-24 10:28:20-04:00,628,30,P,739.0,739.08,1.45,0.6896551724137937,0.3132075471698954,0.04237803041211985,10:00-10:30
2026-07-24,2026-07-24 10:28:20-04:00,628,60,C,739.0,739.08,1.51,0.6622516556291397,0.45622950819665675,0.06172938087847821,10:00-10:30
2026-07-24,2026-07-24 10:28:20-04:00,628,60,P,739.0,739.08,1.45,0.6896551724137937,0.4794339622641246,0.06486902125130224,10:00-10:30
2026-07-24,2026-07-24 10:32:31-04:00,632,15,C,739.0,738.78,1.38,0.7246376811594049,0.05910000000005766,0.007999675140103638,10:30-11:00
2026-07-24,2026-07-24 10:32:31-04:00,632,15,P,739.0,738.78,1.58,0.6329113924050638,0.05410754716979227,0.007323905245105752,10:30-11:00
2026-07-24,2026-07-24 10:32:31-04:00,632,30,C,739.0,738.78,1.38,0.7246376811594049,0.3761538461537839,0.050915542672214174,10:30-11:00
2026-07-24,2026-07-24 10:32:31-04:00,632,30,P,739.0,738.78,1.58,0.6329113924050638,0.38489361702124825,0.05209854314156423,10:30-11:00
2026-07-24,2026-07-24 10:32:31-04:00,632,60,C,739.0,738.78,1.38,0.7246376811594049,0.5637500000000273,0.07630823790574018,10:30-11:00
2026-07-24,2026-07-24 10:32:31-04:00,632,60,P,739.0,738.78,1.58,0.6329113924050638,0.5099999999999909,0.06903272963534353,10:30-11:00
2026-07-24,2026-07-24 10:38:21-04:00,638,15,C,738.0,738.43,1.73,0.5780346820809253,0.26355932203398424,0.03569184919816154,10:30-11:00
2026-07-24,2026-07-24 10:38:21-04:00,638,15,P,738.0,738.43,1.28,1.5625000000000013,0.2817073170731419,0.03814949515501021,10:30-11:00
2026-07-24,2026-07-24 10:38:21-04:00,638,30,C,738.0,738.43,1.73,0.5780346820809253,0.3721212121213284,0.050393566366660134,10:30-11:00
2026-07-24,2026-07-24 10:38:21-04:00,638,30,P,738.0,738.43,1.28,1.5625000000000013,0.49909090909079623,0.0675881138484076,10:30-11:00
2026-07-24,2026-07-24 10:38:21-04:00,638,60,C,738.0,738.43,1.73,0.5780346820809253,0.5098550724637789,0.06904582322817045,10:30-11:00
2026-07-24,2026-07-24 10:38:21-04:00,638,60,P,738.0,738.43,1.28,1.5625000000000013,0.7102325581395235,0.09618143333010895,10:30-11:00
2026-07-24,2026-07-24 10:43:21-04:00,643,15,C,738.0,738.01,1.49,0.671140939597316,0.2767796610169171,0.037503510930328464,10:30-11:00
2026-07-24,2026-07-24 10:43:21-04:00,643,15,P,738.0,738.01,1.48,0.6756756756756763,0.29981132075465666,0.04062428974602738,10:30-11:00
2026-07-24,2026-07-24 10:43:21-04:00,643,30,C,738.0,738.01,1.49,0.671140939597316,0.3450000000000273,0.046747334046967834,10:30-11:00
2026-07-24,2026-07-24 10:43:21-04:00,643,30,P,738.0,738.01,1.48,0.6756756756756763,0.4012264150943565,0.054365986246034136,10:30-11:00
2026-07-24,2026-07-24 10:43:21-04:00,643,60,C,738.0,738.01,1.49,0.671140939597316,0.6244776119402786,0.08461641602963085,10:30-11:00
2026-07-24,2026-07-24 10:43:21-04:00,643,60,P,738.0,738.01,1.48,0.6756756756756763,0.6439344262295208,0.08725280500664229,10:30-11:00
2026-07-24,2026-07-24 10:48:21-04:00,648,15,C,738.0,737.8391,1.39,0.7194244604316554,0.3362846153845567,0.045576957819741006,10:30-11:00
2026-07-24,2026-07-24 10:48:21-04:00,648,15,P,738.0,737.8391,1.53,0.6535947712418306,0.3376106382979742,0.04575667490350866,10:30-11:00
2026-07-24,2026-07-24 10:48:21-04:00,648,30,C,738.0,737.8391,1.39,0.7194244604316554,0.42400344827581193,0.05746557051202788,10:30-11:00
2026-07-24,2026-07-24 10:48:21-04:00,648,30,P,738.0,737.8391,1.53,0.6535947712418306,0.3785339622641004,0.05130304998259111,10:30-11:00
2026-07-24,2026-07-24 10:48:21-04:00,648,60,C,738.0,737.8391,1.39,0.7194244604316554,0.6047461538461221,0.08196179273314765,10:30-11:00
2026-07-24,2026-07-24 10:48:21-04:00,648,60,P,738.0,737.8391,1.53,0.6535947712418306,0.6284650793651281,0.0851764401432681,10:30-11:00
2026-07-24,2026-07-24 10:53:20-04:00,653,15,C,739.0,739.07,1.41,1.4184397163120581,0.19857142857142662,0.026867743051595463,10:30-11:00
2026-07-24,2026-07-24 10:53:20-04:00,653,15,P,739.0,739.07,1.36,0.7352941176470594,0.3209090909091401,0.043420662577176736,10:30-11:00
2026-07-24,2026-07-24 10:53:20-04:00,653,30,C,739.0,739.07,1.41,1.4184397163120581,0.2362962962962456,0.031972113101092665,10:30-11:00
2026-07-24,2026-07-24 10:53:20-04:00,653,30,P,739.0,739.07,1.36,0.7352941176470594,0.29913043478268264,0.04047389757163498,10:30-11:00
2026-07-24,2026-07-24 10:53:20-04:00,653,60,C,739.0,739.07,1.41,1.4184397163120581,0.46235294117639114,0.06255874831563872,10:30-11:00
2026-07-24,2026-07-24 10:53:20-04:00,653,60,P,739.0,739.07,1.36,0.7352941176470594,0.565833333333444,0.07656018148936419,10:30-11:00
2026-07-24,2026-07-24 10:58:23-04:00,658,15,C,740.0,739.88,1.26,0.7936507936507943,0.08333333333337123,0.011263087707921721,10:30-11:00
2026-07-24,2026-07-24 10:58:23-04:00,658,15,P,740.0,739.88,1.4,0.714285714285715,0.1202830188678945,0.016257098295384995,10:30-11:00
2026-07-24,2026-07-24 10:58:23-04:00,658,30,C,740.0,739.88,1.26,0.7936507936507943,0.24639344262300256,0.033301811459020725,10:30-11:00
2026-07-24,2026-07-24 10:58:23-04:00,658,30,P,740.0,739.88,1.4,0.714285714285715,0.1850943396226512,0.025016805376905874,10:30-11:00
2026-07-24,2026-07-24 10:58:23-04:00,658,60,C,740.0,739.88,1.26,0.7936507936507943,0.4679310344828309,0.06324417939163525,10:30-11:00
2026-07-24,2026-07-24 10:58:23-04:00,658,60,P,740.0,739.88,1.4,0.714285714285715,0.5428813559321952,0.07337424392228405,10:30-11:00
2026-07-24,2026-07-24 11:03:22-04:00,663,15,C,740.0,740.31,1.47,0.680272108843538,0.09103448275868686,0.01229680576497506,11:00-12:00
2026-07-24,2026-07-24 11:03:22-04:00,663,15,P,740.0,740.31,1.16,0.8620689655172422,0.08999999999991815,0.012157069335807723,11:00-12:00
2026-07-24,2026-07-24 11:03:22-04:00,663,30,C,740.0,740.31,1.47,0.680272108843538,0.17437500000005457,0.023554321838156256,11:00-12:00
2026-07-24,2026-07-24 11:03:22-04:00,663,30,P,740.0,740.31,1.16,0.8620689655172422,0.1999999999999318,0.02701570963514363,11:00-12:00
2026-07-24,2026-07-24 11:03:22-04:00,663,60,C,740.0,740.31,1.47,0.680272108843538,0.46606557377060653,0.06295546105963806,11:00-12:00
2026-07-24,2026-07-24 11:03:22-04:00,663,60,P,740.0,740.31,1.16,0.8620689655172422,0.5699999999999363,0.07699477246017701,11:00-12:00
2026-07-24,2026-07-24 11:08:23-04:00,668,15,C,741.0,740.59,1.04,0.9615384615384623,0.07319148936164765,0.009882862226285483,11:00-12:00
2026-07-24,2026-07-24 11:08:23-04:00,668,15,P,741.0,740.59,1.45,1.3793103448275874,-0.010566037735884493,-0.0014267054288991873,11:00-12:00
2026-07-24,2026-07-24 11:08:23-04:00,668,30,C,741.0,740.59,1.04,0.9615384615384623,0.18499999999994543,0.024980083446974093,11:00-12:00
2026-07-24,2026-07-24 11:08:23-04:00,668,30,P,741.0,740.59,1.45,1.3793103448275874,0.17728813559324408,0.023938769844751358,11:00-12:00
2026-07-24,2026-07-24 11:08:23-04:00,668,60,C,741.0,740.59,1.04,0.9615384615384623,0.4846153846153811,0.06543639322909857,11:00-12:00
2026-07-24,2026-07-24 11:08:23-04:00,668,60,P,741.0,740.59,1.45,1.3793103448275874,0.3807692307692605,0.051414308965724694,11:00-12:00
2026-07-24,2026-07-24 11:13:24-04:00,673,15,C,741.0,741.005,1.29,0.7751937984496131,0.18500000000005912,0.02496609334620672,11:00-12:00
2026-07-24,2026-07-24 11:13:24-04:00,673,15,P,741.0,741.005,1.28,0.7812500000000007,0.1349999999999909,0.018218500549927585,11:00-12:00
2026-07-24,2026-07-24 11:13:24-04:00,673,30,C,741.0,741.005,1.29,0.7751937984496131,0.28425925925921547,0.03836131460101018,11:00-12:00
2026-07-24,2026-07-24 11:13:24-04:00,673,30,P,741.0,741.005,1.28,0.7812500000000007,0.25760869565215216,0.0347647715807791,11:00-12:00
2026-07-24,2026-07-24 11:13:24-04:00,673,60,C,741.0,741.005,1.29,0.7751937984496131,0.5226923076922958,0.07053829700100482,11:00-12:00
2026-07-24,2026-07-24 11:13:24-04:00,673,60,P,741.0,741.005,1.28,0.7812500000000007,0.549705882352896,0.07418382903663213,11:00-12:00
2026-07-24,2026-07-24 11:18:22-04:00,678,15,C,742.0,741.97,1.24,1.6129032258064528,0.12000000000000455,0.016173160639918666,11:00-12:00
2026-07-24,2026-07-24 11:18:22-04:00,678,15,P,742.0,741.97,1.28,1.5625000000000013,0.10000000000002274,0.013477633866601444,11:00-12:00
2026-07-24,2026-07-24 11:18:22-04:00,678,30,C,742.0,741.97,1.24,1.6129032258064528,0.2219607843136373,0.029915061837222163,11:00-12:00
2026-07-24,2026-07-24 11:18:22-04:00,678,30,P,742.0,741.97,1.28,1.5625000000000013,0.27183673469392033,0.03663715981696299,11:00-12:00
2026-07-24,2026-07-24 11:18:22-04:00,678,60,C,742.0,741.97,1.24,1.6129032258064528,0.46124999999995,0.06216558620967829,11:00-12:00
2026-07-24,2026-07-24 11:18:22-04:00,678,60,P,742.0,741.97,1.28,1.5625000000000013,0.5062745098039159,0.0682338247912875,11:00-12:00
2026-07-24,2026-07-24 11:23:22-04:00,683,15,C,743.0,742.51,0.99,1.010101010101011,0.1757142857143208,0.02366490494596986,11:00-12:00
2026-07-24,2026-07-24 11:23:22-04:00,683,15,P,743.0,742.51,1.5,1.3333333333333344,0.1820338983051215,0.02451601975799942,11:00-12:00
2026-07-24,2026-07-24 11:23:22-04:00,683,30,C,743.0,742.51,0.99,1.010101010101011,0.255384615384628,0.0343947711659948,11:00-12:00
2026-07-24,2026-07-24 11:23:22-04:00,683,30,P,743.0,742.51,1.5,1.3333333333333344,0.25516129032257595,0.03436469412163822,11:00-12:00
2026-07-24,2026-07-24 11:23:22-04:00,683,60,C,743.0,742.51,0.99,1.010101010101011,0.5438461538461752,0.07324428679023517,11:00-12:00
2026-07-24,2026-07-24 11:23:22-04:00,683,60,P,743.0,742.51,1.5,1.3333333333333344,0.4532835820895116,0.06104747169593832,11:00-12:00
2026-07-24,2026-07-24 11:28:23-04:00,688,15,C,743.0,743.11,1.26,0.7936507936507943,0.12370370370365436,0.016646755352996777,11:00-12:00
2026-07-24,2026-07-24 11:28:23-04:00,688,15,P,743.0,743.11,1.19,0.8403361344537823,0.16695652173916642,0.022467268875289853,11:00-12:00
2026-07-24,2026-07-24 11:28:23-04:00,688,30,C,743.0,743.11,1.26,0.7936507936507943,0.23793103448281272,0.03201827918919308,11:00-12:00
2026-07-24,2026-07-24 11:28:23-04:00,688,30,P,743.0,743.11,1.19,0.8403361344537823,0.41694915254231546,0.05610867200580203,11:00-12:00
2026-07-24,2026-07-24 11:28:23-04:00,688,60,C,743.0,743.11,1.26,0.7936507936507943,0.4552941176470995,0.061268737824427,11:00-12:00
2026-07-24,2026-07-24 11:28:23-04:00,688,60,P,743.0,743.11,1.19,0.8403361344537823,0.5963265306122594,0.08024741029083976,11:00-12:00
2026-07-24,2026-07-24 11:33:25-04:00,693,15,C,742.0,742.25,1.33,0.7518796992481209,0.10153846153843915,0.013679819675101266,11:00-12:00
2026-07-24,2026-07-24 11:33:25-04:00,693,15,P,742.0,742.25,1.1,0.9090909090909097,0.18448979591835268,0.02485547940968039,11:00-12:00
2026-07-24,2026-07-24 11:33:25-04:00,693,30,C,742.0,742.25,1.33,0.7518796992481209,0.33705882352944627,0.045410417450919005,11:00-12:00
2026-07-24,2026-07-24 11:33:25-04:00,693,30,P,742.0,742.25,1.1,0.9090909090909097,0.39333333333331666,0.052992028741437075,11:00-12:00
2026-07-24,2026-07-24 11:33:25-04:00,693,60,C,742.0,742.25,1.33,0.7518796992481209,0.33285714285705126,0.04484434393493449,11:00-12:00
2026-07-24,2026-07-24 11:33:25-04:00,693,60,P,742.0,742.25,1.1,0.9090909090909097,0.44333333333338487,0.05972830358145974,11:00-12:00
2026-07-24,2026-07-24 11:38:25-04:00,698,15,C,743.0,742.65,0.98,1.020408163265307,0.09615384615381117,0.012947397314187191,11:00-12:00
2026-07-24,2026-07-24 11:38:25-04:00,698,15,P,743.0,742.65,1.32,0.7575757575757582,0.0625,0.008415808254224735,11:00-12:00
2026-07-24,2026-07-24 11:38:25-04:00,698,30,C,743.0,742.65,0.98,1.020408163265307,0.30923076923079407,0.0416388297624445,11:00-12:00
2026-07-24,2026-07-24 11:38:25-04:00,698,30,P,743.0,742.65,1.32,0.7575757575757582,0.24076923076916046,0.03242028287472705,11:00-12:00
2026-07-24,2026-07-24 11:38:25-04:00,698,60,C,743.0,742.65,0.98,1.020408163265307,0.3375454545455341,0.04545148516064554,11:00-12:00
2026-07-24,2026-07-24 11:38:25-04:00,698,60,P,743.0,742.65,1.32,0.7575757575757582,0.3301147540983038,0.04445091955810999,11:00-12:00
2026-07-24,2026-07-24 11:43:25-04:00,703,15,C,743.0,742.53,0.89,1.1235955056179785,0.25090909090920377,0.0337911048589557,11:00-12:00
2026-07-24,2026-07-24 11:43:25-04:00,703,15,P,743.0,742.53,1.39,0.7194244604316554,0.20818181818174253,0.02803682250976291,11:00-12:00
2026-07-24,2026-07-24 11:43:25-04:00,703,30,C,743.0,742.53,0.89,1.1235955056179785,0.2733333333334258,0.03681108282943797,11:00-12:00
2026-07-24,2026-07-24 11:43:25-04:00,703,30,P,743.0,742.53,1.39,0.7194244604316554,0.29039215686270836,0.03910847465593422,11:00-12:00
2026-07-24,2026-07-24 11:43:25-04:00,703,60,C,743.0,742.53,0.89,1.1235955056179785,0.21181818181810286,0.028526548667138413,11:00-12:00
2026-07-24,2026-07-24 11:43:25-04:00,703,60,P,743.0,742.53,1.39,0.7194244604316554,0.23785714285713766,0.03203333775835827,11:00-12:00
2026-07-24,2026-07-24 11:48:25-04:00,708,15,C,742.0,742.29,1.3,0.7692307692307698,0.25294117647069925,0.03407578931020211,11:00-12:00
2026-07-24,2026-07-24 11:48:25-04:00,708,15,P,742.0,742.29,1.0,1.0000000000000009,0.22499999999990905,0.030311603281723994,11:00-12:00
2026-07-24,2026-07-24 11:48:25-04:00,708,30,C,742.0,742.29,1.3,0.7692307692307698,0.23500000000001364,0.03165878564981525,11:00-12:00
2026-07-24,2026-07-24 11:48:25-04:00,708,30,P,742.0,742.29,1.0,1.0000000000000009,0.2772549019607595,0.03735129153844987,11:00-12:00
2026-07-24,2026-07-24 11:48:25-04:00,708,60,C,742.0,742.29,1.3,0.7692307692307698,-0.011269841269836434,-0.001518253144975203,11:00-12:00
2026-07-24,2026-07-24 11:48:25-04:00,708,60,P,742.0,742.29,1.0,1.0000000000000009,0.08428571428567011,0.011354822816644454,11:00-12:00
2026-07-24,2026-07-24 11:53:25-04:00,713,15,C,742.0,742.4,1.33,0.7518796992481209,0.187058823529469,0.025196501014206497,11:00-12:00
2026-07-24,2026-07-24 11:53:25-04:00,713,15,P,742.0,742.4,0.94,1.0638297872340319,0.2099999999999227,0.02828663793102407,11:00-12:00
2026-07-24,2026-07-24 11:53:25-04:00,713,30,C,742.0,742.4,1.33,0.7518796992481209,0.2352941176470722,0.031693711967547444,11:00-12:00
2026-07-24,2026-07-24 11:53:25-04:00,713,30,P,742.0,742.4,0.94,1.0638297872340319,0.3125,0.042093211206896554,11:00-12:00
2026-07-24,2026-07-24 11:53:25-04:00,713,60,C,742.0,742.4,1.33,0.7518796992481209,0.024509836065590207,0.0033014326596969568,11:00-12:00
2026-07-24,2026-07-24 11:53:25-04:00,713,60,P,742.0,742.4,0.94,1.0638297872340319,0.056163157894616234,0.0075650805353739544,11:00-12:00
2026-07-24,2026-07-24 11:58:24-04:00,718,15,C,743.0,742.71,0.9,1.111111111111112,0.11416666666661968,0.015371634509649752,11:00-12:00
2026-07-24,2026-07-24 11:58:24-04:00,718,15,P,743.0,742.71,1.19,0.8403361344537823,0.07823529411768959,0.010533760703059013,11:00-12:00
2026-07-24,2026-07-24 11:58:24-04:00,718,30,C,743.0,742.71,0.9,1.111111111111112,0.22000000000002728,0.029621251901822684,11:00-12:00
2026-07-24,2026-07-24 11:58:24-04:00,718,30,P,743.0,742.71,1.19,0.8403361344537823,0.1963265306122821,0.026433807355802683,11:00-12:00
2026-07-24,2026-07-24 11:58:24-04:00,718,60,C,743.0,742.71,0.9,1.111111111111112,0.11214285714288508,0.015099144638268646,11:00-12:00
2026-07-24,2026-07-24 11:58:24-04:00,718,60,P,743.0,742.71,1.19,0.8403361344537823,0.1527868852458596,0.020571540068917826,11:00-12:00
2026-07-24,2026-07-24 12:03:23-04:00,723,15,C,743.0,742.94,0.97,1.0309278350515474,0.022499999999922693,0.003028508358672664,12:00-13:00
2026-07-24,2026-07-24 12:03:23-04:00,723,15,P,743.0,742.94,1.06,0.9433962264150951,0.044901960784386574,0.006043820602523295,12:00-13:00
2026-07-24,2026-07-24 12:03:23-04:00,723,30,C,743.0,742.94,0.97,1.0309278350515474,-1.1368683772161603e-13,-1.530229059165155e-14,12:00-13:00
2026-07-24,2026-07-24 12:03:23-04:00,723,30,P,743.0,742.94,1.06,0.9433962264150951,0.044444444444479814,0.005982238733205886,12:00-13:00
2026-07-24,2026-07-24 12:03:23-04:00,723,60,C,743.0,742.94,0.97,1.0309278350515474,0.0001020408162730746,1.3734731778215546e-05,12:00-13:00
2026-07-24,2026-07-24 12:03:23-04:00,723,60,P,743.0,742.94,1.06,0.9433962264150951,0.08833333333348037,0.011889699482257028,12:00-13:00
2026-07-24,2026-07-24 12:08:25-04:00,728,15,C,743.0,743.44,1.24,0.8064516129032264,0.06294117647053099,0.008466207961709214,12:00-13:00
2026-07-24,2026-07-24 12:08:25-04:00,728,15,P,743.0,743.44,0.83,1.204819277108435,0.12333333333344854,0.016589547688239607,12:00-13:00
2026-07-24,2026-07-24 12:08:25-04:00,728,30,C,743.0,743.44,1.24,0.8064516129032264,0.020272727272640623,0.002726881425890539,12:00-13:00
2026-07-24,2026-07-24 12:08:25-04:00,728,30,P,743.0,743.44,0.83,1.204819277108435,0.10700000000008458,0.014392553534930134,12:00-13:00
2026-07-24,2026-07-24 12:08:25-04:00,728,60,C,743.0,743.44,1.24,0.8064516129032264,-0.12000000000011823,-0.016141181534504227,12:00-13:00
2026-07-24,2026-07-24 12:08:25-04:00,728,60,P,743.0,743.44,0.83,1.204819277108435,-0.05826086956517429,-0.007836660600071868,12:00-13:00
2026-07-24,2026-07-24 12:13:25-04:00,733,15,C,743.0,743.22,1.1,0.9090909090909097,-0.043636363636437636,-0.005871257990425128,12:00-13:00
2026-07-24,2026-07-24 12:13:25-04:00,733,15,P,743.0,743.22,0.91,2.1978021978021998,-0.008888888888805013,-0.0011959969980362493,12:00-13:00
2026-07-24,2026-07-24 12:13:25-04:00,733,30,C,743.0,743.22,1.1,0.9090909090909097,-0.11000000000012733,-0.014800462850855376,12:00-13:00
2026-07-24,2026-07-24 12:13:25-04:00,733,30,P,743.0,743.22,0.91,2.1978021978021998,-0.06499999999994088,-0.008745728048214645,12:00-13:00
2026-07-24,2026-07-24 12:13:25-04:00,733,60,C,743.0,743.22,1.1,0.9090909090909097,-0.10000000000002274,-0.013454966228037827,12:00-13:00
2026-07-24,2026-07-24 12:13:25-04:00,733,60,P,743.0,743.22,0.91,2.1978021978021998,-0.035897435897481955,-0.004829987876736626,12:00-13:00
2026-07-24,2026-07-24 12:18:25-04:00,738,15,C,743.0,743.15,1.07,0.9345794392523372,-0.02818181818179255,-0.0037922112873299543,12:00-13:00
2026-07-24,2026-07-24 12:18:25-04:00,738,15,P,743.0,743.15,0.94,1.0638297872340319,-0.012222222222249002,-0.0016446507733632514,12:00-13:00
2026-07-24,2026-07-24 12:18:25-04:00,738,30,C,743.0,743.15,1.07,0.9345794392523372,-0.2899999999999636,-0.039023077440619475,12:00-13:00
2026-07-24,2026-07-24 12:18:25-04:00,738,30,P,743.0,743.15,0.94,1.0638297872340319,-0.22714285714289417,-0.030564873463351162,12:00-13:00
2026-07-24,2026-07-24 12:18:25-04:00,738,60,C,743.0,743.15,1.07,0.9345794392523372,0.030769230769237765,0.0041403795692979565,12:00-13:00
2026-07-24,2026-07-24 12:18:25-04:00,738,60,P,743.0,743.15,0.94,1.0638297872340319,0.12000000000000455,0.01614748032025897,12:00-13:00
2026-07-24,2026-07-24 12:23:25-04:00,743,15,C,743.0,743.4,1.18,0.8474576271186449,-0.048818181818091944,-0.006566879448223291,12:00-13:00
2026-07-24,2026-07-24 12:23:25-04:00,743,15,P,743.0,743.4,0.8,1.250000000000001,0.00033333333328755543,4.483902788371744e-05,12:00-13:00
2026-07-24,2026-07-24 12:23:25-04:00,743,30,C,743.0,743.4,1.18,0.8474576271186449,-0.22139180327860686,-0.029780979725397748,12:00-13:00
2026-07-24,2026-07-24 12:23:25-04:00,743,30,P,743.0,743.4,0.8,1.250000000000001,-0.31225789473694476,-0.04200402135283088,12:00-13:00
2026-07-24,2026-07-24 12:23:25-04:00,743,60,C,743.0,743.4,1.18,0.8474576271186449,-0.024999999999977263,-0.0033629270917375927,12:00-13:00
2026-07-24,2026-07-24 12:23:25-04:00,743,60,P,743.0,743.4,0.8,1.250000000000001,0.04864864864862284,0.006544074340681039,12:00-13:00
2026-07-24,2026-07-24 12:28:24-04:00,748,15,C,743.0,743.33,1.11,0.9009009009009016,-0.20333333333337578,-0.027354382755085328,12:00-13:00
2026-07-24,2026-07-24 12:28:24-04:00,748,15,P,743.0,743.33,0.8,1.250000000000001,-0.2299999999999045,-0.030941842788519837,12:00-13:00
2026-07-24,2026-07-24 12:28:24-04:00,748,30,C,743.0,743.33,1.11,0.9009009009009016,-0.13285714285711947,-0.017873238380950514,12:00-13:00
2026-07-24,2026-07-24 12:28:24-04:00,748,30,P,743.0,743.33,0.8,1.250000000000001,-0.10090909090911282,-0.013575274899319659,12:00-13:00
2026-07-24,2026-07-24 12:28:24-04:00,748,60,C,743.0,743.33,1.11,0.9009009009009016,0.0642105263158328,0.008638226133188865,12:00-13:00
2026-07-24,2026-07-24 12:28:24-04:00,748,60,P,743.0,743.33,0.8,1.250000000000001,0.09619047619048615,0.012940480834957037,12:00-13:00
2026-07-24,2026-07-24 12:33:27-04:00,753,15,C,743.0,742.54,0.76,1.3157894736842117,-0.19959565217379804,-0.0268801212289975,12:00-13:00
2026-07-24,2026-07-24 12:33:27-04:00,753,15,P,743.0,742.54,1.23,0.8130081300813016,-0.1498407407408422,-0.020179484033296818,12:00-13:00
2026-07-24,2026-07-24 12:33:27-04:00,753,30,C,743.0,742.54,0.76,1.3157894736842117,-0.02846938775508079,-0.003834054428728525,12:00-13:00
2026-07-24,2026-07-24 12:33:27-04:00,753,30,P,743.0,742.54,1.23,0.8130081300813016,0.02166666666664696,0.0029179123908000862,12:00-13:00
2026-07-24,2026-07-24 12:33:27-04:00,753,60,C,743.0,742.54,0.76,1.3157894736842117,0.34298245614047573,0.04619043501231931,12:00-13:00
2026-07-24,2026-07-24 12:33:27-04:00,753,60,P,743.0,742.54,1.23,0.8130081300813016,0.2499999999998863,0.03366821989386246,12:00-13:00
2026-07-24,2026-07-24 12:38:25-04:00,758,15,C,743.0,742.533,0.74,1.3513513513513526,-0.23607391304346947,-0.03179305337856626,12:00-13:00
2026-07-24,2026-07-24 12:38:25-04:00,758,15,P,743.0,742.533,1.2,0.8333333333333341,-0.21239629629633328,-0.028604290488952445,12:00-13:00
2026-07-24,2026-07-24 12:38:25-04:00,758,30,C,743.0,742.533,0.74,1.3513513513513526,-0.16684615384622248,-0.022469863810257926,12:00-13:00
2026-07-24,2026-07-24 12:38:25-04:00,758,30,P,743.0,742.533,1.2,0.8333333333333341,-0.16091304347821733,-0.021670827219560252,12:00-13:00
2026-07-24,2026-07-24 12:38:25-04:00,758,60,C,743.0,742.533,0.74,1.3513513513513526,0.31489473684212044,0.04240818075992857,12:00-13:00
2026-07-24,2026-07-24 12:38:25-04:00,758,60,P,743.0,742.533,1.2,0.8333333333333341,0.1968461538460815,0.026510088285110762,12:00-13:00
2026-07-24,2026-07-24 12:43:28-04:00,763,15,C,742.0,741.81,0.93,1.0752688172043021,0.0484693877550626,0.006533935610879147,12:00-13:00
2026-07-24,2026-07-24 12:43:28-04:00,763,15,P,742.0,741.81,1.11,0.9009009009009016,0.05637254901955657,0.007599324492734875,12:00-13:00
2026-07-24,2026-07-24 12:43:28-04:00,763,30,C,742.0,741.81,0.93,1.0752688172043021,0.09510204081641405,0.012820269451263,12:00-13:00
2026-07-24,2026-07-24 12:43:28-04:00,763,30,P,742.0,741.81,1.11,0.9009009009009016,0.12000000000000455,0.016176649007158782,12:00-13:00
2026-07-24,2026-07-24 12:43:28-04:00,763,60,C,742.0,741.81,0.93,1.0752688172043021,0.4091836734694425,0.055160172209789915,12:00-13:00
2026-07-24,2026-07-24 12:43:28-04:00,763,60,P,742.0,741.81,1.11,0.9009009009009016,0.35392156862735646,0.04771054159789657,12:00-13:00
2026-07-24,2026-07-24 12:48:26-04:00,768,15,C,741.0,741.12,1.21,0.8264462809917362,0.24961538461536747,0.033680832336918105,12:00-13:00
2026-07-24,2026-07-24 12:48:26-04:00,768,15,P,741.0,741.12,1.04,0.9615384615384623,0.22911764705884252,0.03091505384537491,12:00-13:00
2026-07-24,2026-07-24 12:48:26-04:00,768,30,C,741.0,741.12,1.21,0.8264462809917362,0.30187499999999545,0.040732270077719596,12:00-13:00
2026-07-24,2026-07-24 12:48:26-04:00,768,30,P,741.0,741.12,1.04,0.9615384615384623,0.32370370370369983,0.043677637049829965,12:00-13:00
2026-07-24,2026-07-24 12:48:26-04:00,768,60,C,741.0,741.12,1.21,0.8264462809917362,0.5206249999999955,0.070248407815198,12:00-13:00
2026-07-24,2026-07-24 12:48:26-04:00,768,60,P,741.0,741.12,1.04,0.9615384615384623,0.530714285714339,0.07160976437207726,12:00-13:00
2026-07-24,2026-07-24 12:53:27-04:00,773,15,C,741.0,740.9491,1.05,0.9523809523809532,0.08756666666670299,0.011818175724446251,12:00-13:00
2026-07-24,2026-07-24 12:53:27-04:00,773,15,P,741.0,740.9491,1.1,0.9090909090909097,0.16418771929818377,0.022159109080257165,12:00-13:00
2026-07-24,2026-07-24 12:53:27-04:00,773,30,C,741.0,740.9491,1.05,0.9523809523809532,0.339847368421033,0.04586649318030523,12:00-13:00
2026-07-24,2026-07-24 12:53:27-04:00,773,30,P,741.0,740.9491,1.1,0.9090909090909097,0.3702475409836552,0.04996936240069057,12:00-13:00
2026-07-24,2026-07-24 12:53:27-04:00,773,60,C,741.0,740.9491,1.05,0.9523809523809532,0.49448208955220707,0.06673631016654274,12:00-13:00
2026-07-24,2026-07-24 12:53:27-04:00,773,60,P,741.0,740.9491,1.1,0.9090909090909097,0.49280370370377113,0.06650979179322454,12:00-13:00
2026-07-24,2026-07-24 12:58:24-04:00,778,15,C,742.0,741.59,0.78,1.2820512820512833,-0.08818181818185167,-0.011890912523341964,12:00-13:00
2026-07-24,2026-07-24 12:58:24-04:00,778,15,P,742.0,741.59,1.18,0.8474576271186449,-0.05456140350884198,-0.007357354267026521,12:00-13:00
2026-07-24,2026-07-24 12:58:24-04:00,778,30,C,742.0,741.59,0.78,1.2820512820512833,0.22526315789468754,0.030375700575073494,12:00-13:00
2026-07-24,2026-07-24 12:58:24-04:00,778,30,P,742.0,741.59,1.18,0.8474576271186449,0.14229508196717688,0.019187837210207375,12:00-13:00
2026-07-24,2026-07-24 12:58:24-04:00,778,60,C,742.0,741.59,0.78,1.2820512820512833,0.43606382978714464,0.058801201443809195,12:00-13:00
2026-07-24,2026-07-24 12:58:24-04:00,778,60,P,742.0,741.59,1.18,0.8474576271186449,0.37726415094346066,0.05087233524500879,12:00-13:00
2026-07-24,2026-07-24 13:03:27-04:00,783,15,C,741.0,741.185,1.1,0.9090909090909097,0.06500000000005457,0.008769740348233515,13:00-14:00
2026-07-24,2026-07-24 13:03:27-04:00,783,15,P,741.0,741.185,0.9,1.111111111111112,0.10391891891890737,0.014020645172110522,13:00-14:00
2026-07-24,2026-07-24 13:03:27-04:00,783,30,C,741.0,741.185,1.1,0.9090909090909097,0.29447368421062947,0.03973011922942714,13:00-14:00
2026-07-24,2026-07-24 13:03:27-04:00,783,30,P,741.0,741.185,0.9,1.111111111111112,0.3283333333332621,0.044298432015389154,13:00-14:00
2026-07-24,2026-07-24 13:03:27-04:00,783,60,C,741.0,741.185,1.1,0.9090909090909097,0.31629032258069856,0.04267360005676026,13:00-14:00
2026-07-24,2026-07-24 13:03:27-04:00,783,60,P,741.0,741.185,0.9,1.111111111111112,0.47614754098356116,0.06424138925957233,13:00-14:00
2026-07-24,2026-07-24 13:08:25-04:00,788,15,C,741.0,740.52,0.81,1.234567901234569,0.19111111111112677,0.02580769069182828,13:00-14:00
2026-07-24,2026-07-24 13:08:25-04:00,788,15,P,741.0,740.52,1.29,0.7751937984496131,0.18666666666661058,0.02520751183852031,13:00-14:00
2026-07-24,2026-07-24 13:08:25-04:00,788,30,C,741.0,740.52,0.81,1.234567901234569,0.45070175438604565,0.06086287397856178,13:00-14:00
2026-07-24,2026-07-24 13:08:25-04:00,788,30,P,741.0,740.52,1.29,0.7751937984496131,0.3223076923076178,0.04352450876514041,13:00-14:00
2026-07-24,2026-07-24 13:08:25-04:00,788,60,C,741.0,740.52,0.81,1.234567901234569,0.5730434782608427,0.07738392997634672,13:00-14:00
2026-07-24,2026-07-24 13:08:25-04:00,788,60,P,741.0,740.52,1.29,0.7751937984496131,0.4866666666666788,0.06571958443616362,13:00-14:00
2026-07-24,2026-07-24 13:13:26-04:00,793,15,C,741.0,740.82,0.93,1.0752688172043021,0.25842105263154735,0.03488310961253035,13:00-14:00
2026-07-24,2026-07-24 13:13:26-04:00,793,15,P,741.0,740.82,1.1,1.8181818181818195,0.2411475409836612,0.03255143502924613,13:00-14:00
2026-07-24,2026-07-24 13:13:26-04:00,793,30,C,741.0,740.82,0.93,1.0752688172043021,0.3991836734693379,0.05388403032711562,13:00-14:00
2026-07-24,2026-07-24 13:13:26-04:00,793,30,P,741.0,740.82,1.1,1.8181818181818195,0.344313725490224,0.04647737986153505,13:00-14:00
2026-07-24,2026-07-24 13:13:26-04:00,793,60,C,741.0,740.82,0.93,1.0752688172043021,0.45344827586200154,0.06120896788180685,13:00-14:00
2026-07-24,2026-07-24 13:13:26-04:00,793,60,P,741.0,740.82,1.1,1.8181818181818195,0.47812500000009095,0.06453996922330538,13:00-14:00
2026-07-24,2026-07-24 13:18:25-04:00,798,15,C,741.0,741.15,1.06,0.9433962264150951,0.21098360655742,0.028467058835245227,13:00-14:00
2026-07-24,2026-07-24 13:18:25-04:00,798,15,P,741.0,741.15,0.89,1.1235955056179785,0.2787179487178264,0.03760614568141758,13:00-14:00
2026-07-24,2026-07-24 13:18:25-04:00,798,30,C,741.0,741.15,1.06,0.9433962264150951,0.25625000000002274,0.03457464750725531,13:00-14:00
2026-07-24,2026-07-24 13:18:25-04:00,798,30,P,741.0,741.15,0.89,1.1235955056179785,0.29285714285708764,0.039513882865423684,13:00-14:00
2026-07-24,2026-07-24 13:18:25-04:00,798,60,C,741.0,741.15,1.06,0.9433962264150951,0.3640540540541224,0.04912015840978512,13:00-14:00
2026-07-24,2026-07-24 13:18:25-04:00,798,60,P,741.0,741.15,0.89,1.1235955056179785,0.4726086956520703,0.06376694267720033,13:00-14:00
2026-07-24,2026-07-24 13:23:26-04:00,803,15,C,741.0,741.0,0.95,1.0526315789473695,0.2163157894736969,0.029192414233967193,13:00-14:00
2026-07-24,2026-07-24 13:23:26-04:00,803,15,P,741.0,741.0,0.94,1.0638297872340319,0.23857142857139024,0.03219587430113229,13:00-14:00
2026-07-24,2026-07-24 13:23:26-04:00,803,30,C,741.0,741.0,0.95,1.0526315789473695,0.2943283582088725,0.03972042620902463,13:00-14:00
2026-07-24,2026-07-24 13:23:26-04:00,803,30,P,741.0,741.0,0.94,1.0638297872340319,0.2474074074074224,0.0333883140900705,13:00-14:00
2026-07-24,2026-07-24 13:23:26-04:00,803,60,C,741.0,741.0,0.95,1.0526315789473695,0.1348387096774104,0.018196856906533117,13:00-14:00
2026-07-24,2026-07-24 13:23:26-04:00,803,60,P,741.0,741.0,0.94,1.0638297872340319,0.27084745762715556,0.036551613714865795,13:00-14:00
2026-07-24,2026-07-24 13:28:29-04:00,808,15,C,742.0,741.71,0.73,1.3698630136986314,0.10102040816320823,0.013619933419154148,13:00-14:00
2026-07-24,2026-07-24 13:28:29-04:00,808,15,P,742.0,741.71,1.03,0.9708737864077678,0.09705882352943718,0.013085818383119707,13:00-14:00
2026-07-24,2026-07-24 13:28:29-04:00,808,30,C,742.0,741.71,0.73,1.3698630136986314,0.19451612903230853,0.026225361533794678,13:00-14:00
2026-07-24,2026-07-24 13:28:29-04:00,808,30,P,742.0,741.71,1.03,0.9708737864077678,0.21426229508199413,0.0288876103978636,13:00-14:00
2026-07-24,2026-07-24 13:28:29-04:00,808,60,C,742.0,741.71,0.73,1.3698630136986314,-0.12224489795914906,-0.016481495188031582,13:00-14:00
2026-07-24,2026-07-24 13:28:29-04:00,808,60,P,742.0,741.71,1.03,0.9708737864077678,-0.07000000000005002,-0.009437650833890606,13:00-14:00
2026-07-24,2026-07-24 13:33:26-04:00,813,15,C,742.0,741.82,0.74,1.3513513513513526,0.04363636363632395,0.005882338523674738,13:00-14:00
2026-07-24,2026-07-24 13:33:26-04:00,813,15,P,742.0,741.82,0.92,1.0869565217391313,0.01642857142860521,0.0022146304263305394,13:00-14:00
2026-07-24,2026-07-24 13:33:26-04:00,813,30,C,742.0,741.82,0.74,1.3513513513513526,0.10064516129034473,0.013567329175587705,13:00-14:00
2026-07-24,2026-07-24 13:33:26-04:00,813,30,P,742.0,741.82,0.92,1.0869565217391313,0.1439344262295208,0.019402877548397292,13:00-14:00
2026-07-24,2026-07-24 13:33:26-04:00,813,60,C,742.0,741.82,0.74,1.3513513513513526,-0.3000000000000682,-0.04044107735030981,13:00-14:00
2026-07-24,2026-07-24 13:33:26-04:00,813,60,P,742.0,741.82,0.92,1.0869565217391313,-0.2999999999999545,-0.04044107735029448,13:00-14:00
2026-07-24,2026-07-24 13:38:29-04:00,818,15,C,742.0,741.69,0.66,1.5151515151515165,0.08074468085101216,0.010886580761640598,13:00-14:00
2026-07-24,2026-07-24 13:38:29-04:00,818,15,P,742.0,741.69,0.98,1.020408163265307,0.09990566037743065,0.013470002342950645,13:00-14:00
2026-07-24,2026-07-24 13:38:29-04:00,818,30,C,742.0,741.69,0.66,1.5151515151515165,0.11793103448269449,0.015900313403537123,13:00-14:00
2026-07-24,2026-07-24 13:38:29-04:00,818,30,P,742.0,741.69,0.98,1.020408163265307,0.1606250000000955,0.021656622038870078,13:00-14:00
2026-07-24,2026-07-24 13:38:29-04:00,818,60,C,742.0,741.69,0.66,1.5151515151515165,-0.3307843137255304,-0.0445987290816285,13:00-14:00
2026-07-24,2026-07-24 13:38:29-04:00,818,60,P,742.0,741.69,0.98,1.020408163265307,-0.2758333333333667,-0.03718984121848301,13:00-14:00
2026-07-24,2026-07-24 13:43:29-04:00,823,15,C,741.0,741.26,0.96,1.0416666666666676,0.015483870967727853,0.0020888582909812823,13:00-14:00
2026-07-24,2026-07-24 13:43:29-04:00,823,15,P,741.0,741.26,0.71,1.4084507042253533,0.13052631578943874,0.01760870892661667,13:00-14:00
2026-07-24,2026-07-24 13:43:29-04:00,823,30,C,741.0,741.26,0.96,1.0416666666666676,0.0651724137931069,0.00879211259114304,13:00-14:00
2026-07-24,2026-07-24 13:43:29-04:00,823,30,P,741.0,741.26,0.71,1.4084507042253533,0.16142857142858702,0.02177759105153212,13:00-14:00
2026-07-24,2026-07-24 13:43:29-04:00,823,60,C,741.0,741.26,0.96,1.0416666666666676,-0.2408196721311242,-0.032487881732607214,13:00-14:00
2026-07-24,2026-07-24 13:43:29-04:00,823,60,P,741.0,741.26,0.71,1.4084507042253533,-0.31526315789471937,-0.0425307122864743,13:00-14:00
2026-07-24,2026-07-24 13:48:27-04:00,828,15,C,741.0,741.0,0.81,1.234567901234569,0.03354838709685737,0.004527447651397756,13:00-14:00
2026-07-24,2026-07-24 13:48:27-04:00,828,15,P,741.0,741.0,0.82,1.2195121951219388,0.15999999999996817,0.021592442645069928,13:00-14:00
2026-07-24,2026-07-24 13:48:27-04:00,828,30,C,741.0,741.0,0.81,1.234567901234569,0.07111111111112223,0.009596641175590044,13:00-14:00
2026-07-24,2026-07-24 13:48:27-04:00,828,30,P,741.0,741.0,0.82,1.2195121951219388,0.1704347826087087,0.023000645426276476,13:00-14:00
2026-07-24,2026-07-24 13:48:27-04:00,828,60,C,741.0,741.0,0.81,1.234567901234569,-0.14692307692314444,-0.019827675698130154,13:00-14:00
2026-07-24,2026-07-24 13:48:27-04:00,828,60,P,741.0,741.0,0.82,1.2195121951219388,-0.03869565217382842,-0.005222085313607075,13:00-14:00
2026-07-24,2026-07-24 13:53:28-04:00,833,15,C,741.0,741.16,0.87,1.1494252873563229,0.04941176470583741,0.006666814818101005,13:00-14:00
2026-07-24,2026-07-24 13:53:28-04:00,833,15,P,741.0,741.16,0.73,1.3698630136986314,0.13094339622648477,0.017667358765514164,13:00-14:00
2026-07-24,2026-07-24 13:53:28-04:00,833,30,C,741.0,741.16,0.87,1.1494252873563229,-0.15419354838707022,-0.02080435376802178,13:00-14:00
2026-07-24,2026-07-24 13:53:28-04:00,833,30,P,741.0,741.16,0.73,1.3698630136986314,-0.09368421052636222,-0.012640214059900996,13:00-14:00
2026-07-24,2026-07-24 13:53:28-04:00,833,60,C,741.0,741.16,0.87,1.1494252873563229,-0.1576061224490104,-0.021264790659103354,13:00-14:00
2026-07-24,2026-07-24 13:53:28-04:00,833,60,P,741.0,741.16,0.73,1.3698630136986314,-0.06848431372554842,-0.009240152426675538,13:00-14:00
2026-07-24,2026-07-24 13:58:28-04:00,838,15,C,741.0,741.175,0.86,1.1627906976744196,-0.0222413793103442,-0.003000826972084083,13:00-14:00
2026-07-24,2026-07-24 13:58:28-04:00,838,15,P,741.0,741.175,0.68,1.4705882352941189,0.0049999999999954525,0.0006746045131035792,13:00-14:00
2026-07-24,2026-07-24 13:58:28-04:00,838,30,C,741.0,741.175,0.86,1.1627906976744196,-0.32193877551014793,-0.04343627018047667,13:00-14:00
2026-07-24,2026-07-24 13:58:28-04:00,838,30,P,741.0,741.175,0.68,1.4705882352941189,-0.4492424242424704,-0.06061219337436778,13:00-14:00
2026-07-24,2026-07-24 13:58:28-04:00,838,60,C,741.0,741.175,0.86,1.1627906976744196,-0.09122641509429741,-0.012308350267385896,13:00-14:00
2026-07-24,2026-07-24 13:58:28-04:00,838,60,P,741.0,741.175,0.68,1.4705882352941189,-0.10934782608705973,-0.014753307395292575,13:00-14:00
2026-07-24,2026-07-24 14:03:29-04:00,843,15,C,741.0,740.84,0.7,1.42857142857143,-0.1350000000001046,-0.01822255817721837,14:00-15:00
2026-07-24,2026-07-24 14:03:29-04:00,843,15,P,741.0,740.84,0.83,1.204819277108435,-0.15052631578942055,-0.020318329975355078,14:00-15:00
2026-07-24,2026-07-24 14:03:29-04:00,843,30,C,741.0,740.84,0.7,1.42857142857143,-0.42000000000007276,-0.05669240321797861,14:00-15:00
2026-07-24,2026-07-24 14:03:29-04:00,843,30,P,741.0,740.84,0.83,1.204819277108435,-0.4942857142856383,-0.06671963099800743,14:00-15:00
2026-07-24,2026-07-24 14:03:29-04:00,843,60,C,741.0,740.84,0.7,1.42857142857143,-0.029387755102106894,-0.00396681538552277,14:00-15:00
2026-07-24,2026-07-24 14:03:29-04:00,843,60,P,741.0,740.84,0.83,1.204819277108435,-0.08705882352933259,-0.011751366493349789,14:00-15:00
2026-07-24,2026-07-24 14:08:28-04:00,848,15,C,741.0,741.18,0.86,1.1627906976744196,-0.19032258064510188,-0.025678321142651162,14:00-15:00
2026-07-24,2026-07-24 14:08:28-04:00,848,15,P,741.0,741.18,0.66,1.5151515151515165,-0.25789473684210407,-0.034795155946207953,14:00-15:00
2026-07-24,2026-07-24 14:08:28-04:00,848,30,C,741.0,741.18,0.86,1.1627906976744196,-0.4286274509803434,-0.05783041244776483,14:00-15:00
2026-07-24,2026-07-24 14:08:28-04:00,848,30,P,741.0,741.18,0.66,1.5151515151515165,-0.5945454545455959,-0.08021606823519199,14:00-15:00
2026-07-24,2026-07-24 14:08:28-04:00,848,60,C,741.0,741.18,0.86,1.1627906976744196,-0.08645161290314718,-0.011664050959705765,14:00-15:00
2026-07-24,2026-07-24 14:08:28-04:00,848,60,P,741.0,741.18,0.66,1.5151515151515165,-0.22000000000002728,-0.029682398337789375,14:00-15:00
2026-07-24,2026-07-24 14:13:30-04:00,853,15,C,741.0,740.67,0.59,1.6949152542372898,-0.3679591836734062,-0.04967923416277239,14:00-15:00
2026-07-24,2026-07-24 14:13:30-04:00,853,15,P,741.0,740.67,0.9,1.111111111111112,-0.37000000000011823,-0.04995477068061596,14:00-15:00
2026-07-24,2026-07-24 14:13:30-04:00,853,30,C,741.0,740.67,0.59,1.6949152542372898,-0.47272727272718384,-0.06382427703662683,14:00-15:00
2026-07-24,2026-07-24 14:13:30-04:00,853,30,P,741.0,740.67,0.9,1.111111111111112,-0.4052631578947512,-0.054715751670075904,14:00-15:00
2026-07-24,2026-07-24 14:13:30-04:00,853,60,C,741.0,740.67,0.59,1.6949152542372898,-0.13999999999987267,-0.018901805122372,14:00-15:00
2026-07-24,2026-07-24 14:13:30-04:00,853,60,P,741.0,740.67,0.9,1.111111111111112,-0.07666666666671063,-0.01035098851940954,14:00-15:00
2026-07-24,2026-07-24 14:18:27-04:00,858,15,C,740.0,740.46,1.03,0.9708737864077678,-0.4014035087719776,-0.05421001928152468,14:00-15:00
2026-07-24,2026-07-24 14:18:27-04:00,858,15,P,740.0,740.46,0.54,1.8518518518518534,-0.7462068965517119,-0.10077612518592657,14:00-15:00
2026-07-24,2026-07-24 14:18:27-04:00,858,30,C,740.0,740.46,1.03,0.9708737864077678,-0.18384615384627523,-0.024828640824119494,14:00-15:00
2026-07-24,2026-07-24 14:18:27-04:00,858,30,P,740.0,740.46,0.54,1.8518518518518534,-0.3271428571428032,-0.04418103032477152,14:00-15:00
2026-07-24,2026-07-24 14:18:27-04:00,858,60,C,740.0,740.46,1.03,0.9708737864077678,-0.04000000000007731,-0.005402047375965927,14:00-15:00
2026-07-24,2026-07-24 14:18:27-04:00,858,60,P,740.0,740.46,0.54,1.8518518518518534,-0.09372093023250727,-0.012657122630865578,14:00-15:00
2026-07-24,2026-07-24 14:23:28-04:00,863,15,C,740.0,739.78,0.74,1.3513513513513526,-0.26392156862732463,-0.03567568312570286,14:00-15:00
2026-07-24,2026-07-24 14:23:28-04:00,863,15,P,740.0,739.78,0.92,1.0869565217391313,-0.31083333333344854,-0.04201699604388447,14:00-15:00
2026-07-24,2026-07-24 14:23:28-04:00,863,30,C,740.0,739.78,0.74,1.3513513513513526,-0.042912244897934215,-0.005800676538691802,14:00-15:00
2026-07-24,2026-07-24 14:23:28-04:00,863,30,P,740.0,739.78,0.92,1.0869565217391313,-0.0759352941176985,-0.0102645778633781,14:00-15:00
2026-07-24,2026-07-24 14:23:28-04:00,863,60,C,740.0,739.78,0.74,1.3513513513513526,0.24338983050859042,0.03290029880621136,14:00-15:00
2026-07-24,2026-07-24 14:23:28-04:00,863,60,P,740.0,739.78,0.92,1.0869565217391313,0.1374193548385847,0.018575705593363526,14:00-15:00
2026-07-24,2026-07-24 14:28:31-04:00,868,15,C,739.0,739.2,1.04,0.9615384615384623,-0.04967213114753122,-0.006719714711516668,14:00-15:00
2026-07-24,2026-07-24 14:28:31-04:00,868,15,P,739.0,739.2,0.83,1.204819277108435,-0.05947368421050214,-0.00804568238778438,14:00-15:00
2026-07-24,2026-07-24 14:28:31-04:00,868,30,C,739.0,739.2,1.04,0.9615384615384623,0.24176470588224674,0.03270626432389701,14:00-15:00
2026-07-24,2026-07-24 14:28:31-04:00,868,30,P,739.0,739.2,0.83,1.204819277108435,0.27294117647068106,0.036923860453284774,14:00-15:00
2026-07-24,2026-07-24 14:28:31-04:00,868,60,C,739.0,739.2,1.04,0.9615384615384623,0.42298701298693686,0.057222269072908116,14:00-15:00
2026-07-24,2026-07-24 14:28:31-04:00,868,60,P,739.0,739.2,0.83,1.204819277108435,0.478888888888946,0.06478475228476001,14:00-15:00
2026-07-24,2026-07-24 14:33:29-04:00,873,15,C,739.0,738.62,0.79,1.2658227848101276,0.21912857142854136,0.02966729460731382,14:00-15:00
2026-07-24,2026-07-24 14:33:29-04:00,873,15,P,739.0,738.62,1.15,1.7391304347826104,0.21504509803924066,0.02911444288527804,14:00-15:00
2026-07-24,2026-07-24 14:33:29-04:00,873,30,C,739.0,738.62,0.79,1.2658227848101276,0.37428571428563373,0.050673650088764684,14:00-15:00
2026-07-24,2026-07-24 14:33:29-04:00,873,30,P,739.0,738.62,1.15,1.7391304347826104,0.32039215686279476,0.04337712989937921,14:00-15:00
2026-07-24,2026-07-24 14:33:29-04:00,873,60,C,739.0,738.62,0.79,1.2658227848101276,0.6097058823529551,0.08254662510532548,14:00-15:00
2026-07-24,2026-07-24 14:33:29-04:00,873,60,P,739.0,738.62,1.15,1.7391304347826104,0.4682911392404776,0.06340082034611541,14:00-15:00
2026-07-24,2026-07-24 14:38:29-04:00,878,15,C,738.0,738.32,1.16,0.8620689655172422,0.18650597014914183,0.025260858455566935,14:00-15:00
2026-07-24,2026-07-24 14:38:29-04:00,878,15,P,738.0,738.32,0.82,1.2195121951219388,0.26798627450989443,0.03629676488648478,14:00-15:00
2026-07-24,2026-07-24 14:38:29-04:00,878,30,C,738.0,738.32,1.16,0.8620689655172422,0.25741935483858924,0.03486555353215262,14:00-15:00
2026-07-24,2026-07-24 14:38:29-04:00,878,30,P,738.0,738.32,0.82,1.2195121951219388,0.3410526315790321,0.04619306419696501,14:00-15:00
2026-07-24,2026-07-24 14:38:29-04:00,878,60,C,738.0,738.32,1.16,0.8620689655172422,0.5394594594594082,0.07306580608129377,14:00-15:00
2026-07-24,2026-07-24 14:38:29-04:00,878,60,P,738.0,738.32,0.82,1.2195121951219388,0.6847058823530006,0.0927383630882274,14:00-15:00
2026-07-24,2026-07-24 14:43:31-04:00,883,15,C,738.0,737.97,0.95,2.105263157894727,0.33941176470580103,0.04599262364402361,14:00-15:00
2026-07-24,2026-07-24 14:43:31-04:00,883,15,P,738.0,737.97,0.96,2.0833333333333353,0.29784313725497213,0.04035978932137785,14:00-15:00
2026-07-24,2026-07-24 14:43:31-04:00,883,30,C,738.0,737.97,0.95,2.105263157894727,0.3071428571428214,0.04161996519408938,14:00-15:00
2026-07-24,2026-07-24 14:43:31-04:00,883,30,P,738.0,737.97,0.96,2.0833333333333353,0.36153846153854374,0.048990942929732065,14:00-15:00
2026-07-24,2026-07-24 14:43:31-04:00,883,60,C,738.0,737.97,0.95,2.105263157894727,0.6790983606556438,0.09202248880789785,14:00-15:00
2026-07-24,2026-07-24 14:43:31-04:00,883,60,P,738.0,737.97,0.96,2.0833333333333353,0.5602941176471177,0.07592369847651229,14:00-15:00
2026-07-24,2026-07-24 14:48:28-04:00,888,15,C,738.0,738.43,1.12,0.8928571428571435,0.12941176470587834,0.017525258278493338,14:00-15:00
2026-07-24,2026-07-24 14:48:28-04:00,888,15,P,738.0,738.43,0.65,1.5384615384615397,0.14999999999997726,0.02031336755006937,14:00-15:00
2026-07-24,2026-07-24 14:48:28-04:00,888,30,C,738.0,738.43,1.12,0.8928571428571435,0.15071428571434353,0.020410097871747294,14:00-15:00
2026-07-24,2026-07-24 14:48:28-04:00,888,30,P,738.0,738.43,0.65,1.5384615384615397,0.13209302325583394,0.017888360881306818,14:00-15:00
2026-07-24,2026-07-24 14:48:28-04:00,888,60,C,738.0,738.43,1.12,0.8928571428571435,0.4443750000000364,0.06017835136709457,14:00-15:00
2026-07-24,2026-07-24 14:48:28-04:00,888,60,P,738.0,738.43,0.65,1.5384615384615397,0.6476923076922958,0.08771207937005482,14:00-15:00
2026-07-24,2026-07-24 14:53:31-04:00,893,15,C,738.0,738.2677,1.01,0.990099009900991,0.062300000000050204,0.00843867339720405,14:00-15:00
2026-07-24,2026-07-24 14:53:31-04:00,893,15,P,738.0,738.2677,0.72,1.3888888888888902,0.10436666666657857,0.014136696846764196,14:00-15:00
2026-07-24,2026-07-24 14:53:31-04:00,893,30,C,738.0,738.2677,1.01,0.990099009900991,0.21331694915261323,0.028894254638610523,14:00-15:00
2026-07-24,2026-07-24 14:53:31-04:00,893,30,P,738.0,738.2677,0.72,1.3888888888888902,0.22818780487796175,0.030908545081677247,14:00-15:00
2026-07-24,2026-07-24 14:58:30-04:00,898,15,C,738.0,738.48,1.08,0.9259259259259267,-0.03333333333330302,-0.004513776044483671,14:00-15:00
2026-07-24,2026-07-24 14:58:30-04:00,898,15,P,738.0,738.48,0.6,1.6666666666666683,0.008974358974342067,0.0012152473965905733,14:00-15:00
2026-07-24,2026-07-24 14:58:30-04:00,898,30,C,738.0,738.48,1.08,0.9259259259259267,0.1949350649350663,0.026396796790037143,14:00-15:00
2026-07-24,2026-07-24 14:58:30-04:00,898,30,P,738.0,738.48,0.6,1.6666666666666683,0.2477777777777419,0.03355240193068761,14:00-15:00
2026-07-24,2026-07-24 15:03:30-04:00,903,15,C,738.0,738.28,0.94,1.0638297872340319,-0.02071428571434808,-0.002805749270513637,15:00-16:00
2026-07-24,2026-07-24 15:03:30-04:00,903,15,P,738.0,738.28,0.66,1.5151515151515165,0.005348837209339763,0.0007244998116351199,15:00-16:00
2026-07-24,2026-07-24 15:03:30-04:00,903,30,C,738.0,738.28,0.94,1.0638297872340319,0.17029411764713132,0.023066332238057555,15:00-16:00
2026-07-24,2026-07-24 15:03:30-04:00,903,30,P,738.0,738.28,0.66,1.5151515151515165,0.25018518518515975,0.03388757452256051,15:00-16:00
2026-07-24,2026-07-24 15:08:30-04:00,908,15,C,738.0,737.9,0.75,1.3333333333333344,0.14033898305092407,0.01901869942416643,15:00-16:00
2026-07-24,2026-07-24 15:08:30-04:00,908,15,P,738.0,737.9,0.86,1.1627906976744196,0.16064516129029016,0.021770586975239214,15:00-16:00
2026-07-24,2026-07-24 15:08:30-04:00,908,30,C,738.0,737.9,0.75,1.3333333333333344,0.35416666666662877,0.04799656683380252,15:00-16:00
2026-07-24,2026-07-24 15:08:30-04:00,908,30,P,738.0,737.9,0.86,1.1627906976744196,0.34313725490198976,0.04650186406044041,15:00-16:00
2026-07-24,2026-07-24 15:13:30-04:00,913,15,C,738.0,737.83,0.72,1.3888888888888902,0.21636363636355327,0.02932432082777242,15:00-16:00
2026-07-24,2026-07-24 15:13:30-04:00,913,15,P,738.0,737.83,0.86,1.1627906976744196,0.17555555555554747,0.02379349654467119,15:00-16:00
2026-07-24,2026-07-24 15:13:30-04:00,913,30,C,738.0,737.83,0.72,1.3888888888888902,0.4420491803277855,0.059912063798949006,15:00-16:00
2026-07-24,2026-07-24 15:13:30-04:00,913,30,P,738.0,737.83,0.86,1.1627906976744196,0.2732352941177396,0.03703228306218771,15:00-16:00
2026-07-24,2026-07-24 15:18:32-04:00,918,15,C,738.0,737.67,0.62,1.6129032258064528,0.3133333333333894,0.04247608460875316,15:00-16:00
2026-07-24,2026-07-24 15:18:32-04:00,918,15,P,738.0,737.67,0.93,1.0752688172043021,0.25039215686274474,0.03394365459660075,15:00-16:00
2026-07-24,2026-07-24 15:18:32-04:00,918,30,C,738.0,737.67,0.62,1.6129032258064528,0.4231250000000273,0.05735965946832964,15:00-16:00
2026-07-24,2026-07-24 15:18:32-04:00,918,30,P,738.0,737.67,0.93,1.0752688172043021,0.3184615384615199,0.043171274209540846,15:00-16:00
2026-07-24,2026-07-24 15:23:32-04:00,923,15,C,738.0,737.82,0.63,1.5873015873015885,0.184166666666556,0.024960920911137673,15:00-16:00
2026-07-24,2026-07-24 15:23:32-04:00,923,15,P,738.0,737.82,0.82,1.2195121951219388,0.18470588235300056,0.025034003192242086,15:00-16:00
2026-07-24,2026-07-24 15:28:31-04:00,928,15,C,738.0,737.61,0.49,2.040816326530614,0.28499999999996817,0.038638304795212665,15:00-16:00
2026-07-24,2026-07-24 15:28:31-04:00,928,15,P,738.0,737.61,0.89,1.1235955056179785,0.09735294117649573,0.013198430224169375,15:00-16:00
2026-07-24,2026-07-24 15:33:31-04:00,933,15,C,738.0,738.215,0.79,1.2658227848101276,0.14374999999995453,0.01947264685761662,15:00-16:00
2026-07-24,2026-07-24 15:33:31-04:00,933,15,P,738.0,738.215,0.57,1.7543859649122628,0.29722222222221717,0.04026228432397298,15:00-16:00
2026-07-27,2026-07-27 09:32:05-04:00,572,15,C,745.0,744.81,1.27,1.5748031496063006,-0.15490566037726694,-0.020798010281449893,09:30-10:00
2026-07-27,2026-07-27 09:32:05-04:00,572,15,P,745.0,744.81,1.48,1.3513513513513526,-0.10391304347831465,-0.01395161765796843,09:30-10:00
2026-07-27,2026-07-27 09:32:05-04:00,572,30,C,745.0,744.81,1.27,1.5748031496063006,-0.5877777777777737,-0.07891647235909477,09:30-10:00
2026-07-27,2026-07-27 09:32:05-04:00,572,30,P,745.0,744.81,1.48,1.3513513513513526,-0.5233333333333121,-0.07026400469023135,09:30-10:00
2026-07-27,2026-07-27 09:32:05-04:00,572,60,C,745.0,744.81,1.27,1.5748031496063006,-1.2099999999999227,-0.16245753950670946,09:30-10:00
2026-07-27,2026-07-27 09:32:05-04:00,572,60,P,745.0,744.81,1.48,1.3513513513513526,-1.216829268292713,-0.16337445365834416,09:30-10:00
2026-07-27,2026-07-27 09:37:06-04:00,577,15,C,745.0,745.35,1.54,0.6493506493506499,0.012622950819604739,0.0016935601824115839,09:30-10:00
2026-07-27,2026-07-27 09:37:06-04:00,577,15,P,745.0,745.35,1.22,0.8196721311475417,0.16684210526318566,0.022384397298341137,09:30-10:00
2026-07-27,2026-07-27 09:37:06-04:00,577,30,C,745.0,745.35,1.54,0.6493506493506499,-0.2364912280701219,-0.03172888281614301,09:30-10:00
2026-07-27,2026-07-27 09:37:06-04:00,577,30,P,745.0,745.35,1.22,0.8196721311475417,-0.39125000000001364,-0.05249211779700995,09:30-10:00
2026-07-27,2026-07-27 09:37:06-04:00,577,60,C,745.0,745.35,1.54,0.6493506493506499,-1.3366666666667015,-0.17933409360256275,09:30-10:00
2026-07-27,2026-07-27 09:37:06-04:00,577,60,P,745.0,745.35,1.22,0.8196721311475417,-1.7751612903225578,-0.23816479376434666,09:30-10:00
2026-07-27,2026-07-27 09:42:04-04:00,582,15,C,745.0,744.65,1.15,0.8695652173913052,-0.15086956521736283,-0.02026046669138022,09:30-10:00
2026-07-27,2026-07-27 09:42:04-04:00,582,15,P,745.0,744.65,1.43,1.3986013986014,-0.2599999999999909,-0.03491573222319089,09:30-10:00
2026-07-27,2026-07-27 09:42:04-04:00,582,30,C,745.0,744.65,1.15,0.8695652173913052,-0.5707843137255395,-0.07665135482784388,09:30-10:00
2026-07-27,2026-07-27 09:42:04-04:00,582,30,P,745.0,744.65,1.43,1.3986013986014,-0.7233333333333576,-0.09713735759529411,09:30-10:00
2026-07-27,2026-07-27 09:42:04-04:00,582,60,C,745.0,744.65,1.15,0.8695652173913052,-1.7470588235294144,-0.2346147617712233,09:30-10:00
2026-07-27,2026-07-27 09:42:04-04:00,582,60,P,745.0,744.65,1.43,1.3986013986014,-2.0764705882352246,-0.27885188856982807,09:30-10:00
2026-07-27,2026-07-27 09:47:06-04:00,587,15,C,743.0,743.24,1.59,0.6289308176100634,-0.39555555555557476,-0.05322043425482681,09:30-10:00
2026-07-27,2026-07-27 09:47:06-04:00,587,15,P,743.0,743.24,1.34,0.7462686567164185,-0.4655555555555111,-0.06263865717070005,09:30-10:00
2026-07-27,2026-07-27 09:47:06-04:00,587,30,C,743.0,743.24,1.59,0.6289308176100634,-0.25750000000005,-0.03464560572628626,09:30-10:00
2026-07-27,2026-07-27 09:47:06-04:00,587,30,P,743.0,743.24,1.34,0.7462686567164185,-0.15499999999997272,-0.020854636456591774,09:30-10:00
2026-07-27,2026-07-27 09:47:06-04:00,587,60,C,743.0,743.24,1.59,0.6289308176100634,-1.0434782608696196,-0.14039586955352507,09:30-10:00
2026-07-27,2026-07-27 09:47:06-04:00,587,60,P,743.0,743.24,1.34,0.7462686567164185,-1.418918918918962,-0.19090992397058312,09:30-10:00
2026-07-27,2026-07-27 09:52:06-04:00,592,15,C,744.0,743.92,1.28,0.7812500000000007,-0.2766666666666424,-0.037190378893784605,09:30-10:00
2026-07-27,2026-07-27 09:52:06-04:00,592,15,P,744.0,743.92,1.33,0.7518796992481209,-0.5574418604652465,-0.07493303856130316,09:30-10:00
2026-07-27,2026-07-27 09:52:06-04:00,592,30,C,744.0,743.92,1.28,0.7812500000000007,-0.5145652173912367,-0.06916942915787139,09:30-10:00
2026-07-27,2026-07-27 09:52:06-04:00,592,30,P,744.0,743.92,1.33,0.7518796992481209,-0.6224418604651873,-0.08367053721706466,09:30-10:00
2026-07-27,2026-07-27 09:52:06-04:00,592,60,C,744.0,743.92,1.28,0.7812500000000007,-1.0377777777778192,-0.13950126058955523,09:30-10:00
2026-07-27,2026-07-27 09:52:06-04:00,592,60,P,744.0,743.92,1.33,0.7518796992481209,-1.371578947368448,-0.18437183398328424,09:30-10:00
2026-07-27,2026-07-27 09:57:06-04:00,597,15,C,743.0,742.76,1.29,1.5503875968992262,-0.4062745098038931,-0.05469795220581253,09:30-10:00
2026-07-27,2026-07-27 09:57:06-04:00,597,15,P,743.0,742.76,1.5,0.6666666666666672,-0.43384615384616154,-0.0584100050953419,09:30-10:00
2026-07-27,2026-07-27 09:57:06-04:00,597,30,C,743.0,742.76,1.29,1.5503875968992262,-0.5322727272726979,-0.07166146901727313,09:30-10:00
2026-07-27,2026-07-27 09:57:06-04:00,597,30,P,743.0,742.76,1.5,0.6666666666666672,-0.5645652173913049,-0.07600910353159904,09:30-10:00
2026-07-27,2026-07-27 09:57:06-04:00,597,60,C,743.0,742.76,1.29,1.5503875968992262,-0.5799999999999272,-0.07808713447142109,09:30-10:00
2026-07-27,2026-07-27 09:57:06-04:00,597,60,P,743.0,742.76,1.5,0.6666666666666672,-0.7400000000000091,-0.09962841294630959,09:30-10:00
2026-07-27,2026-07-27 10:02:06-04:00,602,15,C,741.0,741.4,1.9,0.5263157894736847,0.06687499999998181,0.00902009711356647,10:00-10:30
2026-07-27,2026-07-27 10:02:06-04:00,602,15,P,741.0,741.4,1.46,0.6849315068493157,0.30500000000006366,0.0411383868357248,10:00-10:30
2026-07-27,2026-07-27 10:02:06-04:00,602,30,C,741.0,741.4,1.9,0.5263157894736847,-0.47647058823520183,-0.06426633237593767,10:00-10:30
2026-07-27,2026-07-27 10:02:06-04:00,602,30,P,741.0,741.4,1.46,0.6849315068493157,-0.6756097560976286,-0.09112621474205942,10:00-10:30
2026-07-27,2026-07-27 10:02:06-04:00,602,60,C,741.0,741.4,1.9,0.5263157894736847,0.17964912280706358,0.024231065930275637,10:00-10:30
2026-07-27,2026-07-27 10:02:06-04:00,602,60,P,741.0,741.4,1.46,0.6849315068493157,0.08909090909082806,0.012016577972865938,10:00-10:30
2026-07-27,2026-07-27 10:07:06-04:00,607,15,C,742.0,741.71,1.32,0.7575757575757582,-0.21760869565218854,-0.02933878411403224,10:00-10:30
2026-07-27,2026-07-27 10:07:06-04:00,607,15,P,742.0,741.71,1.67,0.5988023952095813,-0.04613207547163256,-0.00621969172205209,10:00-10:30
2026-07-27,2026-07-27 10:07:06-04:00,607,30,C,742.0,741.71,1.32,0.7575757575757582,-1.1855555555555384,-0.15984084825006248,10:00-10:30
2026-07-27,2026-07-27 10:07:06-04:00,607,30,P,742.0,741.71,1.67,0.5988023952095813,-1.1121052631579005,-0.14993801663155418,10:00-10:30
2026-07-27,2026-07-27 10:07:06-04:00,607,60,C,742.0,741.71,1.32,0.7575757575757582,-0.10083333333341216,-0.013594711320248094,10:00-10:30
2026-07-27,2026-07-27 10:07:06-04:00,607,60,P,742.0,741.71,1.67,0.5988023952095813,0.02230769230777696,0.0030076030130073692,10:00-10:30
2026-07-27,2026-07-27 10:12:07-04:00,612,15,C,741.0,741.04,1.65,0.6060606060606066,-0.09443396226402001,-0.012743436557273563,10:00-10:30
2026-07-27,2026-07-27 10:12:07-04:00,612,15,P,741.0,741.04,1.57,0.6369426751592362,-0.13239130434794788,-0.017865608381186966,10:00-10:30
2026-07-27,2026-07-27 10:12:07-04:00,612,30,C,741.0,741.04,1.65,0.6060606060606066,-0.9300000000000637,-0.12549929828350206,10:00-10:30
2026-07-27,2026-07-27 10:12:07-04:00,612,30,P,741.0,741.04,1.57,0.6369426751592362,-1.2747058823529187,-0.17201579973455128,10:00-10:30
2026-07-27,2026-07-27 10:12:07-04:00,612,60,C,741.0,741.04,1.65,0.6060606060606066,0.14642857142860066,0.019759874153702995,10:00-10:30
2026-07-27,2026-07-27 10:12:07-04:00,612,60,P,741.0,741.04,1.57,0.6369426751592362,0.10681818181808467,0.014414631034503491,10:00-10:30
2026-07-27,2026-07-27 10:17:07-04:00,617,15,C,741.0,740.92,1.56,0.6410256410256416,-0.6631372549019261,-0.08950186995922989,10:00-10:30
2026-07-27,2026-07-27 10:17:07-04:00,617,15,P,741.0,740.92,1.54,0.6493506493506499,-0.9604878048780847,-0.1296344821138699,10:00-10:30
2026-07-27,2026-07-27 10:17:07-04:00,617,30,C,741.0,740.92,1.56,0.6410256410256416,-0.7886956521738284,-0.10644815259053993,10:00-10:30
2026-07-27,2026-07-27 10:17:07-04:00,617,30,P,741.0,740.92,1.54,0.6493506493506499,-1.1983783783783792,-0.16174193953171453,10:00-10:30
2026-07-27,2026-07-27 10:17:07-04:00,617,60,C,741.0,740.92,1.56,0.6410256410256416,-0.03928571428559735,-0.005302288274793143,10:00-10:30
2026-07-27,2026-07-27 10:17:07-04:00,617,60,P,741.0,740.92,1.54,0.6493506493506499,-0.2545454545455641,-0.03435532237563625,10:00-10:30
2026-07-27,2026-07-27 10:22:07-04:00,622,15,C,741.0,740.775,1.46,0.6849315068493157,-0.9394444444443479,-0.12681913461501101,10:00-10:30
2026-07-27,2026-07-27 10:22:07-04:00,622,15,P,741.0,740.775,1.67,0.5988023952095813,-1.0471052631579596,-0.1413526729651999,10:00-10:30
2026-07-27,2026-07-27 10:22:07-04:00,622,30,C,741.0,740.775,1.46,0.6849315068493157,-0.49277777777774645,-0.06652192336104032,10:00-10:30
2026-07-27,2026-07-27 10:22:07-04:00,622,30,P,741.0,740.775,1.67,0.5988023952095813,-0.646904761904807,-0.08732810393234207,10:00-10:30
2026-07-27,2026-07-27 10:22:07-04:00,622,60,C,741.0,740.775,1.46,0.6849315068493157,-0.05999999999994543,-0.00809962539231824,10:00-10:30
2026-07-27,2026-07-27 10:22:07-04:00,622,60,P,741.0,740.775,1.67,0.5988023952095813,-0.08166666666670608,-0.011024490117337395,10:00-10:30
2026-07-27,2026-07-27 10:27:07-04:00,627,15,C,739.0,739.455,1.93,0.5181347150259072,-0.7850000000000819,-0.10615926594587659,10:00-10:30
2026-07-27,2026-07-27 10:27:07-04:00,627,15,P,739.0,739.455,1.46,1.3698630136986314,-1.183235294117594,-0.16001450989141922,10:00-10:30
2026-07-27,2026-07-27 10:27:07-04:00,627,30,C,739.0,739.455,1.93,0.5181347150259072,-0.049915254237362205,-0.006750276113808441,10:00-10:30
2026-07-27,2026-07-27 10:27:07-04:00,627,30,P,739.0,739.455,1.46,1.3698630136986314,-0.1449999999999818,-0.019609036384902637,10:00-10:30
2026-07-27,2026-07-27 10:27:07-04:00,627,60,C,739.0,739.455,1.93,0.5181347150259072,0.10661290322582317,0.014417767575555396,10:00-10:30
2026-07-27,2026-07-27 10:27:07-04:00,627,60,P,739.0,739.455,1.46,1.3698630136986314,0.1287837837837742,0.017416040703460547,10:00-10:30
2026-07-27,2026-07-27 10:32:07-04:00,632,15,C,738.0,738.1,2.0,0.5000000000000004,-0.0742857142856792,-0.010064451197084297,10:30-11:00
2026-07-27,2026-07-27 10:32:07-04:00,632,15,P,738.0,738.1,1.88,1.0638297872340319,-0.17488372093021098,-0.02369377061783105,10:30-11:00
2026-07-27,2026-07-27 10:32:07-04:00,632,30,C,738.0,738.1,2.0,0.5000000000000004,0.6507692307692423,0.08816816566444144,10:30-11:00
2026-07-27,2026-07-27 10:32:07-04:00,632,30,P,738.0,738.1,1.88,1.0638297872340319,0.6818867924528149,0.0923840661770512,10:30-11:00
2026-07-27,2026-07-27 10:32:07-04:00,632,60,C,738.0,738.1,2.0,0.5000000000000004,0.5880952380952067,0.07967690531028405,10:30-11:00
2026-07-27,2026-07-27 10:32:07-04:00,632,60,P,738.0,738.1,1.88,1.0638297872340319,0.7227272727272975,0.09791725683881555,10:30-11:00
2026-07-27,2026-07-27 10:37:07-04:00,637,15,C,737.0,737.48,2.31,0.4329004329004429,0.3439344262294526,0.046636441154940145,10:30-11:00
2026-07-27,2026-07-27 10:37:07-04:00,637,15,P,737.0,737.48,1.81,0.5524861878453043,0.3914285714286052,0.05307649989540126,10:30-11:00
2026-07-27,2026-07-27 10:37:07-04:00,637,30,C,737.0,737.48,2.31,0.4329004329004429,0.8117647058822968,0.11007277565253251,10:30-11:00
2026-07-27,2026-07-27 10:37:07-04:00,637,30,P,737.0,737.48,1.81,0.5524861878453043,1.0615384615384755,0.14394132200716975,10:30-11:00
2026-07-27,2026-07-27 10:37:07-04:00,637,60,C,737.0,737.48,2.31,0.4329004329004429,0.5674193548386484,0.0769403041219624,10:30-11:00
2026-07-27,2026-07-27 10:37:07-04:00,637,60,P,737.0,737.48,1.81,0.5524861878453043,0.7766666666666424,0.10531359042504779,10:30-11:00
2026-07-27,2026-07-27 10:42:08-04:00,642,15,C,737.0,737.05,2.13,0.4694835680751074,0.694067796610284,0.09416834632796744,10:30-11:00
2026-07-27,2026-07-27 10:42:08-04:00,642,15,P,737.0,737.05,2.1,0.47619047619048716,0.8299999999999272,0.1126110847296557,10:30-11:00
2026-07-27,2026-07-27 10:42:08-04:00,642,30,C,737.0,737.05,2.13,0.4694835680751074,0.9342307692307941,0.12675269916977058,10:30-11:00
2026-07-27,2026-07-27 10:42:08-04:00,642,30,P,737.0,737.05,2.1,0.47619047619048716,1.1440909090908917,0.1552256847012946,10:30-11:00
2026-07-27,2026-07-27 10:42:08-04:00,642,60,C,737.0,737.05,2.13,0.4694835680751074,0.9038095238095138,0.12262526610264078,10:30-11:00
2026-07-27,2026-07-27 10:42:08-04:00,642,60,P,737.0,737.05,2.1,0.47619047619048716,1.0682758620689583,0.14493940194952287,10:30-11:00
2026-07-27,2026-07-27 10:47:08-04:00,647,15,C,738.0,737.74,1.86,1.0752688172043021,0.7694736842105385,0.1043014726340633,10:30-11:00
2026-07-27,2026-07-27 10:47:08-04:00,647,15,P,738.0,737.74,2.12,0.47169811320755806,0.7747169811320873,0.10501219686232105,10:30-11:00
2026-07-27,2026-07-27 10:47:08-04:00,647,30,C,738.0,737.74,1.86,1.0752688172043021,0.6764285714285734,0.09168929045850481,10:30-11:00
2026-07-27,2026-07-27 10:47:08-04:00,647,30,P,738.0,737.74,2.12,0.47169811320755806,0.7521428571428714,0.10195229445914163,10:30-11:00
2026-07-27,2026-07-27 10:47:08-04:00,647,60,C,738.0,737.74,1.86,1.0752688172043021,0.7566666666666606,0.10256549281137807,10:30-11:00
2026-07-27,2026-07-27 10:47:08-04:00,647,60,P,738.0,737.74,2.12,0.47169811320755806,0.8551612903225987,0.11591635133279998,10:30-11:00
2026-07-27,2026-07-27 10:53:08-04:00,653,15,C,739.0,738.66,1.65,1.2121212121212133,0.5648275862068886,0.07646651858864546,10:30-11:00
2026-07-27,2026-07-27 10:53:08-04:00,653,15,P,739.0,738.66,2.01,0.9950248756218805,0.6261538461537839,0.08476888502880675,10:30-11:00
2026-07-27,2026-07-27 10:53:08-04:00,653,30,C,739.0,738.66,1.65,1.2121212121212133,0.3942857142857292,0.05337851166784843,10:30-11:00
2026-07-27,2026-07-27 10:53:08-04:00,653,30,P,739.0,738.66,2.01,0.9950248756218805,0.4699999999999136,0.06362873311129798,10:30-11:00
2026-07-27,2026-07-27 10:53:08-04:00,653,60,C,739.0,738.66,1.65,1.2121212121212133,0.5157894736842081,0.06982772502696885,10:30-11:00
2026-07-27,2026-07-27 10:53:08-04:00,653,60,P,739.0,738.66,2.01,0.9950248756218805,0.5924528301886767,0.08020643194279868,10:30-11:00
2026-07-27,2026-07-27 10:58:08-04:00,658,15,C,739.0,739.1,1.76,0.5681818181818187,0.28285714285709673,0.03827048340645335,10:30-11:00
2026-07-27,2026-07-27 10:58:08-04:00,658,15,P,739.0,739.1,1.67,0.5988023952095813,0.39409090909089173,0.053320377363129716,10:30-11:00
2026-07-27,2026-07-27 10:58:08-04:00,658,30,C,739.0,739.1,1.76,0.5681818181818187,0.1874193548386529,0.025357780386774845,10:30-11:00
2026-07-27,2026-07-27 10:58:08-04:00,658,30,P,739.0,739.1,1.67,0.5988023952095813,0.24490196078431836,0.03313515908325238,10:30-11:00
2026-07-27,2026-07-27 10:58:08-04:00,658,60,C,739.0,739.1,1.76,0.5681818181818187,0.4228571428570831,0.05721243983995171,10:30-11:00
2026-07-27,2026-07-27 10:58:08-04:00,658,60,P,739.0,739.1,1.67,0.5988023952095813,0.495510204081711,0.06704237641478973,10:30-11:00
2026-07-27,2026-07-27 11:03:08-04:00,663,15,C,740.0,739.72,1.42,0.7042253521126767,-0.08928571428566556,-0.012070204169910987,11:00-12:00
2026-07-27,2026-07-27 11:03:08-04:00,663,15,P,740.0,739.72,1.73,0.5780346820809253,-0.022727272727252057,-0.0030724156068853152,11:00-12:00
2026-07-27,2026-07-27 11:03:08-04:00,663,30,C,740.0,739.72,1.42,0.7042253521126767,-0.08132075471701228,-0.010993450862084609,11:00-12:00
2026-07-27,2026-07-27 11:03:08-04:00,663,30,P,740.0,739.72,1.73,0.5780346820809253,0.03595744680853841,0.004860953713369708,11:00-12:00
2026-07-27,2026-07-27 11:03:08-04:00,663,60,C,740.0,739.72,1.42,0.7042253521126767,0.2648148148147129,0.03579933147876398,11:00-12:00
2026-07-27,2026-07-27 11:03:08-04:00,663,60,P,740.0,739.72,1.73,0.5780346820809253,0.338135593220386,0.045711295249606064,11:00-12:00
2026-07-27,2026-07-27 11:08:09-04:00,668,15,C,740.0,739.88,1.46,0.6849315068493157,-0.16499999999996362,-0.02230091366166995,11:00-12:00
2026-07-27,2026-07-27 11:08:09-04:00,668,15,P,740.0,739.88,1.58,0.6329113924050638,-0.17666666666673336,-0.023877745940792203,11:00-12:00
2026-07-27,2026-07-27 11:08:09-04:00,668,30,C,740.0,739.88,1.46,0.6849315068493157,-0.3369230769230853,-0.04553752999447009,11:00-12:00
2026-07-27,2026-07-27 11:08:09-04:00,668,30,P,740.0,739.88,1.58,0.6329113924050638,-0.3025000000000091,-0.040885008379738484,11:00-12:00
2026-07-27,2026-07-27 11:08:09-04:00,668,60,C,740.0,739.88,1.46,0.6849315068493157,0.25807017543854727,0.03488000424914138,11:00-12:00
2026-07-27,2026-07-27 11:08:09-04:00,668,60,P,740.0,739.88,1.58,0.6329113924050638,0.21074074074078908,0.028483097359137843,11:00-12:00
2026-07-27,2026-07-27 11:13:09-04:00,673,15,C,740.0,739.615,1.34,0.7462686567164185,-0.15083333333336668,-0.02039349301100798,11:00-12:00
2026-07-27,2026-07-27 11:13:09-04:00,673,15,P,740.0,739.615,1.72,0.5813953488372098,-0.14205882352939625,-0.01920713121413117,11:00-12:00
2026-07-27,2026-07-27 11:13:09-04:00,673,30,C,740.0,739.615,1.34,0.7462686567164185,-0.0696153846154175,-0.009412381389698356,11:00-12:00
2026-07-27,2026-07-27 11:13:09-04:00,673,30,P,740.0,739.615,1.72,0.5813953488372098,-0.06499999999994088,-0.008788356104181348,11:00-12:00
2026-07-27,2026-07-27 11:13:09-04:00,673,60,C,740.0,739.615,1.34,0.7462686567164185,0.3149999999999409,0.04258972573567882,11:00-12:00
2026-07-27,2026-07-27 11:13:09-04:00,673,60,P,740.0,739.615,1.72,0.5813953488372098,0.2841836734694425,0.03842318956070963,11:00-12:00
2026-07-27,2026-07-27 11:18:09-04:00,678,15,C,738.0,738.47,1.9,0.5263157894736847,0.05936507936507951,0.00803892905129247,11:00-12:00
2026-07-27,2026-07-27 11:18:09-04:00,678,15,P,738.0,738.47,1.42,0.7042253521126767,0.1263829787234272,0.01711416560231657,11:00-12:00
2026-07-27,2026-07-27 11:18:09-04:00,678,30,C,738.0,738.47,1.9,0.5263157894736847,0.09333333333324845,0.012638744069934925,11:00-12:00
2026-07-27,2026-07-27 11:18:09-04:00,678,30,P,738.0,738.47,1.42,0.7042253521126767,0.19609756097565878,0.026554573777629258,11:00-12:00
2026-07-27,2026-07-27 11:18:09-04:00,678,60,C,738.0,738.47,1.9,0.5263157894736847,0.32564516129036747,0.0440972769767719,11:00-12:00
2026-07-27,2026-07-27 11:18:09-04:00,678,60,P,738.0,738.47,1.42,0.7042253521126767,0.47500000000002274,0.06432217964169469,11:00-12:00
2026-07-27,2026-07-27 11:23:09-04:00,683,15,C,739.0,738.59,1.41,1.4184397163120581,-0.14307692307693287,-0.019371630143507613,11:00-12:00
2026-07-27,2026-07-27 11:23:09-04:00,683,15,P,739.0,738.59,1.81,1.1049723756906087,-0.11333333333334394,-0.0153445529093738,11:00-12:00
2026-07-27,2026-07-27 11:23:09-04:00,683,30,C,739.0,738.59,1.41,1.4184397163120581,0.1423404255318701,0.01927191344749727,11:00-12:00
2026-07-27,2026-07-27 11:23:09-04:00,683,30,P,739.0,738.59,1.81,1.1049723756906087,0.14509433962268758,0.019644774451683285,11:00-12:00
2026-07-27,2026-07-27 11:23:09-04:00,683,60,C,739.0,738.59,1.41,1.4184397163120581,0.33856296296289656,0.045839093808865077,11:00-12:00
2026-07-27,2026-07-27 11:23:09-04:00,683,60,P,739.0,738.59,1.81,1.1049723756906087,0.45198620689654945,0.061195819994387876,11:00-12:00
2026-07-27,2026-07-27 11:28:09-04:00,688,15,C,738.0,738.11,1.66,0.6024096385542175,0.050769230769219575,0.006878274345181555,11:00-12:00
2026-07-27,2026-07-27 11:28:09-04:00,688,15,P,738.0,738.11,1.55,0.6451612903225812,0.0758333333334349,0.010273988068639483,11:00-12:00
2026-07-27,2026-07-27 11:28:09-04:00,688,30,C,738.0,738.11,1.66,0.6024096385542175,0.25076923076926505,0.033974506614090724,11:00-12:00
2026-07-27,2026-07-27 11:28:09-04:00,688,30,P,738.0,738.11,1.55,0.6451612903225812,0.2606122448979704,0.0353080495993782,11:00-12:00
2026-07-27,2026-07-27 11:28:09-04:00,688,60,C,738.0,738.11,1.66,0.6024096385542175,0.4445161290323085,0.06022356139766546,11:00-12:00
2026-07-27,2026-07-27 11:28:09-04:00,688,60,P,738.0,738.11,1.55,0.6451612903225812,0.4116666666666333,0.05577307808682084,11:00-12:00
2026-07-27,2026-07-27 11:33:09-04:00,693,15,C,737.0,737.45,1.87,1.0695187165775408,0.06333333333327573,0.008588152869113259,11:00-12:00
2026-07-27,2026-07-27 11:33:09-04:00,693,15,P,737.0,737.45,1.38,0.7246376811594049,0.07853658536589592,0.010649750541175118,11:00-12:00
2026-07-27,2026-07-27 11:33:09-04:00,693,30,C,737.0,737.45,1.87,1.0695187165775408,0.34121212121203826,0.04626918722788504,11:00-12:00
2026-07-27,2026-07-27 11:33:09-04:00,693,30,P,737.0,737.45,1.38,0.7246376811594049,0.3514285714286416,0.04765456253693696,11:00-12:00
2026-07-27,2026-07-27 11:33:09-04:00,693,60,C,737.0,737.45,1.87,1.0695187165775408,0.43925373134322854,0.05956386620696027,11:00-12:00
2026-07-27,2026-07-27 11:33:09-04:00,693,60,P,737.0,737.45,1.38,0.7246376811594049,0.4655555555556248,0.0631304570554783,11:00-12:00
2026-07-27,2026-07-27 11:38:10-04:00,698,15,C,736.0,736.37,1.91,1.0471204188481684,0.3909523809523989,0.053091839829487744,11:00-12:00
2026-07-27,2026-07-27 11:38:10-04:00,698,15,P,736.0,736.37,1.5,0.6666666666666672,0.4185714285714539,0.05684254227785677,11:00-12:00
2026-07-27,2026-07-27 11:38:10-04:00,698,30,C,736.0,736.37,1.91,1.0471204188481684,0.554492753623208,0.07530083431199099,11:00-12:00
2026-07-27,2026-07-27 11:38:10-04:00,698,30,P,736.0,736.37,1.5,0.6666666666666672,0.5525925925926458,0.07504278998229773,11:00-12:00
2026-07-27,2026-07-27 11:38:10-04:00,698,60,C,736.0,736.37,1.91,1.0471204188481684,0.6317647058823468,0.08579446553802393,11:00-12:00
2026-07-27,2026-07-27 11:38:10-04:00,698,60,P,736.0,736.37,1.5,0.6666666666666672,0.6907142857143072,0.0937998948509998,11:00-12:00
2026-07-27,2026-07-27 11:43:09-04:00,703,15,C,737.0,737.43,1.81,0.5524861878453043,0.17222222222221717,0.023354382412190608,11:00-12:00
2026-07-27,2026-07-27 11:43:09-04:00,703,15,P,737.0,737.43,1.37,0.7299270072992706,0.21326530612236638,0.02892007459994391,11:00-12:00
2026-07-27,2026-07-27 11:43:09-04:00,703,30,C,737.0,737.43,1.81,0.5524861878453043,0.32774193548391395,0.04444380286724353,11:00-12:00
2026-07-27,2026-07-27 11:43:09-04:00,703,30,P,737.0,737.43,1.37,0.7299270072992706,0.38489795918360414,0.052194507842589014,11:00-12:00
2026-07-27,2026-07-27 11:43:09-04:00,703,60,C,737.0,737.43,1.81,0.5524861878453043,0.4150000000000773,0.05627652794164562,11:00-12:00
2026-07-27,2026-07-27 11:43:09-04:00,703,60,P,737.0,737.43,1.37,0.7299270072992706,0.5224999999999227,0.07085418276987955,11:00-12:00
2026-07-27,2026-07-27 11:48:09-04:00,708,15,C,737.0,737.03,1.59,0.6289308176100634,0.2696296296296623,0.03658326386031265,11:00-12:00
2026-07-27,2026-07-27 11:48:09-04:00,708,15,P,737.0,737.03,1.53,0.6535947712418306,0.28857142857145845,0.03915328121941555,11:00-12:00
2026-07-27,2026-07-27 11:48:09-04:00,708,30,C,737.0,737.03,1.59,0.6289308176100634,0.26564516129042204,0.03604265244161324,11:00-12:00
2026-07-27,2026-07-27 11:48:09-04:00,708,30,P,737.0,737.03,1.53,0.6535947712418306,0.25499999999999545,0.03459832028546945,11:00-12:00
2026-07-27,2026-07-27 11:48:09-04:00,708,60,C,737.0,737.03,1.59,0.6289308176100634,0.57000000000005,0.07733742181458693,11:00-12:00
2026-07-27,2026-07-27 11:48:09-04:00,708,60,P,737.0,737.03,1.53,0.6535947712418306,0.5316949152542065,0.0721401998906702,11:00-12:00
2026-07-27,2026-07-27 11:53:09-04:00,713,15,C,737.0,736.86,1.48,0.6756756756756763,0.31315789473683253,0.04249896788220727,11:00-12:00
2026-07-27,2026-07-27 11:53:09-04:00,713,15,P,737.0,736.86,1.6,0.6250000000000006,0.22777777777787378,0.03091194769398173,11:00-12:00
2026-07-27,2026-07-27 11:53:09-04:00,713,30,C,737.0,736.86,1.48,0.6756756756756763,0.1981925925925907,0.026896912926823374,11:00-12:00
2026-07-27,2026-07-27 11:53:09-04:00,713,30,P,737.0,736.86,1.6,0.6250000000000006,0.35092173913039915,0.04762393658637993,11:00-12:00
2026-07-27,2026-07-27 11:53:09-04:00,713,60,C,737.0,736.86,1.48,0.6756756756756763,0.3055737704918329,0.0414697188735761,11:00-12:00
2026-07-27,2026-07-27 11:53:09-04:00,713,60,P,737.0,736.86,1.6,0.6250000000000006,0.38745098039214554,0.052581356077429295,11:00-12:00
2026-07-27,2026-07-27 11:58:10-04:00,718,15,C,737.0,737.38,1.68,0.5952380952380958,0.1680645161289931,0.022792117514577707,11:00-12:00
2026-07-27,2026-07-27 11:58:10-04:00,718,15,P,737.0,737.38,1.3,0.7692307692307698,0.19204081632653924,0.02604367033639904,11:00-12:00
2026-07-27,2026-07-27 11:58:10-04:00,718,30,C,737.0,737.38,1.68,0.5952380952380958,0.2067741935484264,0.028041741510269662,11:00-12:00
2026-07-27,2026-07-27 11:58:10-04:00,718,30,P,737.0,737.38,1.3,0.7692307692307698,0.1608333333333576,0.021811458587615285,11:00-12:00
2026-07-27,2026-07-27 11:58:10-04:00,718,60,C,737.0,737.38,1.68,0.5952380952380958,0.17906551724138353,0.024284021432827516,11:00-12:00
2026-07-27,2026-07-27 11:58:10-04:00,718,60,P,737.0,737.38,1.3,0.7692307692307698,0.31672926829264725,0.042953330479894664,11:00-12:00
2026-07-27,2026-07-27 12:03:10-04:00,723,15,C,738.0,737.67,1.26,0.7936507936507943,-0.01499999999987267,-0.002033429582316303,12:00-13:00
2026-07-27,2026-07-27 12:03:10-04:00,723,15,P,738.0,737.67,1.58,1.2658227848101276,-0.005000000000109139,-0.0006778098607926498,12:00-13:00
2026-07-27,2026-07-27 12:03:10-04:00,723,30,C,738.0,737.67,1.26,0.7936507936507943,0.1427272727273703,0.019348390571308348,12:00-13:00
2026-07-27,2026-07-27 12:03:10-04:00,723,30,P,738.0,737.67,1.58,1.2658227848101276,0.0878947368420313,0.011915183868400682,12:00-13:00
2026-07-27,2026-07-27 12:03:10-04:00,723,60,C,738.0,737.67,1.26,0.7936507936507943,0.030000000000086402,0.00406685916467884,12:00-13:00
2026-07-27,2026-07-27 12:03:10-04:00,723,60,P,738.0,737.67,1.58,1.2658227848101276,0.01901960784300627,0.002578335548823494,12:00-13:00
2026-07-27,2026-07-27 12:08:10-04:00,728,15,C,738.0,737.91,1.34,0.7462686567164185,0.030980392156948255,0.004198397115765914,12:00-13:00
2026-07-27,2026-07-27 12:08:10-04:00,728,15,P,738.0,737.91,1.46,0.6849315068493157,0.024166666666587844,0.0032750154716141323,12:00-13:00
2026-07-27,2026-07-27 12:08:10-04:00,728,30,C,738.0,737.91,1.34,0.7462686567164185,0.12298245614044845,0.01666632192820919,12:00-13:00
2026-07-27,2026-07-27 12:08:10-04:00,728,30,P,738.0,737.91,1.46,0.6849315068493157,0.1592857142856019,0.02158606256665473,12:00-13:00
2026-07-27,2026-07-27 12:08:10-04:00,728,60,C,738.0,737.91,1.34,0.7462686567164185,0.054230769230798614,0.0073492389628543615,12:00-13:00
2026-07-27,2026-07-27 12:08:10-04:00,728,60,P,738.0,737.91,1.46,0.6849315068493157,0.19416666666654692,0.02631305534096935,12:00-13:00
2026-07-27,2026-07-27 12:13:10-04:00,733,15,C,738.0,738.29,1.53,0.6535947712418306,0.02352941176479817,0.003187014826802228,12:00-13:00
2026-07-27,2026-07-27 12:13:10-04:00,733,15,P,738.0,738.29,1.25,0.0,-0.033333333333416704,-0.0045149376712967405,12:00-13:00
2026-07-27,2026-07-27 12:13:10-04:00,733,30,C,738.0,738.29,1.53,0.6535947712418306,0.19679245283020919,0.026655169761233284,12:00-13:00
2026-07-27,2026-07-27 12:13:10-04:00,733,30,P,738.0,738.29,1.25,0.0,0.2219148936169404,0.030057957390312803,12:00-13:00
2026-07-27,2026-07-27 12:13:10-04:00,733,60,C,738.0,738.29,1.53,0.6535947712418306,0.17545454545461325,0.02376499010613895,12:00-13:00
2026-07-27,2026-07-27 12:13:10-04:00,733,60,P,738.0,738.29,1.25,0.0,0.22909090909081442,0.03102993526809444,12:00-13:00
2026-07-27,2026-07-27 12:18:10-04:00,738,15,C,737.0,737.215,1.55,0.6451612903225812,0.125,0.016955704916476196,12:00-13:00
2026-07-27,2026-07-27 12:18:10-04:00,738,15,P,737.0,737.215,1.32,0.7575757575757582,0.09722222222228538,0.013187770490601165,12:00-13:00
2026-07-27,2026-07-27 12:18:10-04:00,738,30,C,737.0,737.215,1.55,0.6451612903225812,0.3095283018867576,0.0419861644007186,12:00-13:00
2026-07-27,2026-07-27 12:18:10-04:00,738,30,P,737.0,737.215,1.32,0.7575757575757582,0.29585106382978665,0.040130906700187416,12:00-13:00
2026-07-27,2026-07-27 12:18:10-04:00,738,60,C,737.0,737.215,1.55,0.6451612903225812,0.20928135593214847,0.028388103325644277,12:00-13:00
2026-07-27,2026-07-27 12:18:10-04:00,738,60,P,737.0,737.215,1.32,0.7575757575757582,0.2405230769231821,0.03262590654329905,12:00-13:00
2026-07-27,2026-07-27 12:23:09-04:00,743,15,C,737.0,737.4656,1.71,0.5847953216374274,0.2165052631579556,0.02935801522917891,12:00-13:00
2026-07-27,2026-07-27 12:23:09-04:00,743,15,P,737.0,737.4656,1.17,0.8547008547008554,0.06746046511625536,0.009147608392344722,12:00-13:00
2026-07-27,2026-07-27 12:23:09-04:00,743,30,C,737.0,737.4656,1.71,0.5847953216374274,0.07702295081969623,0.01044427710522311,12:00-13:00
2026-07-27,2026-07-27 12:23:09-04:00,743,30,P,737.0,737.4656,1.17,0.8547008547008554,0.0905999999999949,0.012285318799954183,12:00-13:00
2026-07-27,2026-07-27 12:23:09-04:00,743,60,C,737.0,737.4656,1.71,0.5847953216374274,0.3426537313432618,0.04646369014951501,12:00-13:00
2026-07-27,2026-07-27 12:23:09-04:00,743,60,P,737.0,737.4656,1.17,0.8547008547008554,0.2732666666667001,0.03705483573290742,12:00-13:00
2026-07-27,2026-07-27 12:28:11-04:00,748,15,C,739.0,739.49,1.64,1.2195121951219388,0.18462686567170294,0.024966783279246906,12:00-13:00
2026-07-27,2026-07-27 12:28:11-04:00,748,15,P,739.0,739.49,1.19,1.6806722689075646,0.29425531914887415,0.03979165629675508,12:00-13:00
2026-07-27,2026-07-27 12:28:11-04:00,748,30,C,739.0,739.49,1.64,1.2195121951219388,9.999999997489795e-05,1.3522833300639353e-05,12:00-13:00
2026-07-27,2026-07-27 12:28:11-04:00,748,30,P,739.0,739.49,1.19,1.6806722689075646,0.15843658536584826,0.021425115331626967,12:00-13:00
2026-07-27,2026-07-27 12:28:11-04:00,748,60,C,739.0,739.49,1.64,1.2195121951219388,0.2766666666666424,0.037413172141157074,12:00-13:00
2026-07-27,2026-07-27 12:28:11-04:00,748,60,P,739.0,739.49,1.19,1.6806722689075646,0.4006382978723195,0.054177649173392406,12:00-13:00
2026-07-27,2026-07-27 12:33:10-04:00,753,15,C,739.0,738.74,1.23,0.8130081300813016,0.18075471698114143,0.024467974792368282,12:00-13:00
2026-07-27,2026-07-27 12:33:10-04:00,753,15,P,739.0,738.74,1.5,0.6666666666666672,0.19084745762711464,0.025834184913110785,12:00-13:00
2026-07-27,2026-07-27 12:33:10-04:00,753,30,C,739.0,738.74,1.23,0.8130081300813016,-0.09999999999990905,-0.013536562254637497,12:00-13:00
2026-07-27,2026-07-27 12:33:10-04:00,753,30,P,739.0,738.74,1.5,0.6666666666666672,-0.06784313725495394,-0.009183628510024357,12:00-13:00
2026-07-27,2026-07-27 12:33:10-04:00,753,60,C,739.0,738.74,1.23,0.8130081300813016,0.39241379310351476,0.05311933739928997,12:00-13:00
2026-07-27,2026-07-27 12:33:10-04:00,753,60,P,739.0,738.74,1.5,0.6666666666666672,0.37999999999999545,0.05143893656766866,12:00-13:00
2026-07-27,2026-07-27 12:38:11-04:00,758,15,C,739.0,738.84,1.25,1.6000000000000014,-0.13583333333338032,-0.018384675076252008,12:00-13:00
2026-07-27,2026-07-27 12:38:11-04:00,758,15,P,739.0,738.84,1.42,0.7042253521126767,0.01450980392155543,0.001963862801358268,12:00-13:00
2026-07-27,2026-07-27 12:38:11-04:00,758,30,C,739.0,738.84,1.25,1.6000000000000014,-0.04884615384617064,-0.006611195095848984,12:00-13:00
2026-07-27,2026-07-27 12:38:11-04:00,758,30,P,739.0,738.84,1.42,0.7042253521126767,0.04083333333335304,0.0055266814646409285,12:00-13:00
2026-07-27,2026-07-27 12:38:11-04:00,758,60,C,739.0,738.84,1.25,1.6000000000000014,0.33999999999991815,0.046018082399425876,12:00-13:00
2026-07-27,2026-07-27 12:38:11-04:00,758,60,P,739.0,738.84,1.42,0.7042253521126767,0.2616949152543384,0.035419700510846516,12:00-13:00
2026-07-27,2026-07-27 12:43:09-04:00,763,15,C,738.0,738.47,1.59,1.2578616352201268,-0.06610689655178703,-0.008951873001176355,12:00-13:00
2026-07-27,2026-07-27 12:43:09-04:00,763,15,P,738.0,738.47,1.11,0.9009009009009016,-0.05668536585358197,-0.007676055337871812,12:00-13:00
2026-07-27,2026-07-27 12:43:09-04:00,763,30,C,738.0,738.47,1.59,1.2578616352201268,0.10454545454547315,0.01415703475367627,12:00-13:00
2026-07-27,2026-07-27 12:43:09-04:00,763,30,P,738.0,738.47,1.11,0.9009009009009016,0.09090909090912191,0.012310465003198766,12:00-13:00
2026-07-27,2026-07-27 12:43:09-04:00,763,60,C,738.0,738.47,1.59,1.2578616352201268,0.3078242424242035,0.041684055198478405,12:00-13:00
2026-07-27,2026-07-27 12:43:09-04:00,763,60,P,738.0,738.47,1.11,0.9009009009009016,0.37210000000004584,0.05038796430458188,12:00-13:00
2026-07-27,2026-07-27 12:48:11-04:00,768,15,C,739.0,738.6,1.07,0.9345794392523372,-0.2799999999999727,-0.03790955862442089,12:00-13:00
2026-07-27,2026-07-27 12:48:11-04:00,768,15,P,739.0,738.6,1.48,0.6756756756756763,-0.24705882352941444,-0.03344961055096323,12:00-13:00
2026-07-27,2026-07-27 12:48:11-04:00,768,30,C,739.0,738.6,1.07,0.9345794392523372,-0.10179148936174442,-0.013781680119380506,12:00-13:00
2026-07-27,2026-07-27 12:48:11-04:00,768,30,P,739.0,738.6,1.48,0.6756756756756763,-0.06678461538456304,-0.009042054614752645,12:00-13:00
2026-07-27,2026-07-27 12:48:11-04:00,768,60,C,739.0,738.6,1.07,0.9345794392523372,0.3261111111111177,0.04415260101693984,12:00-13:00
2026-07-27,2026-07-27 12:48:11-04:00,768,60,P,739.0,738.6,1.48,0.6756756756756763,0.3042982456140635,0.041199329219342475,12:00-13:00
2026-07-27,2026-07-27 12:53:12-04:00,773,15,C,737.0,737.1,1.46,1.3698630136986314,0.09500000000002728,0.012888346221683257,12:00-13:00
2026-07-27,2026-07-27 12:53:12-04:00,773,15,P,737.0,737.1,1.29,0.7751937984496131,0.029999999999972715,0.004070004070000369,12:00-13:00
2026-07-27,2026-07-27 12:53:12-04:00,773,30,C,737.0,737.1,1.46,1.3698630136986314,0.286272727272717,0.03883770550437078,12:00-13:00
2026-07-27,2026-07-27 12:53:12-04:00,773,30,P,737.0,737.1,1.29,0.7751937984496131,0.17433333333337941,0.023651245873474346,12:00-13:00
2026-07-27,2026-07-27 12:53:12-04:00,773,60,C,737.0,737.1,1.46,1.3698630136986314,0.5618749999999864,0.07622778456111604,12:00-13:00
2026-07-27,2026-07-27 12:53:12-04:00,773,60,P,737.0,737.1,1.29,0.7751937984496131,0.5138461538462025,0.06971186458366604,12:00-13:00
2026-07-27,2026-07-27 12:58:12-04:00,778,15,C,737.0,736.9901,1.36,0.7352941176470594,0.11214745762708844,0.015216955780964825,12:00-13:00
2026-07-27,2026-07-27 12:58:12-04:00,778,15,P,737.0,736.9901,1.35,1.4814814814814827,0.07331538461539822,0.009947947009789985,12:00-13:00
2026-07-27,2026-07-27 12:58:12-04:00,778,30,C,737.0,736.9901,1.36,0.7352941176470594,0.28914528301891096,0.039233265551180535,12:00-13:00
2026-07-27,2026-07-27 12:58:12-04:00,778,30,P,737.0,736.9901,1.35,1.4814814814814827,0.2411638297871832,0.03272280452440042,12:00-13:00
2026-07-27,2026-07-27 12:58:12-04:00,778,60,C,737.0,736.9901,1.36,0.7352941176470594,0.6066090909090462,0.0823089877203298,12:00-13:00
2026-07-27,2026-07-27 12:58:12-04:00,778,60,P,737.0,736.9901,1.35,1.4814814814814827,0.5746225806451548,0.07796883304743915,12:00-13:00
2026-07-27,2026-07-27 13:03:11-04:00,783,15,C,736.0,736.2,1.52,0.6578947368421059,0.17343389830500655,0.023557986729829738,13:00-14:00
2026-07-27,2026-07-27 13:03:11-04:00,783,15,P,736.0,736.2,1.31,0.7633587786259549,0.20629230769236528,0.028021231688721174,13:00-14:00
2026-07-27,2026-07-27 13:03:11-04:00,783,30,C,736.0,736.2,1.52,0.6578947368421059,0.4324137931034784,0.058735913216989726,13:00-14:00
2026-07-27,2026-07-27 13:03:11-04:00,783,30,P,736.0,736.2,1.31,0.7633587786259549,0.4945454545454595,0.06717542169864976,13:00-14:00
2026-07-27,2026-07-27 13:03:11-04:00,783,60,C,736.0,736.2,1.52,0.6578947368421059,0.7142857142856656,0.09702332440718085,13:00-14:00
2026-07-27,2026-07-27 13:03:11-04:00,783,60,P,736.0,736.2,1.31,0.7633587786259549,0.7539682539683099,0.10241350909648327,13:00-14:00
2026-07-27,2026-07-27 13:08:12-04:00,788,15,C,736.0,736.445,1.6,0.6250000000000006,0.19581818181814015,0.02658965459988731,13:00-14:00
2026-07-27,2026-07-27 13:08:12-04:00,788,15,P,736.0,736.445,1.12,0.8928571428571435,0.14155555555566934,0.01922147011055399,13:00-14:00
2026-07-27,2026-07-27 13:08:12-04:00,788,30,C,736.0,736.445,1.6,0.6250000000000006,0.35440298507455736,0.04812348309440045,13:00-14:00
2026-07-27,2026-07-27 13:08:12-04:00,788,30,P,736.0,736.445,1.12,0.8928571428571435,0.2543617021277669,0.034539130841782735,13:00-14:00
2026-07-27,2026-07-27 13:08:12-04:00,788,60,C,736.0,736.445,1.6,0.6250000000000006,0.5592857142856928,0.07594398961031615,13:00-14:00
2026-07-27,2026-07-27 13:08:12-04:00,788,60,P,736.0,736.445,1.12,0.8928571428571435,0.7708730158730077,0.10467489301618012,13:00-14:00
2026-07-27,2026-07-27 13:13:11-04:00,793,15,C,737.0,736.72,1.13,0.8849557522123707,0.12528301886788995,0.017005513474303662,13:00-14:00
2026-07-27,2026-07-27 13:13:11-04:00,793,15,P,737.0,736.72,1.41,0.7092198581560291,0.09872340425533821,0.013400396929001277,13:00-14:00
2026-07-27,2026-07-27 13:13:11-04:00,793,30,C,737.0,736.72,1.13,0.8849557522123707,0.24936226415093188,0.03384763059926863,13:00-14:00
2026-07-27,2026-07-27 13:13:11-04:00,793,30,P,737.0,736.72,1.41,0.7092198581560291,0.23378032786888525,0.031732588754056525,13:00-14:00
2026-07-27,2026-07-27 13:13:11-04:00,793,60,C,737.0,736.72,1.13,0.8849557522123707,0.6215254237288264,0.08436385923129905,13:00-14:00
2026-07-27,2026-07-27 13:13:11-04:00,793,60,P,737.0,736.72,1.41,0.7092198581560291,0.5366666666666333,0.07284540485756234,13:00-14:00
2026-07-27,2026-07-27 13:18:11-04:00,798,15,C,736.0,736.0514,1.34,0.7462686567164185,0.27066896551730224,0.03677310654083427,13:00-14:00
2026-07-27,2026-07-27 13:18:11-04:00,798,15,P,736.0,736.0514,1.29,0.7751937984496131,0.3095818181817549,0.042059809706462746,13:00-14:00
2026-07-27,2026-07-27 13:18:11-04:00,798,30,C,736.0,736.0514,1.34,0.7462686567164185,0.35343050847461654,0.04801709615315134,13:00-14:00
2026-07-27,2026-07-27 13:18:11-04:00,798,30,P,736.0,736.0514,1.29,0.7751937984496131,0.4223649122806137,0.05738252957342568,13:00-14:00
2026-07-27,2026-07-27 13:18:11-04:00,798,60,C,736.0,736.0514,1.34,0.7462686567164185,0.600475000000074,0.08158057983451619,13:00-14:00
2026-07-27,2026-07-27 13:18:11-04:00,798,60,P,736.0,736.0514,1.29,0.7751937984496131,0.6515886792452648,0.0885248882408572,13:00-14:00
2026-07-27,2026-07-27 13:23:13-04:00,803,15,C,737.0,736.659,1.07,0.9345794392523372,0.19715471698111742,0.02676336228582253,13:00-14:00
2026-07-27,2026-07-27 13:23:13-04:00,803,15,P,737.0,736.659,1.42,0.7042253521126767,0.18917377049183415,0.025679964609382926,13:00-14:00
2026-07-27,2026-07-27 13:23:13-04:00,803,30,C,737.0,736.659,1.07,0.9345794392523372,0.32568085106379385,0.0442105303897453,13:00-14:00
2026-07-27,2026-07-27 13:23:13-04:00,803,30,P,737.0,736.659,1.42,0.7042253521126767,0.32284615384617155,0.04382572585771321,13:00-14:00
2026-07-27,2026-07-27 13:23:13-04:00,803,60,C,737.0,736.659,1.07,0.9345794392523372,0.6129607843137137,0.08320821225474931,13:00-14:00
2026-07-27,2026-07-27 13:23:13-04:00,803,60,P,737.0,736.659,1.42,0.7042253521126767,0.5389999999999873,0.07316818229329816,13:00-14:00
2026-07-27,2026-07-27 13:28:12-04:00,808,15,C,737.0,736.6,1.01,0.990099009900991,0.14294716981123656,0.019406349417762227,13:00-14:00
2026-07-27,2026-07-27 13:28:12-04:00,808,15,P,737.0,736.6,1.43,0.6993006993007,0.14656721311484944,0.01989780248640367,13:00-14:00
2026-07-27,2026-07-27 13:28:12-04:00,808,30,C,737.0,736.6,1.01,0.990099009900991,0.36034545454538147,0.04892009972106726,13:00-14:00
2026-07-27,2026-07-27 13:28:12-04:00,808,30,P,737.0,736.6,1.43,0.6993006993007,0.313554838709706,0.04256785754951208,13:00-14:00
2026-07-27,2026-07-27 13:28:12-04:00,808,60,C,737.0,736.6,1.01,0.990099009900991,0.5815094339621965,0.07894507656288303,13:00-14:00
2026-07-27,2026-07-27 13:28:12-04:00,808,60,P,737.0,736.6,1.43,0.6993006993007,0.5215384615385119,0.07080348378204071,13:00-14:00
2026-07-27,2026-07-27 13:33:12-04:00,813,15,C,737.0,736.96,1.14,0.8771929824561412,0.10584745762707826,0.014362714072280484,13:00-14:00
2026-07-27,2026-07-27 13:33:12-04:00,813,15,P,737.0,736.96,1.18,0.8474576271186449,0.1379824561404348,0.01872319476503946,13:00-14:00
2026-07-27,2026-07-27 13:33:12-04:00,813,30,C,737.0,736.96,1.14,0.8771929824561412,0.3218181818182302,0.04366833774129263,13:00-14:00
2026-07-27,2026-07-27 13:33:12-04:00,813,30,P,737.0,736.96,1.18,0.8474576271186449,0.3076190476190277,0.04174162066041952,13:00-14:00
2026-07-27,2026-07-27 13:33:12-04:00,813,60,C,737.0,736.96,1.14,0.8771929824561412,0.44374999999990905,0.06021358011288388,13:00-14:00
2026-07-27,2026-07-27 13:33:12-04:00,813,60,P,737.0,736.96,1.18,0.8474576271186449,0.473863636363717,0.06429977697076054,13:00-14:00
2026-07-27,2026-07-27 13:38:12-04:00,818,15,C,737.0,736.68,0.99,1.010101010101011,0.1344680851063913,0.01825325583786601,13:00-14:00
2026-07-27,2026-07-27 13:38:12-04:00,818,15,P,737.0,736.68,1.37,0.7299270072992706,0.24769230769220485,0.03362278162732867,13:00-14:00
2026-07-27,2026-07-27 13:38:12-04:00,818,30,C,737.0,736.68,0.99,1.010101010101011,0.3135714285715494,0.04256548685610434,13:00-14:00
2026-07-27,2026-07-27 13:38:12-04:00,818,30,P,737.0,736.68,1.37,0.7299270072992706,0.40269841269832796,0.05466395350740185,13:00-14:00
2026-07-27,2026-07-27 13:38:12-04:00,818,60,C,737.0,736.68,0.99,1.010101010101011,0.4931147540984284,0.06693744286507418,13:00-14:00
2026-07-27,2026-07-27 13:38:12-04:00,818,60,P,737.0,736.68,1.37,0.7299270072992706,0.5796491228069272,0.07868397714162556,13:00-14:00
2026-07-27,2026-07-27 13:43:13-04:00,823,15,C,737.0,736.5354,0.91,1.0989010989010999,0.24312727272729262,0.033009584159470494,13:00-14:00
2026-07-27,2026-07-27 13:43:13-04:00,823,15,P,737.0,736.5354,1.39,0.7194244604316554,0.18443870967746534,0.025041391042095917,13:00-14:00
2026-07-27,2026-07-27 13:43:13-04:00,823,30,C,737.0,736.5354,0.91,1.0989010989010999,0.43324406779663605,0.05882189339394088,13:00-14:00
2026-07-27,2026-07-27 13:43:13-04:00,823,30,P,737.0,736.5354,1.39,0.7194244604316554,0.31873333333328446,0.043274679442873276,13:00-14:00
2026-07-27,2026-07-27 13:43:13-04:00,823,60,C,737.0,736.5354,0.91,1.0989010989010999,0.5607290322581093,0.07613062892267083,13:00-14:00
2026-07-27,2026-07-27 13:43:13-04:00,823,60,P,737.0,736.5354,1.39,0.7194244604316554,0.46891351351348476,0.06366476255092217,13:00-14:00
2026-07-27,2026-07-27 13:48:13-04:00,828,15,C,737.0,737.015,1.12,0.8928571428571435,0.23045454545456323,0.03126863706363687,13:00-14:00
2026-07-27,2026-07-27 13:48:13-04:00,828,15,P,737.0,737.015,1.08,0.9259259259259267,0.1559090909090628,0.021154127244230145,13:00-14:00
2026-07-27,2026-07-27 13:48:13-04:00,828,30,C,737.0,737.015,1.12,0.8928571428571435,0.29312500000003183,0.03977191780357684,13:00-14:00
2026-07-27,2026-07-27 13:48:13-04:00,828,30,P,737.0,737.015,1.08,0.9259259259259267,0.21896226415094588,0.029709336194099968,13:00-14:00
2026-07-27,2026-07-27 13:48:13-04:00,828,60,C,737.0,737.015,1.12,0.8928571428571435,0.5084782608696514,0.06899157559475065,13:00-14:00
2026-07-27,2026-07-27 13:48:13-04:00,828,60,P,737.0,737.015,1.08,0.9259259259259267,0.43295918367346076,0.05874496226989421,13:00-14:00
2026-07-27,2026-07-27 13:53:13-04:00,833,15,C,737.0,737.24,1.2,0.8333333333333341,0.1285714285714903,0.017439562228241858,13:00-14:00
2026-07-27,2026-07-27 13:53:13-04:00,833,15,P,737.0,737.24,0.96,1.0416666666666676,0.20116279069759457,0.027285930049589624,13:00-14:00
2026-07-27,2026-07-27 13:53:13-04:00,833,30,C,737.0,737.24,1.2,0.8333333333333341,0.24940298507465286,0.03382928016312908,13:00-14:00
2026-07-27,2026-07-27 13:53:13-04:00,833,30,P,737.0,737.24,0.96,1.0416666666666676,0.2899999999999636,0.03933590147034394,13:00-14:00
2026-07-27,2026-07-27 13:53:13-04:00,833,60,C,737.0,737.24,1.2,0.8333333333333341,0.364179104477671,0.049397632314805345,13:00-14:00
2026-07-27,2026-07-27 13:53:13-04:00,833,60,P,737.0,737.24,0.96,1.0416666666666676,0.4199999999999591,0.05696923661222384,13:00-14:00
2026-07-27,2026-07-27 13:58:13-04:00,838,15,C,738.0,737.7058,0.88,1.1363636363636374,0.21199661016953542,0.02873728391040648,13:00-14:00
2026-07-27,2026-07-27 13:58:13-04:00,838,15,P,738.0,737.7058,1.18,0.8474576271186449,0.13913333333323408,0.018860273747777784,13:00-14:00
2026-07-27,2026-07-27 13:58:13-04:00,838,30,C,738.0,737.7058,0.88,1.1363636363636374,0.2304264150943709,0.0312355433689651,13:00-14:00
2026-07-27,2026-07-27 13:58:13-04:00,838,30,P,738.0,737.7058,1.18,0.8474576271186449,0.2427230769230846,0.032902422201788926,13:00-14:00
2026-07-27,2026-07-27 13:58:13-04:00,838,60,C,738.0,737.7058,0.88,1.1363636363636374,0.3075333333333674,0.041687802011773176,13:00-14:00
2026-07-27,2026-07-27 13:58:13-04:00,838,60,P,738.0,737.7058,1.18,0.8474576271186449,0.24455000000000382,0.03315007147835951,13:00-14:00
2026-07-27,2026-07-27 14:03:13-04:00,843,15,C,738.0,737.7,0.83,1.204819277108435,0.029999999999972715,0.004066693777954821,14:00-15:00
2026-07-27,2026-07-27 14:03:13-04:00,843,15,P,738.0,737.7,1.17,1.7094017094017109,0.07377358490566621,0.010000485957118912,14:00-15:00
2026-07-27,2026-07-27 14:03:13-04:00,843,30,C,738.0,737.7,0.83,1.204819277108435,0.13361111111100854,0.018111849140708763,14:00-15:00
2026-07-27,2026-07-27 14:03:13-04:00,843,30,P,738.0,737.7,1.17,1.7094017094017109,0.19568181818192443,0.026525934415334747,14:00-15:00
2026-07-27,2026-07-27 14:03:13-04:00,843,60,C,738.0,737.7,0.83,1.204819277108435,0.33278688524580957,0.04511141185384432,14:00-15:00
2026-07-27,2026-07-27 14:03:13-04:00,843,60,P,738.0,737.7,1.17,1.7094017094017109,0.2666666666667652,0.03614838913742242,14:00-15:00
2026-07-27,2026-07-27 14:08:14-04:00,848,15,C,738.0,737.69,0.83,1.204819277108435,0.11137254901950655,0.015097473060432775,14:00-15:00
2026-07-27,2026-07-27 14:08:14-04:00,848,15,P,738.0,737.69,1.12,0.8928571428571435,0.06000000000005912,0.008133497810741519,14:00-15:00
2026-07-27,2026-07-27 14:08:14-04:00,848,30,C,738.0,737.69,0.83,1.204819277108435,0.19857142857142662,0.02691800465933205,14:00-15:00
2026-07-27,2026-07-27 14:08:14-04:00,848,30,P,738.0,737.69,1.12,0.8928571428571435,0.15105263157897753,0.020476437470885806,14:00-15:00
2026-07-27,2026-07-27 14:08:14-04:00,848,60,C,738.0,737.69,0.83,1.204819277108435,0.3881818181818062,0.05262126613913787,14:00-15:00
2026-07-27,2026-07-27 14:08:14-04:00,848,60,P,738.0,737.69,1.12,0.8928571428571435,0.17545454545461325,0.023784319355638985,14:00-15:00
2026-07-27,2026-07-27 14:13:14-04:00,853,15,C,738.0,737.85,0.85,1.176470588235295,0.02962264150937699,0.004014724064427321,14:00-15:00
2026-07-27,2026-07-27 14:13:14-04:00,853,15,P,738.0,737.85,1.03,1.9417475728155356,0.09723404255328205,0.013178022979370069,14:00-15:00
2026-07-27,2026-07-27 14:13:14-04:00,853,30,C,738.0,737.85,0.85,1.176470588235295,0.11372093023260277,0.015412472756332963,14:00-15:00
2026-07-27,2026-07-27 14:13:14-04:00,853,30,P,738.0,737.85,1.03,1.9417475728155356,0.1559649122806377,0.021137753239904817,14:00-15:00
2026-07-27,2026-07-27 14:13:14-04:00,853,60,C,738.0,737.85,0.85,1.176470588235295,0.34333333333324845,0.04653158952812204,14:00-15:00
2026-07-27,2026-07-27 14:13:14-04:00,853,60,P,738.0,737.85,1.03,1.9417475728155356,0.28262295081970024,0.03830357807409368,14:00-15:00
2026-07-27,2026-07-27 14:18:13-04:00,858,15,C,737.0,737.23,1.08,0.9259259259259267,0.07999999999992724,0.01085143035415369,14:00-15:00
2026-07-27,2026-07-27 14:18:13-04:00,858,15,P,737.0,737.23,0.86,1.1627906976744196,0.1620454545454777,0.021980312052612846,14:00-15:00
2026-07-27,2026-07-27 14:18:13-04:00,858,30,C,737.0,737.23,1.08,0.9259259259259267,0.23039215686276293,0.03125105555427247,14:00-15:00
2026-07-27,2026-07-27 14:18:13-04:00,858,30,P,737.0,737.23,0.86,1.1627906976744196,0.1989795918367463,0.026990164783954298,14:00-15:00
2026-07-27,2026-07-27 14:18:13-04:00,858,60,C,737.0,737.23,1.08,0.9259259259259267,0.38999999999998636,0.0529007229765455,14:00-15:00
2026-07-27,2026-07-27 14:18:13-04:00,858,60,P,737.0,737.23,0.86,1.1627906976744196,0.3883018867924193,0.052670386011478,14:00-15:00
2026-07-27,2026-07-27 14:23:14-04:00,863,15,C,737.0,737.37,1.13,0.8849557522123707,0.032622950819700236,0.004424230823019682,14:00-15:00
2026-07-27,2026-07-27 14:23:14-04:00,863,15,P,737.0,737.37,0.76,1.3157894736842117,0.1023076923077042,0.013874675170905272,14:00-15:00
2026-07-27,2026-07-27 14:23:14-04:00,863,30,C,737.0,737.37,1.13,0.8849557522123707,0.12970149253737873,0.017589743620893,14:00-15:00
2026-07-27,2026-07-27 14:23:14-04:00,863,30,P,737.0,737.37,0.76,1.3157894736842117,0.14999999999997726,0.020342568859592507,14:00-15:00
2026-07-27,2026-07-27 14:23:14-04:00,863,60,C,737.0,737.37,1.13,0.8849557522123707,0.39999999999997726,0.054246850292251826,14:00-15:00
2026-07-27,2026-07-27 14:23:14-04:00,863,60,P,737.0,737.37,0.76,1.3157894736842117,0.46468085106380386,0.06301868140333942,14:00-15:00
2026-07-27,2026-07-27 14:28:14-04:00,868,15,C,738.0,737.54,0.68,1.4705882352941189,0.028372093023335765,0.0038468548178181203,14:00-15:00
2026-07-27,2026-07-27 14:28:14-04:00,868,15,P,738.0,737.54,1.14,0.8771929824561412,0.03894736842096336,0.00528071269639116,14:00-15:00
2026-07-27,2026-07-27 14:28:14-04:00,868,30,C,738.0,737.54,0.68,1.4705882352941189,0.08117647058827515,0.011006382106499329,14:00-15:00
2026-07-27,2026-07-27 14:28:14-04:00,868,30,P,738.0,737.54,1.14,0.8771929824561412,0.016250000000013642,0.002203270331102536,14:00-15:00
2026-07-27,2026-07-27 14:28:14-04:00,868,60,C,738.0,737.54,0.68,1.4705882352941189,0.5350000000000819,0.07253843859317215,14:00-15:00
2026-07-27,2026-07-27 14:28:14-04:00,868,60,P,738.0,737.54,1.14,0.8771929824561412,0.3211643835616087,0.04354535124354052,14:00-15:00
2026-07-27,2026-07-27 14:33:14-04:00,873,15,C,737.0,737.1225,0.97,1.0309278350515474,0.12220588235300056,0.016578775217552112,14:00-15:00
2026-07-27,2026-07-27 14:33:14-04:00,873,15,P,737.0,737.1225,0.84,1.1904761904761916,0.05066326530607057,0.006873113397850503,14:00-15:00
2026-07-27,2026-07-27 14:33:14-04:00,873,30,C,737.0,737.1225,0.97,1.0309278350515474,0.139795081967236,0.018964972846065072,14:00-15:00
2026-07-27,2026-07-27 14:33:14-04:00,873,30,P,737.0,737.1225,0.84,1.1904761904761916,0.13916666666659694,0.018879720354024868,14:00-15:00
2026-07-27,2026-07-27 14:33:14-04:00,873,60,C,737.0,737.1225,0.97,1.0309278350515474,0.49276315789472847,0.06684956135441918,14:00-15:00
2026-07-27,2026-07-27 14:33:14-04:00,873,60,P,737.0,737.1225,0.84,1.1904761904761916,0.5308673469387486,0.07201887704401218,14:00-15:00
2026-07-27,2026-07-27 14:38:14-04:00,878,15,C,737.0,736.96,0.87,1.1494252873563229,0.031020408163271895,0.004209239058194731,14:00-15:00
2026-07-27,2026-07-27 14:38:14-04:00,878,15,P,737.0,736.96,0.89,1.1235955056179785,-0.0,-0.0,14:00-15:00
2026-07-27,2026-07-27 14:38:14-04:00,878,30,C,737.0,736.96,0.87,1.1494252873563229,0.2090909090908326,0.028372083843198087,14:00-15:00
2026-07-27,2026-07-27 14:38:14-04:00,878,30,P,737.0,736.96,0.89,1.1235955056179785,0.027272727272816155,0.0037007065882566424,14:00-15:00
2026-07-27,2026-07-27 14:38:14-04:00,878,60,C,737.0,736.96,0.87,1.1494252873563229,0.5233333333333121,0.07101244753220148,14:00-15:00
2026-07-27,2026-07-27 14:38:14-04:00,878,60,P,737.0,736.96,0.89,1.1235955056179785,0.45406779661027485,0.061613628502262645,14:00-15:00
2026-07-27,2026-07-27 14:43:15-04:00,883,15,C,737.0,737.08,0.92,2.1739130434782625,0.0074074074072996154,0.0010049665446491037,14:00-15:00
2026-07-27,2026-07-27 14:43:15-04:00,883,15,P,737.0,737.08,0.82,1.2195121951219388,-0.0782608695651561,-0.010617690015351943,14:00-15:00
2026-07-27,2026-07-27 14:43:15-04:00,883,30,C,737.0,737.08,0.92,2.1739130434782625,0.2299999999999045,0.0312042112117958,14:00-15:00
2026-07-27,2026-07-27 14:43:15-04:00,883,30,P,737.0,737.08,0.82,1.2195121951219388,0.16836065573772885,0.02284157157129875,14:00-15:00
2026-07-27,2026-07-27 14:43:15-04:00,883,60,C,737.0,737.08,0.92,2.1739130434782625,0.5007936507935256,0.0679429167517129,14:00-15:00
2026-07-27,2026-07-27 14:43:15-04:00,883,60,P,737.0,737.08,0.82,1.2195121951219388,0.5287878787879663,0.07174090719975665,14:00-15:00
2026-07-27,2026-07-27 14:48:15-04:00,888,15,C,737.0,737.48,1.1,0.9090909090909097,-0.00459016393449474,-0.0006224119887311845,14:00-15:00
2026-07-27,2026-07-27 14:48:15-04:00,888,15,P,737.0,737.48,0.65,1.5384615384615397,0.018461538461565397,0.0025033273392587453,14:00-15:00
2026-07-27,2026-07-27 14:48:15-04:00,888,30,C,737.0,737.48,1.1,0.9090909090909097,0.16941176470584196,0.022971709701394203,14:00-15:00
2026-07-27,2026-07-27 14:48:15-04:00,888,30,P,737.0,737.48,0.65,1.5384615384615397,0.2420754716981719,0.03282468293352659,14:00-15:00
2026-07-27,2026-07-27 14:48:15-04:00,888,60,C,737.0,737.48,1.1,0.9090909090909097,0.38319277108439564,0.051959750919943,14:00-15:00
2026-07-27,2026-07-27 14:48:15-04:00,888,60,P,737.0,737.48,0.65,1.5384615384615397,0.6939855072463388,0.09410228172239773,14:00-15:00
2026-07-27,2026-07-27 14:53:15-04:00,893,15,C,738.0,738.44,1.1,0.9090909090909097,0.12158730158728304,0.01646542733157508,14:00-15:00
2026-07-27,2026-07-27 14:53:15-04:00,893,15,P,738.0,738.44,0.66,1.5151515151515165,0.03714285714295329,0.005029908610442729,14:00-15:00
2026-07-27,2026-07-27 14:53:15-04:00,893,30,C,738.0,738.44,1.1,0.9090909090909097,0.2899999999999636,0.03927197876604241,14:00-15:00
2026-07-27,2026-07-27 14:53:15-04:00,893,30,P,738.0,738.44,0.66,1.5151515151515165,0.3219148936170768,0.04359391333311803,14:00-15:00
2026-07-27,2026-07-27 14:58:15-04:00,898,15,C,739.0,738.68,0.71,1.4084507042253533,0.2530769230769465,0.03426069787688127,14:00-15:00
2026-07-27,2026-07-27 14:58:15-04:00,898,15,P,739.0,738.68,1.05,0.9523809523809532,0.14540983606548252,0.01968509179421164,14:00-15:00
2026-07-27,2026-07-27 14:58:15-04:00,898,30,C,739.0,738.68,0.71,1.4084507042253533,0.45269230769235946,0.061283953497097456,14:00-15:00
2026-07-27,2026-07-27 14:58:15-04:00,898,30,P,739.0,738.68,1.05,0.9523809523809532,0.33787671232869343,0.04574060653174493,14:00-15:00
2026-07-27,2026-07-27 15:03:15-04:00,903,15,C,739.0,739.0,0.82,1.2195121951219388,0.1743478260870006,0.023592398658592775,15:00-16:00
2026-07-27,2026-07-27 15:03:15-04:00,903,15,P,739.0,739.0,0.85,2.35294117647059,0.13943396226409277,0.018867924528294014,15:00-16:00
2026-07-27,2026-07-27 15:03:15-04:00,903,30,C,739.0,739.0,0.82,1.2195121951219388,0.37274509803921774,0.05043912016768846,15:00-16:00
2026-07-27,2026-07-27 15:03:15-04:00,903,30,P,739.0,739.0,0.85,2.35294117647059,0.42877551020410465,0.058021043329378165,15:00-16:00
2026-07-27,2026-07-27 15:08:16-04:00,908,15,C,739.0,739.26,0.92,1.0869565217391313,0.16777777777781466,0.022695368040718377,15:00-16:00
2026-07-27,2026-07-27 15:08:16-04:00,908,15,P,739.0,739.26,0.73,2.739726027397263,0.2908510638297912,0.03934354135619284,15:00-16:00
2026-07-27,2026-07-27 15:08:16-04:00,908,30,C,739.0,739.26,0.92,1.0869565217391313,0.29579710144923865,0.040012593870794935,15:00-16:00
2026-07-27,2026-07-27 15:08:16-04:00,908,30,P,739.0,739.26,0.73,2.739726027397263,0.4828813559322498,0.06531955684498686,15:00-16:00
2026-07-27,2026-07-27 15:13:15-04:00,913,15,C,739.0,739.01,0.75,1.3333333333333344,0.19961538461541295,0.02701118856516325,15:00-16:00
2026-07-27,2026-07-27 15:13:15-04:00,913,15,P,739.0,739.01,0.77,1.2987012987012998,0.20583333333331666,0.027852577547437335,15:00-16:00
2026-07-27,2026-07-27 15:13:15-04:00,913,30,C,739.0,739.01,0.75,1.3333333333333344,0.3009523809523671,0.04072372240597111,15:00-16:00
2026-07-27,2026-07-27 15:13:15-04:00,913,30,P,739.0,739.01,0.77,1.2987012987012998,0.3830303030302957,0.05183019215305554,15:00-16:00
2026-07-27,2026-07-27 15:18:15-04:00,918,15,C,739.0,739.37,0.92,1.0869565217391313,0.1794736842105067,0.024273866157743306,15:00-16:00
2026-07-27,2026-07-27 15:18:15-04:00,918,15,P,739.0,739.37,0.59,1.6949152542372898,0.268163265306157,0.036269156891158276,15:00-16:00
2026-07-27,2026-07-27 15:18:15-04:00,918,30,C,739.0,739.37,0.92,1.0869565217391313,0.21549180327872364,0.029145326870000626,15:00-16:00
2026-07-27,2026-07-27 15:18:15-04:00,918,30,P,739.0,739.37,0.59,1.6949152542372898,0.449736842105267,0.06082703411083314,15:00-16:00
2026-07-27,2026-07-27 15:23:16-04:00,923,15,C,740.0,739.65,0.51,1.960784313725492,0.17499999999995453,0.02365983911308788,15:00-16:00
2026-07-27,2026-07-27 15:23:16-04:00,923,15,P,740.0,739.65,0.89,1.1235955056179785,0.14406779661021574,0.019477833652432334,15:00-16:00
2026-07-27,2026-07-27 15:28:17-04:00,928,15,C,740.0,739.575,0.43,2.325581395348839,0.1197058823528323,0.01618576646761076,15:00-16:00
2026-07-27,2026-07-27 15:28:17-04:00,928,15,P,740.0,739.575,0.89,1.1235955056179785,0.12984848484859413,0.01755717606038524,15:00-16:00
2026-07-27,2026-07-27 15:33:16-04:00,933,15,C,740.0,739.51,0.39,2.5641025641025665,0.10500000000001819,0.014198590958880637,15:00-16:00
2026-07-27,2026-07-27 15:33:16-04:00,933,15,P,740.0,739.51,0.89,1.1235955056179785,0.07181159420281347,0.009710699544673292,15:00-16:00
2026-07-28,2026-07-28 09:35:15-04:00,575,15,C,739.0,738.67,1.7,1.176470588235295,-0.09076923076929688,-0.01228819781083527,09:30-10:00
2026-07-28,2026-07-28 09:35:15-04:00,575,15,P,739.0,738.67,2.01,0.4975124378109347,-0.10428571428565192,-0.014118038404923976,09:30-10:00
2026-07-28,2026-07-28 09:35:15-04:00,575,30,C,739.0,738.67,1.7,1.176470588235295,0.07735849056609823,0.010472672582627999,09:30-10:00
2026-07-28,2026-07-28 09:35:15-04:00,575,30,P,739.0,738.67,2.01,0.4975124378109347,0.0446808510637311,0.006048824382164039,09:30-10:00
2026-07-28,2026-07-28 09:35:15-04:00,575,60,C,739.0,738.67,1.7,1.176470588235295,0.35307692307696925,0.047799006738728965,09:30-10:00
2026-07-28,2026-07-28 09:35:15-04:00,575,60,P,739.0,738.67,2.01,0.4975124378109347,0.3726315789473347,0.05044628574970347,09:30-10:00
2026-07-28,2026-07-28 09:40:14-04:00,580,15,C,738.0,737.79,1.84,0.5434782608695656,-0.09500000000002728,-0.012876292712022024,09:30-10:00
2026-07-28,2026-07-28 09:40:14-04:00,580,15,P,738.0,737.79,2.04,0.4901960784313838,-0.06499999999994088,-0.00881009501347821,09:30-10:00
2026-07-28,2026-07-28 09:40:14-04:00,580,30,C,738.0,737.79,1.84,0.5434782608695656,0.21692307692308077,0.02940173720477111,09:30-10:00
2026-07-28,2026-07-28 09:40:14-04:00,580,30,P,738.0,737.79,2.04,0.4901960784313838,0.24265306122447328,0.03288917730309076,09:30-10:00
2026-07-28,2026-07-28 09:40:14-04:00,580,60,C,738.0,737.79,1.84,0.5434782608695656,0.5729245283018827,0.07765414661379019,09:30-10:00
2026-07-28,2026-07-28 09:40:14-04:00,580,60,P,738.0,737.79,2.04,0.4901960784313838,0.5449999999999591,0.07386925818999432,09:30-10:00
2026-07-28,2026-07-28 09:45:15-04:00,585,15,C,737.0,737.095,2.03,0.9852216748768483,0.09534482758613194,0.012935215621613486,09:30-10:00
2026-07-28,2026-07-28 09:45:15-04:00,585,15,P,737.0,737.095,1.91,0.5235602094240842,0.14357142857147664,0.01947800874669841,09:30-10:00
2026-07-28,2026-07-28 09:45:15-04:00,585,30,C,737.0,737.095,2.03,0.9852216748768483,0.27879310344826536,0.03782322542525256,09:30-10:00
2026-07-28,2026-07-28 09:45:15-04:00,585,30,P,737.0,737.095,1.91,0.5235602094240842,0.3149999999999409,0.042735332623330895,09:30-10:00
2026-07-28,2026-07-28 09:45:15-04:00,585,60,C,737.0,737.095,2.03,0.9852216748768483,0.7576984126984598,0.10279521807887176,09:30-10:00
2026-07-28,2026-07-28 09:45:15-04:00,585,60,P,737.0,737.095,1.91,0.5235602094240842,0.812894736842054,0.11028357767208488,09:30-10:00
2026-07-28,2026-07-28 09:50:15-04:00,590,15,C,738.0,738.06,1.96,0.5102040816326535,0.17792452830190086,0.024107054751903757,09:30-10:00
2026-07-28,2026-07-28 09:50:15-04:00,590,15,P,738.0,738.06,1.88,0.5319148936170099,0.15808510638294138,0.02141900473985061,09:30-10:00
2026-07-28,2026-07-28 09:50:15-04:00,590,30,C,738.0,738.06,1.96,0.5102040816326535,0.22857142857151302,0.03096922046602079,09:30-10:00
2026-07-28,2026-07-28 09:50:15-04:00,590,30,P,738.0,738.06,1.88,0.5319148936170099,0.2769230769230262,0.03752040171842753,09:30-10:00
2026-07-28,2026-07-28 09:50:15-04:00,590,60,C,738.0,738.06,1.96,0.5102040816326535,0.8068750000001046,0.10932376771537608,09:30-10:00
2026-07-28,2026-07-28 09:50:15-04:00,590,60,P,738.0,738.06,1.88,0.5319148936170099,0.847142857142785,0.11477967335213739,09:30-10:00
2026-07-28,2026-07-28 09:55:16-04:00,595,15,C,737.0,736.935,1.97,0.5076142131979701,0.31166666666672427,0.04229228719856219,09:30-10:00
2026-07-28,2026-07-28 09:55:16-04:00,595,15,P,737.0,736.935,2.01,0.4975124378109347,0.32642857142855064,0.0442954360192623,09:30-10:00
2026-07-28,2026-07-28 09:55:16-04:00,595,30,C,737.0,736.935,1.97,0.5076142131979701,0.4605737704919193,0.062498560998177494,09:30-10:00
2026-07-28,2026-07-28 09:55:16-04:00,595,30,P,737.0,736.935,2.01,0.4975124378109347,0.518043478260779,0.0702970381730789,09:30-10:00
2026-07-28,2026-07-28 09:55:16-04:00,595,60,C,737.0,736.935,1.97,0.5076142131979701,0.9806250000000318,0.13306804535000127,09:30-10:00
2026-07-28,2026-07-28 09:55:16-04:00,595,60,P,737.0,736.935,2.01,0.4975124378109347,1.0262280701754207,0.13925625328901747,09:30-10:00
2026-07-28,2026-07-28 10:00:16-04:00,600,15,C,737.0,736.88,1.87,1.0695187165775408,0.2179310344828309,0.029574833688365935,09:30-10:00
2026-07-28,2026-07-28 10:00:16-04:00,600,15,P,737.0,736.88,1.95,0.5128205128205132,0.17999999999994998,0.024427315166641785,09:30-10:00
2026-07-28,2026-07-28 10:00:16-04:00,600,30,C,737.0,736.88,1.87,1.0695187165775408,0.417241379310326,0.05662270373878054,09:30-10:00
2026-07-28,2026-07-28 10:00:16-04:00,600,30,P,737.0,736.88,1.95,0.5128205128205132,0.5230769230769283,0.07098536031333845,09:30-10:00
2026-07-28,2026-07-28 10:00:16-04:00,600,60,C,737.0,736.88,1.87,1.0695187165775408,0.8422807017543619,0.1143036453363318,09:30-10:00
2026-07-28,2026-07-28 10:00:16-04:00,600,60,P,737.0,736.88,1.95,0.5128205128205132,0.8813207547170805,0.11960166576879283,09:30-10:00
2026-07-28,2026-07-28 10:05:16-04:00,605,15,C,737.0,737.37,2.04,0.4901960784313838,0.06142857142856428,0.008330766294881034,10:00-10:30
2026-07-28,2026-07-28 10:05:16-04:00,605,15,P,737.0,737.37,1.68,1.1904761904761916,0.13790697674414787,0.018702547804243172,10:00-10:30
2026-07-28,2026-07-28 10:05:16-04:00,605,30,C,737.0,737.37,2.04,0.4901960784313838,0.258688524590184,0.03508259416442003,10:00-10:30
2026-07-28,2026-07-28 10:05:16-04:00,605,30,P,737.0,737.37,1.68,1.1904761904761916,0.3817021276595369,0.05176534543845518,10:00-10:30
2026-07-28,2026-07-28 10:05:16-04:00,605,60,C,737.0,737.37,2.04,0.4901960784313838,0.5960655737704883,0.08083669986173675,10:00-10:30
2026-07-28,2026-07-28 10:05:16-04:00,605,60,P,737.0,737.37,1.68,1.1904761904761916,0.8114285714285643,0.11004361059285898,10:00-10:30
2026-07-28,2026-07-28 10:10:17-04:00,610,15,C,737.0,737.18,1.94,0.5154639175257737,0.23793103448281272,0.032275839616214864,10:00-10:30
2026-07-28,2026-07-28 10:10:17-04:00,610,15,P,737.0,737.18,1.75,1.142857142857144,0.43846153846152447,0.05947821949341064,10:00-10:30
2026-07-28,2026-07-28 10:10:17-04:00,610,30,C,737.0,737.18,1.94,0.5154639175257737,0.3633870967742041,0.04929421535774223,10:00-10:30
2026-07-28,2026-07-28 10:10:17-04:00,610,30,P,737.0,737.18,1.75,1.142857142857144,0.365851063829723,0.049628457612757124,10:00-10:30
2026-07-28,2026-07-28 10:10:17-04:00,610,60,C,737.0,737.18,1.94,0.5154639175257737,0.6966101694915778,0.09449661812468839,10:00-10:30
2026-07-28,2026-07-28 10:10:17-04:00,610,60,P,737.0,737.18,1.75,1.142857142857144,0.7938775510202731,0.10769114070108701,10:00-10:30
2026-07-28,2026-07-28 10:15:16-04:00,615,15,C,737.0,736.96,1.8,0.555555555555556,0.21655172413784385,0.02938446104779687,10:00-10:30
2026-07-28,2026-07-28 10:15:16-04:00,615,15,P,737.0,736.96,1.83,0.5464480874316944,0.3723076923077997,0.05051938942517907,10:00-10:30
2026-07-28,2026-07-28 10:15:16-04:00,615,30,C,737.0,736.96,1.8,0.555555555555556,0.527619047619055,0.0715939871389295,10:00-10:30
2026-07-28,2026-07-28 10:15:16-04:00,615,30,P,737.0,736.96,1.83,0.5464480874316944,0.5375438596490767,0.0729407104387045,10:00-10:30
2026-07-28,2026-07-28 10:15:16-04:00,615,60,C,737.0,736.96,1.8,0.555555555555556,0.7533333333332166,0.10222173975971785,10:00-10:30
2026-07-28,2026-07-28 10:15:16-04:00,615,60,P,737.0,736.96,1.83,0.5464480874316944,0.8058620689655527,0.10934949915403179,10:00-10:30
2026-07-28,2026-07-28 10:20:16-04:00,620,15,C,737.0,736.86,1.73,0.5780346820809253,0.22076923076929234,0.02996081084185494,10:00-10:30
2026-07-28,2026-07-28 10:20:16-04:00,620,15,P,737.0,736.86,1.86,1.0752688172043021,0.2546808510637675,0.034562990400315866,10:00-10:30
2026-07-28,2026-07-28 10:20:16-04:00,620,30,C,737.0,736.86,1.73,0.5780346820809253,0.6372727272727161,0.08648491263913309,10:00-10:30
2026-07-28,2026-07-28 10:20:16-04:00,620,30,P,737.0,736.86,1.86,1.0752688172043021,0.6114285714285188,0.0829775766670085,10:00-10:30
2026-07-28,2026-07-28 10:20:16-04:00,620,60,C,737.0,736.86,1.73,0.5780346820809253,0.7671186440677502,0.10410643053873872,10:00-10:30
2026-07-28,2026-07-28 10:20:16-04:00,620,60,P,737.0,736.86,1.86,1.0752688172043021,0.7619607843137146,0.10340645228587718,10:00-10:30
2026-07-28,2026-07-28 10:25:16-04:00,625,15,C,737.0,737.33,1.94,0.5154639175257737,0.21338709677411316,0.02894051466427694,10:00-10:30
2026-07-28,2026-07-28 10:25:16-04:00,625,15,P,737.0,737.33,1.6,0.6250000000000006,0.1967021276595915,0.026677624355389243,10:00-10:30
2026-07-28,2026-07-28 10:25:16-04:00,625,30,C,737.0,737.33,1.94,0.5154639175257737,0.5387499999999363,0.07306769017942255,10:00-10:30
2026-07-28,2026-07-28 10:25:16-04:00,625,30,P,737.0,737.33,1.6,0.6250000000000006,0.6534042553191739,0.08861761427300854,10:00-10:30
2026-07-28,2026-07-28 10:25:16-04:00,625,60,C,737.0,737.33,1.94,0.5154639175257737,0.7807692307692378,0.10589142321202688,10:00-10:30
2026-07-28,2026-07-28 10:25:16-04:00,625,60,P,737.0,737.33,1.6,0.6250000000000006,0.8666666666666742,0.117541218540772,10:00-10:30
2026-07-28,2026-07-28 10:30:17-04:00,630,15,C,738.0,737.78,1.58,0.6329113924050638,0.3015094339623374,0.04086711946140278,10:00-10:30
2026-07-28,2026-07-28 10:30:17-04:00,630,15,P,738.0,737.78,1.75,1.142857142857144,0.1910638297871401,0.02589712784124537,10:00-10:30
2026-07-28,2026-07-28 10:30:17-04:00,630,30,C,738.0,737.78,1.58,0.6329113924050638,0.43350877192983717,0.05875854210331497,10:00-10:30
2026-07-28,2026-07-28 10:30:17-04:00,630,30,P,738.0,737.78,1.75,1.142857142857144,0.403962264151005,0.05475375642481566,10:00-10:30
2026-07-28,2026-07-28 10:30:17-04:00,630,60,C,738.0,737.78,1.58,0.6329113924050638,0.7487096774194697,0.10148142771821812,10:00-10:30
2026-07-28,2026-07-28 10:30:17-04:00,630,60,P,738.0,737.78,1.75,1.142857142857144,0.6681249999999181,0.09055883867818566,10:00-10:30
2026-07-28,2026-07-28 10:35:16-04:00,635,15,C,737.0,737.35,1.89,1.0582010582010475,0.4075000000000273,0.05526547772428661,10:30-11:00
2026-07-28,2026-07-28 10:35:16-04:00,635,15,P,737.0,737.35,1.52,0.6578947368421059,0.4244444444443616,0.05756349690708097,10:30-11:00
2026-07-28,2026-07-28 10:35:16-04:00,635,30,C,737.0,737.35,1.89,1.0582010582010475,0.37016393442615936,0.0502019304843235,10:30-11:00
2026-07-28,2026-07-28 10:35:16-04:00,635,30,P,737.0,737.35,1.52,0.6578947368421059,0.46489795918364507,0.06304983511000814,10:30-11:00
2026-07-28,2026-07-28 10:35:16-04:00,635,60,C,737.0,737.35,1.89,1.0582010582010475,0.6731250000000273,0.09128975384824402,10:30-11:00
2026-07-28,2026-07-28 10:35:16-04:00,635,60,P,737.0,737.35,1.52,0.6578947368421059,0.9258333333333439,0.12556226125087733,10:30-11:00
2026-07-28,2026-07-28 10:40:17-04:00,640,15,C,737.0,737.495,1.92,0.5208333333333338,0.3424999999999727,0.04644099282028661,10:30-11:00
2026-07-28,2026-07-28 10:40:17-04:00,640,15,P,737.0,737.495,1.44,0.6944444444444451,0.47797872340424874,0.06481111375727955,10:30-11:00
2026-07-28,2026-07-28 10:40:17-04:00,640,30,C,737.0,737.495,1.92,0.5208333333333338,0.34771186440684687,0.04714769109035951,10:30-11:00
2026-07-28,2026-07-28 10:40:17-04:00,640,30,P,737.0,737.495,1.44,0.6944444444444451,0.47622448979586807,0.06457324996045642,10:30-11:00
2026-07-28,2026-07-28 10:40:17-04:00,640,60,C,737.0,737.495,1.92,0.5208333333333338,0.6538235294117385,0.08865463893473698,10:30-11:00
2026-07-28,2026-07-28 10:40:17-04:00,640,60,P,737.0,737.495,1.44,0.6944444444444451,0.955847457627101,0.12960731362613997,10:30-11:00
2026-07-28,2026-07-28 10:45:18-04:00,645,15,C,738.0,738.44,1.78,0.5617977528089892,0.09983606557375424,0.013519861542407538,10:30-11:00
2026-07-28,2026-07-28 10:45:18-04:00,645,15,P,738.0,738.44,1.36,0.7352941176470594,0.20743589743597113,0.028091097101453213,10:30-11:00
2026-07-28,2026-07-28 10:45:18-04:00,645,30,C,738.0,738.44,1.78,0.5617977528089892,0.2399999999998954,0.032500947944300876,10:30-11:00
2026-07-28,2026-07-28 10:45:18-04:00,645,30,P,738.0,738.44,1.36,0.7352941176470594,0.35042553191499337,0.047454841546367116,10:30-11:00
2026-07-28,2026-07-28 10:45:18-04:00,645,60,C,738.0,738.44,1.78,0.5617977528089892,0.6377777777777283,0.08636825981497864,10:30-11:00
2026-07-28,2026-07-28 10:45:18-04:00,645,60,P,738.0,738.44,1.36,0.7352941176470594,0.7938461538462889,0.10750313550813727,10:30-11:00
2026-07-28,2026-07-28 10:50:18-04:00,650,15,C,740.0,739.57,1.23,0.8130081300813016,-0.04000000000007731,-0.005408548210457063,10:30-11:00
2026-07-28,2026-07-28 10:50:18-04:00,650,15,P,740.0,739.57,1.69,0.5917159763313614,0.03183673469391124,0.004304762861380429,10:30-11:00
2026-07-28,2026-07-28 10:50:18-04:00,650,30,C,740.0,739.57,1.23,0.8130081300813016,0.1534042553190602,0.02074235776451995,10:30-11:00
2026-07-28,2026-07-28 10:50:18-04:00,650,30,P,740.0,739.57,1.69,0.5917159763313614,0.13862745098049345,0.01874433129798308,10:30-11:00
2026-07-28,2026-07-28 10:50:18-04:00,650,60,C,740.0,739.57,1.23,0.8130081300813016,0.6429032258064353,0.08692932728564373,10:30-11:00
2026-07-28,2026-07-28 10:50:18-04:00,650,60,P,740.0,739.57,1.69,0.5917159763313614,0.5729411764706356,0.0774694993672858,10:30-11:00
2026-07-28,2026-07-28 10:55:19-04:00,655,15,C,739.0,739.4,1.65,0.6060606060606066,-0.014915254237280351,-0.0020172104729889576,10:30-11:00
2026-07-28,2026-07-28 10:55:19-04:00,655,15,P,739.0,739.4,1.27,0.7874015748031503,-0.030000000000086402,-0.004057343792275683,10:30-11:00
2026-07-28,2026-07-28 10:55:19-04:00,655,30,C,739.0,739.4,1.65,0.6060606060606066,0.2646153846154675,0.03578785293690391,10:30-11:00
2026-07-28,2026-07-28 10:55:19-04:00,655,30,P,739.0,739.4,1.27,0.7874015748031503,0.23914893617018151,0.032343648386554166,10:30-11:00
2026-07-28,2026-07-28 10:55:19-04:00,655,60,C,739.0,739.4,1.65,0.6060606060606066,0.4588524590163843,0.06205740587183991,10:30-11:00
2026-07-28,2026-07-28 10:55:19-04:00,655,60,P,739.0,739.4,1.27,0.7874015748031503,0.674150943396171,0.09117540484124574,10:30-11:00
2026-07-28,2026-07-28 11:00:17-04:00,660,15,C,739.0,738.81,1.36,0.7352941176470594,0.13785714285711492,0.0186593498811758,10:30-11:00
2026-07-28,2026-07-28 11:00:17-04:00,660,15,P,739.0,738.81,1.53,0.6535947712418306,0.08212765957443935,0.011116208439847777,10:30-11:00
2026-07-28,2026-07-28 11:00:17-04:00,660,30,C,739.0,738.81,1.36,0.7352941176470594,0.35959183673480766,0.048671760903995304,10:30-11:00
2026-07-28,2026-07-28 11:00:17-04:00,660,30,P,739.0,738.81,1.53,0.6535947712418306,0.29307692307679645,0.03966878129380984,10:30-11:00
2026-07-28,2026-07-28 11:00:17-04:00,660,60,C,739.0,738.81,1.36,0.7352941176470594,0.6368253968254294,0.08619609870270156,10:30-11:00
2026-07-28,2026-07-28 11:00:17-04:00,660,60,P,739.0,738.81,1.53,0.6535947712418306,0.5713207547170214,0.07732986217255064,10:30-11:00
2026-07-28,2026-07-28 11:05:19-04:00,665,15,C,738.0,738.13,1.54,0.6493506493506499,0.17508474576266053,0.023720041965867873,11:00-12:00
2026-07-28,2026-07-28 11:05:19-04:00,665,15,P,738.0,738.13,1.41,0.7092198581560291,0.14960784313723252,0.02026849513462839,11:00-12:00
2026-07-28,2026-07-28 11:05:19-04:00,665,30,C,738.0,738.13,1.54,0.6493506493506499,0.4600000000000364,0.062319645590890003,11:00-12:00
2026-07-28,2026-07-28 11:05:19-04:00,665,30,P,738.0,738.13,1.41,0.7092198581560291,0.5399999999999636,0.07315784482407756,11:00-12:00
2026-07-28,2026-07-28 11:05:19-04:00,665,60,C,738.0,738.13,1.54,0.6493506493506499,0.6075396825395956,0.08230795151797049,11:00-12:00
2026-07-28,2026-07-28 11:05:19-04:00,665,60,P,738.0,738.13,1.41,0.7092198581560291,0.7096153846154039,0.09613691146754688,11:00-12:00
2026-07-28,2026-07-28 11:10:19-04:00,670,15,C,739.0,739.08,1.49,1.342281879194632,0.324528301886744,0.04390976645109379,11:00-12:00
2026-07-28,2026-07-28 11:10:19-04:00,670,15,P,739.0,739.08,1.44,2.0833333333333353,0.2808510638298003,0.03800008981839588,11:00-12:00
2026-07-28,2026-07-28 11:10:19-04:00,670,30,C,739.0,739.08,1.49,1.342281879194632,0.5273770491802452,0.07135588152571375,11:00-12:00
2026-07-28,2026-07-28 11:10:19-04:00,670,30,P,739.0,739.08,1.44,2.0833333333333353,0.5876923076923504,0.0795167380652095,11:00-12:00
2026-07-28,2026-07-28 11:10:19-04:00,670,60,C,739.0,739.08,1.49,1.342281879194632,0.58195652173913,0.07874066701021946,11:00-12:00
2026-07-28,2026-07-28 11:10:19-04:00,670,60,P,739.0,739.08,1.44,2.0833333333333353,0.7549999999999955,0.10215402933376569,11:00-12:00
2026-07-28,2026-07-28 11:15:19-04:00,675,15,C,739.0,739.43,1.64,0.6097560975609762,0.19548387096779152,0.026437103034471353,11:00-12:00
2026-07-28,2026-07-28 11:15:19-04:00,675,15,P,739.0,739.43,1.22,1.6393442622950833,0.3169230769229898,0.04286045696320001,11:00-12:00
2026-07-28,2026-07-28 11:15:19-04:00,675,30,C,739.0,739.43,1.64,0.6097560975609762,0.4232786885246469,0.05724391606029603,11:00-12:00
2026-07-28,2026-07-28 11:15:19-04:00,675,30,P,739.0,739.43,1.22,1.6393442622950833,0.5146153846153538,0.0695962274475412,11:00-12:00
2026-07-28,2026-07-28 11:15:19-04:00,675,60,C,739.0,739.43,1.64,0.6097560975609762,0.47071428571439355,0.06365907330165041,11:00-12:00
2026-07-28,2026-07-28 11:15:19-04:00,675,60,P,739.0,739.43,1.22,1.6393442622950833,0.6786363636363149,0.09177831081188415,11:00-12:00
2026-07-28,2026-07-28 11:20:19-04:00,680,15,C,741.0,741.0,1.37,0.7299270072992706,0.2809090909091765,0.03790945896210209,11:00-12:00
2026-07-28,2026-07-28 11:20:19-04:00,680,15,P,741.0,741.0,1.41,0.7092198581560291,0.40999999999996817,0.055330634277998406,11:00-12:00
2026-07-28,2026-07-28 11:20:19-04:00,680,30,C,741.0,741.0,1.37,0.7299270072992706,0.4387096774194106,0.05920508467198523,11:00-12:00
2026-07-28,2026-07-28 11:20:19-04:00,680,30,P,741.0,741.0,1.41,0.7092198581560291,0.49615384615378844,0.06695733416380412,11:00-12:00
2026-07-28,2026-07-28 11:20:19-04:00,680,60,C,741.0,741.0,1.37,0.7299270072992706,0.48274193548388666,0.06514735971442466,11:00-12:00
2026-07-28,2026-07-28 11:20:19-04:00,680,60,P,741.0,741.0,1.41,0.7092198581560291,0.6388461538462025,0.08621405584968994,11:00-12:00
2026-07-28,2026-07-28 11:25:19-04:00,685,15,C,741.0,741.48,1.54,0.6493506493506499,0.2093442622949624,0.02823329857783924,11:00-12:00
2026-07-28,2026-07-28 11:25:19-04:00,685,15,P,741.0,741.48,1.13,0.8849557522123707,0.3787179487179628,0.051075949279543995,11:00-12:00
2026-07-28,2026-07-28 11:25:19-04:00,685,30,C,741.0,741.48,1.54,0.6493506493506499,0.19852459016397006,0.026774099121212987,11:00-12:00
2026-07-28,2026-07-28 11:25:19-04:00,685,30,P,741.0,741.48,1.13,0.8849557522123707,0.4900000000000091,0.06608404811997749,11:00-12:00
2026-07-28,2026-07-28 11:25:19-04:00,685,60,C,741.0,741.48,1.54,0.6493506493506499,0.2541176470588198,0.034271679217082025,11:00-12:00
2026-07-28,2026-07-28 11:25:19-04:00,685,60,P,741.0,741.48,1.13,0.8849557522123707,0.5617391304347166,0.07575917495208455,11:00-12:00
2026-07-28,2026-07-28 11:30:20-04:00,690,15,C,741.0,741.19,1.38,0.7246376811594049,0.23704918032774458,0.031982242114403134,11:00-12:00
2026-07-28,2026-07-28 11:30:20-04:00,690,15,P,741.0,741.19,1.2,1.6666666666666683,0.23615384615391122,0.03186144526422526,11:00-12:00
2026-07-28,2026-07-28 11:30:20-04:00,690,30,C,741.0,741.19,1.38,0.7246376811594049,0.2935714285713402,0.03960812053202825,11:00-12:00
2026-07-28,2026-07-28 11:30:20-04:00,690,30,P,741.0,741.19,1.2,1.6666666666666683,0.36576923076938783,0.049348916036291345,11:00-12:00
2026-07-28,2026-07-28 11:30:20-04:00,690,60,C,741.0,741.19,1.38,0.7246376811594049,0.26857142857136296,0.03623516622881622,11:00-12:00
2026-07-28,2026-07-28 11:30:20-04:00,690,60,P,741.0,741.19,1.2,1.6666666666666683,0.40528301886797635,0.05468004410042989,11:00-12:00
2026-07-28,2026-07-28 11:35:18-04:00,695,15,C,741.0,741.32,1.45,0.6896551724137937,0.24774193548387302,0.03341902761073126,11:00-12:00
2026-07-28,2026-07-28 11:35:18-04:00,695,15,P,741.0,741.32,1.1,0.9090909090909097,0.22000000000002728,0.029676792748074686,11:00-12:00
2026-07-28,2026-07-28 11:35:18-04:00,695,30,C,741.0,741.32,1.45,0.6896551724137937,0.2746825396824306,0.03705316728031492,11:00-12:00
2026-07-28,2026-07-28 11:35:18-04:00,695,30,P,741.0,741.32,1.1,0.9090909090909097,0.30346153846164725,0.040935296290623105,11:00-12:00
2026-07-28,2026-07-28 11:35:18-04:00,695,60,C,741.0,741.32,1.45,0.6896551724137937,0.3184848484847862,0.042961858372199076,11:00-12:00
2026-07-28,2026-07-28 11:35:18-04:00,695,60,P,741.0,741.32,1.1,0.9090909090909097,0.3361224489797223,0.04534107389247859,11:00-12:00
2026-07-28,2026-07-28 11:40:18-04:00,700,15,C,742.0,741.59,1.0,1.0000000000000009,0.14999999999997726,0.020226809962375067,11:00-12:00
2026-07-28,2026-07-28 11:40:18-04:00,700,15,P,742.0,741.59,1.42,0.7042253521126767,0.1471698113207367,0.01984517203855725,11:00-12:00
2026-07-28,2026-07-28 11:40:18-04:00,700,30,C,742.0,741.59,1.0,1.0000000000000009,0.21714285714290327,0.02928071537411552,11:00-12:00
2026-07-28,2026-07-28 11:40:18-04:00,700,30,P,742.0,741.59,1.42,0.7042253521126767,0.23166666666668334,0.0312391842752307,11:00-12:00
2026-07-28,2026-07-28 11:40:18-04:00,700,60,C,742.0,741.59,1.0,1.0000000000000009,0.33666666666658784,0.04539795124888251,11:00-12:00
2026-07-28,2026-07-28 11:40:18-04:00,700,60,P,742.0,741.59,1.42,0.7042253521126767,0.31571428571442084,0.04257261906369029,11:00-12:00
2026-07-28,2026-07-28 11:45:20-04:00,705,15,C,742.0,742.05,1.16,0.8620689655172422,0.08436507936505677,0.01136919066977384,11:00-12:00
2026-07-28,2026-07-28 11:45:20-04:00,705,15,P,742.0,742.05,1.16,0.8620689655172422,0.14884615384619337,0.020058776881098764,11:00-12:00
2026-07-28,2026-07-28 11:45:20-04:00,705,30,C,742.0,742.05,1.16,0.8620689655172422,0.06500000000005457,0.008759517552732913,11:00-12:00
2026-07-28,2026-07-28 11:45:20-04:00,705,30,P,742.0,742.05,1.16,0.8620689655172422,0.16227272727269337,0.02186816619805854,11:00-12:00
2026-07-28,2026-07-28 11:45:20-04:00,705,60,C,742.0,742.05,1.16,0.8620689655172422,0.22704918032786736,0.030597558160213915,11:00-12:00
2026-07-28,2026-07-28 11:45:20-04:00,705,60,P,742.0,742.05,1.16,0.8620689655172422,0.3285714285714221,0.044278879936853595,11:00-12:00
2026-07-28,2026-07-28 11:50:19-04:00,710,15,C,742.0,742.1,1.17,0.8547008547008554,0.050238095238000824,0.006769720420159119,11:00-12:00
2026-07-28,2026-07-28 11:50:19-04:00,710,15,P,742.0,742.1,1.11,0.9009009009009016,0.10269230769233673,0.013838068682433194,11:00-12:00
2026-07-28,2026-07-28 11:50:19-04:00,710,30,C,742.0,742.1,1.17,0.8547008547008554,0.06016129032252593,0.00810689803564559,11:00-12:00
2026-07-28,2026-07-28 11:50:19-04:00,710,30,P,742.0,742.1,1.11,0.9009009009009016,0.1619230769231308,0.021819576461815225,11:00-12:00
2026-07-28,2026-07-28 11:50:19-04:00,710,60,C,742.0,742.1,1.17,0.8547008547008554,0.2312499999999318,0.03116156852175337,11:00-12:00
2026-07-28,2026-07-28 11:50:19-04:00,710,60,P,742.0,742.1,1.11,0.9009009009009016,0.2952830188679627,0.03979019254385699,11:00-12:00
2026-07-28,2026-07-28 11:55:19-04:00,715,15,C,742.0,741.99,1.13,0.8849557522123707,0.04928571428570194,0.006642369073127931,11:00-12:00
2026-07-28,2026-07-28 11:55:19-04:00,715,15,P,742.0,741.99,1.14,0.8771929824561412,0.0740909090908417,0.009985432295696938,11:00-12:00
2026-07-28,2026-07-28 11:55:19-04:00,715,30,C,742.0,741.99,1.13,0.8849557522123707,0.06111111111113132,0.00823610980082364,11:00-12:00
2026-07-28,2026-07-28 11:55:19-04:00,715,30,P,742.0,741.99,1.14,0.8771929824561412,0.09347826086957411,0.012598318153826078,11:00-12:00
2026-07-28,2026-07-28 11:55:19-04:00,715,60,C,742.0,741.99,1.13,0.8849557522123707,0.3401886792453297,0.045848148795176444,11:00-12:00
2026-07-28,2026-07-28 11:55:19-04:00,715,60,P,742.0,741.99,1.14,0.8771929824561412,0.33444444444444343,0.045073982728128875,11:00-12:00
2026-07-28,2026-07-28 12:00:19-04:00,720,15,C,742.0,742.05,1.13,1.7699115044247606,0.011428571428609757,0.0015401349543305383,11:00-12:00
2026-07-28,2026-07-28 12:00:19-04:00,720,15,P,742.0,742.05,1.11,0.9009009009009016,0.0486363636363194,0.006554324322662813,11:00-12:00
2026-07-28,2026-07-28 12:00:19-04:00,720,30,C,742.0,742.05,1.13,1.7699115044247606,0.011746031746042718,0.0015829164808358895,11:00-12:00
2026-07-28,2026-07-28 12:00:19-04:00,720,30,P,742.0,742.05,1.11,0.9009009009009016,0.0954716981132151,0.012865938698634203,11:00-12:00
2026-07-28,2026-07-28 12:00:19-04:00,720,60,C,742.0,742.05,1.13,1.7699115044247606,0.3510169491526085,0.04730367888317614,11:00-12:00
2026-07-28,2026-07-28 12:00:19-04:00,720,60,P,742.0,742.05,1.11,0.9009009009009016,0.441147540983593,0.059449840439807694,11:00-12:00
2026-07-28,2026-07-28 12:05:20-04:00,725,15,C,742.0,742.055,1.12,0.8928571428571435,0.024516129032349454,0.0033038156244954153,12:00-13:00
2026-07-28,2026-07-28 12:05:20-04:00,725,15,P,742.0,742.055,1.09,0.9174311926605512,0.07846153846151083,0.0105735475755181,12:00-13:00
2026-07-28,2026-07-28 12:05:20-04:00,725,30,C,742.0,742.055,1.12,0.8928571428571435,0.03892156862741558,0.005245105636026383,12:00-13:00
2026-07-28,2026-07-28 12:05:20-04:00,725,30,P,742.0,742.055,1.09,0.9174311926605512,0.050714285714320795,0.0068343028096732455,12:00-13:00
2026-07-28,2026-07-28 12:05:20-04:00,725,60,C,742.0,742.055,1.12,0.8928571428571435,0.25368852459018854,0.034187294013272404,12:00-13:00
2026-07-28,2026-07-28 12:05:20-04:00,725,60,P,742.0,742.055,1.09,0.9174311926605512,0.3768518518518249,0.050784894900219646,12:00-13:00
2026-07-28,2026-07-28 12:10:19-04:00,730,15,C,742.0,741.575,0.88,1.1363636363636374,0.013148148148161454,0.0017730031551982542,12:00-13:00
2026-07-28,2026-07-28 12:10:19-04:00,730,15,P,742.0,741.575,1.3,0.7692307692307698,0.026304347826112462,0.0035470920441105025,12:00-13:00
2026-07-28,2026-07-28 12:10:19-04:00,730,30,C,742.0,741.575,0.88,1.1363636363636374,0.12136363636352598,0.016365659085530927,12:00-13:00
2026-07-28,2026-07-28 12:10:19-04:00,730,30,P,742.0,741.575,1.3,0.7692307692307698,0.08642857142865523,0.011654731002077366,12:00-13:00
2026-07-28,2026-07-28 12:10:19-04:00,730,60,C,742.0,741.575,0.88,1.1363636363636374,0.21833333333336213,0.02944184112643524,12:00-13:00
2026-07-28,2026-07-28 12:10:19-04:00,730,60,P,742.0,741.575,1.3,0.7692307692307698,0.2243750000000091,0.03025654856218307,12:00-13:00
2026-07-28,2026-07-28 12:15:20-04:00,735,15,C,742.0,741.615,0.89,1.1235955056179785,-0.04333333333340761,-0.005843103676895372,12:00-13:00
2026-07-28,2026-07-28 12:15:20-04:00,735,15,P,742.0,741.615,1.29,0.7751937984496131,9.433962270577467e-05,1.2720835299417444e-05,12:00-13:00
2026-07-28,2026-07-28 12:15:20-04:00,735,30,C,742.0,741.615,0.89,1.1235955056179785,0.19197674418603583,0.025886308149920892,12:00-13:00
2026-07-28,2026-07-28 12:15:20-04:00,735,30,P,742.0,741.615,1.29,0.7751937984496131,0.12571428571436627,0.016951421656029916,12:00-13:00
2026-07-28,2026-07-28 12:15:20-04:00,735,60,C,742.0,741.615,0.89,1.1235955056179785,0.23500000000001364,0.031687600709264734,12:00-13:00
2026-07-28,2026-07-28 12:15:20-04:00,735,60,P,742.0,741.615,1.29,0.7751937984496131,0.30911764705876976,0.041681687541213396,12:00-13:00
2026-07-28,2026-07-28 12:20:20-04:00,740,15,C,742.0,742.015,1.09,0.9174311926605512,0.020098039215667995,0.0027085758664808657,12:00-13:00
2026-07-28,2026-07-28 12:20:20-04:00,740,15,P,742.0,742.015,1.08,0.9259259259259267,-0.009693877550944308,-0.0013064260898963374,12:00-13:00
2026-07-28,2026-07-28 12:20:20-04:00,740,30,C,742.0,742.015,1.09,0.9174311926605512,0.19124999999996817,0.025774411568494998,12:00-13:00
2026-07-28,2026-07-28 12:20:20-04:00,740,30,P,742.0,742.015,1.08,0.9259259259259267,0.15367924528300136,0.020711069895217937,12:00-13:00
2026-07-28,2026-07-28 12:20:20-04:00,740,60,C,742.0,742.015,1.09,0.9174311926605512,0.21926229508198958,0.0295495771759317,12:00-13:00
2026-07-28,2026-07-28 12:20:20-04:00,740,60,P,742.0,742.015,1.08,0.9259259259259267,0.2678571428571104,0.03609861564215149,12:00-13:00
2026-07-28,2026-07-28 12:25:20-04:00,745,15,C,741.0,741.44,1.35,0.7407407407407414,0.06999999999993634,0.009441087613284464,12:00-13:00
2026-07-28,2026-07-28 12:25:20-04:00,745,15,P,741.0,741.44,0.9,1.111111111111112,0.09341463414648388,0.0125990820762953,12:00-13:00
2026-07-28,2026-07-28 12:25:20-04:00,745,30,C,741.0,741.44,1.35,0.7407407407407414,0.24571428571425713,0.03314014427522889,12:00-13:00
2026-07-28,2026-07-28 12:25:20-04:00,745,30,P,741.0,741.44,0.9,1.111111111111112,0.2511111111111859,0.0338680285810296,12:00-13:00
2026-07-28,2026-07-28 12:25:20-04:00,745,60,C,741.0,741.44,1.35,0.7407407407407414,0.2283582089552283,0.03079928368515703,12:00-13:00
2026-07-28,2026-07-28 12:25:20-04:00,745,60,P,741.0,741.44,0.9,1.111111111111112,0.3857142857143572,0.05202231950182849,12:00-13:00
2026-07-28,2026-07-28 12:30:21-04:00,750,15,C,741.0,741.03,1.12,0.8928571428571435,0.1814754098360254,0.024489617132373236,12:00-13:00
2026-07-28,2026-07-28 12:30:21-04:00,750,15,P,741.0,741.03,1.08,0.9259259259259267,0.1657142857143299,0.022362695938670487,12:00-13:00
2026-07-28,2026-07-28 12:30:21-04:00,750,30,C,741.0,741.03,1.12,0.8928571428571435,0.3540677966102521,0.04778049425937575,12:00-13:00
2026-07-28,2026-07-28 12:30:21-04:00,750,30,P,741.0,741.03,1.08,0.9259259259259267,0.37196721311477177,0.050195972243333165,12:00-13:00
2026-07-28,2026-07-28 12:30:21-04:00,750,60,C,741.0,741.03,1.12,0.8928571428571435,0.3384615384616154,0.04567447181107586,12:00-13:00
2026-07-28,2026-07-28 12:30:21-04:00,750,60,P,741.0,741.03,1.08,0.9259259259259267,0.33846153846150173,0.04567447181106052,12:00-13:00
2026-07-28,2026-07-28 12:35:20-04:00,755,15,C,741.0,741.29,1.23,0.8130081300813016,0.1349999999999909,0.018211496175584575,12:00-13:00
2026-07-28,2026-07-28 12:35:20-04:00,755,15,P,741.0,741.29,0.96,1.0416666666666676,0.18594594594594582,0.025084102840446494,12:00-13:00
2026-07-28,2026-07-28 12:35:20-04:00,755,30,C,741.0,741.29,1.23,0.8130081300813016,0.19901639344266187,0.02684730583748086,12:00-13:00
2026-07-28,2026-07-28 12:35:20-04:00,755,30,P,741.0,741.29,0.96,1.0416666666666676,0.37111111111107675,0.0500628783756798,12:00-13:00
2026-07-28,2026-07-28 12:35:20-04:00,755,60,C,741.0,741.29,1.23,0.8130081300813016,0.3342857142856701,0.04509513338715889,12:00-13:00
2026-07-28,2026-07-28 12:35:20-04:00,755,60,P,741.0,741.29,0.96,1.0416666666666676,0.4439534883721308,0.05988931300464471,12:00-13:00
2026-07-28,2026-07-28 12:40:20-04:00,760,15,C,742.0,741.81,0.93,0.0,0.1428301886793406,0.019254281915765576,12:00-13:00
2026-07-28,2026-07-28 12:40:20-04:00,760,15,P,742.0,741.81,1.13,0.8849557522123707,0.13222222222213986,0.017824270665283547,12:00-13:00
2026-07-28,2026-07-28 12:40:20-04:00,760,30,C,742.0,741.81,0.93,0.0,0.07592592592607161,0.010235225452079591,12:00-13:00
2026-07-28,2026-07-28 12:40:20-04:00,760,30,P,742.0,741.81,1.13,0.8849557522123707,0.13260869565203848,0.017876369373834067,12:00-13:00
2026-07-28,2026-07-28 12:40:20-04:00,760,60,C,742.0,741.81,0.93,0.0,0.28230769230776787,0.03805660375402972,12:00-13:00
2026-07-28,2026-07-28 12:40:20-04:00,760,60,P,742.0,741.81,1.13,0.8849557522123707,0.32666666666659694,0.04403643340836561,12:00-13:00
2026-07-28,2026-07-28 12:45:21-04:00,765,15,C,742.0,741.9,0.94,1.0638297872340319,0.1789830508474779,0.02412495630778783,12:00-13:00
2026-07-28,2026-07-28 12:45:21-04:00,765,15,P,742.0,741.9,1.07,0.9345794392523372,0.22557377049179195,0.03040487538641218,12:00-13:00
2026-07-28,2026-07-28 12:45:21-04:00,765,30,C,742.0,741.9,0.94,1.0638297872340319,0.04615384615385665,0.006221033313634808,12:00-13:00
2026-07-28,2026-07-28 12:45:21-04:00,765,30,P,742.0,741.9,1.07,0.9345794392523372,0.14574468085106673,0.019644787821952656,12:00-13:00
2026-07-28,2026-07-28 12:45:21-04:00,765,60,C,742.0,741.9,0.94,1.0638297872340319,0.12813559322034962,0.0172712755385294,12:00-13:00
2026-07-28,2026-07-28 12:45:21-04:00,765,60,P,742.0,741.9,1.07,0.9345794392523372,0.22779661016943464,0.030704489846264275,12:00-13:00
2026-07-28,2026-07-28 12:50:21-04:00,770,15,C,742.0,742.05,1.0,1.0000000000000009,0.061967213114826336,0.008350813707273948,12:00-13:00
2026-07-28,2026-07-28 12:50:21-04:00,770,15,P,742.0,742.05,0.99,1.010101010101011,0.18666666666661058,0.025155537587306865,12:00-13:00
2026-07-28,2026-07-28 12:50:21-04:00,770,30,C,742.0,742.05,1.0,1.0000000000000009,0.036721311475389484,0.004948630345042717,12:00-13:00
2026-07-28,2026-07-28 12:50:21-04:00,770,30,P,742.0,742.05,0.99,1.010101010101011,0.1343589743589746,0.018106458373286786,12:00-13:00
2026-07-28,2026-07-28 12:50:21-04:00,770,60,C,742.0,742.05,1.0,1.0000000000000009,0.14647540983605722,0.01973929113079405,12:00-13:00
2026-07-28,2026-07-28 12:50:21-04:00,770,60,P,742.0,742.05,0.99,1.010101010101011,0.2702631578946466,0.03642115192974148,12:00-13:00
2026-07-28,2026-07-28 12:55:21-04:00,775,15,C,742.0,742.5,1.24,1.6129032258064528,-0.03999999999996362,-0.005387205387200488,12:00-13:00
2026-07-28,2026-07-28 12:55:21-04:00,775,15,P,742.0,742.5,0.77,1.2987012987012998,0.03999999999996362,0.005387205387200488,12:00-13:00
2026-07-28,2026-07-28 12:55:21-04:00,775,30,C,742.0,742.5,1.24,1.6129032258064528,0.004179104477657347,0.0005628423538932455,12:00-13:00
2026-07-28,2026-07-28 12:55:21-04:00,775,30,P,742.0,742.5,0.77,1.2987012987012998,0.18040816326526965,0.024297395725962245,12:00-13:00
2026-07-28,2026-07-28 12:55:21-04:00,775,60,C,742.0,742.5,1.24,1.6129032258064528,0.14642857142860066,0.019721019721023657,12:00-13:00
2026-07-28,2026-07-28 12:55:21-04:00,775,60,P,742.0,742.5,0.77,1.2987012987012998,0.2651162790697299,0.03570589617100739,12:00-13:00
2026-07-28,2026-07-28 13:01:22-04:00,781,15,C,743.0,742.74,0.75,1.3333333333333344,-0.15923076923070312,-0.021438291896316762,13:00-14:00
2026-07-28,2026-07-28 13:01:22-04:00,781,15,P,743.0,742.74,1.04,0.9615384615384623,-0.07808510638301414,-0.010513114465763812,13:00-14:00
2026-07-28,2026-07-28 13:01:22-04:00,781,30,C,743.0,742.74,0.75,1.3333333333333344,-0.09333333333336213,-0.012566084138912961,13:00-14:00
2026-07-28,2026-07-28 13:01:22-04:00,781,30,P,743.0,742.74,1.04,0.9615384615384623,-0.0284615384615563,-0.003831965218186216,13:00-14:00
2026-07-28,2026-07-28 13:01:22-04:00,781,60,C,743.0,742.74,0.75,1.3333333333333344,0.07461538461529926,0.01004596286928121,13:00-14:00
2026-07-28,2026-07-28 13:01:22-04:00,781,60,P,743.0,742.74,1.04,0.9615384615384623,0.12250000000005912,0.01649298543232613,13:00-14:00
2026-07-28,2026-07-28 13:06:21-04:00,786,15,C,742.0,742.03,0.96,1.0416666666666676,-0.008852459016338798,-0.0011930055410615203,13:00-14:00
2026-07-28,2026-07-28 13:06:21-04:00,786,15,P,742.0,742.03,0.91,1.0989010989010999,-0.09076923076929688,-0.012232555391196703,13:00-14:00
2026-07-28,2026-07-28 13:06:21-04:00,786,30,C,742.0,742.03,0.96,1.0416666666666676,0.11214285714288508,0.015112981569867132,13:00-14:00
2026-07-28,2026-07-28 13:06:21-04:00,786,30,P,742.0,742.03,0.91,1.0989010989010999,0.06767441860461076,0.009120172850775678,13:00-14:00
2026-07-28,2026-07-28 13:06:21-04:00,786,60,C,742.0,742.03,0.96,1.0416666666666676,0.2146153846153993,0.02892273689950532,13:00-14:00
2026-07-28,2026-07-28 13:06:21-04:00,786,60,P,742.0,742.03,0.91,1.0989010989010999,0.2507017543860002,0.033785932426721316,13:00-14:00
2026-07-28,2026-07-28 13:11:21-04:00,791,15,C,741.0,741.46,1.25,0.8000000000000007,0.059104477611981565,0.007971364282898815,13:00-14:00
2026-07-28,2026-07-28 13:11:21-04:00,791,15,P,741.0,741.46,0.78,1.2820512820512833,0.1608163265306075,0.021689143922882893,13:00-14:00
2026-07-28,2026-07-28 13:11:21-04:00,791,30,C,741.0,741.46,1.25,0.8000000000000007,0.17529411764701308,0.023641749743345975,13:00-14:00
2026-07-28,2026-07-28 13:11:21-04:00,791,30,P,741.0,741.46,0.78,1.2820512820512833,0.24750000000005912,0.03338008793462346,13:00-14:00
2026-07-28,2026-07-28 13:11:21-04:00,791,60,C,741.0,741.46,1.25,0.8000000000000007,0.2899999999999636,0.03911202222641324,13:00-14:00
2026-07-28,2026-07-28 13:11:21-04:00,791,60,P,741.0,741.46,0.78,1.2820512820512833,0.40047619047618355,0.05401184021743365,13:00-14:00
2026-07-28,2026-07-28 13:16:22-04:00,796,15,C,741.0,741.35,1.17,1.7094017094017109,0.09538461538465981,0.012866340511858072,13:00-14:00
2026-07-28,2026-07-28 13:16:22-04:00,796,15,P,741.0,741.35,0.8,1.250000000000001,0.12000000000000455,0.016186686450395164,13:00-14:00
2026-07-28,2026-07-28 13:16:22-04:00,796,30,C,741.0,741.35,1.17,1.7094017094017109,0.06796610169487849,0.009167883144921897,13:00-14:00
2026-07-28,2026-07-28 13:16:22-04:00,796,30,P,741.0,741.35,0.8,1.250000000000001,0.06238095238097685,0.00841450763889888,13:00-14:00
2026-07-28,2026-07-28 13:16:22-04:00,796,60,C,741.0,741.35,1.17,1.7094017094017109,0.26101351351348967,0.03520786585465565,13:00-14:00
2026-07-28,2026-07-28 13:16:22-04:00,796,60,P,741.0,741.35,0.8,1.250000000000001,0.3525000000000773,0.047548391448044416,13:00-14:00
2026-07-28,2026-07-28 13:21:22-04:00,801,15,C,742.0,741.89,0.89,1.1235955056179785,0.12538461538463253,0.016900701638333515,13:00-14:00
2026-07-28,2026-07-28 13:21:22-04:00,801,15,P,742.0,741.89,1.01,0.990099009900991,0.15666666666663787,0.021117236607399732,13:00-14:00
2026-07-28,2026-07-28 13:21:22-04:00,801,30,C,742.0,741.89,0.89,1.1235955056179785,0.1261475409836521,0.017003537045067612,13:00-14:00
2026-07-28,2026-07-28 13:21:22-04:00,801,30,P,742.0,741.89,1.01,0.990099009900991,0.1453508771929819,0.019591971477305518,13:00-14:00
2026-07-28,2026-07-28 13:21:22-04:00,801,60,C,742.0,741.89,0.89,1.1235955056179785,0.2728813559322134,0.03678191590831706,13:00-14:00
2026-07-28,2026-07-28 13:21:22-04:00,801,60,P,742.0,741.89,1.01,0.990099009900991,0.35806451612904766,0.048263828347739915,13:00-14:00
2026-07-28,2026-07-28 13:26:23-04:00,806,15,C,741.0,741.34,1.14,0.8771929824561412,0.027118644067741116,0.0036580575805623752,13:00-14:00
2026-07-28,2026-07-28 13:26:23-04:00,806,15,P,741.0,741.34,0.77,1.2987012987012998,-0.019047619047569242,-0.0025693499672983034,13:00-14:00
2026-07-28,2026-07-28 13:26:23-04:00,806,30,C,741.0,741.34,1.14,0.8771929824561412,0.12785714285712402,0.017246761655532416,13:00-14:00
2026-07-28,2026-07-28 13:26:23-04:00,806,30,P,741.0,741.34,0.77,1.2987012987012998,0.10511627906976173,0.014179226680033685,13:00-14:00
2026-07-28,2026-07-28 13:26:23-04:00,806,60,C,741.0,741.34,1.14,0.8771929824561412,0.2966666666666242,0.04001762574076998,13:00-14:00
2026-07-28,2026-07-28 13:26:23-04:00,806,60,P,741.0,741.34,0.77,1.2987012987012998,0.34363636363639216,0.046353409182883984,13:00-14:00
2026-07-28,2026-07-28 13:31:23-04:00,811,15,C,741.0,741.23,1.04,0.9615384615384623,-0.032372881355968275,-0.0043674542795041045,13:00-14:00
2026-07-28,2026-07-28 13:31:23-04:00,811,15,P,741.0,741.23,0.81,1.234567901234569,-0.0338095238095093,-0.004561272993471567,13:00-14:00
2026-07-28,2026-07-28 13:31:23-04:00,811,30,C,741.0,741.23,1.04,0.9615384615384623,0.1376923076921912,0.01857619196365382,13:00-14:00
2026-07-28,2026-07-28 13:31:23-04:00,811,30,P,741.0,741.23,0.81,1.234567901234569,0.27526315789475575,0.03713599798912021,13:00-14:00
2026-07-28,2026-07-28 13:31:23-04:00,811,60,C,741.0,741.23,1.04,0.9615384615384623,0.2622641509433379,0.035382290374558215,13:00-14:00
2026-07-28,2026-07-28 13:31:23-04:00,811,60,P,741.0,741.23,0.81,1.234567901234569,0.33043478260879056,0.04457925105686367,13:00-14:00
2026-07-28,2026-07-28 13:36:21-04:00,816,15,C,742.0,741.66,0.7,1.42857142857143,-0.043292682926789894,-0.005837268145348259,13:00-14:00
2026-07-28,2026-07-28 13:36:21-04:00,816,15,P,742.0,741.66,1.06,1.8867924528301903,0.0030701754385518143,0.00041395995989426616,13:00-14:00
2026-07-28,2026-07-28 13:36:21-04:00,816,30,C,742.0,741.66,0.7,1.42857142857143,0.0818181818181074,0.011031764126163931,13:00-14:00
2026-07-28,2026-07-28 13:36:21-04:00,816,30,P,742.0,741.66,1.06,1.8867924528301903,0.14385964912287363,0.019396980978194003,13:00-14:00
2026-07-28,2026-07-28 13:36:21-04:00,816,60,C,742.0,741.66,0.7,1.42857142857143,0.324516129032304,0.043755376996508374,13:00-14:00
2026-07-28,2026-07-28 13:36:21-04:00,816,60,P,742.0,741.66,1.06,1.8867924528301903,0.2400000000000091,0.03235984143677818,13:00-14:00
2026-07-28,2026-07-28 13:41:22-04:00,821,15,C,741.0,741.4,1.1,0.9090909090909097,-0.0035714285713766003,-0.00048171413155875375,13:00-14:00
2026-07-28,2026-07-28 13:41:22-04:00,821,15,P,741.0,741.4,0.7,1.42857142857143,0.002325581395325571,0.0003136743182257312,13:00-14:00
2026-07-28,2026-07-28 13:41:22-04:00,821,30,C,741.0,741.4,1.1,0.9090909090909097,0.0913793103449052,0.012325237435244836,13:00-14:00
2026-07-28,2026-07-28 13:41:22-04:00,821,30,P,741.0,741.4,0.7,1.42857142857143,0.14999999999997726,0.020231993525759006,13:00-14:00
2026-07-28,2026-07-28 13:41:22-04:00,821,60,C,741.0,741.4,1.1,0.9090909090909097,0.2699999999999818,0.036417588346369274,13:00-14:00
2026-07-28,2026-07-28 13:41:22-04:00,821,60,P,741.0,741.4,0.7,1.42857142857143,0.38116279069765824,0.0514112207577095,13:00-14:00
2026-07-28,2026-07-28 13:46:23-04:00,826,15,C,741.0,740.74,0.78,1.2820512820512833,0.1836363636363103,0.024790933881835776,13:00-14:00
2026-07-28,2026-07-28 13:46:23-04:00,826,15,P,741.0,740.74,1.04,0.9615384615384623,0.1887719298246111,0.02548423601055851,13:00-14:00
2026-07-28,2026-07-28 13:46:23-04:00,826,30,C,741.0,740.74,0.78,1.2820512820512833,0.1537962962962638,0.020762520762516376,13:00-14:00
2026-07-28,2026-07-28 13:46:23-04:00,826,30,P,741.0,740.74,1.04,0.9615384615384623,0.23625000000004093,0.03189378189378742,13:00-14:00
2026-07-28,2026-07-28 13:46:23-04:00,826,60,C,741.0,740.74,0.78,1.2820512820512833,0.4051612903225532,0.054696828890373576,13:00-14:00
2026-07-28,2026-07-28 13:46:23-04:00,826,60,P,741.0,740.74,1.04,0.9615384615384623,0.35016949152543475,0.04727292862886232,13:00-14:00
2026-07-28,2026-07-28 13:51:23-04:00,831,15,C,741.0,740.885,0.82,1.2195121951219388,0.1295454545454504,0.017485231114876185,13:00-14:00
2026-07-28,2026-07-28 13:51:23-04:00,831,15,P,741.0,740.885,0.94,1.0638297872340319,0.1583333333334167,0.021370838029305048,13:00-14:00
2026-07-28,2026-07-28 13:51:23-04:00,831,30,C,741.0,740.885,0.82,1.2195121951219388,0.1592372881356141,0.02149284816612755,13:00-14:00
2026-07-28,2026-07-28 13:51:23-04:00,831,30,P,741.0,740.885,0.94,1.0638297872340319,0.2401612903225896,0.032415461282464836,13:00-14:00
2026-07-28,2026-07-28 13:51:23-04:00,831,60,C,741.0,740.885,0.82,1.2195121951219388,0.3550000000000182,0.04791566842357697,13:00-14:00
2026-07-28,2026-07-28 13:51:23-04:00,831,60,P,741.0,740.885,0.94,1.0638297872340319,0.3649999999998954,0.04926540556225264,13:00-14:00
2026-07-28,2026-07-28 13:56:23-04:00,836,15,C,741.0,740.7,0.72,1.3888888888888902,0.13620689655169826,0.018388942426312713,13:00-14:00
2026-07-28,2026-07-28 13:56:23-04:00,836,15,P,741.0,740.7,1.02,1.960784313725492,0.12741935483870748,0.01720255904397293,13:00-14:00
2026-07-28,2026-07-28 13:56:23-04:00,836,30,C,741.0,740.7,0.72,1.3888888888888902,0.18272727272722022,0.024669538642800082,13:00-14:00
2026-07-28,2026-07-28 13:56:23-04:00,836,30,P,741.0,740.7,1.02,1.960784313725492,0.2112121212121565,0.028515204699899616,13:00-14:00
2026-07-28,2026-07-28 13:56:23-04:00,836,60,C,741.0,740.7,0.72,1.3888888888888902,0.3870588235294008,0.05225581524630766,13:00-14:00
2026-07-28,2026-07-28 13:56:23-04:00,836,60,P,741.0,740.7,1.02,1.960784313725492,0.3421917808219632,0.046198431324687886,13:00-14:00
2026-07-28,2026-07-28 14:01:22-04:00,841,15,C,741.0,741.43,1.08,0.9259259259259267,0.01935185185186583,0.0026100713286305965,14:00-15:00
2026-07-28,2026-07-28 14:01:22-04:00,841,15,P,741.0,741.43,0.66,1.5151515151515165,0.12138888888887323,0.016372265606850712,14:00-15:00
2026-07-28,2026-07-28 14:01:22-04:00,841,30,C,741.0,741.43,1.08,0.9259259259259267,0.1273972602740514,0.017182641688905414,14:00-15:00
2026-07-28,2026-07-28 14:01:22-04:00,841,30,P,741.0,741.43,0.66,1.5151515151515165,0.20434782608697333,0.027561310722114474,14:00-15:00
2026-07-28,2026-07-28 14:01:22-04:00,841,60,C,741.0,741.43,1.08,0.9259259259259267,0.31526315789471937,0.04252096056198419,14:00-15:00
2026-07-28,2026-07-28 14:01:22-04:00,841,60,P,741.0,741.43,0.66,1.5151515151515165,0.38999999999998636,0.05260105471858252,14:00-15:00
2026-07-28,2026-07-28 14:06:24-04:00,846,15,C,741.0,741.06,0.85,1.176470588235295,0.059090909090969035,0.007973836003963113,14:00-15:00
2026-07-28,2026-07-28 14:06:24-04:00,846,15,P,741.0,741.06,0.76,1.3157894736842117,0.0409090909090537,0.005520348002733072,14:00-15:00
2026-07-28,2026-07-28 14:06:24-04:00,846,30,C,741.0,741.06,0.85,1.176470588235295,0.1664516129031881,0.022461286927264745,14:00-15:00
2026-07-28,2026-07-28 14:06:24-04:00,846,30,P,741.0,741.06,0.76,1.3157894736842117,0.13999999999998636,0.018891857609368522,14:00-15:00
2026-07-28,2026-07-28 14:06:24-04:00,846,60,C,741.0,741.06,0.85,1.176470588235295,0.3190163934426664,0.043048659142669476,14:00-15:00
2026-07-28,2026-07-28 14:06:24-04:00,846,60,P,741.0,741.06,0.76,1.3157894736842117,0.2784615384615563,0.03757611238787093,14:00-15:00
2026-07-28,2026-07-28 14:11:24-04:00,851,15,C,741.0,740.75,0.68,1.4705882352941189,0.06000000000005912,0.00809989875127359,14:00-15:00
2026-07-28,2026-07-28 14:11:24-04:00,851,15,P,741.0,740.75,0.92,1.0869565217391313,0.09454545454548224,0.01276347682017985,14:00-15:00
2026-07-28,2026-07-28 14:11:24-04:00,851,30,C,741.0,740.75,0.68,1.4705882352941189,0.16999999999995907,0.02294971312858037,14:00-15:00
2026-07-28,2026-07-28 14:11:24-04:00,851,30,P,741.0,740.75,0.92,1.0869565217391313,0.18447761194033774,0.02490416630986672,14:00-15:00
2026-07-28,2026-07-28 14:11:24-04:00,851,60,C,741.0,740.75,0.68,1.4705882352941189,0.36784313725490847,0.04965820280187762,14:00-15:00
2026-07-28,2026-07-28 14:11:24-04:00,851,60,P,741.0,740.75,0.92,1.0869565217391313,0.29405405405407237,0.03969680108728618,14:00-15:00
2026-07-28,2026-07-28 14:16:24-04:00,856,15,C,741.0,740.5975,0.63,1.5873015873015885,0.12117924528297408,0.016362362184989022,14:00-15:00
2026-07-28,2026-07-28 14:16:24-04:00,856,15,P,741.0,740.5975,0.99,1.010101010101011,0.08242537313435605,0.011129577555197804,14:00-15:00
2026-07-28,2026-07-28 14:16:24-04:00,856,30,C,741.0,740.5975,0.63,1.5873015873015885,0.25250000000005457,0.03409409294523066,14:00-15:00
2026-07-28,2026-07-28 14:16:24-04:00,856,30,P,741.0,740.5975,0.99,1.010101010101011,0.12292372881347546,0.01659791301124774,14:00-15:00
2026-07-28,2026-07-28 14:16:24-04:00,856,60,C,741.0,740.5975,0.63,1.5873015873015885,0.48335106382978665,0.0652650142391497,14:00-15:00
2026-07-28,2026-07-28 14:16:24-04:00,856,60,P,741.0,740.5975,0.99,1.010101010101011,0.2987658227848442,0.04034118705300035,14:00-15:00
2026-07-28,2026-07-28 14:21:23-04:00,861,15,C,741.0,740.79,0.68,1.4705882352941189,0.16225806451609515,0.021903382134760882,14:00-15:00
2026-07-28,2026-07-28 14:21:23-04:00,861,15,P,741.0,740.79,0.86,1.1627906976744196,0.03666666666663332,0.00494967084688418,14:00-15:00
2026-07-28,2026-07-28 14:21:23-04:00,861,30,C,741.0,740.79,0.68,1.4705882352941189,0.17000000000007276,0.022948473926493712,14:00-15:00
2026-07-28,2026-07-28 14:21:23-04:00,861,30,P,741.0,740.79,0.86,1.1627906976744196,0.10999999999989996,0.014849012540652542,14:00-15:00
2026-07-28,2026-07-28 14:21:23-04:00,861,60,C,741.0,740.79,0.68,1.4705882352941189,0.39377358490571623,0.053155899094981876,14:00-15:00
2026-07-28,2026-07-28 14:21:23-04:00,861,60,P,741.0,740.79,0.86,1.1627906976744196,0.3316216216215935,0.0447659419837732,14:00-15:00
2026-07-28,2026-07-28 14:26:24-04:00,866,15,C,741.0,740.61,0.58,1.7241379310344844,0.13142857142850062,0.017745989309960793,14:00-15:00
2026-07-28,2026-07-28 14:26:24-04:00,866,15,P,741.0,740.61,0.95,1.0526315789473695,0.08925373134331949,0.01205138080005934,14:00-15:00
2026-07-28,2026-07-28 14:26:24-04:00,866,30,C,741.0,740.61,0.58,1.7241379310344844,0.2025490196078863,0.027348944735810517,14:00-15:00
2026-07-28,2026-07-28 14:26:24-04:00,866,30,P,741.0,740.61,0.95,1.0526315789473695,0.1495918367346576,0.020198462987896137,14:00-15:00
2026-07-28,2026-07-28 14:26:24-04:00,866,60,C,741.0,740.61,0.58,1.7241379310344844,0.45071428571429806,0.060857169861910865,14:00-15:00
2026-07-28,2026-07-28 14:26:24-04:00,866,60,P,741.0,740.61,0.95,1.0526315789473695,0.2933333333334076,0.0396069906338569,14:00-15:00
2026-07-28,2026-07-28 14:31:26-04:00,871,15,C,741.0,740.53,0.54,1.8518518518518534,0.15000000000009095,0.020255762764518785,14:00-15:00
2026-07-28,2026-07-28 14:31:26-04:00,871,15,P,741.0,740.53,0.99,1.010101010101011,0.1038888888888323,0.014028991248002417,14:00-15:00
2026-07-28,2026-07-28 14:31:26-04:00,871,30,C,741.0,740.53,0.54,1.8518518518518534,0.258148148148166,0.03485991764657286,14:00-15:00
2026-07-28,2026-07-28 14:31:26-04:00,871,30,P,741.0,740.53,0.99,1.010101010101011,0.10126760563377957,0.013675017302982942,14:00-15:00
2026-07-28,2026-07-28 14:31:26-04:00,871,60,C,741.0,740.53,0.54,1.8518518518518534,0.4403703703703741,0.059466918338267734,14:00-15:00
2026-07-28,2026-07-28 14:31:26-04:00,871,60,P,741.0,740.53,0.99,1.010101010101011,0.25894736842099064,0.03496784308819233,14:00-15:00
2026-07-28,2026-07-28 14:36:26-04:00,876,15,C,741.0,740.92,0.67,1.492537313432837,0.06901960784318817,0.009315392733788827,14:00-15:00
2026-07-28,2026-07-28 14:36:26-04:00,876,15,P,741.0,740.92,0.77,1.2987012987012998,0.09224489795906265,0.012450048312781766,14:00-15:00
2026-07-28,2026-07-28 14:36:26-04:00,876,30,C,741.0,740.92,0.67,1.492537313432837,0.1639344262295026,0.02212579309905288,14:00-15:00
2026-07-28,2026-07-28 14:36:26-04:00,876,30,P,741.0,740.92,0.77,1.2987012987012998,0.15384615384618883,0.020764205831424288,14:00-15:00
2026-07-28,2026-07-28 14:36:26-04:00,876,60,C,741.0,740.92,0.67,1.492537313432837,0.3114285714285643,0.04203268523302979,14:00-15:00
2026-07-28,2026-07-28 14:36:26-04:00,876,60,P,741.0,740.92,0.77,1.2987012987012998,0.3023728813559501,0.04081046285104331,14:00-15:00
2026-07-28,2026-07-28 14:41:24-04:00,881,15,C,741.0,740.67,0.55,1.8181818181818195,0.08372549019622966,0.011304020710468854,14:00-15:00
2026-07-28,2026-07-28 14:41:24-04:00,881,15,P,741.0,740.67,0.86,1.1627906976744196,0.02591836734688968,0.0034993137762957434,14:00-15:00
2026-07-28,2026-07-28 14:41:24-04:00,881,30,C,741.0,740.67,0.55,1.8181818181818195,0.19294117647064013,0.02604954655523244,14:00-15:00
2026-07-28,2026-07-28 14:41:24-04:00,881,30,P,741.0,740.67,0.86,1.1627906976744196,0.1191836734693652,0.016091332640631485,14:00-15:00
2026-07-28,2026-07-28 14:41:24-04:00,881,60,C,741.0,740.67,0.55,1.8181818181818195,0.41000000000008185,0.0553552864298651,14:00-15:00
2026-07-28,2026-07-28 14:41:24-04:00,881,60,P,741.0,740.67,0.86,1.1627906976744196,0.24573770491792857,0.033177758639870464,14:00-15:00
2026-07-28,2026-07-28 14:46:25-04:00,886,15,C,741.0,741.0,0.7,1.42857142857143,0.08444444444444343,0.01139601139601126,14:00-15:00
2026-07-28,2026-07-28 14:46:25-04:00,886,15,P,741.0,741.0,0.69,1.449275362318826,0.026666666666642413,0.003598740440842431,14:00-15:00
2026-07-28,2026-07-28 14:46:25-04:00,886,30,C,741.0,741.0,0.7,1.42857142857143,0.22978723404253287,0.031010422947710236,14:00-15:00
2026-07-28,2026-07-28 14:46:25-04:00,886,30,P,741.0,741.0,0.69,1.449275362318826,0.17692307692311715,0.02387625869407789,14:00-15:00
2026-07-28,2026-07-28 14:46:25-04:00,886,60,C,741.0,741.0,0.7,1.42857142857143,0.30499999999995,0.04116059379216599,14:00-15:00
2026-07-28,2026-07-28 14:46:25-04:00,886,60,P,741.0,741.0,0.69,1.449275362318826,0.35358208955233295,0.04771688118115155,14:00-15:00
2026-07-28,2026-07-28 14:51:25-04:00,891,15,C,741.0,741.44,0.93,1.0752688172043021,0.07016393442609115,0.009463197888715356,14:00-15:00
2026-07-28,2026-07-28 14:51:25-04:00,891,15,P,741.0,741.44,0.49,2.040816326530614,0.058461538461642704,0.007884864380346718,14:00-15:00
2026-07-28,2026-07-28 14:51:25-04:00,891,30,C,741.0,741.44,0.93,1.0752688172043021,0.190632911392413,0.025711171691898602,14:00-15:00
2026-07-28,2026-07-28 14:51:25-04:00,891,30,P,741.0,741.44,0.49,2.040816326530614,0.26425531914890144,0.035640823148049935,14:00-15:00
2026-07-28,2026-07-28 14:56:25-04:00,896,15,C,741.0,741.44,0.91,1.0989010989010999,0.13105263157888203,0.017675419666983442,14:00-15:00
2026-07-28,2026-07-28 14:56:25-04:00,896,15,P,741.0,741.44,0.48,2.0833333333333353,0.2130769230769829,0.02873825570200999,14:00-15:00
2026-07-28,2026-07-28 14:56:25-04:00,896,30,C,741.0,741.44,0.91,1.0989010989010999,0.2099999999999227,0.028323262839868725,14:00-15:00
2026-07-28,2026-07-28 14:56:25-04:00,896,30,P,741.0,741.44,0.48,2.0833333333333353,0.2900000000000773,0.03911307725508163,14:00-15:00
2026-07-28,2026-07-28 15:01:27-04:00,901,15,C,742.0,741.64,0.47,2.1276595744680753,0.14754716981133242,0.01989471573962198,15:00-16:00
2026-07-28,2026-07-28 15:01:27-04:00,901,15,P,742.0,741.64,0.85,1.176470588235295,0.16810810810807197,0.022667076763398953,15:00-16:00
2026-07-28,2026-07-28 15:01:27-04:00,901,30,C,742.0,741.64,0.47,2.1276595744680753,0.20074074074079817,0.027067140491451133,15:00-16:00
2026-07-28,2026-07-28 15:01:27-04:00,901,30,P,742.0,741.64,0.85,1.176470588235295,0.18473684210528063,0.024909233874289498,15:00-16:00
2026-07-28,2026-07-28 15:06:26-04:00,906,15,C,742.0,741.92,0.58,1.7241379310344844,0.07509433962275125,0.010121622226486852,15:00-16:00
2026-07-28,2026-07-28 15:06:26-04:00,906,15,P,742.0,741.92,0.68,1.4705882352941189,0.14851063829780742,0.020017068996361794,15:00-16:00
2026-07-28,2026-07-28 15:06:26-04:00,906,30,C,742.0,741.92,0.58,1.7241379310344844,0.14243902439022804,0.019198703955982863,15:00-16:00
2026-07-28,2026-07-28 15:06:26-04:00,906,30,P,742.0,741.92,0.68,1.4705882352941189,0.14983050847456525,0.020194968254604977,15:00-16:00
2026-07-28,2026-07-28 15:11:24-04:00,911,15,C,742.0,741.51,0.38,2.6315789473684235,0.19357142857143117,0.026105032780600557,15:00-16:00
2026-07-28,2026-07-28 15:11:24-04:00,911,15,P,742.0,741.51,0.89,1.1235955056179785,0.11333333333334394,0.015284127433661575,15:00-16:00
2026-07-28,2026-07-28 15:11:24-04:00,911,30,C,742.0,741.51,0.38,2.6315789473684235,0.12263157894744836,0.016538088353150782,15:00-16:00
2026-07-28,2026-07-28 15:11:24-04:00,911,30,P,742.0,741.51,0.89,1.1235955056179785,0.1349180327867998,0.01819503887834282,15:00-16:00
2026-07-28,2026-07-28 15:16:26-04:00,916,15,C,741.0,741.4,0.79,1.2658227848101276,0.033333333333416704,0.004495998561291705,15:00-16:00
2026-07-28,2026-07-28 15:16:26-04:00,916,15,P,741.0,741.4,0.4,2.500000000000002,0.04444444444436613,0.005994664748363384,15:00-16:00
2026-07-28,2026-07-28 15:16:26-04:00,916,30,C,741.0,741.4,0.79,1.2658227848101276,0.045624999999972715,0.00615389803074895,15:00-16:00
2026-07-28,2026-07-28 15:16:26-04:00,916,30,P,741.0,741.4,0.4,2.500000000000002,0.18428571428569285,0.024856449188790514,15:00-16:00
2026-07-28,2026-07-28 15:21:27-04:00,921,15,C,742.0,741.58,0.37,2.7027027027027053,0.026315789473642326,0.0035486110026756823,15:00-16:00
2026-07-28,2026-07-28 15:21:27-04:00,921,15,P,742.0,741.58,0.78,1.2820512820512833,0.02459016393447655,0.0033159151992336027,15:00-16:00
2026-07-28,2026-07-28 15:26:26-04:00,926,15,C,742.0,741.65,0.36,2.7777777777777803,-0.06999999999993634,-0.009438414346381223,15:00-16:00
2026-07-28,2026-07-28 15:26:26-04:00,926,15,P,742.0,741.65,0.71,1.4084507042253533,-0.020163934426250307,-0.0027187938281197747,15:00-16:00
2026-07-28,2026-07-28 15:31:27-04:00,931,15,C,742.0,741.6,0.35,2.857142857142844,-0.0033333333334439885,-0.00044947860483333176,15:00-16:00
2026-07-28,2026-07-28 15:31:27-04:00,931,15,P,742.0,741.6,0.75,1.3333333333333344,0.043134328358291896,0.0058163873190792735,15:00-16:00
2026-07-29,2026-07-29 09:34:11-04:00,574,15,C,740.0,740.36,3.11,0.32154340836012174,-0.09603448275856863,-0.012971322432136882,09:30-10:00
2026-07-29,2026-07-29 09:34:11-04:00,574,15,P,740.0,740.36,2.75,0.7272727272727278,-0.10329268292684901,-0.013951683360371848,09:30-10:00
2026-07-29,2026-07-29 09:34:11-04:00,574,30,C,740.0,740.36,3.11,0.32154340836012174,-0.07727272727277068,-0.01043718289383147,09:30-10:00
2026-07-29,2026-07-29 09:34:11-04:00,574,30,P,740.0,740.36,2.75,0.7272727272727278,-0.054347826086996065,-0.007340729656788058,09:30-10:00
2026-07-29,2026-07-29 09:34:11-04:00,574,60,C,740.0,740.36,3.11,0.32154340836012174,-0.2949019607842729,-0.03983223847645374,09:30-10:00
2026-07-29,2026-07-29 09:34:11-04:00,574,60,P,740.0,740.36,2.75,0.7272727272727278,-0.23906976744194708,-0.03229101618698296,09:30-10:00
2026-07-29,2026-07-29 09:39:10-04:00,579,15,C,739.0,739.28,3.15,0.31746031746031067,-0.08947368421047486,-0.012102814117854516,09:30-10:00
2026-07-29,2026-07-29 09:39:10-04:00,579,15,P,739.0,739.28,2.87,0.6968641114982584,0.04418604651152691,0.0059769027312421424,09:30-10:00
2026-07-29,2026-07-29 09:39:10-04:00,579,30,C,739.0,739.28,3.15,0.31746031746031067,0.05000000000006821,0.006763337301167111,09:30-10:00
2026-07-29,2026-07-29 09:39:10-04:00,579,30,P,739.0,739.28,2.87,0.6968641114982584,0.08636363636355782,0.01168212806562572,09:30-10:00
2026-07-29,2026-07-29 09:39:10-04:00,579,60,C,739.0,739.28,3.15,0.31746031746031067,-0.1945098039215054,-0.02631070824606447,09:30-10:00
2026-07-29,2026-07-29 09:39:10-04:00,579,60,P,739.0,739.28,2.87,0.6968641114982584,-0.14818181818191078,-0.020044072365262254,09:30-10:00
2026-07-29,2026-07-29 09:44:11-04:00,584,15,C,740.0,739.54,2.73,0.3663003663003585,-0.04040816326528329,-0.005463959118544405,09:30-10:00
2026-07-29,2026-07-29 09:44:11-04:00,584,15,P,740.0,739.54,3.18,0.6289308176100634,-0.0017391304347711412,-0.00023516380922886405,09:30-10:00
2026-07-29,2026-07-29 09:44:11-04:00,584,30,C,740.0,739.54,2.73,0.3663003663003585,-0.25,-0.03380479757687211,09:30-10:00
2026-07-29,2026-07-29 09:44:11-04:00,584,30,P,740.0,739.54,3.18,0.6289308176100634,-0.2300000000000182,-0.031100413770724804,09:30-10:00
2026-07-29,2026-07-29 09:44:11-04:00,584,60,C,740.0,739.54,2.73,0.3663003663003585,-0.34999999999990905,-0.047326716607608656,09:30-10:00
2026-07-29,2026-07-29 09:44:11-04:00,584,60,P,740.0,739.54,3.18,0.6289308176100634,-0.29705882352948265,-0.04016805359135174,09:30-10:00
2026-07-29,2026-07-29 09:49:11-04:00,589,15,C,739.0,739.195,3.08,0.32467532467533217,0.033181818181788,0.0044889126931037145,09:30-10:00
2026-07-29,2026-07-29 09:49:11-04:00,589,15,P,739.0,739.195,2.88,0.6944444444444451,0.06326086956528343,0.008558075956315104,09:30-10:00
2026-07-29,2026-07-29 09:49:11-04:00,589,30,C,739.0,739.195,3.08,0.32467532467533217,-0.13409090909090082,-0.01814012663653039,09:30-10:00
2026-07-29,2026-07-29 09:49:11-04:00,589,30,P,739.0,739.195,2.88,0.6944444444444451,-0.09318181818184712,-0.01260585071352581,09:30-10:00
2026-07-29,2026-07-29 09:49:11-04:00,589,60,C,739.0,739.195,3.08,0.32467532467533217,-0.30989795918367236,-0.04192370878911145,09:30-10:00
2026-07-29,2026-07-29 09:49:11-04:00,589,60,P,739.0,739.195,2.88,0.6944444444444451,-0.26108695652169445,-0.03532044406708574,09:30-10:00
2026-07-29,2026-07-29 09:54:10-04:00,594,15,C,738.0,737.98,3.04,0.3289473684210602,0.15357142857146755,0.02080970061132653,09:30-10:00
2026-07-29,2026-07-29 09:54:10-04:00,594,15,P,738.0,737.98,2.99,0.33444816053512477,0.04583333333334849,0.006210647081675451,09:30-10:00
2026-07-29,2026-07-29 09:54:10-04:00,594,30,C,738.0,737.98,3.04,0.3289473684210602,-0.06358490566037744,-0.008616074373340395,09:30-10:00
2026-07-29,2026-07-29 09:54:10-04:00,594,30,P,738.0,737.98,2.99,0.33444816053512477,-0.17808510638303687,-0.024131427190850277,09:30-10:00
2026-07-29,2026-07-29 09:54:10-04:00,594,60,C,738.0,737.98,3.04,0.3289473684210602,-0.10285714285714675,-0.013937659944327321,09:30-10:00
2026-07-29,2026-07-29 09:54:10-04:00,594,60,P,738.0,737.98,2.99,0.33444816053512477,-0.23148936170207435,-0.031367972262402004,09:30-10:00
2026-07-29,2026-07-29 09:59:11-04:00,599,15,C,738.0,737.52,2.75,0.3636363636363559,-0.19000000000005457,-0.025762013233546828,09:30-10:00
2026-07-29,2026-07-29 09:59:11-04:00,599,15,P,738.0,737.52,3.2,0.3125000000000072,-0.20833333333337123,-0.028247821528008903,09:30-10:00
2026-07-29,2026-07-29 09:59:11-04:00,599,30,C,738.0,737.52,2.75,0.3636363636363559,-0.22274509803924047,-0.030201906123120792,09:30-10:00
2026-07-29,2026-07-29 09:59:11-04:00,599,30,P,738.0,737.52,3.2,0.3125000000000072,-0.22000000000002728,-0.02982969953357567,09:30-10:00
2026-07-29,2026-07-29 09:59:11-04:00,599,60,C,738.0,737.52,2.75,0.3636363636363559,-0.2141666666666424,-0.029038760530784576,09:30-10:00
2026-07-29,2026-07-29 09:59:11-04:00,599,60,P,738.0,737.52,3.2,0.3125000000000072,-0.255384615384628,-0.0346274833746377,09:30-10:00
2026-07-29,2026-07-29 10:04:12-04:00,604,15,C,738.0,737.61,2.75,0.3636363636363559,-0.21142857142854155,-0.02866400556236243,10:00-10:30
2026-07-29,2026-07-29 10:04:12-04:00,604,15,P,738.0,737.61,3.13,0.319488817891367,-0.1443137254901785,-0.019565044602185236,10:00-10:30
2026-07-29,2026-07-29 10:04:12-04:00,604,30,C,738.0,737.61,2.75,0.3636363636363559,-0.2507843137254895,-0.033999581584508005,10:00-10:30
2026-07-29,2026-07-29 10:04:12-04:00,604,30,P,738.0,737.61,3.13,0.319488817891367,-0.17938775510208416,-0.024320135993558135,10:00-10:30
2026-07-29,2026-07-29 10:04:12-04:00,604,60,C,738.0,737.61,2.75,0.3636363636363559,-0.19249999999999545,-0.026097802361681032,10:00-10:30
2026-07-29,2026-07-29 10:04:12-04:00,604,60,P,738.0,737.61,3.13,0.319488817891367,-0.15431372549016942,-0.02092077459499863,10:00-10:30
2026-07-29,2026-07-29 10:09:11-04:00,609,15,C,737.0,737.08,3.02,0.33112582781457717,-0.20132075471701683,-0.027313284137002333,10:00-10:30
2026-07-29,2026-07-29 10:09:11-04:00,609,15,P,737.0,737.08,2.93,0.3412969283276529,-0.20574468085112585,-0.02791348033471616,10:00-10:30
2026-07-29,2026-07-29 10:09:11-04:00,609,30,C,737.0,737.08,3.02,0.33112582781457717,-0.2494117647058829,-0.03383781471561877,10:00-10:30
2026-07-29,2026-07-29 10:09:11-04:00,609,30,P,737.0,737.08,2.93,0.3412969283276529,-0.21877551020406827,-0.029681379253821603,10:00-10:30
2026-07-29,2026-07-29 10:09:11-04:00,609,60,C,737.0,737.08,3.02,0.33112582781457717,0.06538461538457341,0.008870762384622212,10:00-10:30
2026-07-29,2026-07-29 10:09:11-04:00,609,60,P,737.0,737.08,2.93,0.3412969283276529,0.1214285714286234,0.016474273000030307,10:00-10:30
2026-07-29,2026-07-29 10:14:12-04:00,614,15,C,735.0,735.27,3.24,0.6172839506172845,-0.019090909090891728,-0.0025964487998819115,10:00-10:30
2026-07-29,2026-07-29 10:14:12-04:00,614,15,P,735.0,735.27,2.95,0.33898305084746544,0.019090909090891728,0.0025964487998819115,10:00-10:30
2026-07-29,2026-07-29 10:14:12-04:00,614,30,C,735.0,735.27,3.24,0.6172839506172845,-0.04363636363632395,-0.005934740114015797,10:00-10:30
2026-07-29,2026-07-29 10:14:12-04:00,614,30,P,735.0,735.27,2.95,0.33898305084746544,-0.028695652173951203,-0.0039027367054213016,10:00-10:30
2026-07-29,2026-07-29 10:14:12-04:00,614,60,C,735.0,735.27,3.24,0.6172839506172845,0.127692307692314,0.017366723474684674,10:00-10:30
2026-07-29,2026-07-29 10:14:12-04:00,614,60,P,735.0,735.27,2.95,0.33898305084746544,0.14938775510199775,0.020317401104627927,10:00-10:30
2026-07-29,2026-07-29 10:19:13-04:00,619,15,C,736.0,735.97,3.04,0.3289473684210602,-0.10019607843139511,-0.013614152537657121,10:00-10:30
2026-07-29,2026-07-29 10:19:13-04:00,619,15,P,736.0,735.97,3.04,0.6578947368421059,-0.10428571428565192,-0.01416983223306003,10:00-10:30
2026-07-29,2026-07-29 10:19:13-04:00,619,30,C,736.0,735.97,3.04,0.3289473684210602,-0.16653061224496923,-0.02262736419215039,10:00-10:30
2026-07-29,2026-07-29 10:19:13-04:00,619,30,P,736.0,735.97,3.04,0.6578947368421059,-0.1403921568627311,-0.019075798859020218,10:00-10:30
2026-07-29,2026-07-29 10:19:13-04:00,619,60,C,736.0,735.97,3.04,0.3289473684210602,0.1576923076922867,0.021426458645364174,10:00-10:30
2026-07-29,2026-07-29 10:19:13-04:00,619,60,P,736.0,735.97,3.04,0.6578947368421059,0.11428571428564283,0.015528583269106461,10:00-10:30
2026-07-29,2026-07-29 10:24:12-04:00,624,15,C,736.0,735.69,2.93,0.3412969283276529,-0.03588235294125752,-0.004877374021837666,10:00-10:30
2026-07-29,2026-07-29 10:24:12-04:00,624,15,P,736.0,735.69,3.22,0.31055900621118726,-0.016938775510197956,-0.0023024338390080002,10:00-10:30
2026-07-29,2026-07-29 10:24:12-04:00,624,30,C,736.0,735.69,2.93,0.3412969283276529,-0.037346938775613125,-0.0050764505125274395,10:00-10:30
2026-07-29,2026-07-29 10:24:12-04:00,624,30,P,736.0,735.69,3.22,0.31055900621118726,-0.055490196078380905,-0.007542605727735989,10:00-10:30
2026-07-29,2026-07-29 10:24:12-04:00,624,60,C,736.0,735.69,2.93,0.3412969283276529,0.2784615384614426,0.03785039058046767,10:00-10:30
2026-07-29,2026-07-29 10:24:12-04:00,624,60,P,736.0,735.69,3.22,0.31055900621118726,0.21754716981138245,0.029570494340195253,10:00-10:30
2026-07-29,2026-07-29 10:29:13-04:00,629,15,C,735.0,735.16,3.2,0.3125000000000072,-0.029999999999972715,-0.004080744327761674,10:00-10:30
2026-07-29,2026-07-29 10:29:13-04:00,629,15,P,735.0,735.16,3.01,0.6644518272425108,-0.013478260869646874,-0.001833377886398454,10:00-10:30
2026-07-29,2026-07-29 10:29:13-04:00,629,30,C,735.0,735.16,3.2,0.3125000000000072,0.051886792452819464,0.007057891132926093,10:00-10:30
2026-07-29,2026-07-29 10:29:13-04:00,629,30,P,735.0,735.16,3.01,0.6644518272425108,-0.005319148936223428,-0.0007235362283344345,10:00-10:30
2026-07-29,2026-07-29 10:29:13-04:00,629,60,C,735.0,735.16,3.2,0.3125000000000072,0.2682843137255304,0.03649332304879624,10:00-10:30
2026-07-29,2026-07-29 10:29:13-04:00,629,60,P,735.0,735.16,3.01,0.6644518272425108,0.24352040816324916,0.03312481747690967,10:00-10:30
2026-07-29,2026-07-29 10:34:12-04:00,634,15,C,735.0,735.32,3.26,0.6134969325153244,-0.07679245283020464,-0.010443405977017439,10:30-11:00
2026-07-29,2026-07-29 10:34:12-04:00,634,15,P,735.0,735.32,2.89,0.6920415224913501,-0.1143478260869415,-0.01555075696117901,10:30-11:00
2026-07-29,2026-07-29 10:34:12-04:00,634,30,C,735.0,735.32,3.26,0.6134969325153244,0.1128301886792542,0.015344365538711609,10:30-11:00
2026-07-29,2026-07-29 10:34:12-04:00,634,30,P,735.0,735.32,2.89,0.6920415224913501,0.06340425531914207,0.008622675205236097,10:30-11:00
2026-07-29,2026-07-29 10:34:12-04:00,634,60,C,735.0,735.32,3.26,0.6134969325153244,0.3307692307691923,0.044983031981884386,10:30-11:00
2026-07-29,2026-07-29 10:34:12-04:00,634,60,P,735.0,735.32,2.89,0.6920415224913501,0.2958333333334622,0.040231917169866474,10:30-11:00
2026-07-29,2026-07-29 10:39:12-04:00,639,15,C,735.0,735.36,3.3,0.30303030303029654,0.011851851851815809,0.0016117074428600698,10:30-11:00
2026-07-29,2026-07-29 10:39:12-04:00,639,15,P,735.0,735.36,2.91,0.34364261168385674,-0.021702127659523285,-0.0029512249319412647,10:30-11:00
2026-07-29,2026-07-29 10:39:12-04:00,639,30,C,735.0,735.36,3.3,0.30303030303029654,0.31285714285706945,0.04254475941811758,10:30-11:00
2026-07-29,2026-07-29 10:39:12-04:00,639,30,P,735.0,735.36,2.91,0.34364261168385674,0.36061224489799315,0.049038871423247546,10:30-11:00
2026-07-29,2026-07-29 10:39:12-04:00,639,60,C,735.0,735.36,3.3,0.30303030303029654,0.3781132075471305,0.05141878910290612,10:30-11:00
2026-07-29,2026-07-29 10:39:12-04:00,639,60,P,735.0,735.36,2.91,0.34364261168385674,0.35846153846159723,0.04874640155319805,10:30-11:00
2026-07-29,2026-07-29 10:44:12-04:00,644,15,C,734.0,734.19,3.24,0.6172839506172845,0.09735849056596635,0.013260666934440177,10:30-11:00
2026-07-29,2026-07-29 10:44:12-04:00,644,15,P,734.0,734.19,3.01,0.3322259136212554,0.024680851063862974,0.0033616435886981537,10:30-11:00
2026-07-29,2026-07-29 10:44:12-04:00,644,30,C,734.0,734.19,3.24,0.6172839506172845,0.20769230769224123,0.028288632056040156,10:30-11:00
2026-07-29,2026-07-29 10:44:12-04:00,644,30,P,734.0,734.19,3.01,0.3322259136212554,0.1918367346938794,0.026129031271725223,10:30-11:00
2026-07-29,2026-07-29 10:44:12-04:00,644,60,C,734.0,734.19,3.24,0.6172839506172845,0.4399999999999409,0.05992999087428879,10:30-11:00
2026-07-29,2026-07-29 10:44:12-04:00,644,60,P,734.0,734.19,3.01,0.3322259136212554,0.4717647058823786,0.0642564875416961,10:30-11:00
2026-07-29,2026-07-29 10:49:13-04:00,649,15,C,734.0,734.13,3.21,0.3115264797507722,0.20849056603776717,0.028399679353488777,10:30-11:00
2026-07-29,2026-07-29 10:49:13-04:00,649,15,P,734.0,734.13,3.04,0.3289473684210602,0.1892156862744514,0.025774138950111207,10:30-11:00
2026-07-29,2026-07-29 10:49:13-04:00,649,30,C,734.0,734.13,3.21,0.3115264797507722,0.32461538461541295,0.04421769776680056,10:30-11:00
2026-07-29,2026-07-29 10:49:13-04:00,649,30,P,734.0,734.13,3.04,0.3289473684210602,0.274285714285611,0.03736200867497732,10:30-11:00
2026-07-29,2026-07-29 10:49:13-04:00,649,60,C,734.0,734.13,3.21,0.3115264797507722,0.49181818181818926,0.06699333657774363,10:30-11:00
2026-07-29,2026-07-29 10:49:13-04:00,649,60,P,734.0,734.13,3.04,0.3289473684210602,0.4899999999998954,0.0667456717474964,10:30-11:00
2026-07-29,2026-07-29 10:54:13-04:00,654,15,C,735.0,735.02,3.12,0.3205128205128279,0.31769230769225487,0.04322226710732427,10:30-11:00
2026-07-29,2026-07-29 10:54:13-04:00,654,15,P,735.0,735.02,3.09,0.32362459546924877,0.3879591836735017,0.05278212615622727,10:30-11:00
2026-07-29,2026-07-29 10:54:13-04:00,654,30,C,735.0,735.02,3.12,0.3205128205128279,0.313846153846157,0.042698995108453784,10:30-11:00
2026-07-29,2026-07-29 10:54:13-04:00,654,30,P,735.0,735.02,3.09,0.32362459546924877,0.29833333333340306,0.04058846471298782,10:30-11:00
2026-07-29,2026-07-29 10:54:13-04:00,654,60,C,735.0,735.02,3.12,0.3205128205128279,0.43925925925930187,0.059761538360765955,10:30-11:00
2026-07-29,2026-07-29 10:54:13-04:00,654,60,P,735.0,735.02,3.09,0.32362459546924877,0.40823529411761683,0.055540705575034266,10:30-11:00
2026-07-29,2026-07-29 10:59:13-04:00,659,15,C,735.0,734.91,3.05,0.32786885245900943,0.1223076923077997,0.01664254021687005,10:30-11:00
2026-07-29,2026-07-29 10:59:13-04:00,659,15,P,735.0,734.91,3.14,0.3184713375796252,0.17714285714282596,0.024104020511739665,10:30-11:00
2026-07-29,2026-07-29 10:59:13-04:00,659,30,C,735.0,734.91,3.05,0.32786885245900943,0.22416666666663332,0.03050260122554236,10:30-11:00
2026-07-29,2026-07-29 10:59:13-04:00,659,30,P,735.0,734.91,3.14,0.3184713375796252,0.2588265306122821,0.035218806467769134,10:30-11:00
2026-07-29,2026-07-29 10:59:13-04:00,659,60,C,735.0,734.91,3.05,0.32786885245900943,0.42784615384618974,0.05821748973972184,10:30-11:00
2026-07-29,2026-07-29 10:59:13-04:00,659,60,P,735.0,734.91,3.14,0.3184713375796252,0.45676923076928233,0.06215308415578538,10:30-11:00
2026-07-29,2026-07-29 11:05:13-04:00,665,15,C,735.0,734.98,3.03,0.33003300330032304,0.12846153846157904,0.017478235933165397,11:00-12:00
2026-07-29,2026-07-29 11:05:13-04:00,665,15,P,735.0,734.98,3.03,0.33003300330032304,0.10387755102033225,0.014133384720717877,11:00-12:00
2026-07-29,2026-07-29 11:05:13-04:00,665,30,C,735.0,734.98,3.03,0.33003300330032304,0.2284615384614881,0.031084048336211607,11:00-12:00
2026-07-29,2026-07-29 11:05:13-04:00,665,30,P,735.0,734.98,3.03,0.33003300330032304,0.24750000000005912,0.033674385697578045,11:00-12:00
2026-07-29,2026-07-29 11:05:13-04:00,665,60,C,735.0,734.98,3.03,0.33003300330032304,0.20306122448971564,0.02762812926742437,11:00-12:00
2026-07-29,2026-07-29 11:05:13-04:00,665,60,P,735.0,734.98,3.03,0.33003300330032304,0.21000000000003638,0.028572206046427982,11:00-12:00
2026-07-29,2026-07-29 11:10:13-04:00,670,15,C,736.0,735.53,2.71,0.3690036900368925,-0.00217391304352077,-0.00029555735911801967,11:00-12:00
2026-07-29,2026-07-29 11:10:13-04:00,670,15,P,736.0,735.53,3.15,0.31746031746031067,-0.07452830188674398,-0.010132598518992288,11:00-12:00
2026-07-29,2026-07-29 11:10:13-04:00,670,30,C,736.0,735.53,2.71,0.3690036900368925,0.051666666666619676,0.007024413234894522,11:00-12:00
2026-07-29,2026-07-29 11:10:13-04:00,670,30,P,736.0,735.53,3.15,0.31746031746031067,-0.009999999999990905,-0.0013595638519150687,11:00-12:00
2026-07-29,2026-07-29 11:10:13-04:00,670,60,C,736.0,735.53,2.71,0.3690036900368925,0.07888888888896872,0.010725448165128373,11:00-12:00
2026-07-29,2026-07-29 11:10:13-04:00,670,60,P,736.0,735.53,3.15,0.31746031746031067,-0.0048148148148356995,-0.0006546048175921716,11:00-12:00
2026-07-29,2026-07-29 11:15:14-04:00,675,15,C,735.0,734.59,2.83,0.35335689045937213,0.23384615384611607,0.03183356074083721,11:00-12:00
2026-07-29,2026-07-29 11:15:14-04:00,675,15,P,735.0,734.59,3.22,0.31055900621118726,0.21629629629637748,0.0294444923421742,11:00-12:00
2026-07-29,2026-07-29 11:15:14-04:00,675,30,C,735.0,734.59,2.83,0.35335689045937213,0.2542857142856292,0.034616005429645,11:00-12:00
2026-07-29,2026-07-29 11:15:14-04:00,675,30,P,735.0,734.59,3.22,0.31055900621118726,0.2835294117647891,0.0385969604493376,11:00-12:00
2026-07-29,2026-07-29 11:15:14-04:00,675,60,C,735.0,734.59,2.83,0.35335689045937213,-0.14652173913043498,-0.01994605686579384,11:00-12:00
2026-07-29,2026-07-29 11:15:14-04:00,675,60,P,735.0,734.59,3.22,0.31055900621118726,-0.09846153846149264,-0.013403604522453701,11:00-12:00
2026-07-29,2026-07-29 11:20:14-04:00,680,15,C,735.0,734.57,2.76,0.36231884057970243,0.11923076923062581,0.016231369267820057,11:00-12:00
2026-07-29,2026-07-29 11:20:14-04:00,680,15,P,735.0,734.57,3.19,0.3134796238244447,0.14074074074085274,0.01915960912382111,11:00-12:00
2026-07-29,2026-07-29 11:20:14-04:00,680,30,C,735.0,734.57,2.76,0.36231884057970243,0.16999999999995907,0.02314279102059151,11:00-12:00
2026-07-29,2026-07-29 11:20:14-04:00,680,30,P,735.0,734.57,3.19,0.3134796238244447,0.22090909090911737,0.030073252502704626,11:00-12:00
2026-07-29,2026-07-29 11:20:14-04:00,680,60,C,735.0,734.57,2.76,0.36231884057970243,-0.134693877551058,-0.018336425058341342,11:00-12:00
2026-07-29,2026-07-29 11:20:14-04:00,680,60,P,735.0,734.57,3.19,0.3134796238244447,-0.09019607843129052,-0.012278758788310237,11:00-12:00
2026-07-29,2026-07-29 11:25:14-04:00,685,15,C,735.0,734.68,2.79,0.3584229390681086,0.06833333333338487,0.009301101613407862,11:00-12:00
2026-07-29,2026-07-29 11:25:14-04:00,685,15,P,735.0,734.68,3.13,0.6389776357827481,0.10153846153843915,0.013820773879571945,11:00-12:00
2026-07-29,2026-07-29 11:25:14-04:00,685,30,C,735.0,734.68,2.79,0.3584229390681086,0.12416666666672427,0.016900782199967913,11:00-12:00
2026-07-29,2026-07-29 11:25:14-04:00,685,30,P,735.0,734.68,3.13,0.6389776357827481,0.14666666666653327,0.019963340048256832,11:00-12:00
2026-07-29,2026-07-29 11:25:14-04:00,685,60,C,735.0,734.68,2.79,0.3584229390681086,0.0460784313726208,0.0062719049617004415,11:00-12:00
2026-07-29,2026-07-29 11:25:14-04:00,685,60,P,735.0,734.68,3.13,0.6389776357827481,0.06836734693877133,0.009305731330480118,11:00-12:00
2026-07-29,2026-07-29 11:30:13-04:00,690,15,C,734.0,734.4675,3.24,0.6172839506172845,0.16250000000002274,0.022124872781984602,11:00-12:00
2026-07-29,2026-07-29 11:30:13-04:00,690,15,P,734.0,734.4675,2.75,0.3636363636363559,0.22880434782609882,0.031152412846871893,11:00-12:00
2026-07-29,2026-07-29 11:30:13-04:00,690,30,C,734.0,734.4675,3.24,0.6172839506172845,0.23573076923071312,0.03209546633863488,11:00-12:00
2026-07-29,2026-07-29 11:30:13-04:00,690,30,P,734.0,734.4675,2.75,0.3636363636363559,0.24183333333337487,0.032926349135036594,11:00-12:00
2026-07-29,2026-07-29 11:30:13-04:00,690,60,C,734.0,734.4675,3.24,0.6172839506172845,0.08634615384619337,0.011756293348064193,11:00-12:00
2026-07-29,2026-07-29 11:30:13-04:00,690,60,P,734.0,734.4675,2.75,0.3636363636363559,0.014308510638329608,0.0019481475542933633,11:00-12:00
2026-07-29,2026-07-29 11:35:14-04:00,695,15,C,735.0,734.67,2.76,0.36231884057970243,0.07000000000005002,0.009528087440626406,11:00-12:00
2026-07-29,2026-07-29 11:35:14-04:00,695,15,P,735.0,734.67,3.07,0.3257328990227944,0.08999999999991815,0.012250398137928342,11:00-12:00
2026-07-29,2026-07-29 11:35:14-04:00,695,30,C,735.0,734.67,2.76,0.36231884057970243,-0.03795918367347895,-0.005166834588792103,11:00-12:00
2026-07-29,2026-07-29 11:35:14-04:00,695,30,P,735.0,734.67,3.07,0.3257328990227944,-0.01999999999998181,-0.0027223106973174095,11:00-12:00
2026-07-29,2026-07-29 11:35:14-04:00,695,60,C,735.0,734.67,2.76,0.36231884057970243,-0.2745444444444729,-0.037369763900046676,11:00-12:00
2026-07-29,2026-07-29 11:35:14-04:00,695,60,P,735.0,734.67,3.07,0.3257328990227944,-0.30989999999997053,-0.04218220425496761,11:00-12:00
2026-07-29,2026-07-29 11:40:14-04:00,700,15,C,734.0,734.04,2.94,0.3401360544217614,0.07666666666671063,0.01044448077307921,11:00-12:00
2026-07-29,2026-07-29 11:40:14-04:00,700,15,P,734.0,734.04,2.9,0.3448275862068892,0.055686274509753275,0.007586272479667767,11:00-12:00
2026-07-29,2026-07-29 11:40:14-04:00,700,30,C,734.0,734.04,2.94,0.3401360544217614,0.04000000000007731,0.00544929431639656,11:00-12:00
2026-07-29,2026-07-29 11:40:14-04:00,700,30,P,734.0,734.04,2.9,0.3448275862068892,0.01999999999998181,0.002724647158190536,11:00-12:00
2026-07-29,2026-07-29 11:40:14-04:00,700,60,C,734.0,734.04,2.94,0.3401360544217614,-0.28582307692306586,-0.038938351714220734,11:00-12:00
2026-07-29,2026-07-29 11:40:14-04:00,700,60,P,734.0,734.04,2.9,0.3448275862068892,-0.31661020408171225,-0.04313255464030737,11:00-12:00
2026-07-29,2026-07-29 11:45:14-04:00,705,15,C,734.0,734.13,2.98,0.3355704697986506,0.07323076923069038,0.009975177316100743,11:00-12:00
2026-07-29,2026-07-29 11:45:14-04:00,705,15,P,734.0,734.13,2.81,0.3558718861210047,0.029333333333397604,0.003995659261084223,11:00-12:00
2026-07-29,2026-07-29 11:45:14-04:00,705,30,C,734.0,734.13,2.98,0.3355704697986506,-0.36043478260876327,-0.04909686058446914,11:00-12:00
2026-07-29,2026-07-29 11:45:14-04:00,705,30,P,734.0,734.13,2.81,0.3558718861210047,-0.3949999999999818,-0.053805184367888774,11:00-12:00
2026-07-29,2026-07-29 11:45:14-04:00,705,60,C,734.0,734.13,2.98,0.3355704697986506,-0.4150000000000773,-0.05652949750045323,11:00-12:00
2026-07-29,2026-07-29 11:45:14-04:00,705,60,P,734.0,734.13,2.81,0.3558718861210047,-0.542777777777701,-0.07393483140284432,11:00-12:00
2026-07-29,2026-07-29 11:50:15-04:00,710,15,C,734.0,734.44,3.12,0.3205128205128279,-0.07326530612249371,-0.009975669370199568,11:00-12:00
2026-07-29,2026-07-29 11:50:15-04:00,710,15,P,734.0,734.44,2.66,0.7518796992481209,-0.06999999999993634,-0.009531071292404597,11:00-12:00
2026-07-29,2026-07-29 11:50:15-04:00,710,30,C,734.0,734.44,3.12,0.3205128205128279,-0.2700000000000955,-0.036762703556464174,11:00-12:00
2026-07-29,2026-07-29 11:50:15-04:00,710,30,P,734.0,734.44,2.66,0.7518796992481209,-0.31695652173903,-0.043156217218429,11:00-12:00
2026-07-29,2026-07-29 11:50:15-04:00,710,60,C,734.0,734.44,3.12,0.3205128205128279,-0.2588888888889187,-0.03524983509734201,11:00-12:00
2026-07-29,2026-07-29 11:50:15-04:00,710,60,P,734.0,734.44,2.66,0.7518796992481209,-0.36333333333334394,-0.04947079861300364,11:00-12:00
2026-07-29,2026-07-29 11:55:15-04:00,715,15,C,733.0,733.2,3.0,0.6666666666666672,-0.3869565217391937,-0.05277639412700405,11:00-12:00
2026-07-29,2026-07-29 11:55:15-04:00,715,15,P,733.0,733.2,2.8,0.35714285714284955,-0.345833333333303,-0.04716766684851378,11:00-12:00
2026-07-29,2026-07-29 11:55:15-04:00,715,30,C,733.0,733.2,3.0,0.6666666666666672,-0.062156862745155195,-0.008477477188373593,11:00-12:00
2026-07-29,2026-07-29 11:55:15-04:00,715,30,P,733.0,733.2,2.8,0.35714285714284955,-0.08510204081630945,-0.011606934099332986,11:00-12:00
2026-07-29,2026-07-29 11:55:15-04:00,715,60,C,733.0,733.2,3.0,0.6666666666666672,-0.2699019607844093,-0.036811505835298595,11:00-12:00
2026-07-29,2026-07-29 11:55:15-04:00,715,60,P,733.0,733.2,2.8,0.35714285714284955,-0.3183333333332712,-0.04341698490633813,11:00-12:00
2026-07-29,2026-07-29 12:00:15-04:00,720,15,C,734.0,733.934,2.85,0.3508771929824642,-0.4470434782608663,-0.06091058300349436,11:00-12:00
2026-07-29,2026-07-29 12:00:15-04:00,720,15,P,734.0,733.934,2.9,0.3448275862068892,-0.4035000000000082,-0.05497769554210708,11:00-12:00
2026-07-29,2026-07-29 12:00:15-04:00,720,30,C,734.0,733.934,2.85,0.3508771929824642,-0.13816666666662059,-0.018825489303754914,11:00-12:00
2026-07-29,2026-07-29 12:00:15-04:00,720,30,P,734.0,733.934,2.9,0.3448275862068892,-0.2000425531914516,-0.02725620467119,11:00-12:00
2026-07-29,2026-07-29 12:00:15-04:00,720,60,C,734.0,733.934,2.85,0.3508771929824642,-0.11400000000003274,-0.015532731826026965,11:00-12:00
2026-07-29,2026-07-29 12:00:15-04:00,720,60,P,734.0,733.934,2.9,0.3448275862068892,-0.11933333333331575,-0.016259409338348647,11:00-12:00
2026-07-29,2026-07-29 12:05:16-04:00,725,15,C,733.0,732.53,2.72,0.3676470588235379,0.058823529411711206,0.008030187079261083,12:00-13:00
2026-07-29,2026-07-29 12:05:16-04:00,725,15,P,733.0,732.53,3.16,0.31645569620253894,-0.020408163265301482,-0.0027859832723986025,12:00-13:00
2026-07-29,2026-07-29 12:05:16-04:00,725,30,C,733.0,732.53,2.72,0.3676470588235379,-0.22343333333333248,-0.030501594928990277,12:00-13:00
2026-07-29,2026-07-29 12:05:16-04:00,725,30,P,733.0,732.53,3.16,0.31645569620253894,-0.2699000000000069,-0.036844907375808075,12:00-13:00
2026-07-29,2026-07-29 12:05:16-04:00,725,60,C,733.0,732.53,2.72,0.3676470588235379,0.05510000000003856,0.007521876237155961,12:00-13:00
2026-07-29,2026-07-29 12:05:16-04:00,725,60,P,733.0,732.53,3.16,0.31645569620253894,-0.060100000000034015,-0.008204442138893153,12:00-13:00
2026-07-29,2026-07-29 12:10:14-04:00,730,15,C,733.0,732.72,2.77,0.3610108303249181,-0.03313725490204433,-0.004522499031286758,12:00-13:00
2026-07-29,2026-07-29 12:10:14-04:00,730,15,P,733.0,732.72,3.06,0.3267973856209226,-0.034489795918261734,-0.004707090828455854,12:00-13:00
2026-07-29,2026-07-29 12:10:14-04:00,730,30,C,733.0,732.72,2.77,0.3610108303249181,-0.3166777777778407,-0.04321948053524412,12:00-13:00
2026-07-29,2026-07-29 12:10:14-04:00,730,30,P,733.0,732.72,3.06,0.3267973856209226,-0.3100795918367112,-0.0423189747566207,12:00-13:00
2026-07-29,2026-07-29 12:10:14-04:00,730,60,C,733.0,732.72,2.77,0.3610108303249181,-0.0016326530612786883,-0.0002228208676272912,12:00-13:00
2026-07-29,2026-07-29 12:10:14-04:00,730,60,P,733.0,732.72,3.06,0.3267973856209226,-0.021176470588216034,-0.0028901177241260007,12:00-13:00
2026-07-29,2026-07-29 12:15:15-04:00,735,15,C,732.0,731.9,3.06,0.6535947712418306,0.30769230769226397,0.042040211462257684,12:00-13:00
2026-07-29,2026-07-29 12:15:15-04:00,735,15,P,732.0,731.9,3.12,0.3205128205128279,0.2115384615384528,0.02890264538030507,12:00-13:00
2026-07-29,2026-07-29 12:15:15-04:00,735,30,C,732.0,731.9,3.06,0.6535947712418306,-0.024999999999977263,-0.003415767181305815,12:00-13:00
2026-07-29,2026-07-29 12:15:15-04:00,735,30,P,732.0,731.9,3.12,0.3205128205128279,-0.1150000000000091,-0.015712529034022284,12:00-13:00
2026-07-29,2026-07-29 12:15:15-04:00,735,60,C,732.0,731.9,3.06,0.6535947712418306,0.26384615384620247,0.03604948132889773,12:00-13:00
2026-07-29,2026-07-29 12:15:15-04:00,735,60,P,732.0,731.9,3.12,0.3205128205128279,0.2233333333333576,0.03051418681969635,12:00-13:00
2026-07-29,2026-07-29 12:20:15-04:00,740,15,C,732.0,732.17,3.13,0.319488817891367,-0.030099999999947613,-0.004111067101895409,12:00-13:00
2026-07-29,2026-07-29 12:20:15-04:00,740,15,P,732.0,732.17,2.94,0.3401360544217614,-0.06989999999996144,-0.009546963136971119,12:00-13:00
2026-07-29,2026-07-29 12:20:15-04:00,740,30,C,732.0,732.17,3.13,0.319488817891367,0.029629629629766896,0.004046823774501399,12:00-13:00
2026-07-29,2026-07-29 12:20:15-04:00,740,30,P,732.0,732.17,2.94,0.3401360544217614,-0.011111111111176797,-0.0015175589154399658,12:00-13:00
2026-07-29,2026-07-29 12:20:15-04:00,740,60,C,732.0,732.17,3.13,0.319488817891367,0.11000000000001364,0.015023833262768708,12:00-13:00
2026-07-29,2026-07-29 12:20:15-04:00,740,60,P,732.0,732.17,2.94,0.3401360544217614,0.10739130434785693,0.014667536821756822,12:00-13:00
2026-07-29,2026-07-29 12:25:15-04:00,745,15,C,734.0,733.53,2.71,0.7380073800738014,-0.26001111111111186,-0.035446554484630736,12:00-13:00
2026-07-29,2026-07-29 12:25:15-04:00,745,15,P,734.0,733.53,3.18,0.3144654088050387,-0.2551816326530343,-0.034788165808219744,12:00-13:00
2026-07-29,2026-07-29 12:25:15-04:00,745,30,C,734.0,733.53,2.71,0.7380073800738014,-0.16852941176477998,-0.022975121912502554,12:00-13:00
2026-07-29,2026-07-29 12:25:15-04:00,745,30,P,734.0,733.53,3.18,0.3144654088050387,-0.18561224489792494,-0.02530397460198287,12:00-13:00
2026-07-29,2026-07-29 12:25:15-04:00,745,60,C,734.0,733.53,2.71,0.7380073800738014,0.05000000000006821,0.0068163537960367285,12:00-13:00
2026-07-29,2026-07-29 12:25:15-04:00,745,60,P,734.0,733.53,3.18,0.3144654088050387,0.03333333333330302,0.004544235864014153,12:00-13:00
2026-07-29,2026-07-29 12:30:17-04:00,750,15,C,734.0,733.9,2.91,0.34364261168385674,-0.3250000000000455,-0.04428396239270275,12:00-13:00
2026-07-29,2026-07-29 12:30:17-04:00,750,15,P,734.0,733.9,3.02,0.33112582781457717,-0.3149999999999409,-0.042921378934451686,12:00-13:00
2026-07-29,2026-07-29 12:30:17-04:00,750,30,C,734.0,733.9,2.91,0.34364261168385674,0.03851851851845822,0.005248469616903968,12:00-13:00
2026-07-29,2026-07-29 12:30:17-04:00,750,30,P,734.0,733.9,3.02,0.33112582781457717,0.09764705882355429,0.01330522670984525,12:00-13:00
2026-07-29,2026-07-29 12:30:17-04:00,750,60,C,734.0,733.9,2.91,0.34364261168385674,0.1528301886793315,0.020824388701366877,12:00-13:00
2026-07-29,2026-07-29 12:30:17-04:00,750,60,P,734.0,733.9,3.02,0.33112582781457717,0.1723404255318428,0.0234828213015183,12:00-13:00
2026-07-29,2026-07-29 12:35:16-04:00,755,15,C,733.0,733.4399,3.3,0.6060606060606066,0.07454444444454111,0.010163674548458724,12:00-13:00
2026-07-29,2026-07-29 12:35:16-04:00,755,15,P,733.0,733.4399,2.86,0.6993006993007,0.08101111111102455,0.011045364604656027,12:00-13:00
2026-07-29,2026-07-29 12:35:16-04:00,755,30,C,733.0,733.4399,3.3,0.6060606060606066,0.23316296296297878,0.03179032978202833,12:00-13:00
2026-07-29,2026-07-29 12:35:16-04:00,755,30,P,733.0,733.4399,2.86,0.6993006993007,0.20806086956520176,0.028367814399680433,12:00-13:00
2026-07-29,2026-07-29 12:35:16-04:00,755,60,C,733.0,733.4399,3.3,0.6060606060606066,0.3275074074074382,0.04465361202839363,12:00-13:00
2026-07-29,2026-07-29 12:35:16-04:00,755,60,P,733.0,733.4399,2.86,0.6993006993007,0.2972913043478229,0.040533833017241484,12:00-13:00
2026-07-29,2026-07-29 12:40:16-04:00,760,15,C,734.0,733.5811,2.86,0.3496503496503422,0.07448823529409765,0.010154055944747983,12:00-13:00
2026-07-29,2026-07-29 12:40:16-04:00,760,15,P,734.0,733.5811,3.29,0.30395136778116205,0.08997755102041083,0.012265521974381677,12:00-13:00
2026-07-29,2026-07-29 12:40:16-04:00,760,30,C,734.0,733.5811,2.86,0.3496503496503422,0.3114925925925718,0.04246191628881548,12:00-13:00
2026-07-29,2026-07-29 12:40:16-04:00,760,30,P,734.0,733.5811,3.29,0.30395136778116205,0.2909039215686562,0.0396553184874387,12:00-13:00
2026-07-29,2026-07-29 12:40:16-04:00,760,60,C,734.0,733.5811,2.86,0.3496503496503422,0.28757924528292733,0.039202106663179755,12:00-13:00
2026-07-29,2026-07-29 12:40:16-04:00,760,60,P,734.0,733.5811,3.29,0.30395136778116205,0.27845849056609495,0.037958787455960215,12:00-13:00
2026-07-29,2026-07-29 12:45:17-04:00,765,15,C,733.0,733.295,3.28,0.3048780487804813,0.3287037037036953,0.044825575478313,12:00-13:00
2026-07-29,2026-07-29 12:45:17-04:00,765,15,P,733.0,733.295,2.99,0.33444816053512477,0.4338235294117112,0.05916084650948271,12:00-13:00
2026-07-29,2026-07-29 12:45:17-04:00,765,30,C,733.0,733.295,3.28,0.3048780487804813,0.2839655172414268,0.038724594773103166,12:00-13:00
2026-07-29,2026-07-29 12:45:17-04:00,765,30,P,733.0,733.295,2.99,0.33444816053512477,0.34749999999996817,0.04738884078030918,12:00-13:00
2026-07-29,2026-07-29 12:45:17-04:00,765,60,C,733.0,733.295,3.28,0.3048780487804813,0.34679245283018645,0.0472923520316089,12:00-13:00
2026-07-29,2026-07-29 12:45:17-04:00,765,60,P,733.0,733.295,2.99,0.33444816053512477,0.3878260869564656,0.05288814010138697,12:00-13:00
2026-07-29,2026-07-29 12:50:16-04:00,770,15,C,734.0,734.07,3.07,0.3257328990227944,0.17713703703702777,0.024130810009539656,12:00-13:00
2026-07-29,2026-07-29 12:50:16-04:00,770,15,P,734.0,734.07,3.0,0.33333333333332626,0.14250869565216817,0.019413502207169364,12:00-13:00
2026-07-29,2026-07-29 12:50:16-04:00,770,30,C,734.0,734.07,3.07,0.3257328990227944,0.09888888888883685,0.013471315935651484,12:00-13:00
2026-07-29,2026-07-29 12:50:16-04:00,770,30,P,734.0,734.07,3.0,0.33333333333332626,0.13782608695657927,0.01877560545405469,12:00-13:00
2026-07-29,2026-07-29 12:50:16-04:00,770,60,C,734.0,734.07,3.07,0.3257328990227944,0.20494545454539548,0.02791906147171189,12:00-13:00
2026-07-29,2026-07-29 12:50:16-04:00,770,60,P,734.0,734.07,3.0,0.33333333333332626,0.2496000000001004,0.03400220687401752,12:00-13:00
2026-07-29,2026-07-29 12:55:17-04:00,775,15,C,734.0,734.185,3.15,0.6349206349206356,0.24462962962968504,0.033319889350733815,12:00-13:00
2026-07-29,2026-07-29 12:55:17-04:00,775,15,P,734.0,734.185,2.96,0.33783783783783067,0.23282608695649287,0.03171218248213909,12:00-13:00
2026-07-29,2026-07-29 12:55:17-04:00,775,30,C,734.0,734.185,3.15,0.6349206349206356,0.2327192982456836,0.03169763727748233,12:00-13:00
2026-07-29,2026-07-29 12:55:17-04:00,775,30,P,734.0,734.185,2.96,0.33783783783783067,0.2299999999999045,0.03132725402996582,12:00-13:00
2026-07-29,2026-07-29 12:55:17-04:00,775,60,C,734.0,734.185,3.15,0.6349206349206356,0.2722727272728207,0.037085029968307814,12:00-13:00
2026-07-29,2026-07-29 12:55:17-04:00,775,60,P,734.0,734.185,2.96,0.33783783783783067,0.2590816326529648,0.035288330959222104,12:00-13:00
2026-07-29,2026-07-29 13:00:18-04:00,780,15,C,735.0,734.92,2.91,0.34364261168385674,-0.04461538461532655,-0.006070781121118836,12:00-13:00
2026-07-29,2026-07-29 13:00:18-04:00,780,15,P,735.0,734.92,2.98,0.671140939597316,-0.04833333333340306,-0.006576679547896786,12:00-13:00
2026-07-29,2026-07-29 13:00:18-04:00,780,30,C,735.0,734.92,2.91,0.34364261168385674,0.1328301886793497,0.018074101763368763,12:00-13:00
2026-07-29,2026-07-29 13:00:18-04:00,780,30,P,735.0,734.92,2.98,0.671140939597316,0.10723404255315927,0.014591253817171839,12:00-13:00
2026-07-29,2026-07-29 13:00:18-04:00,780,60,C,735.0,734.92,2.91,0.34364261168385674,0.8876595744681026,0.1207831565977389,12:00-13:00
2026-07-29,2026-07-29 13:00:18-04:00,780,60,P,735.0,734.92,2.98,0.671140939597316,0.675483870967696,0.09191257156802046,12:00-13:00
2026-07-29,2026-07-29 13:05:17-04:00,785,15,C,736.0,735.7101,2.79,0.3584229390681086,-0.07295714285714894,-0.009916561272863991,13:00-14:00
2026-07-29,2026-07-29 13:05:17-04:00,785,15,P,736.0,735.7101,3.11,0.32154340836012174,0.007023076923132976,0.0009545984108595187,13:00-14:00
2026-07-29,2026-07-29 13:05:17-04:00,785,30,C,736.0,735.7101,2.79,0.3584229390681086,0.1082333333333736,0.014711410558774929,13:00-14:00
2026-07-29,2026-07-29 13:05:17-04:00,785,30,P,736.0,735.7101,3.11,0.32154340836012174,0.08539411764706983,0.011607033483306784,13:00-14:00
2026-07-29,2026-07-29 13:05:17-04:00,785,60,C,736.0,735.7101,2.79,0.3584229390681086,1.3496368421052694,0.18344682805160203,13:00-14:00
2026-07-29,2026-07-29 13:05:17-04:00,785,60,P,736.0,735.7101,3.11,0.32154340836012174,1.437957142857158,0.19545159742365342,13:00-14:00
2026-07-29,2026-07-29 13:10:17-04:00,790,15,C,736.0,735.8,2.82,0.35460992907800665,-0.008461538461460805,-0.0011499780458631157,13:00-14:00
2026-07-29,2026-07-29 13:10:17-04:00,790,15,P,736.0,735.8,3.04,0.3289473684210602,0.011666666666542369,0.0015855757905058943,13:00-14:00
2026-07-29,2026-07-29 13:10:17-04:00,790,30,C,736.0,735.8,2.82,0.35460992907800665,-0.006792452830154616,-0.0009231384656366698,13:00-14:00
2026-07-29,2026-07-29 13:10:17-04:00,790,30,P,736.0,735.8,3.04,0.3289473684210602,0.013617021276559171,0.0018506416521553645,13:00-14:00
2026-07-29,2026-07-29 13:10:17-04:00,790,60,C,736.0,735.8,2.82,0.35460992907800665,1.3535483870969074,0.18395601890417335,13:00-14:00
2026-07-29,2026-07-29 13:10:17-04:00,790,60,P,736.0,735.8,3.04,0.3289473684210602,1.3823728813558773,0.18787345492740928,13:00-14:00
2026-07-29,2026-07-29 13:15:18-04:00,795,15,C,737.0,736.51,2.73,0.3663003663003585,0.20320754716988176,0.0275906025946534,13:00-14:00
2026-07-29,2026-07-29 13:15:18-04:00,795,15,P,737.0,736.51,3.21,0.3115264797507722,0.15999999999996817,0.02172407706615907,13:00-14:00
2026-07-29,2026-07-29 13:15:18-04:00,795,30,C,737.0,736.51,2.73,0.3663003663003585,0.08173469387759269,0.011097567429850606,13:00-14:00
2026-07-29,2026-07-29 13:15:18-04:00,795,30,P,737.0,736.51,3.21,0.3115264797507722,0.04346153846154266,0.005901011318453607,13:00-14:00
2026-07-29,2026-07-29 13:15:18-04:00,795,60,C,737.0,736.51,2.73,0.3663003663003585,1.4861290322580771,0.20177988516898304,13:00-14:00
2026-07-29,2026-07-29 13:15:18-04:00,795,60,P,737.0,736.51,3.21,0.3115264797507722,1.4093103448275315,0.19134979088234125,13:00-14:00
2026-07-29,2026-07-29 13:20:17-04:00,800,15,C,737.0,736.78,2.87,0.34843205574913694,0.19111111111112677,0.02593869419787817,13:00-14:00
2026-07-29,2026-07-29 13:20:17-04:00,800,15,P,737.0,736.78,3.08,0.32467532467533217,0.09647058823520638,0.013093540573197749,13:00-14:00
2026-07-29,2026-07-29 13:20:17-04:00,800,30,C,737.0,736.78,2.87,0.34843205574913694,0.12040000000001783,0.016341377344664326,13:00-14:00
2026-07-29,2026-07-29 13:20:17-04:00,800,30,P,737.0,736.78,3.08,0.32467532467533217,0.11959999999999127,0.016232796764297522,13:00-14:00
2026-07-29,2026-07-29 13:20:17-04:00,800,60,C,737.0,736.78,2.87,0.34843205574913694,1.5363492063492004,0.20852211058242628,13:00-14:00
2026-07-29,2026-07-29 13:20:17-04:00,800,60,P,737.0,736.78,3.08,0.32467532467533217,1.3818644067796413,0.1875545490892317,13:00-14:00
2026-07-29,2026-07-29 13:25:17-04:00,805,15,C,736.0,736.33,3.11,0.32154340836012174,0.010377358490472943,0.0014093352831574082,13:00-14:00
2026-07-29,2026-07-29 13:25:17-04:00,805,15,P,736.0,736.33,2.79,0.3584229390681086,0.011702127659646067,0.0015892504257121218,13:00-14:00
2026-07-29,2026-07-29 13:25:17-04:00,805,30,C,736.0,736.33,3.11,0.32154340836012174,0.05454545454540494,0.007407745785911878,13:00-14:00
2026-07-29,2026-07-29 13:25:17-04:00,805,30,P,736.0,736.33,2.79,0.3584229390681086,0.044444444444479814,0.006035941010753305,13:00-14:00
2026-07-29,2026-07-29 13:25:17-04:00,805,60,C,736.0,736.33,3.11,0.32154340836012174,1.3724590163934636,0.18639183740896928,13:00-14:00
2026-07-29,2026-07-29 13:25:17-04:00,805,60,P,736.0,736.33,2.79,0.3584229390681086,1.5966666666666924,0.21684118081114345,13:00-14:00
2026-07-29,2026-07-29 13:30:18-04:00,810,15,C,736.0,735.6,2.69,0.7434944237918222,-0.08989795918364507,-0.012221038496960993,13:00-14:00
2026-07-29,2026-07-29 13:30:18-04:00,810,15,P,736.0,735.6,3.09,0.32362459546924877,-0.09730769230770875,-0.013228343163092545,13:00-14:00
2026-07-29,2026-07-29 13:30:18-04:00,810,30,C,736.0,735.6,2.69,0.7434944237918222,0.8133333333332757,0.11056733732099995,13:00-14:00
2026-07-29,2026-07-29 13:30:18-04:00,810,30,P,736.0,735.6,3.09,0.32362459546924877,0.5329032258065354,0.07244470171377589,13:00-14:00
2026-07-29,2026-07-29 13:30:18-04:00,810,60,C,736.0,735.6,2.69,0.7434944237918222,1.4466666666667152,0.19666485408737291,13:00-14:00
2026-07-29,2026-07-29 13:30:18-04:00,810,60,P,736.0,735.6,3.09,0.32362459546924877,1.4644444444444389,0.19908162648782476,13:00-14:00
2026-07-29,2026-07-29 13:35:18-04:00,815,15,C,736.0,735.86,2.83,0.7067137809187285,-0.03960000000006403,-0.005381458429601287,13:00-14:00
2026-07-29,2026-07-29 13:35:18-04:00,815,15,P,736.0,735.86,3.0,0.33333333333332626,0.03960000000006403,0.005381458429601287,13:00-14:00
2026-07-29,2026-07-29 13:35:18-04:00,815,30,C,736.0,735.86,2.83,0.7067137809187285,1.2699122807017602,0.17257525625822304,13:00-14:00
2026-07-29,2026-07-29 13:35:18-04:00,815,30,P,736.0,735.86,3.0,0.33333333333332626,1.3914285714286052,0.18908876300228375,13:00-14:00
2026-07-29,2026-07-29 13:35:18-04:00,815,60,C,736.0,735.86,2.83,0.7067137809187285,1.5448000000000093,0.20993123692006754,13:00-14:00
2026-07-29,2026-07-29 13:35:18-04:00,815,60,P,736.0,735.86,3.0,0.33333333333332626,1.6273311475409855,0.2211468414563892,13:00-14:00
2026-07-29,2026-07-29 13:40:18-04:00,820,15,C,736.0,735.68,2.78,0.7194244604316554,0.07000000000005002,0.009515006524582701,13:00-14:00
2026-07-29,2026-07-29 13:40:18-04:00,820,15,P,736.0,735.68,3.11,0.6430868167202578,0.060204081632605266,0.008183460422004848,13:00-14:00
2026-07-29,2026-07-29 13:40:18-04:00,820,30,C,736.0,735.68,2.78,0.7194244604316554,1.4090322580645989,0.19152787326889392,13:00-14:00
2026-07-29,2026-07-29 13:40:18-04:00,820,30,P,736.0,735.68,3.11,0.6430868167202578,1.3810169491524675,0.18771978973908052,13:00-14:00
2026-07-29,2026-07-29 13:40:18-04:00,820,60,C,736.0,735.68,2.78,0.7194244604316554,1.8861538461540022,0.2563823736072752,13:00-14:00
2026-07-29,2026-07-29 13:40:18-04:00,820,60,P,736.0,735.68,3.11,0.6430868167202578,1.7947826086955274,0.2439624033133329,13:00-14:00
2026-07-29,2026-07-29 13:45:18-04:00,825,15,C,736.0,735.755,2.82,0.35460992907800665,0.875,0.11892545752322445,13:00-14:00
2026-07-29,2026-07-29 13:45:18-04:00,825,15,P,736.0,735.755,3.08,0.6493506493506499,0.6717741935484582,0.09130406093719488,13:00-14:00
2026-07-29,2026-07-29 13:45:18-04:00,825,30,C,736.0,735.755,2.82,0.35460992907800665,1.386290322580635,0.18841738385476617,13:00-14:00
2026-07-29,2026-07-29 13:45:18-04:00,825,30,P,736.0,735.755,3.08,0.6493506493506499,1.430172413793116,0.19438160988278924,13:00-14:00
2026-07-29,2026-07-29 13:45:18-04:00,825,60,C,736.0,735.755,2.82,0.35460992907800665,2.171875,0.2951899749237178,13:00-14:00
2026-07-29,2026-07-29 13:45:18-04:00,825,60,P,736.0,735.755,3.08,0.6493506493506499,2.069444444444457,0.2812681455708024,13:00-14:00
2026-07-29,2026-07-29 13:50:19-04:00,830,15,C,736.0,736.0204,2.94,0.3401360544217614,1.2830615384615385,0.17432418156637214,13:00-14:00
2026-07-29,2026-07-29 13:50:19-04:00,830,15,P,736.0,736.0204,2.91,0.34364261168385674,1.391114285714366,0.18900485444620366,13:00-14:00
2026-07-29,2026-07-29 13:50:19-04:00,830,30,C,736.0,736.0204,2.94,0.3401360544217614,1.4070603174603775,0.19117137479618465,13:00-14:00
2026-07-29,2026-07-29 13:50:19-04:00,830,30,P,736.0,736.0204,2.91,0.34364261168385674,1.3341288135593459,0.18126247771927867,13:00-14:00
2026-07-29,2026-07-29 13:50:19-04:00,830,60,C,736.0,736.0204,2.94,0.3401360544217614,2.1781135135134946,0.29593113363617296,13:00-14:00
2026-07-29,2026-07-29 13:50:19-04:00,830,60,P,736.0,736.0204,2.91,0.34364261168385674,2.17363529411773,0.29532269677820483,13:00-14:00
2026-07-29,2026-07-29 13:55:19-04:00,835,15,C,736.0,736.13,2.98,0.3355704697986506,1.2816129032258914,0.17410143632590594,13:00-14:00
2026-07-29,2026-07-29 13:55:19-04:00,835,15,P,736.0,736.13,2.87,0.34843205574913694,1.4242372881356005,0.1934763272975698,13:00-14:00
2026-07-29,2026-07-29 13:55:19-04:00,835,30,C,736.0,736.13,2.98,0.3355704697986506,1.3593442622950533,0.18466089716423095,13:00-14:00
2026-07-29,2026-07-29 13:55:19-04:00,835,30,P,736.0,736.13,2.87,0.34843205574913694,1.5299999999999727,0.20784372325539954,13:00-14:00
2026-07-29,2026-07-29 13:55:19-04:00,835,60,C,736.0,736.13,2.98,0.3355704697986506,2.209154929577494,0.3001039122950422,13:00-14:00
2026-07-29,2026-07-29 13:55:19-04:00,835,60,P,736.0,736.13,2.87,0.34843205574913694,2.321428571428555,0.3153557892530606,13:00-14:00
2026-07-29,2026-07-29 14:00:19-04:00,840,15,C,738.0,737.68,2.43,7.407407407407414,0.7821428571429578,0.10602739089347114,13:00-14:00
2026-07-29,2026-07-29 14:00:19-04:00,840,15,P,738.0,737.68,2.9,6.551724137931032,1.044827586206793,0.14163696809006524,13:00-14:00
2026-07-29,2026-07-29 14:00:19-04:00,840,30,C,738.0,737.68,2.43,7.407407407407414,0.933333333333394,0.12652279217728474,13:00-14:00
2026-07-29,2026-07-29 14:00:19-04:00,840,30,P,738.0,737.68,2.9,6.551724137931032,1.2428571428570194,0.16848188141972395,13:00-14:00
2026-07-29,2026-07-29 14:00:19-04:00,840,60,C,738.0,737.68,2.43,7.407407407407414,1.9697101449276033,0.26701417212444467,13:00-14:00
2026-07-29,2026-07-29 14:00:19-04:00,840,60,P,738.0,737.68,2.9,6.551724137931032,2.045897435897359,0.2773421315336405,13:00-14:00
2026-07-29,2026-07-29 14:05:19-04:00,845,15,C,738.0,738.165,2.3,0.8695652173913052,0.11481132075471123,0.015553612099559208,14:00-15:00
2026-07-29,2026-07-29 14:05:19-04:00,845,15,P,738.0,738.165,2.16,0.9259259259259267,0.07460784313718705,0.010107204098973406,14:00-15:00
2026-07-29,2026-07-29 14:05:19-04:00,845,30,C,738.0,738.165,2.3,0.8695652173913052,0.33239259259266873,0.04502957910394949,14:00-15:00
2026-07-29,2026-07-29 14:05:19-04:00,845,30,P,738.0,738.165,2.16,0.9259259259259267,0.44887924528291023,0.06081015020800366,14:00-15:00
2026-07-29,2026-07-29 14:05:19-04:00,845,60,C,738.0,738.165,2.3,0.8695652173913052,1.2421428571428805,0.16827441793405004,14:00-15:00
2026-07-29,2026-07-29 14:05:19-04:00,845,60,P,738.0,738.165,2.16,0.9259259259259267,1.4983333333333348,0.2029808150390949,14:00-15:00
2026-07-29,2026-07-29 14:10:20-04:00,850,15,C,738.0,737.96,2.15,0.46511627906975755,0.09000000000003183,0.01219578296927094,14:00-15:00
2026-07-29,2026-07-29 14:10:20-04:00,850,15,P,738.0,737.96,2.22,0.45045045045046084,0.1666037735849386,0.022576260716697192,14:00-15:00
2026-07-29,2026-07-29 14:10:20-04:00,850,30,C,738.0,737.96,2.15,0.46511627906975755,0.5633898305085268,0.07634422333304336,14:00-15:00
2026-07-29,2026-07-29 14:10:20-04:00,850,30,P,738.0,737.96,2.22,0.45045045045046084,0.6200000000000045,0.08401539378828182,14:00-15:00
2026-07-29,2026-07-29 14:10:20-04:00,850,60,C,738.0,737.96,2.15,0.46511627906975755,0.985862068965389,0.1335928870081561,14:00-15:00
2026-07-29,2026-07-29 14:10:20-04:00,850,60,P,738.0,737.96,2.22,0.45045045045046084,1.1834426229509063,0.1603667709565432,14:00-15:00
2026-07-29,2026-07-29 14:15:20-04:00,855,15,C,738.0,737.98,2.17,0.4608294930875478,0.13846153846156994,0.018762234540444178,14:00-15:00
2026-07-29,2026-07-29 14:15:20-04:00,855,15,P,738.0,737.98,2.2,0.9090909090909097,0.25416666666660603,0.03444086108927153,14:00-15:00
2026-07-29,2026-07-29 14:15:20-04:00,855,30,C,738.0,737.98,2.17,0.4608294930875478,0.9086206896550948,0.12312267129937055,14:00-15:00
2026-07-29,2026-07-29 14:15:20-04:00,855,30,P,738.0,737.98,2.2,0.9090909090909097,0.9611111111111086,0.1302353872884236,14:00-15:00
2026-07-29,2026-07-29 14:15:20-04:00,855,60,C,738.0,737.98,2.17,0.4608294930875478,1.2079710144927276,0.16368614521975222,14:00-15:00
2026-07-29,2026-07-29 14:15:20-04:00,855,60,P,738.0,737.98,2.2,0.9090909090909097,1.333870967741973,0.18074622181386663,14:00-15:00
2026-07-29,2026-07-29 14:20:20-04:00,860,15,C,737.0,737.11,2.22,0.45045045045046084,0.23924444444446635,0.03245708841888814,14:00-15:00
2026-07-29,2026-07-29 14:20:20-04:00,860,15,P,737.0,737.11,2.17,0.9216589861751161,0.4127471698112686,0.05599532902976062,14:00-15:00
2026-07-29,2026-07-29 14:20:20-04:00,860,30,C,737.0,737.11,2.22,0.45045045045046084,1.0266129032257822,0.13927540031010055,14:00-15:00
2026-07-29,2026-07-29 14:20:20-04:00,860,30,P,737.0,737.11,2.17,0.9216589861751161,1.1214285714286234,0.15213856431585834,14:00-15:00
2026-07-29,2026-07-29 14:20:20-04:00,860,60,C,737.0,737.11,2.22,0.45045045045046084,0.9929411764705947,0.13470732678577071,14:00-15:00
2026-07-29,2026-07-29 14:20:20-04:00,860,60,P,737.0,737.11,2.17,0.9216589861751161,1.3100000000000591,0.17772109997151836,14:00-15:00
2026-07-29,2026-07-29 14:25:20-04:00,865,15,C,737.0,736.85,2.05,0.48780487804877015,0.5038983050848174,0.06838546584580543,14:00-15:00
2026-07-29,2026-07-29 14:25:20-04:00,865,15,P,737.0,736.85,2.2,0.454545454545465,0.4700000000000273,0.06378503087467291,14:00-15:00
2026-07-29,2026-07-29 14:25:20-04:00,865,30,C,737.0,736.85,2.05,0.48780487804877015,1.1220634920634893,0.15227841379704,14:00-15:00
2026-07-29,2026-07-29 14:25:20-04:00,865,30,P,737.0,736.85,2.2,0.454545454545465,1.0310169491525585,0.13992222964681528,14:00-15:00
2026-07-29,2026-07-29 14:25:20-04:00,865,60,C,737.0,736.85,2.05,0.48780487804877015,0.745806451612907,0.10121550540990798,14:00-15:00
2026-07-29,2026-07-29 14:25:20-04:00,865,60,P,737.0,736.85,2.2,0.454545454545465,0.9455172413793207,0.1283188221998128,14:00-15:00
2026-07-29,2026-07-29 14:30:21-04:00,870,15,C,738.0,737.58,1.91,1.0471204188481684,0.8603448275861183,0.11664427283631852,14:00-15:00
2026-07-29,2026-07-29 14:30:21-04:00,870,15,P,738.0,737.58,2.28,0.4385964912280609,0.6880952380952294,0.09329092953919974,14:00-15:00
2026-07-29,2026-07-29 14:30:21-04:00,870,30,C,738.0,737.58,1.91,1.0471204188481684,1.2794736842105294,0.17346914018961054,14:00-15:00
2026-07-29,2026-07-29 14:30:21-04:00,870,30,P,738.0,737.58,2.28,0.4385964912280609,1.0792307692307759,0.14632050343430894,14:00-15:00
2026-07-29,2026-07-29 14:30:21-04:00,870,60,C,738.0,737.58,1.91,1.0471204188481684,0.7506557377049603,0.10177278908117901,14:00-15:00
2026-07-29,2026-07-29 14:30:21-04:00,870,60,P,738.0,737.58,2.28,0.4385964912280609,0.7575409836065319,0.10270628048571434,14:00-15:00
2026-07-29,2026-07-29 14:35:20-04:00,875,15,C,737.0,736.9048,2.0,1.0000000000000009,0.8769741935483353,0.11900780040357117,14:00-15:00
2026-07-29,2026-07-29 14:35:20-04:00,875,15,P,737.0,736.9048,2.08,0.9615384615384623,0.7555142857144119,0.10252535818933625,14:00-15:00
2026-07-29,2026-07-29 14:35:20-04:00,875,30,C,737.0,736.9048,2.0,1.0000000000000009,1.0231661016948692,0.1388464428098269,14:00-15:00
2026-07-29,2026-07-29 14:35:20-04:00,875,30,P,737.0,736.9048,2.08,0.9615384615384623,1.1048000000000684,0.14992438643364359,14:00-15:00
2026-07-29,2026-07-29 14:35:20-04:00,875,60,C,737.0,736.9048,2.0,1.0000000000000009,0.35281904761905025,0.04787851125668475,14:00-15:00
2026-07-29,2026-07-29 14:35:20-04:00,875,60,P,737.0,736.9048,2.08,0.9615384615384623,0.7483714285714314,0.10155605290824965,14:00-15:00
2026-07-29,2026-07-29 14:40:21-04:00,880,15,C,739.0,739.32,2.04,0.4901960784313838,0.6361904761904498,0.08605075964270542,14:00-15:00
2026-07-29,2026-07-29 14:40:21-04:00,880,15,P,739.0,739.32,1.74,0.5747126436781614,0.6941666666666606,0.09389258597990864,14:00-15:00
2026-07-29,2026-07-29 14:40:21-04:00,880,30,C,739.0,739.32,2.04,0.4901960784313838,0.4362068965516528,0.05900109513494194,14:00-15:00
2026-07-29,2026-07-29 14:40:21-04:00,880,30,P,739.0,739.32,1.74,0.5747126436781614,0.6602040816327417,0.08929882616901229,14:00-15:00
2026-07-29,2026-07-29 14:40:21-04:00,880,60,C,739.0,739.32,2.04,0.4901960784313838,0.13672131147529853,0.018492846328423216,14:00-15:00
2026-07-29,2026-07-29 14:40:21-04:00,880,60,P,739.0,739.32,1.74,0.5747126436781614,0.38608695652180813,0.05222190073605586,14:00-15:00
2026-07-29,2026-07-29 14:45:21-04:00,885,15,C,741.0,741.13,1.75,1.142857142857144,0.448771929824602,0.06055239024524739,14:00-15:00
2026-07-29,2026-07-29 14:45:21-04:00,885,15,P,741.0,741.13,1.64,0.6097560975609762,0.5407692307692287,0.07296550278213386,14:00-15:00
2026-07-29,2026-07-29 14:45:21-04:00,885,30,C,741.0,741.13,1.75,1.142857142857144,0.35593220338978426,0.0480256099995661,14:00-15:00
2026-07-29,2026-07-29 14:45:21-04:00,885,30,P,741.0,741.13,1.64,0.6097560975609762,0.5,0.06746454738035162,14:00-15:00
2026-07-29,2026-07-29 14:45:21-04:00,885,60,C,741.0,741.13,1.75,1.142857142857144,0.1452380952380281,0.01959684471523594,14:00-15:00
2026-07-29,2026-07-29 14:45:21-04:00,885,60,P,741.0,741.13,1.64,0.6097560975609762,0.5636363636364194,0.07605094431967663,14:00-15:00
2026-07-29,2026-07-29 14:50:21-04:00,890,15,C,742.0,741.685,1.42,0.7042253521126767,0.19000000000005457,0.025617344290373215,14:00-15:00
2026-07-29,2026-07-29 14:50:21-04:00,890,15,P,742.0,741.685,1.79,0.5586592178770954,0.3957843137254713,0.053362858049639854,14:00-15:00
2026-07-29,2026-07-29 14:50:21-04:00,890,30,C,742.0,741.685,1.42,0.7042253521126767,-0.004148936170167872,-0.0005593932963681175,14:00-15:00
2026-07-29,2026-07-29 14:50:21-04:00,890,30,P,742.0,741.685,1.79,0.5586592178770954,0.19480392156856396,0.0262650480417649,14:00-15:00
2026-07-29,2026-07-29 14:50:21-04:00,890,60,C,742.0,741.685,1.42,0.7042253521126767,0.3550000000000182,0.0478639853846334,14:00-15:00
2026-07-29,2026-07-29 14:50:21-04:00,890,60,P,742.0,741.685,1.79,0.5586592178770954,0.4695614035088056,0.0633100849429078,14:00-15:00
2026-07-29,2026-07-29 14:55:21-04:00,895,15,C,742.0,742.48,1.76,1.1363636363636374,-0.20655172413796663,-0.027819163363049054,14:00-15:00
2026-07-29,2026-07-29 14:55:21-04:00,895,15,P,742.0,742.48,1.34,0.7462686567164185,-0.04714285714283051,-0.006349377376202794,14:00-15:00
2026-07-29,2026-07-29 14:55:21-04:00,895,30,C,742.0,742.48,1.76,1.1363636363636374,-0.3930188679245248,-0.05293325987562288,14:00-15:00
2026-07-29,2026-07-29 14:55:21-04:00,895,30,P,742.0,742.48,1.34,0.7462686567164185,-0.24135135135134078,-0.0325061080906342,14:00-15:00
2026-07-29,2026-07-29 15:00:22-04:00,900,15,C,742.0,742.07,1.47,0.680272108843538,-0.0858333333334258,-0.011566743478839705,14:00-15:00
2026-07-29,2026-07-29 15:00:22-04:00,900,15,P,742.0,742.07,1.4,0.714285714285715,-0.021538461538398224,-0.002902483800503756,14:00-15:00
2026-07-29,2026-07-29 15:00:22-04:00,900,30,C,742.0,742.07,1.47,0.680272108843538,-0.548979591836769,-0.07397948870548182,14:00-15:00
2026-07-29,2026-07-29 15:00:22-04:00,900,30,P,742.0,742.07,1.4,0.714285714285715,-0.625,-0.08422386028272265,14:00-15:00
2026-07-29,2026-07-29 15:05:22-04:00,905,15,C,740.0,740.25,1.62,1.234567901234569,-0.16379310344825626,-0.022126727922763427,15:00-16:00
2026-07-29,2026-07-29 15:05:22-04:00,905,15,P,740.0,740.25,1.31,0.7633587786259549,-0.2738095238095184,-0.03698879078818215,15:00-16:00
2026-07-29,2026-07-29 15:05:22-04:00,905,30,C,740.0,740.25,1.62,1.234567901234569,-0.688148148148116,-0.09296158705141722,15:00-16:00
2026-07-29,2026-07-29 15:05:22-04:00,905,30,P,740.0,740.25,1.31,0.7633587786259549,-0.7350000000000136,-0.09929078014184582,15:00-16:00
2026-07-29,2026-07-29 15:10:21-04:00,910,15,C,738.0,738.17,1.72,1.1627906976744196,-0.15849056603769895,-0.0214707406204125,15:00-16:00
2026-07-29,2026-07-29 15:10:21-04:00,910,15,P,738.0,738.17,1.5,0.6666666666666672,-0.13478260869567293,-0.01825902010318395,15:00-16:00
2026-07-29,2026-07-29 15:10:21-04:00,910,30,C,738.0,738.17,1.72,1.1627906976744196,-0.2803703703702922,-0.03798181589204278,15:00-16:00
2026-07-29,2026-07-29 15:10:21-04:00,910,30,P,738.0,738.17,1.5,0.6666666666666672,-0.3268421052631538,-0.04427734874936042,15:00-16:00
2026-07-29,2026-07-29 15:15:22-04:00,915,15,C,739.0,739.13,1.55,0.6451612903225812,-0.4457142857143026,-0.0603025564804977,15:00-16:00
2026-07-29,2026-07-29 15:15:22-04:00,915,15,P,739.0,739.13,1.39,0.7194244604316554,-0.5900000000000318,-0.07982357636681393,15:00-16:00
2026-07-29,2026-07-29 15:15:22-04:00,915,30,C,739.0,739.13,1.55,0.6451612903225812,-0.2245098039215918,-0.03037487369225871,15:00-16:00
2026-07-29,2026-07-29 15:15:22-04:00,915,30,P,739.0,739.13,1.39,0.7194244604316554,-0.004545454545450411,-0.0006149736237807167,15:00-16:00
2026-07-29,2026-07-29 15:20:22-04:00,920,15,C,737.0,737.0,1.59,1.2578616352201268,-0.4937037037036589,-0.0669882908688818,15:00-16:00
2026-07-29,2026-07-29 15:20:22-04:00,920,15,P,737.0,737.0,1.55,1.2903225806451624,-0.3849999999999909,-0.052238805970148024,15:00-16:00
2026-07-29,2026-07-29 15:20:22-04:00,920,30,C,737.0,737.0,1.59,1.2578616352201268,0.3607547169810914,0.04894907964465284,15:00-16:00
2026-07-29,2026-07-29 15:20:22-04:00,920,30,P,737.0,737.0,1.55,1.2903225806451624,0.36350877192990083,0.04932276416959306,15:00-16:00
2026-07-29,2026-07-29 15:25:22-04:00,925,15,C,735.0,735.37,1.92,0.5208333333333338,-0.11000000000001364,-0.014958456287313005,15:00-16:00
2026-07-29,2026-07-29 15:25:22-04:00,925,15,P,735.0,735.37,1.48,0.6756756756756763,-0.1794736842105067,-0.024405902363504994,15:00-16:00
2026-07-29,2026-07-29 15:30:22-04:00,930,15,C,735.0,734.97,1.71,1.1695906432748548,0.24174603174594722,0.03289195909301702,15:00-16:00
2026-07-29,2026-07-29 15:30:22-04:00,930,15,P,735.0,734.97,1.7,0.5882352941176475,0.5400000000000773,0.07347238662803615,15:00-16:00
2026-07-29,2026-07-29 15:35:22-04:00,935,15,C,733.0,733.21,1.99,1.0050251256281415,0.8888235294116384,0.12122359616094139,15:00-16:00
2026-07-29,2026-07-29 15:35:22-04:00,935,15,P,733.0,733.21,1.64,1.2195121951219388,0.7314035087720185,0.0997536188502637,15:00-16:00
2026-07-30,2026-07-30 09:32:09-04:00,572,15,C,735.0,735.46,2.52,0.7936507936507943,0.08666666666670153,0.011784008194422746,09:30-10:00
2026-07-30,2026-07-30 09:32:09-04:00,572,15,P,735.0,735.46,2.09,0.47846889952152094,0.15307692307692378,0.02081376595286267,09:30-10:00
2026-07-30,2026-07-30 09:32:09-04:00,572,30,C,735.0,735.46,2.52,0.7936507936507943,0.3763016949151279,0.05116548757446059,09:30-10:00
2026-07-30,2026-07-30 09:32:09-04:00,572,30,P,735.0,735.46,2.09,0.47846889952152094,0.5410195121952484,0.07356205805825583,09:30-10:00
2026-07-30,2026-07-30 09:32:09-04:00,572,60,C,735.0,735.46,2.52,0.7936507936507943,0.5324999999999136,0.07240366573299888,09:30-10:00
2026-07-30,2026-07-30 09:32:09-04:00,572,60,P,735.0,735.46,2.09,0.47846889952152094,0.8780392156863854,0.11938639976156222,09:30-10:00
2026-07-30,2026-07-30 09:37:09-04:00,577,15,C,736.0,735.6795,2.07,0.4830917874396033,0.18348245614038206,0.024940542198115083,09:30-10:00
2026-07-30,2026-07-30 09:37:09-04:00,577,15,P,736.0,735.6795,2.42,0.8264462809917362,0.2095000000000482,0.028477074595669474,09:30-10:00
2026-07-30,2026-07-30 09:37:09-04:00,577,30,C,736.0,735.6795,2.07,0.4830917874396033,0.3747857142857356,0.050944156291664454,09:30-10:00
2026-07-30,2026-07-30 09:37:09-04:00,577,30,P,736.0,735.6795,2.42,0.8264462809917362,0.4668584905659827,0.06345949432680709,09:30-10:00
2026-07-30,2026-07-30 09:37:09-04:00,577,60,C,736.0,735.6795,2.07,0.4830917874396033,0.5972241379311072,0.08117993473123924,09:30-10:00
2026-07-30,2026-07-30 09:37:09-04:00,577,60,P,736.0,735.6795,2.42,0.8264462809917362,0.7388137254901039,0.10042603137508982,09:30-10:00
2026-07-30,2026-07-30 09:42:11-04:00,582,15,C,735.0,735.44,2.53,0.7905138339920956,0.4132508474575616,0.05619096696638224,09:30-10:00
2026-07-30,2026-07-30 09:42:11-04:00,582,15,P,735.0,735.44,2.11,0.47393364928908943,0.5698000000001002,0.07747742847820355,09:30-10:00
2026-07-30,2026-07-30 09:42:11-04:00,582,30,C,735.0,735.44,2.53,0.7905138339920956,0.37271186440671045,0.05067875889354814,09:30-10:00
2026-07-30,2026-07-30 09:42:11-04:00,582,30,P,735.0,735.44,2.11,0.47393364928908943,0.5358333333334713,0.07285887813193072,09:30-10:00
2026-07-30,2026-07-30 09:42:11-04:00,582,60,C,735.0,735.44,2.53,0.7905138339920956,0.694477611940215,0.09443022026816802,09:30-10:00
2026-07-30,2026-07-30 09:42:11-04:00,582,60,P,735.0,735.44,2.11,0.47393364928908943,0.981428571428637,0.13344780966885633,09:30-10:00
2026-07-30,2026-07-30 09:47:09-04:00,587,15,C,737.0,737.23,2.34,0.4273504273504183,0.3012169491524901,0.040857934315273396,09:30-10:00
2026-07-30,2026-07-30 09:47:09-04:00,587,15,P,737.0,737.23,2.13,0.4694835680751074,0.4006163265306668,0.05434075207610471,09:30-10:00
2026-07-30,2026-07-30 09:47:09-04:00,587,30,C,737.0,737.23,2.34,0.4273504273504183,0.3674193548386029,0.04983781924753508,09:30-10:00
2026-07-30,2026-07-30 09:47:09-04:00,587,30,P,737.0,737.23,2.13,0.4694835680751074,0.4988888888889278,0.06767072540305302,09:30-10:00
2026-07-30,2026-07-30 09:47:09-04:00,587,60,C,737.0,737.23,2.34,0.4273504273504183,0.4800000000000182,0.06510858212498381,09:30-10:00
2026-07-30,2026-07-30 09:47:09-04:00,587,60,P,737.0,737.23,2.13,0.4694835680751074,0.6546153846153402,0.08879391568646693,09:30-10:00
2026-07-30,2026-07-30 09:52:09-04:00,592,15,C,738.0,737.67,1.97,0.5076142131979701,0.2057142857144072,0.02788703427201963,09:30-10:00
2026-07-30,2026-07-30 09:52:09-04:00,592,15,P,738.0,737.67,2.33,0.42918454935623307,0.2875471698112051,0.03898046142735981,09:30-10:00
2026-07-30,2026-07-30 09:52:09-04:00,592,30,C,738.0,737.67,1.97,0.5076142131979701,0.22000000000002728,0.029823633874229302,09:30-10:00
2026-07-30,2026-07-30 09:52:09-04:00,592,30,P,738.0,737.67,2.33,0.42918454935623307,0.31723404255319565,0.043004872443395514,09:30-10:00
2026-07-30,2026-07-30 09:52:09-04:00,592,60,C,738.0,737.67,1.97,0.5076142131979701,0.3133333333333894,0.04247608460875316,09:30-10:00
2026-07-30,2026-07-30 09:52:09-04:00,592,60,P,738.0,737.67,2.33,0.42918454935623307,0.40999999999996817,0.05558040858377976,09:30-10:00
2026-07-30,2026-07-30 09:57:10-04:00,597,15,C,738.0,737.71,1.97,1.0152284263959401,0.12431372549008302,0.016851300035255454,09:30-10:00
2026-07-30,2026-07-30 09:57:10-04:00,597,15,P,738.0,737.71,2.27,0.4405286343612437,0.13916666666671063,0.01886468485810286,09:30-10:00
2026-07-30,2026-07-30 09:57:10-04:00,597,30,C,738.0,737.71,1.97,1.0152284263959401,0.2779245283018099,0.037673954304782355,09:30-10:00
2026-07-30,2026-07-30 09:57:10-04:00,597,30,P,738.0,737.71,2.27,0.4405286343612437,0.3191666666666606,0.04326451677036513,09:30-10:00
2026-07-30,2026-07-30 09:57:10-04:00,597,60,C,738.0,737.71,1.97,1.0152284263959401,0.1454385964910898,0.019714873932993968,09:30-10:00
2026-07-30,2026-07-30 09:57:10-04:00,597,60,P,738.0,737.71,2.27,0.4405286343612437,0.2700000000000955,0.03659974786841652,09:30-10:00
2026-07-30,2026-07-30 10:02:11-04:00,602,15,C,739.0,738.8702,1.96,0.5102040816326535,0.0005692307693152543,7.704069934276066e-05,10:00-10:30
2026-07-30,2026-07-30 10:02:11-04:00,602,15,P,739.0,738.8702,2.12,0.47169811320755806,0.07062553191485677,0.009558584432672582,10:00-10:30
2026-07-30,2026-07-30 10:02:11-04:00,602,30,C,739.0,738.8702,1.96,0.5102040816326535,0.17822105263155663,0.024120752553230138,10:00-10:30
2026-07-30,2026-07-30 10:02:11-04:00,602,30,P,739.0,738.8702,2.12,0.47169811320755806,0.3470627450980146,0.04697208590873128,10:00-10:30
2026-07-30,2026-07-30 10:02:11-04:00,602,60,C,739.0,738.8702,1.96,0.5102040816326535,-0.0031629629628469047,-0.00042808100297547595,10:00-10:30
2026-07-30,2026-07-30 10:02:11-04:00,602,60,P,739.0,738.8702,2.12,0.47169811320755806,0.14019999999993615,0.018974916027190727,10:00-10:30
2026-07-30,2026-07-30 10:07:10-04:00,607,15,C,739.0,738.59,1.82,0.5494505494505499,0.011538461538407319,0.001562228237372198,10:00-10:30
2026-07-30,2026-07-30 10:07:10-04:00,607,15,P,739.0,738.59,2.23,0.44843049327353307,0.024468085106377657,0.0033128102338750394,10:00-10:30
2026-07-30,2026-07-30 10:07:10-04:00,607,30,C,739.0,738.59,1.82,0.5494505494505499,0.25568965517243214,0.034618618607404936,10:00-10:30
2026-07-30,2026-07-30 10:07:10-04:00,607,30,P,739.0,738.59,2.23,0.44843049327353307,0.2767647058823286,0.037472035348749454,10:00-10:30
2026-07-30,2026-07-30 10:07:10-04:00,607,60,C,739.0,738.59,1.82,0.5494505494505499,0.11877551020404553,0.016081386182326532,10:00-10:30
2026-07-30,2026-07-30 10:07:10-04:00,607,60,P,739.0,738.59,2.23,0.44843049327353307,0.14000000000010004,0.018955035946885287,10:00-10:30
2026-07-30,2026-07-30 10:12:11-04:00,612,15,C,738.0,738.05,2.09,0.47846889952152094,0.226491228070131,0.030687789183677396,10:00-10:30
2026-07-30,2026-07-30 10:12:11-04:00,612,15,P,738.0,738.05,2.05,0.48780487804877015,0.3896078431372416,0.05278881419107671,10:00-10:30
2026-07-30,2026-07-30 10:12:11-04:00,612,30,C,738.0,738.05,2.09,0.47846889952152094,0.36333333333334394,0.049228823702099314,10:00-10:30
2026-07-30,2026-07-30 10:12:11-04:00,612,30,P,738.0,738.05,2.05,0.48780487804877015,0.4689795918367281,0.06354306508186817,10:00-10:30
2026-07-30,2026-07-30 10:12:11-04:00,612,60,C,738.0,738.05,2.09,0.47846889952152094,0.07071428571441629,0.009581232398132416,10:00-10:30
2026-07-30,2026-07-30 10:12:11-04:00,612,60,P,738.0,738.05,2.05,0.48780487804877015,0.1127272727271702,0.015273663400470186,10:00-10:30
2026-07-30,2026-07-30 10:17:10-04:00,617,15,C,738.0,738.42,2.24,0.4464285714285817,0.11964912280700446,0.01620339682118638,10:00-10:30
2026-07-30,2026-07-30 10:17:10-04:00,617,15,P,738.0,738.42,1.83,0.5464480874316944,0.25162790697675064,0.0340765292078696,10:00-10:30
2026-07-30,2026-07-30 10:17:10-04:00,617,30,C,738.0,738.42,2.24,0.4464285714285817,0.1145614035089011,0.015514396076609668,10:00-10:30
2026-07-30,2026-07-30 10:17:10-04:00,617,30,P,738.0,738.42,1.83,0.5464480874316944,0.13499999999987722,0.018282278378142145,10:00-10:30
2026-07-30,2026-07-30 10:17:10-04:00,617,60,C,738.0,738.42,2.24,0.4464285714285817,-0.0028571428571240176,-0.00038692652651932743,10:00-10:30
2026-07-30,2026-07-30 10:17:10-04:00,617,60,P,738.0,738.42,1.83,0.5464480874316944,-0.023720930232570936,-0.0032123899992647733,10:00-10:30
2026-07-30,2026-07-30 10:22:10-04:00,622,15,C,738.0,738.14,2.12,0.9433962264150951,0.22293103448282636,0.030201727921915406,10:00-10:30
2026-07-30,2026-07-30 10:22:10-04:00,622,15,P,738.0,738.14,1.97,0.5076142131979701,0.2987209302325482,0.040469413692869674,10:00-10:30
2026-07-30,2026-07-30 10:22:10-04:00,622,30,C,738.0,738.14,2.12,0.9433962264150951,0.09333333333336213,0.012644394468984493,10:00-10:30
2026-07-30,2026-07-30 10:22:10-04:00,622,30,P,738.0,738.14,1.97,0.5076142131979701,0.13999999999998636,0.018966591703469038,10:00-10:30
2026-07-30,2026-07-30 10:22:10-04:00,622,60,C,738.0,738.14,2.12,0.9433962264150951,0.043684210526407696,0.005918147035305998,10:00-10:30
2026-07-30,2026-07-30 10:22:10-04:00,622,60,P,738.0,738.14,1.97,0.5076142131979701,0.0641463414633563,0.008690267627192171,10:00-10:30
2026-07-30,2026-07-30 10:27:10-04:00,627,15,C,738.0,738.12,2.05,0.48780487804877015,0.2266666666666879,0.03070864719377444,10:00-10:30
2026-07-30,2026-07-30 10:27:10-04:00,627,15,P,738.0,738.12,1.93,0.5181347150259072,0.29408163265304665,0.03984198133813562,10:00-10:30
2026-07-30,2026-07-30 10:27:10-04:00,627,30,C,738.0,738.12,2.05,0.48780487804877015,-0.12421052631589191,-0.01682795836935619,10:00-10:30
2026-07-30,2026-07-30 10:27:10-04:00,627,30,P,738.0,738.12,1.93,0.5181347150259072,-0.08380952380946383,-0.011354457785924216,10:00-10:30
2026-07-30,2026-07-30 10:27:10-04:00,627,60,C,738.0,738.12,2.05,0.48780487804877015,-0.06820754716989086,-0.00924071250879137,10:00-10:30
2026-07-30,2026-07-30 10:27:10-04:00,627,60,P,738.0,738.12,1.93,0.5181347150259072,-0.12394736842099974,-0.01679230591516281,10:00-10:30
2026-07-30,2026-07-30 10:32:11-04:00,632,15,C,739.0,738.68,1.76,0.5681818181818187,0.009166666666715173,0.0012409523293869028,10:30-11:00
2026-07-30,2026-07-30 10:32:11-04:00,632,15,P,739.0,738.68,2.05,0.48780487804877015,-0.055000000000063665,-0.0074457139762906365,10:30-11:00
2026-07-30,2026-07-30 10:32:11-04:00,632,30,C,739.0,738.68,1.76,0.5681818181818187,-0.18333333333328028,-0.02481904658759954,10:30-11:00
2026-07-30,2026-07-30 10:32:11-04:00,632,30,P,739.0,738.68,2.05,0.48780487804877015,-0.20555555555563387,-0.027827415870963594,10:30-11:00
2026-07-30,2026-07-30 10:32:11-04:00,632,60,C,739.0,738.68,1.76,0.5681818181818187,-0.18377358490556617,-0.02487864635641498,10:30-11:00
2026-07-30,2026-07-30 10:32:11-04:00,632,60,P,739.0,738.68,2.05,0.48780487804877015,-0.3113043478261943,-0.04214332969976097,10:30-11:00
2026-07-30,2026-07-30 10:37:10-04:00,637,15,C,739.0,738.725,1.76,0.5681818181818187,-0.13872549019617963,-0.01877904364901413,10:30-11:00
2026-07-30,2026-07-30 10:37:10-04:00,637,15,P,739.0,738.725,2.03,0.49261083743841316,-0.1349999999999909,-0.018274730109308728,10:30-11:00
2026-07-30,2026-07-30 10:37:10-04:00,637,30,C,739.0,738.725,1.76,0.5681818181818187,-0.13867346938775427,-0.018772001676910115,10:30-11:00
2026-07-30,2026-07-30 10:37:10-04:00,637,30,P,739.0,738.725,2.03,0.49261083743841316,-0.14256097560974013,-0.019298247062132748,10:30-11:00
2026-07-30,2026-07-30 10:37:10-04:00,637,60,C,739.0,738.725,1.76,0.5681818181818187,-0.0796153846154084,-0.01077740493626294,10:30-11:00
2026-07-30,2026-07-30 10:37:10-04:00,637,60,P,739.0,738.725,2.03,0.49261083743841316,-0.09223404255317291,-0.012485572107776628,10:30-11:00
2026-07-30,2026-07-30 10:42:11-04:00,642,15,C,739.0,739.03,1.87,0.5347593582887704,-0.35000000000002274,-0.047359376479983596,10:30-11:00
2026-07-30,2026-07-30 10:42:11-04:00,642,15,P,739.0,739.03,1.85,1.081081081081082,-0.3642857142856428,-0.049292412254663936,10:30-11:00
2026-07-30,2026-07-30 10:42:11-04:00,642,30,C,739.0,739.03,1.87,0.5347593582887704,-0.30214285714282596,-0.04088370663475447,10:30-11:00
2026-07-30,2026-07-30 10:42:11-04:00,642,30,P,739.0,739.03,1.85,1.081081081081082,-0.3618181818181938,-0.04895852425722823,10:30-11:00
2026-07-30,2026-07-30 10:42:11-04:00,642,60,C,739.0,739.03,1.87,0.5347593582887704,-0.10754716981125512,-0.01455247686985036,10:30-11:00
2026-07-30,2026-07-30 10:42:11-04:00,642,60,P,739.0,739.03,1.85,1.081081081081082,-0.0787234042553564,-0.01065226097118607,10:30-11:00
2026-07-30,2026-07-30 10:47:11-04:00,647,15,C,738.0,737.71,1.78,0.5617977528089892,-0.17629629629630017,-0.023897777757696134,10:30-11:00
2026-07-30,2026-07-30 10:47:11-04:00,647,15,P,738.0,737.71,2.07,0.4830917874396033,-0.13111111111106766,-0.017772717071893786,10:30-11:00
2026-07-30,2026-07-30 10:47:11-04:00,647,30,C,738.0,737.71,1.78,0.5617977528089892,-0.11428571428575651,-0.015491956769700358,10:30-11:00
2026-07-30,2026-07-30 10:47:11-04:00,647,30,P,738.0,737.71,2.07,0.4830917874396033,-0.17558139534878592,-0.02380086963017797,10:30-11:00
2026-07-30,2026-07-30 10:47:11-04:00,647,60,C,738.0,737.71,1.78,0.5617977528089892,0.2590566037735016,0.03511631993242624,10:30-11:00
2026-07-30,2026-07-30 10:47:11-04:00,647,60,P,738.0,737.71,2.07,0.4830917874396033,0.2566666666666606,0.03479235291193838,10:30-11:00
2026-07-30,2026-07-30 10:52:11-04:00,652,15,C,737.0,736.9,1.94,1.0309278350515474,0.022542372881389383,0.003059081677485328,10:30-11:00
2026-07-30,2026-07-30 10:52:11-04:00,652,15,P,737.0,736.9,2.02,0.4950495049505065,0.008048780487797558,0.0010922486752337572,10:30-11:00
2026-07-30,2026-07-30 10:52:11-04:00,652,30,C,737.0,736.9,1.94,1.0309278350515474,-0.032105263157859554,-0.004356800537095882,10:30-11:00
2026-07-30,2026-07-30 10:52:11-04:00,652,30,P,737.0,736.9,2.02,0.4950495049505065,-0.05390243902445491,-0.0073147562796111966,10:30-11:00
2026-07-30,2026-07-30 10:52:11-04:00,652,60,C,737.0,736.9,1.94,1.0309278350515474,0.38333333333343944,0.05201972225993207,10:30-11:00
2026-07-30,2026-07-30 10:52:11-04:00,652,60,P,737.0,736.9,2.02,0.4950495049505065,0.3785714285713766,0.05137351452997376,10:30-11:00
2026-07-30,2026-07-30 10:57:12-04:00,657,15,C,736.0,735.68,1.88,0.5319148936170099,0.06571428571442084,0.008932455104722277,10:30-11:00
2026-07-30,2026-07-30 10:57:12-04:00,657,15,P,736.0,735.68,2.17,0.9216589861751161,0.015454545454417712,0.002100715726187706,10:30-11:00
2026-07-30,2026-07-30 10:57:12-04:00,657,30,C,736.0,735.68,1.88,0.5319148936170099,0.051037735849035926,0.006937491280045118,10:30-11:00
2026-07-30,2026-07-30 10:57:12-04:00,657,30,P,736.0,735.68,2.17,0.9216589861751161,-0.03819148936167949,-0.005191318149423593,10:30-11:00
2026-07-30,2026-07-30 10:57:12-04:00,657,60,C,736.0,735.68,1.88,0.5319148936170099,0.649444444444498,0.08827811608912817,10:30-11:00
2026-07-30,2026-07-30 10:57:12-04:00,657,60,P,736.0,735.68,2.17,0.9216589861751161,0.6040909090908144,0.08211327059194412,10:30-11:00
2026-07-30,2026-07-30 11:02:12-04:00,662,15,C,735.0,735.33,2.22,0.45045045045046084,0.05142857142845969,0.0069939444097833195,11:00-12:00
2026-07-30,2026-07-30 11:02:12-04:00,662,15,P,735.0,735.33,1.86,0.5376344086021511,-0.04395348837203983,-0.005977382722320567,11:00-12:00
2026-07-30,2026-07-30 11:02:12-04:00,662,30,C,735.0,735.33,2.22,0.45045045045046084,0.0033333333333303017,0.00045331121174578776,11:00-12:00
2026-07-30,2026-07-30 11:02:12-04:00,662,30,P,735.0,735.33,1.86,0.5376344086021511,-0.12897435897434661,-0.017539656885255137,11:00-12:00
2026-07-30,2026-07-30 11:02:12-04:00,662,60,C,735.0,735.33,2.22,0.45045045045046084,0.5684848484847862,0.07731016665779802,11:00-12:00
2026-07-30,2026-07-30 11:02:12-04:00,662,60,P,735.0,735.33,1.86,0.5376344086021511,0.7572727272728343,0.10298406528671947,11:00-12:00
2026-07-30,2026-07-30 11:07:12-04:00,667,15,C,736.0,735.77,1.87,1.0695187165775408,-0.024912280701755662,-0.00338587883465698,11:00-12:00
2026-07-30,2026-07-30 11:07:12-04:00,667,15,P,736.0,735.77,2.08,0.4807692307692419,-0.03756097560983562,-0.005104988734228852,11:00-12:00
2026-07-30,2026-07-30 11:07:12-04:00,667,30,C,736.0,735.77,1.87,1.0695187165775408,0.08692307692308532,0.011813892510306933,11:00-12:00
2026-07-30,2026-07-30 11:07:12-04:00,667,30,P,736.0,735.77,2.08,0.4807692307692419,0.059148936170231536,0.008039052444409467,11:00-12:00
2026-07-30,2026-07-30 11:07:12-04:00,667,60,C,736.0,735.77,1.87,1.0695187165775408,0.6599999999999682,0.08970194490125559,11:00-12:00
2026-07-30,2026-07-30 11:07:12-04:00,667,60,P,736.0,735.77,2.08,0.4807692307692419,0.6800000000000637,0.0924201856558522,11:00-12:00
2026-07-30,2026-07-30 11:12:12-04:00,672,15,C,735.0,735.46,2.29,0.4366812227074336,8.196721307740518e-05,1.1145026660512493e-05,11:00-12:00
2026-07-30,2026-07-30 11:12:12-04:00,672,15,P,735.0,735.46,1.83,0.5464480874316944,-0.04710526315784591,-0.006404870850603148,11:00-12:00
2026-07-30,2026-07-30 11:12:12-04:00,672,30,C,735.0,735.46,2.29,0.4366812227074336,0.17819672131145126,0.024229287970991113,11:00-12:00
2026-07-30,2026-07-30 11:12:12-04:00,672,30,P,735.0,735.46,1.83,0.5464480874316944,0.3036842105263986,0.041291737215674355,11:00-12:00
2026-07-30,2026-07-30 11:12:12-04:00,672,60,C,735.0,735.46,2.29,0.4366812227074336,0.7519230769230489,0.10223847346192165,11:00-12:00
2026-07-30,2026-07-30 11:12:12-04:00,672,60,P,735.0,735.46,1.83,0.5464480874316944,1.0321428571429578,0.14033976791979957,11:00-12:00
2026-07-30,2026-07-30 11:17:12-04:00,677,15,C,736.0,735.56,1.77,0.56497175141243,-0.0449056603772533,-0.006104962256954334,11:00-12:00
2026-07-30,2026-07-30 11:17:12-04:00,677,15,P,736.0,735.56,2.22,0.45045045045046084,-0.06173913043483026,-0.008393486654362698,11:00-12:00
2026-07-30,2026-07-30 11:17:12-04:00,677,30,C,736.0,735.56,1.77,0.56497175141243,0.3901886792453979,0.05304647877065065,11:00-12:00
2026-07-30,2026-07-30 11:17:12-04:00,677,30,P,736.0,735.56,2.22,0.45045045045046084,0.41916666666656965,0.05698606050717408,11:00-12:00
2026-07-30,2026-07-30 11:17:12-04:00,677,60,C,736.0,735.56,1.77,0.56497175141243,0.9199999999999591,0.12507477296209135,11:00-12:00
2026-07-30,2026-07-30 11:17:12-04:00,677,60,P,736.0,735.56,2.22,0.45045045045046084,0.9112499999999955,0.12388520311055462,11:00-12:00
2026-07-30,2026-07-30 11:22:13-04:00,682,15,C,736.0,735.71,1.86,0.5376344086021511,0.1276923076922003,0.017356337101874418,11:00-12:00
2026-07-30,2026-07-30 11:22:13-04:00,682,15,P,736.0,735.71,2.14,0.9345794392523372,0.12680851063839782,0.01723620864721124,11:00-12:00
2026-07-30,2026-07-30 11:22:13-04:00,682,30,C,736.0,735.71,1.86,0.5376344086021511,0.44000000000005457,0.059806173628203306,11:00-12:00
2026-07-30,2026-07-30 11:22:13-04:00,682,30,P,736.0,735.71,2.14,0.9345794392523372,0.4334693877550535,0.05891851242406023,11:00-12:00
2026-07-30,2026-07-30 11:22:13-04:00,682,60,C,736.0,735.71,1.86,0.5376344086021511,0.9122580645160951,0.1239969640912989,11:00-12:00
2026-07-30,2026-07-30 11:22:13-04:00,682,60,P,736.0,735.71,2.14,0.9345794392523372,0.926451612903179,0.1259261954986583,11:00-12:00
2026-07-30,2026-07-30 11:27:13-04:00,687,15,C,735.0,735.165,2.13,0.9389671361502356,0.21090163934434258,0.0286876605040151,11:00-12:00
2026-07-30,2026-07-30 11:27:13-04:00,687,15,P,735.0,735.165,1.98,1.010101010101011,0.33287234042552427,0.04527858921813801,11:00-12:00
2026-07-30,2026-07-30 11:27:13-04:00,687,30,C,735.0,735.165,2.13,0.9389671361502356,0.558461538461529,0.07596410852822551,11:00-12:00
2026-07-30,2026-07-30 11:27:13-04:00,687,30,P,735.0,735.165,1.98,1.010101010101011,0.7355555555554929,0.10005312488427671,11:00-12:00
2026-07-30,2026-07-30 11:27:13-04:00,687,60,C,735.0,735.165,2.13,0.9389671361502356,0.9193478260870052,0.12505326370093858,11:00-12:00
2026-07-30,2026-07-30 11:27:13-04:00,687,60,P,735.0,735.165,1.98,1.010101010101011,1.1542307692307077,0.1570029543341573,11:00-12:00
2026-07-30,2026-07-30 11:32:13-04:00,692,15,C,735.0,735.1,2.09,0.47846889952152094,0.39704918032782643,0.05401294794284131,11:00-12:00
2026-07-30,2026-07-30 11:32:13-04:00,692,15,P,735.0,735.1,2.01,0.4975124378109347,0.521666666666647,0.07096540153266861,11:00-12:00
2026-07-30,2026-07-30 11:32:13-04:00,692,30,C,735.0,735.1,2.09,0.47846889952152094,0.6015151515150592,0.08182766310910886,11:00-12:00
2026-07-30,2026-07-30 11:32:13-04:00,692,30,P,735.0,735.1,2.01,0.4975124378109347,0.8092592592593064,0.11008832257642584,11:00-12:00
2026-07-30,2026-07-30 11:32:13-04:00,692,60,C,735.0,735.1,2.09,0.47846889952152094,0.9203030303029891,0.1251942634067459,11:00-12:00
2026-07-30,2026-07-30 11:32:13-04:00,692,60,P,735.0,735.1,2.01,0.4975124378109347,1.1190909090909145,0.15223655408664322,11:00-12:00
2026-07-30,2026-07-30 11:37:13-04:00,697,15,C,736.0,736.03,1.97,0.5076142131979701,0.3033333333333985,0.04121208827539618,11:00-12:00
2026-07-30,2026-07-30 11:37:13-04:00,697,15,P,736.0,736.03,1.94,0.5154639175257737,0.3453061224489602,0.04691468044087336,11:00-12:00
2026-07-30,2026-07-30 11:37:13-04:00,697,30,C,736.0,736.03,1.97,0.5076142131979701,0.566666666666606,0.07698961545950656,11:00-12:00
2026-07-30,2026-07-30 11:37:13-04:00,697,30,P,736.0,736.03,1.94,0.5154639175257737,0.6599999999999682,0.08967025800578349,11:00-12:00
2026-07-30,2026-07-30 11:37:13-04:00,697,60,C,736.0,736.03,1.97,0.5076142131979701,0.8469565217391164,0.11507092397580485,11:00-12:00
2026-07-30,2026-07-30 11:37:13-04:00,697,60,P,736.0,736.03,1.94,0.5154639175257737,0.956981132075498,0.13001931063618305,11:00-12:00
2026-07-30,2026-07-30 11:42:13-04:00,702,15,C,736.0,736.13,1.99,0.5025125628140708,0.3780769230769465,0.05136007540474461,11:00-12:00
2026-07-30,2026-07-30 11:42:13-04:00,702,15,P,736.0,736.13,1.85,0.540540540540541,0.4116666666666333,0.05592309329420528,11:00-12:00
2026-07-30,2026-07-30 11:42:13-04:00,702,30,C,736.0,736.13,1.99,0.5025125628140708,0.6203846153846371,0.08427650216464987,11:00-12:00
2026-07-30,2026-07-30 11:42:13-04:00,702,30,P,736.0,736.13,1.85,0.540540540540541,0.7378571428571377,0.10023462470720357,11:00-12:00
2026-07-30,2026-07-30 11:42:13-04:00,702,60,C,736.0,736.13,1.99,0.5025125628140708,0.7088524590163843,0.0962944668762833,11:00-12:00
2026-07-30,2026-07-30 11:42:13-04:00,702,60,P,736.0,736.13,1.85,0.540540540540541,0.8399999999999181,0.11411027943432793,11:00-12:00
2026-07-30,2026-07-30 11:47:13-04:00,707,15,C,737.0,737.12,1.87,0.5347593582887704,0.21571428571428442,0.0292644733170019,11:00-12:00
2026-07-30,2026-07-30 11:47:13-04:00,707,15,P,737.0,737.12,1.76,0.5681818181818187,0.32000000000005,0.04341219882787742,11:00-12:00
2026-07-30,2026-07-30 11:47:13-04:00,707,30,C,737.0,737.12,1.87,0.5347593582887704,0.5266666666666424,0.07144924390420045,11:00-12:00
2026-07-30,2026-07-30 11:47:13-04:00,707,30,P,737.0,737.12,1.76,0.5681818181818187,0.6409803921569619,0.08695740071588912,11:00-12:00
2026-07-30,2026-07-30 11:47:13-04:00,707,60,C,737.0,737.12,1.87,0.5347593582887704,0.5544029850746028,0.07521203943382392,11:00-12:00
2026-07-30,2026-07-30 11:47:13-04:00,707,60,P,737.0,737.12,1.76,0.5681818181818187,0.7468181818181847,0.10131568561674961,11:00-12:00
2026-07-30,2026-07-30 11:52:13-04:00,712,15,C,737.0,736.95,1.75,0.571428571428572,0.27999999999985903,0.0379944365289177,11:00-12:00
2026-07-30,2026-07-30 11:52:13-04:00,712,15,P,737.0,736.95,1.82,0.5494505494505499,0.3400000000001455,0.04613610149944304,11:00-12:00
2026-07-30,2026-07-30 11:52:13-04:00,712,30,C,737.0,736.95,1.75,0.571428571428572,0.49483870967742405,0.06714684981035675,11:00-12:00
2026-07-30,2026-07-30 11:52:13-04:00,712,30,P,737.0,736.95,1.82,0.5494505494505499,0.5891666666666424,0.07994662686296795,11:00-12:00
2026-07-30,2026-07-30 11:52:13-04:00,712,60,C,737.0,736.95,1.75,0.571428571428572,0.5593442622949851,0.07589989311282788,11:00-12:00
2026-07-30,2026-07-30 11:52:13-04:00,712,60,P,737.0,736.95,1.82,0.5494505494505499,0.7270588235294326,0.09865782258354468,11:00-12:00
2026-07-30,2026-07-30 11:57:13-04:00,717,15,C,737.0,737.385,1.92,0.5208333333333338,0.25769230769230944,0.034946779184864,11:00-12:00
2026-07-30,2026-07-30 11:57:13-04:00,717,15,P,737.0,737.385,1.56,0.6410256410256416,0.3727272727272748,0.05054717314934191,11:00-12:00
2026-07-30,2026-07-30 11:57:13-04:00,717,30,C,737.0,737.385,1.92,0.5208333333333338,0.3949999999999818,0.05356767495948274,11:00-12:00
2026-07-30,2026-07-30 11:57:13-04:00,717,30,P,737.0,737.385,1.56,0.6410256410256416,0.5562195121951845,0.07543135705163308,11:00-12:00
2026-07-30,2026-07-30 11:57:13-04:00,717,60,C,737.0,737.385,1.92,0.5208333333333338,0.4510655737705065,0.061170972256081486,11:00-12:00
2026-07-30,2026-07-30 11:57:13-04:00,717,60,P,737.0,737.385,1.56,0.6410256410256416,0.6595098039215372,0.08943900457990565,11:00-12:00
2026-07-30,2026-07-30 12:02:14-04:00,722,15,C,738.0,737.55,1.44,0.6944444444444451,0.37999999999999545,0.05152193071656097,12:00-13:00
2026-07-30,2026-07-30 12:02:14-04:00,722,15,P,738.0,737.55,1.89,1.0582010582010475,0.32588235294122114,0.04418444213154649,12:00-13:00
2026-07-30,2026-07-30 12:02:14-04:00,722,30,C,738.0,737.55,1.44,0.6944444444444451,0.40428571428572013,0.05481468568716971,12:00-13:00
2026-07-30,2026-07-30 12:02:14-04:00,722,30,P,738.0,737.55,1.89,1.0582010582010475,0.35090909090899913,0.047577668077960704,12:00-13:00
2026-07-30,2026-07-30 12:02:14-04:00,722,60,C,738.0,737.55,1.44,0.6944444444444451,0.6403278688525234,0.08681823182869275,12:00-13:00
2026-07-30,2026-07-30 12:02:14-04:00,722,60,P,738.0,737.55,1.89,1.0582010582010475,0.6157575757575842,0.08348689251678994,12:00-13:00
2026-07-30,2026-07-30 12:07:13-04:00,727,15,C,738.0,737.93,1.58,0.6329113924050638,0.24064516129044478,0.03261083860128261,12:00-13:00
2026-07-30,2026-07-30 12:07:13-04:00,727,15,P,738.0,737.93,1.67,0.5988023952095813,0.2566666666665469,0.03478198022394359,12:00-13:00
2026-07-30,2026-07-30 12:07:13-04:00,727,30,C,738.0,737.93,1.58,0.6329113924050638,0.30067796610171627,0.040746136639209174,12:00-13:00
2026-07-30,2026-07-30 12:07:13-04:00,727,30,P,738.0,737.93,1.67,0.5988023952095813,0.3475471698112642,0.047097579690656866,12:00-13:00
2026-07-30,2026-07-30 12:07:13-04:00,727,60,C,738.0,737.93,1.58,0.6329113924050638,0.5241677966102998,0.07103218416520535,12:00-13:00
2026-07-30,2026-07-30 12:07:13-04:00,727,60,P,738.0,737.93,1.67,0.5988023952095813,0.6013814814814396,0.08149573556860944,12:00-13:00
2026-07-30,2026-07-30 12:12:14-04:00,732,15,C,739.0,738.535,1.3,0.7692307692307698,0.18117021276600553,0.024531025986040678,12:00-13:00
2026-07-30,2026-07-30 12:12:14-04:00,732,15,P,739.0,738.535,1.78,0.5617977528089892,0.13961538461535383,0.018904369409080655,12:00-13:00
2026-07-30,2026-07-30 12:12:14-04:00,732,30,C,739.0,738.535,1.3,0.7692307692307698,0.1150000000000091,0.015571367639991214,12:00-13:00
2026-07-30,2026-07-30 12:12:14-04:00,732,30,P,739.0,738.535,1.78,0.5617977528089892,0.1049999999999045,0.014217335671282269,12:00-13:00
2026-07-30,2026-07-30 12:12:14-04:00,732,60,C,739.0,738.535,1.3,0.7692307692307698,0.4708620689655163,0.06375622942250758,12:00-13:00
2026-07-30,2026-07-30 12:12:14-04:00,732,60,P,739.0,738.535,1.78,0.5617977528089892,0.42318181818177436,0.05730017103885048,12:00-13:00
2026-07-30,2026-07-30 12:17:14-04:00,737,15,C,739.0,738.93,1.45,0.6896551724137937,0.04214285714294874,0.005703227253318818,12:00-13:00
2026-07-30,2026-07-30 12:17:14-04:00,737,15,P,739.0,738.93,1.54,0.6493506493506499,0.00818181818181074,0.001107252132382058,12:00-13:00
2026-07-30,2026-07-30 12:17:14-04:00,737,30,C,739.0,738.93,1.45,0.6896551724137937,0.02850877192986445,0.0038581153735623742,12:00-13:00
2026-07-30,2026-07-30 12:17:14-04:00,737,30,P,739.0,738.93,1.54,0.6493506493506499,0.08928571428566556,0.012083108587507012,12:00-13:00
2026-07-30,2026-07-30 12:17:14-04:00,737,60,C,739.0,738.93,1.45,0.6896551724137937,0.3741935483870975,0.05063991831257325,12:00-13:00
2026-07-30,2026-07-30 12:17:14-04:00,737,60,P,739.0,738.93,1.54,0.6493506493506499,0.43846153846152447,0.059337357863603384,12:00-13:00
2026-07-30,2026-07-30 12:22:14-04:00,742,15,C,739.0,739.09,1.54,0.6493506493506499,0.07288135593216793,0.009860958196182865,12:00-13:00
2026-07-30,2026-07-30 12:22:14-04:00,742,15,P,739.0,739.09,1.48,0.6756756756756763,0.10000000000002274,0.013530151943609401,12:00-13:00
2026-07-30,2026-07-30 12:22:14-04:00,742,30,C,739.0,739.09,1.54,0.6493506493506499,0.07508196721312288,0.01015870424618421,12:00-13:00
2026-07-30,2026-07-30 12:22:14-04:00,742,30,P,739.0,739.09,1.48,0.6756756756756763,0.1943589743590337,0.02629706454681212,12:00-13:00
2026-07-30,2026-07-30 12:22:14-04:00,742,60,C,739.0,739.09,1.54,0.6493506493506499,0.39333333333331666,0.05321859764484929,12:00-13:00
2026-07-30,2026-07-30 12:22:14-04:00,742,60,P,739.0,739.09,1.48,0.6756756756756763,0.491851851851834,0.06654830289299463,12:00-13:00
2026-07-30,2026-07-30 12:27:14-04:00,747,15,C,739.0,738.78,1.34,0.7462686567164185,-0.049999999999954525,-0.006767914670125684,12:00-13:00
2026-07-30,2026-07-30 12:27:14-04:00,747,15,P,739.0,738.78,1.59,0.6289308176100634,-0.030000000000086402,-0.004060748802090799,12:00-13:00
2026-07-30,2026-07-30 12:27:14-04:00,747,30,C,739.0,738.78,1.34,0.7462686567164185,0.08274509803925412,0.011200235258027304,12:00-13:00
2026-07-30,2026-07-30 12:27:14-04:00,747,30,P,739.0,738.78,1.59,0.6289308176100634,0.11333333333334394,0.015340606585633607,12:00-13:00
2026-07-30,2026-07-30 12:27:14-04:00,747,60,C,739.0,738.78,1.34,0.7462686567164185,0.37000000000000455,0.05008256855897623,12:00-13:00
2026-07-30,2026-07-30 12:27:14-04:00,747,60,P,739.0,738.78,1.59,0.6289308176100634,0.38943396226409277,0.052713116525094444,12:00-13:00
2026-07-30,2026-07-30 12:32:14-04:00,752,15,C,738.0,738.49,1.75,0.571428571428572,-0.00517543859655234,-0.0007008136327577002,12:00-13:00
2026-07-30,2026-07-30 12:32:14-04:00,752,15,P,738.0,738.49,1.3,0.7692307692307698,0.07785714285716949,0.010542748426812751,12:00-13:00
2026-07-30,2026-07-30 12:32:14-04:00,752,30,C,738.0,738.49,1.75,0.571428571428572,0.20852459016396097,0.028236616631770364,12:00-13:00
2026-07-30,2026-07-30 12:32:14-04:00,752,30,P,738.0,738.49,1.3,0.7692307692307698,0.4049999999999727,0.05484163631193011,12:00-13:00
2026-07-30,2026-07-30 12:32:14-04:00,752,60,C,738.0,738.49,1.75,0.571428571428572,0.3314285714285461,0.04487922266090889,12:00-13:00
2026-07-30,2026-07-30 12:32:14-04:00,752,60,P,738.0,738.49,1.3,0.7692307692307698,0.544878048780447,0.07378272539647754,12:00-13:00
2026-07-30,2026-07-30 12:37:15-04:00,757,15,C,739.0,738.79,1.33,0.7518796992481209,0.017500000000040927,0.0023687380717173933,12:00-13:00
2026-07-30,2026-07-30 12:37:15-04:00,757,15,P,739.0,738.79,1.57,0.6369426751592362,0.07686274509796931,0.010403869177705345,12:00-13:00
2026-07-30,2026-07-30 12:37:15-04:00,757,30,C,739.0,738.79,1.33,0.7518796992481209,0.2404389830509217,0.03254496989007996,12:00-13:00
2026-07-30,2026-07-30 12:37:15-04:00,757,30,P,739.0,738.79,1.57,0.6369426751592362,0.2761962962962343,0.03738495327443987,12:00-13:00
2026-07-30,2026-07-30 12:37:15-04:00,757,60,C,739.0,738.79,1.33,0.7518796992481209,0.4220338983051306,0.057125014998190365,12:00-13:00
2026-07-30,2026-07-30 12:37:15-04:00,757,60,P,739.0,738.79,1.57,0.6369426751592362,0.4555555555555202,0.061662387898525996,12:00-13:00
2026-07-30,2026-07-30 12:42:15-04:00,762,15,C,738.0,737.97,1.47,0.680272108843538,0.12836065573765154,0.017393749845881476,12:00-13:00
2026-07-30,2026-07-30 12:42:15-04:00,762,15,P,738.0,737.97,1.52,0.6578947368421059,0.16607843137262535,0.022504767317455363,12:00-13:00
2026-07-30,2026-07-30 12:42:15-04:00,762,30,C,738.0,737.97,1.47,0.680272108843538,0.3289655172413859,0.04457708541558408,12:00-13:00
2026-07-30,2026-07-30 12:42:15-04:00,762,30,P,738.0,737.97,1.52,0.6578947368421059,0.38545454545453595,0.05223173644654063,12:00-13:00
2026-07-30,2026-07-30 12:42:15-04:00,762,60,C,738.0,737.97,1.47,0.680272108843538,0.44068965517237757,0.05971647291521032,12:00-13:00
2026-07-30,2026-07-30 12:42:15-04:00,762,60,P,738.0,737.97,1.52,0.6578947368421059,0.489090909090919,0.06627517501943425,12:00-13:00
2026-07-30,2026-07-30 12:47:16-04:00,767,15,C,739.0,738.555,1.23,0.8130081300813016,0.2466666666666697,0.03339855077369589,12:00-13:00
2026-07-30,2026-07-30 12:47:16-04:00,767,15,P,739.0,738.555,1.67,0.5988023952095813,0.21166666666658784,0.028659567217957753,12:00-13:00
2026-07-30,2026-07-30 12:47:16-04:00,767,30,C,739.0,738.555,1.23,0.8130081300813016,0.411666666666747,0.05573947325070537,12:00-13:00
2026-07-30,2026-07-30 12:47:16-04:00,767,30,P,739.0,738.555,1.67,0.5988023952095813,0.3087037037035998,0.04179833644123997,12:00-13:00
2026-07-30,2026-07-30 12:47:16-04:00,767,60,C,739.0,738.555,1.23,0.8130081300813016,0.48974576271200476,0.06631134617083423,12:00-13:00
2026-07-30,2026-07-30 12:47:16-04:00,767,60,P,739.0,738.555,1.67,0.5988023952095813,0.3727777777777419,0.05047393596654845,12:00-13:00
2026-07-30,2026-07-30 12:52:15-04:00,772,15,C,739.0,738.87,1.37,0.7299270072992706,0.22823559322034725,0.030889817318384458,12:00-13:00
2026-07-30,2026-07-30 12:52:15-04:00,772,15,P,739.0,738.87,1.5,0.6666666666666672,0.2265666666665993,0.030663941784968844,12:00-13:00
2026-07-30,2026-07-30 12:52:15-04:00,772,30,C,739.0,738.87,1.37,0.7299270072992706,0.3300000000000409,0.04466279589102832,12:00-13:00
2026-07-30,2026-07-30 12:52:15-04:00,772,30,P,739.0,738.87,1.5,0.6666666666666672,0.3088888888888732,0.04180557999226836,12:00-13:00
2026-07-30,2026-07-30 12:52:15-04:00,772,60,C,739.0,738.87,1.37,0.7299270072992706,0.43983050847452887,0.05952745523225045,12:00-13:00
2026-07-30,2026-07-30 12:52:15-04:00,772,60,P,739.0,738.87,1.5,0.6666666666666672,0.422727272727343,0.05721267242239406,12:00-13:00
2026-07-30,2026-07-30 12:57:16-04:00,777,15,C,739.0,739.0,1.42,0.7042253521126767,0.21275862068966944,0.02879007045868328,12:00-13:00
2026-07-30,2026-07-30 12:57:16-04:00,777,15,P,739.0,739.0,1.43,0.6993006993007,0.24674418604649873,0.033388929099661534,12:00-13:00
2026-07-30,2026-07-30 12:57:16-04:00,777,30,C,739.0,739.0,1.42,0.7042253521126767,0.283333333333303,0.03834009923319391,12:00-13:00
2026-07-30,2026-07-30 12:57:16-04:00,777,30,P,739.0,739.0,1.43,0.6993006993007,0.3075471698113006,0.041616667092192236,12:00-13:00
2026-07-30,2026-07-30 12:57:16-04:00,777,60,C,739.0,739.0,1.42,0.7042253521126767,0.44542372881346637,0.06027384693010371,12:00-13:00
2026-07-30,2026-07-30 12:57:16-04:00,777,60,P,739.0,739.0,1.43,0.6993006993007,0.46181818181821654,0.0624923114774312,12:00-13:00
2026-07-30,2026-07-30 13:02:16-04:00,782,15,C,740.0,740.01,1.34,0.7462686567164185,0.14000000000010004,0.018918663261320797,13:00-14:00
2026-07-30,2026-07-30 13:02:16-04:00,782,15,P,740.0,740.01,1.34,0.7462686567164185,0.15259259259255487,0.020620341967345693,13:00-14:00
2026-07-30,2026-07-30 13:02:16-04:00,782,30,C,740.0,740.01,1.34,0.7462686567164185,0.11931034482756786,0.016122801695594366,13:00-14:00
2026-07-30,2026-07-30 13:02:16-04:00,782,30,P,740.0,740.01,1.34,0.7462686567164185,0.16243902439020985,0.021950922878097575,13:00-14:00
2026-07-30,2026-07-30 13:02:16-04:00,782,60,C,740.0,740.01,1.34,0.7462686567164185,0.319677419354889,0.04319906749299185,13:00-14:00
2026-07-30,2026-07-30 13:02:16-04:00,782,60,P,740.0,740.01,1.34,0.7462686567164185,0.30509433962265575,0.04122840767322817,13:00-14:00
2026-07-30,2026-07-30 13:07:16-04:00,787,15,C,740.0,739.8101,1.21,0.8264462809917362,0.12323333333324626,0.01665742780927785,13:00-14:00
2026-07-30,2026-07-30 13:07:16-04:00,787,15,P,740.0,739.8101,1.42,0.7042253521126767,0.09877924528302628,0.013351973064848165,13:00-14:00
2026-07-30,2026-07-30 13:07:16-04:00,787,30,C,740.0,739.8101,1.21,0.8264462809917362,0.1985440677965471,0.026837166429134595,13:00-14:00
2026-07-30,2026-07-30 13:07:16-04:00,787,30,P,740.0,739.8101,1.42,0.7042253521126767,0.19787777777787596,0.02674710412548787,13:00-14:00
2026-07-30,2026-07-30 13:07:16-04:00,787,60,C,740.0,739.8101,1.21,0.8264462809917362,0.2865666666666584,0.0387351655062101,13:00-14:00
2026-07-30,2026-07-30 13:07:16-04:00,787,60,P,740.0,739.8101,1.42,0.7042253521126767,0.2846454545455117,0.038475475604551994,13:00-14:00
2026-07-30,2026-07-30 13:12:56-04:00,792,15,C,740.0,739.73,1.16,1.7241379310344844,0.0889655172413768,0.012026755335240804,13:00-14:00
2026-07-30,2026-07-30 13:12:56-04:00,792,15,P,740.0,739.73,1.45,0.6896551724137937,0.10500000000001819,0.014194368215432414,13:00-14:00
2026-07-30,2026-07-30 13:12:56-04:00,792,30,C,740.0,739.73,1.16,1.7241379310344844,0.1865217391303986,0.025214840432373785,13:00-14:00
2026-07-30,2026-07-30 13:12:56-04:00,792,30,P,740.0,739.73,1.45,0.6896551724137937,0.14037037037030586,0.01897589260545143,13:00-14:00
2026-07-30,2026-07-30 13:12:56-04:00,792,60,C,740.0,739.73,1.16,1.7241379310344844,0.30617021276600553,0.04138945463425919,13:00-14:00
2026-07-30,2026-07-30 13:12:56-04:00,792,60,P,740.0,739.73,1.45,0.6896551724137937,0.24538461538463707,0.03317218652543997,13:00-14:00
2026-07-30,2026-07-30 13:17:14-04:00,797,15,C,740.0,740.03,1.29,0.7751937984496131,0.013103448275842311,0.0017706644697974827,13:00-14:00
2026-07-30,2026-07-30 13:17:14-04:00,797,15,P,740.0,740.03,1.27,0.7874015748031503,0.011707317073160084,0.0015820057393835497,13:00-14:00
2026-07-30,2026-07-30 13:17:14-04:00,797,30,C,740.0,740.03,1.29,0.7751937984496131,0.1164406779661249,0.015734588863441333,13:00-14:00
2026-07-30,2026-07-30 13:17:14-04:00,797,30,P,740.0,740.03,1.27,0.7874015748031503,0.10703703703700285,0.014463878091023721,13:00-14:00
2026-07-30,2026-07-30 13:17:14-04:00,797,60,C,740.0,740.03,1.29,0.7751937984496131,0.26375000000007276,0.035640447008914874,13:00-14:00
2026-07-30,2026-07-30 13:17:14-04:00,797,60,P,740.0,740.03,1.27,0.7874015748031503,0.2613725490194838,0.03531918287359753,13:00-14:00
2026-07-30,2026-07-30 13:22:15-04:00,802,15,C,740.0,739.95,1.23,0.8130081300813016,0.09254237288132572,0.012506571103632099,13:00-14:00
2026-07-30,2026-07-30 13:22:15-04:00,802,15,P,740.0,739.95,1.3,0.7692307692307698,0.11555555555560204,0.01561667079608109,13:00-14:00
2026-07-30,2026-07-30 13:22:15-04:00,802,30,C,740.0,739.95,1.23,0.8130081300813016,0.12254237288129843,0.016560899098763217,13:00-14:00
2026-07-30,2026-07-30 13:22:15-04:00,802,30,P,740.0,739.95,1.3,0.7692307692307698,0.13909090909100996,0.018797338886547735,13:00-14:00
2026-07-30,2026-07-30 13:22:15-04:00,802,60,C,740.0,739.95,1.23,0.8130081300813016,0.2799999999999727,0.037840394621254506,13:00-14:00
2026-07-30,2026-07-30 13:22:15-04:00,802,60,P,740.0,739.95,1.3,0.7692307692307698,0.2534693877551035,0.034254934489506526,13:00-14:00
2026-07-30,2026-07-30 13:27:16-04:00,807,15,C,740.0,739.9,1.2,0.8333333333333341,0.04517241379312509,0.006105205270053397,13:00-14:00
2026-07-30,2026-07-30 13:27:16-04:00,807,15,P,740.0,739.9,1.33,0.7518796992481209,0.06238095238097685,0.008430997753882532,13:00-14:00
2026-07-30,2026-07-30 13:27:16-04:00,807,30,C,740.0,739.9,1.2,0.8333333333333341,0.17254237288136665,0.023319688185074558,13:00-14:00
2026-07-30,2026-07-30 13:27:16-04:00,807,30,P,740.0,739.9,1.33,0.7518796992481209,0.18000000000006366,0.024327611839446366,13:00-14:00
2026-07-30,2026-07-30 13:27:16-04:00,807,60,C,740.0,739.9,1.2,0.8333333333333341,0.28918367346943796,0.039084156435928906,13:00-14:00
2026-07-30,2026-07-30 13:27:16-04:00,807,60,P,740.0,739.9,1.33,0.7518796992481209,0.27784313725487664,0.03755144441882371,13:00-14:00
2026-07-30,2026-07-30 13:32:16-04:00,812,15,C,740.0,739.75,1.13,0.8849557522123707,0.10130434782615794,0.013694403220839195,13:00-14:00
2026-07-30,2026-07-30 13:32:16-04:00,812,15,P,740.0,739.75,1.39,0.7194244604316554,0.049259259259201826,0.0066589062871513114,13:00-14:00
2026-07-30,2026-07-30 13:32:16-04:00,812,30,C,740.0,739.75,1.13,0.8849557522123707,0.19978723404256016,0.02700739899189728,13:00-14:00
2026-07-30,2026-07-30 13:32:16-04:00,812,30,P,740.0,739.75,1.39,0.7194244604316554,0.13943396226409277,0.018848795169191315,13:00-14:00
2026-07-30,2026-07-30 13:32:16-04:00,812,60,C,740.0,739.75,1.13,0.8849557522123707,0.3016666666666197,0.04077954263827235,13:00-14:00
2026-07-30,2026-07-30 13:32:16-04:00,812,60,P,740.0,739.75,1.39,0.7194244604316554,0.3233333333333803,0.04370846006534374,13:00-14:00
2026-07-30,2026-07-30 13:37:16-04:00,817,15,C,740.0,739.89,1.15,0.8695652173913052,0.04694915254231091,0.006345423311885675,13:00-14:00
2026-07-30,2026-07-30 13:37:16-04:00,817,15,P,740.0,739.89,1.28,0.7812500000000007,0.042727272727347554,0.005774814192291767,13:00-14:00
2026-07-30,2026-07-30 13:37:16-04:00,817,30,C,740.0,739.89,1.15,0.8695652173913052,0.10666666666668334,0.01441655741619475,13:00-14:00
2026-07-30,2026-07-30 13:37:16-04:00,817,30,P,740.0,739.89,1.28,0.7812500000000007,0.11000000000001364,0.014867074835450357,13:00-14:00
2026-07-30,2026-07-30 13:37:16-04:00,817,60,C,740.0,739.89,1.15,0.8695652173913052,0.19000000000005457,0.02567949289760026,13:00-14:00
2026-07-30,2026-07-30 13:37:16-04:00,817,60,P,740.0,739.89,1.28,0.7812500000000007,0.2186274509804207,0.029548642498266053,13:00-14:00
2026-07-30,2026-07-30 13:42:16-04:00,822,15,C,740.0,739.79,1.12,0.8928571428571435,0.14694915254233365,0.01986363056304271,13:00-14:00
2026-07-30,2026-07-30 13:42:16-04:00,822,15,P,740.0,739.79,1.36,0.7352941176470594,0.12454545454545496,0.016835244399823594,13:00-14:00
2026-07-30,2026-07-30 13:42:16-04:00,822,30,C,740.0,739.79,1.12,0.8928571428571435,0.16106382978728107,0.021771560819594894,13:00-14:00
2026-07-30,2026-07-30 13:42:16-04:00,822,30,P,740.0,739.79,1.36,0.7352941176470594,0.13230769230767692,0.017884493208569583,13:00-14:00
2026-07-30,2026-07-30 13:42:16-04:00,822,60,C,740.0,739.79,1.12,0.8928571428571435,0.2163265306123776,0.029241613243268714,13:00-14:00
2026-07-30,2026-07-30 13:42:16-04:00,822,60,P,740.0,739.79,1.36,0.7352941176470594,0.23461538461526743,0.03171378156169554,13:00-14:00
2026-07-30,2026-07-30 13:48:18-04:00,828,15,C,740.0,739.96,1.19,0.8403361344537823,0.11744680851063549,0.015872048287831165,13:00-14:00
2026-07-30,2026-07-30 13:48:18-04:00,828,15,P,740.0,739.96,1.26,0.7936507936507943,0.10415094339623465,0.014075212632606445,13:00-14:00
2026-07-30,2026-07-30 13:48:18-04:00,828,30,C,740.0,739.96,1.19,0.8403361344537823,0.18999999999994088,0.025677063625052825,13:00-14:00
2026-07-30,2026-07-30 13:48:18-04:00,828,30,P,740.0,739.96,1.26,0.7936507936507943,0.1818367346938885,0.02457386003214883,13:00-14:00
2026-07-30,2026-07-30 13:48:18-04:00,828,60,C,740.0,739.96,1.19,0.8403361344537823,0.24037735849049113,0.032485182778865224,13:00-14:00
2026-07-30,2026-07-30 13:48:18-04:00,828,60,P,740.0,739.96,1.26,0.7936507936507943,0.2710638297872947,0.03663222738895274,13:00-14:00
2026-07-30,2026-07-30 13:53:17-04:00,833,15,C,740.0,739.92,1.15,0.8695652173913052,0.07666666666671063,0.010361480520422564,13:00-14:00
2026-07-30,2026-07-30 13:53:17-04:00,833,15,P,740.0,739.92,1.25,0.8000000000000007,0.08545454545446773,0.011549160105750316,13:00-14:00
2026-07-30,2026-07-30 13:53:17-04:00,833,30,C,740.0,739.92,1.15,0.8695652173913052,0.15000000000009095,0.020272461887783942,13:00-14:00
2026-07-30,2026-07-30 13:53:17-04:00,833,30,P,740.0,739.92,1.25,0.8000000000000007,0.12142857142850971,0.016411040575806807,13:00-14:00
2026-07-30,2026-07-30 13:53:17-04:00,833,60,C,740.0,739.92,1.15,0.8695652173913052,0.22384615384623885,0.030252750817147643,13:00-14:00
2026-07-30,2026-07-30 13:53:17-04:00,833,60,P,740.0,739.92,1.25,0.8000000000000007,0.2810638297871719,0.037985705182610546,13:00-14:00
2026-07-30,2026-07-30 13:58:17-04:00,838,15,C,740.0,739.92,1.12,0.8928571428571435,0.031063829787285613,0.004198268703006489,13:00-14:00
2026-07-30,2026-07-30 13:58:17-04:00,838,15,P,740.0,739.92,1.23,0.8130081300813016,0.012307692307672369,0.0016633814882247228,13:00-14:00
2026-07-30,2026-07-30 13:58:17-04:00,838,30,C,740.0,739.92,1.12,0.8928571428571435,0.1059183673470443,0.01431484043505302,13:00-14:00
2026-07-30,2026-07-30 13:58:17-04:00,838,30,P,740.0,739.92,1.23,0.8130081300813016,0.10176470588226039,0.013753474143456103,13:00-14:00
2026-07-30,2026-07-30 13:58:17-04:00,838,60,C,740.0,739.92,1.12,0.8928571428571435,0.19490566037734425,0.026341450478071175,13:00-14:00
2026-07-30,2026-07-30 13:58:17-04:00,838,60,P,740.0,739.92,1.23,0.8130081300813016,0.2410638297872083,0.03257971534587636,13:00-14:00
2026-07-30,2026-07-30 14:03:18-04:00,843,15,C,740.0,740.12,1.22,0.8196721311475417,0.09000000000003183,0.012160190239424934,14:00-15:00
2026-07-30,2026-07-30 14:03:18-04:00,843,15,P,740.0,740.12,1.14,1.7543859649122628,0.09693877551023888,0.013097710575344387,14:00-15:00
2026-07-30,2026-07-30 14:03:18-04:00,843,30,C,740.0,740.12,1.22,0.8196721311475417,0.10813725490197612,0.01461077323974168,14:00-15:00
2026-07-30,2026-07-30 14:03:18-04:00,843,30,P,740.0,740.12,1.14,1.7543859649122628,0.17250000000001364,0.023307031292224726,14:00-15:00
2026-07-30,2026-07-30 14:03:18-04:00,843,60,C,740.0,740.12,1.22,0.8196721311475417,0.18754098360648186,0.025339267092698733,14:00-15:00
2026-07-30,2026-07-30 14:03:18-04:00,843,60,P,740.0,740.12,1.14,1.7543859649122628,0.2241509433962392,0.030285756822709724,14:00-15:00
2026-07-30,2026-07-30 14:08:18-04:00,848,15,C,740.0,739.98,1.15,0.8695652173913052,0.09000000000003183,0.012162490878136143,14:00-15:00
2026-07-30,2026-07-30 14:08:18-04:00,848,15,P,740.0,739.98,1.18,0.8474576271186449,0.038571428571458455,0.00521249609063197,14:00-15:00
2026-07-30,2026-07-30 14:08:18-04:00,848,30,C,740.0,739.98,1.15,0.8695652173913052,0.10000000000002274,0.013513878753482898,14:00-15:00
2026-07-30,2026-07-30 14:08:18-04:00,848,30,P,740.0,739.98,1.18,0.8474576271186449,0.11254901960785446,0.015209738048035685,14:00-15:00
2026-07-30,2026-07-30 14:08:18-04:00,848,60,C,740.0,739.98,1.15,0.8695652173913052,0.11745098039216373,0.015872183084970366,14:00-15:00
2026-07-30,2026-07-30 14:08:18-04:00,848,60,P,740.0,739.98,1.18,0.8474576271186449,0.12224489795914906,0.016520027292514537,14:00-15:00
2026-07-30,2026-07-30 14:13:18-04:00,853,15,C,740.0,740.1,1.2,0.8333333333333341,0.08918367346939249,0.012050219358112754,14:00-15:00
2026-07-30,2026-07-30 14:13:18-04:00,853,15,P,740.0,740.1,1.14,0.8771929824561412,0.10529411764707675,0.014227012247949837,14:00-15:00
2026-07-30,2026-07-30 14:13:18-04:00,853,30,C,740.0,740.1,1.2,0.8333333333333341,0.06959183673473035,0.0094030315815066,14:00-15:00
2026-07-30,2026-07-30 14:13:18-04:00,853,30,P,740.0,740.1,1.14,0.8771929824561412,0.12153846153842096,0.01642189724880705,14:00-15:00
2026-07-30,2026-07-30 14:13:18-04:00,853,60,C,740.0,740.1,1.2,0.8333333333333341,0.11278688524578229,0.01523941159921393,14:00-15:00
2026-07-30,2026-07-30 14:13:18-04:00,853,60,P,740.0,740.1,1.14,0.8771929824561412,0.08981132075473397,0.012135025098599374,14:00-15:00
2026-07-30,2026-07-30 14:18:17-04:00,858,15,C,740.0,740.2,1.24,0.8064516129032264,0.06735294117640933,0.00909928954017959,14:00-15:00
2026-07-30,2026-07-30 14:18:17-04:00,858,15,P,740.0,740.2,1.06,0.9433962264150951,0.0858333333334258,0.011595965054502269,14:00-15:00
2026-07-30,2026-07-30 14:18:17-04:00,858,30,C,740.0,740.2,1.24,0.8064516129032264,0.09471698113202365,0.012796133630373364,14:00-15:00
2026-07-30,2026-07-30 14:18:17-04:00,858,30,P,740.0,740.2,1.06,0.9433962264150951,0.08553191489374967,0.011555243838658425,14:00-15:00
2026-07-30,2026-07-30 14:18:17-04:00,858,60,C,740.0,740.2,1.24,0.8064516129032264,0.06922903225802202,0.009352746860040801,14:00-15:00
2026-07-30,2026-07-30 14:18:17-04:00,858,60,P,740.0,740.2,1.06,0.9433962264150951,0.06454705882356393,0.008720218700832739,14:00-15:00
2026-07-30,2026-07-30 14:23:18-04:00,863,15,C,740.0,740.37,1.31,0.7633587786259549,-0.0049999999999954525,-0.0006753380066717253,14:00-15:00
2026-07-30,2026-07-30 14:23:18-04:00,863,15,P,740.0,740.37,0.98,1.020408163265307,0.10222222222216715,0.013806910358627057,14:00-15:00
2026-07-30,2026-07-30 14:23:18-04:00,863,30,C,740.0,740.37,1.31,0.7633587786259549,0.08153846153845734,0.011013204416502201,14:00-15:00
2026-07-30,2026-07-30 14:23:18-04:00,863,30,P,740.0,740.37,0.98,1.020408163265307,0.15659574468088522,0.021151011613231928,14:00-15:00
2026-07-30,2026-07-30 14:23:18-04:00,863,60,C,740.0,740.37,1.31,0.7633587786259549,0.02483050847456525,0.0033537972195747056,14:00-15:00
2026-07-30,2026-07-30 14:23:18-04:00,863,60,P,740.0,740.37,0.98,1.020408163265307,0.07231707317077962,0.009767693608706407,14:00-15:00
2026-07-30,2026-07-30 14:28:18-04:00,868,15,C,740.0,740.23,1.23,0.8130081300813016,-0.008253968253939092,-0.0011150545443901344,14:00-15:00
2026-07-30,2026-07-30 14:28:18-04:00,868,15,P,740.0,740.23,1.03,0.9708737864077678,0.03999999999996362,0.005403725868981752,14:00-15:00
2026-07-30,2026-07-30 14:28:18-04:00,868,30,C,740.0,740.23,1.23,0.8130081300813016,0.09245283018867667,0.012489743753789589,14:00-15:00
2026-07-30,2026-07-30 14:28:18-04:00,868,30,P,740.0,740.23,1.03,0.9708737864077678,0.1255319148937133,0.016958501397364777,14:00-15:00
2026-07-30,2026-07-30 14:28:18-04:00,868,60,C,740.0,740.23,1.23,0.8130081300813016,0.06333333333327573,0.00855589929255444,14:00-15:00
2026-07-30,2026-07-30 14:28:18-04:00,868,60,P,740.0,740.23,1.03,0.9708737864077678,0.12000000000011823,0.016211177606975973,14:00-15:00
2026-07-30,2026-07-30 14:33:19-04:00,873,15,C,740.0,740.385,1.31,0.7633587786259549,0.06653846153847098,0.008987008318438513,14:00-15:00
2026-07-30,2026-07-30 14:33:19-04:00,873,15,P,740.0,740.385,0.94,1.0638297872340319,0.08648936170209254,0.011681673953698757,14:00-15:00
2026-07-30,2026-07-30 14:33:19-04:00,873,30,C,740.0,740.385,1.31,0.7633587786259549,0.07008196721312743,0.00946561143366322,14:00-15:00
2026-07-30,2026-07-30 14:33:19-04:00,873,30,P,740.0,740.385,0.94,1.0638297872340319,0.07115384615383391,0.009610384617980363,14:00-15:00
2026-07-30,2026-07-30 14:33:19-04:00,873,60,C,740.0,740.385,1.31,0.7633587786259549,0.04357142857145391,0.005884969113563066,14:00-15:00
2026-07-30,2026-07-30 14:33:19-04:00,873,60,P,740.0,740.385,0.94,1.0638297872340319,0.08954545454548679,0.012094444720717842,14:00-15:00
2026-07-30,2026-07-30 14:38:19-04:00,878,15,C,740.0,740.24,1.24,0.8064516129032264,0.10132075471699409,0.01368755467375366,14:00-15:00
2026-07-30,2026-07-30 14:38:19-04:00,878,15,P,740.0,740.24,1.0,1.0000000000000009,0.0717021276595915,0.00968633519663778,14:00-15:00
2026-07-30,2026-07-30 14:38:19-04:00,878,30,C,740.0,740.24,1.24,0.8064516129032264,0.03392156862742013,0.004582509541151536,14:00-15:00
2026-07-30,2026-07-30 14:38:19-04:00,878,30,P,740.0,740.24,1.0,1.0000000000000009,0.014897959183599596,0.0020125849972440824,14:00-15:00
2026-07-30,2026-07-30 14:38:19-04:00,878,60,C,740.0,740.24,1.24,0.8064516129032264,0.07122807017549349,0.009622294144533325,14:00-15:00
2026-07-30,2026-07-30 14:38:19-04:00,878,60,P,740.0,740.24,1.0,1.0000000000000009,0.04790697674411604,0.006471816808618291,14:00-15:00
2026-07-30,2026-07-30 14:43:19-04:00,883,15,C,740.0,740.19,1.22,0.8196721311475417,0.11754098360643184,0.01587983944749751,14:00-15:00
2026-07-30,2026-07-30 14:43:19-04:00,883,15,P,740.0,740.19,1.04,0.9615384615384623,0.10547169811331969,0.01424927358020504,14:00-15:00
2026-07-30,2026-07-30 14:43:19-04:00,883,30,C,740.0,740.19,1.22,0.8196721311475417,0.05557377049171919,0.007508041245047783,14:00-15:00
2026-07-30,2026-07-30 14:43:19-04:00,883,30,P,740.0,740.19,1.04,0.9615384615384623,-0.015641025640888984,-0.0021131095584767403,14:00-15:00
2026-07-30,2026-07-30 14:43:19-04:00,883,60,C,740.0,740.19,1.22,0.8196721311475417,0.08785714285704671,0.011869539288162053,14:00-15:00
2026-07-30,2026-07-30 14:43:19-04:00,883,60,P,740.0,740.19,1.04,0.9615384615384623,0.13454545454555955,0.018177151075475153,14:00-15:00
2026-07-30,2026-07-30 14:48:18-04:00,888,15,C,741.0,740.54,0.85,1.176470588235295,0.011304347826126104,0.0015265006381999765,14:00-15:00
2026-07-30,2026-07-30 14:48:18-04:00,888,15,P,741.0,740.54,1.34,0.7462686567164185,0.021509433962251023,0.0029045607208592413,14:00-15:00
2026-07-30,2026-07-30 14:48:18-04:00,888,30,C,741.0,740.54,0.85,1.176470588235295,-0.07856666666657475,-0.010609375140650707,14:00-15:00
2026-07-30,2026-07-30 14:48:18-04:00,888,30,P,741.0,740.54,1.34,0.7462686567164185,-0.04643333333342525,-0.006270199224002114,14:00-15:00
2026-07-30,2026-07-30 14:48:18-04:00,888,60,C,741.0,740.54,0.85,1.176470588235295,-0.14999999999997726,-0.020255489237580315,14:00-15:00
2026-07-30,2026-07-30 14:48:18-04:00,888,60,P,741.0,740.54,1.34,0.7462686567164185,-0.032758620689719464,-0.004423612592124594,14:00-15:00
2026-07-30,2026-07-30 14:53:18-04:00,893,15,C,740.0,740.49,1.34,0.7462686567164185,-0.01999999999998181,-0.0027009142594743765,14:00-15:00
2026-07-30,2026-07-30 14:53:18-04:00,893,15,P,740.0,740.49,0.86,1.1627906976744196,-0.0371428571428396,-0.005015983624740321,14:00-15:00
2026-07-30,2026-07-30 14:53:18-04:00,893,30,C,740.0,740.49,1.34,0.7462686567164185,-0.04432203389831102,-0.00598550066824819,14:00-15:00
2026-07-30,2026-07-30 14:53:18-04:00,893,30,P,740.0,740.49,0.86,1.1627906976744196,-0.10036585365855899,-0.01355397826554835,14:00-15:00
2026-07-30,2026-07-30 14:58:18-04:00,898,15,C,741.0,740.53,0.82,1.2195121951219388,-0.11595744680857933,-0.015658710222216432,14:00-15:00
2026-07-30,2026-07-30 14:58:18-04:00,898,15,P,741.0,740.53,1.32,1.5151515151515165,-0.14056603773587995,-0.018981815420831022,14:00-15:00
2026-07-30,2026-07-30 14:58:18-04:00,898,30,C,741.0,740.53,0.82,1.2195121951219388,-0.07000000000005002,-0.009452689290109789,14:00-15:00
2026-07-30,2026-07-30 14:58:18-04:00,898,30,P,741.0,740.53,1.32,1.5151515151515165,-0.029999999999972715,-0.004051152552897616,14:00-15:00
2026-07-30,2026-07-30 15:03:19-04:00,903,15,C,741.0,741.16,1.14,0.8771929824561412,-0.09439999999995052,-0.012736790976300736,15:00-16:00
2026-07-30,2026-07-30 15:03:19-04:00,903,15,P,741.0,741.16,1.01,0.990099009900991,-0.07349215686281241,-0.009915828817369046,15:00-16:00
2026-07-30,2026-07-30 15:03:19-04:00,903,30,C,741.0,741.16,1.14,0.8771929824561412,-0.03499999999996817,-0.004722327162821545,15:00-16:00
2026-07-30,2026-07-30 15:03:19-04:00,903,30,P,741.0,741.16,1.01,0.990099009900991,0.02363636363634214,0.0031891040580093555,15:00-16:00
2026-07-30,2026-07-30 15:08:20-04:00,908,15,C,741.0,741.47,1.35,0.7407407407407414,-0.007372881355991012,-0.0009943600356037347,15:00-16:00
2026-07-30,2026-07-30 15:08:20-04:00,908,15,P,741.0,741.47,0.89,1.1235955056179785,-0.04719512195117659,-0.006365075047025042,15:00-16:00
2026-07-30,2026-07-30 15:08:20-04:00,908,30,C,741.0,741.47,1.35,0.7407407407407414,0.03421052631586008,0.00461387868907172,15:00-16:00
2026-07-30,2026-07-30 15:08:20-04:00,908,30,P,741.0,741.47,0.89,1.1235955056179785,0.0220930232558203,0.0029796246990195555,15:00-16:00
2026-07-30,2026-07-30 15:13:19-04:00,913,15,C,742.0,742.18,1.19,0.8403361344537823,0.046666666666624224,0.0062877828379401535,15:00-16:00
2026-07-30,2026-07-30 15:13:19-04:00,913,15,P,742.0,742.18,1.06,0.9433962264150951,0.13851851851848096,0.01866373636024697,15:00-16:00
2026-07-30,2026-07-30 15:13:19-04:00,913,30,C,742.0,742.18,1.19,0.8403361344537823,0.04428571428570649,0.005966977591110849,15:00-16:00
2026-07-30,2026-07-30 15:13:19-04:00,913,30,P,742.0,742.18,1.06,0.9433962264150951,0.16999999999995907,0.022905494623940162,15:00-16:00
2026-07-30,2026-07-30 15:18:20-04:00,918,15,C,742.0,742.2531,1.24,0.8064516129032264,0.05047142857142717,0.006799759889372934,15:00-16:00
2026-07-30,2026-07-30 15:18:20-04:00,918,15,P,742.0,742.2531,1.01,0.990099009900991,0.11673636363639162,0.01572729890065688,15:00-16:00
2026-07-30,2026-07-30 15:18:20-04:00,918,30,C,742.0,742.2531,1.24,0.8064516129032264,-0.0781943396226552,-0.010534727254443963,15:00-16:00
2026-07-30,2026-07-30 15:18:20-04:00,918,30,P,742.0,742.2531,1.01,0.990099009900991,-0.003566666666642959,-0.00048051893170172807,15:00-16:00
2026-07-30,2026-07-30 15:23:20-04:00,923,15,C,742.0,742.005,1.09,0.9174311926605512,0.04307017543862912,0.005804566739931553,15:00-16:00
2026-07-30,2026-07-30 15:23:20-04:00,923,15,P,742.0,742.005,1.11,0.9009009009009016,0.06872093023253001,0.009261518484717759,15:00-16:00
2026-07-30,2026-07-30 15:28:21-04:00,928,15,C,742.0,742.06,1.1,0.9090909090909097,-0.1492452830187858,-0.020112293213323158,15:00-16:00
2026-07-30,2026-07-30 15:28:21-04:00,928,15,P,742.0,742.06,1.06,0.9433962264150951,-0.0925000000000864,-0.012465299301954884,15:00-16:00
2026-07-30,2026-07-30 15:33:20-04:00,933,15,C,742.0,741.75,0.94,1.0638297872340319,-0.14113207547165985,-0.01902690602920928,15:00-16:00
2026-07-30,2026-07-30 15:33:20-04:00,933,15,P,742.0,741.75,1.19,0.8403361344537823,-0.1316666666666606,-0.01775081451522219,15:00-16:00
2026-07-31,2026-07-31 09:30:09-04:00,570,15,C,745.0,745.09,1.83,1.6393442622950833,-0.5620094339623165,-0.07542839575921251,09:30-10:00
2026-07-31,2026-07-31 09:30:09-04:00,570,15,P,745.0,745.09,1.81,1.657458563535913,-0.4897564102564047,-0.06573117479182443,09:30-10:00
2026-07-31,2026-07-31 09:30:09-04:00,570,30,C,745.0,745.09,1.83,1.6393442622950833,-0.45249999999998636,-0.06073091841253893,09:30-10:00
2026-07-31,2026-07-31 09:30:09-04:00,570,30,P,745.0,745.09,1.81,1.657458563535913,-0.38380952380953204,-0.05151183398106699,09:30-10:00
2026-07-31,2026-07-31 09:30:09-04:00,570,60,C,745.0,745.09,1.83,1.6393442622950833,-0.3237735849056662,-0.04345429208628034,09:30-10:00
2026-07-31,2026-07-31 09:30:09-04:00,570,60,P,745.0,745.09,1.81,1.657458563535913,-0.14956521739122763,-0.020073443126498492,09:30-10:00
2026-07-31,2026-07-31 09:35:09-04:00,575,15,C,746.0,746.18,1.76,1.1363636363636374,-0.8400000000000318,-0.11257337371680183,09:30-10:00
2026-07-31,2026-07-31 09:35:09-04:00,575,15,P,746.0,746.18,1.63,1.2269938650306624,-1.085882352941212,-0.14552552372634112,09:30-10:00
2026-07-31,2026-07-31 09:35:09-04:00,575,30,C,746.0,746.18,1.76,1.1363636363636374,-0.8276923076922458,-0.11092394699566403,09:30-10:00
2026-07-31,2026-07-31 09:35:09-04:00,575,30,P,746.0,746.18,1.63,1.2269938650306624,-0.8300000000000409,-0.11123321450588879,09:30-10:00
2026-07-31,2026-07-31 09:35:09-04:00,575,60,C,746.0,746.18,1.76,1.1363636363636374,-0.4281818181817698,-0.057383180758231234,09:30-10:00
2026-07-31,2026-07-31 09:35:09-04:00,575,60,P,746.0,746.18,1.63,1.2269938650306624,-0.4440540540541633,-0.059510313068450414,09:30-10:00
2026-07-31,2026-07-31 09:40:09-04:00,580,15,C,744.0,744.035,2.06,0.4854368932038947,-0.11367924528292406,-0.015278749693619798,09:30-10:00
2026-07-31,2026-07-31 09:40:09-04:00,580,15,P,744.0,744.035,2.02,0.4950495049505065,-0.011170212766046461,-0.0015013020578395454,09:30-10:00
2026-07-31,2026-07-31 09:40:09-04:00,580,30,C,744.0,744.035,2.06,0.4854368932038947,-0.4149999999999636,-0.055776945976998886,09:30-10:00
2026-07-31,2026-07-31 09:40:09-04:00,580,30,P,744.0,744.035,2.02,0.4950495049505065,-0.42158536585361617,-0.05666203415882534,09:30-10:00
2026-07-31,2026-07-31 09:40:09-04:00,580,60,C,744.0,744.035,2.06,0.4854368932038947,0.48629032258065763,0.06535852783547247,09:30-10:00
2026-07-31,2026-07-31 09:40:09-04:00,580,60,P,744.0,744.035,2.02,0.4950495049505065,0.5445652173912094,0.07319080653345736,09:30-10:00
2026-07-31,2026-07-31 09:45:11-04:00,585,15,C,743.0,743.1695,2.18,0.45871559633028575,-0.009500000000002728,-0.0012783086496422052,09:30-10:00
2026-07-31,2026-07-31 09:45:11-04:00,585,15,P,743.0,743.1695,1.98,0.5050505050505055,0.030776595744669066,0.004141261952309542,09:30-10:00
2026-07-31,2026-07-31 09:45:11-04:00,585,30,C,743.0,743.1695,2.18,0.45871559633028575,-0.33440196078424833,-0.04499672830817846,09:30-10:00
2026-07-31,2026-07-31 09:45:11-04:00,585,30,P,743.0,743.1695,1.98,0.5050505050505055,-0.31074390243907146,-0.04181332824329732,09:30-10:00
2026-07-31,2026-07-31 09:45:11-04:00,585,60,C,743.0,743.1695,2.18,0.45871559633028575,0.5892499999999927,0.07928877597909935,09:30-10:00
2026-07-31,2026-07-31 09:45:11-04:00,585,60,P,743.0,743.1695,1.98,0.5050505050505055,0.7406111111110931,0.09965574624780661,09:30-10:00
2026-07-31,2026-07-31 09:50:10-04:00,590,15,C,742.0,742.06,2.13,0.4694835680751074,0.003846153846211564,0.0005183076632902413,09:30-10:00
2026-07-31,2026-07-31 09:50:10-04:00,590,15,P,742.0,742.06,2.1,0.47619047619048716,0.17659574468086703,0.023798041220503333,09:30-10:00
2026-07-31,2026-07-31 09:50:10-04:00,590,30,C,742.0,742.06,2.13,0.4694835680751074,-0.1892857142855746,-0.025508141428668116,09:30-10:00
2026-07-31,2026-07-31 09:50:10-04:00,590,30,P,742.0,742.06,2.1,0.47619047619048716,-0.06860465116290015,-0.009245162272983339,09:30-10:00
2026-07-31,2026-07-31 09:50:10-04:00,590,60,C,742.0,742.06,2.13,0.4694835680751074,0.8034000000000106,0.10826617793709546,09:30-10:00
2026-07-31,2026-07-31 09:50:10-04:00,590,60,P,742.0,742.06,2.1,0.47619047619048716,0.981827272727287,0.1323110358633112,09:30-10:00
2026-07-31,2026-07-31 09:55:10-04:00,595,15,C,742.0,742.11,2.17,0.4608294930875478,-0.2700000000000955,-0.03638274649312036,09:30-10:00
2026-07-31,2026-07-31 09:55:10-04:00,595,15,P,742.0,742.11,2.01,0.9950248756218805,-0.37097560975598753,-0.049989302092140996,09:30-10:00
2026-07-31,2026-07-31 09:55:10-04:00,595,30,C,742.0,742.11,2.17,0.4608294930875478,0.0682758620689583,0.009200234745382532,09:30-10:00
2026-07-31,2026-07-31 09:55:10-04:00,595,30,P,742.0,742.11,2.01,0.9950248756218805,0.061818181818125595,0.00833005643612478,09:30-10:00
2026-07-31,2026-07-31 09:55:10-04:00,595,60,C,742.0,742.11,2.17,0.4608294930875478,0.7883333333332985,0.10622863636567334,09:30-10:00
2026-07-31,2026-07-31 09:55:10-04:00,595,60,P,742.0,742.11,2.01,0.9950248756218805,0.7950000000000728,0.10712697578527076,09:30-10:00
2026-07-31,2026-07-31 10:00:10-04:00,600,15,C,742.0,741.95,2.02,1.980198019801982,-0.42862745098045707,-0.057770395711362894,09:30-10:00
2026-07-31,2026-07-31 10:00:10-04:00,600,15,P,742.0,741.95,2.05,0.9756097560975618,-0.3595121951219653,-0.04845504348297935,09:30-10:00
2026-07-31,2026-07-31 10:00:10-04:00,600,30,C,742.0,741.95,2.02,1.980198019801982,0.17471698113206457,0.02354834977182621,09:30-10:00
2026-07-31,2026-07-31 10:00:10-04:00,600,30,P,742.0,741.95,2.05,0.9756097560975618,0.23217391304353896,0.031292393428605556,09:30-10:00
2026-07-31,2026-07-31 10:00:10-04:00,600,60,C,742.0,741.95,2.02,1.980198019801982,0.8312499999999545,0.11203585147246506,09:30-10:00
2026-07-31,2026-07-31 10:00:10-04:00,600,60,P,742.0,741.95,2.05,0.9756097560975618,0.8710526315790048,0.11740044903012396,09:30-10:00
2026-07-31,2026-07-31 10:05:10-04:00,605,15,C,740.0,740.16,2.19,0.4566210045662003,-0.1821428571428214,-0.024608578840091523,10:00-10:30
2026-07-31,2026-07-31 10:05:10-04:00,605,15,P,740.0,740.16,1.98,0.5050505050505055,-0.24767441860467443,-0.03346228093988792,10:00-10:30
2026-07-31,2026-07-31 10:05:10-04:00,605,30,C,740.0,740.16,2.19,0.4566210045662003,0.37363636363647856,0.05048048579178537,10:00-10:30
2026-07-31,2026-07-31 10:05:10-04:00,605,30,P,740.0,740.16,1.98,0.5050505050505055,0.33999999999991815,0.04593601383483546,10:00-10:30
2026-07-31,2026-07-31 10:05:10-04:00,605,60,C,740.0,740.16,2.19,0.4566210045662003,0.9461538461538339,0.1278309887259287,10:00-10:30
2026-07-31,2026-07-31 10:05:10-04:00,605,60,P,740.0,740.16,1.98,0.5050505050505055,1.0,0.13510592304366623,10:00-10:30
2026-07-31,2026-07-31 10:10:10-04:00,610,15,C,739.0,738.92,2.22,0.45045045045046084,0.3444827586207566,0.04661976379320585,10:00-10:30
2026-07-31,2026-07-31 10:10:10-04:00,610,15,P,739.0,738.92,2.27,1.3215859030836918,0.4252941176470131,0.05755617897025565,10:00-10:30
2026-07-31,2026-07-31 10:10:10-04:00,610,30,C,739.0,738.92,2.22,0.45045045045046084,0.8593548387096916,0.11629876559163262,10:00-10:30
2026-07-31,2026-07-31 10:10:10-04:00,610,30,P,739.0,738.92,2.27,1.3215859030836918,0.9054545454545178,0.12253756096120255,10:00-10:30
2026-07-31,2026-07-31 10:10:10-04:00,610,60,C,739.0,738.92,2.22,0.45045045045046084,1.0818750000000819,0.14641300817410302,10:00-10:30
2026-07-31,2026-07-31 10:10:10-04:00,610,60,P,739.0,738.92,2.27,1.3215859030836918,1.1399999999998727,0.15427921831860997,10:00-10:30
2026-07-31,2026-07-31 10:15:11-04:00,615,15,C,738.0,738.09,2.34,1.282051282051274,0.5815873015873194,0.07879625812398479,10:00-10:30
2026-07-31,2026-07-31 10:15:11-04:00,615,15,P,738.0,738.09,2.16,0.9259259259259267,0.6113043478261488,0.08282246715524513,10:00-10:30
2026-07-31,2026-07-31 10:15:11-04:00,615,30,C,738.0,738.09,2.34,1.282051282051274,0.9187499999999318,0.12447668983456377,10:00-10:30
2026-07-31,2026-07-31 10:15:11-04:00,615,30,P,738.0,738.09,2.16,0.9259259259259267,0.9944444444445253,0.1347321389592767,10:00-10:30
2026-07-31,2026-07-31 10:15:11-04:00,615,60,C,738.0,738.09,2.34,1.282051282051274,1.174285714285702,0.1590979032754409,10:00-10:30
2026-07-31,2026-07-31 10:15:11-04:00,615,60,P,738.0,738.09,2.16,0.9259259259259267,1.2020689655172418,0.1628621124141015,10:00-10:30
2026-07-31,2026-07-31 10:20:10-04:00,620,15,C,739.0,738.71,2.05,0.48780487804877015,0.5690909090909599,0.07703847370293618,10:00-10:30
2026-07-31,2026-07-31 10:20:10-04:00,620,15,P,739.0,738.71,2.31,1.2987012987013093,0.5550943396226558,0.07514374241889993,10:00-10:30
2026-07-31,2026-07-31 10:20:10-04:00,620,30,C,739.0,738.71,2.05,0.48780487804877015,1.0283999999999196,0.13921565973114206,10:00-10:30
2026-07-31,2026-07-31 10:20:10-04:00,620,30,P,739.0,738.71,2.31,1.2987012987013093,1.0136454545455535,0.13721832038899615,10:00-10:30
2026-07-31,2026-07-31 10:20:10-04:00,620,60,C,739.0,738.71,2.05,0.48780487804877015,1.076666666666597,0.14574957245287012,10:00-10:30
2026-07-31,2026-07-31 10:20:10-04:00,620,60,P,739.0,738.71,2.31,1.2987012987013093,1.1162295081967386,0.15110523861823158,10:00-10:30
2026-07-31,2026-07-31 10:25:11-04:00,625,15,C,740.0,739.73,1.93,1.0362694300518145,0.5744444444444525,0.0776559615595491,10:00-10:30
2026-07-31,2026-07-31 10:25:11-04:00,625,15,P,740.0,739.73,2.17,0.9216589861751161,0.533636363636333,0.0721393432247351,10:00-10:30
2026-07-31,2026-07-31 10:25:11-04:00,625,30,C,740.0,739.73,1.93,1.0362694300518145,0.7683333333333167,0.10386672614782644,10:00-10:30
2026-07-31,2026-07-31 10:25:11-04:00,625,30,P,740.0,739.73,2.17,0.9216589861751161,0.7313934426230162,0.09887302699944794,10:00-10:30
2026-07-31,2026-07-31 10:25:11-04:00,625,60,C,740.0,739.73,1.93,1.0362694300518145,0.8073728813559455,0.10914426633446603,10:00-10:30
2026-07-31,2026-07-31 10:25:11-04:00,625,60,P,740.0,739.73,2.17,0.9216589861751161,0.8333606557376925,0.112657409559933,10:00-10:30
2026-07-31,2026-07-31 10:30:11-04:00,630,15,C,740.0,740.37,2.16,0.4629629629629736,0.3574999999999591,0.04828666747706675,10:00-10:30
2026-07-31,2026-07-31 10:30:11-04:00,630,15,P,740.0,740.37,1.76,0.5681818181818187,0.4579069767441979,0.06184839698315679,10:00-10:30
2026-07-31,2026-07-31 10:30:11-04:00,630,30,C,740.0,740.37,2.16,0.4629629629629736,0.6299999999999955,0.08509258884071416,10:00-10:30
2026-07-31,2026-07-31 10:30:11-04:00,630,30,P,740.0,740.37,1.76,0.5681818181818187,0.7563636363636306,0.1021602221002513,10:00-10:30
2026-07-31,2026-07-31 10:30:11-04:00,630,60,C,740.0,740.37,2.16,0.4629629629629736,0.4574603174603453,0.06178806778507304,10:00-10:30
2026-07-31,2026-07-31 10:30:11-04:00,630,60,P,740.0,740.37,1.76,0.5681818181818187,0.615555555555602,0.08314161237700096,10:00-10:30
2026-07-31,2026-07-31 10:35:11-04:00,635,15,C,741.0,740.57,1.67,0.5988023952095813,0.5081727272726084,0.06861913489239482,10:30-11:00
2026-07-31,2026-07-31 10:35:11-04:00,635,15,P,741.0,740.57,2.1,0.47619047619048716,0.4918272727273916,0.06641198978184257,10:30-11:00
2026-07-31,2026-07-31 10:35:11-04:00,635,30,C,741.0,740.57,1.67,0.5988023952095813,0.6864912280700537,0.09269768260529777,10:30-11:00
2026-07-31,2026-07-31 10:35:11-04:00,635,30,P,741.0,740.57,2.1,0.47619047619048716,0.6322222222222535,0.08536967771071655,10:30-11:00
2026-07-31,2026-07-31 10:35:11-04:00,635,60,C,741.0,740.57,1.67,0.5988023952095813,0.618135593220245,0.0834675443537066,10:30-11:00
2026-07-31,2026-07-31 10:35:11-04:00,635,60,P,741.0,740.57,2.1,0.47619047619048716,0.6503921568628357,0.08782318442049174,10:30-11:00
2026-07-31,2026-07-31 10:40:11-04:00,640,15,C,741.0,741.36,1.97,0.5076142131979701,0.20499999999992724,0.027651883025780626,10:30-11:00
2026-07-31,2026-07-31 10:40:11-04:00,640,15,P,741.0,741.36,1.63,0.6134969325153244,0.2718292682926631,0.03666629819421915,10:30-11:00
2026-07-31,2026-07-31 10:40:11-04:00,640,30,C,741.0,741.36,1.97,0.5076142131979701,0.2512500000000273,0.03389041761088099,10:30-11:00
2026-07-31,2026-07-31 10:40:11-04:00,640,30,P,741.0,741.36,1.63,0.6134969325153244,0.32545454545447683,0.04389966351765361,10:30-11:00
2026-07-31,2026-07-31 10:40:11-04:00,640,60,C,741.0,741.36,1.97,0.5076142131979701,0.42225806451608605,0.05695722247168528,10:30-11:00
2026-07-31,2026-07-31 10:40:11-04:00,640,60,P,741.0,741.36,1.63,0.6134969325153244,0.6308333333333849,0.08509136362002061,10:30-11:00
2026-07-31,2026-07-31 10:45:12-04:00,645,15,C,742.0,741.54,1.49,0.671140939597316,0.40070175438597744,0.05403643153248341,10:30-11:00
2026-07-31,2026-07-31 10:45:12-04:00,645,15,P,742.0,741.54,1.94,1.0309278350515474,0.3059259259259761,0.04125548533133427,10:30-11:00
2026-07-31,2026-07-31 10:45:12-04:00,645,30,C,742.0,741.54,1.49,0.671140939597316,0.3025925925926458,0.04080597035799091,10:30-11:00
2026-07-31,2026-07-31 10:45:12-04:00,645,30,P,742.0,741.54,1.94,1.0309278350515474,0.2687234042552973,0.03623855817019949,10:30-11:00
2026-07-31,2026-07-31 10:45:12-04:00,645,60,C,742.0,741.54,1.49,0.671140939597316,0.5033898305085813,0.06788437987277576,10:30-11:00
2026-07-31,2026-07-31 10:45:12-04:00,645,60,P,742.0,741.54,1.94,1.0309278350515474,0.488461538461479,0.06587123263228943,10:30-11:00
2026-07-31,2026-07-31 10:50:11-04:00,650,15,C,743.0,742.5509,1.39,0.7194244604316554,0.21436315789469518,0.028868479978233844,10:30-11:00
2026-07-31,2026-07-31 10:50:11-04:00,650,15,P,743.0,742.5509,1.86,1.0752688172043021,0.16867777777781612,0.022715988597928588,10:30-11:00
2026-07-31,2026-07-31 10:50:11-04:00,650,30,C,743.0,742.5509,1.39,0.7194244604316554,0.06910000000004857,0.009305759376232467,10:30-11:00
2026-07-31,2026-07-31 10:50:11-04:00,650,30,P,743.0,742.5509,1.86,1.0752688172043021,0.15089999999997872,0.02032183921667575,10:30-11:00
2026-07-31,2026-07-31 10:50:11-04:00,650,60,C,743.0,742.5509,1.39,0.7194244604316554,0.27095185185191895,0.036489330475785425,10:30-11:00
2026-07-31,2026-07-31 10:50:11-04:00,650,60,P,743.0,742.5509,1.86,1.0752688172043021,0.4023285714284839,0.054181951894272024,10:30-11:00
2026-07-31,2026-07-31 10:55:12-04:00,655,15,C,742.0,742.015,1.65,0.6060606060606066,0.019545454545550456,0.002634105044446602,10:30-11:00
2026-07-31,2026-07-31 10:55:12-04:00,655,15,P,742.0,742.015,1.67,0.5988023952095813,0.07136363636357146,0.009617546325016537,10:30-11:00
2026-07-31,2026-07-31 10:55:12-04:00,655,30,C,742.0,742.015,1.65,0.6060606060606066,0.047796610169484666,0.006441461448823092,10:30-11:00
2026-07-31,2026-07-31 10:55:12-04:00,655,30,P,742.0,742.015,1.67,0.5988023952095813,0.13999999999998636,0.018867543108964963,10:30-11:00
2026-07-31,2026-07-31 10:55:12-04:00,655,60,C,742.0,742.015,1.65,0.6060606060606066,0.42429824561406804,0.05718189600130295,10:30-11:00
2026-07-31,2026-07-31 10:55:12-04:00,655,60,P,742.0,742.015,1.67,0.5988023952095813,0.5131818181818062,0.06916057198059422,10:30-11:00
2026-07-31,2026-07-31 11:00:11-04:00,660,15,C,742.0,742.5,1.86,1.0752688172043021,-0.008064516129024923,-0.001086130118387195,10:30-11:00
2026-07-31,2026-07-31 11:00:11-04:00,660,15,P,742.0,742.5,1.38,0.7246376811594049,-0.02027027027031636,-0.0027300027300089375,10:30-11:00
2026-07-31,2026-07-31 11:00:11-04:00,660,30,C,742.0,742.5,1.86,1.0752688172043021,-0.1685714285714539,-0.022703222703226115,10:30-11:00
2026-07-31,2026-07-31 11:00:11-04:00,660,30,P,742.0,742.5,1.38,0.7246376811594049,-0.12428571428574742,-0.016738816738821202,10:30-11:00
2026-07-31,2026-07-31 11:00:11-04:00,660,60,C,742.0,742.5,1.86,1.0752688172043021,0.36854838709678006,0.04963614641034075,10:30-11:00
2026-07-31,2026-07-31 11:00:11-04:00,660,60,P,742.0,742.5,1.38,0.7246376811594049,0.5049999999999955,0.0680134680134674,10:30-11:00
2026-07-31,2026-07-31 11:05:12-04:00,665,15,C,743.0,742.66,1.34,0.7462686567164185,-0.13999999999998636,-0.018851156653109952,11:00-12:00
2026-07-31,2026-07-31 11:05:12-04:00,665,15,P,743.0,742.66,1.73,1.1560693641618507,-0.0,-0.0,11:00-12:00
2026-07-31,2026-07-31 11:05:12-04:00,665,30,C,743.0,742.66,1.34,0.7462686567164185,-0.09333333333336213,-0.01256743776874507,11:00-12:00
2026-07-31,2026-07-31 11:05:12-04:00,665,30,P,743.0,742.66,1.73,1.1560693641618507,0.014901960784300172,0.0020065656941669367,11:00-12:00
2026-07-31,2026-07-31 11:05:12-04:00,665,60,C,743.0,742.66,1.34,0.7462686567164185,0.3127450980392723,0.04211147739736519,11:00-12:00
2026-07-31,2026-07-31 11:05:12-04:00,665,60,P,743.0,742.66,1.73,1.1560693641618507,0.29509803921564526,0.03973528118057325,11:00-12:00
2026-07-31,2026-07-31 11:10:12-04:00,670,15,C,742.0,741.58,1.41,0.7092198581560291,0.022843137254881185,0.003080333511540385,11:00-12:00
2026-07-31,2026-07-31 11:10:12-04:00,670,15,P,742.0,741.58,1.84,0.5434782608695656,0.04500000000007276,0.006068124814594886,11:00-12:00
2026-07-31,2026-07-31 11:10:12-04:00,670,30,C,742.0,741.58,1.41,0.7092198581560291,0.22769230769222304,0.03070367427549597,11:00-12:00
2026-07-31,2026-07-31 11:10:12-04:00,670,30,P,742.0,741.58,1.84,0.5434782608695656,0.28833333333341216,0.038880947886055735,11:00-12:00
2026-07-31,2026-07-31 11:10:12-04:00,670,60,C,742.0,741.58,1.41,0.7092198581560291,0.57000000000005,0.07686291431808435,11:00-12:00
2026-07-31,2026-07-31 11:10:12-04:00,670,60,P,742.0,741.58,1.84,0.5434782608695656,0.48523809523805994,0.0654330072599126,11:00-12:00
2026-07-31,2026-07-31 11:15:13-04:00,675,15,C,742.0,742.25,1.72,0.5813953488372098,0.02288135593221341,0.003082702045431244,11:00-12:00
2026-07-31,2026-07-31 11:15:13-04:00,675,15,P,742.0,742.25,1.49,0.671140939597316,0.0817073170732101,0.011008058884905369,11:00-12:00
2026-07-31,2026-07-31 11:15:13-04:00,675,30,C,742.0,742.25,1.72,0.5813953488372098,0.1832203389831193,0.024684451193414524,11:00-12:00
2026-07-31,2026-07-31 11:15:13-04:00,675,30,P,742.0,742.25,1.49,0.671140939597316,0.3147619047618946,0.042406453992845344,11:00-12:00
2026-07-31,2026-07-31 11:15:13-04:00,675,60,C,742.0,742.25,1.72,0.5813953488372098,0.47636363636365786,0.06417832756667671,11:00-12:00
2026-07-31,2026-07-31 11:15:13-04:00,675,60,P,742.0,742.25,1.49,0.671140939597316,0.5933333333332484,0.07993712810148178,11:00-12:00
2026-07-31,2026-07-31 11:20:12-04:00,680,15,C,742.0,742.02,1.6,0.6250000000000006,0.049491525423718485,0.006669837123489729,11:00-12:00
2026-07-31,2026-07-31 11:20:12-04:00,680,15,P,742.0,742.02,1.57,1.2738853503184724,0.046829268292640336,0.006311052032646066,11:00-12:00
2026-07-31,2026-07-31 11:20:12-04:00,680,30,C,742.0,742.02,1.6,0.6250000000000006,0.19074074074080727,0.025705606417725572,11:00-12:00
2026-07-31,2026-07-31 11:20:12-04:00,680,30,P,742.0,742.02,1.57,1.2738853503184724,0.3055555555555429,0.04117888406721421,11:00-12:00
2026-07-31,2026-07-31 11:20:12-04:00,680,60,C,742.0,742.02,1.6,0.6250000000000006,0.5018181818181802,0.06762865984989355,11:00-12:00
2026-07-31,2026-07-31 11:20:12-04:00,680,60,P,742.0,742.02,1.57,1.2738853503184724,0.5133333333333212,0.0691805252329211,11:00-12:00
2026-07-31,2026-07-31 11:25:12-04:00,685,15,C,741.0,740.995,1.62,0.6172839506172845,0.21653846153844825,0.029222661629086332,11:00-12:00
2026-07-31,2026-07-31 11:25:12-04:00,685,15,P,741.0,740.995,1.62,0.6172839506172845,0.24500000000000455,0.03306365090182856,11:00-12:00
2026-07-31,2026-07-31 11:25:12-04:00,685,30,C,741.0,740.995,1.62,0.6172839506172845,0.3916666666666515,0.052856856883872566,11:00-12:00
2026-07-31,2026-07-31 11:25:12-04:00,685,30,P,741.0,740.995,1.62,0.6172839506172845,0.40227272727270247,0.05428818376273828,11:00-12:00
2026-07-31,2026-07-31 11:25:12-04:00,685,60,C,741.0,740.995,1.62,0.6172839506172845,0.6359836065573745,0.08582832631223888,11:00-12:00
2026-07-31,2026-07-31 11:25:12-04:00,685,60,P,741.0,740.995,1.62,0.6172839506172845,0.6697058823529005,0.09037927143272229,11:00-12:00
2026-07-31,2026-07-31 11:30:12-04:00,690,15,C,741.0,740.51,1.41,0.7092198581560291,0.3977966101695074,0.053719275927334866,11:00-12:00
2026-07-31,2026-07-31 11:30:12-04:00,690,15,P,741.0,740.51,1.88,0.5319148936170099,0.34307692307686466,0.046329816353170745,11:00-12:00
2026-07-31,2026-07-31 11:30:12-04:00,690,30,C,741.0,740.51,1.41,0.7092198581560291,0.6241836734693607,0.08429105258124274,11:00-12:00
2026-07-31,2026-07-31 11:30:12-04:00,690,30,P,741.0,740.51,1.88,0.5319148936170099,0.4825409836065546,0.06516333116454262,11:00-12:00
2026-07-31,2026-07-31 11:30:12-04:00,690,60,C,741.0,740.51,1.41,0.7092198581560291,0.8254545454545905,0.11147108687993282,11:00-12:00
2026-07-31,2026-07-31 11:30:12-04:00,690,60,P,741.0,740.51,1.88,0.5319148936170099,0.626896551724144,0.08465740526449934,11:00-12:00
2026-07-31,2026-07-31 11:35:13-04:00,695,15,C,741.0,740.9,1.51,0.6622516556291397,0.2936842105264077,0.03963884606916017,11:00-12:00
2026-07-31,2026-07-31 11:35:13-04:00,695,15,P,741.0,740.9,1.61,0.6211180124223608,0.28909090909087354,0.039018883667279465,11:00-12:00
2026-07-31,2026-07-31 11:35:13-04:00,695,30,C,741.0,740.9,1.51,0.6622516556291397,0.3794915254237594,0.051220343558342485,11:00-12:00
2026-07-31,2026-07-31 11:35:13-04:00,695,30,P,741.0,740.9,1.61,0.6211180124223608,0.29980392156858215,0.04046482947342181,11:00-12:00
2026-07-31,2026-07-31 11:35:13-04:00,695,60,C,741.0,740.9,1.51,0.6622516556291397,0.6368421052630993,0.08595520384169243,11:00-12:00
2026-07-31,2026-07-31 11:35:13-04:00,695,60,P,741.0,740.9,1.61,0.6211180124223608,0.5821428571429124,0.07857239264987345,11:00-12:00
2026-07-31,2026-07-31 11:40:13-04:00,700,15,C,742.0,742.25,1.65,0.6060606060606066,0.1892982456140544,0.025503300183772906,11:00-12:00
2026-07-31,2026-07-31 11:40:13-04:00,700,15,P,742.0,742.25,1.39,0.7194244604316554,0.15790697674412968,0.021274095890081467,11:00-12:00
2026-07-31,2026-07-31 11:40:13-04:00,700,30,C,742.0,742.25,1.65,0.6060606060606066,0.28920634920643806,0.03896346907462958,11:00-12:00
2026-07-31,2026-07-31 11:40:13-04:00,700,30,P,742.0,742.25,1.39,0.7194244604316554,0.26408163265296025,0.035578529154996326,11:00-12:00
2026-07-31,2026-07-31 11:40:13-04:00,700,60,C,742.0,742.25,1.65,0.6060606060606066,0.5723529411765185,0.07711053434510184,11:00-12:00
2026-07-31,2026-07-31 11:40:13-04:00,700,60,P,742.0,742.25,1.39,0.7194244604316554,0.6117241379309917,0.08241483838746941,11:00-12:00
2026-07-31,2026-07-31 11:45:13-04:00,705,15,C,742.0,741.84,1.38,0.7246376811594049,0.23295918367341528,0.031402887910252246,11:00-12:00
2026-07-31,2026-07-31 11:45:13-04:00,705,15,P,742.0,741.84,1.55,1.2903225806451624,0.18500000000005912,0.024937992019850523,11:00-12:00
2026-07-31,2026-07-31 11:45:13-04:00,705,30,C,742.0,741.84,1.38,0.7246376811594049,0.3035714285714448,0.04092141547657781,11:00-12:00
2026-07-31,2026-07-31 11:45:13-04:00,705,30,P,742.0,741.84,1.55,1.2903225806451624,0.30172413793104624,0.04067240077793678,11:00-12:00
2026-07-31,2026-07-31 11:45:13-04:00,705,60,C,742.0,741.84,1.38,0.7246376811594049,0.4787499999999909,0.06453547934864538,11:00-12:00
2026-07-31,2026-07-31 11:45:13-04:00,705,60,P,742.0,741.84,1.55,1.2903225806451624,0.5047058823529369,0.06803433117018991,11:00-12:00
2026-07-31,2026-07-31 11:50:12-04:00,710,15,C,741.0,741.47,1.76,1.1363636363636374,0.23322033898307382,0.03145377951678069,11:00-12:00
2026-07-31,2026-07-31 11:50:12-04:00,710,15,P,741.0,741.47,1.24,0.8064516129032264,0.07794871794874325,0.01051272714320785,11:00-12:00
2026-07-31,2026-07-31 11:50:12-04:00,710,30,C,741.0,741.47,1.76,1.1363636363636374,0.294242424242384,0.03968365871072113,11:00-12:00
2026-07-31,2026-07-31 11:50:12-04:00,710,30,P,741.0,741.47,1.24,0.8064516129032264,0.2758333333333667,0.037200875737840595,11:00-12:00
2026-07-31,2026-07-31 11:50:12-04:00,710,60,C,741.0,741.47,1.76,1.1363636363636374,0.5511764705883024,0.07433564009175049,11:00-12:00
2026-07-31,2026-07-31 11:50:12-04:00,710,60,P,741.0,741.47,1.24,0.8064516129032264,0.6233333333333348,0.08406723580634885,11:00-12:00
2026-07-31,2026-07-31 11:55:13-04:00,715,15,C,743.0,742.72,1.25,0.8000000000000007,0.11000000000001364,0.014810426540286196,11:00-12:00
2026-07-31,2026-07-31 11:55:13-04:00,715,15,P,743.0,742.72,1.56,0.6410256410256416,0.08102040816322642,0.010908607303321093,11:00-12:00
2026-07-31,2026-07-31 11:55:13-04:00,715,30,C,743.0,742.72,1.25,0.8000000000000007,0.2883673469387986,0.03882584916776156,11:00-12:00
2026-07-31,2026-07-31 11:55:13-04:00,715,30,P,743.0,742.72,1.56,0.6410256410256416,0.27705882352938715,0.037303266847450875,11:00-12:00
2026-07-31,2026-07-31 11:55:13-04:00,715,60,C,743.0,742.72,1.25,0.8000000000000007,0.5314285714284779,0.07155167107772482,11:00-12:00
2026-07-31,2026-07-31 11:55:13-04:00,715,60,P,743.0,742.72,1.56,0.6410256410256416,0.5400000000000773,0.07270573028867909,11:00-12:00
2026-07-31,2026-07-31 12:00:13-04:00,720,15,C,743.0,743.175,1.44,0.6944444444444451,0.07571428571441174,0.010187948425930871,11:00-12:00
2026-07-31,2026-07-31 12:00:13-04:00,720,15,P,743.0,743.175,1.3,0.7692307692307698,0.0961111111109858,0.01293250056998497,11:00-12:00
2026-07-31,2026-07-31 12:00:13-04:00,720,30,C,743.0,743.175,1.44,0.6944444444444451,0.21500000000003183,0.028929929020759828,11:00-12:00
2026-07-31,2026-07-31 12:00:13-04:00,720,30,P,743.0,743.175,1.3,0.7692307692307698,0.21543478260866777,0.0289884324161426,11:00-12:00
2026-07-31,2026-07-31 12:00:13-04:00,720,60,C,743.0,743.175,1.44,0.6944444444444451,0.43714285714293055,0.05882098525151284,11:00-12:00
2026-07-31,2026-07-31 12:00:13-04:00,720,60,P,743.0,743.175,1.3,0.7692307692307698,0.5449999999999591,0.07333400612237483,11:00-12:00
2026-07-31,2026-07-31 12:05:14-04:00,725,15,C,743.0,743.11,1.42,0.7042253521126767,0.11235294117648209,0.01511928801610557,12:00-13:00
2026-07-31,2026-07-31 12:05:14-04:00,725,15,P,743.0,743.11,1.37,1.4598540145985412,0.18666666666661058,0.025119654784165276,12:00-13:00
2026-07-31,2026-07-31 12:05:14-04:00,725,30,C,743.0,743.11,1.42,0.7042253521126767,0.26894736842098155,0.03619213419560786,12:00-13:00
2026-07-31,2026-07-31 12:05:14-04:00,725,30,P,743.0,743.11,1.37,1.4598540145985412,0.36357142857150393,0.048925654152346745,12:00-13:00
2026-07-31,2026-07-31 12:05:14-04:00,725,60,C,743.0,743.11,1.42,0.7042253521126767,0.5614285714285643,0.07555120660851883,12:00-13:00
2026-07-31,2026-07-31 12:05:14-04:00,725,60,P,743.0,743.11,1.37,1.4598540145985412,0.7269811320754798,0.09782954503040998,12:00-13:00
2026-07-31,2026-07-31 12:10:13-04:00,730,15,C,743.0,743.19,1.44,0.6944444444444451,0.14590163934428801,0.01963180873589365,12:00-13:00
2026-07-31,2026-07-31 12:10:13-04:00,730,15,P,743.0,743.19,1.3,0.7692307692307698,0.2372549019607959,0.031923855536376416,12:00-13:00
2026-07-31,2026-07-31 12:10:13-04:00,730,30,C,743.0,743.19,1.44,0.6944444444444451,0.28947368421052033,0.03895015866878192,12:00-13:00
2026-07-31,2026-07-31 12:10:13-04:00,730,30,P,743.0,743.19,1.3,0.7692307692307698,0.36363636363637397,0.04892912493929869,12:00-13:00
2026-07-31,2026-07-31 12:10:13-04:00,730,60,C,743.0,743.19,1.44,0.6944444444444451,0.48236842105256983,0.06490512803624508,12:00-13:00
2026-07-31,2026-07-31 12:10:13-04:00,730,60,P,743.0,743.19,1.3,0.7692307692307698,0.6201724137931706,0.08344735717557697,12:00-13:00
2026-07-31,2026-07-31 12:15:14-04:00,735,15,C,744.0,743.59,1.08,0.9259259259259267,0.14545454545452685,0.019561121781428856,12:00-13:00
2026-07-31,2026-07-31 12:15:14-04:00,735,15,P,744.0,743.59,1.53,0.6535947712418306,0.10344827586209249,0.013912004715245294,12:00-13:00
2026-07-31,2026-07-31 12:15:14-04:00,735,30,C,744.0,743.59,1.08,0.9259259259259267,0.16957446808510213,0.022804834395984633,12:00-13:00
2026-07-31,2026-07-31 12:15:14-04:00,735,30,P,744.0,743.59,1.53,0.6535947712418306,0.21549019607846276,0.028979706031342912,12:00-13:00
2026-07-31,2026-07-31 12:15:14-04:00,735,60,C,744.0,743.59,1.08,0.9259259259259267,0.578733333333389,0.07782962833461841,12:00-13:00
2026-07-31,2026-07-31 12:15:14-04:00,735,60,P,744.0,743.59,1.53,0.6535947712418306,0.5224571428570925,0.0702614536044181,12:00-13:00
2026-07-31,2026-07-31 12:20:14-04:00,740,15,C,743.0,743.34,1.5,1.3333333333333344,0.1792982456139498,0.024120623888657922,12:00-13:00
2026-07-31,2026-07-31 12:20:14-04:00,740,15,P,743.0,743.34,1.18,0.8474576271186449,0.16790697674423427,0.02258817993707244,12:00-13:00
2026-07-31,2026-07-31 12:20:14-04:00,740,30,C,743.0,743.34,1.5,1.3333333333333344,0.2988235294117203,0.04020011426961018,12:00-13:00
2026-07-31,2026-07-31 12:20:14-04:00,740,30,P,743.0,743.34,1.18,0.8474576271186449,0.36000000000001364,0.04843005892324019,12:00-13:00
2026-07-31,2026-07-31 12:20:14-04:00,740,60,C,743.0,743.34,1.5,1.3333333333333344,0.5423188405796964,0.07295703723460278,12:00-13:00
2026-07-31,2026-07-31 12:20:14-04:00,740,60,P,743.0,743.34,1.18,0.8474576271186449,0.7330434782609245,0.09861483012631159,12:00-13:00
2026-07-31,2026-07-31 12:25:13-04:00,745,15,C,744.0,744.09,1.3,0.7692307692307698,0.14385964912287363,0.01933363559823054,12:00-13:00
2026-07-31,2026-07-31 12:25:13-04:00,745,15,P,744.0,744.09,1.25,1.6000000000000014,0.14999999999997726,0.020158851751801158,12:00-13:00
2026-07-31,2026-07-31 12:25:13-04:00,745,30,C,744.0,744.09,1.3,0.7692307692307698,0.2507142857142526,0.033694080785154026,12:00-13:00
2026-07-31,2026-07-31 12:25:13-04:00,745,30,P,744.0,744.09,1.25,1.6000000000000014,0.36454545454557774,0.048992118499855894,12:00-13:00
2026-07-31,2026-07-31 12:25:13-04:00,745,60,C,744.0,744.09,1.3,0.7692307692307698,0.49838709677408133,0.06697941065920537,12:00-13:00
2026-07-31,2026-07-31 12:25:13-04:00,745,60,P,744.0,744.09,1.25,1.6000000000000014,0.559090909090969,0.07513753834764196,12:00-13:00
2026-07-31,2026-07-31 12:30:15-04:00,750,15,C,745.0,744.59,1.01,0.990099009900991,0.020638297872324074,0.0027717667269670657,12:00-13:00
2026-07-31,2026-07-31 12:30:15-04:00,750,15,P,745.0,744.59,1.48,0.6756756756756763,0.11745098039216373,0.015773913212931107,12:00-13:00
2026-07-31,2026-07-31 12:30:15-04:00,750,30,C,745.0,744.59,1.01,0.990099009900991,0.2542857142856292,0.03415110521033443,12:00-13:00
2026-07-31,2026-07-31 12:30:15-04:00,750,30,P,745.0,744.59,1.48,0.6756756756756763,0.26508474576269236,0.03560143780640249,12:00-13:00
2026-07-31,2026-07-31 12:30:15-04:00,750,60,C,745.0,744.59,1.01,0.990099009900991,0.44249999999999545,0.05942867887025013,12:00-13:00
2026-07-31,2026-07-31 12:30:15-04:00,750,60,P,745.0,744.59,1.48,0.6756756756756763,0.41347826086962414,0.05553099838429527,12:00-13:00
2026-07-31,2026-07-31 12:35:14-04:00,755,15,C,745.0,744.8,1.1,0.9090909090909097,0.12545454545465873,0.016844058197456865,12:00-13:00
2026-07-31,2026-07-31 12:35:14-04:00,755,15,P,745.0,744.8,1.35,0.7407407407407414,0.1977777777776737,0.026554481441685512,12:00-13:00
2026-07-31,2026-07-31 12:35:14-04:00,755,30,C,745.0,744.8,1.1,0.9090909090909097,0.36349206349211727,0.048803982745987816,12:00-13:00
2026-07-31,2026-07-31 12:35:14-04:00,755,30,P,745.0,744.8,1.35,0.7407407407407414,0.379245283018804,0.05091907666740119,12:00-13:00
2026-07-31,2026-07-31 12:35:14-04:00,755,60,C,745.0,744.8,1.1,0.9090909090909097,0.38836734693882136,0.052143843573955614,12:00-13:00
2026-07-31,2026-07-31 12:35:14-04:00,755,60,P,745.0,744.8,1.35,0.7407407407407414,0.39274509803919955,0.05273161896337266,12:00-13:00
2026-07-31,2026-07-31 12:40:14-04:00,760,15,C,745.0,744.69,1.0,1.0000000000000009,0.11499999999989541,0.015442667418643382,12:00-13:00
2026-07-31,2026-07-31 12:40:14-04:00,760,15,P,745.0,744.69,1.37,0.7299270072992706,0.18241379310359207,0.024495265560648332,12:00-13:00
2026-07-31,2026-07-31 12:40:14-04:00,760,30,C,745.0,744.69,1.0,1.0000000000000009,0.21043859649114438,0.02825855006662428,12:00-13:00
2026-07-31,2026-07-31 12:40:14-04:00,760,30,P,745.0,744.69,1.37,0.7299270072992706,0.2408620689654981,0.03234393760699057,12:00-13:00
2026-07-31,2026-07-31 12:40:14-04:00,760,60,C,745.0,744.69,1.0,1.0000000000000009,0.3650000000000091,0.04901368354617479,12:00-13:00
2026-07-31,2026-07-31 12:40:14-04:00,760,60,P,745.0,744.69,1.37,0.7299270072992706,0.3849999999999909,0.05169936483637364,12:00-13:00
2026-07-31,2026-07-31 12:45:15-04:00,765,15,C,744.0,744.1,1.26,1.5873015873015885,0.19071428571430715,0.02563019563423023,12:00-13:00
2026-07-31,2026-07-31 12:45:15-04:00,765,15,P,744.0,744.1,1.17,0.8547008547008554,0.17454545454552317,0.023457257699976235,12:00-13:00
2026-07-31,2026-07-31 12:45:15-04:00,765,30,C,744.0,744.1,1.26,1.5873015873015885,0.35655384615392904,0.047917463533655294,12:00-13:00
2026-07-31,2026-07-31 12:45:15-04:00,765,30,P,744.0,744.1,1.17,0.8547008547008554,0.37979607843135454,0.05104099965479835,12:00-13:00
2026-07-31,2026-07-31 12:45:15-04:00,765,60,C,744.0,744.1,1.26,1.5873015873015885,0.42551612903230307,0.0571853418938722,12:00-13:00
2026-07-31,2026-07-31 12:45:15-04:00,765,60,P,744.0,744.1,1.17,0.8547008547008554,0.4898771929824761,0.06583485996270341,12:00-13:00
2026-07-31,2026-07-31 12:50:14-04:00,770,15,C,745.0,744.58,0.92,1.0869565217391313,0.2221276595744257,0.02983261161653895,12:00-13:00
2026-07-31,2026-07-31 12:50:14-04:00,770,15,P,745.0,744.58,1.37,0.7299270072992706,0.19698113207550705,0.026455334829770746,12:00-13:00
2026-07-31,2026-07-31 12:50:14-04:00,770,30,C,745.0,744.58,0.92,1.0869565217391313,0.32888888888885504,0.04417106138881719,12:00-13:00
2026-07-31,2026-07-31 12:50:14-04:00,770,30,P,745.0,744.58,1.37,0.7299270072992706,0.2943750000000591,0.03953571140778145,12:00-13:00
2026-07-31,2026-07-31 12:50:14-04:00,770,60,C,745.0,744.58,0.92,1.0869565217391313,0.3149999999999409,0.042305729404488554,12:00-13:00
2026-07-31,2026-07-31 12:50:14-04:00,770,60,P,745.0,744.58,1.37,0.7299270072992706,0.32911764705886526,0.044201784503863285,12:00-13:00
2026-07-31,2026-07-31 12:55:15-04:00,775,15,C,745.0,744.68,0.94,1.0638297872340319,0.11517543859656598,0.015466433716034537,12:00-13:00
2026-07-31,2026-07-31 12:55:15-04:00,775,15,P,745.0,744.68,1.28,0.7812500000000007,0.07568965517236848,0.010164051024919225,12:00-13:00
2026-07-31,2026-07-31 12:55:15-04:00,775,30,C,745.0,744.68,0.94,1.0638297872340319,0.31555555555553383,0.04237465160277352,12:00-13:00
2026-07-31,2026-07-31 12:55:15-04:00,775,30,P,745.0,744.68,1.28,0.7812500000000007,0.2036363636364058,0.027345485797443978,12:00-13:00
2026-07-31,2026-07-31 12:55:15-04:00,775,60,C,745.0,744.68,0.94,1.0638297872340319,0.32285714285717404,0.04335515158956519,12:00-13:00
2026-07-31,2026-07-31 12:55:15-04:00,775,60,P,745.0,744.68,1.28,0.7812500000000007,0.3119354838709114,0.04188852713526769,12:00-13:00
2026-07-31,2026-07-31 13:00:15-04:00,780,15,C,745.0,744.63,0.9,1.111111111111112,0.16373333333342543,0.021988549122842947,12:00-13:00
2026-07-31,2026-07-31 13:00:15-04:00,780,15,P,745.0,744.63,1.31,0.7633587786259549,0.1843058823528736,0.024751337221556154,12:00-13:00
2026-07-31,2026-07-31 13:00:15-04:00,780,30,C,745.0,744.63,0.9,1.111111111111112,0.17333333333340306,0.02327778001603522,12:00-13:00
2026-07-31,2026-07-31 13:00:15-04:00,780,30,P,745.0,744.63,1.31,0.7633587786259549,0.1407692307692514,0.01890458761656815,12:00-13:00
2026-07-31,2026-07-31 13:00:15-04:00,780,60,C,745.0,744.63,0.9,1.111111111111112,0.3282456140350405,0.04408170689269039,12:00-13:00
2026-07-31,2026-07-31 13:00:15-04:00,780,60,P,745.0,744.63,1.31,0.7633587786259549,0.324838709677465,0.04362417706477915,12:00-13:00
2026-07-31,2026-07-31 13:05:16-04:00,785,15,C,745.0,745.1,1.08,1.8518518518518534,0.10518518518517794,0.014116921914532002,13:00-14:00
2026-07-31,2026-07-31 13:05:16-04:00,785,15,P,745.0,745.1,1.0,1.0000000000000009,0.10173913043479388,0.013654426309863625,13:00-14:00
2026-07-31,2026-07-31 13:05:16-04:00,785,30,C,745.0,745.1,1.08,1.8518518518518534,0.04755102040815018,0.006381830681539414,13:00-14:00
2026-07-31,2026-07-31 13:05:16-04:00,785,30,P,745.0,745.1,1.0,1.0000000000000009,0.006470588235288233,0.0008684187673182435,13:00-14:00
2026-07-31,2026-07-31 13:05:16-04:00,785,60,C,745.0,745.1,1.08,1.8518518518518534,0.2348148148147402,0.031514536950038946,13:00-14:00
2026-07-31,2026-07-31 13:05:16-04:00,785,60,P,745.0,745.1,1.0,1.0000000000000009,0.23957446808515215,0.03215333083950506,13:00-14:00
2026-07-31,2026-07-31 13:10:15-04:00,790,15,C,745.0,744.725,0.91,1.0989010989010999,0.20388888888885504,0.02737774197037229,13:00-14:00
2026-07-31,2026-07-31 13:10:15-04:00,790,15,P,745.0,744.725,1.22,0.8196721311475417,0.139545454545555,0.018737850152144082,13:00-14:00
2026-07-31,2026-07-31 13:10:15-04:00,790,30,C,745.0,744.725,0.91,1.0989010989010999,0.17999999999994998,0.024169995635966293,13:00-14:00
2026-07-31,2026-07-31 13:10:15-04:00,790,30,P,745.0,744.725,1.22,0.8196721311475417,0.16999999999995907,0.02282721810063568,13:00-14:00
2026-07-31,2026-07-31 13:10:15-04:00,790,60,C,745.0,744.725,0.91,1.0989010989010999,0.44241935483864836,0.059407077087334025,13:00-14:00
2026-07-31,2026-07-31 13:10:15-04:00,790,60,P,745.0,744.725,1.22,0.8196721311475417,0.36000000000001364,0.04833999127194785,13:00-14:00
2026-07-31,2026-07-31 13:15:15-04:00,795,15,C,745.0,745.2104,1.11,0.9009009009009016,0.025224999999977626,0.0033849500758413495,13:00-14:00
2026-07-31,2026-07-31 13:15:15-04:00,795,15,P,745.0,745.2104,0.93,1.0752688172043021,-0.009599999999977626,-0.0012882267880289413,13:00-14:00
2026-07-31,2026-07-31 13:15:15-04:00,795,30,C,745.0,745.2104,1.11,0.9009009009009016,0.07318064516130107,0.009820132027317529,13:00-14:00
2026-07-31,2026-07-31 13:15:15-04:00,795,30,P,745.0,745.2104,0.93,1.0752688172043021,0.14413684210535394,0.019341764702338282,13:00-14:00
2026-07-31,2026-07-31 13:15:15-04:00,795,60,C,745.0,745.2104,1.11,0.9009009009009016,0.24753103448279035,0.03321626140520722,13:00-14:00
2026-07-31,2026-07-31 13:15:15-04:00,795,60,P,745.0,745.2104,0.93,1.0752688172043021,0.34161951219516595,0.045842021554606045,13:00-14:00
2026-07-31,2026-07-31 13:20:16-04:00,800,15,C,746.0,745.52,0.72,1.3888888888888902,-0.10714285714288962,-0.014371560406547058,13:00-14:00
2026-07-31,2026-07-31 13:20:16-04:00,800,15,P,746.0,745.52,1.23,0.8130081300813016,-0.12254901960784537,-0.01643805928852953,13:00-14:00
2026-07-31,2026-07-31 13:20:16-04:00,800,30,C,746.0,745.52,0.72,1.3888888888888902,-0.024999999999977263,-0.0033533640948569133,13:00-14:00
2026-07-31,2026-07-31 13:20:16-04:00,800,30,P,746.0,745.52,1.23,0.8130081300813016,0.0049999999999954525,0.0006706728189713828,13:00-14:00
2026-07-31,2026-07-31 13:20:16-04:00,800,60,C,746.0,745.52,0.72,1.3888888888888902,0.33111111111111313,0.04441344445636779,13:00-14:00
2026-07-31,2026-07-31 13:20:16-04:00,800,60,P,746.0,745.52,1.23,0.8130081300813016,0.287407407407386,0.03855126722386871,13:00-14:00
2026-07-31,2026-07-31 13:25:16-04:00,805,15,C,746.0,746.04,0.97,1.0309278350515474,-0.03499999999996817,-0.0046914374564323855,13:00-14:00
2026-07-31,2026-07-31 13:25:16-04:00,805,15,P,746.0,746.04,0.98,1.020408163265307,0.031153846153756604,0.004175894878794248,13:00-14:00
2026-07-31,2026-07-31 13:25:16-04:00,805,30,C,746.0,746.04,0.97,1.0309278350515474,0.01642857142860521,0.002202103295882957,13:00-14:00
2026-07-31,2026-07-31 13:25:16-04:00,805,30,P,746.0,746.04,0.98,1.020408163265307,0.09666666666657875,0.01295730345109897,13:00-14:00
2026-07-31,2026-07-31 13:25:16-04:00,805,60,C,746.0,746.04,0.97,1.0309278350515474,0.29750000000001364,0.03987721837971338,13:00-14:00
2026-07-31,2026-07-31 13:25:16-04:00,805,60,P,746.0,746.04,0.98,1.020408163265307,0.3483333333333576,0.046690972780729936,13:00-14:00
2026-07-31,2026-07-31 13:30:16-04:00,810,15,C,746.0,746.22,1.11,0.9009009009009016,0.06358064516132345,0.008520361979218386,13:00-14:00
2026-07-31,2026-07-31 13:30:16-04:00,810,15,P,746.0,746.22,0.94,1.0638297872340319,0.1800526315789739,0.024128625817985833,13:00-14:00
2026-07-31,2026-07-31 13:30:16-04:00,810,30,C,746.0,746.22,1.11,0.9009009009009016,0.10666666666656965,0.01429426531941916,13:00-14:00
2026-07-31,2026-07-31 13:30:16-04:00,810,30,P,746.0,746.22,0.94,1.0638297872340319,0.2190909090909372,0.029360096096451075,13:00-14:00
2026-07-31,2026-07-31 13:30:16-04:00,810,60,C,746.0,746.22,1.11,0.9009009009009016,0.3973076923076633,0.05324270219340989,13:00-14:00
2026-07-31,2026-07-31 13:30:16-04:00,810,60,P,746.0,746.22,0.94,1.0638297872340319,0.48785714285713766,0.06537711973106292,13:00-14:00
2026-07-31,2026-07-31 13:35:17-04:00,815,15,C,746.0,746.27,1.15,0.8695652173913052,0.07045454545448138,0.00944089209729473,13:00-14:00
2026-07-31,2026-07-31 13:35:17-04:00,815,15,P,746.0,746.27,0.92,1.0869565217391313,0.1349999999999909,0.018089967438057394,13:00-14:00
2026-07-31,2026-07-31 13:35:17-04:00,815,30,C,746.0,746.27,1.15,0.8695652173913052,0.19444444444445708,0.02605550865564167,13:00-14:00
2026-07-31,2026-07-31 13:35:17-04:00,815,30,P,746.0,746.27,0.92,1.0869565217391313,0.23936170212766683,0.032074410351168724,13:00-14:00
2026-07-31,2026-07-31 13:35:17-04:00,815,60,C,746.0,746.27,1.15,0.8695652173913052,0.3907936507936256,0.052366254947086924,13:00-14:00
2026-07-31,2026-07-31 13:35:17-04:00,815,60,P,746.0,746.27,0.92,1.0869565217391313,0.5013793103448734,0.06718470665374106,13:00-14:00
2026-07-31,2026-07-31 13:40:16-04:00,820,15,C,746.0,745.855,0.89,1.1235955056179785,0.058571428571440265,0.007852924304514987,13:00-14:00
2026-07-31,2026-07-31 13:40:16-04:00,820,15,P,746.0,745.855,1.05,0.9523809523809532,0.06722222222219898,0.00901277355815795,13:00-14:00
2026-07-31,2026-07-31 13:40:16-04:00,820,30,C,746.0,745.855,0.89,1.1235955056179785,0.2801612903225532,0.03756243376025544,13:00-14:00
2026-07-31,2026-07-31 13:40:16-04:00,820,30,P,746.0,745.855,1.05,0.9523809523809532,0.18642857142856428,0.024995283457047855,13:00-14:00
2026-07-31,2026-07-31 13:40:16-04:00,820,60,C,746.0,745.855,0.89,1.1235955056179785,0.3816666666666606,0.05117169780542607,13:00-14:00
2026-07-31,2026-07-31 13:40:16-04:00,820,60,P,746.0,745.855,1.05,0.9523809523809532,0.30758064516135164,0.04123866504365482,13:00-14:00
2026-07-31,2026-07-31 13:45:17-04:00,825,15,C,746.0,745.961,0.92,1.0869565217391313,0.032333333333326664,0.004334453588502168,13:00-14:00
2026-07-31,2026-07-31 13:45:17-04:00,825,15,P,746.0,745.961,0.98,1.020408163265307,0.051000000000044565,0.006836818546820084,13:00-14:00
2026-07-31,2026-07-31 13:45:17-04:00,825,30,C,746.0,745.961,0.92,1.0869565217391313,0.16934482758620106,0.022701565844085825,13:00-14:00
2026-07-31,2026-07-31 13:45:17-04:00,825,30,P,746.0,745.961,0.98,1.020408163265307,0.19018032786880212,0.0254946743688748,13:00-14:00
2026-07-31,2026-07-31 13:45:17-04:00,825,60,C,746.0,745.961,0.92,1.0869565217391313,0.42302985074627486,0.05670937900859091,13:00-14:00
2026-07-31,2026-07-31 13:45:17-04:00,825,60,P,746.0,745.961,0.98,1.020408163265307,0.34242857142851335,0.045904353100029806,13:00-14:00
2026-07-31,2026-07-31 13:50:17-04:00,830,15,C,745.0,745.295,1.13,0.8849557522123707,0.1324074074074133,0.01776577159479311,13:00-14:00
2026-07-31,2026-07-31 13:50:17-04:00,830,15,P,745.0,745.295,0.85,1.176470588235295,0.11542553191486604,0.015487227462262065,13:00-14:00
2026-07-31,2026-07-31 13:50:17-04:00,830,30,C,745.0,745.295,1.13,0.8849557522123707,0.26924242424240674,0.03612561794221171,13:00-14:00
2026-07-31,2026-07-31 13:50:17-04:00,830,30,P,745.0,745.295,0.85,1.176470588235295,0.358703703703668,0.04812909032043258,13:00-14:00
2026-07-31,2026-07-31 13:50:17-04:00,830,60,C,745.0,745.295,1.13,0.8849557522123707,0.3990726027398068,0.05354558969801311,13:00-14:00
2026-07-31,2026-07-31 13:50:17-04:00,830,60,P,745.0,745.295,0.85,1.176470588235295,0.4631352941175919,0.06214120504197558,13:00-14:00
2026-07-31,2026-07-31 13:55:18-04:00,835,15,C,746.0,745.61,0.73,1.3698630136986314,0.20926829268296387,0.028066722909156776,13:00-14:00
2026-07-31,2026-07-31 13:55:18-04:00,835,15,P,746.0,745.61,1.14,0.8771929824561412,0.10214285714289417,0.013699233800900493,13:00-14:00
2026-07-31,2026-07-31 13:55:18-04:00,835,30,C,746.0,745.61,0.73,1.3698630136986314,0.31743902439018257,0.042574405438524504,13:00-14:00
2026-07-31,2026-07-31 13:55:18-04:00,835,30,P,746.0,745.61,1.14,0.8771929824561412,0.1990350877193805,0.026694262110135394,13:00-14:00
2026-07-31,2026-07-31 13:55:18-04:00,835,60,C,746.0,745.61,0.73,1.3698630136986314,0.4036363636363376,0.054135052324450796,13:00-14:00
2026-07-31,2026-07-31 13:55:18-04:00,835,60,P,746.0,745.61,1.14,0.8771929824561412,0.35285714285714675,0.047324625857639614,13:00-14:00
2026-07-31,2026-07-31 14:00:17-04:00,840,15,C,746.0,745.66,0.74,1.3513513513513526,0.16000000000008185,0.021457500737612566,13:00-14:00
2026-07-31,2026-07-31 14:00:17-04:00,840,15,P,746.0,745.66,1.1,0.9090909090909097,0.0859016393442289,0.011520215559937359,13:00-14:00
2026-07-31,2026-07-31 14:00:17-04:00,840,30,C,746.0,745.66,0.74,1.3513513513513526,0.34595238095243985,0.046395459184137525,13:00-14:00
2026-07-31,2026-07-31 14:00:17-04:00,840,30,P,746.0,745.66,1.1,0.9090909090909097,0.21357142857141298,0.028641931788135747,13:00-14:00
2026-07-31,2026-07-31 14:00:17-04:00,840,60,C,746.0,745.66,0.74,1.3513513513513526,0.3550000000000182,0.04760882976155596,13:00-14:00
2026-07-31,2026-07-31 14:00:17-04:00,840,60,P,746.0,745.66,1.1,0.9090909090909097,0.3208904109588957,0.043034413936498636,13:00-14:00
2026-07-31,2026-07-31 14:05:17-04:00,845,15,C,746.0,745.52,0.65,1.5384615384615397,0.17555555555554747,0.02354806786612666,14:00-15:00
2026-07-31,2026-07-31 14:05:17-04:00,845,15,P,746.0,745.52,1.17,0.8547008547008554,0.17629629629630017,0.023647426802272265,14:00-15:00
2026-07-31,2026-07-31 14:05:17-04:00,845,30,C,746.0,745.52,0.65,1.5384615384615397,0.27048780487803015,0.03628176371901896,14:00-15:00
2026-07-31,2026-07-31 14:05:17-04:00,845,30,P,746.0,745.52,1.17,0.8547008547008554,0.18241379310347838,0.02446799456801674,14:00-15:00
2026-07-31,2026-07-31 14:05:17-04:00,845,60,C,746.0,745.52,0.65,1.5384615384615397,0.37368421052633494,0.05012396857580413,14:00-15:00
2026-07-31,2026-07-31 14:05:17-04:00,845,60,P,746.0,745.52,1.17,0.8547008547008554,0.2393442622950488,0.032104338219638484,14:00-15:00
2026-07-31,2026-07-31 14:10:18-04:00,850,15,C,746.0,745.99,0.81,1.234567901234569,0.09749999999996817,0.013069880293297252,14:00-15:00
2026-07-31,2026-07-31 14:10:18-04:00,850,15,P,746.0,745.99,0.88,1.1363636363636374,0.12289473684211316,0.016474046145673958,14:00-15:00
2026-07-31,2026-07-31 14:10:18-04:00,850,30,C,746.0,745.99,0.81,1.234567901234569,0.11333333333334394,0.015192339486232246,14:00-15:00
2026-07-31,2026-07-31 14:10:18-04:00,850,30,P,746.0,745.99,0.88,1.1363636363636374,0.1683870967741541,0.022572299464356637,14:00-15:00
2026-07-31,2026-07-31 14:10:18-04:00,850,60,C,746.0,745.99,0.81,1.234567901234569,0.3124468085106855,0.04188351164367961,14:00-15:00
2026-07-31,2026-07-31 14:10:18-04:00,850,60,P,746.0,745.99,0.88,1.1363636363636374,0.3565384615384346,0.04779400012579721,14:00-15:00
2026-07-31,2026-07-31 14:15:17-04:00,855,15,C,746.0,745.82,0.75,1.3333333333333344,0.2097619047618764,0.028125003990490522,14:00-15:00
2026-07-31,2026-07-31 14:15:17-04:00,855,15,P,746.0,745.82,0.96,1.0416666666666676,0.12357142857149483,0.01656853243027739,14:00-15:00
2026-07-31,2026-07-31 14:15:17-04:00,855,30,C,746.0,745.82,0.75,1.3333333333333344,0.27909090909088263,0.03742067913047151,14:00-15:00
2026-07-31,2026-07-31 14:15:17-04:00,855,30,P,746.0,745.82,0.96,1.0416666666666676,0.1657142857143299,0.0222190723920423,14:00-15:00
2026-07-31,2026-07-31 14:15:17-04:00,855,60,C,746.0,745.82,0.75,1.3333333333333344,0.37666666666655146,0.050503696155446545,14:00-15:00
2026-07-31,2026-07-31 14:15:17-04:00,855,60,P,746.0,745.82,0.96,1.0416666666666676,0.37000000000011823,0.04960982542706259,14:00-15:00
2026-07-31,2026-07-31 14:20:18-04:00,860,15,C,746.0,746.14,0.86,1.1627906976744196,0.060476190476151714,0.008105206861467247,14:00-15:00
2026-07-31,2026-07-31 14:20:18-04:00,860,15,P,746.0,746.14,0.75,1.3333333333333344,0.04891891891895739,0.006556265435301336,14:00-15:00
2026-07-31,2026-07-31 14:20:18-04:00,860,30,C,746.0,746.14,0.86,1.1627906976744196,0.13426666666669007,0.017994835643001323,14:00-15:00
2026-07-31,2026-07-31 14:20:18-04:00,860,30,P,746.0,746.14,0.75,1.3333333333333344,0.11205686274502114,0.01501820874702082,14:00-15:00
2026-07-31,2026-07-31 14:20:18-04:00,860,60,C,746.0,746.14,0.86,1.1627906976744196,0.18018518518522342,0.024148978098644146,14:00-15:00
2026-07-31,2026-07-31 14:20:18-04:00,860,60,P,746.0,746.14,0.75,1.3333333333333344,0.24413043478261898,0.03271911903699292,14:00-15:00
2026-07-31,2026-07-31 14:26:18-04:00,866,15,C,746.0,746.025,0.78,1.2820512820512833,0.028333333333307564,0.003797906683195277,14:00-15:00
2026-07-31,2026-07-31 14:26:18-04:00,866,15,P,746.0,746.025,0.8,1.250000000000001,0.02679487179489115,0.0035916855058330684,14:00-15:00
2026-07-31,2026-07-31 14:26:18-04:00,866,30,C,746.0,746.025,0.78,1.2820512820512833,0.10227272727274794,0.013709021450051666,14:00-15:00
2026-07-31,2026-07-31 14:26:18-04:00,866,30,P,746.0,746.025,0.8,1.250000000000001,0.16071428571433444,0.021542747992940512,14:00-15:00
2026-07-31,2026-07-31 14:26:18-04:00,866,60,C,746.0,746.025,0.78,1.2820512820512833,0.29970588235289597,0.040173704949954224,14:00-15:00
2026-07-31,2026-07-31 14:26:18-04:00,866,60,P,746.0,746.025,0.8,1.250000000000001,0.3629591836735244,0.04865241562595415,14:00-15:00
2026-07-31,2026-07-31 14:31:18-04:00,871,15,C,746.0,746.125,0.8,1.250000000000001,0.07992537313441517,0.010712062071960484,14:00-15:00
2026-07-31,2026-07-31 14:31:18-04:00,871,15,P,746.0,746.125,0.73,1.3698630136986314,0.05999999999994543,0.0080415479979823,14:00-15:00
2026-07-31,2026-07-31 14:31:18-04:00,871,30,C,746.0,746.125,0.8,1.250000000000001,0.009999999999990905,0.0013402579996637165,14:00-15:00
2026-07-31,2026-07-31 14:31:18-04:00,871,30,P,746.0,746.125,0.73,1.3698630136986314,0.09000000000003183,0.012062321996988685,14:00-15:00
2026-07-31,2026-07-31 14:31:18-04:00,871,60,C,746.0,746.125,0.8,1.250000000000001,0.23858208955232385,0.031976155409927806,14:00-15:00
2026-07-31,2026-07-31 14:31:18-04:00,871,60,P,746.0,746.125,0.73,1.3698630136986314,0.3728688524589643,0.04997404623340114,14:00-15:00
2026-07-31,2026-07-31 14:36:18-04:00,876,15,C,746.0,746.01,0.75,1.3333333333333344,0.04909090909086444,0.006580462606515254,14:00-15:00
2026-07-31,2026-07-31 14:36:18-04:00,876,15,P,746.0,746.01,0.79,1.2658227848101276,0.12785714285712402,0.017138797450050806,14:00-15:00
2026-07-31,2026-07-31 14:36:18-04:00,876,30,C,746.0,746.01,0.75,1.3333333333333344,0.05754098360648641,0.0077131651863227586,14:00-15:00
2026-07-31,2026-07-31 14:36:18-04:00,876,30,P,746.0,746.01,0.79,1.2658227848101276,0.1063934426230162,0.014261664404366724,14:00-15:00
2026-07-31,2026-07-31 14:36:18-04:00,876,60,C,746.0,746.01,0.75,1.3333333333333344,0.3387234042553473,0.04540467343002738,14:00-15:00
2026-07-31,2026-07-31 14:36:18-04:00,876,60,P,746.0,746.01,0.79,1.2658227848101276,0.4135849056604002,0.05543959272133084,14:00-15:00
2026-07-31,2026-07-31 14:41:18-04:00,881,15,C,746.0,745.87,0.68,1.4705882352941189,0.029999999999972715,0.004022148631795449,14:00-15:00
2026-07-31,2026-07-31 14:41:18-04:00,881,15,P,746.0,745.87,0.86,1.1627906976744196,0.11285714285713766,0.015130940091053088,14:00-15:00
2026-07-31,2026-07-31 14:41:18-04:00,881,30,C,746.0,745.87,0.68,1.4705882352941189,0.1558510638298003,0.02089520477158222,14:00-15:00
2026-07-31,2026-07-31 14:41:18-04:00,881,30,P,746.0,745.87,0.86,1.1627906976744196,0.19807692307688285,0.02655649417148871,14:00-15:00
2026-07-31,2026-07-31 14:41:18-04:00,881,60,C,746.0,745.87,0.68,1.4705882352941189,0.4123404255318519,0.05528314927961333,14:00-15:00
2026-07-31,2026-07-31 14:41:18-04:00,881,60,P,746.0,745.87,0.86,1.1627906976744196,0.4407692307693196,0.05909464528259879,14:00-15:00
2026-07-31,2026-07-31 14:46:18-04:00,886,15,C,746.0,746.19,0.8,1.250000000000001,-0.055000000000063665,-0.007370776879891672,14:00-15:00
2026-07-31,2026-07-31 14:46:18-04:00,886,15,P,746.0,746.19,0.67,1.492537313432837,0.035000000000081855,0.004690494378118422,14:00-15:00
2026-07-31,2026-07-31 14:46:18-04:00,886,30,C,746.0,746.19,0.8,1.250000000000001,0.10470588235284595,0.014032067215165835,14:00-15:00
2026-07-31,2026-07-31 14:46:18-04:00,886,30,P,746.0,746.19,0.67,1.492537313432837,0.18083333333345308,0.02423422095357122,14:00-15:00
2026-07-31,2026-07-31 14:46:18-04:00,886,60,C,746.0,746.19,0.8,1.250000000000001,0.2532333333332417,0.03393684360997088,14:00-15:00
2026-07-31,2026-07-31 14:46:18-04:00,886,60,P,746.0,746.19,0.67,1.492537313432837,0.31779230769234346,0.04258865807533516,14:00-15:00
2026-07-31,2026-07-31 14:51:17-04:00,891,15,C,746.0,746.4201,0.94,1.0638297872340319,-0.041083606557435814,-0.005504086312444669,14:00-15:00
2026-07-31,2026-07-31 14:51:17-04:00,891,15,P,746.0,746.4201,0.56,1.785714285714287,-0.0640025641024522,-0.008574603511139665,14:00-15:00
2026-07-31,2026-07-31 14:51:17-04:00,891,30,C,746.0,746.4201,0.94,1.0638297872340319,0.048233333333314476,0.006461955316223997,14:00-15:00
2026-07-31,2026-07-31 14:51:17-04:00,891,30,P,746.0,746.4201,0.56,1.785714285714287,0.11118695652180577,0.01489602926311949,14:00-15:00
2026-07-31,2026-07-31 14:51:17-04:00,891,60,C,746.0,746.4201,0.94,1.0638297872340319,0.3196058823529029,0.04281849890603199,14:00-15:00
2026-07-31,2026-07-31 14:51:17-04:00,891,60,P,746.0,746.4201,0.56,1.785714285714287,0.6215705882352722,0.08327355978694467,14:00-15:00
2026-07-31,2026-07-31 14:56:19-04:00,896,15,C,746.0,746.15,0.8,1.250000000000001,0.131170212766051,0.01757960366763399,14:00-15:00
2026-07-31,2026-07-31 14:56:19-04:00,896,15,P,746.0,746.15,0.65,1.5384615384615397,0.07423076923066674,0.009948504889186725,14:00-15:00
2026-07-31,2026-07-31 14:56:19-04:00,896,30,C,746.0,746.15,0.8,1.250000000000001,0.2139215686273701,0.028670048733816268,14:00-15:00
2026-07-31,2026-07-31 14:56:19-04:00,896,30,P,746.0,746.15,0.65,1.5384615384615397,0.1818367346938885,0.02436999727854835,14:00-15:00
2026-07-31,2026-07-31 15:01:19-04:00,901,15,C,746.0,746.435,0.96,1.0416666666666676,0.14763157894742562,0.019778223013045427,15:00-16:00
2026-07-31,2026-07-31 15:01:19-04:00,901,15,P,746.0,746.435,0.54,1.8518518518518534,0.15499999999997272,0.020765371398711572,15:00-16:00
2026-07-31,2026-07-31 15:01:19-04:00,901,30,C,746.0,746.435,0.96,1.0416666666666676,0.16738805970157955,0.022425001467184624,15:00-16:00
2026-07-31,2026-07-31 15:01:19-04:00,901,30,P,746.0,746.435,0.54,1.8518518518518534,0.37139344262288887,0.049755630781365946,15:00-16:00
2026-07-31,2026-07-31 15:06:18-04:00,906,15,C,746.0,745.92,0.67,1.492537313432837,0.04833333333340306,0.006479693979703328,15:00-16:00
2026-07-31,2026-07-31 15:06:18-04:00,906,15,P,746.0,745.92,0.79,1.2658227848101276,0.11108695652171718,0.014892610001302712,15:00-16:00
2026-07-31,2026-07-31 15:06:18-04:00,906,30,C,746.0,745.92,0.67,1.492537313432837,0.25851063829793475,0.034656617103433984,15:00-16:00
2026-07-31,2026-07-31 15:06:18-04:00,906,30,P,746.0,745.92,0.79,1.2658227848101276,0.32358490566036835,0.04338064479573793,15:00-16:00
2026-07-31,2026-07-31 15:11:19-04:00,911,15,C,746.0,746.345,0.84,1.1904761904761916,0.09735294117638205,0.01304395972055578,15:00-16:00
2026-07-31,2026-07-31 15:11:19-04:00,911,15,P,746.0,746.345,0.52,1.9230769230769247,0.11153061224501926,0.014943573313282632,15:00-16:00
2026-07-31,2026-07-31 15:11:19-04:00,911,30,C,746.0,746.345,0.84,1.1904761904761916,0.19487012987008256,0.026109926357124728,15:00-16:00
2026-07-31,2026-07-31 15:11:19-04:00,911,30,P,746.0,746.345,0.52,1.9230769230769247,0.26192307692315353,0.03509410218104945,15:00-16:00
2026-07-31,2026-07-31 15:16:19-04:00,916,15,C,747.0,746.53,0.42,2.380952380952383,0.06282051282062184,0.008415001784338452,15:00-16:00
2026-07-31,2026-07-31 15:16:19-04:00,916,15,P,747.0,746.53,0.91,1.0989010989010999,0.07295081967208716,0.009771987685972053,15:00-16:00
2026-07-31,2026-07-31 15:16:19-04:00,916,30,C,747.0,746.53,0.42,2.380952380952383,0.12906666666663114,0.017288878767984024,15:00-16:00
2026-07-31,2026-07-31 15:16:19-04:00,916,30,P,747.0,746.53,0.91,1.0989010989010999,0.11292051282055127,0.015126051574692413,15:00-16:00
2026-07-31,2026-07-31 15:21:20-04:00,921,15,C,748.0,747.635,0.5,2.0000000000000018,0.1818085106383478,0.024317816934513205,15:00-16:00
2026-07-31,2026-07-31 15:21:20-04:00,921,15,P,748.0,747.635,0.89,2.247191011235957,0.2272641509433697,0.030397741002410227,15:00-16:00
2026-07-31,2026-07-31 15:21:20-04:00,921,30,C,748.0,747.635,0.5,2.0000000000000018,0.45764705882356793,0.061212631675024304,15:00-16:00
2026-07-31,2026-07-31 15:21:20-04:00,921,30,P,748.0,747.635,0.89,2.247191011235957,0.32176470588228767,0.04303767291289034,15:00-16:00
2026-07-31,2026-07-31 15:26:20-04:00,926,15,C,748.0,747.56,0.4,2.500000000000002,0.1265957446809125,0.01693452628296224,15:00-16:00
2026-07-31,2026-07-31 15:26:20-04:00,926,15,P,748.0,747.56,0.86,1.1627906976744196,0.1307692307692605,0.01749280736920923,15:00-16:00
2026-07-31,2026-07-31 15:31:19-04:00,931,15,C,747.0,747.08,0.62,1.6129032258064528,-0.0042666666666946185,-0.0005711124199141482,15:00-16:00
2026-07-31,2026-07-31 15:31:19-04:00,931,15,P,747.0,747.08,0.54,1.8518518518518534,-0.042207692307670186,-0.005649688427968917,15:00-16:00
2026-07-31,2026-07-31 15:36:20-04:00,936,15,C,747.0,747.37,0.77,1.2987012987012998,0.11970588235294599,0.016016950419865124,15:00-16:00
2026-07-31,2026-07-31 15:36:20-04:00,936,15,P,747.0,747.37,0.39,2.5641025641025665,0.23370967741936965,0.031270947110449934,15:00-16:00
2026-08-05,2026-08-05 09:32:04-04:00,572,15,C,776.0,776.051,2.5,0.39999999999999153,0.010936734693814287,0.0014092804073204321,09:30-10:00
2026-08-05,2026-08-05 09:32:04-04:00,572,15,P,776.0,776.051,2.41,0.4149377593361091,0.020900000000096952,0.002693121972666352,09:30-10:00
2026-08-05,2026-08-05 09:32:04-04:00,572,30,C,776.0,776.051,2.5,0.39999999999999153,0.4962413793102769,0.06394442882107966,09:30-10:00
2026-08-05,2026-08-05 09:32:04-04:00,572,30,P,776.0,776.051,2.41,0.4149377593361091,0.39600000000007185,0.051027574218713956,09:30-10:00
2026-08-05,2026-08-05 09:32:04-04:00,572,60,C,776.0,776.051,2.5,0.39999999999999153,1.023915254237295,0.13193917078095319,09:30-10:00
2026-08-05,2026-08-05 09:32:04-04:00,572,60,P,776.0,776.051,2.41,0.4149377593361091,1.03942105263161,0.13393720936273645,09:30-10:00
2026-08-05,2026-08-05 09:37:04-04:00,577,15,C,776.0,775.615,2.32,0.8620689655172422,0.37000000000000455,0.04770407998813903,09:30-10:00
2026-08-05,2026-08-05 09:37:04-04:00,577,15,P,776.0,775.615,2.66,0.7518796992481209,0.26970588235292325,0.03477316482441975,09:30-10:00
2026-08-05,2026-08-05 09:37:04-04:00,577,30,C,776.0,775.615,2.32,0.8620689655172422,0.6777272727272248,0.0873793406170877,09:30-10:00
2026-08-05,2026-08-05 09:37:04-04:00,577,30,P,776.0,775.615,2.66,0.7518796992481209,0.5180769230769329,0.06679562967154232,09:30-10:00
2026-08-05,2026-08-05 09:37:04-04:00,577,60,C,776.0,775.615,2.32,0.8620689655172422,1.0736885245901249,0.13843060340376667,09:30-10:00
2026-08-05,2026-08-05 09:37:04-04:00,577,60,P,776.0,775.615,2.66,0.7518796992481209,0.9769298245614664,0.12595550944237366,09:30-10:00
2026-08-05,2026-08-05 09:42:04-04:00,582,15,C,776.0,776.36,2.73,0.3663003663003585,0.39999999999997726,0.051522489566692926,09:30-10:00
2026-08-05,2026-08-05 09:42:04-04:00,582,15,P,776.0,776.36,2.35,0.8510638297872347,0.4872340425532684,0.06275877718497455,09:30-10:00
2026-08-05,2026-08-05 09:42:04-04:00,582,30,C,776.0,776.36,2.73,0.3663003663003585,0.7862499999999955,0.10127389355453598,09:30-10:00
2026-08-05,2026-08-05 09:42:04-04:00,582,30,P,776.0,776.36,2.35,0.8510638297872347,0.8983018867924102,0.1157068739750129,09:30-10:00
2026-08-05,2026-08-05 09:42:04-04:00,582,60,C,776.0,776.36,2.73,0.3663003663003585,1.112985074626863,0.1433594047383769,09:30-10:00
2026-08-05,2026-08-05 09:42:04-04:00,582,60,P,776.0,776.36,2.35,0.8510638297872347,1.3066666666666151,0.16830679925119985,09:30-10:00
2026-08-05,2026-08-05 09:47:04-04:00,587,15,C,775.0,775.4701,2.72,0.7352941176470594,0.45645172413787805,0.05886129254214676,09:30-10:00
2026-08-05,2026-08-05 09:47:04-04:00,587,15,P,775.0,775.4701,2.2,0.454545454545465,0.37760000000002947,0.04869304438688603,09:30-10:00
2026-08-05,2026-08-05 09:47:04-04:00,587,30,C,775.0,775.4701,2.72,0.7352941176470594,0.7730249999999614,0.09968469448402477,09:30-10:00
2026-08-05,2026-08-05 09:47:04-04:00,587,30,P,775.0,775.4701,2.2,0.454545454545465,0.8884333333334098,0.11456706497560767,09:30-10:00
2026-08-05,2026-08-05 09:47:04-04:00,587,60,C,775.0,775.4701,2.72,0.7352941176470594,1.0403347826087384,0.13415537009212067,09:30-10:00
2026-08-05,2026-08-05 09:47:04-04:00,587,60,P,775.0,775.4701,2.2,0.454545454545465,1.2969965517241917,0.16725294137377983,09:30-10:00
2026-08-05,2026-08-05 09:52:04-04:00,592,15,C,775.0,775.11,2.39,0.4184100418410139,0.30999999999994543,0.039994323386351026,09:30-10:00
2026-08-05,2026-08-05 09:52:04-04:00,592,15,P,775.0,775.11,2.28,0.4385964912280609,0.28230769230776787,0.036421629485849476,09:30-10:00
2026-08-05,2026-08-05 09:52:04-04:00,592,30,C,775.0,775.11,2.39,0.4184100418410139,0.6770491803277991,0.0873487866661247,09:30-10:00
2026-08-05,2026-08-05 09:52:04-04:00,592,30,P,775.0,775.11,2.28,0.4385964912280609,0.7701754385965387,0.0993633727595488,09:30-10:00
2026-08-05,2026-08-05 09:52:04-04:00,592,60,C,775.0,775.11,2.39,0.4184100418410139,0.8823076923076769,0.11382999733040174,09:30-10:00
2026-08-05,2026-08-05 09:52:04-04:00,592,60,P,775.0,775.11,2.28,0.4385964912280609,0.9835849056604502,0.12689617030620817,09:30-10:00
2026-08-05,2026-08-05 09:57:04-04:00,597,15,C,776.0,775.66,2.15,0.46511627906975755,0.45727272727276613,0.05895272764777946,09:30-10:00
2026-08-05,2026-08-05 09:57:04-04:00,597,15,P,776.0,775.66,2.47,0.8097165991902842,0.4247169811320646,0.054755560571908383,09:30-10:00
2026-08-05,2026-08-05 09:57:04-04:00,597,30,C,776.0,775.66,2.15,0.46511627906975755,0.7766666666667561,0.10012978194914733,09:30-10:00
2026-08-05,2026-08-05 09:57:04-04:00,597,30,P,776.0,775.66,2.47,0.8097165991902842,0.711052631578923,0.09167065873951512,09:30-10:00
2026-08-05,2026-08-05 09:57:04-04:00,597,60,C,776.0,775.66,2.15,0.46511627906975755,0.9199999999999591,0.11860866874661051,09:30-10:00
2026-08-05,2026-08-05 09:57:04-04:00,597,60,P,776.0,775.66,2.47,0.8097165991902842,0.896666666666647,0.11560047787260487,09:30-10:00
2026-08-05,2026-08-05 10:02:05-04:00,602,15,C,776.0,775.53,1.99,1.0050251256281415,0.43954545454539584,0.05667678291560557,10:00-10:30
2026-08-05,2026-08-05 10:02:05-04:00,602,15,P,776.0,775.53,2.49,0.8032128514056232,0.48537037037033315,0.06258563438813884,10:00-10:30
2026-08-05,2026-08-05 10:02:05-04:00,602,30,C,776.0,775.53,1.99,1.0050251256281415,0.6648148148148039,0.08572393264152307,10:00-10:30
2026-08-05,2026-08-05 10:02:05-04:00,602,30,P,776.0,775.53,2.49,0.8032128514056232,0.6587719298245247,0.0849447384143134,10:00-10:30
2026-08-05,2026-08-05 10:02:05-04:00,602,60,C,776.0,775.53,1.99,1.0050251256281415,0.84925925925927,0.10950695127967583,10:00-10:30
2026-08-05,2026-08-05 10:02:05-04:00,602,60,P,776.0,775.53,2.49,0.8032128514056232,0.838571428571413,0.10812881881699136,10:00-10:30
2026-08-05,2026-08-05 10:07:05-04:00,607,15,C,776.0,776.02,2.18,0.45871559633028575,0.4227868852458414,0.05448144187596214,10:00-10:30
2026-08-05,2026-08-05 10:07:05-04:00,607,15,P,776.0,776.02,2.19,0.4566210045662003,0.5058333333333849,0.06518302792884009,10:00-10:30
2026-08-05,2026-08-05 10:07:05-04:00,607,30,C,776.0,776.02,2.18,0.45871559633028575,0.43918032786882577,0.05659394446906339,10:00-10:30
2026-08-05,2026-08-05 10:07:05-04:00,607,30,P,776.0,776.02,2.19,0.4566210045662003,0.5475000000000136,0.07055230535295658,10:00-10:30
2026-08-05,2026-08-05 10:07:05-04:00,607,60,C,776.0,776.02,2.18,0.45871559633028575,0.6428571428571104,0.08284028025786841,10:00-10:30
2026-08-05,2026-08-05 10:07:05-04:00,607,60,P,776.0,776.02,2.19,0.4566210045662003,0.8571428571428896,0.11045370701050097,10:00-10:30
2026-08-05,2026-08-05 10:12:05-04:00,612,15,C,776.0,775.99,2.09,0.47846889952152094,0.3407843137255213,0.043916070274812986,10:00-10:30
2026-08-05,2026-08-05 10:12:05-04:00,612,15,P,776.0,775.99,2.08,0.4807692307692419,0.31387755102036863,0.04044865926369781,10:00-10:30
2026-08-05,2026-08-05 10:12:05-04:00,612,30,C,776.0,775.99,2.09,0.47846889952152094,0.44206896551725094,0.056968384324186,10:00-10:30
2026-08-05,2026-08-05 10:12:05-04:00,612,30,P,776.0,775.99,2.08,0.4807692307692419,0.41019607843134054,0.052861000583943156,10:00-10:30
2026-08-05,2026-08-05 10:12:05-04:00,612,60,C,776.0,775.99,2.09,0.47846889952152094,0.6174193548386029,0.07956537517733513,10:00-10:30
2026-08-05,2026-08-05 10:12:05-04:00,612,60,P,776.0,775.99,2.08,0.4807692307692419,0.7178947368421404,0.09251340053894257,10:00-10:30
2026-08-05,2026-08-05 10:17:05-04:00,617,15,C,776.0,775.915,1.97,0.5076142131979701,0.24277777777786014,0.03128922340434972,10:00-10:30
2026-08-05,2026-08-05 10:17:05-04:00,617,15,P,776.0,775.915,2.04,0.980392156862746,0.20166666666659694,0.025990819441123955,10:00-10:30
2026-08-05,2026-08-05 10:17:05-04:00,617,30,C,776.0,775.915,1.97,0.5076142131979701,0.36884615384622066,0.04753692786532296,10:00-10:30
2026-08-05,2026-08-05 10:17:05-04:00,617,30,P,776.0,775.915,2.04,0.980392156862746,0.45166666666659694,0.05821084354170199,10:00-10:30
2026-08-05,2026-08-05 10:17:05-04:00,617,60,C,776.0,775.915,1.97,0.5076142131979701,0.5750000000000455,0.07410605543133532,10:00-10:30
2026-08-05,2026-08-05 10:17:05-04:00,617,60,P,776.0,775.915,2.04,0.980392156862746,0.6214285714285097,0.08008977419285743,10:00-10:30
2026-08-05,2026-08-05 10:22:05-04:00,622,15,C,775.0,775.41,2.18,0.9174311926605512,0.04918032786883941,0.006342493373678366,10:00-10:30
2026-08-05,2026-08-05 10:22:05-04:00,622,15,P,775.0,775.41,1.77,0.56497175141243,0.0625,0.008060251995718394,10:00-10:30
2026-08-05,2026-08-05 10:22:05-04:00,622,30,C,775.0,775.41,2.18,0.9174311926605512,0.2268421052631311,0.029254472506561834,10:00-10:30
2026-08-05,2026-08-05 10:22:05-04:00,622,30,P,775.0,775.41,1.77,0.56497175141243,0.27744186046516006,0.03578002095216209,10:00-10:30
2026-08-05,2026-08-05 10:22:05-04:00,622,60,C,775.0,775.41,2.18,0.9174311926605512,0.36312500000008185,0.04683006409513443,10:00-10:30
2026-08-05,2026-08-05 10:22:05-04:00,622,60,P,775.0,775.41,1.77,0.56497175141243,0.5288888888887868,0.06820764355486605,10:00-10:30
2026-08-05,2026-08-05 10:27:05-04:00,627,15,C,775.0,775.37,2.13,0.9389671361502356,0.13103448275865048,0.016899606995195906,10:00-10:30
2026-08-05,2026-08-05 10:27:05-04:00,627,15,P,775.0,775.37,1.75,0.571428571428572,0.10487804878039242,0.013526193788822421,10:00-10:30
2026-08-05,2026-08-05 10:27:05-04:00,627,30,C,775.0,775.37,2.13,0.9389671361502356,0.17666666666661968,0.022784821010178324,10:00-10:30
2026-08-05,2026-08-05 10:27:05-04:00,627,30,P,775.0,775.37,1.75,0.571428571428572,0.23081632653065753,0.029768539733373428,10:00-10:30
2026-08-05,2026-08-05 10:27:05-04:00,627,60,C,775.0,775.37,2.13,0.9389671361502356,0.3079661016948876,0.039718599081069374,10:00-10:30
2026-08-05,2026-08-05 10:27:05-04:00,627,60,P,775.0,775.37,1.75,0.571428571428572,0.4900000000000091,0.063195635632022,10:00-10:30
2026-08-05,2026-08-05 10:32:06-04:00,632,15,C,774.0,774.38,2.1,0.47619047619048716,0.13114754098364756,0.01693581200233058,10:30-11:00
2026-08-05,2026-08-05 10:32:06-04:00,632,15,P,774.0,774.38,1.73,0.5780346820809253,0.27083333333337123,0.034974215931890186,10:30-11:00
2026-08-05,2026-08-05 10:32:06-04:00,632,30,C,774.0,774.38,2.1,0.47619047619048716,0.20296296296294258,0.026209737204336708,10:30-11:00
2026-08-05,2026-08-05 10:32:06-04:00,632,30,P,774.0,774.38,1.73,0.5780346820809253,0.2266666666666879,0.029270728410688278,10:30-11:00
2026-08-05,2026-08-05 10:32:06-04:00,632,60,C,774.0,774.38,2.1,0.47619047619048716,0.3664516129032336,0.04732193663359508,10:30-11:00
2026-08-05,2026-08-05 10:32:06-04:00,632,60,P,774.0,774.38,1.73,0.5780346820809253,0.4931914893616067,0.06368856238043424,10:30-11:00
2026-08-05,2026-08-05 10:37:06-04:00,637,15,C,774.0,774.41,2.17,0.9216589861751161,0.2092982456140362,0.027026800482178204,10:30-11:00
2026-08-05,2026-08-05 10:37:06-04:00,637,15,P,774.0,774.41,1.75,0.571428571428572,0.2309302325580802,0.029820151154824993,10:30-11:00
2026-08-05,2026-08-05 10:37:06-04:00,637,30,C,774.0,774.41,2.17,0.9216589861751161,0.23698412698411175,0.030601893955929257,10:30-11:00
2026-08-05,2026-08-05 10:37:06-04:00,637,30,P,774.0,774.41,1.75,0.571428571428572,0.3682608695652334,0.0475537337541139,10:30-11:00
2026-08-05,2026-08-05 10:37:06-04:00,637,60,C,774.0,774.41,2.17,0.9216589861751161,0.5273684210526426,0.06809938160052718,10:30-11:00
2026-08-05,2026-08-05 10:37:06-04:00,637,60,P,774.0,774.41,1.75,0.571428571428572,0.6123076923076951,0.07906763759606605,10:30-11:00
2026-08-05,2026-08-05 10:42:06-04:00,642,15,C,774.0,774.07,1.89,0.5291005291005296,0.06999999999993634,0.00904310979626343,10:30-11:00
2026-08-05,2026-08-05 10:42:06-04:00,642,15,P,774.0,774.07,1.84,0.5434782608695656,0.11448979591841635,0.014790625643471049,10:30-11:00
2026-08-05,2026-08-05 10:42:06-04:00,642,30,C,774.0,774.07,1.89,0.5291005291005296,0.19018867924523875,0.024569958691751232,10:30-11:00
2026-08-05,2026-08-05 10:42:06-04:00,642,30,P,774.0,774.07,1.84,0.5434782608695656,0.3208510638298776,0.0414498771209164,10:30-11:00
2026-08-05,2026-08-05 10:42:06-04:00,642,60,C,774.0,774.07,1.89,0.5291005291005296,0.41827586206886735,0.054035922083127796,10:30-11:00
2026-08-05,2026-08-05 10:42:06-04:00,642,60,P,774.0,774.07,1.84,0.5434782608695656,0.5201960784314679,0.06720271789779578,10:30-11:00
2026-08-05,2026-08-05 10:47:06-04:00,647,15,C,774.0,774.38,2.03,0.49261083743841316,0.07333333333338032,0.009469941544639624,10:30-11:00
2026-08-05,2026-08-05 10:47:06-04:00,647,15,P,774.0,774.38,1.61,0.6211180124223608,-0.03999999999996362,-0.005165422660704515,10:30-11:00
2026-08-05,2026-08-05 10:47:06-04:00,647,30,C,774.0,774.38,2.03,0.49261083743841316,0.20523809523808723,0.026503537699590282,10:30-11:00
2026-08-05,2026-08-05 10:47:06-04:00,647,30,P,774.0,774.38,1.61,0.6211180124223608,0.2091489361702088,0.027008566358920526,10:30-11:00
2026-08-05,2026-08-05 10:47:06-04:00,647,60,C,774.0,774.38,2.03,0.49261083743841316,0.4815151515151683,0.062180731877782,10:30-11:00
2026-08-05,2026-08-05 10:47:06-04:00,647,60,P,774.0,774.38,1.61,0.6211180124223608,0.5790909090908372,0.07478123261071272,10:30-11:00
2026-08-05,2026-08-05 10:52:06-04:00,652,15,C,774.0,773.9,1.77,0.56497175141243,0.027407407407395112,0.003541466262746493,10:30-11:00
2026-08-05,2026-08-05 10:52:06-04:00,652,15,P,774.0,773.9,1.88,0.5319148936170099,0.14086956521737193,0.018202553975626302,10:30-11:00
2026-08-05,2026-08-05 10:52:06-04:00,652,30,C,774.0,773.9,1.77,0.56497175141243,0.16090909090917194,0.02079197453277839,10:30-11:00
2026-08-05,2026-08-05 10:52:06-04:00,652,30,P,774.0,773.9,1.88,0.5319148936170099,0.2633333333332075,0.03402679071368491,10:30-11:00
2026-08-05,2026-08-05 10:52:06-04:00,652,60,C,774.0,773.9,1.77,0.56497175141243,0.5576190476190277,0.0720531137897697,10:30-11:00
2026-08-05,2026-08-05 10:52:06-04:00,652,60,P,774.0,773.9,1.88,0.5319148936170099,0.625593220338942,0.08083644144449438,10:30-11:00
2026-08-05,2026-08-05 10:57:06-04:00,657,15,C,773.0,773.18,1.92,0.5208333333333338,0.13679245283015007,0.017692187178942817,10:30-11:00
2026-08-05,2026-08-05 10:57:06-04:00,657,15,P,773.0,773.18,1.74,0.5747126436781614,0.2180851063830005,0.028206252927261508,10:30-11:00
2026-08-05,2026-08-05 10:57:06-04:00,657,30,C,773.0,773.18,1.92,0.5208333333333338,0.1420338983051579,0.01837009471341187,10:30-11:00
2026-08-05,2026-08-05 10:57:06-04:00,657,30,P,773.0,773.18,1.74,0.5747126436781614,0.2799999999999727,0.03621407692904275,10:30-11:00
2026-08-05,2026-08-05 10:57:06-04:00,657,60,C,773.0,773.18,1.92,0.5208333333333338,0.5461538461538566,0.07063734785610812,10:30-11:00
2026-08-05,2026-08-05 10:57:06-04:00,657,60,P,773.0,773.18,1.74,0.5747126436781614,0.7000000000000455,0.09053519232262157,10:30-11:00
2026-08-05,2026-08-05 11:02:07-04:00,662,15,C,774.0,773.62,1.59,0.6289308176100634,0.1530188679245157,0.019779590486868965,11:00-12:00
2026-08-05,2026-08-05 11:02:07-04:00,662,15,P,774.0,773.62,1.99,1.0050251256281415,0.23714285714288508,0.030653661635284126,11:00-12:00
2026-08-05,2026-08-05 11:02:07-04:00,662,30,C,774.0,773.62,1.59,0.6289308176100634,0.2162264150944111,0.02794995153879309,11:00-12:00
2026-08-05,2026-08-05 11:02:07-04:00,662,30,P,774.0,773.62,1.99,1.0050251256281415,0.2677192982455381,0.03460604666962308,11:00-12:00
2026-08-05,2026-08-05 11:02:07-04:00,662,60,C,774.0,773.62,1.59,0.6289308176100634,0.5023529411764684,0.0649353611820362,11:00-12:00
2026-08-05,2026-08-05 11:02:07-04:00,662,60,P,774.0,773.62,1.99,1.0050251256281415,0.5966666666666924,0.07712658238756656,11:00-12:00
2026-08-05,2026-08-05 11:07:07-04:00,667,15,C,774.0,773.52,1.57,1.2738853503184724,0.17727272727279342,0.02291766564184422,11:00-12:00
2026-08-05,2026-08-05 11:07:07-04:00,667,15,P,774.0,773.52,2.0,0.5000000000000004,0.11363636363626028,0.014690811308855656,11:00-12:00
2026-08-05,2026-08-05 11:07:07-04:00,667,30,C,774.0,773.52,1.57,1.2738853503184724,0.34234042553191557,0.04425747563500822,11:00-12:00
2026-08-05,2026-08-05 11:07:07-04:00,667,30,P,774.0,773.52,2.0,0.5000000000000004,0.2030769230768783,0.026253609871351523,11:00-12:00
2026-08-05,2026-08-05 11:07:07-04:00,667,60,C,774.0,773.52,1.57,1.2738853503184724,0.4967666666666446,0.06422156720791247,11:00-12:00
2026-08-05,2026-08-05 11:07:07-04:00,667,60,P,774.0,773.52,2.0,0.5000000000000004,0.44108644067796376,0.05702327550392541,11:00-12:00
2026-08-05,2026-08-05 11:12:07-04:00,672,15,C,773.0,773.43,1.99,0.5025125628140708,0.010677966101752645,0.0013805989038119346,11:00-12:00
2026-08-05,2026-08-05 11:12:07-04:00,672,15,P,773.0,773.43,1.53,0.6535947712418306,0.03975609756093945,0.005140232155584791,11:00-12:00
2026-08-05,2026-08-05 11:12:07-04:00,672,30,C,773.0,773.43,1.99,0.5025125628140708,0.23068965517245488,0.02982683050469401,11:00-12:00
2026-08-05,2026-08-05 11:12:07-04:00,672,30,P,773.0,773.43,1.53,0.6535947712418306,0.24365853658537162,0.03150363143211042,11:00-12:00
2026-08-05,2026-08-05 11:12:07-04:00,672,60,C,773.0,773.43,1.99,0.5025125628140708,0.37000000000000455,0.047838847730241205,11:00-12:00
2026-08-05,2026-08-05 11:12:07-04:00,672,60,P,773.0,773.43,1.53,0.6535947712418306,0.43612244897963137,0.05638809575263842,11:00-12:00
2026-08-05,2026-08-05 11:17:07-04:00,677,15,C,772.0,772.49,1.99,1.0050251256281415,0.07903225806455794,0.010230845456194635,11:00-12:00
2026-08-05,2026-08-05 11:17:07-04:00,677,15,P,772.0,772.49,1.47,0.680272108843538,0.049999999999954525,0.006472575696766888,11:00-12:00
2026-08-05,2026-08-05 11:17:07-04:00,677,30,C,772.0,772.49,1.99,1.0050251256281415,0.3109090909091492,0.04024765251448552,11:00-12:00
2026-08-05,2026-08-05 11:17:07-04:00,677,30,P,772.0,772.49,1.47,0.680272108843538,0.37090909090909463,0.048014743350605786,11:00-12:00
2026-08-05,2026-08-05 11:17:07-04:00,677,60,C,772.0,772.49,1.99,1.0050251256281415,0.3307692307691923,0.04281857768633798,11:00-12:00
2026-08-05,2026-08-05 11:17:07-04:00,677,60,P,772.0,772.49,1.47,0.680272108843538,0.40454545454554136,0.052369021546627315,11:00-12:00
2026-08-05,2026-08-05 11:22:07-04:00,682,15,C,773.0,772.57,1.51,0.6622516556291397,0.16468085106373564,0.02131597797788364,11:00-12:00
2026-08-05,2026-08-05 11:22:07-04:00,682,15,P,773.0,772.57,1.92,0.5208333333333338,0.09923076923075769,0.012844243140525477,11:00-12:00
2026-08-05,2026-08-05 11:22:07-04:00,682,30,C,773.0,772.57,1.51,0.6622516556291397,0.3976923076921821,0.05147654033837479,11:00-12:00
2026-08-05,2026-08-05 11:22:07-04:00,682,30,P,773.0,772.57,1.92,0.5208333333333338,0.36338983050859497,0.04703649255194933,11:00-12:00
2026-08-05,2026-08-05 11:22:07-04:00,682,60,C,773.0,772.57,1.51,0.6622516556291397,0.3738461538461024,0.04838993927360659,11:00-12:00
2026-08-05,2026-08-05 11:22:07-04:00,682,60,P,773.0,772.57,1.92,0.5208333333333338,0.470677966101789,0.06092366595930323,11:00-12:00
2026-08-05,2026-08-05 11:27:07-04:00,687,15,C,772.0,772.0,1.74,0.5747126436781614,0.22965517241379985,0.029748079328212416,11:00-12:00
2026-08-05,2026-08-05 11:27:07-04:00,687,15,P,772.0,772.0,1.7,0.5882352941176475,0.1756862745098715,0.022757289444283874,11:00-12:00
2026-08-05,2026-08-05 11:27:07-04:00,687,30,C,772.0,772.0,1.74,0.5747126436781614,0.4121428571428396,0.05338638045891705,11:00-12:00
2026-08-05,2026-08-05 11:27:07-04:00,687,30,P,772.0,772.0,1.7,0.5882352941176475,0.44727272727277523,0.05793688177108487,11:00-12:00
2026-08-05,2026-08-05 11:27:07-04:00,687,60,C,772.0,772.0,1.74,0.5747126436781614,0.4247169811320646,0.05501515299638142,11:00-12:00
2026-08-05,2026-08-05 11:27:07-04:00,687,60,P,772.0,772.0,1.7,0.5882352941176475,0.4334482758621334,0.05614614972307427,11:00-12:00
2026-08-05,2026-08-05 11:32:07-04:00,692,15,C,772.0,772.44,1.92,0.5208333333333338,0.25214285714287143,0.03264238738838893,11:00-12:00
2026-08-05,2026-08-05 11:32:07-04:00,692,15,P,772.0,772.44,1.48,0.6756756756756763,0.34363636363639216,0.044487126978974695,11:00-12:00
2026-08-05,2026-08-05 11:32:07-04:00,692,30,C,772.0,772.44,1.92,0.5208333333333338,0.24262295081962293,0.03140994133131673,11:00-12:00
2026-08-05,2026-08-05 11:32:07-04:00,692,30,P,772.0,772.44,1.48,0.6756756756756763,0.44000000000005457,0.05696235306302814,11:00-12:00
2026-08-05,2026-08-05 11:32:07-04:00,692,60,C,772.0,772.44,1.92,0.5208333333333338,0.3054761904760426,0.03954691503237048,11:00-12:00
2026-08-05,2026-08-05 11:32:07-04:00,692,60,P,772.0,772.44,1.48,0.6756756756756763,0.42666666666673336,0.05523622115202907,11:00-12:00
2026-08-05,2026-08-05 11:37:08-04:00,697,15,C,772.0,771.99,1.64,0.6097560975609762,0.22769230769222304,0.02949420428920362,11:00-12:00
2026-08-05,2026-08-05 11:37:08-04:00,697,15,P,772.0,771.99,1.66,0.6024096385542175,0.28833333333341216,0.03734936117480954,11:00-12:00
2026-08-05,2026-08-05 11:37:08-04:00,697,30,C,772.0,771.99,1.64,0.6097560975609762,0.16402156862739048,0.021246592394641186,11:00-12:00
2026-08-05,2026-08-05 11:37:08-04:00,697,30,P,772.0,771.99,1.66,0.6024096385542175,0.2725530612244711,0.035305257998739764,11:00-12:00
2026-08-05,2026-08-05 11:37:08-04:00,697,60,C,772.0,771.99,1.64,0.6097560975609762,0.3607692307692787,0.046732370985282025,11:00-12:00
2026-08-05,2026-08-05 11:37:08-04:00,697,60,P,772.0,771.99,1.66,0.6024096385542175,0.4208474576271328,0.054514625529752045,11:00-12:00
2026-08-05,2026-08-05 11:43:07-04:00,703,15,C,772.0,772.04,1.64,0.6097560975609762,0.19357142857143117,0.025072720140333554,11:00-12:00
2026-08-05,2026-08-05 11:43:07-04:00,703,15,P,772.0,772.04,1.6,0.6250000000000006,0.2918181818181438,0.03779832415653901,11:00-12:00
2026-08-05,2026-08-05 11:43:07-04:00,703,30,C,772.0,772.04,1.64,0.6097560975609762,0.16196078431369187,0.020978289248444627,11:00-12:00
2026-08-05,2026-08-05 11:43:07-04:00,703,30,P,772.0,772.04,1.6,0.6250000000000006,0.1889795918367554,0.02447795345276869,11:00-12:00
2026-08-05,2026-08-05 11:43:07-04:00,703,60,C,772.0,772.04,1.64,0.6097560975609762,0.37777777777785104,0.0489324099499833,11:00-12:00
2026-08-05,2026-08-05 11:43:07-04:00,703,60,P,772.0,772.04,1.6,0.6250000000000006,0.486206896551721,0.06297690489504702,11:00-12:00
2026-08-05,2026-08-05 11:48:08-04:00,708,15,C,772.0,771.71,1.38,0.7246376811594049,0.0005882352941171121,7.622491533310596e-05,11:00-12:00
2026-08-05,2026-08-05 11:48:08-04:00,708,15,P,772.0,771.71,1.66,0.6024096385542175,0.07000000000005002,0.009070764924654341,11:00-12:00
2026-08-05,2026-08-05 11:48:08-04:00,708,30,C,772.0,771.71,1.38,0.7246376811594049,0.01333333333320752,0.00172776474753567,11:00-12:00
2026-08-05,2026-08-05 11:48:08-04:00,708,30,P,772.0,771.71,1.66,0.6024096385542175,0.027142857142962384,0.003517235378958726,11:00-12:00
2026-08-05,2026-08-05 11:48:08-04:00,708,60,C,772.0,771.71,1.38,0.7246376811594049,0.5285185185184673,0.06848667485434519,11:00-12:00
2026-08-05,2026-08-05 11:48:08-04:00,708,60,P,772.0,771.71,1.66,0.6024096385542175,0.4984745762711782,0.06459351003241867,11:00-12:00
2026-08-05,2026-08-05 11:53:08-04:00,713,15,C,771.0,771.41,1.75,0.571428571428572,-0.04402698412695827,-0.005707339044990118,11:00-12:00
2026-08-05,2026-08-05 11:53:08-04:00,713,15,P,771.0,771.41,1.33,0.7518796992481209,0.0058459459459072605,0.0007578260517632985,11:00-12:00
2026-08-05,2026-08-05 11:53:08-04:00,713,30,C,771.0,771.41,1.75,0.571428571428572,-0.0046153846153629274,-0.0005983050019267222,11:00-12:00
2026-08-05,2026-08-05 11:53:08-04:00,713,30,P,771.0,771.41,1.33,0.7518796992481209,0.16787234042556065,0.021761753208483253,11:00-12:00
2026-08-05,2026-08-05 11:53:08-04:00,713,60,C,771.0,771.41,1.75,0.571428571428572,0.4717647058823786,0.061156156373702523,11:00-12:00
2026-08-05,2026-08-05 11:53:08-04:00,713,60,P,771.0,771.41,1.33,0.7518796992481209,0.6233333333332212,0.08080441442724635,11:00-12:00
2026-08-05,2026-08-05 11:58:08-04:00,718,15,C,771.0,770.68,1.34,0.7462686567164185,-0.06627450980386129,-0.008599484845053887,11:00-12:00
2026-08-05,2026-08-05 11:58:08-04:00,718,15,P,771.0,770.68,1.64,0.6097560975609762,-0.08938775510205232,-0.011598556482853108,11:00-12:00
2026-08-05,2026-08-05 11:58:08-04:00,718,30,C,771.0,770.68,1.34,0.7462686567164185,-0.009999999999990905,-0.0012975554056146397,11:00-12:00
2026-08-05,2026-08-05 11:58:08-04:00,718,30,P,771.0,770.68,1.64,0.6097560975609762,0.009999999999990905,0.0012975554056146397,11:00-12:00
2026-08-05,2026-08-05 11:58:08-04:00,718,60,C,771.0,770.68,1.34,0.7462686567164185,0.5533333333333985,0.07179806577741717,11:00-12:00
2026-08-05,2026-08-05 11:58:08-04:00,718,60,P,771.0,770.68,1.64,0.6097560975609762,0.4929629629629062,0.063964675736091,11:00-12:00
2026-08-05,2026-08-05 12:03:08-04:00,723,15,C,770.0,770.24,1.66,0.6024096385542175,-0.003571428571490287,-0.00046367736958484196,12:00-13:00
2026-08-05,2026-08-05 12:03:08-04:00,723,15,P,770.0,770.24,1.37,0.7299270072992706,-0.07272727272720658,-0.009442157344101395,12:00-13:00
2026-08-05,2026-08-05 12:03:08-04:00,723,30,C,770.0,770.24,1.66,0.6024096385542175,0.03499999999996817,0.004544038221848796,12:00-13:00
2026-08-05,2026-08-05 12:03:08-04:00,723,30,P,770.0,770.24,1.37,0.7299270072992706,-0.002499999999940883,-0.00032457415869610546,12:00-13:00
2026-08-05,2026-08-05 12:03:08-04:00,723,60,C,770.0,770.24,1.66,0.6024096385542175,0.48746031746031804,0.06328680897646421,12:00-13:00
2026-08-05,2026-08-05 12:03:08-04:00,723,60,P,770.0,770.24,1.37,0.7299270072992706,0.523877551020405,0.06801484615449796,12:00-13:00
2026-08-05,2026-08-05 12:08:08-04:00,728,15,C,770.0,770.3501,1.76,1.1363636363636374,0.07451538461532436,0.00967292463716489,12:00-13:00
2026-08-05,2026-08-05 12:08:08-04:00,728,15,P,770.0,770.3501,1.36,0.7352941176470594,0.17180212765958913,0.022301824541801078,12:00-13:00
2026-08-05,2026-08-05 12:08:08-04:00,728,30,C,770.0,770.3501,1.76,1.1363636363636374,0.2314384615384597,0.030043283117437085,12:00-13:00
2026-08-05,2026-08-05 12:08:08-04:00,728,30,P,770.0,770.3501,1.36,0.7352941176470594,0.1556319148936609,0.020202751306667047,12:00-13:00
2026-08-05,2026-08-05 12:08:08-04:00,728,60,C,770.0,770.3501,1.76,1.1363636363636374,0.6080249999999978,0.07892839891888088,12:00-13:00
2026-08-05,2026-08-05 12:08:08-04:00,728,60,P,770.0,770.3501,1.36,0.7352941176470594,0.6843857142856677,0.08884086784510935,12:00-13:00
2026-08-05,2026-08-05 12:13:09-04:00,733,15,C,770.0,770.3,1.7,0.5882352941176475,0.04924528301887676,0.006393000521728776,12:00-13:00
2026-08-05,2026-08-05 12:13:09-04:00,733,15,P,770.0,770.3,1.39,0.7194244604316554,0.08652173913037586,0.011232213310447341,12:00-13:00
2026-08-05,2026-08-05 12:13:09-04:00,733,30,C,770.0,770.3,1.7,0.5882352941176475,0.41158730158736034,0.053432078617079104,12:00-13:00
2026-08-05,2026-08-05 12:13:09-04:00,733,30,P,770.0,770.3,1.39,0.7194244604316554,0.481836734693843,0.06255182846862821,12:00-13:00
2026-08-05,2026-08-05 12:13:09-04:00,733,60,C,770.0,770.3,1.7,0.5882352941176475,0.6134328358209586,0.07963557520718664,12:00-13:00
2026-08-05,2026-08-05 12:13:09-04:00,733,60,P,770.0,770.3,1.39,0.7194244604316554,0.7491803278687712,0.09725825365036625,12:00-13:00
2026-08-05,2026-08-05 12:18:08-04:00,738,15,C,771.0,770.79,1.42,0.7042253521126767,0.0049999999999954525,0.000648685115270755,12:00-13:00
2026-08-05,2026-08-05 12:18:08-04:00,738,15,P,771.0,770.79,1.61,0.6211180124223608,0.04750000000001364,0.006162508595079548,12:00-13:00
2026-08-05,2026-08-05 12:18:08-04:00,738,30,C,771.0,770.79,1.42,0.7042253521126767,0.5225925925926731,0.06779960723318584,12:00-13:00
2026-08-05,2026-08-05 12:18:08-04:00,738,30,P,771.0,770.79,1.61,0.6211180124223608,0.49372881355930076,0.06405490646729989,12:00-13:00
2026-08-05,2026-08-05 12:18:08-04:00,738,60,C,771.0,770.79,1.42,0.7042253521126767,0.6715384615384892,0.0871234008664473,12:00-13:00
2026-08-05,2026-08-05 12:18:08-04:00,738,60,P,771.0,770.79,1.61,0.6211180124223608,0.6280952380951703,0.0814872063850297,12:00-13:00
2026-08-05,2026-08-05 12:23:09-04:00,743,15,C,772.0,771.54,1.31,0.7633587786259549,0.1761538461538521,0.022831459957209234,12:00-13:00
2026-08-05,2026-08-05 12:23:09-04:00,743,15,P,772.0,771.54,1.68,1.1904761904761916,0.004745762711877433,0.0006151026144953512,12:00-13:00
2026-08-05,2026-08-05 12:23:09-04:00,743,30,C,772.0,771.54,1.31,0.7633587786259549,0.6433333333333167,0.08338301751475188,12:00-13:00
2026-08-05,2026-08-05 12:23:09-04:00,743,30,P,772.0,771.54,1.68,1.1904761904761916,0.41941176470584196,0.054360339672063926,12:00-13:00
2026-08-05,2026-08-05 12:23:09-04:00,743,60,C,772.0,771.54,1.31,0.7633587786259549,0.7858064516129843,0.10184908774826767,12:00-13:00
2026-08-05,2026-08-05 12:23:09-04:00,743,60,P,772.0,771.54,1.68,1.1904761904761916,0.570434782608686,0.07393457015951033,12:00-13:00
2026-08-05,2026-08-05 12:28:09-04:00,748,15,C,772.0,771.67,1.35,0.7407407407407414,0.4199999999999591,0.0544274106807261,12:00-13:00
2026-08-05,2026-08-05 12:28:09-04:00,748,15,P,772.0,771.67,1.65,0.6060606060606066,0.3567741935484037,0.04623403702987076,12:00-13:00
2026-08-05,2026-08-05 12:28:09-04:00,748,30,C,772.0,771.67,1.35,0.7407407407407414,0.5800000000000409,0.07516166236863439,12:00-13:00
2026-08-05,2026-08-05 12:28:09-04:00,748,30,P,772.0,771.67,1.65,0.6060606060606066,0.5014814814815054,0.06498652033660832,12:00-13:00
2026-08-05,2026-08-05 12:28:09-04:00,748,60,C,772.0,771.67,1.35,0.7407407407407414,0.7933333333334076,0.10280733128583562,12:00-13:00
2026-08-05,2026-08-05 12:28:09-04:00,748,60,P,772.0,771.67,1.65,0.6060606060606066,0.6690322580644761,0.08669927016269599,12:00-13:00
2026-08-05,2026-08-05 12:33:09-04:00,753,15,C,772.0,771.555,1.31,0.7633587786259549,0.5538888888889915,0.07178864616119285,12:00-13:00
2026-08-05,2026-08-05 12:33:09-04:00,753,15,P,772.0,771.555,1.71,0.5847953216374274,0.42822033898301015,0.055500947953549665,12:00-13:00
2026-08-05,2026-08-05 12:33:09-04:00,753,30,C,772.0,771.555,1.31,0.7633587786259549,0.5608823529412348,0.0726950577653226,12:00-13:00
2026-08-05,2026-08-05 12:33:09-04:00,753,30,P,772.0,771.555,1.71,0.5847953216374274,0.4465873015873285,0.057881460373833175,12:00-13:00
2026-08-05,2026-08-05 12:33:09-04:00,753,60,C,772.0,771.555,1.31,0.7633587786259549,0.8703846153846371,0.1128091471618533,12:00-13:00
2026-08-05,2026-08-05 12:33:09-04:00,753,60,P,772.0,771.555,1.71,0.5847953216374274,0.6988461538461479,0.09057632363812664,12:00-13:00
2026-08-05,2026-08-05 12:38:09-04:00,758,15,C,772.0,771.62,1.27,0.7874015748031503,0.4865217391303531,0.06305198661651501,12:00-13:00
2026-08-05,2026-08-05 12:38:09-04:00,758,15,P,772.0,771.62,1.64,0.6097560975609762,0.4329629629629608,0.05611090471513968,12:00-13:00
2026-08-05,2026-08-05 12:38:09-04:00,758,30,C,772.0,771.62,1.27,0.7874015748031503,0.5247058823529187,0.06800055498210501,12:00-13:00
2026-08-05,2026-08-05 12:38:09-04:00,758,30,P,772.0,771.62,1.64,0.6097560975609762,0.4587500000000091,0.05945283948057452,12:00-13:00
2026-08-05,2026-08-05 12:38:09-04:00,758,60,C,772.0,771.62,1.27,0.7874015748031503,0.8090566037735698,0.10485168914408255,12:00-13:00
2026-08-05,2026-08-05 12:38:09-04:00,758,60,P,772.0,771.62,1.64,0.6097560975609762,0.6907936507935801,0.08952510961270835,12:00-13:00
2026-08-05,2026-08-05 12:43:08-04:00,763,15,C,772.0,771.64,1.23,0.8130081300813016,0.3795652173912458,0.049189417006796674,12:00-13:00
2026-08-05,2026-08-05 12:43:08-04:00,763,15,P,772.0,771.64,1.56,0.6410256410256416,0.3048148148147902,0.039502205019800715,12:00-13:00
2026-08-05,2026-08-05 12:43:08-04:00,763,30,C,772.0,771.64,1.23,0.8130081300813016,0.4694339622641337,0.06083587712717507,12:00-13:00
2026-08-05,2026-08-05 12:43:08-04:00,763,30,P,772.0,771.64,1.56,0.6410256410256416,0.36786885245896883,0.0476736369886176,12:00-13:00
2026-08-05,2026-08-05 12:43:08-04:00,763,60,C,772.0,771.64,1.23,0.8130081300813016,0.7828571428570967,0.10145367565925778,12:00-13:00
2026-08-05,2026-08-05 12:43:08-04:00,763,60,P,772.0,771.64,1.56,0.6410256410256416,0.6304918032786873,0.08170802489226676,12:00-13:00
2026-08-05,2026-08-05 12:48:07-04:00,768,15,C,771.0,771.41,1.52,0.6578947368421059,0.09523809523807358,0.012345976230289157,12:00-13:00
2026-08-05,2026-08-05 12:48:07-04:00,768,15,P,771.0,771.41,1.11,0.9009009009009016,0.16326530612241186,0.0211645306804957,12:00-13:00
2026-08-05,2026-08-05 12:48:07-04:00,768,30,C,771.0,771.41,1.52,0.6578947368421059,0.20538461538467345,0.026624572585871777,12:00-13:00
2026-08-05,2026-08-05 12:48:07-04:00,768,30,P,771.0,771.41,1.11,0.9009009009009016,0.29571428571432534,0.038334256195061686,12:00-13:00
2026-08-05,2026-08-05 12:48:07-04:00,768,60,C,771.0,771.41,1.52,0.6578947368421059,0.5227571428571309,0.06776644622925952,12:00-13:00
2026-08-05,2026-08-05 12:48:07-04:00,768,60,P,771.0,771.41,1.11,0.9009009009009016,0.7201000000000022,0.09334854357604934,12:00-13:00
2026-08-05,2026-08-05 12:53:08-04:00,773,15,C,772.0,771.72,1.11,0.9009009009009016,0.1109803921568755,0.014380914341584446,12:00-13:00
2026-08-05,2026-08-05 12:53:08-04:00,773,15,P,772.0,771.72,1.38,1.449275362318826,0.09510204081641405,0.01232338682636371,12:00-13:00
2026-08-05,2026-08-05 12:53:08-04:00,773,30,C,772.0,771.72,1.11,0.9009009009009016,0.24956521739125037,0.03233882980760514,12:00-13:00
2026-08-05,2026-08-05 12:53:08-04:00,773,30,P,772.0,771.72,1.38,1.449275362318826,0.22377358490564347,0.028996732611004442,12:00-13:00
2026-08-05,2026-08-05 12:53:08-04:00,773,60,C,772.0,771.72,1.11,0.9009009009009016,0.5796296296296077,0.0751087997757746,12:00-13:00
2026-08-05,2026-08-05 12:53:08-04:00,773,60,P,772.0,771.72,1.38,1.449275362318826,0.4961538461539021,0.06429195124577594,12:00-13:00
2026-08-05,2026-08-05 12:58:10-04:00,778,15,C,772.0,772.15,1.3,0.7692307692307698,0.09150943396230105,0.011851250917865834,12:00-13:00
2026-08-05,2026-08-05 12:58:10-04:00,778,15,P,772.0,772.15,1.13,0.8849557522123707,0.060638297872287694,0.007853175920778048,12:00-13:00
2026-08-05,2026-08-05 12:58:10-04:00,778,30,C,772.0,772.15,1.3,0.7692307692307698,0.22074074074077998,0.028587805574147508,12:00-13:00
2026-08-05,2026-08-05 12:58:10-04:00,778,30,P,772.0,772.15,1.13,0.8849557522123707,0.23739130434785238,0.030744195343890744,12:00-13:00
2026-08-05,2026-08-05 12:58:10-04:00,778,60,C,772.0,772.15,1.3,0.7692307692307698,0.5414814814815827,0.07012646266678531,12:00-13:00
2026-08-05,2026-08-05 12:58:10-04:00,778,60,P,772.0,772.15,1.13,0.8849557522123707,0.5828571428570513,0.07548496313631435,12:00-13:00
2026-08-05,2026-08-05 13:03:10-04:00,783,15,C,771.0,771.41,1.47,0.680272108843538,0.12846153846157904,0.016652822553710613,13:00-14:00
2026-08-05,2026-08-05 13:03:10-04:00,783,15,P,771.0,771.41,1.04,0.9615384615384623,0.15285714285710128,0.019815291849613212,13:00-14:00
2026-08-05,2026-08-05 13:03:10-04:00,783,30,C,771.0,771.41,1.47,0.680272108843538,0.2615384615384073,0.03390395010933321,13:00-14:00
2026-08-05,2026-08-05 13:03:10-04:00,783,30,P,771.0,771.41,1.04,0.9615384615384623,0.36734693877554037,0.04762019403113006,13:00-14:00
2026-08-05,2026-08-05 13:03:10-04:00,783,60,C,771.0,771.41,1.47,0.680272108843538,0.5486486486486228,0.0711228333374759,13:00-14:00
2026-08-05,2026-08-05 13:03:10-04:00,783,60,P,771.0,771.41,1.04,0.9615384615384623,0.745161290322585,0.09659730756959141,13:00-14:00
2026-08-05,2026-08-05 13:08:10-04:00,788,15,C,771.0,771.38,1.41,1.4184397163120581,0.10709677419356467,0.013883789337753723,13:00-14:00
2026-08-05,2026-08-05 13:08:10-04:00,788,15,P,771.0,771.38,1.02,0.980392156862746,0.17473684210528972,0.022652498393177126,13:00-14:00
2026-08-05,2026-08-05 13:08:10-04:00,788,30,C,771.0,771.38,1.41,1.4184397163120581,0.28823529411772597,0.037366187108523165,13:00-14:00
2026-08-05,2026-08-05 13:08:10-04:00,788,30,P,771.0,771.38,1.02,0.980392156862746,0.35319148936162037,0.045786964837255355,13:00-14:00
2026-08-05,2026-08-05 13:08:10-04:00,788,60,C,771.0,771.38,1.41,1.4184397163120581,0.49388888888893234,0.064026665053402,13:00-14:00
2026-08-05,2026-08-05 13:08:10-04:00,788,60,P,771.0,771.38,1.02,0.980392156862746,0.7243650793650431,0.09390508949739987,13:00-14:00
2026-08-05,2026-08-05 13:13:10-04:00,793,15,C,772.0,771.6,0.97,1.0309278350515474,0.15962962962964866,0.02068813240404985,13:00-14:00
2026-08-05,2026-08-05 13:13:10-04:00,793,15,P,772.0,771.6,1.37,0.7299270072992706,0.1474193548386893,0.01910567066338638,13:00-14:00
2026-08-05,2026-08-05 13:13:10-04:00,793,30,C,772.0,771.6,0.97,1.0309278350515474,0.3585714285713948,0.04647115455824194,13:00-14:00
2026-08-05,2026-08-05 13:13:10-04:00,793,30,P,772.0,771.6,1.37,0.7299270072992706,0.2790163934427028,0.0361607560190128,13:00-14:00
2026-08-05,2026-08-05 13:13:10-04:00,793,60,C,772.0,771.6,0.97,1.0309278350515474,0.6100000000000136,0.07905650596163992,13:00-14:00
2026-08-05,2026-08-05 13:13:10-04:00,793,60,P,772.0,771.6,1.37,0.7299270072992706,0.5222033898305654,0.06767799246119302,13:00-14:00
2026-08-05,2026-08-05 13:18:10-04:00,798,15,C,771.0,771.4,1.4,1.42857142857143,0.16384615384617973,0.021240102909797737,13:00-14:00
2026-08-05,2026-08-05 13:18:10-04:00,798,15,P,771.0,771.4,0.98,1.020408163265307,0.23489795918362688,0.030450863259479762,13:00-14:00
2026-08-05,2026-08-05 13:18:10-04:00,798,30,C,771.0,771.4,1.4,1.42857142857143,0.3613285714285439,0.04684062372680113,13:00-14:00
2026-08-05,2026-08-05 13:18:10-04:00,798,30,P,771.0,771.4,0.98,1.020408163265307,0.42121111111111986,0.054603462679688866,13:00-14:00
2026-08-05,2026-08-05 13:18:10-04:00,798,60,C,771.0,771.4,1.4,1.42857142857143,0.5184210526315383,0.06720521812698188,13:00-14:00
2026-08-05,2026-08-05 13:18:10-04:00,798,60,P,771.0,771.4,0.98,1.020408163265307,0.7269841269841208,0.0942421735784445,13:00-14:00
2026-08-05,2026-08-05 13:23:10-04:00,803,15,C,771.0,771.1,1.18,0.8474576271186449,0.1592452830188904,0.020651703153792035,13:00-14:00
2026-08-05,2026-08-05 13:23:10-04:00,803,15,P,771.0,771.1,1.07,0.9345794392523372,0.17957446808509303,0.02328809079044132,13:00-14:00
2026-08-05,2026-08-05 13:23:10-04:00,803,30,C,771.0,771.1,1.18,0.8474576271186449,0.32925925925917454,0.04269994284258521,13:00-14:00
2026-08-05,2026-08-05 13:23:10-04:00,803,30,P,771.0,771.1,1.07,0.9345794392523372,0.38555555555558385,0.0500007204714802,13:00-14:00
2026-08-05,2026-08-05 13:23:10-04:00,803,60,C,771.0,771.1,1.18,0.8474576271186449,0.5120175438595425,0.06640092645046589,13:00-14:00
2026-08-05,2026-08-05 13:23:10-04:00,803,60,P,771.0,771.1,1.07,0.9345794392523372,0.5918750000000728,0.07675722993127645,13:00-14:00
2026-08-05,2026-08-05 13:28:11-04:00,808,15,C,772.0,771.63,0.91,1.0989010989010999,0.22142857142853245,0.02869621080421088,13:00-14:00
2026-08-05,2026-08-05 13:28:11-04:00,808,15,P,772.0,771.63,1.27,0.7874015748031503,0.1450819672131729,0.018802012261468957,13:00-14:00
2026-08-05,2026-08-05 13:28:11-04:00,808,30,C,772.0,771.63,0.91,1.0989010989010999,0.33925925925927913,0.04396657196574513,13:00-14:00
2026-08-05,2026-08-05 13:28:11-04:00,808,30,P,772.0,771.63,1.27,0.7874015748031503,0.28507936507935483,0.03694508573789962,13:00-14:00
2026-08-05,2026-08-05 13:28:11-04:00,808,60,C,772.0,771.63,0.91,1.0989010989010999,0.5620689655172555,0.07284177203028078,13:00-14:00
2026-08-05,2026-08-05 13:28:11-04:00,808,60,P,772.0,771.63,1.27,0.7874015748031503,0.45079365079357103,0.05842095963007802,13:00-14:00
2026-08-05,2026-08-05 13:33:11-04:00,813,15,C,771.0,771.41,1.31,0.7633587786259549,0.2599999999999909,0.03370451510869588,13:00-14:00
2026-08-05,2026-08-05 13:33:11-04:00,813,15,P,771.0,771.41,0.87,1.1494252873563229,0.2511111111110722,0.032552223993864766,13:00-14:00
2026-08-05,2026-08-05 13:33:11-04:00,813,30,C,771.0,771.41,1.31,0.7633587786259549,0.3137931034482335,0.0406778630622151,13:00-14:00
2026-08-05,2026-08-05 13:33:11-04:00,813,30,P,771.0,771.41,0.87,1.1494252873563229,0.40952380952387557,0.053087697790264,13:00-14:00
2026-08-05,2026-08-05 13:33:11-04:00,813,60,C,771.0,771.41,1.31,0.7633587786259549,0.37529411764705856,0.0486504086863093,13:00-14:00
2026-08-05,2026-08-05 13:33:11-04:00,813,60,P,771.0,771.41,0.87,1.1494252873563229,0.5330769230769192,0.06910422772286064,13:00-14:00
2026-08-05,2026-08-05 13:38:11-04:00,818,15,C,772.0,771.58,0.83,1.204819277108435,0.201111111111004,0.026064842415692988,13:00-14:00
2026-08-05,2026-08-05 13:38:11-04:00,818,15,P,772.0,771.58,1.24,0.8064516129032264,0.1407692307693651,0.01824428196290276,13:00-14:00
2026-08-05,2026-08-05 13:38:11-04:00,818,30,C,772.0,771.58,0.83,1.204819277108435,0.2978571428570831,0.038603533380476826,13:00-14:00
2026-08-05,2026-08-05 13:38:11-04:00,818,30,P,772.0,771.58,1.24,0.8064516129032264,0.2735714285714721,0.035456003080882356,13:00-14:00
2026-08-05,2026-08-05 13:38:11-04:00,818,60,C,772.0,771.58,0.83,1.204819277108435,0.5453846153845916,0.07068413066494617,13:00-14:00
2026-08-05,2026-08-05 13:38:11-04:00,818,60,P,772.0,771.58,1.24,0.8064516129032264,0.3985714285714721,0.051656526681805134,13:00-14:00
2026-08-05,2026-08-05 13:43:11-04:00,823,15,C,772.0,771.78,0.88,1.1363636363636374,0.13370370370375895,0.01732406951511557,13:00-14:00
2026-08-05,2026-08-05 13:43:11-04:00,823,15,P,772.0,771.78,1.1,0.9090909090909097,0.16523809523800992,0.02140999964212728,13:00-14:00
2026-08-05,2026-08-05 13:43:11-04:00,823,30,C,772.0,771.78,0.88,1.1363636363636374,0.2799999999999727,0.03627976884604067,13:00-14:00
2026-08-05,2026-08-05 13:43:11-04:00,823,30,P,772.0,771.78,1.1,0.9090909090909097,0.24457627118647451,0.03168989494240256,13:00-14:00
2026-08-05,2026-08-05 13:43:11-04:00,823,60,C,772.0,771.78,0.88,1.1363636363636374,0.48924528301893133,0.06339180634622968,13:00-14:00
2026-08-05,2026-08-05 13:43:11-04:00,823,60,P,772.0,771.78,1.1,0.9090909090909097,0.4218840579709422,0.05466377179648892,13:00-14:00
2026-08-05,2026-08-05 13:48:10-04:00,828,15,C,772.0,771.6899,0.81,1.234567901234569,0.1718241379310257,0.022265956562477453,13:00-14:00
2026-08-05,2026-08-05 13:48:10-04:00,828,15,P,772.0,771.6899,1.12,0.8928571428571435,0.15409354838709532,0.019968325150697883,13:00-14:00
2026-08-05,2026-08-05 13:48:10-04:00,828,30,C,772.0,771.6899,0.81,1.234567901234569,0.2329070175438801,0.030181426184777087,13:00-14:00
2026-08-05,2026-08-05 13:48:10-04:00,828,30,P,772.0,771.6899,1.12,0.8928571428571435,0.23910634920639495,0.03098477111160778,13:00-14:00
2026-08-05,2026-08-05 13:48:10-04:00,828,60,C,772.0,771.6899,0.81,1.234567901234569,0.5099305084745538,0.06607971783413956,13:00-14:00
2026-08-05,2026-08-05 13:48:10-04:00,828,60,P,772.0,771.6899,1.12,0.8928571428571435,0.4029769230769489,0.052220059259159526,13:00-14:00
2026-08-05,2026-08-05 13:53:12-04:00,833,15,C,772.0,771.67,0.78,1.2820512820512833,0.16926829268300025,0.02193532114543785,13:00-14:00
2026-08-05,2026-08-05 13:53:12-04:00,833,15,P,772.0,771.67,1.1,0.9090909090909097,0.13457627118646087,0.017439614237492827,13:00-14:00
2026-08-05,2026-08-05 13:53:12-04:00,833,30,C,772.0,771.67,0.78,1.2820512820512833,0.2402631578946739,0.031135479919482924,13:00-14:00
2026-08-05,2026-08-05 13:53:12-04:00,833,30,P,772.0,771.67,1.1,0.9090909090909097,0.2087500000000091,0.027051718999055178,13:00-14:00
2026-08-05,2026-08-05 13:53:12-04:00,833,60,C,772.0,771.67,0.78,1.2820512820512833,0.478571428571513,0.06201762781649061,13:00-14:00
2026-08-05,2026-08-05 13:53:12-04:00,833,60,P,772.0,771.67,1.1,0.9090909090909097,0.38283582089547963,0.049611339159936194,13:00-14:00
2026-08-05,2026-08-05 13:58:12-04:00,838,15,C,772.0,771.71,0.78,1.2820512820512833,0.12926829268292295,0.01675088993053387,13:00-14:00
2026-08-05,2026-08-05 13:58:12-04:00,838,15,P,772.0,771.71,1.05,0.9523809523809532,0.08983050847461982,0.011640448934783767,13:00-14:00
2026-08-05,2026-08-05 13:58:12-04:00,838,30,C,772.0,771.71,0.78,1.2820512820512833,0.25793103448279453,0.03342331115092386,13:00-14:00
2026-08-05,2026-08-05 13:58:12-04:00,838,30,P,772.0,771.71,1.05,0.9523809523809532,0.18158730158734215,0.02353051037142737,13:00-14:00
2026-08-05,2026-08-05 13:58:12-04:00,838,60,C,772.0,771.71,0.78,1.2820512820512833,0.4540740740740148,0.05883998834717896,13:00-14:00
2026-08-05,2026-08-05 13:58:12-04:00,838,60,P,772.0,771.71,1.05,0.9523809523809532,0.37352112676057914,0.048401747646211545,13:00-14:00
2026-08-05,2026-08-05 14:03:11-04:00,843,15,C,772.0,771.81,0.79,1.2658227848101276,0.0777192982455972,0.010069744917220198,14:00-15:00
2026-08-05,2026-08-05 14:03:11-04:00,843,15,P,772.0,771.81,0.96,1.0416666666666676,0.10523809523806449,0.01363523344321329,14:00-15:00
2026-08-05,2026-08-05 14:03:11-04:00,843,30,C,772.0,771.81,0.79,1.2658227848101276,0.11000000000001364,0.014252212332052403,14:00-15:00
2026-08-05,2026-08-05 14:03:11-04:00,843,30,P,772.0,771.81,0.96,1.0416666666666676,0.10615384615380208,0.01375388322952567,14:00-15:00
2026-08-05,2026-08-05 14:03:11-04:00,843,60,C,772.0,771.81,0.79,1.2658227848101276,0.42000000000007276,0.054417537995111856,14:00-15:00
2026-08-05,2026-08-05 14:03:11-04:00,843,60,P,772.0,771.81,0.96,1.0416666666666676,0.41459459459451864,0.0537171835807412,14:00-15:00
2026-08-05,2026-08-05 14:08:11-04:00,848,15,C,772.0,771.735,0.76,1.3157894736842117,0.14017543859642956,0.018163675173010107,14:00-15:00
2026-08-05,2026-08-05 14:08:11-04:00,848,15,P,772.0,771.735,0.98,1.020408163265307,0.08625000000006366,0.011176116153869355,14:00-15:00
2026-08-05,2026-08-05 14:08:11-04:00,848,30,C,772.0,771.735,0.76,1.3157894736842117,0.2557692307692605,0.03314210587432998,14:00-15:00
2026-08-05,2026-08-05 14:08:11-04:00,848,30,P,772.0,771.735,0.98,1.020408163265307,0.16250000000002274,0.021056450724668795,14:00-15:00
2026-08-05,2026-08-05 14:08:11-04:00,848,60,C,772.0,771.735,0.76,1.3157894736842117,0.4928571428571331,0.06386352087920505,14:00-15:00
2026-08-05,2026-08-05 14:08:11-04:00,848,60,P,772.0,771.735,0.98,1.020408163265307,0.34894366197181625,0.04521547707073235,14:00-15:00
2026-08-05,2026-08-05 14:13:12-04:00,853,15,C,772.0,772.01,0.86,1.1627906976744196,0.0958620689655163,0.012417205601678255,14:00-15:00
2026-08-05,2026-08-05 14:13:12-04:00,853,15,P,772.0,772.01,0.83,1.204819277108435,0.10857142857139479,0.014063474381341538,14:00-15:00
2026-08-05,2026-08-05 14:13:12-04:00,853,30,C,772.0,772.01,0.86,1.1627906976744196,0.2215094339622965,0.0286925601951136,14:00-15:00
2026-08-05,2026-08-05 14:13:12-04:00,853,30,P,772.0,772.01,0.83,1.204819277108435,0.18086956521733555,0.023428396681045006,14:00-15:00
2026-08-05,2026-08-05 14:13:12-04:00,853,60,C,772.0,772.01,0.86,1.1627906976744196,0.4533333333333758,0.058721173732642816,14:00-15:00
2026-08-05,2026-08-05 14:13:12-04:00,853,60,P,772.0,772.01,0.83,1.204819277108435,0.4758904109588684,0.0616430371314968,14:00-15:00
2026-08-05,2026-08-05 14:18:12-04:00,858,15,C,772.0,771.8,0.75,1.3333333333333344,0.03999999999996362,0.005182689816009798,14:00-15:00
2026-08-05,2026-08-05 14:18:12-04:00,858,15,P,772.0,771.8,0.91,1.0989010989010999,-0.0,-0.0,14:00-15:00
2026-08-05,2026-08-05 14:18:12-04:00,858,30,C,772.0,771.8,0.75,1.3333333333333344,0.2981355932203087,0.03862860756935848,14:00-15:00
2026-08-05,2026-08-05 14:18:12-04:00,858,30,P,772.0,771.8,0.91,1.0989010989010999,0.19000000000005457,0.024617776626076,14:00-15:00
2026-08-05,2026-08-05 14:18:12-04:00,858,60,C,772.0,771.8,0.75,1.3333333333333344,0.4654172413793276,0.06030282992735522,14:00-15:00
2026-08-05,2026-08-05 14:18:12-04:00,858,60,P,772.0,771.8,0.91,1.0989010989010999,0.37691159420285203,0.04883539702032289,14:00-15:00
2026-08-05,2026-08-05 14:23:12-04:00,863,15,C,772.0,771.805,0.73,1.3698630136986314,0.12807692307694651,0.016594466617467694,14:00-15:00
2026-08-05,2026-08-05 14:23:12-04:00,863,15,P,772.0,771.805,0.89,1.1235955056179785,0.04499999999995907,0.005830488270995793,14:00-15:00
2026-08-05,2026-08-05 14:23:12-04:00,863,30,C,772.0,771.805,0.73,1.3698630136986314,0.25428571428574287,0.03294688610280354,14:00-15:00
2026-08-05,2026-08-05 14:23:12-04:00,863,30,P,772.0,771.805,0.89,1.1235955056179785,0.2044029850745801,0.02648376015633225,14:00-15:00
2026-08-05,2026-08-05 14:23:12-04:00,863,60,C,772.0,771.805,0.73,1.3698630136986314,0.45567796610180267,0.05904055637133766,14:00-15:00
2026-08-05,2026-08-05 14:23:12-04:00,863,60,P,772.0,771.805,0.89,1.1235955056179785,0.34731884057964635,0.04500085391771839,14:00-15:00
2026-08-05,2026-08-05 14:28:12-04:00,868,15,C,772.0,771.83,0.71,1.4084507042253533,0.11849056603773533,0.015351899516439544,14:00-15:00
2026-08-05,2026-08-05 14:28:12-04:00,868,15,P,772.0,771.83,0.87,1.1494252873563229,0.08782608695651106,0.011378941859802165,14:00-15:00
2026-08-05,2026-08-05 14:28:12-04:00,868,30,C,772.0,771.83,0.71,1.4084507042253533,0.20444444444444798,0.026488273900269223,14:00-15:00
2026-08-05,2026-08-05 14:28:12-04:00,868,30,P,772.0,771.83,0.87,1.1494252873563229,0.2400000000000091,0.031094930230751473,14:00-15:00
2026-08-05,2026-08-05 14:28:12-04:00,868,60,C,772.0,771.83,0.71,1.4084507042253533,0.428709677419306,0.055544572952503264,14:00-15:00
2026-08-05,2026-08-05 14:28:12-04:00,868,60,P,772.0,771.83,0.87,1.1494252873563229,0.3577611940298766,0.046352330698453875,14:00-15:00
2026-08-05,2026-08-05 14:33:13-04:00,873,15,C,771.0,771.3,0.99,1.010101010101011,0.20491525423733492,0.026567516431652397,14:00-15:00
2026-08-05,2026-08-05 14:33:13-04:00,873,15,P,771.0,771.3,0.66,1.5151515151515165,0.20428571428567466,0.02648589579744259,14:00-15:00
2026-08-05,2026-08-05 14:33:13-04:00,873,30,C,771.0,771.3,0.99,1.010101010101011,0.28210526315797324,0.036575296662514356,14:00-15:00
2026-08-05,2026-08-05 14:33:13-04:00,873,30,P,771.0,771.3,0.66,1.5151515151515165,0.3206382978722786,0.04157115232364562,14:00-15:00
2026-08-05,2026-08-05 14:33:13-04:00,873,60,C,771.0,771.3,0.99,1.010101010101011,0.4075000000000273,0.05283287955400328,14:00-15:00
2026-08-05,2026-08-05 14:33:13-04:00,873,60,P,771.0,771.3,0.66,1.5151515151515165,0.5422340425532184,0.07030131499458296,14:00-15:00
2026-08-05,2026-08-05 14:38:13-04:00,878,15,C,772.0,771.51,0.52,1.9230769230769247,0.14750000000003638,0.01911835232207442,14:00-15:00
2026-08-05,2026-08-05 14:38:13-04:00,878,15,P,772.0,771.51,1.02,0.980392156862746,0.10343283582085405,0.013406545063687322,14:00-15:00
2026-08-05,2026-08-05 14:38:13-04:00,878,30,C,772.0,771.51,0.52,1.9230769230769247,0.28928571428571104,0.03749604208444622,14:00-15:00
2026-08-05,2026-08-05 14:38:13-04:00,878,30,P,772.0,771.51,1.02,0.980392156862746,0.18028169014075957,0.023367382164944012,14:00-15:00
2026-08-05,2026-08-05 14:38:13-04:00,878,60,C,772.0,771.51,0.52,1.9230769230769247,0.41000000000008185,0.05314253865796708,14:00-15:00
2026-08-05,2026-08-05 14:38:13-04:00,878,60,P,772.0,771.51,1.02,0.980392156862746,0.3031645569619741,0.03929496143432672,14:00-15:00
2026-08-05,2026-08-05 14:43:13-04:00,883,15,C,772.0,771.59,0.53,1.8867924528301903,0.11111111111108585,0.014400278789394087,14:00-15:00
2026-08-05,2026-08-05 14:43:13-04:00,883,15,P,772.0,771.59,0.95,1.0526315789473695,0.11267605633804578,0.014603099617419325,14:00-15:00
2026-08-05,2026-08-05 14:43:13-04:00,883,30,C,772.0,771.59,0.53,1.8867924528301903,0.2622222222221353,0.03398465794296651,14:00-15:00
2026-08-05,2026-08-05 14:43:13-04:00,883,30,P,772.0,771.59,0.95,1.0526315789473695,0.2202739726027403,0.02854805953974783,14:00-15:00
2026-08-05,2026-08-05 14:43:13-04:00,883,60,C,772.0,771.59,0.53,1.8867924528301903,0.40999999999996817,0.05313702873287215,14:00-15:00
2026-08-05,2026-08-05 14:43:13-04:00,883,60,P,772.0,771.59,0.95,1.0526315789473695,0.3231645569620696,0.04188293743595298,14:00-15:00
2026-08-05,2026-08-05 14:48:14-04:00,888,15,C,772.0,771.81,0.59,1.6949152542372898,0.020000000000095497,0.0025913113331124888,14:00-15:00
2026-08-05,2026-08-05 14:48:14-04:00,888,15,P,772.0,771.81,0.79,1.2658227848101276,0.10723404255315927,0.013893839488107084,14:00-15:00
2026-08-05,2026-08-05 14:48:14-04:00,888,30,C,772.0,771.81,0.59,1.6949152542372898,0.17955517241387042,0.023264167659640383,14:00-15:00
2026-08-05,2026-08-05 14:48:14-04:00,888,30,P,772.0,771.81,0.79,1.2658227848101276,0.21299855072459195,0.027597277921326747,14:00-15:00
2026-08-05,2026-08-05 14:48:14-04:00,888,60,C,772.0,771.81,0.59,1.6949152542372898,0.30818181818187895,0.03992975190550511,14:00-15:00
2026-08-05,2026-08-05 14:48:14-04:00,888,60,P,772.0,771.81,0.79,1.2658227848101276,0.32818181818186076,0.042521063238602864,14:00-15:00
2026-08-05,2026-08-05 14:53:13-04:00,893,15,C,772.0,771.72,0.55,1.8181818181818195,0.13285714285711947,0.017215718506339017,14:00-15:00
2026-08-05,2026-08-05 14:53:13-04:00,893,15,P,772.0,771.72,0.82,1.2195121951219388,0.10859154929573833,0.014071366466560193,14:00-15:00
2026-08-05,2026-08-05 14:53:13-04:00,893,30,C,772.0,771.72,0.55,1.8181818181818195,0.2355932203389557,0.030528328971512423,14:00-15:00
2026-08-05,2026-08-05 14:53:13-04:00,893,30,P,772.0,771.72,0.82,1.2195121951219388,0.16086956521735374,0.02084558715821201,14:00-15:00
2026-08-05,2026-08-05 14:58:13-04:00,898,15,C,772.0,771.59,0.48,2.0833333333333353,0.16962962962963957,0.02198442561848126,14:00-15:00
2026-08-05,2026-08-05 14:58:13-04:00,898,15,P,772.0,771.59,0.89,2.247191011235957,0.13808219178088166,0.01789579851746156,14:00-15:00
2026-08-05,2026-08-05 14:58:13-04:00,898,30,C,772.0,771.59,0.48,2.0833333333333353,0.26939393939392176,0.034914130483018405,14:00-15:00
2026-08-05,2026-08-05 14:58:13-04:00,898,30,P,772.0,771.59,0.89,2.247191011235957,0.1476119402985887,0.019130877836492012,14:00-15:00
2026-08-05,2026-08-05 15:03:14-04:00,903,15,C,771.0,771.49,0.94,2.1276595744680753,0.10300344827578556,0.013351235696611174,15:00-16:00
2026-08-05,2026-08-05 15:03:14-04:00,903,15,P,771.0,771.49,0.43,2.325581395348839,0.1535146341464042,0.01989846066007391,15:00-16:00
2026-08-05,2026-08-05 15:03:14-04:00,903,30,C,771.0,771.49,0.94,2.1276595744680753,0.15499999999997272,0.020090992754277143,15:00-16:00
2026-08-05,2026-08-05 15:03:14-04:00,903,30,P,771.0,771.49,0.43,2.325581395348839,0.24287234042560613,0.03148094472068415,15:00-16:00
2026-08-05,2026-08-05 15:08:14-04:00,908,15,C,772.0,771.71,0.48,2.0833333333333353,0.12694915254235184,0.016450370287070512,15:00-16:00
2026-08-05,2026-08-05 15:08:14-04:00,908,15,P,772.0,771.71,0.77,2.5974025974025996,0.07840579710148177,0.010160007917673965,15:00-16:00
2026-08-05,2026-08-05 15:08:14-04:00,908,30,C,772.0,771.71,0.48,2.0833333333333353,0.12999999999999545,0.01684570628863115,15:00-16:00
2026-08-05,2026-08-05 15:08:14-04:00,908,30,P,772.0,771.71,0.77,2.5974025974025996,0.14999999999997726,0.01943735340995675,15:00-16:00
2026-08-05,2026-08-05 15:13:14-04:00,913,15,C,772.0,771.63,0.42,2.380952380952383,0.047575757575714306,0.0061656179225424495,15:00-16:00
2026-08-05,2026-08-05 15:13:14-04:00,913,15,P,772.0,771.63,0.78,2.5641025641025665,0.02343283582092681,0.0030367968872292176,15:00-16:00
2026-08-05,2026-08-05 15:13:14-04:00,913,30,C,772.0,771.63,0.42,2.380952380952383,0.14999999999997726,0.019439368609304623,15:00-16:00
2026-08-05,2026-08-05 15:13:14-04:00,913,30,P,772.0,771.63,0.78,2.5641025641025665,0.14797468354436205,0.019176896121763286,15:00-16:00
2026-08-05,2026-08-05 15:18:14-04:00,918,15,C,772.0,771.7999,0.49,2.040816326530614,0.03356153846152665,0.0043484766532784795,15:00-16:00
2026-08-05,2026-08-05 15:18:14-04:00,918,15,P,772.0,771.7999,0.66,1.5151515151515165,0.04213404255324349,0.0054591925385379676,15:00-16:00
2026-08-05,2026-08-05 15:18:14-04:00,918,30,C,772.0,771.7999,0.49,2.040816326530614,0.09100909090909681,0.011791798743313755,15:00-16:00
2026-08-05,2026-08-05 15:18:14-04:00,918,30,P,772.0,771.7999,0.66,1.5151515151515165,0.0817181818182462,0.010588001089174305,15:00-16:00
2026-08-05,2026-08-05 15:23:14-04:00,923,15,C,772.0,771.82,0.48,2.0833333333333353,0.01999999999998181,0.002591277759060637,15:00-16:00
2026-08-05,2026-08-05 15:23:14-04:00,923,15,P,772.0,771.82,0.65,1.5384615384615397,0.01999999999998181,0.002591277759060637,15:00-16:00
2026-08-05,2026-08-05 15:28:14-04:00,928,15,C,772.0,771.92,0.51,1.960784313725492,0.04000000000007731,0.005181884133080799,15:00-16:00
2026-08-05,2026-08-05 15:28:14-04:00,928,15,P,772.0,771.92,0.58,1.7241379310344844,0.04583333333334849,0.0059375755691455714,15:00-16:00
2026-08-05,2026-08-05 15:33:15-04:00,933,15,C,772.0,771.545,0.35,2.857142857142844,0.02772727272724751,0.003593733706685613,15:00-16:00
2026-08-05,2026-08-05 15:33:15-04:00,933,15,P,772.0,771.545,0.78,2.5641025641025665,0.04499999999995907,0.005832453064948781,15:00-16:00
2026-08-06,2026-08-06 09:50:05-04:00,590,15,C,771.0,771.385,1.87,1.0695187165775408,0.4149999999999636,0.05379933496243298,09:30-10:00
2026-08-06,2026-08-06 09:50:05-04:00,590,15,P,771.0,771.385,1.48,0.6756756756756763,0.5306521739130403,0.0687921302479359,09:30-10:00
2026-08-06,2026-08-06 09:50:05-04:00,590,30,C,771.0,771.385,1.87,1.0695187165775408,0.4149999999999636,0.05379933496243298,09:30-10:00
2026-08-06,2026-08-06 09:50:05-04:00,590,30,P,771.0,771.385,1.48,0.6756756756756763,0.5306521739130403,0.0687921302479359,09:30-10:00
2026-08-06,2026-08-06 09:50:05-04:00,590,60,C,771.0,771.385,1.87,1.0695187165775408,0.5954225352112417,0.07718876244822517,09:30-10:00
2026-08-06,2026-08-06 09:50:05-04:00,590,60,P,771.0,771.385,1.48,0.6756756756756763,0.7898148148148039,0.10238918501329476,09:30-10:00
2026-08-06,2026-08-06 10:22:05-04:00,622,15,C,772.0,771.55,1.19,0.8403361344537823,0.10528301886790814,0.013645650815618967,10:00-10:30
2026-08-06,2026-08-06 10:22:05-04:00,622,15,P,772.0,771.55,1.63,0.6134969325153244,0.13999999999998636,0.018145291944784703,10:00-10:30
2026-08-06,2026-08-06 10:22:05-04:00,622,30,C,772.0,771.55,1.19,0.8403361344537823,0.2947826086956411,0.038206546393058274,10:00-10:30
2026-08-06,2026-08-06 10:22:05-04:00,622,30,P,772.0,771.55,1.63,0.6134969325153244,0.2325925925925958,0.030146146405624498,10:00-10:30
2026-08-06,2026-08-06 10:22:05-04:00,622,60,C,772.0,771.55,1.19,0.8403361344537823,0.24551020408171098,0.03182038806061966,10:00-10:30
2026-08-06,2026-08-06 10:22:05-04:00,622,60,P,772.0,771.55,1.63,0.6134969325153244,0.27509803921566345,0.03565524453576093,10:00-10:30
2026-08-06,2026-08-06 10:27:06-04:00,627,15,C,770.0,770.4,1.65,0.6060606060606066,0.15000000000009095,0.01947040498443548,10:00-10:30
2026-08-06,2026-08-06 10:27:06-04:00,627,15,P,770.0,770.4,1.24,0.8064516129032264,0.1804347826086996,0.023420921937785517,10:00-10:30
2026-08-06,2026-08-06 10:27:06-04:00,627,30,C,770.0,770.4,1.65,0.6060606060606066,0.33245614035092785,0.04315370461460642,10:00-10:30
2026-08-06,2026-08-06 10:27:06-04:00,627,30,P,770.0,770.4,1.24,0.8064516129032264,0.4174418604651464,0.054185080538051204,10:00-10:30
2026-08-06,2026-08-06 10:27:06-04:00,627,60,C,770.0,770.4,1.65,0.6060606060606066,0.2290322580645352,0.02972900546009024,10:00-10:30
2026-08-06,2026-08-06 10:27:06-04:00,627,60,P,770.0,770.4,1.24,0.8064516129032264,0.39999999999997726,0.05192107995846019,10:00-10:30
2026-08-06,2026-08-06 10:32:06-04:00,632,15,C,770.0,770.33,1.6,1.250000000000001,0.12241379310341927,0.015891084743346263,10:30-11:00
2026-08-06,2026-08-06 10:32:06-04:00,632,15,P,770.0,770.33,1.26,0.7936507936507943,0.1214285714286234,0.015763188689084343,10:30-11:00
2026-08-06,2026-08-06 10:32:06-04:00,632,30,C,770.0,770.33,1.6,1.250000000000001,0.3107142857143117,0.04033521811617251,10:30-11:00
2026-08-06,2026-08-06 10:32:06-04:00,632,30,P,770.0,770.33,1.26,0.7936507936507943,0.3727272727272748,0.04838540271406732,10:30-11:00
2026-08-06,2026-08-06 10:32:06-04:00,632,60,C,770.0,770.33,1.6,1.250000000000001,0.2357627118643677,0.03060541740090191,10:30-11:00
2026-08-06,2026-08-06 10:32:06-04:00,632,60,P,770.0,770.33,1.26,0.7936507936507943,0.388048780487793,0.050374356507963215,10:30-11:00
2026-08-06,2026-08-06 10:37:06-04:00,637,15,C,770.0,770.41,1.6,0.6250000000000006,0.13333333333332575,0.01730680200585737,10:30-11:00
2026-08-06,2026-08-06 10:37:06-04:00,637,15,P,770.0,770.41,1.17,0.8547008547008554,0.14999999999997726,0.019470152256587697,10:30-11:00
2026-08-06,2026-08-06 10:37:06-04:00,637,30,C,770.0,770.41,1.6,0.6250000000000006,0.19457761194030354,0.025256371534676803,10:30-11:00
2026-08-06,2026-08-06 10:37:06-04:00,637,30,P,770.0,770.41,1.17,0.8547008547008554,0.3012043478261148,0.03909663008347696,10:30-11:00
2026-08-06,2026-08-06 10:37:06-04:00,637,60,C,770.0,770.41,1.6,0.6250000000000006,0.16212121212129205,0.021043497893497236,10:30-11:00
2026-08-06,2026-08-06 10:37:06-04:00,637,60,P,770.0,770.41,1.17,0.8547008547008554,0.22021276595739891,0.028583840546903456,10:30-11:00
2026-08-06,2026-08-06 10:42:06-04:00,642,15,C,770.0,770.35,1.53,0.6535947712418306,0.1719298245614027,0.022318403915285612,10:30-11:00
2026-08-06,2026-08-06 10:42:06-04:00,642,15,P,770.0,770.35,1.19,0.8403361344537823,0.2511627906976628,0.03260372437173529,10:30-11:00
2026-08-06,2026-08-06 10:42:06-04:00,642,30,C,770.0,770.35,1.53,0.6535947712418306,0.2412121212121292,0.03131201677317183,10:30-11:00
2026-08-06,2026-08-06 10:42:06-04:00,642,30,P,770.0,770.35,1.19,0.8403361344537823,0.3147826086956229,0.04086228450647406,10:30-11:00
2026-08-06,2026-08-06 10:42:06-04:00,642,60,C,770.0,770.35,1.53,0.6535947712418306,0.17071428571432534,0.02216061345029212,10:30-11:00
2026-08-06,2026-08-06 10:42:06-04:00,642,60,P,770.0,770.35,1.19,0.8403361344537823,0.30818181818187895,0.04000542846522735,10:30-11:00
2026-08-06,2026-08-06 10:47:07-04:00,647,15,C,770.0,769.78,1.22,0.8196721311475417,0.1821428571429351,0.02366167699120984,10:30-11:00
2026-08-06,2026-08-06 10:47:07-04:00,647,15,P,770.0,769.78,1.45,0.6896551724137937,0.20789473684203585,0.027007032768068262,10:30-11:00
2026-08-06,2026-08-06 10:47:07-04:00,647,30,C,770.0,769.78,1.22,0.8196721311475417,0.2866949152543157,0.03724374694774035,10:30-11:00
2026-08-06,2026-08-06 10:47:07-04:00,647,30,P,770.0,769.78,1.45,0.6896551724137937,0.3240909090908417,0.04210175752693519,10:30-11:00
2026-08-06,2026-08-06 10:47:07-04:00,647,60,C,770.0,769.78,1.22,0.8196721311475417,0.33749999999997726,0.04384369560133769,10:30-11:00
2026-08-06,2026-08-06 10:47:07-04:00,647,60,P,770.0,769.78,1.45,0.6896551724137937,0.3254901960784764,0.04228353504617896,10:30-11:00
2026-08-06,2026-08-06 10:52:07-04:00,652,15,C,770.0,769.91,1.23,0.8130081300813016,0.14490566037738972,0.01882111680292368,10:30-11:00
2026-08-06,2026-08-06 10:52:07-04:00,652,15,P,770.0,769.91,1.32,0.7575757575757582,0.15739130434781146,0.020442818556430164,10:30-11:00
2026-08-06,2026-08-06 10:52:07-04:00,652,30,C,770.0,769.91,1.23,0.8130081300813016,-0.03285714285709673,-0.004267660227441744,10:30-11:00
2026-08-06,2026-08-06 10:52:07-04:00,652,30,P,770.0,769.91,1.32,0.7575757575757582,0.027254901960759526,0.003540011424810631,10:30-11:00
2026-08-06,2026-08-06 10:52:07-04:00,652,60,C,770.0,769.91,1.23,0.8130081300813016,0.18975409836070867,0.02464627013036701,10:30-11:00
2026-08-06,2026-08-06 10:52:07-04:00,652,60,P,770.0,769.91,1.32,0.7575757575757582,0.22129629629625924,0.028743138327370632,10:30-11:00
2026-08-06,2026-08-06 10:57:07-04:00,657,15,C,771.0,770.75,1.1,0.9090909090909097,0.05962264150946339,0.0077356654569527596,10:30-11:00
2026-08-06,2026-08-06 10:57:07-04:00,657,15,P,771.0,770.75,1.35,0.7407407407407414,0.06260869565210214,0.008123087337282146,10:30-11:00
2026-08-06,2026-08-06 10:57:07-04:00,657,30,C,771.0,770.75,1.1,0.9090909090909097,-0.08333333333337123,-0.010811979673483131,10:30-11:00
2026-08-06,2026-08-06 10:57:07-04:00,657,30,P,771.0,770.75,1.35,0.7407407407407414,-0.03431372549016487,-0.004451991630251686,10:30-11:00
2026-08-06,2026-08-06 10:57:07-04:00,657,60,C,771.0,770.75,1.1,0.9090909090909097,0.005196078431367823,0.0006741587325809696,10:30-11:00
2026-08-06,2026-08-06 10:57:07-04:00,657,60,P,771.0,770.75,1.35,0.7407407407407414,0.07683673469387031,0.009969086564238769,10:30-11:00
2026-08-06,2026-08-06 11:02:42-04:00,662,15,C,771.0,770.73,1.1,0.9090909090909097,-0.11816326530617971,-0.01533134370093025,11:00-12:00
2026-08-06,2026-08-06 11:02:42-04:00,662,15,P,771.0,770.73,1.37,0.7299270072992706,-0.05470588235289142,-0.0070979308386713135,11:00-12:00
2026-08-06,2026-08-06 11:02:42-04:00,662,30,C,771.0,770.73,1.1,0.9090909090909097,-0.06230769230774058,-0.008084243808822878,11:00-12:00
2026-08-06,2026-08-06 11:02:42-04:00,662,30,P,771.0,770.73,1.37,0.7299270072992706,-0.034255319148883245,-0.004444529102134761,11:00-12:00
2026-08-06,2026-08-06 11:02:42-04:00,662,60,C,771.0,770.73,1.1,0.9090909090909097,0.0426530612244278,0.005534111974936463,11:00-12:00
2026-08-06,2026-08-06 11:02:42-04:00,662,60,P,771.0,770.73,1.37,0.7299270072992706,0.11941176470588744,0.015493332905931705,11:00-12:00
2026-08-06,2026-08-06 11:07:06-04:00,667,15,C,771.0,770.5001,1.0,1.0000000000000009,-0.09234489795915124,-0.011985059827915824,11:00-12:00
2026-08-06,2026-08-06 11:07:06-04:00,667,15,P,771.0,770.5001,1.46,0.6849315068493157,-0.10813529411768741,-0.014034429601980248,11:00-12:00
2026-08-06,2026-08-06 11:07:06-04:00,667,30,C,771.0,770.5001,1.0,1.0000000000000009,-0.024715384615319635,-0.003207706866659672,11:00-12:00
2026-08-06,2026-08-06 11:07:06-04:00,667,30,P,771.0,770.5001,1.46,0.6849315068493157,-0.07266595744681581,-0.009431012072135462,11:00-12:00
2026-08-06,2026-08-06 11:07:06-04:00,667,60,C,771.0,770.5001,1.0,1.0000000000000009,0.06847142857145627,0.008886621633333503,11:00-12:00
2026-08-06,2026-08-06 11:07:06-04:00,667,60,P,771.0,770.5001,1.46,0.6849315068493157,0.06598235294120514,0.00856357487055552,11:00-12:00
2026-08-06,2026-08-06 11:12:07-04:00,672,15,C,770.0,770.47,1.46,0.6849315068493157,-0.1474193548386893,-0.01913369175161775,11:00-12:00
2026-08-06,2026-08-06 11:12:07-04:00,672,15,P,770.0,770.47,1.0,1.0000000000000009,-0.16157894736841172,-0.020971478106663687,11:00-12:00
2026-08-06,2026-08-06 11:12:07-04:00,672,30,C,770.0,770.47,1.46,0.6849315068493157,-0.0742857142856792,-0.009641610223068931,11:00-12:00
2026-08-06,2026-08-06 11:12:07-04:00,672,30,P,770.0,770.47,1.0,1.0000000000000009,-0.003636363636360329,-0.0004719669339961749,11:00-12:00
2026-08-06,2026-08-06 11:12:07-04:00,672,60,C,770.0,770.47,1.46,0.6849315068493157,-0.0067741935484946225,-0.0008792287238302104,11:00-12:00
2026-08-06,2026-08-06 11:12:07-04:00,672,60,P,770.0,770.47,1.0,1.0000000000000009,0.06789473684216318,0.008812119465023062,11:00-12:00
2026-08-06,2026-08-06 11:17:08-04:00,677,15,C,770.0,769.965,1.17,0.8547008547008554,-0.1280508474576436,-0.01663073613185581,11:00-12:00
2026-08-06,2026-08-06 11:17:08-04:00,677,15,P,770.0,769.965,1.18,0.8474576271186449,-0.1720731707317782,-0.02234818085650363,11:00-12:00
2026-08-06,2026-08-06 11:17:08-04:00,677,30,C,770.0,769.965,1.17,0.8547008547008554,0.048333333333289374,0.006277341610760148,11:00-12:00
2026-08-06,2026-08-06 11:17:08-04:00,677,30,P,770.0,769.965,1.18,0.8474576271186449,-0.018921568627320084,-0.0024574582776256174,11:00-12:00
2026-08-06,2026-08-06 11:17:08-04:00,677,60,C,770.0,769.965,1.17,0.8547008547008554,0.02744680851060366,0.00356468261682072,11:00-12:00
2026-08-06,2026-08-06 11:17:08-04:00,677,60,P,770.0,769.965,1.18,0.8474576271186449,0.04111111111114951,0.00533934803674836,11:00-12:00
2026-08-06,2026-08-06 11:22:08-04:00,682,15,C,769.0,769.02,1.31,0.7633587786259549,0.051538461538484626,0.006701836303150064,11:00-12:00
2026-08-06,2026-08-06 11:22:08-04:00,682,15,P,769.0,769.02,1.26,0.7936507936507943,0.021702127659523285,0.002822049837393473,11:00-12:00
2026-08-06,2026-08-06 11:22:08-04:00,682,30,C,769.0,769.02,1.31,0.7633587786259549,0.21090163934434258,0.027424727490096824,11:00-12:00
2026-08-06,2026-08-06 11:22:08-04:00,682,30,P,769.0,769.02,1.26,0.7936507936507943,0.22018518518518704,0.02863191921994058,11:00-12:00
2026-08-06,2026-08-06 11:22:08-04:00,682,60,C,769.0,769.02,1.31,0.7633587786259549,0.249677419354839,0.032466960463296016,11:00-12:00
2026-08-06,2026-08-06 11:22:08-04:00,682,60,P,769.0,769.02,1.26,0.7936507936507943,0.2484615384615836,0.03230885262562529,11:00-12:00
2026-08-06,2026-08-06 11:27:08-04:00,687,15,C,769.0,769.0,1.27,0.7874015748031503,0.05642857142856883,0.007337915660412072,11:00-12:00
2026-08-06,2026-08-06 11:27:08-04:00,687,15,P,769.0,769.0,1.25,0.8000000000000007,0.09454545454548224,0.012294597470153738,11:00-12:00
2026-08-06,2026-08-06 11:27:08-04:00,687,30,C,769.0,769.0,1.27,0.7874015748031503,0.08852941176473905,0.011512277212579851,11:00-12:00
2026-08-06,2026-08-06 11:27:08-04:00,687,30,P,769.0,769.0,1.25,0.8000000000000007,0.12275510204085549,0.0159629521509565,11:00-12:00
2026-08-06,2026-08-06 11:27:08-04:00,687,60,C,769.0,769.0,1.27,0.7874015748031503,0.28566037735845384,0.037146993154545366,11:00-12:00
2026-08-06,2026-08-06 11:27:08-04:00,687,60,P,769.0,769.0,1.25,0.8000000000000007,0.3008510638297821,0.039122375010374785,11:00-12:00
2026-08-06,2026-08-06 11:32:08-04:00,692,15,C,769.0,768.82,1.17,0.8547008547008554,0.19333333333327118,0.025146761704075225,11:00-12:00
2026-08-06,2026-08-06 11:32:08-04:00,692,15,P,769.0,768.82,1.32,0.7575757575757582,0.11058823529424444,0.014384151725273072,11:00-12:00
2026-08-06,2026-08-06 11:32:08-04:00,692,30,C,769.0,768.82,1.17,0.8547008547008554,0.09376666666662459,0.012196179426474933,11:00-12:00
2026-08-06,2026-08-06 11:32:08-04:00,692,30,P,769.0,768.82,1.32,0.7575757575757582,0.07412549019613834,0.009641462266348214,11:00-12:00
2026-08-06,2026-08-06 11:32:08-04:00,692,60,C,769.0,768.82,1.17,0.8547008547008554,0.27392156862731554,0.035628829716619695,11:00-12:00
2026-08-06,2026-08-06 11:32:08-04:00,692,60,P,769.0,768.82,1.32,0.7575757575757582,0.3216666666667152,0.04183900869731734,11:00-12:00
2026-08-06,2026-08-06 11:37:08-04:00,697,15,C,768.0,768.36,1.48,1.3513513513513526,0.14959016393447655,0.019468759947742796,11:00-12:00
2026-08-06,2026-08-06 11:37:08-04:00,697,15,P,768.0,768.36,1.1,0.9090909090909097,0.22115384615381117,0.02878258188268665,11:00-12:00
2026-08-06,2026-08-06 11:37:08-04:00,697,30,C,768.0,768.36,1.48,1.3513513513513526,0.09746031746033168,0.012684199783998606,11:00-12:00
2026-08-06,2026-08-06 11:37:08-04:00,697,30,P,768.0,768.36,1.1,0.9090909090909097,0.22000000000002728,0.028632411890263325,11:00-12:00
2026-08-06,2026-08-06 11:37:08-04:00,697,60,C,768.0,768.36,1.48,1.3513513513513526,0.3821535211267246,0.049736259191879406,11:00-12:00
2026-08-06,2026-08-06 11:37:08-04:00,697,60,P,768.0,768.36,1.1,0.9090909090909097,0.5172428571429464,0.06731777515005288,11:00-12:00
2026-08-06,2026-08-06 11:42:08-04:00,702,15,C,769.0,768.61,1.03,0.9708737864077678,0.007941176470581013,0.0010331867228608803,11:00-12:00
2026-08-06,2026-08-06 11:42:08-04:00,702,15,P,769.0,768.61,1.39,0.7194244604316554,0.018469387755089883,0.002402959596556106,11:00-12:00
2026-08-06,2026-08-06 11:42:08-04:00,702,30,C,769.0,768.61,1.03,0.9708737864077678,0.07499999999993179,0.009757874604797203,11:00-12:00
2026-08-06,2026-08-06 11:42:08-04:00,702,30,P,769.0,768.61,1.39,0.7194244604316554,0.05000000000006821,0.00650524973654626,11:00-12:00
2026-08-06,2026-08-06 11:42:08-04:00,702,60,C,769.0,768.61,1.03,0.9708737864077678,0.3492307692307577,0.0454366673905827,11:00-12:00
2026-08-06,2026-08-06 11:42:08-04:00,702,60,P,769.0,768.61,1.39,0.7194244604316554,0.3106249999999591,0.040413863988233184,11:00-12:00
2026-08-06,2026-08-06 11:47:09-04:00,707,15,C,769.0,769.18,1.26,0.7936507936507943,-0.08761311475404909,-0.011390456688167802,11:00-12:00
2026-08-06,2026-08-06 11:47:09-04:00,707,15,P,769.0,769.18,1.09,0.9174311926605512,-0.0638105263159332,-0.008295915951524117,11:00-12:00
2026-08-06,2026-08-06 11:47:09-04:00,707,30,C,769.0,769.18,1.26,0.7936507936507943,-0.032096774193519195,-0.004172856053657037,11:00-12:00
2026-08-06,2026-08-06 11:47:09-04:00,707,30,P,769.0,769.18,1.09,0.9174311926605512,0.06166666666661058,0.008017195801582281,11:00-12:00
2026-08-06,2026-08-06 11:47:09-04:00,707,60,C,769.0,769.18,1.26,0.7936507936507943,0.18250000000000455,0.023726565953353512,11:00-12:00
2026-08-06,2026-08-06 11:47:09-04:00,707,60,P,769.0,769.18,1.09,0.9174311926605512,0.37999999999999545,0.04940326061520001,11:00-12:00
2026-08-06,2026-08-06 11:52:09-04:00,712,15,C,769.0,768.985,1.17,0.8547008547008554,-0.06948979591834359,-0.009036560650512504,11:00-12:00
2026-08-06,2026-08-06 11:52:09-04:00,712,15,P,769.0,768.985,1.17,0.8547008547008554,-0.017745098039199547,-0.0023076000233033865,11:00-12:00
2026-08-06,2026-08-06 11:52:09-04:00,712,30,C,769.0,768.985,1.17,0.8547008547008554,0.05372340425526545,0.006986274667940916,11:00-12:00
2026-08-06,2026-08-06 11:52:09-04:00,712,30,P,769.0,768.985,1.17,0.8547008547008554,0.04038461538470983,0.005251677911104876,11:00-12:00
2026-08-06,2026-08-06 11:52:09-04:00,712,60,C,769.0,768.985,1.17,0.8547008547008554,0.3114285714285643,0.04049865360554033,11:00-12:00
2026-08-06,2026-08-06 11:52:09-04:00,712,60,P,769.0,768.985,1.17,0.8547008547008554,0.40139344262297527,0.05219782474599313,11:00-12:00
2026-08-06,2026-08-06 11:57:09-04:00,717,15,C,768.0,768.265,1.38,1.449275362318826,0.06919354838703384,0.009006468912033458,11:00-12:00
2026-08-06,2026-08-06 11:57:09-04:00,717,15,P,768.0,768.265,1.07,0.9345794392523372,0.0471052631579596,0.0061313821608376794,11:00-12:00
2026-08-06,2026-08-06 11:57:09-04:00,717,30,C,768.0,768.265,1.38,1.449275362318826,0.205909090909131,0.026801831517657453,11:00-12:00
2026-08-06,2026-08-06 11:57:09-04:00,717,30,P,768.0,768.265,1.07,0.9345794392523372,0.182872340425547,0.02380328928501845,11:00-12:00
2026-08-06,2026-08-06 11:57:09-04:00,717,60,C,768.0,768.265,1.38,1.449275362318826,0.4250000000000682,0.055319453573970986,11:00-12:00
2026-08-06,2026-08-06 11:57:09-04:00,717,60,P,768.0,768.265,1.07,0.9345794392523372,0.49722222222214896,0.06472014503096574,11:00-12:00
2026-08-06,2026-08-06 12:02:09-04:00,722,15,C,768.0,768.0596,1.25,0.8000000000000007,0.0721741935483351,0.009396952208960748,12:00-13:00
2026-08-06,2026-08-06 12:02:09-04:00,722,15,P,768.0,768.0596,1.17,0.8547008547008554,0.1171925925926871,0.015258268055328922,12:00-13:00
2026-08-06,2026-08-06 12:02:09-04:00,722,30,C,768.0,768.0596,1.25,0.8000000000000007,0.19118431372544364,0.024891859137681972,12:00-13:00
2026-08-06,2026-08-06 12:02:09-04:00,722,30,P,768.0,768.0596,1.17,0.8547008547008554,0.248766666666711,0.03238897953579527,12:00-13:00
2026-08-06,2026-08-06 12:02:09-04:00,722,60,C,768.0,768.0596,1.25,0.8000000000000007,0.4484175438595912,0.058383170246109964,12:00-13:00
2026-08-06,2026-08-06 12:02:09-04:00,722,60,P,768.0,768.0596,1.17,0.8547008547008554,0.5521483870968495,0.07188874237062456,12:00-13:00
2026-08-06,2026-08-06 12:07:09-04:00,727,15,C,768.0,768.14,1.29,0.7751937984496131,0.09741935483862108,0.01268249991389865,12:00-13:00
2026-08-06,2026-08-06 12:07:09-04:00,727,15,P,768.0,768.14,1.11,0.9009009009009016,0.08000000000004093,0.010414768141229585,12:00-13:00
2026-08-06,2026-08-06 12:07:09-04:00,727,30,C,768.0,768.14,1.29,0.7751937984496131,0.27919824561399764,0.036347312418829596,12:00-13:00
2026-08-06,2026-08-06 12:07:09-04:00,727,30,P,768.0,768.14,1.11,0.9009009009009016,0.3210523809524375,0.04179607636009549,12:00-13:00
2026-08-06,2026-08-06 12:07:09-04:00,727,60,C,768.0,768.14,1.29,0.7751937984496131,0.4199999999999591,0.05467753274142202,12:00-13:00
2026-08-06,2026-08-06 12:07:09-04:00,727,60,P,768.0,768.14,1.11,0.9009009009009016,0.48306122448980204,0.06288713313846461,12:00-13:00
2026-08-06,2026-08-06 12:13:09-04:00,733,15,C,768.0,768.06,1.22,0.8196721311475417,0.1313207547170805,0.01709772084434556,12:00-13:00
2026-08-06,2026-08-06 12:13:09-04:00,733,15,P,768.0,768.06,1.14,0.8771929824561412,0.12680851063828413,0.016510234960586952,12:00-13:00
2026-08-06,2026-08-06 12:13:09-04:00,733,30,C,768.0,768.06,1.22,0.8196721311475417,0.2646153846154675,0.03445243660852896,12:00-13:00
2026-08-06,2026-08-06 12:13:09-04:00,733,30,P,768.0,768.06,1.14,0.8771929824561412,0.2795744680850021,0.036400081775512606,12:00-13:00
2026-08-06,2026-08-06 12:13:09-04:00,733,60,C,768.0,768.06,1.22,0.8196721311475417,0.478571428571513,0.06230912019523384,12:00-13:00
2026-08-06,2026-08-06 12:13:09-04:00,733,60,P,768.0,768.06,1.14,0.8771929824561412,0.5807692307691923,0.07561508616113224,12:00-13:00
2026-08-06,2026-08-06 12:18:10-04:00,738,15,C,768.0,768.035,1.2,0.8333333333333341,0.11774509803922228,0.015330694309402865,12:00-13:00
2026-08-06,2026-08-06 12:18:10-04:00,738,15,P,768.0,768.035,1.13,0.8849557522123707,0.14083333333337578,0.018336837947928907,12:00-13:00
2026-08-06,2026-08-06 12:18:10-04:00,738,30,C,768.0,768.035,1.2,0.8333333333333341,0.31500000000005457,0.04101375588352804,12:00-13:00
2026-08-06,2026-08-06 12:18:10-04:00,738,30,P,768.0,768.035,1.13,0.8849557522123707,0.3668181818180756,0.04776060750070968,12:00-13:00
2026-08-06,2026-08-06 12:18:10-04:00,738,60,C,768.0,768.035,1.2,0.8333333333333341,0.4633333333333667,0.06032711182867535,12:00-13:00
2026-08-06,2026-08-06 12:18:10-04:00,738,60,P,768.0,768.035,1.13,0.8849557522123707,0.5492452830188768,0.07151305383463993,12:00-13:00
2026-08-06,2026-08-06 12:23:10-04:00,743,15,C,768.0,768.06,1.19,0.8403361344537823,0.18375964912286236,0.02392516849241757,12:00-13:00
2026-08-06,2026-08-06 12:23:10-04:00,743,15,P,768.0,768.06,1.12,0.8928571428571435,0.26486190476191496,0.03448453307839426,12:00-13:00
2026-08-06,2026-08-06 12:23:10-04:00,743,30,C,768.0,768.06,1.19,0.8403361344537823,0.27214285714296693,0.03543249969311863,12:00-13:00
2026-08-06,2026-08-06 12:23:10-04:00,743,30,P,768.0,768.06,1.12,0.8928571428571435,0.3690909090908008,0.04805495782761774,12:00-13:00
2026-08-06,2026-08-06 12:23:10-04:00,743,60,C,768.0,768.06,1.19,0.8403361344537823,0.43538461538469164,0.056686276512862496,12:00-13:00
2026-08-06,2026-08-06 12:23:10-04:00,743,60,P,768.0,768.06,1.12,0.8928571428571435,0.5725925925925139,0.07455050290244433,12:00-13:00
2026-08-06,2026-08-06 12:28:10-04:00,748,15,C,768.0,768.38,1.33,0.7518796992481209,0.1335294117648118,0.017378043645697675,12:00-13:00
2026-08-06,2026-08-06 12:28:10-04:00,748,15,P,768.0,768.38,0.94,1.0638297872340319,0.17404255319138429,0.022650583460186925,12:00-13:00
2026-08-06,2026-08-06 12:28:10-04:00,748,30,C,768.0,768.38,1.33,0.7518796992481209,0.23857142857150393,0.03104862549409198,12:00-13:00
2026-08-06,2026-08-06 12:28:10-04:00,748,30,P,768.0,768.38,0.94,1.0638297872340319,0.32333333333326664,0.04207987367360767,12:00-13:00
2026-08-06,2026-08-06 12:28:10-04:00,748,60,C,768.0,768.38,1.33,0.7518796992481209,0.3968656716417627,0.05164966183942355,12:00-13:00
2026-08-06,2026-08-06 12:28:10-04:00,748,60,P,768.0,768.38,0.94,1.0638297872340319,0.6003703703703422,0.07813456497700906,12:00-13:00
2026-08-06,2026-08-06 12:33:10-04:00,753,15,C,768.0,768.29,1.28,0.7812500000000007,0.2028571428571695,0.02640372032138509,12:00-13:00
2026-08-06,2026-08-06 12:33:10-04:00,753,15,P,768.0,768.29,0.95,1.0526315789473695,0.21272727272719294,0.027688408377981356,12:00-13:00
2026-08-06,2026-08-06 12:33:10-04:00,753,30,C,768.0,768.29,1.28,0.7812500000000007,0.27064912280707176,0.035227469159701645,12:00-13:00
2026-08-06,2026-08-06 12:33:10-04:00,753,30,P,768.0,768.29,0.95,1.0526315789473695,0.35644186046511095,0.04639418194498314,12:00-13:00
2026-08-06,2026-08-06 12:33:10-04:00,753,60,C,768.0,768.29,1.28,0.7812500000000007,0.4393750000000409,0.05718869177004008,12:00-13:00
2026-08-06,2026-08-06 12:33:10-04:00,753,60,P,768.0,768.29,0.95,1.0526315789473695,0.5154545454545314,0.0670911433774397,12:00-13:00
2026-08-06,2026-08-06 12:38:10-04:00,758,15,C,769.0,768.6999,0.89,1.1235955056179785,0.09652857142862104,0.012557380510732607,12:00-13:00
2026-08-06,2026-08-06 12:38:10-04:00,758,15,P,769.0,768.6999,1.17,0.8547008547008554,0.11629344262291852,0.015128588233577047,12:00-13:00
2026-08-06,2026-08-06 12:38:10-04:00,758,30,C,769.0,768.6999,0.89,1.1235955056179785,0.15009999999995216,0.01952647580674229,12:00-13:00
2026-08-06,2026-08-06 12:38:10-04:00,758,30,P,769.0,768.6999,1.17,0.8547008547008554,0.16541020408169516,0.02151817687002368,12:00-13:00
2026-08-06,2026-08-06 12:38:10-04:00,758,60,C,769.0,768.6999,0.89,1.1235955056179785,0.4263538461539156,0.05546427756188281,12:00-13:00
2026-08-06,2026-08-06 12:38:10-04:00,758,60,P,769.0,768.6999,1.17,0.8547008547008554,0.40161818181809394,0.052246420458503244,12:00-13:00
2026-08-06,2026-08-06 12:43:10-04:00,763,15,C,768.0,768.44,1.29,0.7751937984496131,0.11428571428564283,0.014872431716938578,12:00-13:00
2026-08-06,2026-08-06 12:43:10-04:00,763,15,P,768.0,768.44,0.84,1.1904761904761916,0.16111111111115406,0.02096599748986961,12:00-13:00
2026-08-06,2026-08-06 12:43:10-04:00,763,30,C,768.0,768.44,1.29,0.7751937984496131,0.19857142857131294,0.02584085010818189,12:00-13:00
2026-08-06,2026-08-06 12:43:10-04:00,763,30,P,768.0,768.44,0.84,1.1904761904761916,0.3213043478261852,0.04181254851727984,12:00-13:00
2026-08-06,2026-08-06 12:43:10-04:00,763,60,C,768.0,768.44,1.29,0.7751937984496131,0.3168749999999818,0.0412361407526914,12:00-13:00
2026-08-06,2026-08-06 12:43:10-04:00,763,60,P,768.0,768.44,0.84,1.1904761904761916,0.5986440677966129,0.07790381393428412,12:00-13:00
2026-08-06,2026-08-06 12:48:09-04:00,768,15,C,768.0,768.05,1.07,0.9345794392523372,0.14222807017551986,0.018518074366970883,12:00-13:00
2026-08-06,2026-08-06 12:48:09-04:00,768,15,P,768.0,768.05,0.97,1.0309278350515474,0.16295348837206802,0.021216520847870325,12:00-13:00
2026-08-06,2026-08-06 12:48:09-04:00,768,30,C,768.0,768.05,1.07,0.9345794392523372,0.2513636363636351,0.032727509454284896,12:00-13:00
2026-08-06,2026-08-06 12:48:09-04:00,768,30,P,768.0,768.05,0.97,1.0309278350515474,0.26235849056604366,0.0341590378967572,12:00-13:00
2026-08-06,2026-08-06 12:48:09-04:00,768,60,C,768.0,768.05,1.07,0.9345794392523372,0.4255582089552945,0.0554076178575997,12:00-13:00
2026-08-06,2026-08-06 12:48:09-04:00,768,60,P,768.0,768.05,0.97,1.0309278350515474,0.466436363636376,0.06072994774251364,12:00-13:00
2026-08-06,2026-08-06 12:53:11-04:00,773,15,C,769.0,768.6,0.79,1.2658227848101276,0.049999999999954525,0.006505334374180916,12:00-13:00
2026-08-06,2026-08-06 12:53:11-04:00,773,15,P,769.0,768.6,1.17,0.8547008547008554,0.065510204081761,0.008523315649461488,12:00-13:00
2026-08-06,2026-08-06 12:53:11-04:00,773,30,C,769.0,768.6,0.79,1.2658227848101276,0.19111111111112677,0.02486483360800504,12:00-13:00
2026-08-06,2026-08-06 12:53:11-04:00,773,30,P,769.0,768.6,1.17,0.8547008547008554,0.20518518518520068,0.026695964765183537,12:00-13:00
2026-08-06,2026-08-06 12:53:11-04:00,773,60,C,769.0,768.6,0.79,1.2658227848101276,0.4276923076922685,0.05564562941611612,12:00-13:00
2026-08-06,2026-08-06 12:53:11-04:00,773,60,P,769.0,768.6,1.17,0.8547008547008554,0.37285714285712857,0.04851120776179138,12:00-13:00
2026-08-06,2026-08-06 12:58:11-04:00,778,15,C,769.0,768.59,0.76,1.3157894736842117,0.10518518518517794,0.013685474073976755,12:00-13:00
2026-08-06,2026-08-06 12:58:11-04:00,778,15,P,769.0,768.59,1.16,0.8620689655172422,0.14153846153851646,0.018415339978208985,12:00-13:00
2026-08-06,2026-08-06 12:58:11-04:00,778,30,C,769.0,768.59,0.76,1.3157894736842117,0.2345454545454686,0.03051632919312879,12:00-13:00
2026-08-06,2026-08-06 12:58:11-04:00,778,30,P,769.0,768.59,1.16,0.8620689655172422,0.19727272727277523,0.02566683501903163,12:00-13:00
2026-08-06,2026-08-06 12:58:11-04:00,778,60,C,769.0,768.59,0.76,1.3157894736842117,0.4381818181817607,0.05701112663211344,12:00-13:00
2026-08-06,2026-08-06 12:58:11-04:00,778,60,P,769.0,768.59,1.16,0.8620689655172422,0.3568115942028953,0.04642417858713948,12:00-13:00
2026-08-06,2026-08-06 13:03:11-04:00,783,15,C,769.0,768.701,0.8,1.250000000000001,0.08102127659572034,0.010540024872573384,13:00-14:00
2026-08-06,2026-08-06 13:03:11-04:00,783,15,P,769.0,768.701,1.06,0.9433962264150951,0.08316981132077217,0.010819526879862542,13:00-14:00
2026-08-06,2026-08-06 13:03:11-04:00,783,30,C,769.0,768.701,0.8,1.250000000000001,0.21445454545448683,0.02789830447137272,13:00-14:00
2026-08-06,2026-08-06 13:03:11-04:00,783,30,P,769.0,768.701,1.06,0.9433962264150951,0.1264545454545214,0.01645042031355773,13:00-14:00
2026-08-06,2026-08-06 13:03:11-04:00,783,60,C,769.0,768.701,0.8,1.250000000000001,0.43514035087707725,0.0566072310140194,13:00-14:00
2026-08-06,2026-08-06 13:03:11-04:00,783,60,P,769.0,768.701,1.06,0.9433962264150951,0.35923529411775235,0.046732773096139116,13:00-14:00
2026-08-06,2026-08-06 13:08:34-04:00,788,15,C,768.0,768.31,1.13,0.8849557522123707,0.16835820895528286,0.021912796781934748,13:00-14:00
2026-08-06,2026-08-06 13:08:34-04:00,788,15,P,768.0,768.31,0.8,1.250000000000001,0.271111111111054,0.03528668260351343,13:00-14:00
2026-08-06,2026-08-06 13:08:34-04:00,788,30,C,768.0,768.31,1.13,0.8849557522123707,0.19687500000009095,0.025624422433664924,13:00-14:00
2026-08-06,2026-08-06 13:08:34-04:00,788,30,P,768.0,768.31,0.8,1.250000000000001,0.40084745762703733,0.05217262011779585,13:00-14:00
2026-08-06,2026-08-06 13:08:34-04:00,788,60,C,768.0,768.31,1.13,0.8849557522123707,0.41000000000008185,0.053363876560253265,13:00-14:00
2026-08-06,2026-08-06 13:08:34-04:00,788,60,P,768.0,768.31,0.8,1.250000000000001,0.565757575757516,0.07363662789206388,13:00-14:00
2026-08-06,2026-08-06 13:13:11-04:00,793,15,C,769.0,768.51,0.67,1.492537313432837,0.11000000000001364,0.014313411666733503,13:00-14:00
2026-08-06,2026-08-06 13:13:11-04:00,793,15,P,769.0,768.51,1.13,0.8849557522123707,0.06272727272721568,0.008162193429781745,13:00-14:00
2026-08-06,2026-08-06 13:13:11-04:00,793,30,C,769.0,768.51,0.67,1.492537313432837,0.18170731707323284,0.02364410574660484,13:00-14:00
2026-08-06,2026-08-06 13:13:11-04:00,793,30,P,769.0,768.51,1.13,0.8849557522123707,0.16016949152538018,0.020841562442307865,13:00-14:00
2026-08-06,2026-08-06 13:13:11-04:00,793,60,C,769.0,768.51,0.67,1.492537313432837,0.44333333333338487,0.05768738641441034,13:00-14:00
2026-08-06,2026-08-06 13:13:11-04:00,793,60,P,769.0,768.51,1.13,0.8849557522123707,0.2657575757575614,0.03458088713973292,13:00-14:00
2026-08-06,2026-08-06 13:18:11-04:00,798,15,C,768.0,768.165,0.99,1.010101010101011,0.11125000000004093,0.01448256559463669,13:00-14:00
2026-08-06,2026-08-06 13:18:11-04:00,798,15,P,768.0,768.165,0.78,1.2820512820512833,0.08136363636356236,0.010591947871038431,13:00-14:00
2026-08-06,2026-08-06 13:18:11-04:00,798,30,C,768.0,768.165,0.99,1.010101010101011,0.191155223880628,0.024884656796473156,13:00-14:00
2026-08-06,2026-08-06 13:18:11-04:00,798,30,P,768.0,768.165,0.78,1.2820512820512833,0.23598181818181274,0.030720199199626742,13:00-14:00
2026-08-06,2026-08-06 13:18:11-04:00,798,60,C,768.0,768.165,0.99,1.010101010101011,0.2935714285714539,0.03821723569434352,13:00-14:00
2026-08-06,2026-08-06 13:18:11-04:00,798,60,P,768.0,768.165,0.78,1.2820512820512833,0.23122641509428377,0.03010113909046673,13:00-14:00
2026-08-06,2026-08-06 13:23:11-04:00,803,15,C,768.0,768.08,0.93,1.0752688172043021,0.10779230769230708,0.014033994856304952,13:00-14:00
2026-08-06,2026-08-06 13:23:11-04:00,803,15,P,768.0,768.08,0.81,1.234567901234569,0.1271727272727503,0.016557224152790113,13:00-14:00
2026-08-06,2026-08-06 13:23:11-04:00,803,30,C,768.0,768.08,0.93,1.0752688172043021,0.21692307692308077,0.028242250406608785,13:00-14:00
2026-08-06,2026-08-06 13:23:11-04:00,803,30,P,768.0,768.08,0.81,1.234567901234569,0.2141666666666424,0.02788338020344787,13:00-14:00
2026-08-06,2026-08-06 13:23:11-04:00,803,60,C,768.0,768.08,0.93,1.0752688172043021,0.22352941176472996,0.029102360660963694,13:00-14:00
2026-08-06,2026-08-06 13:23:11-04:00,803,60,P,768.0,768.08,0.81,1.234567901234569,0.27346938775508534,0.0356042844176499,13:00-14:00
2026-08-06,2026-08-06 13:28:10-04:00,808,15,C,768.0,768.15,0.92,1.0869565217391313,0.028750000000059117,0.0037427585758066937,13:00-14:00
2026-08-06,2026-08-06 13:28:10-04:00,808,15,P,768.0,768.15,0.75,1.3333333333333344,0.13285714285711947,0.017295729070769966,13:00-14:00
2026-08-06,2026-08-06 13:28:10-04:00,808,30,C,768.0,768.15,0.92,1.0869565217391313,0.16909090909098268,0.022012746090084318,13:00-14:00
2026-08-06,2026-08-06 13:28:10-04:00,808,30,P,768.0,768.15,0.75,1.3333333333333344,0.2139130434782146,0.02784782184185571,13:00-14:00
2026-08-06,2026-08-06 13:28:10-04:00,808,60,C,768.0,768.15,0.92,1.0869565217391313,0.21916666666663787,0.028531753780724842,13:00-14:00
2026-08-06,2026-08-06 13:28:10-04:00,808,60,P,768.0,768.15,0.75,1.3333333333333344,0.24076923076927415,0.031344038373921,13:00-14:00
2026-08-06,2026-08-06 13:33:11-04:00,813,15,C,768.0,768.12,0.9,1.111111111111112,0.10182686567168275,0.01325663511842977,13:00-14:00
2026-08-06,2026-08-06 13:33:11-04:00,813,15,P,768.0,768.12,0.77,1.2987012987012998,0.17280000000005202,0.02249648492423736,13:00-14:00
2026-08-06,2026-08-06 13:33:11-04:00,813,30,C,768.0,768.12,0.9,1.111111111111112,0.19157894736838443,0.024941278363847373,13:00-14:00
2026-08-06,2026-08-06 13:33:11-04:00,813,30,P,768.0,768.12,0.77,1.2987012987012998,0.30046511627915606,0.03911694999207885,13:00-14:00
2026-08-06,2026-08-06 13:33:11-04:00,813,60,C,768.0,768.12,0.9,1.111111111111112,0.24857142857138115,0.03236101501996839,13:00-14:00
2026-08-06,2026-08-06 13:33:11-04:00,813,60,P,768.0,768.12,0.77,1.2987012987012998,0.30857142857144026,0.04017229450755615,13:00-14:00
2026-08-06,2026-08-06 13:38:11-04:00,818,15,C,768.0,768.0801,0.87,1.1494252873563229,0.10143846153846425,0.013206755589483993,13:00-14:00
2026-08-06,2026-08-06 13:38:11-04:00,818,15,P,768.0,768.0801,0.75,1.3333333333333344,0.08926666666661731,0.01162205174520435,13:00-14:00
2026-08-06,2026-08-06 13:38:11-04:00,818,30,C,768.0,768.0801,0.87,1.1494252873563229,0.17694918032782425,0.023037855078894016,13:00-14:00
2026-08-06,2026-08-06 13:38:11-04:00,818,30,P,768.0,768.0801,0.75,1.3333333333333344,0.24697500000002037,0.03215484947468635,13:00-14:00
2026-08-06,2026-08-06 13:38:11-04:00,818,60,C,768.0,768.0801,0.87,1.1494252873563229,0.22910634920640405,0.0298284448726642,13:00-14:00
2026-08-06,2026-08-06 13:38:11-04:00,818,60,P,768.0,768.0801,0.75,1.3333333333333344,0.313648387096805,0.040835374734588877,13:00-14:00
2026-08-06,2026-08-06 13:43:12-04:00,823,15,C,768.0,767.96,0.79,1.2658227848101276,0.1227272727272748,0.015980945977300223,13:00-14:00
2026-08-06,2026-08-06 13:43:12-04:00,823,15,P,768.0,767.96,0.78,1.2820512820512833,0.08913043478264626,0.011606129848253328,13:00-14:00
2026-08-06,2026-08-06 13:43:12-04:00,823,30,C,768.0,767.96,0.79,1.2658227848101276,0.19333333333338487,0.02517492230498787,13:00-14:00
2026-08-06,2026-08-06 13:43:12-04:00,823,30,P,768.0,767.96,0.78,1.2820512820512833,0.18545454545449047,0.024148985032357215,13:00-14:00
2026-08-06,2026-08-06 13:43:12-04:00,823,60,C,768.0,767.96,0.79,1.2658227848101276,0.22827586206892647,0.029724967715626653,13:00-14:00
2026-08-06,2026-08-06 13:43:12-04:00,823,60,P,768.0,767.96,0.78,1.2820512820512833,0.22000000000002728,0.02864732538153384,13:00-14:00
2026-08-06,2026-08-06 13:48:11-04:00,828,15,C,768.0,768.1472,0.86,1.1627906976744196,0.09420350877189776,0.01226373132283731,13:00-14:00
2026-08-06,2026-08-06 13:48:11-04:00,828,15,P,768.0,768.1472,0.67,1.492537313432837,0.09510697674420499,0.012381347838565966,13:00-14:00
2026-08-06,2026-08-06 13:48:11-04:00,828,30,C,768.0,768.1472,0.86,1.1627906976744196,0.09584347826091744,0.012477228096505127,13:00-14:00
2026-08-06,2026-08-06 13:48:11-04:00,828,30,P,768.0,768.1472,0.67,1.492537313432837,0.005879245282926604,0.0007653800317083241,13:00-14:00
2026-08-06,2026-08-06 13:48:11-04:00,828,60,C,768.0,768.1472,0.86,1.1627906976744196,0.19522424242427405,0.025414952033187655,13:00-14:00
2026-08-06,2026-08-06 13:48:11-04:00,828,60,P,768.0,768.1472,0.67,1.492537313432837,0.1827932203389082,0.02379663954238305,13:00-14:00
2026-08-06,2026-08-06 13:53:12-04:00,833,15,C,768.0,768.47,1.03,0.9708737864077678,0.04934426229499422,0.006421104570769741,13:00-14:00
2026-08-06,2026-08-06 13:53:12-04:00,833,15,P,768.0,768.47,0.53,1.8867924528301903,0.09000000000003183,0.011711582755349177,13:00-14:00
2026-08-06,2026-08-06 13:53:12-04:00,833,30,C,768.0,768.47,1.03,0.9708737864077678,0.02369863013700524,0.0030838718670872303,13:00-14:00
2026-08-06,2026-08-06 13:53:12-04:00,833,30,P,768.0,768.47,0.53,1.8867924528301903,0.0920408163265165,0.011977151525305672,13:00-14:00
2026-08-06,2026-08-06 13:53:12-04:00,833,60,C,768.0,768.47,1.03,0.9708737864077678,0.15327868852466509,0.019945956058748562,13:00-14:00
2026-08-06,2026-08-06 13:53:12-04:00,833,60,P,768.0,768.47,0.53,1.8867924528301903,0.23974358974351162,0.031197521014940284,13:00-14:00
2026-08-06,2026-08-06 13:58:12-04:00,838,15,C,769.0,768.61,0.54,1.8518518518518534,0.06294117647064468,0.008188961433060287,13:00-14:00
2026-08-06,2026-08-06 13:58:12-04:00,838,15,P,769.0,768.61,0.91,1.0989010989010999,0.032424242424212935,0.00421855588975071,13:00-14:00
2026-08-06,2026-08-06 13:58:12-04:00,838,30,C,769.0,768.61,0.54,1.8518518518518534,-0.032500000000027285,-0.00422841232875285,13:00-14:00
2026-08-06,2026-08-06 13:58:12-04:00,838,30,P,769.0,768.61,0.91,1.0989010989010999,0.008461538461574492,0.0011008884169571684,13:00-14:00
2026-08-06,2026-08-06 13:58:12-04:00,838,60,C,769.0,768.61,0.54,1.8518518518518534,0.2031578947368189,0.02643185682424362,13:00-14:00
2026-08-06,2026-08-06 13:58:12-04:00,838,60,P,769.0,768.61,0.91,1.0989010989010999,0.13377049180337508,0.017404209131207646,13:00-14:00
2026-08-06,2026-08-06 14:03:13-04:00,843,15,C,769.0,768.68,0.55,1.8181818181818195,-0.11086956521728553,-0.014423370611605027,14:00-15:00
2026-08-06,2026-08-06 14:03:13-04:00,843,15,P,769.0,768.68,0.84,1.1904761904761916,-0.14056603773599363,-0.018286678167246922,14:00-15:00
2026-08-06,2026-08-06 14:03:13-04:00,843,30,C,769.0,768.68,0.55,1.8181818181818195,-0.030909090909062797,-0.004021060897780975,14:00-15:00
2026-08-06,2026-08-06 14:03:13-04:00,843,30,P,769.0,768.68,0.84,1.1904761904761916,-0.006428571428614305,-0.0008363130858893565,14:00-15:00
2026-08-06,2026-08-06 14:03:13-04:00,843,60,C,769.0,768.68,0.55,1.8181818181818195,0.158571428571463,0.020629056118471018,14:00-15:00
2026-08-06,2026-08-06 14:03:13-04:00,843,60,P,769.0,768.68,0.84,1.1904761904761916,0.11615384615379298,0.015110819346645288,14:00-15:00
2026-08-06,2026-08-06 14:08:13-04:00,848,15,C,769.0,768.88,0.65,1.5384615384615397,-0.12549019607843093,-0.016321167942777926,14:00-15:00
2026-08-06,2026-08-06 14:08:13-04:00,848,15,P,769.0,768.88,0.73,1.3698630136986314,-0.089795918367372,-0.011678794918241078,14:00-15:00
2026-08-06,2026-08-06 14:08:13-04:00,848,30,C,769.0,768.88,0.65,1.5384615384615397,0.08000000000004093,0.010404744563526289,14:00-15:00
2026-08-06,2026-08-06 14:08:13-04:00,848,30,P,769.0,768.88,0.73,1.3698630136986314,0.08129032258057123,0.010572563024213302,14:00-15:00
2026-08-06,2026-08-06 14:08:13-04:00,848,60,C,769.0,768.88,0.65,1.5384615384615397,0.20306122448971564,0.02641000214464099,14:00-15:00
2026-08-06,2026-08-06 14:08:13-04:00,848,60,P,769.0,768.88,0.73,1.3698630136986314,0.15588235294126207,0.020273950803930664,14:00-15:00
2026-08-06,2026-08-06 14:13:13-04:00,853,15,C,769.0,768.82,0.6,1.6666666666666683,-0.11750000000006366,-0.015283161208093398,14:00-15:00
2026-08-06,2026-08-06 14:13:13-04:00,853,15,P,769.0,768.82,0.76,1.3157894736842117,-0.06999999999993634,-0.009104861996297746,14:00-15:00
2026-08-06,2026-08-06 14:13:13-04:00,853,30,C,769.0,768.82,0.6,1.6666666666666683,0.04068965517240031,0.005292481357456922,14:00-15:00
2026-08-06,2026-08-06 14:13:13-04:00,853,30,P,769.0,768.82,0.76,1.3157894736842117,0.032380952381004136,0.004211772896257139,14:00-15:00
2026-08-06,2026-08-06 14:13:13-04:00,853,60,C,769.0,768.82,0.6,1.6666666666666683,0.17576923076921958,0.02286220841929445,14:00-15:00
2026-08-06,2026-08-06 14:13:13-04:00,853,60,P,769.0,768.82,0.76,1.3157894736842117,0.18000000000006366,0.023412502276223778,14:00-15:00
2026-08-06,2026-08-06 14:18:13-04:00,858,15,C,769.0,769.33,0.91,1.0989010989010999,0.05285714285707854,0.006870542271467191,14:00-15:00
2026-08-06,2026-08-06 14:18:13-04:00,858,15,P,769.0,769.33,0.58,1.7241379310344844,0.1792857142856974,0.023304136623516224,14:00-15:00
2026-08-06,2026-08-06 14:18:13-04:00,858,30,C,769.0,769.33,0.91,1.0989010989010999,0.08818181818185167,0.011462157745291574,14:00-15:00
2026-08-06,2026-08-06 14:18:13-04:00,858,30,P,769.0,769.33,0.58,1.7241379310344844,0.2005882352941626,0.026073107157417827,14:00-15:00
2026-08-06,2026-08-06 14:18:13-04:00,858,60,C,769.0,769.33,0.91,1.0989010989010999,0.21345070422535173,0.027745012442690616,14:00-15:00
2026-08-06,2026-08-06 14:18:13-04:00,858,60,P,769.0,769.33,0.58,1.7241379310344844,0.411666666666747,0.05350976390713309,14:00-15:00
2026-08-06,2026-08-06 14:23:14-04:00,863,15,C,769.0,769.48,1.04,1.9230769230769247,0.09904761904761017,0.0128720199417282,14:00-15:00
2026-08-06,2026-08-06 14:23:14-04:00,863,15,P,769.0,769.48,0.49,2.040816326530614,0.12000000000000455,0.01559494723709577,14:00-15:00
2026-08-06,2026-08-06 14:23:14-04:00,863,30,C,769.0,769.48,1.04,1.9230769230769247,0.15967213114754486,0.020750653837337533,14:00-15:00
2026-08-06,2026-08-06 14:23:14-04:00,863,30,P,769.0,769.48,0.49,2.040816326530614,0.14717948717941454,0.019127136141214137,14:00-15:00
2026-08-06,2026-08-06 14:23:14-04:00,863,60,C,769.0,769.48,1.04,1.9230769230769247,0.27944444444449346,0.03631601139009376,14:00-15:00
2026-08-06,2026-08-06 14:23:14-04:00,863,60,P,769.0,769.48,0.49,2.040816326530614,0.41068965517240485,0.0533723625269539,14:00-15:00
2026-08-06,2026-08-06 14:28:13-04:00,868,15,C,769.0,769.39,0.94,1.0638297872340319,0.05689655172420771,0.007395020954809357,14:00-15:00
2026-08-06,2026-08-06 14:28:13-04:00,868,15,P,769.0,769.39,0.51,1.960784313725492,0.0071428571428668874,0.0009283792540671034,14:00-15:00
2026-08-06,2026-08-06 14:28:13-04:00,868,30,C,769.0,769.39,0.94,1.0638297872340319,0.12268656716412352,0.015945952919081807,14:00-15:00
2026-08-06,2026-08-06 14:28:13-04:00,868,30,P,769.0,769.39,0.51,1.960784313725492,0.18848484848490443,0.0244979592254779,14:00-15:00
2026-08-06,2026-08-06 14:28:13-04:00,868,60,C,769.0,769.39,0.94,1.0638297872340319,0.22365079365090423,0.029068585977320247,14:00-15:00
2026-08-06,2026-08-06 14:28:13-04:00,868,60,P,769.0,769.39,0.51,1.960784313725492,0.32675675675670846,0.04246958717382712,14:00-15:00
2026-08-06,2026-08-06 14:33:14-04:00,873,15,C,769.0,769.24,0.82,1.2195121951219388,0.041818181818143785,0.005436298400777883,14:00-15:00
2026-08-06,2026-08-06 14:33:14-04:00,873,15,P,769.0,769.24,0.54,1.8518518518518534,-0.007058823529405345,-0.0009176360471901285,14:00-15:00
2026-08-06,2026-08-06 14:33:14-04:00,873,30,C,769.0,769.24,0.82,1.2195121951219388,0.18999999999994088,0.024699703603549072,14:00-15:00
2026-08-06,2026-08-06 14:33:14-04:00,873,30,P,769.0,769.24,0.54,1.8518518518518534,0.14333333333343035,0.018633109736029115,14:00-15:00
2026-08-06,2026-08-06 14:33:14-04:00,873,60,C,769.0,769.24,0.82,1.2195121951219388,0.17687499999999545,0.02299347407831047,14:00-15:00
2026-08-06,2026-08-06 14:33:14-04:00,873,60,P,769.0,769.24,0.54,1.8518518518518534,0.2842857142857156,0.03695669937675051,14:00-15:00
2026-08-06,2026-08-06 14:38:14-04:00,878,15,C,769.0,768.96,0.66,1.5151515151515165,0.056721311475371294,0.007376366972972755,14:00-15:00
2026-08-06,2026-08-06 14:38:14-04:00,878,15,P,769.0,768.96,0.64,1.5625000000000013,0.011794871794904793,0.00153387325672399,14:00-15:00
2026-08-06,2026-08-06 14:38:14-04:00,878,30,C,769.0,768.96,0.66,1.5151515151515165,0.1434693877549762,0.018657587879080343,14:00-15:00
2026-08-06,2026-08-06 14:38:14-04:00,878,30,P,769.0,768.96,0.64,1.5625000000000013,0.059411764705942005,0.007726249051438567,14:00-15:00
2026-08-06,2026-08-06 14:38:14-04:00,878,60,C,769.0,768.96,0.66,1.5151515151515165,0.1966666666666015,0.025575669302252586,14:00-15:00
2026-08-06,2026-08-06 14:38:14-04:00,878,60,P,769.0,768.96,0.64,1.5625000000000013,0.22000000000002728,0.028610070744905753,14:00-15:00
2026-08-06,2026-08-06 14:43:14-04:00,883,15,C,769.0,768.74,0.54,1.8518518518518534,0.07315789473682344,0.009516597905250597,14:00-15:00
2026-08-06,2026-08-06 14:43:14-04:00,883,15,P,769.0,768.74,0.79,1.2658227848101276,0.0670491803278992,0.008721958051863984,14:00-15:00
2026-08-06,2026-08-06 14:43:14-04:00,883,30,C,769.0,768.74,0.54,1.8518518518518534,0.14038461538461888,0.018261650933295896,14:00-15:00
2026-08-06,2026-08-06 14:43:14-04:00,883,30,P,769.0,768.74,0.79,1.2658227848101276,0.16250000000002274,0.021138486354296996,14:00-15:00
2026-08-06,2026-08-06 14:43:14-04:00,883,60,C,769.0,768.74,0.54,1.8518518518518534,0.19454545454550498,0.025307054992000547,14:00-15:00
2026-08-06,2026-08-06 14:43:14-04:00,883,60,P,769.0,768.74,0.79,1.2658227848101276,0.15285714285710128,0.01988411463656129,14:00-15:00
2026-08-06,2026-08-06 14:48:14-04:00,888,15,C,769.0,769.1,0.71,1.4084507042253533,0.10551020408161094,0.013718658702588862,14:00-15:00
2026-08-06,2026-08-06 14:48:14-04:00,888,15,P,769.0,769.1,0.6,1.6666666666666683,0.12098039215698009,0.015730125101674694,14:00-15:00
2026-08-06,2026-08-06 14:48:14-04:00,888,30,C,769.0,769.1,0.71,1.4084507042253533,0.16176056338019862,0.021032448755714292,14:00-15:00
2026-08-06,2026-08-06 14:48:14-04:00,888,30,P,769.0,769.1,0.6,1.6666666666666683,0.21500000000003183,0.02795475230789648,14:00-15:00
2026-08-06,2026-08-06 14:48:14-04:00,888,60,C,769.0,769.1,0.71,1.4084507042253533,0.10492753623179851,0.013642899002964311,14:00-15:00
2026-08-06,2026-08-06 14:48:14-04:00,888,60,P,769.0,769.1,0.6,1.6666666666666683,0.2039344262295799,0.026515983126976977,14:00-15:00
2026-08-06,2026-08-06 14:53:14-04:00,893,15,C,769.0,768.82,0.55,1.8181818181818195,0.05897959183664625,0.007671443489587452,14:00-15:00
2026-08-06,2026-08-06 14:53:14-04:00,893,15,P,769.0,768.82,0.7,1.42857142857143,0.03705882352949175,0.004820221056878299,14:00-15:00
2026-08-06,2026-08-06 14:53:14-04:00,893,30,C,769.0,768.82,0.55,1.8181818181818195,0.17952380952385738,0.023350564439512157,14:00-15:00
2026-08-06,2026-08-06 14:53:14-04:00,893,30,P,769.0,768.82,0.7,1.42857142857143,0.1127586206896467,0.014666452575329296,14:00-15:00
2026-08-06,2026-08-06 14:58:14-04:00,898,15,C,769.0,769.05,0.64,1.5625000000000013,0.0226923076922958,0.0029506934129504975,14:00-15:00
2026-08-06,2026-08-06 14:58:14-04:00,898,15,P,769.0,769.05,0.57,1.7543859649122628,0.014166666666596939,0.001842099560054215,14:00-15:00
2026-08-06,2026-08-06 14:58:14-04:00,898,30,C,769.0,769.05,0.64,1.5625000000000013,0.08746031746045446,0.011372513810604572,14:00-15:00
2026-08-06,2026-08-06 14:58:14-04:00,898,30,P,769.0,769.05,0.57,1.7543859649122628,0.14891891891886644,0.019364010001803062,14:00-15:00
2026-08-06,2026-08-06 15:03:13-04:00,903,15,C,769.0,769.41,0.84,1.1904761904761916,0.034859154929563374,0.004530634503004039,15:00-16:00
2026-08-06,2026-08-06 15:03:13-04:00,903,15,P,769.0,769.41,0.41,2.4390243902438913,0.13706896551718728,0.017814814665417306,15:00-16:00
2026-08-06,2026-08-06 15:03:13-04:00,903,30,C,769.0,769.41,0.84,1.1904761904761916,0.03812500000003638,0.004955095462761906,15:00-16:00
2026-08-06,2026-08-06 15:03:13-04:00,903,30,P,769.0,769.41,0.41,2.4390243902438913,0.08285714285705126,0.01076891941319339,15:00-16:00
2026-08-06,2026-08-06 15:08:15-04:00,908,15,C,769.0,769.43,0.83,1.204819277108435,0.0377777777779329,0.004909839462710435,15:00-16:00
2026-08-06,2026-08-06 15:08:15-04:00,908,15,P,769.0,769.43,0.38,2.6315789473684235,0.09185185185174305,0.011937648889664174,15:00-16:00
2026-08-06,2026-08-06 15:08:15-04:00,908,30,C,769.0,769.43,0.83,1.204819277108435,0.010000000000104592,0.0012996633871963132,15:00-16:00
2026-08-06,2026-08-06 15:08:15-04:00,908,30,P,769.0,769.43,0.38,2.6315789473684235,0.023333333333312112,0.003032547903423588,15:00-16:00
2026-08-06,2026-08-06 15:13:14-04:00,913,15,C,770.0,769.515,0.36,2.7777777777777803,0.04693548387103874,0.006099359190014326,15:00-16:00
2026-08-06,2026-08-06 15:13:14-04:00,913,15,P,770.0,769.515,0.83,1.204819277108435,0.03323529411761683,0.004318992367610356,15:00-16:00
2026-08-06,2026-08-06 15:13:14-04:00,913,30,C,770.0,769.515,0.36,2.7777777777777803,0.010454545454535946,0.001358588910487248,15:00-16:00
2026-08-06,2026-08-06 15:13:14-04:00,913,30,P,770.0,769.515,0.83,1.204819277108435,-0.0007142857143662695,-9.282284482645166e-05,15:00-16:00
2026-08-06,2026-08-06 15:18:15-04:00,918,15,C,769.0,769.135,0.63,1.5873015873015885,-0.014999999999986358,-0.0019502428052274772,15:00-16:00
2026-08-06,2026-08-06 15:18:15-04:00,918,15,P,769.0,769.135,0.46,2.1739130434782625,-0.04928571428570194,-0.006407940645751648,15:00-16:00
2026-08-06,2026-08-06 15:18:15-04:00,918,30,C,769.0,769.135,0.63,1.5873015873015885,-0.04601449275367031,-0.005982628895274602,15:00-16:00
2026-08-06,2026-08-06 15:18:15-04:00,918,30,P,769.0,769.135,0.46,2.1739130434782625,-0.05833333333328028,-0.007584277575884635,15:00-16:00
2026-08-06,2026-08-06 15:23:15-04:00,923,15,C,769.0,769.19,0.64,1.5625000000000013,-0.06666666666671972,-0.008667126024352854,15:00-16:00
2026-08-06,2026-08-06 15:23:15-04:00,923,15,P,769.0,769.19,0.43,2.325581395348839,-0.08846153846150173,-0.011500609532300437,15:00-16:00
2026-08-06,2026-08-06 15:28:15-04:00,928,15,C,769.0,768.82,0.45,2.222222222222224,-0.09000000000003183,-0.011706251138111889,15:00-16:00
2026-08-06,2026-08-06 15:28:15-04:00,928,15,P,769.0,768.82,0.61,1.6393442622950833,-0.08857142857141298,-0.011520437627977026,15:00-16:00
2026-08-06,2026-08-06 15:33:16-04:00,933,15,C,769.0,768.87,0.48,2.0833333333333353,-0.14333333333343035,-0.018642076467209067,15:00-16:00
2026-08-06,2026-08-06 15:33:16-04:00,933,15,P,769.0,768.87,0.58,1.7241379310344844,-0.058852459016293324,-0.007654409590215943,15:00-16:00
2026-08-07,2026-08-07 09:30:03-04:00,570,15,C,771.0,770.97,1.89,1.0582010582010475,0.6189745762711709,0.08028517014555311,09:30-10:00
2026-08-07,2026-08-07 09:30:03-04:00,570,15,P,771.0,770.97,1.98,0.5050505050505055,0.7718529411764621,0.10011452341549762,09:30-10:00
2026-08-07,2026-08-07 09:30:03-04:00,570,30,C,771.0,770.97,1.89,1.0582010582010475,0.5466666666666242,0.07090634741515549,09:30-10:00
2026-08-07,2026-08-07 09:30:03-04:00,570,30,P,771.0,770.97,1.98,0.5050505050505055,0.7681132075472306,0.09962945478387364,09:30-10:00
2026-08-07,2026-08-07 09:30:03-04:00,570,60,C,771.0,770.97,1.89,1.0582010582010475,0.8990322580644943,0.116610537123947,09:30-10:00
2026-08-07,2026-08-07 09:30:03-04:00,570,60,P,771.0,770.97,1.98,0.5050505050505055,1.1009677419355057,0.14280292902908098,09:30-10:00
2026-08-07,2026-08-07 09:35:04-04:00,575,15,C,771.0,771.49,1.98,0.5050505050505055,0.39830508474574344,0.05162802949432182,09:30-10:00
2026-08-07,2026-08-07 09:35:04-04:00,575,15,P,771.0,771.49,1.49,0.671140939597316,0.4761904761904816,0.06172348004387375,09:30-10:00
2026-08-07,2026-08-07 09:35:04-04:00,575,30,C,771.0,771.49,1.98,0.5050505050505055,0.16967741935491176,0.021993469695642427,09:30-10:00
2026-08-07,2026-08-07 09:35:04-04:00,575,30,P,771.0,771.49,1.49,0.671140939597316,0.24833333333333485,0.032188794842879995,09:30-10:00
2026-08-07,2026-08-07 09:35:04-04:00,575,60,C,771.0,771.49,1.98,0.5050505050505055,0.5565384615384801,0.07213813031127818,09:30-10:00
2026-08-07,2026-08-07 09:35:04-04:00,575,60,P,771.0,771.49,1.49,0.671140939597316,0.7745652173912276,0.10039860755048381,09:30-10:00
2026-08-07,2026-08-07 09:40:04-04:00,580,15,C,771.0,770.97,1.7,0.5882352941176475,0.2299999999999045,0.029832548607585833,09:30-10:00
2026-08-07,2026-08-07 09:40:04-04:00,580,15,P,771.0,770.97,1.69,0.5917159763313614,0.2209433962265166,0.028657846119371257,09:30-10:00
2026-08-07,2026-08-07 09:40:04-04:00,580,30,C,771.0,770.97,1.7,0.5882352941176475,0.3824074074074133,0.0496008155190751,09:30-10:00
2026-08-07,2026-08-07 09:40:04-04:00,580,30,P,771.0,770.97,1.69,0.5917159763313614,0.33351063829786654,0.04325857533987918,09:30-10:00
2026-08-07,2026-08-07 09:40:04-04:00,580,60,C,771.0,770.97,1.7,0.5882352941176475,0.5516666666666197,0.07155488108053747,09:30-10:00
2026-08-07,2026-08-07 09:40:04-04:00,580,60,P,771.0,770.97,1.69,0.5917159763313614,0.5409259259259898,0.07016173468824854,09:30-10:00
2026-08-07,2026-08-07 09:45:04-04:00,585,15,C,772.0,772.0805,1.6,0.6250000000000006,-0.04716666666672609,-0.006109034830788511,09:30-10:00
2026-08-07,2026-08-07 09:45:04-04:00,585,15,P,772.0,772.0805,1.54,0.6493506493506499,0.01770930232567025,0.002293711902537397,09:30-10:00
2026-08-07,2026-08-07 09:45:04-04:00,585,30,C,772.0,772.0805,1.6,0.6250000000000006,0.11949999999990268,0.015477660684333133,09:30-10:00
2026-08-07,2026-08-07 09:45:04-04:00,585,30,P,772.0,772.0805,1.54,0.6493506493506499,0.10550000000012005,0.013664378261090657,09:30-10:00
2026-08-07,2026-08-07 09:45:04-04:00,585,60,C,772.0,772.0805,1.6,0.6250000000000006,0.34212711864404355,0.04431236362581927,09:30-10:00
2026-08-07,2026-08-07 09:45:04-04:00,585,60,P,772.0,772.0805,1.54,0.6493506493506499,0.4551226415094334,0.058947563305825415,09:30-10:00
2026-08-07,2026-08-07 09:50:03-04:00,590,15,C,772.0,771.63,1.37,0.7299270072992706,-0.05272727272722477,-0.006833232602053416,09:30-10:00
2026-08-07,2026-08-07 09:50:03-04:00,590,15,P,772.0,771.63,1.8,0.555555555555556,0.03416666666657875,0.004427856183219774,09:30-10:00
2026-08-07,2026-08-07 09:50:03-04:00,590,30,C,772.0,771.63,1.37,0.7299270072992706,0.3006896551723912,0.03896811362601133,09:30-10:00
2026-08-07,2026-08-07 09:50:03-04:00,590,30,P,772.0,771.63,1.8,0.555555555555556,0.35703703703711653,0.04627049713426338,09:30-10:00
2026-08-07,2026-08-07 09:50:03-04:00,590,60,C,772.0,771.63,1.37,0.7299270072992706,0.49811320754713506,0.06455337500448856,09:30-10:00
2026-08-07,2026-08-07 09:50:03-04:00,590,60,P,772.0,771.63,1.8,0.555555555555556,0.5833333333333712,0.07559754459175656,09:30-10:00
2026-08-07,2026-08-07 09:55:03-04:00,595,15,C,772.0,771.99,1.47,1.360544217687076,-0.06351851851843549,-0.008227893951791538,09:30-10:00
2026-08-07,2026-08-07 09:55:03-04:00,595,15,P,772.0,771.99,1.51,0.6622516556291397,-0.02946808510637311,-0.003817158914801113,09:30-10:00
2026-08-07,2026-08-07 09:55:03-04:00,595,30,C,772.0,771.99,1.47,1.360544217687076,0.1895918367347349,0.02455884619421688,09:30-10:00
2026-08-07,2026-08-07 09:55:03-04:00,595,30,P,772.0,771.99,1.51,0.6622516556291397,0.2213725490195202,0.028675572095431315,09:30-10:00
2026-08-07,2026-08-07 09:55:03-04:00,595,60,C,772.0,771.99,1.47,1.360544217687076,0.39999999999997726,0.0518141426702389,09:30-10:00
2026-08-07,2026-08-07 09:55:03-04:00,595,60,P,772.0,771.99,1.51,0.6622516556291397,0.49583333333339397,0.06422794768499514,09:30-10:00
2026-08-07,2026-08-07 10:00:04-04:00,600,15,C,771.0,770.9,1.53,0.6535947712418306,0.17272727272722932,0.0224059245981618,09:30-10:00
2026-08-07,2026-08-07 10:00:04-04:00,600,15,P,771.0,770.9,1.63,1.2269938650306624,0.1350877192982125,0.01752337777898722,09:30-10:00
2026-08-07,2026-08-07 10:00:04-04:00,600,30,C,771.0,770.9,1.53,0.6535947712418306,0.3883870967741814,0.050380995819714794,09:30-10:00
2026-08-07,2026-08-07 10:00:04-04:00,600,30,P,771.0,770.9,1.63,1.2269938650306624,0.4199999999999591,0.054481774549222865,09:30-10:00
2026-08-07,2026-08-07 10:00:04-04:00,600,60,C,771.0,770.9,1.53,0.6535947712418306,0.6763793103449416,0.08773891689517986,09:30-10:00
2026-08-07,2026-08-07 10:00:04-04:00,600,60,P,771.0,770.9,1.63,1.2269938650306624,0.7257142857142753,0.09413857643199836,09:30-10:00
2026-08-07,2026-08-07 10:05:04-04:00,605,15,C,770.0,770.45,1.86,0.5376344086021511,0.32551724137920246,0.04225027469390647,10:00-10:30
2026-08-07,2026-08-07 10:05:04-04:00,605,15,P,770.0,770.45,1.4,0.714285714285715,0.38418604651167243,0.049865149784109594,10:00-10:30
2026-08-07,2026-08-07 10:05:04-04:00,605,30,C,770.0,770.45,1.86,0.5376344086021511,0.4119230769230171,0.05346525756674892,10:00-10:30
2026-08-07,2026-08-07 10:05:04-04:00,605,30,P,770.0,770.45,1.4,0.714285714285715,0.5389130434782601,0.06994782834424818,10:00-10:30
2026-08-07,2026-08-07 10:05:04-04:00,605,60,C,770.0,770.45,1.86,0.5376344086021511,0.6802898550724876,0.08829772925854859,10:00-10:30
2026-08-07,2026-08-07 10:05:04-04:00,605,60,P,770.0,770.45,1.4,0.714285714285715,0.8951724137931478,0.11618825540828706,10:00-10:30
2026-08-07,2026-08-07 10:10:05-04:00,610,15,C,770.0,770.445,1.76,0.5681818181818187,0.2066129032258459,0.026817346238322777,10:00-10:30
2026-08-07,2026-08-07 10:10:05-04:00,610,15,P,770.0,770.445,1.32,0.7575757575757582,0.30382352941171575,0.03943481097439996,10:00-10:30
2026-08-07,2026-08-07 10:10:05-04:00,610,30,C,770.0,770.445,1.76,0.5681818181818187,0.18192982456139362,0.023613603120455528,10:00-10:30
2026-08-07,2026-08-07 10:10:05-04:00,610,30,P,770.0,770.445,1.32,0.7575757575757582,0.26441860465115496,0.034320244099339335,10:00-10:30
2026-08-07,2026-08-07 10:10:05-04:00,610,60,C,770.0,770.445,1.76,0.5681818181818187,0.6149999999998954,0.07982399781942844,10:00-10:30
2026-08-07,2026-08-07 10:10:05-04:00,610,60,P,770.0,770.445,1.32,0.7575757575757582,0.8189622641510823,0.10629730404520535,10:00-10:30
2026-08-07,2026-08-07 10:15:05-04:00,615,15,C,770.0,769.8,1.39,0.7194244604316554,0.22431372549021944,0.029139221289973948,10:00-10:30
2026-08-07,2026-08-07 10:15:05-04:00,615,15,P,770.0,769.8,1.62,0.6172839506172845,0.2999999999999545,0.03897116134060205,10:00-10:30
2026-08-07,2026-08-07 10:15:05-04:00,615,30,C,770.0,769.8,1.39,0.7194244604316554,0.26669491525433386,0.0346447019036547,10:00-10:30
2026-08-07,2026-08-07 10:15:05-04:00,615,30,P,770.0,769.8,1.62,0.6172839506172845,0.3255660377358254,0.04229228861208436,10:00-10:30
2026-08-07,2026-08-07 10:15:05-04:00,615,60,C,770.0,769.8,1.39,0.7194244604316554,0.6466666666667606,0.08400450333421157,10:00-10:30
2026-08-07,2026-08-07 10:15:05-04:00,615,60,P,770.0,769.8,1.62,0.6172839506172845,0.7088888888888505,0.09208741087150565,10:00-10:30
2026-08-07,2026-08-07 10:20:05-04:00,620,15,C,772.0,771.81,1.31,0.7633587786259549,0.10227272727286163,0.013251023862461181,10:00-10:30
2026-08-07,2026-08-07 10:20:05-04:00,620,15,P,772.0,771.81,1.51,0.0,0.13804347826078356,0.017885681483886393,10:00-10:30
2026-08-07,2026-08-07 10:20:05-04:00,620,30,C,772.0,771.81,1.31,0.7633587786259549,0.20490566037733515,0.026548717997607593,10:00-10:30
2026-08-07,2026-08-07 10:20:05-04:00,620,30,P,772.0,771.81,1.51,0.0,0.25234042553188374,0.032694630224003804,10:00-10:30
2026-08-07,2026-08-07 10:20:05-04:00,620,60,C,772.0,771.81,1.31,0.7633587786259549,0.541475409836039,0.07015656830515789,10:00-10:30
2026-08-07,2026-08-07 10:20:05-04:00,620,60,P,772.0,771.81,1.51,0.0,0.5813207547170123,0.07531915299322532,10:00-10:30
2026-08-07,2026-08-07 10:25:05-04:00,625,15,C,772.0,772.2,1.5,1.3333333333333344,-0.029210526315864627,-0.0037827669406714096,10:00-10:30
2026-08-07,2026-08-07 10:25:05-04:00,625,15,P,772.0,772.2,1.3,0.7692307692307698,-0.02709302325581575,-0.00350855002017816,10:00-10:30
2026-08-07,2026-08-07 10:25:05-04:00,625,30,C,772.0,772.2,1.5,1.3333333333333344,0.23687499999994088,0.030675343175335518,10:00-10:30
2026-08-07,2026-08-07 10:25:05-04:00,625,30,P,772.0,772.2,1.3,0.7692307692307698,0.26833333333343035,0.03474920141588064,10:00-10:30
2026-08-07,2026-08-07 10:25:05-04:00,625,60,C,772.0,772.2,1.5,1.3333333333333344,0.5913888888889005,0.0765849376960503,10:00-10:30
2026-08-07,2026-08-07 10:25:05-04:00,625,60,P,772.0,772.2,1.3,0.7692307692307698,0.6811206896551312,0.088205217515557,10:00-10:30
2026-08-07,2026-08-07 10:30:05-04:00,630,15,C,773.0,773.24,1.51,0.6622516556291397,0.030084745762678722,0.003890738420500585,10:00-10:30
2026-08-07,2026-08-07 10:30:05-04:00,630,15,P,773.0,773.24,1.26,0.7936507936507943,0.031097560975581473,0.004021721713256101,10:00-10:30
2026-08-07,2026-08-07 10:30:05-04:00,630,30,C,773.0,773.24,1.51,0.6622516556291397,0.30189655172421226,0.039043059299080786,10:00-10:30
2026-08-07,2026-08-07 10:30:05-04:00,630,30,P,773.0,773.24,1.26,0.7936507936507943,0.4049999999999727,0.052377011018567676,10:00-10:30
2026-08-07,2026-08-07 10:30:05-04:00,630,60,C,773.0,773.24,1.51,0.6622516556291397,0.5722535211267541,0.0740072320530177,10:00-10:30
2026-08-07,2026-08-07 10:30:05-04:00,630,60,P,773.0,773.24,1.26,0.7936507936507943,0.6733898305085404,0.08708678166009783,10:00-10:30
2026-08-07,2026-08-07 10:35:05-04:00,635,15,C,773.0,772.585,1.14,0.8771929824561412,0.10915094339611642,0.01412801742152856,10:30-11:00
2026-08-07,2026-08-07 10:35:05-04:00,635,15,P,773.0,772.585,1.56,0.6410256410256416,0.13372340425542006,0.017308568540085563,10:30-11:00
2026-08-07,2026-08-07 10:35:05-04:00,635,30,C,773.0,772.585,1.14,0.8771929824561412,0.3571428571428896,0.046226998601175226,10:30-11:00
2026-08-07,2026-08-07 10:35:05-04:00,635,30,P,773.0,772.585,1.56,0.6410256410256416,0.306034482758605,0.03961175569789797,10:30-11:00
2026-08-07,2026-08-07 10:35:05-04:00,635,60,C,773.0,772.585,1.14,0.8771929824561412,0.5589215686273974,0.07234434639908843,10:30-11:00
2026-08-07,2026-08-07 10:35:05-04:00,635,60,P,773.0,772.585,1.56,0.6410256410256416,0.48742424242425386,0.06309004736362392,10:30-11:00
2026-08-07,2026-08-07 10:40:05-04:00,640,15,C,772.0,771.855,1.33,0.7518796992481209,0.2657692307692514,0.034432533412266736,10:30-11:00
2026-08-07,2026-08-07 10:40:05-04:00,640,15,P,772.0,771.855,1.47,0.680272108843538,0.27750000000003183,0.03595234856288187,10:30-11:00
2026-08-07,2026-08-07 10:40:05-04:00,640,30,C,772.0,771.855,1.33,0.7518796992481209,0.5114516129031017,0.06626265463112913,10:30-11:00
2026-08-07,2026-08-07 10:40:05-04:00,640,30,P,772.0,771.855,1.47,0.680272108843538,0.5119811320755616,0.06633125808287328,10:30-11:00
2026-08-07,2026-08-07 10:40:05-04:00,640,60,C,772.0,771.855,1.33,0.7518796992481209,0.6716666666666242,0.08701979862365655,10:30-11:00
2026-08-07,2026-08-07 10:40:05-04:00,640,60,P,772.0,771.855,1.47,0.680272108843538,0.6642307692308123,0.08605641852819665,10:30-11:00
2026-08-07,2026-08-07 10:45:05-04:00,645,15,C,772.0,771.965,1.34,0.7462686567164185,0.2837931034482608,0.036762431385912675,10:30-11:00
2026-08-07,2026-08-07 10:45:05-04:00,645,15,P,772.0,771.965,1.37,0.7299270072992706,0.32642857142855064,0.0422854107930477,10:30-11:00
2026-08-07,2026-08-07 10:45:05-04:00,645,30,C,772.0,771.965,1.34,0.7462686567164185,0.3983333333333121,0.05159992141266923,10:30-11:00
2026-08-07,2026-08-07 10:45:05-04:00,645,30,P,772.0,771.965,1.37,0.7299270072992706,0.4109259259259943,0.05323116021140781,10:30-11:00
2026-08-07,2026-08-07 10:45:05-04:00,645,60,C,772.0,771.965,1.34,0.7462686567164185,0.5900793650794185,0.07643861639833652,10:30-11:00
2026-08-07,2026-08-07 10:45:05-04:00,645,60,P,772.0,771.965,1.37,0.7299270072992706,0.6617924528301273,0.08572829763397657,10:30-11:00
2026-08-07,2026-08-07 10:50:06-04:00,650,15,C,772.0,772.43,1.54,0.6493506493506499,0.2264285714286416,0.02931379819901371,10:30-11:00
2026-08-07,2026-08-07 10:50:06-04:00,650,15,P,772.0,772.43,1.11,0.9009009009009016,0.2548837209301382,0.03299764650908668,10:30-11:00
2026-08-07,2026-08-07 10:50:06-04:00,650,30,C,772.0,772.43,1.54,0.6493506493506499,0.2985245901639928,0.03864746192716399,10:30-11:00
2026-08-07,2026-08-07 10:50:06-04:00,650,30,P,772.0,772.43,1.11,0.9009009009009016,0.4466037735849113,0.0578180253984065,10:30-11:00
2026-08-07,2026-08-07 10:50:06-04:00,650,60,C,772.0,772.43,1.54,0.6493506493506499,0.5115285714286983,0.06622329161590026,10:30-11:00
2026-08-07,2026-08-07 10:50:06-04:00,650,60,P,772.0,772.43,1.11,0.9009009009009016,0.7512043478260466,0.09725209375944055,10:30-11:00
2026-08-07,2026-08-07 10:55:06-04:00,655,15,C,772.0,772.39,1.48,0.6756756756756763,0.2183870967741086,0.028274200439429385,10:30-11:00
2026-08-07,2026-08-07 10:55:06-04:00,655,15,P,772.0,772.39,1.09,0.9174311926605512,0.3300000000000409,0.04272453035384209,10:30-11:00
2026-08-07,2026-08-07 10:55:06-04:00,655,30,C,772.0,772.39,1.48,0.6756756756756763,0.3702586206896967,0.04793674448008088,10:30-11:00
2026-08-07,2026-08-07 10:55:06-04:00,655,30,P,772.0,772.39,1.09,0.9174311926605512,0.472965116279056,0.061233977172031745,10:30-11:00
2026-08-07,2026-08-07 10:55:06-04:00,655,60,C,772.0,772.39,1.48,0.6756756756756763,0.42124999999998636,0.0545385103380399,10:30-11:00
2026-08-07,2026-08-07 10:55:06-04:00,655,60,P,772.0,772.39,1.09,0.9174311926605512,0.650094339622683,0.0841665919577782,10:30-11:00
2026-08-07,2026-08-07 11:00:06-04:00,660,15,C,773.0,772.835,1.11,0.9009009009009016,0.1449999999999818,0.018762090226242575,10:30-11:00
2026-08-07,2026-08-07 11:00:06-04:00,660,15,P,773.0,772.835,1.27,0.7874015748031503,0.09574074074077998,0.01238825114555888,10:30-11:00
2026-08-07,2026-08-07 11:00:06-04:00,660,30,C,773.0,772.835,1.11,0.9009009009009016,0.28587719298241154,0.03699071509214923,10:30-11:00
2026-08-07,2026-08-07 11:00:06-04:00,660,30,P,773.0,772.835,1.27,0.7874015748031503,0.2853389830509059,0.03692107410390392,10:30-11:00
2026-08-07,2026-08-07 11:00:06-04:00,660,60,C,773.0,772.835,1.11,0.9009009009009016,0.4048305084745607,0.05238252776783669,10:30-11:00
2026-08-07,2026-08-07 11:00:06-04:00,660,60,P,773.0,772.835,1.27,0.7874015748031503,0.374830508474588,0.04850071599689299,10:30-11:00
2026-08-07,2026-08-07 11:05:06-04:00,665,15,C,773.0,772.71,1.02,0.980392156862746,0.11260869565205667,0.014573215779795354,11:00-12:00
2026-08-07,2026-08-07 11:05:06-04:00,665,15,P,773.0,772.71,1.32,0.7575757575757582,0.1228301886793588,0.015896026799104294,11:00-12:00
2026-08-07,2026-08-07 11:05:06-04:00,665,30,C,773.0,772.71,1.02,0.980392156862746,0.19862745098043888,0.02570530353954768,11:00-12:00
2026-08-07,2026-08-07 11:05:06-04:00,665,30,P,773.0,772.71,1.32,0.7575757575757582,0.2067346938775927,0.02675449960238546,11:00-12:00
2026-08-07,2026-08-07 11:05:06-04:00,665,60,C,773.0,772.71,1.02,0.980392156862746,0.35416666666662877,0.04583435786603367,11:00-12:00
2026-08-07,2026-08-07 11:05:06-04:00,665,60,P,773.0,772.71,1.32,0.7575757575757582,0.3846153846153584,0.04977486827080772,11:00-12:00
2026-08-07,2026-08-07 11:10:07-04:00,670,15,C,773.0,773.06,1.15,0.8695652173913052,0.13129310344834266,0.01698355929013824,11:00-12:00
2026-08-07,2026-08-07 11:10:07-04:00,670,15,P,773.0,773.06,1.1,0.9090909090909097,0.16622093023249818,0.02150168553960859,11:00-12:00
2026-08-07,2026-08-07 11:10:07-04:00,670,30,C,773.0,773.06,1.15,0.8695652173913052,0.16000000000008185,0.02069697048095644,11:00-12:00
2026-08-07,2026-08-07 11:10:07-04:00,670,30,P,773.0,773.06,1.1,0.9090909090909097,0.17999999999994998,0.023284091791057615,11:00-12:00
2026-08-07,2026-08-07 11:10:07-04:00,670,60,C,773.0,773.06,1.15,0.8695652173913052,0.3009090909091583,0.03892441607496938,11:00-12:00
2026-08-07,2026-08-07 11:10:07-04:00,670,60,P,773.0,773.06,1.1,0.9090909090909097,0.3782352941176441,0.04892702948252971,11:00-12:00
2026-08-07,2026-08-07 11:16:07-04:00,676,15,C,773.0,772.98,1.12,0.8928571428571435,0.15842105263152462,0.020494844967725506,11:00-12:00
2026-08-07,2026-08-07 11:16:07-04:00,676,15,P,773.0,772.98,1.15,0.8695652173913052,0.22694915254237458,0.02936028778783081,11:00-12:00
2026-08-07,2026-08-07 11:16:07-04:00,676,30,C,773.0,772.98,1.12,0.8928571428571435,0.22587301587304864,0.029221068575260502,11:00-12:00
2026-08-07,2026-08-07 11:16:07-04:00,676,30,P,773.0,772.98,1.15,0.8695652173913052,0.261698113207558,0.0338557418312968,11:00-12:00
2026-08-07,2026-08-07 11:16:07-04:00,676,60,C,773.0,772.98,1.12,0.8928571428571435,0.3774999999999409,0.048836968614962985,11:00-12:00
2026-08-07,2026-08-07 11:16:07-04:00,676,60,P,773.0,772.98,1.15,0.8695652173913052,0.41377358490569804,0.05352966246289658,11:00-12:00
2026-08-07,2026-08-07 11:21:07-04:00,681,15,C,773.0,773.04,1.13,0.8849557522123707,0.08431372549023308,0.010906773969035636,11:00-12:00
2026-08-07,2026-08-07 11:21:07-04:00,681,15,P,773.0,773.04,1.09,0.9174311926605512,0.06734693877547215,0.008711960412846963,11:00-12:00
2026-08-07,2026-08-07 11:21:07-04:00,681,30,C,773.0,773.04,1.13,0.8849557522123707,0.252322222222233,0.0326402543493523,11:00-12:00
2026-08-07,2026-08-07 11:21:07-04:00,681,30,P,773.0,773.04,1.09,0.9174311926605512,0.31772608695644067,0.04110085984637803,11:00-12:00
2026-08-07,2026-08-07 11:21:07-04:00,681,60,C,773.0,773.04,1.13,0.8849557522123707,0.30344262295091085,0.0392531593385738,11:00-12:00
2026-08-07,2026-08-07 11:21:07-04:00,681,60,P,773.0,773.04,1.09,0.9174311926605512,0.39357142857136296,0.050912168655097144,11:00-12:00
2026-08-07,2026-08-07 11:26:07-04:00,686,15,C,774.0,773.7775,0.92,1.0869565217391313,-0.017500000000040927,-0.0022616320583166254,11:00-12:00
2026-08-07,2026-08-07 11:26:07-04:00,686,15,P,774.0,773.7775,1.16,0.8620689655172422,0.017500000000040927,0.0022616320583166254,11:00-12:00
2026-08-07,2026-08-07 11:26:07-04:00,686,30,C,774.0,773.7775,0.92,1.0869565217391313,0.14029661016945738,0.018131389213237314,11:00-12:00
2026-08-07,2026-08-07 11:26:07-04:00,686,30,P,774.0,773.7775,1.16,0.8620689655172422,0.1308898305085222,0.016915693530572058,11:00-12:00
2026-08-07,2026-08-07 11:26:07-04:00,686,60,C,774.0,773.7775,0.92,1.0869565217391313,-0.04577586206903561,-0.0059158946944096475,11:00-12:00
2026-08-07,2026-08-07 11:26:07-04:00,686,60,P,774.0,773.7775,1.16,0.8620689655172422,-6.0975609699198685e-05,-7.880251066902137e-06,11:00-12:00
2026-08-07,2026-08-07 11:31:07-04:00,691,15,C,774.0,773.77,0.92,1.0869565217391313,0.02416666666670153,0.003123236448389254,11:00-12:00
2026-08-07,2026-08-07 11:31:07-04:00,691,15,P,774.0,773.77,1.15,0.8695652173913052,0.0516981132075216,0.006681328199273893,11:00-12:00
2026-08-07,2026-08-07 11:31:07-04:00,691,30,C,774.0,773.77,0.92,1.0869565217391313,0.1477966101695074,0.01910084523430831,11:00-12:00
2026-08-07,2026-08-07 11:31:07-04:00,691,30,P,774.0,773.77,1.15,0.8695652173913052,0.1064406779660203,0.013756113310934813,11:00-12:00
2026-08-07,2026-08-07 11:31:07-04:00,691,60,C,774.0,773.77,0.92,1.0869565217391313,-0.18999999999994088,-0.02455510035281038,11:00-12:00
2026-08-07,2026-08-07 11:31:07-04:00,691,60,P,774.0,773.77,1.15,0.8695652173913052,-0.11750000000006366,-0.015185391007672003,11:00-12:00
2026-08-07,2026-08-07 11:36:07-04:00,696,15,C,773.0,773.34,1.25,0.8000000000000007,0.17454444444445016,0.022570207728095038,11:00-12:00
2026-08-07,2026-08-07 11:36:07-04:00,696,15,P,773.0,773.34,0.92,1.0869565217391313,0.24816086956525396,0.03208949098265368,11:00-12:00
2026-08-07,2026-08-07 11:36:07-04:00,696,30,C,773.0,773.34,1.25,0.8000000000000007,0.11242424242425386,0.014537492231651518,11:00-12:00
2026-08-07,2026-08-07 11:36:07-04:00,696,30,P,773.0,773.34,0.92,1.0869565217391313,0.24538461538463707,0.03173049569201607,11:00-12:00
2026-08-07,2026-08-07 11:36:07-04:00,696,60,C,773.0,773.34,1.25,0.8000000000000007,0.1254838709676278,0.016226222743893737,11:00-12:00
2026-08-07,2026-08-07 11:36:07-04:00,696,60,P,773.0,773.34,0.92,1.0869565217391313,0.17486486486495778,0.0226116410459769,11:00-12:00
2026-08-07,2026-08-07 11:41:07-04:00,701,15,C,773.0,773.36,1.23,0.8130081300813016,0.08322033898309655,0.010760879665756768,11:00-12:00
2026-08-07,2026-08-07 11:41:07-04:00,701,15,P,773.0,773.36,0.87,1.1494252873563229,0.08500000000003638,0.01099100031033883,11:00-12:00
2026-08-07,2026-08-07 11:41:07-04:00,701,30,C,773.0,773.36,1.23,0.8130081300813016,0.12212121212121474,0.015790991533207656,11:00-12:00
2026-08-07,2026-08-07 11:41:07-04:00,701,30,P,773.0,773.36,0.87,1.1494252873563229,0.227254901960805,0.02938539644677834,11:00-12:00
2026-08-07,2026-08-07 11:41:07-04:00,701,60,C,773.0,773.36,1.23,0.8130081300813016,0.1043283582089316,0.013490270793541377,11:00-12:00
2026-08-07,2026-08-07 11:41:07-04:00,701,60,P,773.0,773.36,0.87,1.1494252873563229,0.19326530612238457,0.02499034164197587,11:00-12:00
2026-08-07,2026-08-07 11:46:08-04:00,706,15,C,773.0,773.19,1.12,0.8928571428571435,0.06677966101688071,0.008636901798636907,11:00-12:00
2026-08-07,2026-08-07 11:46:08-04:00,706,15,P,773.0,773.19,0.91,1.0989010989010999,0.014999999999986358,0.0019400147441102906,11:00-12:00
2026-08-07,2026-08-07 11:46:08-04:00,706,30,C,773.0,773.19,1.12,0.8928571428571435,0.1674999999999045,0.021663497975905596,11:00-12:00
2026-08-07,2026-08-07 11:46:08-04:00,706,30,P,773.0,773.19,0.91,1.0989010989010999,0.17094339622656207,0.022108847272541296,11:00-12:00
2026-08-07,2026-08-07 11:46:08-04:00,706,60,C,773.0,773.19,1.12,0.8928571428571435,0.1736363636363194,0.022457140371230797,11:00-12:00
2026-08-07,2026-08-07 11:46:08-04:00,706,60,P,773.0,773.19,0.91,1.0989010989010999,0.16777777777781466,0.021699424174887755,11:00-12:00
2026-08-07,2026-08-07 11:51:08-04:00,711,15,C,774.0,773.5701,0.75,1.3333333333333344,-0.06843333333335977,-0.008846429474634526,11:00-12:00
2026-08-07,2026-08-07 11:51:08-04:00,711,15,P,774.0,773.5701,1.17,0.8547008547008554,-0.043746153846200286,-0.005655098852217826,11:00-12:00
2026-08-07,2026-08-07 11:51:08-04:00,711,30,C,774.0,773.5701,0.75,1.3333333333333344,0.05431860465114369,0.007021807674720582,11:00-12:00
2026-08-07,2026-08-07 11:51:08-04:00,711,30,P,774.0,773.5701,1.17,0.8547008547008554,0.06652857142853463,0.008600199442627712,11:00-12:00
2026-08-07,2026-08-07 11:51:08-04:00,711,60,C,774.0,773.5701,0.75,1.3333333333333344,0.23184915254228144,0.029971317730905243,11:00-12:00
2026-08-07,2026-08-07 11:51:08-04:00,711,60,P,774.0,773.5701,1.17,0.8547008547008554,0.151766666666731,0.019618993374579886,11:00-12:00
2026-08-07,2026-08-07 11:56:06-04:00,716,15,C,773.0,773.155,1.07,0.9345794392523372,0.07418367346940613,0.009594929020624083,11:00-12:00
2026-08-07,2026-08-07 11:56:06-04:00,716,15,P,773.0,773.155,0.88,1.1363636363636374,0.04186274509800114,0.005414534614404763,11:00-12:00
2026-08-07,2026-08-07 11:56:06-04:00,716,30,C,773.0,773.155,1.07,0.9345794392523372,-0.16465517241385896,-0.021296528175315296,11:00-12:00
2026-08-07,2026-08-07 11:56:06-04:00,716,30,P,773.0,773.155,0.88,1.1363636363636374,-0.3054878048779983,-0.03951184495709118,11:00-12:00
2026-08-07,2026-08-07 11:56:06-04:00,716,60,C,773.0,773.155,1.07,0.9345794392523372,0.16166666666663332,0.020909994330584852,11:00-12:00
2026-08-07,2026-08-07 11:56:06-04:00,716,60,P,773.0,773.155,0.88,1.1363636363636374,0.25028301886788995,0.03237164848806384,11:00-12:00
2026-08-07,2026-08-07 12:01:08-04:00,721,15,C,773.0,772.85,0.89,1.1235955056179785,0.08086956521731281,0.01046381124633665,12:00-13:00
2026-08-07,2026-08-07 12:01:08-04:00,721,15,P,773.0,772.85,1.05,0.9523809523809532,0.09509433962273306,0.012304372080317405,12:00-13:00
2026-08-07,2026-08-07 12:01:08-04:00,721,30,C,773.0,772.85,0.89,1.1235955056179785,-0.32999999999992724,-0.042699100731050946,12:00-13:00
2026-08-07,2026-08-07 12:01:08-04:00,721,30,P,773.0,772.85,1.05,0.9523809523809532,-0.24583333333339397,-0.03180867352440887,12:00-13:00
2026-08-07,2026-08-07 12:01:08-04:00,721,60,C,773.0,772.85,0.89,1.1235955056179785,0.2419841269841072,0.031310620040642716,12:00-13:00
2026-08-07,2026-08-07 12:01:08-04:00,721,60,P,773.0,772.85,1.05,0.9523809523809532,0.2709649122806468,0.0350604790425887,12:00-13:00
2026-08-07,2026-08-07 12:06:08-04:00,726,15,C,773.0,773.21,1.1,0.9090909090909097,0.08426229508199867,0.0108977244321722,12:00-13:00
2026-08-07,2026-08-07 12:06:08-04:00,726,15,P,773.0,773.21,0.87,1.1494252873563229,0.1284210526315519,0.01660881941924599,12:00-13:00
2026-08-07,2026-08-07 12:06:08-04:00,726,30,C,773.0,773.21,1.1,0.9090909090909097,0.013548387096761871,0.0017522260571852242,12:00-13:00
2026-08-07,2026-08-07 12:06:08-04:00,726,30,P,773.0,773.21,0.87,1.1494252873563229,-0.0902702702702527,-0.011674741696337695,12:00-13:00
2026-08-07,2026-08-07 12:06:08-04:00,726,60,C,773.0,773.21,1.1,0.9090909090909097,0.2899999999999636,0.03750598155739884,12:00-13:00
2026-08-07,2026-08-07 12:06:08-04:00,726,60,P,773.0,773.21,0.87,1.1494252873563229,0.3521568627451188,0.045544788963556966,12:00-13:00
2026-08-07,2026-08-07 12:11:08-04:00,731,15,C,773.0,773.27,1.1,0.9090909090909097,-0.22793103448282181,-0.029476254669497305,12:00-13:00
2026-08-07,2026-08-07 12:11:08-04:00,731,15,P,773.0,773.27,0.81,1.234567901234569,-0.3612195121951345,-0.046713245334118025,12:00-13:00
2026-08-07,2026-08-07 12:11:08-04:00,731,30,C,773.0,773.27,1.1,0.9090909090909097,-0.016923076923035296,-0.0021885081437318524,12:00-13:00
2026-08-07,2026-08-07 12:11:08-04:00,731,30,P,773.0,773.27,0.81,1.234567901234569,-0.019183673469456153,-0.002480850604505044,12:00-13:00
2026-08-07,2026-08-07 12:11:08-04:00,731,60,C,773.0,773.27,1.1,0.9090909090909097,0.2541176470588198,0.03286273191237469,12:00-13:00
2026-08-07,2026-08-07 12:11:08-04:00,731,60,P,773.0,773.27,0.81,1.234567901234569,0.3607547169810914,0.046653137582098284,12:00-13:00
2026-08-07,2026-08-07 12:16:08-04:00,736,15,C,773.0,773.17,1.01,0.990099009900991,-0.40999999999996817,-0.05302844135183312,12:00-13:00
2026-08-07,2026-08-07 12:16:08-04:00,736,15,P,773.0,773.17,0.84,1.1904761904761916,-0.5005882352942308,-0.06474491189443858,12:00-13:00
2026-08-07,2026-08-07 12:16:08-04:00,736,30,C,773.0,773.17,1.01,0.990099009900991,-0.006363636363516889,-0.000823057848017498,12:00-13:00
2026-08-07,2026-08-07 12:16:08-04:00,736,30,P,773.0,773.17,0.84,1.1904761904761916,-0.007777777777846495,-0.0010059595920491606,12:00-13:00
2026-08-07,2026-08-07 12:16:08-04:00,736,60,C,773.0,773.17,1.01,0.990099009900991,0.2242307692307577,0.029001483403489233,12:00-13:00
2026-08-07,2026-08-07 12:16:08-04:00,736,60,P,773.0,773.17,0.84,1.1904761904761916,0.3555263157894615,0.045982942404576156,12:00-13:00
2026-08-07,2026-08-07 12:21:08-04:00,741,15,C,773.0,772.95,0.9,1.111111111111112,-0.09391304347832374,-0.012149950640833655,12:00-13:00
2026-08-07,2026-08-07 12:21:08-04:00,741,15,P,773.0,772.95,0.93,1.0752688172043021,-0.18810810810805378,-0.02433638761990475,12:00-13:00
2026-08-07,2026-08-07 12:21:08-04:00,741,30,C,773.0,772.95,0.9,1.111111111111112,0.10618644067790228,0.013737814952830362,12:00-13:00
2026-08-07,2026-08-07 12:21:08-04:00,741,30,P,773.0,772.95,0.93,1.0752688172043021,0.11621951219524362,0.015035838307166519,12:00-13:00
2026-08-07,2026-08-07 12:21:08-04:00,741,60,C,773.0,772.95,0.9,1.111111111111112,0.3489855072463115,0.0451498165788617,12:00-13:00
2026-08-07,2026-08-07 12:21:08-04:00,741,60,P,773.0,772.95,0.93,1.0752688172043021,0.3338461538462525,0.043191170689727984,12:00-13:00
2026-08-07,2026-08-07 12:26:08-04:00,746,15,C,772.0,771.68,0.9,1.111111111111112,0.18846153846163816,0.024422239589161072,12:00-13:00
2026-08-07,2026-08-07 12:26:08-04:00,746,15,P,772.0,771.68,1.22,1.6393442622950833,0.22755102040810016,0.029487743677184864,12:00-13:00
2026-08-07,2026-08-07 12:26:08-04:00,746,30,C,772.0,771.68,0.9,1.111111111111112,0.3450000000000273,0.04470765083972985,12:00-13:00
2026-08-07,2026-08-07 12:26:08-04:00,746,30,P,772.0,771.68,1.22,1.6393442622950833,0.4167924528301228,0.05401104769206444,12:00-13:00
2026-08-07,2026-08-07 12:26:08-04:00,746,60,C,772.0,771.68,0.9,1.111111111111112,0.5712500000000773,0.07402679867303512,12:00-13:00
2026-08-07,2026-08-07 12:26:08-04:00,746,60,P,772.0,771.68,1.22,1.6393442622950833,0.5375862068964352,0.06966439546138753,12:00-13:00
2026-08-07,2026-08-07 12:31:09-04:00,751,15,C,771.0,771.2,1.24,0.8064516129032264,0.3818181818181756,0.049509619011692894,12:00-13:00
2026-08-07,2026-08-07 12:31:09-04:00,751,15,P,771.0,771.2,1.01,0.990099009900991,0.39999999999997726,0.0518672199170095,12:00-13:00
2026-08-07,2026-08-07 12:31:09-04:00,751,30,C,771.0,771.2,1.24,0.8064516129032264,0.4475396825396274,0.05803159783968197,12:00-13:00
2026-08-07,2026-08-07 12:31:09-04:00,751,30,P,771.0,771.2,1.01,0.990099009900991,0.5507894736841763,0.07141979689888178,12:00-13:00
2026-08-07,2026-08-07 12:31:09-04:00,751,60,C,771.0,771.2,1.24,0.8064516129032264,0.621343283582064,0.08056837183377386,12:00-13:00
2026-08-07,2026-08-07 12:31:09-04:00,751,60,P,771.0,771.2,1.01,0.990099009900991,0.7415789473684526,0.09615909587246532,12:00-13:00
2026-08-07,2026-08-07 12:36:09-04:00,756,15,C,772.0,772.03,0.99,1.010101010101011,0.17872881355935988,0.02315050108925299,12:00-13:00
2026-08-07,2026-08-07 12:36:09-04:00,756,15,P,772.0,772.03,0.98,1.020408163265307,0.2949999999999591,0.03821095035166497,12:00-13:00
2026-08-07,2026-08-07 12:36:09-04:00,756,30,C,772.0,772.03,0.99,1.010101010101011,0.3082352941177078,0.03992530006835327,12:00-13:00
2026-08-07,2026-08-07 12:36:09-04:00,756,30,P,772.0,772.03,0.98,1.020408163265307,0.3878431372548903,0.050236796141975085,12:00-13:00
2026-08-07,2026-08-07 12:36:09-04:00,756,60,C,772.0,772.03,0.99,1.010101010101011,0.39999999999997726,0.051811458103956744,12:00-13:00
2026-08-07,2026-08-07 12:36:09-04:00,756,60,P,772.0,772.03,0.98,1.020408163265307,0.5172413793103487,0.06699757513443115,12:00-13:00
2026-08-07,2026-08-07 12:41:09-04:00,761,15,C,772.0,772.33,1.15,0.8695652173913052,0.17468253968252156,0.022617603832885108,12:00-13:00
2026-08-07,2026-08-07 12:41:09-04:00,761,15,P,772.0,772.33,0.8,1.250000000000001,0.28166666666663787,0.036469730123993356,12:00-13:00
2026-08-07,2026-08-07 12:41:09-04:00,761,30,C,772.0,772.33,1.15,0.8695652173913052,0.26764705882351336,0.03465449468795895,12:00-13:00
2026-08-07,2026-08-07 12:41:09-04:00,761,30,P,772.0,772.33,0.8,1.250000000000001,0.4018867924528422,0.052035631459718276,12:00-13:00
2026-08-07,2026-08-07 12:41:09-04:00,761,60,C,772.0,772.33,1.15,0.8695652173913052,0.38275362318836414,0.04955830062128418,12:00-13:00
2026-08-07,2026-08-07 12:41:09-04:00,761,60,P,772.0,772.33,0.8,1.250000000000001,0.5099999999999909,0.06603394921859708,12:00-13:00
2026-08-07,2026-08-07 12:46:09-04:00,766,15,C,773.0,772.6,0.71,1.4084507042253533,0.13244186046517825,0.017142358330983466,12:00-13:00
2026-08-07,2026-08-07 12:46:09-04:00,766,15,P,773.0,772.6,1.11,0.9009009009009016,0.12622807017544346,0.01633808829607086,12:00-13:00
2026-08-07,2026-08-07 12:46:09-04:00,766,30,C,773.0,772.6,0.71,1.4084507042253533,0.285465116279056,0.03694863011636759,12:00-13:00
2026-08-07,2026-08-07 12:46:09-04:00,766,30,P,773.0,772.6,1.11,0.9009009009009016,0.2592105263158828,0.03355041759201175,12:00-13:00
2026-08-07,2026-08-07 12:46:09-04:00,766,60,C,773.0,772.6,0.71,1.4084507042253533,0.4526086956520885,0.05858253891432675,12:00-13:00
2026-08-07,2026-08-07 12:46:09-04:00,766,60,P,773.0,772.6,1.11,0.9009009009009016,0.3941025641025817,0.05100990992785163,12:00-13:00
2026-08-07,2026-08-07 12:51:09-04:00,771,15,C,773.0,772.785,0.75,1.3333333333333344,0.09000000000003183,0.01164618878472432,12:00-13:00
2026-08-07,2026-08-07 12:51:09-04:00,771,15,P,773.0,772.785,0.96,1.0416666666666676,0.1036274509804116,0.013409609526635686,12:00-13:00
2026-08-07,2026-08-07 12:51:09-04:00,771,30,C,773.0,772.785,0.75,1.3333333333333344,0.2141666666666424,0.02771361590437734,12:00-13:00
2026-08-07,2026-08-07 12:51:09-04:00,771,30,P,773.0,772.785,0.96,1.0416666666666676,0.22653846153843915,0.029314552111963765,12:00-13:00
2026-08-07,2026-08-07 12:51:09-04:00,771,60,C,773.0,772.785,0.75,1.3333333333333344,0.359565217391264,0.04652849335730689,12:00-13:00
2026-08-07,2026-08-07 12:51:09-04:00,771,60,P,773.0,772.785,0.96,1.0416666666666676,0.36185185185183855,0.04682438865296798,12:00-13:00
2026-08-07,2026-08-07 12:56:08-04:00,776,15,C,772.0,772.15,0.97,1.0309278350515474,0.18294117647064922,0.02369244013088768,12:00-13:00
2026-08-07,2026-08-07 12:56:08-04:00,776,15,P,772.0,772.15,0.76,1.3157894736842117,0.14641509433954525,0.01896200146856767,12:00-13:00
2026-08-07,2026-08-07 12:56:08-04:00,776,30,C,772.0,772.15,0.97,1.0309278350515474,0.21062500000005002,0.02727773101082044,12:00-13:00
2026-08-07,2026-08-07 12:56:08-04:00,776,30,P,772.0,772.15,0.76,1.3157894736842117,0.21448275862064747,0.02777734360171566,12:00-13:00
2026-08-07,2026-08-07 12:56:08-04:00,776,60,C,772.0,772.15,0.97,1.0309278350515474,0.35985915492960885,0.04660482483061696,12:00-13:00
2026-08-07,2026-08-07 12:56:08-04:00,776,60,P,772.0,772.15,0.76,1.3157894736842117,0.3785714285713766,0.04902822360569535,12:00-13:00
2026-08-07,2026-08-07 13:01:10-04:00,781,15,C,772.0,771.965,0.82,1.2195121951219388,0.13692307692303984,0.017736953997012795,13:00-14:00
2026-08-07,2026-08-07 13:01:10-04:00,781,15,P,772.0,771.965,0.84,1.1904761904761916,0.15052631578953424,0.0194991114609515,13:00-14:00
2026-08-07,2026-08-07 13:01:10-04:00,781,30,C,772.0,771.965,0.82,1.2195121951219388,0.2294776119402968,0.029726426967582313,13:00-14:00
2026-08-07,2026-08-07 13:01:10-04:00,781,30,P,772.0,771.965,0.84,1.1904761904761916,0.20833333333337123,0.026987406596590675,13:00-14:00
2026-08-07,2026-08-07 13:01:10-04:00,781,60,C,772.0,771.965,0.82,1.2195121951219388,0.36584507042255154,0.04739140640087977,13:00-14:00
2026-08-07,2026-08-07 13:01:10-04:00,781,60,P,772.0,771.965,0.84,1.1904761904761916,0.361206896551721,0.0467905794371145,13:00-14:00
2026-08-07,2026-08-07 13:06:10-04:00,786,15,C,772.0,772.25,0.94,1.0638297872340319,0.1069565217391073,0.013849986628566825,13:00-14:00
2026-08-07,2026-08-07 13:06:10-04:00,786,15,P,772.0,772.25,0.68,1.4705882352941189,0.15307692307692378,0.019822197873347203,13:00-14:00
2026-08-07,2026-08-07 13:06:10-04:00,786,30,C,772.0,772.25,0.94,1.0638297872340319,0.10307692307685556,0.013347610628275242,13:00-14:00
2026-08-07,2026-08-07 13:06:10-04:00,786,30,P,772.0,772.25,0.68,1.4705882352941189,0.22000000000002728,0.02848818387828129,13:00-14:00
2026-08-07,2026-08-07 13:06:10-04:00,786,60,C,772.0,772.25,0.94,1.0638297872340319,0.2554545454545405,0.03307925483386733,13:00-14:00
2026-08-07,2026-08-07 13:06:10-04:00,786,60,P,772.0,772.25,0.68,1.4705882352941189,0.4306249999999636,0.055762382648101474,13:00-14:00
2026-08-07,2026-08-07 13:11:10-04:00,791,15,C,772.0,772.23,0.91,1.0989010989010999,0.036875000000009095,0.004775131761264014,13:00-14:00
2026-08-07,2026-08-07 13:11:10-04:00,791,15,P,772.0,772.23,0.65,1.5384615384615397,0.009999999999990905,0.0012949509861039982,13:00-14:00
2026-08-07,2026-08-07 13:11:10-04:00,791,30,C,772.0,772.23,0.91,1.0989010989010999,0.13492753623188491,0.017472454609622122,13:00-14:00
2026-08-07,2026-08-07 13:11:10-04:00,791,30,P,772.0,772.23,0.65,1.5384615384615397,0.1372727272727161,0.01777614535471506,13:00-14:00
2026-08-07,2026-08-07 13:11:10-04:00,791,60,C,772.0,772.23,0.91,1.0989010989010999,0.2606060606059373,0.03374720751666437,13:00-14:00
2026-08-07,2026-08-07 13:11:10-04:00,791,60,P,772.0,772.23,0.65,1.5384615384615397,0.4093750000000682,0.05301205599368947,13:00-14:00
2026-08-07,2026-08-07 13:16:10-04:00,796,15,C,772.0,772.025,0.78,1.2820512820512833,0.10977611940302268,0.014219244118133828,13:00-14:00
2026-08-07,2026-08-07 13:16:10-04:00,796,15,P,772.0,772.025,0.73,1.3698630136986314,0.07535087719293188,0.00976016025296226,13:00-14:00
2026-08-07,2026-08-07 13:16:10-04:00,796,30,C,772.0,772.025,0.78,1.2820512820512833,0.179782608695632,0.023287148563276062,13:00-14:00
2026-08-07,2026-08-07 13:16:10-04:00,796,30,P,772.0,772.025,0.73,1.3698630136986314,0.1438888888889096,0.01863785355252869,13:00-14:00
2026-08-07,2026-08-07 13:16:10-04:00,796,60,C,772.0,772.025,0.78,1.2820512820512833,0.1757142857143208,0.022760180786155992,13:00-14:00
2026-08-07,2026-08-07 13:16:10-04:00,796,60,P,772.0,772.025,0.73,1.3698630136986314,0.2577272727272657,0.03338328068744739,13:00-14:00
2026-08-07,2026-08-07 13:21:10-04:00,801,15,C,772.0,772.27,0.89,1.1235955056179785,0.006153846153893028,0.0007968516391796947,13:00-14:00
2026-08-07,2026-08-07 13:21:10-04:00,801,15,P,772.0,772.27,0.6,1.6666666666666683,0.0047058823529368965,0.0006093571358381002,13:00-14:00
2026-08-07,2026-08-07 13:21:10-04:00,801,30,C,772.0,772.27,0.89,1.1235955056179785,0.1161111111110813,0.015035040997459607,13:00-14:00
2026-08-07,2026-08-07 13:21:10-04:00,801,30,P,772.0,772.27,0.6,1.6666666666666683,0.18018518518522342,0.023331889777567873,13:00-14:00
2026-08-07,2026-08-07 13:21:10-04:00,801,60,C,772.0,772.27,0.89,1.1235955056179785,0.20044482758623872,0.025955278281719958,13:00-14:00
2026-08-07,2026-08-07 13:21:10-04:00,801,60,P,772.0,772.27,0.6,1.6666666666666683,0.30989999999997053,0.04012845248423097,13:00-14:00
2026-08-07,2026-08-07 13:26:10-04:00,806,15,C,772.0,771.97,0.73,1.3698630136986314,0.07608695652174902,0.009856206396848196,13:00-14:00
2026-08-07,2026-08-07 13:26:10-04:00,806,15,P,772.0,771.97,0.75,1.3333333333333344,0.05909090909085535,0.007654560292609213,13:00-14:00
2026-08-07,2026-08-07 13:26:10-04:00,806,30,C,772.0,771.97,0.73,1.3698630136986314,0.18454545454551408,0.023905780606178227,13:00-14:00
2026-08-07,2026-08-07 13:26:10-04:00,806,30,P,772.0,771.97,0.75,1.3333333333333344,0.18071428571431625,0.023409495927861994,13:00-14:00
2026-08-07,2026-08-07 13:26:10-04:00,806,60,C,772.0,771.97,0.73,1.3698630136986314,0.2507142857142526,0.03247720581295291,13:00-14:00
2026-08-07,2026-08-07 13:26:10-04:00,806,60,P,772.0,771.97,0.75,1.3333333333333344,0.3872727272728298,0.05016681053315929,13:00-14:00
2026-08-07,2026-08-07 13:31:10-04:00,811,15,C,772.0,772.09,0.76,1.3157894736842117,0.07130434782607153,0.009235237838344174,13:00-14:00
2026-08-07,2026-08-07 13:31:10-04:00,811,15,P,772.0,772.09,0.66,1.5151515151515165,0.07925925925928823,0.01026554666674717,13:00-14:00
2026-08-07,2026-08-07 13:31:10-04:00,811,30,C,772.0,772.09,0.76,1.3157894736842117,0.15633802816898879,0.020248679320932637,13:00-14:00
2026-08-07,2026-08-07 13:31:10-04:00,811,30,P,772.0,772.09,0.66,1.5151515151515165,0.17586206896544354,0.02277740534982237,13:00-14:00
2026-08-07,2026-08-07 13:31:10-04:00,811,60,C,772.0,772.09,0.76,1.3157894736842117,0.19877551020408646,0.025745121709138372,13:00-14:00
2026-08-07,2026-08-07 13:31:10-04:00,811,60,P,772.0,772.09,0.66,1.5151515151515165,0.2799999999999727,0.036265202243258264,13:00-14:00
2026-08-07,2026-08-07 13:36:11-04:00,816,15,C,772.0,772.03,0.74,1.3513513513513526,0.09282608695650651,0.012023637288253891,13:00-14:00
2026-08-07,2026-08-07 13:36:11-04:00,816,15,P,772.0,772.03,0.69,1.449275362318826,0.1068518518518431,0.013840375613880691,13:00-14:00
2026-08-07,2026-08-07 13:36:11-04:00,816,30,C,772.0,772.03,0.74,1.3513513513513526,0.17242424242431298,0.022333878531185705,13:00-14:00
2026-08-07,2026-08-07 13:36:11-04:00,816,30,P,772.0,772.03,0.69,1.449275362318826,0.22624999999993634,0.029305855990043955,13:00-14:00
2026-08-07,2026-08-07 13:36:11-04:00,816,60,C,772.0,772.03,0.74,1.3513513513513526,0.24756756756767118,0.032067091637329015,13:00-14:00
2026-08-07,2026-08-07 13:36:11-04:00,816,60,P,772.0,772.03,0.69,1.449275362318826,0.245925925925917,0.03185445201947036,13:00-14:00
2026-08-07,2026-08-07 13:41:11-04:00,821,15,C,772.0,772.22,0.82,1.2195121951219388,0.07859154929576562,0.010177352217731426,13:00-14:00
2026-08-07,2026-08-07 13:41:11-04:00,821,15,P,772.0,772.22,0.59,1.6949152542372898,0.1449999999999818,0.01877703245188959,13:00-14:00
2026-08-07,2026-08-07 13:41:11-04:00,821,30,C,772.0,772.22,0.82,1.2195121951219388,0.13424242424230215,0.017383961078747266,13:00-14:00
2026-08-07,2026-08-07 13:41:11-04:00,821,30,P,772.0,772.22,0.59,1.6949152542372898,0.3056250000000773,0.03957745202145468,13:00-14:00
2026-08-07,2026-08-07 13:41:11-04:00,821,60,C,772.0,772.22,0.82,1.2195121951219388,0.21526315789469663,0.027875884837830753,13:00-14:00
2026-08-07,2026-08-07 13:41:11-04:00,821,60,P,772.0,772.22,0.59,1.6949152542372898,0.255384615384628,0.03307148421235244,13:00-14:00
2026-08-07,2026-08-07 13:46:11-04:00,826,15,C,772.0,772.27,0.83,2.4096385542168566,0.07492957746489992,0.00970251045164255,13:00-14:00
2026-08-07,2026-08-07 13:46:11-04:00,826,15,P,772.0,772.27,0.53,1.8867924528301903,0.13172413793097348,0.017056746724717197,13:00-14:00
2026-08-07,2026-08-07 13:46:11-04:00,826,30,C,772.0,772.27,0.83,2.4096385542168566,0.01999999999998181,0.0025897678273119258,13:00-14:00
2026-08-07,2026-08-07 13:46:11-04:00,826,30,P,772.0,772.27,0.53,1.8867924528301903,0.04818181818188805,0.006238986129447997,13:00-14:00
2026-08-07,2026-08-07 13:46:11-04:00,826,60,C,772.0,772.27,0.83,2.4096385542168566,0.08264705882356793,0.010701834698171356,13:00-14:00
2026-08-07,2026-08-07 13:46:11-04:00,826,60,P,772.0,772.27,0.53,1.8867924528301903,0.19124999999996817,0.024764654848688696,13:00-14:00
2026-08-07,2026-08-07 13:51:12-04:00,831,15,C,772.0,772.275,0.82,1.2195121951219388,0.04863636363643309,0.006297803714536025,13:00-14:00
2026-08-07,2026-08-07 13:51:12-04:00,831,15,P,772.0,772.275,0.51,1.960784313725492,0.07257575757569157,0.009397657256248302,13:00-14:00
2026-08-07,2026-08-07 13:51:12-04:00,831,30,C,772.0,772.275,0.82,1.2195121951219388,0.07475517241391572,0.00967986435064138,13:00-14:00
2026-08-07,2026-08-07 13:51:12-04:00,831,30,P,772.0,772.275,0.51,1.960784313725492,0.08989999999994325,0.011640931015498786,13:00-14:00
2026-08-07,2026-08-07 13:51:12-04:00,831,60,C,772.0,772.275,0.82,1.2195121951219388,0.16003506493507302,0.020722548954073747,13:00-14:00
2026-08-07,2026-08-07 13:51:12-04:00,831,60,P,772.0,772.275,0.51,1.960784313725492,0.19901764705878122,0.025770308123243824,13:00-14:00
2026-08-07,2026-08-07 13:56:11-04:00,836,15,C,772.0,772.2,0.76,1.3157894736842117,0.06333333333327573,0.008201674868334076,13:00-14:00
2026-08-07,2026-08-07 13:56:11-04:00,836,15,P,772.0,772.2,0.53,1.8867924528301903,0.1229411764707038,0.015920898273854414,13:00-14:00
2026-08-07,2026-08-07 13:56:11-04:00,836,30,C,772.0,772.2,0.76,1.3157894736842117,0.07428571428556552,0.009620009619990355,13:00-14:00
2026-08-07,2026-08-07 13:56:11-04:00,836,30,P,772.0,772.2,0.53,1.8867924528301903,0.11727272727284799,0.015186833368667182,13:00-14:00
2026-08-07,2026-08-07 13:56:11-04:00,836,60,C,772.0,772.2,0.76,1.3157894736842117,0.1879220779219395,0.024335933426824587,13:00-14:00
2026-08-07,2026-08-07 13:56:11-04:00,836,60,P,772.0,772.2,0.53,1.8867924528301903,0.1918867924529195,0.02484936447201755,13:00-14:00
2026-08-07,2026-08-07 14:01:12-04:00,841,15,C,772.0,772.19,0.73,1.3698630136986314,0.004582758620699678,0.0005934755203641175,14:00-15:00
2026-08-07,2026-08-07 14:01:12-04:00,841,15,P,772.0,772.19,0.51,1.960784313725492,0.004900000000020555,0.0006345588520986486,14:00-15:00
2026-08-07,2026-08-07 14:01:12-04:00,841,30,C,772.0,772.19,0.73,1.3698630136986314,0.037551020408159275,0.004862924980660106,14:00-15:00
2026-08-07,2026-08-07 14:01:12-04:00,841,30,P,772.0,772.19,0.51,1.960784313725492,0.08000000000004093,0.01036014452402141,14:00-15:00
2026-08-07,2026-08-07 14:01:12-04:00,841,60,C,772.0,772.19,0.73,1.3698630136986314,0.1362499999999045,0.01764462114245257,14:00-15:00
2026-08-07,2026-08-07 14:01:12-04:00,841,60,P,772.0,772.19,0.51,1.960784313725492,0.18428571428580653,0.023865332921406197,14:00-15:00
2026-08-07,2026-08-07 14:06:12-04:00,846,15,C,772.0,771.96,0.59,1.6949152542372898,-0.006796551724164601,-0.000880427965719027,14:00-15:00
2026-08-07,2026-08-07 14:06:12-04:00,846,15,P,772.0,771.96,0.6,1.6666666666666683,-9.999999997489795e-05,-1.2954039066130103e-05,14:00-15:00
2026-08-07,2026-08-07 14:06:12-04:00,846,30,C,772.0,771.96,0.59,1.6949152542372898,0.022727272727252057,0.0029440997884931934,14:00-15:00
2026-08-07,2026-08-07 14:06:12-04:00,846,30,P,772.0,771.96,0.6,1.6666666666666683,0.009259259259238206,0.0011994480619770722,14:00-15:00
2026-08-07,2026-08-07 14:06:12-04:00,846,60,C,772.0,771.96,0.59,1.6949152542372898,0.04521739130439073,0.005857478535726039,14:00-15:00
2026-08-07,2026-08-07 14:06:12-04:00,846,60,P,772.0,771.96,0.6,1.6666666666666683,0.010566037735884493,0.0013687286563921048,14:00-15:00
2026-08-07,2026-08-07 14:11:12-04:00,851,15,C,772.0,771.93,0.55,1.8181818181818195,-0.030714285714338985,-0.003978895199608641,14:00-15:00
2026-08-07,2026-08-07 14:11:12-04:00,851,15,P,772.0,771.93,0.59,1.6949152542372898,-0.01636363636362148,-0.0021198342289613674,14:00-15:00
2026-08-07,2026-08-07 14:11:12-04:00,851,30,C,772.0,771.93,0.55,1.8181818181818195,-0.004255319148796843,-0.0005512571280811529,14:00-15:00
2026-08-07,2026-08-07 14:11:12-04:00,851,30,P,772.0,771.93,0.59,1.6949152542372898,-0.03461538461544933,-0.004484264715123046,14:00-15:00
2026-08-07,2026-08-07 14:11:12-04:00,851,60,C,772.0,771.93,0.55,1.8181818181818195,0.03499999999996817,0.004534089878611813,14:00-15:00
2026-08-07,2026-08-07 14:11:12-04:00,851,60,P,772.0,771.93,0.59,1.6949152542372898,-0.010641025641007218,-0.0013784961901995283,14:00-15:00
2026-08-07,2026-08-07 14:16:11-04:00,856,15,C,772.0,771.54,0.42,2.380952380952383,0.0548979591836769,0.00711537434010899,14:00-15:00
2026-08-07,2026-08-07 14:16:11-04:00,856,15,P,772.0,771.54,0.84,1.1904761904761916,0.08999999999991815,0.011664981724851356,14:00-15:00
2026-08-07,2026-08-07 14:16:11-04:00,856,30,C,772.0,771.54,0.42,2.380952380952383,0.023947368421090687,0.003103840166561771,14:00-15:00
2026-08-07,2026-08-07 14:16:11-04:00,856,30,P,772.0,771.54,0.84,1.1904761904761916,0.014016393442602748,0.0018166774817381793,14:00-15:00
2026-08-07,2026-08-07 14:16:11-04:00,856,60,C,772.0,771.54,0.42,2.380952380952383,0.08285714285716494,0.010739189524478956,14:00-15:00
2026-08-07,2026-08-07 14:16:11-04:00,856,60,P,772.0,771.54,0.84,1.1904761904761916,0.006874999999922693,0.0008910749928613802,14:00-15:00
2026-08-07,2026-08-07 14:21:12-04:00,861,15,C,772.0,771.6601,0.43,2.325581395348839,-0.04100909090914229,-0.005314398257619163,14:00-15:00
2026-08-07,2026-08-07 14:21:12-04:00,861,15,P,772.0,771.6601,0.73,1.3698630136986314,-0.04989999999997963,-0.00646657770694372,14:00-15:00
2026-08-07,2026-08-07 14:21:12-04:00,861,30,C,772.0,771.6601,0.43,2.325581395348839,0.016122448979558612,0.0020893200230980725,14:00-15:00
2026-08-07,2026-08-07 14:21:12-04:00,861,30,P,772.0,771.6601,0.73,1.3698630136986314,0.015490196078530971,0.0020073859045622506,14:00-15:00
2026-08-07,2026-08-07 14:21:12-04:00,861,60,C,772.0,771.6601,0.43,2.325581395348839,0.048471428571360775,0.006281448084637365,14:00-15:00
2026-08-07,2026-08-07 14:21:12-04:00,861,60,P,772.0,771.6601,0.73,1.3698630136986314,-0.029274999999984175,-0.003793768784985018,14:00-15:00
2026-08-07,2026-08-07 14:26:12-04:00,866,15,C,772.0,771.56,0.37,2.7027027027027053,-0.017234042553127438,-0.002233662003360392,14:00-15:00
2026-08-07,2026-08-07 14:26:12-04:00,866,15,P,772.0,771.56,0.77,1.2987012987012998,-0.058461538461642704,-0.007577056672409496,14:00-15:00
2026-08-07,2026-08-07 14:26:12-04:00,866,30,C,772.0,771.56,0.37,2.7027027027027053,0.047872340425556104,0.006204616676027283,14:00-15:00
2026-08-07,2026-08-07 14:26:12-04:00,866,30,P,772.0,771.56,0.77,1.2987012987012998,0.004716981132105502,0.0006113563601152862,14:00-15:00
2026-08-07,2026-08-07 14:26:12-04:00,866,60,C,772.0,771.56,0.37,2.7027027027027053,0.08575757575772514,0.011114829145850632,14:00-15:00
2026-08-07,2026-08-07 14:26:12-04:00,866,60,P,772.0,771.56,0.77,1.2987012987012998,-0.010000000000104592,-0.0012960754834497113,14:00-15:00
2026-08-07,2026-08-07 14:31:12-04:00,871,15,C,771.0,771.35,0.8,1.250000000000001,-0.0414705882352564,-0.005376364586148492,14:00-15:00
2026-08-07,2026-08-07 14:31:12-04:00,871,15,P,771.0,771.35,0.4,2.500000000000002,-0.1349999999999909,-0.017501782588966217,14:00-15:00
2026-08-07,2026-08-07 14:31:12-04:00,871,30,C,771.0,771.35,0.8,1.250000000000001,0.08562499999993634,0.011100667660586807,14:00-15:00
2026-08-07,2026-08-07 14:31:12-04:00,871,30,P,771.0,771.35,0.4,2.500000000000002,0.030000000000086402,0.0038892850197817332,14:00-15:00
2026-08-07,2026-08-07 14:31:12-04:00,871,60,C,771.0,771.35,0.8,1.250000000000001,0.19428571428568375,0.025187750604224245,14:00-15:00
2026-08-07,2026-08-07 14:31:12-04:00,871,60,P,771.0,771.35,0.4,2.500000000000002,0.18666666666661058,0.02419999567856493,14:00-15:00
2026-08-07,2026-08-07 14:36:13-04:00,876,15,C,771.0,771.21,0.7,1.42857142857143,0.01724285714283269,0.0022358186671377045,14:00-15:00
2026-08-07,2026-08-07 14:36:13-04:00,876,15,P,771.0,771.21,0.47,2.1276595744680753,0.055586274509892064,0.007207670350474198,14:00-15:00
2026-08-07,2026-08-07 14:36:13-04:00,876,30,C,771.0,771.21,0.7,1.42857142857143,0.034347826087014255,0.0044537578723064086,14:00-15:00
2026-08-07,2026-08-07 14:36:13-04:00,876,30,P,771.0,771.21,0.47,2.1276595744680753,0.015283018867876308,0.001981693555306117,14:00-15:00
2026-08-07,2026-08-07 14:36:13-04:00,876,60,C,771.0,771.21,0.7,1.42857142857143,0.20357142857142208,0.02639636785978165,14:00-15:00
2026-08-07,2026-08-07 14:36:13-04:00,876,60,P,771.0,771.21,0.47,2.1276595744680753,0.2818181818181529,0.03654234019503804,14:00-15:00
2026-08-07,2026-08-07 14:41:13-04:00,881,15,C,771.0,771.33,0.75,1.3333333333333344,0.044935064934975344,0.005825660214820549,14:00-15:00
2026-08-07,2026-08-07 14:41:13-04:00,881,15,P,771.0,771.33,0.41,2.4390243902438913,0.09547169811332878,0.012377542441410134,14:00-15:00
2026-08-07,2026-08-07 14:41:13-04:00,881,30,C,771.0,771.33,0.75,1.3333333333333344,-0.03166666666675155,-0.004105462858536755,14:00-15:00
2026-08-07,2026-08-07 14:41:13-04:00,881,30,P,771.0,771.33,0.41,2.4390243902438913,-0.07217948717936906,-0.00935779590828427,14:00-15:00
2026-08-07,2026-08-07 14:41:13-04:00,881,60,C,771.0,771.33,0.75,1.3333333333333344,0.23363636363637852,0.03029006568347899,14:00-15:00
2026-08-07,2026-08-07 14:41:13-04:00,881,60,P,771.0,771.33,0.41,2.4390243902438913,0.2855555555555611,0.03702119139091713,14:00-15:00
2026-08-07,2026-08-07 14:46:12-04:00,886,15,C,771.0,770.985,0.59,1.6949152542372898,0.12249999999994543,0.015888765669882735,14:00-15:00
2026-08-07,2026-08-07 14:46:12-04:00,886,15,P,771.0,770.985,0.57,1.7543859649122628,0.10911764705883797,0.01415301815973566,14:00-15:00
2026-08-07,2026-08-07 14:46:12-04:00,886,30,C,771.0,770.985,0.59,1.6949152542372898,0.10992537313438788,0.014257783631897883,14:00-15:00
2026-08-07,2026-08-07 14:46:12-04:00,886,30,P,771.0,770.985,0.57,1.7543859649122628,0.029999999999972715,0.0038911262865000892,14:00-15:00
2026-08-07,2026-08-07 14:46:12-04:00,886,60,C,771.0,770.985,0.59,1.6949152542372898,0.28730769230764963,0.03726501712843306,14:00-15:00
2026-08-07,2026-08-07 14:46:12-04:00,886,60,P,771.0,770.985,0.57,1.7543859649122628,0.3425000000000864,0.044423691770927635,14:00-15:00
2026-08-07,2026-08-07 14:51:13-04:00,891,15,C,771.0,771.3701,0.78,1.2820512820512833,0.04816086956532217,0.006243548922277669,14:00-15:00
2026-08-07,2026-08-07 14:51:13-04:00,891,15,P,771.0,771.3701,0.37,2.7027027027027053,-0.013296226415150159,-0.0017237155569226963,14:00-15:00
2026-08-07,2026-08-07 14:51:13-04:00,891,30,C,771.0,771.3701,0.78,1.2820512820512833,0.033429411764814176,0.004333770749581061,14:00-15:00
2026-08-07,2026-08-07 14:51:13-04:00,891,30,P,771.0,771.3701,0.37,2.7027027027027053,-0.04323333333343271,-0.005604745806641029,14:00-15:00
2026-08-07,2026-08-07 14:56:13-04:00,896,15,C,771.0,771.31,0.71,1.4084507042253533,-0.07833333333326209,-0.010155881984320455,14:00-15:00
2026-08-07,2026-08-07 14:56:13-04:00,896,15,P,771.0,771.31,0.38,2.6315789473684235,-0.16910256410255897,-0.02192407256518896,14:00-15:00
2026-08-07,2026-08-07 14:56:13-04:00,896,30,C,771.0,771.31,0.71,1.4084507042253533,0.054117647058888,0.007016328980421361,14:00-15:00
2026-08-07,2026-08-07 14:56:13-04:00,896,30,P,771.0,771.31,0.38,2.6315789473684235,0.04645161290306987,0.006022431046280986,14:00-15:00
2026-08-07,2026-08-07 15:01:13-04:00,901,15,C,772.0,771.92,0.48,2.0833333333333353,-0.12571428571425258,-0.016285921561075316,15:00-16:00
2026-08-07,2026-08-07 15:01:13-04:00,901,15,P,772.0,771.92,0.55,1.8181818181818195,-0.06625000000008185,-0.00858249559540909,15:00-16:00
2026-08-07,2026-08-07 15:01:13-04:00,901,30,C,772.0,771.92,0.48,2.0833333333333353,0.11634920634924129,0.015072702656912799,15:00-16:00
2026-08-07,2026-08-07 15:01:13-04:00,901,30,P,772.0,771.92,0.55,1.8181818181818195,0.12999999999988177,0.016841123432464734,15:00-16:00
2026-08-07,2026-08-07 15:06:13-04:00,906,15,C,772.0,772.44,0.8,1.250000000000001,-0.007058823529405345,-0.0009138345411171539,15:00-16:00
2026-08-07,2026-08-07 15:06:13-04:00,906,15,P,772.0,772.44,0.35,2.857142857142844,-0.03393939393936307,-0.00439379031890672,15:00-16:00
2026-08-07,2026-08-07 15:06:13-04:00,906,30,C,772.0,772.44,0.8,1.250000000000001,0.1521428571428487,0.019696398055881192,15:00-16:00
2026-08-07,2026-08-07 15:06:13-04:00,906,30,P,772.0,772.44,0.35,2.857142857142844,0.239090909090919,0.0309526835858991,15:00-16:00
2026-08-07,2026-08-07 15:11:13-04:00,911,15,C,773.0,772.915,0.53,1.8867924528301903,0.184411764705942,0.0238592555075192,15:00-16:00
2026-08-07,2026-08-07 15:11:13-04:00,911,15,P,773.0,772.915,0.61,1.6393442622950833,0.10257575757566428,0.013271285662157453,15:00-16:00
2026-08-07,2026-08-07 15:11:13-04:00,911,30,C,773.0,772.915,0.53,1.8867924528301903,0.24863636363647856,0.03216865549723819,15:00-16:00
2026-08-07,2026-08-07 15:11:13-04:00,911,30,P,773.0,772.915,0.61,1.6393442622950833,0.3149999999999409,0.04075480486210526,15:00-16:00
2026-08-07,2026-08-07 15:16:14-04:00,916,15,C,773.0,773.08,0.59,1.6949152542372898,0.13095238095240802,0.01693904653495214,15:00-16:00
2026-08-07,2026-08-07 15:16:14-04:00,916,15,P,773.0,773.08,0.5,2.0000000000000018,0.19444444444445708,0.0251519175821981,15:00-16:00
2026-08-07,2026-08-07 15:16:14-04:00,916,30,C,773.0,773.08,0.59,1.6949152542372898,0.19230769230762235,0.024875522883481962,15:00-16:00
2026-08-07,2026-08-07 15:16:14-04:00,916,30,P,773.0,773.08,0.5,2.0000000000000018,0.35000000000002274,0.045273451647956583,15:00-16:00
2026-08-07,2026-08-07 15:21:14-04:00,921,15,C,773.0,773.08,0.57,1.7543859649122628,0.1014285714285279,0.01312006149797277,15:00-16:00
2026-08-07,2026-08-07 15:21:14-04:00,921,15,P,773.0,773.08,0.49,2.040816326530614,0.19727272727277523,0.025517763656125524,15:00-16:00
2026-08-07,2026-08-07 15:26:14-04:00,926,15,C,773.0,773.07,0.52,1.9230769230769247,0.07545454545447683,0.009760376868133134,15:00-16:00
2026-08-07,2026-08-07 15:26:14-04:00,926,15,P,773.0,773.07,0.45,2.222222222222224,0.11444444444441615,0.014803891555022979,15:00-16:00
2026-08-07,2026-08-07 15:31:14-04:00,931,15,C,773.0,772.83,0.36,2.7777777777777803,0.08846153846150173,0.01144644209742139,15:00-16:00
2026-08-07,2026-08-07 15:31:14-04:00,931,15,P,773.0,772.83,0.53,1.8867924528301903,0.13750000000004547,0.01779175239057043,15:00-16:00
2026-08-10,2026-08-10 09:30:13-04:00,570,15,C,773.0,773.01,1.45,2.0689655172413812,0.4818032786885169,0.062328207744856715,09:30-10:00
2026-08-10,2026-08-10 09:30:13-04:00,570,15,P,773.0,773.01,1.41,0.7092198581560291,0.48272727272728844,0.06244773970935544,09:30-10:00
2026-08-10,2026-08-10 09:30:13-04:00,570,30,C,773.0,773.01,1.45,2.0689655172413812,0.7131690140845421,0.09225870481423812,09:30-10:00
2026-08-10,2026-08-10 09:30:13-04:00,570,30,P,773.0,773.01,1.41,0.7092198581560291,0.6756557377049148,0.08740582110256204,09:30-10:00
2026-08-10,2026-08-10 09:30:13-04:00,570,60,C,773.0,773.01,1.45,2.0689655172413812,0.8070588235293599,0.10440470673462954,09:30-10:00
2026-08-10,2026-08-10 09:30:13-04:00,570,60,P,773.0,773.01,1.41,0.7092198581560291,0.769104477612018,0.09949476431249504,09:30-10:00
2026-08-10,2026-08-10 09:35:12-04:00,575,15,C,773.0,772.755,1.24,0.8064516129032264,0.467200000000048,0.06045900705916468,09:30-10:00
2026-08-10,2026-08-10 09:35:12-04:00,575,15,P,773.0,772.755,1.46,0.6849315068493157,0.3873454545454251,0.050125260211247434,09:30-10:00
2026-08-10,2026-08-10 09:35:12-04:00,575,30,C,773.0,772.755,1.24,0.8064516129032264,0.600714285714389,0.07773670642239637,09:30-10:00
2026-08-10,2026-08-10 09:35:12-04:00,575,30,P,773.0,772.755,1.46,0.6849315068493157,0.5026229508196138,0.06504298915175105,09:30-10:00
2026-08-10,2026-08-10 09:35:12-04:00,575,60,C,773.0,772.755,1.24,0.8064516129032264,0.7429710144928094,0.0961457401754514,09:30-10:00
2026-08-10,2026-08-10 09:35:12-04:00,575,60,P,773.0,772.755,1.46,0.6849315068493157,0.6331818181818107,0.08193823633387176,09:30-10:00
2026-08-10,2026-08-10 09:40:11-04:00,580,15,C,773.0,772.55,1.05,0.9523809523809532,0.3500000000001364,0.045304511034902135,09:30-10:00
2026-08-10,2026-08-10 09:40:11-04:00,580,15,P,773.0,772.55,1.51,1.3245033112582794,0.29060606060591,0.03761647279864216,09:30-10:00
2026-08-10,2026-08-10 09:40:11-04:00,580,30,C,773.0,772.55,1.05,0.9523809523809532,0.5422580645160906,0.07019067562178379,09:30-10:00
2026-08-10,2026-08-10 09:40:11-04:00,580,30,P,773.0,772.55,1.51,1.3245033112582794,0.38285714285711947,0.04955758758101347,09:30-10:00
2026-08-10,2026-08-10 09:40:11-04:00,580,60,C,773.0,772.55,1.05,0.9523809523809532,0.6193137254902013,0.08016487288721783,09:30-10:00
2026-08-10,2026-08-10 09:40:11-04:00,580,60,P,773.0,772.55,1.51,1.3245033112582794,0.5232089552238222,0.06772493110139437,09:30-10:00
2026-08-10,2026-08-10 09:45:15-04:00,585,15,C,773.0,773.0,1.16,0.8620689655172422,0.2128571428571604,0.027536499722789185,09:30-10:00
2026-08-10,2026-08-10 09:45:15-04:00,585,15,P,773.0,773.0,1.16,0.8620689655172422,0.23681818181808012,0.030636246030799497,09:30-10:00
2026-08-10,2026-08-10 09:45:15-04:00,585,30,C,773.0,773.0,1.16,0.8620689655172422,0.33959183673471216,0.043931673574995105,09:30-10:00
2026-08-10,2026-08-10 09:45:15-04:00,585,30,P,773.0,773.0,1.16,0.8620689655172422,0.22823529411766685,0.029525911270073334,09:30-10:00
2026-08-10,2026-08-10 09:45:15-04:00,585,60,C,773.0,773.0,1.16,0.8620689655172422,0.46785714285715585,0.060524856773241376,09:30-10:00
2026-08-10,2026-08-10 09:45:15-04:00,585,60,P,773.0,773.0,1.16,0.8620689655172422,0.45873015873007716,0.059344134376465345,09:30-10:00
2026-08-10,2026-08-10 09:50:13-04:00,590,15,C,773.0,773.0222,1.13,0.8849557522123707,0.13708571428571759,0.017733735756323376,09:30-10:00
2026-08-10,2026-08-10 09:50:13-04:00,590,15,P,773.0,773.0222,1.11,0.9009009009009016,0.14538181818181783,0.018806939591362037,09:30-10:00
2026-08-10,2026-08-10 09:50:13-04:00,590,30,C,773.0,773.0222,1.13,0.8849557522123707,0.2561673469388097,0.03313842046694257,09:30-10:00
2026-08-10,2026-08-10 09:50:13-04:00,590,30,P,773.0,773.0222,1.11,0.9009009009009016,0.15239607843136582,0.019714321067540598,09:30-10:00
2026-08-10,2026-08-10 09:50:13-04:00,590,60,C,773.0,773.0222,1.13,0.8849557522123707,0.3834896551724114,0.04960913867317283,09:30-10:00
2026-08-10,2026-08-10 09:50:13-04:00,590,60,P,773.0,773.0222,1.11,0.9009009009009016,0.40113442622953244,0.05189170844375911,09:30-10:00
2026-08-10,2026-08-10 09:55:12-04:00,595,15,C,773.0,773.32,1.27,0.7874015748031503,0.1270967741934328,0.016435211063134638,09:30-10:00
2026-08-10,2026-08-10 09:55:12-04:00,595,15,P,773.0,773.32,0.98,1.020408163265307,0.18307692307701018,0.02367414822803111,09:30-10:00
2026-08-10,2026-08-10 09:55:12-04:00,595,30,C,773.0,773.32,1.27,0.7874015748031503,0.14666666666664696,0.018965844238691222,09:30-10:00
2026-08-10,2026-08-10 09:55:12-04:00,595,30,P,773.0,773.32,0.98,1.020408163265307,0.24926829268304118,0.032233524631852424,09:30-10:00
2026-08-10,2026-08-10 09:55:12-04:00,595,60,C,773.0,773.32,1.27,0.7874015748031503,0.15098360655724719,0.019524078849279362,09:30-10:00
2026-08-10,2026-08-10 09:55:12-04:00,595,60,P,773.0,773.32,0.98,1.020408163265307,0.31307692307700563,0.04048478289414545,09:30-10:00
2026-08-10,2026-08-10 10:00:12-04:00,600,15,C,774.0,773.58,0.85,1.176470588235295,0.07425531914884687,0.009598919200192206,09:30-10:00
2026-08-10,2026-08-10 10:00:12-04:00,600,15,P,774.0,773.58,1.29,0.7751937984496131,0.046981132075529786,0.006073209244749061,09:30-10:00
2026-08-10,2026-08-10 10:00:12-04:00,600,30,C,774.0,773.58,0.85,1.176470588235295,0.17999999999994998,0.023268440238882852,09:30-10:00
2026-08-10,2026-08-10 10:00:12-04:00,600,30,P,774.0,773.58,1.29,0.7751937984496131,0.16000000000008185,0.02068305799013442,09:30-10:00
2026-08-10,2026-08-10 10:00:12-04:00,600,60,C,774.0,773.58,0.85,1.176470588235295,0.14301886792452478,0.018487922118530054,09:30-10:00
2026-08-10,2026-08-10 10:00:12-04:00,600,60,P,774.0,773.58,1.29,0.7751937984496131,0.2015384615384619,0.026052698045252187,09:30-10:00
2026-08-10,2026-08-10 10:05:13-04:00,605,15,C,774.0,773.695,0.88,1.1363636363636374,0.07316326530610695,0.009456344593942954,10:00-10:30
2026-08-10,2026-08-10 10:05:13-04:00,605,15,P,774.0,773.695,1.2,0.8333333333333341,0.0016666666666651508,0.00021541649702597933,10:00-10:30
2026-08-10,2026-08-10 10:05:13-04:00,605,30,C,774.0,773.695,0.88,1.1363636363636374,0.11754901960784991,0.01519319881967053,10:00-10:30
2026-08-10,2026-08-10 10:05:13-04:00,605,30,P,774.0,773.695,1.2,0.8333333333333341,0.15083333333336668,0.01949519298087317,10:00-10:30
2026-08-10,2026-08-10 10:05:13-04:00,605,60,C,774.0,773.695,0.88,1.1363636363636374,0.20833333333325754,0.02692706212826211,10:00-10:30
2026-08-10,2026-08-10 10:05:13-04:00,605,60,P,774.0,773.695,1.2,0.8333333333333341,0.20431034482760424,0.02640709127338347,10:00-10:30
2026-08-10,2026-08-10 10:10:14-04:00,610,15,C,774.0,774.06,1.04,0.9615384615384623,0.08000000000004093,0.010335116140872921,10:00-10:30
2026-08-10,2026-08-10 10:10:14-04:00,610,15,P,774.0,774.06,1.02,0.980392156862746,0.10000000000002274,0.012918895176087481,10:00-10:30
2026-08-10,2026-08-10 10:10:14-04:00,610,30,C,774.0,774.06,1.04,0.9615384615384623,0.08970588235297328,0.011589008907962339,10:00-10:30
2026-08-10,2026-08-10 10:10:14-04:00,610,30,P,774.0,774.06,1.02,0.980392156862746,0.17499999999995453,0.022608066558142074,10:00-10:30
2026-08-10,2026-08-10 10:10:14-04:00,610,60,C,774.0,774.06,1.04,0.9615384615384623,0.05142857142857338,0.006644003233415159,10:00-10:30
2026-08-10,2026-08-10 10:10:14-04:00,610,60,P,774.0,774.06,1.02,0.980392156862746,0.2311111111110904,0.029857002184726044,10:00-10:30
2026-08-10,2026-08-10 10:15:14-04:00,615,15,C,774.0,774.25,1.14,0.8771929824561412,0.08999999999991815,0.01162415240554319,10:00-10:30
2026-08-10,2026-08-10 10:15:14-04:00,615,15,P,774.0,774.25,0.92,1.0869565217391313,0.09000000000003183,0.011624152405557872,10:00-10:30
2026-08-10,2026-08-10 10:15:14-04:00,615,30,C,774.0,774.25,1.14,0.8771929824561412,0.1821428571429351,0.02352507034458316,10:00-10:30
2026-08-10,2026-08-10 10:15:14-04:00,615,30,P,774.0,774.25,0.92,1.0869565217391313,0.23181818181808467,0.029940998620353203,10:00-10:30
2026-08-10,2026-08-10 10:15:14-04:00,615,60,C,774.0,774.25,1.14,0.8771929824561412,0.1449999999999818,0.018727801097834267,10:00-10:30
2026-08-10,2026-08-10 10:15:14-04:00,615,60,P,774.0,774.25,0.92,1.0869565217391313,0.3300000000000409,0.04262189215370241,10:00-10:30
2026-08-10,2026-08-10 10:20:13-04:00,620,15,C,774.0,774.36,1.18,0.8474576271186449,0.04078431372556679,0.005266841485299704,10:00-10:30
2026-08-10,2026-08-10 10:20:13-04:00,620,15,P,774.0,774.36,0.87,1.1494252873563229,0.1283333333333303,0.016572825731356253,10:00-10:30
2026-08-10,2026-08-10 10:20:13-04:00,620,30,C,774.0,774.36,1.18,0.8474576271186449,0.1318965517241395,0.01703297584122882,10:00-10:30
2026-08-10,2026-08-10 10:20:13-04:00,620,30,P,774.0,774.36,0.87,1.1494252873563229,0.24166666666667425,0.031208567935672584,10:00-10:30
2026-08-10,2026-08-10 10:20:13-04:00,620,60,C,774.0,774.36,1.18,0.8474576271186449,0.1859749999999849,0.024016607262769888,10:00-10:30
2026-08-10,2026-08-10 10:20:13-04:00,620,60,P,774.0,774.36,0.87,1.1494252873563229,0.4412571428571255,0.056983462841201184,10:00-10:30
2026-08-10,2026-08-10 10:25:13-04:00,625,15,C,774.0,773.9,0.94,1.0638297872340319,0.05362745098045707,0.006929506522865625,10:00-10:30
2026-08-10,2026-08-10 10:25:13-04:00,625,15,P,774.0,773.9,1.06,0.9433962264150951,0.09500000000002728,0.012275487789123568,10:00-10:30
2026-08-10,2026-08-10 10:25:13-04:00,625,30,C,774.0,773.9,0.94,1.0638297872340319,0.029999999999972715,0.0038764698281396454,10:00-10:30
2026-08-10,2026-08-10 10:25:13-04:00,625,30,P,774.0,773.9,1.06,0.9433962264150951,0.05771929824561539,0.007458237271690838,10:00-10:30
2026-08-10,2026-08-10 10:25:13-04:00,625,60,C,774.0,773.9,0.94,1.0638297872340319,0.27419354838707477,0.03543010057980033,10:00-10:30
2026-08-10,2026-08-10 10:25:13-04:00,625,60,P,774.0,773.9,1.06,0.9433962264150951,0.33898305084744607,0.04380191896206824,10:00-10:30
2026-08-10,2026-08-10 10:30:14-04:00,630,15,C,774.0,774.42,1.19,0.8403361344537823,0.10142857142864159,0.013097359498546216,10:00-10:30
2026-08-10,2026-08-10 10:30:14-04:00,630,15,P,774.0,774.42,0.8,1.250000000000001,0.12909090909079168,0.016669366634486673,10:00-10:30
2026-08-10,2026-08-10 10:30:14-04:00,630,30,C,774.0,774.42,1.19,0.8403361344537823,-0.05547169811313779,-0.007162999162358641,10:00-10:30
2026-08-10,2026-08-10 10:30:14-04:00,630,30,P,774.0,774.42,0.8,1.250000000000001,0.02255319148923718,0.002912268728756641,10:00-10:30
2026-08-10,2026-08-10 10:30:14-04:00,630,60,C,774.0,774.42,1.19,0.8403361344537823,0.1932786885246287,0.02495786375928162,10:00-10:30
2026-08-10,2026-08-10 10:30:14-04:00,630,60,P,774.0,774.42,0.8,1.250000000000001,0.3792307692307304,0.04896965073612903,10:00-10:30
2026-08-10,2026-08-10 10:35:15-04:00,635,15,C,774.0,774.44,1.21,0.8264462809917362,0.10362068965503113,0.013380079755052827,10:30-11:00
2026-08-10,2026-08-10 10:35:15-04:00,635,15,P,774.0,774.44,0.78,1.2820512820512833,0.10738095238104961,0.013865625791675225,10:30-11:00
2026-08-10,2026-08-10 10:35:15-04:00,635,30,C,774.0,774.44,1.21,0.8264462809917362,0.013333333333321207,0.0017216741559476791,10:30-11:00
2026-08-10,2026-08-10 10:35:15-04:00,635,30,P,774.0,774.44,0.78,1.2820512820512833,0.05717948717949639,0.007383333399552759,10:30-11:00
2026-08-10,2026-08-10 10:35:15-04:00,635,60,C,774.0,774.44,1.21,0.8264462809917362,0.16718309859140845,0.021587611511725693,10:30-11:00
2026-08-10,2026-08-10 10:35:15-04:00,635,60,P,774.0,774.44,0.78,1.2820512820512833,0.28531914893630983,0.03684199536908086,10:30-11:00
2026-08-10,2026-08-10 10:40:14-04:00,640,15,C,774.0,774.385,1.17,0.8547008547008554,-0.0779508196721963,-0.010066158263938002,10:30-11:00
2026-08-10,2026-08-10 10:40:14-04:00,640,15,P,774.0,774.385,0.78,1.2820512820512833,-0.13474358974349343,-0.017400077447715726,10:30-11:00
2026-08-10,2026-08-10 10:40:14-04:00,640,30,C,774.0,774.385,1.17,0.8547008547008554,-0.04142857142858247,-0.005349867498541743,10:30-11:00
2026-08-10,2026-08-10 10:40:14-04:00,640,30,P,774.0,774.385,0.78,1.2820512820512833,0.022777777777832853,0.002941402245373148,10:30-11:00
2026-08-10,2026-08-10 10:40:14-04:00,640,60,C,774.0,774.385,1.17,0.8547008547008554,0.209054054054036,0.026996139395008424,10:30-11:00
2026-08-10,2026-08-10 10:40:14-04:00,640,60,P,774.0,774.385,0.78,1.2820512820512833,0.32227272727277523,0.0416166025004068,10:30-11:00
2026-08-10,2026-08-10 10:45:15-04:00,645,15,C,775.0,774.7,0.74,1.3513513513513526,-0.18452830188675762,-0.023819323852685894,10:30-11:00
2026-08-10,2026-08-10 10:45:15-04:00,645,15,P,775.0,774.7,1.07,0.9345794392523372,-0.12297872340423055,-0.015874367291110178,10:30-11:00
2026-08-10,2026-08-10 10:45:15-04:00,645,30,C,775.0,774.7,0.74,1.3513513513513526,-0.005000000000109139,-0.0006454111269019154,10:30-11:00
2026-08-10,2026-08-10 10:45:15-04:00,645,30,P,775.0,774.7,1.07,0.9345794392523372,0.07449152542380943,0.00961553187347482,10:30-11:00
2026-08-10,2026-08-10 10:45:15-04:00,645,60,C,775.0,774.7,0.74,1.3513513513513526,0.2406451612903311,0.031063012945699117,10:30-11:00
2026-08-10,2026-08-10 10:45:15-04:00,645,60,P,775.0,774.7,1.07,0.9345794392523372,0.26622950819671587,0.0343654973792069,10:30-11:00
2026-08-10,2026-08-10 10:51:10-04:00,651,15,C,775.0,774.785,0.78,1.2820512820512833,-0.13785714285711492,-0.017792954543146153,10:30-11:00
2026-08-10,2026-08-10 10:51:10-04:00,651,15,P,775.0,774.785,1.02,0.980392156862746,-0.04388888888888687,-0.005664653921912126,10:30-11:00
2026-08-10,2026-08-10 10:51:10-04:00,651,30,C,775.0,774.785,0.78,1.2820512820512833,0.13112903225805894,0.01692457033345495,10:30-11:00
2026-08-10,2026-08-10 10:51:10-04:00,651,30,P,775.0,774.785,1.02,0.980392156862746,0.1561864406779705,0.02015868152816207,10:30-11:00
2026-08-10,2026-08-10 10:51:10-04:00,651,60,C,775.0,774.785,0.78,1.2820512820512833,0.3250000000000455,0.04194712081416722,10:30-11:00
2026-08-10,2026-08-10 10:51:10-04:00,651,60,P,775.0,774.785,1.02,0.980392156862746,0.28903508771929864,0.03730519921259429,10:30-11:00
2026-08-10,2026-08-10 10:55:15-04:00,655,15,C,774.0,773.93,0.95,1.0526315789473695,0.02071428571434808,0.002676506365478542,10:30-11:00
2026-08-10,2026-08-10 10:55:15-04:00,655,15,P,774.0,773.93,1.02,0.980392156862746,0.10111111111109494,0.013064632603865329,10:30-11:00
2026-08-10,2026-08-10 10:55:15-04:00,655,30,C,774.0,773.93,0.95,1.0526315789473695,0.2603225806451519,0.03363645040832529,10:30-11:00
2026-08-10,2026-08-10 10:55:15-04:00,655,30,P,774.0,773.93,1.02,0.980392156862746,0.3011864406779523,0.03891649641155561,10:30-11:00
2026-08-10,2026-08-10 10:55:15-04:00,655,60,C,774.0,773.93,0.95,1.0526315789473695,0.4337313432836254,0.05604270971323316,10:30-11:00
2026-08-10,2026-08-10 10:55:15-04:00,655,60,P,774.0,773.93,1.02,0.980392156862746,0.43403508771928045,0.05608195672984384,10:30-11:00
2026-08-10,2026-08-10 11:00:15-04:00,660,15,C,773.0,773.44,1.24,0.8064516129032264,0.12166666666655601,0.015730588884277516,10:30-11:00
2026-08-10,2026-08-10 11:00:15-04:00,660,15,P,773.0,773.44,0.79,1.2658227848101276,0.19500000000005002,0.02521203971866596,10:30-11:00
2026-08-10,2026-08-10 11:00:15-04:00,660,30,C,773.0,773.44,1.24,0.8064516129032264,0.25524590163922767,0.0330013836418116,10:30-11:00
2026-08-10,2026-08-10 11:00:15-04:00,660,30,P,773.0,773.44,0.79,1.2658227848101276,0.3735897435898323,0.048302356173695736,10:30-11:00
2026-08-10,2026-08-10 11:00:15-04:00,660,60,C,773.0,773.44,1.24,0.8064516129032264,0.3785714285713766,0.04894645073585237,10:30-11:00
2026-08-10,2026-08-10 11:00:15-04:00,660,60,P,773.0,773.44,0.79,1.2658227848101276,0.5538461538462798,0.07160816014768821,10:30-11:00
2026-08-10,2026-08-10 11:05:15-04:00,665,15,C,774.0,773.87,0.87,1.1494252873563229,0.191599999999994,0.024758680398515767,11:00-12:00
2026-08-10,2026-08-10 11:05:15-04:00,665,15,P,774.0,773.87,0.99,1.010101010101011,0.16554285714289563,0.02139155893662962,11:00-12:00
2026-08-10,2026-08-10 11:05:15-04:00,665,30,C,774.0,773.87,0.87,1.1494252873563229,0.16264150943391087,0.02101664484137011,11:00-12:00
2026-08-10,2026-08-10 11:05:15-04:00,665,30,P,774.0,773.87,0.99,1.010101010101011,0.16212765957448028,0.02095024481818397,11:00-12:00
2026-08-10,2026-08-10 11:05:15-04:00,665,60,C,774.0,773.87,0.87,1.1494252873563229,0.3869696969696861,0.050004483565674614,11:00-12:00
2026-08-10,2026-08-10 11:05:15-04:00,665,60,P,774.0,773.87,0.99,1.010101010101011,0.3714035087720049,0.04799301029526987,11:00-12:00
2026-08-10,2026-08-10 11:10:15-04:00,670,15,C,774.0,773.54,0.73,1.3698630136986314,0.2599999999999909,0.03361170721617381,11:00-12:00
2026-08-10,2026-08-10 11:10:15-04:00,670,15,P,774.0,773.54,1.16,0.8620689655172422,0.14847457627115546,0.019194169179506615,11:00-12:00
2026-08-10,2026-08-10 11:10:15-04:00,670,30,C,774.0,773.54,0.73,1.3698630136986314,0.27272727272725206,0.03525703554143962,11:00-12:00
2026-08-10,2026-08-10 11:10:15-04:00,670,30,P,774.0,773.54,1.16,0.8620689655172422,0.22388059701495422,0.02894234260865039,11:00-12:00
2026-08-10,2026-08-10 11:10:15-04:00,670,60,C,774.0,773.54,0.73,1.3698630136986314,0.4403448275861592,0.05692592853455015,11:00-12:00
2026-08-10,2026-08-10 11:10:15-04:00,670,60,P,774.0,773.54,1.16,0.8620689655172422,0.32454545454550043,0.041955872294322266,11:00-12:00
2026-08-10,2026-08-10 11:15:15-04:00,675,15,C,774.0,773.795,0.79,1.2658227848101276,0.1625409836065046,0.021005690603648847,11:00-12:00
2026-08-10,2026-08-10 11:15:15-04:00,675,15,P,774.0,773.795,0.98,1.020408163265307,0.13254098360653188,0.01712869475849959,11:00-12:00
2026-08-10,2026-08-10 11:15:15-04:00,675,30,C,774.0,773.795,0.79,1.2658227848101276,0.22629032258066673,0.029244221348117622,11:00-12:00
2026-08-10,2026-08-10 11:15:15-04:00,675,30,P,774.0,773.795,0.98,1.020408163265307,0.21368852459011123,0.027615650733089674,11:00-12:00
2026-08-10,2026-08-10 11:15:15-04:00,675,60,C,774.0,773.795,0.79,1.2658227848101276,0.28879310344825626,0.03732165540592228,11:00-12:00
2026-08-10,2026-08-10 11:15:15-04:00,675,60,P,774.0,773.795,0.98,1.020408163265307,0.30681818181813014,0.039651093870874086,11:00-12:00
2026-08-10,2026-08-10 11:20:16-04:00,680,15,C,774.0,774.0616,0.88,1.1363636363636374,-0.010090566037774806,-0.0013035869545491995,11:00-12:00
2026-08-10,2026-08-10 11:20:16-04:00,680,15,P,774.0,774.0616,0.8,1.250000000000001,-0.05052765957441352,-0.006527601882642611,11:00-12:00
2026-08-10,2026-08-10 11:20:16-04:00,680,30,C,774.0,774.0616,0.88,1.1363636363636374,0.09658181818178946,0.012477278059238369,11:00-12:00
2026-08-10,2026-08-10 11:20:16-04:00,680,30,P,774.0,774.0616,0.8,1.250000000000001,0.11250909090915684,0.014534901474140669,11:00-12:00
2026-08-10,2026-08-10 11:20:16-04:00,680,60,C,774.0,774.0616,0.88,1.1363636363636374,0.017645283018850932,0.0022795709048027872,11:00-12:00
2026-08-10,2026-08-10 11:20:16-04:00,680,60,P,774.0,774.0616,0.8,1.250000000000001,0.05290434782614284,0.006834643111884486,11:00-12:00
2026-08-10,2026-08-10 11:25:15-04:00,685,15,C,774.0,773.9,0.78,1.2820512820512833,0.003636363636360329,0.0004698751306835934,11:00-12:00
2026-08-10,2026-08-10 11:25:15-04:00,685,15,P,774.0,773.9,0.87,1.1494252873563229,0.041818181818143785,0.005403564002861324,11:00-12:00
2026-08-10,2026-08-10 11:25:15-04:00,685,30,C,774.0,773.9,0.78,1.2820512820512833,0.21000000000003638,0.0271352887970069,11:00-12:00
2026-08-10,2026-08-10 11:25:15-04:00,685,30,P,774.0,773.9,0.87,1.1494252873563229,0.14087719298242973,0.018203539602329722,11:00-12:00
2026-08-10,2026-08-10 11:25:15-04:00,685,60,C,774.0,773.9,0.78,1.2820512820512833,-0.009433962264097318,-0.001219015669220483,11:00-12:00
2026-08-10,2026-08-10 11:25:15-04:00,685,60,P,774.0,773.9,0.87,1.1494252873563229,0.04347826086961959,0.005618072214707274,11:00-12:00
2026-08-10,2026-08-10 11:30:16-04:00,690,15,C,774.0,773.81,0.71,1.4084507042253533,0.0822580645161679,0.010630266411156216,11:00-12:00
2026-08-10,2026-08-10 11:30:16-04:00,690,15,P,774.0,773.81,0.9,1.111111111111112,0.09754098360645003,0.01260528858588672,11:00-12:00
2026-08-10,2026-08-10 11:30:16-04:00,690,30,C,774.0,773.81,0.71,1.4084507042253533,0.1395744680851294,0.01803730477573686,11:00-12:00
2026-08-10,2026-08-10 11:30:16-04:00,690,30,P,774.0,773.81,0.9,1.111111111111112,0.13538461538462343,0.017495847221491508,11:00-12:00
2026-08-10,2026-08-10 11:30:16-04:00,690,60,C,774.0,773.81,0.71,1.4084507042253533,-0.05150943396222374,-0.006656599677210651,11:00-12:00
2026-08-10,2026-08-10 11:30:16-04:00,690,60,P,774.0,773.81,0.9,1.111111111111112,0.01869565217384661,0.0024160520248958546,11:00-12:00
2026-08-10,2026-08-10 11:35:16-04:00,695,15,C,773.0,773.41,1.08,0.9259259259259267,0.11181818181819381,0.014457814331104307,11:00-12:00
2026-08-10,2026-08-10 11:35:16-04:00,695,15,P,773.0,773.41,0.67,1.492537313432837,0.16545454545450866,0.021392863481789565,11:00-12:00
2026-08-10,2026-08-10 11:35:16-04:00,695,30,C,773.0,773.41,1.08,0.9259259259259267,0.16515151515147863,0.021353682413141624,11:00-12:00
2026-08-10,2026-08-10 11:35:16-04:00,695,30,P,773.0,773.41,0.67,1.492537313432837,0.35000000000002274,0.04525413428841401,11:00-12:00
2026-08-10,2026-08-10 11:35:16-04:00,695,60,C,773.0,773.41,1.08,0.9259259259259267,0.032253521126790474,0.00417030050384537,11:00-12:00
2026-08-10,2026-08-10 11:35:16-04:00,695,60,P,773.0,773.41,0.67,1.492537313432837,0.11869565217386935,0.015347054236933754,11:00-12:00
2026-08-10,2026-08-10 11:41:03-04:00,701,15,C,774.0,773.54,0.59,1.6949152542372898,0.1542553191488878,0.01994147932219249,11:00-12:00
2026-08-10,2026-08-10 11:41:03-04:00,701,15,P,774.0,773.54,1.02,0.980392156862746,0.09615384615381117,0.012430365094734748,11:00-12:00
2026-08-10,2026-08-10 11:41:03-04:00,701,30,C,774.0,773.54,0.59,1.6949152542372898,0.19896551724139044,0.025721425813970897,11:00-12:00
2026-08-10,2026-08-10 11:41:03-04:00,701,30,P,774.0,773.54,1.02,0.980392156862746,0.11242424242425386,0.014533733539862691,11:00-12:00
2026-08-10,2026-08-10 11:41:03-04:00,701,60,C,774.0,773.54,0.59,1.6949152542372898,-0.007924528301828104,-0.0010244497119513024,11:00-12:00
2026-08-10,2026-08-10 11:41:03-04:00,701,60,P,774.0,773.54,1.02,0.980392156862746,0.009565217391241276,0.0012365511015902573,11:00-12:00
2026-08-10,2026-08-10 11:45:17-04:00,705,15,C,774.0,773.86,0.7,1.42857142857143,0.06829787234039486,0.008825610877987602,11:00-12:00
2026-08-10,2026-08-10 11:45:17-04:00,705,15,P,774.0,773.86,0.82,1.2195121951219388,0.031538461538502816,0.004075473798684881,11:00-12:00
2026-08-10,2026-08-10 11:45:17-04:00,705,30,C,774.0,773.86,0.7,1.42857142857143,0.06862068965506296,0.008867326086768015,11:00-12:00
2026-08-10,2026-08-10 11:45:17-04:00,705,30,P,774.0,773.86,0.82,1.2195121951219388,0.09476190476198099,0.01224535507223283,11:00-12:00
2026-08-10,2026-08-10 11:45:17-04:00,705,60,C,774.0,773.86,0.7,1.42857142857143,-0.12037735849060027,-0.01555544394213427,11:00-12:00
2026-08-10,2026-08-10 11:45:17-04:00,705,60,P,774.0,773.86,0.82,1.2195121951219388,-0.10521739130433616,-0.013596437508636724,11:00-12:00
2026-08-10,2026-08-10 11:50:16-04:00,710,15,C,774.0,773.54,0.55,1.8181818181818195,0.0676190476190186,0.008741506272334798,11:00-12:00
2026-08-10,2026-08-10 11:50:16-04:00,710,15,P,774.0,773.54,0.99,1.010101010101011,0.04140350877196397,0.005352471594483023,11:00-12:00
2026-08-10,2026-08-10 11:50:16-04:00,710,30,C,774.0,773.54,0.55,1.8181818181818195,-0.08339622641506139,-0.010781113635372624,11:00-12:00
2026-08-10,2026-08-10 11:50:16-04:00,710,30,P,774.0,773.54,0.99,1.010101010101011,-0.05565217391301758,-0.007194479136569224,11:00-12:00
2026-08-10,2026-08-10 11:50:16-04:00,710,60,C,774.0,773.54,0.55,1.8181818181818195,-0.08339622641506139,-0.010781113635372624,11:00-12:00
2026-08-10,2026-08-10 11:50:16-04:00,710,60,P,774.0,773.54,0.99,1.010101010101011,-0.05565217391301758,-0.007194479136569224,11:00-12:00
2026-08-10,2026-08-10 11:55:15-04:00,715,15,C,774.0,774.11,0.79,1.2658227848101276,-0.02620689655179831,-0.003385422814819381,11:00-12:00
2026-08-10,2026-08-10 11:55:15-04:00,715,15,P,774.0,774.11,0.68,1.4705882352941189,0.011428571428609757,0.0014763497989445631,11:00-12:00
2026-08-10,2026-08-10 11:55:15-04:00,715,30,C,774.0,774.11,0.79,1.2658227848101276,-0.20056603773593906,-0.025909242579987217,11:00-12:00
2026-08-10,2026-08-10 11:55:15-04:00,715,30,P,774.0,774.11,0.68,1.4705882352941189,-0.15956521739121854,-0.020612731703662082,11:00-12:00
2026-08-10,2026-08-10 11:55:15-04:00,715,60,C,774.0,774.11,0.79,1.2658227848101276,-0.04327868852465144,-0.005590767271402184,11:00-12:00
2026-08-10,2026-08-10 11:55:15-04:00,715,60,P,774.0,774.11,0.68,1.4705882352941189,-0.07578947368415356,-0.009790530245592172,11:00-12:00
2026-08-10,2026-08-10 12:00:17-04:00,720,15,C,774.0,774.29,0.88,1.1363636363636374,-0.051034482758609556,-0.006591132877682723,11:00-12:00
2026-08-10,2026-08-10 12:00:17-04:00,720,15,P,774.0,774.29,0.59,1.6949152542372898,-0.022857142857105828,-0.00295201318073407,11:00-12:00
2026-08-10,2026-08-10 12:00:17-04:00,720,30,C,774.0,774.29,0.88,1.1363636363636374,-0.21075471698111414,-0.027219093231362172,11:00-12:00
2026-08-10,2026-08-10 12:00:17-04:00,720,30,P,774.0,774.29,0.59,1.6949152542372898,-0.21714285714290327,-0.028044125217025054,11:00-12:00
2026-08-10,2026-08-10 12:00:17-04:00,720,60,C,774.0,774.29,0.88,1.1363636363636374,-0.07379310344822443,-0.009530421863671807,11:00-12:00
2026-08-10,2026-08-10 12:00:17-04:00,720,60,P,774.0,774.29,0.59,1.6949152542372898,-0.054285714285697395,-0.007011031304252592,11:00-12:00
2026-08-10,2026-08-10 12:06:16-04:00,726,15,C,774.0,774.06,0.75,1.3333333333333344,-0.22603773584899045,-0.02920157815272595,12:00-13:00
2026-08-10,2026-08-10 12:06:16-04:00,726,15,P,774.0,774.06,0.68,1.4705882352941189,-0.20956521739128675,-0.02707351076031403,12:00-13:00
2026-08-10,2026-08-10 12:06:16-04:00,726,30,C,774.0,774.06,0.75,1.3333333333333344,-0.22603773584899045,-0.02920157815272595,12:00-13:00
2026-08-10,2026-08-10 12:06:16-04:00,726,30,P,774.0,774.06,0.68,1.4705882352941189,-0.20956521739128675,-0.02707351076031403,12:00-13:00
2026-08-10,2026-08-10 12:06:16-04:00,726,60,C,774.0,774.06,0.75,1.3333333333333344,0.0022950819671905265,0.00029649923354656315,12:00-13:00
2026-08-10,2026-08-10 12:06:16-04:00,726,60,P,774.0,774.06,0.68,1.4705882352941189,0.02315789473686891,0.0029917441460440937,12:00-13:00
2026-08-10,2026-08-10 12:15:17-04:00,735,15,C,774.0,773.67,0.56,1.785714285714287,-0.19452830188674852,-0.025143575670085246,12:00-13:00
2026-08-10,2026-08-10 12:15:17-04:00,735,15,P,774.0,773.67,0.88,2.2727272727272747,-0.16478260869564565,-0.021298823619326803,12:00-13:00
2026-08-10,2026-08-10 12:15:17-04:00,735,30,C,774.0,773.67,0.56,1.785714285714287,-0.19452830188674852,-0.025143575670085246,12:00-13:00
2026-08-10,2026-08-10 12:15:17-04:00,735,30,P,774.0,773.67,0.88,2.2727272727272747,-0.16478260869564565,-0.021298823619326803,12:00-13:00
2026-08-10,2026-08-10 12:15:17-04:00,735,60,C,774.0,773.67,0.56,1.785714285714287,0.12170731707317373,0.01573116665673656,12:00-13:00
2026-08-10,2026-08-10 12:15:17-04:00,735,60,P,774.0,773.67,0.88,2.2727272727272747,0.1272413793103624,0.016446466750728656,12:00-13:00
2026-08-10,2026-08-10 12:53:18-04:00,773,15,C,772.0,772.4,1.06,0.9433962264150951,0.2112121212121565,0.027344914708979352,12:00-13:00
2026-08-10,2026-08-10 12:53:18-04:00,773,15,P,772.0,772.4,0.63,1.5873015873015885,0.40999999999996817,0.053081305023299864,12:00-13:00
2026-08-10,2026-08-10 12:53:18-04:00,773,30,C,772.0,772.4,1.06,0.9433962264150951,0.27971014492754875,0.03621312078295556,12:00-13:00
2026-08-10,2026-08-10 12:53:18-04:00,773,30,P,772.0,772.4,0.63,1.5873015873015885,0.42068965517239576,0.05446525830818174,12:00-13:00
2026-08-10,2026-08-10 12:53:18-04:00,773,60,C,772.0,772.4,1.06,0.9433962264150951,0.35728915662650707,0.046257011474172334,12:00-13:00
2026-08-10,2026-08-10 12:53:18-04:00,773,60,P,772.0,772.4,0.63,1.5873015873015885,0.5400000000000773,0.0699119627136299,12:00-13:00
2026-08-10,2026-08-10 12:58:17-04:00,778,15,C,773.0,772.87,0.68,1.4705882352941189,0.20470588235286868,0.026486457276497816,12:00-13:00
2026-08-10,2026-08-10 12:58:17-04:00,778,15,P,773.0,772.87,0.81,1.234567901234569,0.20655172413796663,0.026725286806056212,12:00-13:00
2026-08-10,2026-08-10 12:58:17-04:00,778,30,C,773.0,772.87,0.68,1.4705882352941189,0.22636363636365786,0.029288707850435112,12:00-13:00
2026-08-10,2026-08-10 12:58:17-04:00,778,30,P,773.0,772.87,0.81,1.234567901234569,0.22746031746032713,0.029430605077222192,12:00-13:00
2026-08-10,2026-08-10 12:58:17-04:00,778,60,C,773.0,772.87,0.68,1.4705882352941189,0.2732258064515918,0.03535210403451962,12:00-13:00
2026-08-10,2026-08-10 12:58:17-04:00,778,60,P,773.0,772.87,0.81,1.234567901234569,0.37285714285712857,0.04824319003935054,12:00-13:00
2026-08-10,2026-08-10 13:03:19-04:00,783,15,C,773.0,772.63,0.55,1.8181818181818195,0.1373170731707205,0.017772682030301763,13:00-14:00
2026-08-10,2026-08-10 13:03:19-04:00,783,15,P,773.0,772.63,0.9,1.111111111111112,0.12172413793109627,0.01575451871285043,13:00-14:00
2026-08-10,2026-08-10 13:03:19-04:00,783,30,C,773.0,772.63,0.55,1.8181818181818195,0.22064516129034928,0.02855767460367178,13:00-14:00
2026-08-10,2026-08-10 13:03:19-04:00,783,30,P,773.0,772.63,0.9,1.111111111111112,0.1781818181818835,0.023061726593826735,13:00-14:00
2026-08-10,2026-08-10 13:03:19-04:00,783,60,C,773.0,772.63,0.55,1.8181818181818195,0.3242372881356914,0.04196540234467875,13:00-14:00
2026-08-10,2026-08-10 13:03:19-04:00,783,60,P,773.0,772.63,0.9,1.111111111111112,0.24944444444440705,0.03228510987722546,13:00-14:00
2026-08-10,2026-08-10 13:08:16-04:00,788,15,C,773.0,772.8,0.6,1.6666666666666683,0.15365853658545348,0.019883351007434456,13:00-14:00
2026-08-10,2026-08-10 13:08:16-04:00,788,15,P,773.0,772.8,0.78,1.2820512820512833,0.07931034482749055,0.010262725779954783,13:00-14:00
2026-08-10,2026-08-10 13:08:16-04:00,788,30,C,773.0,772.8,0.6,1.6666666666666683,0.13129032258063944,0.016988913377411936,13:00-14:00
2026-08-10,2026-08-10 13:08:16-04:00,788,30,P,773.0,772.8,0.78,1.2820512820512833,0.16636363636359874,0.021527385657815576,13:00-14:00
2026-08-10,2026-08-10 13:08:16-04:00,788,60,C,773.0,772.8,0.6,1.6666666666666683,0.3044776119403423,0.03939927690739419,13:00-14:00
2026-08-10,2026-08-10 13:08:16-04:00,788,60,P,773.0,772.8,0.78,1.2820512820512833,0.23749999999995453,0.03073240165630882,13:00-14:00
2026-08-10,2026-08-10 13:13:16-04:00,793,15,C,773.0,772.99,0.66,1.5151515151515165,0.07606060606065057,0.009839791725720977,13:00-14:00
2026-08-10,2026-08-10 13:13:16-04:00,793,15,P,773.0,772.99,0.64,1.5625000000000013,0.0776190476190095,0.010041403849856984,13:00-14:00
2026-08-10,2026-08-10 13:13:16-04:00,793,30,C,773.0,772.99,0.66,1.5151515151515165,0.07645161290315627,0.009890375412768116,13:00-14:00
2026-08-10,2026-08-10 13:13:16-04:00,793,30,P,773.0,772.99,0.64,1.5625000000000013,0.1274358974359302,0.01648609910036743,13:00-14:00
2026-08-10,2026-08-10 13:13:16-04:00,793,60,C,773.0,772.99,0.66,1.5151515151515165,0.19709677419348282,0.025497972055716477,13:00-14:00
2026-08-10,2026-08-10 13:13:16-04:00,793,60,P,773.0,772.99,0.64,1.5625000000000013,0.26142857142860976,0.0338204338256135,13:00-14:00
2026-08-10,2026-08-10 13:18:20-04:00,798,15,C,773.0,773.06,0.68,1.4705882352941189,0.00032258064516099694,4.172776306638514e-05,13:00-14:00
2026-08-10,2026-08-10 13:18:20-04:00,798,15,P,773.0,773.06,0.59,1.6949152542372898,0.026842105263085614,0.0034721891267282764,13:00-14:00
2026-08-10,2026-08-10 13:18:20-04:00,798,30,C,773.0,773.06,0.68,1.4705882352941189,0.09166666666669698,0.011857639338045817,13:00-14:00
2026-08-10,2026-08-10 13:18:20-04:00,798,30,P,773.0,773.06,0.59,1.6949152542372898,0.10000000000002274,0.012935606550594099,13:00-14:00
2026-08-10,2026-08-10 13:18:20-04:00,798,60,C,773.0,773.06,0.68,1.4705882352941189,0.16666666666674246,0.021559344250995066,13:00-14:00
2026-08-10,2026-08-10 13:18:20-04:00,798,60,P,773.0,773.06,0.59,1.6949152542372898,0.2710526315788684,0.03506230196606582,13:00-14:00
2026-08-10,2026-08-10 13:23:21-04:00,803,15,C,773.0,773.1,0.67,1.492537313432837,-0.017419354838693835,-0.002253182620449338,13:00-14:00
2026-08-10,2026-08-10 13:23:21-04:00,803,15,P,773.0,773.1,0.57,1.7543859649122628,0.05794871794876144,0.007495630312865274,13:00-14:00
2026-08-10,2026-08-10 13:23:21-04:00,803,30,C,773.0,773.1,0.67,1.492537313432837,0.027096774193523743,0.0035049507429211926,13:00-14:00
2026-08-10,2026-08-10 13:23:21-04:00,803,30,P,773.0,773.1,0.57,1.7543859649122628,0.1757894736841763,0.022738258140496223,13:00-14:00
2026-08-10,2026-08-10 13:23:21-04:00,803,60,C,773.0,773.1,0.67,1.492537313432837,0.10413508771932811,0.013469808267924991,13:00-14:00
2026-08-10,2026-08-10 13:23:21-04:00,803,60,P,773.0,773.1,0.57,1.7543859649122628,0.2540860465115884,0.032865870716800985,13:00-14:00
2026-08-10,2026-08-10 13:28:20-04:00,808,15,C,773.0,772.96,0.6,1.6666666666666683,0.009677419354829908,0.0012519948451187523,13:00-14:00
2026-08-10,2026-08-10 13:28:20-04:00,808,15,P,773.0,772.96,0.62,1.6129032258064528,0.04615384615385665,0.005971052338265453,13:00-14:00
2026-08-10,2026-08-10 13:28:20-04:00,808,30,C,773.0,772.96,0.6,1.6666666666666683,0.07898305084745516,0.01021825849299513,13:00-14:00
2026-08-10,2026-08-10 13:28:20-04:00,808,30,P,773.0,772.96,0.62,1.6129032258064528,0.1349999999999909,0.017465328089421302,13:00-14:00
2026-08-10,2026-08-10 13:28:20-04:00,808,60,C,773.0,772.96,0.6,1.6666666666666683,0.15631578947363778,0.020223011471956865,13:00-14:00
2026-08-10,2026-08-10 13:28:20-04:00,808,60,P,773.0,772.96,0.62,1.6129032258064528,0.2537209302325891,0.032824587330856594,13:00-14:00
2026-08-10,2026-08-10 13:33:18-04:00,813,15,C,773.0,773.225,0.73,2.739726027397263,-0.04959016393445381,-0.006413419630049961,13:00-14:00
2026-08-10,2026-08-10 13:33:18-04:00,813,15,P,773.0,773.225,0.48,2.0833333333333353,-0.013461538461569944,-0.0017409600648672695,13:00-14:00
2026-08-10,2026-08-10 13:33:18-04:00,813,30,C,773.0,773.225,0.73,2.739726027397263,0.034322033898320115,0.004438815855452179,13:00-14:00
2026-08-10,2026-08-10 13:33:18-04:00,813,30,P,773.0,773.225,0.48,2.0833333333333353,0.049999999999954525,0.006466423098057424,13:00-14:00
2026-08-10,2026-08-10 13:33:18-04:00,813,60,C,773.0,773.225,0.73,2.739726027397263,0.10500000000001819,0.013579488505935296,13:00-14:00
2026-08-10,2026-08-10 13:33:18-04:00,813,60,P,773.0,773.225,0.48,2.0833333333333353,0.19045454545448592,0.024631193437160713,13:00-14:00
2026-08-10,2026-08-10 13:38:18-04:00,818,15,C,773.0,772.77,0.51,1.960784313725492,0.0983333333332439,0.012724786590220106,13:00-14:00
2026-08-10,2026-08-10 13:38:18-04:00,818,15,P,773.0,772.77,0.7,1.42857142857143,0.08500000000003638,0.010999391798340565,13:00-14:00
2026-08-10,2026-08-10 13:38:18-04:00,818,30,C,773.0,772.77,0.51,1.960784313725492,0.17444444444447527,0.02257391519397431,13:00-14:00
2026-08-10,2026-08-10 13:38:18-04:00,818,30,P,773.0,772.77,0.7,1.42857142857143,0.08249999999998181,0.010675880274853037,13:00-14:00
2026-08-10,2026-08-10 13:38:18-04:00,818,60,C,773.0,772.77,0.51,1.960784313725492,0.19499999999993634,0.025233898831468142,13:00-14:00
2026-08-10,2026-08-10 13:38:18-04:00,818,60,P,773.0,772.77,0.7,1.42857142857143,0.18500000000005912,0.02393985273756216,13:00-14:00
2026-08-10,2026-08-10 13:43:20-04:00,823,15,C,773.0,772.76,0.48,2.0833333333333353,0.07559322033898752,0.00978223773732951,13:00-14:00
2026-08-10,2026-08-10 13:43:20-04:00,823,15,P,773.0,772.76,0.69,1.449275362318826,0.08777777777777374,0.011358996037291492,13:00-14:00
2026-08-10,2026-08-10 13:43:20-04:00,823,30,C,773.0,772.76,0.48,2.0833333333333353,0.1367741935483764,0.017699440129972616,13:00-14:00
2026-08-10,2026-08-10 13:43:20-04:00,823,30,P,773.0,772.76,0.69,1.449275362318826,0.10285714285714675,0.013310360636827313,13:00-14:00
2026-08-10,2026-08-10 13:43:20-04:00,823,60,C,773.0,772.76,0.48,2.0833333333333353,0.22625000000005002,0.029278171748026556,13:00-14:00
2026-08-10,2026-08-10 13:43:20-04:00,823,60,P,773.0,772.76,0.69,1.449275362318826,0.15222222222212167,0.019698512115290865,13:00-14:00
2026-08-10,2026-08-10 13:48:19-04:00,828,15,C,773.0,772.7,0.45,2.222222222222224,0.08474576271191836,0.010967485791629138,13:00-14:00
2026-08-10,2026-08-10 13:48:19-04:00,828,15,P,773.0,772.7,0.7,1.42857142857143,0.04166666666662877,0.005392347180875989,13:00-14:00
2026-08-10,2026-08-10 13:48:19-04:00,828,30,C,773.0,772.7,0.45,2.222222222222224,0.14333333333331666,0.018549674302228116,13:00-14:00
2026-08-10,2026-08-10 13:48:19-04:00,828,30,P,773.0,772.7,0.7,1.42857142857143,0.09958904109589639,0.012888448440002122,13:00-14:00
2026-08-10,2026-08-10 13:48:19-04:00,828,60,C,773.0,772.7,0.45,2.222222222222224,0.24937499999998636,0.03227319787757038,13:00-14:00
2026-08-10,2026-08-10 13:48:19-04:00,828,60,P,773.0,772.7,0.7,1.42857142857143,0.1238888888889278,0.016033245617824224,13:00-14:00
2026-08-10,2026-08-10 13:53:20-04:00,833,15,C,773.0,772.685,0.41,2.4390243902438913,-0.01833333333331666,-0.0023726788190940244,13:00-14:00
2026-08-10,2026-08-10 13:53:20-04:00,833,15,P,773.0,772.685,0.71,1.4084507042253533,0.01312499999994543,0.0016986223363913407,13:00-14:00
2026-08-10,2026-08-10 13:53:20-04:00,833,30,C,773.0,772.685,0.41,2.4390243902438913,0.06299473684214263,0.008152706062903076,13:00-14:00
2026-08-10,2026-08-10 13:53:20-04:00,833,30,P,773.0,772.685,0.71,1.4084507042253533,0.13437368421045903,0.017390486965640467,13:00-14:00
2026-08-10,2026-08-10 13:53:20-04:00,833,60,C,773.0,772.685,0.41,2.4390243902438913,0.20878787878791627,0.02702108605549691,13:00-14:00
2026-08-10,2026-08-10 13:53:20-04:00,833,60,P,773.0,772.685,0.71,1.4084507042253533,0.10283582089550691,0.013308893131807518,13:00-14:00
2026-08-10,2026-08-10 13:58:18-04:00,838,15,C,773.0,772.74,0.44,2.2727272727272747,0.09225806451604512,0.01193908229366218,13:00-14:00
2026-08-10,2026-08-10 13:58:18-04:00,838,15,P,773.0,772.74,0.65,1.5384615384615397,0.025714285714343532,0.0033276762836586087,13:00-14:00
2026-08-10,2026-08-10 13:58:18-04:00,838,30,C,773.0,772.74,0.44,2.2727272727272747,0.09561403508769217,0.012373377214547218,13:00-14:00
2026-08-10,2026-08-10 13:58:18-04:00,838,30,P,773.0,772.74,0.65,1.5384615384615397,0.1034883720930111,0.01339239227851685,13:00-14:00
2026-08-10,2026-08-10 13:58:18-04:00,838,60,C,773.0,772.74,0.44,2.2727272727272747,0.19353658536579132,0.02504549853324421,13:00-14:00
2026-08-10,2026-08-10 13:58:18-04:00,838,60,P,773.0,772.74,0.65,1.5384615384615397,0.07516949152545749,0.009727656330131415,13:00-14:00
2026-08-10,2026-08-10 14:03:20-04:00,843,15,C,773.0,772.7,0.41,2.4390243902438913,0.07666666666671063,0.009921918812826532,14:00-15:00
2026-08-10,2026-08-10 14:03:20-04:00,843,15,P,773.0,772.7,0.68,1.4705882352941189,0.07219178082198141,0.009342795499156387,14:00-15:00
2026-08-10,2026-08-10 14:03:20-04:00,843,30,C,773.0,772.7,0.41,2.4390243902438913,0.058571428571440265,0.00758009946569694,14:00-15:00
2026-08-10,2026-08-10 14:03:20-04:00,843,30,P,773.0,772.7,0.68,1.4705882352941189,0.12000000000000455,0.015529959880937562,14:00-15:00
2026-08-10,2026-08-10 14:03:20-04:00,843,60,C,773.0,772.7,0.41,2.4390243902438913,0.22675675675668572,0.02934602779302261,14:00-15:00
2026-08-10,2026-08-10 14:03:20-04:00,843,60,P,773.0,772.7,0.68,1.4705882352941189,0.14290322580654902,0.01849401136360153,14:00-15:00
2026-08-10,2026-08-10 14:08:21-04:00,848,15,C,773.0,773.0,0.54,1.8518518518518534,-0.02393508771933739,-0.00309638909693886,14:00-15:00
2026-08-10,2026-08-10 14:08:21-04:00,848,15,P,773.0,773.0,0.51,1.960784313725492,0.01455116279066715,0.001882427269167807,14:00-15:00
2026-08-10,2026-08-10 14:08:21-04:00,848,30,C,773.0,773.0,0.54,1.8518518518518534,0.024999999999977263,0.003234152652002233,14:00-15:00
2026-08-10,2026-08-10 14:08:21-04:00,848,30,P,773.0,773.0,0.51,1.960784313725492,0.035000000000081855,0.004527813712817834,14:00-15:00
2026-08-10,2026-08-10 14:08:21-04:00,848,60,C,773.0,773.0,0.54,1.8518518518518534,0.2599999999999909,0.03363518758085264,14:00-15:00
2026-08-10,2026-08-10 14:08:21-04:00,848,60,P,773.0,773.0,0.51,1.960784313725492,0.2055172413793116,0.02658696524958753,14:00-15:00
2026-08-10,2026-08-10 14:13:20-04:00,853,15,C,773.0,772.8,0.43,2.325581395348839,0.01807017543865186,0.002338273219287249,14:00-15:00
2026-08-10,2026-08-10 14:13:20-04:00,853,15,P,773.0,772.8,0.6,1.6666666666666683,0.0472093023255411,0.006108864172559667,14:00-15:00
2026-08-10,2026-08-10 14:13:20-04:00,853,30,C,773.0,772.8,0.43,2.325581395348839,0.1081250000000864,0.013991330227754452,14:00-15:00
2026-08-10,2026-08-10 14:13:20-04:00,853,30,P,773.0,772.8,0.6,1.6666666666666683,0.06722222222208529,0.008698527720249132,14:00-15:00
2026-08-10,2026-08-10 14:13:20-04:00,853,60,C,773.0,772.8,0.43,2.325581395348839,0.19170731707322375,0.024806847447363323,14:00-15:00
2026-08-10,2026-08-10 14:13:20-04:00,853,60,P,773.0,772.8,0.6,1.6666666666666683,0.16068965517240485,0.0207931748411497,14:00-15:00
2026-08-10,2026-08-10 14:18:21-04:00,858,15,C,773.0,772.71,0.38,2.6315789473684235,-0.0049999999999954525,-0.000647073287519956,14:00-15:00
2026-08-10,2026-08-10 14:18:21-04:00,858,15,P,773.0,772.71,0.63,1.5873015873015885,0.01636363636362148,0.0021176943955198563,14:00-15:00
2026-08-10,2026-08-10 14:18:21-04:00,858,30,C,773.0,772.71,0.38,2.6315789473684235,0.12999999999999545,0.01682390547553357,14:00-15:00
2026-08-10,2026-08-10 14:18:21-04:00,858,30,P,773.0,772.71,0.63,1.5873015873015885,0.03666666666663332,0.004745204108479678,14:00-15:00
2026-08-10,2026-08-10 14:18:21-04:00,858,60,C,773.0,772.71,0.38,2.6315789473684235,0.20975609756089852,0.027145513525242138,14:00-15:00
2026-08-10,2026-08-10 14:18:21-04:00,858,60,P,773.0,772.71,0.63,1.5873015873015885,0.11186440677977316,0.014476893890304663,14:00-15:00
2026-08-10,2026-08-10 14:23:21-04:00,863,15,C,773.0,772.5901,0.33,3.030303030303033,0.01490000000001146,0.00192857765068585,14:00-15:00
2026-08-10,2026-08-10 14:23:21-04:00,863,15,P,773.0,772.5901,0.69,1.449275362318826,-0.01490000000001146,-0.00192857765068585,14:00-15:00
2026-08-10,2026-08-10 14:23:21-04:00,863,30,C,773.0,772.5901,0.33,3.030303030303033,0.061263636363605656,0.007929642945671405,14:00-15:00
2026-08-10,2026-08-10 14:23:21-04:00,863,30,P,773.0,772.5901,0.69,1.449275362318826,-0.021914925373152983,-0.0028365527040992346,14:00-15:00
2026-08-10,2026-08-10 14:23:21-04:00,863,60,C,773.0,772.5901,0.33,3.030303030303033,0.28152790697674845,0.03643949190867815,14:00-15:00
2026-08-10,2026-08-10 14:23:21-04:00,863,60,P,773.0,772.5901,0.69,1.449275362318826,0.10729298245610153,0.01388743946577901,14:00-15:00
2026-08-10,2026-08-10 14:28:21-04:00,868,15,C,773.0,772.59,0.31,3.2258064516129057,-0.01925925925922911,-0.002492817569374327,14:00-15:00
2026-08-10,2026-08-10 14:28:21-04:00,868,15,P,773.0,772.59,0.68,1.4705882352941189,-0.031666666666637866,-0.004098767349647014,14:00-15:00
2026-08-10,2026-08-10 14:28:21-04:00,868,30,C,773.0,772.59,0.31,3.2258064516129057,0.026463414634122273,0.0034252856798718946,14:00-15:00
2026-08-10,2026-08-10 14:28:21-04:00,868,30,P,773.0,772.59,0.68,1.4705882352941189,-0.023983050847391496,-0.0031042403923674257,14:00-15:00
2026-08-10,2026-08-10 14:28:21-04:00,868,60,C,773.0,772.59,0.31,3.2258064516129057,0.3836986301370189,0.049663939494041964,14:00-15:00
2026-08-10,2026-08-10 14:28:21-04:00,868,60,P,773.0,772.59,0.68,1.4705882352941189,0.10297297297302066,0.0133282818795248,14:00-15:00
2026-08-10,2026-08-10 14:33:22-04:00,873,15,C,773.0,772.58,0.32,3.1250000000000027,0.03777777777781921,0.004889820831217377,14:00-15:00
2026-08-10,2026-08-10 14:33:22-04:00,873,15,P,773.0,772.58,0.69,1.449275362318826,-0.009999999999990905,-0.0012943643376725912,14:00-15:00
2026-08-10,2026-08-10 14:33:22-04:00,873,30,C,773.0,772.58,0.32,3.1250000000000027,0.14341463414632472,0.018563078793953337,14:00-15:00
2026-08-10,2026-08-10 14:33:22-04:00,873,30,P,773.0,772.58,0.69,1.449275362318826,0.0958620689655163,0.012408044340458762,14:00-15:00
2026-08-10,2026-08-10 14:33:22-04:00,873,60,C,773.0,772.58,0.32,3.1250000000000027,0.3985714285713584,0.0515896643158454,14:00-15:00
2026-08-10,2026-08-10 14:33:22-04:00,873,60,P,773.0,772.58,0.69,1.449275362318826,0.158571428571463,0.0205249202116885,14:00-15:00
2026-08-10,2026-08-10 14:38:21-04:00,878,15,C,772.0,772.405,0.74,1.3513513513513526,0.030289855072510363,0.003921499093417361,14:00-15:00
2026-08-10,2026-08-10 14:38:21-04:00,878,15,P,772.0,772.405,0.3,3.3333333333333366,-0.009999999999990905,-0.0012946575954312705,14:00-15:00
2026-08-10,2026-08-10 14:38:21-04:00,878,30,C,772.0,772.405,0.74,1.3513513513513526,0.09890243902441398,0.012804479388975212,14:00-15:00
2026-08-10,2026-08-10 14:38:21-04:00,878,30,P,772.0,772.405,0.3,3.3333333333333366,0.2484482758620743,0.03216554474169306,14:00-15:00
2026-08-10,2026-08-10 14:38:21-04:00,878,60,C,772.0,772.405,0.74,1.3513513513513526,0.2272988505748117,0.029427418332974502,14:00-15:00
2026-08-10,2026-08-10 14:38:21-04:00,878,60,P,772.0,772.405,0.3,3.3333333333333366,0.3781249999999545,0.04895424032728355,14:00-15:00
2026-08-10,2026-08-10 14:43:21-04:00,883,15,C,773.0,772.83,0.39,2.5641025641025665,-0.018414634146438402,-0.002382753535245578,14:00-15:00
2026-08-10,2026-08-10 14:43:21-04:00,883,15,P,773.0,772.83,0.54,1.8518518518518534,-0.02127118644057191,-0.0027523758705759235,14:00-15:00
2026-08-10,2026-08-10 14:43:21-04:00,883,30,C,773.0,772.83,0.39,2.5641025641025665,0.0641463414633563,0.008300187811466466,14:00-15:00
2026-08-10,2026-08-10 14:43:21-04:00,883,30,P,773.0,772.83,0.54,1.8518518518518534,0.08724137931039877,0.011288560137468625,14:00-15:00
2026-08-10,2026-08-10 14:43:21-04:00,883,60,C,773.0,772.83,0.39,2.5641025641025665,0.36536585365854535,0.04727635491098241,14:00-15:00
2026-08-10,2026-08-10 14:43:21-04:00,883,60,P,773.0,772.83,0.54,1.8518518518518534,0.19222222222219898,0.024872510412665007,14:00-15:00
2026-08-10,2026-08-10 14:48:22-04:00,888,15,C,773.0,772.84,0.39,2.5641025641025665,0.05414634146336539,0.007006151527271543,14:00-15:00
2026-08-10,2026-08-10 14:48:22-04:00,888,15,P,773.0,772.84,0.52,1.9230769230769247,0.06275862068969218,0.008120519213510194,14:00-15:00
2026-08-10,2026-08-10 14:48:22-04:00,888,30,C,773.0,772.84,0.39,2.5641025641025665,0.10414634146331991,0.013475795955607876,14:00-15:00
2026-08-10,2026-08-10 14:48:22-04:00,888,30,P,773.0,772.84,0.52,1.9230769230769247,0.0554237288135937,0.007171436366336331,14:00-15:00
2026-08-10,2026-08-10 14:48:22-04:00,888,60,C,773.0,772.84,0.39,2.5641025641025665,0.38529411764704946,0.0498543188301653,14:00-15:00
2026-08-10,2026-08-10 14:48:22-04:00,888,60,P,773.0,772.84,0.52,1.9230769230769247,0.16470588235290506,0.021311769881593223,14:00-15:00
2026-08-10,2026-08-10 14:53:22-04:00,893,15,C,773.0,773.015,0.46,2.1739130434782625,0.04987804878044244,0.0064524037412524255,14:00-15:00
2026-08-10,2026-08-10 14:53:22-04:00,893,15,P,773.0,773.015,0.43,2.325581395348839,0.08258620689650797,0.01068364868683117,14:00-15:00
2026-08-10,2026-08-10 14:53:22-04:00,893,30,C,773.0,773.015,0.46,2.1739130434782625,0.1589534883721626,0.02056279481926775,14:00-15:00
2026-08-10,2026-08-10 14:53:22-04:00,893,30,P,773.0,773.015,0.43,2.325581395348839,0.07605263157893205,0.009838441890381435,14:00-15:00
2026-08-10,2026-08-10 14:58:23-04:00,898,15,C,773.0,773.275,0.59,1.6949152542372898,0.045975609756055746,0.005945570431742361,14:00-15:00
2026-08-10,2026-08-10 14:58:23-04:00,898,15,P,773.0,773.275,0.3,3.3333333333333366,0.11844827586207884,0.015317742829146016,14:00-15:00
2026-08-10,2026-08-10 14:58:23-04:00,898,30,C,773.0,773.275,0.59,1.6949152542372898,0.08226027397267899,0.0106379068213351,14:00-15:00
2026-08-10,2026-08-10 14:58:23-04:00,898,30,P,773.0,773.275,0.3,3.3333333333333366,0.20388888888885504,0.02636693141364392,14:00-15:00
2026-08-10,2026-08-10 15:03:21-04:00,903,15,C,773.0,773.17,0.51,1.960784313725492,0.06682926829262215,0.008643541303028072,15:00-16:00
2026-08-10,2026-08-10 15:03:21-04:00,903,15,P,773.0,773.17,0.31,3.2258064516129057,0.029491525423736675,0.0038143649422166764,15:00-16:00
2026-08-10,2026-08-10 15:03:21-04:00,903,30,C,773.0,773.17,0.51,1.960784313725492,0.08000000000004093,0.010347012946705243,15:00-16:00
2026-08-10,2026-08-10 15:03:21-04:00,903,30,P,773.0,773.17,0.31,3.2258064516129057,0.14758620689644886,0.01908845491889867,15:00-16:00
2026-08-10,2026-08-10 15:14:22-04:00,914,15,C,773.0,773.26,0.56,3.571428571428574,0.05616438356173603,0.00726332456893361,15:00-16:00
2026-08-10,2026-08-10 15:14:22-04:00,914,15,P,773.0,773.26,0.25,4.0000000000000036,0.0037037037036498077,0.0004789726228758513,15:00-16:00
2026-08-10,2026-08-10 15:14:22-04:00,914,30,C,773.0,773.26,0.56,3.571428571428574,0.1426829268292522,0.01845212824008124,15:00-16:00
2026-08-10,2026-08-10 15:14:22-04:00,914,30,P,773.0,773.26,0.25,4.0000000000000036,0.21944444444443434,0.028379127905805854,15:00-16:00
2026-08-10,2026-08-10 15:19:24-04:00,919,15,C,773.0,773.31,0.56,3.571428571428574,0.011428571428609757,0.0014778771034397278,15:00-16:00
2026-08-10,2026-08-10 15:19:24-04:00,919,15,P,773.0,773.31,0.22,4.545454545454549,-0.02275862068972856,-0.002943013887021836,15:00-16:00
2026-08-10,2026-08-10 15:24:24-04:00,924,15,C,773.0,773.36,0.55,1.8181818181818195,0.030487804878021052,0.0039422526220674785,15:00-16:00
2026-08-10,2026-08-10 15:24:24-04:00,924,15,P,773.0,773.36,0.2,5.000000000000004,0.25,0.03232647150098272,15:00-16:00
2026-08-10,2026-08-10 15:29:23-04:00,929,15,C,773.0,772.96,0.31,3.2258064516129057,0.11428571428564283,0.014785462932835183,15:00-16:00
2026-08-10,2026-08-10 15:29:23-04:00,929,15,P,773.0,772.96,0.34,2.9411764705882377,0.044444444444479814,0.0057499022516662975,15:00-16:00
2026-08-11,2026-08-11 09:31:03-04:00,571,15,C,774.0,773.96,1.26,0.7936507936507943,0.10357142857139934,0.013382013097756903,09:30-10:00
2026-08-11,2026-08-11 09:31:03-04:00,571,15,P,774.0,773.96,1.37,0.7299270072992706,0.21754385964914036,0.028107894419497174,09:30-10:00
2026-08-11,2026-08-11 09:31:03-04:00,571,30,C,774.0,773.96,1.26,0.7936507936507943,0.4037288135593826,0.052164041237193474,09:30-10:00
2026-08-11,2026-08-11 09:31:03-04:00,571,30,P,774.0,773.96,1.37,0.7299270072992706,0.5287719298245293,0.0683203175648004,09:30-10:00
2026-08-11,2026-08-11 09:31:03-04:00,571,60,C,774.0,773.96,1.26,0.7936507936507943,0.6466690140844094,0.08355328622724809,09:30-10:00
2026-08-11,2026-08-11 09:31:03-04:00,571,60,P,774.0,773.96,1.37,0.7299270072992706,0.7721250000000737,0.09976290764381539,09:30-10:00
2026-08-11,2026-08-11 09:36:04-04:00,576,15,C,773.0,773.05,1.34,0.7462686567164185,0.13571428571435717,0.017555693126493396,09:30-10:00
2026-08-11,2026-08-11 09:36:04-04:00,576,15,P,773.0,773.05,1.28,0.7812500000000007,0.21818181818184712,0.028223506653107445,09:30-10:00
2026-08-11,2026-08-11 09:36:04-04:00,576,30,C,773.0,773.05,1.34,0.7462686567164185,0.47665737704926414,0.061659320490170644,09:30-10:00
2026-08-11,2026-08-11 09:36:04-04:00,576,30,P,773.0,773.05,1.28,0.7812500000000007,0.5227571428570172,0.06762268195550317,09:30-10:00
2026-08-11,2026-08-11 09:36:04-04:00,576,60,C,773.0,773.05,1.34,0.7462686567164185,0.7247945205480164,0.09375778029209189,09:30-10:00
2026-08-11,2026-08-11 09:36:04-04:00,576,60,P,773.0,773.05,1.28,0.7812500000000007,0.7654838709676142,0.09902126265669932,09:30-10:00
2026-08-11,2026-08-11 09:41:04-04:00,581,15,C,773.0,773.41,1.46,0.6849315068493157,0.10901639344263003,0.0140955500242601,09:30-10:00
2026-08-11,2026-08-11 09:41:04-04:00,581,15,P,773.0,773.41,1.04,0.9615384615384623,0.1921052631579414,0.02483873536131436,09:30-10:00
2026-08-11,2026-08-11 09:41:04-04:00,581,30,C,773.0,773.41,1.46,0.6849315068493157,0.36551724137927977,0.047260475217449964,09:30-10:00
2026-08-11,2026-08-11 09:41:04-04:00,581,30,P,773.0,773.41,1.04,0.9615384615384623,0.45714285714291236,0.059107440703237916,09:30-10:00
2026-08-11,2026-08-11 09:41:04-04:00,581,60,C,773.0,773.41,1.46,0.6849315068493157,0.5214285714286007,0.06741942455212638,09:30-10:00
2026-08-11,2026-08-11 09:41:04-04:00,581,60,P,773.0,773.41,1.04,0.9615384615384623,0.6999999999999318,0.09050826857681331,09:30-10:00
2026-08-11,2026-08-11 09:46:04-04:00,586,15,C,773.0,772.76,1.1,0.9090909090909097,0.3325423728814485,0.043033072736871535,09:30-10:00
2026-08-11,2026-08-11 09:46:04-04:00,586,15,P,773.0,772.76,1.38,1.449275362318826,0.34631578947357866,0.04481543939561813,09:30-10:00
2026-08-11,2026-08-11 09:46:04-04:00,586,30,C,773.0,772.76,1.1,0.9090909090909097,0.45983050847462437,0.05950495735734567,09:30-10:00
2026-08-11,2026-08-11 09:46:04-04:00,586,30,P,773.0,772.76,1.38,1.449275362318826,0.5162068965516937,0.06680041624200188,09:30-10:00
2026-08-11,2026-08-11 09:46:04-04:00,586,60,C,773.0,772.76,1.1,0.9090909090909097,0.6678571428570876,0.08642491107938916,09:30-10:00
2026-08-11,2026-08-11 09:46:04-04:00,586,60,P,773.0,772.76,1.38,1.449275362318826,0.6781250000000227,0.08775363631658248,09:30-10:00
2026-08-11,2026-08-11 09:51:04-04:00,591,15,C,773.0,772.65,1.05,0.9523809523809532,0.40124754098371795,0.05193134549714851,09:30-10:00
2026-08-11,2026-08-11 09:51:04-04:00,591,15,P,773.0,772.65,1.37,0.7299270072992706,0.2834714285713744,0.03668820663578262,09:30-10:00
2026-08-11,2026-08-11 09:51:04-04:00,591,30,C,773.0,772.65,1.05,0.9523809523809532,0.5337931034482608,0.0690860161066797,09:30-10:00
2026-08-11,2026-08-11 09:51:04-04:00,591,30,P,773.0,772.65,1.37,0.7299270072992706,0.37999999999999545,0.04918138872710742,09:30-10:00
2026-08-11,2026-08-11 09:51:04-04:00,591,60,C,773.0,772.65,1.05,0.9523809523809532,0.7104237288135664,0.09194638307300414,09:30-10:00
2026-08-11,2026-08-11 09:51:04-04:00,591,60,P,773.0,772.65,1.37,0.7299270072992706,0.5690983606556301,0.07365538868253804,09:30-10:00
2026-08-11,2026-08-11 09:56:04-04:00,596,15,C,773.0,773.06,1.19,0.8403361344537823,0.25,0.032339016376477896,09:30-10:00
2026-08-11,2026-08-11 09:56:04-04:00,596,15,P,773.0,773.06,1.11,0.9009009009009016,0.26724137931034875,0.034569293367959636,09:30-10:00
2026-08-11,2026-08-11 09:56:04-04:00,596,30,C,773.0,773.06,1.19,0.8403361344537823,0.3933962264151205,0.05088818803393276,09:30-10:00
2026-08-11,2026-08-11 09:56:04-04:00,596,30,P,773.0,773.06,1.11,0.9009009009009016,0.3978260869564565,0.051461217364299865,09:30-10:00
2026-08-11,2026-08-11 09:56:04-04:00,596,60,C,773.0,773.06,1.19,0.8403361344537823,0.5205052631579292,0.06733051291722883,09:30-10:00
2026-08-11,2026-08-11 09:56:04-04:00,596,60,P,773.0,773.06,1.11,0.9009009009009016,0.5635354838709645,0.07289673296651807,09:30-10:00
2026-08-11,2026-08-11 10:01:04-04:00,601,15,C,774.0,773.94,1.02,0.980392156862746,0.14423728813562775,0.018636753254209337,10:00-10:30
2026-08-11,2026-08-11 10:01:04-04:00,601,15,P,774.0,773.94,1.1,1.8181818181818195,0.21344827586210613,0.027579434563674975,10:00-10:30
2026-08-11,2026-08-11 10:01:04-04:00,601,30,C,774.0,773.94,1.02,0.980392156862746,0.23849999999993088,0.03081634235211139,10:00-10:30
2026-08-11,2026-08-11 10:01:04-04:00,601,30,P,774.0,773.94,1.1,1.8181818181818195,0.31705555555561205,0.04096642576370416,10:00-10:30
2026-08-11,2026-08-11 10:01:04-04:00,601,60,C,774.0,773.94,1.02,0.980392156862746,0.4049999999999727,0.0523296379564272,10:00-10:30
2026-08-11,2026-08-11 10:01:04-04:00,601,60,P,774.0,773.94,1.1,1.8181818181818195,0.48984126984134946,0.06329189211584224,10:00-10:30
2026-08-11,2026-08-11 10:06:04-04:00,606,15,C,774.0,773.9201,0.98,1.020408163265307,0.14300344827574918,0.0184778051733957,10:00-10:30
2026-08-11,2026-08-11 10:06:04-04:00,606,15,P,774.0,773.9201,1.07,0.9345794392523372,0.15010000000006585,0.01939476697918375,10:00-10:30
2026-08-11,2026-08-11 10:06:04-04:00,606,30,C,774.0,773.9201,0.98,1.020408163265307,0.24817586206893338,0.03206737518109858,10:00-10:30
2026-08-11,2026-08-11 10:06:04-04:00,606,30,P,774.0,773.9201,1.07,0.9345794392523372,0.29687419354843314,0.038359798840789,10:00-10:30
2026-08-11,2026-08-11 10:06:04-04:00,606,60,C,774.0,773.9201,0.98,1.020408163265307,0.30111212121209974,0.03890739124259723,10:00-10:30
2026-08-11,2026-08-11 10:06:04-04:00,606,60,P,774.0,773.9201,1.07,0.9345794392523372,0.39417407407404426,0.05093214067886908,10:00-10:30
2026-08-11,2026-08-11 10:11:04-04:00,611,15,C,774.0,773.81,0.91,1.0989010989010999,0.11509433962271487,0.014873720890491837,10:00-10:30
2026-08-11,2026-08-11 10:11:04-04:00,611,15,P,774.0,773.81,1.11,0.9009009009009016,0.1478260869564565,0.019103667173654578,10:00-10:30
2026-08-11,2026-08-11 10:11:04-04:00,611,30,C,774.0,773.81,0.91,1.0989010989010999,0.22692307692318536,0.029325425740580426,10:00-10:30
2026-08-11,2026-08-11 10:11:04-04:00,611,30,P,774.0,773.81,1.11,0.9009009009009016,0.24583333333328028,0.03176921121894009,10:00-10:30
2026-08-11,2026-08-11 10:11:04-04:00,611,60,C,774.0,773.81,0.91,1.0989010989010999,0.22954545454558684,0.029664317409388203,10:00-10:30
2026-08-11,2026-08-11 10:11:04-04:00,611,60,P,774.0,773.81,1.11,0.9009009009009016,0.30312499999990905,0.03917305281657113,10:00-10:30
2026-08-11,2026-08-11 10:16:05-04:00,616,15,C,774.0,773.83,0.88,1.1363636363636374,0.09395454545449411,0.012141496899124369,10:00-10:30
2026-08-11,2026-08-11 10:16:05-04:00,616,15,P,774.0,773.83,1.05,0.9523809523809532,0.09594444444451256,0.01239864627172797,10:00-10:30
2026-08-11,2026-08-11 10:16:05-04:00,616,30,C,774.0,773.83,0.88,1.1363636363636374,0.20499999999992724,0.02649160668362912,10:00-10:30
2026-08-11,2026-08-11 10:16:05-04:00,616,30,P,774.0,773.83,1.05,0.9523809523809532,0.23250000000007276,0.030045358799745774,10:00-10:30
2026-08-11,2026-08-11 10:16:05-04:00,616,60,C,774.0,773.83,0.88,1.1363636363636374,0.15499999999997272,0.020030239199820724,10:00-10:30
2026-08-11,2026-08-11 10:16:05-04:00,616,60,P,774.0,773.83,1.05,0.9523809523809532,0.22277777777776464,0.028788981788993015,10:00-10:30
2026-08-11,2026-08-11 10:21:05-04:00,621,15,C,774.0,773.77,0.82,1.2195121951219388,0.12241379310353295,0.015820436706454496,10:00-10:30
2026-08-11,2026-08-11 10:21:05-04:00,621,15,P,774.0,773.77,1.08,0.9259259259259267,0.16290322580641714,0.02105318451302288,10:00-10:30
2026-08-11,2026-08-11 10:21:05-04:00,621,30,C,774.0,773.77,0.82,1.2195121951219388,0.20059322033898752,0.025924140292204086,10:00-10:30
2026-08-11,2026-08-11 10:21:05-04:00,621,30,P,774.0,773.77,1.08,0.9259259259259267,0.21368852459011123,0.02761654297660949,10:00-10:30
2026-08-11,2026-08-11 10:21:05-04:00,621,60,C,774.0,773.77,0.82,1.2195121951219388,0.1803389830508877,0.02330653592810366,10:00-10:30
2026-08-11,2026-08-11 10:21:05-04:00,621,60,P,774.0,773.77,1.08,0.9259259259259267,0.26580645161288885,0.03435212680937344,10:00-10:30
2026-08-11,2026-08-11 10:26:04-04:00,626,15,C,774.0,773.51,0.7,1.42857142857143,0.12307692307695106,0.015911484412218468,10:00-10:30
2026-08-11,2026-08-11 10:26:04-04:00,626,15,P,774.0,773.51,1.19,0.8403361344537823,0.09545454545445864,0.012340441035598587,10:00-10:30
2026-08-11,2026-08-11 10:26:04-04:00,626,30,C,774.0,773.51,0.7,1.42857142857143,0.20137297297299028,0.026033661229071414,10:00-10:30
2026-08-11,2026-08-11 10:26:04-04:00,626,30,P,774.0,773.51,1.19,0.8403361344537823,0.14256774193552246,0.018431273278370346,10:00-10:30
2026-08-11,2026-08-11 10:26:04-04:00,626,60,C,774.0,773.51,0.7,1.42857142857143,0.25363636363636033,0.032790314751762785,10:00-10:30
2026-08-11,2026-08-11 10:26:04-04:00,626,60,P,774.0,773.51,1.19,0.8403361344537823,0.18692307692299437,0.02416556695104063,10:00-10:30
2026-08-11,2026-08-11 10:31:05-04:00,631,15,C,774.0,773.5785,0.7,1.42857142857143,0.13507142857145027,0.01746059754394031,10:30-11:00
2026-08-11,2026-08-11 10:31:05-04:00,631,15,P,774.0,773.5785,1.13,0.8849557522123707,0.10599999999999454,0.013702552488208314,10:30-11:00
2026-08-11,2026-08-11 10:31:05-04:00,631,30,C,774.0,773.5785,0.7,1.42857142857143,0.1950714285715094,0.025216759329726637,10:30-11:00
2026-08-11,2026-08-11 10:31:05-04:00,631,30,P,774.0,773.5785,1.13,0.8849557522123707,0.1759603174602944,0.022746278168317036,10:30-11:00
2026-08-11,2026-08-11 10:31:05-04:00,631,60,C,774.0,773.5785,0.7,1.42857142857143,0.15225471698113324,0.019681870292560258,10:30-11:00
2026-08-11,2026-08-11 10:31:05-04:00,631,60,P,774.0,773.5785,1.13,0.8849557522123707,0.21197826086961413,0.02740229477287879,10:30-11:00
2026-08-11,2026-08-11 10:36:05-04:00,636,15,C,774.0,773.72,0.73,1.3698630136986314,0.08935897435901552,0.011549265155226116,10:30-11:00
2026-08-11,2026-08-11 10:36:05-04:00,636,15,P,774.0,773.72,1.02,0.980392156862746,0.06532786885247788,0.008443347574378054,10:30-11:00
2026-08-11,2026-08-11 10:36:05-04:00,636,30,C,774.0,773.72,0.73,1.3698630136986314,0.0022222222222580967,0.00028721271548597636,10:30-11:00
2026-08-11,2026-08-11 10:36:05-04:00,636,30,P,774.0,773.72,1.02,0.980392156862746,0.10148148148152814,0.013116047340320545,10:30-11:00
2026-08-11,2026-08-11 10:36:05-04:00,636,60,C,774.0,773.72,0.73,1.3698630136986314,-0.06558139534888596,-0.00847611478944398,10:30-11:00
2026-08-11,2026-08-11 10:36:05-04:00,636,60,P,774.0,773.72,1.02,0.980392156862746,0.0177777777778374,0.0022977017238584242,10:30-11:00
2026-08-11,2026-08-11 10:41:06-04:00,641,15,C,773.0,773.46,1.14,0.8771929824561412,0.032785964912250165,0.0042388701306144035,10:30-11:00
2026-08-11,2026-08-11 10:41:06-04:00,641,15,P,773.0,773.46,0.69,1.449275362318826,0.09369302325592344,0.012113493038544131,10:30-11:00
2026-08-11,2026-08-11 10:41:06-04:00,641,30,C,773.0,773.46,1.14,0.8771929824561412,-0.0022727272727252057,-0.0002938390185303966,10:30-11:00
2026-08-11,2026-08-11 10:41:06-04:00,641,30,P,773.0,773.46,0.69,1.449275362318826,0.05277777777780557,0.006823594985882342,10:30-11:00
2026-08-11,2026-08-11 10:41:06-04:00,641,60,C,773.0,773.46,1.14,0.8771929824561412,-0.049682539682521565,-0.006423414227306075,10:30-11:00
2026-08-11,2026-08-11 10:41:06-04:00,641,60,P,773.0,773.46,0.69,1.449275362318826,0.03777777777781921,0.004884257463581725,10:30-11:00
2026-08-11,2026-08-11 10:47:06-04:00,647,15,C,774.0,773.66,0.68,1.4705882352941189,0.07785714285716949,0.010063483036110113,10:30-11:00
2026-08-11,2026-08-11 10:47:06-04:00,647,15,P,774.0,773.66,1.02,0.980392156862746,0.08285714285705126,0.010709761763184248,10:30-11:00
2026-08-11,2026-08-11 10:47:06-04:00,647,30,C,774.0,773.66,0.68,1.4705882352941189,-0.0386363636363285,-0.004993971982050061,10:30-11:00
2026-08-11,2026-08-11 10:47:06-04:00,647,30,P,774.0,773.66,1.02,0.980392156862746,-0.013888888888914153,-0.0017952186863627634,10:30-11:00
2026-08-11,2026-08-11 10:47:06-04:00,647,60,C,774.0,773.66,0.68,1.4705882352941189,-0.016409090909064616,-0.0021209692770809683,10:30-11:00
2026-08-11,2026-08-11 10:47:06-04:00,647,60,P,774.0,773.66,1.02,0.980392156862746,0.0439210526315037,0.005677048397423119,10:30-11:00
2026-08-11,2026-08-11 10:52:06-04:00,652,15,C,774.0,773.835,0.75,1.3333333333333344,-0.06833333333338487,-0.008830478504252828,10:30-11:00
2026-08-11,2026-08-11 10:52:06-04:00,652,15,P,774.0,773.835,0.92,1.0869565217391313,0.03129629629631836,0.0040443112932754864,10:30-11:00
2026-08-11,2026-08-11 10:52:06-04:00,652,30,C,774.0,773.835,0.75,1.3333333333333344,-0.003305084745761633,-0.0004271045824706343,10:30-11:00
2026-08-11,2026-08-11 10:52:06-04:00,652,30,P,774.0,773.835,0.92,1.0869565217391313,0.05621951219518451,0.0072650516189090054,10:30-11:00
2026-08-11,2026-08-11 10:52:06-04:00,652,60,C,774.0,773.835,0.75,1.3333333333333344,-0.02785714285710128,-0.00359988148081972,10:30-11:00
2026-08-11,2026-08-11 10:52:06-04:00,652,60,P,774.0,773.835,0.92,1.0869565217391313,0.040172413793129635,0.005191341021423125,10:30-11:00
2026-08-11,2026-08-11 10:57:06-04:00,657,15,C,774.0,773.7384,0.72,1.3888888888888902,-0.04430909090899604,-0.005726624258146687,10:30-11:00
2026-08-11,2026-08-11 10:57:06-04:00,657,15,P,774.0,773.7384,0.97,1.0309278350515474,-0.046600000000125874,-0.006022707416373011,10:30-11:00
2026-08-11,2026-08-11 10:57:06-04:00,657,30,C,774.0,773.7384,0.72,1.3888888888888902,0.06160000000011223,0.007961347142666338,10:30-11:00
2026-08-11,2026-08-11 10:57:06-04:00,657,30,P,774.0,773.7384,0.97,1.0309278350515474,0.04749090909081133,0.006137850866754361,10:30-11:00
2026-08-11,2026-08-11 10:57:06-04:00,657,60,C,774.0,773.7384,0.72,1.3888888888888902,-0.009131707317010296,-0.0011802060382437134,10:30-11:00
2026-08-11,2026-08-11 10:57:06-04:00,657,60,P,774.0,773.7384,0.97,1.0309278350515474,0.028055172413814944,0.003625924784631982,10:30-11:00
2026-08-11,2026-08-11 11:02:06-04:00,662,15,C,774.0,773.72,0.68,1.4705882352941189,-0.09863636363638761,-0.012748328030345294,11:00-12:00
2026-08-11,2026-08-11 11:02:06-04:00,662,15,P,774.0,773.72,0.94,1.0638297872340319,-0.1316666666666606,-0.0170173533922686,11:00-12:00
2026-08-11,2026-08-11 11:02:06-04:00,662,30,C,774.0,773.72,0.68,1.4705882352941189,-0.026981132075547976,-0.003487195894580465,11:00-12:00
2026-08-11,2026-08-11 11:02:06-04:00,662,30,P,774.0,773.72,0.94,1.0638297872340319,-0.030425531914829662,-0.003932369838550078,11:00-12:00
2026-08-11,2026-08-11 11:02:06-04:00,662,60,C,774.0,773.72,0.68,1.4705882352941189,0.01636363636362148,0.0021149299958152148,11:00-12:00
2026-08-11,2026-08-11 11:02:06-04:00,662,60,P,774.0,773.72,0.94,1.0638297872340319,0.01999999999998181,0.002584914439329707,11:00-12:00
2026-08-11,2026-08-11 11:07:06-04:00,667,15,C,773.0,773.1,0.91,1.0989010989010999,0.0028813559322315996,0.0003727015822314836,11:00-12:00
2026-08-11,2026-08-11 11:07:06-04:00,667,15,P,773.0,773.1,0.77,1.2987012987012998,-0.04463414634142282,-0.005773398828278724,11:00-12:00
2026-08-11,2026-08-11 11:07:06-04:00,667,30,C,773.0,773.1,0.91,1.0989010989010999,-0.05750000000000455,-0.007437588927694289,11:00-12:00
2026-08-11,2026-08-11 11:07:06-04:00,667,30,P,773.0,773.1,0.77,1.2987012987012998,-0.15777777777782376,-0.020408456574547117,11:00-12:00
2026-08-11,2026-08-11 11:07:06-04:00,667,60,C,773.0,773.1,0.91,1.0989010989010999,0.19857142857142662,0.025685089713028925,11:00-12:00
2026-08-11,2026-08-11 11:07:06-04:00,667,60,P,773.0,773.1,0.77,1.2987012987012998,0.1376923076923049,0.017810413619493582,11:00-12:00
2026-08-11,2026-08-11 11:17:07-04:00,677,15,C,773.0,772.585,0.67,1.492537313432837,0.08915094339613461,0.011539305499865336,11:00-12:00
2026-08-11,2026-08-11 11:17:07-04:00,677,15,P,773.0,772.585,1.07,0.9345794392523372,0.1111702127660692,0.014389382756081103,11:00-12:00
2026-08-11,2026-08-11 11:17:07-04:00,677,30,C,773.0,772.585,0.67,1.492537313432837,0.035863636363615115,0.004642031150438478,11:00-12:00
2026-08-11,2026-08-11 11:17:07-04:00,677,30,P,773.0,772.585,1.07,0.9345794392523372,0.05664035087716002,0.007331277578151274,11:00-12:00
2026-08-11,2026-08-11 11:17:07-04:00,677,60,C,773.0,772.585,0.67,1.492537313432837,0.22979591836735835,0.029743771671383513,11:00-12:00
2026-08-11,2026-08-11 11:17:07-04:00,677,60,P,773.0,772.585,1.07,0.9345794392523372,0.2400000000000091,0.0310645430599881,11:00-12:00
2026-08-11,2026-08-11 11:22:07-04:00,682,15,C,773.0,772.73,0.7,1.42857142857143,-0.14534883720932612,-0.018809783133737025,11:00-12:00
2026-08-11,2026-08-11 11:22:07-04:00,682,15,P,773.0,772.73,0.95,1.0526315789473695,-0.10185185185184764,-0.013180781366304873,11:00-12:00
2026-08-11,2026-08-11 11:22:07-04:00,682,30,C,773.0,772.73,0.7,1.42857142857143,-0.041904761904788757,-0.005422950047854847,11:00-12:00
2026-08-11,2026-08-11 11:22:07-04:00,682,30,P,773.0,772.73,0.95,1.0526315789473695,-0.013103448275842311,-0.0016957343801641339,11:00-12:00
2026-08-11,2026-08-11 11:22:07-04:00,682,60,C,773.0,772.73,0.7,1.42857142857143,0.14333333333331666,0.018548954140944013,11:00-12:00
2026-08-11,2026-08-11 11:22:07-04:00,682,60,P,773.0,772.73,0.95,1.0526315789473695,0.13545454545453595,0.0175293498964109,11:00-12:00
2026-08-11,2026-08-11 11:27:07-04:00,687,15,C,773.0,772.6,0.62,1.6129032258064528,-0.1848837209302019,-0.023930070014263772,11:00-12:00
2026-08-11,2026-08-11 11:27:07-04:00,687,15,P,773.0,772.6,1.02,0.980392156862746,-0.06929824561404985,-0.008969485582973058,11:00-12:00
2026-08-11,2026-08-11 11:27:07-04:00,687,30,C,773.0,772.6,0.62,1.6129032258064528,-0.11463414634147284,-0.014837450989059389,11:00-12:00
2026-08-11,2026-08-11 11:27:07-04:00,687,30,P,773.0,772.6,1.02,0.980392156862746,-0.024137931034488247,-0.0031242468333533844,11:00-12:00
2026-08-11,2026-08-11 11:27:07-04:00,687,60,C,773.0,772.6,0.62,1.6129032258064528,0.05842105263150188,0.0075616169598112706,11:00-12:00
2026-08-11,2026-08-11 11:27:07-04:00,687,60,P,773.0,772.6,1.02,0.980392156862746,0.051935483871034194,0.0067221697995125795,11:00-12:00
2026-08-11,2026-08-11 11:32:07-04:00,692,15,C,772.0,772.41,1.07,0.9345794392523372,-0.0504999999999427,-0.006537978534708601,11:00-12:00
2026-08-11,2026-08-11 11:32:07-04:00,692,15,P,772.0,772.41,0.64,1.5625000000000013,-0.06021428571432352,-0.007795637771950587,11:00-12:00
2026-08-11,2026-08-11 11:32:07-04:00,692,30,C,772.0,772.41,1.07,0.9345794392523372,0.11714285714288053,0.015165890801890257,11:00-12:00
2026-08-11,2026-08-11 11:32:07-04:00,692,30,P,772.0,772.41,0.64,1.5625000000000013,0.19769230769225032,0.025594219092483314,11:00-12:00
2026-08-11,2026-08-11 11:32:07-04:00,692,60,C,772.0,772.41,1.07,0.9345794392523372,0.055454545454608706,0.007179418372963673,11:00-12:00
2026-08-11,2026-08-11 11:32:07-04:00,692,60,P,772.0,772.41,0.64,1.5625000000000013,0.09000000000003183,0.011651842933161382,11:00-12:00
2026-08-11,2026-08-11 11:37:07-04:00,697,15,C,772.0,771.98,0.88,1.1363636363636374,0.0829032258064899,0.010739038032914053,11:00-12:00
2026-08-11,2026-08-11 11:37:07-04:00,697,15,P,772.0,771.98,0.88,1.1363636363636374,0.11620689655171645,0.015053096783817775,11:00-12:00
2026-08-11,2026-08-11 11:37:07-04:00,697,30,C,772.0,771.98,0.88,1.1363636363636374,0.2691666666665924,0.034867051823440035,11:00-12:00
2026-08-11,2026-08-11 11:37:07-04:00,697,30,P,772.0,771.98,0.88,1.1363636363636374,0.22923076923075314,0.029693874093986005,11:00-12:00
2026-08-11,2026-08-11 11:37:07-04:00,697,60,C,772.0,771.98,0.88,1.1363636363636374,0.23483870967743314,0.03042031006987657,11:00-12:00
2026-08-11,2026-08-11 11:37:07-04:00,697,60,P,772.0,771.98,0.88,1.1363636363636374,0.2675409836065228,0.034656465660577056,11:00-12:00
2026-08-11,2026-08-11 11:42:08-04:00,702,15,C,772.0,771.95,0.86,1.1627906976744196,0.06475409836059498,0.008388379864057903,11:00-12:00
2026-08-11,2026-08-11 11:42:08-04:00,702,15,P,772.0,771.95,0.87,1.1494252873563229,0.06724137931041696,0.008710587383951933,11:00-12:00
2026-08-11,2026-08-11 11:42:08-04:00,702,30,C,772.0,771.95,0.86,1.1627906976744196,0.21955223880593167,0.028441251221702393,11:00-12:00
2026-08-11,2026-08-11 11:42:08-04:00,702,30,P,772.0,771.95,0.87,1.1494252873563229,0.19142857142855974,0.024798053167764712,11:00-12:00
2026-08-11,2026-08-11 11:42:08-04:00,702,60,C,772.0,771.95,0.86,1.1627906976744196,0.21275862068955576,0.027561191876359317,11:00-12:00
2026-08-11,2026-08-11 11:42:08-04:00,702,60,P,772.0,771.95,0.87,1.1494252873563229,0.28515151515159687,0.03693911719043939,11:00-12:00
2026-08-11,2026-08-11 11:47:08-04:00,707,15,C,772.0,771.9845,0.84,1.1904761904761916,0.18133333333332757,0.023489245358336543,11:00-12:00
2026-08-11,2026-08-11 11:47:08-04:00,707,15,P,772.0,771.9845,0.82,1.2195121951219388,0.11834615384623248,0.01533012046825195,11:00-12:00
2026-08-11,2026-08-11 11:47:08-04:00,707,30,C,772.0,771.9845,0.84,1.1904761904761916,0.17723469387760815,0.02295832285202723,11:00-12:00
2026-08-11,2026-08-11 11:47:08-04:00,707,30,P,772.0,771.9845,0.82,1.2195121951219388,0.13949999999999818,0.01807031099717652,11:00-12:00
2026-08-11,2026-08-11 11:47:08-04:00,707,60,C,772.0,771.9845,0.84,1.1904761904761916,0.13981372549017124,0.01811094982997343,11:00-12:00
2026-08-11,2026-08-11 11:47:08-04:00,707,60,P,772.0,771.9845,0.82,1.2195121951219388,0.15470408163264437,0.02003979116583874,11:00-12:00
2026-08-11,2026-08-11 11:52:08-04:00,712,15,C,772.0,771.95,0.82,1.2195121951219388,0.1741666666665651,0.022561910313694554,11:00-12:00
2026-08-11,2026-08-11 11:52:08-04:00,712,15,P,772.0,771.95,0.84,1.1904761904761916,0.1223076923077997,0.01584399149009647,11:00-12:00
2026-08-11,2026-08-11 11:52:08-04:00,712,30,C,772.0,771.95,0.82,1.2195121951219388,0.18999999999994088,0.024612993069491662,11:00-12:00
2026-08-11,2026-08-11 11:52:08-04:00,712,30,P,772.0,771.95,0.84,1.1904761904761916,0.15545454545463144,0.020137903420510583,11:00-12:00
2026-08-11,2026-08-11 11:52:08-04:00,712,60,C,772.0,771.95,0.82,1.2195121951219388,0.18999999999994088,0.024612993069491662,11:00-12:00
2026-08-11,2026-08-11 11:52:08-04:00,712,60,P,772.0,771.95,0.84,1.1904761904761916,0.20265306122450966,0.02625209679700883,11:00-12:00
2026-08-11,2026-08-11 11:57:08-04:00,717,15,C,772.0,771.9,0.8,1.250000000000001,0.18000000000006366,0.02331908278275213,11:00-12:00
2026-08-11,2026-08-11 11:57:08-04:00,717,15,P,772.0,771.9,0.87,1.1494252873563229,0.14142857142849152,0.01832213647214555,11:00-12:00
2026-08-11,2026-08-11 11:57:08-04:00,717,30,C,772.0,771.9,0.8,1.250000000000001,0.10666666666668334,0.013818715723109646,11:00-12:00
2026-08-11,2026-08-11 11:57:08-04:00,717,30,P,772.0,771.9,0.87,1.1494252873563229,0.11000000000001364,0.01425055058945636,11:00-12:00
2026-08-11,2026-08-11 11:57:08-04:00,717,60,C,772.0,771.9,0.8,1.250000000000001,0.23652173913035313,0.03064150008166254,11:00-12:00
2026-08-11,2026-08-11 11:57:08-04:00,717,60,P,772.0,771.9,0.87,1.1494252873563229,0.19272727272732482,0.024967906817894132,11:00-12:00
2026-08-11,2026-08-11 12:02:06-04:00,722,15,C,772.0,772.1,0.85,1.176470588235295,0.08214285714291236,0.01063888837494008,12:00-13:00
2026-08-11,2026-08-11 12:02:06-04:00,722,15,P,772.0,772.1,0.73,1.3698630136986314,0.07499999999993179,0.009713767646669057,12:00-13:00
2026-08-11,2026-08-11 12:02:06-04:00,722,30,C,772.0,772.1,0.85,1.176470588235295,-0.03454545454553681,-0.004474220249389563,12:00-13:00
2026-08-11,2026-08-11 12:02:06-04:00,722,30,P,772.0,772.1,0.73,1.3698630136986314,-0.01999999999998181,-0.0025903380391117488,12:00-13:00
2026-08-11,2026-08-11 12:02:06-04:00,722,60,C,772.0,772.1,0.85,1.176470588235295,0.061249999999972715,0.00793291024478341,12:00-13:00
2026-08-11,2026-08-11 12:02:06-04:00,722,60,P,772.0,772.1,0.73,1.3698630136986314,0.16444444444448436,0.021298334988276695,12:00-13:00
2026-08-11,2026-08-11 12:08:07-04:00,728,15,C,772.0,772.27,0.9,1.111111111111112,-0.012352941176459353,-0.0015995624815750133,12:00-13:00
2026-08-11,2026-08-11 12:08:07-04:00,728,15,P,772.0,772.27,0.62,1.6129032258064528,0.03624999999999545,0.004693954187006546,12:00-13:00
2026-08-11,2026-08-11 12:08:07-04:00,728,30,C,772.0,772.27,0.9,1.111111111111112,-0.022903225806430783,-0.0029657018667604315,12:00-13:00
2026-08-11,2026-08-11 12:08:07-04:00,728,30,P,772.0,772.27,0.62,1.6129032258064528,-0.0494594594595128,-0.006404425843230062,12:00-13:00
2026-08-11,2026-08-11 12:08:07-04:00,728,60,C,772.0,772.27,0.9,1.111111111111112,-0.012424242424231124,-0.001608795165451348,12:00-13:00
2026-08-11,2026-08-11 12:08:07-04:00,728,60,P,772.0,772.27,0.62,1.6129032258064528,0.05787878787873524,0.0074946311366148165,12:00-13:00
2026-08-11,2026-08-11 12:13:08-04:00,733,15,C,772.0,772.08,0.81,1.234567901234569,-0.056666666666728815,-0.007339481228205472,12:00-13:00
2026-08-11,2026-08-11 12:13:08-04:00,733,15,P,772.0,772.08,0.7,1.42857142857143,-0.13499999999987722,-0.017485234690689723,12:00-13:00
2026-08-11,2026-08-11 12:13:08-04:00,733,30,C,772.0,772.08,0.81,1.234567901234569,-0.0034482758621834364,-0.00044662157576720493,12:00-13:00
2026-08-11,2026-08-11 12:13:08-04:00,733,30,P,772.0,772.08,0.7,1.42857142857143,0.01904761904768293,0.00246705251368808,12:00-13:00
2026-08-11,2026-08-11 12:13:08-04:00,733,60,C,772.0,772.08,0.81,1.234567901234569,-0.1428301886793406,-0.018499402740563234,12:00-13:00
2026-08-11,2026-08-11 12:13:08-04:00,733,60,P,772.0,772.08,0.7,1.42857142857143,-0.16106382978716738,-0.020861028622314703,12:00-13:00
2026-08-11,2026-08-11 12:18:08-04:00,738,15,C,772.0,772.325,0.93,1.0752688172043021,-0.11409090909091901,-0.014772396218032434,12:00-13:00
2026-08-11,2026-08-11 12:18:08-04:00,738,15,P,772.0,772.325,0.59,1.6949152542372898,-0.1061111111110904,-0.013739178598529167,12:00-13:00
2026-08-11,2026-08-11 12:18:08-04:00,738,30,C,772.0,772.325,0.93,1.0752688172043021,-0.02421568627448778,-0.0031354269607338594,12:00-13:00
2026-08-11,2026-08-11 12:18:08-04:00,738,30,P,772.0,772.325,0.59,1.6949152542372898,0.025816326530616607,0.003342676532627664,12:00-13:00
2026-08-11,2026-08-11 12:18:08-04:00,738,60,C,772.0,772.325,0.93,1.0752688172043021,-0.04500000000007276,-0.0058265626517428224,12:00-13:00
2026-08-11,2026-08-11 12:18:08-04:00,738,60,P,772.0,772.325,0.59,1.6949152542372898,-0.029999999999972715,-0.0038843751011520687,12:00-13:00
2026-08-11,2026-08-11 12:23:09-04:00,743,15,C,772.0,772.14,0.83,1.204819277108435,-0.005806451612897945,-0.0007519946658504864,12:00-13:00
2026-08-11,2026-08-11 12:23:09-04:00,743,15,P,772.0,772.14,0.66,1.5151515151515165,-0.07135135135138171,-0.009240727245238133,12:00-13:00
2026-08-11,2026-08-11 12:23:09-04:00,743,30,C,772.0,772.14,0.83,1.204819277108435,0.054492753623208046,0.007057367008989049,12:00-13:00
2026-08-11,2026-08-11 12:23:09-04:00,743,30,P,772.0,772.14,0.66,1.5151515151515165,0.050909090909158294,0.006593246161208886,12:00-13:00
2026-08-11,2026-08-11 12:23:09-04:00,743,60,C,772.0,772.14,0.83,1.204819277108435,0.04666666666673791,0.006043808981109373,12:00-13:00
2026-08-11,2026-08-11 12:23:09-04:00,743,60,P,772.0,772.14,0.66,1.5151515151515165,-0.06461538461542204,-0.008368350896912742,12:00-13:00
2026-08-11,2026-08-11 12:28:09-04:00,748,15,C,772.0,771.79,0.68,1.4705882352941189,0.02058823529421261,0.002667595498025708,12:00-13:00
2026-08-11,2026-08-11 12:28:09-04:00,748,15,P,772.0,771.79,0.88,1.1363636363636374,0.08265306122439142,0.010709268223790334,12:00-13:00
2026-08-11,2026-08-11 12:28:09-04:00,748,30,C,772.0,771.79,0.68,1.4705882352941189,0.08565217391299029,0.011097860028374337,12:00-13:00
2026-08-11,2026-08-11 12:28:09-04:00,748,30,P,772.0,771.79,0.88,1.1363636363636374,0.10090909090911282,0.013074682350006198,12:00-13:00
2026-08-11,2026-08-11 12:28:09-04:00,748,60,C,772.0,771.79,0.68,1.4705882352941189,0.12666666666666515,0.01641206373063465,12:00-13:00
2026-08-11,2026-08-11 12:28:09-04:00,748,60,P,772.0,771.79,0.88,1.1363636363636374,0.16307692307691468,0.02112970148316442,12:00-13:00
2026-08-11,2026-08-11 12:33:09-04:00,753,15,C,772.0,771.52,0.56,1.785714285714287,0.05529411764712222,0.007166906580143382,12:00-13:00
2026-08-11,2026-08-11 12:33:09-04:00,753,15,P,772.0,771.52,1.01,0.990099009900991,0.07795918367344257,0.01010462252092526,12:00-13:00
2026-08-11,2026-08-11 12:33:09-04:00,753,30,C,772.0,771.52,0.56,1.785714285714287,0.07794871794874325,0.010103266013679911,12:00-13:00
2026-08-11,2026-08-11 12:33:09-04:00,753,30,P,772.0,771.52,1.01,0.990099009900991,0.0662295081966704,0.008584289220845915,12:00-13:00
2026-08-11,2026-08-11 12:33:09-04:00,753,60,C,772.0,771.52,0.56,1.785714285714287,0.2266666666666879,0.029379234066088743,12:00-13:00
2026-08-11,2026-08-11 12:33:09-04:00,753,60,P,772.0,771.52,1.01,0.990099009900991,0.13444444444439796,0.017425918245074393,12:00-13:00
2026-08-11,2026-08-11 12:38:09-04:00,758,15,C,772.0,771.86,0.67,1.492537313432837,-0.006086956521812681,-0.0007886088826746665,12:00-13:00
2026-08-11,2026-08-11 12:38:09-04:00,758,15,P,772.0,771.86,0.8,1.250000000000001,0.02545454545463599,0.003297818963884123,12:00-13:00
2026-08-11,2026-08-11 12:38:09-04:00,758,30,C,772.0,771.86,0.67,1.492537313432837,-0.18698113207551614,-0.024224746984623655,12:00-13:00
2026-08-11,2026-08-11 12:38:09-04:00,758,30,P,772.0,771.86,0.8,1.250000000000001,-0.1682978723404176,-0.021804196660070167,12:00-13:00
2026-08-11,2026-08-11 12:38:09-04:00,758,60,C,772.0,771.86,0.67,1.492537313432837,0.1342499999999518,0.017393050553202883,12:00-13:00
2026-08-11,2026-08-11 12:38:09-04:00,758,60,P,772.0,771.86,0.8,1.250000000000001,0.1817222222222199,0.023543417487914893,12:00-13:00
2026-08-11,2026-08-11 12:43:08-04:00,763,15,C,772.0,771.68,0.59,1.6949152542372898,0.0,0.0,12:00-13:00
2026-08-11,2026-08-11 12:43:08-04:00,763,15,P,772.0,771.68,0.87,1.1494252873563229,-0.02727272727270247,-0.0035342016474059802,12:00-13:00
2026-08-11,2026-08-11 12:43:08-04:00,763,30,C,772.0,771.68,0.59,1.6949152542372898,-0.15792452830180537,-0.02046502802998722,12:00-13:00
2026-08-11,2026-08-11 12:43:08-04:00,763,30,P,772.0,771.68,0.87,1.1494252873563229,-0.1993617021277032,-0.025834763389967763,12:00-13:00
2026-08-11,2026-08-11 12:43:08-04:00,763,60,C,772.0,771.68,0.59,1.6949152542372898,0.20222222222230357,0.026205450733763166,12:00-13:00
2026-08-11,2026-08-11 12:43:08-04:00,763,60,P,772.0,771.68,0.87,1.1494252873563229,0.12909090909090537,0.01672855446440304,12:00-13:00
2026-08-11,2026-08-11 12:48:09-04:00,768,15,C,771.0,771.34,0.96,1.0416666666666676,-0.00687500000003638,-0.000891306038846213,12:00-13:00
2026-08-11,2026-08-11 12:48:09-04:00,768,15,P,771.0,771.34,0.58,1.7241379310344844,-0.012222222222135315,-0.0015845440690402824,12:00-13:00
2026-08-11,2026-08-11 12:48:09-04:00,768,30,C,771.0,771.34,0.96,1.0416666666666676,-0.009999999999990905,-0.001296445147404634,12:00-13:00
2026-08-11,2026-08-11 12:48:09-04:00,768,30,P,771.0,771.34,0.58,1.7241379310344844,-0.03999999999996362,-0.005185780589618536,12:00-13:00
2026-08-11,2026-08-11 12:48:09-04:00,768,60,C,771.0,771.34,0.96,1.0416666666666676,0.21657534246571686,0.028077805178743077,12:00-13:00
2026-08-11,2026-08-11 12:48:09-04:00,768,60,P,771.0,771.34,0.58,1.7241379310344844,0.2941509433962892,0.038135056317096114,12:00-13:00
2026-08-11,2026-08-11 12:53:08-04:00,773,15,C,771.0,771.38,0.95,1.0526315789473695,-0.17867924528297863,-0.02316358283634248,12:00-13:00
2026-08-11,2026-08-11 12:53:08-04:00,773,15,P,771.0,771.38,0.54,1.8518518518518534,-0.34333333333336213,-0.0445089752564705,12:00-13:00
2026-08-11,2026-08-11 12:53:08-04:00,773,30,C,771.0,771.38,0.95,1.0526315789473695,0.00666666666677429,0.0008642519467414622,12:00-13:00
2026-08-11,2026-08-11 12:53:08-04:00,773,30,P,771.0,771.38,0.54,1.8518518518518534,-0.1323076923077906,-0.017152077096604865,12:00-13:00
2026-08-11,2026-08-11 12:53:08-04:00,773,60,C,771.0,771.38,0.95,1.0526315789473695,0.17136986301375146,0.02221601065800921,12:00-13:00
2026-08-11,2026-08-11 12:53:08-04:00,773,60,P,771.0,771.38,0.54,1.8518518518518534,0.2728571428571058,0.035372597533914,12:00-13:00
2026-08-11,2026-08-11 12:58:10-04:00,778,15,C,771.0,771.18,0.83,1.204819277108435,-0.20509433962263302,-0.02659487274341049,12:00-13:00
2026-08-11,2026-08-11 12:58:10-04:00,778,15,P,771.0,771.18,0.62,1.6129032258064528,-0.2470370370371029,-0.03203364156709237,12:00-13:00
2026-08-11,2026-08-11 12:58:10-04:00,778,30,C,771.0,771.18,0.83,1.204819277108435,-0.013333333333321207,-0.0017289521685366852,12:00-13:00
2026-08-11,2026-08-11 12:58:10-04:00,778,30,P,771.0,771.18,0.62,1.6129032258064528,-0.031538461538502816,-0.0040896368602016155,12:00-13:00
2026-08-11,2026-08-11 12:58:10-04:00,778,60,C,771.0,771.18,0.83,1.204819277108435,0.20722222222218534,0.0268707982860273,12:00-13:00
2026-08-11,2026-08-11 12:58:10-04:00,778,60,P,771.0,771.18,0.62,1.6129032258064528,0.2563793103448688,0.03324506734418279,12:00-13:00
2026-08-11,2026-08-11 13:03:10-04:00,783,15,C,771.0,770.88,0.68,1.4705882352941189,-0.01666666666665151,-0.0021620312716183463,13:00-14:00
2026-08-11,2026-08-11 13:03:10-04:00,783,15,P,771.0,770.88,0.76,1.3157894736842117,-0.05000000000006821,-0.006486093814869787,13:00-14:00
2026-08-11,2026-08-11 13:03:10-04:00,783,30,C,771.0,770.88,0.68,1.4705882352941189,0.09285714285715585,0.012045602799029142,13:00-14:00
2026-08-11,2026-08-11 13:03:10-04:00,783,30,P,771.0,770.88,0.76,1.3157894736842117,0.09761904761899132,0.0126633260194831,13:00-14:00
2026-08-11,2026-08-11 13:03:10-04:00,783,60,C,771.0,770.88,0.68,1.4705882352941189,0.26915373134329457,0.034915127042249715,13:00-14:00
2026-08-11,2026-08-11 13:03:10-04:00,783,60,P,771.0,770.88,0.76,1.3157894736842117,0.21343333333334158,0.027686972464370796,13:00-14:00
2026-08-11,2026-08-11 13:08:07-04:00,788,15,C,771.0,771.0,0.74,1.3513513513513526,0.036666666666747005,0.0047557284911474715,13:00-14:00
2026-08-11,2026-08-11 13:08:07-04:00,788,15,P,771.0,771.0,0.7,1.42857142857143,-0.10205128205132041,-0.013236223352959845,13:00-14:00
2026-08-11,2026-08-11 13:08:07-04:00,788,30,C,771.0,771.0,0.74,1.3513513513513526,0.10362499999996544,0.013440337224379434,13:00-14:00
2026-08-11,2026-08-11 13:08:07-04:00,788,30,P,771.0,771.0,0.7,1.42857142857143,0.16299206349208362,0.021140345459414216,13:00-14:00
2026-08-11,2026-08-11 13:08:07-04:00,788,60,C,771.0,771.0,0.74,1.3513513513513526,0.1987500000000182,0.02577821011673388,13:00-14:00
2026-08-11,2026-08-11 13:08:07-04:00,788,60,P,771.0,771.0,0.7,1.42857142857143,0.2644029850746392,0.03429351297984944,13:00-14:00
2026-08-11,2026-08-11 13:13:11-04:00,793,15,C,770.0,770.39,1.07,1.8691588785046744,0.2019047619048706,0.026208123405660852,13:00-14:00
2026-08-11,2026-08-11 13:13:11-04:00,793,15,P,770.0,770.39,0.64,1.5625000000000013,0.31675675675671755,0.04111641593955238,13:00-14:00
2026-08-11,2026-08-11 13:13:11-04:00,793,30,C,770.0,770.39,1.07,1.8691588785046744,0.3066197183098893,0.03980058390034779,13:00-14:00
2026-08-11,2026-08-11 13:13:11-04:00,793,30,P,770.0,770.39,0.64,1.5625000000000013,0.42090909090904916,0.0546358455988589,13:00-14:00
2026-08-11,2026-08-11 13:13:11-04:00,793,60,C,770.0,770.39,1.07,1.8691588785046744,0.3962500000000091,0.051434987473878056,13:00-14:00
2026-08-11,2026-08-11 13:13:11-04:00,793,60,P,770.0,770.39,0.64,1.5625000000000013,0.555454545454495,0.07210043555270643,13:00-14:00
2026-08-11,2026-08-11 13:18:11-04:00,798,15,C,771.0,770.73,0.61,1.6393442622950833,0.17049999999994725,0.022121884447205538,13:00-14:00
2026-08-11,2026-08-11 13:18:11-04:00,798,15,P,771.0,770.73,0.85,1.176470588235295,0.13108730158739945,0.01700820022412511,13:00-14:00
2026-08-11,2026-08-11 13:18:11-04:00,798,30,C,771.0,770.73,0.61,1.6393442622950833,0.21829787234037212,0.028323520862088166,13:00-14:00
2026-08-11,2026-08-11 13:18:11-04:00,798,30,P,771.0,770.73,0.85,1.176470588235295,0.19358490566048658,0.025117084538098498,13:00-14:00
2026-08-11,2026-08-11 13:18:11-04:00,798,60,C,771.0,770.73,0.61,1.6393442622950833,0.3133333333333894,0.040654098495373145,13:00-14:00
2026-08-11,2026-08-11 13:18:11-04:00,798,60,P,771.0,770.73,0.85,1.176470588235295,0.25943661971825804,0.03366115497233247,13:00-14:00
2026-08-11,2026-08-11 13:23:09-04:00,803,15,C,771.0,770.82,0.62,1.6129032258064528,0.09612499999991542,0.012470485975962665,13:00-14:00
2026-08-11,2026-08-11 13:23:09-04:00,803,15,P,771.0,770.82,0.82,1.2195121951219388,0.1734682539683945,0.02250437896894145,13:00-14:00
2026-08-11,2026-08-11 13:23:09-04:00,803,30,C,771.0,770.82,0.62,1.6129032258064528,0.17999999999994998,0.023351755273598243,13:00-14:00
2026-08-11,2026-08-11 13:23:09-04:00,803,30,P,771.0,770.82,0.82,1.2195121951219388,0.2128571428571604,0.027614377267995174,13:00-14:00
2026-08-11,2026-08-11 13:23:09-04:00,803,60,C,771.0,770.82,0.62,1.6129032258064528,0.18692307692299437,0.024249899707194204,13:00-14:00
2026-08-11,2026-08-11 13:23:09-04:00,803,60,P,771.0,770.82,0.82,1.2195121951219388,0.32750000000010004,0.042487221400599365,13:00-14:00
2026-08-11,2026-08-11 13:28:10-04:00,808,15,C,771.0,770.75,0.59,1.6949152542372898,0.13222222222225355,0.017155007748589496,13:00-14:00
2026-08-11,2026-08-11 13:28:10-04:00,808,15,P,771.0,770.75,0.81,1.234567901234569,0.09000000000003183,0.011676938047360601,13:00-14:00
2026-08-11,2026-08-11 13:28:10-04:00,808,30,C,771.0,770.75,0.59,1.6949152542372898,0.2198780487804015,0.02852780392869303,13:00-14:00
2026-08-11,2026-08-11 13:28:10-04:00,808,30,P,771.0,770.75,0.81,1.234567901234569,0.15396551724143137,0.019976064513970986,13:00-14:00
2026-08-11,2026-08-11 13:28:10-04:00,808,60,C,771.0,770.75,0.59,1.6949152542372898,0.1536585365853398,0.01993623569060523,13:00-14:00
2026-08-11,2026-08-11 13:28:10-04:00,808,60,P,771.0,770.75,0.81,1.234567901234569,0.13103448275865048,0.017000905969335126,13:00-14:00
2026-08-11,2026-08-11 13:33:10-04:00,813,15,C,771.0,770.83,0.6,1.6666666666666683,0.09702127659568305,0.012586598419325018,13:00-14:00
2026-08-11,2026-08-11 13:33:10-04:00,813,15,P,771.0,770.83,0.74,1.3513513513513526,0.08603773584911778,0.011161700485076836,13:00-14:00
2026-08-11,2026-08-11 13:33:10-04:00,813,30,C,771.0,770.83,0.6,1.6666666666666683,0.19975074626859168,0.025913722386076265,13:00-14:00
2026-08-11,2026-08-11 13:33:10-04:00,813,30,P,771.0,770.83,0.74,1.3513513513513526,0.13168730158736253,0.017083831919795872,13:00-14:00
2026-08-11,2026-08-11 13:33:10-04:00,813,60,C,771.0,770.83,0.6,1.6666666666666683,0.07243902439017802,0.009397535694015285,13:00-14:00
2026-08-11,2026-08-11 13:33:10-04:00,813,60,P,771.0,770.83,0.74,1.3513513513513526,0.08423728813568232,0.010928127879776645,13:00-14:00
2026-08-11,2026-08-11 13:38:11-04:00,818,15,C,771.0,770.9005,0.62,1.6129032258064528,0.09950000000003456,0.012906983456364936,13:00-14:00
2026-08-11,2026-08-11 13:38:11-04:00,818,15,P,771.0,770.9005,0.67,1.492537313432837,0.02549999999996544,0.003307819880771311,13:00-14:00
2026-08-11,2026-08-11 13:38:11-04:00,818,30,C,771.0,770.9005,0.62,1.6129032258064528,0.11075000000005275,0.014366315756709555,13:00-14:00
2026-08-11,2026-08-11 13:38:11-04:00,818,30,P,771.0,770.9005,0.67,1.492537313432837,0.12012686567163655,0.015582668018977359,13:00-14:00
2026-08-11,2026-08-11 13:38:11-04:00,818,60,C,771.0,770.9005,0.62,1.6129032258064528,0.09065384615394123,0.011759474297129298,13:00-14:00
2026-08-11,2026-08-11 13:38:11-04:00,818,60,P,771.0,770.9005,0.67,1.492537313432837,0.03614516129027834,0.004688693455287465,13:00-14:00
2026-08-11,2026-08-11 13:43:11-04:00,823,15,C,771.0,771.26,0.77,1.2987012987012998,0.04388888888888687,0.005690543900745127,13:00-14:00
2026-08-11,2026-08-11 13:43:11-04:00,823,15,P,771.0,771.26,0.49,2.040816326530614,0.11224137931037603,0.014552988526615672,13:00-14:00
2026-08-11,2026-08-11 13:43:11-04:00,823,30,C,771.0,771.26,0.77,1.2987012987012998,0.05750000000000455,0.007455332831989802,13:00-14:00
2026-08-11,2026-08-11 13:43:11-04:00,823,30,P,771.0,771.26,0.49,2.040816326530614,0.046666666666624224,0.006050704907116177,13:00-14:00
2026-08-11,2026-08-11 13:43:11-04:00,823,60,C,771.0,771.26,0.77,1.2987012987012998,-0.03338709677416318,-0.004328902934699477,13:00-14:00
2026-08-11,2026-08-11 13:43:11-04:00,823,60,P,771.0,771.26,0.49,2.040816326530614,-0.014999999999986358,-0.0019448694344301996,13:00-14:00
2026-08-11,2026-08-11 13:48:11-04:00,828,15,C,771.0,771.31,0.79,1.2658227848101276,0.0033328358209701037,0.00043210068856492257,13:00-14:00
2026-08-11,2026-08-11 13:48:11-04:00,828,15,P,771.0,771.31,0.45,2.222222222222224,-0.0024000000000796717,-0.0003111589374025582,13:00-14:00
2026-08-11,2026-08-11 13:48:11-04:00,828,30,C,771.0,771.31,0.79,1.2658227848101276,0.033333333333416704,0.0043216519082362095,13:00-14:00
2026-08-11,2026-08-11 13:48:11-04:00,828,30,P,771.0,771.31,0.45,2.222222222222224,0.024999999999863576,0.003241238931151363,13:00-14:00
2026-08-11,2026-08-11 13:48:11-04:00,828,60,C,771.0,771.31,0.79,1.2658227848101276,0.019411764705864698,0.0025167266994936795,13:00-14:00
2026-08-11,2026-08-11 13:48:11-04:00,828,60,P,771.0,771.31,0.45,2.222222222222224,0.05999999999994543,0.007778973434798646,13:00-14:00
2026-08-11,2026-08-11 13:53:12-04:00,833,15,C,771.0,771.25,0.74,1.3513513513513526,-0.05124999999998181,-0.006645056726091645,13:00-14:00
2026-08-11,2026-08-11 13:53:12-04:00,833,15,P,771.0,771.25,0.47,2.1276595744680753,-0.02166666666664696,-0.00280929227444369,13:00-14:00
2026-08-11,2026-08-11 13:53:12-04:00,833,30,C,771.0,771.25,0.74,1.3513513513513526,-0.012307692307786056,-0.0015958109961473005,13:00-14:00
2026-08-11,2026-08-11 13:53:12-04:00,833,30,P,771.0,771.25,0.47,2.1276595744680753,0.02833333333342125,0.003673689897364182,13:00-14:00
2026-08-11,2026-08-11 13:53:12-04:00,833,60,C,771.0,771.25,0.74,1.3513513513513526,0.05000000000006821,0.006482982171807873,13:00-14:00
2026-08-11,2026-08-11 13:53:12-04:00,833,60,P,771.0,771.25,0.47,2.1276595744680753,0.029999999999972715,0.003889789303075879,13:00-14:00
2026-08-11,2026-08-11 13:58:12-04:00,838,15,C,771.0,771.165,0.68,1.4705882352941189,0.011875000000031832,0.001539877976831396,13:00-14:00
2026-08-11,2026-08-11 13:58:12-04:00,838,15,P,771.0,771.165,0.49,2.040816326530614,-0.04833333333340306,-0.006267573519727045,13:00-14:00
2026-08-11,2026-08-11 13:58:12-04:00,838,30,C,771.0,771.165,0.68,1.4705882352941189,-0.0715217391303895,-0.009274505343264997,13:00-14:00
2026-08-11,2026-08-11 13:58:12-04:00,838,30,P,771.0,771.165,0.49,2.040816326530614,-0.1183333333333394,-0.015344748962069,13:00-14:00
2026-08-11,2026-08-11 13:58:12-04:00,838,60,C,771.0,771.165,0.68,1.4705882352941189,0.10500000000001819,0.013615763163527675,13:00-14:00
2026-08-11,2026-08-11 13:58:12-04:00,838,60,P,771.0,771.165,0.49,2.040816326530614,0.05863636363631031,0.007603608000403326,13:00-14:00
2026-08-11,2026-08-11 14:03:12-04:00,843,15,C,771.0,770.9999,0.59,1.6949152542372898,-0.050669230769358364,-0.006571885517671061,14:00-15:00
2026-08-11,2026-08-11 14:03:12-04:00,843,15,P,771.0,770.9999,0.56,1.785714285714287,-0.03426666666655365,-0.004444445020881798,14:00-15:00
2026-08-11,2026-08-11 14:03:12-04:00,843,30,C,771.0,770.9999,0.59,1.6949152542372898,-0.121851219512223,-0.015804310676593214,14:00-15:00
2026-08-11,2026-08-11 14:03:12-04:00,843,30,P,771.0,770.9999,0.56,1.785714285714287,-0.09687419354838767,-0.01256474787459605,14:00-15:00
2026-08-11,2026-08-11 14:03:12-04:00,843,60,C,771.0,770.9999,0.59,1.6949152542372898,0.1043857142857405,0.013539004905933258,14:00-15:00
2026-08-11,2026-08-11 14:03:12-04:00,843,60,P,771.0,770.9999,0.56,1.785714285714287,0.07656666666662204,0.009930827055440867,14:00-15:00
2026-08-11,2026-08-11 14:08:12-04:00,848,15,C,771.0,770.855,0.53,1.8867924528301903,-0.021153846153879385,-0.0027442056098591024,14:00-15:00
2026-08-11,2026-08-11 14:08:12-04:00,848,15,P,771.0,770.855,0.63,1.5873015873015885,-0.03333333333330302,-0.004324202779161193,14:00-15:00
2026-08-11,2026-08-11 14:08:12-04:00,848,30,C,771.0,770.855,0.53,1.8867924528301903,-0.0678947368420495,-0.008807718292292259,14:00-15:00
2026-08-11,2026-08-11 14:08:12-04:00,848,30,P,771.0,770.855,0.63,1.5873015873015885,-0.07387096774198199,-0.009582991320284878,14:00-15:00
2026-08-11,2026-08-11 14:08:12-04:00,848,60,C,771.0,770.855,0.53,1.8867924528301903,0.11653846153842551,0.015118078177922632,14:00-15:00
2026-08-11,2026-08-11 14:08:12-04:00,848,60,P,771.0,770.855,0.63,1.5873015873015885,0.08136363636367605,0.01055498587460366,14:00-15:00
2026-08-11,2026-08-11 14:13:13-04:00,853,15,C,771.0,770.88,0.5,2.0000000000000018,-0.1958536585366346,-0.02540650406504704,14:00-15:00
2026-08-11,2026-08-11 14:13:13-04:00,853,15,P,771.0,770.88,0.62,1.6129032258064528,-0.06655172413786659,-0.008633214525978957,14:00-15:00
2026-08-11,2026-08-11 14:13:13-04:00,853,30,C,771.0,770.88,0.5,2.0000000000000018,-0.08887096774196834,-0.011528508683837736,14:00-15:00
2026-08-11,2026-08-11 14:13:13-04:00,853,30,P,771.0,770.88,0.62,1.6129032258064528,-0.05289473684206314,-0.0068616045094000554,14:00-15:00
2026-08-11,2026-08-11 14:13:13-04:00,853,60,C,771.0,770.88,0.5,2.0000000000000018,0.029418604651141322,0.0038162365933921394,14:00-15:00
2026-08-11,2026-08-11 14:13:13-04:00,853,60,P,771.0,770.88,0.62,1.6129032258064528,0.05571428571431625,0.0072273616794204356,14:00-15:00
2026-08-11,2026-08-11 14:18:11-04:00,858,15,C,771.0,770.71,0.42,2.380952380952383,-0.24658536585366164,-0.03199457199902189,14:00-15:00
2026-08-11,2026-08-11 14:18:11-04:00,858,15,P,771.0,770.71,0.69,1.449275362318826,-0.12050847457624059,-0.015636033602294066,14:00-15:00
2026-08-11,2026-08-11 14:18:11-04:00,858,30,C,771.0,770.71,0.42,2.380952380952383,-0.11000000000012733,-0.014272553878907412,14:00-15:00
2026-08-11,2026-08-11 14:18:11-04:00,858,30,P,771.0,770.71,0.69,1.449275362318826,-0.04491803278676798,-0.005828136755299397,14:00-15:00
2026-08-11,2026-08-11 14:18:11-04:00,858,60,C,771.0,770.71,0.42,2.380952380952383,0.05444444444447072,0.007064193333999911,14:00-15:00
2026-08-11,2026-08-11 14:18:11-04:00,858,60,P,771.0,770.71,0.69,1.449275362318826,0.05666666666661513,0.0073525277557855906,14:00-15:00
2026-08-11,2026-08-11 14:23:13-04:00,863,15,C,770.0,770.43,0.85,1.176470588235295,-0.08499999999992269,-0.011032799865000414,14:00-15:00
2026-08-11,2026-08-11 14:23:13-04:00,863,15,P,770.0,770.43,0.38,2.6315789473684235,-0.22088235294131664,-0.028670009337813513,14:00-15:00
2026-08-11,2026-08-11 14:23:13-04:00,863,30,C,770.0,770.43,0.85,1.176470588235295,0.06194805194820674,0.008040711284374537,14:00-15:00
2026-08-11,2026-08-11 14:23:13-04:00,863,30,P,770.0,770.43,0.38,2.6315789473684235,0.02999999999985903,0.0038939293641030367,14:00-15:00
2026-08-11,2026-08-11 14:23:13-04:00,863,60,C,770.0,770.43,0.85,1.176470588235295,0.1961445783133513,0.02545910443691852,14:00-15:00
2026-08-11,2026-08-11 14:23:13-04:00,863,60,P,770.0,770.43,0.38,2.6315789473684235,0.19555555555552928,0.02538265066982455,14:00-15:00
2026-08-11,2026-08-11 14:28:13-04:00,868,15,C,770.0,770.05,0.66,1.5151515151515165,-0.0008064516129024923,-0.00010472717523569798,14:00-15:00
2026-08-11,2026-08-11 14:28:13-04:00,868,15,P,770.0,770.05,0.57,1.7543859649122628,-0.01447368421054307,-0.0018795771976550964,14:00-15:00
2026-08-11,2026-08-11 14:28:13-04:00,868,30,C,770.0,770.05,0.66,1.5151515151515165,0.17454545454552317,0.022666768981952235,14:00-15:00
2026-08-11,2026-08-11 14:28:13-04:00,868,30,P,770.0,770.05,0.57,1.7543859649122628,0.08909090909082806,0.011569496667856382,14:00-15:00
2026-08-11,2026-08-11 14:28:13-04:00,868,60,C,770.0,770.05,0.66,1.5151515151515165,0.3053846153846962,0.039657764480838416,14:00-15:00
2026-08-11,2026-08-11 14:28:13-04:00,868,60,P,770.0,770.05,0.57,1.7543859649122628,0.2891666666665742,0.03755167413370225,14:00-15:00
2026-08-11,2026-08-11 14:33:13-04:00,873,15,C,770.0,770.0,0.65,1.5384615384615397,0.12352941176470722,0.016042780748663273,14:00-15:00
2026-08-11,2026-08-11 14:33:13-04:00,873,15,P,770.0,770.0,0.6,1.6666666666666683,0.09754098360656371,0.012667660208644639,14:00-15:00
2026-08-11,2026-08-11 14:33:13-04:00,873,30,C,770.0,770.0,0.65,1.5384615384615397,0.19000000000005457,0.024675324675331765,14:00-15:00
2026-08-11,2026-08-11 14:33:13-04:00,873,30,P,770.0,770.0,0.6,1.6666666666666683,0.14333333333331666,0.01861471861471645,14:00-15:00
2026-08-11,2026-08-11 14:33:13-04:00,873,60,C,770.0,770.0,0.65,1.5384615384615397,0.31676666666658093,0.041138528138517004,14:00-15:00
2026-08-11,2026-08-11 14:33:13-04:00,873,60,P,770.0,770.0,0.6,1.6666666666666683,0.34990000000004784,0.04544155844156465,14:00-15:00
2026-08-11,2026-08-11 14:38:13-04:00,878,15,C,770.0,769.945,0.6,1.6666666666666683,0.07500000000004547,0.009740955522802987,14:00-15:00
2026-08-11,2026-08-11 14:38:13-04:00,878,15,P,770.0,769.945,0.63,1.5873015873015885,0.04499999999995907,0.005844573313672934,14:00-15:00
2026-08-11,2026-08-11 14:38:13-04:00,878,30,C,770.0,769.945,0.6,1.6666666666666683,0.13423076923072585,0.017433812704897862,14:00-15:00
2026-08-11,2026-08-11 14:38:13-04:00,878,30,P,770.0,769.945,0.63,1.5873015873015885,0.17136363636370788,0.022256607467248682,14:00-15:00
2026-08-11,2026-08-11 14:38:13-04:00,878,60,C,770.0,769.945,0.6,1.6666666666666683,0.3592857142856474,0.04666381550443828,14:00-15:00
2026-08-11,2026-08-11 14:38:13-04:00,878,60,P,770.0,769.945,0.63,1.5873015873015885,0.27384057971016773,0.03556625209724951,14:00-15:00
2026-08-11,2026-08-11 14:43:13-04:00,883,15,C,770.0,769.775,0.5,2.0000000000000018,0.08590909090912646,0.01116028591590094,14:00-15:00
2026-08-11,2026-08-11 14:43:13-04:00,883,15,P,770.0,769.775,0.69,1.449275362318826,0.03227272727269792,0.004192488359936075,14:00-15:00
2026-08-11,2026-08-11 14:43:13-04:00,883,30,C,770.0,769.775,0.5,2.0000000000000018,0.1344186046511595,0.017462064194233316,14:00-15:00
2026-08-11,2026-08-11 14:43:13-04:00,883,30,P,770.0,769.775,0.69,1.449275362318826,0.07571428571429806,0.009835898244850516,14:00-15:00
2026-08-11,2026-08-11 14:43:13-04:00,883,60,C,770.0,769.775,0.5,2.0000000000000018,0.39122950819671587,0.050823878171766534,14:00-15:00
2026-08-11,2026-08-11 14:43:13-04:00,883,60,P,770.0,769.775,0.69,1.449275362318826,0.25722222222213986,0.033415247601200335,14:00-15:00
2026-08-11,2026-08-11 14:48:13-04:00,888,15,C,770.0,770.05,0.61,1.6393442622950833,0.08285714285716494,0.01075996920422894,14:00-15:00
2026-08-11,2026-08-11 14:48:13-04:00,888,15,P,770.0,770.05,0.52,1.9230769230769247,0.05999999999994543,0.00779170183753593,14:00-15:00
2026-08-11,2026-08-11 14:48:13-04:00,888,30,C,770.0,770.05,0.61,1.6393442622950833,0.13666666666676974,0.01774776529663915,14:00-15:00
2026-08-11,2026-08-11 14:48:13-04:00,888,30,P,770.0,770.05,0.52,1.9230769230769247,0.08185185185175214,0.010629420407993266,14:00-15:00
2026-08-11,2026-08-11 14:48:13-04:00,888,60,C,770.0,770.05,0.61,1.6393442622950833,0.2800000000000864,0.036361275241878634,14:00-15:00
2026-08-11,2026-08-11 14:48:13-04:00,888,60,P,770.0,770.05,0.52,1.9230769230769247,0.1829629629628471,0.02375988091199884,14:00-15:00
2026-08-11,2026-08-11 14:53:14-04:00,893,15,C,770.0,770.44,0.82,1.2195121951219388,-0.02230769230777696,-0.0028954483551966357,14:00-15:00
2026-08-11,2026-08-11 14:53:14-04:00,893,15,P,770.0,770.44,0.37,2.7027027027027053,0.030000000000086402,0.0038938788225022585,14:00-15:00
2026-08-11,2026-08-11 14:53:14-04:00,893,30,C,770.0,770.44,0.82,1.2195121951219388,0.14999999999997726,0.019469394112452267,14:00-15:00
2026-08-11,2026-08-11 14:53:14-04:00,893,30,P,770.0,770.44,0.37,2.7027027027027053,0.18333333333339397,0.023795926137453138,14:00-15:00
2026-08-11,2026-08-11 14:58:13-04:00,898,15,C,770.0,770.27,0.69,1.449275362318826,0.033493150684989814,0.004348235123396967,14:00-15:00
2026-08-11,2026-08-11 14:58:13-04:00,898,15,P,770.0,770.27,0.41,2.4390243902438913,0.0707142857143026,0.009180454349033794,14:00-15:00
2026-08-11,2026-08-11 14:58:13-04:00,898,30,C,770.0,770.27,0.69,1.449275362318826,0.14307692307693287,0.018574905302937008,14:00-15:00
2026-08-11,2026-08-11 14:58:13-04:00,898,30,P,770.0,770.27,0.41,2.4390243902438913,0.17583333333334394,0.02282749338976514,14:00-15:00
2026-08-11,2026-08-11 15:03:13-04:00,903,15,C,770.0,770.09,0.59,1.6949152542372898,0.05222222222221262,0.0067813141609698365,15:00-16:00
2026-08-11,2026-08-11 15:03:13-04:00,903,15,P,770.0,770.09,0.47,2.1276595744680753,0.029259259259220016,0.0037994597072056532,15:00-16:00
2026-08-11,2026-08-11 15:03:13-04:00,903,30,C,770.0,770.09,0.59,1.6949152542372898,0.12150350877186611,0.01577783230166164,15:00-16:00
2026-08-11,2026-08-11 15:03:13-04:00,903,30,P,770.0,770.09,0.47,2.1276595744680753,0.13037619047622684,0.016929993958657668,15:00-16:00
2026-08-11,2026-08-11 15:08:14-04:00,908,15,C,770.0,769.91,0.5,2.0000000000000018,0.09818181818184257,0.012752376015617744,15:00-16:00
2026-08-11,2026-08-11 15:08:14-04:00,908,15,P,770.0,769.91,0.55,1.8181818181818195,0.05333333333328483,0.0069272166010682845,15:00-16:00
2026-08-11,2026-08-11 15:08:14-04:00,908,30,C,770.0,769.91,0.5,2.0000000000000018,0.25142857142861885,0.03265687826221492,15:00-16:00
2026-08-11,2026-08-11 15:08:14-04:00,908,30,P,770.0,769.91,0.55,1.8181818181818195,0.12289855072458522,0.015962716515512884,15:00-16:00
2026-08-11,2026-08-11 15:13:14-04:00,913,15,C,770.0,770.235,0.65,1.5384615384615397,0.10115384615380663,0.013132855057717012,15:00-16:00
2026-08-11,2026-08-11 15:13:14-04:00,913,15,P,770.0,770.235,0.4,2.500000000000002,0.12000000000000455,0.015579660752887695,15:00-16:00
2026-08-11,2026-08-11 15:13:14-04:00,913,30,C,770.0,770.235,0.65,1.5384615384615397,0.17713114754099024,0.022997026562151843,15:00-16:00
2026-08-11,2026-08-11 15:13:14-04:00,913,30,P,770.0,770.235,0.4,2.500000000000002,0.20552631578948422,0.026683585631590907,15:00-16:00
2026-08-11,2026-08-11 15:18:14-04:00,918,15,C,770.0,770.32,0.68,1.4705882352941189,0.04939824561392925,0.006412691558563875,15:00-16:00
2026-08-11,2026-08-11 15:18:14-04:00,918,15,P,770.0,770.32,0.34,2.9411764705882377,0.05085238095250588,0.006601461853840726,15:00-16:00
2026-08-11,2026-08-11 15:18:14-04:00,918,30,C,770.0,770.32,0.68,1.4705882352941189,0.09641975308636574,0.012516844050052673,15:00-16:00
2026-08-11,2026-08-11 15:18:14-04:00,918,30,P,770.0,770.32,0.34,2.9411764705882377,0.11962962962968504,0.015529861567878937,15:00-16:00
2026-08-11,2026-08-11 15:23:15-04:00,923,15,C,771.0,770.59,0.28,3.571428571428574,0.05517241379311599,0.007159762492780337,15:00-16:00
2026-08-11,2026-08-11 15:23:15-04:00,923,15,P,771.0,770.59,0.69,2.898550724637668,0.005797101449275033,0.0007522938851107635,15:00-16:00
2026-08-11,2026-08-11 15:28:15-04:00,928,15,C,770.0,770.49,0.74,1.3513513513513526,0.06967213114751303,0.009042574354957629,15:00-16:00
2026-08-11,2026-08-11 15:28:15-04:00,928,15,P,770.0,770.49,0.23,4.347826086956525,0.013157894736878006,0.0017077307605391384,15:00-16:00
2026-08-11,2026-08-11 15:33:15-04:00,933,15,C,771.0,770.6501,0.28,3.571428571428574,-0.037491304347781806,-0.004864893204812639,15:00-16:00
2026-08-11,2026-08-11 15:33:15-04:00,933,15,P,771.0,770.6501,0.62,3.2258064516129057,-0.03175185185193641,-0.004120138549509876,15:00-16:00
2026-08-12,2026-08-12 09:30:04-04:00,570,15,C,774.0,774.22,1.94,1.546391752577321,0.5949122807018057,0.07684021088344471,09:30-10:00
2026-08-12,2026-08-12 09:30:04-04:00,570,15,P,774.0,774.22,1.44,1.3888888888888902,0.22714285714289417,0.02933828332294363,09:30-10:00
2026-08-12,2026-08-12 09:30:04-04:00,570,30,C,774.0,774.22,1.94,1.546391752577321,0.6946153846153038,0.0897180884781204,09:30-10:00
2026-08-12,2026-08-12 09:30:04-04:00,570,30,P,774.0,774.22,1.44,1.3888888888888902,0.32829787234049945,0.04240369305113526,09:30-10:00
2026-08-12,2026-08-12 09:30:04-04:00,570,60,C,774.0,774.22,1.94,1.546391752577321,0.9992753623188264,0.12906865778704069,09:30-10:00
2026-08-12,2026-08-12 09:30:04-04:00,570,60,P,774.0,774.22,1.44,1.3888888888888902,0.6956140350877149,0.0898470764237187,09:30-10:00
2026-08-12,2026-08-12 09:35:04-04:00,575,15,C,773.0,773.0599,1.59,0.6289308176100634,0.2720607843136804,0.035192717189661556,09:30-10:00
2026-08-12,2026-08-12 09:35:04-04:00,575,15,P,773.0,773.0599,1.57,1.2738853503184724,0.3382333333333918,0.04375253888261334,09:30-10:00
2026-08-12,2026-08-12 09:35:04-04:00,575,30,C,773.0,773.0599,1.59,0.6289308176100634,0.2834333333333916,0.0366638255759213,09:30-10:00
2026-08-12,2026-08-12 09:35:04-04:00,575,30,P,773.0,773.0599,1.57,1.2738853503184724,0.434515384615338,0.056207207826371286,09:30-10:00
2026-08-12,2026-08-12 09:35:04-04:00,575,60,C,773.0,773.0599,1.59,0.6289308176100634,0.5146901639344605,0.06657830317346179,09:30-10:00
2026-08-12,2026-08-12 09:35:04-04:00,575,60,P,773.0,773.0599,1.57,1.2738853503184724,0.7406692307692992,0.09581006992722028,09:30-10:00
2026-08-12,2026-08-12 09:40:04-04:00,580,15,C,773.0,772.74,1.4,0.714285714285715,0.20075471698112324,0.025979594298356917,09:30-10:00
2026-08-12,2026-08-12 09:40:04-04:00,580,15,P,773.0,772.74,1.65,0.6060606060606066,0.2062068965517483,0.026685158857021544,09:30-10:00
2026-08-12,2026-08-12 09:40:04-04:00,580,30,C,773.0,772.74,1.4,0.714285714285715,0.4023076923077724,0.052062490916449565,09:30-10:00
2026-08-12,2026-08-12 09:40:04-04:00,580,30,P,773.0,772.74,1.65,0.6060606060606066,0.4047540983606268,0.05237907942653762,09:30-10:00
2026-08-12,2026-08-12 09:40:04-04:00,580,60,C,773.0,772.74,1.4,0.714285714285715,0.6491228070175339,0.08400274439236145,09:30-10:00
2026-08-12,2026-08-12 09:40:04-04:00,580,60,P,773.0,772.74,1.65,0.6060606060606066,0.6842105263158373,0.0885434332784426,09:30-10:00
2026-08-12,2026-08-12 09:45:04-04:00,585,15,C,773.0,772.85,1.4,0.714285714285715,0.14296296296288347,0.01849815138291822,09:30-10:00
2026-08-12,2026-08-12 09:45:04-04:00,585,15,P,773.0,772.85,1.52,1.3157894736842117,0.1285106382979393,0.01662814754453507,09:30-10:00
2026-08-12,2026-08-12 09:45:04-04:00,585,30,C,773.0,772.85,1.4,0.714285714285715,0.3961538461537657,0.05125882721792918,09:30-10:00
2026-08-12,2026-08-12 09:45:04-04:00,585,30,P,773.0,772.85,1.52,1.3157894736842117,0.3275510204082366,0.04238222428779667,09:30-10:00
2026-08-12,2026-08-12 09:45:04-04:00,585,60,C,773.0,772.85,1.4,0.714285714285715,0.6066666666666833,0.07849733669750705,09:30-10:00
2026-08-12,2026-08-12 09:45:04-04:00,585,60,P,773.0,772.85,1.52,1.3157894736842117,0.6054545454545632,0.07834049886194776,09:30-10:00
2026-08-12,2026-08-12 09:50:04-04:00,590,15,C,773.0,773.43,1.65,0.6060606060606066,0.013333333333321207,0.0017239224407278237,09:30-10:00
2026-08-12,2026-08-12 09:50:04-04:00,590,15,P,773.0,773.43,1.24,0.8064516129032264,0.10292682926819907,0.013307840304642837,09:30-10:00
2026-08-12,2026-08-12 09:50:04-04:00,590,30,C,773.0,773.43,1.65,0.6060606060606066,0.24895522388067093,0.03218846228885238,09:30-10:00
2026-08-12,2026-08-12 09:50:04-04:00,590,30,P,773.0,773.43,1.24,0.8064516129032264,0.37666666666655146,0.04870080895059042,09:30-10:00
2026-08-12,2026-08-12 09:50:04-04:00,590,60,C,773.0,773.43,1.65,0.6060606060606066,0.47428571428577015,0.06132238396309559,09:30-10:00
2026-08-12,2026-08-12 09:50:04-04:00,590,60,P,773.0,773.43,1.24,0.8064516129032264,0.7399999999998954,0.09567769546046773,09:30-10:00
2026-08-12,2026-08-12 09:55:04-04:00,595,15,C,773.0,772.62,1.24,0.8064516129032264,0.2146153846153993,0.027777611842225065,09:30-10:00
2026-08-12,2026-08-12 09:55:04-04:00,595,15,P,773.0,772.62,1.61,0.6211180124223608,0.21918032786879849,0.028368451226838357,09:30-10:00
2026-08-12,2026-08-12 09:55:04-04:00,595,30,C,773.0,772.62,1.24,0.8064516129032264,0.43044237288142995,0.05571204122096631,09:30-10:00
2026-08-12,2026-08-12 09:55:04-04:00,595,30,P,773.0,772.62,1.61,0.6211180124223608,0.3948272727271842,0.05110238833154516,09:30-10:00
2026-08-12,2026-08-12 09:55:04-04:00,595,60,C,773.0,772.62,1.24,0.8064516129032264,0.6311903225805509,0.08169479467015492,09:30-10:00
2026-08-12,2026-08-12 09:55:04-04:00,595,60,P,773.0,772.62,1.61,0.6211180124223608,0.5889235294117725,0.07622421493253766,09:30-10:00
2026-08-12,2026-08-12 09:56:04-04:00,596,15,C,773.0,772.65,1.23,0.8130081300813016,0.26923076923071676,0.034845113470616286,09:30-10:00
2026-08-12,2026-08-12 09:56:04-04:00,596,15,P,773.0,772.65,1.6,1.250000000000001,0.2822580645160997,0.03653116734823008,09:30-10:00
2026-08-12,2026-08-12 09:56:04-04:00,596,30,C,773.0,772.65,1.23,0.8130081300813016,0.405714285714339,0.05250945262594176,09:30-10:00
2026-08-12,2026-08-12 09:56:04-04:00,596,30,P,773.0,772.65,1.6,1.250000000000001,0.4063157894736378,0.052587302073854626,09:30-10:00
2026-08-12,2026-08-12 09:56:04-04:00,596,60,C,773.0,772.65,1.23,0.8130081300813016,0.6586750000000166,0.08524881899954916,09:30-10:00
2026-08-12,2026-08-12 09:56:04-04:00,596,60,P,773.0,772.65,1.6,1.250000000000001,0.6447298507462165,0.08344397214084211,09:30-10:00
2026-08-12,2026-08-12 10:00:04-04:00,600,15,C,773.0,772.53,1.16,0.8620689655172422,0.2546153846153629,0.032958640391358644,09:30-10:00
2026-08-12,2026-08-12 10:00:04-04:00,600,15,P,773.0,772.53,1.62,0.6172839506172845,0.19451612903230853,0.025179103598864577,09:30-10:00
2026-08-12,2026-08-12 10:00:04-04:00,600,30,C,773.0,772.53,1.16,0.8620689655172422,0.40071428571434353,0.051870385061336594,09:30-10:00
2026-08-12,2026-08-12 10:00:04-04:00,600,30,P,773.0,772.53,1.62,0.6172839506172845,0.3214035087719367,0.04160401651352526,09:30-10:00
2026-08-12,2026-08-12 10:00:04-04:00,600,60,C,773.0,772.53,1.16,0.8620689655172422,0.6495918367347713,0.08408629266627461,09:30-10:00
2026-08-12,2026-08-12 10:00:04-04:00,600,60,P,773.0,772.53,1.62,0.6172839506172845,0.583731343283489,0.07556099352562218,09:30-10:00
2026-08-12,2026-08-12 10:05:04-04:00,605,15,C,772.0,772.01,1.4,0.714285714285715,0.2484615384615836,0.03218372021885514,10:00-10:30
2026-08-12,2026-08-12 10:05:04-04:00,605,15,P,772.0,772.01,1.38,0.7246376811594049,0.24833333333333485,0.0321671135520699,10:00-10:30
2026-08-12,2026-08-12 10:05:04-04:00,605,30,C,772.0,772.01,1.4,0.714285714285715,0.25311475409830564,0.03278646055080966,10:00-10:30
2026-08-12,2026-08-12 10:05:04-04:00,605,30,P,772.0,772.01,1.38,0.7246376811594049,0.325384615384678,0.04214772028661261,10:00-10:30
2026-08-12,2026-08-12 10:05:04-04:00,605,60,C,772.0,772.01,1.4,0.714285714285715,0.587711864406856,0.07612749373801582,10:00-10:30
2026-08-12,2026-08-12 10:05:04-04:00,605,60,P,772.0,772.01,1.38,0.7246376811594049,0.6662280701754071,0.08629785497278625,10:00-10:30
2026-08-12,2026-08-12 10:10:05-04:00,610,15,C,772.0,772.45,1.57,0.6369426751592362,0.1597644067796864,0.02068281529933153,10:00-10:30
2026-08-12,2026-08-12 10:10:05-04:00,610,15,P,772.0,772.45,1.11,0.9009009009009016,0.24257619047614298,0.03140348119310544,10:00-10:30
2026-08-12,2026-08-12 10:10:05-04:00,610,30,C,772.0,772.45,1.57,0.6369426751592362,0.23736842105256528,0.03072929264710535,10:00-10:30
2026-08-12,2026-08-12 10:10:05-04:00,610,30,P,772.0,772.45,1.11,0.9009009009009016,0.35285714285714675,0.04568025669715149,10:00-10:30
2026-08-12,2026-08-12 10:10:05-04:00,610,60,C,772.0,772.45,1.57,0.6369426751592362,0.4832258064515145,0.0625575514857291,10:00-10:30
2026-08-12,2026-08-12 10:10:05-04:00,610,60,P,772.0,772.45,1.11,0.9009009009009016,0.6563636363637215,0.08497166630380239,10:00-10:30
2026-08-12,2026-08-12 10:15:04-04:00,615,15,C,772.0,772.4,1.49,0.671140939597316,0.12000000000000455,0.015535991714138341,10:00-10:30
2026-08-12,2026-08-12 10:15:04-04:00,615,15,P,772.0,772.4,1.1,0.9090909090909097,0.16488372093022008,0.02134693435140084,10:00-10:30
2026-08-12,2026-08-12 10:15:04-04:00,615,30,C,772.0,772.4,1.49,0.671140939597316,0.20666666666670608,0.026756430174353453,10:00-10:30
2026-08-12,2026-08-12 10:15:04-04:00,615,30,P,772.0,772.4,1.1,0.9090909090909097,0.3843589743589746,0.049761648674129286,10:00-10:30
2026-08-12,2026-08-12 10:15:04-04:00,615,60,C,772.0,772.4,1.49,0.671140939597316,0.4119047619047933,0.0533279080663896,10:00-10:30
2026-08-12,2026-08-12 10:15:04-04:00,615,60,P,772.0,772.4,1.1,0.9090909090909097,0.6227272727272748,0.08062238124382119,10:00-10:30
2026-08-12,2026-08-12 10:20:05-04:00,620,15,C,772.0,772.47,1.53,1.3071895424836613,0.0062295081966112775,0.0008064401461042211,10:00-10:30
2026-08-12,2026-08-12 10:20:05-04:00,620,15,P,772.0,772.47,1.05,0.9523809523809532,0.061025641025707955,0.007900066154764322,10:00-10:30
2026-08-12,2026-08-12 10:20:05-04:00,620,30,C,772.0,772.47,1.53,1.3071895424836613,0.2628571428571149,0.034028136090348486,10:00-10:30
2026-08-12,2026-08-12 10:20:05-04:00,620,30,P,772.0,772.47,1.05,0.9523809523809532,0.3481818181818426,0.04507383046355749,10:00-10:30
2026-08-12,2026-08-12 10:20:05-04:00,620,60,C,772.0,772.47,1.53,1.3071895424836613,0.42846153846153356,0.055466430859649384,10:00-10:30
2026-08-12,2026-08-12 10:20:05-04:00,620,60,P,772.0,772.47,1.05,0.9523809523809532,0.6496226415094952,0.08409681172207273,10:00-10:30
2026-08-12,2026-08-12 10:25:05-04:00,625,15,C,773.0,772.8979,1.16,0.8620689655172422,0.07017017543853399,0.009078841518204924,10:00-10:30
2026-08-12,2026-08-12 10:25:05-04:00,625,15,P,773.0,772.8979,1.25,0.8000000000000007,0.13409047619052217,0.0173490542787763,10:00-10:30
2026-08-12,2026-08-12 10:25:05-04:00,625,30,C,773.0,772.8979,1.16,0.8620689655172422,0.22425806451599328,0.029015224975510127,10:00-10:30
2026-08-12,2026-08-12 10:25:05-04:00,625,30,P,773.0,772.8979,1.25,0.8000000000000007,0.20422641509446748,0.0264234661647376,10:00-10:30
2026-08-12,2026-08-12 10:25:05-04:00,625,60,C,773.0,772.8979,1.16,0.8620689655172422,0.44532580645159214,0.05761767582129439,10:00-10:30
2026-08-12,2026-08-12 10:25:05-04:00,625,60,P,773.0,772.8979,1.25,0.8000000000000007,0.46667192982454253,0.06037950547213836,10:00-10:30
2026-08-12,2026-08-12 10:30:05-04:00,630,15,C,773.0,772.77,1.08,0.9259259259259267,0.1330434782609018,0.01721643933652986,10:00-10:30
2026-08-12,2026-08-12 10:30:05-04:00,630,15,P,773.0,772.77,1.31,0.7633587786259549,0.1436363636363467,0.01858720753087551,10:00-10:30
2026-08-12,2026-08-12 10:30:05-04:00,630,30,C,773.0,772.77,1.08,0.9259259259259267,0.24632653061235033,0.03187578847682368,10:00-10:30
2026-08-12,2026-08-12 10:30:05-04:00,630,30,P,773.0,772.77,1.31,0.7633587786259549,0.29549019607839,0.03823779340274468,10:00-10:30
2026-08-12,2026-08-12 10:30:05-04:00,630,60,C,773.0,772.77,1.08,0.9259259259259267,0.4864230769230744,0.06294538826857596,10:00-10:30
2026-08-12,2026-08-12 10:30:05-04:00,630,60,P,773.0,772.77,1.31,0.7633587786259549,0.4875588235294117,0.06309235911453755,10:00-10:30
2026-08-12,2026-08-12 10:35:06-04:00,635,15,C,772.0,772.05,1.28,0.7812500000000007,0.24714285714298967,0.03201125019661805,10:30-11:00
2026-08-12,2026-08-12 10:35:06-04:00,635,15,P,772.0,772.05,1.2,0.8333333333333341,0.26909090909077804,0.03485407798598252,10:30-11:00
2026-08-12,2026-08-12 10:35:06-04:00,635,30,C,772.0,772.05,1.28,0.7812500000000007,0.34432203389837923,0.0445984112296327,10:30-11:00
2026-08-12,2026-08-12 10:35:06-04:00,635,30,P,772.0,772.05,1.2,0.8333333333333341,0.39043859649109436,0.05057167236462592,10:30-11:00
2026-08-12,2026-08-12 10:35:06-04:00,635,60,C,772.0,772.05,1.28,0.7812500000000007,0.5406451612903993,0.07002722120204642,10:30-11:00
2026-08-12,2026-08-12 10:35:06-04:00,635,60,P,772.0,772.05,1.2,0.8333333333333341,0.557857142857074,0.07225660810272315,10:30-11:00
2026-08-12,2026-08-12 10:40:05-04:00,640,15,C,773.0,772.74,1.04,0.9615384615384623,0.1371340425531571,0.01774646615331898,10:30-11:00
2026-08-12,2026-08-12 10:40:05-04:00,640,15,P,773.0,772.74,1.28,1.5625000000000013,0.10293018867935189,0.013320157967667248,10:30-11:00
2026-08-12,2026-08-12 10:40:05-04:00,640,30,C,773.0,772.74,1.04,0.9615384615384623,0.33838709677411316,0.04379055009111902,10:30-11:00
2026-08-12,2026-08-12 10:40:05-04:00,640,30,P,773.0,772.74,1.28,1.5625000000000013,0.2554545454545405,0.03305827904010928,10:30-11:00
2026-08-12,2026-08-12 10:40:05-04:00,640,60,C,773.0,772.74,1.04,0.9615384615384623,0.4688596491228054,0.060674955240159104,10:30-11:00
2026-08-12,2026-08-12 10:40:05-04:00,640,60,P,773.0,772.74,1.28,1.5625000000000013,0.44007936507944123,0.056950509237187315,10:30-11:00
2026-08-12,2026-08-12 10:45:06-04:00,645,15,C,773.0,772.99,1.13,0.8849557522123707,0.12836734693883045,0.01660659865442379,10:30-11:00
2026-08-12,2026-08-12 10:45:06-04:00,645,15,P,773.0,772.99,1.12,0.8928571428571435,0.14294117647057192,0.018491982622100146,10:30-11:00
2026-08-12,2026-08-12 10:45:06-04:00,645,30,C,773.0,772.99,1.13,0.8849557522123707,0.2504761904760926,0.032403548619787136,10:30-11:00
2026-08-12,2026-08-12 10:45:06-04:00,645,30,P,773.0,772.99,1.12,0.8928571428571435,0.24909090909090992,0.032224337842780615,10:30-11:00
2026-08-12,2026-08-12 10:45:06-04:00,645,60,C,773.0,772.99,1.13,0.8849557522123707,0.4366666666666106,0.05649059711854106,10:30-11:00
2026-08-12,2026-08-12 10:45:06-04:00,645,60,P,773.0,772.99,1.12,0.8928571428571435,0.5300000000000864,0.06856492322023394,10:30-11:00
2026-08-12,2026-08-12 10:50:06-04:00,650,15,C,773.0,772.69,0.95,1.0526315789473695,0.1449999999999818,0.01876561104711874,10:30-11:00
2026-08-12,2026-08-12 10:50:06-04:00,650,15,P,773.0,772.69,1.25,0.8000000000000007,0.1181578947368962,0.015291759274339798,10:30-11:00
2026-08-12,2026-08-12 10:50:06-04:00,650,30,C,773.0,772.69,0.95,1.0526315789473695,0.25723404255313653,0.03329071717676384,10:30-11:00
2026-08-12,2026-08-12 10:50:06-04:00,650,30,P,773.0,772.69,1.25,0.8000000000000007,0.24698113207557526,0.03196380593453717,10:30-11:00
2026-08-12,2026-08-12 10:50:06-04:00,650,60,C,773.0,772.69,0.95,1.0526315789473695,0.5410606060605687,0.07002298542242927,10:30-11:00
2026-08-12,2026-08-12 10:50:06-04:00,650,60,P,773.0,772.69,1.25,0.8000000000000007,0.455909090909131,0.059002846019636714,10:30-11:00
2026-08-12,2026-08-12 10:55:06-04:00,655,15,C,772.0,772.0899,1.15,0.8695652173913052,0.1659064516129547,0.02148797071596905,10:30-11:00
2026-08-12,2026-08-12 10:55:06-04:00,655,15,P,772.0,772.0899,1.05,0.9523809523809532,0.18717272727269574,0.024242348886145997,10:30-11:00
2026-08-12,2026-08-12 10:55:06-04:00,655,30,C,772.0,772.0899,1.15,0.8695652173913052,0.2371967741936487,0.03072139322035539,10:30-11:00
2026-08-12,2026-08-12 10:55:06-04:00,655,30,P,772.0,772.0899,1.05,0.9523809523809532,0.30779473684197,0.03986514223822511,10:30-11:00
2026-08-12,2026-08-12 10:55:06-04:00,655,60,C,772.0,772.0899,1.15,0.8695652173913052,0.4315285714286574,0.05589097479822718,10:30-11:00
2026-08-12,2026-08-12 10:55:06-04:00,655,60,P,772.0,772.0899,1.05,0.9523809523809532,0.5609526315788571,0.07265379738536369,10:30-11:00
2026-08-12,2026-08-12 10:59:06-04:00,659,15,C,772.0,772.1993,1.17,0.8547008547008554,0.10466825396827062,0.013554564730668706,10:30-11:00
2026-08-12,2026-08-12 10:59:06-04:00,659,15,P,772.0,772.1993,0.97,1.0309278350515474,0.18566363636364258,0.024043486747999197,10:30-11:00
2026-08-12,2026-08-12 10:59:06-04:00,659,30,C,772.0,772.1993,1.17,0.8547008547008554,0.23019999999996799,0.02981095683458506,10:30-11:00
2026-08-12,2026-08-12 10:59:06-04:00,659,30,P,772.0,772.1993,0.97,1.0309278350515474,0.269800000000032,0.03493916661152529,10:30-11:00
2026-08-12,2026-08-12 10:59:06-04:00,659,60,C,772.0,772.1993,1.17,0.8547008547008554,0.3731999999999971,0.04832949214017639,10:30-11:00
2026-08-12,2026-08-12 10:59:06-04:00,659,60,P,772.0,772.1993,0.97,1.0309278350515474,0.540177192982469,0.06995307985677648,10:30-11:00
2026-08-12,2026-08-12 11:00:06-04:00,660,15,C,772.0,772.2,1.18,0.8474576271186449,0.11984126984123122,0.015519459963899408,10:30-11:00
2026-08-12,2026-08-12 11:00:06-04:00,660,15,P,772.0,772.2,0.95,1.0526315789473695,0.15000000000009095,0.019425019425031203,10:30-11:00
2026-08-12,2026-08-12 11:00:06-04:00,660,30,C,772.0,772.2,1.18,0.8474576271186449,0.24420588235284413,0.031624693389386706,10:30-11:00
2026-08-12,2026-08-12 11:00:06-04:00,660,30,P,772.0,772.2,0.95,1.0526315789473695,0.2288333333334549,0.029633946300628707,10:30-11:00
2026-08-12,2026-08-12 11:00:06-04:00,660,60,C,772.0,772.2,1.18,0.8474576271186449,0.38812499999994543,0.05026223776223069,10:30-11:00
2026-08-12,2026-08-12 11:00:06-04:00,660,60,P,772.0,772.2,0.95,1.0526315789473695,0.5057894736842172,0.06549980234190847,10:30-11:00
2026-08-12,2026-08-12 11:05:07-04:00,665,15,C,772.0,771.835,0.96,1.0416666666666676,0.13351063829782106,0.017297821205027118,11:00-12:00
2026-08-12,2026-08-12 11:05:07-04:00,665,15,P,772.0,771.835,1.11,0.9009009009009016,0.12783018867935425,0.01656185437034525,11:00-12:00
2026-08-12,2026-08-12 11:05:07-04:00,665,30,C,772.0,771.835,0.96,1.0416666666666676,0.2395161290322676,0.031032037810188394,11:00-12:00
2026-08-12,2026-08-12 11:05:07-04:00,665,30,P,772.0,771.835,1.11,0.9009009009009016,0.1821428571429351,0.02359867810386094,11:00-12:00
2026-08-12,2026-08-12 11:05:07-04:00,665,60,C,772.0,771.835,0.96,1.0416666666666676,0.4403058823528454,0.05704663332873547,11:00-12:00
2026-08-12,2026-08-12 11:05:07-04:00,665,60,P,772.0,771.835,1.11,0.9009009009009016,0.4590153846154408,0.05947066207355727,11:00-12:00
2026-08-12,2026-08-12 11:10:06-04:00,670,15,C,772.0,772.03,1.02,0.980392156862746,0.08741935483874386,0.011323310601756908,11:00-12:00
2026-08-12,2026-08-12 11:10:06-04:00,670,15,P,772.0,772.03,0.99,1.010101010101011,0.14263157894731648,0.018474875192326268,11:00-12:00
2026-08-12,2026-08-12 11:10:06-04:00,670,30,C,772.0,772.03,1.02,0.980392156862746,0.14377192982453835,0.018622583296573757,11:00-12:00
2026-08-12,2026-08-12 11:10:06-04:00,670,30,P,772.0,772.03,0.99,1.010101010101011,0.2254651162791106,0.029204191064998847,11:00-12:00
2026-08-12,2026-08-12 11:10:06-04:00,670,60,C,772.0,772.03,1.02,0.980392156862746,0.37246376811606297,0.04824472729247089,11:00-12:00
2026-08-12,2026-08-12 11:10:06-04:00,670,60,P,772.0,772.03,0.99,1.010101010101011,0.4450980392156225,0.05765294602743709,11:00-12:00
2026-08-12,2026-08-12 11:15:06-04:00,675,15,C,772.0,772.05,1.02,0.980392156862746,0.09103846153846007,0.01179178311488376,11:00-12:00
2026-08-12,2026-08-12 11:15:06-04:00,675,15,P,772.0,772.05,0.96,1.0416666666666676,0.0996666666666215,0.012909353884673467,11:00-12:00
2026-08-12,2026-08-12 11:15:06-04:00,675,30,C,772.0,772.05,1.02,0.980392156862746,0.19333333333327118,0.025041556030473568,11:00-12:00
2026-08-12,2026-08-12 11:15:06-04:00,675,30,P,772.0,772.05,0.96,1.0416666666666676,0.3233333333333803,0.04187984370615638,11:00-12:00
2026-08-12,2026-08-12 11:15:06-04:00,675,60,C,772.0,772.05,1.02,0.980392156862746,0.36461538461537657,0.0472269133625253,11:00-12:00
2026-08-12,2026-08-12 11:15:06-04:00,675,60,P,772.0,772.05,0.96,1.0416666666666676,0.43489361702120277,0.056329721782423785,11:00-12:00
2026-08-12,2026-08-12 11:20:07-04:00,680,15,C,772.0,772.16,1.06,0.9433962264150951,0.07580645161294797,0.009817453845439802,11:00-12:00
2026-08-12,2026-08-12 11:20:07-04:00,680,15,P,772.0,772.16,0.88,1.1363636363636374,0.0689189189189392,0.008925471264885413,11:00-12:00
2026-08-12,2026-08-12 11:20:07-04:00,680,30,C,772.0,772.16,1.06,0.9433962264150951,0.2377272727272839,0.03078730738801335,11:00-12:00
2026-08-12,2026-08-12 11:20:07-04:00,680,30,P,772.0,772.16,0.88,1.1363636363636374,0.2531818181818153,0.032788776701954944,11:00-12:00
2026-08-12,2026-08-12 11:20:07-04:00,680,60,C,772.0,772.16,1.06,0.9433962264150951,0.32555555555552473,0.04216167058064711,11:00-12:00
2026-08-12,2026-08-12 11:20:07-04:00,680,60,P,772.0,772.16,0.88,1.1363636363636374,0.4034693877550808,0.052252044622239015,11:00-12:00
2026-08-12,2026-08-12 11:25:06-04:00,685,15,C,772.0,771.94,0.92,1.0869565217391313,0.05833333333328028,0.007556718570521061,11:00-12:00
2026-08-12,2026-08-12 11:25:06-04:00,685,15,P,772.0,771.94,0.97,1.0309278350515474,0.08895348837222627,0.011523368185639591,11:00-12:00
2026-08-12,2026-08-12 11:25:06-04:00,685,30,C,772.0,771.94,0.92,1.0869565217391313,0.21634920634915034,0.02802668683435893,11:00-12:00
2026-08-12,2026-08-12 11:25:06-04:00,685,30,P,772.0,771.94,0.97,1.0309278350515474,0.270701754385982,0.03506771956188071,11:00-12:00
2026-08-12,2026-08-12 11:25:06-04:00,685,60,C,772.0,771.94,0.92,1.0869565217391313,0.3269811320753888,0.04235836102228007,11:00-12:00
2026-08-12,2026-08-12 11:25:06-04:00,685,60,P,772.0,771.94,0.97,1.0309278350515474,0.4042857142858338,0.05237268625616419,11:00-12:00
2026-08-12,2026-08-12 11:30:07-04:00,690,15,C,772.0,772.4295,1.18,0.8474576271186449,0.15004545454553408,0.019425132590810433,11:00-12:00
2026-08-12,2026-08-12 11:30:07-04:00,690,15,P,772.0,772.4295,0.74,1.3513513513513526,0.2473571428571404,0.03202326462895842,11:00-12:00
2026-08-12,2026-08-12 11:30:07-04:00,690,30,C,772.0,772.4295,1.18,0.8474576271186449,0.1586250000000291,0.020535854728493553,11:00-12:00
2026-08-12,2026-08-12 11:30:07-04:00,690,30,P,772.0,772.4295,0.74,1.3513513513513526,0.33616666666659967,0.0435206923954354,11:00-12:00
2026-08-12,2026-08-12 11:30:07-04:00,690,60,C,772.0,772.4295,1.18,0.8474576271186449,0.27597945205479846,0.035728756094219404,11:00-12:00
2026-08-12,2026-08-12 11:30:07-04:00,690,60,P,772.0,772.4295,0.74,1.3513513513513526,0.4614148936169613,0.05973553490861772,11:00-12:00
2026-08-12,2026-08-12 11:35:08-04:00,695,15,C,772.0,772.01,0.93,1.0752688172043021,0.19075757575762964,0.024709210471059916,11:00-12:00
2026-08-12,2026-08-12 11:35:08-04:00,695,15,P,772.0,772.01,0.92,1.0869565217391313,0.1759090909090446,0.02278585651857419,11:00-12:00
2026-08-12,2026-08-12 11:35:08-04:00,695,30,C,772.0,772.01,0.93,1.0752688172043021,0.2089333333333343,0.027063552717365616,11:00-12:00
2026-08-12,2026-08-12 11:35:08-04:00,695,30,P,772.0,772.01,0.92,1.0869565217391313,0.2686307692307537,0.0347962810366127,11:00-12:00
2026-08-12,2026-08-12 11:35:08-04:00,695,60,C,772.0,772.01,0.93,1.0752688172043021,0.3442857142857747,0.04459601744611789,11:00-12:00
2026-08-12,2026-08-12 11:35:08-04:00,695,60,P,772.0,772.01,0.92,1.0869565217391313,0.4115094339622374,0.05330364036246129,11:00-12:00
2026-08-12,2026-08-12 11:40:07-04:00,700,15,C,772.0,771.665,0.74,1.3513513513513526,0.16595238095248988,0.021505754563507465,11:00-12:00
2026-08-12,2026-08-12 11:40:07-04:00,700,15,P,772.0,771.665,1.06,0.9433962264150951,0.15359649122797236,0.019904555892514546,11:00-12:00
2026-08-12,2026-08-12 11:40:07-04:00,700,30,C,772.0,771.665,0.74,1.3513513513513526,0.19561224489802953,0.02534937374353243,11:00-12:00
2026-08-12,2026-08-12 11:40:07-04:00,700,30,P,772.0,771.665,1.06,0.9433962264150951,0.2173529411763866,0.02816674867674271,11:00-12:00
2026-08-12,2026-08-12 11:40:07-04:00,700,60,C,772.0,771.665,0.74,1.3513513513513526,0.3306140350877058,0.0428442439514175,11:00-12:00
2026-08-12,2026-08-12 11:40:07-04:00,700,60,P,772.0,771.665,1.06,0.9433962264150951,0.2634848484848362,0.0341449785185069,11:00-12:00
2026-08-12,2026-08-12 11:45:06-04:00,705,15,C,772.0,771.81,0.77,1.2987012987012998,0.10476190476197189,0.013573535554342635,11:00-12:00
2026-08-12,2026-08-12 11:45:06-04:00,705,15,P,772.0,771.81,0.92,1.0869565217391313,0.06315789473683253,0.008183088420314915,11:00-12:00
2026-08-12,2026-08-12 11:45:06-04:00,705,30,C,772.0,771.81,0.77,1.2987012987012998,0.12384615384621611,0.016046197101128014,11:00-12:00
2026-08-12,2026-08-12 11:45:06-04:00,705,30,P,772.0,771.81,0.92,1.0869565217391313,0.10978723404252833,0.014224645190205923,11:00-12:00
2026-08-12,2026-08-12 11:45:06-04:00,705,60,C,772.0,771.81,0.77,1.2987012987012998,0.280714285714339,0.036370905496733524,11:00-12:00
2026-08-12,2026-08-12 11:45:06-04:00,705,60,P,772.0,771.81,0.92,1.0869565217391313,0.24764705882353155,0.03208653150691641,11:00-12:00
2026-08-12,2026-08-12 11:50:08-04:00,710,15,C,772.0,772.125,0.89,1.1235955056179785,0.01059999999995398,0.0013728347093999002,11:00-12:00
2026-08-12,2026-08-12 11:50:08-04:00,710,15,P,772.0,772.125,0.77,1.2987012987012998,0.09516923076932926,0.012325624836565227,11:00-12:00
2026-08-12,2026-08-12 11:50:08-04:00,710,30,C,772.0,772.125,0.89,1.1235955056179785,0.05009803921564071,0.00648833274607618,11:00-12:00
2026-08-12,2026-08-12 11:50:08-04:00,710,30,P,772.0,772.125,0.77,1.2987012987012998,0.14397959183679632,0.018647186898079496,11:00-12:00
2026-08-12,2026-08-12 11:50:08-04:00,710,60,C,772.0,772.125,0.89,1.1235955056179785,0.20166666666671063,0.02611839620096625,11:00-12:00
2026-08-12,2026-08-12 11:50:08-04:00,710,60,P,772.0,772.125,0.77,1.2987012987012998,0.2957692307692241,0.03830587414851535,11:00-12:00
2026-08-12,2026-08-12 11:54:08-04:00,714,15,C,772.0,772.08,0.85,1.176470588235295,0.005102040816382214,0.0006608176376000173,11:00-12:00
2026-08-12,2026-08-12 11:54:08-04:00,714,15,P,772.0,772.08,0.77,1.2987012987012998,0.06372549019613416,0.008253741865627157,11:00-12:00
2026-08-12,2026-08-12 11:54:08-04:00,714,30,C,772.0,772.08,0.85,1.176470588235295,0.0549056603772442,0.007111395241068828,11:00-12:00
2026-08-12,2026-08-12 11:54:08-04:00,714,30,P,772.0,772.08,0.77,1.2987012987012998,0.1169565217392119,0.015148238749768405,11:00-12:00
2026-08-12,2026-08-12 11:54:08-04:00,714,60,C,772.0,772.08,0.85,1.176470588235295,0.14193548387095234,0.01838352034387011,11:00-12:00
2026-08-12,2026-08-12 11:54:08-04:00,714,60,P,772.0,772.08,0.77,1.2987012987012998,0.2612903225806349,0.03384238972394504,11:00-12:00
2026-08-12,2026-08-12 11:55:08-04:00,715,15,C,772.0,771.95,0.8,1.250000000000001,0.03306122448975657,0.004282819417029155,11:00-12:00
2026-08-12,2026-08-12 11:55:08-04:00,715,15,P,772.0,771.95,0.82,1.2195121951219388,0.03176470588232405,0.004114865714401716,11:00-12:00
2026-08-12,2026-08-12 11:55:08-04:00,715,30,C,772.0,771.95,0.8,1.250000000000001,0.09056603773581173,0.011732111890123936,11:00-12:00
2026-08-12,2026-08-12 11:55:08-04:00,715,30,P,772.0,771.95,0.82,1.2195121951219388,0.09565217391309488,0.012390980492660778,11:00-12:00
2026-08-12,2026-08-12 11:55:08-04:00,715,60,C,772.0,771.95,0.8,1.250000000000001,0.19129032258058487,0.024780144125990656,11:00-12:00
2026-08-12,2026-08-12 11:55:08-04:00,715,60,P,772.0,771.95,0.82,1.2195121951219388,0.21193548387100236,0.027454561029989295,11:00-12:00
2026-08-12,2026-08-12 12:00:08-04:00,720,15,C,772.0,772.01,0.82,1.2195121951219388,0.01999999999998181,0.0025906400176139957,11:00-12:00
2026-08-12,2026-08-12 12:00:08-04:00,720,15,P,772.0,772.01,0.78,1.2820512820512833,0.011914893617017697,0.0015433600104943841,11:00-12:00
2026-08-12,2026-08-12 12:00:08-04:00,720,30,C,772.0,772.01,0.82,1.2195121951219388,0.08615384615382027,0.011159680075882472,11:00-12:00
2026-08-12,2026-08-12 12:00:08-04:00,720,30,P,772.0,772.01,0.78,1.2820512820512833,0.12702127659576945,0.016453320111885786,11:00-12:00
2026-08-12,2026-08-12 12:00:08-04:00,720,60,C,772.0,772.01,0.82,1.2195121951219388,0.15666666666675155,0.020293346804672423,11:00-12:00
2026-08-12,2026-08-12 12:00:08-04:00,720,60,P,772.0,772.01,0.78,1.2820512820512833,0.20687499999996817,0.02679693268221502,11:00-12:00
2026-08-12,2026-08-12 12:05:08-04:00,725,15,C,772.0,772.2606,0.96,1.0416666666666676,0.0517529411764599,0.006701486671268728,12:00-13:00
2026-08-12,2026-08-12 12:05:08-04:00,725,15,P,772.0,772.2606,0.66,1.5151515151515165,0.055089795918320306,0.007133575883363765,12:00-13:00
2026-08-12,2026-08-12 12:05:08-04:00,725,30,C,772.0,772.2606,0.96,1.0416666666666676,0.13654285714289927,0.01768093013458142,12:00-13:00
2026-08-12,2026-08-12 12:05:08-04:00,725,30,P,772.0,772.2606,0.66,1.5151515151515165,0.17154339622641146,0.02221314880319046,12:00-13:00
2026-08-12,2026-08-12 12:05:08-04:00,725,60,C,772.0,772.2606,0.96,1.0416666666666676,0.18002500000000055,0.023311431400229475,12:00-13:00
2026-08-12,2026-08-12 12:05:08-04:00,725,60,P,772.0,772.2606,0.66,1.5151515151515165,0.21059999999999945,0.027270587156718786,12:00-13:00
2026-08-12,2026-08-12 12:10:08-04:00,730,15,C,772.0,772.33,0.98,1.020408163265307,0.05018867924525239,0.006498346463979437,12:00-13:00
2026-08-12,2026-08-12 12:10:08-04:00,730,15,P,772.0,772.33,0.62,1.6129032258064528,0.04086956521746288,0.00529172312579634,12:00-13:00
2026-08-12,2026-08-12 12:10:08-04:00,730,30,C,772.0,772.33,0.98,1.020408163265307,0.08666666666658784,0.011221455422758125,12:00-13:00
2026-08-12,2026-08-12 12:10:08-04:00,730,30,P,772.0,772.33,0.62,1.6129032258064528,0.09162790697678247,0.01186382854178686,12:00-13:00
2026-08-12,2026-08-12 12:10:08-04:00,730,60,C,772.0,772.33,0.98,1.020408163265307,0.13619047619044977,0.017633715664346815,12:00-13:00
2026-08-12,2026-08-12 12:10:08-04:00,730,60,P,772.0,772.33,0.62,1.6129032258064528,0.20111111111111768,0.02603953117334788,12:00-13:00
2026-08-12,2026-08-12 12:15:09-04:00,735,15,C,773.0,772.53,0.57,1.7543859649122628,0.0853846153846689,0.01105259541825805,12:00-13:00
2026-08-12,2026-08-12 12:15:09-04:00,735,15,P,773.0,772.53,1.01,0.990099009900991,0.09944444444442979,0.012872567336469755,12:00-13:00
2026-08-12,2026-08-12 12:15:09-04:00,735,30,C,773.0,772.53,0.57,1.7543859649122628,0.21571428571428442,0.027923094988451507,12:00-13:00
2026-08-12,2026-08-12 12:15:09-04:00,735,30,P,773.0,772.53,1.01,0.990099009900991,0.06999999999993634,0.00906113678432376,12:00-13:00
2026-08-12,2026-08-12 12:15:09-04:00,735,60,C,773.0,772.53,0.57,1.7543859649122628,0.2858474576271419,0.03700147018590112,12:00-13:00
2026-08-12,2026-08-12 12:15:09-04:00,735,60,P,773.0,772.53,1.01,0.990099009900991,0.167985074626813,0.02174479627028245,12:00-13:00
2026-08-12,2026-08-12 12:20:08-04:00,740,15,C,772.0,772.43,1.03,0.9708737864077678,0.067142857142926,0.008692419655234263,12:00-13:00
2026-08-12,2026-08-12 12:20:08-04:00,740,15,P,772.0,772.43,0.56,1.785714285714287,0.12103448275854589,0.015669314081346645,12:00-13:00
2026-08-12,2026-08-12 12:20:08-04:00,740,30,C,772.0,772.43,1.03,0.9708737864077678,0.13000000000010914,0.01683000401332278,12:00-13:00
2026-08-12,2026-08-12 12:20:08-04:00,740,30,P,772.0,772.43,0.56,1.785714285714287,0.0949999999999136,0.012298849086637444,12:00-13:00
2026-08-12,2026-08-12 12:20:08-04:00,740,60,C,772.0,772.43,1.03,0.9708737864077678,0.16550847457631335,0.0214269868565842,12:00-13:00
2026-08-12,2026-08-12 12:20:08-04:00,740,60,P,772.0,772.43,0.56,1.785714285714287,0.22597560975600572,0.029255157070026502,12:00-13:00
2026-08-12,2026-08-12 12:25:09-04:00,745,15,C,773.0,772.55,0.55,1.8181818181818195,0.048484848484918075,0.006275949580599065,12:00-13:00
2026-08-12,2026-08-12 12:25:09-04:00,745,15,P,773.0,772.55,0.97,1.0309278350515474,0.012121212121201097,0.0015689873951460875,12:00-13:00
2026-08-12,2026-08-12 12:25:09-04:00,745,30,C,773.0,772.55,0.55,1.8181818181818195,0.045384615384705285,0.005874650881458196,12:00-13:00
2026-08-12,2026-08-12 12:25:09-04:00,745,30,P,773.0,772.55,0.97,1.0309278350515474,0.05387096774188649,0.0069731367214920055,12:00-13:00
2026-08-12,2026-08-12 12:25:09-04:00,745,60,C,773.0,772.55,0.55,1.8181818181818195,0.2669491525423382,0.03455428807744977,12:00-13:00
2026-08-12,2026-08-12 12:25:09-04:00,745,60,P,773.0,772.55,0.97,1.0309278350515474,0.10820895522385854,0.014006725160036053,12:00-13:00
2026-08-12,2026-08-12 12:30:09-04:00,750,15,C,772.0,772.5,1.04,0.9615384615384623,0.07666666666671063,0.009924487594396198,12:00-13:00
2026-08-12,2026-08-12 12:30:09-04:00,750,15,P,772.0,772.5,0.5,2.0000000000000018,0.014999999999986358,0.001941747572813768,12:00-13:00
2026-08-12,2026-08-12 12:30:09-04:00,750,30,C,772.0,772.5,1.04,0.9615384615384623,0.03333333333330302,0.004314994606252818,12:00-13:00
2026-08-12,2026-08-12 12:30:09-04:00,750,30,P,772.0,772.5,0.5,2.0000000000000018,0.024999999999977263,0.0032362459546896134,12:00-13:00
2026-08-12,2026-08-12 12:30:09-04:00,750,60,C,772.0,772.5,1.04,0.9615384615384623,0.18135593220335977,0.023476496078104824,12:00-13:00
2026-08-12,2026-08-12 12:30:09-04:00,750,60,P,772.0,772.5,0.5,2.0000000000000018,0.15000000000009095,0.019417475728167113,12:00-13:00
2026-08-12,2026-08-12 12:35:09-04:00,755,15,C,772.0,772.24,0.87,2.2988505747126458,0.05333333333328483,0.006906315825816433,12:00-13:00
2026-08-12,2026-08-12 12:35:09-04:00,755,15,P,772.0,772.24,0.59,1.6949152542372898,-0.01999999999998181,-0.0025898684346811625,12:00-13:00
2026-08-12,2026-08-12 12:35:09-04:00,755,30,C,772.0,772.24,0.87,2.2988505747126458,0.05999999999994543,0.007769605304043487,12:00-13:00
2026-08-12,2026-08-12 12:35:09-04:00,755,30,P,772.0,772.24,0.59,1.6949152542372898,-0.009999999999990905,-0.0012949342173405813,12:00-13:00
2026-08-12,2026-08-12 12:35:09-04:00,755,60,C,772.0,772.24,0.87,2.2988505747126458,0.1672580645160906,0.021658819086824124,12:00-13:00
2026-08-12,2026-08-12 12:35:09-04:00,755,60,P,772.0,772.24,0.59,1.6949152542372898,0.1855128205128267,0.024022689903763945,12:00-13:00
2026-08-12,2026-08-12 12:40:10-04:00,760,15,C,773.0,772.75,0.61,1.6393442622950833,-0.0007692307692650502,-9.954458353478489e-05,12:00-13:00
2026-08-12,2026-08-12 12:40:10-04:00,760,15,P,773.0,772.75,0.84,1.1904761904761916,0.04419354838705658,0.0057189968795932165,12:00-13:00
2026-08-12,2026-08-12 12:40:10-04:00,760,30,C,773.0,772.75,0.61,1.6393442622950833,0.05081081081084449,0.006575323301306307,12:00-13:00
2026-08-12,2026-08-12 12:40:10-04:00,760,30,P,773.0,772.75,0.84,1.1904761904761916,0.02984126984131308,0.0038616978118813433,12:00-13:00
2026-08-12,2026-08-12 12:40:10-04:00,760,60,C,773.0,772.75,0.61,1.6393442622950833,0.2675409836065228,0.03462193252753449,12:00-13:00
2026-08-12,2026-08-12 12:40:10-04:00,760,60,P,773.0,772.75,0.84,1.1904761904761916,0.17411764705877886,0.022532209260275493,12:00-13:00
2026-08-12,2026-08-12 12:45:08-04:00,765,15,C,773.0,772.68,0.55,1.8181818181818195,-0.05857142857132658,-0.007580295668494924,12:00-13:00
2026-08-12,2026-08-12 12:45:08-04:00,765,15,P,773.0,772.68,0.85,1.176470588235295,-0.01375000000007276,-0.0017795206295067507,12:00-13:00
2026-08-12,2026-08-12 12:45:08-04:00,765,30,C,773.0,772.68,0.55,1.8181818181818195,0.10194915254237458,0.01319422691701281,12:00-13:00
2026-08-12,2026-08-12 12:45:08-04:00,765,30,P,773.0,772.68,0.85,1.176470588235295,0.07917910447758914,0.01024733453403597,12:00-13:00
2026-08-12,2026-08-12 12:45:08-04:00,765,60,C,773.0,772.68,0.55,1.8181818181818195,0.2793650793651068,0.03615533977391763,12:00-13:00
2026-08-12,2026-08-12 12:45:08-04:00,765,60,P,773.0,772.68,0.85,1.176470588235295,0.15820895522381306,0.02047535269759966,12:00-13:00
2026-08-12,2026-08-12 12:50:10-04:00,770,15,C,773.0,772.86,0.62,1.6129032258064528,-0.04076923076934236,-0.005275112021497083,12:00-13:00
2026-08-12,2026-08-12 12:50:10-04:00,770,15,P,773.0,772.86,0.76,1.3157894736842117,-0.026065573770438277,-0.0033726126038918143,12:00-13:00
2026-08-12,2026-08-12 12:50:10-04:00,770,30,C,773.0,772.86,0.62,1.6129032258064528,0.04059322033890567,0.005252338112841351,12:00-13:00
2026-08-12,2026-08-12 12:50:10-04:00,770,30,P,773.0,772.86,0.76,1.3157894736842117,0.1248507462686348,0.016154380647029835,12:00-13:00
2026-08-12,2026-08-12 12:50:10-04:00,770,60,C,773.0,772.86,0.62,1.6129032258064528,0.213333333333253,0.027603101898565456,12:00-13:00
2026-08-12,2026-08-12 12:50:10-04:00,770,60,P,773.0,772.86,0.76,1.3157894736842117,0.21084507042257883,0.027281146704782086,12:00-13:00
2026-08-12,2026-08-12 12:53:10-04:00,773,15,C,773.0,773.185,0.81,1.234567901234569,0.011349206349223095,0.0014678513356083081,12:00-13:00
2026-08-12,2026-08-12 12:53:10-04:00,773,15,P,773.0,773.185,0.62,1.6129032258064528,0.05611111111102218,0.007257139120782501,12:00-13:00
2026-08-12,2026-08-12 12:53:10-04:00,773,30,C,773.0,773.185,0.81,1.234567901234569,0.07262711864404992,0.009393239476199088,12:00-13:00
2026-08-12,2026-08-12 12:53:10-04:00,773,30,P,773.0,773.185,0.62,1.6129032258064528,0.11670731707317827,0.015094358668776332,12:00-13:00
2026-08-12,2026-08-12 12:53:10-04:00,773,60,C,773.0,773.185,0.81,1.234567901234569,0.21711864406779569,0.02808107297319473,12:00-13:00
2026-08-12,2026-08-12 12:53:10-04:00,773,60,P,773.0,773.185,0.62,1.6129032258064528,0.3124390243901871,0.04040934891263891,12:00-13:00
2026-08-12,2026-08-12 12:55:43-04:00,775,15,C,773.0,772.98,0.71,1.4084507042253533,0.08523809523808268,0.01102720577997913,12:00-13:00
2026-08-12,2026-08-12 12:55:43-04:00,775,15,P,773.0,772.98,0.68,1.4705882352941189,0.02587301587300317,0.0033471779183165368,12:00-13:00
2026-08-12,2026-08-12 12:55:43-04:00,775,30,C,773.0,772.98,0.71,1.4084507042253533,0.1420338983050442,0.018374847771616885,12:00-13:00
2026-08-12,2026-08-12 12:55:43-04:00,775,30,P,773.0,772.98,0.68,1.4705882352941189,0.08000000000004093,0.010349556262780528,12:00-13:00
2026-08-12,2026-08-12 12:55:43-04:00,775,60,C,773.0,772.98,0.71,1.4084507042253533,0.27483606557382245,0.035555391546200736,12:00-13:00
2026-08-12,2026-08-12 12:55:43-04:00,775,60,P,773.0,772.98,0.68,1.4705882352941189,0.25094202898549156,0.03246423309600398,12:00-13:00
2026-08-12,2026-08-12 13:00:10-04:00,780,15,C,773.0,772.85,0.64,1.5625000000000013,0.08449152542368665,0.010932461075718011,12:00-13:00
2026-08-12,2026-08-12 13:00:10-04:00,780,15,P,773.0,772.85,0.76,1.3157894736842117,0.11485074626864389,0.014860677527158426,12:00-13:00
2026-08-12,2026-08-12 13:00:10-04:00,780,30,C,773.0,772.85,0.64,1.5625000000000013,0.1533898305084449,0.019847296436364743,12:00-13:00
2026-08-12,2026-08-12 13:00:10-04:00,780,30,P,773.0,772.85,0.76,1.3157894736842117,0.10970149253739692,0.014194409333945387,12:00-13:00
2026-08-12,2026-08-12 13:00:10-04:00,780,60,C,773.0,772.85,0.64,1.5625000000000013,0.2900819672131547,0.03753405799484437,12:00-13:00
2026-08-12,2026-08-12 13:00:10-04:00,780,60,P,773.0,772.85,0.76,1.3157894736842117,0.23688405797099676,0.03065071591783616,12:00-13:00
2026-08-12,2026-08-12 13:05:10-04:00,785,15,C,773.0,773.05,0.72,1.3888888888888902,0.020084745762687817,0.0025981172967709486,13:00-14:00
2026-08-12,2026-08-12 13:05:10-04:00,785,15,P,773.0,773.05,0.67,1.492537313432837,0.11426829268293659,0.014781487961055119,13:00-14:00
2026-08-12,2026-08-12 13:05:10-04:00,785,30,C,773.0,773.05,0.72,1.3888888888888902,0.11532258064517009,0.014917868267921882,13:00-14:00
2026-08-12,2026-08-12 13:05:10-04:00,785,30,P,773.0,773.05,0.67,1.492537313432837,0.1901515151514559,0.024597570034468132,13:00-14:00
2026-08-12,2026-08-12 13:05:10-04:00,785,60,C,773.0,773.05,0.72,1.3888888888888902,0.22857142857151302,0.02956748316040528,13:00-14:00
2026-08-12,2026-08-12 13:05:10-04:00,785,60,P,773.0,773.05,0.67,1.492537313432837,0.31594202898543244,0.04086954646988325,13:00-14:00
2026-08-12,2026-08-12 13:10:10-04:00,790,15,C,773.0,772.99,0.69,1.449275362318826,0.06423728813558682,0.008310235337531769,13:00-14:00
2026-08-12,2026-08-12 13:10:10-04:00,790,15,P,773.0,772.99,0.68,1.4705882352941189,0.06804878048785667,0.00880331964033903,13:00-14:00
2026-08-12,2026-08-12 13:10:10-04:00,790,30,C,773.0,772.99,0.69,1.449275362318826,0.15868852459016125,0.020529182083877055,13:00-14:00
2026-08-12,2026-08-12 13:10:10-04:00,790,30,P,773.0,772.99,0.68,1.4705882352941189,0.17882352941171575,0.023134002951101015,13:00-14:00
2026-08-12,2026-08-12 13:10:10-04:00,790,60,C,773.0,772.99,0.69,1.449275362318826,0.28346153846143807,0.036670789849990046,13:00-14:00
2026-08-12,2026-08-12 13:10:10-04:00,790,60,P,773.0,772.99,0.68,1.4705882352941189,0.2639552238806573,0.0341473012433094,13:00-14:00
2026-08-12,2026-08-12 13:15:07-04:00,795,15,C,773.0,772.97,0.66,1.5151515151515165,0.06728813559311675,0.008705141932172885,13:00-14:00
2026-08-12,2026-08-12 13:15:07-04:00,795,15,P,773.0,772.97,0.68,1.4705882352941189,0.07000000000005002,0.009055978886638553,13:00-14:00
2026-08-12,2026-08-12 13:15:07-04:00,795,30,C,773.0,772.97,0.66,1.5151515151515165,0.16396825396827808,0.02121275780020933,13:00-14:00
2026-08-12,2026-08-12 13:15:07-04:00,795,30,P,773.0,772.97,0.68,1.4705882352941189,0.19447761194032864,0.025159787823632047,13:00-14:00
2026-08-12,2026-08-12 13:15:07-04:00,795,60,C,773.0,772.97,0.66,1.5151515151515165,0.2749275362318713,0.03556768519242289,13:00-14:00
2026-08-12,2026-08-12 13:15:07-04:00,795,60,P,773.0,772.97,0.68,1.4705882352941189,0.19812500000000455,0.025631654527343173,13:00-14:00
2026-08-12,2026-08-12 13:20:10-04:00,800,15,C,773.0,772.765,0.55,1.8181818181818195,0.1261290322580635,0.016321783758071792,13:00-14:00
2026-08-12,2026-08-12 13:20:10-04:00,800,15,P,773.0,772.765,0.75,1.3333333333333344,0.026363636363612386,0.0034115981396171395,13:00-14:00
2026-08-12,2026-08-12 13:20:10-04:00,800,30,C,773.0,772.765,0.55,1.8181818181818195,0.19166666666660603,0.02480271061274851,13:00-14:00
2026-08-12,2026-08-12 13:20:10-04:00,800,30,P,773.0,772.765,0.75,1.3333333333333344,0.10176056338025319,0.01316837115814681,13:00-14:00
2026-08-12,2026-08-12 13:20:10-04:00,800,60,C,773.0,772.765,0.55,1.8181818181818195,0.2797368421053079,0.036199471004161404,13:00-14:00
2026-08-12,2026-08-12 13:20:10-04:00,800,60,P,773.0,772.765,0.75,1.3333333333333344,0.13959016393448564,0.018063727515413564,13:00-14:00
2026-08-12,2026-08-12 13:25:11-04:00,805,15,C,773.0,772.8,0.55,1.8181818181818195,0.11918032786888944,0.01542188507620205,13:00-14:00
2026-08-12,2026-08-12 13:25:11-04:00,805,15,P,773.0,772.8,0.74,1.3513513513513526,0.07705882352934168,0.009971379856281274,13:00-14:00
2026-08-12,2026-08-12 13:25:11-04:00,805,30,C,773.0,772.8,0.55,1.8181818181818195,0.16144067796608397,0.020890356879669253,13:00-14:00
2026-08-12,2026-08-12 13:25:11-04:00,805,30,P,773.0,772.8,0.74,1.3513513513513526,0.13928571428573377,0.01802351375332994,13:00-14:00
2026-08-12,2026-08-12 13:25:11-04:00,805,60,C,773.0,772.8,0.55,1.8181818181818195,0.18857441860461677,0.024401451682792025,13:00-14:00
2026-08-12,2026-08-12 13:25:11-04:00,805,60,P,773.0,772.8,0.74,1.3513513513513526,0.14067894736842845,0.018203797537322524,13:00-14:00
2026-08-12,2026-08-12 13:30:11-04:00,810,15,C,773.0,772.8,0.53,1.8867924528301903,0.12761904761907772,0.016513851917582523,13:00-14:00
2026-08-12,2026-08-12 13:30:11-04:00,810,15,P,773.0,772.8,0.73,1.3698630136986314,0.09910447761194519,0.012824078365934936,13:00-14:00
2026-08-12,2026-08-12 13:30:11-04:00,810,30,C,773.0,772.8,0.53,1.8867924528301903,0.15975409836073595,0.020672114177113864,13:00-14:00
2026-08-12,2026-08-12 13:30:11-04:00,810,30,P,773.0,772.8,0.73,1.3698630136986314,0.14340579710142265,0.018556650763641647,13:00-14:00
2026-08-12,2026-08-12 13:30:11-04:00,810,60,C,773.0,772.8,0.53,1.8867924528301903,0.19842105263160192,0.025675602048602735,13:00-14:00
2026-08-12,2026-08-12 13:30:11-04:00,810,60,P,773.0,772.8,0.73,1.3698630136986314,0.14619047619044068,0.018916987084684356,13:00-14:00
2026-08-12,2026-08-12 13:35:10-04:00,815,15,C,773.0,772.875,0.55,1.8181818181818195,0.08166666666659239,0.010566607364268787,13:00-14:00
2026-08-12,2026-08-12 13:35:10-04:00,815,15,P,773.0,772.875,0.67,1.492537313432837,0.09908450704233474,0.012820249981217497,13:00-14:00
2026-08-12,2026-08-12 13:35:10-04:00,815,30,C,773.0,772.875,0.55,1.8181818181818195,0.13373015873014538,0.017302947919151917,13:00-14:00
2026-08-12,2026-08-12 13:35:10-04:00,815,30,P,773.0,772.875,0.67,1.492537313432837,0.14094202898547792,0.01823607038466478,13:00-14:00
2026-08-12,2026-08-12 13:35:10-04:00,815,60,C,773.0,772.875,0.55,1.8181818181818195,0.10369565217388299,0.013416872349847389,13:00-14:00
2026-08-12,2026-08-12 13:35:10-04:00,815,60,P,773.0,772.875,0.67,1.492537313432837,0.1161111111110813,0.015023271694786518,13:00-14:00
2026-08-12,2026-08-12 13:40:11-04:00,820,15,C,773.0,772.87,0.53,1.8867924528301903,0.05754237288135755,0.007445284832036118,13:00-14:00
2026-08-12,2026-08-12 13:40:11-04:00,820,15,P,773.0,772.87,0.65,1.5384615384615397,0.07060975609761044,0.009136045660668734,13:00-14:00
2026-08-12,2026-08-12 13:40:11-04:00,820,30,C,773.0,772.87,0.53,1.8867924528301903,0.15730769230765418,0.02035370661400419,13:00-14:00
2026-08-12,2026-08-12 13:40:11-04:00,820,30,P,773.0,772.87,0.65,1.5384615384615397,0.09917910447768463,0.012832572680746392,13:00-14:00
2026-08-12,2026-08-12 13:40:11-04:00,820,60,C,773.0,772.87,0.53,1.8867924528301903,0.12083333333339397,0.015634367142390564,13:00-14:00
2026-08-12,2026-08-12 13:40:11-04:00,820,60,P,773.0,772.87,0.65,1.5384615384615397,0.07307692307688285,0.009455267131197077,13:00-14:00
2026-08-12,2026-08-12 13:45:30-04:00,825,15,C,773.0,772.88,0.51,1.960784313725492,0.06523809523810087,0.008440908710032717,13:00-14:00
2026-08-12,2026-08-12 13:45:30-04:00,825,15,P,773.0,772.88,0.62,1.6129032258064528,0.0734782608695923,0.009507072361762797,13:00-14:00
2026-08-12,2026-08-12 13:45:30-04:00,825,30,C,773.0,772.88,0.51,1.960784313725492,0.05947368421050214,0.007695073518593073,13:00-14:00
2026-08-12,2026-08-12 13:45:30-04:00,825,30,P,773.0,772.88,0.62,1.6129032258064528,0.041475409836039034,0.0053663453364091495,13:00-14:00
2026-08-12,2026-08-12 13:45:30-04:00,825,60,C,773.0,772.88,0.51,1.960784313725492,0.09807692307686011,0.012689799590733377,13:00-14:00
2026-08-12,2026-08-12 13:45:30-04:00,825,60,P,773.0,772.88,0.62,1.6129032258064528,0.0958333333334167,0.01239951005763077,13:00-14:00
2026-08-12,2026-08-12 13:48:10-04:00,828,15,C,773.0,772.91,0.52,1.9230769230769247,0.05111111111114042,0.006612815348635729,13:00-14:00
2026-08-12,2026-08-12 13:48:10-04:00,828,15,P,773.0,772.91,0.61,1.6393442622950833,0.0889855072463206,0.011513049028518275,13:00-14:00
2026-08-12,2026-08-12 13:48:10-04:00,828,30,C,773.0,772.91,0.52,1.9230769230769247,0.05578947368417175,0.0072181073713849945,13:00-14:00
2026-08-12,2026-08-12 13:48:10-04:00,828,30,P,773.0,772.91,0.61,1.6393442622950833,0.05508196721314107,0.007126569356476313,13:00-14:00
2026-08-12,2026-08-12 13:48:10-04:00,828,60,C,773.0,772.91,0.52,1.9230769230769247,0.08730769230771784,0.011295971368945654,13:00-14:00
2026-08-12,2026-08-12 13:48:10-04:00,828,60,P,773.0,772.91,0.61,1.6393442622950833,0.10500000000001819,0.013585022835778835,13:00-14:00
2026-08-12,2026-08-12 13:50:11-04:00,830,15,C,773.0,772.79,0.46,2.1739130434782625,0.07587301587307138,0.009818063881917647,13:00-14:00
2026-08-12,2026-08-12 13:50:11-04:00,830,15,P,773.0,772.79,0.67,1.492537313432837,0.05594202898544154,0.007238969058274763,13:00-14:00
2026-08-12,2026-08-12 13:50:11-04:00,830,30,C,773.0,772.79,0.46,2.1739130434782625,0.01789473684209497,0.0023156015013257123,13:00-14:00
2026-08-12,2026-08-12 13:50:11-04:00,830,30,P,773.0,772.79,0.67,1.492537313432837,0.03344262295081535,0.004327517559856539,13:00-14:00
2026-08-12,2026-08-12 13:50:11-04:00,830,60,C,773.0,772.79,0.46,2.1739130434782625,0.09192307692308077,0.011894962010776637,13:00-14:00
2026-08-12,2026-08-12 13:50:11-04:00,830,60,P,773.0,772.79,0.67,1.492537313432837,0.11000000000001364,0.014234138640512123,13:00-14:00
2026-08-12,2026-08-12 13:55:12-04:00,835,15,C,773.0,772.775,0.45,2.222222222222224,0.09749999999996817,0.012616867781691717,13:00-14:00
2026-08-12,2026-08-12 13:55:12-04:00,835,15,P,773.0,772.775,0.67,1.492537313432837,0.034029850746264856,0.004403591051245816,13:00-14:00
2026-08-12,2026-08-12 13:55:12-04:00,835,30,C,773.0,772.775,0.45,2.222222222222224,-0.018983720930236814,-0.0024565650972452283,13:00-14:00
2026-08-12,2026-08-12 13:55:12-04:00,835,30,P,773.0,772.775,0.67,1.492537313432837,-0.007128070175440371,-0.0009223991686377498,13:00-14:00
2026-08-12,2026-08-12 13:55:12-04:00,835,60,C,773.0,772.775,0.45,2.222222222222224,0.08326086956526524,0.010774270591733071,13:00-14:00
2026-08-12,2026-08-12 13:55:12-04:00,835,60,P,773.0,772.775,0.67,1.492537313432837,0.08018518518520068,0.010376265431102285,13:00-14:00
2026-08-12,2026-08-12 14:00:11-04:00,840,15,C,773.0,772.845,0.47,2.1276595744680753,0.0049999999999954525,0.0006469602572308098,13:00-14:00
2026-08-12,2026-08-12 14:00:11-04:00,840,15,P,773.0,772.845,0.61,1.6393442622950833,-0.03624999999999545,-0.004690461864927048,13:00-14:00
2026-08-12,2026-08-12 14:00:11-04:00,840,30,C,773.0,772.845,0.47,2.1276595744680753,-0.004473684210552165,-0.0005788591775261746,13:00-14:00
2026-08-12,2026-08-12 14:00:11-04:00,840,30,P,773.0,772.845,0.61,1.6393442622950833,0.0007142857143662695,9.242289390062296e-05,13:00-14:00
2026-08-12,2026-08-12 14:00:11-04:00,840,60,C,773.0,772.845,0.47,2.1276595744680753,0.06081081081083539,0.007868435560925592,13:00-14:00
2026-08-12,2026-08-12 14:00:11-04:00,840,60,P,773.0,772.845,0.61,1.6393442622950833,0.019841269841322173,0.0025673026080678756,13:00-14:00
2026-08-12,2026-08-12 14:05:12-04:00,845,15,C,773.0,772.85,0.46,2.1739130434782625,-0.042105263157964146,-0.005448051129968835,14:00-15:00
2026-08-12,2026-08-12 14:05:12-04:00,845,15,P,773.0,772.85,0.6,1.6666666666666683,-0.021311475409788727,-0.002757517682576014,14:00-15:00
2026-08-12,2026-08-12 14:05:12-04:00,845,30,C,773.0,772.85,0.46,2.1739130434782625,-0.06695652173914368,-0.00866358565557918,14:00-15:00
2026-08-12,2026-08-12 14:05:12-04:00,845,30,P,773.0,772.85,0.6,1.6666666666666683,-0.03851851851845822,-0.004983957885548065,14:00-15:00
2026-08-12,2026-08-12 14:05:12-04:00,845,60,C,773.0,772.85,0.46,2.1739130434782625,0.07353658536578678,0.009514988078642268,14:00-15:00
2026-08-12,2026-08-12 14:05:12-04:00,845,60,P,773.0,772.85,0.6,1.6666666666666683,0.008728813559400805,0.0011294317861681835,14:00-15:00
2026-08-12,2026-08-12 14:10:12-04:00,850,15,C,773.0,772.935,0.48,2.0833333333333353,-0.10921627906975573,-0.014130072912955908,14:00-15:00
2026-08-12,2026-08-12 14:10:12-04:00,850,15,P,773.0,772.935,0.55,1.8181818181818195,-0.05765438596495187,-0.007459150635558213,14:00-15:00
2026-08-12,2026-08-12 14:10:12-04:00,850,30,C,773.0,772.935,0.48,2.0833333333333353,-0.048333333333289374,-0.006253220947853232,14:00-15:00
2026-08-12,2026-08-12 14:10:12-04:00,850,30,P,773.0,772.935,0.55,1.8181818181818195,-0.054230769230798614,-0.007016213424259299,14:00-15:00
2026-08-12,2026-08-12 14:10:12-04:00,850,60,C,773.0,772.935,0.48,2.0833333333333353,0.08000000000004093,0.01035015881025454,14:00-15:00
2026-08-12,2026-08-12 14:10:12-04:00,850,60,P,773.0,772.935,0.55,1.8181818181818195,0.06166666666661058,0.007978247416226538,14:00-15:00
2026-08-12,2026-08-12 14:15:12-04:00,855,15,C,773.0,773.1,0.57,1.7543859649122628,0.0036842105263303893,0.0004765503203117823,14:00-15:00
2026-08-12,2026-08-12 14:15:12-04:00,855,15,P,773.0,773.1,0.48,2.0833333333333353,0.049365079365088604,0.006385342046965283,14:00-15:00
2026-08-12,2026-08-12 14:15:12-04:00,855,30,C,773.0,773.1,0.57,1.7543859649122628,-0.04000000000007731,-0.005173974906231705,14:00-15:00
2026-08-12,2026-08-12 14:15:12-04:00,855,30,P,773.0,773.1,0.48,2.0833333333333353,-0.0,-0.0,14:00-15:00
2026-08-12,2026-08-12 14:15:12-04:00,855,60,C,773.0,773.1,0.57,1.7543859649122628,0.14698630136990687,0.01901258587115598,14:00-15:00
2026-08-12,2026-08-12 14:15:12-04:00,855,60,P,773.0,773.1,0.48,2.0833333333333353,0.15666666666663787,0.02026473504936462,14:00-15:00
2026-08-12,2026-08-12 14:20:12-04:00,860,15,C,773.0,773.15,0.6,1.6666666666666683,-0.06260869565210214,-0.008097871778064042,14:00-15:00
2026-08-12,2026-08-12 14:20:12-04:00,860,15,P,773.0,773.15,0.44,2.2727272727272747,-0.034814814814808415,-0.004502983226386654,14:00-15:00
2026-08-12,2026-08-12 14:20:12-04:00,860,30,C,773.0,773.15,0.6,1.6666666666666683,0.0011538461537838884,0.00014923962410707994,14:00-15:00
2026-08-12,2026-08-12 14:20:12-04:00,860,30,P,773.0,773.15,0.44,2.2727272727272747,-0.009166666666601486,-0.0011856259026840183,14:00-15:00
2026-08-12,2026-08-12 14:20:12-04:00,860,60,C,773.0,773.15,0.6,1.6666666666666683,0.17787671232883895,0.023006753195219422,14:00-15:00
2026-08-12,2026-08-12 14:20:12-04:00,860,60,P,773.0,773.15,0.44,2.2727272727272747,0.1744029850746074,0.022557457812146076,14:00-15:00
2026-08-12,2026-08-12 14:25:12-04:00,865,15,C,773.0,773.2909,0.69,1.449275362318826,0.03326666666669098,0.004301960189456643,14:00-15:00
2026-08-12,2026-08-12 14:25:12-04:00,865,15,P,773.0,773.2909,0.39,2.5641025641025665,-0.006023076923156623,-0.0007788888920271302,14:00-15:00
2026-08-12,2026-08-12 14:25:12-04:00,865,30,C,773.0,773.2909,0.69,1.449275362318826,0.08910000000003038,0.011522183954321768,14:00-15:00
2026-08-12,2026-08-12 14:25:12-04:00,865,30,P,773.0,773.2909,0.39,2.5641025641025665,0.0775666666665984,0.010030722806462406,14:00-15:00
2026-08-12,2026-08-12 14:25:12-04:00,865,60,C,773.0,773.2909,0.69,1.449275362318826,0.14138805970151225,0.018283942007013436,14:00-15:00
2026-08-12,2026-08-12 14:25:12-04:00,865,60,P,773.0,773.2909,0.39,2.5641025641025665,0.19918181818184166,0.02575768293430605,14:00-15:00
2026-08-12,2026-08-12 14:30:13-04:00,870,15,C,773.0,773.13,0.59,1.6949152542372898,-0.029999999999972715,-0.003880330604163946,14:00-15:00
2026-08-12,2026-08-12 14:30:13-04:00,870,15,P,773.0,773.13,0.44,2.2727272727272747,-0.049999999999954525,-0.0064672176736065776,14:00-15:00
2026-08-12,2026-08-12 14:30:13-04:00,870,30,C,773.0,773.13,0.59,1.6949152542372898,0.03642857142858702,0.004711830019348236,14:00-15:00
2026-08-12,2026-08-12 14:30:13-04:00,870,30,P,773.0,773.13,0.44,2.2727272727272747,0.03499999999996817,0.004527052371524604,14:00-15:00
2026-08-12,2026-08-12 14:30:13-04:00,870,60,C,773.0,773.13,0.59,1.6949152542372898,0.1507692307692423,0.019501148677355983,14:00-15:00
2026-08-12,2026-08-12 14:30:13-04:00,870,60,P,773.0,773.13,0.44,2.2727272727272747,0.19428571428568375,0.025129760103175892,14:00-15:00
2026-08-12,2026-08-12 14:35:13-04:00,875,15,C,773.0,773.37,0.74,1.3513513513513526,0.05038461538458705,0.006514943091222449,14:00-15:00
2026-08-12,2026-08-12 14:35:13-04:00,875,15,P,773.0,773.37,0.35,2.857142857142844,0.0233333333334258,0.0030170983272464406,14:00-15:00
2026-08-12,2026-08-12 14:35:13-04:00,875,30,C,773.0,773.37,0.74,1.3513513513513526,0.07921052631581915,0.010242254847720903,14:00-15:00
2026-08-12,2026-08-12 14:35:13-04:00,875,30,P,773.0,773.37,0.35,2.857142857142844,0.10500000000001819,0.013576942472557531,14:00-15:00
2026-08-12,2026-08-12 14:35:13-04:00,875,60,C,773.0,773.37,0.74,1.3513513513513526,0.15062463768117595,0.0194764003880647,14:00-15:00
2026-08-12,2026-08-12 14:35:13-04:00,875,60,P,773.0,773.37,0.35,2.857142857142844,0.2334333333333234,0.030183913693745994,14:00-15:00
2026-08-12,2026-08-12 14:40:12-04:00,880,15,C,773.0,773.47,0.77,1.2987012987012998,0.013896103896058776,0.0017965924853011461,14:00-15:00
2026-08-12,2026-08-12 14:40:12-04:00,880,15,P,773.0,773.47,0.31,3.2258064516129057,0.10851851851850824,0.014030087594671834,14:00-15:00
2026-08-12,2026-08-12 14:40:12-04:00,880,30,C,773.0,773.47,0.77,1.2987012987012998,0.03666666666663332,0.00474054154222314,14:00-15:00
2026-08-12,2026-08-12 14:40:12-04:00,880,30,P,773.0,773.47,0.31,3.2258064516129057,0.1430434782608927,0.018493733210194666,14:00-15:00
2026-08-12,2026-08-12 14:40:12-04:00,880,60,C,773.0,773.47,0.77,1.2987012987012998,0.08999999999991815,0.011635874694547705,14:00-15:00
2026-08-12,2026-08-12 14:40:12-04:00,880,60,P,773.0,773.47,0.31,3.2258064516129057,0.21882352941179306,0.028291146316184602,14:00-15:00
2026-08-12,2026-08-12 14:45:13-04:00,885,15,C,773.0,773.5,0.8,1.250000000000001,-0.033571428571349315,-0.004340197617498296,14:00-15:00
2026-08-12,2026-08-12 14:45:13-04:00,885,15,P,773.0,773.5,0.29,3.4482758620689493,-0.11224137931037603,-0.01451084412545262,14:00-15:00
2026-08-12,2026-08-12 14:45:13-04:00,885,30,C,773.0,773.5,0.8,1.250000000000001,0.06205479452057716,0.00802259786949931,14:00-15:00
2026-08-12,2026-08-12 14:45:13-04:00,885,30,P,773.0,773.5,0.29,3.4482758620689493,0.08230769230772239,0.01064094276764349,14:00-15:00
2026-08-12,2026-08-12 14:45:13-04:00,885,60,C,773.0,773.5,0.8,1.250000000000001,0.09626984126987281,0.012446004042646777,14:00-15:00
2026-08-12,2026-08-12 14:45:13-04:00,885,60,P,773.0,773.5,0.29,3.4482758620689493,0.17743243243239704,0.022938905291841893,14:00-15:00
2026-08-12,2026-08-12 14:50:13-04:00,890,15,C,774.0,773.555,0.3,3.3333333333333366,-0.02170731707315099,-0.0028061762994423135,14:00-15:00
2026-08-12,2026-08-12 14:50:13-04:00,890,15,P,774.0,773.555,0.74,1.3513513513513526,-0.048983050847482446,-0.006332200147046099,14:00-15:00
2026-08-12,2026-08-12 14:50:13-04:00,890,30,C,774.0,773.555,0.3,3.3333333333333366,0.12064516129044023,0.015596196946621795,14:00-15:00
2026-08-12,2026-08-12 14:50:13-04:00,890,30,P,774.0,773.555,0.74,1.3513513513513526,0.027164179104374853,0.003511602808381415,14:00-15:00
2026-08-12,2026-08-12 14:50:13-04:00,890,60,C,774.0,773.555,0.3,3.3333333333333366,0.1845652173913095,0.02385935290849513,14:00-15:00
2026-08-12,2026-08-12 14:50:13-04:00,890,60,P,774.0,773.555,0.74,1.3513513513513526,0.23097701149424665,0.029859158236227114,14:00-15:00
2026-08-12,2026-08-12 14:55:14-04:00,895,15,C,773.0,773.38,0.7,1.42857142857143,0.045068493150665745,0.005827470732455681,14:00-15:00
2026-08-12,2026-08-12 14:55:14-04:00,895,15,P,773.0,773.38,0.31,3.2258064516129057,0.03923076923069857,0.005072638189596133,14:00-15:00
2026-08-12,2026-08-12 14:55:14-04:00,895,30,C,773.0,773.38,0.7,1.42857142857143,0.06721343283584247,0.008690867728133966,14:00-15:00
2026-08-12,2026-08-12 14:55:14-04:00,895,30,P,773.0,773.38,0.31,3.2258064516129057,0.045857575757622726,0.005929501119452627,14:00-15:00
2026-08-12,2026-08-12 14:59:11-04:00,899,15,C,773.0,773.1201,0.57,1.7543859649122628,0.12688630136995016,0.016412236775366486,14:00-15:00
2026-08-12,2026-08-12 14:59:11-04:00,899,15,P,773.0,773.1201,0.43,2.325581395348839,0.10100909090908772,0.01306512285854264,14:00-15:00
2026-08-12,2026-08-12 14:59:11-04:00,899,30,C,773.0,773.1201,0.57,1.7543859649122628,0.12990000000002055,0.016802046667784287,14:00-15:00
2026-08-12,2026-08-12 14:59:11-04:00,899,30,P,773.0,773.1201,0.43,2.325581395348839,0.1558142857142002,0.020153956120685546,14:00-15:00
2026-08-12,2026-08-12 15:00:14-04:00,900,15,C,773.0,773.095,0.55,1.8181818181818195,0.12458904109587365,0.016115618532764234,14:00-15:00
2026-08-12,2026-08-12 15:00:14-04:00,900,15,P,773.0,773.095,0.45,2.222222222222224,0.1062121212121383,0.013738560100911052,14:00-15:00
2026-08-12,2026-08-12 15:00:14-04:00,900,30,C,773.0,773.095,0.55,1.8181818181818195,0.12423076923073495,0.01606927599204948,14:00-15:00
2026-08-12,2026-08-12 15:00:14-04:00,900,30,P,773.0,773.095,0.45,2.222222222222224,0.18785714285718313,0.024299360732792624,14:00-15:00
2026-08-12,2026-08-12 15:05:14-04:00,905,15,C,773.0,773.265,0.61,1.6393442622950833,0.07657534246584419,0.009902858976656667,15:00-16:00
2026-08-12,2026-08-12 15:05:14-04:00,905,15,P,773.0,773.265,0.36,2.7777777777777803,0.16999999999995907,0.02198470123437102,15:00-16:00
2026-08-12,2026-08-12 15:05:14-04:00,905,30,C,773.0,773.265,0.61,1.6393442622950833,0.06721884057981242,0.008692859573343217,15:00-16:00
2026-08-12,2026-08-12 15:05:14-04:00,905,30,P,773.0,773.265,0.36,2.7777777777777803,0.16176666666660822,0.020919951978507784,15:00-16:00
2026-08-12,2026-08-12 15:10:13-04:00,910,15,C,773.0,773.24,0.58,1.7241379310344844,0.028108955223842713,0.003635217425875888,15:00-16:00
2026-08-12,2026-08-12 15:10:13-04:00,910,15,P,773.0,773.24,0.34,2.9411764705882377,-0.0032333333333554037,-0.00041815391513054203,15:00-16:00
2026-08-12,2026-08-12 15:10:13-04:00,910,30,C,773.0,773.24,0.58,1.7241379310344844,0.023124999999936335,0.0029906626661756162,15:00-16:00
2026-08-12,2026-08-12 15:10:13-04:00,910,30,P,773.0,773.24,0.34,2.9411764705882377,0.07705882352945537,0.009965705800198564,15:00-16:00
2026-08-12,2026-08-12 15:15:14-04:00,915,15,C,773.0,773.11,0.48,2.0833333333333353,0.0015384615384164135,0.00019899646084210702,15:00-16:00
2026-08-12,2026-08-12 15:15:14-04:00,915,15,P,773.0,773.11,0.38,2.6315789473684235,0.0028571428571240176,0.00036956485585803024,15:00-16:00
2026-08-12,2026-08-12 15:15:14-04:00,915,30,C,773.0,773.11,0.48,2.0833333333333353,-0.02166666666664696,-0.0028025334902726596,15:00-16:00
2026-08-12,2026-08-12 15:15:14-04:00,915,30,P,773.0,773.11,0.38,2.6315789473684235,0.03067567567563856,0.00396782808082143,15:00-16:00
2026-08-12,2026-08-12 15:20:14-04:00,920,15,C,773.0,773.095,0.44,2.2727272727272747,-0.009157971014474242,-0.0011845854667892357,15:00-16:00
2026-08-12,2026-08-12 15:20:14-04:00,920,15,P,773.0,773.095,0.37,2.7027027027027053,0.02509999999995216,0.0032466902515152934,15:00-16:00
2026-08-12,2026-08-12 15:20:14-04:00,920,30,C,773.0,773.095,0.44,2.2727272727272747,-0.051086956521771754,-0.006608108514706699,15:00-16:00
2026-08-12,2026-08-12 15:20:14-04:00,920,30,P,773.0,773.095,0.37,2.7027027027027053,0.09038461538466436,0.011691268910633797,15:00-16:00
2026-08-12,2026-08-12 15:25:14-04:00,925,15,C,773.0,772.9099,0.35,2.857142857142844,-0.006150000000047839,-0.0007956942976209567,15:00-16:00
2026-08-12,2026-08-12 15:25:14-04:00,925,15,P,773.0,772.9099,0.46,2.1739130434782625,0.09990000000004784,0.012925180541748509,15:00-16:00
2026-08-12,2026-08-12 15:30:14-04:00,930,15,C,773.0,772.85,0.32,3.1250000000000027,-0.015634920634965965,-0.0020230213670137756,15:00-16:00
2026-08-12,2026-08-12 15:30:14-04:00,930,15,P,773.0,772.85,0.48,2.0833333333333353,0.04094594594596401,0.005298045668106878,15:00-16:00
2026-08-12,2026-08-12 15:36:15-04:00,936,15,C,773.0,772.9699,0.37,2.7027027027027053,-0.07816086956529489,-0.010111761087371563,15:00-16:00
2026-08-12,2026-08-12 15:36:15-04:00,936,15,P,773.0,772.9699,0.41,2.4390243902438913,0.04220769230778387,0.005460457426322017,15:00-16:00
2026-08-13,2026-08-13 09:58:16-04:00,598,15,C,777.0,777.49,1.34,0.7462686567164185,0.03499999999996817,0.004501665616273929,09:30-10:00
2026-08-13,2026-08-13 09:58:16-04:00,598,15,P,777.0,777.49,0.89,1.1235955056179785,0.13999999999998636,0.01800666246511034,09:30-10:00
2026-08-13,2026-08-13 09:58:16-04:00,598,30,C,777.0,777.49,1.34,0.7462686567164185,0.03499999999996817,0.004501665616273929,09:30-10:00
2026-08-13,2026-08-13 09:58:16-04:00,598,30,P,777.0,777.49,0.89,1.1235955056179785,0.13999999999998636,0.01800666246511034,09:30-10:00
2026-08-13,2026-08-13 09:58:16-04:00,598,60,C,777.0,777.49,1.34,0.7462686567164185,0.1003448275861274,0.012906253146166176,09:30-10:00
2026-08-13,2026-08-13 09:58:16-04:00,598,60,P,777.0,777.49,0.89,1.1235955056179785,0.2709756097560785,0.03485261672254029,09:30-10:00
2026-08-13,2026-08-13 10:12:16-04:00,612,15,C,778.0,778.4,1.31,0.7633587786259549,0.078125,0.010036613566289826,10:00-10:30
2026-08-13,2026-08-13 10:12:16-04:00,612,15,P,778.0,778.4,0.93,1.0752688172043021,0.16428571428571104,0.021105564527969044,10:00-10:30
2026-08-13,2026-08-13 10:12:16-04:00,612,30,C,778.0,778.4,1.31,0.7633587786259549,0.07186440677969586,0.009232323584236365,10:00-10:30
2026-08-13,2026-08-13 10:12:16-04:00,612,30,P,778.0,778.4,0.93,1.0752688172043021,0.17658536585361162,0.022685684205243015,10:00-10:30
2026-08-13,2026-08-13 10:12:16-04:00,612,60,C,778.0,778.4,1.31,0.7633587786259549,0.1744117647058374,0.022406444592219608,10:00-10:30
2026-08-13,2026-08-13 10:12:16-04:00,612,60,P,778.0,778.4,0.93,1.0752688172043021,0.3250000000000455,0.041752312435771516,10:00-10:30
2026-08-13,2026-08-13 10:37:16-04:00,637,15,C,779.0,779.15,1.11,0.9009009009009016,-0.04381355932196129,-0.005623250891607687,10:30-11:00
2026-08-13,2026-08-13 10:37:16-04:00,637,15,P,779.0,779.15,0.97,1.0309278350515474,-0.010000000000104592,-0.0012834499133805547,10:30-11:00
2026-08-13,2026-08-13 10:37:16-04:00,637,30,C,779.0,779.15,1.11,0.9009009009009016,0.10030303030305276,0.012873391555291377,10:30-11:00
2026-08-13,2026-08-13 10:37:16-04:00,637,30,P,779.0,779.15,0.97,1.0309278350515474,0.10999999999989996,0.0141179490470256,10:30-11:00
2026-08-13,2026-08-13 10:37:16-04:00,637,60,C,779.0,779.15,1.11,0.9009009009009016,-0.13068965517243214,-0.016773362660903825,10:30-11:00
2026-08-13,2026-08-13 10:37:16-04:00,637,60,P,779.0,779.15,0.97,1.0309278350515474,-0.06142857142856428,-0.007884049467825744,10:30-11:00
2026-08-13,2026-08-13 10:42:16-04:00,642,15,C,779.0,778.76,0.9,1.111111111111112,-0.01999999999998181,-0.0025681853202503737,10:30-11:00
2026-08-13,2026-08-13 10:42:16-04:00,642,15,P,779.0,778.76,1.13,0.8849557522123707,0.005465116279083304,0.0007017715700707926,10:30-11:00
2026-08-13,2026-08-13 10:42:16-04:00,642,30,C,779.0,778.76,0.9,1.111111111111112,0.0949999999999136,0.012198880271189275,10:30-11:00
2026-08-13,2026-08-13 10:42:16-04:00,642,30,P,779.0,778.76,1.13,0.8849557522123707,0.08500000000003638,0.010914787611078686,10:30-11:00
2026-08-13,2026-08-13 10:42:16-04:00,642,60,C,779.0,778.76,0.9,1.111111111111112,0.029999999999972715,0.0038522779803755606,10:30-11:00
2026-08-13,2026-08-13 10:42:16-04:00,642,60,P,779.0,778.76,1.13,0.8849557522123707,0.09000000000003183,0.01155683394114128,10:30-11:00
2026-08-13,2026-08-13 10:47:16-04:00,647,15,C,778.0,778.295,1.17,0.8547008547008554,0.07187500000009095,0.009234930200000123,10:30-11:00
2026-08-13,2026-08-13 10:47:16-04:00,647,15,P,778.0,778.295,0.87,1.1494252873563229,0.1168918918917825,0.015018969913950688,10:30-11:00
2026-08-13,2026-08-13 10:47:16-04:00,647,30,C,778.0,778.295,1.17,0.8547008547008554,0.08576923076930143,0.011020144131634078,10:30-11:00
2026-08-13,2026-08-13 10:47:16-04:00,647,30,P,778.0,778.295,0.87,1.1494252873563229,0.11558823529412621,0.014851468311389152,10:30-11:00
2026-08-13,2026-08-13 10:47:16-04:00,647,60,C,778.0,778.295,1.17,0.8547008547008554,0.010967741935473896,0.0014092011300951305,10:30-11:00
2026-08-13,2026-08-13 10:47:16-04:00,647,60,P,778.0,778.295,0.87,1.1494252873563229,0.07052631578949331,0.009061643180220008,10:30-11:00
2026-08-13,2026-08-13 10:52:18-04:00,652,15,C,778.0,777.835,0.96,1.0416666666666676,0.125,0.016070246260453693,10:30-11:00
2026-08-13,2026-08-13 10:52:18-04:00,652,15,P,778.0,777.835,1.11,0.9009009009009016,0.07500000000004547,0.009642147756278063,10:30-11:00
2026-08-13,2026-08-13 10:52:18-04:00,652,30,C,778.0,777.835,0.96,1.0416666666666676,0.1832608695651743,0.023560378430537876,10:30-11:00
2026-08-13,2026-08-13 10:52:18-04:00,652,30,P,778.0,777.835,1.11,0.9009009009009016,0.1534905660378172,0.01973304955907322,10:30-11:00
2026-08-13,2026-08-13 10:52:18-04:00,652,60,C,778.0,777.835,0.96,1.0416666666666676,0.09362068965504022,0.012036060302640048,10:30-11:00
2026-08-13,2026-08-13 10:52:18-04:00,652,60,P,778.0,777.835,1.11,0.9009009009009016,0.1650000000000773,0.021212725063808818,10:30-11:00
2026-08-13,2026-08-13 10:57:16-04:00,657,15,C,778.0,777.615,0.84,1.1904761904761916,0.12000000000000455,0.015431801084084613,10:30-11:00
2026-08-13,2026-08-13 10:57:16-04:00,657,15,P,778.0,777.615,1.2,0.8333333333333341,0.08000000000004093,0.010287867389394615,10:30-11:00
2026-08-13,2026-08-13 10:57:16-04:00,657,30,C,778.0,777.615,0.84,1.1904761904761916,0.10136363636365786,0.013035195612694951,10:30-11:00
2026-08-13,2026-08-13 10:57:16-04:00,657,30,P,778.0,777.615,1.2,0.8333333333333341,0.06978260869561836,0.008973927804327124,10:30-11:00
2026-08-13,2026-08-13 10:57:16-04:00,657,60,C,778.0,777.615,0.84,1.1904761904761916,0.15289473684208588,0.019662009714587023,10:30-11:00
2026-08-13,2026-08-13 10:57:16-04:00,657,60,P,778.0,777.615,1.2,0.8333333333333341,0.1662903225806076,0.02138465983560086,10:30-11:00
2026-08-13,2026-08-13 11:00:17-04:00,660,15,C,778.0,777.78,0.88,1.1363636363636374,0.07833333333337578,0.01007139979600604,10:30-11:00
2026-08-13,2026-08-13 11:00:17-04:00,660,15,P,778.0,777.78,1.08,0.9259259259259267,0.007358490566048204,0.0009460889410949374,10:30-11:00
2026-08-13,2026-08-13 11:00:17-04:00,660,30,C,778.0,777.78,0.88,1.1363636363636374,-0.14897959183667808,-0.0191544642233894,10:30-11:00
2026-08-13,2026-08-13 11:00:17-04:00,660,30,P,778.0,777.78,1.08,0.9259259259259267,-0.10392156862747015,-0.013361306362656556,10:30-11:00
2026-08-13,2026-08-13 11:00:17-04:00,660,60,C,778.0,777.78,0.88,1.1363636363636374,0.20000000000004547,0.02571421224511372,10:30-11:00
2026-08-13,2026-08-13 11:00:17-04:00,660,60,P,778.0,777.78,1.08,0.9259259259259267,0.1392857142856201,0.017908112099259445,10:30-11:00
2026-08-13,2026-08-13 11:02:18-04:00,662,15,C,778.0,778.07,0.99,1.010101010101011,0.01749999999992724,0.00224915496034126,11:00-12:00
2026-08-13,2026-08-13 11:02:18-04:00,662,15,P,778.0,778.07,0.92,1.0869565217391313,-0.004528301886693953,-0.0005819915800241562,11:00-12:00
2026-08-13,2026-08-13 11:02:18-04:00,662,30,C,778.0,778.07,0.99,1.010101010101011,-0.2144897959183254,-0.027566902196245247,11:00-12:00
2026-08-13,2026-08-13 11:02:18-04:00,662,30,P,778.0,778.07,0.92,1.0869565217391313,-0.18142857142856883,-0.023317769793022327,11:00-12:00
2026-08-13,2026-08-13 11:02:18-04:00,662,60,C,778.0,778.07,0.99,1.010101010101011,0.08460317460310307,0.010873465703998749,11:00-12:00
2026-08-13,2026-08-13 11:02:18-04:00,662,60,P,778.0,778.07,0.92,1.0869565217391313,0.14357142857147664,0.01845225089920915,11:00-12:00
2026-08-13,2026-08-13 11:07:18-04:00,667,15,C,777.0,777.22,1.1,0.9090909090909097,0.023124999999936335,0.0029753480352971273,11:00-12:00
2026-08-13,2026-08-13 11:07:18-04:00,667,15,P,777.0,777.22,0.89,1.1235955056179785,0.09666666666669244,0.012437490886324648,11:00-12:00
2026-08-13,2026-08-13 11:07:18-04:00,667,30,C,777.0,777.22,1.1,0.9090909090909097,-0.2179310344828309,-0.028039812985104717,11:00-12:00
2026-08-13,2026-08-13 11:07:18-04:00,667,30,P,777.0,777.22,0.89,1.1235955056179785,-0.18190476190477511,-0.02340453950036992,11:00-12:00
2026-08-13,2026-08-13 11:07:18-04:00,667,60,C,777.0,777.22,1.1,0.9090909090909097,0.11187499999994088,0.014394251305928937,11:00-12:00
2026-08-13,2026-08-13 11:07:18-04:00,667,60,P,777.0,777.22,0.89,1.1235955056179785,0.2577272727273794,0.03316014419693,11:00-12:00
2026-08-13,2026-08-13 11:12:17-04:00,672,15,C,777.0,777.295,1.13,0.8849557522123707,-0.05136363636358965,-0.006607997782513673,11:00-12:00
2026-08-13,2026-08-13 11:12:17-04:00,672,15,P,777.0,777.295,0.83,1.204819277108435,-0.054565217391314036,-0.007019885293397492,11:00-12:00
2026-08-13,2026-08-13 11:12:17-04:00,672,30,C,777.0,777.295,1.13,0.8849557522123707,-0.06346153846152447,-0.008164408424282218,11:00-12:00
2026-08-13,2026-08-13 11:12:17-04:00,672,30,P,777.0,777.295,0.83,1.204819277108435,-0.0265151515151274,-0.003411208294807943,11:00-12:00
2026-08-13,2026-08-13 11:12:17-04:00,672,60,C,777.0,777.295,1.13,0.8849557522123707,0.09927118644066013,0.012771365625748285,11:00-12:00
2026-08-13,2026-08-13 11:12:17-04:00,672,60,P,777.0,777.295,0.83,1.204819277108435,0.17700000000002092,0.02277127731427848,11:00-12:00
2026-08-13,2026-08-13 11:17:18-04:00,677,15,C,777.0,777.15,1.03,0.9708737864077678,-0.2128571428570467,-0.027389454141034126,11:00-12:00
2026-08-13,2026-08-13 11:17:18-04:00,677,15,P,777.0,777.15,0.89,1.1235955056179785,-0.18714285714293055,-0.024080661023345627,11:00-12:00
2026-08-13,2026-08-13 11:17:18-04:00,677,30,C,777.0,777.15,1.03,0.9708737864077678,-0.06983870967746952,-0.008986516075078109,11:00-12:00
2026-08-13,2026-08-13 11:17:18-04:00,677,30,P,777.0,777.15,0.89,1.1235955056179785,-0.02184210526309016,-0.0028105391833095493,11:00-12:00
2026-08-13,2026-08-13 11:17:18-04:00,677,60,C,777.0,777.15,1.03,0.9708737864077678,0.10000000000002274,0.012867528791098596,11:00-12:00
2026-08-13,2026-08-13 11:17:18-04:00,677,60,P,777.0,777.15,0.89,1.1235955056179785,0.22500000000002274,0.028951939779968183,11:00-12:00
2026-08-13,2026-08-13 11:22:18-04:00,682,15,C,777.0,777.04,0.98,1.020408163265307,-0.24482758620683853,-0.03150771983512284,11:00-12:00
2026-08-13,2026-08-13 11:22:18-04:00,682,15,P,777.0,777.04,0.93,1.0752688172043021,-0.2666666666666515,-0.0343182676138489,11:00-12:00
2026-08-13,2026-08-13 11:22:18-04:00,682,30,C,777.0,777.04,0.98,1.020408163265307,-0.07689655172418952,-0.009896086652448977,11:00-12:00
2026-08-13,2026-08-13 11:22:18-04:00,682,30,P,777.0,777.04,0.93,1.0752688172043021,-0.058571428571440265,-0.007537762350900889,11:00-12:00
2026-08-13,2026-08-13 11:22:18-04:00,682,60,C,777.0,777.04,0.98,1.020408163265307,0.21000000000003638,0.027025635745912227,11:00-12:00
2026-08-13,2026-08-13 11:22:18-04:00,682,60,P,777.0,777.04,0.93,1.0752688172043021,0.2505263157894433,0.032241109310903335,11:00-12:00
2026-08-13,2026-08-13 11:28:18-04:00,688,15,C,776.0,776.48,1.27,0.7874015748031503,-0.033076923077032916,-0.0042598551253133264,11:00-12:00
2026-08-13,2026-08-13 11:28:18-04:00,688,15,P,776.0,776.48,0.78,1.2820512820512833,0.006969696969804318,0.0008976016085159074,11:00-12:00
2026-08-13,2026-08-13 11:28:18-04:00,688,30,C,776.0,776.48,1.27,0.7874015748031503,0.042280701754407346,0.005445175890481061,11:00-12:00
2026-08-13,2026-08-13 11:28:18-04:00,688,30,P,776.0,776.48,0.78,1.2820512820512833,0.12581395348843216,0.016203115790288502,11:00-12:00
2026-08-13,2026-08-13 11:28:18-04:00,688,60,C,776.0,776.48,1.27,0.7874015748031503,0.29028985507250127,0.03738536151253107,11:00-12:00
2026-08-13,2026-08-13 11:28:18-04:00,688,60,P,776.0,776.48,0.78,1.2820512820512833,0.4376923076922594,0.05636878061151085,11:00-12:00
2026-08-13,2026-08-13 11:32:18-04:00,692,15,C,776.0,776.08,1.11,0.9009009009009016,0.12919354838697927,0.016646936963583558,11:00-12:00
2026-08-13,2026-08-13 11:32:18-04:00,692,15,P,776.0,776.08,0.99,1.010101010101011,0.16318181818189714,0.021026417145384127,11:00-12:00
2026-08-13,2026-08-13 11:32:18-04:00,692,30,C,776.0,776.08,1.11,0.9009009009009016,0.265079365079373,0.03415619073798745,11:00-12:00
2026-08-13,2026-08-13 11:32:18-04:00,692,30,P,776.0,776.08,0.99,1.010101010101011,0.27857142857146755,0.03589467948812848,11:00-12:00
2026-08-13,2026-08-13 11:32:18-04:00,692,60,C,776.0,776.08,1.11,0.9009009009009016,0.556315789473615,0.07168278907762281,11:00-12:00
2026-08-13,2026-08-13 11:32:18-04:00,692,60,P,776.0,776.08,0.99,1.010101010101011,0.5134782608696469,0.06616305804422828,11:00-12:00
2026-08-13,2026-08-13 11:38:18-04:00,698,15,C,776.0,775.64,0.9,1.111111111111112,0.18517241379311145,0.023873499792830623,11:00-12:00
2026-08-13,2026-08-13 11:38:18-04:00,698,15,P,776.0,775.64,1.22,0.8196721311475417,0.15333333333330756,0.019768621181644522,11:00-12:00
2026-08-13,2026-08-13 11:38:18-04:00,698,30,C,776.0,775.64,0.9,1.111111111111112,0.3727777777777419,0.04806066961190009,11:00-12:00
2026-08-13,2026-08-13 11:38:18-04:00,698,30,P,776.0,775.64,1.22,0.8196721311475417,0.2777272727272475,0.035806208128416214,11:00-12:00
2026-08-13,2026-08-13 11:38:18-04:00,698,60,C,776.0,775.64,0.9,1.111111111111112,0.6357407407407436,0.08196337743550405,11:00-12:00
2026-08-13,2026-08-13 11:38:18-04:00,698,60,P,776.0,775.64,1.22,0.8196721311475417,0.44302816901415554,0.05711775682199933,11:00-12:00
2026-08-13,2026-08-13 11:43:18-04:00,703,15,C,776.0,776.17,1.1,0.9090909090909097,0.05403508771939869,0.006961759372224988,11:00-12:00
2026-08-13,2026-08-13 11:43:18-04:00,703,15,P,776.0,776.17,0.89,1.1235955056179785,0.07162790697668697,0.009228378702692318,11:00-12:00
2026-08-13,2026-08-13 11:43:18-04:00,703,30,C,776.0,776.17,1.1,0.9090909090909097,0.17342372881353185,0.022343523817402355,11:00-12:00
2026-08-13,2026-08-13 11:43:18-04:00,703,30,P,776.0,776.17,0.89,1.1235955056179785,0.20199999999999818,0.026025226432353506,11:00-12:00
2026-08-13,2026-08-13 11:43:18-04:00,703,60,C,776.0,776.17,1.1,0.9090909090909097,0.4680821917809226,0.06030665856460861,11:00-12:00
2026-08-13,2026-08-13 11:43:18-04:00,703,60,P,776.0,776.17,0.89,1.1235955056179785,0.44469387755088974,0.05729336067496679,11:00-12:00
2026-08-13,2026-08-13 11:48:20-04:00,708,15,C,776.0,775.935,0.95,1.0526315789473695,0.16250000000002274,0.020942475851717317,11:00-12:00
2026-08-13,2026-08-13 11:48:20-04:00,708,15,P,776.0,775.935,0.99,1.010101010101011,0.15454545454542767,0.01991731969113749,11:00-12:00
2026-08-13,2026-08-13 11:48:20-04:00,708,30,C,776.0,775.935,0.95,1.0526315789473695,0.18166666666672882,0.023412614029104092,11:00-12:00
2026-08-13,2026-08-13 11:48:20-04:00,708,30,P,776.0,775.935,0.99,1.010101010101011,0.21833333333336213,0.02813809575974304,11:00-12:00
2026-08-13,2026-08-13 11:48:20-04:00,708,60,C,776.0,775.935,0.95,1.0526315789473695,0.4793859649123533,0.0617817168850939,11:00-12:00
2026-08-13,2026-08-13 11:48:20-04:00,708,60,P,776.0,775.935,0.99,1.010101010101011,0.44891304347822825,0.05785446506192249,11:00-12:00
2026-08-13,2026-08-13 11:53:18-04:00,713,15,C,776.0,775.67,0.82,1.2195121951219388,0.16499999999996362,0.021271932651767328,11:00-12:00
2026-08-13,2026-08-13 11:53:18-04:00,713,15,P,776.0,775.67,1.12,0.8928571428571435,0.12590909090909008,0.01623230122463033,11:00-12:00
2026-08-13,2026-08-13 11:53:18-04:00,713,30,C,776.0,775.67,0.82,1.2195121951219388,0.3300000000000409,0.04254386530354931,11:00-12:00
2026-08-13,2026-08-13 11:53:18-04:00,713,30,P,776.0,775.67,1.12,0.8928571428571435,0.21385964912280997,0.027570957897406108,11:00-12:00
2026-08-13,2026-08-13 11:53:18-04:00,713,60,C,776.0,775.67,0.82,1.2195121951219388,0.55152542372889,0.0711031010260665,11:00-12:00
2026-08-13,2026-08-13 11:53:18-04:00,713,60,P,776.0,775.67,1.12,0.8928571428571435,0.4105882352940853,0.05293336538658003,11:00-12:00
2026-08-13,2026-08-13 11:54:18-04:00,714,15,C,776.0,775.77,0.86,1.1627906976744196,0.16664406779659657,0.021481117830877267,11:00-12:00
2026-08-13,2026-08-13 11:54:18-04:00,714,15,P,776.0,775.77,1.06,0.9433962264150951,0.1384406779660594,0.01784558283589974,11:00-12:00
2026-08-13,2026-08-13 11:54:18-04:00,714,30,C,776.0,775.77,0.86,1.1627906976744196,0.3300000000000409,0.04253838122124353,11:00-12:00
2026-08-13,2026-08-13 11:54:18-04:00,714,30,P,776.0,775.77,1.06,0.9433962264150951,0.26615384615377025,0.034308344761175384,11:00-12:00
2026-08-13,2026-08-13 11:54:18-04:00,714,60,C,776.0,775.77,0.86,1.1627906976744196,0.5484482758621425,0.07069727829925655,11:00-12:00
2026-08-13,2026-08-13 11:54:18-04:00,714,60,P,776.0,775.77,1.06,0.9433962264150951,0.4318115942028271,0.05566232184833483,11:00-12:00
2026-08-13,2026-08-13 11:58:19-04:00,718,15,C,776.0,775.61,0.76,1.3157894736842117,0.13482926829260578,0.017383642332177998,11:00-12:00
2026-08-13,2026-08-13 11:58:19-04:00,718,15,P,776.0,775.61,1.11,0.9009009009009016,0.0631864406780096,0.008146676896637433,11:00-12:00
2026-08-13,2026-08-13 11:58:19-04:00,718,30,C,776.0,775.61,0.76,1.3157894736842117,0.28166666666663787,0.036315502206861416,11:00-12:00
2026-08-13,2026-08-13 11:58:19-04:00,718,30,P,776.0,775.61,1.11,0.9009009009009016,0.20230769230772694,0.02608368797562266,11:00-12:00
2026-08-13,2026-08-13 11:58:19-04:00,718,60,C,776.0,775.61,0.76,1.3157894736842117,0.5360344827586232,0.0691113423961299,11:00-12:00
2026-08-13,2026-08-13 11:58:19-04:00,718,60,P,776.0,775.61,1.11,0.9009009009009016,0.3442753623188537,0.04438768998837737,11:00-12:00
2026-08-13,2026-08-13 12:03:19-04:00,723,15,C,776.0,775.98,0.89,1.1235955056179785,0.03666666666663332,0.004725207694352086,12:00-13:00
2026-08-13,2026-08-13 12:03:19-04:00,723,15,P,776.0,775.98,0.9,1.111111111111112,0.08000000000004093,0.010309544060419203,12:00-13:00
2026-08-13,2026-08-13 12:03:19-04:00,723,30,C,776.0,775.98,0.89,1.1235955056179785,0.2596296296296714,0.03345828882570059,12:00-13:00
2026-08-13,2026-08-13 12:03:19-04:00,723,30,P,776.0,775.98,0.9,1.111111111111112,0.2366666666666788,0.030499067845392767,12:00-13:00
2026-08-13,2026-08-13 12:03:19-04:00,723,60,C,776.0,775.98,0.89,1.1235955056179785,0.42225806451608605,0.054416101512421204,12:00-13:00
2026-08-13,2026-08-13 12:03:19-04:00,723,60,P,776.0,775.98,0.9,1.111111111111112,0.4281818181818835,0.055179491505178424,12:00-13:00
2026-08-13,2026-08-13 12:08:19-04:00,728,15,C,776.0,776.035,0.92,1.0869565217391313,0.12125000000003183,0.015624295295963691,12:00-13:00
2026-08-13,2026-08-13 12:08:19-04:00,728,15,P,776.0,776.035,0.86,1.1627906976744196,0.12271929824555627,0.015813629313826863,12:00-13:00
2026-08-13,2026-08-13 12:08:19-04:00,728,30,C,776.0,776.035,0.92,1.0869565217391313,0.2777777777778283,0.03579449094149469,12:00-13:00
2026-08-13,2026-08-13 12:08:19-04:00,728,30,P,776.0,776.035,0.86,1.1627906976744196,0.23913043478262352,0.030814387853978692,12:00-13:00
2026-08-13,2026-08-13 12:08:19-04:00,728,60,C,776.0,776.035,0.92,1.0869565217391313,0.4150000000000773,0.0534769694665933,12:00-13:00
2026-08-13,2026-08-13 12:08:19-04:00,728,60,P,776.0,776.035,0.86,1.1627906976744196,0.37428571428563373,0.04823051979429198,12:00-13:00
2026-08-13,2026-08-13 12:13:21-04:00,733,15,C,776.0,775.818,0.8,1.250000000000001,0.2549629629629635,0.03286375966566431,12:00-13:00
2026-08-13,2026-08-13 12:13:21-04:00,733,15,P,776.0,775.818,0.96,1.0416666666666676,0.20799999999997,0.02681041172027073,12:00-13:00
2026-08-13,2026-08-13 12:13:21-04:00,733,30,C,776.0,775.818,0.8,1.250000000000001,0.3020000000000209,0.03892665547847832,12:00-13:00
2026-08-13,2026-08-13 12:13:21-04:00,733,30,P,776.0,775.818,0.96,1.0416666666666676,0.23555102040813836,0.030361633837850933,12:00-13:00
2026-08-13,2026-08-13 12:13:21-04:00,733,60,C,776.0,775.818,0.8,1.250000000000001,0.5246760563380803,0.06762875524131695,12:00-13:00
2026-08-13,2026-08-13 12:13:21-04:00,733,60,P,776.0,775.818,0.96,1.0416666666666676,0.37747368421048577,0.04865492734255789,12:00-13:00
2026-08-13,2026-08-13 12:18:21-04:00,738,15,C,776.0,775.8,0.77,1.2987012987012998,0.21740740740744968,0.02802364106824564,12:00-13:00
2026-08-13,2026-08-13 12:18:21-04:00,738,15,P,776.0,775.8,0.95,1.0526315789473695,0.16777777777770098,0.02162642147173253,12:00-13:00
2026-08-13,2026-08-13 12:18:21-04:00,738,30,C,776.0,775.8,0.77,1.2987012987012998,0.29859649122806786,0.0384888490884336,12:00-13:00
2026-08-13,2026-08-13 12:18:21-04:00,738,30,P,776.0,775.8,0.95,1.0526315789473695,0.255942028985487,0.03299072299374672,12:00-13:00
2026-08-13,2026-08-13 12:18:21-04:00,738,60,C,776.0,775.8,0.77,1.2987012987012998,0.5004225352113281,0.06450406486353803,12:00-13:00
2026-08-13,2026-08-13 12:18:21-04:00,738,60,P,776.0,775.8,0.95,1.0526315789473695,0.3419298245613618,0.04407448112417657,12:00-13:00
2026-08-13,2026-08-13 12:23:20-04:00,743,15,C,776.0,776.0,0.83,1.204819277108435,0.14611111111105402,0.01882875143183686,12:00-13:00
2026-08-13,2026-08-13 12:23:20-04:00,743,15,P,776.0,776.0,0.82,1.2195121951219388,0.11717391304352986,0.015099731062310549,12:00-13:00
2026-08-13,2026-08-13 12:23:20-04:00,743,30,C,776.0,776.0,0.83,1.204819277108435,0.2667241379310781,0.03437166725915955,12:00-13:00
2026-08-13,2026-08-13 12:23:20-04:00,743,30,P,776.0,776.0,0.82,1.2195121951219388,0.31398550724634333,0.0404620499028793,12:00-13:00
2026-08-13,2026-08-13 12:23:20-04:00,743,60,C,776.0,776.0,0.83,1.204819277108435,0.39584507042252426,0.05101096268331499,12:00-13:00
2026-08-13,2026-08-13 12:23:20-04:00,743,60,P,776.0,776.0,0.82,1.2195121951219388,0.3239473684210452,0.04174579489961923,12:00-13:00
2026-08-13,2026-08-13 12:28:20-04:00,748,15,C,776.0,776.35,0.99,1.010101010101011,0.1373972602740423,0.01769785023173083,12:00-13:00
2026-08-13,2026-08-13 12:28:20-04:00,748,15,P,776.0,776.35,0.63,1.5873015873015885,0.09408163265300118,0.012118455935209787,12:00-13:00
2026-08-13,2026-08-13 12:28:20-04:00,748,30,C,776.0,776.35,0.99,1.010101010101011,0.19258620689652162,0.02480662161351473,12:00-13:00
2026-08-13,2026-08-13 12:28:20-04:00,748,30,P,776.0,776.35,0.63,1.5873015873015885,0.22036585365856354,0.028384859104600188,12:00-13:00
2026-08-13,2026-08-13 12:28:20-04:00,748,60,C,776.0,776.35,0.99,1.010101010101011,0.2935616438355737,0.03781305388491965,12:00-13:00
2026-08-13,2026-08-13 12:28:20-04:00,748,60,P,776.0,776.35,0.63,1.5873015873015885,0.37571428571436627,0.0483949617716708,12:00-13:00
2026-08-13,2026-08-13 12:33:21-04:00,753,15,C,777.0,776.61,0.56,1.785714285714287,0.12017543859644775,0.015474361467975916,12:00-13:00
2026-08-13,2026-08-13 12:33:21-04:00,753,15,P,777.0,776.61,0.97,1.0309278350515474,0.0949275362319213,0.012223321388073975,12:00-13:00
2026-08-13,2026-08-13 12:33:21-04:00,753,30,C,777.0,776.61,0.56,1.785714285714287,0.2599999999999909,0.03347883751174861,12:00-13:00
2026-08-13,2026-08-13 12:33:21-04:00,753,30,P,777.0,776.61,0.97,1.0309278350515474,0.16424242424238855,0.02114863628364154,12:00-13:00
2026-08-13,2026-08-13 12:33:21-04:00,753,60,C,777.0,776.61,0.56,1.785714285714287,0.37444444444440705,0.04821524889512201,12:00-13:00
2026-08-13,2026-08-13 12:33:21-04:00,753,60,P,777.0,776.61,0.97,1.0309278350515474,0.2366666666666788,0.03047432645300457,12:00-13:00
2026-08-13,2026-08-13 12:38:21-04:00,758,15,C,777.0,776.535,0.51,1.960784313725492,0.18000000000006366,0.023179895304147744,12:00-13:00
2026-08-13,2026-08-13 12:38:21-04:00,758,15,P,777.0,776.535,0.99,1.010101010101011,0.09536231884055724,0.012280492037133836,12:00-13:00
2026-08-13,2026-08-13 12:38:21-04:00,758,30,C,777.0,776.535,0.51,1.960784313725492,0.08709302325587487,0.011215595337734276,12:00-13:00
2026-08-13,2026-08-13 12:38:21-04:00,758,30,P,777.0,776.535,0.99,1.010101010101011,0.10642857142852336,0.013705573017123936,12:00-13:00
2026-08-13,2026-08-13 12:38:21-04:00,758,60,C,777.0,776.535,0.51,1.960784313725492,0.26500000000010004,0.03412595697555166,12:00-13:00
2026-08-13,2026-08-13 12:38:21-04:00,758,60,P,777.0,776.535,0.99,1.010101010101011,0.16357142857134477,0.021064269939068396,12:00-13:00
2026-08-13,2026-08-13 12:43:22-04:00,763,15,C,776.0,776.46,0.98,1.020408163265307,0.08741935483863017,0.0112587068024921,12:00-13:00
2026-08-13,2026-08-13 12:43:22-04:00,763,15,P,776.0,776.46,0.54,1.8518518518518534,0.18459459459461414,0.023773870462691464,12:00-13:00
2026-08-13,2026-08-13 12:43:22-04:00,763,30,C,776.0,776.46,0.98,1.020408163265307,0.13619718309860218,0.017540785500682863,12:00-13:00
2026-08-13,2026-08-13 12:43:22-04:00,763,30,P,776.0,776.46,0.54,1.8518518518518534,0.28263157894741653,0.03640001789498706,12:00-13:00
2026-08-13,2026-08-13 12:43:22-04:00,763,60,C,776.0,776.46,0.98,1.020408163265307,0.15524590163931862,0.019994063008953275,12:00-13:00
2026-08-13,2026-08-13 12:43:22-04:00,763,60,P,776.0,776.46,0.54,1.8518518518518534,0.2799999999999727,0.03606109780284531,12:00-13:00
2026-08-13,2026-08-13 12:48:22-04:00,768,15,C,777.0,776.66,0.53,1.8867924528301903,0.12176470588235588,0.015677993701536823,12:00-13:00
2026-08-13,2026-08-13 12:48:22-04:00,768,15,P,777.0,776.66,0.88,1.1363636363636374,0.07787878787871705,0.010027397816125081,12:00-13:00
2026-08-13,2026-08-13 12:48:22-04:00,768,30,C,777.0,776.66,0.53,1.8867924528301903,0.11761904761908681,0.015144213377679655,12:00-13:00
2026-08-13,2026-08-13 12:48:22-04:00,768,30,P,777.0,776.66,0.88,1.1363636363636374,0.07912280701748386,0.010187573329060834,12:00-13:00
2026-08-13,2026-08-13 12:48:22-04:00,768,60,C,777.0,776.66,0.53,1.8867924528301903,0.2831250000000409,0.03645417557232778,12:00-13:00
2026-08-13,2026-08-13 12:48:22-04:00,768,60,P,777.0,776.66,0.88,1.1363636363636374,0.1830597014925388,0.0235701209657429,12:00-13:00
2026-08-13,2026-08-13 12:53:19-04:00,773,15,C,777.0,776.73,0.54,1.8518518518518534,-0.0381395348837259,-0.004910269319290603,12:00-13:00
2026-08-13,2026-08-13 12:53:19-04:00,773,15,P,777.0,776.73,0.81,1.234567901234569,-0.01999999999998181,-0.002574897325966785,12:00-13:00
2026-08-13,2026-08-13 12:53:19-04:00,773,30,C,777.0,776.73,0.54,1.8518518518518534,0.07261904761901405,0.0093493295764312,12:00-13:00
2026-08-13,2026-08-13 12:53:19-04:00,773,30,P,777.0,776.73,0.81,1.234567901234569,0.03640350877196852,0.00468676486964177,12:00-13:00
2026-08-13,2026-08-13 12:53:19-04:00,773,60,C,777.0,776.73,0.54,1.8518518518518534,0.22393442622944804,0.028830407764531826,12:00-13:00
2026-08-13,2026-08-13 12:53:19-04:00,773,60,P,777.0,776.73,0.81,1.234567901234569,0.15428571428572013,0.019863493657476874,12:00-13:00
2026-08-13,2026-08-13 12:58:21-04:00,778,15,C,777.0,776.715,0.52,1.9230769230769247,0.03880952380950475,0.004996623447404099,12:00-13:00
2026-08-13,2026-08-13 12:58:21-04:00,778,15,P,777.0,776.715,0.81,1.234567901234569,0.011315789473655968,0.0014568779376806123,12:00-13:00
2026-08-13,2026-08-13 12:58:21-04:00,778,30,C,777.0,776.715,0.52,1.9230769230769247,0.10313953488366678,0.013278942068025825,12:00-13:00
2026-08-13,2026-08-13 12:58:21-04:00,778,30,P,777.0,776.715,0.81,1.234567901234569,0.06214285714293055,0.008000728342175772,12:00-13:00
2026-08-13,2026-08-13 12:58:21-04:00,778,60,C,777.0,776.715,0.52,1.9230769230769247,0.2672076923076929,0.03440228298767153,12:00-13:00
2026-08-13,2026-08-13 12:58:21-04:00,778,60,P,777.0,776.715,0.81,1.234567901234569,0.14862941176477307,0.01913564328804942,12:00-13:00
2026-08-13,2026-08-13 13:03:22-04:00,783,15,C,777.0,776.87,0.57,1.7543859649122628,0.0028571428571240176,0.0003677761861217472,13:00-14:00
2026-08-13,2026-08-13 13:03:22-04:00,783,15,P,777.0,776.87,0.7,1.42857142857143,-0.026666666666642413,-0.003432577737155819,13:00-14:00
2026-08-13,2026-08-13 13:03:22-04:00,783,30,C,777.0,776.87,0.57,1.7543859649122628,0.14222222222213077,0.018307081264835913,13:00-14:00
2026-08-13,2026-08-13 13:03:22-04:00,783,30,P,777.0,776.87,0.7,1.42857142857143,0.06809523809522489,0.00876533243595774,13:00-14:00
2026-08-13,2026-08-13 13:03:22-04:00,783,60,C,777.0,776.87,0.57,1.7543859649122628,0.19634920634916853,0.02527439679086186,13:00-14:00
2026-08-13,2026-08-13 13:03:22-04:00,783,60,P,777.0,776.87,0.7,1.42857142857143,0.16942028985511115,0.0218080618192376,13:00-14:00
2026-08-13,2026-08-13 13:08:23-04:00,788,15,C,777.0,777.25,0.79,1.2658227848101276,0.1195890410958782,0.015386174473577124,13:00-14:00
2026-08-13,2026-08-13 13:08:23-04:00,788,15,P,777.0,777.25,0.54,1.8518518518518534,0.1150000000000091,0.01479575426182169,13:00-14:00
2026-08-13,2026-08-13 13:08:23-04:00,788,30,C,777.0,777.25,0.79,1.2658227848101276,0.05377049180333415,0.006918043332690145,13:00-14:00
2026-08-13,2026-08-13 13:08:23-04:00,788,30,P,777.0,777.25,0.54,1.8518518518518534,0.06999999999993634,0.009006111289795605,13:00-14:00
2026-08-13,2026-08-13 13:08:23-04:00,788,60,C,777.0,777.25,0.79,1.2658227848101276,0.18130434782608518,0.023326387626386,13:00-14:00
2026-08-13,2026-08-13 13:08:23-04:00,788,60,P,777.0,777.25,0.54,1.8518518518518534,0.3023076923077497,0.03889452458124795,13:00-14:00
2026-08-13,2026-08-13 13:13:20-04:00,793,15,C,777.0,777.12,0.7,1.42857142857143,0.11674418604650327,0.015022671665444626,13:00-14:00
2026-08-13,2026-08-13 13:13:20-04:00,793,15,P,777.0,777.12,0.59,1.6949152542372898,0.0742857142856792,0.009559104679544884,13:00-14:00
2026-08-13,2026-08-13 13:13:20-04:00,793,30,C,777.0,777.12,0.7,1.42857142857143,0.03622950819669768,0.004662022364203428,13:00-14:00
2026-08-13,2026-08-13 13:13:20-04:00,793,30,P,777.0,777.12,0.59,1.6949152542372898,0.06499999999994088,0.008364216594598116,13:00-14:00
2026-08-13,2026-08-13 13:13:20-04:00,793,60,C,777.0,777.12,0.7,1.42857142857143,0.18086956521733555,0.023274341828460925,13:00-14:00
2026-08-13,2026-08-13 13:13:20-04:00,793,60,P,777.0,777.12,0.59,1.6949152542372898,0.24923076923084864,0.032071079013646364,13:00-14:00
2026-08-13,2026-08-13 13:18:22-04:00,798,15,C,777.0,777.23,0.73,1.3698630136986314,0.030588235294089827,0.00393554485726102,13:00-14:00
2026-08-13,2026-08-13 13:18:22-04:00,798,15,P,777.0,777.23,0.52,1.9230769230769247,0.09625000000005457,0.012383721678274714,13:00-14:00
2026-08-13,2026-08-13 13:18:22-04:00,798,30,C,777.0,777.23,0.73,1.3698630136986314,0.025624999999990905,0.003296964862394774,13:00-14:00
2026-08-13,2026-08-13 13:18:22-04:00,798,30,P,777.0,777.23,0.52,1.9230769230769247,0.07928571428567466,0.010201062013261795,13:00-14:00
2026-08-13,2026-08-13 13:18:22-04:00,798,60,C,777.0,777.23,0.73,1.3698630136986314,0.1523529411764457,0.019602040731372398,13:00-14:00
2026-08-13,2026-08-13 13:18:22-04:00,798,60,P,777.0,777.23,0.52,1.9230769230769247,0.2888235294117294,0.03716062547916696,13:00-14:00
2026-08-13,2026-08-13 13:23:22-04:00,803,15,C,777.0,777.255,0.74,1.3513513513513526,-0.07166666666660149,-0.009220483196197064,13:00-14:00
2026-08-13,2026-08-13 13:23:22-04:00,803,15,P,777.0,777.255,0.5,2.0000000000000018,-0.07914634146345634,-0.010182802486115411,13:00-14:00
2026-08-13,2026-08-13 13:23:22-04:00,803,30,C,777.0,777.255,0.74,1.3513513513513526,0.06566923076923104,0.008448865657889758,13:00-14:00
2026-08-13,2026-08-13 13:23:22-04:00,803,30,P,777.0,777.255,0.5,2.0000000000000018,0.1079571428571171,0.013889539836619526,13:00-14:00
2026-08-13,2026-08-13 13:23:22-04:00,803,60,C,777.0,777.255,0.74,1.3513513513513526,0.11730769230769056,0.015092561940121397,13:00-14:00
2026-08-13,2026-08-13 13:23:22-04:00,803,60,P,777.0,777.255,0.5,2.0000000000000018,0.3161764705882888,0.040678602336207396,13:00-14:00
2026-08-13,2026-08-13 13:28:23-04:00,808,15,C,777.0,777.26,0.72,1.3888888888888902,-0.01999999999998181,-0.0025731415485142437,13:00-14:00
2026-08-13,2026-08-13 13:28:23-04:00,808,15,P,777.0,777.26,0.48,2.0833333333333353,-0.0049999999999954525,-0.0006432853871285609,13:00-14:00
2026-08-13,2026-08-13 13:28:23-04:00,808,30,C,777.0,777.26,0.72,1.3888888888888902,0.029899999999997817,0.0038468466150320124,13:00-14:00
2026-08-13,2026-08-13 13:28:23-04:00,808,30,P,777.0,777.26,0.48,2.0833333333333353,0.055814285714291145,0.007180902878610908,13:00-14:00
2026-08-13,2026-08-13 13:28:23-04:00,808,60,C,777.0,777.26,0.72,1.3888888888888902,0.11268656716413261,0.01449792439648671,13:00-14:00
2026-08-13,2026-08-13 13:28:23-04:00,808,60,P,777.0,777.26,0.48,2.0833333333333353,0.25625000000002274,0.032968376090371655,13:00-14:00
2026-08-13,2026-08-13 13:33:22-04:00,813,15,C,777.0,777.04,0.59,1.6949152542372898,-0.0031249999999545253,-0.0004021671985939624,13:00-14:00
2026-08-13,2026-08-13 13:33:22-04:00,813,15,P,777.0,777.04,0.56,1.785714285714287,0.0035714285713766003,0.00045961965553595704,13:00-14:00
2026-08-13,2026-08-13 13:33:22-04:00,813,30,C,777.0,777.04,0.59,1.6949152542372898,0.05809523809523398,0.007476479730159835,13:00-14:00
2026-08-13,2026-08-13 13:33:22-04:00,813,30,P,777.0,777.04,0.56,1.785714285714287,0.09666666666657875,0.01244037201000962,13:00-14:00
2026-08-13,2026-08-13 13:33:22-04:00,813,60,C,777.0,777.04,0.59,1.6949152542372898,0.1847945205479391,0.023781854286515382,13:00-14:00
2026-08-13,2026-08-13 13:33:22-04:00,813,60,P,777.0,777.04,0.56,1.785714285714287,0.14419354838707932,0.018556772931519527,13:00-14:00
2026-08-13,2026-08-13 13:38:22-04:00,818,15,C,777.0,776.7,0.46,2.1739130434782625,0.18989999999996598,0.024449594438002573,13:00-14:00
2026-08-13,2026-08-13 13:38:22-04:00,818,15,P,777.0,776.7,0.77,1.2987012987012998,0.07480588235296182,0.00963124531388719,13:00-14:00
2026-08-13,2026-08-13 13:38:22-04:00,818,30,C,777.0,776.7,0.46,2.1739130434782625,0.2057692307691923,0.026492755345589324,13:00-14:00
2026-08-13,2026-08-13 13:38:22-04:00,818,30,P,777.0,776.7,0.77,1.2987012987012998,0.11071428571437991,0.014254446467668328,13:00-14:00
2026-08-13,2026-08-13 13:38:22-04:00,818,60,C,777.0,776.7,0.46,2.1739130434782625,0.22139534883717715,0.02850461553201714,13:00-14:00
2026-08-13,2026-08-13 13:38:22-04:00,818,60,P,777.0,776.7,0.77,1.2987012987012998,0.14947368421053397,0.019244712786215267,13:00-14:00
2026-08-13,2026-08-13 13:43:22-04:00,823,15,C,777.0,776.73,0.45,2.222222222222224,0.12864999999999327,0.01656302704929554,13:00-14:00
2026-08-13,2026-08-13 13:43:22-04:00,823,15,P,777.0,776.73,0.73,1.3698630136986314,0.045982352941223326,0.005919991881506229,13:00-14:00
2026-08-13,2026-08-13 13:43:22-04:00,823,30,C,777.0,776.73,0.45,2.222222222222224,0.10999999999989996,0.014161935292817318,13:00-14:00
2026-08-13,2026-08-13 13:43:22-04:00,823,30,P,777.0,776.73,0.73,1.3698630136986314,0.07461538461541295,0.009606347716119238,13:00-14:00
2026-08-13,2026-08-13 13:43:22-04:00,823,60,C,777.0,776.73,0.45,2.222222222222224,0.14836153846147226,0.019100786433055534,13:00-14:00
2026-08-13,2026-08-13 13:43:22-04:00,823,60,P,777.0,776.73,0.73,1.3698630136986314,0.15260000000012042,0.01964646659715994,13:00-14:00
2026-08-13,2026-08-13 13:48:22-04:00,828,15,C,777.0,776.865,0.49,2.040816326530614,0.07436507936506587,0.00957245845353644,13:00-14:00
2026-08-13,2026-08-13 13:48:22-04:00,828,15,P,777.0,776.865,0.63,1.5873015873015885,0.06297101449274578,0.008105786010792837,13:00-14:00
2026-08-13,2026-08-13 13:48:22-04:00,828,30,C,777.0,776.865,0.49,2.040816326530614,0.1644117647058465,0.02116349233211002,13:00-14:00
2026-08-13,2026-08-13 13:48:22-04:00,828,30,P,777.0,776.865,0.63,1.5873015873015885,0.08558823529415349,0.011017131070926544,13:00-14:00
2026-08-13,2026-08-13 13:48:22-04:00,828,60,C,777.0,776.865,0.49,2.040816326530614,0.08307017543859274,0.010693000127254123,13:00-14:00
2026-08-13,2026-08-13 13:48:22-04:00,828,60,P,777.0,776.865,0.63,1.5873015873015885,0.09848837209301564,0.012677668847613888,13:00-14:00
2026-08-13,2026-08-13 13:51:22-04:00,831,15,C,777.0,776.88,0.49,2.040816326530614,0.07192307692309896,0.009257939054049398,13:00-14:00
2026-08-13,2026-08-13 13:51:22-04:00,831,15,P,777.0,776.88,0.61,1.6393442622950833,0.062142857142816865,0.007999029083361248,13:00-14:00
2026-08-13,2026-08-13 13:51:22-04:00,831,30,C,777.0,776.88,0.49,2.040816326530614,0.10769230769233218,0.013862154733334901,13:00-14:00
2026-08-13,2026-08-13 13:51:22-04:00,831,30,P,777.0,776.88,0.61,1.6393442622950833,0.12676056338023045,0.016316620762566993,13:00-14:00
2026-08-13,2026-08-13 13:51:22-04:00,831,60,C,777.0,776.88,0.49,2.040816326530614,0.11393442622954808,0.014665640282868406,13:00-14:00
2026-08-13,2026-08-13 13:51:22-04:00,831,60,P,777.0,776.88,0.61,1.6393442622950833,0.09109589041088384,0.01172586376414425,13:00-14:00
2026-08-13,2026-08-13 13:53:21-04:00,833,15,C,777.0,776.79,0.45,2.222222222222224,0.10038461538465526,0.012923005623740685,13:00-14:00
2026-08-13,2026-08-13 13:53:21-04:00,833,15,P,777.0,776.79,0.67,1.492537313432837,0.057857142857073995,0.0074482347683510345,13:00-14:00
2026-08-13,2026-08-13 13:53:21-04:00,833,30,C,777.0,776.79,0.45,2.222222222222224,0.13615384615388848,0.017527754754037575,13:00-14:00
2026-08-13,2026-08-13 13:53:21-04:00,833,30,P,777.0,776.79,0.67,1.492537313432837,0.12126760563376138,0.015611375742962882,13:00-14:00
2026-08-13,2026-08-13 13:53:21-04:00,833,60,C,777.0,776.79,0.45,2.222222222222224,0.13836065573775613,0.017811848213514093,13:00-14:00
2026-08-13,2026-08-13 13:53:21-04:00,833,60,P,777.0,776.79,0.67,1.492537313432837,0.08328767123282432,0.01072203185324532,13:00-14:00
2026-08-13,2026-08-13 13:58:23-04:00,838,15,C,777.0,776.8899,0.47,2.1276595744680753,0.007242857142841785,0.000932288750676484,13:00-14:00
2026-08-13,2026-08-13 13:58:23-04:00,838,15,P,777.0,776.8899,0.6,1.6666666666666683,0.03451538461547443,0.004442763976655435,13:00-14:00
2026-08-13,2026-08-13 13:58:23-04:00,838,30,C,777.0,776.8899,0.47,2.1276595744680753,0.10965223880589292,0.014114257220475247,13:00-14:00
2026-08-13,2026-08-13 13:58:23-04:00,838,30,P,777.0,776.8899,0.6,1.6666666666666683,0.10666056338027374,0.013729173642272057,13:00-14:00
2026-08-13,2026-08-13 13:58:23-04:00,838,60,C,777.0,776.8899,0.47,2.1276595744680753,0.05817017543859038,0.007487570045458226,13:00-14:00
2026-08-13,2026-08-13 13:58:23-04:00,838,60,P,777.0,776.8899,0.6,1.6666666666666683,0.09847142857142899,0.012675081574806029,13:00-14:00
2026-08-13,2026-08-13 14:03:23-04:00,843,15,C,777.0,776.86,0.45,2.222222222222224,0.06615384615383846,0.008515542846051858,14:00-15:00
2026-08-13,2026-08-13 14:03:23-04:00,843,15,P,777.0,776.86,0.6,1.6666666666666683,0.09267605633806397,0.011929569850174288,14:00-15:00
2026-08-13,2026-08-13 14:03:23-04:00,843,30,C,777.0,776.86,0.45,2.222222222222224,0.046842105263067424,0.0060296714032216136,14:00-15:00
2026-08-13,2026-08-13 14:03:23-04:00,843,30,P,777.0,776.86,0.6,1.6666666666666683,0.028709677419442414,0.003695605053605851,14:00-15:00
2026-08-13,2026-08-13 14:03:23-04:00,843,60,C,777.0,776.86,0.45,2.222222222222224,0.12812499999995453,0.01649267564296714,14:00-15:00
2026-08-13,2026-08-13 14:03:23-04:00,843,60,P,777.0,776.86,0.6,1.6666666666666683,0.0485915492957929,0.006254865650927182,14:00-15:00
2026-08-13,2026-08-13 14:08:22-04:00,848,15,C,777.0,776.875,0.45,2.222222222222224,0.0511538461538521,0.006584565876602041,14:00-15:00
2026-08-13,2026-08-13 14:08:22-04:00,848,15,P,777.0,776.875,0.58,1.7241379310344844,0.0795070422535673,0.010234213001263691,14:00-15:00
2026-08-13,2026-08-13 14:08:22-04:00,848,30,C,777.0,776.875,0.45,2.222222222222224,0.023139534883739543,0.002978540290746844,14:00-15:00
2026-08-13,2026-08-13 14:08:22-04:00,848,30,P,777.0,776.875,0.58,1.7241379310344844,-0.008859649122882729,-0.0011404214478368758,14:00-15:00
2026-08-13,2026-08-13 14:08:22-04:00,848,60,C,777.0,776.875,0.45,2.222222222222224,-0.003689473684175937,-0.0004749121395560337,14:00-15:00
2026-08-13,2026-08-13 14:08:22-04:00,848,60,P,777.0,776.875,0.58,1.7241379310344844,-0.017018032786836557,-0.0021905754190618253,14:00-15:00
2026-08-13,2026-08-13 14:13:25-04:00,853,15,C,777.0,777.04,0.53,1.8867924528301903,0.04910447761199066,0.006319427263974914,14:00-15:00
2026-08-13,2026-08-13 14:13:25-04:00,853,15,P,777.0,777.04,0.49,2.040816326530614,0.06749999999999545,0.008686811489755412,14:00-15:00
2026-08-13,2026-08-13 14:13:25-04:00,853,30,C,777.0,777.04,0.53,1.8867924528301903,-0.007792307692284339,-0.0010028193776748095,14:00-15:00
2026-08-13,2026-08-13 14:13:25-04:00,853,30,P,777.0,777.04,0.49,2.040816326530614,-0.0290666666666084,-0.003740691169902244,14:00-15:00
2026-08-13,2026-08-13 14:13:25-04:00,853,60,C,777.0,777.04,0.53,1.8867924528301903,0.05911764705876976,0.007608057121740163,14:00-15:00
2026-08-13,2026-08-13 14:13:25-04:00,853,60,P,777.0,777.04,0.49,2.040816326530614,0.060757575757634186,0.007819105291572401,14:00-15:00
2026-08-13,2026-08-13 14:18:22-04:00,858,15,C,777.0,777.0,0.48,2.0833333333333353,-0.014210526315878269,-0.0018288965657500989,14:00-15:00
2026-08-13,2026-08-13 14:18:22-04:00,858,15,P,777.0,777.0,0.49,2.040816326530614,-0.008709677419346917,-0.001120936604806553,14:00-15:00
2026-08-13,2026-08-13 14:18:22-04:00,858,30,C,777.0,777.0,0.48,2.0833333333333353,-0.06947368421049305,-0.008941272099162553,14:00-15:00
2026-08-13,2026-08-13 14:18:22-04:00,858,30,P,777.0,777.0,0.49,2.040816326530614,-0.09209302325587032,-0.011852383945414456,14:00-15:00
2026-08-13,2026-08-13 14:18:22-04:00,858,60,C,777.0,777.0,0.48,2.0833333333333353,0.0047058823529368965,0.0006056476644706431,14:00-15:00
2026-08-13,2026-08-13 14:18:22-04:00,858,60,P,777.0,777.0,0.49,2.040816326530614,0.05545454545449502,0.007137007137000647,14:00-15:00
2026-08-13,2026-08-13 14:23:24-04:00,863,15,C,777.0,776.88,0.43,2.325581395348839,-0.028372093023222078,-0.003652056047680733,14:00-15:00
2026-08-13,2026-08-13 14:23:24-04:00,863,15,P,777.0,776.88,0.53,1.8867924528301903,-0.09157894736847538,-0.011788042859704894,14:00-15:00
2026-08-13,2026-08-13 14:23:24-04:00,863,30,C,777.0,776.88,0.43,2.325581395348839,-0.0021052631578868386,-0.00027098949102652127,14:00-15:00
2026-08-13,2026-08-13 14:23:24-04:00,863,30,P,777.0,776.88,0.53,1.8867924528301903,-0.07809523809521579,-0.010052419690971037,14:00-15:00
2026-08-13,2026-08-13 14:23:24-04:00,863,60,C,777.0,776.88,0.43,2.325581395348839,-0.02857142857146755,-0.0036777145210930328,14:00-15:00
2026-08-13,2026-08-13 14:23:24-04:00,863,60,P,777.0,776.88,0.53,1.8867924528301903,-0.07241379310346474,-0.009321104044828641,14:00-15:00
2026-08-13,2026-08-13 14:28:25-04:00,868,15,C,777.0,776.91,0.42,2.380952380952383,-0.08933076923074168,-0.01149821333626053,14:00-15:00
2026-08-13,2026-08-13 14:28:25-04:00,868,15,P,777.0,776.91,0.52,1.9230769230769247,-0.09656666666660385,-0.012429582148074277,14:00-15:00
2026-08-13,2026-08-13 14:28:25-04:00,868,30,C,777.0,776.91,0.42,2.380952380952383,-0.04964912280695444,-0.006390588717734929,14:00-15:00
2026-08-13,2026-08-13 14:28:25-04:00,868,30,P,777.0,776.91,0.52,1.9230769230769247,-0.07190476190487516,-0.009255224144994294,14:00-15:00
2026-08-13,2026-08-13 14:28:25-04:00,868,60,C,777.0,776.91,0.42,2.380952380952383,-0.024473684210533975,-0.0031501311877223845,14:00-15:00
2026-08-13,2026-08-13 14:28:25-04:00,868,60,P,777.0,776.91,0.52,1.9230769230769247,-0.006935483870961434,-0.0008927010684585646,14:00-15:00
2026-08-13,2026-08-13 14:33:26-04:00,873,15,C,777.0,777.17,0.56,1.785714285714287,-0.06131147540975235,-0.007889068724957518,14:00-15:00
2026-08-13,2026-08-13 14:33:26-04:00,873,15,P,777.0,777.17,0.4,2.500000000000002,-0.12153846153853465,-0.015638594070606773,14:00-15:00
2026-08-13,2026-08-13 14:33:26-04:00,873,30,C,777.0,777.17,0.56,1.785714285714287,-0.009215789473614677,-0.0011858138468565022,14:00-15:00
2026-08-13,2026-08-13 14:33:26-04:00,873,30,P,777.0,777.17,0.4,2.500000000000002,-0.01710000000002765,-0.002200290798670516,14:00-15:00
2026-08-13,2026-08-13 14:33:26-04:00,873,60,C,777.0,777.17,0.56,1.785714285714287,0.037222222222226264,0.004789456904181358,14:00-15:00
2026-08-13,2026-08-13 14:33:26-04:00,873,60,P,777.0,777.17,0.4,2.500000000000002,0.07562499999994543,0.009730818225091734,14:00-15:00
2026-08-13,2026-08-13 14:38:24-04:00,878,15,C,777.0,777.34,0.65,1.5384615384615397,-0.07614035087715365,-0.009794986862525232,14:00-15:00
2026-08-13,2026-08-13 14:38:24-04:00,878,15,P,777.0,777.34,0.33,3.030303030303033,-0.09428571428566102,-0.012129276029235728,14:00-15:00
2026-08-13,2026-08-13 14:38:24-04:00,878,30,C,777.0,777.34,0.65,1.5384615384615397,-0.041788888888959264,-0.005375882997010222,14:00-15:00
2026-08-13,2026-08-13 14:38:24-04:00,878,30,P,777.0,777.34,0.33,3.030303030303033,-0.09709999999995489,-0.012491316541018717,14:00-15:00
2026-08-13,2026-08-13 14:38:24-04:00,878,60,C,777.0,777.34,0.65,1.5384615384615397,-0.028846153846188827,-0.003710879904055989,14:00-15:00
2026-08-13,2026-08-13 14:38:24-04:00,878,60,P,777.0,777.34,0.33,3.030303030303033,0.033823529411733944,0.004351188593374063,14:00-15:00
2026-08-13,2026-08-13 14:43:26-04:00,883,15,C,778.0,777.5899,0.31,3.2258064516129057,-0.04632857142848934,-0.005957969802397041,14:00-15:00
2026-08-13,2026-08-13 14:43:26-04:00,883,15,P,778.0,777.5899,0.73,1.3698630136986314,-0.025100000000065847,-0.003227922584908298,14:00-15:00
2026-08-13,2026-08-13 14:43:26-04:00,883,30,C,778.0,777.5899,0.31,3.2258064516129057,-0.09372352941170448,-0.012053079574683838,14:00-15:00
2026-08-13,2026-08-13 14:43:26-04:00,883,30,P,778.0,777.5899,0.73,1.3698630136986314,-0.025706060606012215,-0.0033058634899980335,14:00-15:00
2026-08-13,2026-08-13 14:43:26-04:00,883,60,C,778.0,777.5899,0.31,3.2258064516129057,0.24010000000009768,0.030877458670707746,14:00-15:00
2026-08-13,2026-08-13 14:43:26-04:00,883,60,P,778.0,777.5899,0.73,1.3698630136986314,0.10656666666659476,0.013704739049027612,14:00-15:00
2026-08-13,2026-08-13 14:48:24-04:00,888,15,C,778.0,777.72,0.37,2.7027027027027053,0.07888888888885504,0.010143610668216715,14:00-15:00
2026-08-13,2026-08-13 14:48:24-04:00,888,15,P,778.0,777.72,0.66,1.5151515151515165,-0.006901408450630697,-0.0008873898640424184,14:00-15:00
2026-08-13,2026-08-13 14:48:24-04:00,888,30,C,778.0,777.72,0.37,2.7027027027027053,-0.03303030303027299,-0.004247068743284599,14:00-15:00
2026-08-13,2026-08-13 14:48:24-04:00,888,30,P,778.0,777.72,0.66,1.5151515151515165,0.03303030303027299,0.004247068743284599,14:00-15:00
2026-08-13,2026-08-13 14:48:24-04:00,888,60,C,778.0,777.72,0.37,2.7027027027027053,0.17807017543850634,0.022896437720324323,14:00-15:00
2026-08-13,2026-08-13 14:48:24-04:00,888,60,P,778.0,777.72,0.66,1.5151515151515165,0.16111111111115406,0.02071582460411897,14:00-15:00
2026-08-13,2026-08-13 14:53:23-04:00,893,15,C,778.0,777.83,0.4,2.500000000000002,-0.09026842105265587,-0.01160516064598381,14:00-15:00
2026-08-13,2026-08-13 14:53:23-04:00,893,15,P,778.0,777.83,0.59,1.6949152542372898,-0.04562459016392495,-0.005865624900547027,14:00-15:00
2026-08-13,2026-08-13 14:53:23-04:00,893,30,C,778.0,777.83,0.4,2.500000000000002,-0.05000000000006821,-0.006428139824906241,14:00-15:00
2026-08-13,2026-08-13 14:53:23-04:00,893,30,P,778.0,777.83,0.59,1.6949152542372898,-0.01896551724132678,-0.0024382599335750457,14:00-15:00
2026-08-13,2026-08-13 14:58:25-04:00,898,15,C,778.0,777.72,0.35,2.857142857142844,-0.1061764705883661,-0.013652274673194222,14:00-15:00
2026-08-13,2026-08-13 14:58:25-04:00,898,15,P,778.0,777.72,0.64,1.5625000000000013,-0.03196969696966789,-0.004110694976298397,14:00-15:00
2026-08-13,2026-08-13 14:58:25-04:00,898,30,C,778.0,777.72,0.35,2.857142857142844,-0.018684210526430434,-0.0024024341056460463,14:00-15:00
2026-08-13,2026-08-13 14:58:25-04:00,898,30,P,778.0,777.72,0.64,1.5625000000000013,-0.003387096774076781,-0.0004355162235864811,14:00-15:00
2026-08-13,2026-08-13 15:01:26-04:00,901,15,C,778.0,777.865,0.41,2.4390243902438913,-0.05681818181813014,-0.007304375671630699,15:00-16:00
2026-08-13,2026-08-13 15:01:26-04:00,901,15,P,778.0,777.865,0.56,1.785714285714287,0.0265151515151274,0.0034087086467609927,15:00-16:00
2026-08-13,2026-08-13 15:01:26-04:00,901,30,C,778.0,777.865,0.41,2.4390243902438913,0.022777777777832853,0.0029282430470368064,15:00-16:00
2026-08-13,2026-08-13 15:01:26-04:00,901,30,P,778.0,777.865,0.56,1.785714285714287,0.020624999999995453,0.002651488368803771,15:00-16:00
2026-08-13,2026-08-13 15:03:25-04:00,903,15,C,778.0,777.91,0.41,2.4390243902438913,-0.10181818181808922,-0.0130886840146147,15:00-16:00
2026-08-13,2026-08-13 15:03:25-04:00,903,15,P,778.0,777.91,0.54,1.8518518518518534,0.04121212121208373,0.005297800672582141,15:00-16:00
2026-08-13,2026-08-13 15:03:25-04:00,903,30,C,778.0,777.91,0.41,2.4390243902438913,-0.02222222222212622,-0.002856657225402196,15:00-16:00
2026-08-13,2026-08-13 15:03:25-04:00,903,30,P,778.0,777.91,0.54,1.8518518518518534,0.034374999999954525,0.004418891645557266,15:00-16:00
2026-08-13,2026-08-13 15:08:24-04:00,908,15,C,778.0,778.1871,0.58,1.7241379310344844,0.021471428571430806,0.0027591601777298552,15:00-16:00
2026-08-13,2026-08-13 15:08:24-04:00,908,15,P,778.0,778.1871,0.41,2.4390243902438913,0.02778965517245524,0.003571076309598969,15:00-16:00
2026-08-13,2026-08-13 15:08:24-04:00,908,30,C,778.0,778.1871,0.58,1.7241379310344844,0.016361538461524106,0.002102519877485004,15:00-16:00
2026-08-13,2026-08-13 15:08:24-04:00,908,30,P,778.0,778.1871,0.41,2.4390243902438913,0.11621764705876103,0.01493440935460907,15:00-16:00
2026-08-13,2026-08-13 15:13:26-04:00,913,15,C,778.0,778.055,0.51,1.960784313725492,0.06736842105260621,0.00865856797432138,15:00-16:00
2026-08-13,2026-08-13 15:13:26-04:00,913,15,P,778.0,778.055,0.45,2.222222222222224,0.02516129032255776,0.003233870397665687,15:00-16:00
2026-08-13,2026-08-13 15:13:26-04:00,913,30,C,778.0,778.055,0.51,1.960784313725492,0.07803030303034575,0.010028892948486386,15:00-16:00
2026-08-13,2026-08-13 15:13:26-04:00,913,30,P,778.0,778.055,0.45,2.222222222222224,0.16439393939390357,0.021128832716697868,15:00-16:00
2026-08-13,2026-08-13 15:18:25-04:00,918,15,C,778.0,777.99,0.48,2.0833333333333353,0.09222222222217624,0.011853908433550076,15:00-16:00
2026-08-13,2026-08-13 15:18:25-04:00,918,15,P,778.0,777.99,0.47,2.1276595744680753,0.0049999999999954525,0.0006426817825416076,15:00-16:00
2026-08-13,2026-08-13 15:18:25-04:00,918,30,C,778.0,777.99,0.48,2.0833333333333353,0.10105263157890931,0.012988937078742569,15:00-16:00
2026-08-13,2026-08-13 15:18:25-04:00,918,30,P,778.0,777.99,0.47,2.1276595744680753,0.08190476190486606,0.01052773967594263,15:00-16:00
2026-08-13,2026-08-13 15:23:25-04:00,923,15,C,778.0,778.28,0.62,1.6129032258064528,-0.014999999999986358,-0.0019273269260402888,15:00-16:00
2026-08-13,2026-08-13 15:23:25-04:00,923,15,P,778.0,778.28,0.35,2.857142857142844,0.03264705882349972,0.004194770368440628,15:00-16:00
2026-08-13,2026-08-13 15:28:26-04:00,928,15,C,778.0,778.175,0.54,1.8518518518518534,0.0034848484849590022,0.000447823238340862,15:00-16:00
2026-08-13,2026-08-13 15:28:26-04:00,928,15,P,778.0,778.175,0.37,2.7027027027027053,0.0419696969696588,0.005393349435494433,15:00-16:00
2026-08-13,2026-08-13 15:33:26-04:00,933,15,C,778.0,778.11,0.5,2.0000000000000018,0.016140350877094534,0.0020743019466520846,15:00-16:00
2026-08-13,2026-08-13 15:33:26-04:00,933,15,P,778.0,778.11,0.4,2.500000000000002,0.03523809523812815,0.004528677852505192,15:00-16:00
2026-08-14,2026-08-14 09:34:17-04:00,574,15,C,778.0,778.09,1.21,0.8264462809917362,0.17354838709684373,0.022304410427693933,09:30-10:00
2026-08-14,2026-08-14 09:34:17-04:00,574,15,P,778.0,778.09,1.1,0.9090909090909097,0.14962962962965776,0.019230375615887335,09:30-10:00
2026-08-14,2026-08-14 09:34:17-04:00,574,30,C,778.0,778.09,1.21,0.8264462809917362,0.33333333333337123,0.04283994567895375,09:30-10:00
2026-08-14,2026-08-14 09:34:17-04:00,574,30,P,778.0,778.09,1.1,0.9090909090909097,0.3695652173912549,0.04749646151361088,09:30-10:00
2026-08-14,2026-08-14 09:34:17-04:00,574,60,C,778.0,778.09,1.21,0.8264462809917362,0.3306249999999409,0.042491871120299826,09:30-10:00
2026-08-14,2026-08-14 09:34:17-04:00,574,60,P,778.0,778.09,1.1,0.9090909090909097,0.44888888888897327,0.057691126847662,09:30-10:00
2026-08-14,2026-08-14 09:39:18-04:00,579,15,C,778.0,777.881,1.1,0.9090909090909097,0.1695660377358763,0.02179845474254755,09:30-10:00
2026-08-14,2026-08-14 09:39:18-04:00,579,15,P,778.0,777.881,1.18,0.8474576271186449,0.10823404255324931,0.013913958890016507,09:30-10:00
2026-08-14,2026-08-14 09:39:18-04:00,579,30,C,778.0,777.881,1.1,0.9090909090909097,0.35081818181822655,0.04509920949582604,09:30-10:00
2026-08-14,2026-08-14 09:39:18-04:00,579,30,P,778.0,777.881,1.18,0.8474576271186449,0.3262380952380681,0.04193933201068906,09:30-10:00
2026-08-14,2026-08-14 09:39:18-04:00,579,60,C,778.0,777.881,1.1,0.9090909090909097,0.4552121212121847,0.058519506352794924,09:30-10:00
2026-08-14,2026-08-14 09:39:18-04:00,579,60,P,778.0,777.881,1.18,0.8474576271186449,0.41599999999994,0.053478616909262464,09:30-10:00
2026-08-14,2026-08-14 09:44:19-04:00,584,15,C,778.0,778.425,1.3,0.7692307692307698,0.08712121212124657,0.011191985370619722,09:30-10:00
2026-08-14,2026-08-14 09:44:19-04:00,584,15,P,778.0,778.425,0.88,1.1363636363636374,0.125,0.01605806596653499,09:30-10:00
2026-08-14,2026-08-14 09:44:19-04:00,584,30,C,778.0,778.425,1.3,0.7692307692307698,0.21335820895524193,0.027408961551240254,09:30-10:00
2026-08-14,2026-08-14 09:44:19-04:00,584,30,P,778.0,778.425,0.88,1.1363636363636374,0.31107843137260716,0.03996254377398043,09:30-10:00
2026-08-14,2026-08-14 09:44:19-04:00,584,60,C,778.0,778.425,1.3,0.7692307692307698,0.2527611940298584,0.03247084742009293,09:30-10:00
2026-08-14,2026-08-14 09:44:19-04:00,584,60,P,778.0,778.425,0.88,1.1363636363636374,0.4257692307692196,0.054696243153703895,09:30-10:00
2026-08-14,2026-08-14 09:49:18-04:00,589,15,C,778.0,778.07,1.1,0.9090909090909097,0.14962962962965776,0.019230869925541114,09:30-10:00
2026-08-14,2026-08-14 09:49:18-04:00,589,15,P,778.0,778.07,1.04,0.9615384615384623,0.21913043478264171,0.028163331677437984,09:30-10:00
2026-08-14,2026-08-14 09:49:18-04:00,589,30,C,778.0,778.07,1.1,0.9090909090909097,0.15067796610162532,0.01936560542131496,09:30-10:00
2026-08-14,2026-08-14 09:49:18-04:00,589,30,P,778.0,778.07,1.04,0.9615384615384623,0.26560975609766047,0.034137000025403944,09:30-10:00
2026-08-14,2026-08-14 09:49:18-04:00,589,60,C,778.0,778.07,1.1,0.9090909090909097,0.34735294117638205,0.044642890893670496,09:30-10:00
2026-08-14,2026-08-14 09:49:18-04:00,589,60,P,778.0,778.07,1.04,0.9615384615384623,0.43205882352947356,0.055529556920260834,09:30-10:00
2026-08-14,2026-08-14 09:51:17-04:00,591,15,C,778.0,777.8401,1.03,0.9708737864077678,0.2644454545454664,0.033997405706579845,09:30-10:00
2026-08-14,2026-08-14 09:51:17-04:00,591,15,P,778.0,777.8401,1.16,0.8620689655172422,0.2535920634920785,0.03260208151933521,09:30-10:00
2026-08-14,2026-08-14 09:51:17-04:00,591,30,C,778.0,777.8401,1.03,0.9708737864077678,0.2980481481481547,0.038317405871483703,09:30-10:00
2026-08-14,2026-08-14 09:51:17-04:00,591,30,P,778.0,777.8401,1.16,0.8620689655172422,0.30662173913037805,0.039419636391898286,09:30-10:00
2026-08-14,2026-08-14 09:51:17-04:00,591,60,C,778.0,777.8401,1.03,0.9708737864077678,0.471149999999966,0.06057157505764565,09:30-10:00
2026-08-14,2026-08-14 09:51:17-04:00,591,60,P,778.0,777.8401,1.16,0.8620689655172422,0.435100000000034,0.05593694642382593,09:30-10:00
2026-08-14,2026-08-14 09:54:20-04:00,594,15,C,779.0,778.56,0.85,1.176470588235295,0.21727272727275704,0.027906998468038055,09:30-10:00
2026-08-14,2026-08-14 09:54:20-04:00,594,15,P,779.0,778.56,1.29,0.7751937984496131,0.17984126984129034,0.023099217766298082,09:30-10:00
2026-08-14,2026-08-14 09:54:20-04:00,594,30,C,779.0,778.56,0.85,1.176470588235295,0.2448148148148448,0.03144456622673202,09:30-10:00
2026-08-14,2026-08-14 09:54:20-04:00,594,30,P,779.0,778.56,1.29,0.7751937984496131,0.23923076923074404,0.03072733883461057,09:30-10:00
2026-08-14,2026-08-14 09:54:20-04:00,594,60,C,779.0,778.56,0.85,1.176470588235295,0.4700000000000273,0.0603678586107721,09:30-10:00
2026-08-14,2026-08-14 09:54:20-04:00,594,60,P,779.0,778.56,1.29,0.7751937984496131,0.38714285714286234,0.04972550055780703,09:30-10:00
2026-08-14,2026-08-14 10:00:18-04:00,600,15,C,778.0,778.3,1.17,0.8547008547008554,0.14432835820889522,0.018544052191814882,09:30-10:00
2026-08-14,2026-08-14 10:00:18-04:00,600,15,P,778.0,778.3,0.89,1.1235955056179785,0.20568627450984422,0.026427633882801522,09:30-10:00
2026-08-14,2026-08-14 10:00:18-04:00,600,30,C,778.0,778.3,1.17,0.8547008547008554,0.14212121212131024,0.018260466673687557,09:30-10:00
2026-08-14,2026-08-14 10:00:18-04:00,600,30,P,778.0,778.3,0.89,1.1235955056179785,0.22384615384612516,0.028760908884250955,09:30-10:00
2026-08-14,2026-08-14 10:00:18-04:00,600,60,C,778.0,778.3,1.17,0.8547008547008554,0.22904761904760562,0.029429219972710474,09:30-10:00
2026-08-14,2026-08-14 10:00:18-04:00,600,60,P,778.0,778.3,0.89,1.1235955056179785,0.45896551724138135,0.05897025790072997,09:30-10:00
2026-08-14,2026-08-14 10:05:19-04:00,605,15,C,779.0,778.59,0.77,1.2987012987012998,0.014999999999986358,0.0019265595499539368,10:00-10:30
2026-08-14,2026-08-14 10:05:19-04:00,605,15,P,779.0,778.59,1.17,0.8547008547008554,0.013389830508572231,0.0017197537225718583,10:00-10:30
2026-08-14,2026-08-14 10:05:19-04:00,605,30,C,779.0,778.59,0.77,1.2987012987012998,0.026956521739066375,0.003462222959332431,10:00-10:30
2026-08-14,2026-08-14 10:05:19-04:00,605,30,P,779.0,778.59,1.17,0.8547008547008554,0.07851851851853553,0.01008470678001715,10:00-10:30
2026-08-14,2026-08-14 10:05:19-04:00,605,60,C,779.0,778.59,0.77,1.2987012987012998,0.24476190476184456,0.03143655900561843,10:00-10:30
2026-08-14,2026-08-14 10:05:19-04:00,605,60,P,779.0,778.59,1.17,0.8547008547008554,0.2462068965518256,0.03162214985445813,10:00-10:30
2026-08-14,2026-08-14 10:10:19-04:00,610,15,C,779.0,778.65,0.79,1.2658227848101276,0.043703703703727115,0.0056127533171164345,10:00-10:30
2026-08-14,2026-08-14 10:10:19-04:00,610,15,P,779.0,778.65,1.13,0.8849557522123707,0.051304347826089725,0.006588884328785684,10:00-10:30
2026-08-14,2026-08-14 10:10:19-04:00,610,30,C,779.0,778.65,0.79,1.2658227848101276,0.0858333333334258,0.011023352383410493,10:00-10:30
2026-08-14,2026-08-14 10:10:19-04:00,610,30,P,779.0,778.65,1.13,0.8849557522123707,0.08884615384613426,0.01141028110783205,10:00-10:30
2026-08-14,2026-08-14 10:10:19-04:00,610,60,C,779.0,778.65,0.79,1.2658227848101276,0.2224137931035557,0.02856402659777252,10:00-10:30
2026-08-14,2026-08-14 10:10:19-04:00,610,60,P,779.0,778.65,1.13,0.8849557522123707,0.23571428571426623,0.030272174367721855,10:00-10:30
2026-08-14,2026-08-14 10:15:20-04:00,615,15,C,778.0,778.31,1.09,0.9174311926605512,0.010909090909194674,0.0014016382815580776,10:00-10:30
2026-08-14,2026-08-14 10:15:20-04:00,615,15,P,778.0,778.31,0.79,1.2658227848101276,0.021176470588216034,0.002720827252407914,10:00-10:30
2026-08-14,2026-08-14 10:15:20-04:00,615,30,C,778.0,778.31,1.09,0.9174311926605512,0.10000000000002274,0.01284835091416309,10:00-10:30
2026-08-14,2026-08-14 10:15:20-04:00,615,30,P,778.0,778.31,0.79,1.2658227848101276,0.12448979591829357,0.0159948858319042,10:00-10:30
2026-08-14,2026-08-14 10:15:20-04:00,615,60,C,778.0,778.31,1.09,0.9174311926605512,0.10285714285714675,0.013215446654565245,10:00-10:30
2026-08-14,2026-08-14 10:15:20-04:00,615,60,P,778.0,778.31,0.79,1.2658227848101276,0.26727272727271156,0.03434013789784425,10:00-10:30
2026-08-14,2026-08-14 10:20:19-04:00,620,15,C,778.0,777.78,0.85,1.176470588235295,0.010869565217376476,0.001397511535058304,10:00-10:30
2026-08-14,2026-08-14 10:20:19-04:00,620,15,P,778.0,777.78,1.06,0.9433962264150951,0.06481481481478113,0.008333309523873221,10:00-10:30
2026-08-14,2026-08-14 10:20:19-04:00,620,30,C,778.0,777.78,0.85,1.176470588235295,0.17846938775505805,0.022945998579940095,10:00-10:30
2026-08-14,2026-08-14 10:20:19-04:00,620,30,P,778.0,777.78,1.06,0.9433962264150951,0.1812745098038704,0.023306656098623053,10:00-10:30
2026-08-14,2026-08-14 10:20:19-04:00,620,60,C,778.0,777.78,0.85,1.176470588235295,0.2842857142857156,0.03655091597697493,10:00-10:30
2026-08-14,2026-08-14 10:20:19-04:00,620,60,P,778.0,777.78,1.06,0.9433962264150951,0.30121212121207463,0.03872716207823223,10:00-10:30
2026-08-14,2026-08-14 10:25:19-04:00,625,15,C,777.0,777.49,1.23,0.8130081300813016,0.043181818181892595,0.005554003033079859,10:00-10:30
2026-08-14,2026-08-14 10:25:19-04:00,625,15,P,777.0,777.49,0.73,1.3698630136986314,0.09318181818184712,0.011984953913471185,10:00-10:30
2026-08-14,2026-08-14 10:25:19-04:00,625,30,C,777.0,777.49,1.23,0.8130081300813016,0.13374999999996362,0.017202793605057765,10:00-10:30
2026-08-14,2026-08-14 10:25:19-04:00,625,30,P,777.0,777.49,0.73,1.3698630136986314,0.23142857142863704,0.02976611550356108,10:00-10:30
2026-08-14,2026-08-14 10:25:19-04:00,625,60,C,777.0,777.49,1.23,0.8130081300813016,0.11545454545444045,0.01484965021472179,10:00-10:30
2026-08-14,2026-08-14 10:25:19-04:00,625,60,P,777.0,777.49,0.73,1.3698630136986314,0.28294117647067196,0.03639161615849361,10:00-10:30
2026-08-14,2026-08-14 10:30:20-04:00,630,15,C,777.0,777.23,1.04,0.9615384615384623,0.08196078431365095,0.010545241989327605,10:00-10:30
2026-08-14,2026-08-14 10:30:20-04:00,630,15,P,777.0,777.23,0.82,1.2195121951219388,0.10571428571438446,0.013601416017701897,10:00-10:30
2026-08-14,2026-08-14 10:30:20-04:00,630,30,C,777.0,777.23,1.04,0.9615384615384623,0.09269841269838253,0.011926767198690544,10:00-10:30
2026-08-14,2026-08-14 10:30:20-04:00,630,30,P,777.0,777.23,0.82,1.2195121951219388,0.23891891891901196,0.030739796317565193,10:00-10:30
2026-08-14,2026-08-14 10:30:20-04:00,630,60,C,777.0,777.23,1.04,0.9615384615384623,0.1863380281689615,0.023974631469315583,10:00-10:30
2026-08-14,2026-08-14 10:30:20-04:00,630,60,P,777.0,777.23,0.82,1.2195121951219388,0.2658333333333758,0.034202659873316235,10:00-10:30
2026-08-14,2026-08-14 10:35:20-04:00,635,15,C,777.0,777.03,0.97,1.0309278350515474,0.17336734693878952,0.02231153841406246,10:30-11:00
2026-08-14,2026-08-14 10:35:20-04:00,635,15,P,777.0,777.03,0.9,1.111111111111112,0.11754901960784991,0.015127989859831657,10:30-11:00
2026-08-14,2026-08-14 10:35:20-04:00,635,30,C,777.0,777.03,0.97,1.0309278350515474,0.152758620689724,0.019659295096678894,10:30-11:00
2026-08-14,2026-08-14 10:35:20-04:00,635,30,P,777.0,777.03,0.9,1.111111111111112,0.20804878048772935,0.026774871045870733,10:30-11:00
2026-08-14,2026-08-14 10:35:20-04:00,635,60,C,777.0,777.03,0.97,1.0309278350515474,0.2739855072463797,0.035260608631118455,10:30-11:00
2026-08-14,2026-08-14 10:35:20-04:00,635,60,P,777.0,777.03,0.9,1.111111111111112,0.24519607843137692,0.0315555484899395,10:30-11:00
2026-08-14,2026-08-14 10:40:20-04:00,640,15,C,777.0,777.215,1.03,0.9708737864077678,0.09624999999994088,0.012383960680113082,10:30-11:00
2026-08-14,2026-08-14 10:40:20-04:00,640,15,P,777.0,777.215,0.8,1.250000000000001,0.15642857142859157,0.020126808081237697,10:30-11:00
2026-08-14,2026-08-14 10:40:20-04:00,640,30,C,777.0,777.215,1.03,0.9708737864077678,0.07120689655175738,0.009161801631692309,10:30-11:00
2026-08-14,2026-08-14 10:40:20-04:00,640,30,P,777.0,777.215,0.8,1.250000000000001,0.14914634146339267,0.019189843410561125,10:30-11:00
2026-08-14,2026-08-14 10:40:20-04:00,640,60,C,777.0,777.215,1.03,0.9708737864077678,0.1280303030301866,0.016472958323010566,10:30-11:00
2026-08-14,2026-08-14 10:40:20-04:00,640,60,P,777.0,777.215,0.8,1.250000000000001,0.2659090909091901,0.0342130672862966,10:30-11:00
2026-08-14,2026-08-14 10:45:19-04:00,645,15,C,777.0,777.23,1.01,0.990099009900991,0.045079365079345735,0.005800003226759869,10:30-11:00
2026-08-14,2026-08-14 10:45:19-04:00,645,15,P,777.0,777.23,0.77,1.2987012987012998,0.10378378378379693,0.013353033694504449,10:30-11:00
2026-08-14,2026-08-14 10:45:19-04:00,645,30,C,777.0,777.23,1.01,0.990099009900991,0.03999999999996362,0.005146481736418257,10:30-11:00
2026-08-14,2026-08-14 10:45:19-04:00,645,30,P,777.0,777.23,0.77,1.2987012987012998,0.14181818181816652,0.018246617065497538,10:30-11:00
2026-08-14,2026-08-14 10:45:19-04:00,645,60,C,777.0,777.23,1.01,0.990099009900991,0.14058823529410347,0.018088369632425855,10:30-11:00
2026-08-14,2026-08-14 10:45:19-04:00,645,60,P,777.0,777.23,0.77,1.2987012987012998,0.21207547169819918,0.027286063545951544,10:30-11:00
2026-08-14,2026-08-14 10:47:21-04:00,647,15,C,777.0,777.41,1.1,0.9090909090909097,-0.012258064516117884,-0.0015767824592065813,10:30-11:00
2026-08-14,2026-08-14 10:47:21-04:00,647,15,P,777.0,777.41,0.69,1.449275362318826,0.09111111111110404,0.011719827518439953,10:30-11:00
2026-08-14,2026-08-14 10:47:21-04:00,647,30,C,777.0,777.41,1.1,0.9090909090909097,0.100714285714389,0.012955105506025008,10:30-11:00
2026-08-14,2026-08-14 10:47:21-04:00,647,30,P,777.0,777.41,0.69,1.449275362318826,0.1355813953488223,0.017440140382658096,10:30-11:00
2026-08-14,2026-08-14 10:47:21-04:00,647,60,C,777.0,777.41,1.1,0.9090909090909097,0.04552499999999782,0.005855983329259698,10:30-11:00
2026-08-14,2026-08-14 10:47:21-04:00,647,60,P,777.0,777.41,0.69,1.449275362318826,0.15581428571431388,0.020042742660155374,10:30-11:00
2026-08-14,2026-08-14 10:50:20-04:00,650,15,C,777.0,777.285,1.02,0.980392156862746,-0.0160344827585277,-0.002062883338611668,10:30-11:00
2026-08-14,2026-08-14 10:50:20-04:00,650,15,P,777.0,777.285,0.72,1.3888888888888902,0.02402439024388059,0.0030908084221206627,10:30-11:00
2026-08-14,2026-08-14 10:50:20-04:00,650,30,C,777.0,777.285,1.02,0.980392156862746,0.08285714285716494,0.010659814978696997,10:30-11:00
2026-08-14,2026-08-14 10:50:20-04:00,650,30,P,777.0,777.285,0.72,1.3888888888888902,0.08034883720927155,0.010337114084186824,10:30-11:00
2026-08-14,2026-08-14 10:50:20-04:00,650,60,C,777.0,777.285,1.02,0.980392156862746,0.04552499999999782,0.005856925066095167,10:30-11:00
2026-08-14,2026-08-14 10:50:20-04:00,650,60,P,777.0,777.285,0.72,1.3888888888888902,0.11652857142860285,0.014991743238143389,10:30-11:00
2026-08-14,2026-08-14 10:55:20-04:00,655,15,C,777.0,777.03,0.86,1.1627906976744196,-0.036896551724112214,-0.004748407619282681,10:30-11:00
2026-08-14,2026-08-14 10:55:20-04:00,655,15,P,777.0,777.03,0.82,1.2195121951219388,0.01292682926816724,0.0016636203580514576,10:30-11:00
2026-08-14,2026-08-14 10:55:20-04:00,655,30,C,777.0,777.03,0.86,1.1627906976744196,0.007777777777732808,0.001000962353800086,10:30-11:00
2026-08-14,2026-08-14 10:55:20-04:00,655,30,P,777.0,777.03,0.82,1.2195121951219388,0.04407407407404662,0.005672120004896417,10:30-11:00
2026-08-14,2026-08-14 10:55:20-04:00,655,60,C,777.0,777.03,0.86,1.1627906976744196,0.16862340425541333,0.021701015952461725,10:30-11:00
2026-08-14,2026-08-14 10:55:20-04:00,655,60,P,777.0,777.03,0.82,1.2195121951219388,0.14972264150935644,0.019268579270987792,10:30-11:00
2026-08-14,2026-08-14 11:00:20-04:00,660,15,C,777.0,776.91,0.79,1.2658227848101276,-0.03285714285709673,-0.004229208384123866,10:30-11:00
2026-08-14,2026-08-14 11:00:20-04:00,660,15,P,777.0,776.91,0.86,1.1627906976744196,0.026363636363612386,0.0033933964505042267,10:30-11:00
2026-08-14,2026-08-14 11:00:20-04:00,660,30,C,777.0,776.91,0.79,1.2658227848101276,0.03823529411772597,0.004921457326810825,10:30-11:00
2026-08-14,2026-08-14 11:00:20-04:00,660,30,P,777.0,776.91,0.86,1.1627906976744196,0.029166666666583296,0.003754188601843624,10:30-11:00
2026-08-14,2026-08-14 11:00:20-04:00,660,60,C,777.0,776.91,0.79,1.2658227848101276,0.18588235294123479,0.023925854081069207,10:30-11:00
2026-08-14,2026-08-14 11:00:20-04:00,660,60,P,777.0,776.91,0.86,1.1627906976744196,0.17306122448974293,0.022275582048080594,10:30-11:00
2026-08-14,2026-08-14 11:05:19-04:00,665,15,C,777.0,776.93,0.82,1.2195121951219388,0.0807142857144072,0.010388874894058308,11:00-12:00
2026-08-14,2026-08-14 11:05:19-04:00,665,15,P,777.0,776.93,0.84,1.1904761904761916,0.004418604651050373,0.0005687262238619147,11:00-12:00
2026-08-14,2026-08-14 11:05:19-04:00,665,30,C,777.0,776.93,0.82,1.2195121951219388,0.08500000000003638,0.010940496569837229,11:00-12:00
2026-08-14,2026-08-14 11:05:19-04:00,665,30,P,777.0,776.93,0.84,1.1904761904761916,0.02754901960781808,0.00354588181790098,11:00-12:00
2026-08-14,2026-08-14 11:05:19-04:00,665,60,C,777.0,776.93,0.82,1.2195121951219388,0.20230769230784063,0.026039371926407866,11:00-12:00
2026-08-14,2026-08-14 11:05:19-04:00,665,60,P,777.0,776.93,0.84,1.1904761904761916,0.1774999999998954,0.022846331072283916,11:00-12:00
2026-08-14,2026-08-14 11:10:20-04:00,670,15,C,777.0,776.7,0.7,1.42857142857143,-0.0177777777778374,-0.0022888860277890306,11:00-12:00
2026-08-14,2026-08-14 11:10:20-04:00,670,15,P,777.0,776.7,0.97,2.061855670103095,-0.008148148148052314,-0.001049072762720782,11:00-12:00
2026-08-14,2026-08-14 11:10:20-04:00,670,30,C,777.0,776.7,0.7,1.42857142857143,0.04454545454541403,0.005735220103696927,11:00-12:00
2026-08-14,2026-08-14 11:10:20-04:00,670,30,P,777.0,776.7,0.97,2.061855670103095,0.06000000000005912,0.007724990343769681,11:00-12:00
2026-08-14,2026-08-14 11:10:20-04:00,670,60,C,777.0,776.7,0.7,1.42857142857143,0.18888888888886868,0.024319414045174282,11:00-12:00
2026-08-14,2026-08-14 11:10:20-04:00,670,60,P,777.0,776.7,0.97,2.061855670103095,0.14814814814815236,0.019074050231511826,11:00-12:00
2026-08-14,2026-08-14 11:15:20-04:00,675,15,C,777.0,776.52,0.6,1.6666666666666683,0.05568627450986696,0.007171260818764096,11:00-12:00
2026-08-14,2026-08-14 11:15:20-04:00,675,15,P,777.0,776.52,1.03,0.9708737864077678,-0.006666666666660603,-0.0008585312247798645,11:00-12:00
2026-08-14,2026-08-14 11:15:20-04:00,675,30,C,777.0,776.52,0.6,1.6666666666666683,0.06478260869562291,0.008342683858190763,11:00-12:00
2026-08-14,2026-08-14 11:15:20-04:00,675,30,P,777.0,776.52,1.03,0.9708737864077678,-0.007358490566048204,-0.0009476240877309281,11:00-12:00
2026-08-14,2026-08-14 11:15:20-04:00,675,60,C,777.0,776.52,0.6,1.6666666666666683,0.2600000000001046,0.03348271776645864,11:00-12:00
2026-08-14,2026-08-14 11:15:20-04:00,675,60,P,777.0,776.52,1.03,0.9708737864077678,0.1512676056337341,0.019480194410154805,11:00-12:00
2026-08-14,2026-08-14 11:20:21-04:00,680,15,C,777.0,776.6,0.6,1.6666666666666683,-0.02500000000009095,-0.003219160442968188,11:00-12:00
2026-08-14,2026-08-14 11:20:21-04:00,680,15,P,777.0,776.6,0.99,1.010101010101011,-0.008333333333325754,-0.0010730534809845163,11:00-12:00
2026-08-14,2026-08-14 11:20:21-04:00,680,30,C,777.0,776.6,0.6,1.6666666666666683,-0.06486190476198317,-0.008352035122583461,11:00-12:00
2026-08-14,2026-08-14 11:20:21-04:00,680,30,P,777.0,776.6,0.99,1.010101010101011,-0.012313793103430726,-0.0015856030264525785,11:00-12:00
2026-08-14,2026-08-14 11:20:21-04:00,680,60,C,777.0,776.6,0.6,1.6666666666666683,0.19769230769225032,0.025456130271986906,11:00-12:00
2026-08-14,2026-08-14 11:20:21-04:00,680,60,P,777.0,776.6,0.99,1.010101010101011,0.2058904109588866,0.026511770661716016,11:00-12:00
2026-08-14,2026-08-14 11:25:21-04:00,685,15,C,776.0,776.06,0.88,1.1363636363636374,0.05575757575763873,0.0071846990899722615,11:00-12:00
2026-08-14,2026-08-14 11:25:21-04:00,685,15,P,776.0,776.06,0.79,1.2658227848101276,0.09272727272730208,0.011948466964835461,11:00-12:00
2026-08-14,2026-08-14 11:25:21-04:00,685,30,C,776.0,776.06,0.88,1.1363636363636374,0.17439275362335138,0.022471555501295183,11:00-12:00
2026-08-14,2026-08-14 11:25:21-04:00,685,30,P,776.0,776.06,0.79,1.2658227848101276,0.12311886792440419,0.015864606850553332,11:00-12:00
2026-08-14,2026-08-14 11:25:21-04:00,685,60,C,776.0,776.06,0.88,1.1363636363636374,0.2942857142857065,0.037920484793148274,11:00-12:00
2026-08-14,2026-08-14 11:25:21-04:00,685,60,P,776.0,776.06,0.79,1.2658227848101276,0.3502325581395098,0.04512957221600261,11:00-12:00
2026-08-14,2026-08-14 11:30:21-04:00,690,15,C,776.0,776.36,1.01,0.990099009900991,0.010588235294108017,0.001363830606176003,11:00-12:00
2026-08-14,2026-08-14 11:30:21-04:00,690,15,P,776.0,776.36,0.64,1.5625000000000013,0.02250000000003638,0.002898140038131328,11:00-12:00
2026-08-14,2026-08-14 11:30:21-04:00,690,30,C,776.0,776.36,1.01,0.990099009900991,0.12589041095884568,0.016215468462935454,11:00-12:00
2026-08-14,2026-08-14 11:30:21-04:00,690,30,P,776.0,776.36,0.64,1.5625000000000013,0.1740816326530421,0.02242279775529936,11:00-12:00
2026-08-14,2026-08-14 11:30:21-04:00,690,60,C,776.0,776.36,1.01,0.990099009900991,0.23655172413793935,0.030469334347202243,11:00-12:00
2026-08-14,2026-08-14 11:30:21-04:00,690,60,P,776.0,776.36,0.64,1.5625000000000013,0.35047619047611533,0.04514351466795241,11:00-12:00
2026-08-14,2026-08-14 11:35:22-04:00,695,15,C,776.0,776.275,0.96,1.0416666666666676,-0.03822500000001128,-0.004924157031981099,11:00-12:00
2026-08-14,2026-08-14 11:35:22-04:00,695,15,P,776.0,776.275,0.66,1.5151515151515165,-0.06489999999996598,-0.008360439277313579,11:00-12:00
2026-08-14,2026-08-14 11:35:22-04:00,695,30,C,776.0,776.275,0.96,1.0416666666666676,0.1265384615385301,0.016300726100741375,11:00-12:00
2026-08-14,2026-08-14 11:35:22-04:00,695,30,P,776.0,776.275,0.66,1.5151515151515165,0.1474999999999227,0.01900099835753086,11:00-12:00
2026-08-14,2026-08-14 11:35:22-04:00,695,60,C,776.0,776.275,0.96,1.0416666666666676,0.22162162162169352,0.028549369955453093,11:00-12:00
2026-08-14,2026-08-14 11:35:22-04:00,695,60,P,776.0,776.275,0.66,1.5151515151515165,0.2799999999999727,0.03606969179736211,11:00-12:00
2026-08-14,2026-08-14 11:40:22-04:00,700,15,C,776.0,776.04,0.84,1.1904761904761916,0.11607021276608975,0.01495673067961571,11:00-12:00
2026-08-14,2026-08-14 11:40:22-04:00,700,15,P,776.0,776.04,0.76,1.3157894736842117,0.04651509433949741,0.005993904223944309,11:00-12:00
2026-08-14,2026-08-14 11:40:22-04:00,700,30,C,776.0,776.04,0.84,1.1904761904761916,0.17636363636370334,0.022726101278761835,11:00-12:00
2026-08-14,2026-08-14 11:40:22-04:00,700,30,P,776.0,776.04,0.76,1.3157894736842117,0.18727272727267064,0.02413183950217394,11:00-12:00
2026-08-14,2026-08-14 11:40:22-04:00,700,60,C,776.0,776.04,0.84,1.1904761904761916,0.3015686274509335,0.03885993343782969,11:00-12:00
2026-08-14,2026-08-14 11:40:22-04:00,700,60,P,776.0,776.04,0.76,1.3157894736842117,0.2799999999999727,0.036080614401316005,11:00-12:00
2026-08-14,2026-08-14 11:44:21-04:00,704,15,C,776.0,776.0166,0.81,1.234567901234569,0.11849803921563762,0.01527003922540286,11:00-12:00
2026-08-14,2026-08-14 11:44:21-04:00,704,15,P,776.0,776.0166,0.77,1.2987012987012998,0.09598775510210089,0.0123692914690357,11:00-12:00
2026-08-14,2026-08-14 11:44:21-04:00,704,30,C,776.0,776.0166,0.81,1.234567901234569,0.14521818181822255,0.018713282914079744,11:00-12:00
2026-08-14,2026-08-14 11:44:21-04:00,704,30,P,776.0,776.0166,0.77,1.2987012987012998,0.18659999999999854,0.024045877369117945,11:00-12:00
2026-08-14,2026-08-14 11:44:21-04:00,704,60,C,776.0,776.0166,0.81,1.234567901234569,0.2505428571428183,0.032285760013744336,11:00-12:00
2026-08-14,2026-08-14 11:44:21-04:00,704,60,P,776.0,776.0166,0.77,1.2987012987012998,0.2750210526315868,0.0354400991720521,11:00-12:00
2026-08-14,2026-08-14 11:45:22-04:00,705,15,C,776.0,776.15,0.87,1.1494252873563229,0.10274509803923593,0.013237788834534036,11:00-12:00
2026-08-14,2026-08-14 11:45:22-04:00,705,15,P,776.0,776.15,0.71,1.4084507042253533,0.10693877551022979,0.01377810674614827,11:00-12:00
2026-08-14,2026-08-14 11:45:22-04:00,705,30,C,776.0,776.15,0.87,1.1494252873563229,0.16692307692312625,0.021506548595390872,11:00-12:00
2026-08-14,2026-08-14 11:45:22-04:00,705,30,P,776.0,776.15,0.71,1.4084507042253533,0.213191489361634,0.027467820570976492,11:00-12:00
2026-08-14,2026-08-14 11:45:22-04:00,705,60,C,776.0,776.15,0.87,1.1494252873563229,0.2028571428571695,0.02613633226272879,11:00-12:00
2026-08-14,2026-08-14 11:45:22-04:00,705,60,P,776.0,776.15,0.71,1.4084507042253533,0.3031578947368416,0.0390591889115302,11:00-12:00
2026-08-14,2026-08-14 11:50:23-04:00,710,15,C,776.0,775.9399,0.78,1.2820512820512833,0.1154846153847302,0.01488319074515052,11:00-12:00
2026-08-14,2026-08-14 11:50:23-04:00,710,15,P,776.0,775.9399,0.81,1.234567901234569,0.12489999999991142,0.01609660748208868,11:00-12:00
2026-08-14,2026-08-14 11:50:23-04:00,710,30,C,776.0,775.9399,0.78,1.2820512820512833,0.20394615384623194,0.02628375649276857,11:00-12:00
2026-08-14,2026-08-14 11:50:23-04:00,710,30,P,776.0,775.9399,0.81,1.234567901234569,0.2158574468085135,0.027818835815571995,11:00-12:00
2026-08-14,2026-08-14 11:50:23-04:00,710,60,C,776.0,775.9399,0.78,1.2820512820512833,0.29383134328361393,0.03786779662749833,11:00-12:00
2026-08-14,2026-08-14 11:50:23-04:00,710,60,P,776.0,775.9399,0.81,1.234567901234569,0.26635161290312226,0.0343263199769882,11:00-12:00
2026-08-14,2026-08-14 11:55:23-04:00,715,15,C,776.0,776.2199,0.88,1.1363636363636374,0.06919090909093484,0.008913828296715252,11:00-12:00
2026-08-14,2026-08-14 11:55:23-04:00,715,15,P,776.0,776.2199,0.65,1.5384615384615397,0.1171727272727594,0.015095300606536808,11:00-12:00
2026-08-14,2026-08-14 11:55:23-04:00,715,30,C,776.0,776.2199,0.88,1.1363636363636374,0.15251379310348057,0.01964827146321301,11:00-12:00
2026-08-14,2026-08-14 11:55:23-04:00,715,30,P,776.0,776.2199,0.65,1.5384615384615397,0.23418571428567247,0.03017002195971431,11:00-12:00
2026-08-14,2026-08-14 11:55:23-04:00,715,60,C,776.0,776.2199,0.88,1.1363636363636374,0.1345161290322494,0.017329641900735784,11:00-12:00
2026-08-14,2026-08-14 11:55:23-04:00,715,60,P,776.0,776.2199,0.65,1.5384615384615397,0.24578947368422632,0.03166492815814517,11:00-12:00
2026-08-14,2026-08-14 12:00:23-04:00,720,15,C,776.0,776.39,0.95,1.0526315789473695,0.08076923076930598,0.010403177625846029,11:00-12:00
2026-08-14,2026-08-14 12:00:23-04:00,720,15,P,776.0,776.39,0.55,1.8181818181818195,0.11276595744675433,0.014524395915294417,11:00-12:00
2026-08-14,2026-08-14 12:00:23-04:00,720,30,C,776.0,776.39,0.95,1.0526315789473695,0.10310344827587414,0.013279852686906598,11:00-12:00
2026-08-14,2026-08-14 12:00:23-04:00,720,30,P,776.0,776.39,0.55,1.8181818181818195,0.1661904761904225,0.021405540538958837,11:00-12:00
2026-08-14,2026-08-14 12:00:23-04:00,720,60,C,776.0,776.39,0.95,1.0526315789473695,0.07731935483866437,0.00995882930468764,11:00-12:00
2026-08-14,2026-08-14 12:00:23-04:00,720,60,P,776.0,776.39,0.55,1.8181818181818195,0.15273157894739597,0.019672017793556842,11:00-12:00
2026-08-14,2026-08-14 12:05:23-04:00,725,15,C,776.0,776.44,0.99,1.010101010101011,0.08947368421047486,0.011523579956013967,12:00-13:00
2026-08-14,2026-08-14 12:05:23-04:00,725,15,P,776.0,776.44,0.52,1.9230769230769247,0.09893617021282353,0.012742281465769861,12:00-13:00
2026-08-14,2026-08-14 12:05:23-04:00,725,30,C,776.0,776.44,0.99,1.010101010101011,0.09716216216213525,0.012513801731252284,12:00-13:00
2026-08-14,2026-08-14 12:05:23-04:00,725,30,P,776.0,776.44,0.52,1.9230769230769247,0.1650000000000773,0.02125083715420088,12:00-13:00
2026-08-14,2026-08-14 12:05:23-04:00,725,60,C,776.0,776.44,0.99,1.010101010101011,0.12636363636352144,0.016274745809530863,12:00-13:00
2026-08-14,2026-08-14 12:05:23-04:00,725,60,P,776.0,776.44,0.52,1.9230769230769247,0.2069696969698498,0.026656238340354667,12:00-13:00
2026-08-14,2026-08-14 12:10:21-04:00,730,15,C,776.0,776.2,0.85,1.176470588235295,0.10071428571427532,0.012975300916551831,12:00-13:00
2026-08-14,2026-08-14 12:10:21-04:00,730,15,P,776.0,776.2,0.63,1.5873015873015885,0.11813953488376683,0.015220244123134092,12:00-13:00
2026-08-14,2026-08-14 12:10:21-04:00,730,30,C,776.0,776.2,0.85,1.176470588235295,0.1611764705882024,0.02076481197992816,12:00-13:00
2026-08-14,2026-08-14 12:10:21-04:00,730,30,P,776.0,776.2,0.63,1.5873015873015885,0.18000000000006366,0.023189899510443656,12:00-13:00
2026-08-14,2026-08-14 12:10:21-04:00,730,60,C,776.0,776.2,0.85,1.176470588235295,0.13874999999995907,0.017875547539288723,12:00-13:00
2026-08-14,2026-08-14 12:10:21-04:00,730,60,P,776.0,776.2,0.63,1.5873015873015885,0.3014285714285734,0.038833879338904066,12:00-13:00
2026-08-14,2026-08-14 12:15:21-04:00,735,15,C,777.0,776.58,0.5,2.0000000000000018,0.1372413793103533,0.01767253590233502,12:00-13:00
2026-08-14,2026-08-14 12:15:21-04:00,735,15,P,777.0,776.58,0.89,1.1235955056179785,0.053913043478246436,0.006942368265760956,12:00-13:00
2026-08-14,2026-08-14 12:15:21-04:00,735,30,C,777.0,776.58,0.5,2.0000000000000018,0.06488372093019734,0.00835505948262862,12:00-13:00
2026-08-14,2026-08-14 12:15:21-04:00,735,30,P,777.0,776.58,0.89,1.1235955056179785,0.04894736842106795,0.006302939609707686,12:00-13:00
2026-08-14,2026-08-14 12:15:21-04:00,735,60,C,777.0,776.58,0.5,2.0000000000000018,0.20230769230772694,0.02605110771687745,12:00-13:00
2026-08-14,2026-08-14 12:15:21-04:00,735,60,P,777.0,776.58,0.89,1.1235955056179785,0.10666666666668334,0.013735438289253306,12:00-13:00
2026-08-14,2026-08-14 12:20:24-04:00,740,15,C,776.0,776.49,0.97,1.0309278350515474,0.048421052631510975,0.006235888759869537,12:00-13:00
2026-08-14,2026-08-14 12:20:24-04:00,740,15,P,776.0,776.49,0.46,2.1739130434782625,0.12999999999999545,0.016742005692281348,12:00-13:00
2026-08-14,2026-08-14 12:20:24-04:00,740,30,C,776.0,776.49,0.97,1.0309278350515474,0.027313432835853746,0.003517551138566336,12:00-13:00
2026-08-14,2026-08-14 12:20:24-04:00,740,30,P,776.0,776.49,0.46,2.1739130434782625,0.025151515151492276,0.003239129306429223,12:00-13:00
2026-08-14,2026-08-14 12:20:24-04:00,740,60,C,776.0,776.49,0.97,1.0309278350515474,0.09671641791044294,0.012455590916875033,12:00-13:00
2026-08-14,2026-08-14 12:20:24-04:00,740,60,P,776.0,776.49,0.46,2.1739130434782625,0.19636363636368515,0.025288623982753822,12:00-13:00
2026-08-14,2026-08-14 12:25:22-04:00,745,15,C,777.0,776.64,0.49,2.040816326530614,0.015294117647044914,0.001969267311372697,12:00-13:00
2026-08-14,2026-08-14 12:25:22-04:00,745,15,P,777.0,776.64,0.83,1.204819277108435,0.01999999999998181,0.002575195714871988,12:00-13:00
2026-08-14,2026-08-14 12:25:22-04:00,745,30,C,777.0,776.64,0.49,2.040816326530614,0.032307692307767866,0.004159931539422109,12:00-13:00
2026-08-14,2026-08-14 12:25:22-04:00,745,30,P,777.0,776.64,0.83,1.204819277108435,-0.0012903225806439877,-0.00016614165902399924,12:00-13:00
2026-08-14,2026-08-14 12:25:22-04:00,745,60,C,777.0,776.64,0.49,2.040816326530614,0.1355737704918738,0.017456449641001466,12:00-13:00
2026-08-14,2026-08-14 12:25:22-04:00,745,60,P,777.0,776.64,0.83,1.204819277108435,0.13289855072457613,0.017111988916946864,12:00-13:00
2026-08-14,2026-08-14 12:30:24-04:00,750,15,C,777.0,776.7,0.5,2.0000000000000018,-0.055116279069807206,-0.007096212059972603,12:00-13:00
2026-08-14,2026-08-14 12:30:24-04:00,750,15,P,777.0,776.7,0.78,1.2820512820512833,-0.024035087719312287,-0.0030945136757193617,12:00-13:00
2026-08-14,2026-08-14 12:30:24-04:00,750,30,C,777.0,776.7,0.5,2.0000000000000018,0.0016647058822627514,0.0002143306144280612,12:00-13:00
2026-08-14,2026-08-14 12:30:24-04:00,750,30,P,777.0,776.7,0.78,1.2820512820512833,0.0024076923077700485,0.0003099899971378973,12:00-13:00
2026-08-14,2026-08-14 12:30:24-04:00,750,60,C,777.0,776.7,0.5,2.0000000000000018,0.18054516129029707,0.023245160459675174,12:00-13:00
2026-08-14,2026-08-14 12:30:24-04:00,750,60,P,777.0,776.7,0.78,1.2820512820512833,0.11438571428573141,0.014727142305360038,12:00-13:00
2026-08-14,2026-08-14 12:35:23-04:00,755,15,C,776.0,776.375,0.88,1.1363636363636374,0.007985074626844835,0.0010285074386533356,12:00-13:00
2026-08-14,2026-08-14 12:35:23-04:00,755,15,P,776.0,776.375,0.48,2.0833333333333353,-0.029242424242397647,-0.003766533471891502,12:00-13:00
2026-08-14,2026-08-14 12:35:23-04:00,755,30,C,776.0,776.375,0.88,1.1363636363636374,0.024696969696947235,0.003181061947763289,12:00-13:00
2026-08-14,2026-08-14 12:35:23-04:00,755,30,P,776.0,776.375,0.48,2.0833333333333353,0.020757575757670566,0.002673653293533481,12:00-13:00
2026-08-14,2026-08-14 12:35:23-04:00,755,60,C,776.0,776.375,0.88,1.1363636363636374,0.12909836065568925,0.01662835107463394,12:00-13:00
2026-08-14,2026-08-14 12:35:23-04:00,755,60,P,776.0,776.375,0.48,2.0833333333333353,0.20394736842104066,0.026269182858932948,12:00-13:00
2026-08-14,2026-08-14 12:40:23-04:00,760,15,C,776.0,776.42,0.89,1.1235955056179785,-0.04945483870960743,-0.006369598762217284,12:00-13:00
2026-08-14,2026-08-14 12:40:23-04:00,760,15,P,776.0,776.42,0.44,2.2727272727272747,-0.10674210526315164,-0.013747985016247861,12:00-13:00
2026-08-14,2026-08-14 12:40:23-04:00,760,30,C,776.0,776.42,0.89,1.1235955056179785,-0.018749999999954525,-0.0024149300636195003,12:00-13:00
2026-08-14,2026-08-14 12:40:23-04:00,760,30,P,776.0,776.42,0.44,2.2727272727272747,-0.021428571428600662,-0.002759920072718459,12:00-13:00
2026-08-14,2026-08-14 12:40:23-04:00,760,60,C,776.0,776.42,0.89,1.1235955056179785,0.13439024390243048,0.01730896214708927,12:00-13:00
2026-08-14,2026-08-14 12:40:23-04:00,760,60,P,776.0,776.42,0.44,2.2727272727272747,0.12913043478260988,0.0166315183512287,12:00-13:00
2026-08-14,2026-08-14 12:45:32-04:00,765,15,C,776.0,776.11,0.71,1.4084507042253533,0.03212121212118291,0.004138744781175724,12:00-13:00
2026-08-14,2026-08-14 12:45:32-04:00,765,15,P,776.0,776.11,0.57,1.7543859649122628,0.028484848484936265,0.0036702076361516105,12:00-13:00
2026-08-14,2026-08-14 12:45:32-04:00,765,30,C,776.0,776.11,0.71,1.4084507042253533,0.08865671641785866,0.011423215319717392,12:00-13:00
2026-08-14,2026-08-14 12:45:32-04:00,765,30,P,776.0,776.11,0.57,1.7543859649122628,0.14969696969706092,0.01928811247079163,12:00-13:00
2026-08-14,2026-08-14 12:45:32-04:00,765,60,C,776.0,776.11,0.71,1.4084507042253533,0.14584905660376535,0.018792317661641435,12:00-13:00
2026-08-14,2026-08-14 12:45:32-04:00,765,60,P,776.0,776.11,0.57,1.7543859649122628,0.11173913043478478,0.01439733161984574,12:00-13:00
2026-08-14,2026-08-14 12:47:23-04:00,767,15,C,776.0,776.05,0.68,1.4705882352941189,0.046666666666624224,0.006013358245812026,12:00-13:00
2026-08-14,2026-08-14 12:47:23-04:00,767,15,P,776.0,776.05,0.59,1.6949152542372898,0.029090909090882633,0.003748586958428276,12:00-13:00
2026-08-14,2026-08-14 12:47:23-04:00,767,30,C,776.0,776.05,0.68,1.4705882352941189,0.10388059701494967,0.013385812385149113,12:00-13:00
2026-08-14,2026-08-14 12:47:23-04:00,767,30,P,776.0,776.05,0.59,1.6949152542372898,0.13562500000000455,0.017476322401907683,12:00-13:00
2026-08-14,2026-08-14 12:47:23-04:00,767,60,C,776.0,776.05,0.68,1.4705882352941189,0.1492452830188995,0.01923140042766568,12:00-13:00
2026-08-14,2026-08-14 12:47:23-04:00,767,60,P,776.0,776.05,0.59,1.6949152542372898,0.09521739130434526,0.012269491824540334,12:00-13:00
2026-08-14,2026-08-14 12:50:22-04:00,770,15,C,776.0,775.93,0.61,1.6393442622950833,0.060606060606005485,0.0078107639356650065,12:00-13:00
2026-08-14,2026-08-14 12:50:22-04:00,770,15,P,776.0,775.93,0.65,1.5384615384615397,0.04761904761903679,0.00613702880659812,12:00-13:00
2026-08-14,2026-08-14 12:50:22-04:00,770,30,C,776.0,775.93,0.61,1.6393442622950833,0.11940298507465741,0.015388370738940034,12:00-13:00
2026-08-14,2026-08-14 12:50:22-04:00,770,30,P,776.0,775.93,0.65,1.5384615384615397,0.109375,0.014095988040158262,12:00-13:00
2026-08-14,2026-08-14 12:50:22-04:00,770,60,C,776.0,775.93,0.61,1.6393442622950833,0.1371698113207458,0.017678116752895982,12:00-13:00
2026-08-14,2026-08-14 12:50:22-04:00,770,60,P,776.0,775.93,0.65,1.5384615384615397,0.1056521739129721,0.013616199130459205,12:00-13:00
2026-08-14,2026-08-14 12:55:22-04:00,775,15,C,776.0,775.98,0.62,1.6129032258064528,-0.0006250000000136424,-8.05433129737419e-05,12:00-13:00
2026-08-14,2026-08-14 12:55:22-04:00,775,15,P,776.0,775.98,0.63,1.5873015873015885,0.08142857142854609,0.010493643061489482,12:00-13:00
2026-08-14,2026-08-14 12:55:22-04:00,775,30,C,776.0,775.98,0.62,1.6129032258064528,0.008688524590183988,0.001119684088531146,12:00-13:00
2026-08-14,2026-08-14 12:55:22-04:00,775,30,P,776.0,775.98,0.63,1.5873015873015885,0.11210526315790048,0.014446926874133416,12:00-13:00
2026-08-14,2026-08-14 12:55:22-04:00,775,60,C,776.0,775.98,0.62,1.6129032258064528,0.1310344827585368,0.016886322167908554,12:00-13:00
2026-08-14,2026-08-14 12:55:22-04:00,775,60,P,776.0,775.98,0.63,1.5873015873015885,0.17804878048787032,0.022945021841783333,12:00-13:00
2026-08-14,2026-08-14 13:00:25-04:00,780,15,C,776.0,775.7899,0.54,1.8518518518518534,0.09497179487186713,0.012241947835601768,12:00-13:00
2026-08-14,2026-08-14 13:00:25-04:00,780,15,P,776.0,775.7899,0.73,1.3698630136986314,0.04989999999997963,0.006432153860211332,12:00-13:00
2026-08-14,2026-08-14 13:00:25-04:00,780,30,C,776.0,775.7899,0.54,1.8518518518518534,0.1551612903225532,0.020000426703486757,12:00-13:00
2026-08-14,2026-08-14 13:00:25-04:00,780,30,P,776.0,775.7899,0.73,1.3698630136986314,0.13285714285711947,0.017125402490689744,12:00-13:00
2026-08-14,2026-08-14 13:00:25-04:00,780,60,C,776.0,775.7899,0.54,1.8518518518518534,0.21977741935484119,0.02832950253088384,12:00-13:00
2026-08-14,2026-08-14 13:00:25-04:00,780,60,P,776.0,775.7899,0.73,1.3698630136986314,0.16798219178087948,0.02165305217055281,12:00-13:00
2026-08-14,2026-08-14 13:05:25-04:00,785,15,C,776.0,775.93,0.58,1.7241379310344844,-0.0068852459015715795,-0.0008873540012077868,13:00-14:00
2026-08-14,2026-08-14 13:05:25-04:00,785,15,P,776.0,775.93,0.63,1.5873015873015885,0.06210526315783227,0.008003977569862266,13:00-14:00
2026-08-14,2026-08-14 13:05:25-04:00,785,30,C,776.0,775.93,0.58,1.7241379310344844,0.08229508196723145,0.010605993062161725,13:00-14:00
2026-08-14,2026-08-14 13:05:25-04:00,785,30,P,776.0,775.93,0.63,1.5873015873015885,0.15368421052630765,0.019806452969508545,13:00-14:00
2026-08-14,2026-08-14 13:05:25-04:00,785,60,C,776.0,775.93,0.58,1.7241379310344844,0.2044029850746938,0.026342967158724858,13:00-14:00
2026-08-14,2026-08-14 13:05:25-04:00,785,60,P,776.0,775.93,0.63,1.5873015873015885,0.12395522388055724,0.01597505237335291,13:00-14:00
2026-08-14,2026-08-14 13:10:25-04:00,790,15,C,776.0,775.87,0.56,1.785714285714287,0.020327868852518804,0.00262000964755936,13:00-14:00
2026-08-14,2026-08-14 13:10:25-04:00,790,15,P,776.0,775.87,0.65,1.5384615384615397,0.05473684210528518,0.007054898643495067,13:00-14:00
2026-08-14,2026-08-14 13:10:25-04:00,790,30,C,776.0,775.87,0.56,1.785714285714287,0.08592592592594883,0.01107478391044232,13:00-14:00
2026-08-14,2026-08-14 13:10:25-04:00,790,30,P,776.0,775.87,0.65,1.5384615384615397,0.03565217391303577,0.0045951221097652655,13:00-14:00
2026-08-14,2026-08-14 13:10:25-04:00,790,60,C,776.0,775.87,0.56,1.785714285714287,0.23500000000001364,0.03028857927230253,13:00-14:00
2026-08-14,2026-08-14 13:10:25-04:00,790,60,P,776.0,775.87,0.65,1.5384615384615397,0.09833333333335759,0.012673944518199903,13:00-14:00
2026-08-14,2026-08-14 13:15:25-04:00,795,15,C,776.0,776.09,0.63,1.5873015873015885,0.00022258064507241215,2.8679746559343907e-05,13:00-14:00
2026-08-14,2026-08-14 13:15:25-04:00,795,15,P,776.0,776.09,0.53,1.8867924528301903,0.019829729729735845,0.002555081205753952,13:00-14:00
2026-08-14,2026-08-14 13:15:25-04:00,795,30,C,776.0,776.09,0.63,1.5873015873015885,0.014905660377280583,0.0019206097717121187,13:00-14:00
2026-08-14,2026-08-14 13:15:25-04:00,795,30,P,776.0,776.09,0.53,1.8867924528301903,0.004782608695677482,0.0006162440819592421,13:00-14:00
2026-08-14,2026-08-14 13:15:25-04:00,795,60,C,776.0,776.09,0.63,1.5873015873015885,0.16054054054052358,0.020685814859168854,13:00-14:00
2026-08-14,2026-08-14 13:15:25-04:00,795,60,P,776.0,776.09,0.53,1.8867924528301903,0.15118644067797504,0.019480529407410872,13:00-14:00
2026-08-14,2026-08-14 13:20:24-04:00,800,15,C,776.0,775.93,0.54,1.8518518518518534,0.016721311475407674,0.0021550025743826986,13:00-14:00
2026-08-14,2026-08-14 13:20:24-04:00,800,15,P,776.0,775.93,0.59,1.6949152542372898,0.048421052631510975,0.006240389291754537,13:00-14:00
2026-08-14,2026-08-14 13:20:24-04:00,800,30,C,776.0,775.93,0.54,1.8518518518518534,0.005094339622701227,0.0006565462893174935,13:00-14:00
2026-08-14,2026-08-14 13:20:24-04:00,800,30,P,776.0,775.93,0.59,1.6949152542372898,-0.02478260869565929,-0.003193923252826839,13:00-14:00
2026-08-14,2026-08-14 13:20:24-04:00,800,60,C,776.0,775.93,0.54,1.8518518518518534,0.20277777777789652,0.026133514334784908,13:00-14:00
2026-08-14,2026-08-14 13:20:24-04:00,800,60,P,776.0,775.93,0.59,1.6949152542372898,0.12187499999993179,0.015706958101881843,13:00-14:00
2026-08-14,2026-08-14 13:25:25-04:00,805,15,C,776.0,775.71,0.46,2.1739130434782625,0.06074074074069813,0.007830341331257573,13:00-14:00
2026-08-14,2026-08-14 13:25:25-04:00,805,15,P,776.0,775.71,0.7,1.42857142857143,-0.01565217391294027,-0.0020177867905454704,13:00-14:00
2026-08-14,2026-08-14 13:25:25-04:00,805,30,C,776.0,775.71,0.46,2.1739130434782625,0.12517241379305233,0.01613649608655971,13:00-14:00
2026-08-14,2026-08-14 13:25:25-04:00,805,30,P,776.0,775.71,0.7,1.42857142857143,0.056666666666728815,0.007305135510271727,13:00-14:00
2026-08-14,2026-08-14 13:25:25-04:00,805,60,C,776.0,775.71,0.46,2.1739130434782625,0.22731707317075234,0.029304388646627263,13:00-14:00
2026-08-14,2026-08-14 13:25:25-04:00,805,60,P,776.0,775.71,0.7,1.42857142857143,0.09666666666669244,0.012461701752806129,13:00-14:00
2026-08-14,2026-08-14 13:30:25-04:00,810,15,C,776.0,775.7999,0.46,2.1739130434782625,-0.015749056603794997,-0.002030041071646825,13:00-14:00
2026-08-14,2026-08-14 13:30:25-04:00,810,15,P,776.0,775.7999,0.64,1.5625000000000013,-0.0461869565217512,-0.005953462551587233,13:00-14:00
2026-08-14,2026-08-14 13:30:25-04:00,810,30,C,776.0,775.7999,0.46,2.1739130434782625,0.08074516129033782,0.010407988102387977,13:00-14:00
2026-08-14,2026-08-14 13:30:25-04:00,810,30,P,776.0,775.7999,0.64,1.5625000000000013,0.05469452054796875,0.007050080896887039,13:00-14:00
2026-08-14,2026-08-14 13:30:25-04:00,810,60,C,776.0,775.7999,0.46,2.1739130434782625,0.22418450704230963,0.02889720751991714,13:00-14:00
2026-08-14,2026-08-14 13:30:25-04:00,810,60,P,776.0,775.7999,0.64,1.5625000000000013,0.11825820895523975,0.015243390590181791,13:00-14:00
2026-08-14,2026-08-14 13:35:25-04:00,815,15,C,776.0,775.75,0.43,2.325581395348839,0.033448275862042465,0.004311733917117946,13:00-14:00
2026-08-14,2026-08-14 13:35:25-04:00,815,15,P,776.0,775.75,0.65,1.5384615384615397,-0.0031707317073141894,-0.0004087311256608687,13:00-14:00
2026-08-14,2026-08-14 13:35:25-04:00,815,30,C,776.0,775.75,0.43,2.325581395348839,0.052878787878739786,0.006816472817111155,13:00-14:00
2026-08-14,2026-08-14 13:35:25-04:00,815,30,P,776.0,775.75,0.65,1.5384615384615397,-0.026194029850785228,-0.003376607135131838,13:00-14:00
2026-08-14,2026-08-14 13:35:25-04:00,815,60,C,776.0,775.75,0.43,2.325581395348839,0.19970149253731506,0.025743021919086697,13:00-14:00
2026-08-14,2026-08-14 13:35:25-04:00,815,60,P,776.0,775.75,0.65,1.5384615384615397,0.11352112676058823,0.014633725653959167,13:00-14:00
2026-08-14,2026-08-14 13:40:27-04:00,820,15,C,776.0,775.53,0.34,2.9411764705882377,0.010740740740743604,0.001384954900615528,13:00-14:00
2026-08-14,2026-08-14 13:40:27-04:00,820,15,P,776.0,775.53,0.8,1.250000000000001,0.0039726027397364305,0.0005122435933795508,13:00-14:00
2026-08-14,2026-08-14 13:40:27-04:00,820,30,C,776.0,775.53,0.34,2.9411764705882377,-0.00394736842099519,-0.000508989777441903,13:00-14:00
2026-08-14,2026-08-14 13:40:27-04:00,820,30,P,776.0,775.53,0.8,1.250000000000001,-0.003571428571490287,-0.00046051456055733333,13:00-14:00
2026-08-14,2026-08-14 13:40:27-04:00,820,60,C,776.0,775.53,0.34,2.9411764705882377,0.21310344827588779,0.02747842743361157,13:00-14:00
2026-08-14,2026-08-14 13:40:27-04:00,820,60,P,776.0,775.53,0.8,1.250000000000001,0.10112676056326109,0.013039696796160186,13:00-14:00
2026-08-14,2026-08-14 13:43:26-04:00,823,15,C,776.0,775.505,0.33,3.030303030303033,-0.0012962962963456448,-0.00016715511780654473,13:00-14:00
2026-08-14,2026-08-14 13:43:26-04:00,823,15,P,776.0,775.505,0.81,1.234567901234569,-0.007328767123226498,-0.0009450315759700451,13:00-14:00
2026-08-14,2026-08-14 13:43:26-04:00,823,30,C,776.0,775.505,0.33,3.030303030303033,0.030000000000086402,0.0038684470119581954,13:00-14:00
2026-08-14,2026-08-14 13:43:26-04:00,823,30,P,776.0,775.505,0.81,1.234567901234569,0.04076271186431768,0.005256279697012615,13:00-14:00
2026-08-14,2026-08-14 13:43:26-04:00,823,60,C,776.0,775.505,0.33,3.030303030303033,0.20785714285705126,0.026802811439907065,13:00-14:00
2026-08-14,2026-08-14 13:43:26-04:00,823,60,P,776.0,775.505,0.81,1.234567901234569,0.08500000000003638,0.01096059986718801,13:00-14:00
2026-08-14,2026-08-14 13:45:23-04:00,825,15,C,776.0,775.675,0.38,2.6315789473684235,0.013888888888914153,0.001790555179542225,13:00-14:00
2026-08-14,2026-08-14 13:45:23-04:00,825,15,P,776.0,775.675,0.7,1.42857142857143,0.011986301369915964,0.0015452736481021,13:00-14:00
2026-08-14,2026-08-14 13:45:23-04:00,825,30,C,776.0,775.675,0.38,2.6315789473684235,-0.01499999999987267,-0.0019337995938856702,13:00-14:00
2026-08-14,2026-08-14 13:45:23-04:00,825,30,P,776.0,775.675,0.7,1.42857142857143,0.024322033898215523,0.0031355959516827956,13:00-14:00
2026-08-14,2026-08-14 13:45:23-04:00,825,60,C,776.0,775.675,0.38,2.6315789473684235,0.18071428571431625,0.02329768082177668,13:00-14:00
2026-08-14,2026-08-14 13:45:23-04:00,825,60,P,776.0,775.675,0.7,1.42857142857143,0.08312499999999545,0.010716472749540138,13:00-14:00
2026-08-14,2026-08-14 13:50:24-04:00,830,15,C,776.0,775.52,0.33,3.030303030303033,-0.020151515151496824,-0.0025984520259305787,13:00-14:00
2026-08-14,2026-08-14 13:50:24-04:00,830,15,P,776.0,775.52,0.8,1.250000000000001,-0.0323134328358492,-0.00416667949709217,13:00-14:00
2026-08-14,2026-08-14 13:50:24-04:00,830,30,C,776.0,775.52,0.33,3.030303030303033,0.057222222222208075,0.007378561767872921,13:00-14:00
2026-08-14,2026-08-14 13:50:24-04:00,830,30,P,776.0,775.52,0.8,1.250000000000001,0.03999999999996362,0.00515782958530581,13:00-14:00
2026-08-14,2026-08-14 13:50:24-04:00,830,60,C,776.0,775.52,0.33,3.030303030303033,0.18111111111113587,0.02335350617793685,13:00-14:00
2026-08-14,2026-08-14 13:50:24-04:00,830,60,P,776.0,775.52,0.8,1.250000000000001,0.1527272727272475,0.019693531143909572,13:00-14:00
2026-08-14,2026-08-14 13:55:26-04:00,835,15,C,776.0,775.68,0.38,2.6315789473684235,-0.04868421052628946,-0.006276326645819084,13:00-14:00
2026-08-14,2026-08-14 13:55:26-04:00,835,15,P,776.0,775.68,0.69,1.449275362318826,-0.028174603174647928,-0.0036322456650484647,13:00-14:00
2026-08-14,2026-08-14 13:55:26-04:00,835,30,C,776.0,775.68,0.38,2.6315789473684235,0.06219512195127663,0.008018141753207074,13:00-14:00
2026-08-14,2026-08-14 13:55:26-04:00,835,30,P,776.0,775.68,0.69,1.449275362318826,0.049999999999954525,0.006445957095703709,13:00-14:00
2026-08-14,2026-08-14 13:55:26-04:00,835,60,C,776.0,775.68,0.38,2.6315789473684235,0.18097560975604665,0.023331220317147107,13:00-14:00
2026-08-14,2026-08-14 13:55:26-04:00,835,60,P,776.0,775.68,0.69,1.449275362318826,0.12137931034487792,0.015648116535798,13:00-14:00
2026-08-14,2026-08-14 14:00:26-04:00,840,15,C,776.0,775.8,0.42,2.380952380952383,-0.03999999999996362,-0.005155968032993507,13:00-14:00
2026-08-14,2026-08-14 14:00:26-04:00,840,15,P,776.0,775.8,0.61,1.6393442622950833,-0.003220338983169313,-0.00041509912131597234,13:00-14:00
2026-08-14,2026-08-14 14:00:26-04:00,840,30,C,776.0,775.8,0.42,2.380952380952383,0.11909090909091447,0.015350723007336229,13:00-14:00
2026-08-14,2026-08-14 14:00:26-04:00,840,30,P,776.0,775.8,0.61,1.6393442622950833,0.07358208955224654,0.009484672538314842,13:00-14:00
2026-08-14,2026-08-14 14:00:26-04:00,840,60,C,776.0,775.8,0.42,2.380952380952383,0.22081081081091725,0.02846233704703754,13:00-14:00
2026-08-14,2026-08-14 14:00:26-04:00,840,60,P,776.0,775.8,0.61,1.6393442622950833,0.12225806451601784,0.015758966810520476,13:00-14:00
2026-08-14,2026-08-14 14:05:26-04:00,845,15,C,776.0,776.015,0.51,1.960784313725492,0.06222222222220353,0.008018172615504022,14:00-15:00
2026-08-14,2026-08-14 14:05:26-04:00,845,15,P,776.0,776.015,0.5,2.0000000000000018,0.06624999999996817,0.00853720611070252,14:00-15:00
2026-08-14,2026-08-14 14:05:26-04:00,845,30,C,776.0,776.015,0.51,1.960784313725492,0.05410447761198611,0.006972091726575661,14:00-15:00
2026-08-14,2026-08-14 14:05:26-04:00,845,30,P,776.0,776.015,0.5,2.0000000000000018,0.16725352112678138,0.02155287219020011,14:00-15:00
2026-08-14,2026-08-14 14:05:26-04:00,845,60,C,776.0,776.015,0.51,1.960784313725492,0.17364864864862284,0.022376970631833512,14:00-15:00
2026-08-14,2026-08-14 14:05:26-04:00,845,60,P,776.0,776.015,0.5,2.0000000000000018,0.19558823529416713,0.025204182302425486,14:00-15:00
2026-08-14,2026-08-14 14:10:27-04:00,850,15,C,776.0,776.105,0.57,1.7543859649122628,0.10060975609758316,0.012963420683745518,14:00-15:00
2026-08-14,2026-08-14 14:10:27-04:00,850,15,P,776.0,776.105,0.45,2.222222222222224,0.07500000000004547,0.009663640873341298,14:00-15:00
2026-08-14,2026-08-14 14:10:27-04:00,850,30,C,776.0,776.105,0.57,1.7543859649122628,0.09137681159427302,0.011773769218633177,14:00-15:00
2026-08-14,2026-08-14 14:10:27-04:00,850,30,P,776.0,776.105,0.45,2.222222222222224,0.18316901408445574,0.023601060949801345,14:00-15:00
2026-08-14,2026-08-14 14:10:27-04:00,850,60,C,776.0,776.105,0.57,1.7543859649122628,0.2168181818180983,0.027936707251995326,14:00-15:00
2026-08-14,2026-08-14 14:10:27-04:00,850,60,P,776.0,776.105,0.45,2.222222222222224,0.21873134328359356,0.02818321532313199,14:00-15:00
2026-08-14,2026-08-14 14:15:27-04:00,855,15,C,776.0,776.21,0.61,1.6393442622950833,0.008358208955201007,0.0010767973815334778,14:00-15:00
2026-08-14,2026-08-14 14:15:27-04:00,855,15,P,776.0,776.21,0.38,2.6315789473684235,0.03875000000005002,0.004992205717531341,14:00-15:00
2026-08-14,2026-08-14 14:15:27-04:00,855,30,C,776.0,776.21,0.61,1.6393442622950833,0.11789473684200402,0.015188510434290207,14:00-15:00
2026-08-14,2026-08-14 14:15:27-04:00,855,30,P,776.0,776.21,0.38,2.6315789473684235,0.11812500000007731,0.015218175493755207,14:00-15:00
2026-08-14,2026-08-14 14:15:27-04:00,855,60,C,776.0,776.21,0.61,1.6393442622950833,0.16947368421051578,0.021833483749309567,14:00-15:00
2026-08-14,2026-08-14 14:15:27-04:00,855,60,P,776.0,776.21,0.38,2.6315789473684235,0.22294117647061285,0.02872176040898891,14:00-15:00
2026-08-14,2026-08-14 14:20:26-04:00,860,15,C,776.0,776.105,0.53,1.8867924528301903,-0.006044776119438211,-0.0007788606077062009,14:00-15:00
2026-08-14,2026-08-14 14:20:26-04:00,860,15,P,776.0,776.105,0.41,2.4390243902438913,0.027500000000031832,0.003543334986893762,14:00-15:00
2026-08-14,2026-08-14 14:20:26-04:00,860,30,C,776.0,776.105,0.53,1.8867924528301903,0.040555555555556566,0.005225524324100034,14:00-15:00
2026-08-14,2026-08-14 14:20:26-04:00,860,30,P,776.0,776.105,0.41,2.4390243902438913,0.029814814814812962,0.00384159550767138,14:00-15:00
2026-08-14,2026-08-14 14:20:26-04:00,860,60,C,776.0,776.105,0.53,1.8867924528301903,0.16878378378373782,0.0217475449563832,14:00-15:00
2026-08-14,2026-08-14 14:20:26-04:00,860,60,P,776.0,776.105,0.41,2.4390243902438913,0.22310810810813564,0.02874715510248428,14:00-15:00
2026-08-14,2026-08-14 14:25:28-04:00,865,15,C,776.0,776.23,0.59,1.6949152542372898,-0.004637681159351814,-0.0005974622417777996,14:00-15:00
2026-08-14,2026-08-14 14:25:28-04:00,865,15,P,776.0,776.23,0.34,2.9411764705882377,-0.010322580645151902,-0.0013298353123625604,14:00-15:00
2026-08-14,2026-08-14 14:25:28-04:00,865,30,C,776.0,776.23,0.59,1.6949152542372898,0.10749999999995907,0.013848988057658048,14:00-15:00
2026-08-14,2026-08-14 14:25:28-04:00,865,30,P,776.0,776.23,0.34,2.9411764705882377,0.06793103448285365,0.008751405444630283,14:00-15:00
2026-08-14,2026-08-14 14:25:28-04:00,865,60,C,776.0,776.23,0.59,1.6949152542372898,0.16170731707313735,0.020832397237047953,14:00-15:00
2026-08-14,2026-08-14 14:25:28-04:00,865,60,P,776.0,776.23,0.34,2.9411764705882377,0.23176470588236953,0.029857736222816633,14:00-15:00
2026-08-14,2026-08-14 14:30:26-04:00,870,15,C,776.0,776.01,0.46,2.1739130434782625,0.0742857142856792,0.00957277796493334,14:00-15:00
2026-08-14,2026-08-14 14:30:26-04:00,870,15,P,776.0,776.01,0.43,2.325581395348839,-0.0037499999999681677,-0.0004832411953413188,14:00-15:00
2026-08-14,2026-08-14 14:30:26-04:00,870,30,C,776.0,776.01,0.46,2.1739130434782625,0.11891891891900741,0.01532440547402835,14:00-15:00
2026-08-14,2026-08-14 14:30:26-04:00,870,30,P,776.0,776.01,0.43,2.325581395348839,0.0419354838709296,0.005403987560847103,14:00-15:00
2026-08-14,2026-08-14 14:30:26-04:00,870,60,C,776.0,776.01,0.46,2.1739130434782625,0.2671428571428578,0.03442518229698816,14:00-15:00
2026-08-14,2026-08-14 14:30:26-04:00,870,60,P,776.0,776.01,0.43,2.325581395348839,0.17823529411771233,0.02296816975524959,14:00-15:00
2026-08-14,2026-08-14 14:35:28-04:00,875,15,C,776.0,775.89,0.4,2.500000000000002,-0.03333333333330302,-0.004296141635193522,14:00-15:00
2026-08-14,2026-08-14 14:35:28-04:00,875,15,P,776.0,775.89,0.48,2.0833333333333353,-0.055555555555542924,-0.007160236058660754,14:00-15:00
2026-08-14,2026-08-14 14:35:28-04:00,875,30,C,776.0,775.89,0.4,2.500000000000002,0.14999999999997726,0.0193326373583855,14:00-15:00
2026-08-14,2026-08-14 14:35:28-04:00,875,30,P,776.0,775.89,0.48,2.0833333333333353,0.04117647058831153,0.005306998490547827,14:00-15:00
2026-08-14,2026-08-14 14:35:28-04:00,875,60,C,776.0,775.89,0.4,2.500000000000002,0.29473684210529427,0.03798693656385496,14:00-15:00
2026-08-14,2026-08-14 14:35:28-04:00,875,60,P,776.0,775.89,0.48,2.0833333333333353,0.1396825396825534,0.01800287923321004,14:00-15:00
2026-08-14,2026-08-14 14:37:28-04:00,877,15,C,776.0,775.9,0.39,2.5641025641025665,-0.014634146341450105,-0.001886086653106084,14:00-15:00
2026-08-14,2026-08-14 14:37:28-04:00,877,15,P,776.0,775.9,0.48,2.0833333333333353,-0.020689655172418497,-0.0026665363026702536,14:00-15:00
2026-08-14,2026-08-14 14:37:28-04:00,877,30,C,776.0,775.9,0.39,2.5641025641025665,0.11878787878788444,0.01530968923674242,14:00-15:00
2026-08-14,2026-08-14 14:37:28-04:00,877,30,P,776.0,775.9,0.48,2.0833333333333353,0.05850746268652074,0.007540593206150373,14:00-15:00
2026-08-14,2026-08-14 14:37:28-04:00,877,60,C,776.0,775.9,0.39,2.5641025641025665,0.3135294117647618,0.04040848199056087,14:00-15:00
2026-08-14,2026-08-14 14:37:28-04:00,877,60,P,776.0,775.9,0.48,2.0833333333333353,0.1805882352940671,0.023274679120256103,14:00-15:00
2026-08-14,2026-08-14 14:40:28-04:00,880,15,C,776.0,775.95,0.41,2.4390243902438913,-0.015853658536684634,-0.0020431288790108424,14:00-15:00
2026-08-14,2026-08-14 14:40:28-04:00,880,15,P,776.0,775.95,0.44,2.2727272727272747,-0.03965517241374528,-0.005110531917487632,14:00-15:00
2026-08-14,2026-08-14 14:40:28-04:00,880,30,C,776.0,775.95,0.41,2.4390243902438913,0.1293939393939354,0.016675551181639978,14:00-15:00
2026-08-14,2026-08-14 14:40:28-04:00,880,30,P,776.0,775.95,0.44,2.2727272727272747,0.04880597014926025,0.006289834415781976,14:00-15:00
2026-08-14,2026-08-14 14:40:28-04:00,880,60,C,776.0,775.95,0.41,2.4390243902438913,0.28705882352937806,0.036994500100441786,14:00-15:00
2026-08-14,2026-08-14 14:40:28-04:00,880,60,P,776.0,775.95,0.44,2.2727272727272747,0.1717647058823104,0.022136053338786054,14:00-15:00
2026-08-14,2026-08-14 14:45:27-04:00,885,15,C,776.0,776.17,0.5,2.0000000000000018,0.05265822784815555,0.00678436783799368,14:00-15:00
2026-08-14,2026-08-14 14:45:27-04:00,885,15,P,776.0,776.17,0.34,2.9411764705882377,0.05677419354833546,0.0073146596168797385,14:00-15:00
2026-08-14,2026-08-14 14:45:27-04:00,885,30,C,776.0,776.17,0.5,2.0000000000000018,0.06473684210538977,0.008340549377763863,14:00-15:00
2026-08-14,2026-08-14 14:45:27-04:00,885,30,P,776.0,776.17,0.34,2.9411764705882377,0.12411764705871065,0.01599103895521737,14:00-15:00
2026-08-14,2026-08-14 14:45:27-04:00,885,60,C,776.0,776.17,0.5,2.0000000000000018,0.16476190476191732,0.02122755385571683,14:00-15:00
2026-08-14,2026-08-14 14:45:27-04:00,885,60,P,776.0,776.17,0.34,2.9411764705882377,0.22880597014921022,0.029478847436671122,14:00-15:00
2026-08-14,2026-08-14 14:50:28-04:00,890,15,C,776.0,776.39,0.65,1.5384615384615397,-0.012162162162212553,-0.001566501650228951,14:00-15:00
2026-08-14,2026-08-14 14:50:28-04:00,890,15,P,776.0,776.39,0.25,4.0000000000000036,-0.03461538461533564,-0.004458504696780696,14:00-15:00
2026-08-14,2026-08-14 14:50:28-04:00,890,30,C,776.0,776.39,0.65,1.5384615384615397,0.045945945945959465,0.005917895123064371,14:00-15:00
2026-08-14,2026-08-14 14:50:28-04:00,890,30,P,776.0,776.39,0.25,4.0000000000000036,0.0923076923077133,0.011889345858101379,14:00-15:00
2026-08-14,2026-08-14 14:50:28-04:00,890,60,C,776.0,776.39,0.65,1.5384615384615397,0.18142857142856883,0.023368226204429327,14:00-15:00
2026-08-14,2026-08-14 14:50:28-04:00,890,60,P,776.0,776.39,0.25,4.0000000000000036,0.32461538461541295,0.04181086626765066,14:00-15:00
2026-08-14,2026-08-14 14:55:29-04:00,895,15,C,776.0,776.3,0.57,1.7543859649122628,0.0268421052631993,0.0034576974446991248,14:00-15:00
2026-08-14,2026-08-14 14:55:29-04:00,895,15,P,776.0,776.3,0.27,3.703703703703707,0.04333333333329392,0.005582034436853527,14:00-15:00
2026-08-14,2026-08-14 14:55:29-04:00,895,30,C,776.0,776.3,0.57,1.7543859649122628,0.1080952380951885,0.013924415573256282,14:00-15:00
2026-08-14,2026-08-14 14:55:29-04:00,895,30,P,776.0,776.3,0.27,3.703703703703707,0.23294117647060375,0.030006592357413858,14:00-15:00
2026-08-14,2026-08-14 15:00:30-04:00,900,15,C,776.0,776.21,0.51,3.921568627450984,0.036756756756744835,0.004735413967450153,14:00-15:00
2026-08-14,2026-08-14 15:00:30-04:00,900,15,P,776.0,776.21,0.29,3.4482758620689493,0.06615384615383846,0.008522673780785929,14:00-15:00
2026-08-14,2026-08-14 15:00:30-04:00,900,30,C,776.0,776.21,0.51,3.921568627450984,0.16139534883711804,0.02079274279346028,14:00-15:00
2026-08-14,2026-08-14 15:00:30-04:00,900,30,P,776.0,776.21,0.29,3.4482758620689493,0.15809523809525672,0.02036758584600259,14:00-15:00
2026-08-14,2026-08-14 15:05:28-04:00,905,15,C,776.0,776.04,0.41,2.4390243902438913,0.07162162162171626,0.009229114687608404,15:00-16:00
2026-08-14,2026-08-14 15:05:28-04:00,905,15,P,776.0,776.04,0.36,2.7777777777777803,0.09054054054047356,0.011666994039028086,15:00-16:00
2026-08-14,2026-08-14 15:05:28-04:00,905,30,C,776.0,776.04,0.41,2.4390243902438913,0.17105263157895934,0.02204172872261215,15:00-16:00
2026-08-14,2026-08-14 15:05:28-04:00,905,30,P,776.0,776.04,0.36,2.7777777777777803,0.09920634920638349,0.012783664399564906,15:00-16:00
2026-08-14,2026-08-14 15:10:28-04:00,910,15,C,776.0,776.14,0.44,2.2727272727272747,0.0687804878048155,0.008861866133019236,15:00-16:00
2026-08-14,2026-08-14 15:10:28-04:00,910,15,P,776.0,776.14,0.29,3.4482758620689493,0.06823529411769869,0.008791621887507239,15:00-16:00
2026-08-14,2026-08-14 15:10:28-04:00,910,30,C,776.0,776.14,0.44,2.2727272727272747,0.1323529411765776,0.01705271486801062,15:00-16:00
2026-08-14,2026-08-14 15:10:28-04:00,910,30,P,776.0,776.14,0.29,3.4482758620689493,0.14117647058822058,0.01818956252586139,15:00-16:00
2026-08-14,2026-08-14 15:15:29-04:00,915,15,C,776.0,776.09,0.4,2.500000000000002,0.11571428571426168,0.014909905515373434,15:00-16:00
2026-08-14,2026-08-14 15:15:29-04:00,915,15,P,776.0,776.09,0.32,3.1250000000000027,0.09647058823532006,0.012430335171864095,15:00-16:00
2026-08-14,2026-08-14 15:15:29-04:00,915,30,C,776.0,776.09,0.4,2.500000000000002,0.12571428571425258,0.01619841586855295,15:00-16:00
2026-08-14,2026-08-14 15:15:29-04:00,915,30,P,776.0,776.09,0.32,3.1250000000000027,0.11895522388067548,0.015327503753517695,15:00-16:00
2026-08-14,2026-08-14 15:20:29-04:00,920,15,C,776.0,775.99,0.33,3.030303030303033,0.010526315789434193,0.001356501474172888,15:00-16:00
2026-08-14,2026-08-14 15:20:29-04:00,920,15,P,776.0,775.99,0.34,2.9411764705882377,0.01746031746040444,0.002250069905592139,15:00-16:00
2026-08-14,2026-08-14 15:20:29-04:00,920,30,C,776.0,775.99,0.33,3.030303030303033,0.1129411764705992,0.014554462875887473,15:00-16:00
2026-08-14,2026-08-14 15:20:29-04:00,920,30,P,776.0,775.99,0.34,2.9411764705882377,0.06307692307689194,0.008128574218339403,15:00-16:00
2026-08-14,2026-08-14 15:25:28-04:00,925,15,C,776.0,776.16,0.41,2.4390243902438913,0.07705882352945537,0.009928213709731933,15:00-16:00
2026-08-14,2026-08-14 15:25:28-04:00,925,15,P,776.0,776.16,0.24,4.166666666666659,0.0876470588234497,0.01129239574616699,15:00-16:00
2026-08-14,2026-08-14 15:30:29-04:00,930,15,C,776.0,776.17,0.38,2.6315789473684235,0.021904761904806946,0.0028221603392049356,15:00-16:00
2026-08-14,2026-08-14 15:30:29-04:00,930,15,P,776.0,776.17,0.21,4.761904761904753,0.0347761194029772,0.004480477138124019,15:00-16:00
